# tiempo	mean_var1	std_var1	mean_var2	std_var2	mean_var3	std_var3	mean_var4	std_var4	mean_var5	std_var5	mean_var6	std_var6	mean_var7	std_var7	mean_var8	std_var8	mean_var9	std_var9	mean_var10	std_var10	mean_var11	std_var11
1573	0.858854	0.024793	0.119130	0.106111	0.198158	0.176534	632.000000	199.223493	0.858063	0.023052	0.107577	0.096012	0.194271	0.174650	633.000000	199.223493	0.857253	0.021111	0.091383	0.082251	0.189632	0.171895
1576	0.852469	0.020630	0.081401	0.072425	0.185040	0.168625	635.000000	199.223493	0.850039	0.018950	0.072558	0.063888	0.182475	0.164105	636.000000	199.223493	0.850887	0.017961	0.058858	0.052530	0.178463	0.159608
1579	0.852354	0.017288	0.057626	0.051995	0.172300	0.155124	638.000000	199.223493	0.848360	0.017050	0.053568	0.048271	0.166474	0.150347	639.000000	199.223493	0.848727	0.016422	0.044269	0.039198	0.162481	0.146111
1582	0.846547	0.016086	0.041776	0.037174	0.157726	0.141119	641.000000	199.223493	0.846740	0.015527	0.035147	0.031751	0.152209	0.135843	642.000000	199.223493	0.844888	0.012783	0.023375	0.021891	0.144377	0.129845
1585	0.843943	0.013333	0.019357	0.018233	0.138060	0.124392	644.000000	199.223493	0.846605	0.012086	0.019445	0.018610	0.131877	0.118657	645.000000	199.223493	0.846489	0.012710	0.016556	0.015968	0.126910	0.113885
1588	0.846026	0.013089	0.013680	0.012046	0.119801	0.110412	647.000000	199.223493	0.846643	0.011280	0.014708	0.013192	0.113812	0.106109	648.000000	199.223493	0.849595	0.010628	0.013815	0.011511	0.108401	0.102029
1591	0.847319	0.010087	0.010908	0.008655	0.103974	0.096669	650.000000	199.223493	0.844888	0.010015	0.009882	0.007998	0.097994	0.093027	651.000000	199.223493	0.847589	0.008596	0.010594	0.008786	0.096190	0.089359
1594	0.846972	0.006883	0.007106	0.005969	0.091194	0.084911	653.000000	199.223493	0.845583	0.007783	0.009580	0.007827	0.085050	0.081434	654.000000	199.223493	0.843325	0.007725	0.007266	0.006558	0.081944	0.077178
1597	0.841551	0.007411	0.006902	0.006387	0.075068	0.073643	656.000000	199.223493	0.843576	0.007069	0.007516	0.006426	0.071335	0.068778	657.000000	199.223493	0.843422	0.006793	0.006598	0.006499	0.068740	0.065203
1600	0.842284	0.005388	0.005991	0.005830	0.066416	0.061268	659.000000	199.223493	0.842303	0.005639	0.005255	0.004635	0.061024	0.057301	660.000000	199.223493	0.838638	0.006772	0.004226	0.003107	0.058237	0.054076
1603	0.839892	0.006809	0.005217	0.003694	0.055951	0.051140	662.000000	199.223493	0.838445	0.006045	0.003290	0.002267	0.052016	0.048139	663.000000	199.223493	0.839988	0.005276	0.002520	0.002266	0.048476	0.045452
1606	0.840799	0.004723	0.003147	0.002342	0.042949	0.043272	665.000000	199.223493	0.841377	0.005479	0.003034	0.003169	0.041888	0.041143	666.000000	199.223493	0.840316	0.004544	0.003007	0.001961	0.037143	0.038989
1609	0.836130	0.004968	0.002036	0.000938	0.036661	0.037474	668.000000	199.223493	0.835204	0.005389	0.001091	0.001668	0.035079	0.034576	669.000000	199.223493	0.834317	0.004966	0.000752	0.001492	0.033777	0.033254
1612	0.834761	0.005006	0.001329	0.000986	0.033295	0.030693	671.000000	199.223493	0.836034	0.004390	0.001240	0.000642	0.028241	0.028471	672.000000	199.223493	0.838735	0.005267	0.000954	0.000613	0.028029	0.026685
1615	0.838079	0.005089	0.000717	0.000222	0.023756	0.025288	674.000000	199.223493	0.836825	0.003252	-0.000230	0.000331	0.024257	0.024155	675.000000	199.223493	0.836169	0.004131	0.000384	0.000242	0.019107	0.022647
1618	0.835397	0.004551	0.000793	0.000748	0.019628	0.020591	677.000000	199.223493	0.839101	0.004911	0.000229	0.001111	0.018355	0.018778	678.000000	199.223493	0.833738	0.003746	0.000792	0.000659	0.017062	0.016682
1621	0.834414	0.003093	0.000752	0.000436	0.014747	0.016223	680.000000	199.223493	0.835070	0.003277	0.000786	0.000618	0.017419	0.015388	681.000000	199.223493	0.835340	0.003892	-0.000136	0.000364	0.015037	0.015151
1624	0.837307	0.004064	0.000663	0.000334	0.013899	0.013949	683.000000	199.223493	0.838734	0.003849	0.000525	0.000770	0.011873	0.012740	684.000000	199.223493	0.840760	0.005179	0.000762	0.000773	0.010533	0.011736
1627	0.838175	0.004098	0.000292	0.000274	0.009404	0.011741	686.000000	199.223493	0.838869	0.003296	-0.000368	0.000445	0.010503	0.011084	687.000000	199.223493	0.839043	0.003700	-0.000553	0.000916	0.009095	0.010235
1630	0.840683	0.002583	0.000330	0.000927	0.007649	0.008089	689.000000	199.223493	0.840066	0.003566	0.000725	0.000492	0.007841	0.007377	690.000000	199.223493	0.836690	0.003619	0.000266	0.000441	0.007166	0.006015
1633	0.838812	0.002826	-0.000067	0.000603	0.009867	0.005219	692.000000	199.223493	0.838812	0.002896	0.000040	0.000554	0.008063	0.003994	693.000000	199.223493	0.836825	0.002890	0.000399	0.000202	0.008468	0.004708
1636	0.834838	0.003029	0.001289	0.000448	0.008256	0.005048	695.000000	199.223493	0.833661	0.002543	0.000242	0.000589	0.006453	0.003823	696.000000	199.223493	0.834626	0.002728	-0.000041	0.000609	0.007031	0.003688
1639	0.836516	0.003058	0.000187	0.000353	0.006125	0.003452	698.000000	199.223493	0.835976	0.004970	-0.000232	0.000228	0.006694	0.002497	699.000000	199.223493	0.835205	0.004346	-0.000442	0.000732	0.004900	0.002584
1642	0.834703	0.004239	-0.000023	0.000377	0.004350	0.002014	701.000000	199.223493	0.835725	0.003996	0.000650	0.000097	0.005064	0.002485	702.000000	199.223493	0.832542	0.004710	0.000176	0.000542	0.005392	0.002802
1645	0.830054	0.004567	0.000193	0.001085	0.005401	0.002803	704.000000	199.223493	0.830941	0.003113	0.000373	0.000391	0.003154	0.001972	705.000000	199.223493	0.830613	0.003991	0.000458	0.000390	0.002566	0.002823
1648	0.829765	0.002931	-0.000723	0.000270	0.001437	0.002139	707.000000	199.223493	0.829282	0.003099	-0.000477	0.000540	0.002151	0.002377	708.000000	199.223493	0.833874	0.003131	-0.000251	0.000598	0.003028	0.001802
1651	0.829784	0.002523	0.000073	0.000467	0.004109	0.002060	710.000000	199.223493	0.830980	0.002299	0.000181	0.000554	0.004012	0.002449	711.000000	199.223493	0.834105	0.002495	-0.000196	0.000605	0.005642	0.002110
1654	0.832735	0.001133	-0.000862	0.000257	0.005199	0.002007	713.000000	199.223493	0.828221	0.001503	-0.000122	0.000449	0.004215	0.001636	714.000000	199.223493	0.830787	0.001690	-0.000522	0.000324	0.003424	0.001846
1657	0.833758	0.001913	0.000677	0.000560	0.001630	0.001564	716.000000	199.223493	0.833661	0.002740	0.000345	0.000652	0.001408	0.001404	717.000000	199.223493	0.836073	0.003399	0.001437	0.000900	-0.001080	0.001449
1660	0.835532	0.003291	0.001254	0.000856	-0.001061	0.002011	719.000000	199.223493	0.836034	0.003098	0.000655	0.000646	-0.001225	0.001316	720.000000	199.223493	0.834008	0.002522	0.000309	0.001035	-0.000289	0.001350
1663	0.835725	0.002857	-0.000327	0.000576	-0.002151	0.000763	722.000000	199.223493	0.835031	0.003006	-0.000351	0.000382	-0.003800	0.001200	723.000000	199.223493	0.833044	0.003396	0.000971	0.000868	-0.003463	0.000671
1666	0.829166	0.003240	0.000167	0.000901	-0.002922	0.001416	725.000000	199.223493	0.829880	0.003065	-0.000045	0.000564	-0.001929	0.002187	726.000000	199.223493	0.828935	0.002174	0.000518	0.000449	-0.002334	0.001722
1669	0.831269	0.001174	-0.000158	0.000985	-0.002508	0.001631	728.000000	199.223493	0.830652	0.002202	-0.000069	0.000626	-0.002402	0.002009	729.000000	199.223493	0.830440	0.003039	0.000170	0.000496	-0.000849	0.001670
1672	0.828164	0.003645	-0.000388	0.000449	0.000704	0.001363	731.000000	199.223493	0.830131	0.002947	-0.000186	0.000702	0.000444	0.001785	732.000000	199.223493	0.827373	0.003263	-0.000706	0.000378	0.001100	0.001442
1675	0.826196	0.003140	0.000530	0.000785	0.002035	0.001779	734.000000	199.223493	0.826871	0.003797	-0.000111	0.000616	0.003877	0.002052	735.000000	199.223493	0.827508	0.003737	0.000185	0.000126	0.003048	0.001836
1678	0.826833	0.003339	-0.000698	0.000332	0.003250	0.001689	737.000000	199.223493	0.829533	0.003216	-0.000280	0.000535	0.002836	0.000717	738.000000	199.223493	0.825270	0.002422	0.000043	0.000480	0.002083	0.001254
1681	0.827720	0.001036	-0.001179	0.000426	0.002170	0.002084	740.000000	199.223493	0.831289	0.001615	-0.000565	0.000312	0.003462	0.000967	741.000000	199.223493	0.831385	0.002419	-0.000418	0.000397	0.001341	0.000823
1684	0.830729	0.001725	0.000340	0.000209	0.002006	0.001176	743.000000	199.223493	0.831501	0.001297	0.000364	0.000613	0.001013	0.001021	744.000000	199.223493	0.832678	0.002277	0.000475	0.000659	0.000202	0.000899
1687	0.829456	0.001528	-0.000224	0.000441	0.001504	0.000977	746.000000	199.223493	0.827083	0.001928	-0.000241	0.000365	0.001977	0.001244	747.000000	199.223493	0.829610	0.001707	0.000804	0.000330	0.002064	0.001253
1690	0.828048	0.002682	0.001429	0.000475	0.002276	0.000856	749.000000	199.223493	0.828318	0.003001	0.000305	0.000829	0.000762	0.000809	750.000000	199.223493	0.826987	0.002731	-0.000315	0.000362	0.001968	0.000760
1693	0.828935	0.002926	-0.000016	0.000426	0.002199	0.001128	752.000000	199.223493	0.826582	0.003592	0.000807	0.000229	0.002151	0.001413	753.000000	199.223493	0.827083	0.004434	0.000455	0.000429	0.000145	0.001232
1696	0.828357	0.004784	0.000741	0.000560	0.001562	0.001422	755.000000	199.223493	0.829533	0.005162	0.001233	0.000505	0.001813	0.001136	756.000000	199.223493	0.826717	0.005613	0.000645	0.000606	-0.000164	0.001767
1699	0.829186	0.004633	0.000740	0.000531	0.001727	0.001520	758.000000	199.223493	0.830035	0.003703	0.000071	0.000483	0.001244	0.001302	759.000000	199.223493	0.829726	0.003752	0.001684	0.000461	0.002845	0.001243
1702	0.832099	0.003004	0.002217	0.000339	0.002132	0.000807	761.000000	199.223493	0.831404	0.002639	0.000951	0.000352	0.000984	0.001991	762.000000	199.223493	0.832504	0.002838	-0.000147	0.000385	0.002353	0.001904
1705	0.830286	0.002680	-0.000283	0.000358	0.000733	0.001909	764.000000	199.223493	0.829437	0.003427	-0.000751	0.000633	0.001013	0.001419	765.000000	199.223493	0.827951	0.003602	-0.000192	0.000187	0.001717	0.001626
1708	0.828067	0.004664	0.000108	0.000501	0.001418	0.002015	767.000000	199.223493	0.827276	0.002165	-0.000191	0.000399	0.001563	0.001331	768.000000	199.223493	0.824383	0.003802	0.000090	0.000282	0.002508	0.001563
1711	0.822396	0.002763	-0.000668	0.000420	0.004350	0.001864	770.000000	199.223493	0.821933	0.002194	-0.000828	0.000205	0.003627	0.001155	771.000000	199.223493	0.822377	0.001297	-0.001239	0.000135	0.002054	0.002505
1714	0.824691	0.002203	-0.000739	0.000255	0.001650	0.002380	773.000000	199.223493	0.822280	0.001890	-0.000887	0.000230	0.001418	0.002060	774.000000	199.223493	0.824633	0.002570	-0.000305	0.000274	0.002845	0.001783
1717	0.826447	0.001053	-0.000253	0.000542	0.002074	0.001381	776.000000	199.223493	0.825656	0.000905	-0.000018	0.000664	0.002951	0.002384	777.000000	199.223493	0.825695	0.001779	0.000283	0.000500	0.002701	0.002198
1720	0.826698	0.001012	0.000121	0.000428	0.004842	0.002761	779.000000	199.223493	0.829051	0.001237	0.000029	0.000273	0.001553	0.002057	780.000000	199.223493	0.829456	0.001956	0.000402	0.000349	0.002566	0.001025
1723	0.826119	0.002315	-0.000126	0.000314	0.003058	0.001583	782.000000	199.223493	0.825637	0.002258	-0.000619	0.000432	0.003087	0.001384	783.000000	199.223493	0.824229	0.002839	-0.000671	0.000306	0.003202	0.001603
1726	0.824248	0.001251	-0.000283	0.000446	0.002653	0.001990	785.000000	199.223493	0.824595	0.001921	0.000381	0.000420	0.001013	0.002734	786.000000	199.223493	0.825868	0.001452	-0.000077	0.000249	0.001929	0.002092
1729	0.827257	0.001230	0.000071	0.000398	0.001051	0.001900	788.000000	199.223493	0.829225	0.001931	-0.000065	0.000646	0.001697	0.001905	789.000000	199.223493	0.830729	0.001287	0.000257	0.000212	0.002122	0.001359
1732	0.830999	0.001798	0.000237	0.000446	0.001128	0.001820	791.000000	199.223493	0.829668	0.001957	0.000244	0.000258	0.002440	0.001344	792.000000	199.223493	0.828704	0.002166	0.000087	0.000572	-0.000010	0.001688
1735	0.827238	0.003634	0.000052	0.000350	0.001389	0.001761	794.000000	199.223493	0.827566	0.002613	0.000146	0.000529	0.003028	0.001423	795.000000	199.223493	0.829456	0.003022	0.000656	0.000295	0.001379	0.001225
1738	0.828954	0.003137	0.000384	0.000513	0.000685	0.001761	797.000000	199.223493	0.827103	0.004204	-0.000147	0.000329	0.001013	0.001157	798.000000	199.223493	0.828858	0.002991	-0.000647	0.000791	-0.000289	0.001373
1741	0.830999	0.002793	0.000283	0.000442	0.000637	0.002637	800.000000	199.223493	0.830690	0.003072	0.000415	0.000542	0.000887	0.002303	801.000000	199.223493	0.830305	0.002767	0.000242	0.000669	-0.001254	0.002557
1744	0.829225	0.002026	0.000550	0.000676	-0.000019	0.002119	803.000000	199.223493	0.826447	0.002360	0.000008	0.000430	-0.001427	0.001986	804.000000	199.223493	0.825463	0.002343	0.000570	0.000503	0.000251	0.001934
1747	0.828588	0.002518	-0.000419	0.000479	0.001765	0.001609	806.000000	199.223493	0.828530	0.002387	-0.000502	0.000638	0.001157	0.001277	807.000000	199.223493	0.829610	0.002026	-0.000495	0.000402	0.001524	0.001283
1750	0.828684	0.002869	-0.000076	0.000394	0.000829	0.002176	809.000000	199.223493	0.826601	0.001975	-0.000852	0.000461	-0.000299	0.002454	810.000000	199.223493	0.824113	0.001695	-0.000092	0.000244	-0.001148	0.002206
1753	0.822666	0.002874	0.000307	0.000346	-0.001370	0.002092	812.000000	199.223493	0.823688	0.003349	0.000629	0.000275	-0.000588	0.002216	813.000000	199.223493	0.822974	0.004113	0.000632	0.000301	0.000077	0.001372
1756	0.825502	0.003789	0.000083	0.000365	0.002681	0.002799	815.000000	199.223493	0.827546	0.002923	0.000182	0.000424	0.000800	0.002184	816.000000	199.223493	0.826273	0.002838	0.000927	0.000463	0.001514	0.002081
1759	0.825617	0.004071	0.000276	0.000345	-0.000106	0.002905	818.000000	199.223493	0.826138	0.004403	-0.000526	0.000530	-0.000666	0.002714	819.000000	199.223493	0.829822	0.003930	0.000232	0.000323	-0.000511	0.002067
1762	0.834703	0.002479	0.000492	0.000625	-0.000135	0.001631	821.000000	199.223493	0.831925	0.002419	0.000635	0.000853	-0.003106	0.001524	822.000000	199.223493	0.829726	0.003153	0.000242	0.000520	-0.002199	0.001031
1765	0.826736	0.001588	-0.000254	0.000437	-0.001997	0.000555	824.000000	199.223493	0.828414	0.001939	0.000774	0.000203	-0.002691	0.000771	825.000000	199.223493	0.828318	0.001036	0.000086	0.000116	-0.001071	0.000751
1768	0.829649	0.002181	0.000252	0.000404	-0.001833	0.001066	827.000000	199.223493	0.830151	0.002217	-0.001108	0.000185	-0.001264	0.001285	828.000000	199.223493	0.829707	0.002140	-0.000072	0.000451	0.000540	0.001040
1771	0.829263	0.001086	0.000300	0.000254	-0.001042	0.000877	830.000000	199.223493	0.831424	0.003864	0.000582	0.000292	0.000106	0.001396	831.000000	199.223493	0.831154	0.002979	0.000596	0.000453	0.001669	0.001703
1774	0.831964	0.003534	0.000267	0.000488	0.002315	0.001760	833.000000	199.223493	0.830459	0.002710	0.000836	0.000307	0.002199	0.000852	834.000000	199.223493	0.831134	0.002371	0.000840	0.000634	0.002479	0.000913
1777	0.828665	0.002388	0.000113	0.000295	0.001457	0.002709	836.000000	199.223493	0.829745	0.002229	-0.000601	0.000512	0.000675	0.002377	837.000000	199.223493	0.829707	0.000509	-0.000527	0.000284	0.002180	0.002378
1780	0.832369	0.002534	0.000697	0.000585	0.002267	0.001842	839.000000	199.223493	0.832157	0.002050	0.000189	0.000775	0.001447	0.001896	840.000000	199.223493	0.834491	0.002463	-0.000069	0.000542	0.001495	0.002264
1783	0.834279	0.002882	-0.000256	0.000576	0.002884	0.002996	842.000000	199.223493	0.833680	0.003211	-0.000070	0.000679	0.003125	0.002163	843.000000	199.223493	0.836632	0.003157	-0.000333	0.000562	0.002923	0.002057
1786	0.835513	0.003395	-0.000769	0.000239	0.003819	0.001415	845.000000	199.223493	0.833140	0.002996	0.000031	0.000571	0.004225	0.002223	846.000000	199.223493	0.832986	0.002480	0.000445	0.000386	0.002103	0.000931
1789	0.835706	0.003622	0.000380	0.000285	0.000907	0.001633	848.000000	199.223493	0.836883	0.001989	0.000442	0.000282	-0.000347	0.000869	849.000000	199.223493	0.837654	0.002680	-0.000212	0.000620	0.000916	0.000709
1792	0.837172	0.002837	-0.001034	0.000734	-0.000665	0.000290	851.000000	199.223493	0.837288	0.002407	-0.001166	0.001143	-0.001447	0.001099	852.000000	199.223493	0.838484	0.002127	-0.001195	0.000418	0.000231	0.000633
1795	0.838272	0.002730	0.000312	0.000386	-0.000367	0.001538	854.000000	199.223493	0.837191	0.002414	0.000054	0.000717	0.000608	0.001040	855.000000	199.223493	0.838908	0.003185	0.000744	0.000717	0.000916	0.000781
1798	0.837075	0.004060	0.001531	0.000471	0.000366	0.001797	857.000000	199.223493	0.837770	0.003358	0.000153	0.000466	0.000106	0.001803	858.000000	199.223493	0.838194	0.003286	0.000728	0.000436	0.000916	0.002604
1801	0.837558	0.003810	0.000874	0.000493	0.000762	0.002778	860.000000	199.223493	0.839024	0.003043	0.000138	0.000689	-0.000164	0.003287	861.000000	199.223493	0.838677	0.003245	0.001155	0.000613	-0.000666	0.003190
1804	0.836786	0.003445	0.000957	0.000390	0.000367	0.003191	863.000000	199.223493	0.833488	0.003258	-0.000246	0.000583	0.000858	0.002331	864.000000	199.223493	0.834375	0.003468	-0.000750	0.000516	-0.002739	0.002634
1807	0.834240	0.003038	0.000362	0.000393	-0.002816	0.002382	866.000000	199.223493	0.835089	0.002290	0.000540	0.000398	-0.002382	0.002186	867.000000	199.223493	0.833430	0.001402	0.000384	0.000560	-0.003144	0.002397
1810	0.835224	0.002048	0.000497	0.000889	-0.002073	0.002315	869.000000	199.223493	0.837944	0.002442	-0.000152	0.000711	-0.002199	0.002663	870.000000	199.223493	0.836709	0.002158	0.000343	0.000265	-0.001833	0.002359
1813	0.833083	0.001952	-0.000338	0.000787	-0.003029	0.002361	872.000000	199.223493	0.832947	0.002238	-0.000656	0.000538	-0.002681	0.002205	873.000000	199.223493	0.835050	0.001463	-0.000084	0.000225	-0.000106	0.002433
1816	0.835474	0.001140	-0.000636	0.000166	-0.000791	0.002505	875.000000	199.223493	0.832774	0.001518	-0.000476	0.000242	-0.000405	0.001984	876.000000	199.223493	0.834337	0.002586	0.000031	0.000244	0.000637	0.001576
1819	0.831269	0.002985	-0.000295	0.000869	0.002479	0.001279	878.000000	199.223493	0.832215	0.004024	-0.000157	0.000527	-0.000299	0.000913	879.000000	199.223493	0.833044	0.004295	0.000425	0.000374	-0.000492	0.001676
1822	0.829842	0.004208	0.000140	0.000660	-0.002026	0.000826	881.000000	199.223493	0.829668	0.004019	-0.000044	0.000770	0.000859	0.001597	882.000000	199.223493	0.831944	0.003248	-0.000084	0.000336	0.000675	0.001747
1825	0.831327	0.003403	-0.000885	0.000510	0.000010	0.000822	884.000000	199.223493	0.830594	0.002954	-0.000550	0.000299	-0.001283	0.001329	885.000000	199.223493	0.831906	0.003383	-0.000784	0.000531	-0.002305	0.002044
1828	0.832195	0.005099	-0.000439	0.000308	-0.000723	0.001528	887.000000	199.223493	0.832156	0.004929	0.000048	0.000461	-0.001765	0.001815	888.000000	199.223493	0.834780	0.004823	-0.000778	0.000439	-0.002006	0.001794
1831	0.834684	0.004235	-0.000258	0.000614	-0.002209	0.001656	890.000000	199.223493	0.834954	0.004252	-0.000935	0.000906	-0.000125	0.000944	891.000000	199.223493	0.833468	0.002161	-0.000245	0.000238	0.001958	0.000847
1834	0.833680	0.002627	0.000589	0.000612	0.000945	0.001436	893.000000	199.223493	0.834896	0.002741	-0.000393	0.000528	0.000607	0.000870	894.000000	199.223493	0.836169	0.001953	-0.000438	0.000292	0.001167	0.001808
1837	0.833719	0.002073	0.000095	0.000998	0.000772	0.002381	896.000000	199.223493	0.831655	0.002091	-0.000471	0.000689	-0.000251	0.001286	897.000000	199.223493	0.831539	0.002332	-0.000665	0.000349	0.000405	0.001952
1840	0.834317	0.002374	-0.000244	0.000828	0.000415	0.001678	899.000000	199.223493	0.831810	0.003653	-0.000454	0.000362	0.001852	0.002050	900.000000	199.223493	0.834105	0.003384	0.000357	0.000579	0.001601	0.002461
1843	0.834452	0.004370	0.000303	0.000719	0.001273	0.001845	902.000000	199.223493	0.834182	0.003463	0.000828	0.000301	-0.000501	0.001446	903.000000	199.223493	0.833102	0.001955	-0.000939	0.000391	-0.001832	0.001369
1846	0.830806	0.002546	0.000173	0.000311	-0.000328	0.001635	905.000000	199.223493	0.833623	0.002408	0.000246	0.000313	0.000270	0.001622	906.000000	199.223493	0.836381	0.002585	0.000827	0.000447	0.000231	0.001802
1849	0.833931	0.003042	0.000354	0.000551	-0.000878	0.001452	908.000000	199.223493	0.833989	0.001622	0.000065	0.000504	-0.001476	0.001898	909.000000	199.223493	0.834009	0.001991	0.000201	0.000317	-0.000328	0.001549
1852	0.834703	0.001620	-0.000234	0.000683	-0.000685	0.001497	911.000000	199.223493	0.833835	0.003683	-0.000128	0.000483	-0.000955	0.001190	912.000000	199.223493	0.835012	0.002481	0.000244	0.000678	0.000068	0.001149
1855	0.834587	0.003012	0.001153	0.000816	-0.001254	0.001469	914.000000	199.223493	0.835629	0.002801	0.000096	0.000238	-0.000531	0.001724	915.000000	199.223493	0.833546	0.003297	0.000120	0.000404	-0.000125	0.001932
1858	0.834973	0.003608	-0.000191	0.000394	0.000724	0.001792	917.000000	199.223493	0.834818	0.004229	0.001173	0.000711	0.001427	0.001600	918.000000	199.223493	0.835108	0.004344	0.001608	0.000538	0.000791	0.002078
1861	0.835475	0.003344	0.001011	0.000330	0.001717	0.002125	920.000000	199.223493	0.834549	0.003675	-0.000047	0.000697	0.000858	0.002015	921.000000	199.223493	0.835359	0.003741	0.000796	0.000511	-0.000964	0.001955
1864	0.836478	0.003942	-0.000241	0.000565	-0.000656	0.002024	923.000000	199.223493	0.836748	0.003052	0.000476	0.000494	-0.001553	0.001529	924.000000	199.223493	0.837615	0.002740	0.000525	0.000452	-0.001119	0.001219
1867	0.835397	0.003093	0.000190	0.000526	-0.000386	0.001466	926.000000	199.223493	0.834529	0.003288	0.001260	0.001144	-0.002739	0.001101	927.000000	199.223493	0.834201	0.002262	-0.001112	0.000429	-0.001649	0.002178
1870	0.834394	0.002219	-0.000888	0.000135	-0.002797	0.001510	929.000000	199.223493	0.835995	0.002317	-0.000735	0.000602	-0.002865	0.001464	930.000000	199.223493	0.837519	0.002270	-0.000124	0.000434	-0.004032	0.001061
1873	0.838194	0.002630	-0.000219	0.000376	-0.003993	0.000637	932.000000	199.223493	0.839834	0.002044	0.000088	0.000401	-0.004022	0.001121	933.000000	199.223493	0.839506	0.001361	0.000502	0.000456	-0.004630	0.000845
1876	0.838175	0.002370	0.001040	0.000895	-0.004070	0.001453	935.000000	199.223493	0.837925	0.002935	0.000427	0.000317	-0.003993	0.001389	936.000000	199.223493	0.838021	0.001660	0.001183	0.000160	-0.003655	0.000542
1879	0.840394	0.003240	0.000148	0.000826	-0.003964	0.001224	938.000000	199.223493	0.837982	0.003217	0.000502	0.000948	-0.004080	0.001304	939.000000	199.223493	0.836941	0.003481	0.000119	0.000360	-0.002971	0.001767
1882	0.835610	0.002575	-0.000005	0.000394	-0.003279	0.001864	941.000000	199.223493	0.833777	0.003348	0.000258	0.000419	-0.003125	0.001482	942.000000	199.223493	0.831539	0.002324	-0.000556	0.000390	-0.003848	0.001584
1885	0.831153	0.003520	0.000730	0.000648	-0.001485	0.001654	944.000000	199.223493	0.834452	0.003451	0.000423	0.000689	-0.003289	0.002312	945.000000	199.223493	0.832986	0.002588	0.000760	0.000515	-0.004003	0.002502
1888	0.832504	0.002600	0.000944	0.000861	-0.001341	0.002538	947.000000	199.223493	0.833468	0.002052	0.000743	0.000578	-0.002624	0.001902	948.000000	199.223493	0.835243	0.002106	-0.000409	0.000658	-0.004099	0.002172
1891	0.830961	0.002288	0.000706	0.000367	-0.004601	0.001459	950.000000	199.223493	0.830826	0.003452	0.000875	0.000672	-0.002218	0.002111	951.000000	199.223493	0.832774	0.004028	-0.000198	0.000461	-0.001408	0.002740
1894	0.834086	0.004203	-0.000344	0.000305	-0.002401	0.002881	953.000000	199.223493	0.830363	0.003696	-0.000647	0.000582	-0.002807	0.002342	954.000000	199.223493	0.831173	0.002946	0.000978	0.000560	-0.001804	0.002429
1897	0.829456	0.002275	0.000572	0.000514	-0.001360	0.002205	956.000000	199.223493	0.830806	0.002890	0.000023	0.000391	-0.000714	0.002889	957.000000	199.223493	0.831424	0.001699	-0.000946	0.000816	-0.002845	0.003399
1900	0.829495	0.001750	-0.001130	0.000336	-0.001948	0.002570	959.000000	199.223493	0.833410	0.002682	-0.001205	0.000494	-0.001418	0.001802	960.000000	199.223493	0.833063	0.001555	-0.001207	0.000202	-0.000993	0.002092
1903	0.833507	0.002680	-0.000030	0.000574	-0.003376	0.001713	962.000000	199.223493	0.834568	0.001741	-0.000276	0.000645	-0.003829	0.001723	963.000000	199.223493	0.836150	0.001632	0.000882	0.000535	-0.003627	0.002030
1906	0.834394	0.002349	0.000765	0.000557	-0.002276	0.001924	965.000000	199.223493	0.832350	0.002617	0.000873	0.000440	-0.004013	0.002180	966.000000	199.223493	0.836844	0.002121	0.000549	0.000684	-0.002556	0.001216
1909	0.838407	0.002180	-0.000251	0.000831	-0.003376	0.000634	968.000000	199.223493	0.836401	0.001618	0.000784	0.000527	-0.004832	0.001251	969.000000	199.223493	0.834490	0.001415	0.000533	0.000666	-0.003144	0.001244
1912	0.833700	0.001931	-0.000153	0.000257	-0.004909	0.002384	971.000000	199.223493	0.836323	0.001206	0.000678	0.000657	-0.003636	0.001849	972.000000	199.223493	0.836169	0.000510	-0.000021	0.000656	-0.002450	0.001895
1915	0.837500	0.001160	-0.000131	0.000636	-0.000772	0.001589	974.000000	199.223493	0.836613	0.001132	-0.000022	0.000491	-0.001755	0.002260	975.000000	199.223493	0.831906	0.001541	0.000806	0.000333	-0.000993	0.001947
1918	0.832156	0.001950	0.001043	0.000384	-0.000559	0.001011	977.000000	199.223493	0.831250	0.002406	0.000736	0.000521	-0.001167	0.001037	978.000000	199.223493	0.832253	0.002423	0.000467	0.000673	-0.001669	0.000734
1921	0.834201	0.001414	0.000427	0.000436	-0.004649	0.000926	980.000000	199.223493	0.833468	0.002329	-0.000347	0.000721	-0.003743	0.000979	981.000000	199.223493	0.834471	0.002133	0.000283	0.000652	-0.005729	0.001029
1924	0.830228	0.001955	0.001142	0.000586	-0.005363	0.001044	983.000000	199.223493	0.828511	0.002624	-0.000446	0.000688	-0.003878	0.001196	984.000000	199.223493	0.827623	0.003193	-0.000975	0.000323	-0.004572	0.001650
1927	0.828376	0.001641	0.000135	0.000315	-0.002720	0.002042	986.000000	199.223493	0.830286	0.002830	0.000898	0.000558	-0.004707	0.001672	987.000000	199.223493	0.833102	0.003886	0.000382	0.000857	-0.002759	0.001725
1930	0.832292	0.003141	0.000488	0.000286	-0.005083	0.001314	989.000000	199.223493	0.832330	0.002546	-0.000146	0.000330	-0.003434	0.001590	990.000000	199.223493	0.831385	0.003246	0.000112	0.000217	-0.005681	0.001666
1933	0.831192	0.003203	0.000472	0.000620	-0.004176	0.001286	992.000000	199.223493	0.833179	0.003646	0.000118	0.001110	-0.002922	0.001585	993.000000	199.223493	0.829379	0.001298	0.000356	0.000564	-0.002440	0.001877
1936	0.832774	0.002749	0.000586	0.000448	-0.004263	0.002088	995.000000	199.223493	0.833584	0.002953	0.000687	0.000606	-0.000646	0.001305	996.000000	199.223493	0.834144	0.003676	-0.000339	0.000309	-0.003144	0.001234
1939	0.836285	0.003988	0.000048	0.000591	-0.002363	0.000773	998.000000	199.223493	0.836034	0.003612	-0.000206	0.000297	-0.003530	0.001125	999.000000	199.223493	0.835706	0.003782	0.000114	0.000331	-0.003057	0.000787
1942	0.835455	0.003602	0.000376	0.000344	-0.004119	0.001640	1001.000000	199.223493	0.836767	0.003145	-0.000408	0.000416	-0.002623	0.000930	1002.000000	199.223493	0.835590	0.003838	-0.001554	0.000259	-0.002363	0.000405
1945	0.837288	0.003207	-0.000591	0.000817	-0.001109	0.000928	1004.000000	199.223493	0.836613	0.004095	0.000293	0.000403	-0.000309	0.001031	1005.000000	199.223493	0.834047	0.004139	-0.000057	0.000394	0.000116	0.000976
1948	0.835590	0.002750	0.000281	0.000472	0.004090	0.000418	1007.000000	199.223493	0.834954	0.003683	-0.000183	0.000414	0.003202	0.000862	1008.000000	199.223493	0.834066	0.003023	0.000554	0.000143	0.003096	0.000585
1951	0.831018	0.003304	0.001300	0.000442	0.001968	0.001437	1010.000000	199.223493	0.829803	0.004171	0.000285	0.000600	0.001563	0.001287	1011.000000	199.223493	0.831578	0.003512	0.000030	0.000596	0.003414	0.001440
1954	0.832485	0.004074	0.000299	0.000353	0.002874	0.001599	1013.000000	199.223493	0.832426	0.005677	0.000112	0.000478	0.005131	0.001623	1014.000000	199.223493	0.832080	0.005018	-0.000066	0.000716	0.003289	0.001629
1957	0.830980	0.004726	-0.000212	0.000399	0.002932	0.001125	1016.000000	199.223493	0.832041	0.005037	0.000150	0.000433	0.002604	0.000622	1017.000000	199.223493	0.831250	0.004756	-0.000315	0.000504	0.002305	0.000903
1960	0.829803	0.004547	0.000453	0.001095	0.003617	0.001810	1019.000000	199.223493	0.829823	0.002915	0.000323	0.000389	0.001591	0.001289	1020.000000	199.223493	0.831346	0.003978	-0.000114	0.000216	0.000232	0.001979
1963	0.830671	0.002745	-0.000399	0.000357	0.000347	0.001651	1022.000000	199.223493	0.830170	0.002757	-0.000994	0.000304	0.001186	0.002011	1023.000000	199.223493	0.834066	0.003060	0.000051	0.000736	0.002016	0.001734
1966	0.828762	0.002870	0.000250	0.000523	0.003029	0.001908	1025.000000	199.223493	0.831134	0.002256	0.000203	0.000552	0.002652	0.002370	1026.000000	199.223493	0.833025	0.003020	-0.000280	0.000610	0.004360	0.001934
1969	0.831211	0.002018	-0.001020	0.000198	0.004504	0.001856	1028.000000	199.223493	0.827083	0.001664	-0.000229	0.000408	0.003723	0.001512	1029.000000	199.223493	0.827450	0.002433	-0.000252	0.000372	0.002276	0.001507
1972	0.830093	0.002445	0.000638	0.000560	0.001466	0.001493	1031.000000	199.223493	0.830343	0.003429	-0.000023	0.000683	0.001987	0.001731	1032.000000	199.223493	0.832793	0.004425	0.001644	0.000846	0.000608	0.002366
1975	0.832967	0.004284	0.000706	0.000797	-0.002026	0.001534	1034.000000	199.223493	0.833661	0.004478	0.000297	0.000636	-0.001350	0.001222	1035.000000	199.223493	0.832774	0.002962	0.000313	0.001035	-0.001263	0.000924
1978	0.835050	0.003240	0.000134	0.000289	-0.001292	0.001230	1037.000000	199.223493	0.833333	0.003785	-0.000291	0.000360	-0.002595	0.001730	1038.000000	199.223493	0.832967	0.003420	0.001112	0.000844	-0.001148	0.002058
1981	0.828974	0.003295	0.000770	0.000634	-0.002045	0.001842	1040.000000	199.223493	0.828588	0.003440	0.000295	0.000422	-0.001080	0.002443	1041.000000	199.223493	0.826273	0.002654	0.000639	0.000410	-0.001794	0.001844
1984	0.829032	0.002422	-0.000372	0.001003	-0.000569	0.001860	1043.000000	199.223493	0.828067	0.003348	0.000014	0.000590	-0.000087	0.002228	1044.000000	199.223493	0.826389	0.003471	-0.000050	0.000420	0.001061	0.001404
1987	0.825116	0.003541	-0.000446	0.000424	0.003906	0.001635	1046.000000	199.223493	0.828491	0.003356	-0.000177	0.000700	0.002411	0.001575	1047.000000	199.223493	0.825849	0.003142	-0.000707	0.000378	0.002951	0.001902
1990	0.824286	0.002665	0.000067	0.000802	0.003492	0.001308	1049.000000	199.223493	0.822145	0.003497	-0.000259	0.000542	0.005401	0.001505	1050.000000	199.223493	0.821605	0.003857	0.000376	0.000143	0.004080	0.001663
1993	0.821084	0.003886	-0.000801	0.000347	0.005150	0.001036	1052.000000	199.223493	0.824749	0.004378	-0.000511	0.000477	0.003714	0.000536	1053.000000	199.223493	0.821181	0.002524	-0.000238	0.000575	0.003559	0.001288
1996	0.824942	0.001975	-0.001524	0.000460	0.004147	0.002019	1055.000000	199.223493	0.829148	0.002914	-0.001089	0.000417	0.004552	0.001074	1056.000000	199.223493	0.828395	0.003141	-0.000636	0.000328	0.003665	0.001566
1999	0.829051	0.002300	0.000344	0.000210	0.003742	0.000792	1058.000000	199.223493	0.829842	0.001257	0.000112	0.000649	0.002575	0.000560	1059.000000	199.223493	0.831173	0.001665	0.000806	0.000611	0.002064	0.001399
2002	0.829302	0.001448	-0.000305	0.000506	0.002045	0.001098	1061.000000	199.223493	0.826948	0.001945	-0.000188	0.000377	0.002334	0.001478	1062.000000	199.223493	0.828955	0.001822	0.000657	0.000375	0.003704	0.001914
2005	0.829109	0.002844	0.001565	0.000431	0.004282	0.002163	1064.000000	199.223493	0.827894	0.002861	-0.000220	0.000498	0.003038	0.002310	1065.000000	199.223493	0.827296	0.002923	-0.000354	0.000367	0.003617	0.001699
2008	0.828221	0.002377	-0.000395	0.000662	0.003916	0.002214	1067.000000	199.223493	0.827199	0.004023	0.000520	0.000325	0.003974	0.002748	1068.000000	199.223493	0.827083	0.004434	0.000940	0.000763	0.002083	0.002842
2011	0.828106	0.004616	0.000836	0.000615	0.003887	0.003212	1070.000000	199.223493	0.827893	0.004117	0.000542	0.000469	0.004736	0.003145	1071.000000	199.223493	0.825212	0.004760	-0.000035	0.000156	0.003732	0.003844
2014	0.828202	0.003993	0.000499	0.000430	0.004794	0.002591	1073.000000	199.223493	0.828530	0.002663	-0.000378	0.000236	0.004321	0.002416	1074.000000	199.223493	0.828453	0.002994	0.001861	0.000391	0.004852	0.001826
2017	0.831713	0.002775	0.001594	0.000668	0.003733	0.001604	1076.000000	199.223493	0.831636	0.002696	0.000216	0.000653	0.003202	0.002476	1077.000000	199.223493	0.831520	0.002607	0.000120	0.000246	0.003868	0.002229
2020	0.829456	0.002772	-0.000343	0.000403	0.001852	0.002004	1079.000000	199.223493	0.828819	0.003521	-0.001464	0.000435	0.002701	0.001324	1080.000000	199.223493	0.828183	0.003685	-0.000178	0.000186	0.003723	0.001714
2023	0.829032	0.004923	0.000234	0.000594	0.002402	0.002091	1082.000000	199.223493	0.828260	0.002611	0.000428	0.000582	0.003328	0.001825	1083.000000	199.223493	0.824363	0.003794	0.000172	0.000347	0.004562	0.002277
2026	0.825868	0.004503	0.000011	0.000837	0.005604	0.002060	1085.000000	199.223493	0.827701	0.005068	-0.000039	0.000778	0.005199	0.001577	1086.000000	199.223493	0.826890	0.004864	-0.000587	0.000560	0.002527	0.002552
2029	0.828569	0.004728	-0.000211	0.000243	0.002151	0.002323	1088.000000	199.223493	0.823090	0.002560	0.000053	0.000754	0.001977	0.001952	1089.000000	199.223493	0.825617	0.003299	-0.000053	0.000301	0.003057	0.001727
2032	0.827257	0.001674	0.000564	0.000463	0.002778	0.001363	1091.000000	199.223493	0.826736	0.001424	0.000178	0.000626	0.003684	0.002250	1092.000000	199.223493	0.826505	0.002167	-0.000144	0.000538	0.003636	0.001968
2035	0.826640	0.001002	-0.000056	0.000530	0.005556	0.002693	1094.000000	199.223493	0.827624	0.001173	-0.000114	0.000290	0.003800	0.002036	1095.000000	199.223493	0.828762	0.001483	0.000473	0.000375	0.004167	0.001129
2038	0.825038	0.001610	-0.000173	0.000312	0.004205	0.001556	1097.000000	199.223493	0.824363	0.001336	-0.000513	0.000454	0.004051	0.000851	1098.000000	199.223493	0.822840	0.002094	-0.000799	0.000241	0.004813	0.001486
2041	0.825386	0.001444	-0.000080	0.000491	0.004823	0.001483	1100.000000	199.223493	0.824653	0.001919	0.000459	0.000441	0.003376	0.002070	1101.000000	199.223493	0.824653	0.001239	0.000416	0.000398	0.004379	0.001701
2044	0.825000	0.001538	0.000306	0.000307	0.002450	0.001821	1103.000000	199.223493	0.828086	0.002074	-0.000026	0.000633	0.002701	0.001759	1104.000000	199.223493	0.828665	0.001731	-0.000220	0.000398	0.003038	0.001423
2047	0.828916	0.001885	-0.000351	0.000554	0.002209	0.002078	1106.000000	199.223493	0.827855	0.001358	-0.000437	0.000557	0.003771	0.000876	1107.000000	199.223493	0.829475	0.002180	0.000182	0.000536	0.001794	0.001070
2050	0.827488	0.003645	-0.000477	0.000253	0.002913	0.000820	1109.000000	199.223493	0.828337	0.002793	0.000401	0.000564	0.003221	0.001274	1110.000000	199.223493	0.829707	0.003093	0.000715	0.000310	0.000907	0.001491
2053	0.828511	0.003068	0.000065	0.000323	0.001119	0.001430	1112.000000	199.223493	0.827122	0.004203	0.000492	0.000447	0.000984	0.001177	1113.000000	199.223493	0.828800	0.002983	0.000262	0.000363	-0.000646	0.001629
2056	0.832021	0.002906	0.000138	0.000461	0.001215	0.002271	1115.000000	199.223493	0.834221	0.003797	0.000733	0.000334	0.001148	0.002167	1116.000000	199.223493	0.832716	0.003527	0.000601	0.000504	-0.000704	0.002347
2059	0.831771	0.003422	0.000602	0.000669	0.000251	0.002002	1118.000000	199.223493	0.829398	0.004730	0.000475	0.000388	-0.000665	0.001674	1119.000000	199.223493	0.827662	0.003729	0.000237	0.000645	0.000492	0.001795
2062	0.830420	0.002983	-0.000895	0.000704	0.000762	0.002173	1121.000000	199.223493	0.832137	0.002286	-0.000126	0.000347	-0.000193	0.001837	1122.000000	199.223493	0.831231	0.001902	-0.000536	0.000419	0.000328	0.001882
2065	0.830883	0.002699	-0.000187	0.000431	0.000405	0.002300	1124.000000	199.223493	0.828530	0.002397	-0.001230	0.000521	-0.000212	0.002438	1125.000000	199.223493	0.827083	0.002838	-0.000341	0.000310	-0.001620	0.002297
2068	0.826601	0.003227	0.000119	0.000369	0.000164	0.002027	1127.000000	199.223493	0.827489	0.002796	0.000365	0.000390	0.000154	0.002193	1128.000000	199.223493	0.828819	0.003605	0.000540	0.000247	0.001408	0.001199
2071	0.830073	0.003598	0.000154	0.000422	0.003405	0.002415	1130.000000	199.223493	0.831983	0.001937	0.000505	0.000509	0.001591	0.001785	1131.000000	199.223493	0.829051	0.002853	0.000715	0.000397	0.003376	0.001290
2074	0.829668	0.004295	0.000179	0.000399	0.000984	0.002481	1133.000000	199.223493	0.830227	0.004283	-0.000144	0.000584	0.000974	0.002204	1134.000000	199.223493	0.834568	0.003120	0.000438	0.000258	0.001428	0.001450
2077	0.836748	0.001516	0.000527	0.000600	-0.000241	0.001695	1136.000000	199.223493	0.833218	0.002264	0.000844	0.000836	-0.003115	0.001529	1137.000000	199.223493	0.830922	0.003367	0.000354	0.000489	-0.003337	0.001603
2080	0.826929	0.001629	0.000207	0.000558	-0.003280	0.001148	1139.000000	199.223493	0.828723	0.001946	0.000808	0.000215	-0.003154	0.000959	1140.000000	199.223493	0.828183	0.001028	0.000305	0.000296	-0.001331	0.000779
2083	0.828202	0.001418	-0.000213	0.000360	-0.001987	0.001175	1142.000000	199.223493	0.828877	0.001913	-0.000722	0.000305	-0.001360	0.001356	1143.000000	199.223493	0.829340	0.002073	-0.000143	0.000502	-0.000154	0.000960
2086	0.827546	0.001067	0.000117	0.000299	-0.001495	0.000562	1145.000000	199.223493	0.828241	0.002396	0.000331	0.000344	-0.000781	0.000961	1146.000000	199.223493	0.826813	0.001035	0.000629	0.000456	0.001186	0.001734
2089	0.825251	0.002977	0.000423	0.000462	0.002488	0.001757	1148.000000	199.223493	0.823920	0.003888	0.000518	0.000115	0.002614	0.000892	1149.000000	199.223493	0.826061	0.002732	0.000328	0.000404	0.002730	0.000841
2092	0.825000	0.003189	0.000148	0.000281	0.002354	0.002538	1151.000000	199.223493	0.827103	0.002716	-0.000152	0.000259	0.001312	0.001999	1152.000000	199.223493	0.828086	0.001642	-0.000490	0.000289	0.002421	0.002252
2095	0.829803	0.003084	0.000917	0.000551	0.001534	0.002391	1154.000000	199.223493	0.832157	0.002050	0.000160	0.000779	0.001678	0.001713	1155.000000	199.223493	0.833507	0.002722	0.000064	0.000497	0.001852	0.001971
2098	0.833738	0.003195	0.000067	0.000647	0.002498	0.003259	1157.000000	199.223493	0.832967	0.003408	-0.000061	0.000681	0.001659	0.002985	1158.000000	199.223493	0.835436	0.003608	0.000217	0.000438	0.002768	0.002159
2101	0.834549	0.003677	-0.000461	0.000174	0.003279	0.001808	1160.000000	199.223493	0.832870	0.003160	-0.000332	0.000469	0.004196	0.002243	1161.000000	199.223493	0.834414	0.001536	0.000090	0.000261	0.002267	0.000825
2104	0.836400	0.003192	0.000480	0.000342	0.000559	0.001854	1163.000000	199.223493	0.835397	0.002849	0.000054	0.000350	-0.000675	0.001030	1164.000000	199.223493	0.838368	0.002243	0.000322	0.000736	0.001061	0.000603
2107	0.838561	0.002223	-0.001244	0.000607	-0.002276	0.001450	1166.000000	199.223493	0.837982	0.001913	-0.001799	0.000948	-0.002546	0.001670	1167.000000	199.223493	0.837828	0.002479	-0.000968	0.000400	-0.000212	0.000992
2110	0.839063	0.002294	0.000300	0.000388	-0.001032	0.001976	1169.000000	199.223493	0.837673	0.002229	0.000525	0.000534	-0.001437	0.002062	1170.000000	199.223493	0.839699	0.002933	0.000556	0.000665	-0.000955	0.001885
2113	0.839005	0.003337	0.001322	0.000496	-0.000559	0.001950	1172.000000	199.223493	0.839429	0.002524	0.000215	0.000498	-0.000965	0.001901	1173.000000	199.223493	0.839661	0.002834	0.000405	0.000354	-0.000685	0.002893
2116	0.838850	0.003143	0.001615	0.000888	0.001003	0.002718	1175.000000	199.223493	0.839969	0.002350	0.000610	0.000698	0.000010	0.003278	1176.000000	199.223493	0.839333	0.003044	0.001314	0.000599	-0.000955	0.003187
2119	0.836130	0.003590	0.001096	0.000336	0.000723	0.003193	1178.000000	199.223493	0.834877	0.003293	-0.000087	0.000573	0.001659	0.002391	1179.000000	199.223493	0.835475	0.003927	-0.000144	0.000720	-0.003279	0.002576
2122	0.834838	0.003215	0.000266	0.000327	-0.003106	0.002359	1181.000000	199.223493	0.834915	0.002229	0.000320	0.000422	-0.002151	0.002196	1182.000000	199.223493	0.834279	0.001971	0.000228	0.000589	-0.002653	0.002423
2125	0.837153	0.002311	-0.000594	0.000867	-0.002575	0.002306	1184.000000	199.223493	0.838619	0.002284	0.000183	0.000573	-0.001369	0.002517	1185.000000	199.223493	0.837809	0.001731	0.000678	0.000407	-0.000492	0.001894
2128	0.834587	0.000816	-0.000888	0.000825	-0.002035	0.002166	1187.000000	199.223493	0.834105	0.001512	-0.000209	0.000577	-0.001813	0.001966	1188.000000	199.223493	0.834568	0.001681	-0.000020	0.000252	0.000868	0.002013
2131	0.834587	0.001837	-0.000333	0.000235	-0.000164	0.002200	1190.000000	199.223493	0.834568	0.000661	-0.000423	0.000282	-0.000540	0.002048	1191.000000	199.223493	0.836073	0.001979	0.000139	0.000205	-0.000318	0.002191
2134	0.833700	0.002485	-0.000737	0.000854	0.001022	0.001976	1193.000000	199.223493	0.834510	0.002745	-0.000115	0.000524	-0.000588	0.001046	1194.000000	199.223493	0.835012	0.002900	0.000463	0.000355	-0.000685	0.001719
2137	0.832716	0.002874	0.000528	0.000706	-0.001871	0.000748	1196.000000	199.223493	0.831829	0.002749	0.000225	0.000740	-0.000067	0.002009	1197.000000	199.223493	0.833951	0.001699	-0.000267	0.000308	-0.000260	0.002010
2140	0.833931	0.002615	-0.000588	0.000613	-0.000955	0.001034	1199.000000	199.223493	0.832465	0.002404	-0.000162	0.000576	-0.001842	0.001510	1200.000000	199.223493	0.831809	0.003418	-0.000366	0.000708	-0.002305	0.002044
2143	0.833488	0.004663	-0.000633	0.000436	-0.001640	0.002051	1202.000000	199.223493	0.833082	0.004554	-0.000123	0.000575	-0.001948	0.001929	1203.000000	199.223493	0.833546	0.005118	-0.000585	0.000476	-0.002151	0.001889
2146	0.833256	0.004589	-0.000132	0.000619	-0.002527	0.001836	1205.000000	199.223493	0.834124	0.004665	-0.001195	0.000808	-0.001234	0.001463	1206.000000	199.223493	0.832735	0.002715	-0.000459	0.000305	0.000415	0.002180
2149	0.834413	0.002098	-0.000099	0.000616	0.001148	0.001289	1208.000000	199.223493	0.835339	0.002461	0.000049	0.000294	0.001524	0.000914	1209.000000	199.223493	0.832812	0.003105	-0.000171	0.000310	0.003048	0.001058
2152	0.831424	0.002127	-0.000001	0.001008	0.002730	0.001837	1211.000000	199.223493	0.829032	0.002254	-0.000490	0.000684	0.000675	0.001459	1212.000000	199.223493	0.831578	0.002320	-0.000184	0.000410	0.001186	0.002017
2155	0.834934	0.001910	0.000105	0.000901	0.000897	0.001794	1214.000000	199.223493	0.833874	0.002279	-0.000767	0.000298	0.002064	0.002141	1215.000000	199.223493	0.835841	0.002300	-0.000220	0.000603	-0.000010	0.001906
2158	0.836304	0.003434	0.000222	0.000722	-0.000308	0.001435	1217.000000	199.223493	0.836188	0.002373	-0.000018	0.000970	-0.001418	0.000870	1218.000000	199.223493	0.834221	0.001471	-0.000481	0.000472	-0.001823	0.001375
2161	0.831076	0.002504	0.000106	0.000299	-0.001003	0.001298	1220.000000	199.223493	0.834587	0.001956	0.000551	0.000343	0.000222	0.001589	1221.000000	199.223493	0.836034	0.002740	0.000887	0.000458	-0.000531	0.001352
2164	0.835282	0.003174	0.000277	0.000564	-0.000656	0.001516	1223.000000	199.223493	0.835629	0.001721	0.000094	0.000497	-0.002392	0.001661	1224.000000	199.223493	0.833391	0.002083	0.000541	0.000381	-0.001726	0.001198
2167	0.833951	0.001582	-0.000226	0.000681	-0.001910	0.001114	1226.000000	199.223493	0.832388	0.003730	-0.000045	0.000493	-0.001688	0.000957	1227.000000	199.223493	0.835185	0.002430	0.000256	0.000673	-0.000087	0.001159
2170	0.835880	0.002714	0.000845	0.000947	-0.000723	0.001698	1229.000000	199.223493	0.837616	0.001678	0.000007	0.000293	0.000540	0.001924	1230.000000	199.223493	0.836574	0.001262	0.000556	0.000533	0.000762	0.001947
2173	0.838792	0.000817	-0.000046	0.000472	0.001042	0.001786	1232.000000	199.223493	0.838831	0.001730	0.001567	0.000631	0.002151	0.001470	1233.000000	199.223493	0.839873	0.001822	0.001315	0.000542	0.001726	0.002182
2176	0.838291	0.001619	0.001078	0.000284	0.001939	0.002194	1235.000000	199.223493	0.838523	0.001293	-0.000287	0.000740	0.001881	0.002327	1236.000000	199.223493	0.838406	0.001652	0.000825	0.000507	0.000029	0.002384
2179	0.839313	0.002175	-0.000225	0.000563	0.000164	0.002269	1238.000000	199.223493	0.839468	0.000776	0.000772	0.000540	0.000126	0.002137	1239.000000	199.223493	0.839332	0.001445	0.001297	0.000757	-0.000125	0.001478
2182	0.837847	0.001730	0.001044	0.000501	0.001090	0.001477	1241.000000	199.223493	0.837577	0.002467	0.001679	0.001042	-0.001283	0.000908	1242.000000	199.223493	0.836979	0.002080	-0.000883	0.000362	-0.000752	0.001895
2185	0.835745	0.002277	-0.000983	0.000083	-0.000077	0.001340	1244.000000	199.223493	0.838735	0.002156	-0.000440	0.000611	-0.001186	0.001670	1245.000000	199.223493	0.837288	0.002220	0.000138	0.000525	-0.002411	0.001059
2188	0.837211	0.002170	-0.000368	0.000344	-0.002489	0.000951	1247.000000	199.223493	0.839583	0.002027	0.000178	0.000367	-0.002990	0.001208	1248.000000	199.223493	0.839969	0.001410	0.000492	0.000460	-0.003241	0.001076
2191	0.839834	0.001518	-0.000012	0.001017	-0.002952	0.001260	1250.000000	199.223493	0.841030	0.002009	0.000206	0.000364	-0.001881	0.001336	1251.000000	199.223493	0.839873	0.000619	0.000925	0.000313	-0.003260	0.000729
2194	0.840953	0.002810	-0.000546	0.000571	-0.004659	0.001005	1253.000000	199.223493	0.839969	0.001795	-0.000693	0.001374	-0.003887	0.001309	1254.000000	199.223493	0.839005	0.002336	-0.000400	0.000340	-0.001996	0.001773
2197	0.835783	0.002541	-0.000224	0.000491	-0.001640	0.002345	1256.000000	199.223493	0.836381	0.002350	-0.000097	0.000548	-0.003009	0.001484	1257.000000	199.223493	0.832619	0.002270	-0.000513	0.000395	-0.003347	0.001520
2200	0.833526	0.003682	0.000583	0.000643	-0.001514	0.001661	1259.000000	199.223493	0.835532	0.003474	0.000563	0.000714	-0.003212	0.002293	1260.000000	199.223493	0.834568	0.002521	0.001233	0.000515	-0.003366	0.002464
2203	0.834240	0.002945	0.000508	0.000960	-0.001360	0.002539	1262.000000	199.223493	0.832735	0.002208	0.001022	0.000411	-0.002527	0.001873	1263.000000	199.223493	0.835340	0.002054	-0.001200	0.000533	-0.003038	0.001901
2206	0.832851	0.001393	0.000595	0.000428	-0.004360	0.001429	1265.000000	199.223493	0.834799	0.001472	0.000776	0.000675	-0.001466	0.001852	1266.000000	199.223493	0.835745	0.001658	-0.000166	0.000474	-0.000656	0.002432
2209	0.836536	0.002457	-0.000419	0.000280	-0.001823	0.002593	1268.000000	199.223493	0.833603	0.002129	-0.001108	0.000327	-0.002325	0.002057	1269.000000	199.223493	0.832774	0.002373	0.001120	0.000496	-0.001476	0.002250
2212	0.831906	0.002512	0.001124	0.000315	-0.002006	0.002591	1271.000000	199.223493	0.831385	0.003070	0.000580	0.000449	-0.000636	0.002848	1272.000000	199.223493	0.831636	0.001694	-0.000261	0.000768	-0.002585	0.003305
2215	0.829418	0.001749	-0.000644	0.000470	-0.002054	0.002632	1274.000000	199.223493	0.831057	0.002624	-0.000297	0.000752	-0.001264	0.001734	1275.000000	199.223493	0.831269	0.001848	-0.001064	0.000272	-0.000183	0.001688
2218	0.831481	0.002928	0.000163	0.000620	-0.002054	0.001106	1277.000000	199.223493	0.831829	0.003190	-0.000326	0.000652	-0.002498	0.000924	1278.000000	199.223493	0.832697	0.003261	0.000096	0.000446	-0.001726	0.001630
2221	0.831867	0.003641	0.000487	0.000580	-0.000646	0.001510	1280.000000	199.223493	0.833025	0.002496	0.000368	0.000423	-0.001881	0.002009	1281.000000	199.223493	0.836844	0.002121	0.000627	0.000670	-0.001774	0.001506
2224	0.837732	0.002405	0.000454	0.000919	-0.002189	0.001001	1283.000000	199.223493	0.836073	0.001763	0.001097	0.000533	-0.003829	0.001430	1284.000000	199.223493	0.834761	0.001457	0.000395	0.000691	-0.001977	0.001241
2227	0.834259	0.002086	-0.000079	0.000225	-0.003241	0.002391	1286.000000	199.223493	0.836767	0.001031	0.000898	0.000571	-0.000984	0.002800	1287.000000	199.223493	0.836188	0.000507	0.000352	0.000697	0.001012	0.002270
2230	0.836613	0.001384	0.000067	0.000507	0.001495	0.001759	1289.000000	199.223493	0.836343	0.001253	0.000564	0.000281	0.001196	0.002608	1290.000000	199.223493	0.831751	0.001555	0.000550	0.000366	0.001331	0.002276
2233	0.831076	0.001449	0.000216	0.000557	0.000791	0.001538	1292.000000	199.223493	0.830112	0.002051	0.000560	0.000549	0.000858	0.001893	1293.000000	199.223493	0.831944	0.002259	0.000586	0.000585	0.000762	0.002249
2236	0.833121	0.001125	-0.000283	0.000576	-0.002546	0.002303	1295.000000	199.223493	0.830864	0.001831	0.000267	0.000421	-0.002315	0.001852	1296.000000	199.223493	0.832832	0.002315	0.000377	0.000637	-0.004774	0.001599
2239	0.830748	0.001950	0.000964	0.000704	-0.004620	0.001524	1298.000000	199.223493	0.829147	0.002681	0.000390	0.000305	-0.003926	0.001161	1299.000000	199.223493	0.828376	0.003313	-0.000671	0.000463	-0.004495	0.001703
2242	0.829205	0.001796	-0.000150	0.000254	-0.003144	0.001792	1301.000000	199.223493	0.831076	0.002564	0.000866	0.000572	-0.004388	0.001924	1302.000000	199.223493	0.833488	0.003762	0.000544	0.000841	-0.002296	0.002039
2245	0.833507	0.002733	0.000265	0.000304	-0.004340	0.001914	1304.000000	199.223493	0.832793	0.002435	0.000306	0.000298	-0.003443	0.001585	1305.000000	199.223493	0.832272	0.003048	0.000176	0.000210	-0.005228	0.001995
2248	0.831809	0.002984	0.000753	0.000601	-0.003694	0.001623	1307.000000	199.223493	0.834317	0.003365	0.000832	0.000627	-0.002488	0.001787	1308.000000	199.223493	0.831230	0.000999	0.000318	0.000572	-0.001968	0.002127
2251	0.835417	0.001183	0.000154	0.000609	-0.003791	0.002258	1310.000000	199.223493	0.835436	0.001532	0.000103	0.000694	-0.000347	0.001335	1311.000000	199.223493	0.835938	0.002578	-0.000348	0.000308	-0.000849	0.002416
2254	0.838658	0.002483	0.000068	0.000589	-0.000772	0.001428	1313.000000	199.223493	0.836844	0.003138	-0.000697	0.000426	-0.002566	0.001644	1314.000000	199.223493	0.836728	0.003192	-0.000222	0.000367	-0.001697	0.001748
2257	0.835494	0.003575	0.000360	0.000343	-0.002681	0.002470	1316.000000	199.223493	0.836458	0.003304	-0.000209	0.000475	-0.001601	0.001624	1317.000000	199.223493	0.836690	0.003369	-0.000853	0.000611	-0.001418	0.000956
2260	0.837153	0.003273	-0.001116	0.000789	-0.001003	0.000934	1319.000000	199.223493	0.836169	0.004335	0.000055	0.000461	-0.000241	0.001039	1320.000000	199.223493	0.835301	0.003613	-0.000325	0.000384	-0.000579	0.000770
2263	0.836497	0.002272	-0.000208	0.000458	0.003289	0.000941	1322.000000	199.223493	0.835340	0.003586	-0.000850	0.000671	0.001447	0.001606	1323.000000	199.223493	0.835783	0.002386	0.000282	0.000330	0.001727	0.000649
2266	0.834703	0.003067	0.000478	0.000574	0.001264	0.001533	1325.000000	199.223493	0.833816	0.004506	0.000613	0.000379	-0.000019	0.001368	1326.000000	199.223493	0.835957	0.003676	-0.000388	0.000550	0.001804	0.001629
2269	0.834973	0.003849	0.000191	0.000302	0.002392	0.001829	1328.000000	199.223493	0.835127	0.005331	0.000748	0.000591	0.004842	0.001753	1329.000000	199.223493	0.834684	0.004730	0.000900	0.001140	0.002884	0.001681
2272	0.834703	0.004870	0.000519	0.000778	0.001967	0.001234	1331.000000	199.223493	0.834915	0.005135	0.000195	0.000447	0.001919	0.000615	1332.000000	199.223493	0.835957	0.003992	0.000220	0.000581	0.001688	0.000644
2275	0.834028	0.003567	0.000619	0.001056	0.002816	0.001559	1334.000000	199.223493	0.833295	0.002661	0.000085	0.000380	0.001283	0.001200	1335.000000	199.223493	0.834144	0.003777	-0.000483	0.000465	-0.000299	0.001721
2278	0.832774	0.003002	-0.000626	0.000485	0.000685	0.001794	1337.000000	199.223493	0.830768	0.003055	-0.001129	0.000239	0.001871	0.002252	1338.000000	199.223493	0.834144	0.003088	0.000481	0.000710	0.002161	0.001826
2281	0.829784	0.003355	0.000146	0.000469	0.001920	0.001160	1340.000000	199.223493	0.831404	0.002336	0.000345	0.000597	0.001871	0.001918	1341.000000	199.223493	0.833391	0.003166	-0.000311	0.000611	0.003559	0.001531
2284	0.831211	0.002018	-0.000786	0.000398	0.003125	0.001366	1343.000000	199.223493	0.826929	0.001582	0.000182	0.000549	0.002652	0.000854	1344.000000	199.223493	0.827527	0.002451	-0.000241	0.000368	0.002556	0.001723
2287	0.829958	0.002396	0.000397	0.000515	0.001264	0.001479	1346.000000	199.223493	0.828954	0.002742	0.000294	0.000548	0.001138	0.001793	1347.000000	199.223493	0.831597	0.004056	0.001603	0.000850	-0.000868	0.002516
2290	0.832658	0.004205	0.000365	0.000717	-0.002662	0.001379	1349.000000	199.223493	0.833217	0.004402	0.000287	0.000633	-0.001649	0.001160	1350.000000	199.223493	0.834143	0.003388	0.000338	0.001038	-0.000463	0.001290
2293	0.836613	0.003673	0.000200	0.000327	-0.001022	0.001320	1352.000000	199.223493	0.835339	0.004244	-0.001039	0.000613	-0.002527	0.001742	1353.000000	199.223493	0.835147	0.003692	-0.000106	0.001381	-0.000521	0.002013
2296	0.830883	0.003869	0.000277	0.000680	-0.001273	0.001961	1355.000000	199.223493	0.832041	0.003874	0.000242	0.000446	-0.000511	0.002518	1356.000000	199.223493	0.830421	0.003904	0.000463	0.000426	0.000068	0.001970
2299	0.831520	0.003284	0.000096	0.000913	0.000125	0.001612	1358.000000	199.223493	0.828472	0.003501	-0.000305	0.000681	0.001061	0.001593	1359.000000	199.223493	0.826370	0.003465	-0.000084	0.000440	0.003067	0.000525
2302	0.824305	0.003141	0.000062	0.000482	0.004359	0.001483	1361.000000	199.223493	0.827855	0.003062	0.000722	0.000555	0.003356	0.001099	1362.000000	199.223493	0.825058	0.002719	0.000071	0.000438	0.003723	0.001416
2305	0.822627	0.001509	0.000494	0.000651	0.003000	0.001701	1364.000000	199.223493	0.819888	0.001873	0.000082	0.000259	0.005131	0.001723	1365.000000	199.223493	0.821046	0.003446	0.000277	0.000144	0.004610	0.001217
2308	0.820968	0.003806	-0.000998	0.000227	0.004147	0.001865	1367.000000	199.223493	0.822704	0.003094	0.000314	0.000349	0.002952	0.001207	1368.000000	199.223493	0.821991	0.002919	0.000216	0.000741	0.003588	0.001267
2311	0.825791	0.002192	-0.000463	0.000784	0.005199	0.001231	1370.000000	199.223493	0.830479	0.003110	-0.001030	0.000401	0.004803	0.001037	1371.000000	199.223493	0.830247	0.003522	-0.000223	0.000414	0.004533	0.001317
2314	0.829996	0.002212	0.000487	0.000323	0.005112	0.000988	1373.000000	199.223493	0.830806	0.001332	0.000222	0.000744	0.002537	0.000568	1374.000000	199.223493	0.831289	0.001690	0.000344	0.000299	0.001919	0.001437
2317	0.830285	0.001612	-0.000031	0.000554	0.001775	0.001104	1376.000000	199.223493	0.827141	0.002052	0.000243	0.000500	0.002218	0.001521	1377.000000	199.223493	0.829012	0.001855	0.000903	0.000365	0.002267	0.001917
2320	0.829012	0.002799	0.001329	0.000362	0.002884	0.002454	1379.000000	199.223493	0.826563	0.002084	-0.000037	0.000448	0.002807	0.002334	1380.000000	199.223493	0.828723	0.003491	-0.000375	0.000360	0.002845	0.001789
2323	0.829282	0.002832	-0.000913	0.000658	0.003270	0.002431	1382.000000	199.223493	0.827315	0.004046	0.000338	0.000260	0.004215	0.002677	1383.000000	199.223493	0.826562	0.004345	0.000480	0.000847	0.001553	0.002906
2326	0.828241	0.004660	0.001215	0.000568	0.004350	0.003121	1385.000000	199.223493	0.827083	0.004038	0.000749	0.000421	0.004996	0.003099	1386.000000	199.223493	0.827218	0.005275	-0.000148	0.000247	0.004427	0.003690
2329	0.830054	0.004478	0.000139	0.000510	0.004321	0.002658	1388.000000	199.223493	0.828144	0.002650	-0.000550	0.000242	0.004408	0.002385	1389.000000	199.223493	0.829456	0.003117	0.001292	0.000442	0.005999	0.001745
2332	0.830112	0.002486	0.001122	0.000674	0.004716	0.001801	1391.000000	199.223493	0.829591	0.001944	-0.000065	0.000601	0.003173	0.002466	1392.000000	199.223493	0.829475	0.002379	0.000293	0.000251	0.003771	0.002202
2335	0.826678	0.001911	-0.000380	0.000384	0.002122	0.002096	1394.000000	199.223493	0.825984	0.002415	-0.001244	0.000603	0.003656	0.001460	1395.000000	199.223493	0.827161	0.003234	-0.000109	0.000189	0.002488	0.001549
2338	0.826871	0.004368	0.000058	0.000696	0.000839	0.001776	1397.000000	199.223493	0.825906	0.002509	0.000078	0.000729	0.002315	0.001964	1398.000000	199.223493	0.823900	0.003731	-0.000300	0.000617	0.003627	0.002318
2341	0.824942	0.004655	-0.000162	0.000845	0.003974	0.001941	1400.000000	199.223493	0.827026	0.005136	-0.000094	0.000789	0.004408	0.001464	1401.000000	199.223493	0.826678	0.004900	-0.000864	0.000694	0.002855	0.002555
2344	0.828067	0.004730	-0.000230	0.000249	0.001418	0.002218	1403.000000	199.223493	0.825000	0.002670	0.000182	0.000729	0.001196	0.001903	1404.000000	199.223493	0.826813	0.003035	0.000037	0.000297	0.001813	0.001835
2347	0.827141	0.001720	0.000355	0.000490	0.000579	0.001549	1406.000000	199.223493	0.828357	0.001158	0.000476	0.000675	0.001360	0.001867	1407.000000	199.223493	0.826543	0.002146	-0.000172	0.000522	0.002151	0.002095
2350	0.825270	0.001238	-0.000148	0.000531	0.003964	0.002762	1409.000000	199.223493	0.826389	0.001737	0.000049	0.000342	0.002093	0.002270	1410.000000	199.223493	0.827913	0.002182	0.000035	0.000370	0.001755	0.002197
2353	0.825463	0.001292	-0.000228	0.000276	0.002016	0.001985	1412.000000	199.223493	0.824209	0.001429	-0.000014	0.000429	0.002971	0.000920	1413.000000	199.223493	0.822936	0.002045	-0.000605	0.000319	0.005122	0.001367
2356	0.824730	0.002009	-0.000418	0.000345	0.004051	0.001809	1415.000000	199.223493	0.821586	0.002746	-0.000170	0.000399	0.003646	0.002030	1416.000000	199.223493	0.822955	0.001270	0.000219	0.000395	0.004909	0.001409
2359	0.823669	0.001700	0.000572	0.000237	0.003183	0.001570	1418.000000	199.223493	0.825579	0.003848	0.000300	0.000468	0.002971	0.001716	1419.000000	199.223493	0.826408	0.002535	-0.000491	0.000306	0.004215	0.001372
2362	0.826620	0.002627	-0.000312	0.000558	0.003212	0.001846	1421.000000	199.223493	0.827276	0.001485	-0.000073	0.000675	0.002672	0.000999	1422.000000	199.223493	0.827720	0.002674	-0.000160	0.000349	0.001813	0.001074
2365	0.827045	0.003744	-0.000318	0.000316	0.001698	0.000621	1424.000000	199.223493	0.827643	0.002830	-0.000010	0.000472	0.001862	0.000986	1425.000000	199.223493	0.829225	0.003079	0.000666	0.000290	0.000203	0.001139
2368	0.827662	0.002832	0.000361	0.000211	0.000463	0.001158	1427.000000	199.223493	0.826350	0.003998	0.000392	0.000452	0.000810	0.001100	1428.000000	199.223493	0.827836	0.002763	0.000848	0.000486	-0.000993	0.001501
2371	0.830305	0.002580	0.000582	0.000418	0.001852	0.002458	1430.000000	199.223493	0.832947	0.003833	0.000595	0.000379	0.001746	0.002250	1431.000000	199.223493	0.831810	0.003474	0.000316	0.000557	0.001235	0.002479
2374	0.830768	0.003493	0.000078	0.000543	0.001784	0.002255	1433.000000	199.223493	0.830980	0.004516	-0.000104	0.000397	0.000376	0.002257	1434.000000	199.223493	0.829668	0.003895	-0.000713	0.000743	0.002054	0.001890
2377	0.832214	0.002695	-0.001484	0.000418	0.001900	0.002307	1436.000000	199.223493	0.833025	0.002314	-0.000255	0.000284	-0.000685	0.001636	1437.000000	199.223493	0.830015	0.001628	-0.000611	0.000376	0.000068	0.001772
2380	0.829205	0.002426	-0.000223	0.000419	0.000849	0.002395	1439.000000	199.223493	0.829205	0.002679	-0.001258	0.000514	-0.000068	0.002464	1440.000000	199.223493	0.828279	0.002962	-0.000445	0.000314	-0.002112	0.001996
2383	0.827180	0.003298	-0.000210	0.000387	-0.001128	0.001670	1442.000000	199.223493	0.828685	0.003104	0.000230	0.000317	-0.002749	0.001596	1443.000000	199.223493	0.828665	0.003624	0.000412	0.000310	-0.000936	0.001331
2386	0.828337	0.003834	0.000341	0.000399	0.001292	0.001786	1445.000000	199.223493	0.830343	0.002556	0.001029	0.000227	-0.000482	0.000476	1446.000000	199.223493	0.827681	0.002835	0.000776	0.000351	0.001890	0.000366
2389	0.828954	0.004236	0.000048	0.000457	-0.002276	0.000588	1448.000000	199.223493	0.830960	0.004327	-0.000107	0.000588	-0.000839	0.000843	1449.000000	199.223493	0.832793	0.003255	0.000649	0.000110	-0.000125	0.000628
2392	0.835378	0.001513	0.000596	0.000634	-0.002035	0.000991	1451.000000	199.223493	0.832697	0.002120	0.000871	0.000835	-0.003453	0.001322	1452.000000	199.223493	0.829726	0.003102	0.000711	0.000461	-0.003752	0.001357
2395	0.827971	0.001974	0.000578	0.000379	-0.003029	0.001284	1454.000000	199.223493	0.828337	0.001981	0.000477	0.000382	-0.002517	0.001090	1455.000000	199.223493	0.826910	0.001428	-0.000012	0.000459	-0.000878	0.000485
2398	0.827701	0.001459	-0.000530	0.000495	-0.001572	0.001296	1457.000000	199.223493	0.828125	0.001620	-0.000789	0.000320	-0.001071	0.001395	1458.000000	199.223493	0.828723	0.001902	-0.000263	0.000489	-0.000849	0.000830
2401	0.827180	0.001010	-0.000137	0.000230	-0.001418	0.000602	1460.000000	199.223493	0.828260	0.002404	0.000447	0.000337	-0.000945	0.000861	1461.000000	199.223493	0.827971	0.001503	0.000071	0.000348	0.000588	0.001489
2404	0.825193	0.002950	-0.000052	0.000479	0.000617	0.001468	1463.000000	199.223493	0.823939	0.003893	0.000561	0.000145	0.001688	0.000792	1464.000000	199.223493	0.825772	0.002584	0.000856	0.000425	0.001890	0.000584
2407	0.822029	0.001913	0.000001	0.000221	0.001486	0.002422	1466.000000	199.223493	0.825193	0.001513	0.000161	0.000441	0.001312	0.001999	1467.000000	199.223493	0.827565	0.001464	-0.000138	0.000479	0.001813	0.002043
2410	0.829398	0.002768	-0.000004	0.000570	0.000222	0.001910	1469.000000	199.223493	0.831790	0.002062	-0.000520	0.000688	0.000733	0.001364	1470.000000	199.223493	0.833970	0.002535	0.000392	0.000619	0.001292	0.001767
2413	0.833314	0.003179	0.000326	0.000749	0.000839	0.002757	1472.000000	199.223493	0.834201	0.003548	0.000077	0.000712	-0.000511	0.002491	1473.000000	199.223493	0.834279	0.003193	0.000433	0.000556	0.000772	0.001895
2416	0.835861	0.004035	0.000338	0.000571	0.001890	0.001658	1475.000000	199.223493	0.835243	0.003992	0.000553	0.000778	0.002903	0.002006	1476.000000	199.223493	0.834722	0.001688	0.000579	0.000342	0.002363	0.000871
2419	0.834105	0.001696	0.000471	0.000339	0.000251	0.001768	1478.000000	199.223493	0.834722	0.002426	-0.000150	0.000247	-0.001524	0.000613	1479.000000	199.223493	0.837423	0.001917	-0.000321	0.000933	0.001485	0.000824
2422	0.836921	0.001655	-0.000541	0.000256	-0.001765	0.001690	1481.000000	199.223493	0.835571	0.001448	-0.000488	0.000636	-0.002816	0.001546	1482.000000	199.223493	0.833507	0.002452	-0.000255	0.000302	-0.001013	0.000926
2425	0.836285	0.003466	0.000620	0.000511	-0.002353	0.001694	1484.000000	199.223493	0.834510	0.003375	0.000835	0.000525	-0.002691	0.002414	1485.000000	199.223493	0.837500	0.004119	0.000741	0.000671	-0.002633	0.002605
2428	0.836323	0.004673	0.000875	0.000659	-0.001389	0.002461	1487.000000	199.223493	0.835417	0.004631	-0.000039	0.000499	-0.000058	0.001498	1488.000000	199.223493	0.835340	0.004461	0.000648	0.000345	-0.000126	0.002593
2431	0.831751	0.004455	0.001794	0.000807	0.002141	0.001970	1490.000000	199.223493	0.835359	0.003025	0.000556	0.000701	0.002662	0.001277	1491.000000	199.223493	0.833025	0.003856	0.000639	0.000487	0.001698	0.001418
2434	0.830691	0.004254	0.000736	0.000372	0.002247	0.002072	1493.000000	199.223493	0.830633	0.003822	-0.000056	0.000560	0.001958	0.002175	1494.000000	199.223493	0.832870	0.004666	-0.000576	0.000767	-0.001707	0.001859
2437	0.833623	0.003526	-0.000089	0.000433	-0.001977	0.001511	1496.000000	199.223493	0.835687	0.001949	0.000329	0.000422	-0.000945	0.001438	1497.000000	199.223493	0.835012	0.002009	0.000382	0.000565	-0.001437	0.001893
2440	0.836574	0.002548	0.000105	0.000997	-0.001418	0.001727	1499.000000	199.223493	0.839275	0.002055	0.000589	0.000392	-0.000858	0.002329	1500.000000	199.223493	0.836227	0.002026	0.000453	0.000427	-0.000154	0.001716
2443	0.834510	0.000757	-0.000890	0.000824	-0.000540	0.001086	1502.000000	199.223493	0.833468	0.001359	0.000307	0.000751	-0.000762	0.001519	1503.000000	199.223493	0.833256	0.001402	0.000596	0.000710	0.001620	0.001640
2446	0.832697	0.001697	0.000298	0.000430	-0.000106	0.002180	1505.000000	199.223493	0.835359	0.000603	0.000104	0.000370	0.000116	0.002011	1506.000000	199.223493	0.834298	0.001344	-0.000192	0.000225	-0.000318	0.002191
2449	0.832292	0.002303	-0.000799	0.000827	0.000714	0.001927	1508.000000	199.223493	0.834741	0.002792	-0.000463	0.000515	-0.000521	0.001032	1509.000000	199.223493	0.834317	0.002713	0.000492	0.000358	-0.000434	0.001596
2452	0.831115	0.002404	0.000826	0.000585	-0.001871	0.000748	1511.000000	199.223493	0.830401	0.001938	-0.000201	0.000817	-0.000116	0.002019	1512.000000	199.223493	0.832909	0.001387	0.000253	0.000491	0.000299	0.001932
2455	0.833352	0.002184	0.000074	0.000537	-0.000405	0.001221	1514.000000	199.223493	0.832639	0.002523	0.000075	0.000594	-0.001013	0.001272	1515.000000	199.223493	0.831018	0.003083	-0.000536	0.000741	-0.003366	0.002119
2458	0.832581	0.004414	-0.000551	0.000450	-0.002575	0.001890	1517.000000	199.223493	0.834259	0.004544	0.000219	0.000671	-0.003106	0.002034	1518.000000	199.223493	0.834954	0.005218	-0.000194	0.000401	-0.003038	0.002203
2461	0.834124	0.004664	0.000033	0.000484	-0.003019	0.001978	1520.000000	199.223493	0.832774	0.004449	-0.000592	0.001009	-0.001717	0.001575	1521.000000	199.223493	0.831655	0.002434	-0.000170	0.000526	-0.000772	0.002038
2464	0.834491	0.002117	0.000301	0.000685	-0.000261	0.001098	1523.000000	199.223493	0.834992	0.002403	-0.000086	0.000190	0.000617	0.001007	1524.000000	199.223493	0.832967	0.003152	-0.000220	0.000295	0.001042	0.001382
2467	0.831945	0.002163	-0.000518	0.000807	0.001293	0.001234	1526.000000	199.223493	0.829302	0.002400	-0.000482	0.000683	-0.000077	0.001341	1527.000000	199.223493	0.830806	0.002180	-0.000208	0.000424	-0.000174	0.002030
2470	0.834414	0.001730	0.000084	0.000912	0.000395	0.001534	1529.000000	199.223493	0.833796	0.002306	-0.001104	0.000213	0.001264	0.001775	1530.000000	199.223493	0.834356	0.002854	-0.000617	0.000388	0.000087	0.001978
2473	0.835320	0.003832	-0.000108	0.000723	-0.000337	0.001415	1532.000000	199.223493	0.835397	0.002781	-0.000482	0.000912	-0.000357	0.001523	1533.000000	199.223493	0.834356	0.001371	-0.001368	0.000659	-0.001138	0.001614
2476	0.831616	0.002153	0.000334	0.000209	-0.000097	0.001911	1535.000000	199.223493	0.834683	0.001904	0.000597	0.000337	0.002440	0.002794	1536.000000	199.223493	0.836266	0.002657	0.000941	0.000448	0.000588	0.002145
2479	0.837500	0.001418	-0.000140	0.000567	0.000096	0.002080	1538.000000	199.223493	0.835995	0.001462	0.000073	0.000507	-0.002556	0.001540	1539.000000	199.223493	0.833854	0.001748	0.000519	0.000394	-0.001968	0.001056
2482	0.833507	0.001648	0.000080	0.000538	-0.000637	0.001427	1541.000000	199.223493	0.832311	0.003745	0.000098	0.000435	-0.000617	0.000883	1542.000000	199.223493	0.834066	0.002563	0.000032	0.000752	0.000376	0.001182
2485	0.835957	0.002711	0.000149	0.000495	-0.000569	0.001730	1544.000000	199.223493	0.835841	0.001819	0.000221	0.000337	-0.000038	0.001830	1545.000000	199.223493	0.834626	0.000876	0.000146	0.000522	0.001090	0.001911
2488	0.836941	0.001566	0.000171	0.000459	0.001804	0.001822	1547.000000	199.223493	0.837577	0.002367	0.001510	0.000662	0.003492	0.001388	1548.000000	199.223493	0.838677	0.002368	0.001689	0.000605	0.003530	0.002416
2491	0.836497	0.002224	0.001233	0.000351	0.002575	0.002288	1550.000000	199.223493	0.837500	0.001759	-0.000426	0.000681	0.002546	0.002292	1551.000000	199.223493	0.837249	0.002183	0.000441	0.000749	0.000810	0.002300
2494	0.838773	0.002526	-0.000300	0.000563	0.001408	0.002472	1553.000000	199.223493	0.836401	0.002925	0.001049	0.000548	0.001842	0.002525	1554.000000	199.223493	0.836805	0.001821	0.001076	0.000824	0.001389	0.001641
2497	0.836072	0.001981	0.000640	0.000541	0.002479	0.001665	1556.000000	199.223493	0.835378	0.001827	0.001474	0.001016	0.000695	0.002003	1557.000000	199.223493	0.836883	0.002064	-0.000756	0.000310	0.000318	0.002047
2500	0.834549	0.001862	-0.000635	0.000374	0.001775	0.001839	1559.000000	199.223493	0.836439	0.001861	-0.000511	0.000631	-0.000058	0.002010	1560.000000	199.223493	0.834356	0.001230	0.000370	0.000455	-0.001630	0.001176
2503	0.833738	0.002082	-0.000131	0.000239	-0.001823	0.000911	1562.000000	199.223493	0.836130	0.001601	0.000245	0.000378	-0.001726	0.000900	1563.000000	199.223493	0.837982	0.001793	0.000770	0.000393	-0.002160	0.001027
2506	0.836343	0.003024	0.000478	0.001007	-0.002238	0.001281	1565.000000	199.223493	0.838310	0.003731	0.000145	0.000319	-0.001013	0.001015	1566.000000	199.223493	0.836883	0.003152	0.000753	0.000254	-0.003144	0.000708
2509	0.837519	0.003934	-0.000516	0.000580	-0.003945	0.000670	1568.000000	199.223493	0.837172	0.003502	-0.000950	0.001256	-0.003395	0.001001	1569.000000	199.223493	0.838233	0.002857	-0.000274	0.000412	-0.000434	0.000405
2512	0.834414	0.003394	-0.000459	0.000560	0.000502	0.001783	1571.000000	199.223493	0.834741	0.003411	0.000275	0.000469	-0.000964	0.001362	1572.000000	199.223493	0.828896	0.002589	-0.000637	0.000390	-0.000762	0.001827
2515	0.831057	0.004283	0.000586	0.000641	0.000772	0.002429	1574.000000	199.223493	0.832137	0.003986	0.000837	0.000539	-0.002845	0.002430	1575.000000	199.223493	0.832137	0.002789	0.001407	0.000398	-0.003057	0.002492
2518	0.833777	0.003067	0.000879	0.000836	-0.000135	0.002850	1577.000000	199.223493	0.834202	0.002412	0.000653	0.000581	-0.002160	0.002068	1578.000000	199.223493	0.834838	0.001969	-0.000692	0.000589	-0.003134	0.001885
2521	0.830266	0.002072	0.000625	0.000426	-0.004138	0.001480	1580.000000	199.223493	0.833314	0.002165	0.000889	0.000625	-0.002218	0.001617	1581.000000	199.223493	0.834086	0.001723	0.000015	0.000401	-0.002382	0.002037
2524	0.834240	0.001457	-0.000659	0.000290	-0.004263	0.001805	1583.000000	199.223493	0.833642	0.002138	-0.000599	0.000345	-0.003212	0.001803	1584.000000	199.223493	0.833796	0.002793	0.001570	0.000477	-0.003588	0.001129
2527	0.832523	0.002622	0.001228	0.000307	-0.002556	0.002389	1586.000000	199.223493	0.832658	0.003401	0.001050	0.000332	-0.002199	0.002321	1587.000000	199.223493	0.832485	0.002252	-0.000279	0.000774	-0.004427	0.002627
2530	0.831077	0.002663	-0.000982	0.000600	-0.004099	0.001807	1589.000000	199.223493	0.832561	0.002895	-0.000264	0.000735	-0.003193	0.000832	1590.000000	199.223493	0.832002	0.002035	-0.000628	0.000230	-0.001157	0.001220
2533	0.831057	0.002950	0.000310	0.000650	-0.002238	0.000968	1592.000000	199.223493	0.832118	0.003217	-0.000560	0.000534	-0.002016	0.001195	1593.000000	199.223493	0.831327	0.002843	0.000084	0.000452	-0.001640	0.001608
2536	0.831038	0.003438	0.000243	0.000669	-0.001003	0.001553	1595.000000	199.223493	0.832677	0.002346	0.000671	0.000441	-0.001379	0.001940	1596.000000	199.223493	0.835012	0.001528	0.000477	0.000634	-0.001553	0.001468
2539	0.835610	0.002203	0.000203	0.000948	-0.002064	0.001013	1598.000000	199.223493	0.834472	0.001163	0.000900	0.000675	-0.002923	0.001508	1599.000000	199.223493	0.832812	0.000967	-0.000353	0.000929	-0.000675	0.000994
2542	0.831269	0.002571	0.000118	0.000157	-0.001312	0.002111	1601.000000	199.223493	0.834664	0.001980	0.000581	0.000589	0.001022	0.002321	1602.000000	199.223493	0.834221	0.001529	0.000273	0.000743	0.001369	0.002202
2545	0.834896	0.002130	-0.000002	0.000521	0.003028	0.001334	1604.000000	199.223493	0.834471	0.002042	0.000128	0.000397	0.002894	0.002097	1605.000000	199.223493	0.832156	0.001279	0.000493	0.000356	0.002431	0.002009
2548	0.831732	0.001191	0.000207	0.000556	0.001977	0.001412	1607.000000	199.223493	0.829167	0.002442	0.000446	0.000490	0.001485	0.001771	1608.000000	199.223493	0.831616	0.002301	0.000172	0.000537	0.001871	0.002311
2551	0.831501	0.001831	-0.000865	0.000461	-0.000550	0.002398	1610.000000	199.223493	0.830421	0.001810	-0.000276	0.000290	-0.000772	0.001477	1611.000000	199.223493	0.829610	0.002486	0.000059	0.000533	-0.003308	0.001984
2554	0.828974	0.002150	0.000196	0.000497	-0.003665	0.001751	1613.000000	199.223493	0.827296	0.002309	0.000198	0.000211	-0.002296	0.001892	1614.000000	199.223493	0.825212	0.003443	-0.000057	0.000811	-0.004012	0.001809
2557	0.827006	0.002195	0.000005	0.000281	-0.003192	0.001784	1616.000000	199.223493	0.828125	0.002952	0.000521	0.000550	-0.004195	0.001946	1617.000000	199.223493	0.827894	0.003323	0.000477	0.000842	-0.002913	0.001916
2560	0.829379	0.002534	0.000381	0.000285	-0.003588	0.002096	1619.000000	199.223493	0.830420	0.003292	0.000117	0.000298	-0.002643	0.001763	1620.000000	199.223493	0.829032	0.002462	0.000177	0.000211	-0.003897	0.002286
2563	0.827237	0.003043	0.000302	0.000379	-0.003395	0.001700	1622.000000	199.223493	0.827141	0.004304	0.000418	0.000502	-0.003183	0.001499	1623.000000	199.223493	0.826697	0.003943	0.000068	0.000574	-0.002566	0.001886
2566	0.829881	0.003920	-0.000646	0.000362	-0.004929	0.001714	1625.000000	199.223493	0.831019	0.002865	-0.000446	0.000534	-0.002122	0.000915	1626.000000	199.223493	0.830671	0.003310	-0.000255	0.000294	-0.000560	0.002457
2569	0.832909	0.003773	-0.000351	0.000454	-0.001090	0.001431	1628.000000	199.223493	0.832156	0.003534	-0.000935	0.000323	-0.002874	0.001649	1629.000000	199.223493	0.832099	0.003879	-0.000662	0.000331	-0.001524	0.001736
2572	0.831713	0.004411	0.000588	0.000323	-0.002768	0.002477	1631.000000	199.223493	0.832600	0.003755	-0.000024	0.000385	-0.001755	0.001618	1632.000000	199.223493	0.833430	0.004161	-0.000956	0.000647	-0.001370	0.000955
2575	0.833989	0.003810	-0.001508	0.000648	-0.000608	0.000733	1634.000000	199.223493	0.834259	0.004567	-0.000182	0.000355	0.000260	0.000765	1635.000000	199.223493	0.834741	0.003707	-0.000240	0.000335	-0.001572	0.000888
2578	0.835089	0.002236	-0.000228	0.000453	0.002855	0.000877	1637.000000	199.223493	0.835957	0.003681	-0.001152	0.000686	0.000868	0.001630	1638.000000	199.223493	0.835532	0.002387	-0.000364	0.000505	0.001003	0.000810
2581	0.834684	0.003069	-0.000145	0.000760	0.000675	0.001565	1640.000000	199.223493	0.835783	0.004742	0.000176	0.000528	-0.000453	0.001310	1641.000000	199.223493	0.836015	0.003668	-0.000795	0.000462	0.001148	0.001627
2584	0.834471	0.003751	0.000637	0.000263	0.001765	0.001757	1643.000000	199.223493	0.834953	0.005311	0.000758	0.000589	0.003028	0.001709	1644.000000	199.223493	0.834722	0.004734	0.000751	0.001153	0.001785	0.001638
2587	0.835417	0.004855	0.000906	0.000758	0.001302	0.001570	1646.000000	199.223493	0.835667	0.005130	0.000470	0.000584	0.001051	0.000770	1647.000000	199.223493	0.836111	0.003985	0.000831	0.000584	0.000068	0.001152
2590	0.833777	0.003580	0.001449	0.000730	0.001697	0.001405	1649.000000	199.223493	0.833816	0.002457	0.000091	0.000382	0.000530	0.000861	1650.000000	199.223493	0.833140	0.003929	-0.000497	0.000459	-0.001041	0.001387
2593	0.831810	0.003382	-0.000401	0.000460	0.000646	0.001782	1652.000000	199.223493	0.831134	0.002872	-0.001272	0.000194	0.001109	0.002009	1653.000000	199.223493	0.835166	0.002578	0.000689	0.000633	0.001804	0.001711
2596	0.832716	0.002586	0.000138	0.000470	0.000984	0.001109	1655.000000	199.223493	0.833758	0.001675	-0.000040	0.000433	0.000993	0.001684	1656.000000	199.223493	0.833932	0.003006	-0.000466	0.000614	0.002392	0.001285
2599	0.831713	0.002010	-0.000626	0.000380	0.001466	0.001263	1658.000000	199.223493	0.829514	0.001644	0.000482	0.000483	0.001755	0.001047	1659.000000	199.223493	0.830884	0.003262	-0.000137	0.000336	0.001293	0.002001
2602	0.833931	0.003711	0.000397	0.000515	-0.000415	0.001466	1661.000000	199.223493	0.832870	0.003352	-0.000173	0.000806	0.000154	0.001937	1662.000000	199.223493	0.835282	0.003499	0.001518	0.000910	-0.002334	0.002817
2605	0.835937	0.003675	0.000343	0.000733	-0.003839	0.001487	1664.000000	199.223493	0.837982	0.004915	-0.000179	0.000961	-0.002566	0.001666	1665.000000	199.223493	0.838445	0.003358	-0.000153	0.001152	-0.001640	0.001612
2608	0.839834	0.003531	-0.000637	0.000684	-0.000636	0.001136	1667.000000	199.223493	0.839275	0.003924	-0.001425	0.000737	-0.002691	0.001763	1668.000000	199.223493	0.839661	0.002770	-0.000056	0.001368	-0.000010	0.001809
2611	0.837076	0.003893	-0.000204	0.000998	-0.000444	0.001821	1670.000000	199.223493	0.834799	0.003612	0.000132	0.000500	0.000039	0.002409	1671.000000	199.223493	0.833584	0.003901	0.000668	0.000327	0.000781	0.001701
2614	0.834568	0.003736	0.000572	0.000657	-0.000145	0.001684	1673.000000	199.223493	0.830536	0.003901	0.000402	0.000698	0.001235	0.001490	1674.000000	199.223493	0.827392	0.003865	0.000674	0.000624	0.003067	0.000525
2617	0.826832	0.004317	-0.000180	0.000467	0.004437	0.001467	1676.000000	199.223493	0.828800	0.003492	0.000457	0.000615	0.004253	0.000760	1677.000000	199.223493	0.827527	0.003788	-0.000059	0.000485	0.004591	0.001238
2620	0.826003	0.003238	-0.000235	0.000555	0.002942	0.001698	1679.000000	199.223493	0.822512	0.003189	-0.000022	0.000259	0.005054	0.001701	1680.000000	199.223493	0.823843	0.004388	-0.000218	0.000453	0.004225	0.001169
2623	0.823264	0.003930	-0.001157	0.000206	0.003405	0.001969	1682.000000	199.223493	0.824768	0.003294	-0.000148	0.000489	0.002469	0.001185	1683.000000	199.223493	0.824962	0.002943	0.000694	0.000651	0.003521	0.001267
2626	0.827469	0.002708	-0.000564	0.000824	0.004369	0.001251	1685.000000	199.223493	0.828627	0.002728	-0.001150	0.000366	0.003617	0.000943	1686.000000	199.223493	0.827932	0.002621	0.000382	0.000363	0.003955	0.001510
2629	0.827353	0.001504	0.001004	0.000426	0.003993	0.001459	1688.000000	199.223493	0.830710	0.001321	-0.000046	0.000787	0.001804	0.000964	1689.000000	199.223493	0.830536	0.001744	0.000059	0.000471	0.001939	0.001443
2632	0.830536	0.001587	-0.000698	0.000623	0.001360	0.000940	1691.000000	199.223493	0.827971	0.001951	0.000589	0.000377	0.000810	0.001560	1692.000000	199.223493	0.828819	0.001877	0.001156	0.000364	0.001756	0.002059
2635	0.829726	0.002353	0.002017	0.000378	0.002874	0.002456	1694.000000	199.223493	0.826023	0.002177	0.000208	0.000277	0.002180	0.002468	1695.000000	199.223493	0.830324	0.002646	-0.000228	0.000280	0.003472	0.001603
2638	0.830247	0.002556	-0.000710	0.000712	0.002527	0.002593	1697.000000	199.223493	0.830806	0.002921	0.000393	0.000293	0.003173	0.002885	1698.000000	199.223493	0.828954	0.003750	0.000216	0.000850	0.002141	0.002752
2641	0.833179	0.003982	0.000570	0.000650	0.005604	0.002802	1700.000000	199.223493	0.831983	0.003301	0.000661	0.000439	0.005141	0.003068	1701.000000	199.223493	0.834394	0.004330	-0.000361	0.000297	0.004205	0.003719
2644	0.834703	0.003472	-0.001084	0.000943	0.004244	0.002654	1703.000000	199.223493	0.832465	0.002534	-0.000987	0.000602	0.003723	0.002589	1704.000000	199.223493	0.833468	0.002088	0.000599	0.000382	0.005806	0.001810
2647	0.832465	0.001936	0.000684	0.000436	0.004687	0.001806	1706.000000	199.223493	0.833295	0.002072	-0.000769	0.000444	0.002411	0.002464	1707.000000	199.223493	0.832620	0.001387	0.000115	0.000162	0.002739	0.002252
2650	0.830054	0.001945	0.000026	0.000615	0.002267	0.002040	1709.000000	199.223493	0.830440	0.002214	-0.001334	0.000593	0.002450	0.002094	1710.000000	199.223493	0.830710	0.001812	-0.000258	0.000312	0.002575	0.001536
2653	0.832253	0.002638	-0.000420	0.000765	0.001427	0.001854	1712.000000	199.223493	0.830536	0.003439	0.001245	0.001154	0.003221	0.001876	1713.000000	199.223493	0.829707	0.002383	0.000081	0.000769	0.003357	0.002360
2656	0.828761	0.003417	0.000414	0.000986	0.003395	0.002021	1715.000000	199.223493	0.830517	0.004504	-0.000341	0.000850	0.003598	0.001773	1716.000000	199.223493	0.830633	0.004661	-0.000146	0.000889	0.004360	0.002162
2659	0.833932	0.004614	-0.000011	0.000317	0.002749	0.001808	1718.000000	199.223493	0.830517	0.003868	0.000242	0.000715	0.001755	0.001850	1719.000000	199.223493	0.831231	0.002955	0.000170	0.000259	0.001514	0.001855
2662	0.829475	0.002194	0.000008	0.000619	-0.000347	0.001731	1721.000000	199.223493	0.831578	0.002666	0.000968	0.000378	-0.000724	0.002037	1722.000000	199.223493	0.830498	0.002938	0.000322	0.000407	0.001109	0.002132
2665	0.827643	0.002541	-0.000498	0.000457	0.002604	0.002653	1724.000000	199.223493	0.827585	0.002488	-0.000524	0.000384	0.001919	0.002260	1725.000000	199.223493	0.829456	0.002697	0.000043	0.000372	0.001649	0.002196
2668	0.826350	0.001744	-0.000190	0.000247	0.001920	0.001981	1727.000000	199.223493	0.825945	0.002104	0.000389	0.000177	0.003212	0.000852	1728.000000	199.223493	0.824421	0.002585	-0.000550	0.000292	0.005970	0.001228
2671	0.823013	0.002336	-0.000072	0.000435	0.003810	0.001817	1730.000000	199.223493	0.821508	0.002775	0.000015	0.000351	0.004041	0.002018	1731.000000	199.223493	0.823206	0.001166	0.000305	0.000368	0.004360	0.001403
2674	0.822589	0.001480	0.000169	0.000263	0.004466	0.001414	1733.000000	199.223493	0.824036	0.003366	-0.000512	0.000403	0.004118	0.001568	1734.000000	199.223493	0.825154	0.002410	-0.000563	0.000312	0.004417	0.001346
2677	0.825154	0.002614	-0.000748	0.000305	0.002595	0.001814	1736.000000	199.223493	0.826833	0.001361	-0.000500	0.000772	0.002961	0.000989	1737.000000	199.223493	0.827527	0.002642	0.000100	0.000204	0.003048	0.001440
2680	0.825984	0.003563	-0.000006	0.000387	0.002440	0.001100	1739.000000	199.223493	0.826910	0.002938	0.000183	0.000354	0.002093	0.001075	1740.000000	199.223493	0.828492	0.003238	0.000816	0.000167	-0.000482	0.000940
2683	0.829302	0.002201	0.000380	0.000195	-0.000231	0.000908	1742.000000	199.223493	0.829475	0.002324	0.000295	0.000440	0.000598	0.001152	1743.000000	199.223493	0.830112	0.001114	0.000999	0.000392	-0.001003	0.001502
2686	0.831829	0.001576	0.000293	0.000418	0.002643	0.002279	1745.000000	199.223493	0.835185	0.002452	0.000463	0.000430	0.002170	0.002173	1746.000000	199.223493	0.834414	0.001951	-0.000161	0.000494	0.001215	0.002481
2689	0.832060	0.002929	0.000125	0.000531	0.001128	0.002546	1748.000000	199.223493	0.831308	0.004367	-0.000017	0.000406	0.000839	0.002078	1749.000000	199.223493	0.830960	0.003151	-0.000673	0.000741	0.001379	0.001933
2692	0.833449	0.001848	-0.000970	0.000625	0.000916	0.002497	1751.000000	199.223493	0.834201	0.001438	-0.000238	0.000293	-0.001727	0.001574	1752.000000	199.223493	0.829745	0.001853	-0.000578	0.000393	-0.000665	0.001779
2695	0.830825	0.001238	0.000205	0.000494	-0.000068	0.002408	1754.000000	199.223493	0.830459	0.002134	-0.000613	0.000729	0.000029	0.002456	1755.000000	199.223493	0.828472	0.002835	-0.000354	0.000347	-0.001727	0.002023
2698	0.829456	0.001775	-0.000356	0.000407	-0.001910	0.001779	1757.000000	199.223493	0.831250	0.001122	-0.000061	0.000483	-0.002276	0.001546	1758.000000	199.223493	0.830671	0.002305	0.000473	0.000316	-0.001437	0.001350
2701	0.830131	0.002752	0.000427	0.000382	0.001707	0.001650	1760.000000	199.223493	0.831887	0.002233	0.001067	0.000205	-0.000608	0.000518	1761.000000	199.223493	0.830015	0.001478	0.000667	0.000288	0.001572	0.000533
2704	0.832176	0.002246	-0.000757	0.000536	-0.001582	0.000730	1763.000000	199.223493	0.834664	0.002219	-0.000339	0.000565	0.000039	0.001022	1764.000000	199.223493	0.834934	0.002357	0.000145	0.000479	0.000087	0.000658
2707	0.834934	0.001813	0.000765	0.000598	-0.002083	0.000980	1766.000000	199.223493	0.832928	0.001972	0.001411	0.000509	-0.002026	0.001812	1767.000000	199.223493	0.832484	0.001930	0.000751	0.000436	-0.002479	0.002041
2710	0.830517	0.001404	0.000494	0.000408	-0.001302	0.001990	1769.000000	199.223493	0.829823	0.001418	-0.000097	0.000464	-0.000695	0.001862	1770.000000	199.223493	0.827932	0.001691	-0.000264	0.000539	-0.000010	0.001029
2713	0.830016	0.002097	-0.000447	0.000513	-0.000395	0.001944	1772.000000	199.223493	0.830922	0.002007	-0.000143	0.000733	0.000067	0.002021	1773.000000	199.223493	0.831231	0.000773	-0.000379	0.000431	0.001562	0.002051
2716	0.828955	0.002069	-0.000304	0.000090	0.000328	0.001574	1775.000000	199.223493	0.831848	0.002598	0.000447	0.000337	0.000897	0.001030	1776.000000	199.223493	0.830787	0.002812	0.000986	0.001057	0.001476	0.001813
2719	0.827546	0.003859	0.000478	0.000826	0.002083	0.002026	1778.000000	199.223493	0.825849	0.004876	0.000849	0.000247	0.002132	0.000924	1779.000000	199.223493	0.829881	0.004499	0.001522	0.000316	0.002681	0.000847
2722	0.826929	0.005671	0.000548	0.000691	0.001553	0.002446	1781.000000	199.223493	0.829842	0.004949	0.000781	0.000727	0.002151	0.002334	1782.000000	199.223493	0.830845	0.003709	0.000386	0.000325	0.001389	0.001803
2725	0.834201	0.004364	-0.000302	0.000613	0.000280	0.001938	1784.000000	199.223493	0.835031	0.004305	-0.000755	0.000524	0.001331	0.001728	1785.000000	199.223493	0.835976	0.003701	0.000953	0.000631	0.001321	0.001780
2728	0.834317	0.003759	0.000134	0.000732	0.000068	0.002279	1787.000000	199.223493	0.835031	0.004061	0.000635	0.000948	-0.000395	0.002578	1788.000000	199.223493	0.834877	0.003554	0.001489	0.000893	0.000762	0.001888
2731	0.836478	0.004216	0.001309	0.000929	0.002816	0.002260	1790.000000	199.223493	0.836323	0.004292	0.001705	0.000833	0.003000	0.002076	1791.000000	199.223493	0.836227	0.002000	0.001199	0.000437	0.002845	0.001168
2734	0.834973	0.001829	0.000745	0.000405	0.000752	0.002109	1793.000000	199.223493	0.835802	0.002460	0.000385	0.000678	0.000762	0.002439	1794.000000	199.223493	0.838252	0.002239	-0.000196	0.000938	0.003009	0.001802
2737	0.837500	0.001945	0.000629	0.000912	0.000434	0.002810	1796.000000	199.223493	0.837076	0.002116	0.000520	0.001197	-0.000974	0.002859	1797.000000	199.223493	0.835108	0.002863	0.000745	0.000753	0.000135	0.001605
2740	0.837211	0.003449	0.001310	0.000391	-0.001669	0.001880	1799.000000	199.223493	0.836458	0.003410	0.000997	0.000438	-0.002122	0.002574	1800.000000	199.223493	0.839178	0.004140	0.000739	0.000670	-0.002614	0.002612
2743	0.839255	0.004646	0.000658	0.000694	-0.002643	0.001817	1802.000000	199.223493	0.836034	0.004575	0.000357	0.000658	0.000193	0.001615	1803.000000	199.223493	0.835706	0.004363	0.000332	0.000281	-0.001524	0.002126
2746	0.832793	0.004486	0.001773	0.000811	0.000222	0.001698	1805.000000	199.223493	0.834857	0.002939	0.000034	0.001004	0.001582	0.001583	1806.000000	199.223493	0.833025	0.003856	0.000524	0.000519	0.001784	0.001414
2749	0.832214	0.003983	0.001001	0.000314	0.002585	0.002004	1808.000000	199.223493	0.833372	0.003135	-0.000318	0.000598	0.002006	0.002165	1809.000000	199.223493	0.835320	0.003777	-0.000111	0.000995	-0.000800	0.001403
2752	0.833989	0.003310	0.000509	0.000515	-0.001881	0.001494	1811.000000	199.223493	0.835976	0.001735	0.000716	0.000369	-0.001765	0.001957	1812.000000	199.223493	0.834606	0.002302	0.001258	0.000596	-0.000280	0.001280
2755	0.835108	0.003294	0.000956	0.000848	-0.000434	0.001561	1814.000000	199.223493	0.837500	0.003007	0.000372	0.000416	0.000039	0.001993	1815.000000	199.223493	0.835764	0.002250	0.000245	0.000436	-0.000415	0.001839
2758	0.834491	0.000759	0.000041	0.000932	-0.000666	0.001092	1817.000000	199.223493	0.834799	0.001885	0.000783	0.000415	-0.000347	0.001370	1818.000000	199.223493	0.833681	0.001297	0.000805	0.000643	0.001533	0.001665
2761	0.831559	0.001534	0.000233	0.000451	-0.000289	0.002247	1820.000000	199.223493	0.835243	0.000674	0.000003	0.000398	-0.000048	0.002087	1821.000000	199.223493	0.836304	0.000832	0.000120	0.000450	-0.000357	0.002200
2764	0.836266	0.001652	-0.000211	0.001068	0.000386	0.002035	1823.000000	199.223493	0.836940	0.001793	-0.000054	0.000665	-0.001032	0.001160	1824.000000	199.223493	0.836883	0.002484	0.000714	0.000294	-0.000453	0.001597
2767	0.834259	0.001248	0.000394	0.000360	-0.002363	0.000789	1826.000000	199.223493	0.832658	0.001485	-0.000533	0.000692	-0.000347	0.002032	1827.000000	199.223493	0.834896	0.001788	0.000059	0.000461	0.000386	0.001924
2770	0.835552	0.001611	-0.000622	0.000801	-0.000530	0.001285	1829.000000	199.223493	0.834066	0.002194	-0.000019	0.000606	-0.001601	0.001445	1830.000000	199.223493	0.832986	0.002272	-0.000782	0.000781	-0.004668	0.001576
2773	0.834182	0.003384	-0.000339	0.000503	-0.003964	0.001469	1832.000000	199.223493	0.834703	0.004325	0.000199	0.000671	-0.004717	0.001522	1833.000000	199.223493	0.836458	0.004432	0.000159	0.000613	-0.004572	0.001709
2776	0.835031	0.004213	-0.000048	0.000448	-0.004041	0.001333	1835.000000	199.223493	0.833777	0.004089	-0.000161	0.001005	-0.002450	0.001467	1836.000000	199.223493	0.831366	0.002485	0.000136	0.000541	-0.001138	0.001979
2779	0.834278	0.002133	0.000482	0.000637	-0.000241	0.001103	1838.000000	199.223493	0.832851	0.002326	0.000134	0.000311	0.000386	0.001061	1839.000000	199.223493	0.832407	0.003239	-0.000590	0.000374	0.000598	0.001385
2782	0.832118	0.002124	-0.001134	0.000536	0.001321	0.001238	1841.000000	199.223493	0.830478	0.002548	-0.000616	0.000654	0.000116	0.001368	1842.000000	199.223493	0.831559	0.002308	-0.000643	0.000417	0.001003	0.001795
2785	0.834645	0.001729	-0.000573	0.000672	0.000656	0.001399	1844.000000	199.223493	0.834394	0.002238	-0.000879	0.000393	0.001630	0.001676	1845.000000	199.223493	0.833256	0.003193	-0.000613	0.000390	0.000685	0.002007
2788	0.835031	0.003814	-0.000402	0.000784	0.000994	0.001513	1847.000000	199.223493	0.834201	0.002576	-0.000676	0.000887	0.001553	0.001554	1848.000000	199.223493	0.834105	0.001268	-0.000630	0.000987	0.001206	0.001847
2791	0.832195	0.002209	0.000530	0.000224	0.002334	0.001807	1850.000000	199.223493	0.831983	0.002062	0.000533	0.000322	0.003790	0.002305	1851.000000	199.223493	0.831520	0.003096	0.000418	0.000286	0.000733	0.002094
2794	0.833410	0.002773	-0.000624	0.000319	0.000347	0.002002	1853.000000	199.223493	0.832812	0.002847	0.000402	0.000482	-0.001620	0.001404	1854.000000	199.223493	0.830170	0.002829	0.000224	0.000347	-0.001765	0.001013
2797	0.829938	0.001598	-0.000669	0.000237	-0.000762	0.001467	1856.000000	199.223493	0.826254	0.001745	0.000163	0.000390	-0.001968	0.001883	1857.000000	199.223493	0.829360	0.001776	0.000184	0.000751	0.000029	0.001445
2800	0.831944	0.001466	0.000277	0.000510	-0.000347	0.001552	1859.000000	199.223493	0.832446	0.001432	-0.000458	0.000599	-0.000405	0.002142	1860.000000	199.223493	0.833063	0.000869	0.000168	0.000510	0.000781	0.002153
2803	0.835243	0.001356	-0.000385	0.000520	0.001061	0.002456	1862.000000	199.223493	0.835089	0.002318	0.001105	0.000704	0.001794	0.002819	1863.000000	199.223493	0.836150	0.003000	0.001331	0.000425	0.002623	0.003209
2806	0.833449	0.003010	0.001041	0.000419	0.001109	0.003516	1865.000000	199.223493	0.833391	0.002977	0.000162	0.000388	0.000878	0.003747	1866.000000	199.223493	0.832562	0.003187	0.000117	0.000820	-0.000125	0.003092
2809	0.834626	0.003028	0.000039	0.000492	0.001476	0.002414	1868.000000	199.223493	0.833951	0.002950	0.001083	0.000521	0.002083	0.002339	1869.000000	199.223493	0.835860	0.001807	0.000878	0.000911	0.000897	0.002057
2812	0.835706	0.001970	0.001044	0.000535	0.000772	0.003017	1871.000000	199.223493	0.834607	0.002219	0.002450	0.000587	-0.000916	0.003040	1872.000000	199.223493	0.836362	0.002462	-0.000170	0.000438	-0.001283	0.002986
2815	0.834838	0.001637	-0.000406	0.000385	0.000087	0.002891	1874.000000	199.223493	0.834954	0.002670	-0.000053	0.000782	-0.001418	0.002820	1875.000000	199.223493	0.832890	0.002137	0.000454	0.000438	-0.002971	0.002061
2818	0.831848	0.002725	0.000192	0.000182	-0.002402	0.001248	1877.000000	199.223493	0.833584	0.003195	-0.000224	0.000601	-0.002209	0.001036	1878.000000	199.223493	0.836362	0.002831	-0.000040	0.000758	-0.003356	0.001735
2821	0.833931	0.003912	0.000252	0.001117	-0.003713	0.002170	1880.000000	199.223493	0.835455	0.003999	0.000005	0.000370	-0.002855	0.001990	1881.000000	199.223493	0.833873	0.003760	0.000186	0.000460	-0.004273	0.000929
2824	0.834684	0.004638	-0.000898	0.000483	-0.003868	0.000725	1883.000000	199.223493	0.834626	0.003870	-0.001305	0.001118	-0.003048	0.001272	1884.000000	199.223493	0.834587	0.002987	0.000366	0.000761	-0.000685	0.000390
2827	0.830498	0.002353	0.000028	0.000633	0.000492	0.001785	1886.000000	199.223493	0.832369	0.002704	-0.000100	0.000448	-0.001215	0.001394	1887.000000	199.223493	0.829494	0.002865	-0.000640	0.000392	-0.000617	0.001807
2830	0.828241	0.003498	-0.000301	0.000405	-0.000106	0.002294	1889.000000	199.223493	0.828897	0.003371	0.001389	0.000486	-0.003462	0.002392	1890.000000	199.223493	0.828993	0.002828	0.001389	0.000395	-0.003193	0.002479
2833	0.830305	0.003371	0.000296	0.000616	0.000126	0.002817	1892.000000	199.223493	0.830691	0.002984	0.000629	0.000582	-0.001929	0.002090	1893.000000	199.223493	0.831173	0.003300	-0.000756	0.000571	-0.001369	0.002500
2836	0.828704	0.002378	0.000684	0.000410	-0.002720	0.001732	1895.000000	199.223493	0.831115	0.002231	-0.000146	0.000386	-0.001746	0.001602	1896.000000	199.223493	0.830633	0.002494	-0.000039	0.000391	-0.001360	0.002149
2839	0.830613	0.002329	-0.000321	0.000290	-0.003221	0.002053	1898.000000	199.223493	0.830806	0.001894	-0.000543	0.000369	-0.003000	0.001864	1899.000000	199.223493	0.830826	0.002821	0.001062	0.000668	-0.003173	0.001330
2842	0.831308	0.002629	0.001215	0.000306	-0.002305	0.002432	1901.000000	199.223493	0.831559	0.003504	0.000934	0.000403	-0.001813	0.002289	1902.000000	199.223493	0.830787	0.002983	0.000346	0.000588	-0.003212	0.002694
2845	0.828742	0.003144	-0.000371	0.000672	-0.003800	0.001833	1904.000000	199.223493	0.829398	0.002428	-0.000524	0.000705	-0.003231	0.000836	1905.000000	199.223493	0.828955	0.002735	-0.000328	0.000299	-0.001350	0.001290
2848	0.828665	0.002981	-0.000037	0.000549	-0.000743	0.000880	1907.000000	199.223493	0.828646	0.002755	-0.000983	0.000387	-0.001032	0.000923	1908.000000	199.223493	0.829128	0.002313	0.000215	0.000512	-0.000598	0.001359
2851	0.827720	0.002355	-0.000032	0.000545	0.000540	0.001357	1910.000000	199.223493	0.831327	0.001751	0.000912	0.000402	-0.000521	0.002057	1911.000000	199.223493	0.833141	0.000505	0.001095	0.000543	-0.001041	0.001387
2854	0.833025	0.000291	0.000607	0.000995	-0.000878	0.000723	1913.000000	199.223493	0.832465	0.000781	0.000765	0.000681	-0.000241	0.001261	1914.000000	199.223493	0.832214	0.001047	-0.000383	0.000923	0.001784	0.001425
2857	0.830517	0.002966	0.000324	0.000319	0.001331	0.001112	1916.000000	199.223493	0.832967	0.002719	0.000976	0.000433	0.002488	0.001731	1917.000000	199.223493	0.831694	0.002660	0.000647	0.000671	0.003433	0.001658
2860	0.833893	0.002193	0.000505	0.000571	0.004321	0.000615	1919.000000	199.223493	0.835089	0.002042	-0.000023	0.000342	0.004061	0.001245	1920.000000	199.223493	0.832427	0.001262	0.000188	0.000255	0.004369	0.000795
2863	0.831674	0.001222	-0.000498	0.000483	0.003877	0.000794	1922.000000	199.223493	0.830440	0.002357	0.000098	0.000404	0.002903	0.001166	1923.000000	199.223493	0.832079	0.002276	0.000014	0.000516	0.002980	0.002005
2866	0.831732	0.001937	-0.000437	0.000793	0.000675	0.002236	1925.000000	199.223493	0.828781	0.000961	-0.000156	0.000372	0.000453	0.001131	1926.000000	199.223493	0.827488	0.001140	0.000213	0.000557	-0.001871	0.001732
2869	0.827585	0.001307	0.000102	0.000446	-0.002865	0.001859	1928.000000	199.223493	0.824325	0.001900	0.000328	0.000159	-0.001283	0.001996	1929.000000	199.223493	0.822145	0.002347	0.000520	0.000660	-0.002816	0.002200
2872	0.825791	0.001738	0.000125	0.000369	-0.003424	0.001727	1931.000000	199.223493	0.826640	0.001867	-0.000224	0.000301	-0.002585	0.002255	1932.000000	199.223493	0.827026	0.002667	-0.000036	0.000527	-0.001611	0.002070
2875	0.828877	0.002165	-0.000129	0.000317	-0.001698	0.002163	1934.000000	199.223493	0.830227	0.003153	0.000026	0.000280	-0.002103	0.001964	1935.000000	199.223493	0.828511	0.002039	0.000227	0.000211	-0.001746	0.002268
2878	0.827025	0.002888	0.000399	0.000348	-0.001881	0.002094	1937.000000	199.223493	0.826428	0.003928	-0.000123	0.000160	-0.001138	0.001647	1938.000000	199.223493	0.827160	0.004097	-0.000502	0.000225	-0.001360	0.001665
2881	0.830189	0.003987	-0.000537	0.000388	-0.003164	0.001507	1940.000000	199.223493	0.829437	0.002787	0.000193	0.000494	-0.002218	0.000923	1941.000000	199.223493	0.828106	0.002503	-0.000039	0.000176	-0.001186	0.002624
2884	0.829417	0.002929	-0.000591	0.000460	-0.001495	0.001467	1943.000000	199.223493	0.828144	0.001915	-0.000928	0.000324	-0.003347	0.001623	1944.000000	199.223493	0.826601	0.002528	-0.000550	0.000321	-0.002208	0.001809
2887	0.827218	0.002621	0.000394	0.000425	-0.002778	0.002475	1946.000000	199.223493	0.828646	0.001649	-0.000067	0.000390	-0.001485	0.001642	1947.000000	199.223493	0.829244	0.001969	-0.000419	0.000636	-0.000656	0.000753
2890	0.831539	0.002838	-0.000617	0.000571	-0.000106	0.000590	1949.000000	199.223493	0.830845	0.003074	-0.000171	0.000349	0.000173	0.000801	1950.000000	199.223493	0.830112	0.002658	-0.000160	0.000355	-0.000675	0.000915
2893	0.830575	0.002656	-0.000068	0.000376	0.003029	0.000883	1952.000000	199.223493	0.831057	0.002866	-0.000628	0.000740	-0.000048	0.001730	1953.000000	199.223493	0.831751	0.001882	-0.000154	0.000623	0.000260	0.000770
2896	0.832195	0.002984	-0.000271	0.000738	0.000444	0.001625	1955.000000	199.223493	0.833970	0.004895	0.000064	0.000556	-0.000482	0.001316	1956.000000	199.223493	0.833816	0.003875	-0.000114	0.000383	0.001707	0.001438
2899	0.831925	0.002903	0.000781	0.000164	0.001755	0.001761	1958.000000	199.223493	0.830131	0.003002	0.000737	0.000595	0.002951	0.001740	1959.000000	199.223493	0.829880	0.002892	0.001478	0.000792	0.002084	0.001451
2902	0.831231	0.003488	0.000871	0.000776	0.001697	0.001547	1961.000000	199.223493	0.830941	0.003561	0.000559	0.000588	0.000482	0.001039	1962.000000	199.223493	0.831154	0.002922	0.000820	0.000580	-0.000945	0.001181
2905	0.829495	0.002570	0.000651	0.000260	0.000540	0.001923	1964.000000	199.223493	0.829842	0.002501	-0.000052	0.000311	-0.000126	0.001151	1965.000000	199.223493	0.830208	0.002633	-0.000105	0.000646	-0.000820	0.001269
2908	0.830074	0.002535	-0.000389	0.000464	-0.000145	0.002072	1967.000000	199.223493	0.829880	0.002396	-0.000401	0.000608	0.000241	0.002400	1968.000000	199.223493	0.831462	0.002182	0.000246	0.000582	0.001302	0.002003
2911	0.831617	0.002523	0.000386	0.000345	-0.000222	0.002008	1970.000000	199.223493	0.832620	0.002275	0.000151	0.000411	-0.001379	0.002620	1971.000000	199.223493	0.834182	0.002985	-0.000347	0.000548	-0.000125	0.002394
2914	0.831096	0.002131	-0.000328	0.000384	-0.000405	0.001902	1973.000000	199.223493	0.828337	0.002134	-0.000100	0.000598	-0.000666	0.002476	1974.000000	199.223493	0.828955	0.003716	-0.000265	0.000269	-0.000820	0.002951
2917	0.832600	0.004079	0.000106	0.000461	-0.001331	0.002064	1976.000000	199.223493	0.831462	0.003256	-0.000400	0.000721	-0.000415	0.002254	1977.000000	199.223493	0.833816	0.003191	0.000985	0.000858	-0.002122	0.002750
2920	0.834491	0.003143	-0.000065	0.000756	-0.002730	0.001054	1979.000000	199.223493	0.837210	0.004848	-0.001225	0.000807	-0.003125	0.001817	1980.000000	199.223493	0.838831	0.003302	-0.001238	0.000731	-0.002787	0.001677
2923	0.839603	0.003558	-0.000709	0.000672	-0.001003	0.001328	1982.000000	199.223493	0.838079	0.003727	-0.001376	0.000751	-0.001485	0.001115	1983.000000	199.223493	0.840722	0.003020	-0.000492	0.001159	-0.000039	0.001822
2926	0.838175	0.003692	-0.000649	0.000981	0.001312	0.000607	1985.000000	199.223493	0.835185	0.003526	-0.000319	0.000354	0.002450	0.000964	1986.000000	199.223493	0.833218	0.003985	0.000348	0.000215	0.002151	0.001004
2929	0.834626	0.003735	0.000198	0.000579	0.001437	0.001370	1988.000000	199.223493	0.831906	0.003609	0.000433	0.000708	0.002296	0.001775	1989.000000	199.223493	0.830266	0.003158	0.000461	0.000610	0.004408	0.000987
2932	0.831250	0.003072	-0.000218	0.000469	0.005874	0.001581	1991.000000	199.223493	0.831771	0.002511	0.000542	0.000593	0.005305	0.000964	1992.000000	199.223493	0.831115	0.002240	-0.000166	0.000470	0.005266	0.001423
2935	0.828009	0.002473	0.000383	0.000652	0.003511	0.001834	1994.000000	199.223493	0.824460	0.002900	0.000305	0.000389	0.005112	0.001703	1995.000000	199.223493	0.825174	0.004203	-0.000159	0.000470	0.004610	0.001262
2938	0.823746	0.003976	-0.001134	0.000214	0.003376	0.001962	1997.000000	199.223493	0.824209	0.003316	-0.000264	0.000482	0.002566	0.001210	1998.000000	199.223493	0.824923	0.002943	0.000015	0.000676	0.004022	0.001251
2941	0.827507	0.002702	-0.000736	0.000818	0.004215	0.001174	2000.000000	199.223493	0.826293	0.003516	-0.001093	0.000376	0.003810	0.000937	2001.000000	199.223493	0.825636	0.003447	0.000559	0.000294	0.003771	0.001540
2944	0.824691	0.002487	0.000959	0.000446	0.003762	0.001543	2003.000000	199.223493	0.827064	0.004036	0.000325	0.000746	0.001968	0.000945	2004.000000	199.223493	0.828318	0.003577	0.000426	0.000476	0.002585	0.001328
2947	0.828472	0.003391	-0.000690	0.000626	0.000646	0.001190	2006.000000	199.223493	0.826485	0.003109	0.000334	0.000370	0.000723	0.001584	2007.000000	199.223493	0.826987	0.003202	0.000829	0.000282	0.002923	0.001906
2950	0.828569	0.003074	0.001654	0.000553	0.003270	0.002499	2009.000000	199.223493	0.826061	0.002152	-0.000101	0.000231	0.002527	0.002468	2010.000000	199.223493	0.829591	0.003071	-0.000354	0.000337	0.004147	0.001545
2953	0.828549	0.003655	-0.001116	0.000531	0.004090	0.002433	2012.000000	199.223493	0.829610	0.003692	-0.000064	0.000425	0.004060	0.002637	2013.000000	199.223493	0.827720	0.004356	0.000177	0.000856	0.003366	0.002640
2956	0.831076	0.004945	0.000868	0.000696	0.005980	0.002644	2015.000000	199.223493	0.827353	0.004929	0.000350	0.000460	0.006019	0.002719	2016.000000	199.223493	0.830729	0.005286	-0.000494	0.000246	0.005826	0.003018
2959	0.831038	0.004808	-0.000619	0.001003	0.004746	0.002379	2018.000000	199.223493	0.829610	0.003658	-0.001008	0.000596	0.004225	0.002456	2019.000000	199.223493	0.829610	0.003674	0.000342	0.000293	0.006144	0.001603
2962	0.829263	0.003563	0.000959	0.000570	0.005353	0.001422	2021.000000	199.223493	0.831308	0.002848	-0.001017	0.000375	0.003800	0.001986	2022.000000	199.223493	0.829958	0.002493	0.000263	0.000123	0.004475	0.001389
2965	0.828742	0.002282	0.000049	0.000615	0.004051	0.001297	2024.000000	199.223493	0.829109	0.002544	-0.000822	0.000637	0.004678	0.002160	2025.000000	199.223493	0.831327	0.001344	-0.000292	0.000309	0.003366	0.001165
2968	0.833584	0.001774	-0.000426	0.000764	0.003665	0.000925	2027.000000	199.223493	0.830633	0.003407	0.000862	0.001186	0.004446	0.001466	2028.000000	199.223493	0.828492	0.002568	0.000026	0.000773	0.005218	0.001794
2971	0.829070	0.003438	0.001277	0.000761	0.004948	0.001522	2030.000000	199.223493	0.832002	0.004586	0.000058	0.000910	0.004340	0.001604	2031.000000	199.223493	0.831925	0.004463	0.000128	0.000890	0.005874	0.001425
2974	0.835089	0.004155	0.000417	0.000434	0.004379	0.001479	2033.000000	199.223493	0.832118	0.003265	0.000907	0.000895	0.003337	0.001412	2034.000000	199.223493	0.830613	0.003124	0.000100	0.000227	0.003694	0.002059
2977	0.829630	0.002183	0.000108	0.000664	0.001341	0.002027	2036.000000	199.223493	0.831289	0.002744	0.001032	0.000373	0.001668	0.002095	2037.000000	199.223493	0.831077	0.002882	0.000171	0.000459	0.002932	0.001883
2980	0.829765	0.002426	-0.000403	0.000445	0.004977	0.001892	2039.000000	199.223493	0.829456	0.002635	-0.000719	0.000407	0.004041	0.001764	2040.000000	199.223493	0.830112	0.002756	-0.000404	0.000557	0.003723	0.002715
2983	0.827122	0.001677	-0.000320	0.000268	0.004476	0.002284	2042.000000	199.223493	0.826620	0.001913	0.000540	0.000274	0.004427	0.001483	2043.000000	199.223493	0.827353	0.002288	-0.000542	0.000294	0.006404	0.001053
2986	0.824498	0.003075	0.000470	0.000323	0.005015	0.001642	2045.000000	199.223493	0.821971	0.003031	0.000250	0.000430	0.005825	0.001292	2046.000000	199.223493	0.823129	0.001133	0.000045	0.000510	0.005710	0.001199
2989	0.821856	0.000894	0.000241	0.000306	0.005170	0.001122	2048.000000	199.223493	0.823148	0.002972	-0.000458	0.000431	0.005469	0.001229	2049.000000	199.223493	0.823515	0.001354	-0.000411	0.000394	0.006578	0.000878
2992	0.823862	0.001611	-0.000180	0.000569	0.004610	0.000846	2051.000000	199.223493	0.826871	0.001389	-0.000935	0.000681	0.003077	0.000948	2052.000000	199.223493	0.826504	0.002121	-0.000077	0.000178	0.004408	0.000710
2995	0.825174	0.003046	0.000287	0.000520	0.003057	0.000998	2054.000000	199.223493	0.827431	0.003258	0.000254	0.000336	0.001813	0.001075	2055.000000	199.223493	0.828723	0.003376	0.000467	0.000382	0.000039	0.000938
2998	0.829090	0.002057	0.000084	0.000247	-0.001051	0.001009	2057.000000	199.223493	0.828839	0.001801	0.000317	0.000432	-0.000926	0.001160	2058.000000	199.223493	0.830498	0.001437	0.000511	0.000513	-0.002353	0.001206
3001	0.831771	0.001542	-0.000078	0.000305	0.000087	0.001873	2060.000000	199.223493	0.833526	0.002707	-0.000090	0.000352	-0.001273	0.001803	2061.000000	199.223493	0.831231	0.003235	-0.000704	0.000164	-0.002373	0.002231
3004	0.830363	0.003155	-0.000773	0.000381	-0.002103	0.002167	2063.000000	199.223493	0.832273	0.004401	-0.000241	0.000406	-0.001370	0.002169	2064.000000	199.223493	0.831867	0.003267	-0.000684	0.000738	-0.001466	0.001942
3007	0.831346	0.001658	-0.000580	0.000748	-0.002045	0.002014	2066.000000	199.223493	0.833025	0.002054	-0.000045	0.000285	-0.002479	0.001234	2067.000000	199.223493	0.829070	0.001866	-0.000135	0.000559	-0.001370	0.001457
3010	0.828896	0.002034	-0.000059	0.000432	-0.001447	0.001701	2069.000000	199.223493	0.830459	0.002134	-0.000821	0.000681	-0.001206	0.001712	2070.000000	199.223493	0.828723	0.002758	-0.000675	0.000256	-0.001495	0.002112
3013	0.828067	0.002684	-0.000421	0.000426	-0.002498	0.001625	2072.000000	199.223493	0.827913	0.003115	-0.000028	0.000495	-0.002778	0.001332	2073.000000	199.223493	0.825887	0.004152	-0.000019	0.000651	-0.000675	0.001502
3016	0.825830	0.004381	0.000647	0.000281	0.001495	0.001650	2075.000000	199.223493	0.827623	0.004287	0.000925	0.000288	0.000087	0.001005	2076.000000	199.223493	0.826042	0.003305	0.000497	0.000294	0.001765	0.000555
3019	0.827045	0.003901	-0.000801	0.000522	-0.001215	0.000895	2078.000000	199.223493	0.828704	0.004007	-0.000242	0.000588	0.000685	0.001154	2079.000000	199.223493	0.830305	0.003373	-0.000153	0.000471	0.001746	0.001246
3022	0.830633	0.003010	0.000546	0.000623	-0.001186	0.001261	2081.000000	199.223493	0.829070	0.002407	0.000802	0.000132	-0.000328	0.001521	2082.000000	199.223493	0.830054	0.001920	0.000140	0.000356	-0.001263	0.002022
3025	0.828819	0.001865	-0.000254	0.000600	-0.001196	0.001966	2084.000000	199.223493	0.827527	0.000888	-0.000256	0.000480	-0.001119	0.001838	2085.000000	199.223493	0.828414	0.001577	-0.000260	0.000540	-0.000087	0.001023
3028	0.831790	0.001622	-0.000727	0.000362	-0.000569	0.001934	2087.000000	199.223493	0.833410	0.001597	0.000648	0.000781	0.000453	0.002121	2088.000000	199.223493	0.834066	0.002094	0.000130	0.000549	0.001939	0.001923
3031	0.832234	0.003900	-0.000244	0.000107	0.001225	0.001451	2090.000000	199.223493	0.833970	0.003595	0.000768	0.000325	0.001755	0.001030	2091.000000	199.223493	0.833314	0.003462	0.001004	0.001054	0.002662	0.001073
3034	0.830208	0.004799	0.001067	0.000694	0.002787	0.001670	2093.000000	199.223493	0.828916	0.005910	0.000667	0.000314	0.001900	0.001086	2094.000000	199.223493	0.833218	0.005301	0.001342	0.000370	0.001938	0.001357
3037	0.829417	0.005992	0.000849	0.000651	0.002980	0.001391	2096.000000	199.223493	0.831327	0.004990	0.000384	0.000857	0.002836	0.002020	2097.000000	199.223493	0.831424	0.003696	0.000485	0.000298	0.002623	0.001388
3040	0.835243	0.004169	-0.001081	0.000489	0.000743	0.002012	2099.000000	199.223493	0.834761	0.004392	-0.000791	0.000518	0.001100	0.001740	2100.000000	199.223493	0.837056	0.003517	0.001233	0.000493	0.000955	0.001832
3043	0.835725	0.003418	0.000614	0.000776	0.000039	0.002283	2102.000000	199.223493	0.836420	0.003371	0.000310	0.000976	-0.000492	0.002591	2103.000000	199.223493	0.837461	0.002793	0.001111	0.000990	0.000974	0.001874
3046	0.839082	0.002978	0.001035	0.001045	0.002170	0.002426	2105.000000	199.223493	0.837191	0.003954	0.001665	0.000835	0.003019	0.002073	2106.000000	199.223493	0.836439	0.001895	0.000984	0.000533	0.002566	0.001225
3049	0.834510	0.001908	0.000506	0.000546	0.000260	0.002129	2108.000000	199.223493	0.833738	0.003045	0.000254	0.000712	0.000627	0.002478	2109.000000	199.223493	0.838329	0.002201	0.000290	0.000804	0.002035	0.002144
3052	0.838368	0.001415	0.000931	0.000841	-0.000135	0.002926	2111.000000	199.223493	0.837481	0.002133	0.000821	0.001054	-0.001119	0.002886	2112.000000	199.223493	0.833121	0.002911	0.001070	0.000711	-0.000801	0.001669
3055	0.835706	0.003350	0.000783	0.000590	-0.004205	0.001808	2114.000000	199.223493	0.834684	0.003550	0.000796	0.000507	-0.004736	0.002186	2115.000000	199.223493	0.837056	0.004357	0.001469	0.000245	-0.005160	0.002690
3058	0.836208	0.004947	0.000690	0.000694	-0.003925	0.002001	2117.000000	199.223493	0.832408	0.004423	0.000768	0.000457	-0.001804	0.002765	2118.000000	199.223493	0.833430	0.004123	0.000228	0.000358	-0.003579	0.002734
3061	0.831655	0.004301	0.000905	0.000988	-0.001640	0.002144	2120.000000	199.223493	0.833333	0.002953	-0.000781	0.000759	-0.000222	0.001589	2121.000000	199.223493	0.831269	0.004137	0.000148	0.000316	0.000984	0.001590
3064	0.829302	0.004226	0.000254	0.000531	0.000530	0.002163	2123.000000	199.223493	0.831038	0.003600	-0.000541	0.000420	0.000376	0.002503	2124.000000	199.223493	0.834279	0.003950	0.000527	0.000833	-0.001746	0.001387
3067	0.834086	0.003313	0.000225	0.000584	-0.002923	0.001448	2126.000000	199.223493	0.833816	0.002316	0.000011	0.000405	-0.002556	0.001676	2127.000000	199.223493	0.832234	0.003373	0.000633	0.000656	-0.001755	0.000715
3070	0.830343	0.003382	0.000210	0.000867	-0.002276	0.000776	2129.000000	199.223493	0.833025	0.002364	-0.000236	0.000198	-0.001910	0.000652	2130.000000	199.223493	0.831346	0.002528	-0.000176	0.000557	-0.002045	0.001435
3073	0.833700	0.001163	-0.000532	0.000790	-0.003559	0.001680	2132.000000	199.223493	0.832735	0.001947	0.000774	0.000417	-0.003077	0.001270	2133.000000	199.223493	0.831173	0.001281	0.000904	0.000624	-0.000830	0.001473
3076	0.830170	0.001043	0.000468	0.000407	-0.003733	0.002303	2135.000000	199.223493	0.833835	0.001052	0.000693	0.000570	-0.004244	0.002741	2136.000000	199.223493	0.834008	0.001863	0.000460	0.000440	-0.004138	0.002515
3079	0.834877	0.002148	0.000554	0.000647	-0.003540	0.002469	2138.000000	199.223493	0.833931	0.002298	-0.000242	0.000605	-0.003983	0.001681	2139.000000	199.223493	0.832832	0.003586	0.000507	0.000202	-0.002730	0.000787
3082	0.832118	0.001697	0.000487	0.000354	-0.003549	0.000438	2141.000000	199.223493	0.830941	0.001836	-0.000537	0.000690	-0.002681	0.000908	2142.000000	199.223493	0.832079	0.002893	-0.000028	0.000481	-0.002257	0.000963
3085	0.834201	0.002621	-0.000204	0.000715	-0.002652	0.001745	2144.000000	199.223493	0.833931	0.002290	0.000275	0.000485	-0.003289	0.000937	2145.000000	199.223493	0.831771	0.002658	-0.000510	0.000913	-0.006105	0.000888
3088	0.832543	0.003634	0.000184	0.000598	-0.004958	0.000914	2147.000000	199.223493	0.833333	0.004426	-0.000408	0.000597	-0.006375	0.000452	2148.000000	199.223493	0.834491	0.004627	0.000161	0.000613	-0.006308	0.000940
3091	0.833198	0.004462	-0.000133	0.000461	-0.004707	0.001129	2150.000000	199.223493	0.832619	0.004037	-0.000457	0.000975	-0.004427	0.000771	2151.000000	199.223493	0.829475	0.002392	-0.000221	0.000636	-0.003183	0.002010
3094	0.831404	0.001712	0.000032	0.000452	-0.002450	0.001308	2153.000000	199.223493	0.830498	0.001327	0.000349	0.000298	-0.001534	0.001440	2154.000000	199.223493	0.830768	0.002455	-0.000347	0.000332	-0.001485	0.001547
3097	0.831597	0.001729	-0.001042	0.000552	0.000781	0.001195	2156.000000	199.223493	0.830575	0.002582	-0.001130	0.000605	-0.000781	0.001463	2157.000000	199.223493	0.831385	0.002196	-0.000548	0.000435	-0.001910	0.001788
3100	0.833430	0.001273	0.000021	0.000587	-0.001293	0.002047	2159.000000	199.223493	0.833391	0.001869	-0.000483	0.000378	0.000145	0.002223	2160.000000	199.223493	0.831347	0.002089	-0.000538	0.000416	0.000656	0.002012
3103	0.832909	0.002166	-0.000931	0.000406	0.000116	0.001616	2162.000000	199.223493	0.833565	0.002070	-0.001431	0.000960	0.000887	0.001788	2163.000000	199.223493	0.834279	0.001363	-0.000579	0.000984	0.000598	0.002006
3106	0.830652	0.001405	0.000676	0.000172	0.002286	0.001837	2165.000000	199.223493	0.830710	0.001213	0.000103	0.000440	0.003704	0.002330	2166.000000	199.223493	0.830440	0.002430	0.000220	0.000323	0.000791	0.002083
3109	0.833758	0.002876	-0.000825	0.000225	0.001042	0.001940	2168.000000	199.223493	0.833738	0.002985	0.000304	0.000455	-0.000849	0.001567	2169.000000	199.223493	0.831366	0.003490	0.000408	0.000342	-0.001157	0.001383
3112	0.832002	0.002587	-0.000461	0.000326	-0.000251	0.001760	2171.000000	199.223493	0.830151	0.003925	-0.000339	0.000398	-0.001707	0.002008	2172.000000	199.223493	0.830613	0.002502	0.000386	0.000776	-0.000887	0.001134
3115	0.833063	0.001828	-0.000025	0.000640	-0.000530	0.001532	2174.000000	199.223493	0.833160	0.001688	-0.000571	0.000602	-0.000926	0.002100	2175.000000	199.223493	0.834124	0.001376	0.000026	0.000513	-0.000887	0.001659
3118	0.835263	0.001358	-0.000029	0.000501	-0.001051	0.002333	2177.000000	199.223493	0.836767	0.002602	0.000776	0.000827	-0.001167	0.003043	2178.000000	199.223493	0.837577	0.003067	0.001391	0.000401	-0.000338	0.003759
3121	0.833854	0.003024	0.001112	0.000416	-0.000357	0.003776	2180.000000	199.223493	0.832909	0.002994	-0.000358	0.000429	-0.000791	0.003596	2181.000000	199.223493	0.831231	0.003223	-0.000560	0.000523	-0.000261	0.003066
3124	0.830613	0.002604	0.000185	0.000441	0.001620	0.002426	2183.000000	199.223493	0.830826	0.002631	0.001181	0.000512	0.002788	0.002351	2184.000000	199.223493	0.833005	0.001370	0.000178	0.000887	0.000106	0.002081
3127	0.832465	0.001362	0.001274	0.000460	0.000019	0.003142	2186.000000	199.223493	0.832639	0.001824	0.001580	0.000310	-0.001051	0.003059	2187.000000	199.223493	0.834008	0.002520	-0.000067	0.000430	-0.001061	0.002955
3130	0.832735	0.001957	0.000078	0.000408	-0.000125	0.002945	2189.000000	199.223493	0.833333	0.003197	0.000021	0.000737	-0.000444	0.002608	2190.000000	199.223493	0.832716	0.002110	0.000583	0.000357	-0.002112	0.002009
3133	0.832041	0.002792	-0.000649	0.000690	-0.003009	0.001513	2192.000000	199.223493	0.833121	0.003058	-0.000417	0.000497	-0.002778	0.001442	2193.000000	199.223493	0.836111	0.002744	-0.000407	0.000597	-0.002816	0.001652
3136	0.832562	0.003293	-0.000519	0.000925	-0.003009	0.002101	2195.000000	199.223493	0.836497	0.004067	-0.000026	0.000360	-0.003038	0.002030	2196.000000	199.223493	0.833777	0.003731	-0.000061	0.000393	-0.004282	0.000931
3139	0.833025	0.003891	-0.000019	0.000397	-0.003395	0.000527	2198.000000	199.223493	0.832755	0.003621	-0.000524	0.001472	-0.003038	0.001269	2199.000000	199.223493	0.832118	0.003160	0.000871	0.000863	-0.001466	0.000539
3142	0.829977	0.002285	0.000094	0.000663	-0.000492	0.001664	2201.000000	199.223493	0.833681	0.002834	-0.000427	0.000491	-0.002199	0.001201	2202.000000	199.223493	0.831539	0.002578	-0.000219	0.000349	-0.000994	0.001712
3145	0.831616	0.002836	-0.000174	0.000479	-0.000675	0.002307	2204.000000	199.223493	0.830498	0.002814	0.001339	0.000489	-0.004610	0.002041	2205.000000	199.223493	0.830787	0.002561	0.001390	0.000394	-0.004996	0.001941
3148	0.832118	0.002915	0.000308	0.000613	-0.001938	0.002218	2207.000000	199.223493	0.831597	0.002829	0.000151	0.000678	-0.002729	0.001953	2208.000000	199.223493	0.832195	0.003351	-0.000381	0.000458	-0.002266	0.002324
3151	0.829919	0.002569	-0.000174	0.000680	-0.002469	0.001843	2210.000000	199.223493	0.831945	0.002189	-0.000792	0.000460	-0.001813	0.001555	2211.000000	199.223493	0.830941	0.002547	-0.000878	0.000671	-0.001707	0.001912
3154	0.831925	0.002788	-0.000113	0.000253	-0.003183	0.002078	2213.000000	199.223493	0.833295	0.001864	-0.000417	0.000347	-0.002923	0.001911	2214.000000	199.223493	0.833758	0.002565	0.000702	0.000781	-0.002556	0.001662
3157	0.833758	0.001406	0.001140	0.000369	-0.003453	0.001968	2216.000000	199.223493	0.836825	0.002429	0.000755	0.000494	-0.003443	0.001250	2217.000000	199.223493	0.835320	0.003929	-0.000149	0.000386	-0.005199	0.001775
3160	0.832041	0.003103	-0.000736	0.000681	-0.005064	0.001163	2219.000000	199.223493	0.832272	0.002482	-0.000261	0.000655	-0.003733	0.000406	2220.000000	199.223493	0.830286	0.002763	-0.000211	0.000236	-0.002045	0.000835
3163	0.831038	0.002865	0.000020	0.000513	-0.001206	0.001084	2222.000000	199.223493	0.830575	0.003336	-0.000586	0.000279	-0.000058	0.000951	2223.000000	199.223493	0.829707	0.002632	0.000031	0.000468	0.000579	0.001191
3166	0.827623	0.002315	-0.000652	0.000362	0.002074	0.001294	2225.000000	199.223493	0.833468	0.002039	0.000479	0.000321	0.001900	0.000886	2226.000000	199.223493	0.834452	0.001335	0.000811	0.000386	0.001534	0.001429
3169	0.834066	0.001150	-0.000644	0.001123	0.001563	0.001783	2228.000000	199.223493	0.831945	0.000791	-0.000173	0.000617	0.001312	0.000971	2229.000000	199.223493	0.832832	0.001017	-0.000317	0.000904	0.002469	0.001206
3172	0.831038	0.003153	0.000532	0.000338	0.000984	0.001364	2231.000000	199.223493	0.832427	0.002501	0.000505	0.000355	0.002189	0.001943	2232.000000	199.223493	0.831887	0.002721	0.001180	0.000806	0.002961	0.001950
3175	0.833661	0.002180	0.000425	0.000549	0.003106	0.001585	2234.000000	199.223493	0.833680	0.001715	0.000566	0.000669	0.001755	0.002115	2235.000000	199.223493	0.831809	0.000991	0.000258	0.000216	0.002951	0.001437
3178	0.830941	0.000748	-0.000741	0.000477	0.002730	0.001613	2237.000000	199.223493	0.829109	0.001630	0.000692	0.000370	0.001717	0.001763	2238.000000	199.223493	0.830575	0.001993	0.000334	0.000567	0.002431	0.002376
3181	0.830228	0.001774	-0.000267	0.000776	0.001813	0.001503	2240.000000	199.223493	0.828993	0.001102	0.000087	0.000306	0.000067	0.001312	2241.000000	199.223493	0.828549	0.001545	-0.000507	0.000549	-0.000685	0.000897
3184	0.828916	0.001251	0.000060	0.000439	-0.001225	0.001106	2243.000000	199.223493	0.826273	0.001955	0.000384	0.000129	0.000106	0.001406	2244.000000	199.223493	0.824923	0.002910	0.000621	0.000632	-0.001013	0.001950
3187	0.827739	0.002206	0.000125	0.000369	-0.001958	0.001852	2246.000000	199.223493	0.827373	0.002113	-0.000217	0.000299	-0.001408	0.002035	2247.000000	199.223493	0.829032	0.002930	0.000001	0.000534	-0.000270	0.001788
3190	0.830228	0.002318	-0.000305	0.000238	0.000723	0.001942	2249.000000	199.223493	0.829822	0.003106	0.000057	0.000263	0.000579	0.001693	2250.000000	199.223493	0.829147	0.001903	-0.000174	0.000475	0.001582	0.001396
3193	0.827006	0.002893	0.000252	0.000464	0.000762	0.002065	2252.000000	199.223493	0.825039	0.004024	0.000213	0.000332	0.000781	0.001380	2253.000000	199.223493	0.824537	0.004434	0.000102	0.000352	0.000550	0.001797
3196	0.826273	0.004377	-0.000644	0.000354	-0.001659	0.001618	2255.000000	199.223493	0.824749	0.003396	0.000292	0.000533	-0.001823	0.001108	2256.000000	199.223493	0.824942	0.003489	-0.000098	0.000124	-0.001910	0.002752
3199	0.825328	0.003842	-0.000653	0.000420	-0.001775	0.001520	2258.000000	199.223493	0.824556	0.002685	-0.000529	0.000450	-0.003125	0.001614	2259.000000	199.223493	0.823708	0.002443	-0.000561	0.000321	-0.002671	0.002000
3202	0.823688	0.002536	0.000554	0.000406	-0.001341	0.001907	2261.000000	199.223493	0.825868	0.002458	0.000070	0.000328	-0.000048	0.001611	2262.000000	199.223493	0.826408	0.001681	-0.000074	0.000705	-0.000174	0.000781
3205	0.827373	0.001697	-0.000807	0.000491	0.000154	0.000799	2264.000000	199.223493	0.826929	0.001398	-0.000526	0.000230	0.000540	0.001107	2265.000000	199.223493	0.826755	0.001233	-0.000402	0.000234	0.000019	0.001361
3208	0.827894	0.002013	-0.000828	0.000435	0.002826	0.000795	2267.000000	199.223493	0.828337	0.002971	-0.000937	0.000711	-0.000473	0.001419	2268.000000	199.223493	0.829012	0.002178	-0.000250	0.000619	0.000868	0.001168
3211	0.828607	0.003469	-0.000797	0.000451	0.000135	0.001351	2270.000000	199.223493	0.828993	0.005570	-0.000388	0.000382	0.000183	0.001888	2271.000000	199.223493	0.830710	0.003724	-0.000242	0.000338	0.002102	0.001723
3214	0.830401	0.003202	0.000782	0.000164	0.001640	0.001677	2273.000000	199.223493	0.828974	0.003489	0.001047	0.000466	0.002961	0.001745	2274.000000	199.223493	0.828704	0.003320	0.001063	0.000870	0.001370	0.001256
3217	0.830729	0.003650	0.000520	0.000787	0.000974	0.001292	2276.000000	199.223493	0.830575	0.003612	0.000548	0.000588	-0.000347	0.001003	2277.000000	199.223493	0.831732	0.002743	0.001014	0.000523	-0.000723	0.001198
3220	0.831983	0.001940	0.000682	0.000258	0.001090	0.001802	2279.000000	199.223493	0.831366	0.002658	0.000676	0.000398	0.000530	0.000984	2280.000000	199.223493	0.832369	0.001482	0.000271	0.000758	0.000020	0.001020
3223	0.831810	0.002252	-0.000112	0.000506	0.000549	0.001734	2282.000000	199.223493	0.831346	0.002410	0.000061	0.000616	0.000801	0.002161	2283.000000	199.223493	0.832060	0.002339	0.000442	0.000472	0.001138	0.002046
3226	0.831154	0.002547	0.000626	0.000267	-0.000482	0.001995	2285.000000	199.223493	0.831771	0.001918	0.000757	0.000317	-0.000675	0.002481	2286.000000	199.223493	0.832716	0.002386	-0.000163	0.000705	0.000010	0.002370
3229	0.830845	0.002012	0.000178	0.000349	-0.000145	0.001868	2288.000000	199.223493	0.829147	0.002381	0.000456	0.000558	-0.000280	0.002507	2289.000000	199.223493	0.828858	0.003692	-0.000102	0.000242	-0.001254	0.003011
3232	0.832716	0.004101	-0.000229	0.000371	-0.001862	0.002042	2291.000000	199.223493	0.831597	0.003247	-0.000607	0.000608	-0.000695	0.002204	2292.000000	199.223493	0.832755	0.002978	0.000536	0.000562	-0.001871	0.002787
3235	0.833160	0.003132	-0.000388	0.000558	-0.003926	0.001394	2294.000000	199.223493	0.833160	0.005026	-0.001436	0.000780	-0.003337	0.001821	2295.000000	199.223493	0.835880	0.003634	-0.000885	0.000569	-0.000839	0.001962
3238	0.836632	0.003503	-0.000602	0.000675	-0.000472	0.001331	2297.000000	199.223493	0.836728	0.003784	-0.001630	0.000624	-0.000424	0.001308	2298.000000	199.223493	0.838330	0.003451	-0.000678	0.001092	0.000116	0.001814
3241	0.835841	0.003992	-0.000928	0.000801	0.001437	0.000601	2300.000000	199.223493	0.832948	0.003091	-0.000639	0.000176	0.002093	0.000819	2301.000000	199.223493	0.831424	0.004071	-0.000205	0.000288	0.000916	0.000952
3244	0.832967	0.004022	-0.000836	0.000445	0.000029	0.001372	2303.000000	199.223493	0.828800	0.003602	0.000196	0.000661	0.001100	0.001833	2304.000000	199.223493	0.827373	0.003512	0.000193	0.000663	0.003684	0.001389
3247	0.829533	0.003533	-0.000227	0.000476	0.004601	0.002252	2306.000000	199.223493	0.828414	0.003759	-0.000181	0.000524	0.003250	0.001788	2307.000000	199.223493	0.829109	0.003165	-0.000331	0.000512	0.003810	0.002091
3250	0.826948	0.002954	-0.000476	0.000661	0.001427	0.001847	2309.000000	199.223493	0.824325	0.002914	0.000380	0.000389	0.002807	0.001812	2310.000000	199.223493	0.824248	0.004409	-0.000004	0.000491	0.002633	0.001504
3253	0.824537	0.003948	-0.000738	0.000235	0.000733	0.002156	2312.000000	199.223493	0.825926	0.003930	-0.000202	0.000478	0.000733	0.001699	2313.000000	199.223493	0.827276	0.003769	0.000040	0.000676	0.003521	0.001142
3256	0.828607	0.003085	-0.000958	0.000833	0.004070	0.001220	2315.000000	199.223493	0.825752	0.003312	-0.000894	0.000509	0.003212	0.001302	2316.000000	199.223493	0.827045	0.003764	0.000927	0.000450	0.003048	0.001830
3259	0.823553	0.002176	0.001161	0.000395	0.003569	0.001535	2318.000000	199.223493	0.825964	0.003746	0.000712	0.000751	0.002363	0.001114	2319.000000	199.223493	0.827064	0.003289	0.000559	0.000503	0.003511	0.001091
3262	0.828183	0.003336	-0.000632	0.000639	0.001640	0.001061	2321.000000	199.223493	0.825810	0.002927	0.000307	0.000387	-0.000039	0.001724	2322.000000	199.223493	0.826350	0.003010	0.000955	0.000299	0.001842	0.002115
3265	0.826466	0.003010	0.000567	0.000942	0.003057	0.002568	2324.000000	199.223493	0.825251	0.002350	-0.000485	0.000378	0.002517	0.002473	2325.000000	199.223493	0.828356	0.003380	-0.000633	0.000217	0.003038	0.001971
3268	0.828588	0.003648	-0.000970	0.000559	0.001427	0.003177	2327.000000	199.223493	0.829475	0.003721	0.000103	0.000446	0.001987	0.003219	2328.000000	199.223493	0.828569	0.004159	0.000218	0.000846	0.003038	0.002751
3271	0.831597	0.004708	0.001092	0.000608	0.004340	0.003136	2330.000000	199.223493	0.827894	0.004790	0.000012	0.000233	0.004437	0.003138	2331.000000	199.223493	0.833314	0.004292	-0.000834	0.000245	0.003308	0.003828
3274	0.832041	0.004403	-0.000731	0.000975	0.003116	0.002875	2333.000000	199.223493	0.830691	0.003519	-0.000837	0.000671	0.002055	0.002788	2334.000000	199.223493	0.830671	0.003507	0.000155	0.000311	0.003887	0.002247
3277	0.829340	0.003554	0.001024	0.000587	0.003887	0.002220	2336.000000	199.223493	0.831809	0.002760	-0.000570	0.000666	0.003347	0.002280	2337.000000	199.223493	0.830189	0.002570	0.000334	0.000128	0.002788	0.002275
3280	0.830112	0.002949	0.000324	0.000598	0.001225	0.002300	2339.000000	199.223493	0.829109	0.002544	-0.000072	0.000612	0.000830	0.003740	2340.000000	199.223493	0.831771	0.001272	-0.000117	0.000415	0.000723	0.002453
3283	0.833314	0.001730	-0.000175	0.000766	0.001495	0.001989	2342.000000	199.223493	0.831404	0.003354	0.000891	0.001177	0.001649	0.002587	2343.000000	199.223493	0.830247	0.002208	0.000424	0.000782	0.002614	0.002793
3286	0.830883	0.003215	0.001542	0.000648	0.002006	0.002480	2345.000000	199.223493	0.833873	0.003780	0.000763	0.000849	0.002768	0.002061	2346.000000	199.223493	0.833700	0.003857	0.000271	0.000852	0.002845	0.001305
3289	0.835996	0.003870	0.000714	0.000346	0.002759	0.000728	2348.000000	199.223493	0.833218	0.002792	0.001224	0.000769	0.001881	0.000594	2349.000000	199.223493	0.832079	0.002744	0.000646	0.000299	0.001524	0.001723
3292	0.830015	0.002047	-0.000014	0.000714	0.000280	0.001907	2351.000000	199.223493	0.832369	0.002365	0.000399	0.000385	0.000752	0.001876	2352.000000	199.223493	0.831038	0.002886	0.000108	0.000445	0.002247	0.001452
3295	0.830227	0.002428	-0.000780	0.000229	0.004350	0.001463	2354.000000	199.223493	0.828260	0.002726	-0.000225	0.000595	0.004697	0.002035	2355.000000	199.223493	0.829032	0.002974	0.000159	0.000677	0.004273	0.002814
3298	0.827064	0.001689	-0.000353	0.000264	0.005324	0.002591	2357.000000	199.223493	0.825386	0.002159	0.000875	0.000268	0.005295	0.001864	2358.000000	199.223493	0.826042	0.002439	-0.000103	0.000301	0.006694	0.001261
3301	0.824363	0.003064	0.000560	0.000269	0.005633	0.002039	2360.000000	199.223493	0.822608	0.003246	0.000220	0.000433	0.005102	0.000733	2361.000000	199.223493	0.823688	0.001490	0.000416	0.000639	0.005585	0.001148
3304	0.823129	0.001562	0.000506	0.000329	0.004012	0.000645	2363.000000	199.223493	0.825116	0.003775	-0.000523	0.000409	0.003983	0.000732	2364.000000	199.223493	0.825926	0.003043	-0.000439	0.000388	0.005980	0.000899
3307	0.825578	0.002359	0.000160	0.000607	0.004244	0.000775	2366.000000	199.223493	0.828646	0.001282	-0.000660	0.000764	0.003443	0.001197	2367.000000	199.223493	0.828781	0.001832	-0.000006	0.000219	0.005314	0.001066
3310	0.829283	0.002081	-0.000112	0.000755	0.003800	0.001232	2369.000000	199.223493	0.832041	0.002996	-0.000223	0.000398	0.001948	0.001147	2370.000000	199.223493	0.834202	0.003388	-0.000211	0.000635	0.001157	0.001557
3313	0.834163	0.003122	-0.000177	0.000278	-0.000048	0.001505	2372.000000	199.223493	0.832427	0.002844	-0.000078	0.000660	-0.000039	0.001616	2373.000000	199.223493	0.833777	0.002817	0.000419	0.000521	-0.000646	0.002213
3316	0.834047	0.002105	0.000369	0.000386	0.000801	0.002048	2375.000000	199.223493	0.833603	0.002715	-0.000143	0.000309	0.000299	0.002380	2376.000000	199.223493	0.829823	0.003465	-0.000507	0.000145	0.000531	0.002989
3319	0.827141	0.004705	-0.000517	0.000390	-0.001109	0.002453	2378.000000	199.223493	0.828646	0.006475	-0.000027	0.000392	0.000067	0.002293	2379.000000	199.223493	0.829417	0.004886	-0.000972	0.000555	-0.000714	0.002095
3322	0.828163	0.003621	-0.000481	0.000749	-0.001997	0.002025	2381.000000	199.223493	0.828164	0.004333	0.000373	0.000484	-0.001428	0.001329	2382.000000	199.223493	0.826003	0.002593	0.000569	0.000532	-0.000096	0.001619
3325	0.826350	0.002192	0.000335	0.000388	0.001003	0.001580	2384.000000	199.223493	0.828376	0.002735	-0.000450	0.000582	0.001051	0.000998	2385.000000	199.223493	0.827990	0.002781	-0.000532	0.000253	0.000473	0.001309
3328	0.826215	0.002837	-0.000584	0.000287	-0.000010	0.001454	2387.000000	199.223493	0.826775	0.003222	0.000045	0.000519	-0.000608	0.001736	2388.000000	199.223493	0.825347	0.004086	-0.000729	0.000698	0.000608	0.001954
3331	0.823823	0.003971	0.000573	0.000305	0.000733	0.001013	2390.000000	199.223493	0.825926	0.004091	0.000430	0.000445	0.000868	0.001320	2391.000000	199.223493	0.825019	0.003224	-0.000249	0.000716	0.003559	0.001661
3334	0.826639	0.003928	-0.001072	0.000390	0.000424	0.001664	2393.000000	199.223493	0.828106	0.004088	-0.000067	0.000448	0.002980	0.001075	2394.000000	199.223493	0.829263	0.003445	-0.000602	0.000410	0.002971	0.001184
3337	0.828298	0.002685	0.000155	0.000560	-0.001013	0.001334	2396.000000	199.223493	0.828646	0.002429	0.000771	0.000109	-0.000280	0.001521	2397.000000	199.223493	0.830247	0.001829	-0.000519	0.000523	-0.000704	0.001996
3340	0.827623	0.002527	-0.000679	0.000737	-0.000183	0.002164	2399.000000	199.223493	0.826312	0.001400	-0.000491	0.000423	0.000328	0.001809	2400.000000	199.223493	0.827257	0.001381	-0.000109	0.000576	0.000010	0.001021
3343	0.830478	0.001858	-0.000607	0.000375	-0.000309	0.001864	2402.000000	199.223493	0.833661	0.001616	0.000568	0.000821	0.000463	0.002118	2403.000000	199.223493	0.834201	0.002086	0.000005	0.000538	0.000771	0.002105
3346	0.833218	0.003653	-0.000134	0.000121	0.001032	0.001569	2405.000000	199.223493	0.835339	0.002846	0.000208	0.000583	0.001794	0.001006	2406.000000	199.223493	0.834452	0.003204	0.000724	0.001178	0.001775	0.001119
3349	0.830826	0.004666	0.000621	0.000807	0.001726	0.001619	2408.000000	199.223493	0.829688	0.005759	0.000430	0.000439	0.001263	0.001090	2409.000000	199.223493	0.832697	0.005442	0.001069	0.000457	0.001495	0.001257
3352	0.829822	0.005895	0.000948	0.000624	0.001987	0.001045	2411.000000	199.223493	0.831404	0.004964	0.000330	0.000878	0.001939	0.002059	2412.000000	199.223493	0.830440	0.003953	0.000281	0.000409	0.002459	0.001373
3355	0.833102	0.004925	-0.001063	0.000491	0.000964	0.002041	2414.000000	199.223493	0.830748	0.005229	-0.000220	0.000342	0.001852	0.001885	2415.000000	199.223493	0.833044	0.004083	0.000474	0.000670	0.000868	0.001812
3358	0.833102	0.003392	0.001036	0.000462	0.000154	0.002306	2417.000000	199.223493	0.833006	0.004295	0.000683	0.000745	0.000097	0.002702	2418.000000	199.223493	0.835224	0.003319	0.001210	0.000944	0.000309	0.001842
3361	0.836034	0.003072	0.001269	0.000989	-0.000116	0.002642	2420.000000	199.223493	0.835031	0.003952	0.002040	0.000717	0.000212	0.003019	2421.000000	199.223493	0.836748	0.001997	0.001082	0.000538	0.000752	0.002331
3364	0.835764	0.002556	0.000653	0.000508	-0.000646	0.002478	2423.000000	199.223493	0.833873	0.003081	0.000209	0.000721	-0.000878	0.002916	2424.000000	199.223493	0.835590	0.002332	-0.000359	0.000749	0.000704	0.002650
3367	0.835590	0.002303	0.001113	0.000789	-0.000936	0.003076	2426.000000	199.223493	0.834703	0.002701	0.001087	0.001066	-0.000704	0.002823	2427.000000	199.223493	0.829707	0.002947	0.001230	0.000673	-0.001485	0.001742
3370	0.831559	0.002288	0.000769	0.000590	-0.004292	0.001797	2429.000000	199.223493	0.831424	0.002601	0.000304	0.000263	-0.004736	0.002186	2430.000000	199.223493	0.833661	0.002849	0.001541	0.000220	-0.004205	0.003281
3373	0.831944	0.003605	0.000249	0.000376	-0.003443	0.002297	2432.000000	199.223493	0.829765	0.003047	0.000640	0.000495	-0.001273	0.003043	2433.000000	199.223493	0.830671	0.002688	0.000249	0.000367	-0.003887	0.002511
3376	0.829784	0.003551	0.001001	0.000976	-0.002276	0.001647	2435.000000	199.223493	0.831269	0.001835	-0.000447	0.000780	-0.002160	0.000622	2436.000000	199.223493	0.828877	0.002924	0.000140	0.000319	-0.000482	0.000596
3379	0.826061	0.002482	0.000231	0.000521	-0.000675	0.001375	2438.000000	199.223493	0.829552	0.003096	-0.000214	0.000399	-0.000598	0.001922	2439.000000	199.223493	0.833661	0.003712	0.000490	0.000850	-0.001119	0.001946
3382	0.832620	0.002672	-0.000019	0.000630	-0.002325	0.001937	2441.000000	199.223493	0.831829	0.001776	0.000079	0.000416	-0.001408	0.002474	2442.000000	199.223493	0.831867	0.003319	-0.000152	0.000837	-0.001244	0.001125
3385	0.830208	0.003358	0.000427	0.000922	-0.000299	0.002261	2444.000000	199.223493	0.831173	0.002162	-0.000174	0.000228	0.000849	0.002972	2445.000000	199.223493	0.829475	0.002094	0.000009	0.000542	-0.000347	0.002899
3388	0.833102	0.001135	0.000122	0.000694	-0.001697	0.002846	2447.000000	199.223493	0.833796	0.001907	0.000962	0.000427	-0.001514	0.002388	2448.000000	199.223493	0.832581	0.002258	0.001483	0.000613	0.000106	0.002261
3391	0.830729	0.001497	0.001102	0.000570	-0.002739	0.003109	2450.000000	199.223493	0.833719	0.001053	0.000852	0.000514	-0.002739	0.003706	2451.000000	199.223493	0.832504	0.002101	0.000877	0.000543	-0.002459	0.003593
3394	0.832967	0.002535	0.000714	0.000670	-0.002344	0.003190	2453.000000	199.223493	0.832967	0.001959	0.000258	0.000428	-0.002488	0.002595	2454.000000	199.223493	0.831308	0.003236	0.000716	0.000318	-0.001138	0.002026
3397	0.831327	0.001564	0.000904	0.000255	-0.002546	0.001283	2456.000000	199.223493	0.831308	0.001946	0.000041	0.000453	-0.002190	0.001240	2457.000000	199.223493	0.831231	0.002727	0.000120	0.000434	-0.001968	0.001056
3400	0.834163	0.002621	-0.000708	0.000777	-0.001736	0.002213	2459.000000	199.223493	0.832176	0.002496	0.000181	0.000529	-0.002710	0.001364	2460.000000	199.223493	0.828723	0.002002	-0.000089	0.000754	-0.003694	0.001456
3403	0.828742	0.001903	-0.000119	0.000600	-0.003453	0.001495	2462.000000	199.223493	0.828183	0.001962	-0.000468	0.000602	-0.005257	0.001212	2463.000000	199.223493	0.828395	0.002675	0.000339	0.000502	-0.005700	0.001384
3406	0.827218	0.002538	-0.000258	0.000422	-0.004254	0.001276	2465.000000	199.223493	0.827199	0.002237	0.000560	0.000407	-0.004707	0.000641	2466.000000	199.223493	0.825559	0.002302	0.000072	0.000622	-0.004234	0.001546
3409	0.828684	0.002812	0.000227	0.000463	-0.002556	0.001274	2468.000000	199.223493	0.827643	0.003074	0.000529	0.000210	-0.001476	0.001440	2469.000000	199.223493	0.828569	0.003124	-0.000302	0.000330	-0.002431	0.001695
3412	0.830073	0.002442	-0.000297	0.000221	0.000415	0.001498	2471.000000	199.223493	0.830883	0.002435	-0.000229	0.000458	-0.000289	0.001198	2472.000000	199.223493	0.831211	0.002310	-0.000549	0.000436	-0.000916	0.001793
3415	0.831809	0.001897	-0.000186	0.000597	-0.001582	0.002124	2474.000000	199.223493	0.829938	0.002046	-0.000393	0.000366	0.000685	0.002066	2475.000000	199.223493	0.827238	0.002584	-0.000101	0.000321	0.001746	0.001407
3418	0.830285	0.003266	-0.000620	0.000298	0.001678	0.001345	2477.000000	199.223493	0.831655	0.002797	-0.001574	0.000869	0.002739	0.001636	2478.000000	199.223493	0.832600	0.001960	-0.000080	0.000956	0.003173	0.001659
3421	0.829475	0.001595	0.000478	0.000133	0.003135	0.001740	2480.000000	199.223493	0.829938	0.001135	-0.000016	0.000498	0.005054	0.001941	2481.000000	199.223493	0.828202	0.002689	0.000488	0.000299	0.002575	0.001880
3424	0.829745	0.004183	-0.000187	0.000382	0.003366	0.001768	2483.000000	199.223493	0.829745	0.003721	0.000213	0.000408	0.001649	0.001226	2484.000000	199.223493	0.827431	0.004076	0.000309	0.000344	0.001331	0.001712
3427	0.830556	0.002923	-0.000573	0.000293	0.002025	0.001841	2486.000000	199.223493	0.830710	0.003921	-0.000447	0.000334	-0.000666	0.002188	2487.000000	199.223493	0.829880	0.002634	-0.000387	0.000488	-0.000723	0.001194
3430	0.831424	0.002812	-0.000301	0.000552	-0.000260	0.001521	2489.000000	199.223493	0.832041	0.001744	-0.000961	0.000525	-0.000675	0.002165	2490.000000	199.223493	0.833951	0.001363	-0.000177	0.000531	-0.001495	0.001578
3433	0.833334	0.001538	-0.000076	0.000517	-0.001196	0.002278	2492.000000	199.223493	0.832311	0.003169	-0.000519	0.000624	-0.001842	0.002827	2493.000000	199.223493	0.832774	0.003345	0.001010	0.000608	-0.001389	0.003522
3436	0.830980	0.001983	0.000588	0.000445	-0.001543	0.003415	2495.000000	199.223493	0.830613	0.002498	-0.000230	0.000484	-0.001196	0.003514	2496.000000	199.223493	0.828800	0.002174	-0.000354	0.000650	-0.000521	0.003039
3439	0.826794	0.002429	-0.000179	0.000149	0.001678	0.002435	2498.000000	199.223493	0.828009	0.002139	0.000656	0.000498	0.002826	0.002347	2499.000000	199.223493	0.829109	0.002793	0.000455	0.000905	0.000077	0.002077
3442	0.830748	0.002085	0.000705	0.000667	-0.000453	0.002998	2501.000000	199.223493	0.831597	0.002243	0.001149	0.000452	-0.000858	0.003088	2502.000000	199.223493	0.832253	0.002947	-0.000331	0.000428	-0.002141	0.002441
3445	0.829745	0.003222	-0.000030	0.000473	0.000646	0.003118	2504.000000	199.223493	0.828588	0.004219	-0.000305	0.000656	0.000193	0.002805	2505.000000	199.223493	0.829784	0.003097	-0.000216	0.000569	-0.001032	0.002412
3448	0.830170	0.003360	-0.000868	0.000655	-0.003395	0.001485	2507.000000	199.223493	0.829668	0.003550	-0.000486	0.000510	-0.002672	0.001484	2508.000000	199.223493	0.832851	0.003255	-0.000448	0.000590	-0.002373	0.001776
3451	0.829147	0.003269	-0.001235	0.000675	-0.003790	0.001828	2510.000000	199.223493	0.831346	0.003933	-0.000226	0.000438	-0.003183	0.001987	2511.000000	199.223493	0.830633	0.003369	-0.000066	0.000391	-0.003848	0.001004
3454	0.830189	0.002497	0.000665	0.000673	-0.002440	0.001034	2513.000000	199.223493	0.830575	0.002134	0.000708	0.001423	-0.003241	0.001269	2514.000000	199.223493	0.830884	0.002233	0.002068	0.000932	-0.002170	0.000691
3457	0.830883	0.002897	0.000588	0.000865	-0.000048	0.001379	2516.000000	199.223493	0.833526	0.002765	-0.000171	0.000677	-0.001669	0.000979	2517.000000	199.223493	0.832504	0.002777	-0.000161	0.000385	0.000154	0.001310
3460	0.832504	0.003085	-0.000089	0.000496	0.000878	0.001927	2519.000000	199.223493	0.829495	0.002417	0.000782	0.000487	-0.002556	0.001259	2520.000000	199.223493	0.830845	0.002585	0.000729	0.000496	-0.002730	0.000618
3463	0.832330	0.002998	-0.000019	0.000380	-0.000752	0.001507	2522.000000	199.223493	0.830440	0.002484	-0.000652	0.000361	-0.001746	0.001434	2523.000000	199.223493	0.831289	0.002927	-0.001053	0.000635	-0.001225	0.001707
3466	0.830170	0.002710	-0.000639	0.000516	-0.001225	0.001162	2525.000000	199.223493	0.832388	0.002439	-0.000611	0.000533	-0.001563	0.001391	2526.000000	199.223493	0.829880	0.002009	-0.000276	0.000767	-0.000067	0.001488
3469	0.833623	0.003587	0.000290	0.000510	-0.002681	0.001907	2528.000000	199.223493	0.834086	0.001958	0.000356	0.000467	-0.002836	0.001870	2529.000000	199.223493	0.834684	0.002659	0.000229	0.000577	-0.003183	0.001959
3472	0.835532	0.001873	0.000703	0.000373	-0.003694	0.002056	2531.000000	199.223493	0.836111	0.002589	0.000262	0.000537	-0.004244	0.001606	2532.000000	199.223493	0.835166	0.003939	-0.000685	0.000657	-0.004167	0.001237
3475	0.833546	0.003272	-0.000909	0.000738	-0.004610	0.001177	2534.000000	199.223493	0.833275	0.002718	-0.000485	0.000707	-0.003077	0.000662	2535.000000	199.223493	0.830208	0.002732	-0.000267	0.000269	-0.001235	0.000889
3478	0.829803	0.002095	0.000221	0.000458	-0.000897	0.001053	2537.000000	199.223493	0.831173	0.003570	-0.000352	0.000239	-0.000685	0.001086	2538.000000	199.223493	0.831443	0.003063	0.000050	0.000472	-0.000935	0.000926
3481	0.830517	0.003394	-0.000206	0.000452	0.000617	0.001288	2540.000000	199.223493	0.836921	0.001803	0.000556	0.000331	0.000926	0.000863	2541.000000	199.223493	0.836130	0.001434	0.001477	0.000411	0.000984	0.001472
3484	0.834799	0.001285	0.000364	0.001043	0.001582	0.001775	2543.000000	199.223493	0.832697	0.001281	-0.000120	0.000630	-0.000087	0.001830	2544.000000	199.223493	0.832870	0.001020	-0.000449	0.000814	0.000984	0.001927
3487	0.831790	0.003373	0.000688	0.000333	-0.000376	0.001198	2546.000000	199.223493	0.832948	0.002783	0.000309	0.000210	0.000251	0.002311	2547.000000	199.223493	0.832600	0.003067	0.000677	0.000762	0.000781	0.002530
3490	0.833507	0.002057	-0.000315	0.000685	0.001273	0.002055	2549.000000	199.223493	0.833507	0.001619	0.000570	0.000668	0.000656	0.002189	2550.000000	199.223493	0.832658	0.001582	-0.000164	0.000272	0.001881	0.001617
3493	0.833854	0.002600	-0.000703	0.000501	0.001997	0.001795	2552.000000	199.223493	0.831308	0.002270	0.000701	0.000369	0.001736	0.001762	2553.000000	199.223493	0.833873	0.001960	0.000044	0.000434	0.002546	0.002365
3496	0.832002	0.002142	0.000007	0.000822	0.003038	0.001347	2555.000000	199.223493	0.832774	0.002693	0.000228	0.000318	0.000887	0.001215	2556.000000	199.223493	0.831482	0.003252	0.000150	0.000498	0.000347	0.000863
3499	0.831810	0.002518	0.000509	0.000705	0.000425	0.000542	2558.000000	199.223493	0.829398	0.002836	0.000497	0.000141	0.001495	0.000772	2559.000000	199.223493	0.829456	0.003914	0.000920	0.000484	0.001910	0.000938
3502	0.831134	0.003083	0.000842	0.000624	0.000772	0.000999	2561.000000	199.223493	0.831655	0.003581	0.000368	0.000798	0.000974	0.001075	2562.000000	199.223493	0.830903	0.003194	0.001286	0.000639	0.001919	0.001165
3505	0.831501	0.002314	0.000379	0.000652	0.002324	0.000756	2564.000000	199.223493	0.832041	0.003139	0.000579	0.000524	0.003038	0.000935	2565.000000	199.223493	0.831385	0.002031	0.000365	0.000652	0.004282	0.001399
3508	0.828125	0.003203	0.000466	0.000576	0.003048	0.000977	2567.000000	199.223493	0.825598	0.004078	0.000302	0.000327	0.001707	0.000833	2568.000000	199.223493	0.825366	0.004613	0.000297	0.000398	0.001504	0.001171
3511	0.825270	0.004176	-0.000495	0.000433	0.000299	0.000726	2570.000000	199.223493	0.822955	0.002732	0.000700	0.000715	0.000280	0.001652	2571.000000	199.223493	0.823013	0.002694	-0.000466	0.000390	0.000714	0.002556
3514	0.823206	0.003086	-0.000465	0.000303	-0.000839	0.001334	2573.000000	199.223493	0.822338	0.002073	-0.000436	0.000481	-0.000839	0.001465	2574.000000	199.223493	0.820814	0.001820	-0.000603	0.000289	-0.001331	0.002045
3517	0.822029	0.001451	0.000096	0.000316	0.001765	0.002313	2576.000000	199.223493	0.825019	0.001988	-0.000113	0.000248	0.002440	0.001408	2577.000000	199.223493	0.826022	0.001646	0.000325	0.000614	0.001196	0.000927
3520	0.827006	0.001708	-0.000382	0.000445	0.001177	0.001155	2579.000000	199.223493	0.826890	0.001399	-0.000263	0.000390	0.001157	0.001157	2580.000000	199.223493	0.827797	0.001278	0.000067	0.000480	0.000994	0.001422
3523	0.828222	0.002085	-0.001355	0.000494	0.003038	0.000888	2582.000000	199.223493	0.829996	0.002841	-0.001084	0.000644	-0.000598	0.001392	2583.000000	199.223493	0.829186	0.002165	-0.000494	0.000595	0.000830	0.001157
3526	0.831385	0.003336	-0.001180	0.000434	0.000048	0.001371	2585.000000	199.223493	0.832928	0.004626	-0.000607	0.000228	0.000251	0.001876	2586.000000	199.223493	0.834337	0.003315	0.000127	0.000450	0.000280	0.002034
3529	0.833951	0.002336	0.000772	0.000167	0.000482	0.001729	2588.000000	199.223493	0.833275	0.003402	0.000175	0.000682	0.000502	0.001778	2589.000000	199.223493	0.832697	0.003339	0.000575	0.001025	-0.001254	0.001376
3532	0.835552	0.003520	0.000742	0.000734	-0.001823	0.001846	2591.000000	199.223493	0.835031	0.002652	0.000176	0.000893	-0.002807	0.001412	2592.000000	199.223493	0.833700	0.002748	0.000853	0.000656	-0.002218	0.001302
3535	0.834240	0.002656	0.000123	0.000454	-0.001090	0.001538	2594.000000	199.223493	0.833777	0.003261	0.000589	0.000422	-0.001341	0.001628	2595.000000	199.223493	0.832754	0.001527	0.000451	0.000723	-0.001572	0.001772
3538	0.833314	0.002353	-0.000533	0.000515	-0.001515	0.002208	2597.000000	199.223493	0.834144	0.002533	0.000146	0.000589	-0.002045	0.002857	2598.000000	199.223493	0.833584	0.002311	0.000205	0.000321	-0.001360	0.003120
3541	0.834722	0.001953	0.000520	0.000219	-0.002845	0.002419	2600.000000	199.223493	0.835012	0.002735	0.000887	0.000271	-0.003761	0.003488	2601.000000	199.223493	0.837153	0.002505	0.000254	0.000746	-0.002922	0.002962
3544	0.834028	0.001708	0.000107	0.000396	-0.003279	0.002153	2603.000000	199.223493	0.832600	0.002769	0.000083	0.000659	-0.002566	0.002426	2604.000000	199.223493	0.833179	0.003261	-0.000254	0.000186	-0.003395	0.003091
3547	0.835012	0.003231	-0.000298	0.000346	-0.005208	0.002153	2606.000000	199.223493	0.832909	0.002470	-0.000094	0.000701	-0.003781	0.001508	2607.000000	199.223493	0.834375	0.001668	0.000904	0.000695	-0.004842	0.001309
3550	0.834877	0.001864	-0.000060	0.000675	-0.005575	0.001114	2609.000000	199.223493	0.836651	0.003701	-0.001535	0.000756	-0.004794	0.001114	2610.000000	199.223493	0.838638	0.002785	-0.000451	0.000824	-0.002546	0.002470
3553	0.839641	0.002358	-0.000309	0.000749	-0.002479	0.001448	2612.000000	199.223493	0.841590	0.002207	-0.000597	0.001249	-0.003019	0.001871	2613.000000	199.223493	0.841648	0.002556	-0.000871	0.001057	-0.002672	0.001093
3556	0.839892	0.003137	-0.001046	0.000772	0.000193	0.000701	2615.000000	199.223493	0.838156	0.002634	-0.000132	0.000598	0.000116	0.001487	2616.000000	199.223493	0.835822	0.003128	-0.000498	0.000328	0.000145	0.001124
3559	0.837423	0.002851	-0.000500	0.000487	-0.000280	0.001195	2618.000000	199.223493	0.834375	0.003310	0.000228	0.000649	0.000579	0.001629	2619.000000	199.223493	0.833353	0.003881	0.000193	0.000663	0.002855	0.001561
3562	0.833835	0.003203	0.000238	0.000711	0.003038	0.001748	2621.000000	199.223493	0.832967	0.004208	0.000176	0.000542	0.002421	0.001737	2622.000000	199.223493	0.831482	0.003121	-0.000227	0.000495	0.003009	0.001820
3565	0.829958	0.003537	-0.000045	0.000703	0.000907	0.001764	2624.000000	199.223493	0.828955	0.002498	0.000166	0.000380	0.002074	0.001731	2625.000000	199.223493	0.829495	0.003214	-0.000002	0.000491	0.002498	0.001472
3568	0.829495	0.001482	0.000246	0.000792	0.000222	0.001912	2627.000000	199.223493	0.830922	0.002175	0.000656	0.000878	-0.000068	0.001445	2628.000000	199.223493	0.831945	0.002099	0.000438	0.000555	0.002980	0.000928
3571	0.830903	0.001711	-0.000449	0.000775	0.002662	0.000997	2630.000000	199.223493	0.827604	0.002823	-0.000215	0.000438	0.001669	0.001057	2631.000000	199.223493	0.829803	0.003383	0.001103	0.000356	0.001640	0.000946
3574	0.824402	0.002206	0.000972	0.000475	0.002855	0.001427	2633.000000	199.223493	0.826408	0.003784	0.000872	0.000697	0.001427	0.001063	2634.000000	199.223493	0.826331	0.003122	0.000570	0.000505	0.003193	0.000886
3577	0.826775	0.003176	-0.000165	0.000509	0.001804	0.001150	2636.000000	199.223493	0.825559	0.002943	0.000657	0.000502	-0.000299	0.001496	2637.000000	199.223493	0.825116	0.003226	0.001193	0.000165	0.000935	0.001452
3580	0.822782	0.003131	0.000366	0.000937	0.000665	0.001206	2639.000000	199.223493	0.821567	0.002569	-0.000545	0.000338	0.001080	0.001377	2640.000000	199.223493	0.824132	0.003404	-0.000489	0.000249	0.002218	0.001416
3583	0.824035	0.003818	-0.000769	0.000440	0.000791	0.002750	2642.000000	199.223493	0.824576	0.003007	0.000098	0.000447	-0.000328	0.001542	2643.000000	199.223493	0.823225	0.002581	-0.000491	0.000236	0.000579	0.001100
3586	0.827488	0.004041	0.000348	0.000573	0.000945	0.001115	2645.000000	199.223493	0.824383	0.004078	0.000071	0.000200	0.000328	0.001077	2646.000000	199.223493	0.830729	0.004479	-0.000815	0.000256	-0.001071	0.001583
3589	0.828954	0.004103	-0.000801	0.000951	-0.001678	0.002189	2648.000000	199.223493	0.829012	0.003275	-0.000701	0.000703	-0.002652	0.001818	2649.000000	199.223493	0.828279	0.003440	0.000231	0.000372	0.000395	0.002177
3592	0.826871	0.002732	0.001049	0.000571	0.000578	0.002384	2651.000000	199.223493	0.830478	0.002673	-0.000263	0.000555	-0.000106	0.002332	2652.000000	199.223493	0.829996	0.002537	0.000339	0.000124	0.000328	0.001947
3595	0.830556	0.002859	0.000900	0.000331	-0.000646	0.002308	2654.000000	199.223493	0.830903	0.002462	0.000370	0.000405	-0.001138	0.003642	2655.000000	199.223493	0.830961	0.001021	0.000093	0.000451	-0.000810	0.001836
3598	0.832234	0.001472	-0.000488	0.000574	0.001225	0.001902	2657.000000	199.223493	0.829861	0.003246	0.000064	0.001198	-0.000309	0.001988	2658.000000	199.223493	0.829668	0.002152	-0.000055	0.000757	-0.000675	0.002024
3601	0.828472	0.002084	0.000942	0.000534	-0.000164	0.001814	2660.000000	199.223493	0.830922	0.002061	0.000126	0.000626	0.000801	0.001231	2661.000000	199.223493	0.831578	0.002503	-0.000318	0.000795	0.002074	0.001264
3604	0.833411	0.002883	0.000852	0.000375	0.001698	0.001351	2663.000000	199.223493	0.832620	0.002813	0.001075	0.000697	0.000521	0.001492	2664.000000	199.223493	0.830633	0.002350	0.000786	0.000320	0.000868	0.001846
3607	0.829224	0.001843	-0.000439	0.000566	-0.001157	0.001774	2666.000000	199.223493	0.832369	0.002365	-0.000012	0.000599	-0.000637	0.001947	2667.000000	199.223493	0.829668	0.002972	0.000512	0.000334	0.001071	0.001700
3610	0.829224	0.002795	-0.000754	0.000207	0.002402	0.002033	2669.000000	199.223493	0.828144	0.002755	0.000100	0.000627	0.001543	0.002771	2670.000000	199.223493	0.828164	0.002826	0.000718	0.000977	0.001582	0.003163
3613	0.825752	0.001751	-0.000663	0.000358	0.002623	0.003388	2672.000000	199.223493	0.825829	0.002311	0.001138	0.000230	0.002662	0.003399	2673.000000	199.223493	0.827103	0.002669	0.000541	0.000597	0.003048	0.003329
3616	0.824807	0.003215	0.000408	0.000272	0.001273	0.004091	2675.000000	199.223493	0.823225	0.003362	-0.000035	0.000378	0.001736	0.003179	2676.000000	199.223493	0.824846	0.001777	0.000176	0.000559	0.001678	0.003181
3619	0.824942	0.001571	0.000488	0.000334	0.001562	0.002126	2678.000000	199.223493	0.826023	0.003835	-0.000250	0.000421	0.002054	0.001995	2679.000000	199.223493	0.828356	0.003325	-0.000386	0.000352	0.003395	0.002608
3622	0.827970	0.002996	0.000552	0.000393	0.001833	0.001697	2681.000000	199.223493	0.830941	0.002078	0.000015	0.000631	0.001476	0.001926	2682.000000	199.223493	0.829764	0.002255	0.000292	0.000200	0.003067	0.002688
3625	0.830363	0.002249	0.000388	0.000736	0.002884	0.001691	2684.000000	199.223493	0.832523	0.003059	-0.000586	0.000211	0.002093	0.001062	2685.000000	199.223493	0.834202	0.003388	-0.000236	0.000624	0.001784	0.001217
3628	0.834877	0.002997	0.000336	0.000680	0.000444	0.001289	2687.000000	199.223493	0.834471	0.002421	-0.000525	0.000448	0.000270	0.001513	2688.000000	199.223493	0.833835	0.002804	0.000218	0.000529	-0.000183	0.001985
3631	0.832118	0.002485	0.000343	0.000398	0.001582	0.001656	2690.000000	199.223493	0.830150	0.001196	0.000221	0.000462	0.001813	0.002185	2691.000000	199.223493	0.827122	0.002037	-0.000191	0.000400	0.001553	0.002792
3634	0.824576	0.003124	-0.000496	0.000399	0.000395	0.002508	2693.000000	199.223493	0.824692	0.004625	-0.000524	0.000320	0.001196	0.002223	2694.000000	199.223493	0.826505	0.004054	-0.000736	0.000537	0.000656	0.001969
3637	0.826408	0.002995	-0.000013	0.000467	-0.000801	0.001751	2696.000000	199.223493	0.825347	0.003589	0.000731	0.000315	-0.000675	0.000898	2697.000000	199.223493	0.824672	0.002008	0.000824	0.000357	0.000183	0.001421
3640	0.823862	0.001395	0.000714	0.000223	0.000299	0.002055	2699.000000	199.223493	0.824653	0.003005	-0.000285	0.000482	0.000260	0.001600	2700.000000	199.223493	0.823592	0.002585	-0.000532	0.000253	0.001292	0.000739
3643	0.823013	0.001980	-0.000374	0.000357	-0.001321	0.001420	2702.000000	199.223493	0.823611	0.003271	0.000237	0.000477	-0.001534	0.001730	2703.000000	199.223493	0.821470	0.002795	-0.001193	0.000555	-0.000887	0.002010
3646	0.820467	0.002270	0.000425	0.000180	0.000096	0.001437	2705.000000	199.223493	0.824402	0.003338	0.000036	0.000335	0.000077	0.001760	2706.000000	199.223493	0.825424	0.003477	-0.000748	0.000686	0.001485	0.002496
3649	0.824653	0.002970	-0.000973	0.000401	-0.000444	0.002059	2708.000000	199.223493	0.827334	0.003769	-0.000273	0.000382	0.000289	0.003113	2709.000000	199.223493	0.828125	0.002746	-0.000759	0.000354	0.000849	0.002323
3652	0.827450	0.002264	0.000734	0.000429	-0.000714	0.001150	2711.000000	199.223493	0.828472	0.002351	0.000523	0.000212	0.000289	0.001069	2712.000000	199.223493	0.828202	0.001341	-0.001064	0.000651	0.000589	0.001036
3655	0.827373	0.002510	-0.001051	0.000536	0.001389	0.001364	2714.000000	199.223493	0.824595	0.001442	-0.000771	0.000214	0.001514	0.001214	2715.000000	199.223493	0.824151	0.002903	-0.000316	0.000474	0.001447	0.001178
3658	0.828376	0.002710	-0.000320	0.000407	0.001649	0.001368	2717.000000	199.223493	0.833063	0.002015	0.000760	0.000833	0.002903	0.001592	2718.000000	199.223493	0.832292	0.003173	0.000375	0.000322	0.001967	0.002179
3661	0.831790	0.004488	0.000074	0.000105	0.002286	0.001803	2720.000000	199.223493	0.833603	0.003854	0.000261	0.000571	0.002247	0.000955	2721.000000	199.223493	0.833777	0.003718	0.000597	0.001180	0.002595	0.001048
3664	0.831385	0.004251	0.000470	0.000829	0.001591	0.001608	2723.000000	199.223493	0.831597	0.004406	0.000482	0.000443	0.000646	0.000923	2724.000000	199.223493	0.832600	0.005505	0.000958	0.000495	0.000935	0.001312
3667	0.830787	0.005444	0.001041	0.000590	0.002016	0.001044	2726.000000	199.223493	0.831578	0.004883	0.000287	0.000885	0.001813	0.002132	2727.000000	199.223493	0.830286	0.004027	0.000567	0.000419	0.002238	0.001556
3670	0.833526	0.004738	-0.001495	0.000223	0.000781	0.002200	2729.000000	199.223493	0.830922	0.005197	0.000201	0.000465	0.002788	0.001305	2730.000000	199.223493	0.832350	0.004292	0.000651	0.000634	0.001813	0.001163
3673	0.833083	0.003402	0.000664	0.000522	0.001659	0.001291	2732.000000	199.223493	0.832041	0.004639	0.000685	0.000745	0.000743	0.002327	2733.000000	199.223493	0.833237	0.004579	0.000878	0.001019	-0.000068	0.002058
3676	0.835185	0.003595	0.001183	0.001015	-0.000260	0.002683	2735.000000	199.223493	0.834819	0.004084	0.001911	0.000806	-0.000010	0.003084	2736.000000	199.223493	0.835050	0.003232	0.000949	0.000603	-0.000000	0.002487
3679	0.835860	0.002493	0.000344	0.000470	-0.000405	0.002387	2738.000000	199.223493	0.834298	0.002864	0.000426	0.000672	-0.000946	0.002929	2739.000000	199.223493	0.835957	0.002249	-0.000974	0.000502	-0.000453	0.002985
3682	0.835822	0.002315	0.000891	0.000853	0.000038	0.002688	2741.000000	199.223493	0.835764	0.002630	0.001663	0.000903	-0.000839	0.002898	2742.000000	199.223493	0.828762	0.003026	0.001390	0.000592	-0.002730	0.002391
3685	0.831173	0.002241	0.001054	0.000566	-0.004736	0.002018	2744.000000	199.223493	0.832311	0.002895	0.000134	0.000310	-0.004321	0.002035	2745.000000	199.223493	0.833758	0.002869	0.001042	0.000574	-0.005440	0.003764
3688	0.832465	0.003748	0.000481	0.000466	-0.005392	0.002951	2747.000000	199.223493	0.829167	0.002869	0.000417	0.000451	-0.002276	0.003337	2748.000000	199.223493	0.830054	0.002399	0.000511	0.000437	-0.004842	0.002825
3691	0.829398	0.003510	0.000032	0.000421	-0.002855	0.001706	2750.000000	199.223493	0.832002	0.002002	-0.000719	0.000665	-0.003636	0.001053	2751.000000	199.223493	0.828627	0.002811	-0.000057	0.000190	-0.001514	0.001251
3694	0.825829	0.002398	0.000134	0.000512	-0.002199	0.001557	2753.000000	199.223493	0.828819	0.002742	-0.000290	0.000395	-0.001678	0.001606	2754.000000	199.223493	0.832967	0.003303	0.000094	0.000769	-0.000723	0.001904
3697	0.834202	0.003772	0.000046	0.000659	-0.001919	0.001953	2756.000000	199.223493	0.833006	0.002724	0.000743	0.000643	-0.001726	0.002486	2757.000000	199.223493	0.832562	0.003756	0.000700	0.001060	-0.001013	0.001154
3700	0.829842	0.003096	0.001450	0.000643	0.000656	0.002160	2759.000000	199.223493	0.831713	0.002492	-0.000131	0.000219	0.001331	0.002911	2760.000000	199.223493	0.829707	0.002248	-0.000169	0.000416	0.000154	0.002894
3703	0.832947	0.001163	0.000603	0.000456	-0.001466	0.002845	2762.000000	199.223493	0.834375	0.001775	0.000466	0.000621	-0.000733	0.002396	2763.000000	199.223493	0.832658	0.002242	0.001458	0.000620	0.000270	0.002236
3706	0.831751	0.001240	0.001314	0.000557	-0.002228	0.003080	2765.000000	199.223493	0.832079	0.001435	0.001127	0.000551	-0.001379	0.003700	2766.000000	199.223493	0.831481	0.002001	0.001081	0.000503	-0.000125	0.003438
3709	0.831598	0.002531	0.000802	0.000615	-0.001273	0.003102	2768.000000	199.223493	0.834587	0.001949	0.000319	0.000418	-0.002160	0.002588	2769.000000	199.223493	0.833603	0.003162	0.000556	0.000439	-0.001428	0.002093
3712	0.831790	0.001555	0.000480	0.000269	-0.002257	0.001263	2771.000000	199.223493	0.832735	0.001580	0.000008	0.000450	-0.002595	0.001508	2772.000000	199.223493	0.831925	0.002653	-0.000238	0.000604	-0.003067	0.001821
3715	0.833603	0.002650	-0.001368	0.000711	-0.002170	0.002329	2774.000000	199.223493	0.832793	0.002561	0.000143	0.000500	-0.002180	0.001244	2775.000000	199.223493	0.830362	0.001983	-0.000452	0.000635	-0.003819	0.001487
3718	0.829958	0.002088	0.000450	0.000366	-0.002363	0.000973	2777.000000	199.223493	0.829398	0.001908	0.000318	0.000561	-0.004022	0.001122	2778.000000	199.223493	0.829630	0.002601	0.000439	0.000506	-0.004900	0.001239
3721	0.828781	0.002640	-0.000445	0.000410	-0.002951	0.000989	2780.000000	199.223493	0.829379	0.001931	0.000137	0.000649	-0.004398	0.000542	2781.000000	199.223493	0.827180	0.002264	0.000317	0.000548	-0.003250	0.001098
3724	0.828607	0.002820	0.001040	0.000429	-0.003086	0.001422	2783.000000	199.223493	0.827662	0.003074	0.000981	0.000290	-0.004147	0.001547	2784.000000	199.223493	0.830401	0.002730	-0.000376	0.000302	-0.004523	0.001016
3727	0.831771	0.002429	-0.000452	0.000309	-0.001331	0.001542	2786.000000	199.223493	0.832774	0.001706	-0.000386	0.000432	-0.002508	0.001317	2787.000000	199.223493	0.833179	0.002435	-0.001054	0.000278	-0.003164	0.001795
3730	0.834028	0.002065	-0.000274	0.000544	-0.003173	0.001736	2789.000000	199.223493	0.832118	0.002531	-0.000444	0.000386	-0.001466	0.001595	2790.000000	199.223493	0.829553	0.003732	-0.000230	0.000434	0.000511	0.001949
3733	0.833063	0.004085	-0.000188	0.000575	0.001369	0.001504	2792.000000	199.223493	0.833237	0.003196	-0.000768	0.000649	0.002469	0.001729	2793.000000	199.223493	0.832542	0.001959	-0.000446	0.000943	0.002807	0.001728
3736	0.829900	0.001650	0.000198	0.000326	0.003202	0.001726	2795.000000	199.223493	0.830594	0.001420	-0.000452	0.000408	0.005334	0.001973	2796.000000	199.223493	0.828935	0.002830	0.000097	0.000259	0.003019	0.001923
3739	0.827102	0.003573	-0.000317	0.000410	0.002922	0.001881	2798.000000	199.223493	0.826968	0.003046	0.000139	0.000437	0.002633	0.000932	2799.000000	199.223493	0.825907	0.004065	-0.000228	0.000289	0.001910	0.001498
3742	0.826543	0.004212	-0.000538	0.000286	0.001803	0.001953	2801.000000	199.223493	0.828993	0.004356	-0.000672	0.000275	-0.001572	0.002393	2802.000000	199.223493	0.827623	0.003034	-0.000471	0.000521	-0.000829	0.001199
3745	0.827701	0.003664	-0.000156	0.000494	-0.001553	0.001253	2804.000000	199.223493	0.830131	0.001870	-0.000992	0.000526	-0.002903	0.002036	2805.000000	199.223493	0.831771	0.002183	-0.000366	0.000371	-0.003000	0.001333
3748	0.831250	0.001287	-0.000505	0.000398	-0.001225	0.002272	2807.000000	199.223493	0.829842	0.003117	-0.001007	0.000390	-0.001726	0.002862	2808.000000	199.223493	0.829996	0.002820	0.000763	0.000671	-0.002132	0.003318
3751	0.828839	0.001739	0.000624	0.000439	-0.002990	0.003021	2810.000000	199.223493	0.828491	0.001644	0.000227	0.000430	-0.002643	0.003024	2811.000000	199.223493	0.827026	0.001631	-0.000408	0.000637	-0.001862	0.002607
3754	0.824190	0.001517	0.000193	0.000285	0.000993	0.002321	2813.000000	199.223493	0.825251	0.000921	0.000169	0.000471	0.001119	0.002264	2814.000000	199.223493	0.826292	0.002766	-0.000275	0.000446	-0.000771	0.001921
3757	0.827237	0.002604	0.000260	0.000502	-0.000897	0.002888	2816.000000	199.223493	0.828163	0.001790	0.000667	0.000618	-0.000279	0.003198	2817.000000	199.223493	0.828723	0.002267	-0.000333	0.000429	-0.000087	0.003051
3760	0.826215	0.002718	0.000323	0.000452	0.000704	0.003134	2819.000000	199.223493	0.823264	0.002932	-0.000677	0.000678	0.001148	0.003118	2820.000000	199.223493	0.825636	0.002775	-0.000579	0.000426	-0.000646	0.002495
3763	0.827295	0.002369	-0.000957	0.000644	-0.002122	0.002433	2822.000000	199.223493	0.825926	0.002940	-0.000278	0.000551	-0.002045	0.001755	2823.000000	199.223493	0.829630	0.002755	-0.000645	0.000614	-0.001427	0.002212
3766	0.826370	0.002617	-0.000763	0.000603	-0.002045	0.002667	2825.000000	199.223493	0.827469	0.002925	-0.000246	0.000442	-0.000878	0.003624	2826.000000	199.223493	0.827662	0.002614	-0.000435	0.000543	-0.001495	0.002855
3769	0.829263	0.002613	0.000590	0.000705	0.001041	0.002862	2828.000000	199.223493	0.829417	0.001895	0.002218	0.000555	-0.000733	0.002560	2829.000000	199.223493	0.829533	0.002045	0.002426	0.000692	-0.000868	0.001722
3772	0.828472	0.003225	0.000866	0.000749	-0.000010	0.001406	2831.000000	199.223493	0.830556	0.003407	-0.000015	0.000619	-0.000733	0.001136	2832.000000	199.223493	0.829629	0.003517	-0.000089	0.000390	0.000733	0.001086
3775	0.829495	0.002887	0.000001	0.000520	0.002112	0.001640	2834.000000	199.223493	0.827411	0.001476	0.000177	0.000603	-0.000183	0.001671	2835.000000	199.223493	0.830208	0.002322	-0.000129	0.000581	-0.002305	0.000711
3778	0.830864	0.002435	0.000302	0.000220	-0.001186	0.001623	2837.000000	199.223493	0.832369	0.002834	-0.000872	0.000320	-0.000434	0.001272	2838.000000	199.223493	0.831790	0.002916	-0.000084	0.000817	0.000048	0.001744
3781	0.829900	0.002678	-0.000245	0.000614	0.000511	0.001139	2840.000000	199.223493	0.831154	0.002254	-0.000502	0.000584	0.000231	0.001791	2841.000000	199.223493	0.830459	0.002101	-0.000666	0.000734	0.001302	0.001149
3784	0.835783	0.003619	-0.000148	0.000692	-0.000482	0.001814	2843.000000	199.223493	0.836053	0.002472	0.000394	0.000450	-0.000897	0.001614	2844.000000	199.223493	0.836439	0.002664	-0.000050	0.000630	-0.000849	0.002112
3787	0.834780	0.001797	0.000627	0.000347	-0.000752	0.001784	2846.000000	199.223493	0.835629	0.002584	-0.000326	0.000420	-0.001968	0.001767	2847.000000	199.223493	0.835185	0.003936	-0.000619	0.000689	-0.002112	0.001293
3790	0.834317	0.003146	-0.001216	0.000632	-0.001794	0.001377	2849.000000	199.223493	0.835282	0.002306	-0.000971	0.000357	-0.001842	0.000892	2850.000000	199.223493	0.833276	0.003192	0.000123	0.000452	-0.001129	0.000844
3793	0.832330	0.002316	-0.000044	0.000395	-0.001071	0.001120	2852.000000	199.223493	0.834201	0.002519	0.000154	0.000403	-0.000482	0.000980	2853.000000	199.223493	0.834819	0.001754	0.000358	0.000382	-0.001466	0.000924
3796	0.833333	0.002251	-0.000163	0.000452	0.000945	0.001312	2855.000000	199.223493	0.836516	0.002041	0.000603	0.000301	0.000299	0.000951	2856.000000	199.223493	0.834741	0.002149	0.001486	0.000405	-0.000656	0.001856
3799	0.834355	0.001485	0.000098	0.000962	0.000010	0.002283	2858.000000	199.223493	0.831944	0.001548	-0.000499	0.000475	-0.001177	0.002130	2859.000000	199.223493	0.831404	0.000823	-0.000346	0.000818	0.000289	0.002068
3802	0.828954	0.003254	0.000432	0.000530	-0.001042	0.001284	2861.000000	199.223493	0.831559	0.002810	0.000391	0.000211	-0.001534	0.001417	2862.000000	199.223493	0.831192	0.003028	-0.000068	0.000887	-0.001842	0.001793
3805	0.833449	0.002059	-0.000429	0.000728	0.000299	0.001698	2864.000000	199.223493	0.833854	0.001633	0.000616	0.000676	-0.000608	0.001445	2865.000000	199.223493	0.832639	0.001586	-0.000420	0.000359	0.001032	0.001137
3808	0.834086	0.002591	-0.000570	0.000448	0.001755	0.001699	2867.000000	199.223493	0.830884	0.002301	0.000068	0.000831	0.000646	0.001150	2868.000000	199.223493	0.832716	0.001789	0.000337	0.000275	0.000733	0.001618
3811	0.832118	0.002151	0.000473	0.000661	0.001832	0.001045	2870.000000	199.223493	0.834144	0.002438	0.000439	0.000355	0.000144	0.000857	2871.000000	199.223493	0.832581	0.003187	0.000001	0.000519	-0.000270	0.000935
3814	0.832195	0.002538	0.000806	0.000571	0.000656	0.000625	2873.000000	199.223493	0.830729	0.003260	-0.000054	0.000411	0.001418	0.000798	2874.000000	199.223493	0.829051	0.003869	0.000466	0.000642	0.001900	0.000940
3817	0.831134	0.003083	0.001576	0.000672	0.001032	0.001069	2876.000000	199.223493	0.834317	0.003839	0.000628	0.000779	0.001003	0.001088	2877.000000	199.223493	0.831385	0.003139	0.001207	0.000663	0.001563	0.001008
3820	0.831558	0.002312	0.000544	0.000634	0.002508	0.000835	2879.000000	199.223493	0.831906	0.003152	0.000659	0.000544	0.003800	0.000840	2880.000000	199.223493	0.832003	0.002054	0.000353	0.000653	0.004504	0.001350
3823	0.828993	0.003266	0.000135	0.000579	0.003289	0.000967	2882.000000	199.223493	0.824595	0.003842	0.000427	0.000265	0.002681	0.001300	2883.000000	199.223493	0.822241	0.004276	0.000366	0.000379	0.001369	0.001112
3826	0.822589	0.003590	-0.000296	0.000351	0.000453	0.000770	2885.000000	199.223493	0.821239	0.002148	0.000462	0.000878	0.000125	0.001646	2886.000000	199.223493	0.821508	0.002211	-0.000631	0.000387	-0.001080	0.001888
3829	0.821277	0.002199	-0.000609	0.000314	-0.003029	0.000885	2888.000000	199.223493	0.822261	0.002027	-0.000068	0.000295	-0.002296	0.001247	2889.000000	199.223493	0.821701	0.002596	-0.000443	0.000271	-0.003511	0.001424
3832	0.823322	0.001988	-0.000109	0.000328	-0.000289	0.002268	2891.000000	199.223493	0.824942	0.001969	-0.000089	0.000267	0.001090	0.001476	2892.000000	199.223493	0.824229	0.001250	0.000125	0.000551	0.000444	0.000965
3835	0.825675	0.001810	-0.000012	0.000274	0.001032	0.001204	2894.000000	199.223493	0.826080	0.001860	-0.000076	0.000359	-0.000048	0.001674	2895.000000	199.223493	0.827083	0.001227	0.000205	0.000445	0.001717	0.001399
3838	0.826794	0.001999	-0.001215	0.000522	0.003916	0.000390	2897.000000	199.223493	0.828954	0.002883	-0.000779	0.000478	0.001611	0.001495	2898.000000	199.223493	0.829147	0.002147	-0.000125	0.000614	0.002778	0.001682
3841	0.829784	0.002644	-0.001144	0.000428	0.001379	0.001630	2900.000000	199.223493	0.832967	0.004644	-0.000528	0.000253	0.000993	0.001685	2901.000000	199.223493	0.833160	0.002625	0.000091	0.000467	0.000540	0.001980
3844	0.832504	0.002168	0.000627	0.000214	0.000897	0.001615	2903.000000	199.223493	0.831520	0.003380	-0.000254	0.000462	-0.000723	0.002090	2904.000000	199.223493	0.831539	0.003184	-0.000376	0.000375	-0.001775	0.001279
3847	0.831771	0.003528	0.000012	0.000398	-0.001900	0.001837	2906.000000	199.223493	0.832118	0.002499	-0.000105	0.000876	-0.002517	0.001566	2907.000000	199.223493	0.830671	0.002248	0.000881	0.000664	-0.001360	0.001939
3850	0.832350	0.002691	0.000484	0.000502	-0.000531	0.001929	2909.000000	199.223493	0.832311	0.003028	0.000561	0.000435	-0.000723	0.001973	2910.000000	199.223493	0.831558	0.000893	0.000820	0.000464	-0.001562	0.001777
3853	0.830247	0.002533	0.000139	0.000403	-0.002113	0.001898	2912.000000	199.223493	0.830286	0.003239	0.000585	0.000586	-0.003106	0.002286	2913.000000	199.223493	0.830556	0.002271	-0.000332	0.000370	-0.002846	0.002425
3856	0.831481	0.002528	0.000281	0.000170	-0.003472	0.002057	2915.000000	199.223493	0.832407	0.003541	0.000373	0.000388	-0.005121	0.002839	2916.000000	199.223493	0.832909	0.003922	0.000350	0.000731	-0.003800	0.002479
3859	0.830478	0.003414	0.000185	0.000433	-0.003434	0.002063	2918.000000	199.223493	0.830228	0.003710	-0.000148	0.000562	-0.002170	0.002660	2919.000000	199.223493	0.832137	0.003555	-0.000187	0.000141	-0.003627	0.002901
3862	0.834375	0.003316	-0.000471	0.000307	-0.004562	0.002582	2921.000000	199.223493	0.831771	0.002593	0.000223	0.000731	-0.003887	0.001475	2922.000000	199.223493	0.833603	0.001684	0.001131	0.000740	-0.004446	0.001343
3865	0.833179	0.002003	-0.000298	0.000663	-0.005508	0.001156	2924.000000	199.223493	0.836420	0.003714	-0.001738	0.000627	-0.005285	0.000832	2925.000000	199.223493	0.837346	0.002729	-0.000511	0.000805	-0.002700	0.002395
3868	0.836362	0.002786	-0.000751	0.000669	-0.002488	0.001442	2927.000000	199.223493	0.837693	0.003653	0.000007	0.001089	-0.002247	0.002155	2928.000000	199.223493	0.837751	0.004308	-0.000189	0.000604	-0.002710	0.001074
3871	0.835880	0.004734	-0.000870	0.000789	-0.000039	0.000626	2930.000000	199.223493	0.834375	0.003702	0.000334	0.000634	-0.000106	0.001436	2931.000000	199.223493	0.831809	0.003177	-0.000583	0.000314	-0.000453	0.000724
3874	0.834317	0.003296	-0.000423	0.000510	-0.000540	0.001272	2933.000000	199.223493	0.831520	0.003989	0.000627	0.000467	0.000453	0.001671	2934.000000	199.223493	0.831983	0.004129	0.000928	0.000628	0.000907	0.001956
3877	0.832600	0.003594	-0.000269	0.000699	0.002035	0.002004	2936.000000	199.223493	0.831771	0.004284	-0.000545	0.000424	0.003385	0.001885	2937.000000	199.223493	0.830999	0.003156	-0.000691	0.000208	0.003867	0.001698
3880	0.829649	0.003606	0.000297	0.000776	0.004041	0.002195	2939.000000	199.223493	0.829803	0.002342	-0.000182	0.000624	0.003501	0.001529	2940.000000	199.223493	0.828202	0.003111	-0.000351	0.000573	0.003974	0.001486
3883	0.828202	0.001118	0.000002	0.000867	0.001765	0.001744	2942.000000	199.223493	0.830941	0.002174	0.000360	0.000851	0.001283	0.001510	2943.000000	199.223493	0.831771	0.002132	-0.000175	0.000380	0.004205	0.000285
3886	0.829707	0.002105	-0.001297	0.000373	0.002836	0.000957	2945.000000	199.223493	0.824846	0.002345	-0.000004	0.000351	0.001138	0.000857	2946.000000	199.223493	0.827720	0.002932	0.000702	0.000523	0.001003	0.000754
3889	0.823553	0.001806	0.000169	0.000681	0.001148	0.000721	2948.000000	199.223493	0.825096	0.003480	-0.000398	0.000693	0.000501	0.001277	2949.000000	199.223493	0.824383	0.002707	0.000332	0.000513	0.002045	0.001848
3892	0.825675	0.002843	-0.000607	0.000461	0.000482	0.001757	2951.000000	199.223493	0.825347	0.002839	0.000250	0.000458	-0.000511	0.001522	2952.000000	199.223493	0.824093	0.002729	0.000817	0.000348	0.001109	0.001423
3895	0.822878	0.003208	0.000002	0.000910	0.001167	0.001028	2954.000000	199.223493	0.822550	0.003336	-0.000464	0.000356	0.000781	0.001401	2955.000000	199.223493	0.823765	0.003109	-0.000581	0.000209	0.002797	0.001351
3898	0.824614	0.004224	-0.000387	0.000367	0.002257	0.002772	2957.000000	199.223493	0.825559	0.003547	-0.000737	0.000792	0.001196	0.002201	2958.000000	199.223493	0.825637	0.004142	-0.000607	0.000313	0.001582	0.001131
3901	0.829861	0.005397	0.000199	0.000520	0.001312	0.001237	2960.000000	199.223493	0.827720	0.005444	0.000355	0.000412	0.001177	0.001599	2961.000000	199.223493	0.832080	0.005027	-0.000533	0.000297	0.000009	0.002147
3904	0.830382	0.004938	-0.000404	0.000992	-0.000443	0.002753	2963.000000	199.223493	0.831250	0.003698	-0.000057	0.000875	-0.001398	0.002447	2964.000000	199.223493	0.829572	0.003973	0.000483	0.000403	-0.000155	0.001839
3907	0.829668	0.004053	0.001258	0.000534	-0.000058	0.002004	2966.000000	199.223493	0.831173	0.002708	-0.000175	0.000567	-0.001032	0.001821	2967.000000	199.223493	0.831327	0.002478	0.000059	0.000201	0.000019	0.001757
3910	0.832735	0.002630	0.000729	0.000400	-0.000974	0.002126	2969.000000	199.223493	0.832330	0.002224	0.000212	0.000364	-0.001427	0.003527	2970.000000	199.223493	0.830170	0.000987	0.000528	0.000591	-0.000617	0.001884
3913	0.832350	0.001416	0.000307	0.000550	0.001389	0.001880	2972.000000	199.223493	0.830671	0.002904	0.001056	0.001186	0.000386	0.002035	2973.000000	199.223493	0.828762	0.002606	0.000235	0.000585	-0.000183	0.002161
3916	0.828337	0.002202	0.000879	0.000575	0.000636	0.002078	2975.000000	199.223493	0.831018	0.001989	0.000504	0.000583	-0.000212	0.001038	2976.000000	199.223493	0.832022	0.002179	0.000624	0.000596	0.000608	0.001553
3919	0.832485	0.003374	0.000476	0.000691	0.000126	0.001967	2978.000000	199.223493	0.832581	0.002822	0.001283	0.000639	-0.000868	0.001981	2979.000000	199.223493	0.831520	0.002099	0.001003	0.000293	0.000579	0.001935
3922	0.831674	0.001637	-0.000018	0.000689	-0.001398	0.001874	2981.000000	199.223493	0.832022	0.002438	-0.000365	0.000480	-0.001640	0.002231	2982.000000	199.223493	0.830536	0.002521	0.000311	0.000274	0.000116	0.002162
3925	0.830652	0.002252	-0.000702	0.000231	0.000878	0.002709	2984.000000	199.223493	0.829128	0.002323	-0.000216	0.000613	0.001321	0.002847	2985.000000	199.223493	0.831347	0.002003	0.001209	0.000920	0.001996	0.002960
3928	0.827701	0.001521	-0.000218	0.000717	0.002864	0.003298	2987.000000	199.223493	0.829032	0.002395	0.000880	0.000366	0.001504	0.003689	2988.000000	199.223493	0.830150	0.001826	0.000326	0.000640	0.002189	0.003419
3931	0.828434	0.002835	0.000250	0.000363	0.000135	0.004335	2990.000000	199.223493	0.827951	0.002920	0.000330	0.000256	0.000434	0.003315	2991.000000	199.223493	0.829282	0.003053	-0.000022	0.000608	-0.000019	0.003524
3934	0.827411	0.001577	0.000356	0.000334	-0.000569	0.002829	2993.000000	199.223493	0.830016	0.001418	-0.000245	0.000420	0.000463	0.002442	2994.000000	199.223493	0.831693	0.002504	-0.000392	0.000353	0.001601	0.002704
3937	0.830266	0.002095	0.000789	0.000386	0.000714	0.001840	2996.000000	199.223493	0.831404	0.001818	-0.000221	0.000537	0.001553	0.001915	2997.000000	199.223493	0.830440	0.001740	0.000298	0.000201	0.002903	0.002692
3940	0.832195	0.001284	0.000241	0.000740	0.002720	0.001754	2999.000000	199.223493	0.833468	0.002724	-0.000552	0.000224	0.001765	0.001202	3000.000000	199.223493	0.833623	0.003609	-0.000636	0.000542	0.001167	0.001310
3943	0.833526	0.003612	0.000548	0.000713	-0.000916	0.001544	3002.000000	199.223493	0.833700	0.002765	-0.000693	0.000427	-0.000559	0.001392	3003.000000	199.223493	0.833584	0.002895	0.000007	0.000354	-0.000858	0.001982
3946	0.832485	0.002428	0.000084	0.000343	-0.000135	0.001285	3005.000000	199.223493	0.829610	0.001314	0.000291	0.000451	0.000511	0.002177	3006.000000	199.223493	0.827527	0.002217	-0.000061	0.000380	0.000386	0.002616
3949	0.824961	0.003215	-0.000717	0.000419	-0.001293	0.002092	3008.000000	199.223493	0.825289	0.004815	-0.000403	0.000277	0.000010	0.001690	3009.000000	199.223493	0.825598	0.003730	-0.000565	0.000399	-0.001312	0.001724
3952	0.825309	0.002609	-0.000094	0.000515	-0.003511	0.001453	3011.000000	199.223493	0.824595	0.003222	0.000750	0.000309	-0.002643	0.001375	3012.000000	199.223493	0.825945	0.002797	0.000796	0.000365	-0.001312	0.001367
3955	0.824768	0.002020	0.000689	0.000230	-0.001640	0.002042	3014.000000	199.223493	0.824884	0.003179	0.000033	0.000522	-0.001427	0.001841	3015.000000	199.223493	0.822801	0.002113	-0.000409	0.000259	-0.000916	0.001588
3958	0.822589	0.001679	-0.000543	0.000437	-0.002797	0.001914	3017.000000	199.223493	0.822261	0.002464	0.000296	0.000496	-0.001698	0.001830	3018.000000	199.223493	0.821682	0.002870	-0.001332	0.000536	-0.001273	0.002223
3961	0.821663	0.002682	-0.000057	0.000461	-0.001148	0.001804	3020.000000	199.223493	0.826639	0.003705	0.000004	0.000315	-0.001148	0.002203	3021.000000	199.223493	0.826794	0.003665	-0.000829	0.000684	-0.000492	0.003058
3964	0.823939	0.002812	-0.000814	0.000410	-0.000531	0.002093	3023.000000	199.223493	0.826331	0.003528	-0.000235	0.000395	0.000164	0.003107	3024.000000	199.223493	0.828048	0.002747	-0.000578	0.000487	0.000646	0.002353
3967	0.826196	0.001942	0.000338	0.000251	-0.000511	0.001082	3026.000000	199.223493	0.827971	0.002117	0.000371	0.000223	0.000752	0.001142	3027.000000	199.223493	0.828395	0.001427	-0.001010	0.000690	0.000280	0.001116
3970	0.828125	0.002908	-0.001045	0.000539	0.000849	0.001492	3029.000000	199.223493	0.827315	0.003204	-0.000190	0.000527	0.001244	0.001310	3030.000000	199.223493	0.827411	0.003833	-0.000048	0.000378	0.001784	0.001005
3973	0.832195	0.003942	0.000438	0.000304	0.000608	0.001728	3032.000000	199.223493	0.837037	0.003451	0.001187	0.000701	0.001408	0.002408	3033.000000	199.223493	0.837327	0.005122	0.000908	0.000451	0.000743	0.002756
3976	0.836825	0.005594	0.000761	0.000540	0.001833	0.001946	3035.000000	199.223493	0.837268	0.004992	0.000209	0.000568	0.000511	0.001961	3036.000000	199.223493	0.837076	0.004616	0.000868	0.001147	0.000357	0.002238
3979	0.834336	0.005074	0.000805	0.000754	0.000569	0.002200	3038.000000	199.223493	0.835687	0.005487	0.000466	0.000439	-0.000675	0.001562	3039.000000	199.223493	0.834645	0.005757	0.000934	0.000486	-0.000936	0.002061
3982	0.834394	0.005171	0.001534	0.000617	0.000511	0.001809	3041.000000	199.223493	0.835166	0.005390	-0.000111	0.000818	-0.000665	0.002191	3042.000000	199.223493	0.833719	0.004913	0.000867	0.000610	0.000637	0.001777
3985	0.835282	0.005427	-0.001183	0.000276	-0.000801	0.002522	3044.000000	199.223493	0.834047	0.005881	0.000462	0.000323	0.001485	0.001906	3045.000000	199.223493	0.834722	0.004504	-0.000204	0.000705	0.000183	0.001528
3988	0.833796	0.003460	0.000318	0.000392	0.000068	0.001852	3047.000000	199.223493	0.831019	0.004434	0.000298	0.000779	-0.000733	0.002936	3048.000000	199.223493	0.831597	0.004467	0.000343	0.000989	-0.001022	0.002378
3991	0.831887	0.003214	0.000926	0.000954	-0.001919	0.003033	3050.000000	199.223493	0.829765	0.003740	0.001505	0.000733	-0.002151	0.003351	3051.000000	199.223493	0.832735	0.003284	0.000419	0.000637	-0.002431	0.002541
3994	0.832427	0.003663	0.000149	0.000442	-0.002074	0.002492	3053.000000	199.223493	0.830806	0.002778	0.000117	0.000746	-0.002199	0.003157	3054.000000	199.223493	0.832967	0.002903	-0.000655	0.000299	-0.002498	0.002907
3997	0.833372	0.003001	0.000688	0.000922	-0.001428	0.002691	3056.000000	199.223493	0.833873	0.003513	0.001491	0.000934	-0.002228	0.003048	3057.000000	199.223493	0.828897	0.002995	0.001527	0.000584	-0.004225	0.002683
4000	0.831732	0.001953	0.000972	0.000539	-0.007137	0.002656	3059.000000	199.223493	0.832890	0.002553	-0.000077	0.000164	-0.003761	0.001869	3060.000000	199.223493	0.834896	0.002154	0.001004	0.000573	-0.004331	0.003574
4003	0.834587	0.002812	0.000671	0.000358	-0.004726	0.002807	3062.000000	199.223493	0.832195	0.001427	0.000341	0.000488	-0.003974	0.003643	3063.000000	199.223493	0.833352	0.000984	0.000091	0.000488	-0.004157	0.002818
4006	0.832716	0.000863	0.000187	0.000457	-0.003144	0.001740	3065.000000	199.223493	0.832465	0.001652	-0.000435	0.000785	-0.003945	0.000902	3066.000000	199.223493	0.830093	0.001871	0.000289	0.000322	-0.001524	0.001250
4009	0.827334	0.001581	0.000304	0.000515	-0.000781	0.001671	3068.000000	199.223493	0.829475	0.002351	0.000003	0.000344	0.000415	0.001650	3069.000000	199.223493	0.834047	0.002629	0.000518	0.000638	0.000559	0.001859
4012	0.832774	0.004477	0.000594	0.000604	-0.000116	0.001660	3071.000000	199.223493	0.830440	0.003500	0.000828	0.000640	-0.000299	0.002524	3072.000000	199.223493	0.830420	0.003739	0.000799	0.001055	-0.001177	0.001237
4015	0.829340	0.003109	0.000862	0.000688	0.000434	0.002265	3074.000000	199.223493	0.830613	0.002222	0.000072	0.000345	0.002112	0.002684	3075.000000	199.223493	0.829899	0.002282	0.000104	0.000481	-0.000289	0.003052
4018	0.830150	0.001627	0.000798	0.000454	-0.001823	0.002911	3077.000000	199.223493	0.832234	0.002686	0.000134	0.000458	-0.000434	0.002370	3078.000000	199.223493	0.830691	0.002903	0.000736	0.000421	-0.000550	0.002466
4021	0.830092	0.002277	0.001430	0.000597	-0.001842	0.003061	3080.000000	199.223493	0.828897	0.002066	0.001044	0.000547	-0.001620	0.003677	3081.000000	199.223493	0.829707	0.002221	0.001386	0.000288	-0.000665	0.003443
4024	0.831038	0.002605	0.000790	0.000615	-0.001562	0.003058	3083.000000	199.223493	0.832427	0.002129	0.000539	0.000299	-0.001765	0.002632	3084.000000	199.223493	0.832330	0.003116	0.000196	0.000514	0.000559	0.002344
4027	0.830189	0.002114	0.000104	0.000490	-0.001013	0.001477	3086.000000	199.223493	0.828954	0.003423	0.000218	0.000299	-0.001813	0.001697	3087.000000	199.223493	0.829553	0.003224	-0.000929	0.000360	-0.004090	0.001697
4030	0.829977	0.002570	-0.001859	0.000469	-0.002903	0.002111	3089.000000	199.223493	0.830228	0.001720	0.000194	0.000515	-0.002373	0.001230	3090.000000	199.223493	0.830092	0.001830	-0.000024	0.000595	-0.003443	0.001401
4033	0.828414	0.001386	0.000531	0.000353	-0.002508	0.000993	3092.000000	199.223493	0.828221	0.001202	0.000570	0.000716	-0.002874	0.001122	3093.000000	199.223493	0.826158	0.001599	0.000612	0.000511	-0.003328	0.001134
4036	0.826254	0.001701	0.000079	0.000288	-0.001370	0.000759	3095.000000	199.223493	0.827681	0.001756	-0.000555	0.000502	-0.003279	0.001130	3096.000000	199.223493	0.825270	0.001926	-0.000251	0.000419	-0.002160	0.001660
4039	0.826582	0.002050	0.000871	0.000406	-0.001910	0.001875	3098.000000	199.223493	0.826659	0.002604	0.000626	0.000491	-0.002701	0.002344	3099.000000	199.223493	0.829070	0.002190	-0.000683	0.000319	-0.002025	0.002568
4042	0.830478	0.002495	-0.000633	0.000271	-0.000781	0.001809	3101.000000	199.223493	0.830691	0.001893	-0.000304	0.000425	-0.001418	0.001889	3102.000000	199.223493	0.831076	0.003322	-0.000982	0.000259	-0.001119	0.002590
4045	0.831173	0.002818	0.000072	0.000353	-0.002498	0.002288	3104.000000	199.223493	0.831771	0.002618	0.000074	0.000393	-0.000232	0.002556	3105.000000	199.223493	0.830151	0.003675	-0.000081	0.000464	0.000810	0.002171
4048	0.833738	0.003892	0.000164	0.000589	0.001013	0.001380	3107.000000	199.223493	0.833603	0.003071	-0.000754	0.000649	0.003144	0.002039	3108.000000	199.223493	0.831867	0.002249	0.000517	0.000603	0.003559	0.001857
4051	0.829514	0.001891	0.000379	0.000373	0.002874	0.001597	3110.000000	199.223493	0.828607	0.002431	-0.000480	0.000395	0.003636	0.001054	3111.000000	199.223493	0.827971	0.002759	-0.000380	0.000378	0.001331	0.001388
4054	0.827045	0.003555	-0.000195	0.000383	0.001794	0.001453	3113.000000	199.223493	0.826601	0.002962	0.000423	0.000314	0.002411	0.000934	3114.000000	199.223493	0.826138	0.004092	-0.000593	0.000511	0.002083	0.001482
4057	0.825328	0.004069	-0.000328	0.000317	0.001533	0.001921	3116.000000	199.223493	0.827894	0.004494	-0.000683	0.000274	-0.001186	0.002505	3117.000000	199.223493	0.826215	0.003042	-0.000339	0.000471	-0.000646	0.001281
4060	0.823515	0.003760	-0.000551	0.000414	-0.001061	0.001537	3119.000000	199.223493	0.827604	0.002669	-0.001316	0.000325	-0.002325	0.002273	3120.000000	199.223493	0.827971	0.004036	-0.000375	0.000372	-0.002257	0.001819
4063	0.828646	0.002743	-0.000431	0.000438	-0.001620	0.002121	3122.000000	199.223493	0.827237	0.003889	-0.000902	0.000435	-0.002537	0.002510	3123.000000	199.223493	0.827276	0.003498	-0.000082	0.000541	-0.004176	0.002357
4066	0.826350	0.002674	0.000097	0.000275	-0.003549	0.002734	3125.000000	199.223493	0.825887	0.002119	0.000123	0.000411	-0.003009	0.002895	3126.000000	199.223493	0.825714	0.001481	-0.000290	0.000572	-0.001486	0.002713
4069	0.823765	0.001204	0.000112	0.000328	-0.000280	0.002054	3128.000000	199.223493	0.826948	0.001469	-0.000124	0.000336	-0.000559	0.001680	3129.000000	199.223493	0.825868	0.002660	0.000111	0.000526	-0.001611	0.001493
4072	0.825906	0.002467	0.000271	0.000500	-0.002026	0.002470	3131.000000	199.223493	0.825964	0.001359	0.000407	0.000573	-0.002681	0.002496	3132.000000	199.223493	0.826833	0.000849	-0.000174	0.000387	-0.000800	0.002931
4075	0.825752	0.002407	0.000298	0.000445	-0.000714	0.002740	3134.000000	199.223493	0.823071	0.002804	-0.000012	0.000764	-0.000106	0.003010	3135.000000	199.223493	0.826697	0.003324	-0.000443	0.000483	-0.001803	0.002577
4078	0.828954	0.002768	-0.000490	0.000844	-0.002392	0.002415	3137.000000	199.223493	0.825039	0.002776	-0.000500	0.000506	-0.002045	0.001755	3138.000000	199.223493	0.828723	0.002687	-0.000663	0.000605	-0.001688	0.002197
4081	0.827141	0.002596	-0.000906	0.000508	-0.001350	0.002810	3140.000000	199.223493	0.828935	0.002848	-0.000267	0.000427	0.000290	0.003736	3141.000000	199.223493	0.829302	0.002424	-0.000009	0.000816	0.000222	0.003014
4084	0.830999	0.002524	0.000855	0.000726	0.002430	0.002581	3143.000000	199.223493	0.831655	0.001515	0.001908	0.000684	0.000511	0.002271	3144.000000	199.223493	0.829919	0.002014	0.002377	0.000712	-0.000357	0.001711
4087	0.830150	0.002933	0.001060	0.000626	-0.000945	0.001377	3146.000000	199.223493	0.832813	0.002845	0.000094	0.000643	-0.002855	0.001406	3147.000000	199.223493	0.832369	0.002876	0.000536	0.000534	-0.001206	0.000752
4090	0.830401	0.002452	0.001046	0.000748	-0.000096	0.000840	3149.000000	199.223493	0.829514	0.001269	0.000690	0.000641	-0.000906	0.001577	3150.000000	199.223493	0.832620	0.002408	-0.000148	0.000579	-0.002074	0.000801
4093	0.832562	0.002627	0.000115	0.000300	-0.002102	0.000877	3152.000000	199.223493	0.831848	0.002631	-0.001003	0.000367	-0.001707	0.000867	3153.000000	199.223493	0.831539	0.002860	-0.000540	0.000838	0.000424	0.001696
4096	0.832369	0.002249	-0.000400	0.000590	0.001620	0.001075	3155.000000	199.223493	0.833083	0.002039	-0.000022	0.000747	0.001215	0.001869	3156.000000	199.223493	0.829957	0.002149	0.000034	0.000988	0.003443	0.001032
4099	0.834568	0.003898	0.000204	0.000656	0.001369	0.001499	3158.000000	199.223493	0.833835	0.003118	0.000449	0.000455	-0.000019	0.001661	3159.000000	199.223493	0.833816	0.002769	-0.000529	0.000342	0.000357	0.002104
4102	0.833449	0.001995	0.000554	0.000323	-0.001264	0.001747	3161.000000	199.223493	0.833488	0.002666	-0.000217	0.000515	-0.001476	0.001874	3162.000000	199.223493	0.834201	0.003757	-0.000329	0.000653	-0.001640	0.001322
4105	0.833893	0.003000	-0.000448	0.000648	-0.000579	0.001464	3164.000000	199.223493	0.835012	0.002253	-0.000477	0.000317	-0.000964	0.000797	3165.000000	199.223493	0.834124	0.003416	-0.000003	0.000466	-0.001698	0.000792
4108	0.836767	0.004006	-0.000180	0.000316	-0.001051	0.001128	3167.000000	199.223493	0.836169	0.003072	-0.000105	0.000429	-0.001080	0.000818	3168.000000	199.223493	0.836902	0.002287	0.000048	0.000631	-0.000347	0.000968
4111	0.835127	0.002814	-0.000181	0.000462	0.001765	0.001039	3170.000000	199.223493	0.837828	0.002429	-0.000716	0.001028	0.001350	0.000966	3171.000000	199.223493	0.836767	0.002746	0.000799	0.000831	0.001100	0.002170
4114	0.835976	0.001755	-0.000608	0.001260	0.002267	0.002847	3173.000000	199.223493	0.832948	0.002007	-0.000427	0.000443	0.000328	0.002601	3174.000000	199.223493	0.833005	0.001453	0.000433	0.000533	0.001283	0.002302
4117	0.832562	0.003603	0.000242	0.000573	0.000617	0.002270	3176.000000	199.223493	0.835031	0.003361	0.000740	0.000239	-0.000617	0.001992	3177.000000	199.223493	0.834433	0.003601	0.000191	0.000800	-0.000791	0.002203
4120	0.837249	0.002640	-0.000161	0.000751	0.000434	0.001760	3179.000000	199.223493	0.836593	0.001200	0.001291	0.000577	0.000154	0.001891	3180.000000	199.223493	0.834298	0.001313	-0.000336	0.000416	0.001042	0.001138
4123	0.836304	0.002723	-0.000519	0.000468	0.001495	0.001659	3182.000000	199.223493	0.835089	0.002357	-0.000509	0.000781	0.000858	0.001177	3183.000000	199.223493	0.835089	0.002151	0.000220	0.000343	0.000521	0.001522
4126	0.833873	0.001457	0.000232	0.000823	0.001495	0.000944	3185.000000	199.223493	0.834761	0.002284	0.000728	0.000185	0.000202	0.000861	3186.000000	199.223493	0.835918	0.002376	-0.000039	0.000515	0.000068	0.001126
4129	0.834761	0.001890	0.000866	0.000545	0.001842	0.001139	3188.000000	199.223493	0.832639	0.003164	-0.000061	0.000410	0.002151	0.001392	3189.000000	199.223493	0.831925	0.003015	-0.000370	0.000364	0.002517	0.000667
4132	0.833449	0.002054	0.001511	0.000694	0.001659	0.000866	3191.000000	199.223493	0.836632	0.002479	0.000401	0.000838	0.001726	0.000729	3192.000000	199.223493	0.835417	0.001192	0.000819	0.000842	0.001755	0.000871
4135	0.835127	0.001244	0.000555	0.000634	0.002527	0.000825	3194.000000	199.223493	0.834799	0.001855	0.000460	0.000633	0.003414	0.001134	3195.000000	199.223493	0.834279	0.001422	0.000363	0.000655	0.004166	0.001540
4138	0.832542	0.002235	0.000118	0.000577	0.003144	0.001087	3197.000000	199.223493	0.829707	0.002530	0.000794	0.000424	0.003048	0.001111	3198.000000	199.223493	0.827199	0.003591	0.000718	0.000355	0.001389	0.001108
4141	0.827816	0.003695	0.000067	0.000235	0.000444	0.000777	3200.000000	199.223493	0.825714	0.004048	0.000096	0.001021	0.000887	0.001346	3201.000000	199.223493	0.826273	0.004067	-0.000917	0.000420	-0.001746	0.001780
4144	0.825829	0.003907	-0.000728	0.000312	-0.002710	0.001011	3203.000000	199.223493	0.825482	0.003357	-0.000089	0.000303	-0.001553	0.001267	3204.000000	199.223493	0.825965	0.004330	0.000259	0.000446	-0.003636	0.001398
4147	0.827951	0.003802	-0.000129	0.000316	-0.000685	0.002421	3206.000000	199.223493	0.827566	0.002675	-0.000103	0.000273	0.000463	0.001793	3207.000000	199.223493	0.826698	0.002138	0.000358	0.000353	-0.000048	0.001223
4150	0.827701	0.002394	0.000362	0.000197	0.000685	0.001399	3209.000000	199.223493	0.826447	0.001952	0.000372	0.000592	-0.001244	0.002122	3210.000000	199.223493	0.827701	0.001632	0.000723	0.000380	0.001813	0.001320
4153	0.826852	0.002032	-0.001172	0.000548	0.004263	0.000270	3212.000000	199.223493	0.826813	0.001590	-0.000086	0.000542	0.002585	0.001457	3213.000000	199.223493	0.828896	0.002019	0.000563	0.000423	0.003887	0.001422
4156	0.829880	0.002667	-0.000736	0.000337	0.002913	0.001769	3215.000000	199.223493	0.831655	0.004236	-0.000226	0.000153	0.001842	0.001712	3216.000000	199.223493	0.833507	0.002656	0.000611	0.000440	0.000174	0.002032
4159	0.830710	0.001978	0.000300	0.000172	0.000965	0.001622	3218.000000	199.223493	0.830208	0.003102	-0.000468	0.000465	-0.000463	0.002112	3219.000000	199.223493	0.830208	0.002906	0.000064	0.000593	-0.001698	0.001301
4162	0.831154	0.003410	-0.000687	0.000374	-0.000859	0.001884	3221.000000	199.223493	0.831944	0.002435	-0.000802	0.000697	-0.001746	0.001818	3222.000000	199.223493	0.829803	0.001990	0.000492	0.000614	0.000212	0.001926
4165	0.833623	0.002924	0.000405	0.000479	0.000077	0.002065	3224.000000	199.223493	0.834009	0.003132	-0.000037	0.000691	-0.000029	0.002204	3225.000000	199.223493	0.833661	0.001236	0.000918	0.000457	-0.001321	0.001857
4168	0.834973	0.003421	0.000606	0.000521	-0.001669	0.002172	3227.000000	199.223493	0.833816	0.003498	0.001083	0.000429	-0.002826	0.002444	3228.000000	199.223493	0.834221	0.003913	-0.000223	0.000392	-0.003000	0.002341
4171	0.833815	0.003706	-0.000378	0.000654	-0.003414	0.002074	3230.000000	199.223493	0.833449	0.003842	0.000145	0.000448	-0.005112	0.002844	3231.000000	199.223493	0.833083	0.003903	0.000727	0.000686	-0.004678	0.002211
4174	0.830401	0.003405	0.000153	0.000444	-0.004090	0.002019	3233.000000	199.223493	0.829842	0.003628	-0.000732	0.000658	-0.002942	0.002685	3234.000000	199.223493	0.830073	0.002948	0.000192	0.000304	-0.003762	0.002900
4177	0.832485	0.002088	-0.000251	0.000140	-0.003347	0.002874	3236.000000	199.223493	0.829958	0.001076	0.000870	0.000201	-0.003086	0.001707	3237.000000	199.223493	0.833526	0.001628	0.001933	0.000372	-0.003144	0.001143
4180	0.833179	0.002003	0.000763	0.000650	-0.004746	0.001180	3239.000000	199.223493	0.834414	0.002469	-0.000479	0.000751	-0.003868	0.000770	3240.000000	199.223493	0.835841	0.001868	0.001036	0.001181	-0.001591	0.002295
4183	0.836690	0.003007	0.000020	0.000331	-0.002450	0.001441	3242.000000	199.223493	0.837963	0.003775	0.000790	0.000804	-0.002450	0.002197	3243.000000	199.223493	0.838060	0.004424	0.000773	0.000716	-0.003771	0.001446
4186	0.834587	0.004085	0.000663	0.000789	-0.001013	0.001134	3245.000000	199.223493	0.834202	0.003666	0.000828	0.000533	-0.001293	0.001938	3246.000000	199.223493	0.831366	0.002970	-0.000552	0.000330	-0.002083	0.001781
4189	0.832388	0.002633	0.000204	0.000731	-0.001032	0.001508	3248.000000	199.223493	0.831154	0.003877	0.000280	0.000370	-0.000280	0.002057	3249.000000	199.223493	0.831829	0.004096	0.001130	0.000762	-0.001032	0.002396
4192	0.831597	0.003244	0.000107	0.000751	-0.000376	0.002775	3251.000000	199.223493	0.832099	0.004391	-0.000136	0.000531	0.001649	0.002310	3252.000000	199.223493	0.830536	0.002925	-0.000298	0.000308	0.002835	0.001812
4195	0.829958	0.003770	0.001300	0.000876	0.003974	0.002200	3254.000000	199.223493	0.830343	0.002578	0.000370	0.000790	0.002430	0.001263	3255.000000	199.223493	0.828376	0.003201	0.000488	0.000539	0.002633	0.001878
4198	0.829186	0.001516	0.000769	0.000903	0.001292	0.001856	3257.000000	199.223493	0.830054	0.002352	0.000792	0.000719	0.000810	0.001538	3258.000000	199.223493	0.831057	0.002274	0.000064	0.000549	0.002826	0.001435
4201	0.828009	0.001850	-0.000807	0.000356	0.001524	0.001562	3260.000000	199.223493	0.826235	0.002959	0.000448	0.000368	-0.000077	0.001293	3261.000000	199.223493	0.829282	0.003395	0.000473	0.000499	0.000251	0.001092
4204	0.826794	0.003601	-0.000271	0.000474	0.000405	0.001243	3263.000000	199.223493	0.826948	0.004403	-0.000390	0.000691	-0.000772	0.002016	3264.000000	199.223493	0.825830	0.003366	0.000671	0.000287	0.000530	0.002016
4207	0.825598	0.002819	-0.000269	0.000264	-0.001736	0.002277	3266.000000	199.223493	0.826157	0.003095	0.000057	0.000469	-0.000858	0.001628	3267.000000	199.223493	0.825772	0.003448	0.000224	0.000452	0.000308	0.001882
4210	0.825733	0.004133	-0.000887	0.000488	0.001466	0.001023	3269.000000	199.223493	0.825425	0.004288	-0.000266	0.000387	0.000444	0.001543	3270.000000	199.223493	0.827180	0.004611	-0.000157	0.000387	0.001244	0.002028
4213	0.826485	0.004839	-0.000545	0.000301	0.002180	0.002795	3272.000000	199.223493	0.826620	0.004036	-0.000553	0.000898	0.000887	0.002297	3273.000000	199.223493	0.827373	0.004658	-0.000567	0.000321	0.001649	0.001109
4216	0.828086	0.004939	0.000258	0.000493	0.000444	0.001040	3275.000000	199.223493	0.828472	0.005787	-0.000021	0.000572	0.000241	0.001709	3276.000000	199.223493	0.830999	0.004513	-0.000322	0.000275	-0.001341	0.002312
4219	0.830884	0.005143	0.000361	0.000319	-0.002411	0.002548	3278.000000	199.223493	0.831655	0.003918	0.000885	0.000377	-0.001514	0.002449	3279.000000	199.223493	0.829283	0.003855	0.000996	0.000386	-0.001158	0.001772
4222	0.829745	0.004072	0.001738	0.000693	-0.001524	0.001973	3281.000000	199.223493	0.831501	0.002952	0.000263	0.000476	-0.002064	0.001834	3282.000000	199.223493	0.833198	0.003520	-0.000058	0.000203	-0.000338	0.001781
4225	0.832446	0.002549	0.000567	0.000286	-0.000926	0.002124	3284.000000	199.223493	0.831289	0.001762	0.000609	0.000192	-0.001061	0.003475	3285.000000	199.223493	0.832697	0.002949	0.000522	0.000595	-0.000752	0.001856
4228	0.832504	0.001528	0.000782	0.000250	-0.000270	0.002032	3287.000000	199.223493	0.829668	0.002093	-0.000175	0.000729	-0.000733	0.001865	3288.000000	199.223493	0.828627	0.002514	-0.000700	0.000545	-0.000695	0.002153
4231	0.829938	0.002807	0.000088	0.000511	0.000559	0.002077	3290.000000	199.223493	0.831038	0.001993	0.000908	0.000302	-0.000646	0.001177	3291.000000	199.223493	0.830459	0.001879	0.000444	0.000506	-0.000347	0.001317
4234	0.830209	0.001989	0.000100	0.000729	0.000000	0.001942	3293.000000	199.223493	0.830864	0.001313	0.001996	0.000570	-0.001369	0.001885	3294.000000	199.223493	0.829571	0.000996	0.000642	0.000574	-0.000068	0.002038
4237	0.831462	0.001529	0.000074	0.000647	-0.001061	0.001810	3296.000000	199.223493	0.830768	0.001397	0.000445	0.000996	-0.000849	0.002049	3297.000000	199.223493	0.829147	0.001453	0.000344	0.000286	0.000289	0.002144
4240	0.829687	0.001773	-0.000189	0.000517	0.000096	0.002793	3299.000000	199.223493	0.828839	0.002144	0.000596	0.000622	0.000039	0.002994	3300.000000	199.223493	0.830517	0.001677	0.001055	0.000948	0.000974	0.003125
4243	0.827238	0.001301	0.000446	0.000792	0.001717	0.003503	3302.000000	199.223493	0.827334	0.002334	0.000862	0.000372	0.000029	0.003845	3303.000000	199.223493	0.828704	0.002043	0.000527	0.000566	0.000781	0.003285
4246	0.829630	0.001990	0.000032	0.000305	-0.000858	0.004293	3305.000000	199.223493	0.830536	0.001299	0.000165	0.000340	-0.000318	0.003195	3306.000000	199.223493	0.831501	0.002464	-0.000009	0.000608	-0.001360	0.003473
4249	0.829475	0.001211	0.000122	0.000506	-0.002527	0.002414	3308.000000	199.223493	0.831404	0.001283	0.000089	0.000192	-0.001321	0.002241	3309.000000	199.223493	0.833565	0.001795	0.000050	0.000453	0.000328	0.002722
4252	0.830825	0.001693	0.000746	0.000413	0.000733	0.001842	3311.000000	199.223493	0.830748	0.002136	0.000401	0.000335	0.000859	0.001883	3312.000000	199.223493	0.829687	0.001957	0.000171	0.000275	0.001890	0.002501
4255	0.831636	0.001752	-0.000177	0.000747	0.002103	0.001549	3314.000000	199.223493	0.833082	0.003018	-0.000356	0.000263	0.001485	0.001094	3315.000000	199.223493	0.833777	0.003525	-0.000751	0.000517	0.001910	0.001307
4258	0.832600	0.003984	0.000705	0.000683	-0.000482	0.001654	3317.000000	199.223493	0.833584	0.002820	-0.000624	0.000464	-0.000096	0.001410	3318.000000	199.223493	0.832195	0.003637	0.000117	0.000363	-0.000540	0.001968
4261	0.830517	0.003535	-0.000034	0.000382	-0.001128	0.001332	3320.000000	199.223493	0.828048	0.001861	0.000503	0.000407	-0.000849	0.002439	3321.000000	199.223493	0.824267	0.002825	0.000027	0.000354	-0.001379	0.003099
4264	0.821373	0.004097	-0.000672	0.000426	-0.001659	0.002258	3323.000000	199.223493	0.823245	0.005417	-0.000535	0.000226	-0.000945	0.002124	3324.000000	199.223493	0.823341	0.004469	-0.000444	0.000400	-0.003308	0.002361
4267	0.821682	0.003639	-0.000384	0.000439	-0.004524	0.001697	3326.000000	199.223493	0.819888	0.004328	0.000557	0.000381	-0.004446	0.002234	3327.000000	199.223493	0.822203	0.005001	0.000694	0.000395	-0.002170	0.001664
4270	0.819406	0.004641	0.000353	0.000198	-0.002884	0.002372	3329.000000	199.223493	0.819271	0.005376	-0.000390	0.000361	-0.003221	0.002358	3330.000000	199.223493	0.819483	0.004226	-0.000453	0.000232	-0.003019	0.002343
4273	0.820409	0.002016	-0.000213	0.000477	-0.003926	0.002352	3332.000000	199.223493	0.819367	0.002423	0.000614	0.000250	-0.002884	0.002167	3333.000000	199.223493	0.819927	0.002901	-0.001459	0.000441	-0.001823	0.002345
4276	0.821798	0.002706	-0.000345	0.000496	-0.002199	0.001944	3335.000000	199.223493	0.825328	0.003471	0.000171	0.000395	-0.001862	0.002327	3336.000000	199.223493	0.825656	0.003706	-0.001180	0.000508	-0.001543	0.003182
4279	0.823322	0.002656	-0.000132	0.000224	-0.002228	0.002449	3338.000000	199.223493	0.823939	0.003298	-0.000096	0.000395	-0.001949	0.003322	3339.000000	199.223493	0.826196	0.002525	-0.000246	0.000380	-0.001071	0.002771
4282	0.825174	0.001924	0.000111	0.000309	-0.000665	0.001106	3341.000000	199.223493	0.827141	0.002323	0.000474	0.000249	-0.000376	0.001037	3342.000000	199.223493	0.826312	0.001399	-0.000882	0.000718	-0.002131	0.001304
4285	0.826427	0.002639	-0.001322	0.000525	-0.000154	0.001080	3344.000000	199.223493	0.824711	0.003652	0.000387	0.000481	0.000935	0.001093	3345.000000	199.223493	0.825463	0.003763	0.000670	0.000349	0.000540	0.001047
4288	0.830228	0.003844	0.000766	0.000397	-0.000733	0.001144	3347.000000	199.223493	0.834684	0.003956	0.000850	0.000600	-0.000010	0.002053	3348.000000	199.223493	0.835590	0.005611	0.000704	0.000517	-0.001437	0.001816
4291	0.834472	0.005955	0.000807	0.000529	0.000019	0.001667	3350.000000	199.223493	0.833063	0.005914	-0.000231	0.000487	0.000473	0.001944	3351.000000	199.223493	0.831887	0.005813	-0.000395	0.000480	-0.000463	0.001899
4294	0.831019	0.005347	0.000117	0.000398	-0.001186	0.001359	3353.000000	199.223493	0.831655	0.005884	0.000062	0.000335	-0.001833	0.001100	3354.000000	199.223493	0.830613	0.005222	0.000244	0.000413	-0.002498	0.001487
4297	0.830035	0.003537	0.001479	0.000581	-0.000810	0.001324	3356.000000	199.223493	0.831385	0.004052	-0.000870	0.000270	-0.001890	0.001297	3357.000000	199.223493	0.831424	0.004104	0.000466	0.000710	-0.000829	0.001320
4300	0.830768	0.004435	-0.001159	0.000275	-0.002517	0.002150	3359.000000	199.223493	0.830536	0.004300	0.000035	0.000421	-0.001379	0.001900	3360.000000	199.223493	0.831539	0.003185	-0.000755	0.000473	-0.002402	0.001592
4303	0.830633	0.002022	-0.000267	0.000695	-0.002479	0.001500	3362.000000	199.223493	0.826447	0.002111	-0.000211	0.000400	-0.002585	0.001973	3363.000000	199.223493	0.828434	0.003067	-0.000334	0.000388	-0.003356	0.001346
4306	0.827874	0.002042	0.000515	0.000660	-0.005739	0.001031	3365.000000	199.223493	0.826003	0.001881	0.000971	0.000436	-0.005719	0.001809	3366.000000	199.223493	0.829591	0.002849	-0.000068	0.000379	-0.004552	0.001450
4309	0.829051	0.003864	-0.000118	0.000287	-0.004157	0.001000	3368.000000	199.223493	0.828144	0.002314	-0.000201	0.000481	-0.004389	0.001367	3369.000000	199.223493	0.829379	0.001724	-0.000746	0.000252	-0.004485	0.001209
4312	0.830401	0.002103	-0.000506	0.000346	-0.002865	0.001415	3371.000000	199.223493	0.831346	0.002679	0.000299	0.000543	-0.003829	0.001774	3372.000000	199.223493	0.827045	0.001486	0.000820	0.000244	-0.005199	0.001977
4315	0.830633	0.001304	0.000237	0.000578	-0.007764	0.002247	3374.000000	199.223493	0.831038	0.001872	-0.000234	0.000200	-0.004784	0.001328	3375.000000	199.223493	0.832330	0.001344	0.000677	0.000470	-0.005691	0.003278
4318	0.832947	0.001814	0.000674	0.000357	-0.005102	0.002689	3377.000000	199.223493	0.832214	0.001435	-0.000076	0.000224	-0.004514	0.003422	3378.000000	199.223493	0.835069	0.001180	-0.000389	0.000661	-0.003993	0.002865
4321	0.832658	0.000826	0.000152	0.000446	-0.002170	0.002027	3380.000000	199.223493	0.833005	0.001954	0.000435	0.000401	-0.003337	0.001198	3381.000000	199.223493	0.831559	0.002604	0.000757	0.000389	-0.001958	0.001082
4324	0.829572	0.003213	0.000127	0.000480	-0.000887	0.001648	3383.000000	199.223493	0.830420	0.002853	0.000357	0.000198	-0.000280	0.001811	3384.000000	199.223493	0.834028	0.002632	0.000421	0.000565	0.000019	0.002116
4327	0.833276	0.004315	0.000346	0.000521	-0.000048	0.001637	3386.000000	199.223493	0.830016	0.003537	0.001077	0.000706	0.001707	0.001669	3387.000000	199.223493	0.829630	0.003985	0.000038	0.000934	-0.000559	0.001261
4330	0.829610	0.003038	0.000814	0.000675	0.002083	0.002667	3389.000000	199.223493	0.830093	0.002423	0.000010	0.000362	0.003906	0.002583	3390.000000	199.223493	0.828626	0.002573	0.000318	0.000486	0.001958	0.003003
4333	0.828048	0.001738	0.000061	0.000407	-0.000646	0.003145	3392.000000	199.223493	0.829225	0.002076	0.000273	0.000447	0.000232	0.002350	3393.000000	199.223493	0.829765	0.002883	0.000309	0.000652	-0.000174	0.002475
4336	0.829707	0.002292	0.001335	0.000664	-0.000656	0.003021	3395.000000	199.223493	0.828279	0.001884	0.001123	0.000498	-0.000357	0.003610	3396.000000	199.223493	0.828241	0.001116	0.000939	0.000374	-0.000569	0.003431
4339	0.829109	0.000920	0.000195	0.000398	-0.000675	0.003047	3398.000000	199.223493	0.831154	0.001986	-0.000011	0.000210	-0.000839	0.002646	3399.000000	199.223493	0.830170	0.002465	-0.000150	0.000540	0.002054	0.002507
4342	0.829398	0.001660	-0.000067	0.000468	0.000395	0.001508	3401.000000	199.223493	0.828434	0.003253	-0.000152	0.000447	-0.000212	0.002280	3402.000000	199.223493	0.829147	0.002959	-0.001034	0.000312	-0.003617	0.001936
4345	0.830170	0.002686	-0.001006	0.000563	-0.001476	0.002336	3404.000000	199.223493	0.832272	0.003091	0.000382	0.000483	-0.001263	0.001196	3405.000000	199.223493	0.831559	0.002416	-0.000034	0.000601	-0.001601	0.002166
4348	0.831597	0.002341	0.000174	0.000453	-0.000646	0.001582	3407.000000	199.223493	0.831308	0.002159	0.000355	0.000767	-0.000145	0.002186	3408.000000	199.223493	0.828472	0.002739	0.000240	0.000328	-0.001852	0.001531
4351	0.828491	0.002550	-0.000030	0.000244	-0.000955	0.000893	3410.000000	199.223493	0.829629	0.002543	-0.000264	0.000678	-0.002585	0.001341	3411.000000	199.223493	0.826948	0.002864	-0.000262	0.000413	-0.001543	0.001880
4354	0.827816	0.002935	0.001085	0.000352	-0.001572	0.002000	3413.000000	199.223493	0.829668	0.004103	0.000037	0.000607	-0.001678	0.002627	3414.000000	199.223493	0.830421	0.002471	-0.000333	0.000242	-0.001514	0.002674
4357	0.832350	0.002951	-0.000324	0.000344	-0.000183	0.002079	3416.000000	199.223493	0.830401	0.001795	0.000020	0.000534	-0.000492	0.002305	3417.000000	199.223493	0.830787	0.003264	-0.000114	0.000706	0.000482	0.003225
4360	0.830614	0.002706	0.000899	0.000708	-0.000405	0.002942	3419.000000	199.223493	0.830729	0.002583	0.000436	0.000601	0.000974	0.002799	3420.000000	199.223493	0.831810	0.003634	0.000015	0.000490	0.000887	0.002183
4363	0.833488	0.003873	0.000756	0.000410	0.000550	0.001219	3422.000000	199.223493	0.833063	0.003091	-0.000730	0.000651	0.002662	0.001972	3423.000000	199.223493	0.830015	0.002121	-0.000192	0.000391	0.003202	0.001759
4366	0.829302	0.001788	-0.000675	0.000875	0.002971	0.001646	3425.000000	199.223493	0.831038	0.002847	-0.000312	0.000514	0.005044	0.001307	3426.000000	199.223493	0.830305	0.002276	-0.000311	0.000394	0.003463	0.001471
4369	0.829977	0.003649	0.000077	0.000421	0.003385	0.001233	3428.000000	199.223493	0.829977	0.003370	0.000131	0.000338	0.003337	0.000600	3429.000000	199.223493	0.830652	0.004578	-0.000208	0.000679	0.003655	0.001147
4372	0.828125	0.004486	0.000545	0.000583	0.002575	0.001592	3431.000000	199.223493	0.832041	0.004320	-0.000269	0.000373	0.001669	0.001724	3432.000000	199.223493	0.828221	0.002983	-0.000073	0.000604	0.001669	0.001141
4375	0.823958	0.003865	-0.000652	0.000353	0.002160	0.001925	3434.000000	199.223493	0.828202	0.002677	-0.000772	0.000194	0.000935	0.002045	3435.000000	199.223493	0.827913	0.004031	-0.000205	0.000318	0.001427	0.002446
4378	0.827585	0.002585	0.000023	0.000338	0.000858	0.001245	3437.000000	199.223493	0.827855	0.004024	-0.001128	0.000393	-0.000077	0.001827	3438.000000	199.223493	0.829109	0.003906	-0.000440	0.000332	-0.001447	0.001882
4381	0.828241	0.002866	0.000289	0.000310	-0.000434	0.001495	3440.000000	199.223493	0.828549	0.002379	0.000283	0.000426	0.000887	0.000930	3441.000000	199.223493	0.828762	0.001744	-0.000086	0.000520	0.002218	0.000820
4384	0.827238	0.003511	-0.000103	0.000375	0.002971	0.001145	3443.000000	199.223493	0.829417	0.002993	-0.000247	0.000409	0.002653	0.001748	3444.000000	199.223493	0.826929	0.003387	0.000088	0.000540	0.001061	0.001099
4387	0.826196	0.002690	0.000184	0.000450	0.001485	0.001442	3446.000000	199.223493	0.828106	0.002683	0.000101	0.000360	0.001264	0.001893	3447.000000	199.223493	0.827585	0.001062	-0.000475	0.000177	0.003115	0.001879
4390	0.827469	0.003180	0.000543	0.000480	0.003424	0.002179	3449.000000	199.223493	0.824826	0.003500	0.000266	0.000935	0.004060	0.002059	3450.000000	199.223493	0.826678	0.003326	-0.000424	0.000488	0.002161	0.002153
4393	0.828588	0.002915	-0.000477	0.000847	0.000772	0.002895	3452.000000	199.223493	0.825714	0.002642	-0.000279	0.000366	0.000415	0.002339	3453.000000	199.223493	0.827990	0.002921	-0.000131	0.000323	0.001254	0.001469
4396	0.826138	0.003052	-0.000470	0.000284	0.001881	0.001631	3455.000000	199.223493	0.827816	0.003092	-0.000099	0.000404	0.003743	0.002929	3456.000000	199.223493	0.828299	0.002943	0.000257	0.000744	0.003038	0.002631
4399	0.831655	0.002190	0.001372	0.000598	0.003781	0.002481	3458.000000	199.223493	0.831173	0.001845	0.002116	0.000606	0.000685	0.002300	3459.000000	199.223493	0.828685	0.002613	0.001486	0.000912	-0.000318	0.001708
4402	0.828414	0.003682	0.000609	0.000696	-0.000637	0.001376	3461.000000	199.223493	0.830189	0.003777	0.000597	0.000672	-0.002045	0.001607	3462.000000	199.223493	0.829456	0.003109	0.001318	0.000434	-0.001765	0.000950
4405	0.828993	0.002989	0.001461	0.000543	0.000559	0.001031	3464.000000	199.223493	0.828781	0.001760	0.000515	0.000571	0.000839	0.001673	3465.000000	199.223493	0.831134	0.003682	-0.000257	0.000514	-0.001466	0.000944
4408	0.831057	0.003885	-0.000190	0.000343	-0.002807	0.000948	3467.000000	199.223493	0.831173	0.003176	-0.001123	0.000269	-0.002132	0.000830	3468.000000	199.223493	0.831906	0.002541	-0.000458	0.000850	-0.000579	0.001206
4411	0.832523	0.002127	-0.000257	0.000634	0.001206	0.001143	3470.000000	199.223493	0.832948	0.002129	0.000400	0.000655	0.002334	0.001864	3471.000000	199.223493	0.831809	0.001001	-0.000176	0.000997	0.003598	0.000992
4414	0.836825	0.002663	-0.000169	0.000720	0.001389	0.001498	3473.000000	199.223493	0.834645	0.002777	0.000461	0.000454	0.000280	0.001684	3474.000000	199.223493	0.834954	0.002139	-0.000184	0.000378	0.001071	0.002216
4417	0.833044	0.002206	0.000432	0.000279	-0.000135	0.002179	3476.000000	199.223493	0.833179	0.002810	0.000290	0.000655	-0.000405	0.002053	3477.000000	199.223493	0.834877	0.003334	-0.000408	0.000634	-0.001582	0.001337
4420	0.835745	0.001501	-0.000670	0.000557	-0.000743	0.001512	3479.000000	199.223493	0.835513	0.001810	-0.000490	0.000318	-0.000704	0.000635	3480.000000	199.223493	0.834626	0.003010	-0.000431	0.000514	-0.001264	0.000614
4423	0.835841	0.004645	-0.000054	0.000359	-0.001157	0.001074	3482.000000	199.223493	0.835744	0.003421	0.000226	0.000388	-0.000791	0.000894	3483.000000	199.223493	0.835822	0.003175	-0.000368	0.000530	0.000029	0.001029
4426	0.835609	0.002512	-0.000431	0.000409	0.000936	0.001149	3485.000000	199.223493	0.836246	0.003296	-0.001080	0.000952	0.000444	0.001074	3486.000000	199.223493	0.835185	0.003528	0.000751	0.000820	0.000492	0.002357
4429	0.835281	0.002107	-0.000728	0.001214	0.001968	0.002898	3488.000000	199.223493	0.832504	0.002196	-0.000173	0.000570	-0.001669	0.002576	3489.000000	199.223493	0.832774	0.001549	0.000265	0.000540	-0.001023	0.001890
4432	0.832870	0.003424	0.000312	0.000610	-0.001013	0.002313	3491.000000	199.223493	0.835494	0.003084	0.000824	0.000252	-0.001736	0.002022	3492.000000	199.223493	0.835976	0.002678	-0.000077	0.000802	-0.003038	0.001917
4435	0.837153	0.002685	-0.000987	0.000682	-0.001929	0.002002	3494.000000	199.223493	0.834877	0.001996	0.000900	0.000776	-0.001775	0.002539	3495.000000	199.223493	0.832851	0.002098	-0.000343	0.000415	-0.000916	0.001469
4438	0.836786	0.002462	-0.000287	0.000399	-0.001842	0.002409	3497.000000	199.223493	0.836208	0.002292	-0.000431	0.000794	-0.000781	0.001547	3498.000000	199.223493	0.834780	0.002245	0.000347	0.000349	-0.001591	0.002110
4441	0.831481	0.002042	-0.000699	0.000628	-0.000733	0.002185	3500.000000	199.223493	0.835282	0.002062	0.000777	0.000214	-0.001563	0.001621	3501.000000	199.223493	0.836034	0.002310	-0.000086	0.000498	-0.001167	0.001682
4444	0.835976	0.001570	0.000166	0.000776	0.001206	0.001450	3503.000000	199.223493	0.835166	0.001473	-0.000315	0.000438	0.000859	0.001868	3504.000000	199.223493	0.834510	0.001824	-0.000844	0.000329	-0.000424	0.002642
4447	0.834568	0.001537	0.000937	0.000856	0.000781	0.001600	3506.000000	199.223493	0.835224	0.003175	0.000244	0.000900	-0.000521	0.001934	3507.000000	199.223493	0.833507	0.001851	0.000476	0.000879	0.000251	0.001523
4450	0.833661	0.001566	0.000438	0.000705	0.000733	0.001818	3509.000000	199.223493	0.832330	0.001328	0.000613	0.000631	0.001717	0.002059	3510.000000	199.223493	0.833893	0.001335	0.000437	0.000658	0.002652	0.002289
4453	0.830710	0.002033	-0.000048	0.000601	0.001746	0.001576	3512.000000	199.223493	0.826389	0.002658	0.001057	0.000367	0.001948	0.001412	3513.000000	199.223493	0.823958	0.003386	0.000735	0.000345	0.000704	0.001463
4456	0.825077	0.003422	-0.000296	0.000388	0.000907	0.000766	3515.000000	199.223493	0.825656	0.004045	0.000056	0.001012	0.001591	0.001082	3516.000000	199.223493	0.824518	0.004256	-0.000549	0.000619	-0.000511	0.001539
4459	0.824228	0.004111	-0.000733	0.000314	-0.002016	0.001159	3518.000000	199.223493	0.823920	0.003625	-0.000085	0.000301	-0.000434	0.001255	3519.000000	199.223493	0.825965	0.004330	0.000385	0.000418	-0.001553	0.002163
4462	0.827913	0.003808	-0.000337	0.000454	-0.000482	0.002443	3521.000000	199.223493	0.827276	0.002680	-0.000009	0.000266	0.000627	0.001786	3522.000000	199.223493	0.826003	0.002085	0.000304	0.000349	0.000724	0.001362
4465	0.826987	0.002135	-0.000041	0.000285	0.001823	0.001631	3524.000000	199.223493	0.826466	0.001963	0.000682	0.000497	-0.000222	0.002275	3525.000000	199.223493	0.829051	0.001540	0.001092	0.000457	0.002199	0.001332
4468	0.829321	0.001626	-0.000956	0.000611	0.003993	0.000460	3527.000000	199.223493	0.828453	0.001679	0.000173	0.000662	0.003955	0.000822	3528.000000	199.223493	0.829861	0.001886	0.000945	0.000702	0.004958	0.000918
4471	0.830343	0.002625	-0.000382	0.000580	0.004234	0.001375	3530.000000	199.223493	0.832697	0.004174	0.000724	0.000720	0.003559	0.001643	3531.000000	199.223493	0.835224	0.002320	0.000673	0.000454	0.000887	0.002134
4474	0.830613	0.001963	0.000519	0.000266	0.002334	0.001604	3533.000000	199.223493	0.828781	0.003335	-0.000788	0.000496	0.000569	0.002281	3534.000000	199.223493	0.830555	0.002856	0.000011	0.000587	-0.000820	0.001464
4477	0.829958	0.003672	-0.000892	0.000470	-0.001090	0.001823	3536.000000	199.223493	0.831829	0.002468	-0.001221	0.000589	-0.000849	0.001890	3537.000000	199.223493	0.830363	0.001767	-0.000013	0.000558	0.001051	0.001775
4480	0.834047	0.002675	0.000572	0.000509	0.001215	0.001662	3539.000000	199.223493	0.835301	0.002194	-0.000443	0.000720	0.001408	0.002102	3540.000000	199.223493	0.834008	0.001157	0.000614	0.000390	0.000395	0.002008
4483	0.833700	0.003686	0.000401	0.000565	0.000530	0.002330	3542.000000	199.223493	0.834143	0.003483	0.000480	0.000428	0.000733	0.003306	3543.000000	199.223493	0.835725	0.003430	0.000093	0.000474	-0.000116	0.003114
4486	0.833758	0.003718	-0.000221	0.000680	-0.000299	0.002409	3545.000000	199.223493	0.834626	0.003457	0.000027	0.000452	-0.001456	0.003330	3546.000000	199.223493	0.831694	0.004072	0.001132	0.000455	-0.002180	0.002313
4489	0.829938	0.003499	-0.000116	0.000490	-0.002132	0.002232	3548.000000	199.223493	0.831848	0.003183	-0.000148	0.000676	-0.000617	0.002077	3549.000000	199.223493	0.831848	0.002182	0.000041	0.000326	-0.000820	0.002697
4492	0.833237	0.001557	-0.000080	0.000243	-0.001842	0.002591	3551.000000	199.223493	0.829861	0.001083	0.000795	0.000231	-0.001929	0.001413	3552.000000	199.223493	0.832851	0.001667	0.002278	0.000123	-0.001428	0.001272
4495	0.832002	0.001707	0.001356	0.000514	-0.003579	0.001817	3554.000000	199.223493	0.833121	0.002387	-0.000186	0.000614	-0.001939	0.001207	3555.000000	199.223493	0.834800	0.001948	0.001280	0.001089	-0.000617	0.002118
4498	0.835320	0.003213	0.000244	0.000350	-0.002373	0.001416	3557.000000	199.223493	0.837539	0.003774	0.000980	0.000773	-0.002459	0.002198	3558.000000	199.223493	0.835147	0.004100	0.000565	0.000688	-0.004852	0.001786
4501	0.832948	0.004162	0.001364	0.000671	-0.003501	0.002147	3560.000000	199.223493	0.833874	0.003718	0.001172	0.000438	-0.003501	0.002134	3561.000000	199.223493	0.831925	0.002881	-0.000643	0.000298	-0.004408	0.002052
4504	0.831790	0.002600	0.000746	0.000863	-0.003250	0.001599	3563.000000	199.223493	0.830826	0.003897	0.000230	0.000335	-0.002797	0.001538	3564.000000	199.223493	0.831674	0.004100	0.001293	0.000737	-0.003173	0.001157
4507	0.829784	0.003283	0.000154	0.000746	-0.003144	0.001748	3566.000000	199.223493	0.831790	0.004390	0.000094	0.000576	-0.001283	0.002115	3567.000000	199.223493	0.829668	0.002954	-0.000271	0.000314	-0.000261	0.002003
4510	0.829784	0.003804	0.000526	0.001000	0.001408	0.002694	3569.000000	199.223493	0.829861	0.002767	0.000271	0.000764	0.000260	0.001631	3570.000000	199.223493	0.829552	0.003113	0.000258	0.000568	0.000907	0.001732
4513	0.830208	0.001438	0.000676	0.000936	-0.000260	0.001634	3572.000000	199.223493	0.830459	0.002105	0.000675	0.000763	0.000260	0.001353	3573.000000	199.223493	0.830729	0.002471	0.000522	0.000434	0.002161	0.001372
4516	0.828665	0.001771	-0.000550	0.000407	0.000887	0.001176	3575.000000	199.223493	0.828511	0.001977	0.000505	0.000336	0.000067	0.001388	3576.000000	199.223493	0.830941	0.002154	0.000425	0.000504	0.000203	0.001076
4519	0.829417	0.002610	0.000061	0.000580	0.000830	0.001311	3578.000000	199.223493	0.831096	0.002167	-0.000692	0.000653	-0.000068	0.002274	3579.000000	199.223493	0.829244	0.001727	0.000529	0.000263	0.000878	0.002111
4522	0.828299	0.000821	-0.000216	0.000293	-0.000502	0.002439	3581.000000	199.223493	0.828029	0.001739	0.000180	0.000472	0.000174	0.001783	3582.000000	199.223493	0.826948	0.002742	-0.000057	0.000477	0.000077	0.001802
4525	0.826968	0.003792	-0.001010	0.000465	0.001090	0.000754	3584.000000	199.223493	0.826698	0.004067	-0.000391	0.000419	0.001678	0.002231	3585.000000	199.223493	0.828858	0.004310	-0.000041	0.000327	0.001977	0.002365
4528	0.828183	0.004242	-0.000245	0.000404	0.002768	0.002995	3587.000000	199.223493	0.828549	0.003390	-0.000362	0.000874	0.001611	0.002452	3588.000000	199.223493	0.828935	0.004013	-0.000476	0.000331	0.001042	0.000902
4531	0.828453	0.004777	0.000004	0.000345	0.000482	0.001045	3590.000000	199.223493	0.830941	0.004579	0.000049	0.000566	0.000290	0.001720	3591.000000	199.223493	0.832639	0.003663	-0.000152	0.000323	-0.001225	0.002345
4534	0.833835	0.004005	0.000057	0.000323	-0.002170	0.002580	3593.000000	199.223493	0.835378	0.002411	0.001168	0.000277	-0.001659	0.002412	3594.000000	199.223493	0.834182	0.002824	0.000435	0.000730	-0.000762	0.001923
4537	0.833449	0.002647	0.001121	0.000733	-0.001418	0.002013	3596.000000	199.223493	0.835050	0.002461	0.000263	0.000477	-0.002141	0.001795	3597.000000	199.223493	0.836806	0.002151	0.000052	0.000265	-0.000492	0.001720
4540	0.834626	0.001553	0.000640	0.000267	-0.001138	0.002029	3599.000000	199.223493	0.832253	0.000918	0.000751	0.000212	-0.002633	0.002728	3600.000000	199.223493	0.833603	0.002671	0.000585	0.000582	-0.000926	0.001815
4543	0.832928	0.001379	0.001085	0.000286	-0.001563	0.001616	3602.000000	199.223493	0.829707	0.002076	0.000151	0.000768	-0.001360	0.001607	3603.000000	199.223493	0.828800	0.002457	-0.000569	0.000572	-0.001177	0.001889
4546	0.829070	0.002859	-0.000401	0.000323	-0.000724	0.001802	3605.000000	199.223493	0.828607	0.001911	0.000952	0.000321	-0.001823	0.000591	3606.000000	199.223493	0.829687	0.001958	0.000277	0.000511	-0.001157	0.000824
4549	0.829881	0.002059	-0.000153	0.000642	-0.001389	0.001411	3608.000000	199.223493	0.829803	0.001893	0.001723	0.000489	-0.001987	0.001573	3609.000000	199.223493	0.829340	0.001198	0.000340	0.000646	-0.001958	0.000420
4552	0.830420	0.002038	-0.000176	0.000550	-0.001823	0.001215	3611.000000	199.223493	0.831057	0.001260	0.000251	0.000990	-0.001235	0.001775	3612.000000	199.223493	0.828781	0.001405	0.000598	0.000101	-0.000733	0.001849
4555	0.829147	0.001609	0.000100	0.000546	-0.001032	0.002474	3614.000000	199.223493	0.828279	0.001910	0.000674	0.000575	-0.000945	0.002723	3615.000000	199.223493	0.831269	0.001977	0.001801	0.000597	-0.000434	0.002394
4558	0.828511	0.001828	0.000880	0.000751	-0.000155	0.002869	3617.000000	199.223493	0.827990	0.002283	0.000814	0.000356	-0.001244	0.003326	3618.000000	199.223493	0.826794	0.002141	0.000614	0.000552	-0.000010	0.003157
4561	0.827797	0.001815	-0.000173	0.000185	-0.002508	0.003996	3620.000000	199.223493	0.829398	0.001596	-0.000471	0.000363	-0.002353	0.002890	3621.000000	199.223493	0.832755	0.002069	0.000362	0.000481	-0.003540	0.002864
4564	0.830343	0.000750	-0.000408	0.000495	-0.004697	0.001993	3623.000000	199.223493	0.832022	0.001102	0.000114	0.000209	-0.003665	0.001471	3624.000000	199.223493	0.834954	0.000852	-0.000429	0.000484	-0.002189	0.001747
4567	0.831462	0.001687	0.000599	0.000340	-0.000945	0.001575	3626.000000	199.223493	0.831096	0.002198	0.000621	0.000152	-0.001128	0.002474	3627.000000	199.223493	0.829958	0.001995	0.000413	0.000279	-0.000029	0.002719
4570	0.831231	0.001673	-0.000549	0.000599	0.000048	0.002166	3629.000000	199.223493	0.832330	0.002845	-0.000081	0.000406	0.000936	0.001221	3630.000000	199.223493	0.832793	0.003336	-0.000259	0.000630	0.001157	0.001555
4573	0.831809	0.003914	0.001078	0.000606	-0.000164	0.001569	3632.000000	199.223493	0.833873	0.002881	-0.000012	0.000734	0.000077	0.001319	3633.000000	199.223493	0.832870	0.003845	0.000737	0.000395	-0.001167	0.002224
4576	0.830922	0.003682	0.001090	0.001026	-0.001485	0.001482	3635.000000	199.223493	0.830363	0.002813	0.001871	0.000939	-0.000955	0.002494	3636.000000	199.223493	0.828029	0.003512	0.000987	0.000741	0.000077	0.002650
4579	0.824421	0.005345	0.000302	0.000592	-0.000665	0.001921	3638.000000	199.223493	0.823090	0.005351	-0.000128	0.000399	0.000646	0.001783	3639.000000	199.223493	0.822396	0.004000	0.000031	0.000657	-0.001755	0.002257
4582	0.823380	0.004449	-0.000327	0.000483	-0.003501	0.001749	3641.000000	199.223493	0.820081	0.004387	0.000694	0.000381	-0.003665	0.002571	3642.000000	199.223493	0.821991	0.004959	0.000491	0.000334	-0.002710	0.001529
4585	0.820968	0.004990	-0.000046	0.000480	-0.003395	0.002242	3644.000000	199.223493	0.820525	0.005652	-0.000626	0.000422	-0.003916	0.002081	3645.000000	199.223493	0.820910	0.004754	-0.000784	0.000447	-0.003945	0.001992
4588	0.823881	0.003219	-0.000314	0.000524	-0.003800	0.002381	3647.000000	199.223493	0.822589	0.002904	0.000074	0.000474	-0.003000	0.002147	3648.000000	199.223493	0.823360	0.002082	-0.000845	0.000452	-0.002160	0.002245
4591	0.825386	0.001170	-0.000566	0.000475	-0.001958	0.002035	3650.000000	199.223493	0.828511	0.001492	0.000111	0.000407	-0.001447	0.002560	3651.000000	199.223493	0.828048	0.002411	-0.001031	0.000593	-0.000521	0.003550
4594	0.826466	0.000712	-0.000249	0.000237	-0.001582	0.002694	3653.000000	199.223493	0.827045	0.001976	-0.000237	0.000362	-0.001418	0.003512	3654.000000	199.223493	0.828916	0.001808	-0.000111	0.000368	-0.001794	0.002415
4597	0.827546	0.001426	-0.000122	0.000414	-0.000743	0.001065	3656.000000	199.223493	0.829070	0.001719	0.000571	0.000271	-0.000116	0.001157	3657.000000	199.223493	0.826736	0.001385	-0.000863	0.000718	-0.002411	0.001188
4600	0.827160	0.002540	-0.001098	0.000468	0.001225	0.000995	3659.000000	199.223493	0.824653	0.003654	0.000599	0.000406	0.002488	0.001283	3660.000000	199.223493	0.824634	0.003749	0.000779	0.000332	0.001273	0.001187
4603	0.828974	0.003837	0.000825	0.000374	-0.000135	0.001295	3662.000000	199.223493	0.833025	0.004047	0.000580	0.000495	0.000029	0.002068	3663.000000	199.223493	0.832620	0.005445	0.000216	0.000510	-0.000588	0.002033
4606	0.830517	0.005288	0.001159	0.000517	-0.000280	0.001618	3665.000000	199.223493	0.829379	0.005247	-0.000600	0.000336	0.000309	0.001898	3666.000000	199.223493	0.829070	0.005320	-0.000866	0.000555	-0.000309	0.001921
4609	0.827566	0.004620	-0.000454	0.000356	-0.000560	0.001529	3668.000000	199.223493	0.827913	0.005210	-0.000079	0.000379	-0.002305	0.001198	3669.000000	199.223493	0.826852	0.003972	0.000129	0.000413	-0.002402	0.001479
4612	0.827238	0.003112	0.001106	0.000720	-0.000936	0.001337	3671.000000	199.223493	0.828762	0.004261	-0.000809	0.000236	-0.001466	0.001420	3672.000000	199.223493	0.830324	0.004181	0.000461	0.000710	-0.002122	0.001185
4615	0.830170	0.004398	-0.001184	0.000294	-0.003588	0.001755	3674.000000	199.223493	0.830324	0.004337	0.000137	0.000411	-0.002228	0.001911	3675.000000	199.223493	0.828279	0.003558	-0.001237	0.000429	-0.002942	0.001574
4618	0.827739	0.002580	-0.000404	0.000616	-0.002083	0.001595	3677.000000	199.223493	0.825231	0.001983	-0.000284	0.000424	-0.001119	0.002390	3678.000000	199.223493	0.826119	0.002207	-0.000042	0.000398	-0.003202	0.001444
4621	0.826601	0.001207	0.000908	0.000476	-0.005594	0.001135	3680.000000	199.223493	0.825174	0.001567	0.000763	0.000439	-0.005941	0.001628	3681.000000	199.223493	0.828376	0.002844	0.000262	0.000414	-0.004620	0.001401
4624	0.828453	0.003810	0.000752	0.000501	-0.003067	0.001805	3683.000000	199.223493	0.828241	0.002295	-0.000074	0.000457	-0.003135	0.001938	3684.000000	199.223493	0.829012	0.001595	-0.000524	0.000418	-0.003848	0.001438
4627	0.830305	0.002063	-0.000505	0.000346	-0.002026	0.001455	3686.000000	199.223493	0.830845	0.002428	0.000421	0.000482	-0.002739	0.002001	3687.000000	199.223493	0.827700	0.001736	0.000120	0.000575	-0.004823	0.002078
4630	0.829726	0.001098	0.000437	0.000501	-0.005748	0.002700	3689.000000	199.223493	0.831096	0.001865	-0.000572	0.000393	-0.002498	0.001680	3690.000000	199.223493	0.831925	0.001488	0.000295	0.000445	-0.003308	0.003248
4633	0.832214	0.002290	0.000447	0.000404	-0.002295	0.003231	3692.000000	199.223493	0.832542	0.001159	-0.000521	0.000391	-0.001321	0.003189	3693.000000	199.223493	0.834626	0.001501	0.000154	0.000711	-0.000309	0.002885
4636	0.832369	0.000846	0.000420	0.000229	0.000280	0.001877	3695.000000	199.223493	0.833758	0.001847	0.000907	0.000229	-0.001630	0.001847	3696.000000	199.223493	0.832774	0.002135	0.000628	0.000421	-0.000656	0.001539
4639	0.831424	0.002698	0.000938	0.000338	0.001669	0.002089	3698.000000	199.223493	0.831848	0.002354	0.000242	0.000135	0.002228	0.001808	3699.000000	199.223493	0.833873	0.002694	0.000426	0.000565	0.001514	0.002037
4642	0.832041	0.004375	0.000240	0.000581	0.002257	0.001632	3701.000000	199.223493	0.829128	0.003780	0.001705	0.000409	0.003791	0.002018	3702.000000	199.223493	0.830421	0.003698	0.000437	0.000920	0.002276	0.002342
4645	0.830344	0.002644	0.001499	0.000477	0.004900	0.002684	3704.000000	199.223493	0.830401	0.002333	0.000291	0.000303	0.005758	0.002365	3705.000000	199.223493	0.829456	0.002212	0.000417	0.000404	0.004688	0.003043
4648	0.827160	0.001753	-0.000046	0.000451	0.002797	0.002336	3707.000000	199.223493	0.829784	0.002088	0.000058	0.000485	0.003694	0.001818	3708.000000	199.223493	0.829803	0.002874	-0.000182	0.000766	0.002315	0.002521
4651	0.829745	0.002292	0.000697	0.000985	0.002132	0.002008	3710.000000	199.223493	0.829977	0.002632	0.000529	0.000402	0.004041	0.001897	3711.000000	199.223493	0.830787	0.002132	0.000829	0.000379	0.003569	0.002328
4654	0.831945	0.002612	0.000626	0.000477	0.004263	0.002274	3713.000000	199.223493	0.833912	0.002136	0.000094	0.000265	0.003762	0.002231	3714.000000	199.223493	0.833295	0.001389	-0.000078	0.000564	0.004774	0.002086
4657	0.829900	0.001527	0.000107	0.000535	0.002604	0.001181	3716.000000	199.223493	0.828376	0.003262	-0.000490	0.000290	0.001784	0.002348	3717.000000	199.223493	0.829880	0.002654	-0.000944	0.000339	-0.000646	0.003043
4660	0.829861	0.002846	-0.001451	0.000567	0.001196	0.001904	3719.000000	199.223493	0.831250	0.003615	0.000133	0.000589	-0.000145	0.000904	3720.000000	199.223493	0.830421	0.003109	-0.000847	0.000452	0.000955	0.002322
4663	0.830363	0.003029	-0.000254	0.000292	0.001389	0.001843	3722.000000	199.223493	0.829340	0.003095	0.000405	0.000747	0.002411	0.001869	3723.000000	199.223493	0.825945	0.003573	0.000325	0.000322	0.000830	0.001655
4666	0.827025	0.003057	0.000269	0.000240	0.001669	0.001718	3725.000000	199.223493	0.827373	0.003019	-0.000309	0.000683	-0.000010	0.001777	3726.000000	199.223493	0.825906	0.003057	0.000203	0.000269	0.000077	0.001349
4669	0.828202	0.002935	0.000957	0.000424	0.000000	0.001516	3728.000000	199.223493	0.829784	0.004104	-0.000165	0.000591	-0.000405	0.002385	3729.000000	199.223493	0.829707	0.002326	-0.000482	0.000258	-0.000714	0.002481
4672	0.829687	0.002916	-0.000125	0.000379	-0.000270	0.002077	3731.000000	199.223493	0.828318	0.001626	0.000454	0.000331	0.000434	0.002225	3732.000000	199.223493	0.829244	0.002820	-0.000261	0.000711	0.002267	0.002664
4675	0.829456	0.002629	0.000851	0.000712	0.001534	0.002393	3734.000000	199.223493	0.830749	0.002589	0.000341	0.000613	0.003453	0.002328	3735.000000	199.223493	0.831559	0.003595	0.000171	0.000527	0.002218	0.002285
4678	0.830826	0.003666	0.000967	0.000390	0.002122	0.001229	3737.000000	199.223493	0.830710	0.002452	0.000210	0.000362	0.004465	0.001462	3738.000000	199.223493	0.828935	0.001369	0.000090	0.000385	0.004938	0.001051
4681	0.829456	0.001844	-0.000292	0.001039	0.004331	0.000858	3740.000000	199.223493	0.831443	0.002942	0.000233	0.000540	0.005855	0.000823	3741.000000	199.223493	0.830671	0.002498	0.000287	0.000638	0.003800	0.001280
4684	0.829147	0.003316	0.000511	0.000461	0.003231	0.001286	3743.000000	199.223493	0.829765	0.003276	0.000155	0.000347	0.003829	0.000586	3744.000000	199.223493	0.829495	0.004068	-0.000520	0.000650	0.003077	0.001253
4687	0.827758	0.004280	0.000269	0.000632	0.001505	0.001497	3746.000000	199.223493	0.829398	0.003103	-0.000288	0.000384	0.001794	0.001753	3747.000000	199.223493	0.826022	0.001736	-0.000705	0.000590	0.002382	0.001040
4690	0.822473	0.002895	-0.000555	0.000291	0.003048	0.001884	3749.000000	199.223493	0.827643	0.002315	-0.000880	0.000228	0.002758	0.002313	3750.000000	199.223493	0.826736	0.003489	-0.000419	0.000385	0.003501	0.002660
4693	0.825849	0.001814	-0.000009	0.000329	0.003443	0.001128	3752.000000	199.223493	0.825482	0.002660	-0.000716	0.000511	0.002826	0.000806	3753.000000	199.223493	0.827180	0.002991	-0.000545	0.000270	0.002141	0.001511
4696	0.827450	0.002555	-0.000316	0.000424	0.002556	0.001456	3755.000000	199.223493	0.827334	0.002336	0.000001	0.000673	0.002527	0.000906	3756.000000	199.223493	0.827759	0.002025	0.000124	0.000526	0.003048	0.001141
4699	0.827932	0.003440	-0.000062	0.000371	0.004610	0.001855	3758.000000	199.223493	0.829630	0.002951	-0.000456	0.000293	0.003067	0.001866	3759.000000	199.223493	0.826447	0.003369	0.000059	0.000553	0.003588	0.001855
4702	0.826003	0.002676	-0.000785	0.000816	0.003617	0.000996	3761.000000	199.223493	0.828395	0.002751	-0.000393	0.000485	0.003530	0.001832	3762.000000	199.223493	0.826813	0.001081	-0.000572	0.000146	0.004427	0.001372
4705	0.825289	0.003766	0.000823	0.000600	0.005903	0.001436	3764.000000	199.223493	0.824788	0.003499	0.000861	0.000761	0.005989	0.001722	3765.000000	199.223493	0.824132	0.002964	-0.000133	0.000554	0.003443	0.002080
4708	0.825174	0.002464	-0.000022	0.000553	0.002971	0.002282	3767.000000	199.223493	0.821721	0.001421	-0.000590	0.000305	0.003048	0.001339	3768.000000	199.223493	0.822917	0.001948	-0.000271	0.000306	0.003328	0.001428
4711	0.823572	0.001564	-0.000201	0.000323	0.004408	0.001785	3770.000000	199.223493	0.825637	0.001684	-0.000268	0.000384	0.007070	0.002224	3771.000000	199.223493	0.826563	0.001886	0.000179	0.000752	0.005363	0.001892
4714	0.830131	0.001410	0.000867	0.000729	0.005758	0.001822	3773.000000	199.223493	0.830594	0.001896	0.001386	0.000502	0.003501	0.002223	3774.000000	199.223493	0.828839	0.002586	0.001094	0.000874	0.001273	0.001713
4717	0.826755	0.003797	0.000699	0.000728	0.000386	0.001555	3776.000000	199.223493	0.828588	0.003395	0.000963	0.000517	-0.001109	0.001722	3777.000000	199.223493	0.828183	0.002965	0.000969	0.000640	-0.001620	0.001024
4720	0.827739	0.002655	0.001482	0.000542	0.000762	0.000939	3779.000000	199.223493	0.827218	0.002311	0.000566	0.000584	0.001591	0.001392	3780.000000	199.223493	0.827932	0.004492	0.000071	0.000668	0.000193	0.000738
4723	0.828183	0.004568	0.000041	0.000375	-0.002527	0.001003	3782.000000	199.223493	0.829475	0.003545	-0.000961	0.000270	-0.002411	0.000897	3783.000000	199.223493	0.830421	0.002518	-0.000552	0.000853	-0.001061	0.001361
4726	0.830093	0.002743	0.000141	0.000362	0.000656	0.001174	3785.000000	199.223493	0.831385	0.002535	0.000774	0.000366	0.001746	0.001863	3786.000000	199.223493	0.830613	0.001110	0.000615	0.000679	0.002778	0.001103
4729	0.833063	0.003886	-0.000258	0.000719	0.001620	0.001578	3788.000000	199.223493	0.830903	0.003696	0.000954	0.000463	0.000251	0.001675	3789.000000	199.223493	0.831308	0.003181	0.000113	0.000314	0.001158	0.002230
4732	0.829784	0.003551	0.000325	0.000353	0.001389	0.002428	3791.000000	199.223493	0.827778	0.002673	0.000836	0.000666	-0.000559	0.002068	3792.000000	199.223493	0.830247	0.001993	-0.000555	0.000636	-0.000338	0.001350
4735	0.832870	0.002399	-0.000480	0.000521	-0.000800	0.001535	3794.000000	199.223493	0.832967	0.002382	-0.000542	0.000318	-0.002421	0.001924	3795.000000	199.223493	0.832986	0.003481	-0.000310	0.000513	-0.002855	0.001252
4738	0.833449	0.005185	0.000413	0.000176	-0.002073	0.001725	3797.000000	199.223493	0.834105	0.003421	0.000126	0.000421	-0.002016	0.000787	3798.000000	199.223493	0.833083	0.003749	-0.000645	0.000522	-0.001379	0.001233
4741	0.834240	0.003104	0.000182	0.000523	-0.000222	0.000754	3800.000000	199.223493	0.833584	0.003685	-0.001054	0.000957	-0.000087	0.000892	3801.000000	199.223493	0.831501	0.004028	0.000189	0.000866	-0.001350	0.001903
4744	0.832523	0.002509	0.000245	0.001039	-0.000048	0.002418	3803.000000	199.223493	0.830208	0.003252	0.000416	0.000461	-0.003038	0.002317	3804.000000	199.223493	0.829823	0.002853	0.000657	0.000378	-0.000839	0.001950
4747	0.830266	0.003499	0.000389	0.000634	0.000993	0.002453	3806.000000	199.223493	0.832909	0.003701	0.000885	0.000208	0.000126	0.002119	3807.000000	199.223493	0.833372	0.003469	-0.000464	0.000507	-0.001158	0.002471
4750	0.835224	0.003572	-0.001002	0.000673	-0.000521	0.002142	3809.000000	199.223493	0.833353	0.002638	0.000291	0.000593	0.000974	0.002796	3810.000000	199.223493	0.831192	0.002545	-0.000197	0.000441	0.000338	0.001632
4753	0.836208	0.002699	-0.000196	0.000365	-0.000849	0.002406	3812.000000	199.223493	0.835205	0.002791	-0.000715	0.000666	0.000222	0.001330	3813.000000	199.223493	0.834491	0.002390	-0.000213	0.000369	0.000395	0.002011
4756	0.832002	0.001926	-0.000581	0.000651	0.000376	0.002287	3815.000000	199.223493	0.835031	0.002132	0.000619	0.000328	-0.001071	0.001557	3816.000000	199.223493	0.836285	0.002260	0.000189	0.000328	-0.000945	0.001647
4759	0.836246	0.001421	0.000419	0.000818	0.000733	0.001663	3818.000000	199.223493	0.834047	0.002299	-0.000065	0.000533	0.000849	0.001870	3819.000000	199.223493	0.833218	0.002317	-0.000590	0.000489	-0.001196	0.002640
4762	0.833449	0.001901	0.001692	0.000845	-0.000251	0.001737	3821.000000	199.223493	0.834568	0.003350	0.000386	0.000882	-0.001177	0.002055	3822.000000	199.223493	0.830189	0.003227	0.000367	0.000882	-0.000068	0.001544
4765	0.831809	0.002190	0.000393	0.000712	-0.000106	0.001600	3824.000000	199.223493	0.831482	0.001689	0.001036	0.000570	0.000405	0.001971	3825.000000	199.223493	0.835263	0.000478	0.000856	0.000383	0.001746	0.002178
4768	0.833005	0.001207	0.000112	0.000529	0.001968	0.001701	3827.000000	199.223493	0.828627	0.002480	0.000607	0.000464	0.001669	0.001369	3828.000000	199.223493	0.827218	0.003211	0.000734	0.000344	-0.000193	0.001121
4771	0.827025	0.002820	-0.000292	0.000388	0.000530	0.000739	3830.000000	199.223493	0.827353	0.003213	-0.000423	0.000966	0.000897	0.001274	3831.000000	199.223493	0.825463	0.003851	-0.000740	0.000581	0.000232	0.001121
4774	0.826929	0.003317	-0.000911	0.000158	-0.002469	0.001351	3833.000000	199.223493	0.826215	0.003014	0.000036	0.000386	-0.001447	0.001857	3834.000000	199.223493	0.828279	0.003991	0.000557	0.000365	-0.001939	0.002392
4777	0.831346	0.002976	-0.000648	0.000405	-0.001938	0.003002	3836.000000	199.223493	0.830999	0.001857	0.000454	0.000397	-0.001649	0.002343	3837.000000	199.223493	0.828704	0.002344	0.000315	0.000355	-0.001022	0.002022
4780	0.830768	0.002945	0.000020	0.000289	-0.001350	0.002936	3839.000000	199.223493	0.829225	0.002663	0.000607	0.000543	-0.003386	0.002500	3840.000000	199.223493	0.830401	0.001093	0.001321	0.000370	-0.000569	0.002176
4783	0.830363	0.001360	-0.000913	0.000590	0.002045	0.001747	3842.000000	199.223493	0.830787	0.001212	0.000496	0.000585	0.002546	0.001411	3843.000000	199.223493	0.832388	0.001076	0.000774	0.000777	0.002913	0.001985
4786	0.834510	0.001514	-0.000490	0.000582	0.001707	0.002256	3845.000000	199.223493	0.836208	0.001766	0.000600	0.000765	0.001051	0.001698	3846.000000	199.223493	0.836111	0.001592	0.001071	0.000499	-0.001958	0.001507
4789	0.832542	0.001417	0.000361	0.000259	-0.000203	0.001535	3848.000000	199.223493	0.832658	0.003044	-0.001104	0.000392	-0.001572	0.001671	3849.000000	199.223493	0.834008	0.002020	0.000166	0.000574	-0.001910	0.001400
4792	0.832234	0.003491	-0.000422	0.000713	-0.001427	0.001730	3851.000000	199.223493	0.833584	0.002326	-0.001373	0.000522	-0.001331	0.001984	3852.000000	199.223493	0.830555	0.001735	0.000021	0.000566	-0.000106	0.002149
4795	0.833179	0.002782	0.000653	0.000516	0.000328	0.001942	3854.000000	199.223493	0.833700	0.002565	-0.000933	0.000406	0.001813	0.002097	3855.000000	199.223493	0.834221	0.001066	0.000890	0.000610	0.000733	0.002017
4798	0.834607	0.003757	0.000486	0.000582	0.001630	0.002230	3857.000000	199.223493	0.833526	0.003518	0.000143	0.000446	0.001910	0.003210	3858.000000	199.223493	0.835552	0.003429	0.000218	0.000447	0.001389	0.003236
4801	0.835552	0.003660	0.000496	0.001054	0.000868	0.002605	3860.000000	199.223493	0.835475	0.003533	0.000082	0.000493	-0.000887	0.003358	3861.000000	199.223493	0.831732	0.004079	0.000782	0.000247	-0.001456	0.002425
4804	0.830478	0.003691	0.000119	0.000628	-0.001794	0.002290	3863.000000	199.223493	0.832060	0.003220	-0.000282	0.000625	-0.000019	0.002259	3864.000000	199.223493	0.832658	0.002402	0.000480	0.000506	0.000868	0.002697
4807	0.833063	0.001484	0.000135	0.000271	-0.000936	0.002670	3866.000000	199.223493	0.831693	0.002137	0.000439	0.000395	-0.001649	0.001535	3867.000000	199.223493	0.835803	0.003282	0.001528	0.000745	-0.001389	0.001285
4810	0.834394	0.002486	0.000688	0.000849	-0.001553	0.001720	3869.000000	199.223493	0.835880	0.001303	-0.000153	0.000602	-0.000511	0.001401	3870.000000	199.223493	0.836323	0.001235	0.001465	0.000997	-0.000395	0.002229
4813	0.835397	0.003193	0.000039	0.000446	-0.000598	0.002579	3872.000000	199.223493	0.836478	0.004120	0.000768	0.000868	-0.002440	0.002207	3873.000000	199.223493	0.835648	0.004013	0.000149	0.000735	-0.004254	0.002150
4816	0.833565	0.004071	0.000980	0.000752	-0.002614	0.002651	3875.000000	199.223493	0.831983	0.004281	0.000983	0.000592	-0.002633	0.002735	3876.000000	199.223493	0.832195	0.002795	-0.000441	0.000233	-0.002971	0.002761
4819	0.832176	0.002456	0.001377	0.000477	-0.001505	0.002305	3878.000000	199.223493	0.831790	0.003573	0.000183	0.000333	-0.000762	0.002558	3879.000000	199.223493	0.832735	0.003544	0.001799	0.000538	-0.001958	0.001883
4822	0.831829	0.002735	0.000960	0.000647	-0.001784	0.002149	3881.000000	199.223493	0.835513	0.002581	0.000319	0.000492	0.001263	0.002699	3882.000000	199.223493	0.832292	0.001701	-0.000148	0.000246	0.001707	0.002201
4825	0.832485	0.002882	0.000879	0.000843	0.003231	0.002617	3884.000000	199.223493	0.831211	0.002270	0.000229	0.000762	0.002546	0.002139	3885.000000	199.223493	0.831732	0.001756	-0.000041	0.000591	0.001881	0.001600
4828	0.831115	0.000996	0.000762	0.000929	0.001659	0.001321	3887.000000	199.223493	0.828183	0.001917	0.000973	0.000737	0.002488	0.001108	3888.000000	199.223493	0.827508	0.002283	0.000491	0.000442	0.002382	0.001438
4831	0.826582	0.000794	-0.000340	0.000324	0.001244	0.001276	3890.000000	199.223493	0.826968	0.002051	0.000131	0.000390	0.000868	0.001404	3891.000000	199.223493	0.828627	0.002485	-0.000197	0.000243	0.001273	0.001106
4834	0.829417	0.002610	-0.000334	0.000554	-0.000173	0.001210	3893.000000	199.223493	0.829707	0.002731	-0.000757	0.000609	-0.001630	0.001932	3894.000000	199.223493	0.829456	0.001719	0.000237	0.000216	0.000068	0.002007
4837	0.827778	0.000604	-0.000394	0.000288	-0.000781	0.002373	3896.000000	199.223493	0.826813	0.001993	0.000338	0.000417	0.000955	0.001627	3897.000000	199.223493	0.824923	0.002919	-0.000561	0.000370	0.000916	0.001739
4840	0.827103	0.003764	-0.000926	0.000395	0.002112	0.000589	3899.000000	199.223493	0.826620	0.004089	-0.000030	0.000267	0.002864	0.001989	3900.000000	199.223493	0.828935	0.004286	0.000129	0.000305	0.001678	0.002491
4843	0.826736	0.004605	-0.000073	0.000440	0.003655	0.002418	3902.000000	199.223493	0.828395	0.003422	-0.000276	0.000898	0.002392	0.002009	3903.000000	199.223493	0.828511	0.004106	-0.000383	0.000325	0.000627	0.001218
4846	0.830266	0.004531	0.000016	0.000347	-0.000251	0.001620	3905.000000	199.223493	0.832099	0.004271	0.000075	0.000571	-0.000569	0.002131	3906.000000	199.223493	0.832774	0.003641	0.000003	0.000199	-0.000839	0.002166
4849	0.835089	0.003570	-0.000071	0.000325	-0.002209	0.002587	3908.000000	199.223493	0.835899	0.002241	0.000729	0.000529	-0.001582	0.002396	3909.000000	199.223493	0.834279	0.002797	0.000741	0.000714	-0.000000	0.001835
4852	0.833854	0.002483	0.000882	0.000712	-0.000318	0.001970	3911.000000	199.223493	0.835282	0.002380	-0.000336	0.000307	-0.001167	0.001751	3912.000000	199.223493	0.836670	0.002178	0.000021	0.000255	0.001263	0.001406
4855	0.833333	0.001173	0.000563	0.000273	0.000839	0.001455	3914.000000	199.223493	0.832157	0.000924	0.000532	0.000181	0.000039	0.001468	3915.000000	199.223493	0.834992	0.002750	0.000265	0.000570	0.000598	0.000498
4858	0.833218	0.001454	0.000968	0.000356	0.000309	0.001334	3917.000000	199.223493	0.830266	0.002242	0.000484	0.000739	0.000347	0.000614	3918.000000	199.223493	0.828743	0.002445	-0.000173	0.000867	0.001100	0.001555
4861	0.829128	0.002873	-0.000285	0.000400	0.001774	0.001353	3920.000000	199.223493	0.827894	0.002015	0.001013	0.000356	-0.000723	0.000884	3921.000000	199.223493	0.829051	0.002010	0.000653	0.000490	-0.000145	0.000881
4864	0.829688	0.002036	-0.000110	0.000655	-0.001447	0.001384	3923.000000	199.223493	0.828414	0.002373	0.002097	0.000352	-0.002315	0.001437	3924.000000	199.223493	0.827102	0.001941	-0.000216	0.000561	-0.002373	0.000462
4867	0.829109	0.002700	0.000624	0.000577	-0.001456	0.001321	3926.000000	199.223493	0.827990	0.003216	0.000500	0.000956	-0.001736	0.001686	3927.000000	199.223493	0.826119	0.002568	0.000655	0.000103	-0.000820	0.001785
4870	0.828376	0.001559	0.000420	0.000543	-0.002247	0.001584	3929.000000	199.223493	0.829475	0.001774	0.000407	0.000526	-0.002276	0.001744	3930.000000	199.223493	0.833642	0.001222	0.001648	0.000605	-0.001524	0.001751
4873	0.829090	0.001689	0.000576	0.000882	-0.002440	0.001350	3932.000000	199.223493	0.829089	0.001749	0.000512	0.000339	-0.004080	0.001986	3933.000000	199.223493	0.827025	0.002047	0.000481	0.000556	-0.002344	0.001909
4876	0.827990	0.001770	-0.000137	0.000189	-0.005420	0.002223	3935.000000	199.223493	0.828549	0.001788	-0.000104	0.000548	-0.004485	0.001878	3936.000000	199.223493	0.831134	0.002969	-0.000110	0.000267	-0.005758	0.001467
4879	0.828260	0.002289	-0.000739	0.000351	-0.006424	0.000825	3938.000000	199.223493	0.827643	0.003114	-0.000007	0.000242	-0.004350	0.000899	3939.000000	199.223493	0.830633	0.003103	-0.000555	0.000476	-0.003781	0.000858
4882	0.828202	0.002985	0.000213	0.000385	-0.003328	0.001425	3941.000000	199.223493	0.827566	0.003717	0.000259	0.000277	-0.004234	0.001653	3942.000000	199.223493	0.827508	0.002589	0.000225	0.000288	-0.002218	0.001853
4885	0.828183	0.002501	-0.000188	0.000375	-0.001543	0.001505	3944.000000	199.223493	0.828935	0.002528	0.000447	0.000327	-0.000993	0.001082	3945.000000	199.223493	0.829032	0.001946	0.000507	0.000418	-0.000444	0.000908
4888	0.827855	0.001938	0.001201	0.000533	-0.002353	0.001311	3947.000000	199.223493	0.829938	0.002522	0.000501	0.000501	-0.002373	0.001191	3948.000000	199.223493	0.829031	0.002870	0.000731	0.000397	-0.003993	0.001089
4891	0.828993	0.002977	0.001084	0.001026	-0.003588	0.000768	3950.000000	199.223493	0.830170	0.002751	0.001869	0.000940	-0.004022	0.001908	3951.000000	199.223493	0.828549	0.003430	0.001004	0.000736	-0.003318	0.001766
4894	0.827893	0.004463	0.000212	0.000605	-0.002720	0.001753	3953.000000	199.223493	0.828125	0.003766	-0.000128	0.000398	-0.000859	0.001740	3954.000000	199.223493	0.826312	0.003240	-0.000033	0.000650	-0.002749	0.002014
4897	0.826447	0.003923	-0.000278	0.000487	-0.003858	0.001606	3956.000000	199.223493	0.824286	0.004248	0.000036	0.000340	-0.004610	0.002338	3957.000000	199.223493	0.824113	0.004914	0.000286	0.000179	-0.003993	0.000711
4900	0.821875	0.005043	-0.000044	0.000480	-0.004977	0.001184	3959.000000	199.223493	0.821431	0.005715	-0.000069	0.000665	-0.005517	0.001296	3960.000000	199.223493	0.820332	0.004655	-0.000382	0.000642	-0.004282	0.001845
4903	0.824518	0.003170	-0.000531	0.000481	-0.004446	0.001968	3962.000000	199.223493	0.823939	0.003181	-0.000396	0.000470	-0.003839	0.001560	3963.000000	199.223493	0.825289	0.003154	-0.000619	0.000327	-0.003491	0.001412
4906	0.827739	0.002136	-0.000611	0.000467	-0.004032	0.001413	3965.000000	199.223493	0.830440	0.001565	0.000110	0.000407	-0.002932	0.002150	3966.000000	199.223493	0.829032	0.002258	-0.000386	0.000365	-0.003058	0.002550
4909	0.829379	0.002251	0.000304	0.000494	-0.002778	0.002107	3968.000000	199.223493	0.829591	0.002483	-0.000143	0.000281	-0.003906	0.002921	3969.000000	199.223493	0.830884	0.002018	-0.000069	0.000344	-0.003472	0.001857
4912	0.828897	0.001566	-0.000350	0.000464	-0.002006	0.000994	3971.000000	199.223493	0.830131	0.001745	-0.000109	0.000537	-0.000781	0.001314	3972.000000	199.223493	0.828164	0.001800	-0.000296	0.000652	-0.003598	0.001190
4915	0.830131	0.001999	-0.000237	0.000541	-0.000733	0.001413	3974.000000	199.223493	0.827392	0.003983	0.000490	0.000468	0.001427	0.001521	3975.000000	199.223493	0.827334	0.004645	0.000717	0.000334	0.000559	0.001467
4918	0.831713	0.004217	0.000943	0.000322	-0.000627	0.001520	3977.000000	199.223493	0.833796	0.004171	0.001036	0.000111	-0.001563	0.002830	3978.000000	199.223493	0.831829	0.005454	0.000332	0.000510	-0.001852	0.002588
4921	0.829880	0.005320	0.001069	0.000557	-0.001283	0.002217	3980.000000	199.223493	0.829263	0.005248	-0.000318	0.000154	-0.000830	0.002322	3981.000000	199.223493	0.828916	0.005299	-0.000115	0.000569	-0.002392	0.002673
4924	0.827952	0.004623	0.000299	0.000592	-0.001505	0.001686	3983.000000	199.223493	0.829437	0.005248	0.000343	0.000355	-0.003299	0.001152	3984.000000	199.223493	0.827411	0.003933	-0.000018	0.000451	-0.004041	0.001184
4927	0.827334	0.003090	0.001020	0.000744	-0.001794	0.001152	3986.000000	199.223493	0.828819	0.004247	-0.000579	0.000190	-0.001726	0.001396	3987.000000	199.223493	0.830787	0.004048	0.000692	0.000636	-0.002479	0.000900
4930	0.831038	0.004085	-0.000757	0.000547	-0.004090	0.001417	3989.000000	199.223493	0.833063	0.003315	0.000318	0.000452	-0.003713	0.001028	3990.000000	199.223493	0.830980	0.003475	-0.000729	0.000541	-0.004524	0.000921
4933	0.830093	0.003370	-0.000400	0.000616	-0.003626	0.001224	3992.000000	199.223493	0.827971	0.002299	-0.000129	0.000375	-0.003260	0.002280	3993.000000	199.223493	0.827508	0.002644	-0.000330	0.000563	-0.003646	0.001333
4936	0.826813	0.001318	0.000637	0.000572	-0.004620	0.001391	3995.000000	199.223493	0.825579	0.001867	0.000520	0.000403	-0.003646	0.001850	3996.000000	199.223493	0.825328	0.000810	0.000303	0.000438	-0.003077	0.001264
4939	0.825232	0.001653	0.000847	0.000490	-0.001939	0.001597	3998.000000	199.223493	0.826678	0.000982	-0.000123	0.000469	-0.002479	0.001695	3999.000000	199.223493	0.830170	0.001968	-0.000527	0.000420	-0.003115	0.001311
4942	0.831462	0.001956	-0.000718	0.000293	-0.000772	0.001307	4001.000000	199.223493	0.830613	0.002515	0.000250	0.000398	-0.002151	0.002109	4002.000000	199.223493	0.828183	0.001496	0.000198	0.000595	-0.003559	0.002476
4945	0.829263	0.001380	0.000250	0.000512	-0.005228	0.002828	4004.000000	199.223493	0.828626	0.003170	-0.000685	0.000356	-0.001726	0.001999	4005.000000	199.223493	0.828916	0.002430	-0.000040	0.000394	-0.004967	0.002439
4948	0.830748	0.002859	0.000121	0.000371	-0.003549	0.002913	4007.000000	199.223493	0.829784	0.002367	-0.000400	0.000418	-0.001968	0.002873	4008.000000	199.223493	0.832060	0.002855	-0.000167	0.000688	-0.000743	0.002749
4951	0.828704	0.003033	0.000095	0.000339	-0.000781	0.001704	4010.000000	199.223493	0.830150	0.003744	0.000718	0.000339	0.000752	0.002526	4011.000000	199.223493	0.829880	0.003308	0.000730	0.000372	-0.000125	0.001671
4954	0.830015	0.003233	0.000634	0.000372	0.001206	0.002084	4013.000000	199.223493	0.828028	0.004070	-0.000113	0.000331	0.001418	0.001790	4014.000000	199.223493	0.827623	0.004868	0.000558	0.000484	0.000038	0.001522
4957	0.826987	0.005578	0.000214	0.000593	0.000598	0.001588	4016.000000	199.223493	0.826505	0.004268	0.001439	0.000589	0.002170	0.001838	4017.000000	199.223493	0.828067	0.003885	0.000666	0.000782	0.000627	0.002621
4960	0.828897	0.002686	0.001208	0.000488	0.002238	0.002851	4019.000000	199.223493	0.829591	0.002553	0.000025	0.000360	0.002035	0.002105	4020.000000	199.223493	0.829224	0.002243	0.000556	0.000406	0.002382	0.002531
4963	0.825521	0.001391	0.000061	0.000503	0.000762	0.001904	4022.000000	199.223493	0.828318	0.001642	-0.000128	0.000399	0.002575	0.001521	4023.000000	199.223493	0.828376	0.001786	-0.000704	0.000477	0.001022	0.001950
4966	0.829147	0.001950	-0.000123	0.000867	0.000772	0.001052	4025.000000	199.223493	0.830768	0.002919	0.000598	0.000395	0.002411	0.001200	4026.000000	199.223493	0.833005	0.002439	-0.000132	0.000558	0.002836	0.001939
4969	0.833661	0.002372	0.000424	0.000434	0.003434	0.002070	4028.000000	199.223493	0.833719	0.002127	0.000111	0.000269	0.003221	0.002122	4029.000000	199.223493	0.834375	0.001543	-0.000292	0.000435	0.004147	0.001995
4972	0.830961	0.001936	-0.000578	0.000561	0.003327	0.001398	4031.000000	199.223493	0.828935	0.003514	-0.000225	0.000441	0.002006	0.002368	4032.000000	199.223493	0.830614	0.002859	-0.000905	0.000355	-0.000338	0.003074
4975	0.828993	0.002695	-0.000413	0.000941	0.000994	0.001826	4034.000000	199.223493	0.832060	0.003507	0.000513	0.000513	0.000733	0.001560	4035.000000	199.223493	0.831617	0.002878	-0.000549	0.000529	0.001563	0.002463
4978	0.831443	0.002975	-0.000443	0.000389	0.001620	0.001867	4037.000000	199.223493	0.831539	0.003176	-0.000009	0.000948	0.003482	0.001816	4038.000000	199.223493	0.828048	0.003609	0.000685	0.000101	0.001206	0.001640
4981	0.830768	0.003371	0.000400	0.000258	0.002759	0.001602	4040.000000	199.223493	0.830440	0.003085	-0.000175	0.000730	0.000347	0.001657	4041.000000	199.223493	0.830208	0.003247	0.000191	0.000267	0.000154	0.001322
4984	0.832292	0.002531	0.000889	0.000435	-0.000685	0.001694	4043.000000	199.223493	0.834182	0.002582	-0.000537	0.000629	0.000318	0.002415	4044.000000	199.223493	0.833353	0.001334	-0.000679	0.000284	0.000328	0.002233
4987	0.832253	0.002456	0.000502	0.000758	0.000646	0.001712	4046.000000	199.223493	0.830209	0.001841	0.000377	0.000305	0.001042	0.002106	4047.000000	199.223493	0.831366	0.002584	-0.000045	0.000705	0.001678	0.002766
4990	0.831655	0.002705	0.001000	0.000655	0.003086	0.001910	4049.000000	199.223493	0.833468	0.001919	0.000297	0.000626	0.004745	0.002068	4050.000000	199.223493	0.834973	0.001789	0.000355	0.000565	0.003598	0.002251
4993	0.833700	0.002618	0.000988	0.000373	0.003202	0.001746	4052.000000	199.223493	0.833661	0.002031	0.000256	0.000384	0.004629	0.001497	4053.000000	199.223493	0.832253	0.002679	-0.000002	0.000366	0.004832	0.001012
4996	0.832620	0.002630	-0.000075	0.001078	0.005450	0.001227	4055.000000	199.223493	0.833700	0.003243	0.000322	0.000489	0.005671	0.000889	4056.000000	199.223493	0.834877	0.002492	-0.000134	0.000669	0.003984	0.001324
