# tiempo	mean_var1	std_var1	mean_var2	std_var2	mean_var3	std_var3	mean_var4	std_var4	mean_var5	std_var5	mean_var6	std_var6	mean_var7	std_var7	mean_var8	std_var8	mean_var9	std_var9	mean_var10	std_var10	mean_var11	std_var11
1573	0.864738	0.024121	0.123961	0.111481	-0.197608	0.177027	632.000000	199.223493	0.862925	0.020796	0.097276	0.088496	-0.194078	0.175012	633.000000	199.223493	0.860860	0.019980	0.087784	0.078810	-0.190567	0.170989
1576	0.856906	0.019906	0.079598	0.071732	-0.187423	0.167553	635.000000	199.223493	0.856096	0.018730	0.071510	0.063587	-0.181240	0.164243	636.000000	199.223493	0.856539	0.017962	0.066783	0.060641	-0.179012	0.160375
1579	0.855343	0.017505	0.058551	0.052757	-0.174701	0.156498	638.000000	199.223493	0.853646	0.016133	0.057483	0.051641	-0.169657	0.151612	639.000000	199.223493	0.852122	0.017615	0.057516	0.051482	-0.164082	0.147539
1582	0.851871	0.016245	0.047135	0.042932	-0.158420	0.142162	641.000000	199.223493	0.850251	0.014738	0.038805	0.035159	-0.152103	0.136780	642.000000	199.223493	0.848630	0.013477	0.034917	0.031164	-0.147212	0.131895
1585	0.846643	0.014344	0.035657	0.032179	-0.140808	0.126547	644.000000	199.223493	0.848862	0.013908	0.031726	0.028185	-0.136381	0.122754	645.000000	199.223493	0.848804	0.013557	0.027412	0.024724	-0.131607	0.118632
1588	0.847299	0.013457	0.024420	0.021918	-0.125627	0.114402	647.000000	199.223493	0.846875	0.012831	0.022614	0.020143	-0.121393	0.110251	648.000000	199.223493	0.847222	0.012434	0.021697	0.019649	-0.119232	0.105938
1591	0.847492	0.013233	0.023513	0.020344	-0.113252	0.102999	650.000000	199.223493	0.845120	0.012561	0.020968	0.018964	-0.108941	0.098315	651.000000	199.223493	0.844792	0.012675	0.017636	0.016814	-0.104659	0.094493
1594	0.846316	0.011453	0.017747	0.015310	-0.100540	0.090423	653.000000	199.223493	0.846219	0.009945	0.014467	0.012689	-0.097435	0.086418	654.000000	199.223493	0.846624	0.009409	0.013170	0.011834	-0.094107	0.083790
1597	0.843904	0.008809	0.010146	0.007804	-0.090827	0.079412	656.000000	199.223493	0.843731	0.006914	0.007918	0.005926	-0.085793	0.075141	657.000000	199.223493	0.843287	0.007680	0.006086	0.005470	-0.081848	0.070280
1600	0.843576	0.006855	0.005589	0.004328	-0.077180	0.066269	659.000000	199.223493	0.843384	0.006227	0.004154	0.003197	-0.073785	0.062591	660.000000	199.223493	0.845158	0.005795	0.003496	0.002473	-0.068981	0.059475
1603	0.845506	0.004663	0.002118	0.001430	-0.065114	0.055325	662.000000	199.223493	0.844830	0.004212	0.000963	0.000634	-0.059915	0.052020	663.000000	199.223493	0.846104	0.003709	0.001649	0.001397	-0.057842	0.048863
1606	0.842689	0.002729	0.000833	0.001046	-0.051929	0.046088	665.000000	199.223493	0.841956	0.002883	0.002040	0.001349	-0.048534	0.043729	666.000000	199.223493	0.837751	0.004146	0.002207	0.000993	-0.046374	0.041178
1609	0.839564	0.004000	0.001706	0.001796	-0.041898	0.038378	668.000000	199.223493	0.841455	0.003330	0.000249	0.001495	-0.037732	0.035784	669.000000	199.223493	0.837751	0.003112	0.000875	0.001334	-0.035686	0.034047
1612	0.838040	0.002650	0.000921	0.001316	-0.033430	0.032862	671.000000	199.223493	0.839429	0.003101	0.001102	0.000972	-0.031211	0.029923	672.000000	199.223493	0.840683	0.003272	0.001210	0.000752	-0.030498	0.028435
1615	0.840837	0.004632	0.001415	0.000761	-0.028405	0.026777	674.000000	199.223493	0.842033	0.002886	0.000348	0.000634	-0.025309	0.024818	675.000000	199.223493	0.836979	0.003054	-0.001039	0.000212	-0.023862	0.023736
1618	0.838310	0.002821	-0.000555	0.000584	-0.023129	0.021405	677.000000	199.223493	0.837963	0.002641	-0.000195	0.000748	-0.022174	0.021187	678.000000	199.223493	0.840625	0.002930	0.000047	0.000462	-0.019753	0.020666
1621	0.840027	0.003891	-0.000731	0.000637	-0.020380	0.019035	680.000000	199.223493	0.834510	0.004280	0.001085	0.000750	-0.018249	0.017856	681.000000	199.223493	0.834626	0.003573	0.000800	0.000415	-0.017535	0.016522
1624	0.839333	0.004374	0.000987	0.000650	-0.016647	0.015541	683.000000	199.223493	0.836671	0.004096	0.001049	0.000609	-0.016792	0.013726	684.000000	199.223493	0.835706	0.004748	0.000363	0.000680	-0.012760	0.012515
1627	0.838079	0.005794	0.000532	0.000987	-0.010648	0.011819	686.000000	199.223493	0.835205	0.005802	0.000649	0.001058	-0.008989	0.010386	687.000000	199.223493	0.834356	0.004237	-0.000414	0.001079	-0.008758	0.009720
1630	0.835822	0.003360	-0.000159	0.000886	-0.007745	0.009022	689.000000	199.223493	0.832870	0.003488	-0.000702	0.000481	-0.008700	0.008953	690.000000	199.223493	0.831829	0.002780	-0.000597	0.000288	-0.008816	0.008939
1633	0.828549	0.003480	0.000853	0.000412	-0.009799	0.007141	692.000000	199.223493	0.828164	0.004170	0.000555	0.000421	-0.008575	0.007549	693.000000	199.223493	0.829687	0.003428	-0.000133	0.000321	-0.009336	0.006574
1636	0.827045	0.003869	0.000180	0.000276	-0.010118	0.006057	695.000000	199.223493	0.827161	0.003412	-0.000999	0.000831	-0.005459	0.004857	696.000000	199.223493	0.826890	0.003868	-0.000624	0.000418	-0.008478	0.004748
1639	0.822165	0.002940	0.000606	0.000367	-0.007938	0.004668	698.000000	199.223493	0.823167	0.002818	-0.000585	0.000676	-0.007398	0.003978	699.000000	199.223493	0.824942	0.002608	-0.001226	0.000297	-0.005526	0.003277
1642	0.823052	0.003855	-0.000635	0.000759	-0.006925	0.003550	701.000000	199.223493	0.824267	0.003466	-0.000430	0.000878	-0.004157	0.003384	702.000000	199.223493	0.822299	0.004189	0.000290	0.000309	-0.005585	0.003195
1645	0.823650	0.004295	-0.000146	0.000252	-0.005131	0.002638	704.000000	199.223493	0.824904	0.004045	0.000222	0.000327	-0.003559	0.002541	705.000000	199.223493	0.826813	0.004476	0.000004	0.000358	-0.003713	0.002474
1648	0.826582	0.002816	0.000272	0.000323	-0.002595	0.001583	707.000000	199.223493	0.825695	0.003892	0.000544	0.000379	-0.002517	0.001669	708.000000	199.223493	0.827218	0.005094	-0.000015	0.000268	-0.004080	0.002320
1651	0.827855	0.004102	-0.000134	0.000390	-0.003752	0.001316	710.000000	199.223493	0.826813	0.004275	-0.000061	0.000185	-0.003115	0.001193	711.000000	199.223493	0.828125	0.004368	0.000387	0.000481	-0.001756	0.000974
1654	0.830903	0.004783	0.000552	0.000558	-0.002006	0.000990	713.000000	199.223493	0.832369	0.003493	0.000840	0.000385	-0.001996	0.000741	714.000000	199.223493	0.830208	0.003755	-0.000206	0.000446	-0.004388	0.000976
1657	0.828048	0.003588	-0.000520	0.000504	-0.004331	0.001236	716.000000	199.223493	0.828839	0.003346	-0.000608	0.000625	-0.005334	0.001024	717.000000	199.223493	0.827527	0.003407	0.000114	0.000450	-0.003588	0.001773
1660	0.830498	0.002030	0.000463	0.000320	-0.002517	0.001587	719.000000	199.223493	0.830671	0.001830	0.001292	0.000487	-0.004022	0.002347	720.000000	199.223493	0.831559	0.003271	-0.000215	0.000565	-0.003656	0.002398
1663	0.828974	0.002089	-0.000222	0.000677	-0.004601	0.002968	722.000000	199.223493	0.825231	0.002127	-0.000312	0.000249	-0.002720	0.002611	723.000000	199.223493	0.825135	0.002576	0.000175	0.000637	-0.003221	0.002134
1666	0.826099	0.001567	-0.000249	0.000545	-0.002122	0.002192	725.000000	199.223493	0.828472	0.002492	-0.000464	0.000661	-0.004369	0.002466	726.000000	199.223493	0.829958	0.002940	-0.000461	0.000357	-0.004803	0.003352
1669	0.828839	0.003864	-0.000398	0.000716	-0.004793	0.003072	728.000000	199.223493	0.829070	0.003458	0.000376	0.000298	-0.003742	0.002874	729.000000	199.223493	0.828357	0.004819	-0.000204	0.000440	-0.003694	0.001544
1672	0.828125	0.004884	-0.000205	0.000457	-0.004263	0.002661	731.000000	199.223493	0.830729	0.004693	0.000196	0.000490	-0.003424	0.003278	732.000000	199.223493	0.829842	0.004255	0.000736	0.000629	-0.004871	0.002395
1675	0.828607	0.003684	0.000210	0.000469	-0.003964	0.003170	734.000000	199.223493	0.828221	0.003270	0.000562	0.000318	-0.004562	0.003346	735.000000	199.223493	0.827450	0.003485	0.000254	0.000464	-0.003742	0.002678
1678	0.828029	0.003331	-0.000324	0.000276	-0.000665	0.002921	737.000000	199.223493	0.827797	0.003911	0.000914	0.000209	-0.002450	0.002656	738.000000	199.223493	0.830729	0.003139	-0.000394	0.000285	-0.002093	0.002434
1681	0.829919	0.003022	-0.001133	0.000362	-0.002874	0.002423	740.000000	199.223493	0.829842	0.001993	-0.000818	0.000226	-0.002286	0.001842	741.000000	199.223493	0.827662	0.001361	-0.000496	0.000224	-0.002305	0.002659
1684	0.830440	0.002832	-0.000869	0.000417	-0.002884	0.001881	743.000000	199.223493	0.830112	0.003130	-0.000041	0.000428	-0.003183	0.001985	744.000000	199.223493	0.828029	0.004030	0.000711	0.000479	-0.005141	0.002946
1687	0.827160	0.003597	-0.001230	0.000415	-0.004089	0.002177	746.000000	199.223493	0.825174	0.003364	-0.000195	0.000358	-0.007118	0.002055	747.000000	199.223493	0.825289	0.002928	0.000187	0.000278	-0.005498	0.001919
1690	0.822666	0.002748	0.000215	0.000438	-0.007089	0.001379	749.000000	199.223493	0.825058	0.002725	0.000160	0.000402	-0.006038	0.001961	750.000000	199.223493	0.825772	0.002055	0.000154	0.000239	-0.005363	0.001138
1693	0.824711	0.002966	0.000114	0.000392	-0.005392	0.001551	752.000000	199.223493	0.826794	0.002517	-0.000119	0.000500	-0.005015	0.001765	753.000000	199.223493	0.827257	0.001874	-0.000209	0.000482	-0.004090	0.001505
1696	0.828395	0.002170	0.000237	0.000108	-0.006096	0.001111	755.000000	199.223493	0.830266	0.001516	0.000172	0.000512	-0.003453	0.001132	756.000000	199.223493	0.834452	0.001866	0.000035	0.000551	-0.003559	0.001586
1699	0.833102	0.002438	-0.001068	0.000748	-0.003241	0.001674	758.000000	199.223493	0.830999	0.002944	0.000123	0.000306	-0.004253	0.001490	759.000000	199.223493	0.831038	0.002178	-0.000374	0.000272	-0.003260	0.001518
1702	0.831520	0.001980	-0.000438	0.000577	-0.001437	0.000776	761.000000	199.223493	0.832504	0.002774	0.000313	0.000743	-0.002064	0.001792	762.000000	199.223493	0.833063	0.001776	0.000059	0.000983	-0.003376	0.001848
1705	0.832253	0.000973	0.000078	0.000927	-0.003231	0.002697	764.000000	199.223493	0.834819	0.000846	0.000418	0.000777	-0.000733	0.002581	765.000000	199.223493	0.833256	0.001519	0.000279	0.000747	0.000097	0.002351
1708	0.832523	0.002420	-0.000204	0.000805	0.000531	0.002165	767.000000	199.223493	0.832446	0.002400	0.000258	0.000377	0.002971	0.001795	768.000000	199.223493	0.832909	0.002081	-0.000505	0.000509	0.000029	0.001915
1711	0.834317	0.002616	0.000757	0.000377	-0.000530	0.002345	770.000000	199.223493	0.831076	0.002300	0.000085	0.000262	-0.001630	0.002039	771.000000	199.223493	0.829630	0.001122	-0.000816	0.000367	-0.001621	0.001612
1714	0.828433	0.000828	0.000210	0.000381	-0.001100	0.001559	773.000000	199.223493	0.831404	0.001054	-0.000437	0.000373	-0.000203	0.000983	774.000000	199.223493	0.831134	0.001702	0.001229	0.000321	-0.001524	0.001479
1717	0.830478	0.001411	0.001078	0.000334	-0.003945	0.001215	776.000000	199.223493	0.832928	0.001401	0.001285	0.000601	-0.002566	0.001318	777.000000	199.223493	0.830266	0.002154	0.000636	0.000237	-0.002440	0.001653
1720	0.833179	0.002275	-0.000114	0.000698	-0.002180	0.001942	779.000000	199.223493	0.832851	0.003816	-0.000295	0.000297	-0.002450	0.001066	780.000000	199.223493	0.830459	0.002527	0.000217	0.000828	-0.000801	0.001327
1723	0.831559	0.002462	-0.001078	0.000560	-0.000955	0.001638	782.000000	199.223493	0.834008	0.002370	-0.000925	0.000606	0.000974	0.002002	783.000000	199.223493	0.835069	0.002284	-0.001267	0.000507	0.000145	0.002113
1726	0.835590	0.001410	0.001004	0.000803	-0.000859	0.001240	785.000000	199.223493	0.837326	0.002599	0.001277	0.000250	-0.001688	0.001276	786.000000	199.223493	0.838638	0.000956	0.001417	0.000398	-0.000386	0.000931
1729	0.835552	0.001556	0.000597	0.000466	-0.001370	0.000575	788.000000	199.223493	0.833333	0.002160	0.000271	0.000441	-0.000501	0.001356	789.000000	199.223493	0.832407	0.002500	0.000790	0.000529	0.001003	0.000549
1732	0.832967	0.002186	-0.000099	0.000730	0.001553	0.001808	791.000000	199.223493	0.832465	0.002434	-0.000008	0.000878	0.000781	0.001363	792.000000	199.223493	0.832022	0.002486	0.000283	0.000957	0.001109	0.000906
1735	0.831385	0.001768	-0.000635	0.000518	0.000993	0.001181	794.000000	199.223493	0.831443	0.003339	-0.000265	0.000216	0.000704	0.001108	795.000000	199.223493	0.833777	0.004004	-0.000367	0.000584	-0.000367	0.000788
1738	0.832099	0.001586	0.000796	0.000378	0.000550	0.001424	797.000000	199.223493	0.831906	0.001794	0.000253	0.000281	0.000820	0.001072	798.000000	199.223493	0.830112	0.002321	0.000213	0.000444	-0.003048	0.001854
1741	0.833603	0.002386	0.000176	0.000473	-0.002614	0.001690	800.000000	199.223493	0.830999	0.002414	0.000004	0.000394	-0.001042	0.001929	801.000000	199.223493	0.831809	0.002624	-0.000841	0.000321	-0.001398	0.002121
1744	0.829572	0.003285	-0.000421	0.000463	-0.000289	0.002096	803.000000	199.223493	0.832369	0.003712	0.000577	0.000439	-0.000666	0.002704	804.000000	199.223493	0.832311	0.003474	-0.000525	0.000436	-0.002064	0.002091
1747	0.832427	0.003921	-0.000376	0.000481	-0.002643	0.001682	806.000000	199.223493	0.831211	0.003914	0.000385	0.000605	-0.003096	0.001493	807.000000	199.223493	0.830459	0.003048	0.000154	0.000521	-0.002942	0.001678
1750	0.828627	0.002558	0.000121	0.000477	-0.002826	0.001406	809.000000	199.223493	0.826312	0.003627	0.000367	0.000666	-0.000762	0.000590	810.000000	199.223493	0.825945	0.003383	-0.000120	0.000416	-0.004051	0.000710
1753	0.826659	0.004357	0.000113	0.000534	-0.002122	0.000886	812.000000	199.223493	0.827045	0.002611	0.000711	0.000329	-0.002575	0.000903	813.000000	199.223493	0.831057	0.002759	-0.000248	0.000539	-0.000627	0.000984
1756	0.832793	0.002074	-0.000050	0.000726	-0.000434	0.001095	815.000000	199.223493	0.835552	0.001621	-0.000302	0.000301	-0.000260	0.001792	816.000000	199.223493	0.833449	0.001401	-0.001209	0.000507	0.000116	0.001817
1759	0.832851	0.001323	-0.000184	0.000650	0.000723	0.002492	818.000000	199.223493	0.830305	0.002615	0.000183	0.000898	0.001572	0.002744	819.000000	199.223493	0.827662	0.001843	-0.000020	0.000704	-0.000000	0.002671
1762	0.827720	0.002837	0.000301	0.000612	0.001090	0.002045	821.000000	199.223493	0.829495	0.002986	0.000409	0.000995	-0.000029	0.002888	822.000000	199.223493	0.827585	0.003757	-0.000163	0.000665	0.000444	0.002276
1765	0.827276	0.003698	-0.000192	0.000692	-0.000492	0.002197	824.000000	199.223493	0.826466	0.002942	0.000097	0.000291	-0.000424	0.001240	825.000000	199.223493	0.826910	0.003615	-0.000441	0.000167	-0.001794	0.001064
1768	0.831038	0.003034	-0.000152	0.000571	0.000974	0.001329	827.000000	199.223493	0.829359	0.003497	0.000113	0.000439	0.000338	0.001660	828.000000	199.223493	0.827180	0.002944	-0.000195	0.000535	0.001148	0.001299
1771	0.828163	0.002559	-0.000789	0.000466	0.001553	0.000807	830.000000	199.223493	0.826601	0.002971	-0.000186	0.000178	0.003144	0.001682	831.000000	199.223493	0.828685	0.003613	-0.000241	0.000455	0.005131	0.000887
1774	0.826273	0.003604	0.000673	0.000613	0.001813	0.000888	833.000000	199.223493	0.828839	0.002818	0.000587	0.000780	0.005517	0.001677	834.000000	199.223493	0.827894	0.002531	0.001185	0.000375	0.002064	0.001645
1777	0.828106	0.001578	0.000919	0.000401	0.002199	0.001810	836.000000	199.223493	0.829668	0.002465	0.000040	0.000510	0.002739	0.001724	837.000000	199.223493	0.829668	0.002220	0.000659	0.000377	0.002305	0.001500
1780	0.829340	0.001701	0.000738	0.000540	0.001543	0.001307	839.000000	199.223493	0.827450	0.002194	0.000512	0.000670	0.000029	0.002086	840.000000	199.223493	0.828723	0.001691	0.000212	0.000485	-0.001032	0.002315
1783	0.826370	0.002296	-0.000051	0.000347	-0.001524	0.002286	842.000000	199.223493	0.825868	0.002017	-0.000326	0.000372	-0.000395	0.002964	843.000000	199.223493	0.824980	0.001502	0.000194	0.000438	-0.000502	0.002541
1786	0.824961	0.001506	0.000199	0.000592	-0.003356	0.002053	845.000000	199.223493	0.825405	0.001573	-0.000275	0.000366	-0.003115	0.002034	846.000000	199.223493	0.828318	0.002824	0.000124	0.000416	-0.005652	0.002377
1789	0.828299	0.002639	-0.000122	0.000411	-0.004562	0.002993	848.000000	199.223493	0.826447	0.002032	-0.000583	0.000402	-0.002266	0.002315	849.000000	199.223493	0.828684	0.002722	0.000213	0.000462	-0.002614	0.001670
1792	0.830440	0.003056	-0.000248	0.000524	-0.002498	0.002552	851.000000	199.223493	0.828993	0.002797	-0.000234	0.000205	-0.002045	0.002717	852.000000	199.223493	0.830208	0.002125	0.000020	0.000247	-0.000743	0.001531
1795	0.833141	0.003679	0.000172	0.000490	-0.002373	0.001998	854.000000	199.223493	0.834645	0.002993	-0.000162	0.000646	-0.000839	0.002047	855.000000	199.223493	0.833218	0.003451	-0.000424	0.000641	-0.001813	0.001816
1798	0.830131	0.003218	0.000417	0.000563	-0.001630	0.002072	857.000000	199.223493	0.831983	0.002717	0.000822	0.001143	-0.001630	0.001635	858.000000	199.223493	0.828839	0.002928	-0.000342	0.000061	0.000434	0.001287
1801	0.830112	0.002744	0.000184	0.000473	0.000579	0.001653	860.000000	199.223493	0.826717	0.003073	-0.000703	0.000933	0.000724	0.001684	861.000000	199.223493	0.828202	0.003271	0.000324	0.000621	0.001264	0.000768
1804	0.831308	0.002540	-0.000380	0.000279	-0.000222	0.000468	863.000000	199.223493	0.829649	0.001741	-0.000398	0.000381	-0.000694	0.001395	864.000000	199.223493	0.832060	0.001465	-0.000369	0.000393	0.000839	0.001503
1807	0.832330	0.001474	-0.000880	0.000354	-0.000444	0.001875	866.000000	199.223493	0.831038	0.001791	-0.000195	0.000340	0.001119	0.002201	867.000000	199.223493	0.831404	0.001744	-0.000408	0.000391	0.000665	0.001381
1810	0.832658	0.002663	0.001377	0.000464	-0.001524	0.002216	869.000000	199.223493	0.831925	0.001296	0.000107	0.000404	-0.001804	0.002215	870.000000	199.223493	0.830768	0.002122	0.000191	0.000661	-0.001649	0.002211
1813	0.829051	0.001167	-0.000388	0.000289	-0.001572	0.002390	872.000000	199.223493	0.827546	0.002909	0.000228	0.000420	-0.001958	0.002977	873.000000	199.223493	0.828511	0.001797	0.000625	0.000499	-0.004051	0.002789
1816	0.827296	0.002481	0.000327	0.000267	-0.002739	0.002259	875.000000	199.223493	0.825733	0.001491	0.000006	0.000458	-0.003819	0.001770	876.000000	199.223493	0.825270	0.001784	0.000045	0.000596	-0.003125	0.002291
1819	0.825752	0.002094	0.000859	0.000333	-0.001447	0.002679	878.000000	199.223493	0.824981	0.002683	0.001081	0.000605	-0.003250	0.002814	879.000000	199.223493	0.824711	0.002760	0.000996	0.000548	-0.002604	0.002057
1822	0.823264	0.003355	0.000131	0.000553	-0.000926	0.002674	881.000000	199.223493	0.824441	0.003010	-0.000385	0.000710	-0.000656	0.002166	882.000000	199.223493	0.828125	0.001983	-0.000490	0.000627	-0.002653	0.002332
1825	0.824248	0.001344	-0.000404	0.000558	-0.003337	0.002432	884.000000	199.223493	0.822647	0.000811	0.000127	0.000276	-0.000646	0.003578	885.000000	199.223493	0.821894	0.002371	0.000672	0.000614	-0.000569	0.003492
1828	0.824306	0.002221	-0.000135	0.000295	0.000318	0.002879	887.000000	199.223493	0.824441	0.002460	0.000499	0.000454	0.001254	0.003186	888.000000	199.223493	0.823823	0.002447	-0.000648	0.000251	0.000839	0.002997
1831	0.825270	0.002484	-0.000274	0.000667	0.001910	0.002603	890.000000	199.223493	0.827990	0.002240	-0.000740	0.000395	0.001263	0.004094	891.000000	199.223493	0.829977	0.003967	-0.000265	0.000345	0.001862	0.003477
1834	0.830170	0.003359	0.000003	0.000202	0.003183	0.002980	893.000000	199.223493	0.830690	0.002838	-0.000724	0.000219	0.003588	0.003625	894.000000	199.223493	0.829224	0.002151	-0.000658	0.000557	0.003000	0.003431
1837	0.828723	0.001372	-0.000872	0.000267	0.003357	0.003657	896.000000	199.223493	0.828877	0.001663	0.000371	0.000319	0.004003	0.003615	897.000000	199.223493	0.830594	0.002008	-0.001243	0.000410	0.001968	0.002101
1840	0.828164	0.002417	-0.001275	0.000480	0.001968	0.002128	899.000000	199.223493	0.827913	0.001708	-0.000204	0.000358	0.000502	0.002481	900.000000	199.223493	0.827951	0.001969	-0.000627	0.000382	0.000714	0.002756
1843	0.829263	0.001230	0.000155	0.000276	-0.001302	0.002583	902.000000	199.223493	0.826968	0.002677	0.000023	0.000764	-0.002218	0.001936	903.000000	199.223493	0.830170	0.001675	0.001595	0.000529	-0.002392	0.002344
1846	0.830286	0.001903	-0.000036	0.000464	-0.000936	0.002486	905.000000	199.223493	0.830729	0.002431	0.000768	0.000343	0.000714	0.002540	906.000000	199.223493	0.830093	0.002193	0.000404	0.000151	0.000222	0.002509
1849	0.828299	0.002033	-0.000187	0.000395	0.000868	0.002709	908.000000	199.223493	0.830671	0.002391	0.000528	0.000688	0.002180	0.002578	909.000000	199.223493	0.831520	0.002193	0.000043	0.000434	0.003877	0.002778
1852	0.833352	0.001391	0.000366	0.000797	0.003868	0.001846	911.000000	199.223493	0.832388	0.001083	0.000358	0.000196	0.003723	0.002042	912.000000	199.223493	0.833198	0.001698	-0.000014	0.000489	0.002556	0.002720
1855	0.830536	0.002628	0.000339	0.000675	0.001592	0.001867	914.000000	199.223493	0.827932	0.002336	0.000036	0.000219	0.000945	0.001510	915.000000	199.223493	0.828028	0.002399	-0.000091	0.000086	0.001129	0.001805
1858	0.829977	0.002380	-0.000280	0.000328	0.001505	0.001480	917.000000	199.223493	0.832041	0.002841	-0.000568	0.000451	0.001717	0.001591	918.000000	199.223493	0.832465	0.001942	0.000175	0.000310	0.001881	0.001896
1861	0.833217	0.002403	0.001038	0.000438	0.002382	0.001978	920.000000	199.223493	0.832677	0.001784	0.000445	0.000272	0.002614	0.001951	921.000000	199.223493	0.836285	0.001132	0.000977	0.000409	0.000993	0.001818
1864	0.834761	0.002121	0.000195	0.000672	0.001987	0.001391	923.000000	199.223493	0.833083	0.001694	0.000286	0.000388	0.002479	0.000948	924.000000	199.223493	0.833758	0.001173	-0.000291	0.000427	0.003627	0.000793
1867	0.832678	0.001240	0.001663	0.000433	0.002556	0.001180	926.000000	199.223493	0.834819	0.001403	0.001512	0.000548	0.001360	0.000542	927.000000	199.223493	0.833333	0.001785	0.000637	0.000924	0.003231	0.001580
1870	0.831597	0.002391	0.001202	0.000414	0.003501	0.002377	929.000000	199.223493	0.832137	0.001794	-0.000594	0.000349	0.002498	0.002024	930.000000	199.223493	0.831366	0.001843	0.000301	0.000527	0.001399	0.002087
1873	0.834201	0.001829	0.000204	0.000272	0.000087	0.001505	932.000000	199.223493	0.834915	0.001870	0.000014	0.000740	0.001543	0.002055	933.000000	199.223493	0.831809	0.001756	0.000302	0.000607	0.002990	0.001954
1876	0.831848	0.001490	0.000048	0.000474	0.002759	0.002048	935.000000	199.223493	0.832080	0.001956	-0.000026	0.000530	0.002373	0.001728	936.000000	199.223493	0.835069	0.001791	0.000203	0.000455	0.003058	0.002665
1879	0.833141	0.001814	-0.000365	0.000557	0.003578	0.002478	938.000000	199.223493	0.835417	0.001357	-0.000253	0.000157	0.002749	0.003158	939.000000	199.223493	0.834510	0.002489	0.000356	0.000632	0.001292	0.002846
1882	0.836825	0.003286	0.000199	0.000614	0.001746	0.002972	941.000000	199.223493	0.835012	0.003662	0.000722	0.000486	0.003202	0.002443	942.000000	199.223493	0.837442	0.003729	0.000777	0.000373	0.001813	0.002665
1885	0.831867	0.002729	0.001005	0.000416	0.000830	0.002164	944.000000	199.223493	0.835127	0.001236	0.000213	0.000404	-0.000810	0.001782	945.000000	199.223493	0.836034	0.002261	-0.001410	0.000303	-0.000357	0.001716
1888	0.836265	0.002010	-0.000788	0.000281	0.000540	0.002039	947.000000	199.223493	0.837404	0.003745	-0.001825	0.000502	0.001775	0.001959	948.000000	199.223493	0.836709	0.003148	-0.000412	0.000604	0.001669	0.002239
1891	0.835648	0.003879	0.000115	0.000681	0.000588	0.002236	950.000000	199.223493	0.835166	0.003965	0.000323	0.000237	0.003443	0.002261	951.000000	199.223493	0.835301	0.004123	-0.000800	0.000435	0.000887	0.002144
1894	0.835551	0.002298	-0.000234	0.000387	0.001090	0.002895	953.000000	199.223493	0.835147	0.002046	-0.000545	0.000301	-0.000193	0.002941	954.000000	199.223493	0.833256	0.003448	-0.000121	0.000404	0.001138	0.003266
1897	0.834510	0.003396	-0.000969	0.000209	0.000154	0.002683	956.000000	199.223493	0.833854	0.003054	-0.000909	0.000849	0.000675	0.002567	957.000000	199.223493	0.834336	0.002389	0.000234	0.000496	0.000396	0.002252
1900	0.832812	0.002671	-0.000441	0.000496	0.000675	0.002355	959.000000	199.223493	0.834278	0.001712	0.000138	0.000942	0.000974	0.002584	960.000000	199.223493	0.835976	0.003049	-0.000408	0.000484	0.001939	0.002984
1903	0.835417	0.003264	-0.000547	0.000800	0.002894	0.002766	962.000000	199.223493	0.835185	0.002585	-0.000142	0.000394	0.002633	0.001859	963.000000	199.223493	0.836265	0.002903	-0.000718	0.000566	0.000328	0.002092
1906	0.834375	0.002113	0.000661	0.000251	0.002247	0.001438	965.000000	199.223493	0.833333	0.002297	0.000188	0.000518	0.001408	0.000652	966.000000	199.223493	0.833025	0.002305	-0.000187	0.000959	0.002594	0.002010
1909	0.835995	0.002279	0.000710	0.000434	0.001659	0.001103	968.000000	199.223493	0.838329	0.003029	0.000512	0.000303	-0.000328	0.000861	969.000000	199.223493	0.838658	0.002601	-0.000243	0.000381	0.000241	0.001171
1912	0.836439	0.002930	0.001015	0.000537	-0.002373	0.001663	971.000000	199.223493	0.836073	0.001375	0.001156	0.000948	-0.001138	0.001489	972.000000	199.223493	0.835860	0.002984	0.000285	0.000528	-0.001852	0.001992
1915	0.837461	0.002922	0.000942	0.000707	-0.001756	0.002357	974.000000	199.223493	0.838349	0.003061	0.001201	0.000867	-0.002739	0.002618	975.000000	199.223493	0.838696	0.002359	0.000783	0.000287	-0.001813	0.002791
1918	0.839371	0.002806	0.000707	0.000296	-0.001842	0.002206	977.000000	199.223493	0.839854	0.002833	0.000197	0.000585	-0.000569	0.001974	978.000000	199.223493	0.842188	0.003291	0.000920	0.001170	-0.001948	0.002028
1921	0.839082	0.002088	0.000710	0.000951	0.000598	0.001229	980.000000	199.223493	0.837288	0.002761	0.000825	0.000731	0.000839	0.000843	981.000000	199.223493	0.833102	0.001989	0.001256	0.000455	-0.000212	0.000455
1924	0.834722	0.002188	0.000009	0.000326	0.001350	0.000864	983.000000	199.223493	0.836902	0.002540	-0.000546	0.000912	0.001804	0.001251	984.000000	199.223493	0.833796	0.001252	-0.000057	0.000701	0.002122	0.001784
1927	0.834838	0.001364	-0.000226	0.000387	0.003443	0.002170	986.000000	199.223493	0.835359	0.001893	0.000137	0.000358	0.002083	0.001819	987.000000	199.223493	0.835918	0.002279	0.000196	0.000828	0.001765	0.001490
1930	0.836458	0.003065	0.000025	0.000586	0.001254	0.001368	989.000000	199.223493	0.838792	0.003001	-0.000814	0.000502	0.001804	0.000699	990.000000	199.223493	0.832986	0.002967	-0.000869	0.000287	0.001553	0.001394
1933	0.834143	0.003295	-0.001280	0.000408	-0.001090	0.002099	992.000000	199.223493	0.834028	0.002687	-0.000278	0.000698	0.000222	0.001563	993.000000	199.223493	0.836285	0.002802	-0.000344	0.000142	0.002083	0.001963
1936	0.837269	0.003572	-0.000889	0.000704	-0.000965	0.002145	995.000000	199.223493	0.833758	0.004293	0.000999	0.000767	0.000212	0.001615	996.000000	199.223493	0.833102	0.003614	0.000312	0.000666	-0.000762	0.002040
1939	0.836092	0.004380	0.000806	0.000687	-0.001292	0.001921	998.000000	199.223493	0.834645	0.004279	0.000743	0.000643	-0.002556	0.001135	999.000000	199.223493	0.834471	0.004744	0.000544	0.000665	-0.000019	0.001337
1942	0.836015	0.006043	0.000605	0.000976	0.001109	0.001672	1001.000000	199.223493	0.834394	0.005954	0.000454	0.001106	0.001167	0.001726	1002.000000	199.223493	0.833565	0.004580	-0.000572	0.001056	0.001186	0.001277
1945	0.834144	0.004212	-0.000097	0.000884	0.000926	0.001349	1004.000000	199.223493	0.831115	0.003853	-0.000395	0.000527	-0.000878	0.002164	1005.000000	199.223493	0.831154	0.002919	-0.000859	0.000233	-0.001090	0.002229
1948	0.830382	0.003156	0.000985	0.000323	-0.002498	0.001305	1007.000000	199.223493	0.830421	0.003882	0.000717	0.000510	-0.001929	0.001958	1008.000000	199.223493	0.830208	0.003470	-0.000076	0.000308	-0.003038	0.001724
1951	0.827161	0.003887	0.000267	0.000279	-0.003848	0.001560	1010.000000	199.223493	0.827122	0.003396	-0.000910	0.000823	-0.002151	0.002188	1011.000000	199.223493	0.827276	0.004000	-0.000293	0.000506	-0.004118	0.001525
1954	0.825077	0.004536	0.000668	0.000347	-0.003877	0.001902	1013.000000	199.223493	0.825540	0.003584	-0.000305	0.000710	-0.003347	0.001181	1014.000000	199.223493	0.827469	0.003877	-0.001523	0.000295	-0.002324	0.000510
1957	0.824229	0.004332	-0.001149	0.000679	-0.002681	0.001013	1016.000000	199.223493	0.825231	0.003901	-0.001097	0.000407	-0.000540	0.001069	1017.000000	199.223493	0.822724	0.004424	-0.000021	0.000060	-0.002209	0.000940
1960	0.823534	0.004239	-0.000401	0.000209	-0.002730	0.000868	1019.000000	199.223493	0.824865	0.004031	-0.000578	0.000579	-0.001534	0.001101	1020.000000	199.223493	0.827276	0.004457	-0.000375	0.000491	-0.002392	0.001538
1963	0.827990	0.002978	0.000430	0.000218	-0.001514	0.000840	1022.000000	199.223493	0.828607	0.004028	-0.000064	0.000597	-0.001341	0.000807	1023.000000	199.223493	0.830652	0.005268	-0.000003	0.000262	-0.001948	0.001281
1966	0.830633	0.004541	-0.000169	0.000400	-0.003212	0.000949	1025.000000	199.223493	0.828434	0.004661	0.000015	0.000129	-0.002681	0.000984	1026.000000	199.223493	0.830652	0.003963	0.000326	0.000465	-0.002903	0.000988
1969	0.831983	0.004539	0.000526	0.000547	-0.002218	0.001060	1028.000000	199.223493	0.830517	0.003948	0.000819	0.000385	-0.002016	0.000746	1029.000000	199.223493	0.828028	0.004156	-0.000288	0.000452	-0.003752	0.001003
1972	0.824981	0.003715	-0.000795	0.000396	-0.003906	0.001333	1031.000000	199.223493	0.825154	0.003211	-0.001068	0.000383	-0.004697	0.001191	1032.000000	199.223493	0.825039	0.003604	-0.000018	0.000459	-0.002826	0.001644
1975	0.829263	0.002398	0.000197	0.000292	-0.002180	0.001445	1034.000000	199.223493	0.828337	0.001749	0.000648	0.000646	-0.003337	0.002358	1035.000000	199.223493	0.829012	0.002928	-0.000212	0.000564	-0.002807	0.002415
1978	0.827122	0.001233	-0.000495	0.000688	-0.002325	0.003208	1037.000000	199.223493	0.823302	0.001438	-0.000065	0.000136	-0.000675	0.003052	1038.000000	199.223493	0.822955	0.001333	0.000108	0.000632	-0.001919	0.002162
1981	0.824788	0.000803	-0.000632	0.000382	-0.001177	0.002418	1040.000000	199.223493	0.825560	0.000606	-0.000100	0.000739	-0.003559	0.002743	1041.000000	199.223493	0.826871	0.000815	-0.000079	0.000086	-0.004986	0.003300
1984	0.824016	0.001340	-0.000608	0.000598	-0.005064	0.003013	1043.000000	199.223493	0.824923	0.002927	0.000521	0.000267	-0.004880	0.002451	1044.000000	199.223493	0.822801	0.003844	-0.000436	0.000478	-0.003530	0.001558
1987	0.823573	0.003707	-0.000088	0.000454	-0.004523	0.002574	1046.000000	199.223493	0.825540	0.003679	0.000402	0.000606	-0.005064	0.003012	1047.000000	199.223493	0.826254	0.003510	0.000516	0.000600	-0.004494	0.002520
1990	0.826138	0.003277	-0.000228	0.000327	-0.004446	0.003224	1049.000000	199.223493	0.826832	0.003559	0.000172	0.000172	-0.004032	0.003296	1050.000000	199.223493	0.825887	0.003873	-0.000063	0.000576	-0.002739	0.002487
1993	0.826833	0.003217	-0.000073	0.000287	-0.000501	0.002866	1052.000000	199.223493	0.822550	0.002422	0.000663	0.000224	-0.002546	0.002669	1053.000000	199.223493	0.826447	0.003212	-0.000562	0.000206	-0.001649	0.002333
1996	0.827103	0.002285	-0.000567	0.000526	-0.002585	0.002360	1055.000000	199.223493	0.829244	0.001893	-0.000764	0.000265	-0.003308	0.001976	1056.000000	199.223493	0.827180	0.001090	-0.000276	0.000308	-0.002865	0.002804
1999	0.827816	0.002538	0.000011	0.000752	-0.004061	0.001987	1058.000000	199.223493	0.827045	0.002919	0.000201	0.000317	-0.003955	0.002004	1059.000000	199.223493	0.826003	0.003387	0.000924	0.000425	-0.004485	0.002930
2002	0.825714	0.003356	-0.000755	0.000112	-0.002913	0.001847	1061.000000	199.223493	0.823071	0.002754	-0.000712	0.000556	-0.005941	0.001640	1062.000000	199.223493	0.825097	0.002849	0.000395	0.000199	-0.005556	0.001943
2005	0.824209	0.003314	0.000293	0.000405	-0.006423	0.001301	1064.000000	199.223493	0.824576	0.002457	0.000008	0.000438	-0.005170	0.001825	1065.000000	199.223493	0.826138	0.002194	-0.000430	0.000483	-0.005035	0.001083
2008	0.825231	0.003109	0.000196	0.000415	-0.004186	0.001287	1067.000000	199.223493	0.826678	0.002502	0.000132	0.000611	-0.004977	0.001757	1068.000000	199.223493	0.827643	0.002034	0.000115	0.000609	-0.004562	0.001733
2011	0.829205	0.002282	0.000108	0.000157	-0.005392	0.001145	1070.000000	199.223493	0.830479	0.001514	-0.000028	0.000574	-0.003212	0.001023	1071.000000	199.223493	0.834375	0.001877	0.000027	0.000551	-0.004726	0.001604
2014	0.834413	0.002050	-0.000784	0.000829	-0.004321	0.001953	1073.000000	199.223493	0.833661	0.002261	-0.000193	0.000474	-0.004649	0.001503	1074.000000	199.223493	0.832118	0.002082	-0.000732	0.000268	-0.004186	0.001792
2017	0.833449	0.001482	-0.000196	0.000640	-0.001813	0.000936	1076.000000	199.223493	0.835050	0.002188	0.000526	0.000793	-0.002546	0.002012	1077.000000	199.223493	0.834992	0.001641	-0.000399	0.000928	-0.003434	0.001859
2020	0.833488	0.000807	-0.000149	0.001001	-0.002633	0.002728	1079.000000	199.223493	0.833526	0.000936	0.000392	0.000784	-0.000858	0.002582	1080.000000	199.223493	0.832079	0.000721	0.000721	0.000567	-0.000984	0.002346
2023	0.829880	0.000895	0.000183	0.000770	0.000309	0.002190	1082.000000	199.223493	0.828993	0.001444	0.000169	0.000356	0.002990	0.001790	1083.000000	199.223493	0.829514	0.001029	-0.000207	0.000620	0.000839	0.001594
2026	0.830691	0.001844	0.001009	0.000365	0.001186	0.001902	1085.000000	199.223493	0.829147	0.000932	-0.000068	0.000187	0.000241	0.001896	1086.000000	199.223493	0.829552	0.001082	-0.000355	0.000683	-0.000164	0.001697
2029	0.829128	0.001307	0.000591	0.000493	0.000511	0.000842	1088.000000	199.223493	0.831501	0.001094	-0.000212	0.000539	-0.000019	0.000892	1089.000000	199.223493	0.831115	0.001696	0.001146	0.000268	-0.000164	0.001694
2032	0.832465	0.001832	0.000893	0.000357	-0.002633	0.001514	1091.000000	199.223493	0.832349	0.001009	0.001102	0.000658	-0.002710	0.001286	1092.000000	199.223493	0.829282	0.001617	0.000818	0.000193	-0.002199	0.001720
2035	0.833584	0.002447	0.000567	0.000526	-0.002479	0.001804	1094.000000	199.223493	0.832543	0.003696	0.000000	0.000265	-0.001833	0.001262	1095.000000	199.223493	0.832080	0.002964	-0.000835	0.000658	-0.000164	0.001429
2038	0.833275	0.002502	-0.000936	0.000605	-0.000338	0.001735	1097.000000	199.223493	0.834163	0.002354	-0.000578	0.000755	0.000318	0.001981	1098.000000	199.223493	0.834992	0.002300	-0.000772	0.000849	-0.000569	0.001990
2041	0.834008	0.002220	0.000868	0.000774	-0.000984	0.001252	1100.000000	199.223493	0.835494	0.003042	0.001015	0.000268	-0.002633	0.001320	1101.000000	199.223493	0.836998	0.001658	0.000991	0.000440	-0.001514	0.000816
2044	0.834317	0.002355	0.000739	0.000453	-0.001669	0.000325	1103.000000	199.223493	0.832543	0.002225	0.000180	0.000378	-0.002209	0.000964	1104.000000	199.223493	0.832021	0.002450	0.000591	0.000618	-0.001042	0.001757
2047	0.830922	0.002197	-0.000619	0.000613	-0.000772	0.002740	1106.000000	199.223493	0.830092	0.001570	-0.000078	0.000870	-0.001398	0.002876	1107.000000	199.223493	0.829861	0.002489	0.000290	0.000958	-0.000260	0.001957
2050	0.828588	0.002582	-0.000649	0.000509	0.000068	0.001918	1109.000000	199.223493	0.829012	0.003207	-0.000357	0.000201	-0.000019	0.001652	1110.000000	199.223493	0.828337	0.004389	-0.000142	0.000649	-0.000733	0.000960
2053	0.828395	0.002844	0.000328	0.000509	0.000878	0.001388	1112.000000	199.223493	0.829572	0.001953	-0.000401	0.000440	-0.000077	0.001203	1113.000000	199.223493	0.831211	0.001945	0.000262	0.000457	-0.002334	0.001850
2056	0.835108	0.001745	0.000240	0.000479	-0.001572	0.001631	1115.000000	199.223493	0.832407	0.001626	-0.000163	0.000461	0.000492	0.001480	1116.000000	199.223493	0.833970	0.001390	-0.000956	0.000310	0.000270	0.001673
2059	0.833063	0.001779	-0.000530	0.000482	0.001186	0.001860	1118.000000	199.223493	0.835687	0.002303	0.000887	0.000331	0.002160	0.002461	1119.000000	199.223493	0.834433	0.002847	-0.000399	0.000473	-0.000463	0.001964
2062	0.834028	0.003863	0.000210	0.000548	-0.000530	0.001289	1121.000000	199.223493	0.833796	0.004072	0.000743	0.000544	-0.000878	0.001672	1122.000000	199.223493	0.832600	0.003433	0.000919	0.000998	-0.000347	0.001731
2065	0.831462	0.003021	0.000697	0.000812	-0.001485	0.001323	1124.000000	199.223493	0.827662	0.003995	0.000913	0.000750	-0.000280	0.000626	1125.000000	199.223493	0.830478	0.004676	0.000061	0.000483	-0.002701	0.001168
2068	0.829533	0.004995	0.000610	0.000616	-0.002151	0.000875	1127.000000	199.223493	0.829803	0.003610	-0.000228	0.000774	-0.002459	0.000922	1128.000000	199.223493	0.831694	0.002863	-0.001027	0.000341	-0.001553	0.000649
2071	0.832793	0.002074	-0.001141	0.000563	-0.001717	0.000913	1130.000000	199.223493	0.834182	0.001643	-0.000388	0.000312	-0.001447	0.001739	1131.000000	199.223493	0.832118	0.000989	-0.000545	0.000732	-0.001418	0.001466
2074	0.833391	0.001543	-0.000158	0.000655	-0.002247	0.001685	1133.000000	199.223493	0.829417	0.002280	0.000677	0.000636	-0.001119	0.001550	1134.000000	199.223493	0.827700	0.001861	0.000315	0.000656	-0.002652	0.001872
2077	0.827932	0.002927	0.000021	0.000699	-0.001505	0.001514	1136.000000	199.223493	0.829996	0.003160	-0.000703	0.001154	-0.002971	0.002278	1137.000000	199.223493	0.827546	0.003753	-0.000430	0.000773	-0.002006	0.000908
2080	0.827874	0.003559	-0.000652	0.000971	-0.002942	0.001076	1139.000000	199.223493	0.825386	0.002950	-0.000575	0.000402	-0.002064	0.000389	1140.000000	199.223493	0.826871	0.003624	-0.000794	0.000226	-0.003472	0.000906
2083	0.828299	0.003848	-0.000314	0.000626	-0.000868	0.001535	1142.000000	199.223493	0.827450	0.003871	-0.000332	0.000374	-0.001823	0.001765	1143.000000	199.223493	0.825733	0.002869	-0.000743	0.000531	-0.000839	0.002018
2086	0.826504	0.002414	-0.000295	0.000283	0.000289	0.001399	1145.000000	199.223493	0.825482	0.002756	-0.000263	0.000215	0.001505	0.002101	1146.000000	199.223493	0.826100	0.002830	-0.000582	0.000700	0.002247	0.002670
2089	0.824344	0.003126	-0.000058	0.000650	-0.000289	0.002316	1148.000000	199.223493	0.826755	0.002883	0.000481	0.000792	0.001418	0.003118	1149.000000	199.223493	0.825849	0.002319	0.000560	0.000498	-0.000540	0.003095
2092	0.827681	0.001835	0.001206	0.000255	-0.002392	0.003657	1151.000000	199.223493	0.830613	0.001657	-0.000083	0.000485	-0.001707	0.003401	1152.000000	199.223493	0.828568	0.002694	0.000502	0.000353	-0.001890	0.003727
2095	0.828742	0.002118	0.000658	0.000532	-0.002691	0.003643	1154.000000	199.223493	0.827045	0.002473	0.000107	0.000715	-0.002980	0.003820	1155.000000	199.223493	0.828357	0.001815	0.000267	0.000443	-0.002875	0.002833
2098	0.827411	0.002285	-0.000133	0.000367	-0.003935	0.003182	1157.000000	199.223493	0.825733	0.002017	0.000070	0.000226	-0.001919	0.003522	1158.000000	199.223493	0.824325	0.001715	0.000095	0.000471	-0.002209	0.002843
2101	0.824441	0.001836	0.000033	0.000612	-0.003964	0.002071	1160.000000	199.223493	0.823090	0.002996	-0.000164	0.000360	-0.004205	0.002047	1161.000000	199.223493	0.824248	0.004758	0.000058	0.000452	-0.005498	0.002344
2104	0.825521	0.003809	0.000261	0.000355	-0.004282	0.002961	1163.000000	199.223493	0.823631	0.003213	-0.000420	0.000385	-0.002363	0.002348	1164.000000	199.223493	0.824711	0.003621	-0.000203	0.000363	-0.003231	0.002040
2107	0.826485	0.003273	-0.000573	0.000433	-0.002864	0.002661	1166.000000	199.223493	0.826601	0.003415	0.000010	0.000127	-0.002894	0.002858	1167.000000	199.223493	0.827952	0.002627	0.000001	0.000245	-0.001553	0.001888
2110	0.828916	0.004471	0.000233	0.000478	-0.002778	0.002106	1169.000000	199.223493	0.829996	0.004191	-0.000003	0.000602	-0.001514	0.002118	1170.000000	199.223493	0.828742	0.003261	-0.000243	0.000577	-0.001823	0.001815
2113	0.827141	0.002163	-0.000009	0.000666	-0.000772	0.002125	1172.000000	199.223493	0.830093	0.002064	-0.000153	0.000998	-0.000463	0.001910	1173.000000	199.223493	0.827913	0.002807	-0.000335	0.000057	0.001621	0.001306
2116	0.830363	0.002681	0.000416	0.000416	0.000666	0.001680	1175.000000	199.223493	0.827257	0.002987	-0.000448	0.000902	-0.000009	0.001340	1176.000000	199.223493	0.829919	0.003082	0.000382	0.000609	0.000473	0.000534
2119	0.833102	0.002045	-0.000135	0.000094	-0.000106	0.000480	1178.000000	199.223493	0.829745	0.001680	0.000058	0.000275	-0.000733	0.001405	1179.000000	199.223493	0.830613	0.002090	-0.000557	0.000420	0.001823	0.001007
2122	0.831269	0.000919	-0.001032	0.000290	0.001543	0.000658	1181.000000	199.223493	0.828125	0.002326	-0.000456	0.000298	0.002247	0.001409	1182.000000	199.223493	0.827778	0.003281	-0.000547	0.000356	0.000646	0.001392
2125	0.829456	0.003140	0.000862	0.000469	-0.000636	0.002078	1184.000000	199.223493	0.830150	0.001788	0.000321	0.000435	-0.000887	0.001903	1185.000000	199.223493	0.827238	0.003232	0.000413	0.000561	-0.001360	0.002153
2128	0.827180	0.002466	-0.000514	0.000317	-0.002614	0.002759	1187.000000	199.223493	0.826833	0.003315	0.000193	0.000428	-0.001852	0.002936	1188.000000	199.223493	0.828472	0.001821	0.000076	0.000291	-0.003106	0.002478
2131	0.826389	0.002573	-0.000074	0.000324	-0.002681	0.002241	1190.000000	199.223493	0.824846	0.001354	-0.000564	0.000404	-0.002942	0.001154	1191.000000	199.223493	0.825270	0.001784	-0.000007	0.000581	-0.002170	0.001997
2134	0.826852	0.002098	0.000348	0.000596	-0.000164	0.002135	1193.000000	199.223493	0.827315	0.001696	0.000833	0.000582	-0.001312	0.002357	1194.000000	199.223493	0.825868	0.002295	0.001072	0.000532	-0.000695	0.002311
2137	0.826157	0.001925	-0.000016	0.000594	0.000010	0.002460	1196.000000	199.223493	0.827566	0.001937	-0.000791	0.000796	0.000897	0.001853	1197.000000	199.223493	0.828048	0.001991	-0.001307	0.000256	-0.001322	0.002015
2140	0.824228	0.001346	-0.000325	0.000590	-0.001389	0.002110	1199.000000	199.223493	0.822917	0.000718	0.000167	0.000277	0.000666	0.003381	1200.000000	199.223493	0.823032	0.002410	0.000239	0.000712	0.001042	0.003187
2143	0.825598	0.002086	-0.000412	0.000259	0.001659	0.002694	1202.000000	199.223493	0.826775	0.002139	0.000225	0.000343	0.002508	0.003113	1203.000000	199.223493	0.827835	0.001985	-0.000354	0.000432	0.002411	0.002517
2146	0.828067	0.002602	-0.000798	0.000606	0.003067	0.002226	1205.000000	199.223493	0.829630	0.002007	-0.000574	0.000482	0.003916	0.003373	1206.000000	199.223493	0.828819	0.003877	-0.000659	0.000392	0.004263	0.002912
2149	0.830016	0.003364	-0.000145	0.000180	0.004360	0.002530	1208.000000	199.223493	0.829957	0.002683	-0.000679	0.000219	0.006231	0.002421	1209.000000	199.223493	0.830440	0.002511	-0.000952	0.000667	0.004948	0.002699
2152	0.829938	0.001902	-0.000527	0.000370	0.005421	0.002919	1211.000000	199.223493	0.831694	0.002679	0.000406	0.000316	0.006626	0.002381	1212.000000	199.223493	0.832022	0.001806	-0.000959	0.000570	0.004331	0.001130
2155	0.830922	0.001748	-0.001409	0.000421	0.003694	0.001567	1214.000000	199.223493	0.829437	0.001616	-0.000138	0.000359	0.003222	0.001784	1215.000000	199.223493	0.828337	0.001895	-0.000106	0.000215	0.003945	0.001748
2158	0.829340	0.001176	-0.000134	0.000400	0.001196	0.002048	1217.000000	199.223493	0.828125	0.002367	0.000061	0.000752	0.000839	0.001823	1218.000000	199.223493	0.830266	0.001613	0.001017	0.000508	0.001235	0.001954
2161	0.830710	0.001939	0.000195	0.000548	0.003308	0.002443	1220.000000	199.223493	0.831038	0.002355	0.000720	0.000305	0.003781	0.001844	1221.000000	199.223493	0.831173	0.002076	0.000241	0.000193	0.003163	0.002054
2164	0.829090	0.002251	0.000074	0.000399	0.003829	0.001946	1223.000000	199.223493	0.830401	0.002354	0.000791	0.000592	0.004224	0.002275	1224.000000	199.223493	0.832330	0.002315	-0.000113	0.000462	0.005613	0.002204
2167	0.834028	0.001351	0.001336	0.000491	0.004823	0.001813	1226.000000	199.223493	0.832369	0.001077	0.000246	0.000183	0.005112	0.001399	1227.000000	199.223493	0.834356	0.001320	0.000443	0.000464	0.004668	0.002232
2170	0.833256	0.001131	-0.000158	0.000807	0.003019	0.001510	1229.000000	199.223493	0.830864	0.001067	-0.000035	0.000250	0.002286	0.001184	1230.000000	199.223493	0.830594	0.001012	-0.000316	0.000243	0.002315	0.001631
2173	0.833391	0.001181	-0.000021	0.000294	0.001881	0.001429	1232.000000	199.223493	0.834722	0.001475	-0.000313	0.000390	0.002392	0.001605	1233.000000	199.223493	0.834452	0.001423	0.000312	0.000228	0.002257	0.001886
2176	0.832388	0.002363	0.001336	0.000448	0.002575	0.001957	1235.000000	199.223493	0.832716	0.001780	0.000544	0.000238	0.002816	0.001946	1236.000000	199.223493	0.834703	0.001449	0.000913	0.000422	0.000743	0.001835
2179	0.834838	0.002133	0.000234	0.000657	0.001891	0.001355	1238.000000	199.223493	0.832928	0.001633	0.000464	0.000335	0.002488	0.000951	1239.000000	199.223493	0.833218	0.000874	-0.000117	0.000439	0.002961	0.000883
2182	0.832099	0.001168	0.001359	0.000520	0.001939	0.000806	1241.000000	199.223493	0.833854	0.001210	0.001129	0.000762	0.001534	0.000567	1242.000000	199.223493	0.830671	0.001702	0.000231	0.000927	0.003540	0.001598
2185	0.829225	0.001856	0.001377	0.000416	0.004466	0.002148	1244.000000	199.223493	0.829475	0.002153	-0.000562	0.000370	0.003800	0.001767	1245.000000	199.223493	0.828896	0.002459	0.000021	0.000527	0.003299	0.001654
2188	0.832176	0.002450	0.000449	0.000295	0.002604	0.001987	1247.000000	199.223493	0.832639	0.002955	-0.000045	0.000734	0.003714	0.001735	1248.000000	199.223493	0.829784	0.002104	0.000067	0.000553	0.004475	0.001845
2191	0.829687	0.001415	0.000199	0.000479	0.003386	0.001786	1250.000000	199.223493	0.829630	0.001033	0.000206	0.000695	0.002488	0.001670	1251.000000	199.223493	0.833160	0.001387	0.000051	0.000328	0.004582	0.001965
2194	0.831269	0.001598	-0.000284	0.000606	0.003356	0.002573	1253.000000	199.223493	0.833970	0.001098	-0.000349	0.000207	0.002720	0.003161	1254.000000	199.223493	0.833102	0.001606	0.000069	0.000700	0.002286	0.002542
2197	0.833333	0.001363	0.000117	0.000594	0.002498	0.002892	1256.000000	199.223493	0.832755	0.002880	0.000399	0.000546	0.003125	0.002454	1257.000000	199.223493	0.835687	0.003495	0.000644	0.000471	0.002807	0.002410
2200	0.832600	0.002945	0.000750	0.000485	0.002286	0.002260	1259.000000	199.223493	0.834124	0.001128	-0.000664	0.000746	0.000665	0.002084	1260.000000	199.223493	0.833661	0.001355	-0.001768	0.000376	0.000801	0.001725
2203	0.833680	0.001464	-0.000440	0.000327	-0.000173	0.001866	1262.000000	199.223493	0.833777	0.002688	-0.000886	0.000600	0.000791	0.001863	1263.000000	199.223493	0.833854	0.002205	-0.000737	0.000355	0.000290	0.002237
2206	0.832581	0.003487	0.000497	0.000571	0.000646	0.002229	1265.000000	199.223493	0.831713	0.003317	0.000187	0.000310	0.002990	0.002330	1266.000000	199.223493	0.830980	0.002798	-0.000334	0.000230	0.001813	0.001830
2209	0.831443	0.001971	-0.000045	0.000263	0.001408	0.002783	1268.000000	199.223493	0.831694	0.002245	-0.000476	0.000309	-0.000203	0.002944	1269.000000	199.223493	0.830478	0.003715	-0.000254	0.000447	0.000116	0.003553
2212	0.831848	0.003921	-0.001022	0.000212	-0.000463	0.002796	1271.000000	199.223493	0.830999	0.003405	-0.000470	0.000671	0.001514	0.002404	1272.000000	199.223493	0.830999	0.002610	-0.000097	0.000618	0.000772	0.002243
2215	0.832060	0.002820	-0.000335	0.000522	0.000810	0.002357	1274.000000	199.223493	0.833333	0.002175	-0.000686	0.000671	0.001669	0.002499	1275.000000	199.223493	0.836458	0.002920	-0.000203	0.000489	0.002874	0.002940
2218	0.836420	0.003095	-0.001607	0.000333	0.003665	0.002752	1277.000000	199.223493	0.835610	0.002500	-0.000675	0.000498	0.003578	0.001852	1278.000000	199.223493	0.834163	0.003392	-0.000575	0.000635	0.001842	0.001902
2221	0.832446	0.002806	0.000626	0.000250	0.004157	0.000916	1280.000000	199.223493	0.833102	0.002339	0.000115	0.000518	0.002816	0.000805	1281.000000	199.223493	0.833102	0.002304	0.000643	0.001070	0.003433	0.001911
2224	0.835552	0.002366	0.000680	0.000410	0.002488	0.001314	1283.000000	199.223493	0.837481	0.003295	0.000496	0.000302	0.000829	0.001574	1284.000000	199.223493	0.837018	0.002628	0.000227	0.000376	0.001196	0.001357
2227	0.836111	0.002843	0.000525	0.000584	-0.001321	0.002332	1286.000000	199.223493	0.835841	0.001267	0.000499	0.000809	-0.001244	0.001425	1287.000000	199.223493	0.834510	0.002470	0.000305	0.000532	-0.001524	0.002127
2230	0.836574	0.002659	0.000623	0.000473	-0.001514	0.002475	1289.000000	199.223493	0.835841	0.002727	0.001145	0.000882	-0.002730	0.002623	1290.000000	199.223493	0.837037	0.001657	0.000363	0.000166	-0.002498	0.002413
2233	0.838523	0.002459	0.001037	0.000167	-0.001958	0.002150	1292.000000	199.223493	0.838156	0.001869	0.001110	0.000812	-0.001099	0.001784	1293.000000	199.223493	0.839063	0.002465	0.001608	0.000682	-0.002373	0.001804
2236	0.837481	0.001692	0.001403	0.000939	0.000801	0.001297	1295.000000	199.223493	0.835089	0.002150	0.001076	0.000597	0.001678	0.001424	1296.000000	199.223493	0.832292	0.001686	0.001475	0.000350	0.000771	0.001194
2239	0.834298	0.001973	0.000476	0.000558	0.001804	0.001176	1298.000000	199.223493	0.837095	0.002602	0.000051	0.001050	0.001476	0.001063	1299.000000	199.223493	0.833816	0.001258	0.000326	0.000847	0.000627	0.000643
2242	0.832774	0.000616	0.000034	0.000431	0.001177	0.001027	1301.000000	199.223493	0.833063	0.002544	0.000194	0.000400	0.000270	0.000749	1302.000000	199.223493	0.833854	0.002164	0.000229	0.000820	0.001331	0.001360
2245	0.833545	0.002472	0.000239	0.000606	0.001678	0.001459	1304.000000	199.223493	0.837635	0.002229	-0.000516	0.000683	0.002054	0.000752	1305.000000	199.223493	0.831559	0.001947	-0.000568	0.000419	0.001447	0.001422
2248	0.833256	0.002836	-0.000654	0.000531	-0.001244	0.002111	1307.000000	199.223493	0.833796	0.002571	0.000094	0.000778	0.001167	0.001426	1308.000000	199.223493	0.835957	0.002584	-0.000310	0.000158	0.002035	0.001982
2251	0.835359	0.002880	-0.001498	0.000298	-0.000039	0.001964	1310.000000	199.223493	0.832581	0.004119	0.000778	0.000808	0.000270	0.001615	1311.000000	199.223493	0.831346	0.003270	-0.000445	0.000758	-0.000125	0.001926
2254	0.833874	0.003987	-0.000242	0.000592	-0.001823	0.001817	1313.000000	199.223493	0.833295	0.004197	0.000080	0.000408	-0.001726	0.001442	1314.000000	199.223493	0.833661	0.004888	0.000302	0.000745	0.000318	0.001400
2257	0.834317	0.006032	-0.000205	0.001138	0.000463	0.001430	1316.000000	199.223493	0.834587	0.005951	0.000186	0.001182	-0.000116	0.001185	1317.000000	199.223493	0.832504	0.004528	-0.000511	0.001034	-0.000048	0.001450
2260	0.833507	0.004166	-0.001486	0.001024	-0.000251	0.001726	1319.000000	199.223493	0.832562	0.004233	-0.001323	0.000784	-0.003405	0.002102	1320.000000	199.223493	0.832022	0.003164	-0.001117	0.000156	-0.001861	0.002254
2263	0.832889	0.003241	0.000464	0.000630	-0.002816	0.001377	1322.000000	199.223493	0.834009	0.004362	0.000404	0.000728	-0.001341	0.001953	1323.000000	199.223493	0.832639	0.003371	0.000067	0.000307	-0.002161	0.001281
2266	0.830517	0.003880	0.000685	0.000479	-0.002517	0.001196	1325.000000	199.223493	0.829938	0.003519	0.000118	0.000682	-0.002701	0.002372	1326.000000	199.223493	0.831115	0.004276	-0.000019	0.000463	-0.003395	0.001228
2269	0.828492	0.004878	0.000275	0.000572	-0.004196	0.002015	1328.000000	199.223493	0.828221	0.003717	-0.001024	0.000642	-0.003800	0.001412	1329.000000	199.223493	0.830151	0.003635	-0.001747	0.000172	-0.003366	0.000722
2272	0.827527	0.003572	-0.001292	0.000612	-0.003559	0.000924	1331.000000	199.223493	0.827103	0.003670	-0.001185	0.000392	-0.001958	0.000849	1332.000000	199.223493	0.825231	0.003736	0.000108	0.000142	-0.002479	0.000976
2275	0.824981	0.003964	-0.000249	0.000290	-0.002006	0.000797	1334.000000	199.223493	0.827681	0.003666	-0.000576	0.000578	-0.002469	0.001180	1335.000000	199.223493	0.830112	0.003859	-0.000165	0.000571	-0.002537	0.001530
2278	0.829996	0.002450	-0.000012	0.000446	-0.002074	0.000981	1337.000000	199.223493	0.833276	0.001845	0.000496	0.000713	-0.000907	0.000712	1338.000000	199.223493	0.834414	0.002612	0.000329	0.000387	-0.001562	0.001195
2281	0.834182	0.002033	0.000637	0.000634	-0.002479	0.001205	1340.000000	199.223493	0.832118	0.002295	0.000264	0.000293	-0.003183	0.000800	1341.000000	199.223493	0.833623	0.002653	0.000781	0.000246	-0.004234	0.000848
2284	0.834356	0.003647	0.001074	0.000422	-0.003684	0.000359	1343.000000	199.223493	0.832562	0.003465	0.000914	0.000345	-0.002816	0.000770	1344.000000	199.223493	0.830691	0.003864	-0.000468	0.000443	-0.004601	0.000766
2287	0.827508	0.003968	-0.001080	0.000298	-0.004601	0.001306	1346.000000	199.223493	0.826813	0.003425	-0.000794	0.000287	-0.004871	0.001163	1347.000000	199.223493	0.826292	0.003697	-0.000540	0.000643	-0.004080	0.001245
2290	0.828935	0.002376	0.000044	0.000388	-0.003742	0.000422	1349.000000	199.223493	0.827855	0.001787	0.000165	0.000576	-0.004437	0.001913	1350.000000	199.223493	0.830054	0.002897	-0.000622	0.000279	-0.004630	0.001933
2293	0.827353	0.001338	-0.000763	0.000653	-0.004861	0.003028	1352.000000	199.223493	0.822241	0.000715	-0.000253	0.000089	-0.002942	0.003178	1353.000000	199.223493	0.823900	0.001415	0.000302	0.000699	-0.003492	0.001592
2296	0.824865	0.000803	-0.000011	0.000389	-0.002488	0.001883	1355.000000	199.223493	0.824942	0.000397	0.000164	0.000712	-0.004186	0.002479	1356.000000	199.223493	0.826755	0.000856	0.000192	0.000162	-0.005854	0.002879
2299	0.825502	0.000979	-0.000543	0.000615	-0.006433	0.002159	1358.000000	199.223493	0.825135	0.002870	0.000654	0.000313	-0.006095	0.001970	1359.000000	199.223493	0.823939	0.003843	0.000076	0.000605	-0.005131	0.001081
2302	0.825714	0.003508	0.000458	0.000440	-0.006452	0.001960	1361.000000	199.223493	0.827141	0.003516	0.000348	0.000622	-0.006481	0.001960	1362.000000	199.223493	0.827836	0.003563	0.000667	0.000508	-0.005363	0.002058
2305	0.826582	0.003286	-0.000533	0.000489	-0.006723	0.001714	1364.000000	199.223493	0.829514	0.003730	-0.000037	0.000339	-0.006771	0.001651	1365.000000	199.223493	0.826871	0.004039	-0.000730	0.000309	-0.004639	0.001678
2308	0.828684	0.003642	-0.000384	0.000208	-0.003019	0.001084	1367.000000	199.223493	0.824498	0.003200	0.000442	0.000182	-0.003848	0.001567	1368.000000	199.223493	0.828144	0.003406	-0.000644	0.000208	-0.003270	0.001017
2311	0.829842	0.002340	-0.000703	0.000527	-0.003424	0.001867	1370.000000	199.223493	0.831520	0.001339	-0.000387	0.000346	-0.004109	0.001494	1371.000000	199.223493	0.829610	0.001673	0.000380	0.000410	-0.003897	0.002118
2314	0.829687	0.002451	-0.000038	0.000773	-0.002710	0.002804	1373.000000	199.223493	0.827739	0.002781	-0.000148	0.000564	-0.003009	0.002688	1374.000000	199.223493	0.827161	0.003191	0.000351	0.000428	-0.004234	0.003062
2317	0.826543	0.003474	-0.000786	0.000106	-0.002643	0.002002	1376.000000	199.223493	0.824421	0.003179	-0.001337	0.000542	-0.005498	0.001934	1377.000000	199.223493	0.826929	0.003313	0.000077	0.000222	-0.005237	0.002167
2320	0.825637	0.003389	0.000146	0.000501	-0.005806	0.001697	1379.000000	199.223493	0.825887	0.002655	0.000121	0.000405	-0.005768	0.001338	1380.000000	199.223493	0.828511	0.002610	-0.000824	0.000592	-0.004138	0.001801
2323	0.825386	0.003156	0.000529	0.000195	-0.003270	0.001961	1382.000000	199.223493	0.825675	0.002040	0.000264	0.000607	-0.004851	0.001855	1383.000000	199.223493	0.826736	0.001725	0.000358	0.000592	-0.004707	0.001640
2326	0.827681	0.001915	0.000534	0.000408	-0.003945	0.002138	1385.000000	199.223493	0.829379	0.000690	0.000441	0.000648	-0.002894	0.001194	1386.000000	199.223493	0.833005	0.001976	0.000235	0.000487	-0.004302	0.001902
2329	0.834934	0.001994	-0.000020	0.000347	-0.005498	0.001046	1388.000000	199.223493	0.833410	0.002241	-0.000253	0.000458	-0.004427	0.001637	1389.000000	199.223493	0.832157	0.002077	-0.001032	0.000253	-0.004977	0.001495
2332	0.833102	0.001404	-0.000271	0.000625	-0.002141	0.000765	1391.000000	199.223493	0.836651	0.002194	-0.000352	0.000625	-0.003173	0.001921	1392.000000	199.223493	0.836130	0.001287	0.000268	0.000908	-0.003337	0.001864
2335	0.834607	0.000874	0.000157	0.000931	-0.001196	0.003046	1394.000000	199.223493	0.833642	0.000974	0.000472	0.000826	-0.000675	0.002631	1395.000000	199.223493	0.833430	0.001270	0.000575	0.000508	0.000068	0.002654
2338	0.830883	0.001589	-0.000216	0.000472	0.000974	0.002583	1397.000000	199.223493	0.830266	0.002170	0.000189	0.000365	0.002710	0.001645	1398.000000	199.223493	0.831694	0.002600	0.000041	0.000708	0.001534	0.001637
2341	0.831559	0.002241	0.000729	0.000200	0.002604	0.001838	1400.000000	199.223493	0.831231	0.001429	-0.000030	0.000200	0.000646	0.001900	1401.000000	199.223493	0.833102	0.002379	0.000553	0.000734	-0.000077	0.001715
2344	0.830748	0.002009	0.000710	0.000484	0.001302	0.000706	1403.000000	199.223493	0.832678	0.001915	0.000152	0.000635	0.001322	0.001002	1404.000000	199.223493	0.832002	0.002089	0.001225	0.000256	-0.000347	0.001666
2347	0.831906	0.001887	0.000912	0.000361	-0.000666	0.001452	1406.000000	199.223493	0.832195	0.001121	0.000372	0.000392	-0.000887	0.001686	1407.000000	199.223493	0.828839	0.001958	0.000706	0.000173	-0.000608	0.002080
2350	0.834356	0.001822	0.000136	0.000337	-0.001090	0.002277	1409.000000	199.223493	0.833198	0.003298	-0.000210	0.000187	0.000260	0.002167	1410.000000	199.223493	0.833700	0.002252	-0.000968	0.000634	0.001292	0.001825
2353	0.835050	0.002233	-0.001327	0.000478	0.000926	0.001779	1412.000000	199.223493	0.835571	0.001371	-0.000817	0.000818	0.001466	0.002117	1413.000000	199.223493	0.835667	0.001839	-0.000808	0.000853	-0.000222	0.001997
2356	0.834741	0.002110	0.000567	0.000884	-0.000183	0.001507	1415.000000	199.223493	0.836015	0.002760	0.000810	0.000354	-0.001466	0.001403	1416.000000	199.223493	0.835417	0.002481	0.000127	0.000418	-0.000695	0.001363
2359	0.833006	0.002791	0.000138	0.000439	0.000029	0.001506	1418.000000	199.223493	0.831057	0.003121	0.000068	0.000377	0.000357	0.002110	1419.000000	199.223493	0.831539	0.002570	0.000766	0.000543	0.000608	0.002235
2362	0.830729	0.002227	-0.000246	0.000509	0.000714	0.002675	1421.000000	199.223493	0.828916	0.001846	0.000592	0.000399	-0.000463	0.003064	1422.000000	199.223493	0.828144	0.001945	0.000955	0.000394	-0.000453	0.001892
2365	0.828704	0.002600	-0.000178	0.000418	-0.000337	0.001788	1424.000000	199.223493	0.829283	0.003206	-0.000378	0.000206	-0.000116	0.001627	1425.000000	199.223493	0.827893	0.004450	-0.000287	0.000646	-0.000714	0.000959
2368	0.827488	0.002926	0.000024	0.000562	0.000859	0.001399	1427.000000	199.223493	0.828800	0.002114	-0.000309	0.000466	-0.001524	0.001410	1428.000000	199.223493	0.828164	0.002620	0.001022	0.000392	-0.002556	0.001813
2371	0.832137	0.003132	0.000489	0.000443	-0.002238	0.001583	1430.000000	199.223493	0.830131	0.002989	0.000045	0.000395	-0.000492	0.001717	1431.000000	199.223493	0.832427	0.002525	-0.000406	0.000285	0.000405	0.001623
2374	0.832311	0.002360	-0.000486	0.000451	0.000193	0.001955	1433.000000	199.223493	0.835976	0.002118	0.000793	0.000409	0.001803	0.002498	1434.000000	199.223493	0.834086	0.002975	-0.000579	0.000538	-0.001765	0.002010
2377	0.833198	0.004179	0.000088	0.000580	-0.001485	0.001479	1436.000000	199.223493	0.834240	0.003832	0.000659	0.000532	-0.000675	0.001638	1437.000000	199.223493	0.832504	0.003481	0.001428	0.000859	0.000135	0.001612
2380	0.831636	0.002925	0.000851	0.000826	-0.001476	0.001323	1439.000000	199.223493	0.831096	0.002759	0.000690	0.000692	-0.000569	0.000640	1440.000000	199.223493	0.833970	0.003164	0.000203	0.000539	-0.001437	0.001373
2383	0.833044	0.004105	0.001748	0.000535	-0.000299	0.001720	1442.000000	199.223493	0.833063	0.003108	0.000291	0.000858	-0.001437	0.001554	1443.000000	199.223493	0.832292	0.002799	-0.000662	0.000618	-0.000887	0.001207
2386	0.833700	0.002077	-0.001043	0.000597	-0.001717	0.000913	1445.000000	199.223493	0.834240	0.001605	-0.000596	0.000194	-0.001958	0.001625	1446.000000	199.223493	0.830826	0.001727	-0.000456	0.000741	-0.000627	0.001694
2389	0.832311	0.001927	-0.000732	0.000489	-0.002614	0.001616	1448.000000	199.223493	0.829495	0.002272	0.000595	0.000610	-0.001784	0.001597	1449.000000	199.223493	0.827913	0.001807	-0.000077	0.000475	-0.002537	0.001855
2392	0.827701	0.002868	0.000059	0.000716	-0.000849	0.001503	1451.000000	199.223493	0.829668	0.003081	-0.001031	0.000905	-0.002160	0.002343	1452.000000	199.223493	0.826505	0.003396	-0.000719	0.000671	-0.002363	0.000985
2395	0.825830	0.002785	-0.001533	0.000752	-0.003029	0.001058	1454.000000	199.223493	0.824286	0.002243	-0.000439	0.000403	-0.002739	0.000821	1455.000000	199.223493	0.825598	0.002828	-0.000771	0.000223	-0.004504	0.000823
2398	0.826331	0.002708	-0.000363	0.000639	-0.001119	0.001531	1457.000000	199.223493	0.826389	0.003238	-0.000013	0.000567	-0.002296	0.001727	1458.000000	199.223493	0.825617	0.002829	0.000277	0.000640	-0.000598	0.002059
2401	0.827604	0.002748	-0.000032	0.000340	0.000289	0.001399	1460.000000	199.223493	0.826852	0.003646	-0.000525	0.000108	0.000945	0.002183	1461.000000	199.223493	0.827585	0.003531	-0.000945	0.000620	0.001476	0.002791
2404	0.825868	0.004014	-0.000577	0.000392	-0.001234	0.002556	1463.000000	199.223493	0.825868	0.002455	0.000424	0.000799	-0.000116	0.003378	1464.000000	199.223493	0.826852	0.002583	0.000228	0.000568	-0.000723	0.003138
2407	0.827797	0.001834	0.000740	0.000507	-0.003357	0.003691	1466.000000	199.223493	0.829649	0.001763	-0.000033	0.000502	-0.002816	0.003598	1467.000000	199.223493	0.828626	0.002693	0.000349	0.000374	-0.003289	0.003971
2410	0.829167	0.002250	0.000704	0.000522	-0.003202	0.003628	1469.000000	199.223493	0.829225	0.002945	0.000514	0.000574	-0.002633	0.003814	1470.000000	199.223493	0.832080	0.003320	-0.000142	0.000460	-0.002460	0.002806
2413	0.829688	0.002890	-0.000092	0.000383	-0.003250	0.003266	1472.000000	199.223493	0.827932	0.002167	0.000192	0.000138	-0.001244	0.003549	1473.000000	199.223493	0.826639	0.001921	0.000192	0.000454	-0.000434	0.002766
2416	0.824981	0.001878	0.000509	0.000620	-0.002170	0.002561	1475.000000	199.223493	0.822897	0.002979	-0.000100	0.000321	-0.002266	0.002397	1476.000000	199.223493	0.825174	0.004804	0.000219	0.000402	-0.002874	0.002579
2419	0.824826	0.003904	0.000325	0.000308	-0.002807	0.003004	1478.000000	199.223493	0.823283	0.003292	0.000490	0.000574	-0.001543	0.002441	1479.000000	199.223493	0.825424	0.003406	0.000386	0.000563	-0.001697	0.002144
2422	0.826543	0.003252	-0.000689	0.000342	-0.002845	0.002661	1481.000000	199.223493	0.827913	0.002911	-0.000059	0.000147	-0.002508	0.002928	1482.000000	199.223493	0.827797	0.002687	0.000303	0.000198	-0.001852	0.001850
2425	0.828627	0.004539	0.000079	0.000539	-0.001997	0.002397	1484.000000	199.223493	0.829881	0.004215	-0.000196	0.000585	0.000222	0.002992	1485.000000	199.223493	0.827951	0.003572	-0.000679	0.000500	-0.000376	0.002065
2428	0.829244	0.001046	-0.000052	0.000666	0.001765	0.002069	1487.000000	199.223493	0.833295	0.002034	0.000439	0.000850	0.002189	0.002249	1488.000000	199.223493	0.832137	0.002858	0.000130	0.000435	0.003443	0.001194
2431	0.833449	0.001661	0.000337	0.000468	0.003337	0.002187	1490.000000	199.223493	0.831211	0.002485	-0.000159	0.000957	0.001543	0.001194	1491.000000	199.223493	0.833758	0.002614	0.000090	0.000729	0.001225	0.000400
2434	0.835764	0.001958	-0.000352	0.000234	-0.000125	0.000492	1493.000000	199.223493	0.831115	0.001736	0.000061	0.000276	0.000665	0.001328	1494.000000	199.223493	0.831867	0.002092	-0.000285	0.000481	0.002807	0.000897
2437	0.832079	0.001189	0.000191	0.000918	0.002556	0.000318	1496.000000	199.223493	0.829707	0.002666	-0.000131	0.000286	0.002151	0.001444	1497.000000	199.223493	0.830652	0.004371	-0.000276	0.000412	0.000984	0.001407
2440	0.832774	0.004158	0.000740	0.000373	0.001486	0.001496	1499.000000	199.223493	0.833295	0.002711	0.000463	0.000499	0.000772	0.001775	1500.000000	199.223493	0.831809	0.004098	0.000537	0.000602	0.000106	0.001967
2443	0.830807	0.003786	-0.000412	0.000347	-0.001264	0.002668	1502.000000	199.223493	0.830999	0.003499	-0.000427	0.000496	-0.000656	0.002815	1503.000000	199.223493	0.832581	0.003247	0.000458	0.000583	-0.001852	0.002250
2446	0.831211	0.003273	-0.000401	0.000500	-0.001755	0.002233	1505.000000	199.223493	0.829109	0.003406	-0.000693	0.000342	-0.002527	0.001178	1506.000000	199.223493	0.829842	0.002604	0.000375	0.000863	0.000453	0.001451
2449	0.830594	0.001385	0.000208	0.000554	0.001794	0.001138	1508.000000	199.223493	0.828395	0.001038	0.000570	0.000450	0.002045	0.000993	1509.000000	199.223493	0.829070	0.002421	0.000610	0.000256	0.001370	0.001469
2452	0.828376	0.001748	0.000170	0.000686	0.002006	0.001879	1511.000000	199.223493	0.830285	0.001916	-0.001073	0.000613	0.003839	0.001542	1512.000000	199.223493	0.829379	0.001689	-0.000760	0.000630	0.001813	0.002261
2455	0.826100	0.002171	-0.000009	0.000385	0.001080	0.002123	1514.000000	199.223493	0.823553	0.000969	0.000122	0.000293	0.002816	0.002844	1515.000000	199.223493	0.823322	0.002586	-0.000470	0.000481	0.002527	0.002890
2458	0.824942	0.001905	0.000009	0.000306	0.002845	0.002576	1517.000000	199.223493	0.824981	0.002026	0.000284	0.000368	0.002460	0.003125	1518.000000	199.223493	0.826755	0.002273	-0.000118	0.000445	0.003086	0.002441
2461	0.828626	0.002271	-0.000275	0.000726	0.003251	0.002218	1520.000000	199.223493	0.830864	0.000991	-0.000763	0.000541	0.003877	0.003377	1521.000000	199.223493	0.830903	0.002268	-0.000953	0.000290	0.004302	0.002904
2464	0.831077	0.002518	0.000385	0.000390	0.003492	0.002714	1523.000000	199.223493	0.830980	0.002089	0.000008	0.000526	0.005816	0.002528	1524.000000	199.223493	0.831829	0.001740	-0.000691	0.000559	0.004668	0.002663
2467	0.829070	0.002468	-0.000558	0.000383	0.005565	0.002909	1526.000000	199.223493	0.830633	0.003207	0.000331	0.000316	0.006211	0.002440	1527.000000	199.223493	0.829225	0.002661	-0.000577	0.000492	0.003771	0.001328
2470	0.829533	0.001892	-0.001015	0.000142	0.002614	0.001996	1529.000000	199.223493	0.827720	0.001447	-0.000160	0.000375	0.002431	0.001783	1530.000000	199.223493	0.827064	0.001343	0.000081	0.000126	0.002315	0.001752
2473	0.828704	0.001110	-0.000321	0.000360	-0.000155	0.001730	1532.000000	199.223493	0.826563	0.002074	-0.000245	0.000791	0.000106	0.001795	1533.000000	199.223493	0.828395	0.001203	0.000558	0.000659	0.001399	0.001957
2476	0.827662	0.002495	0.000400	0.000478	0.002701	0.002445	1535.000000	199.223493	0.828453	0.001741	0.000575	0.000368	0.002257	0.001801	1536.000000	199.223493	0.829282	0.001452	0.000264	0.000202	0.001070	0.001785
2479	0.828125	0.001781	-0.000286	0.000396	0.002334	0.001964	1538.000000	199.223493	0.829167	0.001626	0.000422	0.000634	0.003491	0.002240	1539.000000	199.223493	0.832427	0.002359	-0.000643	0.000060	0.004446	0.001817
2482	0.835224	0.002213	0.001117	0.000595	0.003685	0.002053	1541.000000	199.223493	0.834124	0.002024	-0.000149	0.000417	0.004591	0.001471	1542.000000	199.223493	0.835532	0.001448	0.000081	0.000336	0.003028	0.002341
2485	0.833044	0.001155	-0.000494	0.000590	0.002016	0.001221	1544.000000	199.223493	0.831983	0.001122	0.000092	0.000349	0.001659	0.001139	1545.000000	199.223493	0.830247	0.001075	-0.000429	0.000253	0.000405	0.001564
2488	0.832407	0.001428	-0.000280	0.000354	0.000270	0.000908	1547.000000	199.223493	0.832581	0.002652	-0.000300	0.000384	-0.000434	0.001717	1548.000000	199.223493	0.833141	0.002400	-0.000152	0.000298	0.000251	0.001621
2491	0.832157	0.002504	0.001442	0.000370	0.000106	0.001991	1550.000000	199.223493	0.831192	0.002413	0.000454	0.000269	0.000125	0.001626	1551.000000	199.223493	0.832677	0.001813	0.000325	0.000132	-0.001630	0.001359
2494	0.834857	0.002127	-0.000113	0.000613	0.000695	0.001370	1553.000000	199.223493	0.832600	0.001801	-0.000172	0.000411	0.001755	0.000988	1554.000000	199.223493	0.832851	0.001186	0.000108	0.000477	0.002749	0.000860
2497	0.832273	0.001095	0.000605	0.000602	0.001775	0.000745	1556.000000	199.223493	0.834201	0.001252	0.000858	0.000794	0.001572	0.000595	1557.000000	199.223493	0.832330	0.002195	-0.000177	0.000864	0.002788	0.001517
2500	0.831192	0.002302	0.000932	0.000596	0.003897	0.002100	1559.000000	199.223493	0.829919	0.002483	0.000081	0.000744	0.003395	0.001656	1560.000000	199.223493	0.828781	0.002386	-0.000052	0.000474	0.003115	0.001574
2503	0.832465	0.002647	0.000195	0.000368	0.002286	0.001914	1562.000000	199.223493	0.833372	0.003377	-0.000229	0.000791	0.004051	0.001786	1563.000000	199.223493	0.833391	0.005011	0.000436	0.000586	0.003598	0.001524
2506	0.833449	0.004613	0.000179	0.000479	0.002286	0.001693	1565.000000	199.223493	0.833661	0.004354	0.000432	0.000694	0.001852	0.001629	1566.000000	199.223493	0.835474	0.003053	0.000559	0.000411	0.002469	0.002287
2509	0.834607	0.004342	0.000231	0.000601	0.001958	0.002512	1568.000000	199.223493	0.837307	0.003288	-0.000326	0.000215	0.001505	0.003138	1569.000000	199.223493	0.835359	0.002019	0.000220	0.000667	0.001659	0.002526
2512	0.833295	0.001359	-0.000396	0.000664	0.001910	0.002974	1571.000000	199.223493	0.830883	0.002600	0.000377	0.000547	0.002720	0.002448	1572.000000	199.223493	0.833256	0.002078	0.000540	0.000455	0.002662	0.002388
2515	0.832774	0.003041	0.000645	0.000397	0.001592	0.002152	1574.000000	199.223493	0.835513	0.002113	-0.000372	0.000857	0.000878	0.002139	1575.000000	199.223493	0.834684	0.002161	-0.000791	0.000756	0.001177	0.001706
2518	0.834780	0.002057	0.000795	0.001003	0.000251	0.001992	1577.000000	199.223493	0.833063	0.002554	-0.000489	0.000563	0.001765	0.001966	1578.000000	199.223493	0.834452	0.002131	-0.000624	0.000393	0.001061	0.002586
2521	0.835687	0.002009	0.000585	0.000548	0.001331	0.002624	1580.000000	199.223493	0.834278	0.002294	-0.000235	0.000462	0.004321	0.002783	1581.000000	199.223493	0.833044	0.002177	-0.000095	0.000158	0.003337	0.002575
2524	0.831925	0.002075	0.000412	0.000360	0.002894	0.003170	1583.000000	199.223493	0.832195	0.002145	-0.000469	0.000314	0.001302	0.003211	1584.000000	199.223493	0.833198	0.002478	0.000082	0.000487	0.002161	0.004238
2527	0.834626	0.002900	-0.000947	0.000215	0.001774	0.003188	1586.000000	199.223493	0.832581	0.002839	0.000039	0.000754	0.002778	0.002603	1587.000000	199.223493	0.832022	0.002266	-0.000031	0.000584	0.002296	0.002396
2530	0.832967	0.002368	-0.000477	0.000560	0.003251	0.002757	1589.000000	199.223493	0.832446	0.002500	-0.000869	0.000626	0.002951	0.002883	1590.000000	199.223493	0.835610	0.003445	-0.000446	0.000540	0.004601	0.002747
2533	0.835938	0.003360	-0.001298	0.000555	0.005315	0.002287	1592.000000	199.223493	0.833989	0.003439	-0.000061	0.000676	0.004659	0.001293	1593.000000	199.223493	0.832542	0.004201	-0.000133	0.000577	0.003405	0.001235
2536	0.831540	0.003116	0.000641	0.000242	0.002460	0.001295	1595.000000	199.223493	0.833449	0.002165	0.000615	0.000429	0.002488	0.000998	1596.000000	199.223493	0.831327	0.002878	0.001402	0.000990	0.004523	0.001448
2539	0.833526	0.003146	0.000776	0.000372	0.002942	0.001341	1598.000000	199.223493	0.836227	0.003780	0.000529	0.000300	0.001842	0.001744	1599.000000	199.223493	0.835995	0.003022	0.000590	0.000409	0.002006	0.001722
2542	0.836535	0.002643	0.000269	0.000478	-0.000695	0.002484	1601.000000	199.223493	0.835629	0.001307	0.000181	0.000707	0.000299	0.002005	1602.000000	199.223493	0.834722	0.002419	0.000785	0.000364	-0.000482	0.002372
2545	0.837230	0.002572	0.000796	0.000490	0.000366	0.003007	1604.000000	199.223493	0.836420	0.002627	0.000900	0.000936	0.000067	0.003539	1605.000000	199.223493	0.837423	0.001500	0.000570	0.000214	-0.000801	0.003237
2548	0.838253	0.002483	0.000800	0.000365	-0.000965	0.002283	1607.000000	199.223493	0.838272	0.001866	0.001357	0.000751	-0.000337	0.001951	1608.000000	199.223493	0.839371	0.002537	0.001424	0.000765	-0.000492	0.001923
2551	0.839062	0.002454	0.001607	0.000857	0.002286	0.001773	1610.000000	199.223493	0.838195	0.004403	0.001419	0.000501	0.003405	0.001738	1611.000000	199.223493	0.833738	0.002852	0.001405	0.000392	0.002565	0.001472
2554	0.836208	0.002787	0.000641	0.000505	0.002961	0.001476	1613.000000	199.223493	0.836362	0.002273	0.000472	0.000828	0.002768	0.001897	1614.000000	199.223493	0.834317	0.001629	0.000206	0.000848	0.001293	0.000869
2557	0.832928	0.000644	0.000369	0.000291	0.001389	0.001080	1616.000000	199.223493	0.832986	0.002494	0.000226	0.000396	-0.000492	0.000622	1617.000000	199.223493	0.832793	0.001309	0.000275	0.000818	-0.000125	0.001230
2560	0.831327	0.001509	0.000088	0.000615	-0.000029	0.000964	1619.000000	199.223493	0.836130	0.002187	-0.000990	0.000759	0.000463	0.001346	1620.000000	199.223493	0.831038	0.001892	-0.000756	0.000443	-0.000241	0.001226
2563	0.832755	0.002701	-0.000556	0.000524	-0.002344	0.001794	1622.000000	199.223493	0.831385	0.002340	0.000286	0.000628	0.001418	0.001561	1623.000000	199.223493	0.833603	0.002602	-0.000105	0.000220	0.001466	0.001570
2566	0.832600	0.001388	-0.000550	0.000885	-0.000579	0.001791	1625.000000	199.223493	0.830015	0.002811	0.000315	0.001076	0.000521	0.001781	1626.000000	199.223493	0.829321	0.002550	-0.000923	0.000479	0.000579	0.002290
2569	0.830536	0.003214	0.000330	0.000641	-0.001582	0.001937	1628.000000	199.223493	0.830324	0.002391	0.000514	0.000295	-0.001138	0.001485	1629.000000	199.223493	0.830420	0.002823	0.000627	0.000631	0.000666	0.001411
2572	0.831945	0.004961	0.000479	0.001018	0.002537	0.001924	1631.000000	199.223493	0.832658	0.005103	0.000424	0.001138	0.001100	0.001341	1632.000000	199.223493	0.832542	0.004547	0.000573	0.001048	0.001707	0.001754
2575	0.833083	0.003908	-0.000721	0.000963	0.001148	0.002428	1634.000000	199.223493	0.831906	0.003886	-0.000552	0.000943	-0.002488	0.002736	1635.000000	199.223493	0.832735	0.003306	-0.000088	0.000885	-0.001427	0.002507
2578	0.833121	0.003305	0.000708	0.000714	-0.002729	0.001454	1637.000000	199.223493	0.832350	0.004108	0.000172	0.000687	-0.002652	0.001426	1638.000000	199.223493	0.832060	0.003351	0.000038	0.000324	-0.002440	0.001155
2581	0.830536	0.003881	0.000799	0.000472	-0.002720	0.001034	1640.000000	199.223493	0.830691	0.003547	0.000233	0.000666	-0.003955	0.001784	1641.000000	199.223493	0.831462	0.004272	0.000595	0.000348	-0.003752	0.001206
2584	0.830556	0.004695	-0.000268	0.000457	-0.004215	0.002012	1643.000000	199.223493	0.831964	0.003426	-0.000927	0.000642	-0.003057	0.001614	1644.000000	199.223493	0.833951	0.003750	-0.001433	0.000230	-0.003472	0.000720
2587	0.832639	0.004326	-0.000942	0.000683	-0.004379	0.000797	1646.000000	199.223493	0.832292	0.005091	-0.001707	0.000442	-0.001697	0.000811	1647.000000	199.223493	0.830324	0.005294	-0.000571	0.000686	-0.002527	0.001008
2590	0.828086	0.004542	-0.000536	0.000406	-0.002672	0.001072	1649.000000	199.223493	0.830401	0.003929	-0.001209	0.000516	-0.003048	0.001335	1650.000000	199.223493	0.832793	0.003567	0.000003	0.000599	-0.001736	0.001334
2593	0.832986	0.001343	-0.000161	0.000380	-0.001591	0.000972	1652.000000	199.223493	0.833353	0.001791	0.000228	0.000674	-0.000646	0.000742	1653.000000	199.223493	0.834587	0.002524	0.000288	0.000390	-0.000569	0.001426
2596	0.832986	0.002769	0.000269	0.000697	-0.002209	0.001294	1655.000000	199.223493	0.832041	0.002351	0.000114	0.000312	-0.001611	0.001812	1656.000000	199.223493	0.832562	0.003475	0.000769	0.000247	-0.001611	0.002523
2599	0.833391	0.004187	0.001199	0.000318	-0.001996	0.001725	1658.000000	199.223493	0.831887	0.003722	0.000912	0.000345	-0.001591	0.001821	1659.000000	199.223493	0.829128	0.004539	-0.000057	0.000466	-0.002913	0.001331
2602	0.827218	0.004102	-0.000801	0.000296	-0.002758	0.001458	1661.000000	199.223493	0.826774	0.003442	-0.000380	0.000435	-0.002942	0.000892	1662.000000	199.223493	0.827334	0.003447	-0.000473	0.000657	-0.002199	0.001283
2605	0.827257	0.002803	0.000236	0.000475	-0.002035	0.001319	1664.000000	199.223493	0.826543	0.001567	0.000508	0.000538	-0.001784	0.001953	1665.000000	199.223493	0.828202	0.003161	-0.000521	0.000293	-0.002016	0.001964
2608	0.827392	0.001310	-0.001221	0.000480	-0.002045	0.002829	1667.000000	199.223493	0.822048	0.000765	-0.000393	0.000119	-0.000492	0.002983	1668.000000	199.223493	0.823341	0.001545	0.000356	0.000679	-0.002788	0.001795
2611	0.824749	0.000776	0.000238	0.000254	-0.001437	0.002122	1670.000000	199.223493	0.824788	0.000510	-0.000419	0.000521	-0.002951	0.002761	1671.000000	199.223493	0.826794	0.000855	0.000174	0.000167	-0.004890	0.003202
2614	0.825405	0.000967	-0.000028	0.000740	-0.005324	0.002449	1673.000000	199.223493	0.823958	0.002352	0.001055	0.000225	-0.004629	0.002290	1674.000000	199.223493	0.823746	0.003768	0.000667	0.000476	-0.003270	0.002094
2617	0.825617	0.003470	0.000288	0.000456	-0.004186	0.002658	1676.000000	199.223493	0.827006	0.003436	0.000757	0.000719	-0.003896	0.002411	1677.000000	199.223493	0.827662	0.003487	0.000913	0.000566	-0.001553	0.002598
2620	0.827296	0.003729	-0.000666	0.000501	-0.003106	0.002471	1679.000000	199.223493	0.828935	0.003486	-0.000424	0.000396	-0.003154	0.002485	1680.000000	199.223493	0.826775	0.003994	-0.001035	0.000349	-0.002093	0.002068
2623	0.830035	0.004214	-0.000826	0.000461	-0.000386	0.001745	1682.000000	199.223493	0.825559	0.003595	-0.000242	0.000457	-0.001572	0.001755	1683.000000	199.223493	0.826389	0.003291	-0.000370	0.000112	-0.002045	0.000847
2626	0.828935	0.002425	-0.000611	0.000542	-0.001505	0.002274	1685.000000	199.223493	0.831424	0.001401	-0.000277	0.000323	-0.002324	0.001425	1686.000000	199.223493	0.829938	0.001537	0.000268	0.000466	-0.001456	0.001806
2629	0.828954	0.002747	-0.000301	0.000869	-0.000598	0.002598	1688.000000	199.223493	0.829070	0.002495	-0.000441	0.000631	-0.001727	0.002315	1689.000000	199.223493	0.828144	0.002759	0.000347	0.000428	-0.001958	0.002786
2632	0.828588	0.002706	-0.000425	0.000281	-0.001360	0.001841	1691.000000	199.223493	0.826099	0.002836	-0.001106	0.000624	-0.003800	0.002084	1692.000000	199.223493	0.828492	0.002862	0.000257	0.000340	-0.003964	0.002301
2635	0.829051	0.002429	0.000262	0.000514	-0.005285	0.001691	1694.000000	199.223493	0.824865	0.003315	-0.000154	0.000382	-0.004919	0.001493	1695.000000	199.223493	0.825849	0.004111	-0.001060	0.000526	-0.004080	0.001789
2638	0.825116	0.003313	0.000627	0.000139	-0.003675	0.002006	1697.000000	199.223493	0.824209	0.002524	0.000267	0.000606	-0.005199	0.001845	1698.000000	199.223493	0.826678	0.001752	0.000999	0.000209	-0.006790	0.002002
2641	0.828086	0.001713	0.000787	0.000416	-0.004090	0.002222	1700.000000	199.223493	0.827508	0.002053	0.000998	0.000512	-0.002460	0.000965	1701.000000	199.223493	0.831809	0.002784	0.000869	0.000379	-0.003482	0.001601
2644	0.833951	0.002676	0.000182	0.000358	-0.003800	0.001617	1703.000000	199.223493	0.833140	0.002476	0.000147	0.000559	-0.002402	0.001241	1704.000000	199.223493	0.832099	0.002114	-0.000784	0.000432	-0.003955	0.001382
2647	0.833159	0.001353	-0.000743	0.000703	-0.001862	0.000874	1706.000000	199.223493	0.837442	0.001830	0.000177	0.000552	-0.002691	0.002166	1707.000000	199.223493	0.835648	0.001431	0.000075	0.000973	-0.002508	0.002146
2650	0.834182	0.000920	-0.000238	0.000871	-0.000868	0.003106	1709.000000	199.223493	0.833931	0.001171	0.000527	0.000812	-0.000357	0.002725	1710.000000	199.223493	0.833873	0.001344	0.000554	0.000515	-0.000318	0.002592
2653	0.834259	0.002333	-0.000568	0.000657	0.001312	0.002574	1712.000000	199.223493	0.832890	0.003145	0.000100	0.000334	0.002749	0.001659	1713.000000	199.223493	0.834028	0.003052	0.000863	0.000942	0.001794	0.001731
2656	0.833661	0.002917	0.000399	0.000363	0.003588	0.001933	1715.000000	199.223493	0.833006	0.001858	-0.000064	0.000208	0.002131	0.001901	1716.000000	199.223493	0.834375	0.002250	0.000716	0.000692	0.001225	0.001712
2659	0.831828	0.002072	0.000429	0.000416	0.003000	0.001034	1718.000000	199.223493	0.833738	0.001697	0.000273	0.000634	0.002739	0.001324	1719.000000	199.223493	0.832967	0.001820	0.000989	0.000394	0.001457	0.000665
2662	0.831578	0.001843	0.000546	0.000653	0.001611	0.001409	1721.000000	199.223493	0.831887	0.001070	-0.000083	0.000566	0.001910	0.001395	1722.000000	199.223493	0.830517	0.002183	0.000423	0.000310	0.002045	0.001341
2665	0.834375	0.001823	0.000393	0.000408	0.002315	0.001443	1724.000000	199.223493	0.833700	0.003211	0.000058	0.000285	0.002440	0.001723	1725.000000	199.223493	0.833642	0.002287	-0.001587	0.000255	0.002604	0.000983
2668	0.832947	0.002481	-0.000946	0.000658	0.002296	0.000940	1727.000000	199.223493	0.832986	0.001567	-0.000983	0.000769	0.002768	0.001399	1728.000000	199.223493	0.832311	0.002517	-0.000227	0.000992	0.002431	0.001291
2671	0.832947	0.002219	-0.000089	0.000838	0.001302	0.001011	1730.000000	199.223493	0.834375	0.002957	0.000711	0.000381	-0.001100	0.001206	1731.000000	199.223493	0.833025	0.002447	0.000527	0.000583	-0.000280	0.001203
2674	0.830768	0.002912	0.000169	0.000444	0.000897	0.001468	1733.000000	199.223493	0.830748	0.003117	-0.000191	0.000386	0.001109	0.001941	1734.000000	199.223493	0.832890	0.001982	0.000096	0.000692	0.000116	0.002233
2677	0.831520	0.002216	-0.000064	0.000415	-0.000945	0.002506	1736.000000	199.223493	0.830170	0.001679	0.000211	0.000614	-0.002064	0.002934	1737.000000	199.223493	0.830594	0.001526	0.001040	0.000387	-0.001428	0.001806
2680	0.828974	0.002625	-0.000474	0.000543	-0.000685	0.001804	1739.000000	199.223493	0.830556	0.002870	-0.000278	0.000150	0.000203	0.001622	1740.000000	199.223493	0.827353	0.004521	-0.000453	0.000649	-0.001505	0.001285
2683	0.827141	0.002879	-0.000317	0.000406	0.000473	0.001573	1742.000000	199.223493	0.826158	0.001450	-0.000569	0.000410	-0.001225	0.001334	1743.000000	199.223493	0.826389	0.002347	0.000376	0.000581	-0.001100	0.000940
2686	0.830401	0.003501	0.000131	0.000569	-0.001119	0.001147	1745.000000	199.223493	0.828125	0.003439	-0.000045	0.000414	0.000800	0.001313	1746.000000	199.223493	0.829417	0.003572	0.000025	0.000549	0.000781	0.001436
2689	0.829880	0.003034	-0.000872	0.000475	0.000472	0.001778	1748.000000	199.223493	0.833140	0.003860	0.000229	0.000458	0.002662	0.001833	1749.000000	199.223493	0.831790	0.004148	-0.000842	0.000399	-0.000588	0.001317
2692	0.832851	0.004292	-0.000081	0.000543	-0.001746	0.001644	1751.000000	199.223493	0.834298	0.003812	0.000322	0.000421	0.000058	0.001148	1752.000000	199.223493	0.832022	0.003652	0.001407	0.000860	0.000125	0.001619
2695	0.831482	0.002995	0.001440	0.000596	-0.001013	0.000977	1754.000000	199.223493	0.832909	0.002093	0.000573	0.000657	-0.001244	0.000836	1755.000000	199.223493	0.836034	0.002601	0.000128	0.000535	-0.001611	0.001485
2698	0.834549	0.003836	0.001527	0.000672	-0.000502	0.001820	1757.000000	199.223493	0.834086	0.002815	-0.000092	0.000824	-0.001611	0.001653	1758.000000	199.223493	0.835320	0.002684	-0.000551	0.000586	-0.001022	0.001270
2701	0.836940	0.002644	-0.001068	0.000587	-0.001476	0.000771	1760.000000	199.223493	0.835937	0.002710	-0.000545	0.000231	-0.001109	0.001102	1761.000000	199.223493	0.832870	0.002420	-0.000001	0.000474	-0.000617	0.001689
2704	0.832793	0.002118	-0.000130	0.000248	-0.002517	0.001595	1763.000000	199.223493	0.831867	0.002844	0.000659	0.000606	-0.000627	0.001216	1764.000000	199.223493	0.830555	0.002095	0.000177	0.000355	-0.001109	0.001283
2707	0.830420	0.002955	-0.000246	0.000590	0.000106	0.001242	1766.000000	199.223493	0.832041	0.003172	-0.000851	0.000896	-0.001090	0.002102	1767.000000	199.223493	0.828665	0.003731	-0.001027	0.000503	-0.001842	0.000898
2710	0.827026	0.003270	-0.001128	0.000969	-0.001775	0.001426	1769.000000	199.223493	0.827180	0.003502	-0.000123	0.000523	-0.003501	0.000990	1770.000000	199.223493	0.828183	0.003723	-0.000468	0.000408	-0.005247	0.000985
2713	0.828569	0.003191	-0.000165	0.000669	-0.002315	0.002021	1772.000000	199.223493	0.828221	0.003324	-0.000148	0.000536	-0.003752	0.002441	1773.000000	199.223493	0.828530	0.002567	0.000414	0.000634	-0.002199	0.002857
2716	0.830999	0.001896	-0.000018	0.000339	-0.000743	0.001723	1775.000000	199.223493	0.830189	0.002343	-0.000527	0.000107	-0.000241	0.002638	1776.000000	199.223493	0.830613	0.001812	-0.000763	0.000623	0.000222	0.002597
2719	0.830421	0.003037	-0.000577	0.000392	-0.002604	0.002408	1778.000000	199.223493	0.829938	0.002512	0.000216	0.000888	-0.003472	0.002467	1779.000000	199.223493	0.831732	0.002905	-0.000162	0.000708	-0.003279	0.002662
2722	0.831211	0.002987	0.000530	0.000570	-0.006048	0.002939	1781.000000	199.223493	0.832022	0.003091	0.000008	0.000468	-0.005266	0.002852	1782.000000	199.223493	0.831732	0.003315	0.000642	0.000351	-0.004350	0.003520
2725	0.831404	0.002532	0.001190	0.000498	-0.004861	0.003112	1784.000000	199.223493	0.830806	0.003130	0.000424	0.000605	-0.003183	0.003641	1785.000000	199.223493	0.834047	0.002864	0.000056	0.000479	-0.003347	0.002556
2728	0.832581	0.001232	-0.000234	0.000474	-0.004263	0.002880	1787.000000	199.223493	0.831096	0.001486	0.000283	0.000211	-0.003646	0.002651	1788.000000	199.223493	0.829842	0.002760	-0.000405	0.000382	-0.002758	0.002076
2731	0.827546	0.002714	-0.000013	0.000382	-0.002614	0.002435	1790.000000	199.223493	0.825309	0.003604	-0.000128	0.000325	-0.002700	0.002189	1791.000000	199.223493	0.828202	0.004882	0.000298	0.000423	-0.003771	0.002382
2734	0.828607	0.004439	0.000543	0.000460	-0.003559	0.002850	1793.000000	199.223493	0.827566	0.004888	0.000938	0.000710	-0.001505	0.002448	1794.000000	199.223493	0.828009	0.004352	0.000385	0.000563	-0.001321	0.002262
2737	0.829012	0.003750	-0.000459	0.000308	-0.002566	0.002744	1796.000000	199.223493	0.828839	0.003075	-0.000145	0.000188	-0.002344	0.002990	1797.000000	199.223493	0.828067	0.002747	0.000250	0.000207	-0.001032	0.001935
2740	0.827739	0.004515	0.000531	0.000475	-0.000270	0.002710	1799.000000	199.223493	0.827276	0.004415	0.000431	0.000327	0.001437	0.002708	1800.000000	199.223493	0.826254	0.003832	-0.000636	0.000491	0.000897	0.001413
2743	0.827315	0.001935	-0.000117	0.000669	0.003472	0.001122	1802.000000	199.223493	0.833488	0.001912	-0.000030	0.001056	0.003125	0.001950	1803.000000	199.223493	0.831269	0.003241	0.000386	0.000418	0.003607	0.001115
2746	0.830285	0.002670	-0.000142	0.000282	0.005334	0.001580	1805.000000	199.223493	0.830556	0.002726	-0.000574	0.001081	0.004061	0.001139	1806.000000	199.223493	0.831076	0.002672	-0.000440	0.000645	0.001678	0.000492
2749	0.833565	0.001975	-0.000443	0.000210	0.000077	0.000476	1808.000000	199.223493	0.829186	0.001757	0.000356	0.000299	0.000714	0.001319	1809.000000	199.223493	0.829957	0.001647	0.000128	0.000367	0.002267	0.001177
2752	0.831539	0.001173	0.000046	0.000979	0.002248	0.000480	1811.000000	199.223493	0.829167	0.002418	-0.000346	0.000218	0.000357	0.001209	1812.000000	199.223493	0.828839	0.004071	-0.000624	0.000657	-0.000772	0.000857
2755	0.829861	0.003843	0.000604	0.000435	-0.000260	0.000834	1814.000000	199.223493	0.832620	0.002640	0.000091	0.000541	0.000077	0.001454	1815.000000	199.223493	0.830922	0.004079	0.000182	0.000431	-0.000367	0.001835
2758	0.830074	0.003849	0.000227	0.000437	-0.001659	0.002556	1817.000000	199.223493	0.829688	0.003456	-0.000557	0.000462	-0.002141	0.002211	1818.000000	199.223493	0.831424	0.003364	0.000429	0.000597	-0.002170	0.002103
2761	0.832504	0.003034	-0.000716	0.000471	-0.001997	0.002110	1820.000000	199.223493	0.831192	0.003249	-0.000641	0.000316	-0.001254	0.001949	1821.000000	199.223493	0.830690	0.002689	0.000848	0.000685	0.001456	0.001549
2764	0.831578	0.001382	0.000262	0.000543	0.002141	0.001193	1823.000000	199.223493	0.828125	0.000822	0.000515	0.000488	0.003800	0.001371	1824.000000	199.223493	0.830498	0.003142	0.000229	0.000260	0.001746	0.001583
2767	0.830285	0.003217	0.000610	0.000736	0.003183	0.001916	1826.000000	199.223493	0.830961	0.002291	-0.000069	0.000693	0.005488	0.001018	1827.000000	199.223493	0.829861	0.002088	0.000346	0.000893	0.005073	0.001858
2770	0.828299	0.003448	0.000140	0.000334	0.004388	0.001274	1829.000000	199.223493	0.826408	0.002616	0.000614	0.000658	0.005980	0.001664	1830.000000	199.223493	0.826100	0.003857	-0.000673	0.000362	0.005256	0.001441
2773	0.825907	0.002512	-0.000169	0.000275	0.005314	0.001039	1832.000000	199.223493	0.826871	0.002833	0.000575	0.000357	0.004852	0.001895	1833.000000	199.223493	0.828916	0.003512	0.000433	0.000698	0.005372	0.001391
2776	0.829205	0.002630	-0.000137	0.000745	0.004794	0.001324	1835.000000	199.223493	0.831076	0.001137	-0.000610	0.000466	0.006935	0.001892	1836.000000	199.223493	0.830382	0.002003	-0.001084	0.000365	0.006694	0.001604
2779	0.831096	0.002529	0.000925	0.000463	0.005787	0.002137	1838.000000	199.223493	0.832523	0.003361	0.000364	0.000472	0.006404	0.002214	1839.000000	199.223493	0.831231	0.001480	-0.000542	0.000607	0.005681	0.002065
2782	0.830208	0.003040	-0.000227	0.000572	0.006163	0.002575	1841.000000	199.223493	0.830594	0.003194	0.000733	0.000265	0.005999	0.002578	1842.000000	199.223493	0.828318	0.002194	0.000512	0.000980	0.003173	0.001721
2785	0.829437	0.001834	-0.000202	0.000616	0.001910	0.002265	1844.000000	199.223493	0.828781	0.002077	-0.000131	0.000388	0.002980	0.001401	1845.000000	199.223493	0.827932	0.002012	-0.000364	0.000434	0.002479	0.001646
2788	0.829938	0.002132	-0.000043	0.000349	0.000656	0.001194	1847.000000	199.223493	0.827778	0.002954	0.000244	0.000722	0.000984	0.001317	1848.000000	199.223493	0.830806	0.002938	0.000091	0.000843	0.003250	0.001119
2791	0.829514	0.003570	-0.000005	0.000635	0.004398	0.001726	1850.000000	199.223493	0.829977	0.003046	0.000054	0.000560	0.003617	0.001225	1851.000000	199.223493	0.831790	0.003433	-0.000664	0.000723	0.002353	0.001490
2794	0.830903	0.002968	-0.000562	0.000396	0.003299	0.001512	1853.000000	199.223493	0.832562	0.001942	0.000032	0.000853	0.004099	0.001856	1854.000000	199.223493	0.833854	0.002451	-0.001053	0.000324	0.005517	0.000931
2797	0.836015	0.002239	0.000747	0.000690	0.004099	0.001808	1856.000000	199.223493	0.834857	0.002052	-0.000215	0.000426	0.003858	0.001956	1857.000000	199.223493	0.834548	0.001074	-0.000186	0.000350	0.003723	0.001906
2800	0.832002	0.000482	-0.000009	0.000510	0.002614	0.000722	1859.000000	199.223493	0.831269	0.001107	0.000248	0.000335	0.001244	0.001485	1860.000000	199.223493	0.829205	0.000463	-0.000189	0.000353	0.000926	0.001325
2803	0.832465	0.001420	0.000008	0.000516	0.000617	0.000689	1862.000000	199.223493	0.831983	0.002516	-0.000347	0.000375	0.000366	0.001635	1863.000000	199.223493	0.832176	0.002180	-0.000348	0.000333	0.001148	0.001161
2806	0.832330	0.002570	0.001285	0.000442	0.000492	0.001827	1865.000000	199.223493	0.831752	0.002598	-0.000109	0.000445	0.000521	0.001431	1866.000000	199.223493	0.832890	0.001885	0.000211	0.000176	-0.001061	0.001127
2809	0.833333	0.002213	0.000338	0.000525	0.001524	0.000941	1868.000000	199.223493	0.829823	0.002541	-0.000259	0.000407	0.002180	0.000764	1869.000000	199.223493	0.830903	0.001779	0.000403	0.000408	0.002759	0.000857
2812	0.831540	0.001510	0.000623	0.000598	0.000270	0.001366	1871.000000	199.223493	0.831887	0.003012	0.000965	0.000812	0.000801	0.001031	1872.000000	199.223493	0.832099	0.002238	0.000182	0.000897	0.000396	0.001286
2815	0.830941	0.002306	0.001624	0.000619	0.001051	0.001771	1874.000000	199.223493	0.829958	0.002481	0.001033	0.000751	0.001408	0.001744	1875.000000	199.223493	0.827392	0.002194	0.000190	0.000513	0.001668	0.002250
2818	0.832427	0.002659	0.000640	0.000505	0.001225	0.002246	1877.000000	199.223493	0.832562	0.003632	-0.000554	0.000605	0.001726	0.002092	1878.000000	199.223493	0.834414	0.004788	0.000644	0.000507	0.001948	0.001802
2821	0.834375	0.004455	-0.000000	0.000491	-0.000328	0.001432	1880.000000	199.223493	0.833526	0.004372	0.000376	0.000699	-0.000347	0.001222	1881.000000	199.223493	0.833680	0.003265	0.000365	0.000524	0.000125	0.002040
2824	0.835108	0.004298	0.000198	0.000614	-0.001080	0.002087	1883.000000	199.223493	0.834471	0.004386	-0.000721	0.000289	-0.001292	0.002331	1884.000000	199.223493	0.833391	0.003074	-0.000626	0.000289	0.000135	0.002159
2827	0.830903	0.003131	-0.000861	0.000456	0.000579	0.002754	1886.000000	199.223493	0.830324	0.002735	0.000020	0.000387	0.001659	0.002321	1887.000000	199.223493	0.833449	0.001907	0.000613	0.000475	0.002083	0.002430
2830	0.834683	0.001937	0.000263	0.000542	0.000743	0.002275	1889.000000	199.223493	0.835108	0.002328	-0.000199	0.000822	-0.000453	0.002303	1890.000000	199.223493	0.832678	0.002904	-0.000292	0.000798	-0.001331	0.002161
2833	0.832388	0.003193	0.001051	0.000948	-0.001563	0.002081	1892.000000	199.223493	0.831944	0.003050	-0.000446	0.000570	-0.001022	0.001982	1893.000000	199.223493	0.831945	0.003240	-0.000426	0.000388	0.000039	0.002696
2836	0.833372	0.003157	0.000707	0.000536	-0.000714	0.003057	1895.000000	199.223493	0.834433	0.002271	-0.000170	0.000476	0.000859	0.003488	1896.000000	199.223493	0.832485	0.002190	0.000023	0.000071	-0.000386	0.003584
2839	0.832021	0.002053	0.000299	0.000404	-0.000559	0.002978	1898.000000	199.223493	0.830575	0.002338	0.000013	0.000532	-0.002160	0.002297	1899.000000	199.223493	0.831771	0.002283	0.000514	0.000511	-0.001659	0.003722
2842	0.833005	0.002339	0.000102	0.000879	-0.002421	0.002793	1901.000000	199.223493	0.831250	0.001985	0.000013	0.000742	-0.001534	0.002688	1902.000000	199.223493	0.830961	0.001917	-0.000311	0.000496	-0.002459	0.003296
2845	0.831829	0.002152	-0.000382	0.000516	-0.002353	0.004199	1904.000000	199.223493	0.830729	0.001852	0.000145	0.000420	-0.001611	0.003521	1905.000000	199.223493	0.833642	0.002886	-0.000648	0.000639	-0.000482	0.003375
2848	0.835301	0.003246	-0.001054	0.000618	0.001350	0.002160	1907.000000	199.223493	0.832793	0.003368	-0.000345	0.000616	0.001379	0.002149	1908.000000	199.223493	0.831867	0.004141	-0.001229	0.000968	0.000453	0.002104
2851	0.831038	0.002907	0.000887	0.000344	0.000241	0.002651	1910.000000	199.223493	0.833545	0.002182	0.000951	0.000275	-0.000260	0.002852	1911.000000	199.223493	0.831713	0.002782	0.001551	0.000969	0.002450	0.003100
2854	0.834510	0.003118	0.000889	0.000344	0.001775	0.002160	1913.000000	199.223493	0.836921	0.003707	0.000495	0.000296	0.000145	0.002668	1914.000000	199.223493	0.836111	0.002997	0.000356	0.000396	0.000984	0.002177
2857	0.838619	0.001962	-0.000208	0.000254	-0.001794	0.002748	1916.000000	199.223493	0.836940	0.000816	-0.000495	0.000536	0.000367	0.001967	1917.000000	199.223493	0.837095	0.001273	0.000284	0.000450	-0.000087	0.002176
2860	0.838715	0.001413	0.001270	0.000379	0.000347	0.003013	1919.000000	199.223493	0.837886	0.001923	0.001091	0.000847	-0.000444	0.003662	1920.000000	199.223493	0.836767	0.001868	0.001027	0.000473	-0.001244	0.003448
2863	0.836246	0.003714	0.000668	0.000343	-0.001456	0.002562	1922.000000	199.223493	0.836728	0.002965	0.001132	0.000709	-0.002951	0.003449	1923.000000	199.223493	0.837384	0.003874	0.000812	0.000774	-0.001717	0.002698
2866	0.839082	0.002446	0.002021	0.000641	0.000193	0.003034	1925.000000	199.223493	0.837963	0.004472	0.000976	0.000611	0.002681	0.002229	1926.000000	199.223493	0.834394	0.002613	0.001446	0.000400	0.001003	0.002322
2869	0.835745	0.003086	0.000400	0.000591	0.001379	0.002669	1928.000000	199.223493	0.835725	0.002664	0.000133	0.000834	0.001572	0.002674	1929.000000	199.223493	0.833025	0.002121	-0.000156	0.000919	0.000598	0.001436
2872	0.831655	0.000904	0.000158	0.000321	0.000936	0.001442	1931.000000	199.223493	0.830961	0.002405	0.000078	0.000501	-0.001813	0.001642	1932.000000	199.223493	0.831288	0.001756	0.000037	0.000828	-0.001649	0.002142
2875	0.829244	0.001694	0.000106	0.000618	-0.000752	0.001316	1934.000000	199.223493	0.833951	0.002357	-0.001019	0.000754	-0.001804	0.001787	1935.000000	199.223493	0.830151	0.002305	-0.000357	0.000416	-0.001861	0.000691
2878	0.832176	0.002977	-0.000533	0.000533	-0.004012	0.001071	1937.000000	199.223493	0.830285	0.002792	0.000110	0.000638	0.000540	0.001629	1938.000000	199.223493	0.831694	0.003249	0.000043	0.000174	0.000781	0.001505
2881	0.831057	0.002233	-0.000703	0.000898	-0.001678	0.001909	1940.000000	199.223493	0.828626	0.002727	-0.000471	0.000676	0.000386	0.001802	1941.000000	199.223493	0.827006	0.002054	-0.001226	0.000465	0.000376	0.002331
2884	0.827508	0.001940	-0.000580	0.000723	-0.001234	0.001941	1943.000000	199.223493	0.829263	0.002067	0.000269	0.000319	-0.001572	0.001411	1944.000000	199.223493	0.827508	0.002766	0.000158	0.000355	0.000280	0.001493
2887	0.827681	0.003731	-0.000066	0.000675	0.001206	0.001994	1946.000000	199.223493	0.827469	0.004307	-0.000309	0.000555	0.000125	0.001377	1947.000000	199.223493	0.828337	0.003915	-0.000310	0.000769	0.000926	0.001629
2890	0.829244	0.003983	-0.001119	0.000828	0.000588	0.002439	1949.000000	199.223493	0.829938	0.004104	-0.000020	0.001161	-0.001929	0.002848	1950.000000	199.223493	0.830015	0.002958	0.000953	0.001059	-0.002363	0.002324
2893	0.830305	0.003358	0.000490	0.000646	-0.002604	0.001448	1952.000000	199.223493	0.829302	0.004304	0.000017	0.000670	-0.002161	0.001483	1953.000000	199.223493	0.827161	0.003658	-0.000433	0.000243	-0.002691	0.001156
2896	0.827489	0.003417	0.001144	0.000298	-0.001572	0.001274	1955.000000	199.223493	0.829572	0.003390	-0.000180	0.000504	-0.003800	0.001833	1956.000000	199.223493	0.830421	0.004090	0.000681	0.000287	-0.002903	0.001383
2899	0.829784	0.004749	-0.000780	0.000332	-0.003424	0.001903	1958.000000	199.223493	0.830961	0.003367	-0.000439	0.000454	-0.001948	0.001616	1959.000000	199.223493	0.831906	0.004100	-0.000695	0.000760	-0.003260	0.000845
2902	0.831462	0.004237	0.000122	0.000472	-0.004138	0.000819	1961.000000	199.223493	0.831462	0.005052	-0.001301	0.000493	-0.002430	0.001234	1962.000000	199.223493	0.829572	0.005278	-0.000388	0.000740	-0.003733	0.000736
2905	0.827546	0.004415	-0.000118	0.000656	-0.003241	0.001208	1964.000000	199.223493	0.829147	0.003612	-0.001362	0.000454	-0.003057	0.001335	1965.000000	199.223493	0.830227	0.002066	0.000237	0.000525	-0.002720	0.001275
2908	0.831018	0.001231	-0.000248	0.000381	-0.002276	0.001096	1967.000000	199.223493	0.832639	0.001498	0.000253	0.000670	-0.002267	0.001124	1968.000000	199.223493	0.832928	0.001858	0.000851	0.000446	-0.000231	0.001243
2911	0.832137	0.002462	0.000385	0.000668	-0.001939	0.001180	1970.000000	199.223493	0.831327	0.002215	0.000034	0.000335	-0.001283	0.001675	1971.000000	199.223493	0.831925	0.003215	0.000166	0.000376	-0.001659	0.002520
2914	0.830131	0.002497	0.000618	0.000475	-0.001861	0.001709	1973.000000	199.223493	0.829533	0.002492	0.000393	0.000164	-0.000540	0.001943	1974.000000	199.223493	0.826408	0.002989	-0.000416	0.000323	-0.002161	0.001489
2917	0.825598	0.003186	-0.000636	0.000382	-0.002430	0.001576	1976.000000	199.223493	0.825771	0.002823	-0.000385	0.000433	-0.002951	0.000892	1977.000000	199.223493	0.825907	0.002418	-0.001275	0.000492	-0.002112	0.001320
2920	0.826543	0.002246	-0.000681	0.000728	-0.001582	0.001329	1979.000000	199.223493	0.827681	0.002566	-0.000369	0.000615	-0.001852	0.001935	1980.000000	199.223493	0.828222	0.003176	-0.000352	0.000221	-0.002160	0.001917
2923	0.829167	0.002489	-0.000246	0.000489	-0.002324	0.002742	1982.000000	199.223493	0.824402	0.002561	0.000149	0.000479	-0.001688	0.002722	1983.000000	199.223493	0.826659	0.002118	0.000224	0.000612	-0.001833	0.001996
2926	0.826562	0.000886	0.000042	0.000296	-0.000424	0.002130	1985.000000	199.223493	0.826022	0.001392	0.000403	0.000573	-0.001138	0.002789	1986.000000	199.223493	0.828974	0.001683	0.000549	0.000356	-0.003511	0.003116
2929	0.827122	0.001942	-0.000128	0.000747	-0.003443	0.002517	1988.000000	199.223493	0.826775	0.002627	0.000896	0.000221	-0.004543	0.002303	1989.000000	199.223493	0.826427	0.002790	0.000401	0.000479	-0.001900	0.002447
2932	0.828163	0.002202	-0.000270	0.000470	-0.001755	0.003507	1991.000000	199.223493	0.830189	0.002731	0.000200	0.000802	-0.002131	0.002857	1992.000000	199.223493	0.831173	0.001889	0.000332	0.000420	0.000540	0.002697
2935	0.831077	0.002334	-0.000464	0.000660	-0.002160	0.002709	1994.000000	199.223493	0.832755	0.002776	-0.000452	0.000383	-0.003144	0.002485	1995.000000	199.223493	0.832446	0.003547	-0.000958	0.000413	-0.002566	0.001953
2938	0.834336	0.002208	-0.000703	0.000473	0.000222	0.001853	1997.000000	199.223493	0.830768	0.003775	-0.000006	0.000577	-0.000887	0.001721	1998.000000	199.223493	0.830324	0.003716	-0.000481	0.000149	-0.001090	0.000650
2941	0.833237	0.003188	-0.000019	0.000364	-0.000106	0.001450	2000.000000	199.223493	0.833758	0.002438	0.000141	0.000222	-0.001611	0.001210	2001.000000	199.223493	0.831829	0.002351	0.000161	0.000510	-0.001032	0.001674
2944	0.827469	0.001841	0.000225	0.000885	-0.000444	0.002520	2003.000000	199.223493	0.826852	0.001190	-0.000686	0.000535	-0.001071	0.002058	2004.000000	199.223493	0.827103	0.001894	-0.000571	0.000528	-0.000405	0.001615
2947	0.827816	0.002146	-0.000484	0.000286	-0.001196	0.001720	2006.000000	199.223493	0.825135	0.002449	-0.001384	0.000506	-0.003289	0.001746	2007.000000	199.223493	0.829167	0.003145	0.000303	0.000346	-0.003916	0.002275
2950	0.828897	0.002386	0.000662	0.000719	-0.005324	0.001720	2009.000000	199.223493	0.824441	0.003179	-0.000058	0.000467	-0.005507	0.001863	2010.000000	199.223493	0.825849	0.004111	-0.000298	0.001135	-0.005237	0.002513
2953	0.826582	0.004124	0.000851	0.000257	-0.004215	0.002322	2012.000000	199.223493	0.826621	0.004012	0.001329	0.000544	-0.005941	0.002019	2013.000000	199.223493	0.829263	0.003164	0.001167	0.000248	-0.008276	0.002071
2956	0.829610	0.002764	0.001110	0.000403	-0.005276	0.002651	2015.000000	199.223493	0.830382	0.003602	0.001090	0.000534	-0.005151	0.002285	2016.000000	199.223493	0.832851	0.003172	0.000715	0.000365	-0.005816	0.002310
2959	0.833526	0.002413	0.000067	0.000446	-0.005372	0.002144	2018.000000	199.223493	0.833893	0.002814	0.000271	0.000541	-0.003704	0.001597	2019.000000	199.223493	0.833333	0.003089	-0.000368	0.000624	-0.004784	0.000954
2962	0.835320	0.002591	-0.001222	0.000706	-0.002759	0.000973	2021.000000	199.223493	0.837404	0.001804	-0.000412	0.000679	-0.003810	0.001887	2022.000000	199.223493	0.835397	0.001297	-0.001205	0.000665	-0.003916	0.001797
2965	0.833681	0.000993	-0.001455	0.000430	-0.002971	0.003127	2024.000000	199.223493	0.834356	0.001118	0.000059	0.000658	-0.002575	0.002738	2025.000000	199.223493	0.835494	0.000964	-0.000456	0.000602	-0.002739	0.002554
2968	0.835552	0.002226	-0.000541	0.000658	-0.001012	0.002796	2027.000000	199.223493	0.834529	0.002708	0.000325	0.000251	0.000010	0.002677	2028.000000	199.223493	0.835089	0.002914	0.001181	0.000939	-0.000762	0.002094
2971	0.835745	0.002400	0.000322	0.000373	0.000849	0.002090	2030.000000	199.223493	0.834800	0.002240	0.000092	0.000296	0.000588	0.001687	2031.000000	199.223493	0.837249	0.002245	0.001117	0.000498	-0.000125	0.001775
2974	0.834683	0.001871	0.000683	0.000364	0.002344	0.001130	2033.000000	199.223493	0.834877	0.001741	0.000948	0.000627	0.002489	0.001337	2034.000000	199.223493	0.833372	0.001958	0.001101	0.000449	0.000801	0.000845
2977	0.832388	0.002036	-0.000066	0.000689	0.000299	0.001904	2036.000000	199.223493	0.832986	0.001299	-0.000335	0.000393	0.001119	0.001711	2037.000000	199.223493	0.829764	0.002205	0.000045	0.000299	0.000984	0.001516
2980	0.832581	0.002537	0.000646	0.000240	0.002045	0.001538	2039.000000	199.223493	0.833430	0.003291	-0.000034	0.000349	0.001167	0.002202	2040.000000	199.223493	0.832504	0.002716	-0.001091	0.000426	0.002479	0.001046
2983	0.832928	0.002493	-0.000461	0.000627	0.002720	0.000723	2042.000000	199.223493	0.829668	0.003023	-0.000008	0.000655	0.002922	0.001372	2043.000000	199.223493	0.827527	0.003066	-0.000039	0.000973	0.002344	0.001328
2986	0.829302	0.003530	-0.000479	0.000612	0.001726	0.000889	2045.000000	199.223493	0.831076	0.002761	0.000435	0.000257	-0.000984	0.001237	2046.000000	199.223493	0.831096	0.002237	0.000344	0.000563	0.000337	0.001362
2989	0.828646	0.002890	0.000331	0.000378	0.001659	0.001252	2048.000000	199.223493	0.829977	0.003165	-0.000081	0.000383	0.002305	0.002237	2049.000000	199.223493	0.831964	0.002168	-0.000691	0.000766	0.000550	0.002326
2992	0.831964	0.002138	-0.000836	0.000361	-0.001649	0.002142	2051.000000	199.223493	0.830228	0.001676	-0.000265	0.000662	-0.001080	0.003478	2052.000000	199.223493	0.830652	0.001528	0.000903	0.000388	-0.000926	0.002064
2995	0.830035	0.002547	-0.000210	0.000462	-0.001302	0.001580	2054.000000	199.223493	0.832099	0.002707	-0.000733	0.000335	-0.000058	0.001510	2055.000000	199.223493	0.826736	0.004555	0.000043	0.000359	-0.001649	0.001184
2998	0.826929	0.002862	0.000041	0.000467	-0.000714	0.001006	2057.000000	199.223493	0.827836	0.002046	0.000121	0.000709	-0.001264	0.001320	2058.000000	199.223493	0.829417	0.003018	0.000817	0.000651	0.000096	0.000945
3001	0.832407	0.004083	0.000384	0.000499	-0.000125	0.000929	2060.000000	199.223493	0.829456	0.003944	-0.000352	0.000342	0.000019	0.001402	2061.000000	199.223493	0.828627	0.003387	0.000116	0.000533	0.000357	0.001472
3004	0.831366	0.003488	-0.000961	0.000413	-0.000174	0.001839	2063.000000	199.223493	0.832041	0.003639	-0.000291	0.000440	0.000993	0.001897	2064.000000	199.223493	0.832311	0.004182	-0.000246	0.000545	-0.001071	0.001348
3007	0.834529	0.004230	0.000015	0.000570	-0.001167	0.001794	2066.000000	199.223493	0.834124	0.003840	0.000516	0.000500	0.001476	0.001584	2067.000000	199.223493	0.831810	0.003700	0.002008	0.000640	0.001041	0.001997
3010	0.830324	0.003202	0.001280	0.000705	-0.000328	0.001452	2069.000000	199.223493	0.833276	0.001842	0.000827	0.000529	-0.000627	0.001225	2070.000000	199.223493	0.837230	0.002008	0.000192	0.000491	-0.000984	0.001626
3013	0.837249	0.002032	0.001506	0.000676	-0.000222	0.001877	2072.000000	199.223493	0.836613	0.001320	-0.000027	0.000835	-0.000617	0.002002	2073.000000	199.223493	0.835667	0.002451	-0.000699	0.000602	-0.000424	0.001301
3016	0.837770	0.002171	-0.000774	0.000708	-0.000926	0.000995	2075.000000	199.223493	0.835320	0.002808	-0.000236	0.000313	-0.001148	0.001072	2076.000000	199.223493	0.833816	0.002482	0.000156	0.000410	-0.000357	0.001854
3019	0.834838	0.001818	-0.000232	0.000271	-0.001948	0.002076	2078.000000	199.223493	0.834182	0.001737	0.000626	0.000625	-0.000289	0.001501	2079.000000	199.223493	0.832677	0.001653	-0.000111	0.000578	-0.000193	0.001981
3022	0.833584	0.000807	-0.000246	0.000590	0.000183	0.001287	2081.000000	199.223493	0.835108	0.000772	-0.000582	0.000980	-0.001707	0.001651	2082.000000	199.223493	0.833179	0.001175	-0.000982	0.000518	-0.002739	0.000362
3025	0.831308	0.001946	-0.001185	0.000949	-0.002170	0.001316	2084.000000	199.223493	0.830864	0.002457	-0.000299	0.000517	-0.003067	0.001267	2085.000000	199.223493	0.832215	0.002529	0.000174	0.000657	-0.005006	0.001182
3028	0.831134	0.003074	0.000044	0.000646	-0.003337	0.001372	2087.000000	199.223493	0.831327	0.002558	-0.000270	0.000589	-0.004582	0.001909	2088.000000	199.223493	0.829765	0.001924	0.000267	0.000662	-0.003029	0.002482
3031	0.831539	0.001768	-0.000239	0.000320	-0.001939	0.001242	2090.000000	199.223493	0.831443	0.002145	-0.000318	0.000237	-0.002257	0.001443	2091.000000	199.223493	0.832272	0.002345	-0.000526	0.000721	-0.001244	0.002024
3034	0.834047	0.002462	-0.000371	0.000457	-0.003057	0.002201	2093.000000	199.223493	0.831211	0.002335	0.000808	0.000942	-0.003761	0.002344	2094.000000	199.223493	0.833063	0.002762	-0.000212	0.000689	-0.003395	0.002618
3037	0.830401	0.003048	0.000176	0.000463	-0.004408	0.003501	2096.000000	199.223493	0.832523	0.003214	-0.000006	0.000469	-0.004061	0.003400	2097.000000	199.223493	0.830363	0.002888	0.000238	0.000217	-0.003405	0.003812
3040	0.830286	0.002456	0.001159	0.000513	-0.003308	0.003612	2099.000000	199.223493	0.828820	0.003043	0.000466	0.000616	-0.001717	0.003762	2100.000000	199.223493	0.831154	0.003851	-0.000055	0.000455	-0.001360	0.002360
3043	0.829032	0.003642	0.000274	0.000649	-0.002257	0.002639	2102.000000	199.223493	0.828897	0.002529	0.000604	0.000307	-0.001572	0.002309	2103.000000	199.223493	0.828800	0.003092	-0.000300	0.000368	-0.001447	0.001820
3046	0.825540	0.002807	0.000090	0.000340	-0.000135	0.001451	2105.000000	199.223493	0.823380	0.003266	-0.000241	0.000355	-0.001852	0.001768	2106.000000	199.223493	0.826929	0.004576	-0.000150	0.000572	-0.002363	0.001693
3049	0.827739	0.004214	0.000564	0.000455	-0.000415	0.001397	2108.000000	199.223493	0.827315	0.004839	0.001307	0.000572	-0.000174	0.001846	2109.000000	199.223493	0.826119	0.003994	0.000087	0.000545	-0.001427	0.002290
3052	0.825656	0.003325	-0.000303	0.000330	-0.002093	0.002482	2111.000000	199.223493	0.826022	0.003578	-0.000355	0.000149	-0.000608	0.001950	2112.000000	199.223493	0.827122	0.002876	0.000472	0.000162	-0.001379	0.002064
3055	0.827778	0.004512	0.000337	0.000416	0.000376	0.002336	2114.000000	199.223493	0.826736	0.004378	0.000192	0.000319	0.002160	0.002373	2115.000000	199.223493	0.824614	0.003854	-0.000654	0.000499	0.000068	0.001979
3058	0.826350	0.002025	0.000182	0.000630	0.002749	0.001599	2117.000000	199.223493	0.831404	0.002738	0.000104	0.001055	0.003520	0.001662	2118.000000	199.223493	0.831211	0.003260	0.000644	0.000401	0.002546	0.001879
3061	0.830189	0.002668	-0.000378	0.000267	0.004360	0.002321	2120.000000	199.223493	0.831655	0.002570	-0.001025	0.000850	0.003463	0.001415	2121.000000	199.223493	0.831481	0.002462	-0.000507	0.000591	0.001321	0.000652
3064	0.833295	0.002113	-0.000452	0.000209	-0.000068	0.000391	2123.000000	199.223493	0.829109	0.001761	0.000728	0.000113	-0.000762	0.000926	2124.000000	199.223493	0.830729	0.001819	0.000163	0.000360	0.000617	0.001054
3067	0.833063	0.000826	0.000041	0.000979	0.002325	0.000493	2126.000000	199.223493	0.830729	0.002806	0.000382	0.000547	-0.000077	0.000891	2127.000000	199.223493	0.831057	0.004272	-0.000430	0.000653	-0.001293	0.000812
3070	0.832523	0.003765	0.000662	0.000452	-0.000839	0.001172	2129.000000	199.223493	0.832080	0.002717	0.000734	0.000474	0.000203	0.001369	2130.000000	199.223493	0.830073	0.004029	-0.000030	0.000569	-0.000376	0.001842
3073	0.829418	0.003809	0.000119	0.000429	-0.000868	0.002306	2132.000000	199.223493	0.829012	0.003456	-0.000466	0.000436	-0.001476	0.001902	2133.000000	199.223493	0.831520	0.003366	0.000524	0.000610	-0.001408	0.001651
3076	0.831867	0.002929	-0.000794	0.000417	-0.001071	0.001588	2135.000000	199.223493	0.831385	0.003248	-0.000012	0.000655	-0.001553	0.002077	2136.000000	199.223493	0.831038	0.002643	0.000955	0.000663	0.000858	0.001866
3079	0.831829	0.001380	0.000097	0.000476	0.000791	0.001540	2138.000000	199.223493	0.828781	0.000784	0.000806	0.000488	0.002189	0.002026	2139.000000	199.223493	0.832504	0.002573	0.000310	0.000288	0.001466	0.001821
3082	0.829938	0.003335	0.000307	0.000686	0.001601	0.002943	2141.000000	199.223493	0.831173	0.002190	-0.000334	0.000711	0.003848	0.001945	2142.000000	199.223493	0.829919	0.002082	0.000556	0.000862	0.004138	0.002175
3085	0.828318	0.003442	0.000076	0.000306	0.003578	0.001513	2144.000000	199.223493	0.826061	0.002657	0.000287	0.000711	0.003173	0.001749	2145.000000	199.223493	0.827354	0.003604	-0.000601	0.000408	0.002884	0.001612
3088	0.827469	0.001702	0.000147	0.000365	0.003877	0.001440	2147.000000	199.223493	0.828704	0.002000	0.000264	0.000373	0.002787	0.002208	2148.000000	199.223493	0.830382	0.003158	0.000974	0.000550	0.004446	0.001483
3091	0.830305	0.002594	-0.000206	0.000721	0.003173	0.001411	2150.000000	199.223493	0.830922	0.001149	-0.000961	0.000463	0.005507	0.002263	2151.000000	199.223493	0.830131	0.002009	-0.001037	0.000394	0.004852	0.001628
3094	0.829610	0.002647	0.000488	0.000667	0.003800	0.002086	2153.000000	199.223493	0.832504	0.003362	0.000418	0.000450	0.004514	0.002141	2154.000000	199.223493	0.831655	0.001484	-0.000942	0.000514	0.004678	0.002356
3097	0.830054	0.003077	0.000088	0.000492	0.004292	0.003128	2156.000000	199.223493	0.830749	0.003154	0.000144	0.000687	0.003183	0.003017	2157.000000	199.223493	0.827951	0.002303	0.000294	0.001115	0.001042	0.002158
3100	0.829823	0.001769	-0.000351	0.000661	0.000907	0.002439	2159.000000	199.223493	0.829205	0.001891	-0.000035	0.000433	0.001640	0.001905	2160.000000	199.223493	0.828800	0.001676	-0.001064	0.000634	-0.000174	0.002651
3103	0.828569	0.002531	-0.000361	0.000405	-0.000579	0.001888	2162.000000	199.223493	0.829225	0.002290	-0.000206	0.000405	-0.001148	0.002541	2163.000000	199.223493	0.830170	0.003132	-0.000782	0.000522	0.002054	0.002022
3106	0.830343	0.003303	-0.000292	0.000536	0.001833	0.002847	2165.000000	199.223493	0.831983	0.003271	0.000183	0.000605	0.000309	0.002752	2166.000000	199.223493	0.832581	0.003228	-0.000648	0.000727	-0.000280	0.002435
3109	0.831829	0.002500	-0.000784	0.000342	0.000029	0.002207	2168.000000	199.223493	0.830903	0.002534	-0.000971	0.000553	-0.000125	0.002529	2169.000000	199.223493	0.831096	0.003279	-0.000762	0.000481	0.002411	0.002528
3112	0.833796	0.003223	0.000272	0.000493	0.000492	0.002538	2171.000000	199.223493	0.831424	0.003865	-0.000687	0.000375	0.000000	0.002491	2172.000000	199.223493	0.832793	0.002442	0.000182	0.000358	0.000395	0.002263
3115	0.829668	0.002209	-0.000160	0.000487	0.000280	0.001833	2174.000000	199.223493	0.828781	0.003175	0.000142	0.000344	-0.000473	0.001751	2175.000000	199.223493	0.826697	0.002516	-0.000270	0.000352	-0.000338	0.001007
3118	0.830575	0.002630	0.000474	0.000439	-0.000241	0.000576	2177.000000	199.223493	0.829552	0.003661	-0.000122	0.000327	-0.001167	0.001690	2178.000000	199.223493	0.829668	0.003264	-0.000525	0.000337	0.000791	0.001192
3121	0.831250	0.003024	0.000936	0.000468	0.000251	0.001812	2180.000000	199.223493	0.830864	0.003007	-0.000450	0.000318	0.000299	0.001374	2181.000000	199.223493	0.831597	0.002336	-0.000206	0.000286	-0.000212	0.001423
3124	0.833603	0.002084	-0.000161	0.000243	0.000936	0.000976	2183.000000	199.223493	0.829032	0.002754	-0.000400	0.000328	0.002343	0.000763	2184.000000	199.223493	0.828318	0.002258	0.000756	0.000180	0.002363	0.000964
3127	0.830112	0.001824	0.000408	0.000563	0.000559	0.001349	2186.000000	199.223493	0.830112	0.002581	0.001106	0.000813	0.000492	0.001049	2187.000000	199.223493	0.830093	0.001997	0.001044	0.000628	0.001196	0.001250
3130	0.828935	0.002109	0.001621	0.000619	0.001919	0.001414	2189.000000	199.223493	0.829090	0.002502	0.001055	0.000743	0.002189	0.001384	2190.000000	199.223493	0.827276	0.002219	0.000133	0.000511	0.002498	0.002009
3133	0.830691	0.003244	0.000959	0.000434	0.002604	0.001953	2192.000000	199.223493	0.831134	0.003899	-0.000180	0.000424	0.002942	0.001734	2193.000000	199.223493	0.833700	0.004996	0.000852	0.000407	0.003202	0.001432
3136	0.833642	0.004669	0.000477	0.000298	0.000251	0.001322	2195.000000	199.223493	0.833198	0.004488	0.001066	0.000463	-0.000096	0.001166	2196.000000	199.223493	0.831327	0.004130	0.000319	0.000537	0.000299	0.001992
3139	0.832157	0.005301	0.000208	0.000617	-0.000540	0.001958	2198.000000	199.223493	0.830806	0.005085	-0.000390	0.000492	0.000781	0.001305	2199.000000	199.223493	0.830787	0.003227	-0.000639	0.000279	0.001534	0.001365
3142	0.828453	0.002632	-0.000327	0.000405	0.001427	0.002228	2201.000000	199.223493	0.827623	0.001695	0.000546	0.000366	0.002469	0.001837	2202.000000	199.223493	0.831385	0.002198	0.000384	0.000382	0.003096	0.001854
3145	0.834915	0.001864	0.000340	0.000542	0.002411	0.001419	2204.000000	199.223493	0.833063	0.002716	-0.000211	0.000820	0.001620	0.001549	2205.000000	199.223493	0.830247	0.003417	0.000014	0.000763	-0.000338	0.001876
3148	0.829649	0.003092	0.000881	0.000983	0.000135	0.001425	2207.000000	199.223493	0.828858	0.001608	-0.000205	0.000549	-0.000212	0.001733	2208.000000	199.223493	0.828318	0.002176	-0.000348	0.000328	0.003289	0.002307
3151	0.830170	0.002570	0.000563	0.000611	0.002662	0.002857	2210.000000	199.223493	0.831616	0.001003	-0.000351	0.000381	0.003376	0.003240	2211.000000	199.223493	0.830826	0.001029	0.000161	0.000185	0.001553	0.003470
3154	0.831308	0.001790	0.000177	0.000396	0.001833	0.002613	2213.000000	199.223493	0.829437	0.001643	0.000172	0.000524	-0.000029	0.002170	2214.000000	199.223493	0.830999	0.001905	-0.000082	0.000517	0.000714	0.003212
3157	0.833160	0.002405	0.000798	0.001052	-0.000531	0.002797	2216.000000	199.223493	0.833372	0.003104	-0.000196	0.000745	0.000087	0.002599	2217.000000	199.223493	0.831809	0.002190	-0.001019	0.000570	-0.000772	0.003231
3160	0.833468	0.002397	-0.000698	0.000341	-0.000347	0.004231	2219.000000	199.223493	0.831327	0.001969	-0.000498	0.000593	0.000801	0.003348	2220.000000	199.223493	0.834742	0.002942	-0.001324	0.000408	0.001485	0.003169
3163	0.835378	0.003222	-0.000622	0.000680	0.002421	0.001977	2222.000000	199.223493	0.832870	0.003360	-0.000370	0.000616	0.002257	0.002215	2223.000000	199.223493	0.832639	0.004244	-0.001372	0.000950	0.000801	0.002062
3166	0.832138	0.002948	0.000328	0.000459	-0.000829	0.002553	2225.000000	199.223493	0.835532	0.002416	0.000735	0.000339	-0.000251	0.002854	2226.000000	199.223493	0.833179	0.002942	0.001631	0.000903	0.001620	0.002949
3169	0.835513	0.003219	0.000640	0.000480	0.002055	0.002117	2228.000000	199.223493	0.836343	0.003659	0.000472	0.000315	0.000762	0.002540	2229.000000	199.223493	0.835532	0.003008	0.000220	0.000428	0.002479	0.001875
3172	0.837423	0.002170	-0.000599	0.000434	0.000174	0.002262	2231.000000	199.223493	0.835957	0.000811	-0.000167	0.000318	0.001119	0.001721	2232.000000	199.223493	0.835783	0.000960	0.000184	0.000503	0.001649	0.001522
3175	0.837809	0.001053	0.001329	0.000330	0.002450	0.001930	2234.000000	199.223493	0.836420	0.001523	0.000134	0.000729	0.002170	0.002403	2235.000000	199.223493	0.835127	0.001089	0.000932	0.000510	0.000473	0.002860
3178	0.833160	0.002868	0.000256	0.000476	-0.000907	0.002339	2237.000000	199.223493	0.833256	0.002854	0.000909	0.000760	-0.002546	0.003358	2238.000000	199.223493	0.834028	0.002999	-0.000364	0.000484	-0.001264	0.002581
3181	0.838214	0.002221	0.001793	0.000675	-0.000405	0.003220	2240.000000	199.223493	0.837558	0.004445	0.000277	0.000341	0.002199	0.002360	2241.000000	199.223493	0.836072	0.002535	0.000581	0.000532	0.000502	0.002449
3184	0.834819	0.003017	0.000360	0.000607	0.001292	0.002675	2243.000000	199.223493	0.834741	0.002534	0.000561	0.000664	0.001755	0.002683	2244.000000	199.223493	0.833276	0.002081	0.000520	0.000656	0.000530	0.001433
3187	0.830343	0.001168	0.000322	0.000243	0.000106	0.001553	2246.000000	199.223493	0.831076	0.002399	-0.000208	0.000555	-0.001813	0.001642	2247.000000	199.223493	0.831173	0.001734	-0.000474	0.000449	-0.001350	0.002136
3190	0.830960	0.001635	-0.000614	0.000597	-0.000502	0.001308	2249.000000	199.223493	0.834394	0.002309	-0.000415	0.000906	-0.002392	0.001683	2250.000000	199.223493	0.831038	0.002666	0.000347	0.000500	-0.002565	0.000447
3193	0.831694	0.002826	-0.000478	0.000514	-0.004890	0.001227	2252.000000	199.223493	0.830748	0.002972	0.000273	0.000633	-0.000550	0.001791	2253.000000	199.223493	0.833179	0.003739	0.000327	0.000137	-0.000386	0.001712
3196	0.832793	0.002316	-0.000394	0.000877	-0.002816	0.001521	2255.000000	199.223493	0.831694	0.001155	-0.000442	0.000689	-0.000965	0.001974	2256.000000	199.223493	0.829726	0.001176	-0.001384	0.000389	-0.000800	0.002119
3199	0.830150	0.001157	-0.000707	0.000699	-0.001755	0.001872	2258.000000	199.223493	0.832215	0.001116	0.000121	0.000238	-0.000955	0.001429	2259.000000	199.223493	0.831385	0.002706	-0.000032	0.000329	0.000704	0.001757
3202	0.831944	0.002245	0.000110	0.000703	0.002035	0.002169	2261.000000	199.223493	0.831289	0.003069	-0.000076	0.000641	0.000550	0.001553	2262.000000	199.223493	0.831134	0.003581	0.000214	0.000774	0.001032	0.001659
3205	0.831270	0.004026	-0.001229	0.000824	-0.000106	0.002304	2264.000000	199.223493	0.834009	0.003736	0.000273	0.001105	-0.001640	0.002863	2265.000000	199.223493	0.833565	0.002507	0.000865	0.001085	-0.001862	0.002355
3208	0.834240	0.002562	0.000028	0.000707	-0.001504	0.001524	2267.000000	199.223493	0.833237	0.003176	0.000460	0.000745	-0.001736	0.001661	2268.000000	199.223493	0.830363	0.003254	-0.000111	0.000430	-0.002353	0.001370
3211	0.831810	0.002091	0.001098	0.000304	-0.000019	0.001331	2270.000000	199.223493	0.833854	0.001103	0.000607	0.000557	-0.002913	0.002355	2271.000000	199.223493	0.833584	0.001706	0.000970	0.000445	-0.001890	0.002097
3214	0.833932	0.002253	-0.000353	0.000604	-0.003067	0.002184	2273.000000	199.223493	0.833854	0.001301	-0.000352	0.000495	-0.001659	0.001759	2274.000000	199.223493	0.833777	0.003092	-0.000354	0.000726	-0.002016	0.001610
3217	0.832851	0.003332	0.000375	0.000531	-0.002026	0.001575	2276.000000	199.223493	0.832465	0.004379	-0.000398	0.000760	-0.001418	0.001928	2277.000000	199.223493	0.832002	0.003904	0.000007	0.000841	-0.002623	0.001580
3220	0.831404	0.002113	0.000142	0.000620	-0.002585	0.001694	2279.000000	199.223493	0.832330	0.001246	-0.001692	0.000373	-0.003684	0.000815	2280.000000	199.223493	0.832504	0.001359	-0.000115	0.000496	-0.002797	0.001221
3223	0.829765	0.001909	-0.000912	0.000507	-0.003240	0.000615	2282.000000	199.223493	0.830883	0.002514	0.000151	0.000646	-0.001649	0.001405	2283.000000	199.223493	0.831211	0.002035	0.000606	0.000486	-0.001225	0.000959
3226	0.830517	0.002753	0.000067	0.000667	-0.002739	0.001262	2285.000000	199.223493	0.828086	0.002753	0.000091	0.000342	-0.001977	0.001753	2286.000000	199.223493	0.828569	0.003154	0.000356	0.000388	-0.000974	0.002432
3229	0.827836	0.001900	0.000398	0.000485	-0.002074	0.001750	2288.000000	199.223493	0.827932	0.001946	0.000376	0.000157	-0.000154	0.001820	2289.000000	199.223493	0.826466	0.003001	-0.000303	0.000274	-0.001640	0.001236
3232	0.827199	0.003477	-0.000810	0.000514	-0.002131	0.001406	2291.000000	199.223493	0.826234	0.002849	-0.000198	0.000337	-0.002103	0.000677	2292.000000	199.223493	0.827990	0.002454	-0.001282	0.000493	-0.001235	0.000991
3235	0.829244	0.002955	-0.000422	0.000799	-0.000810	0.001393	2294.000000	199.223493	0.829051	0.002450	-0.000621	0.000507	-0.000675	0.001139	2295.000000	199.223493	0.829707	0.002727	-0.000062	0.000414	-0.001244	0.001411
3238	0.830401	0.002438	0.000120	0.000636	-0.000694	0.002052	2297.000000	199.223493	0.827450	0.002819	0.000592	0.000570	0.000270	0.002219	2298.000000	199.223493	0.827411	0.002269	0.000079	0.000712	0.000299	0.000818
3241	0.828356	0.001779	-0.000082	0.000308	0.001563	0.000695	2300.000000	199.223493	0.828183	0.002395	0.001015	0.000451	0.001929	0.000438	2301.000000	199.223493	0.830749	0.002488	0.000392	0.000424	0.000666	0.000875
3244	0.829070	0.002571	0.000794	0.000381	0.000183	0.000892	2303.000000	199.223493	0.828414	0.003584	0.000636	0.000396	-0.001929	0.000704	2304.000000	199.223493	0.827064	0.003164	0.000436	0.000480	-0.000299	0.001840
3247	0.828472	0.002376	0.000147	0.000449	0.000762	0.002291	2306.000000	199.223493	0.830671	0.002859	0.000701	0.000701	0.001206	0.001729	2307.000000	199.223493	0.831867	0.002178	0.000250	0.000437	0.003067	0.001428
3250	0.833121	0.002930	-0.000096	0.000713	-0.000222	0.002096	2309.000000	199.223493	0.832658	0.002766	-0.001170	0.000549	-0.000897	0.001861	2310.000000	199.223493	0.832311	0.003541	-0.000332	0.000707	-0.000569	0.001361
3253	0.835243	0.002235	-0.000166	0.000719	0.000029	0.001917	2312.000000	199.223493	0.833179	0.003963	0.000236	0.000628	0.000096	0.001286	2313.000000	199.223493	0.830344	0.003722	-0.000416	0.000179	-0.000531	0.000673
3256	0.833816	0.003305	-0.000003	0.000358	0.000453	0.001630	2315.000000	199.223493	0.834279	0.002556	-0.000045	0.000349	-0.001389	0.001292	2316.000000	199.223493	0.833083	0.002002	0.000211	0.000514	-0.001350	0.001625
3259	0.829051	0.002211	-0.000369	0.000944	-0.000810	0.002464	2318.000000	199.223493	0.827161	0.001339	-0.001101	0.000404	-0.000685	0.002121	2319.000000	199.223493	0.828453	0.001637	-0.000648	0.000528	-0.000733	0.001538
3262	0.830073	0.001530	-0.000677	0.000395	-0.001428	0.001660	2321.000000	199.223493	0.825907	0.001886	-0.001299	0.000510	-0.003048	0.001773	2322.000000	199.223493	0.830749	0.002007	0.000822	0.000437	-0.003617	0.002332
3265	0.830517	0.001020	0.000503	0.000693	-0.004716	0.001834	2324.000000	199.223493	0.826042	0.002941	0.000245	0.000466	-0.003954	0.001931	2325.000000	199.223493	0.826254	0.003997	-0.000203	0.001133	-0.005160	0.002520
3268	0.827276	0.003839	0.000186	0.000624	-0.003405	0.002375	2327.000000	199.223493	0.828048	0.003509	0.000991	0.000625	-0.004533	0.001818	2328.000000	199.223493	0.828395	0.003626	0.000954	0.000391	-0.006974	0.002389
3271	0.828414	0.003401	0.000736	0.000578	-0.005015	0.002677	2330.000000	199.223493	0.829823	0.003732	0.001123	0.000541	-0.005170	0.002280	2331.000000	199.223493	0.828260	0.003717	0.000454	0.000318	-0.004938	0.002421
3274	0.830324	0.003559	-0.000289	0.000442	-0.005093	0.002139	2333.000000	199.223493	0.830941	0.003467	-0.000056	0.000498	-0.003964	0.001674	2334.000000	199.223493	0.831829	0.003562	-0.000317	0.000608	-0.004726	0.000942
3277	0.833005	0.003352	-0.000770	0.000587	-0.003280	0.001197	2336.000000	199.223493	0.836921	0.002118	-0.000392	0.000675	-0.002971	0.001633	2337.000000	199.223493	0.835320	0.001345	-0.001116	0.000646	-0.002797	0.001258
3280	0.833526	0.001078	-0.001050	0.000526	-0.000617	0.001888	2339.000000	199.223493	0.832928	0.001905	0.000010	0.000682	-0.000337	0.001785	2340.000000	199.223493	0.834491	0.001706	-0.000504	0.000609	-0.001051	0.001962
3283	0.835320	0.002331	-0.000436	0.000630	0.000328	0.002374	2342.000000	199.223493	0.833796	0.002868	0.000530	0.000129	0.000579	0.002582	2343.000000	199.223493	0.834163	0.003269	0.002005	0.000380	-0.000299	0.001974
3286	0.832755	0.003496	0.000393	0.000374	0.001630	0.001836	2345.000000	199.223493	0.834954	0.002135	0.000034	0.000334	0.001437	0.001137	2346.000000	199.223493	0.836516	0.002654	0.001089	0.000510	0.000473	0.001398
3289	0.835899	0.001057	0.000318	0.000647	0.001524	0.001505	2348.000000	199.223493	0.835301	0.001458	0.001489	0.000279	0.001601	0.001664	2349.000000	199.223493	0.834124	0.001418	0.001358	0.000434	0.000917	0.000810
3292	0.833623	0.001388	-0.000263	0.000605	0.001186	0.001688	2351.000000	199.223493	0.832870	0.001302	-0.000519	0.000415	0.000907	0.001758	2352.000000	199.223493	0.830035	0.002274	0.000062	0.000299	0.001919	0.001214
3295	0.831269	0.002355	0.000548	0.000277	0.002421	0.001371	2354.000000	199.223493	0.831115	0.002282	0.000085	0.000360	0.001032	0.002259	2355.000000	199.223493	0.830961	0.002145	-0.001005	0.000417	0.001379	0.001291
3298	0.831211	0.002187	0.000190	0.000349	0.000463	0.001505	2357.000000	199.223493	0.828646	0.002566	0.000396	0.000671	-0.000318	0.002002	2358.000000	199.223493	0.827894	0.003266	0.000905	0.000636	-0.001061	0.002371
3301	0.828183	0.002932	-0.000358	0.000558	0.000386	0.001137	2360.000000	199.223493	0.829745	0.001628	-0.000013	0.000224	-0.002363	0.001288	2361.000000	199.223493	0.830305	0.001565	0.000137	0.000569	-0.000608	0.001740
3304	0.827257	0.001654	-0.000053	0.000305	0.000974	0.001676	2363.000000	199.223493	0.827160	0.001675	0.000596	0.000510	0.002604	0.002171	2364.000000	199.223493	0.828511	0.001398	-0.000955	0.000571	-0.000154	0.002357
3307	0.828414	0.001560	-0.000576	0.000535	-0.001485	0.002152	2366.000000	199.223493	0.828048	0.001210	-0.000823	0.000370	-0.001244	0.003493	2367.000000	199.223493	0.828221	0.001824	0.000282	0.000440	-0.001341	0.002101
3310	0.825887	0.002810	-0.000267	0.000454	-0.002247	0.001546	2369.000000	199.223493	0.827701	0.001958	-0.000878	0.000285	-0.000791	0.001548	2370.000000	199.223493	0.820968	0.001595	-0.000360	0.000369	-0.001717	0.001174
3313	0.822376	0.002537	-0.000120	0.000401	-0.001495	0.000754	2372.000000	199.223493	0.824460	0.002680	-0.000271	0.000789	-0.001948	0.000982	2373.000000	199.223493	0.824344	0.004383	0.000731	0.000670	-0.000887	0.000790
3316	0.826775	0.004396	-0.000446	0.000513	-0.000328	0.000795	2375.000000	199.223493	0.824479	0.003944	-0.000552	0.000205	0.000135	0.001481	2376.000000	199.223493	0.824923	0.002599	0.000103	0.000539	-0.001321	0.000568
3319	0.829205	0.003073	-0.001153	0.000379	-0.002122	0.001116	2378.000000	199.223493	0.828665	0.002778	-0.000719	0.000351	-0.000270	0.001664	2379.000000	199.223493	0.827218	0.002974	0.000068	0.000492	-0.002373	0.001017
3322	0.829591	0.002645	0.000821	0.000487	-0.001736	0.001688	2381.000000	199.223493	0.828935	0.002846	0.001070	0.000209	0.001138	0.001610	2382.000000	199.223493	0.828395	0.002615	0.001648	0.000803	0.001861	0.002084
3325	0.827488	0.002674	0.001244	0.000706	0.000666	0.001485	2384.000000	199.223493	0.829514	0.002278	0.000897	0.000488	0.000309	0.001156	2385.000000	199.223493	0.834857	0.002750	0.000301	0.000472	-0.000810	0.001566
3328	0.833140	0.002350	0.001280	0.000699	0.000463	0.001703	2387.000000	199.223493	0.835899	0.001359	-0.000249	0.000804	0.000068	0.001852	2388.000000	199.223493	0.832658	0.002243	-0.000666	0.000601	-0.000183	0.001279
3331	0.834934	0.002684	-0.000258	0.000604	-0.001572	0.001060	2390.000000	199.223493	0.833468	0.002933	-0.000163	0.000273	-0.000993	0.001097	2391.000000	199.223493	0.831501	0.002835	-0.000078	0.000462	0.000000	0.001777
3334	0.833951	0.002014	0.000001	0.000341	-0.001167	0.001920	2393.000000	199.223493	0.832118	0.002005	0.000222	0.000415	-0.001090	0.001780	2394.000000	199.223493	0.831790	0.001769	-0.000324	0.000502	-0.001148	0.002070
3337	0.832484	0.001423	0.000184	0.000468	-0.000415	0.001294	2396.000000	199.223493	0.833237	0.001751	0.000108	0.000954	-0.001157	0.001483	2397.000000	199.223493	0.832157	0.001234	-0.000613	0.000413	-0.002421	0.000439
3340	0.831539	0.001986	-0.000700	0.000970	-0.001177	0.000965	2399.000000	199.223493	0.831520	0.002348	-0.000065	0.000587	-0.002845	0.001337	2400.000000	199.223493	0.832060	0.002547	-0.000057	0.000714	-0.004601	0.001261
3343	0.830806	0.003020	0.000081	0.000673	-0.002884	0.001543	2402.000000	199.223493	0.830729	0.002431	0.000141	0.000606	-0.003791	0.002174	2403.000000	199.223493	0.829842	0.001969	-0.000188	0.000737	-0.002190	0.002854
3346	0.830845	0.001649	-0.000136	0.000254	-0.001129	0.001604	2405.000000	199.223493	0.831327	0.002184	-0.000339	0.000239	-0.001755	0.001778	2406.000000	199.223493	0.831288	0.002716	-0.000718	0.000677	-0.001350	0.001961
3349	0.834182	0.002436	-0.001015	0.000489	-0.003694	0.001866	2408.000000	199.223493	0.830652	0.002301	-0.000219	0.000666	-0.004890	0.001790	2409.000000	199.223493	0.833160	0.002768	-0.000700	0.000467	-0.003983	0.002302
3352	0.829958	0.003008	-0.000139	0.000336	-0.004832	0.003328	2411.000000	199.223493	0.831250	0.003506	0.000019	0.000480	-0.003607	0.003608	2412.000000	199.223493	0.829726	0.003018	0.000636	0.000355	-0.003337	0.003838
3355	0.828357	0.002931	0.000603	0.000346	-0.002595	0.003900	2414.000000	199.223493	0.829244	0.003047	-0.000430	0.000492	-0.002363	0.003503	2415.000000	199.223493	0.830613	0.003847	-0.000426	0.000349	-0.000617	0.002857
3358	0.828086	0.003587	-0.000282	0.000700	-0.001659	0.002909	2417.000000	199.223493	0.828125	0.002506	0.000398	0.000406	-0.000270	0.003125	2418.000000	199.223493	0.827623	0.003168	-0.000645	0.000203	-0.001080	0.002010
3361	0.824576	0.002938	-0.000198	0.000442	0.001601	0.002019	2420.000000	199.223493	0.824132	0.003396	-0.000714	0.000190	-0.000270	0.002062	2421.000000	199.223493	0.824518	0.004289	-0.000500	0.000442	-0.001186	0.002230
3364	0.825810	0.003988	0.000599	0.000454	0.000106	0.001749	2423.000000	199.223493	0.825424	0.004927	0.001252	0.000591	0.000097	0.002029	2424.000000	199.223493	0.823630	0.004214	0.000361	0.000463	-0.000492	0.002727
3367	0.823534	0.003167	0.000076	0.000186	-0.003212	0.001860	2426.000000	199.223493	0.822589	0.002651	-0.000314	0.000157	0.000125	0.002357	2427.000000	199.223493	0.823302	0.001993	0.000336	0.000147	-0.001177	0.002202
3370	0.822878	0.001609	0.000031	0.000354	0.001717	0.003025	2429.000000	199.223493	0.822839	0.001815	0.000027	0.000222	0.003954	0.003350	2430.000000	199.223493	0.821219	0.000839	-0.001213	0.000123	0.001707	0.003046
3373	0.825019	0.001380	-0.000823	0.000444	0.003877	0.002272	2432.000000	199.223493	0.829900	0.002473	-0.001075	0.000600	0.004774	0.002234	2433.000000	199.223493	0.829784	0.002793	0.000431	0.000516	0.002932	0.002035
3376	0.827334	0.002489	-0.000291	0.000313	0.004533	0.002356	2435.000000	199.223493	0.828202	0.002576	0.000047	0.000749	0.003781	0.001418	2436.000000	199.223493	0.827720	0.003461	-0.000251	0.000553	0.001206	0.000633
3379	0.828819	0.004055	-0.000235	0.000361	-0.000087	0.000394	2438.000000	199.223493	0.826003	0.002435	0.000817	0.000131	-0.001611	0.001329	2439.000000	199.223493	0.826562	0.003696	-0.000004	0.000304	-0.000588	0.001272
3382	0.828723	0.004199	0.000301	0.000949	0.000328	0.001759	2441.000000	199.223493	0.826582	0.005325	0.000247	0.000585	-0.001283	0.001095	2442.000000	199.223493	0.826852	0.005796	-0.000665	0.000590	-0.001640	0.000827
3385	0.826235	0.006634	0.000281	0.000584	-0.002373	0.001742	2444.000000	199.223493	0.828453	0.004362	0.000769	0.000464	-0.001485	0.001691	2445.000000	199.223493	0.827566	0.004529	-0.000022	0.000569	-0.003164	0.001925
3388	0.828299	0.003907	0.000127	0.000427	-0.003569	0.001855	2447.000000	199.223493	0.827720	0.003339	-0.000684	0.000308	-0.003964	0.001564	2448.000000	199.223493	0.831269	0.003393	0.000752	0.000593	-0.003221	0.001411
3391	0.832562	0.002801	-0.001095	0.000416	-0.002643	0.001598	2450.000000	199.223493	0.834549	0.002949	-0.000497	0.000745	-0.002479	0.002074	2451.000000	199.223493	0.833661	0.002722	0.001080	0.000614	-0.000723	0.001760
3394	0.832948	0.001058	0.000444	0.000663	-0.001177	0.001464	2453.000000	199.223493	0.829822	0.001253	0.000486	0.000424	0.000646	0.002478	2454.000000	199.223493	0.832967	0.002539	0.000714	0.000316	0.000106	0.002044
3397	0.832234	0.003265	0.000824	0.000524	-0.001071	0.002360	2456.000000	199.223493	0.834375	0.002574	-0.000033	0.000705	0.002546	0.002093	2457.000000	199.223493	0.833063	0.002519	0.000765	0.000809	0.003038	0.002413
3400	0.832156	0.003560	-0.000360	0.000533	0.003926	0.001493	2459.000000	199.223493	0.828877	0.002694	0.000229	0.000731	0.000829	0.002069	2460.000000	199.223493	0.831308	0.002248	-0.000280	0.000343	0.000251	0.001564
3403	0.829475	0.001821	0.000127	0.000372	0.001543	0.001223	2462.000000	199.223493	0.829745	0.002224	0.000386	0.000303	-0.000058	0.001378	2463.000000	199.223493	0.830806	0.003027	0.001573	0.000363	0.001582	0.001387
3406	0.829552	0.002976	0.000986	0.000680	0.000733	0.001047	2465.000000	199.223493	0.829572	0.001698	-0.000759	0.000525	0.001746	0.001656	2466.000000	199.223493	0.828067	0.001791	-0.000903	0.000442	0.002170	0.001288
3409	0.829591	0.002641	0.000630	0.000665	0.001611	0.001326	2468.000000	199.223493	0.833931	0.003099	0.000459	0.000448	0.001842	0.000655	2469.000000	199.223493	0.832890	0.001096	-0.000825	0.000558	0.000598	0.001790
3412	0.831636	0.003249	-0.000398	0.000749	-0.000260	0.001832	2471.000000	199.223493	0.832408	0.003265	-0.000784	0.000800	-0.001022	0.002006	2472.000000	199.223493	0.829244	0.002716	0.000111	0.001140	-0.001389	0.001834
3415	0.832504	0.002041	-0.000581	0.000719	-0.001322	0.001288	2474.000000	199.223493	0.830401	0.001934	-0.000373	0.000593	0.000068	0.001496	2475.000000	199.223493	0.829109	0.001578	-0.001132	0.000622	-0.001283	0.002354
3418	0.826755	0.003082	-0.000774	0.000329	-0.001900	0.001602	2477.000000	199.223493	0.830536	0.002459	-0.000617	0.000535	-0.001321	0.002515	2478.000000	199.223493	0.831462	0.003483	-0.000802	0.000508	0.002083	0.002027
3421	0.831038	0.003401	0.000026	0.000499	0.001669	0.002861	2480.000000	199.223493	0.833063	0.002895	0.000054	0.000630	-0.000501	0.002724	2481.000000	199.223493	0.833121	0.003039	-0.000308	0.000829	-0.001051	0.002560
3424	0.832118	0.002378	-0.000523	0.000282	-0.001756	0.002524	2483.000000	199.223493	0.831327	0.002418	-0.001205	0.000469	-0.001514	0.002622	2484.000000	199.223493	0.831925	0.002942	-0.000439	0.000569	0.000222	0.002326
3427	0.832581	0.003748	0.000362	0.000489	-0.001322	0.002194	2486.000000	199.223493	0.831404	0.003869	-0.001019	0.000309	-0.001572	0.002089	2487.000000	199.223493	0.831906	0.002503	-0.000148	0.000556	-0.001215	0.001913
3430	0.829147	0.002231	-0.000282	0.000500	-0.001071	0.001781	2489.000000	199.223493	0.828414	0.003128	0.000599	0.000455	-0.001370	0.001486	2490.000000	199.223493	0.826890	0.002554	0.000012	0.000496	-0.000897	0.001008
3433	0.829283	0.002425	0.000561	0.000444	-0.000955	0.000628	2492.000000	199.223493	0.828491	0.003181	-0.000420	0.000192	-0.001032	0.001714	2493.000000	199.223493	0.828935	0.002985	-0.000483	0.000371	-0.000125	0.000773
3436	0.830324	0.002568	0.000341	0.000389	-0.001967	0.001187	2495.000000	199.223493	0.830015	0.002604	-0.000837	0.000424	-0.000598	0.001173	2496.000000	199.223493	0.831867	0.002509	-0.000179	0.000299	-0.000067	0.001490
3439	0.832600	0.001443	-0.000249	0.000246	0.000405	0.000919	2498.000000	199.223493	0.828800	0.002635	-0.000485	0.000348	0.001466	0.000706	2499.000000	199.223493	0.830189	0.003361	0.000558	0.000088	0.000849	0.000583
3442	0.830170	0.001867	0.000036	0.000304	0.000145	0.001409	2501.000000	199.223493	0.830208	0.002600	0.000418	0.000526	0.001013	0.001093	2502.000000	199.223493	0.831096	0.002123	0.000382	0.000396	0.001283	0.001242
3445	0.830382	0.001820	0.000851	0.000797	0.000424	0.001317	2504.000000	199.223493	0.829514	0.002445	0.000702	0.000971	0.000714	0.001554	2505.000000	199.223493	0.829861	0.003339	0.000248	0.000437	0.001900	0.001874
3448	0.832658	0.004240	0.000617	0.000494	0.002132	0.002079	2507.000000	199.223493	0.831829	0.004223	-0.000102	0.000456	0.001331	0.002156	2508.000000	199.223493	0.835937	0.005343	0.000718	0.000315	0.001543	0.001970
3451	0.835320	0.004714	0.000417	0.000258	-0.002141	0.001508	2510.000000	199.223493	0.835204	0.004615	0.000750	0.000627	-0.001659	0.000775	2511.000000	199.223493	0.833507	0.004386	-0.000279	0.000773	-0.002922	0.001467
3454	0.834973	0.005297	-0.000159	0.000888	-0.003299	0.001011	2513.000000	199.223493	0.831964	0.005168	-0.000434	0.000500	-0.001948	0.001429	2514.000000	199.223493	0.832060	0.003241	-0.000244	0.000428	-0.001331	0.001229
3457	0.829012	0.002800	-0.000875	0.000657	-0.001833	0.001391	2516.000000	199.223493	0.829051	0.001263	0.000547	0.000366	-0.001244	0.001720	2517.000000	199.223493	0.830575	0.002048	0.000518	0.000392	-0.000830	0.001992
3460	0.835339	0.001729	0.000407	0.000553	-0.000752	0.002410	2519.000000	199.223493	0.831771	0.002911	-0.000006	0.000887	0.000135	0.002167	2520.000000	199.223493	0.831347	0.003489	0.000056	0.000757	-0.002913	0.002323
3463	0.830883	0.003313	0.001072	0.000913	-0.002633	0.002580	2522.000000	199.223493	0.830170	0.001781	0.000330	0.000215	-0.002874	0.002393	2523.000000	199.223493	0.829533	0.002471	-0.000464	0.000371	0.000473	0.002939
3466	0.829070	0.002036	-0.000298	0.000370	0.000463	0.003377	2525.000000	199.223493	0.832234	0.001317	-0.000890	0.000561	0.000521	0.003473	2526.000000	199.223493	0.831462	0.000931	-0.000318	0.000488	0.000010	0.003585
3469	0.831578	0.001885	0.000059	0.000387	0.000714	0.002577	2528.000000	199.223493	0.829591	0.001710	0.000450	0.000356	-0.000260	0.002184	2529.000000	199.223493	0.828916	0.001926	0.000230	0.000548	0.000135	0.003194
3472	0.830826	0.002714	0.001209	0.000939	0.000984	0.003041	2531.000000	199.223493	0.833160	0.003119	0.000206	0.000551	0.000762	0.002674	2532.000000	199.223493	0.830112	0.001976	-0.000668	0.000828	-0.000907	0.003218
3475	0.830266	0.002059	-0.000494	0.000361	-0.000337	0.004232	2534.000000	199.223493	0.829340	0.001384	-0.000204	0.000672	0.001293	0.003398	2535.000000	199.223493	0.831366	0.002196	-0.000838	0.000627	0.001504	0.003174
3478	0.830941	0.002144	-0.000174	0.000544	0.002672	0.002066	2537.000000	199.223493	0.828704	0.001999	-0.000095	0.000600	0.002517	0.002307	2538.000000	199.223493	0.828067	0.002681	-0.001235	0.000924	0.000801	0.002062
3481	0.827952	0.002903	0.000196	0.000480	-0.001331	0.002412	2540.000000	199.223493	0.831115	0.003134	0.000673	0.000300	-0.000685	0.002776	2541.000000	199.223493	0.830208	0.002156	0.001353	0.000805	-0.000145	0.002436
3484	0.831655	0.002507	0.000698	0.000492	0.000974	0.001918	2543.000000	199.223493	0.831713	0.001849	0.000406	0.000278	0.000589	0.002532	2544.000000	199.223493	0.831597	0.001101	0.000921	0.000486	0.002093	0.001888
3487	0.835610	0.001456	-0.000121	0.000601	0.000955	0.002102	2546.000000	199.223493	0.835378	0.000988	-0.000157	0.000320	0.001003	0.001719	2547.000000	199.223493	0.835648	0.000908	0.000129	0.000477	0.000492	0.001531
3490	0.836323	0.001003	0.000789	0.000560	0.002189	0.001910	2549.000000	199.223493	0.835417	0.000729	-0.000459	0.000244	0.001659	0.002464	2550.000000	199.223493	0.834684	0.001040	0.000969	0.000511	0.000106	0.002861
3493	0.832504	0.002945	0.000250	0.000474	-0.001321	0.002191	2552.000000	199.223493	0.832041	0.002931	0.001145	0.000655	-0.002980	0.003200	2553.000000	199.223493	0.833391	0.002960	-0.000832	0.000263	-0.000955	0.002701
3496	0.837886	0.002360	0.000556	0.000660	-0.001205	0.003045	2555.000000	199.223493	0.837789	0.004353	-0.000092	0.000336	0.001427	0.002421	2556.000000	199.223493	0.836150	0.002505	0.000605	0.000540	-0.000444	0.002606
3499	0.834414	0.003143	0.000219	0.000580	0.000820	0.002657	2558.000000	199.223493	0.834992	0.002455	0.000106	0.000542	0.002122	0.002655	2559.000000	199.223493	0.833430	0.002052	-0.000114	0.000704	0.000482	0.001429
3502	0.829379	0.001136	0.000179	0.000201	-0.000501	0.001301	2561.000000	199.223493	0.829167	0.002965	-0.000354	0.000542	-0.001437	0.001827	2562.000000	199.223493	0.831173	0.001734	-0.000210	0.000288	-0.001997	0.001888
3505	0.829726	0.001449	-0.000113	0.000462	-0.001765	0.001609	2564.000000	199.223493	0.832986	0.002895	0.000478	0.000776	-0.002209	0.001726	2565.000000	199.223493	0.831694	0.002440	0.000390	0.000496	-0.002199	0.000516
3508	0.832214	0.002572	0.000083	0.000382	-0.002903	0.001344	2567.000000	199.223493	0.830170	0.003193	-0.000055	0.000543	0.000270	0.001532	2568.000000	199.223493	0.832446	0.003990	0.000638	0.000263	-0.000945	0.001923
3511	0.832060	0.002338	0.000320	0.000736	-0.001939	0.001020	2570.000000	199.223493	0.830112	0.001792	-0.000543	0.000680	-0.000829	0.001912	2571.000000	199.223493	0.829070	0.001330	-0.001225	0.000358	-0.000743	0.002084
3514	0.829032	0.001612	-0.000429	0.000776	-0.000791	0.001156	2573.000000	199.223493	0.831771	0.001423	0.000208	0.000225	0.000212	0.000579	2574.000000	199.223493	0.829147	0.003272	-0.000066	0.000316	0.001158	0.001493
3517	0.830478	0.002981	0.000527	0.000787	0.002344	0.001994	2576.000000	199.223493	0.829302	0.003972	0.000365	0.000595	0.001090	0.001261	2577.000000	199.223493	0.829456	0.004573	0.000164	0.000779	0.001466	0.001526
3520	0.830594	0.004393	-0.001069	0.000878	0.001890	0.002201	2579.000000	199.223493	0.834336	0.003564	0.000072	0.001108	0.001061	0.002386	2580.000000	199.223493	0.832369	0.003260	0.001033	0.001033	0.000704	0.001605
3523	0.832581	0.003293	-0.000206	0.000739	-0.001090	0.001385	2582.000000	199.223493	0.831501	0.003619	-0.000421	0.000723	-0.000251	0.000653	2583.000000	199.223493	0.829321	0.003241	-0.000149	0.000436	-0.001833	0.001117
3526	0.831192	0.002240	0.000803	0.000483	0.000974	0.000772	2585.000000	199.223493	0.833025	0.001322	0.000983	0.000406	-0.000984	0.001803	2586.000000	199.223493	0.832870	0.001725	0.000890	0.000450	-0.001495	0.001928
3529	0.831212	0.001774	-0.000254	0.000628	-0.002623	0.002059	2588.000000	199.223493	0.831674	0.002024	-0.000547	0.000441	-0.001784	0.001798	2589.000000	199.223493	0.831038	0.002831	0.000431	0.000685	-0.002845	0.001958
3532	0.831115	0.003480	0.000580	0.000390	-0.003723	0.002024	2591.000000	199.223493	0.830093	0.004566	0.000097	0.000905	-0.003347	0.002436	2592.000000	199.223493	0.830999	0.003829	-0.000044	0.000842	-0.004408	0.002204
3535	0.828993	0.002623	0.000096	0.000633	-0.003781	0.002208	2594.000000	199.223493	0.829495	0.002876	-0.001131	0.000349	-0.004591	0.001192	2595.000000	199.223493	0.830903	0.002694	0.000259	0.000307	-0.003135	0.001459
3538	0.828472	0.001893	-0.000988	0.000488	-0.003723	0.000787	2597.000000	199.223493	0.829302	0.002344	0.000610	0.000402	-0.001630	0.001400	2598.000000	199.223493	0.828183	0.001499	0.000564	0.000507	-0.001669	0.001108
3541	0.827160	0.002095	-0.000075	0.000716	-0.002807	0.001298	2600.000000	199.223493	0.825752	0.001902	-0.000565	0.000770	-0.002006	0.001762	2601.000000	199.223493	0.828028	0.003059	0.000287	0.000376	-0.000463	0.002291
3544	0.828048	0.001933	-0.000136	0.000432	-0.002160	0.001774	2603.000000	199.223493	0.830864	0.001998	-0.000056	0.000316	-0.000694	0.002037	2604.000000	199.223493	0.831366	0.003948	-0.000389	0.000302	-0.002170	0.001373
3547	0.830845	0.003073	-0.001254	0.000601	-0.002469	0.001412	2606.000000	199.223493	0.829861	0.002692	0.000040	0.000339	-0.002739	0.000866	2607.000000	199.223493	0.829900	0.001350	-0.000503	0.000997	-0.000945	0.000935
3550	0.830961	0.002672	-0.000317	0.000810	0.000145	0.001092	2609.000000	199.223493	0.831308	0.002344	-0.000073	0.000583	-0.000222	0.001123	2610.000000	199.223493	0.831076	0.002628	0.000006	0.000379	-0.000550	0.001576
3553	0.831616	0.002366	0.000404	0.000567	-0.000926	0.001958	2612.000000	199.223493	0.829958	0.002853	0.000882	0.000567	0.000347	0.002263	2613.000000	199.223493	0.829630	0.002492	0.000173	0.000720	0.000338	0.000824
3556	0.831848	0.003015	0.000261	0.000380	0.001023	0.000551	2615.000000	199.223493	0.831752	0.003320	0.000333	0.000691	0.001621	0.000444	2616.000000	199.223493	0.833700	0.002987	0.000600	0.000417	0.000830	0.000838
3559	0.833314	0.002762	0.000463	0.000480	0.001042	0.000737	2618.000000	199.223493	0.833584	0.003753	0.000475	0.000431	-0.001215	0.000906	2619.000000	199.223493	0.831655	0.002371	0.001147	0.000384	-0.000174	0.001813
3562	0.833121	0.002688	0.000260	0.000457	0.000588	0.002318	2621.000000	199.223493	0.835340	0.002070	-0.000126	0.000699	0.001948	0.001163	2622.000000	199.223493	0.835609	0.001685	-0.000404	0.000686	0.003221	0.001374
3565	0.836401	0.002307	0.000164	0.000724	0.001794	0.001424	2624.000000	199.223493	0.836709	0.001041	-0.000885	0.000695	0.001244	0.002004	2625.000000	199.223493	0.836150	0.001626	0.000217	0.000677	0.001273	0.001625
3568	0.837249	0.000895	-0.000319	0.000704	0.001813	0.001619	2627.000000	199.223493	0.836169	0.001723	0.000089	0.000648	0.001591	0.000838	2628.000000	199.223493	0.832080	0.002725	-0.000185	0.000289	-0.000048	0.000267
3571	0.833430	0.003523	-0.000104	0.000295	0.001003	0.001334	2630.000000	199.223493	0.832600	0.003447	-0.000155	0.000346	0.000405	0.000706	2631.000000	199.223493	0.833391	0.001914	0.000398	0.000571	0.000636	0.000945
3574	0.831404	0.002153	-0.000002	0.001215	0.001100	0.002012	2633.000000	199.223493	0.829321	0.001012	-0.000818	0.000578	0.001061	0.001846	2634.000000	199.223493	0.829707	0.001905	-0.000869	0.000437	0.000328	0.001443
3577	0.831983	0.001389	-0.000564	0.000409	0.000608	0.002117	2636.000000	199.223493	0.827701	0.002065	-0.000322	0.000712	-0.000916	0.001881	2637.000000	199.223493	0.832137	0.002347	0.001049	0.000437	-0.002276	0.001909
3580	0.831482	0.001639	0.000600	0.000672	-0.003000	0.002218	2639.000000	199.223493	0.828125	0.004014	0.000590	0.000410	-0.002787	0.002090	2640.000000	199.223493	0.827701	0.004511	0.000559	0.001046	-0.004987	0.002522
3583	0.828299	0.004107	-0.000239	0.000638	-0.003463	0.002375	2642.000000	199.223493	0.830343	0.004063	0.000708	0.000596	-0.003906	0.001758	2643.000000	199.223493	0.830324	0.004390	0.000930	0.000381	-0.005835	0.002375
3586	0.830517	0.004293	0.000903	0.000530	-0.004331	0.002810	2645.000000	199.223493	0.832214	0.004412	0.001387	0.000309	-0.003993	0.002512	2646.000000	199.223493	0.830285	0.004563	0.001047	0.000486	-0.002759	0.002775
3589	0.832157	0.004224	-0.000131	0.000540	-0.002855	0.002289	2648.000000	199.223493	0.830922	0.003461	0.000832	0.000487	-0.002922	0.001718	2649.000000	199.223493	0.831906	0.003569	0.000187	0.000590	-0.003530	0.000482
3592	0.832619	0.003322	-0.000787	0.000577	-0.002682	0.001206	2651.000000	199.223493	0.836536	0.002133	-0.000579	0.000562	-0.001572	0.001223	2652.000000	199.223493	0.835243	0.001313	-0.001042	0.000658	-0.001852	0.001153
3595	0.833931	0.001261	-0.000171	0.000707	-0.001022	0.001927	2654.000000	199.223493	0.833044	0.001880	0.000535	0.000718	-0.000289	0.001781	2655.000000	199.223493	0.834317	0.001733	-0.000714	0.000584	-0.001128	0.001979
3598	0.835860	0.002094	-0.000052	0.000821	-0.001254	0.002949	2657.000000	199.223493	0.834163	0.002647	0.000699	0.000183	-0.001254	0.003076	2658.000000	199.223493	0.835282	0.002765	0.001877	0.000432	-0.001707	0.002426
3601	0.834433	0.003132	0.000316	0.000336	0.000328	0.002144	2660.000000	199.223493	0.836864	0.002114	0.000026	0.000334	-0.000878	0.001979	2661.000000	199.223493	0.838599	0.002642	0.000974	0.000461	-0.001572	0.001745
3604	0.836169	0.000997	0.000094	0.000555	-0.000338	0.002320	2663.000000	199.223493	0.837153	0.001960	0.001393	0.000262	0.001273	0.001824	2664.000000	199.223493	0.835590	0.001838	0.000971	0.000469	-0.000279	0.000645
3607	0.834703	0.002195	-0.000199	0.000620	0.000222	0.001859	2666.000000	199.223493	0.834182	0.002080	-0.000323	0.000475	0.000048	0.002127	2667.000000	199.223493	0.832716	0.003678	-0.000619	0.000474	0.000135	0.002224
3610	0.830749	0.002017	0.000562	0.000284	0.000511	0.002385	2669.000000	199.223493	0.831038	0.002228	0.000092	0.000362	-0.000424	0.002583	2670.000000	199.223493	0.830710	0.001960	-0.000501	0.000329	0.000212	0.001538
3613	0.831462	0.002327	0.000104	0.000354	0.000164	0.001458	2672.000000	199.223493	0.829070	0.002740	-0.000186	0.000668	0.000067	0.002018	2673.000000	199.223493	0.827894	0.003266	0.000233	0.000567	-0.002450	0.002591
3616	0.829186	0.002933	-0.000486	0.000482	-0.000984	0.002002	2675.000000	199.223493	0.830614	0.001671	0.000515	0.000601	-0.003366	0.001857	2676.000000	199.223493	0.829282	0.001742	0.000271	0.000572	-0.000453	0.001696
3619	0.828800	0.001889	0.000182	0.000467	0.000704	0.001736	2678.000000	199.223493	0.826543	0.001548	0.000504	0.000486	0.003241	0.001812	2679.000000	199.223493	0.828145	0.001195	-0.000608	0.000635	0.000955	0.001679
3622	0.828511	0.001542	0.000201	0.000817	-0.000424	0.001387	2681.000000	199.223493	0.828453	0.001322	-0.000954	0.000304	0.000733	0.002437	2682.000000	199.223493	0.831790	0.003108	-0.000162	0.000378	0.000029	0.001414
3625	0.829379	0.003032	-0.000375	0.000405	-0.001042	0.000895	2684.000000	199.223493	0.829649	0.002190	-0.001072	0.000268	0.000010	0.001015	2685.000000	199.223493	0.824383	0.002247	-0.000658	0.000147	-0.001669	0.001160
3628	0.824730	0.002453	0.000024	0.000337	-0.001833	0.000594	2687.000000	199.223493	0.824286	0.002687	-0.000024	0.000697	-0.002218	0.001051	2688.000000	199.223493	0.823843	0.004280	0.000483	0.000692	-0.000579	0.000831
3631	0.825598	0.004142	-0.000739	0.000459	-0.000077	0.000849	2690.000000	199.223493	0.824035	0.003848	-0.000293	0.000112	0.000231	0.001495	2691.000000	199.223493	0.822839	0.001965	-0.000013	0.000595	-0.001823	0.000215
3634	0.827218	0.002886	-0.001065	0.000386	-0.002305	0.000964	2693.000000	199.223493	0.824653	0.002987	-0.000565	0.000487	-0.001186	0.000941	2694.000000	199.223493	0.824036	0.002881	-0.000293	0.000529	-0.002199	0.001165
3637	0.825906	0.002766	0.000641	0.000449	-0.001553	0.001781	2696.000000	199.223493	0.825347	0.001504	0.000668	0.000436	0.001080	0.001589	2697.000000	199.223493	0.826505	0.001037	0.000850	0.000378	0.001032	0.001962
3640	0.825347	0.000778	0.000378	0.000490	0.001148	0.001553	2699.000000	199.223493	0.828762	0.001956	0.000510	0.000320	-0.000116	0.001173	2700.000000	199.223493	0.831308	0.001681	0.000114	0.000423	-0.000193	0.001830
3643	0.830922	0.001720	0.000665	0.000772	0.000559	0.001694	2702.000000	199.223493	0.833121	0.001551	-0.000167	0.000740	0.001100	0.001907	2703.000000	199.223493	0.832407	0.002195	-0.000391	0.000521	0.000772	0.001303
3646	0.834491	0.002744	0.000070	0.000333	-0.000579	0.001058	2705.000000	199.223493	0.832658	0.003135	-0.000418	0.000432	0.000444	0.001208	2706.000000	199.223493	0.830015	0.003149	-0.000594	0.000180	0.000743	0.001680
3649	0.831327	0.002441	0.000282	0.000489	-0.000781	0.001778	2708.000000	199.223493	0.831057	0.002204	0.000286	0.000400	-0.001360	0.001815	2709.000000	199.223493	0.831308	0.001801	-0.000437	0.000474	-0.001235	0.002100
3652	0.831751	0.001366	0.000092	0.000538	0.000058	0.001006	2711.000000	199.223493	0.831771	0.001725	0.000678	0.000550	-0.000916	0.001327	2712.000000	199.223493	0.832176	0.001225	0.000008	0.000174	-0.002980	0.000672
3655	0.831443	0.002052	-0.000023	0.000625	-0.001071	0.000904	2714.000000	199.223493	0.832369	0.001798	0.000274	0.000382	-0.002739	0.001335	2715.000000	199.223493	0.832909	0.001932	0.000862	0.000771	-0.003482	0.001342
3658	0.832928	0.001268	0.001020	0.000712	-0.001582	0.001565	2717.000000	199.223493	0.831501	0.001756	0.000607	0.000586	-0.003347	0.002096	2718.000000	199.223493	0.829610	0.002121	0.000222	0.000640	-0.001476	0.002636
3661	0.828935	0.003265	-0.000312	0.000283	-0.000637	0.001428	2720.000000	199.223493	0.830671	0.002551	-0.000165	0.000209	-0.001273	0.001696	2721.000000	199.223493	0.832523	0.002427	0.000327	0.000486	0.000801	0.000974
3664	0.834896	0.001903	-0.000864	0.000466	-0.001128	0.001531	2723.000000	199.223493	0.832793	0.001294	-0.000243	0.000665	-0.002093	0.001623	2724.000000	199.223493	0.835436	0.001602	-0.000607	0.000457	-0.001987	0.001345
3667	0.832041	0.002368	-0.000551	0.000267	-0.000511	0.002205	2726.000000	199.223493	0.834047	0.003177	0.000345	0.000578	0.000019	0.002527	2727.000000	199.223493	0.832967	0.002512	0.000445	0.000410	0.000260	0.002262
3670	0.830903	0.002485	0.000293	0.000420	0.001051	0.001843	2729.000000	199.223493	0.832658	0.001876	-0.000293	0.000470	0.001244	0.000913	2730.000000	199.223493	0.830787	0.003796	-0.000060	0.000293	0.001948	0.001902
3673	0.828299	0.003607	-0.000215	0.000693	0.002430	0.001383	2732.000000	199.223493	0.828048	0.002523	0.000498	0.000412	0.003144	0.002139	2733.000000	199.223493	0.828742	0.002794	-0.000441	0.000236	0.001910	0.001706
3676	0.825849	0.002574	-0.000014	0.000435	0.003675	0.001276	2735.000000	199.223493	0.827238	0.001865	-0.000563	0.000308	0.002643	0.001942	2736.000000	199.223493	0.828627	0.001809	-0.000440	0.000424	0.001919	0.002153
3679	0.828916	0.002814	0.000229	0.000542	0.002865	0.001752	2738.000000	199.223493	0.828376	0.003999	0.001401	0.000524	0.002440	0.001507	2739.000000	199.223493	0.825714	0.003538	0.000782	0.000451	0.001997	0.001701
3682	0.825405	0.002910	0.000045	0.000208	-0.001562	0.001680	2741.000000	199.223493	0.825540	0.002889	-0.000079	0.000347	0.001447	0.001801	2742.000000	199.223493	0.825829	0.002558	-0.000002	0.000380	0.001292	0.002008
3685	0.825559	0.001288	0.000025	0.000354	0.003636	0.002435	2744.000000	199.223493	0.825810	0.001519	-0.000142	0.000334	0.004610	0.003081	2745.000000	199.223493	0.823611	0.002144	-0.001326	0.000118	0.001939	0.003021
3688	0.825926	0.001698	-0.000525	0.000419	0.003675	0.002320	2747.000000	199.223493	0.829225	0.002517	-0.001503	0.000739	0.004147	0.002347	2748.000000	199.223493	0.832311	0.003322	0.000020	0.000739	0.002604	0.002019
3691	0.829919	0.003414	-0.000194	0.000359	0.003540	0.002596	2750.000000	199.223493	0.831809	0.003706	0.000318	0.000750	0.003395	0.001547	2751.000000	199.223493	0.829089	0.003950	0.000044	0.000623	0.001823	0.000611
3694	0.828704	0.004030	0.000317	0.000590	0.000868	0.001032	2753.000000	199.223493	0.828337	0.002990	0.000791	0.000142	-0.000154	0.001698	2754.000000	199.223493	0.831501	0.005280	0.000793	0.000458	0.000800	0.001959
3697	0.829553	0.004400	0.000503	0.000925	0.000781	0.001870	2756.000000	199.223493	0.831443	0.005938	0.000118	0.000637	-0.000164	0.001398	2757.000000	199.223493	0.833681	0.006251	-0.000465	0.000637	-0.000868	0.000827
3700	0.831539	0.007429	0.000592	0.000600	-0.002411	0.001734	2759.000000	199.223493	0.832928	0.005282	0.000349	0.000556	-0.001032	0.001682	2760.000000	199.223493	0.833681	0.004698	-0.000032	0.000571	-0.002922	0.001941
3703	0.834934	0.004566	0.000106	0.000439	-0.002325	0.001360	2762.000000	199.223493	0.832948	0.003108	-0.000899	0.000323	-0.003289	0.001369	2763.000000	199.223493	0.835166	0.003216	0.001050	0.000548	-0.002922	0.001336
3706	0.836555	0.002411	-0.000772	0.000508	-0.002739	0.001640	2765.000000	199.223493	0.836844	0.001839	-0.000018	0.000739	-0.001302	0.001898	2766.000000	199.223493	0.836863	0.001925	0.001421	0.000647	0.000386	0.001679
3709	0.835590	0.001621	0.000349	0.000731	-0.000116	0.001548	2768.000000	199.223493	0.831385	0.001407	0.000340	0.000435	0.000868	0.002466	2769.000000	199.223493	0.834510	0.001505	0.000761	0.000318	-0.000193	0.001927
3712	0.834182	0.002897	0.001083	0.000358	-0.000174	0.002494	2771.000000	199.223493	0.834143	0.002667	0.000239	0.000548	0.003250	0.002149	2772.000000	199.223493	0.833681	0.002263	0.000988	0.000674	0.004514	0.002243
3715	0.832928	0.003232	-0.000539	0.000462	0.005411	0.001427	2774.000000	199.223493	0.829707	0.002361	0.000173	0.000732	0.001765	0.002219	2775.000000	199.223493	0.832022	0.001966	-0.000104	0.000256	0.000858	0.001718
3718	0.830150	0.001740	0.000004	0.000442	0.001524	0.001221	2777.000000	199.223493	0.830729	0.002401	0.000287	0.000309	-0.000550	0.001129	2778.000000	199.223493	0.829938	0.002907	0.001404	0.000417	0.000781	0.001584
3721	0.828260	0.002791	0.002223	0.000686	-0.000058	0.001171	2780.000000	199.223493	0.829938	0.001806	-0.000317	0.000853	0.002180	0.001820	2781.000000	199.223493	0.829552	0.002225	-0.000245	0.000583	0.001283	0.001084
3724	0.832253	0.003480	0.001521	0.000864	0.001244	0.001374	2783.000000	199.223493	0.834819	0.003056	0.000846	0.000396	0.001871	0.000679	2784.000000	199.223493	0.832909	0.001108	-0.000481	0.000386	0.001042	0.001950
3727	0.832118	0.003401	-0.000668	0.000713	-0.000231	0.001845	2786.000000	199.223493	0.830247	0.002600	-0.000734	0.000815	-0.001408	0.001800	2787.000000	199.223493	0.828627	0.002574	0.000135	0.001144	-0.002527	0.001074
3730	0.832793	0.002096	-0.000314	0.000749	-0.002817	0.000421	2789.000000	199.223493	0.830517	0.001956	-0.000679	0.000616	-0.001939	0.000867	2790.000000	199.223493	0.829745	0.001531	-0.001640	0.000520	-0.003926	0.001575
3733	0.826408	0.003129	-0.001200	0.000605	-0.003202	0.000999	2792.000000	199.223493	0.830961	0.002366	-0.000724	0.000562	-0.002903	0.001819	2793.000000	199.223493	0.832234	0.003269	-0.001041	0.000481	0.000337	0.001698
3736	0.830787	0.003389	-0.000749	0.000497	-0.001331	0.001839	2795.000000	199.223493	0.833796	0.002745	-0.000575	0.000503	-0.002913	0.002103	2796.000000	199.223493	0.833044	0.003044	-0.000280	0.000829	-0.003164	0.001756
3739	0.830517	0.002596	-0.000794	0.000116	-0.003125	0.001792	2798.000000	199.223493	0.831404	0.002420	-0.001337	0.000403	-0.003298	0.001923	2799.000000	199.223493	0.829610	0.003081	-0.000280	0.000565	-0.001225	0.002083
3742	0.830980	0.003816	0.000270	0.000419	-0.003530	0.001371	2801.000000	199.223493	0.830420	0.003827	-0.000864	0.000431	-0.002720	0.001704	2802.000000	199.223493	0.830671	0.002520	-0.000311	0.000491	-0.002990	0.001019
3745	0.827373	0.002094	-0.000026	0.000336	-0.001987	0.001439	2804.000000	199.223493	0.826389	0.003052	0.000681	0.000412	-0.002247	0.001085	2805.000000	199.223493	0.826196	0.002395	0.000524	0.000423	-0.001968	0.000288
3748	0.826196	0.001963	0.000381	0.000493	-0.001350	0.000331	2807.000000	199.223493	0.826312	0.002934	-0.000346	0.000210	-0.001456	0.001498	2808.000000	199.223493	0.825733	0.002788	-0.000451	0.000376	-0.000260	0.000676
3751	0.829070	0.002713	-0.000042	0.000119	-0.001736	0.001344	2810.000000	199.223493	0.828684	0.002703	-0.001209	0.000347	-0.000424	0.001285	2811.000000	199.223493	0.831829	0.002514	-0.000545	0.000347	0.000164	0.001494
3754	0.830556	0.001465	0.000009	0.000194	0.000106	0.000672	2813.000000	199.223493	0.826987	0.002097	-0.000536	0.000328	0.001553	0.000769	2814.000000	199.223493	0.830536	0.003472	0.000623	0.000082	0.001524	0.000873
3757	0.830961	0.002113	0.000105	0.000311	0.000714	0.001748	2816.000000	199.223493	0.829958	0.002551	0.000147	0.000735	0.001592	0.001324	2817.000000	199.223493	0.832330	0.001738	-0.000261	0.000864	0.001389	0.001301
3760	0.831848	0.001724	0.000741	0.000778	0.000849	0.001561	2819.000000	199.223493	0.832253	0.002155	0.000674	0.000971	0.000945	0.001677	2820.000000	199.223493	0.832253	0.002741	0.000417	0.000402	0.002594	0.002179
3763	0.834896	0.003872	0.000389	0.000494	0.001447	0.001653	2822.000000	199.223493	0.834452	0.003658	0.000069	0.000503	0.000694	0.001901	2823.000000	199.223493	0.836690	0.005043	0.000621	0.000353	-0.000135	0.001625
3766	0.836285	0.004385	-0.000085	0.000484	-0.002035	0.001549	2825.000000	199.223493	0.835783	0.004449	0.000207	0.000417	-0.001543	0.000786	2826.000000	199.223493	0.833179	0.004433	-0.000547	0.000689	-0.002585	0.001718
3769	0.834471	0.005437	-0.000871	0.000827	-0.001968	0.001691	2828.000000	199.223493	0.830073	0.005423	-0.000146	0.000499	-0.001919	0.001441	2829.000000	199.223493	0.829340	0.003371	-0.000155	0.000390	-0.000029	0.001906
3772	0.826659	0.002958	-0.001284	0.000560	-0.000289	0.002547	2831.000000	199.223493	0.828414	0.000826	0.000653	0.000297	-0.000058	0.002296	2832.000000	199.223493	0.830150	0.001912	0.000582	0.000337	-0.000029	0.002289
3775	0.832812	0.002270	0.000594	0.000525	-0.001148	0.002208	2834.000000	199.223493	0.830845	0.002966	0.001177	0.000484	-0.000598	0.001878	2835.000000	199.223493	0.830729	0.003497	0.000664	0.000410	-0.003945	0.001932
3778	0.829070	0.003742	0.000962	0.000933	-0.002325	0.002674	2837.000000	199.223493	0.829205	0.001875	-0.000104	0.000177	-0.002267	0.002581	2838.000000	199.223493	0.827817	0.002526	-0.000419	0.000394	0.000473	0.002939
3781	0.829012	0.002038	-0.000507	0.000341	0.000694	0.003370	2840.000000	199.223493	0.830517	0.002617	-0.000411	0.000714	0.001109	0.003506	2841.000000	199.223493	0.829977	0.002214	-0.000178	0.000514	-0.000415	0.003598
3784	0.831231	0.002166	0.000677	0.000509	0.000926	0.002523	2843.000000	199.223493	0.830363	0.001314	0.000253	0.000454	0.000781	0.001907	2844.000000	199.223493	0.829089	0.001827	0.000608	0.000443	0.001196	0.002864
3787	0.831829	0.002236	0.001967	0.000784	0.001804	0.002844	2846.000000	199.223493	0.834143	0.002573	0.000346	0.000494	-0.000531	0.002912	2847.000000	199.223493	0.832851	0.001630	0.000043	0.000880	-0.001466	0.003181
3790	0.831694	0.002117	-0.000637	0.000300	-0.000868	0.004217	2849.000000	199.223493	0.830401	0.001298	-0.000260	0.000687	0.000222	0.003518	2850.000000	199.223493	0.831289	0.002183	-0.001155	0.000578	0.000067	0.003204
3793	0.830691	0.002040	0.000033	0.000373	0.000579	0.002419	2852.000000	199.223493	0.828279	0.001804	0.000276	0.000402	-0.000145	0.002814	2853.000000	199.223493	0.828897	0.002673	-0.001956	0.000762	-0.000502	0.002036
3796	0.830903	0.003307	-0.000026	0.000484	-0.003569	0.001713	2855.000000	199.223493	0.832446	0.003306	-0.000221	0.000993	-0.002363	0.002335	2856.000000	199.223493	0.830826	0.002382	0.000188	0.000988	-0.001360	0.002264
3799	0.832755	0.002751	-0.000341	0.000659	-0.000617	0.001644	2858.000000	199.223493	0.833545	0.002336	0.000128	0.000341	-0.000607	0.002131	2859.000000	199.223493	0.833835	0.002635	0.000518	0.000575	0.001572	0.001820
3802	0.835841	0.001583	-0.000066	0.000592	-0.001437	0.001755	2861.000000	199.223493	0.835899	0.001353	-0.000229	0.000315	-0.000560	0.001923	2862.000000	199.223493	0.836323	0.001246	-0.000254	0.000485	0.000019	0.001407
3805	0.835725	0.000818	0.000408	0.000473	0.001003	0.001871	2864.000000	199.223493	0.836304	0.000466	-0.000604	0.000241	0.000135	0.002538	2865.000000	199.223493	0.835243	0.001437	0.000816	0.000590	-0.000617	0.002770
3808	0.831655	0.002441	-0.000034	0.000420	-0.002623	0.001965	2867.000000	199.223493	0.832002	0.002906	0.000505	0.000273	-0.003221	0.003144	2868.000000	199.223493	0.833565	0.003001	-0.000761	0.000297	-0.001312	0.002646
3811	0.837944	0.002354	0.000167	0.000471	-0.001910	0.002896	2870.000000	199.223493	0.838387	0.004284	0.000145	0.000386	-0.000212	0.002043	2871.000000	199.223493	0.836400	0.002474	0.000848	0.000610	-0.001746	0.002209
3814	0.833140	0.002996	-0.000167	0.000319	-0.000347	0.002372	2873.000000	199.223493	0.832697	0.002038	-0.000135	0.000348	0.001697	0.002617	2874.000000	199.223493	0.831983	0.002132	-0.000786	0.000369	-0.000116	0.001379
3817	0.828241	0.001358	-0.000175	0.000197	-0.000820	0.001274	2876.000000	199.223493	0.829533	0.002887	-0.000799	0.000294	-0.001543	0.001807	2877.000000	199.223493	0.830189	0.002027	0.000269	0.000419	-0.003569	0.001627
3820	0.829803	0.001460	-0.000101	0.000467	-0.003549	0.000993	2879.000000	199.223493	0.830150	0.001510	0.000405	0.000752	-0.004379	0.001393	2880.000000	199.223493	0.830633	0.002097	0.000358	0.000491	-0.003530	0.000920
3823	0.829803	0.002080	-0.000023	0.000337	-0.003617	0.001430	2882.000000	199.223493	0.829090	0.002633	-0.000171	0.000478	-0.000887	0.001621	2883.000000	199.223493	0.828916	0.003041	0.000634	0.000265	-0.001591	0.002074
3826	0.828781	0.002662	0.000501	0.000685	-0.002566	0.000958	2885.000000	199.223493	0.827353	0.002397	-0.000012	0.000847	-0.000965	0.001899	2886.000000	199.223493	0.826948	0.001885	-0.000757	0.000293	-0.000222	0.002141
3829	0.825791	0.002382	-0.000158	0.000696	0.000106	0.001372	2888.000000	199.223493	0.828337	0.003361	0.000244	0.000210	-0.000058	0.000408	2889.000000	199.223493	0.826119	0.004444	0.000420	0.000198	0.000367	0.001543
3832	0.827681	0.003799	0.001238	0.000231	0.002479	0.001994	2891.000000	199.223493	0.825347	0.004464	0.001042	0.000293	0.001504	0.001269	2892.000000	199.223493	0.826891	0.004907	0.000593	0.000578	0.003405	0.001227
3835	0.828550	0.004482	-0.000373	0.000369	0.004099	0.001614	2894.000000	199.223493	0.832562	0.003265	0.000088	0.001096	0.003974	0.001301	2895.000000	199.223493	0.831462	0.003037	0.000854	0.001124	0.003019	0.001652
3838	0.831211	0.003022	0.000166	0.000626	0.000762	0.001338	2897.000000	199.223493	0.830247	0.002849	-0.000303	0.000664	-0.000396	0.000665	2898.000000	199.223493	0.828858	0.003047	-0.000521	0.000476	-0.000453	0.001211
3841	0.829167	0.001854	0.000208	0.000361	0.001862	0.000513	2900.000000	199.223493	0.833739	0.001760	0.000303	0.000592	0.001534	0.001281	2901.000000	199.223493	0.831983	0.000989	0.001032	0.000421	-0.000010	0.001879
3844	0.828916	0.001196	0.000490	0.000608	-0.000675	0.001691	2903.000000	199.223493	0.830324	0.002009	-0.000123	0.000262	0.000087	0.001173	2904.000000	199.223493	0.830864	0.002801	0.000786	0.000537	-0.001784	0.001834
3847	0.830613	0.003552	0.000623	0.000377	-0.002672	0.002126	2906.000000	199.223493	0.830749	0.004558	0.000437	0.000872	-0.002295	0.002554	2907.000000	199.223493	0.832330	0.003563	-0.000318	0.000830	-0.003231	0.002513
3850	0.831906	0.002798	0.000348	0.000718	-0.002566	0.002725	2909.000000	199.223493	0.830054	0.002970	-0.001604	0.000495	-0.002691	0.002033	2910.000000	199.223493	0.830941	0.002695	-0.000272	0.000324	-0.002614	0.001583
3853	0.827893	0.001843	-0.000457	0.000549	-0.002353	0.001335	2912.000000	199.223493	0.827778	0.001850	-0.000160	0.000345	-0.001360	0.001449	2913.000000	199.223493	0.828800	0.001586	0.000777	0.000618	-0.001129	0.001163
3856	0.828299	0.002563	-0.000532	0.000343	-0.002431	0.001533	2915.000000	199.223493	0.827199	0.002603	-0.000629	0.000737	-0.001022	0.001914	2916.000000	199.223493	0.827566	0.002957	0.000088	0.000359	0.000376	0.001953
3859	0.827141	0.001783	-0.000404	0.000238	-0.001726	0.001679	2918.000000	199.223493	0.829591	0.002138	0.000104	0.000381	-0.000318	0.001920	2919.000000	199.223493	0.829919	0.003980	-0.000259	0.000295	-0.000260	0.001610
3862	0.829360	0.003007	-0.000902	0.000699	-0.001360	0.001236	2921.000000	199.223493	0.829437	0.002642	0.000576	0.000396	-0.001659	0.001006	2922.000000	199.223493	0.830170	0.001381	0.000206	0.000902	-0.000453	0.000640
3865	0.831385	0.002640	-0.000308	0.000808	0.000338	0.000958	2924.000000	199.223493	0.832446	0.002051	-0.000350	0.000659	0.000309	0.001020	2925.000000	199.223493	0.830941	0.002625	0.000451	0.000552	0.000337	0.001179
3868	0.832369	0.002405	0.000778	0.000493	0.001331	0.000881	2927.000000	199.223493	0.832639	0.002697	0.000957	0.000534	0.002199	0.001194	2928.000000	199.223493	0.831597	0.002599	-0.000059	0.000638	0.000685	0.000529
3871	0.833777	0.002611	0.000127	0.000325	0.001707	0.000448	2930.000000	199.223493	0.833642	0.002906	0.000876	0.000844	0.002161	0.000301	2931.000000	199.223493	0.834452	0.002601	0.000636	0.000423	0.001157	0.000817
3874	0.833411	0.002719	0.000472	0.000480	0.001408	0.000580	2933.000000	199.223493	0.834934	0.003017	0.000500	0.000443	0.000212	0.000881	2934.000000	199.223493	0.831269	0.002566	0.000675	0.000457	0.001302	0.001172
3877	0.832793	0.002818	-0.000324	0.000439	0.001582	0.001807	2936.000000	199.223493	0.834568	0.002621	-0.000148	0.000703	0.001254	0.001519	2937.000000	199.223493	0.834664	0.002252	-0.000090	0.000714	0.003819	0.001078
3880	0.836381	0.002321	0.000931	0.000513	0.002575	0.000995	2939.000000	199.223493	0.834915	0.002036	-0.000737	0.000683	0.002739	0.001475	2940.000000	199.223493	0.835301	0.002137	0.000619	0.000603	0.003077	0.001198
3883	0.835416	0.002041	0.000347	0.000867	0.003424	0.001687	2942.000000	199.223493	0.835706	0.001881	-0.000062	0.000658	0.002816	0.001534	2943.000000	199.223493	0.831443	0.002721	0.000396	0.000450	0.001302	0.001309
3886	0.832079	0.003567	0.000624	0.000502	0.001871	0.001556	2945.000000	199.223493	0.831713	0.003461	-0.000131	0.000358	0.001813	0.001259	2946.000000	199.223493	0.832080	0.001898	0.000168	0.000473	0.000704	0.000969
3889	0.830903	0.002132	0.000712	0.001172	-0.000762	0.001501	2948.000000	199.223493	0.830286	0.000775	-0.000221	0.000490	0.000058	0.001295	2949.000000	199.223493	0.830691	0.001792	-0.000572	0.000519	-0.000357	0.001188
3892	0.831308	0.001631	0.000084	0.000675	0.000733	0.002153	2951.000000	199.223493	0.826968	0.001869	0.000565	0.000596	-0.000482	0.002018	2952.000000	199.223493	0.830556	0.002454	0.001399	0.000230	-0.002460	0.001820
3895	0.832504	0.001631	0.001028	0.000466	-0.003212	0.002164	2954.000000	199.223493	0.829340	0.004291	0.000830	0.000362	-0.002074	0.002328	2955.000000	199.223493	0.827546	0.004461	0.001004	0.000856	-0.006240	0.001844
3898	0.828395	0.004118	-0.000142	0.000657	-0.004552	0.001763	2957.000000	199.223493	0.829282	0.004245	0.000519	0.000636	-0.004977	0.001141	2958.000000	199.223493	0.830247	0.004398	0.000860	0.000397	-0.006829	0.001984
3901	0.830806	0.004256	0.000135	0.000591	-0.006375	0.001988	2960.000000	199.223493	0.831848	0.004439	0.001110	0.000323	-0.005199	0.002280	2961.000000	199.223493	0.830671	0.004564	0.001175	0.000434	-0.003800	0.002509
3904	0.830941	0.004207	-0.000267	0.000564	-0.003588	0.002333	2963.000000	199.223493	0.829765	0.003423	0.000542	0.000610	-0.003983	0.001511	2964.000000	199.223493	0.831867	0.003571	0.000749	0.000454	-0.003974	0.000616
3907	0.831886	0.003325	-0.000764	0.000585	-0.003665	0.001184	2966.000000	199.223493	0.834433	0.002294	-0.000345	0.000529	-0.002392	0.001581	2967.000000	199.223493	0.833449	0.001914	-0.001231	0.000522	-0.002604	0.001423
3910	0.832523	0.001181	-0.000042	0.000710	-0.003472	0.001655	2969.000000	199.223493	0.832543	0.001803	-0.000091	0.000525	-0.002614	0.002076	2970.000000	199.223493	0.833719	0.001540	-0.000630	0.000646	-0.004118	0.001655
3913	0.834761	0.002183	-0.000082	0.000812	-0.005121	0.002062	2972.000000	199.223493	0.833391	0.002512	0.000922	0.000327	-0.003762	0.002570	2973.000000	199.223493	0.833179	0.002243	0.001486	0.000577	-0.003578	0.002201
3916	0.832928	0.003082	-0.000048	0.000345	-0.001244	0.001904	2975.000000	199.223493	0.834433	0.003042	-0.000320	0.000400	-0.001389	0.001906	2976.000000	199.223493	0.834259	0.003712	0.000488	0.000301	-0.002315	0.001568
3919	0.833353	0.002398	-0.000057	0.000535	-0.002161	0.002486	2978.000000	199.223493	0.834298	0.002606	0.001068	0.000345	-0.001129	0.002224	2979.000000	199.223493	0.833854	0.002035	0.000489	0.000604	-0.001813	0.001331
3922	0.833970	0.002582	-0.000635	0.000515	-0.001447	0.001950	2981.000000	199.223493	0.834626	0.001842	-0.000432	0.000476	-0.001900	0.002044	2982.000000	199.223493	0.834124	0.002927	-0.000602	0.000483	-0.002151	0.002220
3925	0.830671	0.002045	0.000465	0.000319	-0.001244	0.002212	2984.000000	199.223493	0.831366	0.002027	0.000203	0.000357	-0.002392	0.001738	2985.000000	199.223493	0.828492	0.002708	-0.000402	0.000332	-0.001061	0.000710
3928	0.829147	0.002180	0.000270	0.000243	-0.000154	0.001322	2987.000000	199.223493	0.827855	0.002705	0.000231	0.000477	-0.000405	0.001824	2988.000000	199.223493	0.826968	0.003254	0.000728	0.000468	-0.002759	0.002530
3931	0.827527	0.002687	-0.000178	0.000422	-0.001572	0.001790	2990.000000	199.223493	0.830459	0.001703	0.000456	0.000618	-0.003675	0.001716	2991.000000	199.223493	0.829977	0.001658	0.000031	0.000740	-0.001958	0.001288
3934	0.830305	0.001938	0.000145	0.000487	-0.001206	0.001192	2993.000000	199.223493	0.829591	0.001370	0.000729	0.000467	0.002151	0.001325	2994.000000	199.223493	0.828858	0.001279	-0.000520	0.000653	0.000125	0.001196
3937	0.829417	0.001752	0.000998	0.001012	-0.000511	0.001345	2996.000000	199.223493	0.830691	0.001505	-0.000935	0.000312	0.000473	0.002369	2997.000000	199.223493	0.833275	0.003051	-0.000156	0.000376	0.000801	0.001788
3940	0.830652	0.003358	-0.000657	0.000387	-0.000473	0.001309	2999.000000	199.223493	0.831211	0.002612	-0.001170	0.000253	-0.000154	0.000966	3000.000000	199.223493	0.825598	0.002456	-0.000183	0.000479	-0.000993	0.001369
3943	0.825058	0.002461	0.000684	0.000423	-0.000453	0.001124	3002.000000	199.223493	0.825367	0.002919	0.000167	0.000745	-0.000415	0.001202	3003.000000	199.223493	0.825212	0.004179	-0.000219	0.000588	0.000289	0.000987
3946	0.826389	0.004006	-0.001346	0.000410	0.002218	0.001504	3005.000000	199.223493	0.825347	0.003657	-0.000468	0.000179	0.001987	0.001207	3006.000000	199.223493	0.823630	0.002035	-0.000463	0.000633	-0.000685	0.000915
3949	0.826563	0.003134	-0.001059	0.000383	-0.001553	0.001124	3008.000000	199.223493	0.822473	0.002919	-0.000503	0.000481	-0.000733	0.001110	3009.000000	199.223493	0.822550	0.002774	0.000139	0.000403	-0.001591	0.001019
3952	0.825154	0.002952	0.000530	0.000529	-0.001206	0.001680	3011.000000	199.223493	0.825617	0.001491	0.000335	0.000504	0.002237	0.001529	3012.000000	199.223493	0.826929	0.000851	0.000709	0.000374	0.002546	0.002115
3955	0.826640	0.001065	0.000366	0.000485	0.001794	0.001462	3014.000000	199.223493	0.829070	0.002071	0.000303	0.000283	0.000887	0.001306	3015.000000	199.223493	0.831115	0.001663	-0.000565	0.000416	0.000984	0.002355
3958	0.831462	0.001980	-0.000328	0.000364	0.000617	0.001734	3017.000000	199.223493	0.834337	0.002339	-0.000834	0.000574	0.000559	0.001774	3018.000000	199.223493	0.834413	0.002775	-0.000557	0.000378	-0.000164	0.001031
3961	0.835571	0.002987	-0.000315	0.000463	-0.000714	0.001035	3020.000000	199.223493	0.835320	0.003405	-0.000560	0.000443	0.000125	0.001318	3021.000000	199.223493	0.832253	0.002977	-0.000664	0.000129	0.000145	0.001586
3964	0.833218	0.002366	0.000203	0.000535	-0.000675	0.001768	3023.000000	199.223493	0.832157	0.002169	-0.000355	0.000454	-0.000222	0.001812	3024.000000	199.223493	0.832427	0.001367	-0.000629	0.000432	-0.000154	0.002072
3967	0.831771	0.001364	-0.000609	0.000481	0.000068	0.001006	3026.000000	199.223493	0.830941	0.001788	0.000167	0.000444	0.000251	0.001860	3027.000000	199.223493	0.830671	0.002074	0.000011	0.000173	-0.002324	0.000709
3970	0.830363	0.002597	0.000743	0.000430	-0.000907	0.000879	3029.000000	199.223493	0.829224	0.003684	0.000589	0.000414	-0.000907	0.001434	3030.000000	199.223493	0.829784	0.003355	0.001245	0.000671	-0.002411	0.001243
3973	0.832292	0.001482	0.001601	0.000487	-0.002122	0.001633	3032.000000	199.223493	0.830247	0.001627	0.000269	0.000489	-0.003501	0.002089	3033.000000	199.223493	0.829822	0.002144	0.000177	0.000607	-0.002132	0.002544
3976	0.828241	0.003117	-0.000463	0.000171	-0.001784	0.001351	3035.000000	199.223493	0.828260	0.001475	0.000139	0.000224	-0.000376	0.001831	3036.000000	199.223493	0.828954	0.002859	0.000684	0.000396	0.001013	0.000853
3979	0.832427	0.002034	-0.000704	0.000522	0.000733	0.001150	3038.000000	199.223493	0.831231	0.002245	-0.000235	0.000666	0.000386	0.001934	3039.000000	199.223493	0.834780	0.001947	-0.000464	0.000451	0.000309	0.001861
3982	0.831636	0.002531	-0.000266	0.000244	0.001235	0.001874	3041.000000	199.223493	0.834626	0.002945	0.000224	0.000566	0.000521	0.002225	3042.000000	199.223493	0.834259	0.002333	0.000906	0.000467	0.001833	0.000992
3985	0.829900	0.002442	-0.000006	0.000508	0.001341	0.001708	3044.000000	199.223493	0.830208	0.002130	-0.000259	0.000478	0.001234	0.000921	3045.000000	199.223493	0.827257	0.002171	0.000106	0.000205	0.001476	0.002156
3988	0.826640	0.002999	0.000032	0.000787	0.001524	0.001848	3047.000000	199.223493	0.827257	0.002299	0.000475	0.000421	0.003810	0.002076	3048.000000	199.223493	0.827431	0.002727	-0.000678	0.000246	0.002353	0.001781
3991	0.825309	0.002581	-0.000528	0.000295	0.003868	0.001314	3050.000000	199.223493	0.826987	0.001969	-0.000710	0.000372	0.001890	0.001983	3051.000000	199.223493	0.828414	0.001828	-0.000130	0.000544	0.000984	0.002181
3994	0.830247	0.002239	-0.000054	0.000687	0.002566	0.001847	3053.000000	199.223493	0.829225	0.003652	0.000994	0.000422	0.001765	0.001704	3054.000000	199.223493	0.827122	0.003430	0.000231	0.000316	0.001427	0.001770
3997	0.826582	0.002721	0.000129	0.000260	-0.001620	0.001689	3056.000000	199.223493	0.825849	0.002879	0.000307	0.000437	0.000714	0.001957	3057.000000	199.223493	0.827353	0.002505	0.000366	0.000601	0.001273	0.002013
4000	0.826987	0.001292	0.000698	0.000383	0.003694	0.002436	3059.000000	199.223493	0.826832	0.001717	0.000070	0.000364	0.002430	0.002913	3060.000000	199.223493	0.826080	0.002356	-0.000881	0.000465	0.000415	0.003100
4003	0.826003	0.001729	-0.000098	0.000617	0.001456	0.002592	3062.000000	199.223493	0.827758	0.001403	-0.001736	0.000637	0.002267	0.002195	3063.000000	199.223493	0.830826	0.002790	-0.000674	0.000605	0.001389	0.001807
4006	0.830671	0.003735	-0.000240	0.000388	0.000897	0.002226	3065.000000	199.223493	0.831867	0.003723	-0.000185	0.000754	0.002315	0.001744	3066.000000	199.223493	0.829321	0.004078	0.000899	0.000565	0.001649	0.000602
4009	0.828414	0.003862	0.001095	0.000570	0.001302	0.000883	3068.000000	199.223493	0.828511	0.003061	0.001056	0.000173	-0.001061	0.001538	3069.000000	199.223493	0.831636	0.005296	0.000772	0.000458	0.000878	0.001987
4012	0.829495	0.004384	-0.000500	0.000426	0.000858	0.001895	3071.000000	199.223493	0.831501	0.005946	0.000283	0.000671	0.000473	0.001474	3072.000000	199.223493	0.831655	0.005855	-0.000765	0.000585	-0.000675	0.000966
4015	0.829919	0.006969	0.000238	0.000489	-0.002874	0.001458	3074.000000	199.223493	0.831867	0.004957	0.000043	0.000455	-0.002170	0.001363	3075.000000	199.223493	0.832581	0.004279	-0.000183	0.000488	-0.003106	0.001858
4018	0.833488	0.004174	-0.000018	0.000443	-0.002141	0.001444	3077.000000	199.223493	0.831501	0.002683	-0.000694	0.000232	-0.002652	0.001764	3078.000000	199.223493	0.831674	0.002467	0.000488	0.000372	-0.001977	0.001743
4021	0.833681	0.002245	-0.000482	0.000404	-0.001968	0.002002	3080.000000	199.223493	0.833951	0.001592	0.000017	0.000739	0.000125	0.002281	3081.000000	199.223493	0.834182	0.002252	0.000862	0.000370	0.001051	0.002028
4024	0.834143	0.001955	0.000387	0.000737	0.001746	0.002531	3083.000000	199.223493	0.831713	0.001188	0.000115	0.000373	0.001813	0.002914	3084.000000	199.223493	0.833160	0.001718	0.000459	0.000402	0.000299	0.002066
4027	0.832735	0.003359	0.000563	0.000356	-0.000241	0.002478	3086.000000	199.223493	0.831636	0.003261	0.000339	0.000569	0.002951	0.002005	3087.000000	199.223493	0.833758	0.002239	0.000684	0.000651	0.004080	0.002101
4030	0.832195	0.003263	0.000242	0.000755	0.005344	0.001422	3089.000000	199.223493	0.831424	0.002392	0.000219	0.000724	0.002295	0.002337	3090.000000	199.223493	0.834568	0.002919	0.000277	0.000240	0.001292	0.001838
4033	0.833102	0.002357	0.000029	0.000454	0.002247	0.001612	3092.000000	199.223493	0.834741	0.002171	0.000410	0.000386	0.000569	0.001354	3093.000000	199.223493	0.834394	0.003123	0.001337	0.000450	-0.000164	0.001540
4036	0.832639	0.003618	0.001977	0.000766	0.000289	0.001383	3095.000000	199.223493	0.833565	0.003123	-0.000038	0.000780	0.003299	0.002075	3096.000000	199.223493	0.833796	0.002930	-0.000249	0.000584	0.002961	0.001873
4039	0.837538	0.003415	0.001024	0.000921	0.003154	0.001756	3098.000000	199.223493	0.838542	0.002728	0.000958	0.000477	0.002739	0.001017	3099.000000	199.223493	0.835764	0.001716	0.000093	0.000437	0.001003	0.001931
4042	0.836458	0.002444	0.000031	0.000824	0.000270	0.002149	3101.000000	199.223493	0.834337	0.002304	0.000256	0.001347	-0.001148	0.001955	3102.000000	199.223493	0.833816	0.003272	0.000678	0.001199	-0.001061	0.002154
4045	0.836420	0.002188	-0.000070	0.000721	-0.000762	0.001825	3104.000000	199.223493	0.834317	0.002655	-0.000501	0.000585	-0.001013	0.001574	3105.000000	199.223493	0.832388	0.002473	-0.001764	0.000446	-0.002151	0.002665
4048	0.828491	0.003823	-0.001094	0.000644	-0.001996	0.001845	3107.000000	199.223493	0.833874	0.002459	-0.000316	0.000588	-0.002189	0.002063	3108.000000	199.223493	0.835263	0.003272	-0.000620	0.000571	0.000096	0.001666
4051	0.835629	0.002908	-0.000042	0.000917	-0.001726	0.001751	3110.000000	199.223493	0.838773	0.003355	-0.000275	0.000584	-0.002710	0.002156	3111.000000	199.223493	0.836748	0.003658	0.000587	0.001279	-0.002238	0.002060
4054	0.833623	0.003899	0.000021	0.000694	-0.003193	0.001776	3113.000000	199.223493	0.833796	0.003397	-0.000939	0.000629	-0.003752	0.001673	3114.000000	199.223493	0.830208	0.003432	-0.000226	0.000559	-0.001215	0.002089
4057	0.829475	0.002918	0.000275	0.000417	-0.002566	0.001935	3116.000000	199.223493	0.830748	0.004028	-0.000479	0.000395	-0.002228	0.002033	3117.000000	199.223493	0.830748	0.002569	-0.000290	0.000494	-0.001639	0.001888
4060	0.828858	0.002982	0.000176	0.000485	-0.001331	0.001859	3119.000000	199.223493	0.826524	0.003126	0.000513	0.000370	-0.001447	0.001634	3120.000000	199.223493	0.826833	0.002583	0.000585	0.000388	-0.000125	0.001392
4063	0.825945	0.001909	0.000786	0.000349	-0.000174	0.001163	3122.000000	199.223493	0.828588	0.003065	0.000101	0.000216	0.000222	0.001081	3123.000000	199.223493	0.826543	0.002746	0.000217	0.000527	0.001341	0.001003
4066	0.829900	0.002513	0.000256	0.000330	0.000260	0.001554	3125.000000	199.223493	0.829051	0.002588	-0.000656	0.000774	0.000492	0.000969	3126.000000	199.223493	0.832774	0.002296	-0.000543	0.000348	0.001109	0.001040
4069	0.831462	0.001774	0.000004	0.000196	-0.000482	0.001083	3128.000000	199.223493	0.828241	0.002437	-0.000348	0.000225	-0.000087	0.001931	3129.000000	199.223493	0.831829	0.003456	0.000422	0.000116	-0.000434	0.001683
4072	0.830536	0.002175	0.000404	0.000107	-0.001022	0.001988	3131.000000	199.223493	0.828511	0.002211	0.000363	0.000743	-0.000328	0.001742	3132.000000	199.223493	0.830652	0.001051	0.000000	0.000893	0.000637	0.001387
4075	0.830556	0.001181	0.001235	0.000679	0.000685	0.001508	3134.000000	199.223493	0.831867	0.001913	0.000075	0.000822	0.000376	0.001472	3135.000000	199.223493	0.833372	0.003202	0.000234	0.000320	0.002006	0.002040
4078	0.833816	0.003602	0.000271	0.000557	0.002344	0.002059	3137.000000	199.223493	0.832774	0.003044	0.000346	0.000329	0.001485	0.002412	3138.000000	199.223493	0.832851	0.003033	0.000122	0.000404	0.000762	0.002257
4081	0.832678	0.002095	-0.000024	0.000494	-0.001061	0.002067	3140.000000	199.223493	0.830749	0.002403	0.000012	0.000392	-0.000338	0.001749	3141.000000	199.223493	0.829707	0.002931	-0.000774	0.000545	-0.000858	0.002188
4084	0.829803	0.003387	-0.001039	0.000751	-0.001013	0.002057	3143.000000	199.223493	0.826273	0.002980	-0.000187	0.000497	-0.000106	0.002376	3144.000000	199.223493	0.826003	0.002000	-0.000022	0.000403	0.001013	0.002195
4087	0.825193	0.002504	-0.001023	0.000557	0.002035	0.003142	3146.000000	199.223493	0.829167	0.001169	0.000951	0.000332	0.001765	0.003079	3147.000000	199.223493	0.828530	0.001278	-0.000092	0.000672	0.000955	0.002774
4090	0.832002	0.001698	-0.000033	0.000412	-0.000232	0.002584	3149.000000	199.223493	0.829668	0.001921	0.001268	0.000511	-0.000183	0.002104	3150.000000	199.223493	0.829842	0.002876	0.000004	0.000307	-0.003366	0.002293
4093	0.827238	0.002722	0.000227	0.000302	-0.003019	0.002407	3152.000000	199.223493	0.829051	0.001798	0.000586	0.000670	-0.003472	0.002110	3153.000000	199.223493	0.826910	0.002166	-0.000378	0.000409	-0.001080	0.002420
4096	0.828800	0.001911	-0.000239	0.000482	-0.000965	0.002755	3155.000000	199.223493	0.829398	0.002525	-0.000019	0.000648	-0.000820	0.002717	3156.000000	199.223493	0.829668	0.002133	-0.000448	0.000542	-0.003173	0.002365
4099	0.829398	0.002137	0.000480	0.000461	-0.001022	0.001591	3158.000000	199.223493	0.830305	0.001309	0.000314	0.000462	-0.000916	0.001301	3159.000000	199.223493	0.829167	0.001849	0.000440	0.000437	-0.002112	0.001277
4102	0.830131	0.002427	0.002299	0.000585	-0.001090	0.002570	3161.000000	199.223493	0.834375	0.002509	-0.000153	0.000430	-0.002286	0.002337	3162.000000	199.223493	0.832562	0.001749	0.000196	0.000838	-0.003125	0.002651
4105	0.831752	0.002099	-0.000581	0.000271	-0.003588	0.003411	3164.000000	199.223493	0.830035	0.001543	-0.000055	0.000701	-0.001871	0.002841	3165.000000	199.223493	0.831617	0.001976	-0.000822	0.000617	-0.000945	0.002915
4108	0.831559	0.001781	0.000021	0.000368	-0.001572	0.002386	3167.000000	199.223493	0.830266	0.001240	-0.000187	0.000106	-0.002508	0.003107	3168.000000	199.223493	0.830575	0.001820	-0.001845	0.000832	-0.003038	0.002356
4111	0.832523	0.002997	0.000128	0.000506	-0.004070	0.001689	3170.000000	199.223493	0.834317	0.003285	0.000089	0.001112	-0.004417	0.002750	3171.000000	199.223493	0.833970	0.002118	-0.000224	0.000867	-0.004196	0.002541
4114	0.835262	0.001997	-0.000557	0.000653	-0.004958	0.003055	3173.000000	199.223493	0.836092	0.001961	0.000274	0.000395	-0.004996	0.003107	3174.000000	199.223493	0.835899	0.002441	0.000549	0.000586	-0.003009	0.003161
4117	0.838542	0.001739	-0.000877	0.000759	-0.004446	0.002102	3176.000000	199.223493	0.836285	0.001288	-0.000607	0.000252	-0.003926	0.001764	3177.000000	199.223493	0.838464	0.001292	-0.000530	0.000403	-0.002990	0.002034
4120	0.836941	0.001541	-0.000223	0.000545	-0.001756	0.001364	3179.000000	199.223493	0.837982	0.001331	-0.000366	0.000323	-0.003357	0.001197	3180.000000	199.223493	0.837365	0.002332	0.000670	0.000585	-0.003491	0.001644
4123	0.833603	0.003586	-0.000159	0.000475	-0.004359	0.001646	3182.000000	199.223493	0.833989	0.004071	-0.000395	0.000766	-0.004909	0.002794	3183.000000	199.223493	0.834626	0.003723	-0.000301	0.000541	-0.003260	0.002451
4126	0.837133	0.001749	0.000345	0.000500	-0.004253	0.001939	3185.000000	199.223493	0.835918	0.002355	-0.000434	0.000377	-0.003453	0.001244	3186.000000	199.223493	0.835995	0.002175	0.001392	0.000678	-0.004813	0.001203
4129	0.832677	0.002633	-0.000026	0.000365	-0.003540	0.002100	3188.000000	199.223493	0.832774	0.002096	0.000220	0.000276	-0.001881	0.002242	3189.000000	199.223493	0.832137	0.002258	-0.000835	0.000353	-0.002460	0.001589
4132	0.828916	0.001927	-0.000536	0.000277	-0.002700	0.001215	3191.000000	199.223493	0.828318	0.001992	-0.000986	0.000230	-0.001620	0.001808	3192.000000	199.223493	0.829205	0.001392	-0.000162	0.000583	-0.003916	0.001609
4135	0.829109	0.001458	0.000423	0.000614	-0.004215	0.000919	3194.000000	199.223493	0.828472	0.001527	0.001107	0.000373	-0.003877	0.001443	3195.000000	199.223493	0.830363	0.002101	0.000799	0.000290	-0.003434	0.000939
4138	0.828839	0.001700	0.000226	0.000336	-0.003964	0.001371	3197.000000	199.223493	0.828723	0.002690	0.000250	0.000221	-0.002942	0.000632	3198.000000	199.223493	0.828183	0.003116	0.000754	0.000282	-0.003935	0.000934
4141	0.827238	0.002545	0.000135	0.000430	-0.004244	0.000736	3200.000000	199.223493	0.825887	0.001932	0.000909	0.000416	-0.003588	0.001057	3201.000000	199.223493	0.826100	0.001716	-0.000804	0.000274	-0.002652	0.001370
4144	0.824171	0.002515	-0.000757	0.000564	-0.001312	0.001236	3203.000000	199.223493	0.823881	0.004048	0.000073	0.000146	-0.000579	0.000501	3204.000000	199.223493	0.822241	0.004013	0.000215	0.000319	-0.000077	0.001523
4147	0.824035	0.002771	0.000843	0.000482	0.001562	0.001540	3206.000000	199.223493	0.820602	0.002885	0.000744	0.000551	0.000511	0.001128	3207.000000	199.223493	0.821509	0.003183	-0.000400	0.000494	0.002257	0.001044
4150	0.823380	0.002905	-0.000268	0.000422	0.001939	0.001401	3209.000000	199.223493	0.828453	0.003121	-0.000105	0.001045	0.002064	0.001324	3210.000000	199.223493	0.829957	0.002733	-0.000025	0.000917	0.001080	0.001772
4153	0.829726	0.002602	-0.000666	0.000468	-0.000810	0.001393	3212.000000	199.223493	0.829900	0.002816	-0.000195	0.000692	-0.000357	0.000649	3213.000000	199.223493	0.828993	0.003073	-0.000550	0.000482	-0.000231	0.001234
4156	0.828781	0.001809	-0.000026	0.000332	0.001514	0.000656	3215.000000	199.223493	0.833642	0.001772	0.000308	0.000591	0.001437	0.001330	3216.000000	199.223493	0.831520	0.001080	0.001112	0.000442	0.000762	0.001657
4159	0.828511	0.000985	0.000642	0.000556	-0.000656	0.001686	3218.000000	199.223493	0.828819	0.001091	0.000258	0.000302	-0.000183	0.001180	3219.000000	199.223493	0.827334	0.001392	0.000635	0.000625	-0.000733	0.001864
4162	0.827218	0.001118	0.000732	0.000378	-0.001302	0.002133	3221.000000	199.223493	0.828222	0.002787	0.001086	0.000468	-0.001996	0.002580	3222.000000	199.223493	0.830343	0.001966	0.000451	0.000394	-0.003125	0.002492
4165	0.832504	0.003103	0.000842	0.000532	-0.002006	0.002631	3224.000000	199.223493	0.830054	0.002970	-0.001308	0.000493	-0.001331	0.001969	3225.000000	199.223493	0.831732	0.003067	-0.000148	0.000414	-0.002517	0.001595
4168	0.827893	0.001843	-0.000466	0.000546	-0.002247	0.001364	3227.000000	199.223493	0.828781	0.001995	0.000167	0.000500	-0.001061	0.001539	3228.000000	199.223493	0.829668	0.001727	0.000911	0.000598	-0.001071	0.001204
4171	0.830806	0.002548	0.000618	0.000970	-0.001919	0.001771	3230.000000	199.223493	0.828800	0.002541	-0.000110	0.000901	-0.001360	0.001685	3231.000000	199.223493	0.829591	0.002178	0.000260	0.000436	-0.000473	0.001206
4174	0.828800	0.000988	-0.000276	0.000293	-0.002729	0.000829	3233.000000	199.223493	0.829900	0.001980	0.000337	0.000452	-0.001398	0.001307	3234.000000	199.223493	0.831482	0.003112	-0.000580	0.000148	-0.001630	0.001654
4177	0.832022	0.001377	-0.000962	0.000690	-0.001591	0.001143	3236.000000	199.223493	0.831694	0.001332	-0.000027	0.000568	-0.001177	0.001247	3237.000000	199.223493	0.830556	0.001118	0.000393	0.000924	-0.000579	0.000561
4180	0.833835	0.001097	-0.000701	0.000690	-0.000685	0.000627	3239.000000	199.223493	0.834722	0.001367	-0.000189	0.000731	-0.000135	0.000777	3240.000000	199.223493	0.833738	0.001877	0.000068	0.000714	-0.000917	0.001072
4183	0.834066	0.001215	0.000793	0.000482	0.000964	0.000839	3242.000000	199.223493	0.835147	0.000570	0.000667	0.000744	0.001013	0.001444	3243.000000	199.223493	0.834549	0.000793	-0.000578	0.000877	0.000222	0.000618
4186	0.835918	0.001825	-0.000446	0.000656	0.001563	0.000382	3245.000000	199.223493	0.834510	0.002300	0.000723	0.000905	0.001187	0.000845	3246.000000	199.223493	0.833410	0.003292	0.000537	0.000463	0.001119	0.000808
4189	0.833449	0.002698	0.000082	0.000375	0.002045	0.000526	3248.000000	199.223493	0.834510	0.003246	0.000198	0.000375	-0.000135	0.000903	3249.000000	199.223493	0.830228	0.002770	0.000209	0.000522	0.000261	0.000892
4192	0.831096	0.003256	-0.000596	0.000495	0.000955	0.001731	3251.000000	199.223493	0.832253	0.002969	-0.000540	0.000472	0.000280	0.001521	3252.000000	199.223493	0.833275	0.002527	-0.000365	0.000580	0.002382	0.000758
4195	0.832658	0.003418	0.001317	0.000244	0.000511	0.001144	3254.000000	199.223493	0.832388	0.002967	-0.000316	0.000696	0.001543	0.001241	3255.000000	199.223493	0.831694	0.003731	0.000887	0.000394	0.001678	0.001497
4198	0.831501	0.002759	0.000924	0.000567	0.001177	0.001995	3257.000000	199.223493	0.834009	0.002645	0.000182	0.000516	0.001283	0.001927	3258.000000	199.223493	0.831154	0.002887	0.000645	0.000450	0.000376	0.001723
4201	0.831809	0.003665	0.001188	0.000605	0.000473	0.001580	3260.000000	199.223493	0.830536	0.003926	0.000079	0.000374	0.000781	0.001670	3261.000000	199.223493	0.831192	0.002438	0.000796	0.000481	-0.000723	0.001316
4204	0.830498	0.002466	0.001111	0.001008	-0.001533	0.001334	3263.000000	199.223493	0.828607	0.001946	-0.000021	0.000391	0.000530	0.001147	3264.000000	199.223493	0.829263	0.002983	-0.000666	0.000496	-0.001177	0.001250
4207	0.829610	0.002824	0.000091	0.000677	0.001302	0.002175	3266.000000	199.223493	0.824826	0.002767	0.000701	0.000600	-0.001495	0.002122	3267.000000	199.223493	0.831019	0.002359	0.001200	0.000272	-0.004234	0.002063
4210	0.831964	0.001746	0.001115	0.000463	-0.003752	0.002271	3269.000000	199.223493	0.831867	0.002680	0.001009	0.000241	-0.003260	0.002545	3270.000000	199.223493	0.830845	0.002615	0.001112	0.000817	-0.006713	0.001867
4213	0.830845	0.002971	-0.000162	0.000654	-0.005150	0.001909	3272.000000	199.223493	0.831559	0.003384	0.000451	0.000655	-0.005141	0.001169	3273.000000	199.223493	0.832272	0.004056	0.000222	0.000652	-0.005710	0.001544
4216	0.833256	0.004074	-0.000390	0.000559	-0.006231	0.001928	3275.000000	199.223493	0.835648	0.003373	0.000051	0.000937	-0.006347	0.002430	3276.000000	199.223493	0.833507	0.004088	0.000272	0.000792	-0.004225	0.002580
4219	0.833565	0.003975	-0.001001	0.000686	-0.005025	0.001995	3278.000000	199.223493	0.832620	0.003123	-0.000290	0.000760	-0.006096	0.001511	3279.000000	199.223493	0.832542	0.003365	0.000487	0.000490	-0.004495	0.000576
4222	0.832465	0.003199	-0.000231	0.000505	-0.004302	0.000848	3281.000000	199.223493	0.834433	0.002294	-0.000256	0.000573	-0.003491	0.000942	3282.000000	199.223493	0.833102	0.001967	-0.000465	0.000730	-0.003318	0.000979
4225	0.832465	0.001179	0.000429	0.000790	-0.004176	0.001194	3284.000000	199.223493	0.831906	0.001465	-0.000153	0.000536	-0.003482	0.001591	3285.000000	199.223493	0.834336	0.001789	-0.000756	0.000648	-0.004697	0.001349
4228	0.833507	0.001344	0.000367	0.000584	-0.007253	0.001456	3287.000000	199.223493	0.831481	0.001354	0.000632	0.000468	-0.006462	0.001440	3288.000000	199.223493	0.831018	0.001277	0.000705	0.000367	-0.005016	0.001167
4231	0.830382	0.002331	0.000479	0.000386	-0.003463	0.000852	3290.000000	199.223493	0.832369	0.003044	-0.000252	0.000402	-0.002826	0.001244	3291.000000	199.223493	0.832851	0.003811	0.001148	0.000583	-0.003521	0.000818
4234	0.832581	0.002418	0.000020	0.000552	-0.003569	0.001572	3293.000000	199.223493	0.832986	0.002885	0.001373	0.000351	-0.002826	0.001343	3294.000000	199.223493	0.832542	0.002530	0.000751	0.000568	-0.002729	0.001052
4237	0.833468	0.002689	-0.000365	0.000393	-0.004282	0.001325	3296.000000	199.223493	0.834587	0.001853	-0.000279	0.000393	-0.003955	0.000695	3297.000000	199.223493	0.833083	0.002993	-0.000745	0.000507	-0.003578	0.001579
4240	0.829398	0.001853	0.000378	0.000273	-0.003453	0.001282	3299.000000	199.223493	0.831192	0.002024	-0.000310	0.000412	-0.004138	0.000648	3300.000000	199.223493	0.828395	0.002722	0.000024	0.000273	-0.001437	0.000590
4243	0.828839	0.002248	-0.000198	0.000258	-0.000367	0.001303	3302.000000	199.223493	0.828665	0.002766	-0.000187	0.000655	-0.000116	0.001871	3303.000000	199.223493	0.828569	0.003218	0.000015	0.000501	-0.003106	0.002312
4246	0.829591	0.003406	0.000264	0.000413	-0.001302	0.001914	3305.000000	199.223493	0.832253	0.002168	0.000530	0.000611	-0.001630	0.002478	3306.000000	199.223493	0.831115	0.001753	-0.000592	0.000526	-0.001148	0.001481
4249	0.832465	0.001832	0.000069	0.000477	-0.000299	0.001832	3308.000000	199.223493	0.829707	0.001387	0.000983	0.000343	0.004061	0.001813	3309.000000	199.223493	0.828993	0.001322	0.000050	0.000604	0.002160	0.001994
4252	0.829629	0.001846	0.001337	0.000926	0.001003	0.001473	3311.000000	199.223493	0.831289	0.001657	-0.000849	0.000259	0.002537	0.002299	3312.000000	199.223493	0.833488	0.003067	-0.000467	0.000261	0.003009	0.002033
4255	0.830556	0.003358	-0.000400	0.000236	0.001736	0.002111	3314.000000	199.223493	0.830035	0.002988	-0.001020	0.000342	0.001862	0.002212	3315.000000	199.223493	0.826871	0.002482	-0.000223	0.000491	0.002595	0.002418
4258	0.826003	0.002836	0.000390	0.000563	0.002816	0.002370	3317.000000	199.223493	0.827951	0.003396	-0.000025	0.000803	0.001206	0.001511	3318.000000	199.223493	0.827141	0.004481	-0.000199	0.000578	0.002334	0.001480
4261	0.829553	0.004502	-0.001137	0.000439	0.003646	0.001321	3320.000000	199.223493	0.829301	0.004269	-0.000283	0.000215	0.003212	0.001477	3321.000000	199.223493	0.828955	0.003877	-0.000802	0.000370	0.000781	0.001276
4264	0.830478	0.003716	-0.000705	0.000380	0.000897	0.001677	3323.000000	199.223493	0.826196	0.003657	-0.000399	0.000465	0.001958	0.001872	3324.000000	199.223493	0.825887	0.003264	0.000329	0.000412	0.000521	0.001817
4267	0.826717	0.003273	0.000579	0.000525	0.001128	0.001263	3326.000000	199.223493	0.826640	0.001972	0.000324	0.000504	0.003858	0.000977	3327.000000	199.223493	0.828858	0.001421	0.000398	0.000410	0.004880	0.000957
4270	0.827045	0.000955	0.000271	0.000457	0.003164	0.000500	3329.000000	199.223493	0.828511	0.001966	0.000389	0.000349	0.002160	0.000827	3330.000000	199.223493	0.829977	0.001215	-0.000546	0.000423	0.002768	0.001647
4273	0.830266	0.001961	-0.000096	0.000364	0.002566	0.001210	3332.000000	199.223493	0.833025	0.002852	-0.000778	0.000583	0.001919	0.000884	3333.000000	199.223493	0.831327	0.002714	-0.000450	0.000354	0.000482	0.000607
4276	0.831520	0.002446	-0.000438	0.000452	0.000492	0.000951	3335.000000	199.223493	0.830691	0.002882	-0.000939	0.000422	0.001929	0.001280	3336.000000	199.223493	0.829128	0.002530	-0.000355	0.000258	0.002151	0.001216
4279	0.830864	0.002396	0.000413	0.000577	0.000974	0.001754	3338.000000	199.223493	0.830150	0.001368	-0.000327	0.000466	0.000897	0.002025	3339.000000	199.223493	0.830691	0.001083	-0.000720	0.000425	0.000318	0.002058
4282	0.828646	0.001996	-0.000449	0.000567	0.000521	0.001091	3341.000000	199.223493	0.826678	0.002598	0.000420	0.000399	0.001157	0.001871	3342.000000	199.223493	0.827797	0.002253	-0.000064	0.000190	-0.001698	0.001000
4285	0.826640	0.003179	0.000191	0.000391	-0.000666	0.001074	3344.000000	199.223493	0.825058	0.003287	0.000538	0.000397	0.000347	0.000864	3345.000000	199.223493	0.824363	0.003838	0.001162	0.000679	-0.000347	0.000757
4288	0.827759	0.003391	0.001277	0.000658	-0.000183	0.000921	3347.000000	199.223493	0.827874	0.002205	-0.000031	0.000563	-0.000926	0.001074	3348.000000	199.223493	0.826485	0.003013	-0.000180	0.000645	0.000926	0.001569
4291	0.825058	0.003062	-0.000620	0.000167	-0.000087	0.001332	3350.000000	199.223493	0.826505	0.001644	-0.000020	0.000307	0.001389	0.001002	3351.000000	199.223493	0.827720	0.003054	0.000946	0.000321	0.001476	0.000823
4294	0.831211	0.001925	-0.000471	0.000505	0.000762	0.001126	3353.000000	199.223493	0.829803	0.001631	0.000281	0.000540	0.000357	0.001954	3354.000000	199.223493	0.831809	0.001340	-0.000226	0.000306	0.000723	0.001615
4297	0.828241	0.001184	-0.000056	0.000242	0.001649	0.001522	3356.000000	199.223493	0.832832	0.002200	0.000570	0.000346	0.000174	0.002418	3357.000000	199.223493	0.835166	0.002920	0.000424	0.000607	0.000029	0.001957
4300	0.831559	0.003624	-0.000870	0.000386	0.000135	0.002479	3359.000000	199.223493	0.831269	0.002791	-0.000456	0.000547	-0.000203	0.001515	3360.000000	199.223493	0.828279	0.002910	-0.000433	0.000388	0.000424	0.002593
4303	0.828993	0.004348	-0.000287	0.000973	-0.000347	0.002772	3362.000000	199.223493	0.827894	0.002775	0.000225	0.000398	0.002749	0.002820	3363.000000	199.223493	0.826852	0.002225	-0.000540	0.000198	0.001678	0.002281
4306	0.825907	0.003099	-0.000313	0.000420	0.002739	0.002114	3365.000000	199.223493	0.827392	0.002282	-0.000198	0.000639	0.000955	0.002149	3366.000000	199.223493	0.828279	0.001734	-0.000050	0.000581	0.000328	0.002471
4309	0.828704	0.001201	-0.000835	0.000466	0.002527	0.001867	3368.000000	199.223493	0.827238	0.002225	0.000191	0.000334	0.001456	0.001761	3369.000000	199.223493	0.825868	0.002535	0.000200	0.000318	0.000482	0.001815
4312	0.826813	0.002908	0.000037	0.000296	-0.001331	0.001827	3371.000000	199.223493	0.826254	0.003104	0.000804	0.000431	0.000530	0.001909	3372.000000	199.223493	0.826543	0.002329	0.000150	0.000658	0.001611	0.002046
4315	0.827315	0.001305	0.000738	0.000393	0.001910	0.002682	3374.000000	199.223493	0.830170	0.001812	-0.000082	0.000332	0.001254	0.003238	3375.000000	199.223493	0.829051	0.002327	-0.000535	0.000541	0.000637	0.003086
4318	0.827218	0.001124	-0.000270	0.000650	0.000868	0.002600	3377.000000	199.223493	0.828723	0.001634	-0.001667	0.000611	0.001823	0.002256	3378.000000	199.223493	0.834414	0.002567	-0.001028	0.000513	0.000588	0.001962
4321	0.833353	0.002966	-0.000208	0.000387	-0.000984	0.001897	3380.000000	199.223493	0.833854	0.003337	0.000440	0.000443	-0.001148	0.001849	3381.000000	199.223493	0.830748	0.004004	0.000853	0.000596	0.000579	0.000828
4324	0.829224	0.003957	0.001297	0.000492	0.000328	0.001391	3383.000000	199.223493	0.830343	0.003107	0.000799	0.000288	-0.002295	0.001797	3384.000000	199.223493	0.833102	0.005274	0.001002	0.000464	0.000096	0.002275
4327	0.829842	0.004413	-0.000021	0.000191	0.000174	0.002011	3386.000000	199.223493	0.831192	0.005927	-0.000124	0.000831	-0.000415	0.001952	3387.000000	199.223493	0.831250	0.005906	-0.000282	0.000241	-0.001726	0.001609
4330	0.829919	0.006969	0.000378	0.000456	-0.003723	0.001500	3389.000000	199.223493	0.828954	0.005517	0.000255	0.000399	-0.003954	0.001066	3390.000000	199.223493	0.830401	0.004973	-0.000708	0.000519	-0.004678	0.001621
4333	0.832060	0.004772	-0.000645	0.000245	-0.003106	0.001233	3392.000000	199.223493	0.830922	0.002892	-0.000596	0.000285	-0.002826	0.001718	3393.000000	199.223493	0.830787	0.002866	0.000696	0.000228	-0.003655	0.001573
4336	0.832928	0.002438	-0.000674	0.000492	-0.003945	0.001783	3395.000000	199.223493	0.832041	0.002309	-0.000034	0.000759	-0.002730	0.002233	3396.000000	199.223493	0.833044	0.002513	0.001002	0.000351	-0.001109	0.002265
4339	0.832349	0.002615	0.000317	0.000750	-0.000550	0.002961	3398.000000	199.223493	0.831346	0.001256	0.000279	0.000271	-0.001350	0.002816	3399.000000	199.223493	0.832080	0.000877	0.000787	0.000340	-0.001814	0.002003
4342	0.830748	0.002401	0.000163	0.000205	-0.001832	0.002073	3401.000000	199.223493	0.831578	0.003238	-0.000256	0.000406	0.000781	0.002119	3402.000000	199.223493	0.833604	0.002175	-0.000077	0.000199	0.001080	0.002032
4345	0.831751	0.003044	0.000622	0.000790	0.002971	0.001795	3404.000000	199.223493	0.831809	0.002597	-0.000130	0.000429	-0.000251	0.002175	3405.000000	199.223493	0.834973	0.003062	0.000044	0.000336	-0.000897	0.001999
4348	0.834491	0.002834	-0.000208	0.000528	0.000473	0.001851	3407.000000	199.223493	0.835744	0.002441	-0.000034	0.000431	-0.000936	0.001439	3408.000000	199.223493	0.833950	0.002941	0.000647	0.000408	-0.002266	0.001052
4351	0.832947	0.003718	0.001736	0.000872	-0.000704	0.001313	3410.000000	199.223493	0.833893	0.003170	-0.000076	0.000795	0.000212	0.002790	3411.000000	199.223493	0.833314	0.002929	0.000149	0.000381	0.000936	0.002203
4354	0.835571	0.003748	0.000865	0.000888	0.001196	0.001697	3413.000000	199.223493	0.835899	0.002065	0.001188	0.000496	0.002797	0.001001	3414.000000	199.223493	0.834741	0.002167	0.000136	0.000451	0.001437	0.001958
4357	0.833738	0.002947	0.000019	0.000819	0.000868	0.002184	3416.000000	199.223493	0.832330	0.002692	0.000315	0.001357	0.000280	0.002156	3417.000000	199.223493	0.831694	0.003900	0.000017	0.000906	0.000077	0.002185
4360	0.834626	0.002910	-0.000245	0.000602	0.000299	0.001744	3419.000000	199.223493	0.832060	0.003080	-0.000365	0.000655	-0.000087	0.001733	3420.000000	199.223493	0.829437	0.002944	-0.000708	0.000947	-0.000627	0.002942
4363	0.824942	0.003099	-0.000922	0.000738	-0.000453	0.002228	3422.000000	199.223493	0.830247	0.002946	-0.000450	0.000554	-0.000511	0.002641	3423.000000	199.223493	0.830710	0.003614	-0.000224	0.000426	0.000588	0.001907
4366	0.831597	0.003341	0.000044	0.000885	-0.001312	0.002013	3425.000000	199.223493	0.834954	0.004008	-0.000074	0.000497	-0.002190	0.002467	3426.000000	199.223493	0.832137	0.003535	0.001221	0.000917	-0.001977	0.002202
4369	0.829205	0.004103	0.000201	0.000653	-0.002884	0.001941	3428.000000	199.223493	0.830479	0.003446	-0.000497	0.000467	-0.002874	0.002080	3429.000000	199.223493	0.827373	0.003156	0.000099	0.000320	-0.001350	0.002051
4372	0.826543	0.002332	0.000801	0.000407	-0.003115	0.001895	3431.000000	199.223493	0.827006	0.004302	-0.000556	0.000408	-0.002045	0.002021	3432.000000	199.223493	0.827488	0.003097	-0.000209	0.000483	-0.001283	0.001918
4375	0.826524	0.003129	0.000181	0.000486	-0.000598	0.002051	3434.000000	199.223493	0.826003	0.003045	0.000675	0.000388	0.000637	0.001769	3435.000000	199.223493	0.825965	0.002528	0.000291	0.000424	0.000781	0.001467
4378	0.825097	0.001528	0.000166	0.000420	0.001456	0.001675	3437.000000	199.223493	0.827913	0.002894	-0.000317	0.000465	0.001312	0.001583	3438.000000	199.223493	0.825907	0.002502	0.000368	0.000471	0.002276	0.000985
4381	0.827624	0.001887	0.000529	0.000381	0.001350	0.001426	3440.000000	199.223493	0.827353	0.001899	-0.000636	0.000768	0.001852	0.000902	3441.000000	199.223493	0.831327	0.002199	-0.000134	0.000540	0.002624	0.000868
4384	0.831404	0.001786	0.000033	0.000218	-0.000781	0.001079	3443.000000	199.223493	0.829475	0.001940	-0.000177	0.000272	-0.000849	0.001986	3444.000000	199.223493	0.832523	0.003219	0.000761	0.000336	-0.001042	0.001648
4387	0.831134	0.002006	0.000597	0.000124	-0.000887	0.001939	3446.000000	199.223493	0.830806	0.000717	0.000397	0.000757	-0.001071	0.002069	3447.000000	199.223493	0.830632	0.001055	-0.000537	0.000865	0.001071	0.001149
4390	0.830093	0.001274	0.000799	0.000535	0.000665	0.001519	3449.000000	199.223493	0.832427	0.001843	-0.000755	0.000517	0.000232	0.001541	3450.000000	199.223493	0.834105	0.002928	-0.000112	0.000285	0.003299	0.001233
4393	0.834375	0.003467	-0.000362	0.000377	0.002787	0.001802	3452.000000	199.223493	0.833912	0.002637	-0.000396	0.000645	0.002382	0.002103	3453.000000	199.223493	0.833507	0.003015	0.000103	0.000405	0.000849	0.002232
4396	0.833063	0.002112	-0.000077	0.000507	-0.000077	0.001893	3455.000000	199.223493	0.830440	0.002431	0.000172	0.000408	-0.000087	0.001674	3456.000000	199.223493	0.828819	0.003122	-0.000527	0.000533	-0.000241	0.002112
4399	0.829880	0.003408	-0.000809	0.000780	-0.000598	0.001902	3458.000000	199.223493	0.828626	0.002950	-0.000436	0.000672	0.000145	0.002326	3459.000000	199.223493	0.828588	0.002419	0.000305	0.000296	0.000829	0.002219
4402	0.828723	0.002410	-0.001122	0.000546	0.000945	0.003403	3461.000000	199.223493	0.830999	0.001317	0.000935	0.000338	0.000588	0.003312	3462.000000	199.223493	0.830787	0.001599	0.000011	0.000722	-0.000559	0.003175
4405	0.834143	0.002441	0.000472	0.000317	-0.000463	0.002633	3464.000000	199.223493	0.832099	0.002683	0.002000	0.000344	-0.000395	0.002197	3465.000000	199.223493	0.832080	0.002651	0.000345	0.000572	-0.002749	0.002096
4408	0.829032	0.002404	0.000605	0.000501	-0.002807	0.002367	3467.000000	199.223493	0.828588	0.002105	0.000520	0.000682	-0.003009	0.002008	3468.000000	199.223493	0.827547	0.001873	-0.000541	0.000411	-0.000733	0.002373
4411	0.829649	0.001426	-0.000445	0.000437	0.000174	0.002347	3470.000000	199.223493	0.828453	0.002390	-0.000223	0.000642	0.000839	0.001996	3471.000000	199.223493	0.830941	0.002566	-0.000300	0.000572	-0.001562	0.001406
4414	0.830382	0.002358	0.000649	0.000397	-0.001167	0.001695	3473.000000	199.223493	0.833044	0.001733	0.000320	0.000467	-0.001505	0.001742	3474.000000	199.223493	0.831944	0.003334	-0.000086	0.000432	-0.003656	0.002512
4417	0.830806	0.002717	0.001817	0.000462	-0.002488	0.003580	3476.000000	199.223493	0.834356	0.002506	-0.000885	0.000238	-0.003000	0.002862	3477.000000	199.223493	0.832909	0.001765	-0.000004	0.000867	-0.003077	0.002609
4420	0.832176	0.002131	-0.000638	0.000308	-0.002315	0.002361	3479.000000	199.223493	0.830131	0.001562	-0.000588	0.000598	-0.001022	0.002209	3480.000000	199.223493	0.830421	0.001953	-0.000429	0.000491	0.000521	0.001848
4423	0.830247	0.001302	-0.000320	0.000452	-0.002382	0.002780	3482.000000	199.223493	0.830150	0.001223	-0.000072	0.000139	-0.002739	0.003186	3483.000000	199.223493	0.829282	0.001929	-0.001144	0.000508	-0.002623	0.002209
4426	0.830903	0.002936	-0.000462	0.000310	-0.003569	0.001349	3485.000000	199.223493	0.833719	0.003280	0.000354	0.001171	-0.002845	0.002148	3486.000000	199.223493	0.834722	0.001855	-0.000218	0.000869	-0.002016	0.002131
4429	0.834607	0.002032	-0.001016	0.000607	-0.003434	0.003182	3488.000000	199.223493	0.835938	0.001962	0.000053	0.000410	-0.003443	0.002989	3489.000000	199.223493	0.835166	0.002682	0.000388	0.000632	-0.002151	0.003125
4432	0.836111	0.002699	-0.000976	0.000749	-0.003048	0.002116	3491.000000	199.223493	0.834047	0.002123	-0.000992	0.000503	-0.002132	0.002207	3492.000000	199.223493	0.837866	0.001488	-0.000159	0.000440	-0.001746	0.002101
4435	0.836516	0.001742	-0.000384	0.000440	0.000444	0.001789	3494.000000	199.223493	0.838137	0.001276	0.000048	0.000448	-0.001457	0.001573	3495.000000	199.223493	0.839255	0.001811	0.000180	0.000308	-0.000646	0.001297
4438	0.836458	0.002637	-0.000101	0.000498	-0.001688	0.001770	3497.000000	199.223493	0.836362	0.003547	-0.000520	0.000715	-0.001447	0.001468	3498.000000	199.223493	0.838195	0.002631	-0.000113	0.000556	-0.000222	0.001845
4441	0.836941	0.001831	0.000308	0.000493	-0.001755	0.001332	3500.000000	199.223493	0.837191	0.002062	0.000285	0.000711	-0.002170	0.001347	3501.000000	199.223493	0.836632	0.001927	0.001153	0.000676	-0.002546	0.001822
4444	0.832774	0.002580	0.000089	0.000311	-0.001379	0.001705	3503.000000	199.223493	0.833854	0.001666	0.000482	0.000207	-0.000231	0.001732	3504.000000	199.223493	0.833584	0.001930	0.000090	0.000686	-0.001418	0.001458
4447	0.829610	0.001983	0.000047	0.000601	-0.001042	0.001464	3506.000000	199.223493	0.829167	0.002061	-0.000710	0.000149	0.000540	0.000881	3507.000000	199.223493	0.830941	0.001458	0.000026	0.000578	-0.001862	0.001086
4450	0.830285	0.001000	0.000264	0.000618	-0.002922	0.001338	3509.000000	199.223493	0.829109	0.001648	0.001700	0.000218	-0.001215	0.001874	3510.000000	199.223493	0.831771	0.001460	0.001103	0.000311	-0.002247	0.001402
4453	0.829842	0.001364	0.000680	0.000568	-0.002700	0.001737	3512.000000	199.223493	0.831597	0.002657	0.000774	0.000359	-0.002537	0.000843	3513.000000	199.223493	0.831038	0.003197	0.001079	0.000265	-0.003173	0.001606
4456	0.828935	0.002432	0.000676	0.000293	-0.001919	0.002069	3515.000000	199.223493	0.826100	0.001958	0.000982	0.000395	-0.002267	0.001936	3516.000000	199.223493	0.825907	0.001752	-0.000151	0.000421	-0.001726	0.001634
4459	0.824228	0.002528	-0.000240	0.000357	-0.000116	0.001758	3518.000000	199.223493	0.823052	0.003838	-0.000021	0.000212	0.000666	0.001085	3519.000000	199.223493	0.821720	0.004047	-0.000017	0.000319	0.001649	0.001833
4462	0.822492	0.002954	0.000806	0.000472	0.003433	0.001589	3521.000000	199.223493	0.821046	0.002915	0.000842	0.000587	0.001910	0.001179	3522.000000	199.223493	0.820544	0.003202	-0.000018	0.000569	0.003849	0.001463
4465	0.824556	0.002918	-0.000508	0.000487	0.003212	0.001371	3524.000000	199.223493	0.829282	0.002957	-0.000710	0.000765	0.003337	0.001733	3525.000000	199.223493	0.831057	0.002637	-0.000715	0.000391	0.002122	0.001666
4468	0.831809	0.002402	-0.001029	0.000257	0.001341	0.002014	3527.000000	199.223493	0.833372	0.002531	-0.000321	0.000691	0.001012	0.001390	3528.000000	199.223493	0.831867	0.001190	-0.000303	0.000473	0.001437	0.001323
4471	0.828299	0.002085	0.000033	0.000366	0.002546	0.001206	3530.000000	199.223493	0.831327	0.003319	0.000650	0.000648	0.002836	0.001476	3531.000000	199.223493	0.830208	0.001517	0.000920	0.000575	0.002353	0.002093
4474	0.829032	0.000886	0.000760	0.000477	0.000878	0.001782	3533.000000	199.223493	0.828453	0.001064	0.000584	0.000275	0.000222	0.001265	3534.000000	199.223493	0.829341	0.001688	0.000425	0.000515	-0.000502	0.001881
4477	0.825907	0.000885	0.000124	0.000457	0.000829	0.002550	3536.000000	199.223493	0.828164	0.002776	0.000964	0.000542	0.001003	0.002834	3537.000000	199.223493	0.829360	0.002307	0.000360	0.000375	-0.000521	0.003085
4480	0.830478	0.003684	0.000708	0.000468	0.000608	0.002913	3539.000000	199.223493	0.826485	0.004133	-0.000768	0.000781	-0.000270	0.001987	3540.000000	199.223493	0.828704	0.003848	0.000219	0.000524	-0.001755	0.001570
4483	0.826466	0.002298	-0.000646	0.000568	-0.001572	0.001262	3542.000000	199.223493	0.827315	0.001515	-0.000012	0.000555	0.001254	0.001233	3543.000000	199.223493	0.828762	0.001438	0.000208	0.000628	0.000164	0.001275
4486	0.829475	0.002364	0.000616	0.000971	-0.000058	0.002087	3545.000000	199.223493	0.826948	0.002602	0.000060	0.000895	-0.000434	0.001562	3546.000000	199.223493	0.827276	0.001314	0.000357	0.000366	0.000453	0.001393
4489	0.827373	0.000790	0.000027	0.000249	-0.002700	0.000830	3548.000000	199.223493	0.828067	0.002091	0.000497	0.000436	-0.002315	0.000947	3549.000000	199.223493	0.830903	0.003147	-0.000355	0.000288	-0.001495	0.001698
4492	0.831424	0.001425	-0.001171	0.000618	-0.001996	0.001012	3551.000000	199.223493	0.830806	0.001337	-0.000534	0.000691	-0.000540	0.001186	3552.000000	199.223493	0.829360	0.000962	0.000695	0.000776	-0.000849	0.000471
4495	0.833179	0.001117	0.000251	0.000441	-0.000598	0.000636	3554.000000	199.223493	0.834221	0.001099	0.000304	0.000545	-0.000472	0.000773	3555.000000	199.223493	0.832022	0.001179	-0.000338	0.000862	-0.001428	0.001011
4498	0.832407	0.000622	0.000091	0.000604	0.000289	0.000969	3557.000000	199.223493	0.834992	0.000570	0.000394	0.000666	0.000559	0.001615	3558.000000	199.223493	0.833488	0.001179	-0.000978	0.000740	-0.001003	0.000822
4501	0.836998	0.001377	-0.000367	0.000655	-0.000029	0.001446	3560.000000	199.223493	0.834336	0.002344	0.000033	0.000888	-0.000386	0.001319	3561.000000	199.223493	0.832523	0.003261	0.000412	0.000394	0.000338	0.001426
4504	0.832504	0.002743	0.000502	0.000414	0.000540	0.001690	3563.000000	199.223493	0.833796	0.003346	-0.000097	0.000402	-0.001090	0.001577	3564.000000	199.223493	0.830613	0.002667	0.000345	0.000518	-0.001485	0.000888
4507	0.830421	0.003505	-0.000101	0.000523	-0.001051	0.000415	3566.000000	199.223493	0.832215	0.002967	-0.000195	0.000435	-0.001244	0.001209	3567.000000	199.223493	0.832446	0.002708	0.000266	0.000833	0.000733	0.000889
4510	0.832600	0.003417	0.001282	0.000218	-0.000010	0.001005	3569.000000	199.223493	0.832292	0.002935	-0.000252	0.000711	0.002334	0.000931	3570.000000	199.223493	0.831520	0.003634	0.001447	0.000615	0.001987	0.001406
4513	0.832388	0.003105	0.001454	0.000548	0.000560	0.001956	3572.000000	199.223493	0.832948	0.002141	-0.000243	0.000371	0.001910	0.001928	3573.000000	199.223493	0.830594	0.002567	0.001055	0.000284	0.000125	0.001747
4516	0.830131	0.002699	0.000877	0.000729	0.000723	0.001489	3575.000000	199.223493	0.829552	0.003377	0.000093	0.000379	0.001032	0.001594	3576.000000	199.223493	0.830748	0.002139	0.001635	0.000419	-0.001215	0.001534
4519	0.831404	0.002665	0.001259	0.001025	-0.001148	0.001052	3578.000000	199.223493	0.830305	0.002360	-0.000495	0.000579	0.000251	0.001375	3579.000000	199.223493	0.828839	0.002849	-0.000375	0.000283	-0.001418	0.001427
4522	0.827662	0.002600	0.000261	0.000652	0.001582	0.001952	3581.000000	199.223493	0.824209	0.002656	0.000540	0.000688	-0.000733	0.001676	3582.000000	199.223493	0.828627	0.002146	0.001261	0.000251	-0.002913	0.001609
4525	0.831501	0.001793	0.000616	0.000166	-0.002276	0.001473	3584.000000	199.223493	0.833237	0.002647	0.000715	0.000104	-0.002112	0.001881	3585.000000	199.223493	0.830748	0.002604	0.000468	0.000338	-0.004379	0.000885
4528	0.828569	0.002196	-0.000429	0.000523	-0.003405	0.001250	3587.000000	199.223493	0.828665	0.002571	-0.000455	0.000243	-0.004417	0.000684	3588.000000	199.223493	0.830401	0.003551	-0.000068	0.000559	-0.004205	0.000760
4531	0.831038	0.003771	-0.000818	0.000326	-0.004909	0.001427	3590.000000	199.223493	0.831944	0.003216	-0.000107	0.000884	-0.004466	0.001608	3591.000000	199.223493	0.830633	0.003913	0.000400	0.000809	-0.001698	0.001560
4534	0.831636	0.003657	-0.000489	0.000731	-0.003318	0.001331	3593.000000	199.223493	0.830054	0.002464	-0.000646	0.000788	-0.005575	0.001432	3594.000000	199.223493	0.828723	0.001528	-0.000460	0.000709	-0.004254	0.000694
4537	0.829301	0.001416	0.000162	0.000263	-0.003019	0.001282	3596.000000	199.223493	0.831173	0.001411	-0.000438	0.000706	-0.002951	0.001056	3597.000000	199.223493	0.829282	0.002688	-0.000036	0.000532	-0.002624	0.001036
4540	0.829726	0.002814	0.000951	0.000431	-0.003077	0.001003	3599.000000	199.223493	0.828357	0.002925	-0.000272	0.000525	-0.002238	0.001405	3600.000000	199.223493	0.829784	0.003772	-0.000128	0.000492	-0.002913	0.001566
4543	0.827951	0.004279	0.000503	0.000567	-0.005257	0.002357	3602.000000	199.223493	0.826331	0.004248	0.000739	0.000460	-0.004485	0.001673	3603.000000	199.223493	0.826697	0.003039	0.000291	0.000312	-0.003993	0.001136
4546	0.827199	0.002367	0.000596	0.000367	-0.002951	0.000760	3605.000000	199.223493	0.828530	0.002910	-0.000348	0.000342	-0.002537	0.001340	3606.000000	199.223493	0.828684	0.003397	0.000930	0.000660	-0.003578	0.000815
4549	0.830478	0.001843	-0.000175	0.000525	-0.004186	0.001355	3608.000000	199.223493	0.830035	0.003160	0.001043	0.000304	-0.004852	0.001211	3609.000000	199.223493	0.828839	0.003194	0.000254	0.000447	-0.003607	0.001143
4552	0.830208	0.003466	-0.000136	0.000306	-0.004186	0.001311	3611.000000	199.223493	0.830671	0.003582	-0.000486	0.000314	-0.004437	0.000771	3612.000000	199.223493	0.832215	0.003369	-0.000802	0.000508	-0.004755	0.001734
4555	0.829109	0.002012	0.000240	0.000326	-0.005642	0.001851	3614.000000	199.223493	0.830652	0.002239	-0.000017	0.000345	-0.005430	0.001495	3615.000000	199.223493	0.828067	0.002806	0.000154	0.000335	-0.002845	0.001147
4558	0.829456	0.002102	-0.000053	0.000336	-0.003038	0.002339	3617.000000	199.223493	0.829475	0.002172	-0.000213	0.000642	-0.002527	0.002467	3618.000000	199.223493	0.830054	0.002205	-0.000087	0.000516	-0.004987	0.002505
4561	0.831616	0.002134	0.000001	0.000407	-0.003434	0.002272	3620.000000	199.223493	0.832678	0.001915	0.000729	0.000640	-0.003578	0.002689	3621.000000	199.223493	0.831752	0.001654	-0.000373	0.000628	-0.002498	0.001134
4564	0.832214	0.002049	0.000661	0.000669	-0.001379	0.001902	3623.000000	199.223493	0.829302	0.001556	0.001407	0.000334	0.001775	0.002127	3624.000000	199.223493	0.830479	0.001714	0.001072	0.000337	0.001321	0.001992
4567	0.830536	0.002129	0.002026	0.000502	0.000945	0.001459	3626.000000	199.223493	0.832562	0.001834	-0.000102	0.000556	0.000415	0.001665	3627.000000	199.223493	0.834317	0.003023	-0.000319	0.000387	0.001659	0.002117
4570	0.830903	0.003386	-0.000303	0.000248	0.001273	0.002203	3629.000000	199.223493	0.829957	0.002970	-0.000870	0.000261	0.001119	0.002248	3630.000000	199.223493	0.826312	0.002644	-0.000108	0.000492	0.001534	0.002617
4573	0.825656	0.002812	0.000390	0.000563	0.002864	0.002358	3632.000000	199.223493	0.827218	0.003178	-0.000376	0.000599	0.001688	0.001568	3633.000000	199.223493	0.826080	0.004023	-0.000621	0.000273	0.001707	0.001569
4576	0.828202	0.003880	-0.001795	0.000445	0.003549	0.001365	3635.000000	199.223493	0.827430	0.003698	0.000046	0.000317	0.003443	0.001308	3636.000000	199.223493	0.828704	0.003855	-0.000964	0.000342	0.000723	0.001294
4579	0.829417	0.003311	-0.000629	0.000428	0.000376	0.001923	3638.000000	199.223493	0.825212	0.003351	-0.000466	0.000493	0.002190	0.001765	3639.000000	199.223493	0.823881	0.002611	-0.000248	0.000400	0.000318	0.001891
4582	0.825733	0.002721	0.000088	0.000625	0.000174	0.001382	3641.000000	199.223493	0.827662	0.002521	-0.000114	0.000374	0.001736	0.001545	3642.000000	199.223493	0.830420	0.001724	-0.000344	0.000425	0.003800	0.001050
4585	0.828356	0.001156	0.000156	0.000538	0.002122	0.000496	3644.000000	199.223493	0.830478	0.002445	-0.000576	0.001039	0.001640	0.000740	3645.000000	199.223493	0.831115	0.002075	-0.000972	0.000695	0.003491	0.001707
4588	0.831057	0.002272	0.000015	0.000428	0.002980	0.001243	3647.000000	199.223493	0.834877	0.003571	-0.001306	0.000481	0.000993	0.000694	3648.000000	199.223493	0.834510	0.003302	-0.000026	0.000351	-0.000482	0.000933
4591	0.834684	0.003912	-0.000562	0.000372	-0.000579	0.001088	3650.000000	199.223493	0.834336	0.004548	-0.001057	0.000331	0.000559	0.001600	3651.000000	199.223493	0.831848	0.004512	-0.000621	0.000361	0.000463	0.001141
4594	0.833545	0.004311	0.000367	0.000596	-0.001148	0.001269	3653.000000	199.223493	0.832909	0.003387	-0.000393	0.000495	-0.001042	0.001748	3654.000000	199.223493	0.832620	0.002730	0.000250	0.000494	-0.001996	0.001241
4597	0.830228	0.003012	-0.000426	0.000571	-0.001428	0.001230	3656.000000	199.223493	0.826273	0.002403	0.000343	0.000365	-0.000067	0.001831	3657.000000	199.223493	0.826620	0.001634	0.000012	0.000203	-0.002064	0.001117
4600	0.826061	0.002871	0.000311	0.000415	-0.001389	0.001299	3659.000000	199.223493	0.826099	0.003925	0.000581	0.000374	-0.000434	0.000952	3660.000000	199.223493	0.824884	0.004159	0.000379	0.000732	-0.000482	0.000757
4603	0.826910	0.003071	0.001336	0.000639	-0.001023	0.001162	3662.000000	199.223493	0.826813	0.001789	0.000335	0.000418	-0.001620	0.001040	3663.000000	199.223493	0.827411	0.003119	-0.000102	0.000637	-0.000907	0.002200
4606	0.825058	0.003062	-0.000199	0.000429	-0.000926	0.001661	3665.000000	199.223493	0.827354	0.002281	-0.000378	0.000320	0.000473	0.001508	3666.000000	199.223493	0.828376	0.003551	0.000546	0.000411	0.001495	0.000817
4609	0.830671	0.001493	-0.000662	0.000441	-0.000212	0.001348	3668.000000	199.223493	0.830787	0.002081	-0.000450	0.000307	-0.000203	0.001994	3669.000000	199.223493	0.832002	0.001418	-0.000620	0.000117	0.000685	0.001611
4612	0.829688	0.001652	-0.000514	0.000413	0.001138	0.001402	3671.000000	199.223493	0.832948	0.002250	0.000403	0.000434	-0.000849	0.002128	3672.000000	199.223493	0.836921	0.003016	0.000797	0.000634	-0.000820	0.001734
4615	0.833893	0.003874	-0.000822	0.000407	-0.001032	0.002206	3674.000000	199.223493	0.834568	0.002985	-0.000866	0.000375	-0.000212	0.001511	3675.000000	199.223493	0.832600	0.002910	-0.000466	0.000377	0.000810	0.002644
4618	0.834529	0.003077	-0.000239	0.000998	0.000424	0.002880	3677.000000	199.223493	0.832504	0.003107	0.000334	0.000479	0.002903	0.002799	3678.000000	199.223493	0.831385	0.003561	-0.000454	0.000228	0.001910	0.002241
4621	0.831250	0.004661	-0.000094	0.000450	0.002951	0.002087	3680.000000	199.223493	0.831462	0.003248	0.000606	0.000832	0.002016	0.001721	3681.000000	199.223493	0.830092	0.002631	0.000645	0.000466	0.001099	0.002254
4624	0.829572	0.001747	-0.000914	0.000441	0.001061	0.002474	3683.000000	199.223493	0.826717	0.002069	0.000319	0.000398	0.000511	0.002294	3684.000000	199.223493	0.826504	0.002619	0.000040	0.000396	0.000453	0.001832
4627	0.828356	0.002624	-0.000321	0.000403	-0.000289	0.001124	3686.000000	199.223493	0.828781	0.002411	0.000542	0.000624	0.001398	0.001578	3687.000000	199.223493	0.827739	0.002240	0.000258	0.000684	0.002411	0.001526
4630	0.827874	0.001313	0.000546	0.000439	0.003260	0.002138	3689.000000	199.223493	0.830478	0.001728	-0.000214	0.000363	0.001003	0.003300	3690.000000	199.223493	0.831385	0.001528	-0.000016	0.000512	0.001206	0.002820
4633	0.828202	0.000756	0.000151	0.000819	0.000781	0.002628	3692.000000	199.223493	0.830150	0.000905	-0.001383	0.000817	0.001697	0.002303	3693.000000	199.223493	0.835995	0.001722	-0.001510	0.000231	0.000482	0.002024
4636	0.833430	0.002951	0.000361	0.000531	-0.000791	0.001822	3695.000000	199.223493	0.833102	0.003486	0.000453	0.000443	-0.001341	0.001847	3696.000000	199.223493	0.832041	0.003836	0.000816	0.000584	0.000627	0.000814
4639	0.829591	0.003939	0.001555	0.000350	0.000395	0.001398	3698.000000	199.223493	0.829263	0.003373	0.000938	0.000328	-0.001649	0.001893	3699.000000	199.223493	0.831848	0.005341	0.001318	0.000388	0.000376	0.002231
4642	0.828858	0.004270	-0.000162	0.000236	-0.000801	0.001935	3701.000000	199.223493	0.828955	0.005819	-0.000635	0.000568	-0.002112	0.001967	3702.000000	199.223493	0.829224	0.005762	-0.000206	0.000261	-0.002459	0.001758
4645	0.827874	0.006773	0.000015	0.000404	-0.004736	0.001886	3704.000000	199.223493	0.829340	0.005530	0.000335	0.000461	-0.004726	0.001316	3705.000000	199.223493	0.831578	0.005045	-0.000485	0.000433	-0.003993	0.001548
4648	0.833198	0.004749	-0.000895	0.000196	-0.003771	0.001372	3707.000000	199.223493	0.829765	0.003309	-0.000646	0.000300	-0.003250	0.001857	3708.000000	199.223493	0.829167	0.003079	0.000376	0.000283	-0.003598	0.001561
4651	0.831597	0.002702	-0.000859	0.000420	-0.004871	0.002012	3710.000000	199.223493	0.830768	0.002609	-0.000918	0.000535	-0.002460	0.002154	3711.000000	199.223493	0.832311	0.002766	0.000582	0.000595	-0.002074	0.002706
4654	0.831597	0.002705	-0.000465	0.000948	-0.001186	0.003144	3713.000000	199.223493	0.830613	0.001563	0.000110	0.000146	-0.002296	0.003135	3714.000000	199.223493	0.829495	0.002391	0.000422	0.000445	-0.002489	0.002365
4657	0.830266	0.002704	0.000176	0.000207	-0.001929	0.002145	3716.000000	199.223493	0.831366	0.003312	-0.000199	0.000385	-0.000791	0.003039	3717.000000	199.223493	0.832465	0.002812	-0.000131	0.000183	-0.000077	0.002497
4660	0.831829	0.002997	0.000632	0.000790	0.001765	0.002421	3719.000000	199.223493	0.831983	0.002492	-0.000080	0.000412	-0.001505	0.002687	3720.000000	199.223493	0.835802	0.002642	-0.000520	0.000454	-0.001698	0.002235
4663	0.835899	0.002085	-0.000496	0.000423	-0.000482	0.002148	3722.000000	199.223493	0.837963	0.001422	-0.000214	0.000492	-0.001582	0.001706	3723.000000	199.223493	0.834047	0.002911	0.000316	0.000424	-0.003376	0.000501
4666	0.831906	0.003880	0.001688	0.000881	-0.002344	0.001923	3725.000000	199.223493	0.833044	0.003449	0.000116	0.000736	-0.001582	0.003247	3726.000000	199.223493	0.832774	0.003109	0.000080	0.000381	-0.001370	0.002998
4669	0.835320	0.003885	0.001120	0.000760	-0.000617	0.002511	3728.000000	199.223493	0.834665	0.002767	0.000872	0.000726	0.000260	0.002795	3729.000000	199.223493	0.834298	0.002289	0.000220	0.000409	0.000482	0.002305
4672	0.834221	0.002719	-0.000217	0.000844	0.000154	0.002544	3731.000000	199.223493	0.831617	0.003035	0.000852	0.001191	-0.000241	0.002427	3732.000000	199.223493	0.831520	0.003972	0.000717	0.000504	-0.000781	0.002679
4675	0.834047	0.003165	0.000041	0.000522	-0.000646	0.002248	3734.000000	199.223493	0.833584	0.002735	-0.000442	0.000624	-0.000492	0.001947	3735.000000	199.223493	0.828935	0.003060	-0.000037	0.000762	0.000463	0.002391
4678	0.825058	0.003082	-0.000489	0.000789	0.000521	0.001739	3737.000000	199.223493	0.828858	0.003539	-0.000496	0.000533	0.001418	0.001378	3738.000000	199.223493	0.831327	0.003432	0.000305	0.000429	0.002054	0.001155
4681	0.830749	0.003671	0.000007	0.000885	-0.000068	0.001347	3740.000000	199.223493	0.832137	0.004386	-0.000181	0.000436	-0.000280	0.001533	3741.000000	199.223493	0.831694	0.003613	0.000996	0.000981	0.000183	0.001568
4684	0.829494	0.004077	0.000432	0.000615	0.000106	0.002053	3743.000000	199.223493	0.831057	0.003248	0.000218	0.000467	0.000646	0.001938	3744.000000	199.223493	0.828569	0.002862	-0.000194	0.000276	0.001890	0.001916
4687	0.827083	0.002230	0.000544	0.000495	-0.000588	0.001683	3746.000000	199.223493	0.827508	0.004080	-0.000424	0.000367	0.000135	0.001263	3747.000000	199.223493	0.826312	0.003617	-0.000296	0.000445	0.000569	0.001382
4690	0.824826	0.004063	0.000352	0.000491	0.001389	0.001391	3749.000000	199.223493	0.827295	0.002207	0.000822	0.000340	0.001881	0.001218	3750.000000	199.223493	0.826968	0.001741	0.000550	0.000401	0.001129	0.001395
4693	0.825424	0.001339	-0.000051	0.000375	0.002344	0.001540	3752.000000	199.223493	0.827334	0.003328	-0.000394	0.000462	0.002845	0.000896	3753.000000	199.223493	0.826620	0.002151	0.000303	0.000508	0.002787	0.000790
4696	0.825232	0.003516	0.000414	0.000421	0.001630	0.001408	3755.000000	199.223493	0.824730	0.003751	-0.000525	0.000781	0.000964	0.001232	3756.000000	199.223493	0.826582	0.005851	-0.000018	0.000496	0.001341	0.001229
4699	0.827720	0.004196	0.000079	0.000217	-0.000453	0.001133	3758.000000	199.223493	0.826640	0.004067	-0.000348	0.000246	-0.000800	0.002004	3759.000000	199.223493	0.830633	0.004661	0.000896	0.000337	-0.000772	0.001710
4702	0.829109	0.003455	0.000475	0.000186	-0.000511	0.002028	3761.000000	199.223493	0.827874	0.002896	0.000020	0.000730	-0.001080	0.002068	3762.000000	199.223493	0.827315	0.003778	-0.000725	0.000786	0.000955	0.001124
4705	0.827218	0.003597	0.000309	0.000517	0.002045	0.001917	3764.000000	199.223493	0.830729	0.003057	-0.000622	0.000550	0.002662	0.002649	3765.000000	199.223493	0.833353	0.003446	-0.000162	0.000280	0.004495	0.001262
4708	0.833931	0.003785	-0.000879	0.000243	0.004485	0.002406	3767.000000	199.223493	0.832716	0.003533	-0.000378	0.000644	0.003212	0.002243	3768.000000	199.223493	0.834124	0.002707	0.000051	0.000406	0.001717	0.002538
4711	0.832562	0.002485	-0.000491	0.000525	0.000936	0.002115	3770.000000	199.223493	0.830903	0.002242	-0.000630	0.000520	0.002199	0.002495	3771.000000	199.223493	0.831578	0.002432	-0.000520	0.000533	0.002759	0.003057
4714	0.833623	0.002275	-0.000950	0.000721	0.002170	0.002886	3773.000000	199.223493	0.831424	0.002036	-0.000462	0.000658	0.002122	0.002961	3774.000000	199.223493	0.829765	0.002260	0.000723	0.000482	0.001794	0.002256
4717	0.829977	0.002438	-0.001119	0.000548	0.002296	0.003171	3776.000000	199.223493	0.832446	0.000893	0.000973	0.000352	0.001736	0.003283	3777.000000	199.223493	0.832426	0.001201	-0.000104	0.000704	-0.000231	0.003180
4720	0.834491	0.002410	0.000073	0.000468	-0.000251	0.002664	3779.000000	199.223493	0.833005	0.002420	0.001825	0.000487	-0.000868	0.002122	3780.000000	199.223493	0.833025	0.001987	0.000579	0.000597	-0.003462	0.002092
4723	0.829379	0.002298	0.000991	0.000458	-0.003742	0.002280	3782.000000	199.223493	0.828704	0.002102	-0.000120	0.000958	-0.003771	0.002005	3783.000000	199.223493	0.826794	0.002171	-0.000345	0.000345	-0.002431	0.001343
4726	0.829630	0.001435	-0.000480	0.000451	-0.001659	0.001437	3785.000000	199.223493	0.828202	0.002374	-0.000296	0.000630	-0.000646	0.001496	3786.000000	199.223493	0.831057	0.002588	-0.000515	0.000506	-0.003270	0.000494
4729	0.829977	0.002280	0.000607	0.000410	-0.002865	0.001157	3788.000000	199.223493	0.833121	0.001736	0.000483	0.000491	-0.002151	0.001435	3789.000000	199.223493	0.832022	0.003347	0.000417	0.000380	-0.005179	0.002209
4732	0.830633	0.002621	0.001293	0.000321	-0.004581	0.003390	3791.000000	199.223493	0.832755	0.001394	-0.000662	0.000340	-0.004774	0.002594	3792.000000	199.223493	0.833893	0.002329	0.000759	0.000626	-0.004629	0.002366
4735	0.832272	0.002188	-0.000149	0.000617	-0.004485	0.001964	3794.000000	199.223493	0.831424	0.002446	0.000065	0.000456	-0.003077	0.001952	3795.000000	199.223493	0.832311	0.003487	0.000135	0.000436	-0.002006	0.002302
4738	0.832678	0.002589	0.000321	0.000892	-0.004610	0.002661	3797.000000	199.223493	0.833218	0.003231	0.000113	0.000160	-0.005121	0.002736	3798.000000	199.223493	0.830575	0.003008	-0.000650	0.000686	-0.003598	0.002127
4741	0.832735	0.003771	-0.000310	0.000263	-0.003974	0.001290	3800.000000	199.223493	0.834375	0.003602	0.000379	0.001169	-0.003868	0.001790	3801.000000	199.223493	0.835301	0.002096	0.000097	0.000777	-0.003906	0.001958
4744	0.836594	0.003298	-0.000557	0.000737	-0.004803	0.003036	3803.000000	199.223493	0.837654	0.002595	0.000655	0.000511	-0.003472	0.002984	3804.000000	199.223493	0.836999	0.003017	0.000852	0.000630	-0.002479	0.003020
4747	0.839082	0.003306	-0.000729	0.000701	-0.003116	0.002090	3806.000000	199.223493	0.834414	0.002147	-0.000938	0.000507	-0.002209	0.002196	3807.000000	199.223493	0.838484	0.001298	-0.000079	0.000403	-0.001427	0.002220
4750	0.836034	0.001688	-0.000209	0.000491	0.002064	0.002281	3809.000000	199.223493	0.838407	0.001199	0.000193	0.000374	-0.000039	0.002228	3810.000000	199.223493	0.838696	0.002098	0.000549	0.000380	0.001456	0.002123
4753	0.836516	0.002616	-0.000068	0.000484	0.000801	0.002239	3812.000000	199.223493	0.837539	0.003029	-0.000106	0.000821	0.001254	0.001887	3813.000000	199.223493	0.838696	0.002417	0.000339	0.000376	0.002083	0.002095
4756	0.835764	0.001804	0.000288	0.000489	0.000260	0.001109	3815.000000	199.223493	0.835590	0.002371	0.000327	0.000706	-0.001148	0.001664	3816.000000	199.223493	0.835745	0.001888	0.001521	0.000417	-0.001331	0.002006
4759	0.833121	0.002634	-0.000058	0.000421	-0.001321	0.001716	3818.000000	199.223493	0.834626	0.001857	0.000176	0.000431	-0.001235	0.001616	3819.000000	199.223493	0.834086	0.001904	0.000027	0.000684	-0.002498	0.001468
4762	0.831964	0.002367	-0.000293	0.000681	-0.001813	0.001757	3821.000000	199.223493	0.830150	0.002374	-0.000771	0.000197	-0.000212	0.001291	3822.000000	199.223493	0.832523	0.002270	-0.000699	0.000713	-0.002305	0.001085
4765	0.831809	0.002277	0.000299	0.000593	-0.003858	0.001213	3824.000000	199.223493	0.829919	0.002197	0.001676	0.000216	-0.002209	0.002150	3825.000000	199.223493	0.831462	0.001206	0.001207	0.000380	-0.002267	0.001404
4768	0.829494	0.001098	0.000855	0.000459	-0.002334	0.001548	3827.000000	199.223493	0.830729	0.002384	0.000572	0.000428	-0.002855	0.000989	3828.000000	199.223493	0.828472	0.002078	0.000757	0.000436	-0.002874	0.001592
4771	0.827739	0.001815	0.000921	0.000244	-0.002537	0.002156	3830.000000	199.223493	0.825097	0.001390	0.000792	0.000405	-0.001890	0.001863	3831.000000	199.223493	0.825347	0.001353	0.000024	0.000406	-0.002566	0.001744
4774	0.823418	0.002007	0.000139	0.000487	-0.000202	0.001774	3833.000000	199.223493	0.822743	0.003642	0.000336	0.000484	-0.000511	0.001540	3834.000000	199.223493	0.819869	0.002525	0.000455	0.000500	-0.000501	0.001672
4777	0.822897	0.003306	0.000643	0.000481	0.001553	0.001874	3836.000000	199.223493	0.821277	0.003105	0.000982	0.000629	0.000501	0.001247	3837.000000	199.223493	0.820255	0.002951	-0.000107	0.000532	0.002498	0.001936
4780	0.824421	0.002814	0.000047	0.000554	0.002652	0.001632	3839.000000	199.223493	0.829205	0.002899	-0.000628	0.000778	0.004504	0.001542	3840.000000	199.223493	0.832156	0.003374	-0.000831	0.000414	0.002701	0.001587
4783	0.831385	0.002162	-0.000772	0.000293	0.001630	0.002027	3842.000000	199.223493	0.833295	0.002517	-0.000935	0.000472	0.001302	0.001470	3843.000000	199.223493	0.832350	0.001458	-0.000394	0.000405	0.001910	0.001447
4786	0.827546	0.001554	0.000248	0.000489	0.003115	0.001375	3845.000000	199.223493	0.829591	0.003145	0.000138	0.000528	0.002527	0.001409	3846.000000	199.223493	0.831153	0.001599	0.000524	0.000445	0.002122	0.002015
4789	0.827604	0.000946	0.000284	0.000418	0.000289	0.001523	3848.000000	199.223493	0.825771	0.001955	0.000575	0.000273	-0.000067	0.001156	3849.000000	199.223493	0.826351	0.003435	0.000814	0.000558	-0.000627	0.001820
4792	0.822627	0.003578	-0.000244	0.000347	0.000656	0.002506	3851.000000	199.223493	0.827720	0.003090	0.000640	0.000447	0.000531	0.002695	3852.000000	199.223493	0.828549	0.002761	-0.000154	0.000233	-0.001196	0.002943
4795	0.828627	0.004138	0.000284	0.000668	0.000502	0.002889	3854.000000	199.223493	0.825579	0.004072	-0.000181	0.000796	0.000270	0.002034	3855.000000	199.223493	0.826563	0.003688	0.000283	0.000506	-0.001813	0.001548
4798	0.827334	0.002164	0.000188	0.000456	-0.000714	0.001296	3857.000000	199.223493	0.828376	0.000869	-0.000012	0.000555	0.001312	0.001245	3858.000000	199.223493	0.827257	0.002253	0.000203	0.000629	0.000270	0.001248
4801	0.829418	0.002387	0.000396	0.001041	0.001302	0.001779	3860.000000	199.223493	0.828897	0.002009	-0.000271	0.000919	0.000666	0.001300	3861.000000	199.223493	0.828974	0.000740	-0.000314	0.000601	0.000907	0.001343
4804	0.827778	0.000741	-0.000153	0.000318	-0.001321	0.001189	3863.000000	199.223493	0.827932	0.002089	0.000340	0.000446	-0.001871	0.001022	3864.000000	199.223493	0.830440	0.003204	0.000177	0.000479	-0.000116	0.001753
4807	0.830054	0.001559	-0.000577	0.000513	0.000039	0.001119	3866.000000	199.223493	0.830054	0.001762	-0.000495	0.000689	0.001312	0.001875	3867.000000	199.223493	0.829263	0.000904	0.001182	0.000605	-0.000376	0.000501
4810	0.831327	0.000614	-0.000257	0.000470	-0.000106	0.000986	3869.000000	199.223493	0.835127	0.000774	-0.000251	0.000771	0.000868	0.000633	3870.000000	199.223493	0.833391	0.000899	-0.001005	0.000768	0.000222	0.001225
4813	0.831829	0.000815	-0.000573	0.000463	0.001775	0.001021	3872.000000	199.223493	0.834009	0.001105	0.000251	0.000606	0.000839	0.001650	3873.000000	199.223493	0.832349	0.001873	-0.000462	0.000672	-0.000232	0.001292
4816	0.835860	0.001929	-0.000331	0.000654	0.001071	0.001806	3875.000000	199.223493	0.832485	0.002517	-0.000662	0.000839	-0.000260	0.001366	3876.000000	199.223493	0.828839	0.003452	0.000576	0.000317	-0.000231	0.001239
4819	0.829070	0.003364	0.000170	0.000353	-0.000058	0.001551	3878.000000	199.223493	0.830093	0.003443	-0.000004	0.000371	-0.000810	0.001589	3879.000000	199.223493	0.828588	0.002268	-0.000026	0.000586	-0.001601	0.000886
4822	0.828029	0.003458	-0.000062	0.000538	-0.001427	0.000555	3881.000000	199.223493	0.830344	0.003042	-0.000281	0.000395	-0.002325	0.000358	3882.000000	199.223493	0.830112	0.002644	0.000334	0.000825	-0.000608	0.001022
4825	0.829205	0.003069	0.000835	0.000484	-0.001167	0.001464	3884.000000	199.223493	0.831539	0.002929	0.000396	0.000302	0.001321	0.001548	3885.000000	199.223493	0.830961	0.003628	0.001072	0.000610	0.001273	0.001636
4828	0.831115	0.002898	0.001173	0.000521	0.000232	0.002107	3887.000000	199.223493	0.830498	0.001720	0.000107	0.000678	0.001620	0.002037	3888.000000	199.223493	0.828588	0.002231	0.000921	0.000383	-0.000752	0.001860
4831	0.827006	0.002224	0.000913	0.000713	-0.001100	0.001565	3890.000000	199.223493	0.827334	0.002776	0.000655	0.000250	-0.000183	0.001889	3891.000000	199.223493	0.829919	0.002127	0.001780	0.000358	-0.002459	0.001829
4834	0.830575	0.002568	0.001667	0.000806	-0.001890	0.001052	3893.000000	199.223493	0.831096	0.002497	-0.000229	0.000564	-0.000733	0.001436	3894.000000	199.223493	0.829649	0.002975	0.000276	0.000558	-0.001563	0.001394
4837	0.828993	0.003245	0.000368	0.000579	0.000974	0.002102	3896.000000	199.223493	0.826755	0.002736	0.000596	0.000665	-0.001167	0.001763	3897.000000	199.223493	0.831752	0.002729	0.000975	0.000145	-0.003443	0.001539
4840	0.833970	0.001799	0.000598	0.000164	-0.002807	0.001517	3899.000000	199.223493	0.834857	0.002245	0.000809	0.000151	-0.003154	0.001925	3900.000000	199.223493	0.832195	0.001741	0.000683	0.000319	-0.003549	0.001221
4843	0.830999	0.001308	0.000162	0.000310	-0.002556	0.001718	3902.000000	199.223493	0.830440	0.002451	-0.000715	0.000323	-0.003308	0.001429	3903.000000	199.223493	0.832832	0.002214	-0.000222	0.000601	-0.003868	0.001007
4846	0.835147	0.002445	-0.000045	0.000691	-0.004003	0.001822	3905.000000	199.223493	0.835146	0.002994	-0.000117	0.000880	-0.003540	0.002004	3906.000000	199.223493	0.834124	0.002464	0.000669	0.000834	-0.001244	0.001612
4849	0.835262	0.002225	-0.000114	0.000758	-0.002701	0.001315	3908.000000	199.223493	0.831771	0.001612	-0.000197	0.000912	-0.004504	0.001550	3909.000000	199.223493	0.829070	0.001312	-0.000035	0.000720	-0.004186	0.000671
4852	0.831616	0.000957	0.000061	0.000336	-0.002296	0.001005	3911.000000	199.223493	0.831732	0.001372	-0.000197	0.000703	-0.003212	0.001129	3912.000000	199.223493	0.831636	0.003646	0.000182	0.000429	-0.003723	0.001659
4855	0.833372	0.004411	0.001039	0.000412	-0.004022	0.001227	3914.000000	199.223493	0.832272	0.004121	0.000216	0.000415	-0.003038	0.001409	3915.000000	199.223493	0.832195	0.004089	0.000497	0.000577	-0.003231	0.001540
4858	0.829668	0.004674	0.000694	0.000480	-0.005642	0.002242	3917.000000	199.223493	0.827836	0.004651	0.000668	0.000475	-0.005006	0.001477	3918.000000	199.223493	0.828781	0.003528	0.000361	0.000364	-0.003328	0.001473
4861	0.829649	0.002167	0.000699	0.000377	-0.002623	0.001025	3920.000000	199.223493	0.829147	0.002933	0.000075	0.000361	-0.001939	0.001530	3921.000000	199.223493	0.829186	0.003412	0.001175	0.000620	-0.002980	0.001005
4864	0.829880	0.001726	0.000213	0.000236	-0.003848	0.001439	3923.000000	199.223493	0.828935	0.003256	0.000425	0.000616	-0.004176	0.001532	3924.000000	199.223493	0.828086	0.003230	-0.000310	0.000344	-0.003617	0.001137
4867	0.830633	0.003520	-0.000704	0.000400	-0.004475	0.001101	3926.000000	199.223493	0.830845	0.003603	-0.000299	0.000281	-0.004099	0.001044	3927.000000	199.223493	0.831887	0.003358	-0.001060	0.000464	-0.005015	0.001549
4870	0.829302	0.002043	0.000004	0.000432	-0.005739	0.001794	3929.000000	199.223493	0.830864	0.002283	0.000075	0.000381	-0.004900	0.001662	3930.000000	199.223493	0.828549	0.002981	0.000500	0.000199	-0.002546	0.001214
4873	0.831578	0.002892	-0.000268	0.000326	-0.002411	0.002247	3932.000000	199.223493	0.829977	0.002366	-0.000411	0.000566	-0.001476	0.002118	3933.000000	199.223493	0.829456	0.001849	-0.000398	0.000405	-0.003492	0.002155
4876	0.832002	0.002265	0.000119	0.000331	-0.003144	0.002292	3935.000000	199.223493	0.832774	0.001954	0.000538	0.000746	-0.003067	0.002660	3936.000000	199.223493	0.832022	0.001827	0.000030	0.000725	-0.002228	0.001005
4879	0.832755	0.002224	0.001115	0.000634	0.000521	0.001953	3938.000000	199.223493	0.831732	0.002411	0.001412	0.000336	0.002103	0.002116	3939.000000	199.223493	0.833796	0.001614	0.000934	0.000365	0.003144	0.002037
4882	0.833179	0.001401	0.002648	0.000645	0.001080	0.001436	3941.000000	199.223493	0.834529	0.000832	0.000231	0.000577	0.000820	0.001523	3942.000000	199.223493	0.836690	0.001507	0.000768	0.000861	0.001678	0.002108
4885	0.836323	0.002067	0.000960	0.001210	0.001563	0.002080	3944.000000	199.223493	0.833719	0.002549	-0.000042	0.000834	0.001196	0.002223	3945.000000	199.223493	0.830382	0.002369	-0.000156	0.000515	0.001331	0.002661
4888	0.830478	0.002118	0.000491	0.000572	0.003694	0.002149	3947.000000	199.223493	0.832080	0.002490	-0.000020	0.000506	0.001784	0.001544	3948.000000	199.223493	0.832658	0.002538	0.000011	0.000707	0.002488	0.001318
4891	0.834780	0.003630	-0.001685	0.000439	0.003019	0.001547	3950.000000	199.223493	0.833295	0.003304	0.000148	0.000326	0.002353	0.001360	3951.000000	199.223493	0.832967	0.003969	-0.000240	0.000711	0.001157	0.001168
4894	0.831153	0.003523	-0.000025	0.000583	0.001514	0.001753	3953.000000	199.223493	0.827585	0.004060	0.000564	0.000897	0.003106	0.001600	3954.000000	199.223493	0.826968	0.003350	-0.000134	0.000440	0.000887	0.001724
4897	0.827276	0.003000	-0.000011	0.000562	0.000270	0.001365	3956.000000	199.223493	0.829128	0.002148	-0.000325	0.000246	0.000926	0.001877	3957.000000	199.223493	0.832021	0.001601	-0.000194	0.000421	0.002431	0.001475
4900	0.830748	0.001509	0.000056	0.000515	0.000935	0.001003	3959.000000	199.223493	0.833603	0.001298	-0.000424	0.001051	0.000318	0.001376	3960.000000	199.223493	0.833044	0.001906	-0.001035	0.000677	0.002768	0.002298
4903	0.832832	0.001651	0.000002	0.000426	0.000675	0.002991	3962.000000	199.223493	0.834607	0.003590	-0.001551	0.000405	-0.001061	0.002287	3963.000000	199.223493	0.836786	0.002936	-0.000212	0.000449	-0.003038	0.002429
4906	0.836323	0.003530	-0.000281	0.000526	-0.001302	0.001553	3965.000000	199.223493	0.834973	0.004427	-0.000944	0.000361	-0.000743	0.002026	3966.000000	199.223493	0.832465	0.004351	0.000014	0.000591	-0.000019	0.001349
4909	0.832909	0.004450	0.000197	0.000584	-0.000935	0.001269	3968.000000	199.223493	0.832870	0.003401	-0.000592	0.000429	0.000598	0.001500	3969.000000	199.223493	0.831848	0.003013	0.000204	0.000497	-0.001427	0.001159
4912	0.830247	0.003008	-0.000361	0.000590	-0.001022	0.001266	3971.000000	199.223493	0.825849	0.002435	0.000339	0.000363	0.000000	0.001815	3972.000000	199.223493	0.826524	0.001599	0.000277	0.000200	-0.001920	0.001144
4915	0.825617	0.002654	0.000455	0.000445	-0.001090	0.001334	3974.000000	199.223493	0.826755	0.004121	-0.000188	0.000645	-0.000781	0.000994	3975.000000	199.223493	0.824344	0.004046	0.000710	0.000627	-0.000560	0.000803
4918	0.826987	0.003101	0.001033	0.000581	-0.002035	0.001201	3977.000000	199.223493	0.827527	0.002267	0.000506	0.000499	-0.002604	0.000862	3978.000000	199.223493	0.826871	0.002857	0.000630	0.000612	-0.004032	0.002183
4921	0.825463	0.003234	-0.000093	0.000407	-0.003598	0.001888	3980.000000	199.223493	0.828858	0.002660	-0.000137	0.000371	-0.002209	0.001889	3981.000000	199.223493	0.830729	0.003667	0.000588	0.000395	-0.000637	0.001370
4924	0.830961	0.001568	-0.000402	0.000256	-0.001620	0.001751	3983.000000	199.223493	0.830652	0.002091	-0.000277	0.000259	-0.000868	0.002198	3984.000000	199.223493	0.830980	0.001410	-0.000818	0.000157	-0.000338	0.001767
4927	0.829051	0.001692	-0.001020	0.000514	-0.000010	0.001723	3986.000000	199.223493	0.832870	0.002306	0.000018	0.000444	-0.002575	0.001622	3987.000000	199.223493	0.838098	0.002189	0.000060	0.000710	-0.002642	0.001380
4930	0.835359	0.003045	-0.001039	0.000346	-0.003067	0.001455	3989.000000	199.223493	0.834703	0.002948	-0.000737	0.000322	-0.001341	0.001254	3990.000000	199.223493	0.832832	0.002871	-0.000214	0.000425	-0.001032	0.001798
4933	0.835629	0.002690	0.000236	0.000948	-0.000936	0.002619	3992.000000	199.223493	0.833430	0.002879	0.000819	0.000427	0.000096	0.002284	3993.000000	199.223493	0.832330	0.003272	0.000086	0.000492	0.000868	0.002181
4936	0.833835	0.004020	0.000623	0.000469	0.000694	0.001989	3995.000000	199.223493	0.833642	0.003431	0.000956	0.000735	0.000820	0.001683	3996.000000	199.223493	0.833738	0.002500	0.001006	0.000437	-0.000164	0.002015
4939	0.831617	0.001461	-0.000866	0.000476	-0.000521	0.002169	3998.000000	199.223493	0.829418	0.001845	0.000351	0.000395	-0.000762	0.001777	3999.000000	199.223493	0.830613	0.002116	0.000152	0.000415	-0.001283	0.001028
4942	0.831115	0.002076	-0.000506	0.000375	-0.000627	0.001113	4001.000000	199.223493	0.830016	0.001631	0.000230	0.000738	-0.000232	0.000769	4002.000000	199.223493	0.829687	0.000916	-0.000097	0.000764	0.000762	0.001342
4945	0.828414	0.000849	0.000239	0.000599	-0.000617	0.002038	4004.000000	199.223493	0.831424	0.001310	-0.000490	0.000340	-0.003414	0.001084	4005.000000	199.223493	0.832813	0.000480	0.000031	0.000490	-0.002730	0.001232
4948	0.831385	0.002548	0.000270	0.000751	-0.002295	0.000883	4007.000000	199.223493	0.832195	0.001837	-0.000823	0.000904	-0.001389	0.000745	4008.000000	199.223493	0.836767	0.001475	-0.001378	0.000286	-0.001804	0.001306
4951	0.836034	0.001637	-0.000206	0.000692	-0.002556	0.000423	4010.000000	199.223493	0.834741	0.002558	-0.000059	0.000357	-0.002488	0.001338	4011.000000	199.223493	0.833950	0.002363	0.000515	0.000728	0.000318	0.000795
4954	0.832870	0.001608	0.001340	0.000436	0.000116	0.001450	4013.000000	199.223493	0.831674	0.002167	0.000181	0.000715	-0.000608	0.001626	4014.000000	199.223493	0.835571	0.003175	0.001147	0.000499	0.000637	0.002137
4957	0.832832	0.001157	-0.000506	0.000303	-0.000395	0.001683	4016.000000	199.223493	0.833565	0.002902	-0.000154	0.000686	-0.001794	0.001908	4017.000000	199.223493	0.832677	0.003904	-0.000427	0.000341	-0.002392	0.001759
4960	0.833102	0.003634	0.000293	0.000265	-0.003906	0.001724	4019.000000	199.223493	0.832697	0.004230	0.000322	0.000462	-0.004408	0.001269	4020.000000	199.223493	0.834143	0.004133	-0.000672	0.000420	-0.002633	0.001069
4963	0.834414	0.004408	-0.000703	0.000327	-0.002778	0.001138	4022.000000	199.223493	0.831115	0.003278	-0.000424	0.000429	-0.001360	0.001702	4023.000000	199.223493	0.829109	0.003080	0.000547	0.000380	-0.002836	0.001490
4966	0.831231	0.002729	-0.000191	0.000558	-0.003308	0.002323	4025.000000	199.223493	0.828704	0.001755	-0.000139	0.000631	-0.001929	0.002116	4026.000000	199.223493	0.831269	0.002367	0.000503	0.000611	-0.001389	0.002715
4969	0.831462	0.002689	-0.000532	0.000904	0.000694	0.003159	4028.000000	199.223493	0.829977	0.001362	0.001005	0.000855	0.000395	0.003452	4029.000000	199.223493	0.829958	0.002555	0.000608	0.000562	-0.000444	0.002746
4972	0.829495	0.002433	0.000850	0.000777	0.000280	0.002664	4031.000000	199.223493	0.830613	0.002857	0.000170	0.000601	0.001620	0.003672	4032.000000	199.223493	0.831096	0.002182	0.000166	0.000366	0.002325	0.003057
4975	0.829919	0.002318	0.001702	0.000524	0.002431	0.002620	4034.000000	199.223493	0.831038	0.002430	0.000809	0.000671	0.000550	0.002755	4035.000000	199.223493	0.835474	0.002698	-0.000050	0.000691	-0.000068	0.002247
4978	0.836439	0.002043	-0.000115	0.000535	0.001524	0.002491	4037.000000	199.223493	0.839371	0.001199	0.000517	0.000796	0.000077	0.002020	4038.000000	199.223493	0.835918	0.002430	0.000700	0.000752	-0.002614	0.000744
4981	0.835359	0.003085	0.001636	0.000864	-0.001013	0.002154	4040.000000	199.223493	0.835185	0.002792	0.000422	0.000807	0.000386	0.003404	4041.000000	199.223493	0.834722	0.002568	0.000180	0.000393	0.000077	0.003185
4984	0.834876	0.003950	0.000920	0.000794	-0.000309	0.002546	4043.000000	199.223493	0.833912	0.002892	0.000938	0.000720	0.000231	0.002795	4044.000000	199.223493	0.832021	0.003204	0.000246	0.000412	0.001408	0.001885
4987	0.831192	0.003457	0.000242	0.000607	0.001138	0.002211	4046.000000	199.223493	0.828434	0.003272	0.001443	0.000874	0.001505	0.002004	4047.000000	199.223493	0.828916	0.004087	0.000988	0.000354	0.000598	0.002533
4990	0.831771	0.003132	0.000149	0.000444	0.000000	0.002304	4049.000000	199.223493	0.833719	0.002733	-0.000271	0.000536	-0.000241	0.001951	4050.000000	199.223493	0.829919	0.003072	-0.000056	0.000766	0.000714	0.002389
4993	0.827160	0.002798	-0.000255	0.000771	0.001119	0.001597	4052.000000	199.223493	0.828858	0.003539	-0.000124	0.000380	0.001649	0.001354	4053.000000	199.223493	0.830884	0.003264	-0.000061	0.000443	0.002411	0.001306
4996	0.830729	0.003667	-0.000503	0.000959	0.001090	0.001727	4055.000000	199.223493	0.832658	0.004356	-0.000176	0.000435	0.001215	0.001823	4056.000000	199.223493	0.832099	0.003564	0.000917	0.000974	0.002643	0.001600
