# tiempo	mean_var1	std_var1	mean_var2	std_var2	mean_var3	std_var3	mean_var4	std_var4	mean_var5	std_var5	mean_var6	std_var6	mean_var7	std_var7	mean_var8	std_var8	mean_var9	std_var9	mean_var10	std_var10	mean_var11	std_var11
1573	0.858430	0.025204	0.120216	0.107032	-0.197811	0.176836	632.000000	199.223493	0.856539	0.022877	0.104576	0.093226	-0.193239	0.174557	633.000000	199.223493	0.851659	0.020857	0.083578	0.074209	-0.188378	0.171537
1576	0.851678	0.019313	0.075843	0.067724	-0.185127	0.166992	635.000000	199.223493	0.851775	0.018021	0.061568	0.053356	-0.179003	0.162341	636.000000	199.223493	0.849711	0.017600	0.050700	0.044407	-0.175859	0.157521
1579	0.848804	0.017209	0.045195	0.039879	-0.169791	0.153626	638.000000	199.223493	0.849440	0.017685	0.048072	0.043789	-0.165741	0.148475	639.000000	199.223493	0.847897	0.016872	0.050355	0.045864	-0.159819	0.144249
1582	0.849595	0.016083	0.047344	0.042539	-0.155363	0.140208	641.000000	199.223493	0.848650	0.016883	0.045848	0.041369	-0.150318	0.135852	642.000000	199.223493	0.848399	0.016295	0.044966	0.040471	-0.147975	0.131815
1585	0.849113	0.016407	0.043438	0.039604	-0.144782	0.127289	644.000000	199.223493	0.850656	0.015563	0.042095	0.037999	-0.140268	0.123432	645.000000	199.223493	0.847184	0.016377	0.039422	0.035602	-0.134356	0.119890
1588	0.842110	0.016862	0.035960	0.031947	-0.130449	0.116361	647.000000	199.223493	0.845467	0.015642	0.037654	0.033196	-0.126023	0.113105	648.000000	199.223493	0.846817	0.014411	0.035227	0.031973	-0.123736	0.108748
1591	0.845544	0.013246	0.029847	0.026024	-0.119570	0.104098	650.000000	199.223493	0.844271	0.011568	0.020898	0.018899	-0.114776	0.099971	651.000000	199.223493	0.843442	0.011115	0.016493	0.015472	-0.109143	0.094653
1594	0.841995	0.009718	0.012565	0.011818	-0.102845	0.090574	653.000000	199.223493	0.840876	0.010395	0.012653	0.011954	-0.098245	0.085789	654.000000	199.223493	0.841396	0.008829	0.009658	0.009308	-0.095013	0.081428
1597	0.842689	0.008533	0.006344	0.006592	-0.087529	0.076777	656.000000	199.223493	0.840336	0.007266	0.005277	0.005722	-0.083401	0.073502	657.000000	199.223493	0.841667	0.007851	0.005783	0.006155	-0.078694	0.069792
1600	0.840336	0.006264	0.005003	0.004804	-0.075560	0.065057	659.000000	199.223493	0.837732	0.007582	0.004090	0.003835	-0.069570	0.060862	660.000000	199.223493	0.838464	0.005914	0.003366	0.002939	-0.065933	0.058081
1603	0.841223	0.006217	0.003463	0.003207	-0.059693	0.055474	662.000000	199.223493	0.839506	0.006292	0.004130	0.003746	-0.056877	0.051631	663.000000	199.223493	0.840586	0.007558	0.004159	0.003997	-0.053366	0.048720
1606	0.843711	0.007158	0.004056	0.003828	-0.051109	0.045986	665.000000	199.223493	0.844329	0.007334	0.004786	0.003743	-0.046856	0.043321	666.000000	199.223493	0.842747	0.005859	0.001789	0.001684	-0.044136	0.041102
1609	0.842670	0.005854	0.001052	0.001734	-0.042940	0.038899	668.000000	199.223493	0.842187	0.005661	0.001478	0.002111	-0.040249	0.036926	669.000000	199.223493	0.843982	0.004415	0.001640	0.002074	-0.037153	0.034557
1612	0.844309	0.003971	0.001257	0.001382	-0.034192	0.031744	671.000000	199.223493	0.842882	0.004544	0.003022	0.002585	-0.033054	0.029899	672.000000	199.223493	0.839738	0.003799	0.001819	0.002343	-0.030469	0.027608
1615	0.838793	0.004708	0.002395	0.002192	-0.028434	0.026101	674.000000	199.223493	0.839217	0.003828	0.002367	0.001275	-0.025289	0.024431	675.000000	199.223493	0.840606	0.003216	0.001636	0.001681	-0.024363	0.022625
1618	0.841107	0.002442	0.003107	0.001192	-0.022965	0.021522	677.000000	199.223493	0.840760	0.002246	0.001727	0.001898	-0.022116	0.019432	678.000000	199.223493	0.840586	0.002321	0.000983	0.000584	-0.019965	0.018506
1621	0.841300	0.003081	0.000835	0.001478	-0.019194	0.017392	680.000000	199.223493	0.839545	0.002799	0.001133	0.001035	-0.018027	0.016353	681.000000	199.223493	0.840567	0.001799	0.001981	0.000892	-0.017323	0.013856
1624	0.839217	0.001993	0.001062	0.000720	-0.016349	0.012566	683.000000	199.223493	0.835089	0.001075	0.000415	0.000672	-0.015085	0.011548	684.000000	199.223493	0.838349	0.002262	0.000522	0.000994	-0.013976	0.010669
1627	0.836767	0.002785	-0.000146	0.000550	-0.012134	0.009923	686.000000	199.223493	0.835706	0.004156	-0.000496	0.000432	-0.012452	0.009440	687.000000	199.223493	0.834452	0.004530	0.000286	0.000609	-0.010831	0.008296
1630	0.831192	0.003672	0.000851	0.000239	-0.009925	0.007486	689.000000	199.223493	0.834336	0.003547	0.001351	0.000368	-0.009848	0.007664	690.000000	199.223493	0.832253	0.003151	-0.000296	0.000534	-0.007861	0.006418
1633	0.833989	0.002131	0.000386	0.000570	-0.005999	0.007328	692.000000	199.223493	0.832427	0.001991	-0.000173	0.000596	-0.006443	0.006605	693.000000	199.223493	0.833391	0.001977	0.000219	0.000462	-0.003694	0.006749
1636	0.832427	0.002499	-0.000610	0.000177	-0.004485	0.005722	695.000000	199.223493	0.830633	0.003196	-0.000295	0.000404	-0.001833	0.005697	696.000000	199.223493	0.831173	0.002128	0.000158	0.000824	-0.002035	0.005582
1639	0.834876	0.003483	-0.001177	0.000830	-0.002247	0.005201	698.000000	199.223493	0.834529	0.002659	-0.000186	0.000599	-0.002537	0.004637	699.000000	199.223493	0.834915	0.001624	0.000360	0.000532	-0.002865	0.004572
1642	0.834549	0.001462	-0.000596	0.000658	-0.003665	0.004171	701.000000	199.223493	0.833141	0.002341	-0.000794	0.000693	-0.002122	0.004630	702.000000	199.223493	0.834645	0.003310	-0.000592	0.000400	-0.002353	0.004441
1645	0.829996	0.003447	0.000588	0.000678	-0.003675	0.004772	704.000000	199.223493	0.827932	0.001872	0.000522	0.000273	-0.001225	0.004391	705.000000	199.223493	0.828164	0.003083	0.000285	0.000340	-0.001138	0.004169
1648	0.827508	0.002720	0.000381	0.000493	-0.001244	0.003879	707.000000	199.223493	0.827083	0.002917	-0.000838	0.000533	-0.000820	0.003512	708.000000	199.223493	0.832060	0.003030	-0.000561	0.000280	-0.001042	0.003295
1651	0.835590	0.002583	-0.000649	0.000402	-0.001910	0.003046	710.000000	199.223493	0.835301	0.001756	-0.000616	0.000267	-0.001582	0.004032	711.000000	199.223493	0.832774	0.001492	0.000168	0.000191	-0.002122	0.003069
1654	0.829359	0.001920	0.001144	0.000967	-0.002315	0.003561	713.000000	199.223493	0.830343	0.001596	0.000336	0.000714	0.001244	0.003823	714.000000	199.223493	0.826794	0.001862	0.000123	0.000412	0.002025	0.003114
1657	0.828897	0.001548	-0.000186	0.000545	0.001399	0.002953	716.000000	199.223493	0.833160	0.001584	0.000159	0.000266	0.000685	0.003285	717.000000	199.223493	0.830710	0.001336	-0.000172	0.000203	0.002537	0.003413
1660	0.831289	0.000802	0.000326	0.000484	0.001427	0.003034	719.000000	199.223493	0.830150	0.001183	0.000073	0.000568	0.000675	0.002797	720.000000	199.223493	0.832967	0.002752	0.000318	0.000537	-0.001051	0.002705
1663	0.833623	0.002388	-0.000120	0.000369	-0.001476	0.002826	722.000000	199.223493	0.833526	0.002786	0.000339	0.000496	0.000704	0.002848	723.000000	199.223493	0.835995	0.002539	0.000481	0.000694	-0.001263	0.002043
1666	0.832986	0.001557	-0.000610	0.000657	-0.002093	0.001608	725.000000	199.223493	0.832234	0.003328	-0.000288	0.000444	-0.003733	0.001783	726.000000	199.223493	0.833488	0.003698	-0.000263	0.000284	-0.003154	0.001348
1669	0.830266	0.002997	-0.000182	0.000617	-0.000550	0.001169	728.000000	199.223493	0.830170	0.003413	0.000822	0.000607	-0.001813	0.001085	729.000000	199.223493	0.829957	0.003700	-0.001165	0.000269	-0.000955	0.001358
1672	0.828453	0.003991	-0.000099	0.000557	-0.001206	0.001963	731.000000	199.223493	0.830459	0.004277	0.000559	0.000476	-0.000945	0.001813	732.000000	199.223493	0.830498	0.003672	0.000028	0.000367	0.002527	0.001054
1675	0.827083	0.003224	-0.000239	0.000379	0.003048	0.000966	734.000000	199.223493	0.828048	0.004068	0.000109	0.000525	0.002199	0.001710	735.000000	199.223493	0.827450	0.004011	0.000790	0.000147	0.000955	0.001043
1678	0.826968	0.003864	-0.000006	0.000337	0.001071	0.001297	737.000000	199.223493	0.826447	0.004639	0.000194	0.000394	0.000704	0.001185	738.000000	199.223493	0.828723	0.003833	-0.000056	0.000419	0.001456	0.000964
1681	0.828704	0.003122	-0.000140	0.000443	0.000666	0.001243	740.000000	199.223493	0.827353	0.002167	-0.000255	0.000506	0.001418	0.001358	741.000000	199.223493	0.826794	0.001164	-0.000247	0.000313	0.000540	0.001279
1684	0.827469	0.001618	-0.000262	0.000509	0.000318	0.001583	743.000000	199.223493	0.826023	0.003505	-0.000209	0.000306	-0.001331	0.001723	744.000000	199.223493	0.829842	0.003524	-0.000958	0.000575	0.000608	0.001242
1687	0.828723	0.003182	-0.000260	0.000379	-0.001080	0.000502	746.000000	199.223493	0.829224	0.002254	0.000081	0.000327	0.001842	0.001887	747.000000	199.223493	0.829070	0.002830	0.000107	0.000622	0.001939	0.001952
1690	0.828704	0.002832	0.000166	0.000415	0.001456	0.002544	749.000000	199.223493	0.826775	0.003347	-0.000338	0.000411	0.001099	0.002201	750.000000	199.223493	0.826177	0.004007	-0.000103	0.000703	0.001080	0.002053
1693	0.823090	0.004122	-0.000346	0.000306	0.001302	0.002124	752.000000	199.223493	0.822434	0.003001	0.000244	0.000606	0.001833	0.002028	753.000000	199.223493	0.822762	0.002767	0.000642	0.000509	0.002556	0.001448
1696	0.823013	0.003565	-0.000361	0.000415	0.001476	0.000879	755.000000	199.223493	0.825637	0.003213	0.000076	0.000500	0.000733	0.001276	756.000000	199.223493	0.827334	0.003542	0.000684	0.000329	0.001196	0.001849
1699	0.826254	0.002867	0.000578	0.000659	-0.000125	0.001227	758.000000	199.223493	0.825078	0.003549	0.001038	0.000333	0.001254	0.001244	759.000000	199.223493	0.827141	0.002402	0.000335	0.000553	0.002054	0.000845
1702	0.826987	0.001870	-0.000458	0.000611	0.000463	0.001310	761.000000	199.223493	0.826987	0.002160	0.000220	0.000518	0.001591	0.000961	762.000000	199.223493	0.826022	0.002966	-0.000467	0.000393	0.001254	0.001023
1705	0.826022	0.002888	-0.000451	0.000403	-0.000154	0.000967	764.000000	199.223493	0.828704	0.001710	-0.000521	0.000252	-0.000830	0.000860	765.000000	199.223493	0.830228	0.003003	0.000006	0.000540	-0.001177	0.001343
1708	0.825174	0.001464	0.000367	0.000368	0.001688	0.001654	767.000000	199.223493	0.823148	0.002007	-0.000258	0.000620	0.000434	0.001294	768.000000	199.223493	0.824344	0.002714	0.000176	0.000682	0.000675	0.001404
1711	0.822859	0.002305	0.000058	0.000413	0.001408	0.000957	770.000000	199.223493	0.821161	0.003176	0.000760	0.000314	0.001553	0.001271	771.000000	199.223493	0.823688	0.003831	0.001053	0.000550	0.003530	0.001337
1714	0.826813	0.002914	0.000538	0.000529	0.003453	0.001036	773.000000	199.223493	0.827566	0.002895	0.000451	0.000319	0.003713	0.002125	774.000000	199.223493	0.828029	0.003018	-0.000034	0.000246	0.000299	0.002474
1717	0.828646	0.002509	0.000495	0.000294	0.002566	0.002184	776.000000	199.223493	0.826987	0.002894	0.000239	0.000515	0.002103	0.002566	777.000000	199.223493	0.824479	0.001984	-0.000264	0.000419	0.000280	0.001533
1720	0.825405	0.003086	-0.000740	0.000506	-0.000241	0.001994	779.000000	199.223493	0.828260	0.002740	-0.000287	0.000908	-0.000174	0.001720	780.000000	199.223493	0.828453	0.002545	-0.001084	0.000222	-0.000193	0.002077
1723	0.830671	0.002390	-0.000960	0.000359	-0.001890	0.002981	782.000000	199.223493	0.829302	0.002313	-0.000180	0.000286	-0.001871	0.002900	783.000000	199.223493	0.830189	0.001133	-0.001446	0.000179	-0.002305	0.002677
1726	0.828395	0.001236	-0.000627	0.000666	-0.002247	0.002259	785.000000	199.223493	0.830382	0.001545	-0.000664	0.000403	-0.001070	0.002354	786.000000	199.223493	0.827141	0.003075	-0.000291	0.000241	-0.000675	0.002718
1729	0.830883	0.004005	-0.001082	0.000386	0.000637	0.002802	788.000000	199.223493	0.831096	0.004507	-0.001286	0.000405	-0.000965	0.002773	789.000000	199.223493	0.830825	0.003671	-0.000037	0.000375	-0.001591	0.002358
1732	0.831597	0.003362	-0.000271	0.000598	-0.003135	0.001936	791.000000	199.223493	0.832465	0.003599	-0.000428	0.000422	-0.002382	0.000883	792.000000	199.223493	0.834992	0.004601	-0.000589	0.000106	-0.001399	0.000872
1735	0.834452	0.004365	-0.000204	0.000378	-0.002257	0.001274	794.000000	199.223493	0.833410	0.003727	-0.001465	0.000558	-0.003752	0.000710	795.000000	199.223493	0.832118	0.003356	-0.000710	0.000327	-0.002633	0.000864
1738	0.834221	0.003584	-0.000031	0.000365	-0.000376	0.001373	797.000000	199.223493	0.834414	0.003747	-0.000059	0.001022	0.003019	0.001215	798.000000	199.223493	0.834934	0.003039	0.000937	0.000747	0.002025	0.001980
1741	0.833410	0.002936	0.000085	0.000689	0.000154	0.000955	800.000000	199.223493	0.830748	0.002873	-0.000101	0.000183	0.000897	0.001362	801.000000	199.223493	0.834529	0.002805	0.000777	0.000553	0.001900	0.001001
1744	0.832967	0.003573	0.000654	0.000689	0.004032	0.001395	803.000000	199.223493	0.832022	0.003042	0.001412	0.000675	0.003260	0.001536	804.000000	199.223493	0.830015	0.001988	-0.000306	0.000767	0.002980	0.001910
1747	0.827720	0.002639	0.000481	0.000268	0.003135	0.001468	806.000000	199.223493	0.827874	0.002279	-0.000437	0.000732	0.001582	0.002057	807.000000	199.223493	0.828781	0.001400	-0.000603	0.000739	-0.000752	0.001407
1750	0.830112	0.002197	-0.000365	0.000185	-0.000907	0.000419	809.000000	199.223493	0.828048	0.002708	-0.000374	0.000784	-0.000058	0.001032	810.000000	199.223493	0.829552	0.003268	0.000159	0.000413	0.000955	0.000945
1753	0.828916	0.003088	0.000168	0.000188	0.000714	0.001505	812.000000	199.223493	0.829398	0.003578	0.000353	0.000470	0.000135	0.001904	813.000000	199.223493	0.829282	0.004045	0.000967	0.000505	-0.000463	0.002144
1756	0.831809	0.003405	-0.000288	0.000423	-0.000955	0.002117	815.000000	199.223493	0.833526	0.003508	0.000708	0.000215	-0.000193	0.001448	816.000000	199.223493	0.836053	0.002862	0.000322	0.000684	0.000617	0.001591
1759	0.834510	0.003241	0.000175	0.000368	-0.000183	0.002788	818.000000	199.223493	0.834741	0.004079	0.000086	0.000724	-0.001967	0.002902	819.000000	199.223493	0.831269	0.003817	0.000469	0.000520	-0.001736	0.002135
1762	0.830922	0.003730	0.000203	0.000401	-0.003482	0.003168	821.000000	199.223493	0.829263	0.003524	-0.000525	0.000126	-0.002942	0.002704	822.000000	199.223493	0.830324	0.004228	0.000488	0.000246	-0.003000	0.003512
1765	0.827026	0.003508	-0.000111	0.001198	-0.003009	0.003634	824.000000	199.223493	0.830748	0.004601	0.000340	0.000516	-0.002816	0.003110	825.000000	199.223493	0.833565	0.003972	0.000357	0.000710	-0.003916	0.003029
1768	0.835475	0.002859	0.000873	0.000885	-0.003414	0.002955	827.000000	199.223493	0.834992	0.003690	0.000651	0.001099	-0.002932	0.002193	828.000000	199.223493	0.835494	0.003613	-0.000524	0.000824	-0.001080	0.001751
1771	0.832755	0.002392	0.000390	0.000743	-0.001389	0.001251	830.000000	199.223493	0.832041	0.001556	0.001676	0.000903	-0.002093	0.002214	831.000000	199.223493	0.831346	0.002251	0.001242	0.000687	-0.003356	0.002233
1774	0.831000	0.001354	0.000542	0.000510	-0.002720	0.001824	833.000000	199.223493	0.834452	0.001713	-0.000026	0.000474	-0.004311	0.001779	834.000000	199.223493	0.832388	0.001481	0.000596	0.000469	-0.002865	0.001739
1777	0.829070	0.001732	0.000302	0.000633	-0.001823	0.002241	836.000000	199.223493	0.830517	0.001997	0.000593	0.000923	-0.001543	0.001474	837.000000	199.223493	0.832272	0.001859	-0.000530	0.000699	-0.001900	0.001847
1780	0.833083	0.000597	-0.000599	0.000730	-0.001832	0.001915	839.000000	199.223493	0.830459	0.002264	-0.000516	0.000636	-0.002797	0.001625	840.000000	199.223493	0.831655	0.002523	0.000349	0.000625	-0.003183	0.001998
1783	0.835513	0.002962	0.001194	0.000583	-0.002373	0.002401	842.000000	199.223493	0.834240	0.003276	0.001623	0.000496	-0.002344	0.002986	843.000000	199.223493	0.831829	0.002512	-0.000371	0.000568	-0.002238	0.002463
1786	0.833160	0.001776	0.000295	0.001143	-0.001842	0.002429	845.000000	199.223493	0.832735	0.002082	-0.000113	0.000330	-0.003733	0.001276	846.000000	199.223493	0.832639	0.001934	-0.000810	0.000410	-0.003202	0.001188
1789	0.833700	0.002542	-0.001217	0.000414	-0.001158	0.001039	848.000000	199.223493	0.832620	0.002083	-0.000417	0.000327	-0.002074	0.001307	849.000000	199.223493	0.832060	0.001576	-0.000234	0.000534	0.000907	0.000864
1792	0.833083	0.001292	-0.001238	0.000439	0.000386	0.000644	851.000000	199.223493	0.833623	0.002047	-0.000436	0.000192	0.000598	0.001065	852.000000	199.223493	0.831964	0.001948	0.000385	0.000475	0.000646	0.001170
1795	0.829495	0.001393	0.000778	0.000345	0.001041	0.001441	854.000000	199.223493	0.828164	0.001384	0.000499	0.000251	0.000058	0.001261	855.000000	199.223493	0.831192	0.001851	-0.000140	0.000684	-0.000849	0.001614
1798	0.828954	0.002242	-0.000841	0.000784	0.000058	0.000845	857.000000	199.223493	0.830517	0.002985	0.000585	0.001042	0.000608	0.001027	858.000000	199.223493	0.831289	0.003722	0.000125	0.000381	0.001032	0.000900
1801	0.833256	0.002379	0.000565	0.000775	0.000434	0.000665	860.000000	199.223493	0.832369	0.003313	0.000252	0.000508	0.001726	0.001107	861.000000	199.223493	0.833179	0.004619	0.000929	0.000713	0.003260	0.001569
1804	0.832214	0.004500	0.000674	0.000378	0.003704	0.002560	863.000000	199.223493	0.832311	0.004674	-0.000449	0.000730	0.002045	0.002587	864.000000	199.223493	0.831945	0.004490	0.000663	0.000562	0.003202	0.002697
1807	0.833642	0.004627	0.000626	0.000257	0.001861	0.002583	866.000000	199.223493	0.830941	0.003002	0.000421	0.000485	0.002797	0.002217	867.000000	199.223493	0.830189	0.003887	0.000406	0.000453	0.002431	0.002200
1810	0.830729	0.004241	-0.000303	0.000550	0.000743	0.001664	869.000000	199.223493	0.831501	0.003201	-0.000226	0.000704	0.001505	0.001556	870.000000	199.223493	0.829822	0.003372	0.000335	0.000410	0.002382	0.000773
1813	0.830073	0.003786	0.000292	0.000623	0.001505	0.001188	872.000000	199.223493	0.828820	0.003943	-0.000382	0.000573	0.001601	0.001211	873.000000	199.223493	0.832523	0.003698	0.000369	0.000325	0.001215	0.001133
1816	0.831327	0.002958	0.001171	0.000351	0.000685	0.001077	875.000000	199.223493	0.829900	0.003479	0.000553	0.000370	-0.000801	0.000562	876.000000	199.223493	0.828472	0.002158	0.000100	0.000474	-0.001090	0.001035
1819	0.828935	0.001216	-0.000794	0.000193	-0.001051	0.001125	878.000000	199.223493	0.829996	0.001119	-0.000662	0.000302	-0.001784	0.001692	879.000000	199.223493	0.829437	0.001518	0.000345	0.000651	-0.003183	0.001820
1822	0.830016	0.001555	0.001058	0.000378	-0.001476	0.002195	881.000000	199.223493	0.831231	0.001750	-0.000199	0.000852	-0.002315	0.002571	882.000000	199.223493	0.832195	0.002095	-0.000163	0.000457	-0.000906	0.003054
1825	0.832427	0.001642	0.000058	0.000516	-0.001669	0.002911	884.000000	199.223493	0.832176	0.002412	0.000102	0.000842	-0.000714	0.003609	885.000000	199.223493	0.830556	0.003401	-0.000185	0.000505	-0.000531	0.003232
1828	0.831019	0.002216	0.000621	0.000598	-0.000299	0.003149	887.000000	199.223493	0.831481	0.002007	-0.000331	0.000604	-0.001504	0.003264	888.000000	199.223493	0.829900	0.002324	0.000032	0.000295	-0.002112	0.002078
1831	0.830093	0.002174	0.000314	0.000656	-0.002382	0.001664	890.000000	199.223493	0.831385	0.002422	0.000530	0.000373	-0.004398	0.001439	891.000000	199.223493	0.831424	0.002330	0.000873	0.000798	-0.001813	0.001388
1834	0.832774	0.003835	0.000198	0.000686	-0.002556	0.002543	893.000000	199.223493	0.834549	0.002722	0.000457	0.000368	-0.002556	0.002483	894.000000	199.223493	0.836381	0.002572	-0.000132	0.000270	-0.000155	0.001886
1837	0.835841	0.002760	0.000409	0.000174	-0.001128	0.001668	896.000000	199.223493	0.834857	0.002281	-0.000063	0.000589	-0.000405	0.002141	897.000000	199.223493	0.833488	0.001428	0.000427	0.000552	-0.000502	0.002951
1840	0.833661	0.002543	0.000152	0.000181	-0.000627	0.003652	899.000000	199.223493	0.832697	0.002221	-0.000286	0.000199	0.000280	0.004050	900.000000	199.223493	0.831250	0.002800	0.000550	0.000678	-0.002199	0.003088
1843	0.829186	0.003839	0.000872	0.000168	-0.000974	0.003449	902.000000	199.223493	0.829668	0.002763	-0.000464	0.000586	-0.000501	0.002457	903.000000	199.223493	0.829842	0.001541	-0.000092	0.000182	-0.001640	0.002738
1846	0.829610	0.001477	-0.000508	0.000327	-0.002768	0.003192	905.000000	199.223493	0.830073	0.001413	-0.000621	0.000510	-0.000540	0.003198	906.000000	199.223493	0.828742	0.001802	-0.000682	0.000371	-0.001640	0.003416
1849	0.830285	0.001778	-0.000081	0.000418	-0.000694	0.003326	908.000000	199.223493	0.828878	0.002515	0.000097	0.000539	-0.000386	0.003102	909.000000	199.223493	0.830401	0.001252	0.000479	0.000582	-0.000077	0.002447
1852	0.832581	0.001911	0.000907	0.000547	0.000048	0.002731	911.000000	199.223493	0.829610	0.002244	0.001561	0.000357	0.000588	0.002443	912.000000	199.223493	0.828067	0.001965	0.000723	0.000209	0.002324	0.002260
1855	0.829495	0.001462	0.000382	0.000259	0.001910	0.001764	914.000000	199.223493	0.826871	0.001704	0.001204	0.000189	0.002884	0.001882	915.000000	199.223493	0.830806	0.000946	0.000375	0.000522	0.002604	0.002425
1858	0.830112	0.001008	0.000593	0.000530	0.003395	0.002657	917.000000	199.223493	0.832562	0.002574	0.001420	0.000427	0.002807	0.003283	918.000000	199.223493	0.833025	0.001231	0.000783	0.000459	0.004186	0.003593
1861	0.834664	0.001320	-0.000527	0.000125	0.000829	0.003538	920.000000	199.223493	0.833912	0.001248	0.000462	0.000709	0.001929	0.002936	921.000000	199.223493	0.835127	0.001494	-0.000828	0.000316	0.003231	0.003027
1864	0.836670	0.001992	0.000477	0.000552	0.004388	0.003233	923.000000	199.223493	0.837905	0.001309	-0.000231	0.000346	0.004707	0.002854	924.000000	199.223493	0.835185	0.001820	-0.000005	0.000630	0.005295	0.003507
1867	0.834819	0.000910	-0.000352	0.000877	0.004871	0.003206	926.000000	199.223493	0.833237	0.002410	-0.000377	0.000566	0.003038	0.002394	927.000000	199.223493	0.833526	0.002143	-0.000008	0.000628	0.002440	0.002330
1870	0.832079	0.001603	-0.000966	0.000656	0.001177	0.002803	929.000000	199.223493	0.833140	0.003248	-0.000355	0.000326	0.000714	0.002318	930.000000	199.223493	0.835841	0.001610	0.000163	0.000349	-0.000492	0.002385
1873	0.835050	0.000901	0.000959	0.000426	0.001833	0.002088	932.000000	199.223493	0.834510	0.003004	0.000784	0.000259	-0.000087	0.001718	933.000000	199.223493	0.833719	0.003857	0.000657	0.000553	-0.002161	0.002190
1876	0.833044	0.003332	0.000355	0.000309	-0.003376	0.002177	935.000000	199.223493	0.836902	0.002732	-0.000311	0.000779	0.000424	0.002355	936.000000	199.223493	0.837481	0.003978	0.001082	0.000467	0.000666	0.003097
1879	0.834414	0.003540	0.000263	0.000395	0.000405	0.002625	938.000000	199.223493	0.837596	0.004071	0.000488	0.000421	-0.000839	0.003212	939.000000	199.223493	0.835552	0.004500	0.000906	0.000721	-0.002720	0.001439
1882	0.835667	0.004450	0.000429	0.000642	-0.001910	0.001310	941.000000	199.223493	0.834491	0.003648	-0.000574	0.000736	-0.000125	0.001663	942.000000	199.223493	0.833198	0.003095	-0.000005	0.000634	-0.000569	0.000654
1885	0.833642	0.002744	0.000163	0.000739	0.000367	0.001160	944.000000	199.223493	0.835822	0.003446	0.000096	0.000726	-0.000608	0.001080	945.000000	199.223493	0.834124	0.001841	0.000120	0.000808	0.000656	0.001911
1888	0.833275	0.002846	0.000190	0.000502	0.000405	0.001534	947.000000	199.223493	0.834163	0.003197	0.000091	0.000522	0.001890	0.001281	948.000000	199.223493	0.830710	0.002787	0.001116	0.000680	0.003414	0.001413
1891	0.831887	0.002486	0.000152	0.000298	0.001649	0.001578	950.000000	199.223493	0.832118	0.001750	0.001397	0.000705	0.002508	0.001203	951.000000	199.223493	0.831250	0.001589	0.000693	0.000638	0.001070	0.001120
1894	0.829900	0.001804	0.000786	0.000314	0.002479	0.000841	953.000000	199.223493	0.830690	0.002573	-0.000715	0.000399	0.000222	0.001303	954.000000	199.223493	0.830459	0.002923	-0.000756	0.000187	0.002411	0.001811
1897	0.832986	0.002618	-0.000352	0.000361	0.002701	0.001891	956.000000	199.223493	0.830787	0.001995	-0.000610	0.000490	0.002141	0.001877	957.000000	199.223493	0.833160	0.003664	-0.000164	0.000330	0.000193	0.001955
1900	0.833932	0.003339	-0.000834	0.000629	-0.000945	0.002278	959.000000	199.223493	0.834279	0.001873	0.000207	0.000678	-0.001630	0.002388	960.000000	199.223493	0.830498	0.002305	0.000181	0.000673	-0.000289	0.002239
1903	0.827103	0.003827	0.000662	0.000556	0.000010	0.002084	962.000000	199.223493	0.829842	0.002767	0.000352	0.000339	0.000251	0.002137	963.000000	199.223493	0.831983	0.002306	-0.000281	0.000267	-0.002054	0.001824
1906	0.832658	0.002518	0.000703	0.000162	-0.003086	0.001413	965.000000	199.223493	0.831925	0.001997	0.000339	0.000620	-0.003598	0.001373	966.000000	199.223493	0.832658	0.002765	-0.000466	0.000428	-0.002749	0.001361
1909	0.833025	0.002741	-0.000213	0.000767	-0.000897	0.002465	968.000000	199.223493	0.829938	0.002761	-0.000235	0.000582	-0.002141	0.002259	969.000000	199.223493	0.831192	0.002819	-0.000683	0.000420	-0.004523	0.001610
1912	0.832138	0.003810	-0.000411	0.000614	-0.002758	0.001993	971.000000	199.223493	0.830073	0.003192	-0.000784	0.000669	-0.002402	0.002240	972.000000	199.223493	0.831482	0.004273	-0.000917	0.000474	-0.001129	0.001754
1915	0.831771	0.003300	-0.000343	0.000464	-0.002633	0.001588	974.000000	199.223493	0.828685	0.003589	-0.000129	0.000645	-0.002161	0.001546	975.000000	199.223493	0.830035	0.003303	-0.000089	0.000431	-0.002623	0.001916
1918	0.833179	0.001861	-0.000154	0.000326	0.000067	0.002317	977.000000	199.223493	0.831057	0.001473	-0.000055	0.000366	-0.000164	0.002116	978.000000	199.223493	0.829880	0.002271	-0.000394	0.000782	0.000733	0.001697
1921	0.833179	0.002711	-0.000063	0.000901	-0.000289	0.002330	980.000000	199.223493	0.834047	0.002163	0.000475	0.000460	0.000444	0.002531	981.000000	199.223493	0.834799	0.002307	0.000144	0.000616	0.000723	0.001565
1924	0.836420	0.001668	-0.000784	0.000603	0.000723	0.001758	983.000000	199.223493	0.835417	0.001524	-0.000923	0.000599	0.002025	0.001540	984.000000	199.223493	0.838195	0.002660	-0.000184	0.000610	0.001206	0.000312
1927	0.839333	0.003590	-0.000003	0.000440	0.000675	0.000913	986.000000	199.223493	0.836651	0.003639	0.000148	0.000684	0.000010	0.001192	987.000000	199.223493	0.833854	0.002857	-0.000617	0.000461	0.000781	0.001377
1930	0.831925	0.003516	-0.000049	0.000613	0.000328	0.001876	989.000000	199.223493	0.833025	0.003448	0.000966	0.000562	0.001312	0.001388	990.000000	199.223493	0.835417	0.003570	0.000333	0.000931	-0.001331	0.002358
1933	0.835937	0.002350	0.001745	0.000686	-0.000434	0.001787	992.000000	199.223493	0.837404	0.002936	-0.000323	0.000723	-0.001215	0.001556	993.000000	199.223493	0.836921	0.003108	0.000389	0.000594	0.000019	0.001413
1936	0.836999	0.003310	-0.000091	0.001024	-0.000579	0.001834	995.000000	199.223493	0.836613	0.002863	0.000062	0.000549	-0.000926	0.002047	996.000000	199.223493	0.836208	0.003471	0.001613	0.001002	-0.002103	0.001467
1939	0.836034	0.002918	0.000866	0.000742	-0.002643	0.001594	998.000000	199.223493	0.833738	0.000698	0.000058	0.000566	-0.003270	0.001715	999.000000	199.223493	0.837172	0.002195	0.000088	0.000947	-0.002720	0.001306
1942	0.836555	0.002733	-0.000227	0.000487	-0.001003	0.000616	1001.000000	199.223493	0.836323	0.004333	-0.000139	0.000665	-0.000858	0.002031	1002.000000	199.223493	0.834819	0.004596	0.001001	0.000686	-0.001264	0.001565
1945	0.831057	0.003636	0.000246	0.000622	-0.000917	0.001552	1004.000000	199.223493	0.833951	0.003485	0.000796	0.000555	-0.001447	0.001278	1005.000000	199.223493	0.831057	0.003013	-0.000751	0.000570	-0.001042	0.000956
1948	0.833951	0.002128	0.000346	0.000562	0.001929	0.000905	1007.000000	199.223493	0.831674	0.002297	-0.000712	0.000406	0.000974	0.000934	1008.000000	199.223493	0.830613	0.002087	-0.000068	0.000450	0.003231	0.001021
1951	0.830285	0.002810	-0.000373	0.000330	0.002614	0.000940	1010.000000	199.223493	0.829032	0.003321	-0.000302	0.000403	0.003193	0.001653	1011.000000	199.223493	0.828376	0.002514	-0.000130	0.000756	0.003347	0.001349
1954	0.832407	0.003837	-0.000535	0.000904	0.002894	0.001359	1013.000000	199.223493	0.831790	0.003086	0.000083	0.000440	0.001707	0.001320	1014.000000	199.223493	0.832465	0.002902	0.000857	0.000390	0.001369	0.001370
1957	0.832253	0.002090	0.000126	0.000636	0.000473	0.000920	1016.000000	199.223493	0.831057	0.003136	-0.000146	0.000254	0.001756	0.002143	1017.000000	199.223493	0.834722	0.003288	-0.000738	0.000448	0.001698	0.001941
1960	0.829900	0.003463	0.000112	0.000684	0.000511	0.002215	1019.000000	199.223493	0.826369	0.002534	0.000561	0.000302	0.002257	0.001793	1020.000000	199.223493	0.826794	0.003559	0.000513	0.000377	0.002093	0.002004
1963	0.825810	0.003325	0.000409	0.000503	0.001698	0.001701	1022.000000	199.223493	0.828414	0.002233	-0.000850	0.000525	0.002074	0.001583	1023.000000	199.223493	0.832234	0.002919	-0.000542	0.000286	0.002623	0.001223
1966	0.835262	0.002793	-0.000365	0.000489	0.001563	0.001490	1025.000000	199.223493	0.832890	0.003472	-0.000482	0.000333	0.002132	0.002686	1026.000000	199.223493	0.831211	0.002581	0.000326	0.000186	0.001235	0.001965
1969	0.827797	0.003204	0.000815	0.000946	0.002209	0.002189	1028.000000	199.223493	0.829552	0.002276	0.000407	0.000724	0.004659	0.002219	1029.000000	199.223493	0.826235	0.002141	-0.000018	0.000422	0.004494	0.001826
1972	0.827373	0.002682	-0.000462	0.000353	0.003173	0.002038	1031.000000	199.223493	0.832214	0.002256	0.000249	0.000282	0.001996	0.002498	1032.000000	199.223493	0.829822	0.002004	-0.000328	0.000157	0.003241	0.002963
1975	0.828781	0.002892	0.000664	0.000414	0.002131	0.002498	1034.000000	199.223493	0.827739	0.002813	0.000273	0.000584	0.001688	0.002024	1035.000000	199.223493	0.829687	0.004514	0.000091	0.000532	0.000135	0.001846
1978	0.832118	0.003209	-0.000078	0.000393	-0.001100	0.002593	1037.000000	199.223493	0.832195	0.003320	0.000373	0.000492	0.000328	0.003082	1038.000000	199.223493	0.834838	0.002787	0.000643	0.000717	-0.001726	0.002263
1981	0.832272	0.001458	-0.000956	0.000484	-0.002324	0.001796	1040.000000	199.223493	0.832581	0.003357	-0.000038	0.000402	-0.003887	0.001864	1041.000000	199.223493	0.831597	0.003832	-0.000119	0.000187	-0.003086	0.001322
1984	0.829398	0.003026	-0.000097	0.000606	-0.001755	0.001925	1043.000000	199.223493	0.831115	0.003189	0.000801	0.000611	-0.002180	0.001367	1044.000000	199.223493	0.828819	0.003768	-0.001205	0.000235	-0.001485	0.001597
1987	0.828183	0.003906	0.000258	0.000642	-0.001620	0.002091	1046.000000	199.223493	0.829649	0.003867	0.000474	0.000492	-0.000376	0.001792	1047.000000	199.223493	0.830826	0.003844	-0.000125	0.000409	0.001649	0.001284
1990	0.826948	0.003161	-0.000511	0.000353	0.002102	0.001174	1049.000000	199.223493	0.828530	0.004131	0.000350	0.000423	0.000444	0.001411	1050.000000	199.223493	0.829128	0.004468	0.000031	0.000635	-0.000241	0.000672
1993	0.828820	0.004330	-0.001184	0.000962	-0.000559	0.000271	1052.000000	199.223493	0.828588	0.004972	-0.000849	0.000769	-0.000694	0.000879	1053.000000	199.223493	0.829360	0.004014	-0.000012	0.000406	0.000926	0.000678
1996	0.830150	0.003050	-0.000149	0.000448	0.000521	0.001216	1055.000000	199.223493	0.829301	0.002225	-0.000468	0.000479	0.000762	0.001027	1056.000000	199.223493	0.826968	0.001130	0.000324	0.000484	0.000723	0.001296
1999	0.828974	0.002115	-0.000069	0.000532	0.001148	0.002171	1058.000000	199.223493	0.827624	0.003685	-0.000469	0.000328	0.000376	0.002725	1059.000000	199.223493	0.829610	0.003556	-0.000778	0.000664	0.001794	0.001943
2002	0.830286	0.003193	-0.000084	0.000502	-0.000116	0.001235	1061.000000	199.223493	0.829649	0.002365	0.000110	0.000321	0.001939	0.001938	1062.000000	199.223493	0.829205	0.002821	0.000545	0.000751	0.002228	0.002083
2005	0.829051	0.002729	0.000160	0.000417	0.001321	0.002482	1064.000000	199.223493	0.827508	0.003001	-0.000063	0.000497	0.000183	0.001921	1065.000000	199.223493	0.828684	0.002733	0.000429	0.000649	0.000492	0.001786
2008	0.826177	0.003841	-0.000219	0.000283	0.000656	0.001753	1067.000000	199.223493	0.825675	0.002834	0.000368	0.000621	0.000087	0.001428	1068.000000	199.223493	0.825482	0.002842	0.000363	0.000608	0.000183	0.001030
2011	0.826505	0.002998	-0.000492	0.000490	0.000357	0.000788	1070.000000	199.223493	0.828086	0.003132	-0.000238	0.000632	-0.000646	0.000722	1071.000000	199.223493	0.829938	0.001904	0.000348	0.000501	0.000829	0.001909
2014	0.827681	0.002062	0.000443	0.000718	-0.000347	0.001270	1073.000000	199.223493	0.828511	0.002150	0.001147	0.000274	0.000984	0.001176	1074.000000	199.223493	0.828665	0.001939	0.000608	0.000604	0.001775	0.000843
2017	0.827102	0.001770	-0.000711	0.000478	0.000743	0.001438	1076.000000	199.223493	0.827585	0.001688	-0.000456	0.000606	0.001003	0.000981	1077.000000	199.223493	0.826543	0.002658	-0.000872	0.000308	-0.000048	0.000647
2020	0.826871	0.002591	0.000096	0.000429	-0.000627	0.000682	1079.000000	199.223493	0.829745	0.001394	-0.000695	0.000194	-0.001244	0.000672	1080.000000	199.223493	0.831925	0.002636	-0.000258	0.000614	-0.001090	0.001349
2023	0.826697	0.001888	0.000404	0.000359	0.000126	0.002058	1082.000000	199.223493	0.825000	0.003040	0.000243	0.000258	-0.001206	0.002104	1083.000000	199.223493	0.826157	0.003346	0.000468	0.000475	-0.001235	0.001858
2026	0.825405	0.003173	-0.000263	0.000612	0.000193	0.001566	1085.000000	199.223493	0.825733	0.003641	0.000216	0.000603	-0.000994	0.002321	1086.000000	199.223493	0.827546	0.004671	0.000919	0.000609	0.000540	0.001939
2029	0.828569	0.003039	0.000982	0.000499	0.001148	0.001652	1088.000000	199.223493	0.829475	0.002797	0.000588	0.000316	0.000299	0.002180	1089.000000	199.223493	0.829804	0.003149	0.000094	0.000244	-0.002431	0.001427
2032	0.829977	0.002680	0.000332	0.000346	0.000810	0.001885	1091.000000	199.223493	0.829746	0.002912	-0.000193	0.000556	0.000183	0.002126	1092.000000	199.223493	0.827508	0.002654	-0.000563	0.000257	-0.000685	0.001049
2035	0.828279	0.003627	-0.000515	0.000607	0.000067	0.002077	1094.000000	199.223493	0.830806	0.003003	0.000767	0.000799	0.000376	0.001987	1095.000000	199.223493	0.830594	0.002342	-0.000674	0.000381	-0.001418	0.001325
2038	0.831674	0.002311	-0.000487	0.000451	-0.002334	0.002749	1097.000000	199.223493	0.830228	0.002024	-0.000337	0.000258	-0.002614	0.002482	1098.000000	199.223493	0.830459	0.001028	-0.001029	0.000359	-0.003260	0.002158
2041	0.827855	0.001603	-0.000749	0.000653	-0.003125	0.001877	1100.000000	199.223493	0.829688	0.001922	-0.000672	0.000403	-0.002228	0.001889	1101.000000	199.223493	0.825097	0.002650	-0.000137	0.000288	-0.002006	0.002419
2044	0.825926	0.004695	-0.000930	0.000447	-0.001563	0.002012	1103.000000	199.223493	0.826215	0.004849	-0.001053	0.000407	-0.002913	0.002297	1104.000000	199.223493	0.825675	0.003556	-0.000080	0.000385	-0.002720	0.002200
2047	0.826157	0.003931	-0.000144	0.000601	-0.004697	0.001822	1106.000000	199.223493	0.828144	0.003922	-0.000430	0.000421	-0.003337	0.001082	1107.000000	199.223493	0.830170	0.004993	-0.000425	0.000122	-0.002083	0.000821
2050	0.830073	0.005409	-0.000422	0.000486	-0.002556	0.001069	1109.000000	199.223493	0.829668	0.004409	-0.000959	0.000427	-0.003376	0.000921	1110.000000	199.223493	0.829533	0.004068	-0.000688	0.000333	-0.002691	0.000848
2053	0.829359	0.004654	-0.000346	0.000329	0.000762	0.001212	1112.000000	199.223493	0.830343	0.004431	-0.000695	0.000656	0.002440	0.001102	1113.000000	199.223493	0.832562	0.003690	0.000167	0.000200	0.000752	0.001824
2056	0.829842	0.003681	-0.000774	0.000304	-0.000173	0.000977	1115.000000	199.223493	0.826620	0.003820	-0.000056	0.000194	0.001264	0.001400	1116.000000	199.223493	0.831288	0.004367	0.000600	0.000433	0.000849	0.000894
2059	0.829321	0.004632	0.000421	0.000590	0.003656	0.001401	1118.000000	199.223493	0.827662	0.004637	0.000279	0.000477	0.003298	0.001538	1119.000000	199.223493	0.828183	0.002515	-0.000714	0.000701	0.003202	0.001916
2062	0.827122	0.002627	0.000396	0.000248	0.003868	0.001577	1121.000000	199.223493	0.828299	0.002351	-0.000618	0.000770	0.002257	0.002092	1122.000000	199.223493	0.829167	0.001390	-0.000951	0.000751	0.001283	0.002389
2065	0.829553	0.002246	-0.000779	0.000229	0.000608	0.001342	1124.000000	199.223493	0.827855	0.002672	-0.001021	0.000588	0.000733	0.001385	1125.000000	199.223493	0.828549	0.003330	-0.000273	0.000167	0.001312	0.000908
2068	0.827006	0.002964	0.000360	0.000292	0.001968	0.001942	1127.000000	199.223493	0.827681	0.003357	-0.000008	0.000367	0.002807	0.002330	1128.000000	199.223493	0.828434	0.003987	0.000792	0.000556	0.001389	0.002740
2071	0.830401	0.003479	-0.000425	0.000412	-0.000993	0.002105	1130.000000	199.223493	0.829938	0.004279	0.000545	0.000251	0.000328	0.001681	1131.000000	199.223493	0.833468	0.003655	0.000784	0.000643	0.000617	0.001591
2074	0.831752	0.004292	0.000138	0.000363	0.000637	0.002869	1133.000000	199.223493	0.831887	0.004774	-0.000333	0.000572	-0.000810	0.003159	1134.000000	199.223493	0.830015	0.004212	-0.000106	0.000524	-0.000328	0.002591
2077	0.830652	0.003834	0.000419	0.000408	-0.002016	0.003778	1136.000000	199.223493	0.828472	0.003657	-0.000375	0.000123	-0.001746	0.003133	1137.000000	199.223493	0.829958	0.004307	0.000395	0.000274	-0.001842	0.003873
2080	0.827392	0.003420	0.000494	0.001076	-0.001418	0.004166	1139.000000	199.223493	0.828704	0.005209	0.000693	0.000547	-0.001582	0.003631	1140.000000	199.223493	0.833333	0.004104	0.000340	0.000715	-0.002373	0.003844
2083	0.834009	0.003655	0.000467	0.000791	-0.002295	0.003479	1142.000000	199.223493	0.832272	0.004642	0.000563	0.001123	-0.001775	0.002895	1143.000000	199.223493	0.832832	0.004331	-0.000336	0.000815	-0.000347	0.002143
2086	0.832253	0.002520	0.000848	0.000685	-0.000685	0.001726	1145.000000	199.223493	0.832099	0.001543	0.000700	0.001133	-0.001389	0.002476	1146.000000	199.223493	0.833352	0.002819	0.001292	0.000686	-0.002681	0.002634
2089	0.833719	0.002382	0.000427	0.000490	-0.002566	0.001874	1148.000000	199.223493	0.835513	0.001952	-0.000227	0.000387	-0.005189	0.001389	1149.000000	199.223493	0.835031	0.002767	0.000469	0.000434	-0.003974	0.001447
2092	0.830671	0.002331	-0.000199	0.000229	-0.002990	0.001754	1151.000000	199.223493	0.831559	0.001838	0.000022	0.000825	-0.002276	0.001259	1152.000000	199.223493	0.832195	0.001860	-0.000959	0.000802	-0.003810	0.001159
2095	0.833411	0.000580	-0.001433	0.000976	-0.004282	0.000325	1154.000000	199.223493	0.831655	0.001484	-0.000857	0.000619	-0.003829	0.000779	1155.000000	199.223493	0.833198	0.001879	0.000010	0.000624	-0.003916	0.001522
2098	0.837481	0.002002	0.000492	0.000703	-0.005189	0.000799	1157.000000	199.223493	0.833275	0.003215	0.001390	0.000543	-0.005989	0.001462	1158.000000	199.223493	0.832581	0.002632	-0.000151	0.000550	-0.006125	0.001276
2101	0.832099	0.001267	-0.000157	0.001096	-0.004919	0.000838	1160.000000	199.223493	0.833796	0.001899	-0.000520	0.000419	-0.004668	0.000679	1161.000000	199.223493	0.832755	0.001868	-0.000538	0.000277	-0.004697	0.000907
2104	0.832928	0.002972	-0.000598	0.000350	-0.001785	0.001004	1163.000000	199.223493	0.832427	0.002093	0.000166	0.000523	-0.003482	0.001458	1164.000000	199.223493	0.832157	0.001558	-0.000195	0.000524	-0.000916	0.001253
2107	0.833603	0.001449	-0.001454	0.000455	0.000415	0.000633	1166.000000	199.223493	0.834529	0.002104	-0.000656	0.000358	0.000569	0.001062	1167.000000	199.223493	0.833237	0.001382	0.000707	0.000414	-0.000424	0.001325
2110	0.831096	0.001711	0.001125	0.000350	-0.001080	0.001407	1169.000000	199.223493	0.830517	0.001744	0.000144	0.000438	-0.000260	0.001112	1170.000000	199.223493	0.833468	0.002303	-0.000979	0.000409	-0.001823	0.000838
2113	0.831481	0.003017	-0.001430	0.000355	0.000357	0.000869	1172.000000	199.223493	0.832754	0.003620	0.000214	0.001017	0.000280	0.001040	1173.000000	199.223493	0.833951	0.003727	0.000795	0.000557	0.000492	0.001197
2116	0.835802	0.002570	0.001190	0.000920	0.000154	0.000898	1175.000000	199.223493	0.833449	0.003341	0.000766	0.000439	0.001389	0.001334	1176.000000	199.223493	0.833835	0.004657	0.000894	0.000717	0.002296	0.002220
2119	0.832137	0.004486	0.000034	0.000713	0.003742	0.002534	1178.000000	199.223493	0.832330	0.004673	-0.000235	0.000702	0.003713	0.001487	1179.000000	199.223493	0.831154	0.004683	0.000924	0.000467	0.002758	0.003036
2122	0.833796	0.004589	0.000832	0.000332	0.002016	0.002468	1181.000000	199.223493	0.830980	0.002998	0.000241	0.000450	0.002392	0.002555	1182.000000	199.223493	0.830401	0.003857	0.000107	0.000582	0.000839	0.003366
2125	0.831404	0.004136	-0.000816	0.000632	-0.001157	0.002819	1184.000000	199.223493	0.831636	0.003205	0.000144	0.000667	0.001167	0.001829	1185.000000	199.223493	0.830343	0.003393	0.000481	0.000473	0.000849	0.002022
2128	0.831289	0.003854	0.000375	0.000610	-0.001022	0.002011	1187.000000	199.223493	0.830884	0.004174	-0.000403	0.000575	-0.000251	0.001900	1188.000000	199.223493	0.835822	0.003463	0.000291	0.000380	-0.000473	0.001358
2131	0.834047	0.001960	0.001447	0.000126	-0.000251	0.001625	1190.000000	199.223493	0.833468	0.002476	0.001163	0.000358	-0.001746	0.000786	1191.000000	199.223493	0.831694	0.002510	0.000422	0.000469	-0.001620	0.001032
2134	0.830980	0.002020	-0.000132	0.000531	-0.000299	0.001212	1193.000000	199.223493	0.831887	0.001527	0.000173	0.000514	-0.000318	0.001596	1194.000000	199.223493	0.832214	0.002326	0.000494	0.000641	-0.001881	0.002010
2137	0.831848	0.001674	0.001154	0.000386	-0.000174	0.001851	1196.000000	199.223493	0.832620	0.001030	-0.000194	0.000854	-0.001206	0.002434	1197.000000	199.223493	0.834163	0.000971	0.000396	0.000620	0.000743	0.002777
2140	0.833276	0.001417	0.001107	0.000534	-0.000135	0.002600	1199.000000	199.223493	0.833005	0.002000	0.000435	0.000763	0.000521	0.003342	1200.000000	199.223493	0.832581	0.002352	0.000106	0.000370	-0.000116	0.003100
2143	0.831482	0.001892	0.000820	0.000509	-0.000434	0.003190	1202.000000	199.223493	0.832060	0.001702	0.000015	0.000469	-0.001765	0.003300	1203.000000	199.223493	0.829437	0.002526	0.000779	0.000443	-0.001215	0.001797
2146	0.830189	0.002116	0.000826	0.000699	-0.000646	0.001020	1205.000000	199.223493	0.830459	0.002996	0.000448	0.000405	-0.002595	0.000781	1206.000000	199.223493	0.831018	0.002569	0.001233	0.000651	-0.001765	0.001379
2149	0.831867	0.004312	0.000419	0.000662	-0.003144	0.002564	1208.000000	199.223493	0.831867	0.004558	0.000387	0.000399	-0.003241	0.002756	1209.000000	199.223493	0.832697	0.005299	-0.000064	0.000290	-0.000801	0.002025
2152	0.832619	0.004848	0.000467	0.000185	-0.002141	0.002054	1211.000000	199.223493	0.832697	0.004042	-0.000428	0.000466	-0.001765	0.002524	1212.000000	199.223493	0.830054	0.003974	0.000291	0.000595	-0.002797	0.003330
2155	0.830266	0.003951	0.000139	0.000186	-0.003656	0.003844	1214.000000	199.223493	0.829205	0.003208	-0.000325	0.000230	-0.003395	0.004593	1215.000000	199.223493	0.827045	0.003392	0.000795	0.000611	-0.004022	0.003200
2158	0.827045	0.003811	0.000948	0.000158	-0.003250	0.003470	1217.000000	199.223493	0.826833	0.002678	-0.000257	0.000560	-0.003289	0.002982	1218.000000	199.223493	0.827643	0.001552	-0.000185	0.000178	-0.004099	0.002623
2161	0.829070	0.001622	0.000043	0.000578	-0.005353	0.003030	1220.000000	199.223493	0.830671	0.001554	-0.000184	0.000662	-0.003212	0.003258	1221.000000	199.223493	0.829244	0.001692	-0.000215	0.000532	-0.004167	0.003124
2164	0.831231	0.001889	0.000479	0.000549	-0.001996	0.003582	1223.000000	199.223493	0.828376	0.002390	-0.000251	0.000416	-0.003144	0.003714	1224.000000	199.223493	0.831713	0.001415	0.000533	0.000581	-0.002971	0.002659
2167	0.831076	0.002289	0.000629	0.000527	-0.001890	0.002835	1226.000000	199.223493	0.829302	0.002319	0.001185	0.000490	-0.000907	0.002323	1227.000000	199.223493	0.827469	0.002202	0.000827	0.000201	0.000318	0.002635
2170	0.828183	0.001864	0.000423	0.000272	0.000926	0.001830	1229.000000	199.223493	0.825309	0.002522	0.000859	0.000433	0.000608	0.001975	1230.000000	199.223493	0.829302	0.001728	-0.000168	0.000574	-0.000473	0.002687
2173	0.829591	0.000694	0.000094	0.000275	-0.000366	0.002770	1232.000000	199.223493	0.829456	0.002390	0.000728	0.000605	-0.000357	0.003405	1233.000000	199.223493	0.831327	0.002017	0.000760	0.000473	0.002295	0.003744
2176	0.832350	0.002340	-0.000730	0.000071	0.000810	0.003536	1235.000000	199.223493	0.831481	0.002187	0.000164	0.000703	0.000704	0.002709	1236.000000	199.223493	0.832079	0.002345	-0.000984	0.000185	0.001042	0.002860
2179	0.833873	0.003157	0.000190	0.000318	0.001157	0.003572	1238.000000	199.223493	0.836651	0.002346	0.000167	0.000599	0.003356	0.002955	1239.000000	199.223493	0.834143	0.002331	-0.000093	0.000586	0.002295	0.003261
2182	0.833121	0.002003	-0.000832	0.000766	0.001292	0.003089	1241.000000	199.223493	0.832967	0.002528	-0.000078	0.000620	-0.000019	0.002117	1242.000000	199.223493	0.832446	0.002611	0.000491	0.000707	-0.000347	0.001559
2185	0.831597	0.001615	-0.000665	0.000621	-0.001852	0.001864	1244.000000	199.223493	0.833391	0.003141	-0.000215	0.000370	-0.002180	0.001769	1245.000000	199.223493	0.834356	0.002087	-0.000009	0.000334	-0.002730	0.001655
2188	0.834375	0.001379	0.000736	0.000565	-0.001582	0.001278	1247.000000	199.223493	0.836613	0.001325	0.000510	0.000274	-0.002325	0.001126	1248.000000	199.223493	0.836902	0.001493	0.000733	0.000507	-0.004485	0.000544
2191	0.834664	0.002478	0.000448	0.000296	-0.004842	0.001000	1250.000000	199.223493	0.836670	0.002930	-0.000319	0.000781	-0.002893	0.001341	1251.000000	199.223493	0.838291	0.003269	0.000878	0.000524	-0.002334	0.001734
2194	0.834877	0.003169	0.000420	0.000413	-0.002209	0.001463	1253.000000	199.223493	0.836709	0.004636	0.000849	0.000274	-0.003009	0.001853	1254.000000	199.223493	0.835918	0.004339	0.000808	0.000701	-0.004388	0.001426
2197	0.834741	0.004728	0.000349	0.000643	-0.002537	0.001062	1256.000000	199.223493	0.833854	0.003823	-0.000297	0.000880	-0.001736	0.000793	1257.000000	199.223493	0.832600	0.003143	0.000369	0.000524	-0.000781	0.000631
2200	0.832523	0.002593	0.000526	0.000600	-0.000646	0.000616	1259.000000	199.223493	0.834201	0.003678	-0.000171	0.000641	-0.001273	0.000953	1260.000000	199.223493	0.833295	0.001800	0.000090	0.000813	-0.001158	0.001378
2203	0.833893	0.002741	0.000059	0.000515	-0.001485	0.001355	1262.000000	199.223493	0.832677	0.003366	-0.000446	0.000277	0.001996	0.001329	1263.000000	199.223493	0.829051	0.002858	0.000711	0.000685	0.003086	0.001412
2206	0.830189	0.002008	0.000195	0.000334	0.001148	0.001457	1265.000000	199.223493	0.830729	0.001659	0.001564	0.000679	0.001215	0.001055	1266.000000	199.223493	0.829417	0.002162	0.000464	0.000658	-0.000174	0.001437
2209	0.829418	0.001887	0.000873	0.000340	0.002199	0.000860	1268.000000	199.223493	0.830922	0.002511	-0.001443	0.000470	0.000067	0.001240	1269.000000	199.223493	0.830343	0.002919	-0.000698	0.000185	0.001881	0.001759
2212	0.832851	0.002627	-0.000323	0.000378	0.002170	0.001902	1271.000000	199.223493	0.828511	0.002686	-0.001162	0.000267	0.002160	0.001879	1272.000000	199.223493	0.831539	0.003654	-0.000437	0.000284	0.001398	0.001955
2215	0.831578	0.003459	-0.000875	0.000627	0.000897	0.002451	1274.000000	199.223493	0.831983	0.002454	0.000680	0.000504	0.001109	0.002313	1275.000000	199.223493	0.829321	0.002583	0.000622	0.000495	0.001331	0.001834
2218	0.827913	0.003700	0.000958	0.000481	0.000762	0.001726	1277.000000	199.223493	0.828916	0.002888	0.000784	0.000432	-0.000241	0.002227	1278.000000	199.223493	0.831539	0.002391	0.000152	0.000525	-0.001505	0.001999
2221	0.833218	0.002272	0.000672	0.000163	-0.004234	0.000839	1280.000000	199.223493	0.831964	0.001989	0.000151	0.000691	-0.003347	0.001491	1281.000000	199.223493	0.833083	0.002708	-0.000386	0.000454	-0.002469	0.001382
2224	0.833314	0.002700	-0.000038	0.000855	-0.000579	0.002480	1283.000000	199.223493	0.830228	0.002843	0.000278	0.000769	-0.002517	0.002206	1284.000000	199.223493	0.829205	0.002694	0.000024	0.000935	-0.004012	0.001787
2227	0.830073	0.003532	0.000001	0.000658	-0.002672	0.002018	1286.000000	199.223493	0.828530	0.003012	0.000005	0.000430	-0.002807	0.002107	1287.000000	199.223493	0.830170	0.004116	-0.000472	0.000272	-0.001447	0.001636
2230	0.831096	0.003141	-0.000599	0.000484	-0.002344	0.001729	1289.000000	199.223493	0.827045	0.003146	0.000021	0.000581	-0.002662	0.001113	1290.000000	199.223493	0.829881	0.003287	0.000047	0.000396	-0.002623	0.001916
2233	0.833160	0.001861	0.000140	0.000202	-0.000367	0.002078	1292.000000	199.223493	0.831443	0.001521	0.000088	0.000450	-0.001341	0.001370	1293.000000	199.223493	0.830150	0.002328	-0.000161	0.000811	0.000270	0.001352
2236	0.832851	0.002714	-0.000057	0.000904	-0.000608	0.002173	1295.000000	199.223493	0.833179	0.002219	0.000385	0.000417	-0.000010	0.002251	1296.000000	199.223493	0.832427	0.001500	-0.000108	0.000468	0.000907	0.001689
2239	0.834780	0.000754	-0.001921	0.000494	-0.000164	0.001181	1298.000000	199.223493	0.834915	0.001412	-0.000542	0.000768	0.001572	0.001384	1299.000000	199.223493	0.835957	0.002721	0.000091	0.000684	0.001234	0.000332
2242	0.838175	0.003919	0.000446	0.000719	0.000386	0.000730	1301.000000	199.223493	0.834626	0.004088	0.000116	0.000671	0.000502	0.001474	1302.000000	199.223493	0.831520	0.003140	-0.000612	0.000464	0.001206	0.001585
2245	0.829437	0.003433	0.000011	0.000623	0.000733	0.002141	1304.000000	199.223493	0.830440	0.003677	0.001038	0.000561	0.001215	0.001328	1305.000000	199.223493	0.832851	0.004049	0.000761	0.000644	-0.000791	0.002680
2248	0.832562	0.002941	0.001459	0.000845	-0.000887	0.001487	1307.000000	199.223493	0.835918	0.003380	-0.000431	0.000665	-0.001408	0.001399	1308.000000	199.223493	0.835937	0.003148	0.000209	0.000717	-0.000878	0.000985
2251	0.837886	0.003260	-0.000618	0.001012	-0.002131	0.000943	1310.000000	199.223493	0.835070	0.003253	-0.000399	0.000227	-0.002643	0.001293	1311.000000	199.223493	0.833141	0.003478	0.001325	0.000895	-0.002286	0.001323
2254	0.832543	0.002128	0.000884	0.000748	-0.002431	0.001740	1313.000000	199.223493	0.830768	0.002088	-0.000886	0.000460	-0.003260	0.001720	1314.000000	199.223493	0.833410	0.002317	-0.000891	0.000579	-0.003308	0.000833
2257	0.832234	0.003078	0.000355	0.000545	-0.001264	0.000624	1316.000000	199.223493	0.831347	0.004315	0.000473	0.000543	-0.000193	0.002016	1317.000000	199.223493	0.829360	0.003809	0.001406	0.000458	-0.001389	0.001535
2260	0.827990	0.003295	0.000726	0.000772	-0.002016	0.001352	1319.000000	199.223493	0.830401	0.003262	0.000408	0.000511	-0.001997	0.000998	1320.000000	199.223493	0.828086	0.002038	-0.000902	0.000583	-0.001948	0.000829
2263	0.831559	0.001140	0.001094	0.000262	0.000608	0.001306	1322.000000	199.223493	0.830459	0.001752	-0.000340	0.000430	-0.000116	0.001113	1323.000000	199.223493	0.831173	0.002274	-0.000516	0.000367	0.002749	0.000784
2266	0.829861	0.002596	-0.000252	0.000368	0.001920	0.000904	1325.000000	199.223493	0.827257	0.002486	-0.000453	0.000384	0.001746	0.001182	1326.000000	199.223493	0.829225	0.002815	-0.000085	0.000751	0.001852	0.000922
2269	0.831790	0.003663	0.000003	0.000648	0.002344	0.001146	1328.000000	199.223493	0.832292	0.003334	0.000017	0.000465	0.001476	0.001265	1329.000000	199.223493	0.832330	0.002862	0.000616	0.000597	0.001649	0.001498
2272	0.830903	0.001508	0.000523	0.000393	0.001370	0.001250	1331.000000	199.223493	0.830189	0.002788	-0.000642	0.000394	0.001939	0.002180	1332.000000	199.223493	0.833565	0.002735	-0.000204	0.000527	0.001813	0.001965
2275	0.829032	0.002971	-0.000105	0.000525	0.001563	0.002323	1334.000000	199.223493	0.824903	0.001759	0.000556	0.000302	0.002305	0.001802	1335.000000	199.223493	0.823823	0.001669	0.000593	0.000410	0.001244	0.001928
2278	0.824865	0.002672	0.000805	0.000762	0.000646	0.001753	1337.000000	199.223493	0.827720	0.001774	-0.000682	0.000504	0.000453	0.001690	1338.000000	199.223493	0.829013	0.001761	-0.000293	0.000230	0.002045	0.001507
2281	0.831829	0.001930	-0.000958	0.000561	-0.000010	0.001825	1340.000000	199.223493	0.831790	0.003180	-0.001186	0.000710	0.000405	0.002830	1341.000000	199.223493	0.830806	0.002407	0.000365	0.000183	0.000097	0.002014
2284	0.827739	0.003188	0.000125	0.000476	0.001022	0.002311	1343.000000	199.223493	0.828607	0.002207	-0.000007	0.000434	0.003569	0.002288	1344.000000	199.223493	0.826350	0.002197	-0.000351	0.000285	0.004601	0.001847
2287	0.826138	0.002349	-0.000269	0.000230	0.003752	0.001879	1346.000000	199.223493	0.830980	0.002170	0.000266	0.000278	0.001929	0.002511	1347.000000	199.223493	0.829282	0.001801	-0.000260	0.000120	0.002131	0.003196
2290	0.829668	0.003118	-0.000116	0.000585	0.000752	0.002645	1349.000000	199.223493	0.828511	0.003042	-0.000697	0.000726	-0.000646	0.002223	1350.000000	199.223493	0.830691	0.004693	-0.000675	0.000344	-0.001582	0.001744
2293	0.832388	0.003280	0.000008	0.000411	-0.003511	0.001749	1352.000000	199.223493	0.833333	0.003421	0.000254	0.000520	-0.002566	0.002599	1353.000000	199.223493	0.834761	0.002777	0.000024	0.000548	-0.003810	0.001689
2296	0.833391	0.001575	-0.001500	0.000374	-0.002884	0.001626	1355.000000	199.223493	0.832350	0.003307	-0.000549	0.000413	-0.002778	0.002114	1356.000000	199.223493	0.829668	0.003822	-0.000601	0.000467	-0.001234	0.001176
2299	0.827469	0.003333	-0.000457	0.000545	-0.000193	0.002077	1358.000000	199.223493	0.828858	0.003899	0.000056	0.000330	-0.001736	0.001366	1359.000000	199.223493	0.826119	0.004312	-0.000837	0.000361	0.000183	0.001770
2302	0.826698	0.004313	0.000266	0.000643	0.000029	0.002403	1361.000000	199.223493	0.827662	0.004208	0.000637	0.000451	0.001524	0.001736	1362.000000	199.223493	0.829572	0.004100	-0.000023	0.000441	0.002151	0.001398
2305	0.826852	0.003175	-0.000152	0.000461	0.001881	0.001210	1364.000000	199.223493	0.826910	0.004450	0.000441	0.000439	0.001881	0.001537	1365.000000	199.223493	0.828067	0.004662	-0.000304	0.000573	-0.000009	0.000837
2308	0.828434	0.004431	-0.000935	0.001035	-0.000579	0.000259	1367.000000	199.223493	0.829032	0.004854	-0.000907	0.000765	0.000444	0.000969	1368.000000	199.223493	0.828723	0.004235	0.000305	0.000338	0.001678	0.000574
2311	0.828221	0.003598	0.000137	0.000414	0.000762	0.001040	1370.000000	199.223493	0.828028	0.002176	-0.000185	0.000299	0.000608	0.001095	1371.000000	199.223493	0.826080	0.000547	0.000364	0.000473	-0.000299	0.001850
2314	0.827218	0.002854	-0.000261	0.000540	0.000501	0.002325	1373.000000	199.223493	0.824807	0.003629	-0.000284	0.000387	0.000743	0.002676	1374.000000	199.223493	0.827218	0.003795	-0.000743	0.000668	0.001292	0.001898
2317	0.828646	0.003933	0.000371	0.000392	-0.000444	0.001307	1376.000000	199.223493	0.827681	0.003445	0.000224	0.000338	0.000936	0.002137	1377.000000	199.223493	0.826698	0.004224	0.000885	0.000719	0.001890	0.001991
2320	0.826505	0.003942	0.000134	0.000428	0.001881	0.002674	1379.000000	199.223493	0.826447	0.003151	-0.000237	0.000438	0.000029	0.001829	1380.000000	199.223493	0.826235	0.003390	-0.000042	0.000512	0.001341	0.002193
2323	0.826582	0.003725	-0.000148	0.000226	0.000752	0.001785	1382.000000	199.223493	0.826639	0.002293	0.000258	0.000661	0.000666	0.001612	1383.000000	199.223493	0.827045	0.002179	0.000013	0.000515	0.002218	0.002456
2326	0.828048	0.002715	-0.000029	0.000562	0.001890	0.001696	1385.000000	199.223493	0.830247	0.002660	0.000050	0.000548	0.001032	0.000970	1386.000000	199.223493	0.830922	0.001710	0.000125	0.000406	0.002633	0.002055
2329	0.828800	0.002202	0.000195	0.000729	0.002170	0.001616	1388.000000	199.223493	0.829649	0.002227	0.001077	0.000319	0.003443	0.001457	1389.000000	199.223493	0.829147	0.001733	0.000075	0.000442	0.003482	0.001020
2332	0.827450	0.001900	-0.000504	0.000525	0.002681	0.000781	1391.000000	199.223493	0.828472	0.001889	-0.001058	0.000472	0.001929	0.000725	1392.000000	199.223493	0.827546	0.003255	-0.001835	0.000585	0.000829	0.000760
2335	0.827643	0.002986	-0.000366	0.000503	0.000203	0.000322	1394.000000	199.223493	0.831018	0.001733	-0.000560	0.000274	-0.001283	0.000704	1395.000000	199.223493	0.833488	0.002726	-0.000200	0.000617	-0.001736	0.001331
2338	0.829089	0.001719	0.000721	0.000313	-0.002054	0.001137	1397.000000	199.223493	0.828299	0.002296	0.000080	0.000317	-0.002787	0.001405	1398.000000	199.223493	0.828839	0.003139	-0.000149	0.000454	-0.002739	0.001392
2341	0.826833	0.002861	-0.000664	0.000699	-0.002025	0.002250	1400.000000	199.223493	0.826177	0.003582	0.000107	0.000601	-0.002373	0.002261	1401.000000	199.223493	0.827951	0.004524	0.000768	0.000588	-0.001832	0.002746
2344	0.828955	0.002805	0.001062	0.000467	-0.001370	0.002620	1403.000000	199.223493	0.830054	0.002457	0.000697	0.000268	-0.002209	0.002159	1404.000000	199.223493	0.831019	0.002528	0.000365	0.000262	-0.003752	0.001339
2347	0.831076	0.001995	0.000069	0.000207	-0.000087	0.001776	1406.000000	199.223493	0.831887	0.001500	-0.000391	0.000525	-0.000241	0.002121	1407.000000	199.223493	0.829533	0.002007	-0.000518	0.000273	-0.001109	0.000995
2350	0.830343	0.002654	-0.000220	0.000601	-0.001109	0.002360	1409.000000	199.223493	0.831597	0.002639	0.001536	0.000286	0.000280	0.002017	1410.000000	199.223493	0.829938	0.002690	-0.000626	0.000370	-0.001456	0.001316
2353	0.830768	0.002813	0.000017	0.000455	-0.002170	0.002765	1412.000000	199.223493	0.829244	0.002658	-0.000569	0.000131	-0.002238	0.002450	1413.000000	199.223493	0.830401	0.001053	-0.000790	0.000347	-0.003656	0.002295
2356	0.828569	0.001716	-0.001182	0.000726	-0.002903	0.001802	1415.000000	199.223493	0.828916	0.002036	-0.000321	0.000593	-0.001919	0.001745	1416.000000	199.223493	0.827161	0.002299	0.000251	0.000149	-0.002141	0.002454
2359	0.828106	0.004214	-0.001040	0.000437	-0.001466	0.001979	1418.000000	199.223493	0.829128	0.003944	-0.001239	0.000384	-0.001765	0.001942	1419.000000	199.223493	0.828067	0.002930	-0.000537	0.000270	-0.001823	0.001785
2362	0.828241	0.003562	-0.000782	0.000523	-0.003279	0.001428	1421.000000	199.223493	0.829456	0.003485	-0.000297	0.000356	-0.002672	0.001000	1422.000000	199.223493	0.832041	0.004290	-0.000642	0.000266	-0.001225	0.000490
2365	0.831288	0.004980	-0.000092	0.000429	-0.001977	0.000971	1424.000000	199.223493	0.831289	0.003821	-0.000442	0.000053	-0.004090	0.001031	1425.000000	199.223493	0.831462	0.003426	-0.000770	0.000380	-0.002296	0.000691
2368	0.833256	0.004159	-0.000862	0.000246	0.000646	0.001298	1427.000000	199.223493	0.834857	0.003877	-0.000383	0.000576	0.002315	0.001187	1428.000000	199.223493	0.835957	0.003324	0.000737	0.000555	0.001659	0.001414
2371	0.835339	0.004147	-0.000625	0.000375	0.000897	0.000707	1430.000000	199.223493	0.830787	0.004277	0.000126	0.000328	0.002286	0.000776	1431.000000	199.223493	0.834780	0.004659	0.000256	0.000468	0.001591	0.000935
2374	0.833121	0.004809	-0.000253	0.000604	0.003945	0.001263	1433.000000	199.223493	0.831771	0.005351	-0.000010	0.000547	0.003858	0.001439	1434.000000	199.223493	0.830748	0.003201	-0.000548	0.000657	0.003106	0.001928
2377	0.831752	0.002868	0.000410	0.000247	0.004581	0.001196	1436.000000	199.223493	0.832311	0.002122	-0.000514	0.000770	0.003993	0.001293	1437.000000	199.223493	0.831520	0.001422	-0.001366	0.000659	0.003144	0.001814
2380	0.832099	0.002592	0.000070	0.000848	0.001032	0.001224	1439.000000	199.223493	0.831173	0.003344	-0.000391	0.000653	0.001099	0.001460	1440.000000	199.223493	0.831346	0.003339	-0.000625	0.000342	0.001727	0.001047
2383	0.829784	0.003513	-0.000078	0.000409	0.002517	0.001849	1442.000000	199.223493	0.830247	0.004423	-0.000211	0.000494	0.003029	0.002317	1443.000000	199.223493	0.828858	0.004182	0.000619	0.000580	0.002498	0.002412
2386	0.830247	0.003423	-0.000300	0.000479	0.000116	0.001939	1445.000000	199.223493	0.830671	0.004455	0.000444	0.000231	0.001466	0.001767	1446.000000	199.223493	0.831963	0.003612	0.000433	0.000472	0.001331	0.001616
2389	0.830556	0.003970	0.000459	0.000582	0.001254	0.002876	1448.000000	199.223493	0.830941	0.004707	-0.000271	0.000611	0.000386	0.003317	1449.000000	199.223493	0.831964	0.004307	-0.000009	0.000494	0.000637	0.002668
2392	0.831964	0.003867	0.000307	0.000354	-0.000781	0.003918	1451.000000	199.223493	0.829514	0.003545	-0.000003	0.000382	0.000038	0.003642	1452.000000	199.223493	0.829861	0.004306	0.000053	0.000378	-0.000588	0.004237
2395	0.827604	0.003463	0.000613	0.001041	-0.001312	0.004192	1454.000000	199.223493	0.829340	0.005312	0.001005	0.000486	0.000212	0.003960	1455.000000	199.223493	0.831887	0.004028	0.000421	0.000728	-0.000444	0.004143
2398	0.832330	0.003581	0.000745	0.000793	-0.001022	0.003878	1457.000000	199.223493	0.830093	0.004725	0.000841	0.001110	-0.000685	0.003037	1458.000000	199.223493	0.829822	0.004374	0.000303	0.000604	0.001186	0.002492
2401	0.830517	0.002672	0.000950	0.000639	0.000395	0.001915	1460.000000	199.223493	0.829957	0.002718	0.000508	0.001125	0.000010	0.002916	1461.000000	199.223493	0.833256	0.002861	0.001011	0.000705	-0.000588	0.003029
2404	0.832446	0.003102	0.000250	0.000553	-0.001485	0.001759	1463.000000	199.223493	0.835783	0.001802	0.000073	0.000169	-0.004447	0.001755	1464.000000	199.223493	0.834722	0.002932	0.000587	0.000436	-0.003800	0.001500
2407	0.831173	0.002049	-0.000395	0.000310	-0.002103	0.002211	1466.000000	199.223493	0.831462	0.001910	-0.000084	0.000818	-0.002508	0.001114	1467.000000	199.223493	0.832504	0.001799	-0.001713	0.000418	-0.002797	0.001832
2410	0.833314	0.000613	-0.001585	0.000868	-0.003270	0.001111	1469.000000	199.223493	0.829919	0.001667	-0.000738	0.000670	-0.002710	0.001330	1470.000000	199.223493	0.832678	0.002169	-0.000731	0.000364	-0.004832	0.001224
2413	0.837269	0.002103	-0.000129	0.000433	-0.004495	0.001175	1472.000000	199.223493	0.834973	0.002679	0.000249	0.000630	-0.005739	0.001512	1473.000000	199.223493	0.833487	0.002493	-0.000550	0.000565	-0.005112	0.001650
2416	0.832716	0.001310	-0.000229	0.001117	-0.004755	0.000892	1475.000000	199.223493	0.833970	0.001799	-0.000931	0.000536	-0.005006	0.000497	1476.000000	199.223493	0.831404	0.001768	-0.001052	0.000586	-0.003810	0.001316
2419	0.830266	0.002312	-0.000843	0.000443	-0.001514	0.001074	1478.000000	199.223493	0.829649	0.001270	-0.000268	0.000639	-0.001871	0.002191	1479.000000	199.223493	0.831076	0.000877	-0.000029	0.000555	-0.000366	0.001498
2422	0.832446	0.001492	-0.000988	0.000529	0.000849	0.000778	1481.000000	199.223493	0.833372	0.002000	-0.000473	0.000389	0.000222	0.000795	1482.000000	199.223493	0.833873	0.001292	0.000973	0.000330	-0.001292	0.000840
2425	0.831154	0.001734	0.001235	0.000319	-0.001293	0.001282	1484.000000	199.223493	0.830826	0.001736	-0.000382	0.000401	-0.000646	0.001127	1485.000000	199.223493	0.834877	0.001536	-0.000442	0.000513	-0.001601	0.000840
2428	0.832041	0.002679	-0.001135	0.000217	-0.000260	0.001307	1487.000000	199.223493	0.834066	0.002811	0.000234	0.001014	-0.000646	0.001178	1488.000000	199.223493	0.834259	0.003614	0.000792	0.000558	-0.000453	0.001370
2431	0.834780	0.003026	0.001847	0.000759	-0.001109	0.001067	1490.000000	199.223493	0.832581	0.003560	0.001062	0.000474	0.001813	0.001375	1491.000000	199.223493	0.833295	0.004725	0.000959	0.000691	0.001813	0.002125
2434	0.832716	0.004371	0.000086	0.000715	0.002845	0.002411	1493.000000	199.223493	0.834491	0.003907	-0.000293	0.000708	0.004012	0.001556	1494.000000	199.223493	0.831848	0.004415	0.000951	0.000464	0.002353	0.002922
2437	0.833468	0.004674	0.000692	0.000446	0.002151	0.002552	1496.000000	199.223493	0.830247	0.003319	-0.000236	0.000301	0.002604	0.002655	1497.000000	199.223493	0.829128	0.004481	0.000003	0.000565	0.001321	0.003636
2440	0.829977	0.004551	-0.001305	0.000283	-0.000212	0.003280	1499.000000	199.223493	0.829996	0.003910	-0.000173	0.000545	0.002247	0.002195	1500.000000	199.223493	0.830960	0.003103	0.000472	0.000474	0.000878	0.002031
2443	0.831424	0.003764	0.000602	0.000441	-0.001321	0.001881	1502.000000	199.223493	0.831732	0.003691	-0.000221	0.000529	-0.001109	0.001400	1503.000000	199.223493	0.835976	0.003354	-0.000171	0.000364	-0.001428	0.000889
2446	0.832581	0.002929	0.000976	0.000428	-0.001881	0.001055	1505.000000	199.223493	0.831076	0.003688	0.000701	0.000530	-0.002248	0.000656	1506.000000	199.223493	0.828955	0.003567	0.000435	0.000459	-0.000560	0.000945
2449	0.827816	0.003233	0.000133	0.000450	0.000569	0.000932	1508.000000	199.223493	0.828781	0.003281	0.000359	0.000493	0.001476	0.000398	1509.000000	199.223493	0.829167	0.003264	0.000608	0.000581	-0.000000	0.000697
2452	0.829302	0.002258	0.000498	0.000318	0.001862	0.001304	1511.000000	199.223493	0.830112	0.003025	-0.000462	0.000783	0.000955	0.001693	1512.000000	199.223493	0.830825	0.003349	0.000962	0.000539	0.002643	0.001864
2455	0.830498	0.002377	0.000964	0.000622	0.001890	0.001975	1514.000000	199.223493	0.829765	0.002545	-0.000148	0.000722	0.002170	0.002638	1515.000000	199.223493	0.829032	0.003759	-0.000254	0.000108	0.001977	0.002310
2458	0.828665	0.002741	0.000954	0.000525	0.000839	0.002683	1517.000000	199.223493	0.829938	0.001986	0.000634	0.000480	0.000251	0.002685	1518.000000	199.223493	0.825964	0.003023	0.001215	0.000479	0.000193	0.001559
2461	0.828279	0.002499	0.000208	0.000811	0.000579	0.000788	1520.000000	199.223493	0.827103	0.002743	0.000047	0.000335	-0.001350	0.000787	1521.000000	199.223493	0.829417	0.002595	0.001005	0.000664	-0.001157	0.001171
2464	0.830170	0.004446	0.000266	0.000724	-0.002064	0.002275	1523.000000	199.223493	0.830170	0.004405	0.000564	0.000467	-0.002459	0.002629	1524.000000	199.223493	0.829900	0.004824	0.000072	0.000354	-0.000367	0.001959
2467	0.829784	0.004514	0.000232	0.000199	-0.001890	0.002049	1526.000000	199.223493	0.830691	0.003994	-0.000020	0.000268	-0.001370	0.002483	1527.000000	199.223493	0.827701	0.003523	-0.000145	0.000342	-0.001360	0.003286
2470	0.828492	0.003063	0.000431	0.000205	-0.001148	0.003395	1529.000000	199.223493	0.827469	0.002224	-0.000310	0.000231	-0.001157	0.004044	1530.000000	199.223493	0.826235	0.002855	0.000337	0.000216	-0.002459	0.002899
2473	0.825791	0.002748	0.001097	0.000276	-0.001379	0.002903	1532.000000	199.223493	0.825868	0.001913	-0.000622	0.000425	-0.002498	0.002789	1533.000000	199.223493	0.827122	0.001450	-0.000238	0.000220	-0.003559	0.002541
2476	0.827855	0.001800	-0.000023	0.000598	-0.004678	0.002894	1535.000000	199.223493	0.830768	0.001495	-0.000342	0.000622	-0.003318	0.003280	1536.000000	199.223493	0.829359	0.001654	0.000438	0.000506	-0.003347	0.002934
2479	0.831906	0.001653	0.000707	0.000461	-0.001929	0.003565	1538.000000	199.223493	0.830691	0.001968	-0.000159	0.000417	-0.004186	0.003889	1539.000000	199.223493	0.830826	0.001458	0.000389	0.000618	-0.004234	0.002986
2482	0.831154	0.002343	0.000168	0.000550	-0.002614	0.003102	1541.000000	199.223493	0.829186	0.002217	-0.000078	0.000982	-0.000637	0.002210	1542.000000	199.223493	0.828376	0.002881	0.000826	0.000201	0.000386	0.002607
2485	0.829282	0.002349	0.001103	0.000517	0.001206	0.001729	1544.000000	199.223493	0.827797	0.003280	0.001190	0.000631	0.001331	0.001784	1545.000000	199.223493	0.830941	0.002346	-0.000458	0.000417	-0.000839	0.002768
2488	0.830691	0.001396	0.000124	0.000290	-0.000154	0.002682	1547.000000	199.223493	0.829996	0.002695	0.000526	0.000484	-0.000492	0.003482	1548.000000	199.223493	0.831134	0.002008	0.000826	0.000495	0.002093	0.003876
2491	0.831636	0.002147	-0.000453	0.000246	0.001640	0.002913	1550.000000	199.223493	0.829822	0.001599	-0.000153	0.000424	0.000337	0.002968	1551.000000	199.223493	0.829842	0.001716	-0.000583	0.000299	-0.000222	0.003555
2494	0.831906	0.002723	0.000366	0.000367	-0.000579	0.004189	1553.000000	199.223493	0.834433	0.002407	0.000358	0.000661	0.002064	0.003667	1554.000000	199.223493	0.832793	0.001420	-0.000236	0.000526	0.000318	0.004213
2497	0.833160	0.002024	-0.001048	0.000595	-0.000984	0.003827	1556.000000	199.223493	0.831809	0.001627	-0.000754	0.000541	-0.001842	0.002885	1557.000000	199.223493	0.833469	0.003418	0.000008	0.000762	-0.001948	0.001875
2500	0.834587	0.003822	0.000726	0.001117	-0.002903	0.001971	1559.000000	199.223493	0.837269	0.004250	0.000313	0.000642	-0.003463	0.001851	1560.000000	199.223493	0.836304	0.002339	-0.000281	0.000099	-0.003405	0.001832
2503	0.835320	0.001441	0.000305	0.000580	-0.002932	0.001260	1562.000000	199.223493	0.836497	0.001276	0.000446	0.000248	-0.004128	0.000970	1563.000000	199.223493	0.836921	0.001487	0.000524	0.000400	-0.004929	0.000453
2506	0.833507	0.002105	0.000948	0.000464	-0.005044	0.000966	1565.000000	199.223493	0.834529	0.002586	0.000506	0.000813	-0.003954	0.001049	1566.000000	199.223493	0.835783	0.003216	0.000768	0.000527	-0.003000	0.001628
2509	0.831578	0.003333	0.000332	0.000489	-0.001563	0.001436	1568.000000	199.223493	0.835783	0.004881	0.000706	0.000332	-0.002363	0.001990	1569.000000	199.223493	0.835532	0.004525	0.001193	0.000507	-0.003270	0.001974
2512	0.835147	0.004568	0.000390	0.000624	-0.002604	0.001022	1571.000000	199.223493	0.834626	0.003449	0.000260	0.000876	-0.001331	0.001032	1572.000000	199.223493	0.833738	0.002525	0.000682	0.000442	-0.000559	0.000525
2515	0.834028	0.002532	0.000530	0.000597	-0.000453	0.000720	1574.000000	199.223493	0.835841	0.003354	0.000233	0.000536	-0.001013	0.000957	1575.000000	199.223493	0.834722	0.001722	-0.000129	0.000827	-0.000550	0.001705
2518	0.835745	0.002788	-0.000050	0.000440	-0.001601	0.001303	1577.000000	199.223493	0.834491	0.003286	-0.000315	0.000310	0.001649	0.001218	1578.000000	199.223493	0.830768	0.002811	0.000963	0.000544	0.002768	0.001370
2521	0.829167	0.002618	0.000155	0.000351	0.001861	0.001548	1580.000000	199.223493	0.830613	0.001748	0.001014	0.000911	0.001157	0.001012	1581.000000	199.223493	0.830170	0.002025	0.000371	0.000646	0.000318	0.001623
2524	0.830980	0.001100	0.000814	0.000387	0.002546	0.001071	1583.000000	199.223493	0.832215	0.001675	-0.001193	0.000460	0.000743	0.001604	1584.000000	199.223493	0.832967	0.001174	-0.000303	0.000394	0.002093	0.001870
2527	0.835610	0.000925	0.000320	0.000596	0.001639	0.001794	1586.000000	199.223493	0.831288	0.002871	-0.000965	0.000385	0.002035	0.001803	1587.000000	199.223493	0.834066	0.002555	-0.000376	0.000289	0.001746	0.002164
2530	0.833932	0.003070	-0.001404	0.000306	0.001862	0.002749	1589.000000	199.223493	0.833102	0.002683	0.000322	0.000601	0.002421	0.002666	1590.000000	199.223493	0.831076	0.003063	0.000108	0.000574	0.001958	0.002146
2533	0.829707	0.003722	0.000451	0.000566	0.000791	0.001730	1592.000000	199.223493	0.830092	0.002761	0.000426	0.000546	0.000752	0.002537	1593.000000	199.223493	0.830845	0.002316	0.000364	0.000523	0.000106	0.002213
2536	0.832735	0.002115	0.000460	0.000301	-0.001543	0.001658	1595.000000	199.223493	0.829282	0.001426	0.000661	0.000618	-0.000946	0.001762	1596.000000	199.223493	0.830517	0.002079	0.000187	0.000314	-0.000521	0.000721
2539	0.832330	0.002258	0.000391	0.000867	0.002103	0.001422	1598.000000	199.223493	0.830170	0.002808	0.001282	0.000561	-0.000395	0.001776	1599.000000	199.223493	0.829089	0.002597	0.000073	0.000910	-0.000752	0.001913
2542	0.828877	0.002669	-0.000329	0.000854	-0.000656	0.001446	1601.000000	199.223493	0.827469	0.002196	-0.000271	0.000347	-0.001071	0.001439	1602.000000	199.223493	0.827026	0.002120	-0.000663	0.000421	-0.000328	0.000861
2545	0.831269	0.003262	-0.000379	0.000354	-0.000511	0.001016	1604.000000	199.223493	0.828569	0.004130	-0.000384	0.000344	-0.000984	0.001791	1605.000000	199.223493	0.830266	0.003539	-0.000151	0.000279	-0.001167	0.002220
2548	0.834452	0.002754	0.000134	0.000204	-0.000376	0.002078	1607.000000	199.223493	0.831443	0.001521	-0.000033	0.000419	-0.000463	0.000965	1608.000000	199.223493	0.830999	0.002388	-0.000700	0.000480	0.000762	0.001290
2551	0.831385	0.002919	-0.000699	0.000692	0.001437	0.001421	1610.000000	199.223493	0.832099	0.002227	0.000447	0.000446	0.001678	0.001572	1611.000000	199.223493	0.830575	0.002486	-0.000119	0.000466	0.001457	0.001537
2554	0.832099	0.002806	-0.001814	0.000514	0.000964	0.001192	1613.000000	199.223493	0.832581	0.003314	-0.000373	0.000673	0.003115	0.000924	1614.000000	199.223493	0.832562	0.004977	-0.000120	0.000691	0.000955	0.000432
2557	0.836073	0.004901	0.000708	0.000605	0.000897	0.000697	1616.000000	199.223493	0.831964	0.005318	0.000704	0.000407	0.000743	0.001542	1617.000000	199.223493	0.830498	0.003470	0.000344	0.000598	0.001707	0.001525
2560	0.829495	0.003419	0.000731	0.000427	0.001736	0.001624	1619.000000	199.223493	0.829205	0.003876	0.001587	0.000317	0.001553	0.001212	1620.000000	199.223493	0.830440	0.004795	0.000905	0.000586	-0.000550	0.002635
2563	0.829205	0.003124	0.001404	0.000846	-0.000945	0.001497	1622.000000	199.223493	0.830980	0.003213	0.000011	0.000343	-0.000868	0.001333	1623.000000	199.223493	0.831289	0.002861	-0.000220	0.000688	-0.000145	0.000960
2566	0.834877	0.003125	-0.001221	0.000759	-0.002372	0.001048	1625.000000	199.223493	0.833449	0.003101	-0.000194	0.000257	-0.001726	0.001512	1626.000000	199.223493	0.831617	0.003099	0.000279	0.000833	-0.001080	0.001326
2569	0.832735	0.002158	0.000145	0.000724	-0.000772	0.001417	1628.000000	199.223493	0.830131	0.002051	-0.001244	0.000404	-0.001582	0.001365	1629.000000	199.223493	0.832523	0.002732	-0.000314	0.000406	-0.002363	0.001145
2572	0.831655	0.003310	0.000587	0.000411	-0.001051	0.000488	1631.000000	199.223493	0.832427	0.003780	0.000410	0.000584	0.000781	0.001355	1632.000000	199.223493	0.829514	0.003714	0.001151	0.000610	-0.001466	0.001602
2575	0.829167	0.002475	0.000511	0.000791	-0.002267	0.001500	1634.000000	199.223493	0.831713	0.002462	0.000638	0.000511	-0.002045	0.001035	1635.000000	199.223493	0.828106	0.002023	-0.000607	0.000669	-0.002286	0.001068
2578	0.828569	0.003495	0.001244	0.000203	-0.000010	0.001598	1637.000000	199.223493	0.829186	0.002614	-0.000142	0.000472	-0.001177	0.001675	1638.000000	199.223493	0.829996	0.002818	-0.000276	0.000517	0.001688	0.001580
2581	0.830363	0.002351	-0.000223	0.000359	0.000714	0.001718	1640.000000	199.223493	0.827855	0.002218	-0.000372	0.000386	-0.000675	0.002729	1641.000000	199.223493	0.829456	0.002732	-0.000650	0.000550	-0.001158	0.003103
2584	0.833391	0.003018	-0.000042	0.000642	-0.000067	0.002761	1643.000000	199.223493	0.832234	0.003360	0.000400	0.000530	-0.000868	0.003038	1644.000000	199.223493	0.830980	0.003422	0.000788	0.000625	-0.000463	0.003087
2587	0.828530	0.002915	0.000664	0.000339	-0.001350	0.003198	1646.000000	199.223493	0.830054	0.002849	-0.001013	0.000326	-0.000366	0.003385	1647.000000	199.223493	0.834375	0.002290	-0.000306	0.000496	-0.000328	0.002930
2590	0.829494	0.002811	-0.000221	0.000566	-0.000077	0.002900	1649.000000	199.223493	0.826794	0.002022	0.000344	0.000334	0.000019	0.002600	1650.000000	199.223493	0.826524	0.002221	0.000562	0.000405	-0.001013	0.002449
2593	0.827315	0.002537	0.001303	0.000604	-0.001042	0.002193	1652.000000	199.223493	0.827450	0.001957	0.000139	0.000796	-0.001698	0.001758	1653.000000	199.223493	0.827894	0.001962	0.000055	0.000496	0.000521	0.001270
2596	0.830015	0.002369	-0.000523	0.000488	-0.000897	0.001619	1655.000000	199.223493	0.828916	0.002721	-0.001336	0.000743	-0.000704	0.002524	1656.000000	199.223493	0.828974	0.002221	-0.000081	0.000578	-0.001640	0.002119
2599	0.827411	0.003081	-0.000133	0.000560	0.000125	0.002105	1658.000000	199.223493	0.828626	0.002214	0.000588	0.000413	0.001987	0.001722	1659.000000	199.223493	0.826389	0.002218	-0.000647	0.000303	0.003202	0.001495
2602	0.826987	0.002871	-0.000503	0.000341	0.002160	0.001421	1661.000000	199.223493	0.831327	0.002336	0.000407	0.000238	0.000974	0.002439	1662.000000	199.223493	0.830999	0.002790	-0.000357	0.000057	0.000984	0.003014
2605	0.832176	0.004393	0.000658	0.000839	-0.000839	0.001970	1664.000000	199.223493	0.829880	0.003710	-0.000209	0.000657	-0.001428	0.001885	1665.000000	199.223493	0.829070	0.003846	-0.000538	0.000374	-0.001862	0.001559
2608	0.831597	0.002807	0.000045	0.000386	-0.003723	0.001592	1667.000000	199.223493	0.832793	0.003132	-0.000370	0.000641	-0.003270	0.002118	1668.000000	199.223493	0.834510	0.002680	0.000470	0.000401	-0.003530	0.001874
2611	0.835243	0.002720	-0.001098	0.000384	-0.002730	0.001685	1670.000000	199.223493	0.833854	0.004009	-0.000349	0.000398	-0.002575	0.002150	1671.000000	199.223493	0.831192	0.004331	-0.001215	0.000569	-0.000588	0.001359
2614	0.829205	0.004040	-0.000267	0.000520	-0.000299	0.002050	1673.000000	199.223493	0.829533	0.004307	-0.000268	0.000482	-0.000685	0.001881	1674.000000	199.223493	0.827739	0.005141	-0.000786	0.000342	0.001351	0.001662
2617	0.829938	0.005840	0.000253	0.000649	0.001398	0.001822	1676.000000	199.223493	0.829032	0.004724	0.000897	0.000381	0.003376	0.000792	1677.000000	199.223493	0.831520	0.004653	-0.000140	0.000369	0.002710	0.001215
2620	0.829996	0.004807	0.000255	0.000403	0.002691	0.001161	1679.000000	199.223493	0.829340	0.005681	0.000007	0.000423	0.002392	0.001350	1680.000000	199.223493	0.831693	0.006294	-0.000025	0.000685	0.000704	0.000650
2623	0.830903	0.005725	-0.000732	0.001088	-0.000328	0.000306	1682.000000	199.223493	0.831173	0.006099	-0.001033	0.000763	-0.000154	0.000875	1683.000000	199.223493	0.830729	0.005452	-0.000121	0.000644	0.000839	0.000730
2626	0.830362	0.004996	-0.000493	0.000503	0.001061	0.001058	1685.000000	199.223493	0.831192	0.004383	-0.000920	0.000566	0.001717	0.001018	1686.000000	199.223493	0.830748	0.004085	0.000519	0.000528	0.000473	0.002046
2629	0.830729	0.003650	-0.000019	0.000663	0.000434	0.002323	1688.000000	199.223493	0.830517	0.005465	0.000173	0.000377	0.001061	0.002608	1689.000000	199.223493	0.830710	0.004767	-0.000325	0.000749	0.001630	0.001895
2632	0.830845	0.004451	0.000587	0.000301	0.000299	0.001228	1691.000000	199.223493	0.830401	0.004034	0.000121	0.000379	0.001534	0.002041	1692.000000	199.223493	0.830035	0.005069	0.001281	0.000485	0.003636	0.001188
2635	0.828125	0.004309	0.000038	0.000468	0.003877	0.001897	1694.000000	199.223493	0.827488	0.003349	-0.000043	0.000327	0.001186	0.001458	1695.000000	199.223493	0.828762	0.003475	-0.000028	0.000507	0.002488	0.001396
2638	0.829514	0.002549	-0.000653	0.000363	0.002180	0.000957	1697.000000	199.223493	0.827778	0.002040	0.000164	0.000648	0.001833	0.001018	1698.000000	199.223493	0.828415	0.001289	-0.000356	0.000305	0.004147	0.002553
2641	0.829668	0.001527	-0.000282	0.000612	0.002141	0.001628	1700.000000	199.223493	0.830208	0.002693	-0.000286	0.000507	0.001765	0.001067	1701.000000	199.223493	0.829379	0.002730	-0.000102	0.000312	0.003916	0.001598
2644	0.829128	0.002012	0.000123	0.000743	0.002884	0.001558	1703.000000	199.223493	0.830845	0.001399	0.000508	0.000564	0.003810	0.001281	1704.000000	199.223493	0.829629	0.001500	0.000459	0.000295	0.002585	0.001414
2647	0.826640	0.001971	0.000060	0.000162	0.001109	0.001557	1706.000000	199.223493	0.825791	0.002174	-0.001015	0.000464	0.000405	0.000909	1707.000000	199.223493	0.825560	0.003373	-0.001689	0.000648	-0.000183	0.001295
2650	0.827103	0.002941	-0.000218	0.000554	-0.000473	0.000741	1709.000000	199.223493	0.829321	0.002792	-0.000363	0.000350	-0.001447	0.000737	1710.000000	199.223493	0.830768	0.003871	0.000399	0.000533	-0.002884	0.001311
2653	0.827855	0.002357	0.000540	0.000406	-0.003279	0.000593	1712.000000	199.223493	0.827855	0.002580	-0.000038	0.000317	-0.002932	0.001336	1713.000000	199.223493	0.829823	0.002334	-0.000075	0.000454	-0.002344	0.001655
2656	0.826485	0.003140	-0.000853	0.000607	-0.002816	0.001805	1715.000000	199.223493	0.827990	0.002384	0.000052	0.000611	-0.003598	0.001574	1716.000000	199.223493	0.828974	0.003856	0.001057	0.000506	-0.002816	0.002318
2659	0.829765	0.002494	0.000696	0.000368	-0.003163	0.002204	1718.000000	199.223493	0.828607	0.003401	0.000444	0.000130	-0.004437	0.001890	1719.000000	199.223493	0.830845	0.002602	0.000273	0.000260	-0.004880	0.001557
2662	0.830498	0.002246	0.000138	0.000254	-0.001486	0.002111	1721.000000	199.223493	0.831250	0.001751	-0.001307	0.000388	-0.000984	0.002391	1722.000000	199.223493	0.827855	0.002806	-0.000720	0.000242	-0.001611	0.000969
2665	0.828665	0.003343	-0.000412	0.000593	-0.001485	0.002353	1724.000000	199.223493	0.829803	0.003122	0.001182	0.000330	-0.000424	0.002219	1725.000000	199.223493	0.827835	0.002509	-0.000812	0.000440	-0.001138	0.001212
2668	0.828704	0.001683	-0.000288	0.000456	-0.001225	0.002521	1727.000000	199.223493	0.827566	0.001773	-0.000639	0.000132	-0.001765	0.002361	1728.000000	199.223493	0.829147	0.000678	-0.000267	0.000344	-0.003086	0.002161
2671	0.828125	0.001585	-0.000337	0.000555	-0.003000	0.001802	1730.000000	199.223493	0.828569	0.002115	0.000157	0.000558	-0.002324	0.001813	1731.000000	199.223493	0.829070	0.001746	0.000223	0.000163	-0.003154	0.002371
2674	0.826678	0.004057	-0.001318	0.000481	-0.002006	0.001806	1733.000000	199.223493	0.828144	0.003771	-0.000836	0.000144	-0.002286	0.001774	1734.000000	199.223493	0.827546	0.002776	-0.000585	0.000233	-0.002537	0.001434
2677	0.827932	0.003489	-0.001039	0.000385	-0.003192	0.001451	1736.000000	199.223493	0.829456	0.003485	-0.000310	0.000347	-0.002681	0.000994	1737.000000	199.223493	0.829495	0.003556	-0.000595	0.000286	-0.000251	0.001208
2680	0.829861	0.004727	-0.000308	0.000451	-0.001167	0.001386	1739.000000	199.223493	0.829822	0.003289	-0.000406	0.000046	-0.003588	0.001132	1740.000000	199.223493	0.830594	0.003305	-0.000514	0.000510	-0.001698	0.000669
2683	0.831867	0.004267	-0.000798	0.000239	-0.001399	0.001776	1742.000000	199.223493	0.834510	0.003924	-0.000816	0.000455	0.000810	0.001803	1743.000000	199.223493	0.835031	0.003644	0.000560	0.000568	0.000559	0.002121
2686	0.834336	0.004288	-0.000026	0.000428	0.000396	0.001013	1745.000000	199.223493	0.829977	0.004252	0.000467	0.000291	0.001534	0.001337	1746.000000	199.223493	0.833063	0.004317	0.000446	0.000386	0.001582	0.000940
2689	0.833970	0.005009	0.000173	0.000486	0.002556	0.001978	1748.000000	199.223493	0.833468	0.005593	-0.000551	0.000356	0.004610	0.000892	1749.000000	199.223493	0.833912	0.004094	-0.000337	0.000713	0.003289	0.001812
2692	0.835262	0.003752	0.000349	0.000269	0.003646	0.001876	1751.000000	199.223493	0.834645	0.002382	0.000142	0.000605	0.003868	0.001386	1752.000000	199.223493	0.833411	0.002271	-0.001605	0.000654	0.002652	0.002152
2695	0.831173	0.002167	-0.000163	0.000905	0.000222	0.001643	1754.000000	199.223493	0.831771	0.003571	0.000058	0.000390	0.000414	0.002019	1755.000000	199.223493	0.829495	0.002827	-0.000739	0.000362	0.000212	0.002242
2698	0.828974	0.003236	-0.000069	0.000410	0.002430	0.001919	1757.000000	199.223493	0.830768	0.004581	-0.000036	0.000597	0.002083	0.003086	1758.000000	199.223493	0.826717	0.003610	0.000023	0.000220	0.001900	0.002894
2701	0.827392	0.002496	0.000113	0.000638	-0.000067	0.002091	1760.000000	199.223493	0.828665	0.003557	0.000406	0.000210	0.000897	0.002208	1761.000000	199.223493	0.829938	0.002527	0.000582	0.000365	0.001514	0.001461
2704	0.828356	0.002679	0.001418	0.000697	0.002440	0.001850	1763.000000	199.223493	0.828839	0.003196	0.000393	0.000445	0.001621	0.002222	1764.000000	199.223493	0.829572	0.002775	0.000146	0.000596	0.000714	0.002606
2707	0.829687	0.002262	0.000868	0.000657	0.000231	0.003071	1766.000000	199.223493	0.827353	0.001915	0.000019	0.000380	0.002064	0.002117	1767.000000	199.223493	0.825463	0.001126	-0.000135	0.000321	0.001283	0.002708
2710	0.824325	0.001826	0.000059	0.000608	0.001341	0.002093	1769.000000	199.223493	0.823804	0.003014	0.000670	0.000371	0.001505	0.002917	1770.000000	199.223493	0.826833	0.001822	0.000331	0.000665	0.001080	0.002995
2713	0.828183	0.001588	0.000796	0.000831	0.000859	0.002581	1772.000000	199.223493	0.826910	0.002222	0.000805	0.001081	0.000260	0.002363	1773.000000	199.223493	0.827238	0.002166	0.000579	0.000835	0.001042	0.002603
2716	0.828530	0.000965	0.000354	0.000253	-0.000338	0.002468	1775.000000	199.223493	0.829263	0.002298	-0.000311	0.000722	-0.000338	0.003180	1776.000000	199.223493	0.832947	0.002756	0.000269	0.000258	-0.000318	0.002867
2719	0.832600	0.003127	-0.000033	0.000350	-0.001350	0.001647	1778.000000	199.223493	0.833931	0.001370	0.000366	0.000406	-0.003675	0.001233	1779.000000	199.223493	0.833738	0.002963	0.000219	0.000365	-0.003279	0.001091
2722	0.831250	0.002044	-0.000138	0.000417	-0.001476	0.001762	1781.000000	199.223493	0.831655	0.001966	-0.000170	0.000751	-0.002662	0.001237	1782.000000	199.223493	0.833584	0.001833	-0.000959	0.000912	-0.003636	0.002178
2725	0.835243	0.002082	-0.001288	0.000973	-0.003665	0.001249	1784.000000	199.223493	0.831231	0.002332	-0.001063	0.000574	-0.003607	0.001633	1785.000000	199.223493	0.832928	0.002173	-0.000548	0.000495	-0.005073	0.001308
2728	0.836458	0.002070	0.000389	0.000746	-0.003491	0.000859	1787.000000	199.223493	0.834221	0.002794	-0.000067	0.000535	-0.004668	0.001528	1788.000000	199.223493	0.833082	0.002639	-0.000131	0.000833	-0.003414	0.002011
2731	0.831732	0.002036	0.000479	0.000935	-0.004099	0.001367	1790.000000	199.223493	0.833160	0.002031	-0.000809	0.000525	-0.004061	0.000901	1791.000000	199.223493	0.832716	0.001606	-0.000815	0.000606	-0.003492	0.001454
2734	0.832234	0.002671	-0.000573	0.000481	-0.001919	0.001129	1793.000000	199.223493	0.831289	0.001117	0.000061	0.000765	-0.002074	0.002180	1794.000000	199.223493	0.831674	0.001065	0.000307	0.000602	-0.001215	0.001353
2737	0.832465	0.001497	-0.001081	0.000530	-0.000723	0.001216	1796.000000	199.223493	0.833468	0.002037	-0.000260	0.000427	0.000010	0.000902	1797.000000	199.223493	0.833024	0.000960	0.000559	0.000293	-0.001900	0.000954
2740	0.831617	0.001746	0.000931	0.000264	-0.001389	0.001287	1799.000000	199.223493	0.829591	0.001950	-0.000445	0.000396	0.000309	0.000560	1800.000000	199.223493	0.832195	0.002458	-0.000634	0.000607	-0.001215	0.000586
2743	0.832407	0.002527	-0.000983	0.000273	-0.000801	0.001500	1802.000000	199.223493	0.835147	0.002358	0.000048	0.001076	-0.000830	0.001238	1803.000000	199.223493	0.836208	0.002623	0.000929	0.000552	-0.000501	0.001379
2746	0.835822	0.002587	0.001841	0.000761	-0.001389	0.000951	1805.000000	199.223493	0.834471	0.002487	0.001002	0.000506	0.002238	0.001465	1806.000000	199.223493	0.835474	0.003178	0.001390	0.000604	0.002411	0.002216
2749	0.833931	0.003472	0.000337	0.000748	0.002759	0.002417	1808.000000	199.223493	0.833526	0.004586	-0.000017	0.000674	0.003781	0.001609	1809.000000	199.223493	0.831945	0.004379	0.000605	0.000620	0.001881	0.002936
2752	0.836015	0.003706	0.000524	0.000451	0.002112	0.002559	1811.000000	199.223493	0.832523	0.002883	-0.000238	0.000301	0.001437	0.002558	1812.000000	199.223493	0.830421	0.004243	-0.000312	0.000492	0.001293	0.003639
2755	0.833198	0.003850	-0.001006	0.000366	0.001360	0.003170	1814.000000	199.223493	0.832157	0.003277	-0.000326	0.000554	0.002643	0.002181	1815.000000	199.223493	0.833912	0.002347	0.000250	0.000521	0.000530	0.002045
2758	0.833719	0.003424	0.000166	0.000472	-0.000936	0.001898	1817.000000	199.223493	0.834664	0.002948	-0.000129	0.000507	-0.001437	0.001360	1818.000000	199.223493	0.837982	0.003093	-0.000645	0.000520	-0.001022	0.001029
2761	0.836015	0.003617	0.000510	0.000466	-0.001611	0.001145	1820.000000	199.223493	0.833681	0.004238	0.000473	0.000604	-0.002122	0.000710	1821.000000	199.223493	0.831867	0.004037	0.000360	0.000473	-0.000810	0.000827
2764	0.830324	0.003495	0.000578	0.000505	0.000965	0.000905	1823.000000	199.223493	0.830266	0.003534	0.000581	0.000427	0.001215	0.000413	1824.000000	199.223493	0.831327	0.003534	0.000485	0.000623	0.000415	0.000789
2767	0.829225	0.002234	0.000763	0.000352	0.001476	0.001274	1826.000000	199.223493	0.830343	0.003121	0.000735	0.000609	0.001804	0.001869	1827.000000	199.223493	0.830922	0.003394	0.001581	0.000362	0.002151	0.001854
2770	0.829842	0.002149	0.001033	0.000629	0.002189	0.001931	1829.000000	199.223493	0.830324	0.002622	-0.000101	0.000743	0.001977	0.002627	1830.000000	199.223493	0.828800	0.003716	0.000179	0.000339	0.001514	0.002220
2773	0.828723	0.002760	0.000163	0.000669	-0.000453	0.002486	1832.000000	199.223493	0.829495	0.001951	0.000105	0.000426	0.000550	0.002703	1833.000000	199.223493	0.827006	0.003017	0.000941	0.000565	0.000656	0.001501
2776	0.828164	0.002504	0.000474	0.000752	0.001331	0.000681	1835.000000	199.223493	0.826755	0.002702	0.000044	0.000336	-0.001225	0.000829	1836.000000	199.223493	0.829919	0.002708	0.000929	0.000693	0.000463	0.001490
2779	0.830112	0.004436	0.000090	0.000734	-0.000039	0.002212	1838.000000	199.223493	0.831096	0.004497	0.000054	0.000657	-0.000733	0.002670	1839.000000	199.223493	0.829610	0.004758	0.000324	0.000404	0.001215	0.002089
2782	0.828877	0.004283	0.000711	0.000363	0.000145	0.002534	1841.000000	199.223493	0.828665	0.003511	0.000162	0.000410	-0.000183	0.002444	1842.000000	199.223493	0.827025	0.003264	0.000086	0.000361	-0.000068	0.003122
2785	0.828125	0.002883	0.000520	0.000213	-0.001042	0.003377	1844.000000	199.223493	0.828048	0.002457	-0.000204	0.000240	-0.000936	0.004002	1845.000000	199.223493	0.826119	0.002831	0.000728	0.000322	-0.000405	0.002481
2788	0.824614	0.002871	0.000685	0.000463	0.000560	0.002576	1847.000000	199.223493	0.825868	0.001913	-0.000075	0.000524	-0.002083	0.002748	1848.000000	199.223493	0.826678	0.001383	-0.000283	0.000202	-0.002537	0.002494
2791	0.825675	0.001664	-0.000181	0.000575	-0.002980	0.002919	1850.000000	199.223493	0.828550	0.001478	0.000075	0.000516	-0.002836	0.003221	1851.000000	199.223493	0.829089	0.001668	0.000634	0.000469	-0.002980	0.002859
2794	0.828260	0.002466	0.000559	0.000457	-0.002103	0.003584	1853.000000	199.223493	0.826582	0.003499	-0.000073	0.000362	-0.004061	0.003894	1854.000000	199.223493	0.826929	0.003027	-0.000446	0.000430	-0.004562	0.003005
2797	0.827720	0.003376	-0.000056	0.000372	-0.003617	0.003198	1856.000000	199.223493	0.827990	0.002526	-0.000253	0.000936	-0.000540	0.002198	1857.000000	199.223493	0.826177	0.003231	0.000836	0.000198	-0.001379	0.002460
2800	0.826910	0.002372	0.001649	0.000426	0.000010	0.001623	1859.000000	199.223493	0.826099	0.003093	0.000729	0.000791	0.000145	0.001789	1860.000000	199.223493	0.830305	0.002505	-0.000149	0.000378	-0.002749	0.002195
2803	0.830015	0.001836	0.000368	0.000243	-0.000916	0.002638	1862.000000	199.223493	0.827624	0.002722	0.000435	0.000479	-0.000762	0.003378	1863.000000	199.223493	0.829070	0.001948	0.000674	0.000444	0.001341	0.003782
2806	0.828916	0.001706	-0.000102	0.000380	0.001408	0.002892	1865.000000	199.223493	0.828839	0.001713	0.000039	0.000381	0.000424	0.002979	1866.000000	199.223493	0.829263	0.001642	-0.000180	0.000363	0.000203	0.003642
2809	0.831443	0.002794	0.000753	0.000392	-0.000656	0.004179	1868.000000	199.223493	0.831655	0.002741	0.000462	0.000641	0.001871	0.003609	1869.000000	199.223493	0.830150	0.002534	-0.000145	0.000509	-0.000125	0.004198
2812	0.830710	0.002704	-0.000624	0.000433	-0.001157	0.003802	1871.000000	199.223493	0.828453	0.002951	-0.000329	0.000408	-0.000926	0.002961	1872.000000	199.223493	0.830671	0.004779	0.000101	0.000737	-0.001804	0.001853
2815	0.834163	0.004040	0.001369	0.000943	-0.002286	0.001890	1874.000000	199.223493	0.835648	0.005235	0.000949	0.000446	-0.003742	0.001827	1875.000000	199.223493	0.835745	0.002590	-0.000030	0.000233	-0.003492	0.001799
2818	0.832774	0.002438	-0.000445	0.000442	-0.002884	0.001287	1877.000000	199.223493	0.835957	0.001549	0.000011	0.000318	-0.004649	0.000646	1878.000000	199.223493	0.836400	0.001527	0.000061	0.000449	-0.005228	0.000408
2821	0.832234	0.002096	0.000568	0.000466	-0.004234	0.000684	1880.000000	199.223493	0.835069	0.002760	-0.000471	0.000849	-0.002807	0.001137	1881.000000	199.223493	0.836111	0.003287	0.000420	0.000234	-0.001591	0.000682
2824	0.833353	0.003721	0.000446	0.000543	-0.000984	0.001078	1883.000000	199.223493	0.834568	0.005030	0.000587	0.000243	-0.001186	0.001375	1884.000000	199.223493	0.834896	0.004654	0.001275	0.000475	-0.001418	0.001830
2827	0.835494	0.004493	0.000376	0.000628	-0.001312	0.000829	1886.000000	199.223493	0.834722	0.003426	0.000808	0.000559	-0.001350	0.001044	1887.000000	199.223493	0.834645	0.002312	0.000827	0.000377	-0.000955	0.000509
2830	0.835513	0.001465	0.000280	0.000633	-0.000328	0.000624	1889.000000	199.223493	0.838272	0.002728	0.000211	0.000536	-0.000714	0.000767	1890.000000	199.223493	0.836516	0.001280	0.000212	0.000766	-0.000540	0.001699
2833	0.837076	0.002149	-0.000156	0.000407	-0.002353	0.001750	1892.000000	199.223493	0.836381	0.002731	-0.000423	0.000248	0.000955	0.001387	1893.000000	199.223493	0.833102	0.002095	0.000788	0.000565	0.001109	0.001056
2836	0.831289	0.003120	0.000047	0.000374	-0.000453	0.001796	1895.000000	199.223493	0.831520	0.002135	-0.000350	0.000844	0.000270	0.001431	1896.000000	199.223493	0.830961	0.002026	0.000104	0.000774	-0.000241	0.001675
2839	0.830459	0.001028	0.000403	0.000575	0.001717	0.001604	1898.000000	199.223493	0.830382	0.001192	-0.001053	0.000479	0.000829	0.001542	1899.000000	199.223493	0.831308	0.000951	0.000195	0.000369	0.002488	0.001644
2842	0.833796	0.001743	0.000098	0.000607	0.001794	0.001688	1901.000000	199.223493	0.831559	0.002814	-0.001027	0.000369	0.001003	0.002591	1902.000000	199.223493	0.833217	0.002960	-0.000359	0.000276	0.001148	0.002579
2845	0.833121	0.003362	-0.000900	0.000495	0.002276	0.002419	1904.000000	199.223493	0.834529	0.002307	0.000740	0.000740	0.002710	0.002431	1905.000000	199.223493	0.834221	0.002335	0.000790	0.000689	0.001862	0.002216
2848	0.833102	0.002311	0.000638	0.000495	0.000328	0.002029	1907.000000	199.223493	0.832735	0.001920	0.000743	0.000555	0.001476	0.002149	1908.000000	199.223493	0.832465	0.001440	0.000478	0.000478	0.001129	0.001443
2851	0.834105	0.001546	0.000349	0.000243	-0.002411	0.002091	1910.000000	199.223493	0.830806	0.001264	0.000425	0.000712	-0.001254	0.001913	1911.000000	199.223493	0.832542	0.001466	0.000372	0.000225	-0.001293	0.001332
2854	0.832967	0.002183	0.000329	0.000876	0.001321	0.001999	1913.000000	199.223493	0.831482	0.002602	0.001031	0.000733	0.000232	0.001400	1914.000000	199.223493	0.829437	0.002443	0.000005	0.000922	-0.001051	0.002015
2857	0.829167	0.002497	-0.000215	0.000823	-0.001649	0.001612	1916.000000	199.223493	0.827585	0.002189	0.000295	0.000437	-0.002720	0.001890	1917.000000	199.223493	0.828955	0.001632	-0.000160	0.000618	-0.000907	0.000856
2860	0.833140	0.002799	-0.000267	0.000398	0.000241	0.000601	1919.000000	199.223493	0.831983	0.003008	-0.000628	0.000273	0.000820	0.001754	1920.000000	199.223493	0.831925	0.003149	-0.000819	0.000466	0.000666	0.002499
2863	0.834877	0.002614	0.000145	0.000207	0.000559	0.002425	1922.000000	199.223493	0.829282	0.002120	0.000290	0.000361	0.001138	0.001759	1923.000000	199.223493	0.829880	0.002503	-0.000730	0.000487	0.002662	0.001090
2866	0.830247	0.002861	-0.000261	0.000681	0.002305	0.001177	1925.000000	199.223493	0.830362	0.002445	0.000452	0.000442	0.002132	0.001543	1926.000000	199.223493	0.828646	0.002431	-0.000123	0.000469	0.001206	0.001586
2869	0.831308	0.002873	-0.001293	0.000806	0.000849	0.001291	1928.000000	199.223493	0.830941	0.003119	-0.000648	0.000592	0.003115	0.000924	1929.000000	199.223493	0.829128	0.004446	-0.000229	0.000707	0.000444	0.000543
2872	0.833083	0.004358	0.001037	0.000502	0.000463	0.000657	1931.000000	199.223493	0.830035	0.004916	0.001032	0.000331	0.000897	0.001551	1932.000000	199.223493	0.828144	0.002354	0.000328	0.000603	0.000656	0.001609
2875	0.827778	0.002141	0.000531	0.000535	0.000897	0.001613	1934.000000	199.223493	0.825906	0.001661	0.000852	0.000498	0.001292	0.001112	1935.000000	199.223493	0.826408	0.002773	0.000680	0.000585	-0.000328	0.002679
2878	0.826640	0.002225	0.000086	0.000636	-0.000993	0.001488	1937.000000	199.223493	0.828337	0.001767	0.000070	0.000352	-0.001042	0.001324	1938.000000	199.223493	0.829032	0.001685	-0.000503	0.000629	-0.000608	0.000716
2881	0.831983	0.001687	-0.000363	0.000418	-0.002257	0.001138	1940.000000	199.223493	0.829900	0.000527	-0.000244	0.000298	-0.001919	0.001408	1941.000000	199.223493	0.828530	0.001754	0.000719	0.000727	-0.000830	0.001339
2884	0.829552	0.002065	0.000461	0.000576	-0.000126	0.001598	1943.000000	199.223493	0.828511	0.002146	-0.001028	0.000474	-0.000588	0.001817	1944.000000	199.223493	0.829475	0.002618	0.000023	0.000382	-0.000280	0.001553
2887	0.828819	0.002818	0.000939	0.000446	-0.000010	0.001366	1946.000000	199.223493	0.828549	0.003935	0.000233	0.000640	0.002016	0.002183	1947.000000	199.223493	0.825077	0.004279	0.001168	0.000609	0.000145	0.002553
2890	0.825424	0.003681	0.000390	0.000799	-0.001052	0.002211	1949.000000	199.223493	0.826562	0.004288	0.000228	0.000353	-0.001206	0.001576	1950.000000	199.223493	0.826022	0.002454	-0.000148	0.000587	-0.001997	0.001204
2893	0.825752	0.003448	0.001082	0.000303	-0.000212	0.001497	1952.000000	199.223493	0.826485	0.002693	0.000565	0.000374	-0.001312	0.001596	1953.000000	199.223493	0.827623	0.002168	-0.000219	0.000486	0.000839	0.001592
2896	0.828511	0.001851	-0.000055	0.000298	-0.000347	0.001758	1955.000000	199.223493	0.826003	0.001149	-0.000255	0.000300	-0.003424	0.002398	1956.000000	199.223493	0.827469	0.002134	0.000426	0.000483	-0.003588	0.002749
2899	0.829996	0.001640	0.000195	0.000478	-0.001987	0.002309	1958.000000	199.223493	0.830170	0.002767	0.000328	0.000529	-0.002527	0.002673	1959.000000	199.223493	0.829340	0.002909	0.000504	0.000623	-0.002209	0.002830
2902	0.828839	0.003047	0.000509	0.000402	-0.002932	0.002938	1961.000000	199.223493	0.828993	0.002388	-0.000915	0.000333	-0.002633	0.002434	1962.000000	199.223493	0.832639	0.001466	-0.000204	0.000522	-0.003472	0.002246
2905	0.828588	0.002387	-0.000168	0.000546	-0.002980	0.001952	1964.000000	199.223493	0.826948	0.002019	0.000557	0.000328	-0.001186	0.001959	1965.000000	199.223493	0.826524	0.002221	0.000366	0.000483	-0.002913	0.001318
2908	0.828491	0.002824	0.001098	0.000662	-0.002556	0.001093	1967.000000	199.223493	0.828434	0.002364	0.000669	0.000552	-0.002595	0.001105	1968.000000	199.223493	0.826563	0.001899	0.000402	0.000421	-0.000299	0.000948
2911	0.828009	0.001615	-0.000484	0.000492	-0.001707	0.001402	1970.000000	199.223493	0.828183	0.002687	-0.000942	0.000874	-0.003057	0.002091	1971.000000	199.223493	0.828684	0.002220	0.000092	0.000641	-0.003260	0.001740
2914	0.827161	0.003019	-0.000178	0.000587	-0.000984	0.002093	1973.000000	199.223493	0.827623	0.001974	0.000589	0.000412	0.000145	0.001424	1974.000000	199.223493	0.826466	0.002197	-0.000457	0.000238	0.001900	0.001376
2917	0.827565	0.002916	-0.000467	0.000338	0.000482	0.000532	1976.000000	199.223493	0.831153	0.002367	0.000180	0.000394	-0.000694	0.001064	1977.000000	199.223493	0.829764	0.002919	-0.000515	0.000106	-0.001322	0.001269
2920	0.831790	0.004415	0.000585	0.000825	-0.001910	0.001333	1979.000000	199.223493	0.830536	0.003632	-0.000376	0.000641	-0.001736	0.001686	1980.000000	199.223493	0.828742	0.003848	-0.000779	0.000294	-0.001727	0.001621
2923	0.830382	0.003049	-0.000089	0.000378	-0.002276	0.001830	1982.000000	199.223493	0.829225	0.003610	-0.000126	0.000608	-0.001100	0.002604	1983.000000	199.223493	0.830613	0.002870	0.000073	0.000374	-0.001890	0.001780
2926	0.832755	0.003525	-0.000698	0.000572	-0.002286	0.001695	1985.000000	199.223493	0.831906	0.004172	0.000153	0.000468	-0.001746	0.001862	1986.000000	199.223493	0.827469	0.003295	-0.000848	0.000730	-0.000511	0.001340
2929	0.827044	0.003376	0.000681	0.000628	0.000202	0.002087	1988.000000	199.223493	0.827585	0.003961	-0.000154	0.000568	0.000829	0.002230	1989.000000	199.223493	0.825675	0.004539	-0.000093	0.000529	0.001977	0.001906
2932	0.829032	0.005675	0.000563	0.000528	0.002189	0.002032	1991.000000	199.223493	0.829012	0.004721	0.000071	0.000443	0.003559	0.000764	1992.000000	199.223493	0.830131	0.004554	0.000257	0.000373	0.001273	0.001027
2935	0.830729	0.004874	0.000480	0.000330	0.002806	0.001186	1994.000000	199.223493	0.827874	0.005437	0.000103	0.000374	0.003472	0.001497	1995.000000	199.223493	0.830382	0.006202	0.000081	0.000706	0.002103	0.001345
2938	0.830131	0.005693	-0.000585	0.001137	0.001090	0.001384	1997.000000	199.223493	0.830189	0.006074	-0.001507	0.000563	0.001283	0.001228	1998.000000	199.223493	0.829572	0.005465	-0.000200	0.000613	0.001611	0.000726
2941	0.830035	0.004963	-0.000179	0.000636	0.001263	0.001051	2000.000000	199.223493	0.832234	0.004285	-0.000596	0.000656	0.002190	0.000981	2001.000000	199.223493	0.832600	0.004130	0.000480	0.000536	0.001572	0.001927
2944	0.832214	0.004134	0.000681	0.000400	0.001167	0.002008	2003.000000	199.223493	0.830980	0.005572	0.000183	0.000374	0.002083	0.002051	2004.000000	199.223493	0.830150	0.004493	0.000120	0.000407	0.002228	0.001572
2947	0.831366	0.004728	0.000407	0.000376	0.001427	0.001198	2006.000000	199.223493	0.831173	0.004375	-0.000439	0.000304	0.002788	0.001664	2007.000000	199.223493	0.831559	0.005879	0.000692	0.000459	0.004118	0.000847
2950	0.828839	0.004761	-0.000554	0.000469	0.005015	0.000991	2009.000000	199.223493	0.827836	0.003608	0.000116	0.000281	0.002594	0.000682	2010.000000	199.223493	0.829263	0.003807	-0.000468	0.000412	0.003231	0.001382
2953	0.828839	0.002054	-0.001326	0.000513	0.002585	0.001034	2012.000000	199.223493	0.829630	0.003394	-0.000197	0.000895	0.001524	0.000859	2013.000000	199.223493	0.829167	0.001777	-0.000424	0.000345	0.004774	0.002419
2956	0.829070	0.001111	-0.000383	0.000565	0.003144	0.001581	2015.000000	199.223493	0.830285	0.002733	0.000192	0.000881	0.002758	0.001108	2016.000000	199.223493	0.829649	0.002865	-0.000187	0.000302	0.003742	0.001643
2959	0.830826	0.003056	0.000434	0.000766	0.002469	0.001728	2018.000000	199.223493	0.832060	0.001512	0.000466	0.000546	0.003212	0.001519	2019.000000	199.223493	0.831231	0.002384	0.000980	0.000496	0.002132	0.001533
2962	0.829552	0.003872	0.000436	0.000390	0.001640	0.001589	2021.000000	199.223493	0.829032	0.003811	-0.000936	0.000478	0.000511	0.000950	2022.000000	199.223493	0.829630	0.003851	-0.001525	0.000693	-0.000116	0.001324
2965	0.830922	0.002189	0.000172	0.000466	-0.000993	0.000943	2024.000000	199.223493	0.831674	0.003164	-0.000445	0.000372	-0.001254	0.000827	2025.000000	199.223493	0.834587	0.003999	0.000350	0.000535	-0.002025	0.000939
2968	0.831462	0.002997	-0.000579	0.000747	-0.003877	0.000723	2027.000000	199.223493	0.830556	0.002953	-0.000269	0.000388	-0.003530	0.001336	2028.000000	199.223493	0.831771	0.002605	-0.000908	0.000472	-0.003521	0.001670
2971	0.826987	0.003223	-0.001015	0.000522	-0.004147	0.001686	2030.000000	199.223493	0.828260	0.002472	-0.000414	0.000477	-0.005073	0.001428	2031.000000	199.223493	0.829572	0.004024	0.000140	0.000491	-0.004523	0.001865
2974	0.831096	0.002944	0.000422	0.000322	-0.005141	0.001471	2033.000000	199.223493	0.828414	0.003325	0.000383	0.000175	-0.006057	0.000624	2034.000000	199.223493	0.831829	0.003366	0.000451	0.000148	-0.006703	0.000684
2977	0.830421	0.002195	0.000441	0.000269	-0.004630	0.001458	2036.000000	199.223493	0.831848	0.002148	-0.001109	0.000405	-0.003878	0.001082	2037.000000	199.223493	0.829302	0.003439	-0.000404	0.000215	-0.003096	0.001243
2980	0.828839	0.003436	-0.000119	0.000380	-0.003839	0.001855	2039.000000	199.223493	0.829475	0.002938	0.001016	0.000350	-0.003029	0.002129	2040.000000	199.223493	0.827180	0.002154	-0.001056	0.000427	-0.002951	0.001560
2983	0.829553	0.001992	-0.000190	0.000430	-0.003540	0.002399	2042.000000	199.223493	0.827701	0.001819	-0.000895	0.000201	-0.002951	0.002002	2043.000000	199.223493	0.829688	0.000787	-0.000549	0.000480	-0.004109	0.001650
2986	0.829456	0.002361	-0.000990	0.000640	-0.004842	0.001259	2045.000000	199.223493	0.829495	0.002846	0.000514	0.000357	-0.003598	0.000997	2046.000000	199.223493	0.830498	0.002904	0.000683	0.000460	-0.004639	0.001410
2989	0.826234	0.003739	-0.000748	0.000394	-0.002865	0.001325	2048.000000	199.223493	0.828569	0.004074	-0.000949	0.000192	-0.003414	0.001208	2049.000000	199.223493	0.829668	0.004098	-0.000315	0.000366	-0.004119	0.001054
2992	0.828897	0.004038	-0.000325	0.000494	-0.004398	0.001003	2051.000000	199.223493	0.830015	0.003886	0.000075	0.000322	-0.002643	0.000996	2052.000000	199.223493	0.828858	0.003076	-0.000475	0.000298	-0.000733	0.001386
2995	0.828106	0.003495	-0.000259	0.000465	-0.000772	0.001166	2054.000000	199.223493	0.829051	0.002809	-0.000335	0.000078	-0.004099	0.001182	2055.000000	199.223493	0.828955	0.002295	-0.000084	0.000459	-0.002141	0.000476
2998	0.829032	0.003815	-0.000733	0.000247	-0.001842	0.001567	2057.000000	199.223493	0.831636	0.003627	-0.000255	0.000226	0.000366	0.001545	2058.000000	199.223493	0.831944	0.003504	0.000523	0.000577	0.000366	0.002037
3001	0.832427	0.004389	0.000003	0.000432	0.001331	0.001456	2060.000000	199.223493	0.830613	0.004188	0.000629	0.000247	0.001640	0.001362	2061.000000	199.223493	0.832562	0.004398	-0.000067	0.000586	0.001196	0.000821
3004	0.832851	0.005461	-0.000063	0.000429	0.001649	0.001444	2063.000000	199.223493	0.833893	0.005503	-0.000338	0.000504	0.004282	0.000759	2064.000000	199.223493	0.834259	0.003955	-0.000680	0.000540	0.002074	0.001045
3007	0.835127	0.003825	0.000721	0.000305	0.001833	0.001688	2066.000000	199.223493	0.834741	0.002316	-0.000312	0.000357	0.002604	0.000967	2067.000000	199.223493	0.834105	0.001924	-0.001867	0.000473	0.002286	0.002205
3010	0.830421	0.002583	-0.000038	0.000910	-0.000251	0.001764	2069.000000	199.223493	0.832311	0.003190	0.000228	0.000446	0.000038	0.002042	2070.000000	199.223493	0.831520	0.001835	-0.000385	0.000512	-0.000521	0.002334
3013	0.832697	0.002219	0.000285	0.000497	0.000955	0.002282	2072.000000	199.223493	0.835436	0.002648	0.000177	0.000571	0.000646	0.003230	2073.000000	199.223493	0.832002	0.002859	0.000240	0.000408	-0.000097	0.003064
3016	0.831539	0.002384	0.000261	0.000651	-0.001273	0.002301	2075.000000	199.223493	0.832542	0.003245	0.000414	0.000205	-0.000395	0.002693	2076.000000	199.223493	0.831790	0.002268	0.000706	0.000329	-0.000425	0.001651
3019	0.830459	0.002574	0.001252	0.000740	0.000251	0.002311	2078.000000	199.223493	0.831501	0.002667	0.000387	0.000445	0.000453	0.002262	2079.000000	199.223493	0.831867	0.002704	-0.000189	0.000557	-0.000453	0.002455
3022	0.831520	0.002580	0.001172	0.000505	-0.001186	0.003209	2081.000000	199.223493	0.826852	0.001902	-0.000121	0.000458	0.002054	0.002120	2082.000000	199.223493	0.826505	0.001093	-0.000368	0.000420	0.002228	0.002677
3025	0.825154	0.001849	-0.000062	0.000691	0.001321	0.002097	2084.000000	199.223493	0.823688	0.002984	0.000971	0.000166	0.001611	0.002930	2085.000000	199.223493	0.825232	0.001396	0.000904	0.000510	0.000174	0.003130
3028	0.825965	0.001964	0.000836	0.000806	0.000154	0.002682	2087.000000	199.223493	0.825540	0.002159	0.001124	0.000967	0.000405	0.002347	2088.000000	199.223493	0.826601	0.002239	0.000478	0.000884	0.000810	0.002589
3031	0.826100	0.002608	0.000306	0.000266	-0.000193	0.002468	2090.000000	199.223493	0.826736	0.002935	0.000058	0.000640	-0.001408	0.003079	2091.000000	199.223493	0.830806	0.003074	0.000085	0.000349	-0.001447	0.002849
3034	0.830093	0.003567	-0.000012	0.000342	-0.002720	0.001421	2093.000000	199.223493	0.831481	0.002514	0.000186	0.000461	-0.002932	0.001471	2094.000000	199.223493	0.829109	0.004675	-0.000365	0.000529	-0.003598	0.000950
3037	0.827431	0.003165	0.000254	0.000397	-0.001794	0.001846	2096.000000	199.223493	0.827855	0.002701	0.000333	0.000540	-0.003694	0.001393	2097.000000	199.223493	0.830073	0.001989	-0.000269	0.000844	-0.003028	0.002038
3040	0.833025	0.002961	-0.001090	0.000937	-0.003762	0.001259	2099.000000	199.223493	0.830382	0.002683	-0.000801	0.000632	-0.003347	0.001577	2100.000000	199.223493	0.831327	0.002693	-0.000618	0.000490	-0.004302	0.001332
3043	0.833546	0.003686	0.000265	0.000727	-0.003443	0.000864	2102.000000	199.223493	0.832813	0.003573	-0.000593	0.000452	-0.004832	0.001432	2103.000000	199.223493	0.832716	0.002847	0.000253	0.000663	-0.003559	0.001998
3046	0.830305	0.002563	-0.000456	0.000370	-0.003607	0.001368	2105.000000	199.223493	0.832832	0.002071	-0.001447	0.000584	-0.003067	0.001006	2106.000000	199.223493	0.829823	0.002234	-0.000647	0.000650	-0.001485	0.001589
3049	0.831983	0.002694	-0.000015	0.000487	-0.000984	0.000841	2108.000000	199.223493	0.830343	0.001275	0.000251	0.000700	-0.001099	0.001840	2109.000000	199.223493	0.832504	0.000532	0.000804	0.000411	-0.001514	0.001395
3052	0.832388	0.001486	0.000080	0.000804	-0.000752	0.001219	2111.000000	199.223493	0.832870	0.001984	0.000006	0.000517	-0.000174	0.000918	2112.000000	199.223493	0.831173	0.001257	0.000624	0.000258	-0.001620	0.001153
3055	0.831713	0.001728	0.000506	0.000599	-0.000858	0.001582	2114.000000	199.223493	0.830826	0.001547	-0.000440	0.000397	0.000463	0.000570	2115.000000	199.223493	0.833044	0.002434	-0.000408	0.000624	-0.000347	0.000815
3058	0.832446	0.002534	-0.001000	0.000286	-0.001167	0.001386	2117.000000	199.223493	0.835552	0.002486	0.000568	0.001015	-0.002170	0.000475	2118.000000	199.223493	0.834626	0.001788	0.001254	0.000447	-0.001244	0.001143
3061	0.834799	0.002347	0.001971	0.000672	-0.002662	0.001128	2120.000000	199.223493	0.832755	0.001989	0.001523	0.000460	0.001032	0.001245	2121.000000	199.223493	0.834915	0.003031	0.001053	0.000659	0.000916	0.001692
3064	0.834182	0.003531	0.000590	0.000785	0.000453	0.001197	2123.000000	199.223493	0.831134	0.004093	0.000897	0.000688	0.001563	0.001168	2124.000000	199.223493	0.828357	0.002871	0.001069	0.000677	-0.000473	0.002168
3067	0.830999	0.003954	0.000461	0.000436	0.001080	0.002526	2126.000000	199.223493	0.830112	0.003019	0.000138	0.000493	0.001283	0.002544	2127.000000	199.223493	0.827759	0.004592	-0.000387	0.000441	0.000868	0.003649
3070	0.831501	0.004128	-0.000873	0.000348	0.000916	0.003207	2129.000000	199.223493	0.829379	0.003116	-0.000003	0.000320	0.002382	0.002189	2130.000000	199.223493	0.830671	0.003108	0.000471	0.000424	-0.000666	0.001866
3073	0.830093	0.003548	0.000235	0.000489	-0.001456	0.001718	2132.000000	199.223493	0.833140	0.003164	-0.000664	0.000063	-0.000540	0.001528	2133.000000	199.223493	0.834992	0.003381	-0.000720	0.000473	-0.000550	0.001284
3076	0.833796	0.003844	0.000385	0.000410	-0.000434	0.001724	2135.000000	199.223493	0.833893	0.004181	0.000796	0.000654	-0.001592	0.001053	2136.000000	199.223493	0.832851	0.003793	0.000074	0.000527	0.001042	0.001235
3079	0.831076	0.003481	0.000500	0.000544	0.002614	0.000801	2138.000000	199.223493	0.831790	0.003603	-0.000037	0.000749	0.002054	0.000478	2139.000000	199.223493	0.830729	0.003736	0.000364	0.000634	0.000656	0.000861
3082	0.829437	0.002171	0.000730	0.000357	0.000550	0.000944	2141.000000	199.223493	0.829340	0.003187	0.000904	0.000499	0.000916	0.001500	2142.000000	199.223493	0.830536	0.003367	0.001290	0.000614	0.000270	0.000721
3085	0.831655	0.002318	0.001249	0.000628	0.000376	0.000820	2144.000000	199.223493	0.831578	0.002697	0.000724	0.000465	-0.001630	0.001144	2145.000000	199.223493	0.829668	0.003653	0.000084	0.000352	-0.001659	0.001432
3088	0.829302	0.002791	-0.000052	0.000563	-0.004060	0.001055	2147.000000	199.223493	0.830710	0.002033	0.000012	0.000460	-0.003154	0.001542	2148.000000	199.223493	0.828935	0.003628	0.000881	0.000582	-0.001543	0.001028
3091	0.830015	0.003103	0.000281	0.000836	-0.000598	0.001470	2150.000000	199.223493	0.827951	0.002940	0.000496	0.000680	-0.001302	0.000868	2151.000000	199.223493	0.830864	0.002633	0.000675	0.000768	-0.001601	0.001657
3094	0.831096	0.004278	0.000778	0.000744	-0.002566	0.001421	2153.000000	199.223493	0.831501	0.004538	0.000033	0.000661	-0.004379	0.002272	2154.000000	199.223493	0.828858	0.004761	0.000714	0.000178	-0.002759	0.002444
3097	0.829360	0.004275	0.000816	0.000348	-0.002884	0.002506	2156.000000	199.223493	0.828318	0.003461	0.000819	0.000488	-0.003733	0.001787	2157.000000	199.223493	0.826910	0.003246	0.000676	0.000441	-0.003955	0.001971
3100	0.828125	0.002883	0.000675	0.000280	-0.004601	0.001680	2159.000000	199.223493	0.827122	0.002424	0.000156	0.000478	-0.005845	0.002617	2160.000000	199.223493	0.825907	0.002804	0.000616	0.000392	-0.004437	0.002159
3103	0.826003	0.002629	0.000608	0.000469	-0.003077	0.002034	2162.000000	199.223493	0.827064	0.001671	-0.000352	0.000488	-0.005816	0.002187	2163.000000	199.223493	0.827353	0.001233	-0.000014	0.000375	-0.006578	0.001740
3106	0.826505	0.001641	0.000231	0.000656	-0.006935	0.001871	2165.000000	199.223493	0.828742	0.001475	0.000952	0.000430	-0.007321	0.001144	2166.000000	199.223493	0.830710	0.001660	0.001118	0.000185	-0.006877	0.000755
3109	0.829803	0.002567	0.001043	0.000328	-0.006038	0.000536	2168.000000	199.223493	0.828376	0.003421	0.000482	0.000531	-0.007051	0.001675	2169.000000	199.223493	0.827469	0.003153	-0.000587	0.000366	-0.006510	0.001457
3112	0.826350	0.003291	-0.000187	0.000391	-0.006308	0.000958	2171.000000	199.223493	0.827296	0.002686	-0.001084	0.000756	-0.002450	0.000640	2172.000000	199.223493	0.826736	0.003306	0.000858	0.000197	-0.002218	0.001754
3115	0.826987	0.002390	0.001254	0.000628	-0.001042	0.000693	2174.000000	199.223493	0.827893	0.003825	0.000404	0.000769	-0.001051	0.000916	2175.000000	199.223493	0.830247	0.002484	-0.000046	0.000442	-0.004253	0.001014
3118	0.830247	0.001851	0.000383	0.000231	-0.002392	0.001775	2177.000000	199.223493	0.827971	0.002815	0.000311	0.000446	-0.002604	0.002534	2178.000000	199.223493	0.828993	0.001892	0.000222	0.000463	-0.001370	0.002296
3121	0.829360	0.001887	0.000242	0.000395	-0.001466	0.001843	2180.000000	199.223493	0.829147	0.001917	0.000044	0.000380	-0.001804	0.002006	2181.000000	199.223493	0.829842	0.002043	0.000341	0.000359	-0.003009	0.002315
3124	0.831501	0.002799	0.000931	0.000270	-0.004022	0.002023	2183.000000	199.223493	0.830768	0.002512	0.000973	0.000629	-0.001910	0.002448	2184.000000	199.223493	0.830170	0.002540	-0.000404	0.000553	-0.003019	0.002255
3127	0.830652	0.002695	-0.000472	0.000418	-0.003983	0.001945	2186.000000	199.223493	0.828954	0.003029	-0.000268	0.000419	-0.002836	0.002067	2187.000000	199.223493	0.830903	0.004824	-0.000212	0.000604	-0.002951	0.001011
3130	0.833854	0.004080	0.001110	0.000945	-0.004003	0.000596	2189.000000	199.223493	0.834645	0.005204	0.000743	0.000566	-0.005806	0.000522	2190.000000	199.223493	0.834356	0.002326	0.000281	0.000273	-0.003974	0.001523
3133	0.833044	0.002550	-0.000791	0.000224	-0.003569	0.001121	2192.000000	199.223493	0.836343	0.001695	-0.000016	0.000307	-0.003916	0.001079	2193.000000	199.223493	0.836748	0.001550	0.000191	0.000437	-0.004176	0.000640
3136	0.833816	0.001642	0.000194	0.000611	-0.003472	0.000709	2195.000000	199.223493	0.833719	0.002625	-0.000699	0.000784	-0.003559	0.001303	2196.000000	199.223493	0.833623	0.003081	0.000459	0.000237	-0.002402	0.000678
3139	0.830903	0.003318	0.000661	0.000582	-0.001389	0.001135	2198.000000	199.223493	0.830363	0.003221	0.000362	0.000323	-0.000492	0.000937	2199.000000	199.223493	0.830285	0.003115	0.001256	0.000479	-0.001476	0.001851
3142	0.829437	0.002835	-0.000023	0.000319	-0.000559	0.000375	2201.000000	199.223493	0.830266	0.003078	0.000549	0.000535	-0.000540	0.001055	2202.000000	199.223493	0.831462	0.002136	0.000419	0.000079	-0.000955	0.000509
3145	0.833198	0.001627	-0.000335	0.000595	-0.001022	0.000890	2204.000000	199.223493	0.835725	0.003083	0.000013	0.000420	-0.001784	0.001270	2205.000000	199.223493	0.836169	0.001405	-0.000718	0.000217	-0.002006	0.002190
3148	0.836497	0.002380	0.000467	0.000577	-0.003221	0.001915	2207.000000	199.223493	0.835031	0.003177	0.000019	0.000331	0.000395	0.001758	2208.000000	199.223493	0.831443	0.002612	0.000614	0.000569	0.000270	0.001687
3151	0.831018	0.003174	0.000337	0.000394	-0.001148	0.002175	2210.000000	199.223493	0.830748	0.002066	-0.000694	0.000676	0.000183	0.001448	2211.000000	199.223493	0.831077	0.002060	-0.000474	0.000423	0.000222	0.001551
3154	0.830459	0.001028	0.000180	0.000542	0.000202	0.002232	2213.000000	199.223493	0.830382	0.001192	-0.000554	0.000681	0.000048	0.001729	2214.000000	199.223493	0.830787	0.001114	0.000473	0.000320	0.002344	0.001709
3157	0.832234	0.001764	0.000402	0.000522	0.000386	0.002146	2216.000000	199.223493	0.830787	0.002642	-0.000528	0.000393	-0.000482	0.003055	2217.000000	199.223493	0.832465	0.002877	-0.000061	0.000455	0.000145	0.002942
3160	0.832311	0.003497	-0.000738	0.000392	0.002074	0.002466	2219.000000	199.223493	0.832986	0.002260	0.000689	0.000764	0.001871	0.002394	2220.000000	199.223493	0.832234	0.002871	0.001012	0.000656	0.001109	0.002066
3163	0.832060	0.002757	0.000570	0.000490	-0.000907	0.001454	2222.000000	199.223493	0.830961	0.001839	0.000466	0.000517	-0.000849	0.001720	2223.000000	199.223493	0.830729	0.001393	0.000860	0.000354	-0.000550	0.001642
3166	0.832870	0.001998	0.000667	0.000405	-0.002199	0.002096	2225.000000	199.223493	0.829032	0.001886	0.000195	0.000696	-0.002653	0.002029	2226.000000	199.223493	0.830999	0.002314	0.000646	0.000141	-0.001582	0.001270
3169	0.832851	0.002272	0.001115	0.000405	-0.000482	0.001594	2228.000000	199.223493	0.833198	0.001411	0.001137	0.000711	-0.001003	0.000746	2229.000000	199.223493	0.830189	0.002484	-0.000047	0.000927	-0.000530	0.002137
3172	0.828935	0.002436	0.000006	0.000862	-0.001755	0.001563	2231.000000	199.223493	0.827855	0.002218	0.000298	0.000435	-0.002653	0.001930	2232.000000	199.223493	0.828067	0.001501	-0.000097	0.000632	-0.000511	0.001129
3175	0.832484	0.002847	-0.000453	0.000327	0.000839	0.000873	2234.000000	199.223493	0.831269	0.003057	-0.000204	0.000252	0.001206	0.001619	2235.000000	199.223493	0.830671	0.003144	-0.000594	0.000512	0.001601	0.002437
3178	0.832986	0.002831	-0.000041	0.000144	0.000646	0.002431	2237.000000	199.223493	0.828800	0.002103	0.000054	0.000533	0.001321	0.001776	2238.000000	199.223493	0.827045	0.002459	-0.000532	0.000393	0.003144	0.001131
3181	0.827199	0.001405	0.000597	0.000377	0.003617	0.002070	2240.000000	199.223493	0.827122	0.001183	0.000480	0.000446	0.003299	0.002111	2241.000000	199.223493	0.826312	0.001390	-0.000105	0.000468	0.001707	0.001773
3184	0.828839	0.002793	-0.000930	0.000795	0.000839	0.001291	2243.000000	199.223493	0.827855	0.002844	-0.000334	0.000600	0.003231	0.000893	2244.000000	199.223493	0.825540	0.003036	0.000246	0.000481	-0.000241	0.000699
3187	0.828337	0.001631	0.001273	0.000500	0.000444	0.000659	2246.000000	199.223493	0.826504	0.002595	0.000855	0.000264	0.001611	0.001130	2247.000000	199.223493	0.826794	0.001399	0.000568	0.000510	0.002247	0.001133
3190	0.828607	0.002556	0.000298	0.000426	0.001244	0.001570	2249.000000	199.223493	0.825308	0.001279	0.000600	0.000426	0.001804	0.001041	2250.000000	199.223493	0.824807	0.001647	0.000606	0.000534	-0.001157	0.002725
3193	0.827566	0.003020	0.000090	0.000638	-0.001321	0.001481	2252.000000	199.223493	0.828530	0.001893	0.000616	0.000643	-0.000926	0.001286	2253.000000	199.223493	0.828897	0.001645	-0.000139	0.000928	-0.000212	0.000587
3196	0.831848	0.001693	-0.000136	0.000398	-0.001003	0.001350	2255.000000	199.223493	0.830749	0.000917	-0.000188	0.000317	-0.000472	0.001281	2256.000000	199.223493	0.828569	0.001774	0.000476	0.000632	0.001244	0.001166
3199	0.829977	0.002308	0.000733	0.000723	0.001128	0.001156	2258.000000	199.223493	0.828742	0.002283	0.000002	0.000956	0.000048	0.001792	2259.000000	199.223493	0.827604	0.001876	0.000217	0.000512	0.000617	0.001508
3202	0.829302	0.002965	0.001144	0.000371	0.000434	0.001361	2261.000000	199.223493	0.828839	0.004009	0.000688	0.000774	0.001919	0.002222	2262.000000	199.223493	0.824498	0.004110	0.000952	0.000541	-0.000338	0.002635
3205	0.825521	0.003722	0.000342	0.000782	-0.001669	0.002453	2264.000000	199.223493	0.825926	0.004021	-0.000031	0.000321	-0.001688	0.001725	2265.000000	199.223493	0.825212	0.002028	-0.000569	0.000458	-0.003463	0.001331
3208	0.825386	0.003371	0.000710	0.000310	-0.001601	0.001416	2267.000000	199.223493	0.826003	0.002443	0.000495	0.000371	-0.002315	0.001803	2268.000000	199.223493	0.828395	0.002398	-0.000728	0.000571	-0.000743	0.001376
3211	0.828800	0.001904	-0.000347	0.000482	-0.001553	0.001921	2270.000000	199.223493	0.827218	0.001232	-0.000130	0.000393	-0.004109	0.002128	2271.000000	199.223493	0.826196	0.002317	0.000921	0.000673	-0.004620	0.002480
3214	0.828279	0.002003	0.000026	0.000409	-0.001678	0.002372	2273.000000	199.223493	0.828183	0.003244	-0.000050	0.000418	-0.002701	0.002609	2274.000000	199.223493	0.827739	0.002507	0.000355	0.000577	-0.002344	0.002795
3217	0.828453	0.002939	0.000378	0.000340	-0.001688	0.003348	2276.000000	199.223493	0.828376	0.002243	-0.000520	0.000615	-0.000087	0.003271	2277.000000	199.223493	0.831810	0.001726	0.000244	0.000461	-0.001080	0.002965
3220	0.830555	0.001808	-0.000395	0.000493	-0.000453	0.002591	2279.000000	199.223493	0.828164	0.002556	0.000649	0.000301	0.000608	0.002432	2280.000000	199.223493	0.827411	0.002391	0.000614	0.000390	-0.001861	0.001464
3223	0.829784	0.002876	0.001201	0.000617	-0.001553	0.001551	2282.000000	199.223493	0.828492	0.002369	-0.000166	0.001034	-0.001138	0.001533	2283.000000	199.223493	0.825656	0.001148	0.000029	0.000656	-0.000183	0.000926
3226	0.827315	0.001080	0.000202	0.000768	-0.000598	0.001209	2285.000000	199.223493	0.827257	0.002298	-0.000322	0.001143	-0.001726	0.001502	2286.000000	199.223493	0.829437	0.002553	-0.000043	0.000632	-0.002218	0.001456
3229	0.828607	0.003284	0.000034	0.000692	0.000473	0.001588	2288.000000	199.223493	0.827604	0.001970	0.000414	0.000520	0.001032	0.001007	2289.000000	199.223493	0.827083	0.002142	-0.000836	0.000231	0.003241	0.000971
3232	0.825193	0.003584	-0.000399	0.000366	0.001369	0.000576	2291.000000	199.223493	0.826755	0.003311	-0.000182	0.000318	0.000415	0.001253	2292.000000	199.223493	0.828028	0.003445	-0.000401	0.000152	-0.000945	0.001328
3235	0.829707	0.004850	0.000661	0.000811	-0.000569	0.001936	2294.000000	199.223493	0.830035	0.003630	-0.000573	0.000613	-0.001157	0.001757	2295.000000	199.223493	0.828241	0.003878	-0.000705	0.000273	-0.000473	0.001707
3238	0.830343	0.003052	0.000054	0.000352	-0.001505	0.001964	2297.000000	199.223493	0.830015	0.003507	-0.000228	0.000537	0.000164	0.003009	2298.000000	199.223493	0.830748	0.002825	0.000326	0.000329	-0.000540	0.002355
3241	0.832273	0.003700	-0.000189	0.000501	-0.001456	0.002053	2300.000000	199.223493	0.834684	0.002794	-0.000066	0.000437	-0.000723	0.002450	2301.000000	199.223493	0.829128	0.002676	-0.001044	0.000678	0.000945	0.002038
3244	0.829784	0.002813	0.000457	0.000581	0.001794	0.002741	2303.000000	199.223493	0.829475	0.003521	-0.000077	0.000563	0.001196	0.002260	2304.000000	199.223493	0.829687	0.003968	0.000284	0.000474	0.002219	0.001913
3247	0.833565	0.004301	0.000197	0.000420	0.001215	0.001936	2306.000000	199.223493	0.831867	0.003274	-0.000155	0.000389	0.002026	0.001230	2307.000000	199.223493	0.832504	0.003396	0.000381	0.000335	0.000174	0.001216
3250	0.833025	0.003569	0.000066	0.000399	0.000964	0.001253	2309.000000	199.223493	0.830671	0.004136	0.000240	0.000464	0.001534	0.001744	2310.000000	199.223493	0.833565	0.004633	0.000100	0.000710	0.001341	0.001694
3253	0.832890	0.004315	0.000014	0.001186	0.000473	0.001648	2312.000000	199.223493	0.833951	0.004324	-0.001556	0.000547	-0.000097	0.001805	2313.000000	199.223493	0.831366	0.004681	-0.000596	0.000579	0.000077	0.001565
3256	0.831674	0.004324	-0.000337	0.000608	0.000183	0.000829	2315.000000	199.223493	0.832851	0.003971	-0.000656	0.000633	0.001080	0.001028	2316.000000	199.223493	0.834105	0.003707	0.000730	0.000435	-0.000878	0.002139
3259	0.833256	0.003843	0.000776	0.000399	-0.000694	0.002582	2318.000000	199.223493	0.834606	0.004289	0.000086	0.000351	0.000058	0.002476	2319.000000	199.223493	0.833314	0.003827	0.000285	0.000406	0.000974	0.002185
3262	0.833951	0.004144	0.000542	0.000355	0.000048	0.001949	2321.000000	199.223493	0.834221	0.004316	-0.000129	0.000388	-0.000714	0.002799	2322.000000	199.223493	0.833758	0.005770	0.000829	0.000426	0.001524	0.002444
3265	0.830536	0.004690	-0.000582	0.000446	0.002267	0.002486	2324.000000	199.223493	0.830517	0.003441	-0.000065	0.000345	0.000135	0.002249	2325.000000	199.223493	0.830980	0.003934	-0.000060	0.000359	0.000617	0.003023
3268	0.829900	0.002050	-0.001443	0.000469	0.000550	0.002733	2327.000000	199.223493	0.832542	0.003505	-0.000751	0.000710	-0.000810	0.002614	2328.000000	199.223493	0.831192	0.002431	-0.000631	0.000286	0.002392	0.003484
3271	0.829977	0.001286	-0.000812	0.000709	0.000665	0.002662	2330.000000	199.223493	0.830671	0.002778	-0.000125	0.000937	0.001591	0.001731	2331.000000	199.223493	0.830594	0.003273	0.000120	0.000406	0.001726	0.001430
3274	0.831308	0.003137	0.000205	0.000601	0.001071	0.001894	2333.000000	199.223493	0.830864	0.001255	0.000358	0.000500	0.002209	0.001613	2334.000000	199.223493	0.829823	0.002260	0.001255	0.000458	0.001427	0.001430
3277	0.827893	0.004296	0.000587	0.000327	0.001765	0.001580	2336.000000	199.223493	0.827739	0.003967	-0.001187	0.000315	0.001350	0.001265	2337.000000	199.223493	0.828974	0.003881	-0.001090	0.000791	0.000723	0.001519
3280	0.830247	0.002253	0.000019	0.000504	-0.000395	0.001236	2339.000000	199.223493	0.830054	0.003088	-0.000073	0.000306	-0.000695	0.001083	2340.000000	199.223493	0.830613	0.004101	0.000170	0.000444	-0.002421	0.000725
3283	0.828858	0.003882	-0.000906	0.000717	-0.003347	0.001133	2342.000000	199.223493	0.829360	0.003321	-0.000711	0.000165	-0.002778	0.001622	2343.000000	199.223493	0.829765	0.003023	-0.001140	0.000388	-0.003077	0.001643
3286	0.826003	0.003221	-0.000924	0.000532	-0.004022	0.001733	2345.000000	199.223493	0.828839	0.002397	-0.000774	0.000309	-0.004958	0.001465	2346.000000	199.223493	0.828819	0.003917	-0.000078	0.000428	-0.005372	0.001642
3289	0.829012	0.002716	0.000805	0.000280	-0.006279	0.000996	2348.000000	199.223493	0.826813	0.002953	0.000578	0.000285	-0.006096	0.000604	2349.000000	199.223493	0.830922	0.003656	0.000362	0.000145	-0.006240	0.000736
3292	0.829109	0.002596	0.000613	0.000289	-0.004244	0.001440	2351.000000	199.223493	0.831810	0.002159	-0.001001	0.000445	-0.004206	0.001194	2352.000000	199.223493	0.829822	0.003267	-0.000517	0.000290	-0.002382	0.001144
3295	0.829649	0.003207	-0.000264	0.000402	-0.001688	0.001852	2354.000000	199.223493	0.830035	0.002755	0.000857	0.000410	-0.001196	0.002348	2355.000000	199.223493	0.827411	0.002079	-0.000762	0.000417	-0.000154	0.002350
3298	0.827585	0.002901	0.000466	0.000475	0.000897	0.002831	2357.000000	199.223493	0.826910	0.001844	-0.000455	0.000389	0.000203	0.001538	2358.000000	199.223493	0.827836	0.001261	-0.000109	0.000488	-0.001379	0.002190
3301	0.828897	0.002547	-0.000783	0.000743	-0.002363	0.001641	2360.000000	199.223493	0.827739	0.003049	0.000543	0.000359	-0.001958	0.001283	2361.000000	199.223493	0.829418	0.003325	0.000780	0.000432	-0.002440	0.000994
3304	0.826910	0.003751	-0.000496	0.000460	-0.001399	0.000775	2363.000000	199.223493	0.828183	0.004121	-0.000364	0.000653	-0.001177	0.001027	2364.000000	199.223493	0.828491	0.004289	0.000342	0.000502	-0.003395	0.000868
3307	0.827932	0.004125	0.000152	0.000506	-0.004003	0.000897	2366.000000	199.223493	0.830440	0.003869	0.000584	0.000431	-0.003115	0.001136	2367.000000	199.223493	0.830555	0.003396	-0.000625	0.000340	-0.001437	0.001499
3310	0.829012	0.003690	-0.000672	0.000398	-0.000251	0.001056	2369.000000	199.223493	0.829803	0.002906	-0.000308	0.000079	-0.003144	0.001064	2370.000000	199.223493	0.829919	0.002602	-0.000459	0.000547	-0.002209	0.000519
3313	0.829109	0.003851	-0.001137	0.000262	-0.001746	0.001580	2372.000000	199.223493	0.830729	0.003337	-0.000450	0.000303	0.000318	0.001534	2373.000000	199.223493	0.831134	0.003093	0.000404	0.000625	-0.000685	0.001702
3316	0.831289	0.004212	0.000158	0.000397	0.000743	0.001420	2375.000000	199.223493	0.830363	0.004100	0.000805	0.000179	0.000598	0.001165	2376.000000	199.223493	0.830826	0.004000	0.000252	0.000710	0.000579	0.000764
3319	0.830594	0.004798	0.000032	0.000428	0.000251	0.001596	2378.000000	199.223493	0.830440	0.005146	-0.000281	0.000520	0.002566	0.001067	2379.000000	199.223493	0.831597	0.004155	-0.000064	0.000372	0.001119	0.001228
3322	0.833970	0.003869	0.000706	0.000298	0.000897	0.001530	2381.000000	199.223493	0.834201	0.002333	0.000296	0.000681	0.001312	0.001107	2382.000000	199.223493	0.833584	0.002044	-0.000609	0.000757	0.001678	0.002230
3325	0.831462	0.002613	0.000533	0.000947	-0.000820	0.001769	2384.000000	199.223493	0.832928	0.003138	0.000358	0.000478	-0.000511	0.002033	2385.000000	199.223493	0.832079	0.002106	-0.000585	0.000482	-0.001504	0.002072
3328	0.832060	0.002372	0.000554	0.000483	-0.000617	0.002138	2387.000000	199.223493	0.834086	0.003271	-0.000020	0.000554	-0.000791	0.003076	2388.000000	199.223493	0.831636	0.003055	0.000367	0.000381	-0.001900	0.002893
3331	0.830517	0.002764	0.000907	0.000369	-0.002141	0.001919	2390.000000	199.223493	0.830227	0.003644	0.000268	0.000183	-0.000906	0.002550	2391.000000	199.223493	0.828144	0.002521	0.000757	0.000347	-0.001814	0.001469
3334	0.828511	0.002936	0.001306	0.000716	-0.000608	0.001932	2393.000000	199.223493	0.829765	0.002884	0.000449	0.000402	0.000260	0.002226	2394.000000	199.223493	0.830845	0.003047	-0.000056	0.000540	0.000463	0.002531
3337	0.830903	0.002864	0.001138	0.000518	-0.000531	0.003308	2396.000000	199.223493	0.827913	0.001467	-0.000391	0.000552	0.003028	0.002281	2397.000000	199.223493	0.827585	0.000813	-0.000970	0.000345	0.002575	0.002704
3340	0.826813	0.001203	-0.000034	0.000693	0.002315	0.002233	2399.000000	199.223493	0.826890	0.003033	0.000459	0.000542	0.002749	0.002895	2400.000000	199.223493	0.827527	0.002863	0.001142	0.000498	0.002132	0.003315
3343	0.826678	0.002429	0.001048	0.000788	0.003762	0.003334	2402.000000	199.223493	0.827643	0.002903	0.001710	0.001030	0.003260	0.003114	2403.000000	199.223493	0.829765	0.003721	0.000650	0.000872	0.003356	0.003121
3346	0.828588	0.003813	-0.000209	0.000569	0.001707	0.002910	2405.000000	199.223493	0.828993	0.003894	-0.000349	0.000474	0.000559	0.003275	2406.000000	199.223493	0.833160	0.002859	0.000001	0.000377	0.001215	0.002742
3349	0.830787	0.003540	-0.000332	0.000448	-0.000916	0.002317	2408.000000	199.223493	0.831192	0.002504	0.000425	0.000457	-0.001129	0.001667	2409.000000	199.223493	0.828839	0.004677	-0.000189	0.000494	-0.002479	0.001415
3352	0.829283	0.003493	0.000107	0.000435	-0.000579	0.002292	2411.000000	199.223493	0.829495	0.003290	0.000589	0.000496	-0.001611	0.002433	2412.000000	199.223493	0.831771	0.002266	-0.000690	0.000934	-0.001890	0.002498
3355	0.834259	0.003023	-0.000627	0.000951	-0.001862	0.002132	2414.000000	199.223493	0.830787	0.002869	0.000179	0.000510	-0.001177	0.002114	2415.000000	199.223493	0.830787	0.002317	0.000022	0.000498	-0.002151	0.001754
3358	0.832195	0.002941	0.000539	0.000680	-0.002132	0.001245	2417.000000	199.223493	0.830671	0.002237	-0.000549	0.000464	-0.002595	0.001656	2418.000000	199.223493	0.831057	0.001987	0.000338	0.000670	-0.002276	0.002095
3361	0.830671	0.002759	-0.000159	0.000501	-0.001958	0.001371	2420.000000	199.223493	0.830498	0.000892	-0.001508	0.000540	-0.002296	0.000641	2421.000000	199.223493	0.828106	0.001774	-0.000310	0.000822	-0.000926	0.001454
3364	0.828877	0.002422	-0.000392	0.000571	-0.001823	0.000650	2423.000000	199.223493	0.828935	0.001477	0.000259	0.000699	-0.001669	0.001807	2424.000000	199.223493	0.830864	0.001485	0.000533	0.000336	-0.001061	0.001490
3367	0.832600	0.001350	0.000287	0.000831	-0.001225	0.001158	2426.000000	199.223493	0.832465	0.002303	-0.000005	0.000517	0.000289	0.000856	2427.000000	199.223493	0.829379	0.002318	0.000366	0.000206	-0.000135	0.001433
3370	0.830710	0.002551	0.000617	0.000631	0.000367	0.001534	2429.000000	199.223493	0.829244	0.002140	-0.000798	0.000245	0.000955	0.000838	2430.000000	199.223493	0.830883	0.002842	-0.000674	0.000568	0.000222	0.000847
3373	0.830305	0.002902	-0.000657	0.000429	-0.000531	0.001766	2432.000000	199.223493	0.831443	0.004160	-0.000596	0.000455	-0.000887	0.001401	2433.000000	199.223493	0.832022	0.002637	0.000882	0.000497	-0.000482	0.001787
3376	0.832639	0.002535	0.001342	0.000574	-0.001235	0.002161	2435.000000	199.223493	0.830845	0.001444	0.001180	0.000446	0.001572	0.001314	2436.000000	199.223493	0.831732	0.002079	0.000588	0.000343	0.001177	0.001711
3379	0.830228	0.002858	0.000344	0.000703	0.000627	0.001247	2438.000000	199.223493	0.828472	0.002653	0.000524	0.000560	0.001322	0.001206	2439.000000	199.223493	0.826042	0.001065	0.000989	0.000635	-0.001051	0.002124
3382	0.827604	0.001934	0.000989	0.000684	-0.000067	0.002531	2441.000000	199.223493	0.827951	0.001931	0.000504	0.000360	0.000039	0.002587	2442.000000	199.223493	0.824672	0.002519	0.000225	0.000517	-0.000984	0.003533
3385	0.827373	0.002133	-0.000823	0.000358	-0.001099	0.003180	2444.000000	199.223493	0.826427	0.002174	0.000390	0.000595	0.000743	0.002149	2445.000000	199.223493	0.828954	0.002453	0.000498	0.000437	-0.001292	0.001722
3388	0.827392	0.002997	0.000200	0.000465	-0.002122	0.001842	2447.000000	199.223493	0.830228	0.002564	-0.000667	0.000066	-0.001601	0.001630	2448.000000	199.223493	0.832697	0.003004	-0.000773	0.000454	-0.001341	0.001660
3391	0.830883	0.003962	-0.000011	0.000399	-0.001659	0.001930	2450.000000	199.223493	0.830652	0.003772	0.000313	0.000670	-0.001148	0.000996	2451.000000	199.223493	0.829630	0.004238	-0.000538	0.000389	0.000299	0.001504
3394	0.830883	0.003483	0.000547	0.000531	0.001254	0.001276	2453.000000	199.223493	0.831366	0.003564	0.000077	0.000740	0.002122	0.000480	2454.000000	199.223493	0.830498	0.003712	-0.000153	0.000261	0.000964	0.000671
3397	0.828453	0.002290	0.000556	0.000382	0.000791	0.000790	2456.000000	199.223493	0.828896	0.003069	0.000589	0.000495	0.001042	0.001408	2457.000000	199.223493	0.828819	0.003499	0.000908	0.000655	0.000077	0.000889
3400	0.831154	0.002220	0.001300	0.000624	0.000627	0.000621	2459.000000	199.223493	0.830748	0.002300	0.000279	0.000469	-0.000704	0.001089	2460.000000	199.223493	0.828723	0.003100	-0.000027	0.000397	-0.001553	0.001429
3403	0.829552	0.002940	-0.000465	0.000763	-0.004292	0.001050	2462.000000	199.223493	0.830826	0.002113	-0.000200	0.000483	-0.002720	0.001447	2463.000000	199.223493	0.829629	0.003987	0.000675	0.000670	-0.001263	0.000984
3406	0.830382	0.003308	0.000119	0.000752	-0.000617	0.001472	2465.000000	199.223493	0.828627	0.003395	0.000794	0.000757	-0.001061	0.000768	2466.000000	199.223493	0.830903	0.002659	-0.000243	0.000246	-0.002170	0.001730
3409	0.830556	0.003869	0.000391	0.000564	-0.002488	0.001409	2468.000000	199.223493	0.830845	0.004173	-0.000161	0.000579	-0.003858	0.002437	2469.000000	199.223493	0.828993	0.004843	0.001079	0.000228	-0.002932	0.002439
3412	0.828762	0.003897	0.000680	0.000378	-0.002990	0.002511	2471.000000	199.223493	0.826138	0.002419	0.001003	0.000470	-0.003472	0.001853	2472.000000	199.223493	0.827778	0.003656	0.000392	0.000458	-0.003366	0.002076
3415	0.830054	0.003154	0.000253	0.000537	-0.003877	0.001896	2474.000000	199.223493	0.830073	0.003378	0.000234	0.000479	-0.006462	0.002282	2475.000000	199.223493	0.829707	0.003682	0.000582	0.000398	-0.004032	0.002325
3418	0.829823	0.003664	0.000217	0.000599	-0.003279	0.001948	2477.000000	199.223493	0.830131	0.002861	0.000078	0.000327	-0.006385	0.001877	2478.000000	199.223493	0.829610	0.003113	0.000279	0.000447	-0.005681	0.001940
3421	0.828144	0.002980	0.000998	0.000591	-0.005373	0.002222	2480.000000	199.223493	0.830131	0.002183	0.001410	0.000471	-0.005584	0.002203	2481.000000	199.223493	0.830382	0.001451	0.000685	0.000496	-0.004533	0.002234
3424	0.828877	0.002522	0.000845	0.000373	-0.003656	0.002331	2483.000000	199.223493	0.829572	0.003919	0.000047	0.000537	-0.003501	0.003475	2484.000000	199.223493	0.828434	0.003222	-0.000397	0.000320	-0.004774	0.002389
3427	0.826813	0.003299	0.000020	0.000355	-0.004620	0.001968	2486.000000	199.223493	0.827913	0.002692	-0.000821	0.000868	-0.001302	0.001253	2487.000000	199.223493	0.828723	0.003266	0.001014	0.000325	-0.001775	0.001846
3430	0.829051	0.002545	0.001188	0.000643	0.000173	0.000986	2489.000000	199.223493	0.829977	0.003704	0.000390	0.000767	0.000116	0.001489	2490.000000	199.223493	0.831616	0.002712	-0.000013	0.000433	-0.002045	0.002032
3433	0.831250	0.001951	0.000049	0.000297	-0.001563	0.002294	2492.000000	199.223493	0.829919	0.002593	0.000287	0.000449	-0.001331	0.002929	2493.000000	199.223493	0.831115	0.002602	0.000612	0.000502	-0.001370	0.002296
3436	0.830903	0.002536	0.000251	0.000390	-0.000203	0.002332	2495.000000	199.223493	0.829495	0.002004	0.000308	0.000349	-0.000270	0.002522	2496.000000	199.223493	0.829822	0.002041	0.000660	0.000235	-0.000935	0.003009
3439	0.828954	0.001522	0.001080	0.000226	-0.001476	0.003206	2498.000000	199.223493	0.828916	0.001314	0.001269	0.000442	0.001013	0.003625	2499.000000	199.223493	0.828414	0.002703	0.000002	0.000406	-0.000579	0.003311
3442	0.828395	0.002822	0.000261	0.000522	-0.000878	0.003307	2501.000000	199.223493	0.827450	0.003158	-0.000101	0.000415	-0.000531	0.003384	2502.000000	199.223493	0.830305	0.004856	0.000318	0.000545	-0.000318	0.002811
3445	0.831694	0.004462	0.001381	0.000857	-0.001659	0.002029	2504.000000	199.223493	0.830903	0.004863	0.000589	0.000612	-0.003212	0.002186	2505.000000	199.223493	0.832446	0.002233	0.000427	0.000216	-0.001061	0.001962
3448	0.831462	0.002583	-0.000648	0.000322	-0.001640	0.002120	2507.000000	199.223493	0.834587	0.001859	-0.000098	0.000330	-0.001167	0.002607	2508.000000	199.223493	0.834819	0.000757	-0.000141	0.000370	-0.002132	0.001913
3451	0.832292	0.000922	0.000220	0.000608	-0.001553	0.001390	2510.000000	199.223493	0.831057	0.002589	-0.000055	0.000759	-0.002131	0.002297	2511.000000	199.223493	0.830633	0.002409	0.000504	0.000225	-0.001572	0.001402
3454	0.828897	0.002873	0.000694	0.000582	-0.000029	0.002298	2513.000000	199.223493	0.828627	0.001973	0.000377	0.000323	0.000569	0.001681	2514.000000	199.223493	0.828742	0.001800	0.000697	0.000145	-0.000010	0.002526
3457	0.830575	0.003772	0.000734	0.000821	0.001167	0.001407	2516.000000	199.223493	0.830170	0.002998	0.001066	0.000404	0.000993	0.001848	2517.000000	199.223493	0.832446	0.002916	0.000522	0.000138	0.000627	0.001905
3460	0.834336	0.002428	-0.000348	0.000584	0.001177	0.002349	2519.000000	199.223493	0.835339	0.002815	0.000111	0.000339	0.000309	0.002924	2520.000000	199.223493	0.837211	0.002144	-0.000258	0.000371	-0.000347	0.003110
3463	0.835263	0.001594	0.000917	0.000431	-0.002700	0.002252	2522.000000	199.223493	0.834298	0.002663	0.000277	0.000253	0.001871	0.002377	2523.000000	199.223493	0.831346	0.002551	0.000020	0.000079	0.001379	0.002291
3466	0.830478	0.002943	0.000381	0.000394	-0.000154	0.002601	2525.000000	199.223493	0.831462	0.002350	-0.000634	0.000678	0.000598	0.001621	2526.000000	199.223493	0.831347	0.002197	0.000020	0.000564	0.000685	0.001828
3469	0.831616	0.001516	-0.000292	0.000475	0.000955	0.002596	2528.000000	199.223493	0.829996	0.000990	-0.000364	0.000730	0.001428	0.002130	2529.000000	199.223493	0.829591	0.000540	0.000413	0.000345	0.002855	0.001983
3472	0.830285	0.001382	0.000366	0.000541	-0.000222	0.001749	2531.000000	199.223493	0.829861	0.002516	-0.000223	0.000343	-0.000068	0.003209	2532.000000	199.223493	0.829340	0.001275	-0.000150	0.000448	0.000241	0.002964
3475	0.827489	0.002074	-0.000368	0.000500	0.001640	0.002385	2534.000000	199.223493	0.829880	0.002577	0.000082	0.000647	0.003964	0.002919	2535.000000	199.223493	0.829359	0.003151	0.000643	0.000576	0.002836	0.002412
3478	0.829225	0.001656	0.000449	0.000408	-0.000261	0.001755	2537.000000	199.223493	0.829263	0.001384	0.000960	0.000539	0.000415	0.002114	2538.000000	199.223493	0.829089	0.000599	0.001028	0.000368	0.000077	0.001659
3481	0.830768	0.001336	0.000673	0.000405	-0.000897	0.002348	2540.000000	199.223493	0.827797	0.001599	-0.000242	0.000464	-0.000945	0.002051	2541.000000	199.223493	0.828511	0.001837	0.000485	0.000161	-0.001138	0.001405
3484	0.829707	0.002224	0.000805	0.000448	-0.000984	0.001500	2543.000000	199.223493	0.830826	0.002926	0.000733	0.000744	-0.000550	0.000821	2544.000000	199.223493	0.827566	0.003748	0.000091	0.000922	0.001505	0.001702
3487	0.827990	0.002863	-0.000510	0.000734	-0.000579	0.001052	2546.000000	199.223493	0.827623	0.002387	0.000218	0.000436	-0.000579	0.001888	2547.000000	199.223493	0.827566	0.001929	0.000353	0.000729	0.000193	0.001001
3490	0.832291	0.002979	-0.000179	0.000424	0.001553	0.000649	2549.000000	199.223493	0.829032	0.004564	-0.000380	0.000284	0.002643	0.000959	2550.000000	199.223493	0.828646	0.004644	-0.000398	0.000519	0.003376	0.000941
3493	0.830884	0.003965	0.000091	0.000134	0.002026	0.001467	2552.000000	199.223493	0.827392	0.002832	0.000187	0.000537	0.001977	0.001445	2553.000000	199.223493	0.827643	0.002189	-0.000520	0.000390	0.004022	0.000756
3496	0.827430	0.001259	0.000406	0.000458	0.005189	0.001572	2555.000000	199.223493	0.827392	0.001129	0.000503	0.000440	0.003675	0.001871	2556.000000	199.223493	0.825289	0.001437	-0.000259	0.000442	0.001881	0.001674
3499	0.827296	0.002228	-0.000527	0.000879	0.000077	0.001379	2558.000000	199.223493	0.826755	0.002618	-0.000149	0.000552	0.001167	0.001362	2559.000000	199.223493	0.824364	0.002701	0.000102	0.000415	-0.000849	0.000838
3502	0.828221	0.001598	0.000702	0.000775	0.000810	0.000464	2561.000000	199.223493	0.826948	0.002648	0.001457	0.000326	0.001968	0.000978	2562.000000	199.223493	0.828569	0.001739	0.001043	0.000564	0.002353	0.001140
3505	0.830729	0.002079	0.000558	0.000402	0.002874	0.001757	2564.000000	199.223493	0.828511	0.002301	0.000483	0.000443	0.003058	0.000857	2565.000000	199.223493	0.827469	0.002719	0.000217	0.000520	0.001958	0.001973
3508	0.829553	0.003299	0.000036	0.000628	0.000260	0.000987	2567.000000	199.223493	0.830729	0.002648	0.000959	0.000576	0.000820	0.001320	2568.000000	199.223493	0.831829	0.002642	0.000392	0.000967	0.001418	0.000954
3511	0.833893	0.001641	-0.000224	0.000346	-0.000164	0.001241	2570.000000	199.223493	0.831848	0.001293	-0.000320	0.000345	0.001350	0.000921	2571.000000	199.223493	0.830671	0.001235	0.000790	0.000592	0.002035	0.000753
3514	0.832021	0.002346	0.000695	0.000731	0.002199	0.000491	2573.000000	199.223493	0.829147	0.002432	-0.000389	0.000998	0.001726	0.000758	2574.000000	199.223493	0.827083	0.001449	-0.000069	0.000618	0.001774	0.000832
3517	0.828337	0.002366	0.000805	0.000407	0.000405	0.001367	2576.000000	199.223493	0.827546	0.003122	0.000623	0.000747	0.000887	0.002220	2577.000000	199.223493	0.822068	0.002615	0.000563	0.000359	-0.000579	0.002628
3520	0.824576	0.003278	0.001170	0.000525	-0.001563	0.002488	2579.000000	199.223493	0.823842	0.003350	0.000230	0.000216	-0.000964	0.001846	2580.000000	199.223493	0.824691	0.001800	-0.000011	0.000409	-0.002016	0.002048
3523	0.824846	0.003096	0.000681	0.000309	-0.001418	0.001494	2582.000000	199.223493	0.828048	0.003025	0.000652	0.000263	-0.002595	0.001702	2583.000000	199.223493	0.829630	0.002263	-0.000509	0.000617	-0.001100	0.001321
3526	0.829784	0.001594	-0.000681	0.000391	-0.003067	0.001094	2585.000000	199.223493	0.827353	0.001178	-0.000338	0.000433	-0.004022	0.002150	2586.000000	199.223493	0.828935	0.002424	0.000904	0.000677	-0.004456	0.002551
3529	0.830073	0.002031	-0.000568	0.000400	-0.001562	0.002399	2588.000000	199.223493	0.831269	0.003616	-0.000419	0.000642	-0.002566	0.002625	2589.000000	199.223493	0.831404	0.002850	-0.000137	0.000602	-0.002643	0.002788
3532	0.831597	0.003535	0.000025	0.000247	-0.001543	0.003354	2591.000000	199.223493	0.832890	0.003035	-0.000587	0.000616	0.000077	0.003261	2592.000000	199.223493	0.833951	0.002304	0.000669	0.000150	-0.001485	0.002959
3535	0.832600	0.001856	-0.000406	0.000495	-0.000521	0.002599	2594.000000	199.223493	0.830671	0.001395	0.000376	0.000181	0.001881	0.002392	2595.000000	199.223493	0.830652	0.001514	-0.000147	0.000648	-0.000714	0.001798
3538	0.834954	0.001813	0.001122	0.000618	-0.000193	0.001799	2597.000000	199.223493	0.831385	0.002765	0.000140	0.001126	-0.000685	0.001615	2598.000000	199.223493	0.828009	0.001805	-0.000012	0.000659	-0.000174	0.000934
3541	0.829186	0.001728	-0.000268	0.000799	-0.001881	0.000845	2600.000000	199.223493	0.829784	0.001346	-0.000751	0.001144	-0.002971	0.000953	2601.000000	199.223493	0.831424	0.001721	-0.000537	0.000681	-0.003463	0.000598
3544	0.831501	0.000860	-0.000113	0.000686	-0.000627	0.000815	2603.000000	199.223493	0.829321	0.000875	0.000167	0.000505	0.000752	0.000837	2604.000000	199.223493	0.830073	0.001847	-0.000440	0.000491	0.002710	0.001105
3547	0.828048	0.003063	-0.000753	0.000317	0.001273	0.000617	2606.000000	199.223493	0.827546	0.003230	-0.000590	0.000307	0.001466	0.000758	2607.000000	199.223493	0.829475	0.003149	-0.000461	0.000159	-0.000589	0.001099
3550	0.832388	0.003828	-0.000131	0.001045	0.000501	0.001383	2609.000000	199.223493	0.831327	0.002710	-0.000799	0.000532	0.000521	0.001558	2610.000000	199.223493	0.830517	0.002375	-0.000342	0.000488	0.000743	0.001239
3553	0.829244	0.003766	-0.000051	0.000298	0.000743	0.001185	2612.000000	199.223493	0.829089	0.003929	-0.000108	0.000564	0.002826	0.002068	2613.000000	199.223493	0.828511	0.003599	0.000242	0.000275	0.001929	0.001813
3556	0.830556	0.004039	-0.000101	0.000506	0.000637	0.000907	2615.000000	199.223493	0.832735	0.003293	0.000080	0.000467	0.000887	0.001663	2616.000000	199.223493	0.829900	0.002612	-0.001186	0.000673	0.001813	0.001577
3559	0.831288	0.002854	0.000533	0.000565	0.003511	0.001564	2618.000000	199.223493	0.829456	0.003521	0.000093	0.000592	0.002064	0.001627	2619.000000	199.223493	0.831732	0.003950	0.000521	0.000474	0.003829	0.000718
3562	0.833468	0.004300	-0.000167	0.000256	0.002160	0.001374	2621.000000	199.223493	0.829765	0.002967	-0.000133	0.000390	0.001572	0.001402	2622.000000	199.223493	0.830150	0.002765	0.000574	0.000196	-0.000174	0.001352
3565	0.832832	0.003561	0.000077	0.000393	0.000598	0.001400	2624.000000	199.223493	0.831578	0.004279	0.000379	0.000456	0.001640	0.001707	2625.000000	199.223493	0.832002	0.004527	0.000814	0.000316	0.001591	0.001629
3568	0.831462	0.004185	0.001054	0.000276	0.001601	0.001706	2627.000000	199.223493	0.832793	0.004305	-0.000788	0.000165	0.000656	0.001741	2628.000000	199.223493	0.830247	0.004554	-0.000724	0.000588	-0.000646	0.001514
3571	0.830884	0.004360	-0.000399	0.000636	-0.000116	0.000787	2630.000000	199.223493	0.832562	0.003969	-0.000727	0.000635	0.000820	0.000984	2631.000000	199.223493	0.836574	0.003287	0.000594	0.000362	-0.001022	0.002108
3574	0.833353	0.003853	0.000424	0.000529	-0.002488	0.001400	2633.000000	199.223493	0.834105	0.004353	0.000675	0.000341	-0.001128	0.001545	2634.000000	199.223493	0.834896	0.003529	0.000408	0.000465	-0.001322	0.001317
3577	0.835050	0.004237	-0.000015	0.000303	-0.001032	0.001595	2636.000000	199.223493	0.836150	0.004590	-0.000068	0.000390	-0.002816	0.002156	2637.000000	199.223493	0.835803	0.005687	0.000176	0.000321	-0.000858	0.002221
3580	0.831405	0.004571	-0.000638	0.000447	-0.000058	0.002489	2639.000000	199.223493	0.833526	0.002863	-0.000474	0.000216	-0.000232	0.002228	2640.000000	199.223493	0.832581	0.003712	0.000041	0.000431	-0.000502	0.002963
3583	0.830170	0.002080	-0.001087	0.000702	-0.000366	0.002557	2642.000000	199.223493	0.831694	0.003640	-0.000869	0.000657	-0.000964	0.002613	2643.000000	199.223493	0.829823	0.002711	0.000095	0.000586	0.003202	0.003281
3586	0.828260	0.001852	-0.000212	0.000704	0.001514	0.002630	2645.000000	199.223493	0.830208	0.002748	0.000258	0.000837	0.001823	0.001662	2646.000000	199.223493	0.830883	0.003212	0.000724	0.000304	0.001505	0.001538
3589	0.832793	0.002650	0.000338	0.000541	0.001476	0.001795	2648.000000	199.223493	0.831424	0.001240	0.000493	0.000524	0.001649	0.001704	2649.000000	199.223493	0.830691	0.002285	0.001524	0.000562	0.001360	0.001433
3592	0.829514	0.003884	0.000518	0.000348	0.000820	0.001484	2651.000000	199.223493	0.830073	0.003738	-0.000655	0.000340	0.001784	0.001208	2652.000000	199.223493	0.832311	0.003316	-0.000523	0.000912	0.001630	0.001476
3595	0.832022	0.001735	-0.000455	0.000440	0.000058	0.001389	2654.000000	199.223493	0.830729	0.003122	-0.000074	0.000306	0.000791	0.001775	2655.000000	199.223493	0.830092	0.004085	0.000620	0.000203	-0.001051	0.001758
3598	0.830363	0.004338	-0.000951	0.000707	-0.001061	0.001894	2657.000000	199.223493	0.827874	0.003000	-0.000408	0.000383	-0.000280	0.001314	2658.000000	199.223493	0.828858	0.002806	-0.000584	0.000656	-0.001842	0.001408
3601	0.824614	0.002612	-0.000337	0.000435	-0.002469	0.002019	2660.000000	199.223493	0.827874	0.001868	-0.000678	0.000228	-0.003115	0.001141	2661.000000	199.223493	0.826389	0.003050	-0.000227	0.000482	-0.004504	0.001644
3604	0.828009	0.002555	0.000367	0.000276	-0.005883	0.001131	2663.000000	199.223493	0.826119	0.002741	0.000123	0.000447	-0.005710	0.000625	2664.000000	199.223493	0.828839	0.003724	0.000335	0.000148	-0.006376	0.000665
3607	0.828897	0.002517	0.000976	0.000161	-0.004880	0.001250	2666.000000	199.223493	0.832176	0.002300	-0.000378	0.000656	-0.005257	0.000973	2667.000000	199.223493	0.829514	0.003158	-0.000355	0.000350	-0.003839	0.001119
3610	0.830247	0.003518	-0.001371	0.000705	-0.003366	0.001501	2669.000000	199.223493	0.830478	0.003009	-0.000187	0.000617	-0.003443	0.001762	2670.000000	199.223493	0.827450	0.002103	-0.001529	0.000433	-0.001746	0.002567
3613	0.828009	0.003072	0.000426	0.000469	-0.001070	0.002912	2672.000000	199.223493	0.828357	0.002472	-0.000572	0.000400	-0.001225	0.001459	2673.000000	199.223493	0.829321	0.001996	-0.000656	0.000607	-0.002276	0.002108
3616	0.832330	0.002526	-0.001326	0.000872	-0.003125	0.001599	2675.000000	199.223493	0.830806	0.003425	0.000451	0.000421	-0.003202	0.001433	2676.000000	199.223493	0.831945	0.003266	0.000533	0.000505	-0.003241	0.001136
3619	0.829977	0.002123	-0.000587	0.000439	-0.001958	0.000951	2678.000000	199.223493	0.830498	0.002982	-0.000456	0.000664	-0.001177	0.001027	2679.000000	199.223493	0.831366	0.003224	0.000400	0.000482	-0.003376	0.000868
3622	0.831385	0.002537	0.000056	0.000512	-0.003125	0.000567	2681.000000	199.223493	0.832465	0.002872	0.000445	0.000464	-0.002498	0.000904	2682.000000	199.223493	0.832369	0.002339	-0.000558	0.000367	-0.001775	0.001602
3625	0.832272	0.002118	-0.000295	0.000289	-0.001370	0.001271	2684.000000	199.223493	0.833179	0.001507	-0.000227	0.000048	-0.003270	0.001002	2685.000000	199.223493	0.832735	0.001048	-0.000352	0.000567	-0.002662	0.000575
3628	0.832948	0.002261	-0.001064	0.000289	-0.002074	0.001440	2687.000000	199.223493	0.832581	0.002240	-0.000635	0.000229	-0.000434	0.001476	2688.000000	199.223493	0.831964	0.002737	0.000565	0.000637	-0.001601	0.001883
3631	0.832774	0.003515	0.000401	0.000236	-0.000617	0.002129	2690.000000	199.223493	0.833642	0.002153	0.000229	0.000650	-0.001852	0.002024	2691.000000	199.223493	0.832504	0.002900	-0.000581	0.000709	-0.001061	0.001903
3634	0.831501	0.004291	-0.000132	0.000348	-0.001505	0.001796	2693.000000	199.223493	0.833816	0.003254	0.000110	0.000452	0.000733	0.001738	2694.000000	199.223493	0.832909	0.003637	0.000237	0.000325	-0.000328	0.001253
3637	0.834935	0.003566	0.000650	0.000310	-0.001437	0.001226	2696.000000	199.223493	0.834240	0.002323	0.000385	0.000629	0.000125	0.001002	2697.000000	199.223493	0.834028	0.001913	-0.000540	0.000738	-0.001292	0.001491
3640	0.830652	0.002941	0.000844	0.000833	-0.003366	0.001022	2699.000000	199.223493	0.831115	0.003826	0.000473	0.000405	-0.002797	0.001806	2700.000000	199.223493	0.830748	0.003057	-0.000532	0.000490	-0.002353	0.001958
3643	0.830864	0.003247	0.000208	0.000462	-0.002585	0.001139	2702.000000	199.223493	0.832986	0.003874	0.000135	0.000564	-0.003781	0.001976	2703.000000	199.223493	0.830517	0.003450	0.000225	0.000448	-0.005604	0.001780
3646	0.830440	0.002787	0.000725	0.000519	-0.005218	0.002451	2705.000000	199.223493	0.832967	0.002552	0.000163	0.000234	-0.004514	0.002928	2706.000000	199.223493	0.829977	0.002344	0.000206	0.000467	-0.003559	0.001588
3649	0.831289	0.002072	0.001363	0.000702	-0.002045	0.001711	2708.000000	199.223493	0.831057	0.002240	0.000494	0.000394	-0.001929	0.002180	2709.000000	199.223493	0.831578	0.002623	-0.000016	0.000523	-0.002286	0.002453
3652	0.830015	0.003421	0.001121	0.000520	-0.003308	0.002733	2711.000000	199.223493	0.827604	0.001651	-0.000198	0.000598	0.001562	0.002291	2712.000000	199.223493	0.827720	0.000719	-0.000451	0.000706	0.000762	0.002702
3655	0.826775	0.001222	0.000196	0.000759	-0.000463	0.002125	2714.000000	199.223493	0.827971	0.002449	-0.000079	0.000522	0.000501	0.002775	2715.000000	199.223493	0.829900	0.002620	0.001561	0.000240	-0.000887	0.003005
3658	0.828858	0.002415	0.001160	0.000782	0.001775	0.003365	2717.000000	199.223493	0.829572	0.002270	0.001864	0.000952	0.000473	0.003217	2718.000000	199.223493	0.832890	0.003484	0.000781	0.000855	0.001929	0.003111
3661	0.829495	0.003877	-0.000703	0.000468	-0.000270	0.002899	2720.000000	199.223493	0.829186	0.003913	0.000366	0.000182	-0.001842	0.003415	2721.000000	199.223493	0.831385	0.002272	-0.000149	0.000282	-0.000154	0.002543
3664	0.828954	0.002549	-0.000511	0.000396	-0.001823	0.002330	2723.000000	199.223493	0.828839	0.001641	0.000559	0.000466	0.000733	0.001960	2724.000000	199.223493	0.825289	0.002884	-0.000443	0.000436	-0.001437	0.001482
3667	0.827161	0.002946	0.000526	0.000633	-0.000617	0.002294	2726.000000	199.223493	0.829070	0.003243	0.000742	0.000454	-0.002151	0.002486	2727.000000	199.223493	0.831366	0.002287	0.000050	0.000843	-0.002267	0.002609
3670	0.832195	0.003583	-0.000116	0.000591	-0.001350	0.002001	2729.000000	199.223493	0.829552	0.003296	0.000290	0.000448	-0.000627	0.002181	2730.000000	199.223493	0.828627	0.002884	0.000347	0.000493	-0.002807	0.001664
3673	0.829726	0.003225	0.000766	0.000568	-0.000752	0.000889	2732.000000	199.223493	0.827701	0.003170	-0.000563	0.000459	-0.000425	0.001126	2733.000000	199.223493	0.827913	0.002340	-0.000007	0.000764	0.001283	0.001428
3676	0.827392	0.003514	0.000016	0.000503	0.000887	0.001670	2735.000000	199.223493	0.827739	0.001672	-0.001238	0.000570	-0.000781	0.001250	2736.000000	199.223493	0.828086	0.001776	-0.000228	0.000814	0.001929	0.001427
3679	0.829437	0.002227	-0.000297	0.000604	0.000280	0.001783	2738.000000	199.223493	0.827122	0.001717	-0.000266	0.000577	0.001466	0.002095	2739.000000	199.223493	0.828376	0.002665	0.000739	0.000180	0.001418	0.001595
3682	0.830112	0.001639	0.000833	0.000647	0.000174	0.001770	2741.000000	199.223493	0.830691	0.002147	0.000401	0.000230	0.001485	0.001522	2742.000000	199.223493	0.828395	0.002255	-0.000114	0.000344	0.002161	0.001790
3685	0.828916	0.002324	-0.000027	0.000643	0.003067	0.001471	2744.000000	199.223493	0.826794	0.001532	-0.000717	0.000208	0.001958	0.001371	2745.000000	199.223493	0.826582	0.002654	0.000012	0.000633	0.001051	0.001250
3688	0.826755	0.001982	-0.000426	0.000488	-0.000444	0.001786	2747.000000	199.223493	0.827662	0.003592	-0.000562	0.000462	-0.001292	0.001430	2748.000000	199.223493	0.828530	0.002554	0.000323	0.000281	-0.000376	0.001754
3691	0.829475	0.001677	0.000656	0.000369	-0.000338	0.002108	2750.000000	199.223493	0.828858	0.001058	0.000752	0.000542	0.002141	0.000927	2751.000000	199.223493	0.828819	0.002353	0.000608	0.000341	0.002189	0.000910
3694	0.828357	0.002587	0.000825	0.000314	0.001842	0.000367	2753.000000	199.223493	0.827469	0.002582	0.000716	0.000530	0.000637	0.001449	2754.000000	199.223493	0.825695	0.001231	0.000811	0.000680	0.000164	0.001341
3697	0.825270	0.002693	0.000474	0.000719	0.000183	0.002398	2756.000000	199.223493	0.825328	0.002763	0.000413	0.000377	0.001128	0.001992	2757.000000	199.223493	0.822473	0.002695	0.000532	0.000343	0.000521	0.002709
3700	0.826042	0.002202	-0.000394	0.000142	0.000733	0.002231	2759.000000	199.223493	0.823958	0.001932	0.000284	0.000598	0.001890	0.001551	2760.000000	199.223493	0.826948	0.002594	0.000082	0.000356	0.000588	0.000903
3703	0.825386	0.002505	0.000201	0.000465	-0.001331	0.001348	2762.000000	199.223493	0.827103	0.002358	-0.000362	0.000256	-0.000859	0.001241	2763.000000	199.223493	0.830363	0.002344	-0.000898	0.000486	-0.001225	0.001616
3706	0.831134	0.004020	-0.000503	0.000386	-0.001447	0.001840	2765.000000	199.223493	0.831250	0.003987	-0.000031	0.000514	-0.000810	0.000800	2766.000000	199.223493	0.828646	0.003859	-0.000995	0.000180	0.000723	0.001380
3709	0.830632	0.003383	-0.000302	0.000571	0.000627	0.001336	2768.000000	199.223493	0.830941	0.003445	-0.000532	0.000538	0.002681	0.000685	2769.000000	199.223493	0.829668	0.003315	-0.000285	0.000209	0.001273	0.000818
3712	0.829128	0.002767	0.000411	0.000327	0.001080	0.000756	2771.000000	199.223493	0.830903	0.003868	0.000451	0.000498	0.001360	0.001365	2772.000000	199.223493	0.831366	0.004735	0.000711	0.000592	0.000366	0.001016
3715	0.833507	0.003324	0.000779	0.000448	0.000675	0.000615	2774.000000	199.223493	0.833179	0.002915	-0.000070	0.000580	-0.000685	0.001089	2775.000000	199.223493	0.831289	0.003918	0.000055	0.000391	-0.001283	0.001341
3718	0.833063	0.003526	-0.000957	0.000830	-0.003887	0.001015	2777.000000	199.223493	0.833796	0.002923	-0.001052	0.000927	-0.002103	0.001393	2778.000000	199.223493	0.832889	0.004003	-0.000201	0.000612	-0.000222	0.001157
3721	0.833623	0.003323	-0.000494	0.000609	-0.000434	0.001504	2780.000000	199.223493	0.833468	0.003741	0.000387	0.000954	0.000125	0.001319	2781.000000	199.223493	0.835610	0.003153	-0.001197	0.000720	-0.000483	0.002172
3724	0.835166	0.003362	0.000133	0.000600	-0.000125	0.002071	2783.000000	199.223493	0.836535	0.002254	-0.000529	0.000713	-0.000386	0.002698	2784.000000	199.223493	0.835571	0.003179	0.000582	0.000605	-0.000550	0.003047
3727	0.834414	0.002651	0.000418	0.000436	-0.000357	0.002622	2786.000000	199.223493	0.831269	0.002250	0.000633	0.000721	-0.000916	0.002067	2787.000000	199.223493	0.833044	0.002190	0.000546	0.000388	-0.000762	0.001686
3730	0.834510	0.001452	0.000040	0.000608	-0.000887	0.001533	2789.000000	199.223493	0.834375	0.002469	0.000126	0.000550	-0.002257	0.002604	2790.000000	199.223493	0.834356	0.002490	0.000514	0.000409	-0.000444	0.003017
3733	0.832427	0.003429	-0.000123	0.000588	-0.000154	0.002400	2792.000000	199.223493	0.833179	0.002275	0.000258	0.000335	-0.003848	0.001884	2793.000000	199.223493	0.832812	0.003113	0.000305	0.000441	-0.003704	0.002179
3736	0.831289	0.003738	0.000071	0.000776	-0.003376	0.002188	2795.000000	199.223493	0.831925	0.003138	0.000088	0.001210	-0.004070	0.002160	2796.000000	199.223493	0.833507	0.002709	0.000166	0.000541	-0.002537	0.002439
3739	0.830903	0.003736	-0.000286	0.000751	-0.002055	0.002168	2798.000000	199.223493	0.833333	0.005290	-0.000811	0.000962	-0.001428	0.002846	2799.000000	199.223493	0.829823	0.003958	-0.001351	0.000665	-0.002623	0.002275
3742	0.830189	0.004257	-0.000735	0.000712	-0.003684	0.001966	2801.000000	199.223493	0.831153	0.003612	-0.000830	0.000867	0.000106	0.001494	2802.000000	199.223493	0.832330	0.003404	0.000758	0.000405	0.000135	0.001764
3745	0.832523	0.002782	0.001282	0.000641	0.001630	0.001270	2804.000000	199.223493	0.834684	0.002519	0.000494	0.000736	0.001572	0.001148	2805.000000	199.223493	0.833854	0.001867	-0.000062	0.000468	-0.000174	0.001639
3748	0.831424	0.001955	0.000212	0.000338	0.000473	0.001760	2807.000000	199.223493	0.831038	0.002250	0.001115	0.000466	0.000106	0.002604	2808.000000	199.223493	0.833198	0.002111	0.001251	0.000492	-0.001273	0.002284
3751	0.833777	0.002178	0.000848	0.000371	-0.001157	0.002298	2810.000000	199.223493	0.831578	0.001526	0.000755	0.000402	-0.001389	0.002618	2811.000000	199.223493	0.831887	0.001479	0.000944	0.000131	-0.001109	0.003028
3754	0.831018	0.000860	0.000724	0.000329	-0.000531	0.002979	2813.000000	199.223493	0.830343	0.001422	0.000990	0.000353	0.001206	0.003614	2814.000000	199.223493	0.829225	0.002714	0.000018	0.000415	0.001225	0.003509
3757	0.828858	0.002741	0.000311	0.000502	0.000357	0.003154	2816.000000	199.223493	0.829340	0.003541	-0.000094	0.000419	0.000222	0.003244	2817.000000	199.223493	0.833083	0.004900	0.000428	0.000618	-0.000251	0.002797
3760	0.833333	0.004608	0.001730	0.000760	-0.001698	0.002039	2819.000000	199.223493	0.833989	0.005151	0.000732	0.000626	-0.001813	0.002183	2820.000000	199.223493	0.834009	0.002102	0.000549	0.000168	-0.000222	0.001859
3763	0.831925	0.002527	-0.000415	0.000302	-0.000202	0.001844	2822.000000	199.223493	0.834105	0.002026	0.000121	0.000383	-0.000463	0.002477	2823.000000	199.223493	0.833700	0.001496	-0.000018	0.000347	-0.000569	0.002065
3766	0.832735	0.000803	0.000162	0.000606	-0.001100	0.001458	2825.000000	199.223493	0.831964	0.002198	-0.000513	0.000969	-0.000260	0.002158	2826.000000	199.223493	0.831771	0.001963	0.000007	0.000628	-0.001206	0.001374
3769	0.831269	0.002556	0.000103	0.000744	0.001476	0.002317	2828.000000	199.223493	0.830035	0.001109	0.000278	0.000304	0.001042	0.001734	2829.000000	199.223493	0.828549	0.001846	0.000550	0.000040	0.002276	0.001886
3772	0.830170	0.003886	0.000450	0.000898	0.002141	0.001311	2831.000000	199.223493	0.830999	0.002939	0.001327	0.000595	0.001485	0.001758	2832.000000	199.223493	0.832099	0.002986	0.000420	0.000194	0.000772	0.001886
3775	0.833854	0.002553	-0.000248	0.000602	0.000694	0.002447	2834.000000	199.223493	0.835957	0.002553	0.000080	0.000335	0.000164	0.002946	2835.000000	199.223493	0.835764	0.003040	0.000047	0.000403	-0.000714	0.003175
3778	0.833604	0.002531	0.000932	0.000422	-0.001611	0.002280	2837.000000	199.223493	0.833912	0.002865	0.000399	0.000182	0.000984	0.002262	2838.000000	199.223493	0.831231	0.002609	0.000385	0.000300	0.000453	0.002353
3781	0.829572	0.003084	-0.000146	0.000350	-0.000492	0.002563	2840.000000	199.223493	0.832234	0.002256	-0.000963	0.000533	0.000974	0.001595	2841.000000	199.223493	0.833565	0.001095	0.000275	0.000583	0.002324	0.001492
3784	0.832832	0.001083	-0.000667	0.000250	0.001775	0.002721	2843.000000	199.223493	0.830594	0.000892	0.000206	0.000407	0.002190	0.002299	2844.000000	199.223493	0.828781	0.000714	0.000494	0.000301	0.003395	0.001979
3787	0.829051	0.001560	0.000350	0.000539	0.001321	0.002380	2846.000000	199.223493	0.830421	0.002114	-0.000012	0.000213	0.001321	0.003687	2847.000000	199.223493	0.828974	0.001367	-0.000305	0.000506	0.002122	0.003782
3790	0.827141	0.002146	-0.000391	0.000505	0.001611	0.002375	2849.000000	199.223493	0.830401	0.002402	-0.000109	0.000643	0.004167	0.002956	2850.000000	199.223493	0.829572	0.003085	0.000699	0.000571	0.003935	0.002536
3793	0.829572	0.001572	0.000262	0.000402	0.001321	0.001953	2852.000000	199.223493	0.830864	0.001177	0.000412	0.000537	0.001948	0.002028	2853.000000	199.223493	0.829938	0.000840	0.000785	0.000263	0.000309	0.001741
3796	0.830806	0.001326	0.000736	0.000406	-0.000067	0.002265	2855.000000	199.223493	0.827218	0.001517	-0.000301	0.000497	-0.000637	0.002114	2856.000000	199.223493	0.827508	0.001658	0.000614	0.000197	0.000193	0.001803
3799	0.829746	0.002232	0.000329	0.000289	-0.000926	0.001513	2858.000000	199.223493	0.829880	0.002790	0.000165	0.000634	-0.000453	0.000799	2859.000000	199.223493	0.828646	0.003788	-0.000452	0.000508	0.001620	0.001684
3802	0.827971	0.002862	-0.000848	0.000636	-0.000386	0.001103	2861.000000	199.223493	0.825579	0.003056	-0.000143	0.000467	-0.000347	0.001912	2862.000000	199.223493	0.825251	0.002388	0.000573	0.000708	-0.000752	0.001178
3805	0.831520	0.002995	0.000311	0.000390	0.000820	0.000801	2864.000000	199.223493	0.828434	0.004614	-0.000123	0.000266	0.002334	0.001033	2865.000000	199.223493	0.826775	0.004730	-0.000559	0.000528	0.003327	0.000931
3808	0.828858	0.004163	-0.000275	0.000337	0.001707	0.001370	2867.000000	199.223493	0.825964	0.002523	-0.000413	0.000493	0.003212	0.001799	2868.000000	199.223493	0.825019	0.002128	-0.000654	0.000308	0.004900	0.001240
3811	0.825868	0.000796	-0.000078	0.000396	0.006819	0.002003	2870.000000	199.223493	0.825174	0.001500	0.000262	0.000408	0.004205	0.002078	2871.000000	199.223493	0.824788	0.001066	-0.000608	0.000345	0.002884	0.002358
3814	0.827045	0.002063	-0.000057	0.000556	0.000878	0.001817	2873.000000	199.223493	0.826813	0.002657	-0.000754	0.000377	0.001003	0.001321	2874.000000	199.223493	0.825193	0.003176	-0.000021	0.000339	-0.000617	0.001023
3817	0.829456	0.002218	-0.000062	0.000567	0.000974	0.000585	2876.000000	199.223493	0.826890	0.002651	0.001334	0.000343	0.001862	0.000907	2877.000000	199.223493	0.829842	0.001589	0.000809	0.000611	0.001254	0.000894
3820	0.832523	0.001677	0.000778	0.000456	0.002585	0.001597	2879.000000	199.223493	0.830131	0.002066	0.000700	0.000540	0.002488	0.000694	2880.000000	199.223493	0.829996	0.003028	0.000565	0.000440	0.001244	0.001622
3823	0.832311	0.003207	0.000749	0.000662	0.000801	0.001390	2882.000000	199.223493	0.833102	0.003022	0.001351	0.000705	0.001746	0.001918	2883.000000	199.223493	0.832099	0.002684	0.001336	0.000771	0.002218	0.001016
3826	0.834819	0.002274	0.000227	0.000208	0.000318	0.001231	2885.000000	199.223493	0.834568	0.001881	0.000267	0.000691	0.002296	0.000374	2886.000000	199.223493	0.832986	0.001543	0.000962	0.000701	0.001466	0.000801
3829	0.832986	0.002203	0.000114	0.000673	0.000164	0.001524	2888.000000	199.223493	0.832292	0.002071	0.000067	0.000883	0.001427	0.000831	2889.000000	199.223493	0.829186	0.002079	0.000152	0.000550	0.002151	0.000714
3832	0.832099	0.002835	0.000626	0.000349	0.000425	0.001360	2891.000000	199.223493	0.830787	0.003205	0.000702	0.000760	0.000135	0.002318	2892.000000	199.223493	0.824865	0.003526	0.000286	0.000431	-0.000048	0.002703
3835	0.826717	0.003706	0.000176	0.000654	-0.000251	0.002621	2894.000000	199.223493	0.825714	0.003796	-0.000136	0.000443	-0.000839	0.001860	2895.000000	199.223493	0.825598	0.002117	0.000514	0.000289	-0.001032	0.002128
3838	0.825559	0.003393	0.000271	0.000228	-0.000463	0.001444	2897.000000	199.223493	0.828607	0.003227	0.000895	0.000325	-0.001524	0.001893	2898.000000	199.223493	0.828877	0.001917	-0.000447	0.000609	-0.001071	0.001343
3841	0.829668	0.001507	-0.000998	0.000280	-0.003192	0.001009	2900.000000	199.223493	0.826620	0.000940	-0.000598	0.000508	-0.003916	0.002203	2901.000000	199.223493	0.828144	0.002062	0.000606	0.000830	-0.004369	0.002585
3844	0.829379	0.001705	-0.000637	0.000411	-0.001842	0.002288	2903.000000	199.223493	0.829687	0.002961	-0.000180	0.000635	-0.002122	0.002821	2904.000000	199.223493	0.829630	0.002674	0.000015	0.000518	-0.004350	0.002131
3847	0.830999	0.003559	-0.000034	0.000266	-0.003617	0.003022	2906.000000	199.223493	0.830787	0.003389	-0.000012	0.000546	-0.000897	0.003108	2907.000000	199.223493	0.831250	0.002508	0.000344	0.000184	-0.001427	0.002981
3850	0.830266	0.002058	-0.000252	0.000626	-0.001456	0.002336	2909.000000	199.223493	0.831269	0.001227	0.000206	0.000213	0.000588	0.002421	2910.000000	199.223493	0.830401	0.001670	-0.000462	0.000532	-0.001379	0.001812
3853	0.833276	0.002574	0.000305	0.000291	0.000781	0.001827	2912.000000	199.223493	0.831115	0.002745	0.000068	0.001138	0.000598	0.001602	2913.000000	199.223493	0.827951	0.001814	-0.000019	0.000659	0.001177	0.001047
3856	0.828607	0.001883	0.000076	0.000656	-0.000511	0.000741	2915.000000	199.223493	0.828183	0.001075	-0.000076	0.000893	-0.002112	0.001038	2916.000000	199.223493	0.829224	0.001836	-0.000624	0.000662	-0.001727	0.001834
3859	0.829726	0.001667	-0.000447	0.000624	0.000810	0.001111	2918.000000	199.223493	0.831752	0.001941	-0.000230	0.000466	0.001061	0.000876	2919.000000	199.223493	0.830825	0.002093	-0.000419	0.000493	0.001669	0.000682
3862	0.829726	0.003313	-0.000525	0.000369	0.001321	0.000633	2921.000000	199.223493	0.829128	0.003679	-0.001036	0.000389	0.001563	0.000707	2922.000000	199.223493	0.830266	0.003339	-0.000322	0.000197	0.000386	0.000949
3865	0.832349	0.003822	0.000291	0.000938	0.001582	0.001082	2924.000000	199.223493	0.829552	0.002773	-0.000084	0.000172	0.002325	0.000406	2925.000000	199.223493	0.827662	0.002231	0.000054	0.000391	0.002402	0.000519
3868	0.827450	0.003325	-0.000326	0.000278	0.003096	0.000933	2927.000000	199.223493	0.826871	0.003503	0.000026	0.000554	0.005488	0.000754	2928.000000	199.223493	0.825154	0.003387	0.000112	0.000346	0.004302	0.000985
3871	0.828839	0.003827	0.000526	0.000236	0.002276	0.001280	2930.000000	199.223493	0.831192	0.003327	0.000855	0.000416	0.001968	0.002011	2931.000000	199.223493	0.831558	0.002524	-0.000897	0.000605	0.002546	0.001722
3874	0.834934	0.001974	0.000717	0.000506	0.004060	0.001665	2933.000000	199.223493	0.832890	0.002674	0.000085	0.000594	0.003414	0.001588	2934.000000	199.223493	0.834915	0.002121	0.000165	0.000584	0.003424	0.000746
3877	0.835204	0.003198	-0.000107	0.000284	0.001919	0.001272	2936.000000	199.223493	0.831732	0.002095	-0.000117	0.000394	0.001900	0.001584	2937.000000	199.223493	0.830498	0.002598	0.000864	0.000371	-0.000289	0.001270
3880	0.832928	0.003516	0.000028	0.000368	0.000434	0.001410	2939.000000	199.223493	0.832832	0.003672	0.000269	0.000436	0.001177	0.001545	2940.000000	199.223493	0.835089	0.003933	0.001343	0.000253	0.001688	0.001650
3883	0.834838	0.003714	0.001324	0.000363	0.001881	0.001677	2942.000000	199.223493	0.835668	0.003787	-0.000636	0.000214	0.000559	0.001716	2943.000000	199.223493	0.834144	0.004172	-0.000599	0.000649	-0.001080	0.001361
3886	0.834877	0.003715	-0.000340	0.000654	0.000617	0.000485	2945.000000	199.223493	0.834954	0.003737	-0.000465	0.000667	0.002537	0.001171	2946.000000	199.223493	0.839178	0.002515	0.001600	0.000770	0.000820	0.001744
3889	0.837346	0.001961	0.000677	0.000461	-0.002122	0.001387	2948.000000	199.223493	0.836555	0.003079	0.000643	0.000343	-0.000906	0.001580	2949.000000	199.223493	0.836632	0.002222	0.000192	0.000557	-0.001707	0.001213
3892	0.837789	0.002129	-0.000393	0.000303	-0.001756	0.001841	2951.000000	199.223493	0.837693	0.003224	-0.000198	0.000355	-0.003009	0.002167	2952.000000	199.223493	0.838330	0.003636	-0.000333	0.000315	-0.002749	0.002029
3895	0.833295	0.003192	-0.000928	0.000535	-0.002402	0.001890	2954.000000	199.223493	0.834375	0.002215	-0.000847	0.000236	-0.001553	0.001854	2955.000000	199.223493	0.834876	0.001974	-0.000101	0.000461	-0.002643	0.002307
3898	0.831887	0.001021	-0.000890	0.000727	-0.000665	0.002472	2957.000000	199.223493	0.832253	0.003345	-0.000552	0.000694	-0.000878	0.002649	2958.000000	199.223493	0.830517	0.002520	0.000401	0.000643	0.001688	0.002651
3901	0.828550	0.001877	-0.000064	0.000776	0.000502	0.002203	2960.000000	199.223493	0.829977	0.002736	0.000964	0.000981	0.002276	0.001872	2961.000000	199.223493	0.830459	0.003228	0.000918	0.000342	0.001235	0.001352
3904	0.832002	0.002767	0.000378	0.000530	0.001119	0.001538	2963.000000	199.223493	0.830536	0.001315	0.000699	0.000517	0.000752	0.000932	2964.000000	199.223493	0.830729	0.002270	0.002207	0.000466	0.000405	0.000695
3907	0.827932	0.003971	0.000459	0.000353	0.001273	0.001751	2966.000000	199.223493	0.829630	0.003706	-0.000272	0.000281	0.002199	0.001316	2967.000000	199.223493	0.830671	0.003031	0.000466	0.000281	0.001726	0.001497
3910	0.830903	0.001444	-0.000141	0.000347	0.000897	0.001653	2969.000000	199.223493	0.828569	0.003038	-0.000249	0.000291	0.001534	0.001452	2970.000000	199.223493	0.828472	0.003750	0.000654	0.000187	-0.000135	0.001762
3913	0.828897	0.004342	-0.000877	0.000751	0.000579	0.002107	2972.000000	199.223493	0.827218	0.002879	-0.000149	0.000403	0.001302	0.001610	2973.000000	199.223493	0.827836	0.002653	-0.000242	0.000652	0.000164	0.002022
3916	0.825154	0.002728	0.000307	0.000216	0.000473	0.001685	2975.000000	199.223493	0.828800	0.001727	-0.000337	0.000480	-0.001003	0.001895	2976.000000	199.223493	0.829128	0.002959	-0.000137	0.000527	-0.001379	0.001716
3919	0.830421	0.002077	0.000577	0.000317	-0.003762	0.000976	2978.000000	199.223493	0.828144	0.002944	0.000481	0.000569	-0.004620	0.000848	2979.000000	199.223493	0.829861	0.003691	0.000381	0.000189	-0.005874	0.000856
3922	0.830671	0.002608	0.001208	0.000063	-0.005980	0.000850	2981.000000	199.223493	0.833198	0.002187	-0.000203	0.000675	-0.005845	0.000462	2982.000000	199.223493	0.830266	0.003245	-0.000194	0.000411	-0.003771	0.001151
3925	0.831481	0.003467	-0.001423	0.000681	-0.003279	0.001471	2984.000000	199.223493	0.831752	0.002900	-0.000172	0.000625	-0.003791	0.001773	2985.000000	199.223493	0.829649	0.001859	-0.001331	0.000516	-0.002942	0.002613
3928	0.829302	0.002755	0.000199	0.000454	-0.001852	0.002966	2987.000000	199.223493	0.829919	0.001636	-0.000612	0.000400	-0.002151	0.001819	2988.000000	199.223493	0.829263	0.002005	-0.000355	0.000688	-0.001765	0.001850
3931	0.831559	0.002679	-0.000090	0.001156	-0.002402	0.001504	2990.000000	199.223493	0.832195	0.003248	0.000468	0.000431	-0.003414	0.001513	2991.000000	199.223493	0.831578	0.003344	0.000897	0.000613	-0.003723	0.001386
3934	0.829437	0.002295	-0.000318	0.000446	-0.002980	0.001689	2993.000000	199.223493	0.830961	0.002937	0.000539	0.000933	-0.001399	0.001110	2994.000000	199.223493	0.832562	0.003196	0.000546	0.000407	-0.003530	0.000922
3937	0.830691	0.002731	0.000683	0.000365	-0.002893	0.000635	2996.000000	199.223493	0.832427	0.002890	0.000616	0.000375	-0.003549	0.001217	2997.000000	199.223493	0.832890	0.002141	-0.000072	0.000312	-0.002353	0.001614
3940	0.832292	0.002103	-0.000321	0.000282	-0.002209	0.001512	2999.000000	199.223493	0.832484	0.002087	0.000072	0.000261	-0.003463	0.001125	3000.000000	199.223493	0.831925	0.001675	-0.000261	0.000520	-0.002951	0.000664
3943	0.832620	0.002122	-0.000983	0.000263	-0.002228	0.001494	3002.000000	199.223493	0.831115	0.001266	-0.000352	0.000356	-0.001157	0.001732	3003.000000	199.223493	0.830903	0.002148	-0.000151	0.000323	-0.002758	0.001992
3946	0.830305	0.001483	-0.000048	0.000450	-0.002305	0.002249	3005.000000	199.223493	0.831597	0.001298	0.000020	0.000596	-0.003221	0.002007	3006.000000	199.223493	0.830401	0.001602	-0.000322	0.000740	-0.002295	0.001635
3949	0.829610	0.003669	0.000201	0.000079	-0.002768	0.001749	3008.000000	199.223493	0.831520	0.002269	0.000606	0.000374	0.000135	0.001614	3009.000000	199.223493	0.831520	0.003316	0.000625	0.000119	-0.000540	0.001198
3952	0.833314	0.003227	0.000501	0.000363	-0.002430	0.000895	3011.000000	199.223493	0.832137	0.002084	0.000426	0.000621	-0.000723	0.000642	3012.000000	199.223493	0.832523	0.002022	-0.000321	0.000711	-0.002575	0.001010
3955	0.828916	0.002320	-0.000029	0.000544	-0.003472	0.000952	3014.000000	199.223493	0.829070	0.003164	0.000019	0.000445	-0.003212	0.001547	3015.000000	199.223493	0.829282	0.002720	-0.000393	0.000419	-0.002537	0.001838
3958	0.830266	0.002999	0.000288	0.000408	-0.001881	0.001730	3017.000000	199.223493	0.831462	0.003237	0.000507	0.000341	-0.003125	0.002444	3018.000000	199.223493	0.828472	0.002866	0.000115	0.000475	-0.004687	0.002496
3961	0.829591	0.002525	0.000068	0.000713	-0.004340	0.002957	3020.000000	199.223493	0.831616	0.002364	-0.000618	0.000667	-0.004302	0.003060	3021.000000	199.223493	0.831134	0.002516	0.000128	0.000442	-0.003357	0.001757
3964	0.831944	0.002297	0.000977	0.000635	-0.001370	0.002136	3023.000000	199.223493	0.831057	0.002240	0.000416	0.000350	-0.000434	0.003261	3024.000000	199.223493	0.830749	0.002380	-0.000060	0.000534	-0.001022	0.003205
3967	0.830208	0.003482	0.000678	0.000671	-0.002595	0.003150	3026.000000	199.223493	0.828260	0.001900	-0.000871	0.000480	0.001784	0.002429	3027.000000	199.223493	0.828202	0.001057	-0.000293	0.000689	0.001379	0.003057
3970	0.825771	0.000634	0.000572	0.000745	0.000926	0.002913	3029.000000	199.223493	0.825617	0.001982	-0.000590	0.000484	0.000183	0.002630	3030.000000	199.223493	0.829205	0.002684	0.001203	0.000463	-0.001186	0.002867
3973	0.828183	0.002440	0.000955	0.000795	0.000945	0.003170	3032.000000	199.223493	0.827835	0.003293	0.001669	0.000996	0.000231	0.003180	3033.000000	199.223493	0.831404	0.004414	0.000415	0.000945	0.000849	0.002909
3976	0.828550	0.004135	-0.000904	0.000471	-0.001186	0.002731	3035.000000	199.223493	0.827893	0.004635	0.000363	0.000182	-0.003058	0.002920	3036.000000	199.223493	0.829379	0.003465	-0.000230	0.000270	-0.001244	0.002148
3979	0.828202	0.003000	-0.000493	0.000392	-0.001939	0.002317	3038.000000	199.223493	0.826698	0.002101	0.000763	0.000421	0.000395	0.001976	3039.000000	199.223493	0.825752	0.002951	-0.000344	0.000500	-0.001678	0.001490
3982	0.826775	0.002996	0.000754	0.000521	-0.001948	0.001951	3041.000000	199.223493	0.829688	0.003104	0.000634	0.000498	-0.003415	0.002450	3042.000000	199.223493	0.829263	0.002969	0.000309	0.000766	-0.003665	0.002181
3985	0.828955	0.004625	-0.000695	0.000512	-0.002363	0.001911	3044.000000	199.223493	0.827469	0.004197	0.000138	0.000427	-0.002460	0.002330	3045.000000	199.223493	0.827624	0.003190	0.000823	0.000319	-0.001775	0.001717
3988	0.828221	0.003295	0.000847	0.000546	-0.000000	0.001157	3047.000000	199.223493	0.824460	0.003263	0.000301	0.000472	-0.000039	0.000934	3048.000000	199.223493	0.824479	0.002732	0.000311	0.000693	0.001013	0.001510
3991	0.824788	0.003237	0.000633	0.000273	0.001504	0.001462	3050.000000	199.223493	0.825868	0.002159	-0.000836	0.000511	-0.000010	0.001007	3051.000000	199.223493	0.827508	0.001767	0.000315	0.000464	0.001939	0.001426
3994	0.827836	0.002790	0.000217	0.000456	-0.000743	0.001993	3053.000000	199.223493	0.825193	0.002519	0.000388	0.000495	-0.000743	0.002175	3054.000000	199.223493	0.825521	0.002936	0.000729	0.000179	-0.000830	0.002106
3997	0.826775	0.003454	0.000521	0.000747	-0.001428	0.001855	3056.000000	199.223493	0.826794	0.003839	0.000277	0.000274	-0.000714	0.002185	3057.000000	199.223493	0.825443	0.002280	-0.000241	0.000280	0.001418	0.002070
4000	0.826852	0.002012	0.000017	0.000658	0.001370	0.002246	3059.000000	199.223493	0.826273	0.001282	-0.000523	0.000171	0.000955	0.002032	3060.000000	199.223493	0.825598	0.002346	0.000144	0.000686	-0.000473	0.002176
4003	0.827238	0.001921	0.000317	0.000668	-0.000058	0.001597	3062.000000	199.223493	0.828241	0.003601	0.000005	0.000685	-0.000984	0.001367	3063.000000	199.223493	0.829321	0.002626	0.000470	0.000241	-0.000164	0.001687
4006	0.830691	0.001594	-0.000378	0.000616	-0.000183	0.002054	3065.000000	199.223493	0.829668	0.000936	0.000501	0.000476	0.001312	0.001008	3066.000000	199.223493	0.828742	0.002351	0.000612	0.000339	0.001235	0.001119
4009	0.827874	0.002582	0.000854	0.000306	0.001071	0.000576	3068.000000	199.223493	0.826524	0.002442	0.000998	0.000413	-0.001148	0.000747	3069.000000	199.223493	0.827006	0.001498	0.000657	0.000696	-0.002730	0.001430
4012	0.825444	0.002717	0.000855	0.000618	-0.003665	0.001489	3071.000000	199.223493	0.827141	0.002783	0.000043	0.000635	-0.002267	0.001509	3072.000000	199.223493	0.825096	0.002520	0.000473	0.000356	-0.003038	0.000991
4015	0.827836	0.001913	-0.000688	0.000345	-0.002469	0.001564	3074.000000	199.223493	0.826273	0.001867	-0.000155	0.000706	-0.001466	0.001862	3075.000000	199.223493	0.827913	0.002559	0.000024	0.000361	-0.001601	0.001256
4018	0.828472	0.002442	0.000648	0.000425	-0.003598	0.001619	3077.000000	199.223493	0.829668	0.002416	0.000097	0.000443	-0.001842	0.001095	3078.000000	199.223493	0.832176	0.001925	-0.000436	0.000619	-0.002035	0.001711
4021	0.833603	0.003404	-0.000089	0.000477	-0.001128	0.001815	3080.000000	199.223493	0.834124	0.002797	0.000622	0.000581	-0.000926	0.000848	3081.000000	199.223493	0.832137	0.003038	-0.000599	0.000336	-0.000849	0.001900
4024	0.834741	0.001283	0.000275	0.000801	-0.000193	0.001529	3083.000000	199.223493	0.835397	0.000854	-0.000534	0.000537	0.002585	0.000717	3084.000000	199.223493	0.833083	0.002330	-0.000164	0.000175	0.001109	0.000915
4027	0.831462	0.002306	0.000668	0.000229	0.000723	0.000532	3086.000000	199.223493	0.834722	0.002333	0.000480	0.000495	0.001418	0.001370	3087.000000	199.223493	0.834201	0.003455	0.000522	0.000553	0.000887	0.001163
4030	0.835417	0.002218	0.001034	0.000248	0.000598	0.000574	3089.000000	199.223493	0.834568	0.001866	-0.000323	0.000698	-0.000781	0.001097	3090.000000	199.223493	0.834568	0.001933	0.000019	0.000395	-0.002122	0.001255
4033	0.835301	0.002082	-0.001597	0.000618	-0.004765	0.001070	3092.000000	199.223493	0.833912	0.002850	-0.001521	0.000693	-0.002672	0.001337	3093.000000	199.223493	0.835918	0.002038	-0.001048	0.000330	-0.001379	0.001253
4036	0.835725	0.002219	-0.000467	0.000599	-0.000974	0.001390	3095.000000	199.223493	0.834954	0.002938	0.000275	0.000978	-0.000473	0.001334	3096.000000	199.223493	0.837442	0.002363	-0.001234	0.000705	-0.000463	0.002169
4039	0.838870	0.002697	-0.000312	0.000892	-0.000164	0.002083	3098.000000	199.223493	0.838599	0.001449	-0.001520	0.000628	0.000202	0.002630	3099.000000	199.223493	0.836844	0.002803	0.000870	0.000701	-0.000193	0.003053
4042	0.835494	0.002169	0.001117	0.000619	0.000550	0.002661	3101.000000	199.223493	0.832137	0.002058	0.001161	0.000768	-0.000260	0.002089	3102.000000	199.223493	0.833873	0.001789	0.000678	0.000392	-0.001196	0.001638
4045	0.833932	0.001600	-0.000080	0.000576	-0.001437	0.001503	3104.000000	199.223493	0.833642	0.002704	-0.000156	0.000634	-0.001765	0.002652	3105.000000	199.223493	0.833333	0.002604	0.000295	0.000381	-0.000280	0.003000
4048	0.829668	0.003548	-0.000508	0.000313	0.000444	0.002344	3107.000000	199.223493	0.832408	0.002387	0.000469	0.000298	-0.003115	0.001952	3108.000000	199.223493	0.833410	0.002952	0.000825	0.000333	-0.002382	0.002399
4051	0.834066	0.003498	0.000840	0.000856	-0.002344	0.002104	3110.000000	199.223493	0.834414	0.003032	0.000213	0.001216	-0.003221	0.002069	3111.000000	199.223493	0.836497	0.002560	0.000107	0.000511	-0.001186	0.002442
4054	0.833044	0.004121	-0.000374	0.000744	0.000067	0.002135	3113.000000	199.223493	0.834414	0.005377	-0.001111	0.000945	0.000675	0.002211	3114.000000	199.223493	0.831944	0.004280	-0.000880	0.000865	0.000453	0.001777
4057	0.830594	0.004444	-0.000110	0.000883	-0.000733	0.001978	3116.000000	199.223493	0.831751	0.003898	-0.000074	0.000489	0.002575	0.001497	3117.000000	199.223493	0.832369	0.003421	0.000828	0.000395	0.002469	0.001645
4060	0.834124	0.003478	0.000262	0.000687	0.002787	0.001123	3119.000000	199.223493	0.836169	0.003098	-0.000921	0.000689	0.001640	0.001134	3120.000000	199.223493	0.833931	0.001902	-0.000329	0.000486	0.001099	0.001319
4063	0.831964	0.002256	-0.000216	0.000377	0.002334	0.001223	3122.000000	199.223493	0.830498	0.001934	0.001078	0.000457	0.003048	0.001074	3123.000000	199.223493	0.834896	0.002326	0.000765	0.000576	0.001871	0.001096
4066	0.835089	0.002416	0.000585	0.000468	0.001427	0.001643	3125.000000	199.223493	0.831559	0.001530	0.000445	0.000350	0.001042	0.001674	3126.000000	199.223493	0.832388	0.001286	0.000815	0.000224	0.001013	0.001972
4069	0.832755	0.001812	0.000229	0.000459	0.001167	0.002026	3128.000000	199.223493	0.832504	0.002275	0.000866	0.000313	0.002701	0.002891	3129.000000	199.223493	0.829244	0.002724	-0.000349	0.000435	0.003424	0.001997
4072	0.827643	0.001961	-0.000591	0.000759	0.003212	0.001827	3131.000000	199.223493	0.829244	0.003497	-0.000116	0.000437	0.002488	0.002164	3132.000000	199.223493	0.832022	0.004339	0.000732	0.000486	0.001427	0.002377
4075	0.831809	0.003546	0.000556	0.000345	0.000395	0.002019	3134.000000	199.223493	0.832446	0.004285	0.000154	0.000459	0.000704	0.002238	3135.000000	199.223493	0.832581	0.001303	0.000780	0.000173	0.002122	0.001208
4078	0.832504	0.002826	-0.000324	0.000298	0.001842	0.001541	3137.000000	199.223493	0.834144	0.002045	-0.000243	0.000381	0.001678	0.001991	3138.000000	199.223493	0.832909	0.001558	-0.000572	0.000286	0.001234	0.001857
4081	0.831906	0.000697	-0.000254	0.000320	0.001321	0.001842	3140.000000	199.223493	0.829900	0.002797	-0.000948	0.000774	0.002170	0.002307	3141.000000	199.223493	0.830942	0.002150	-0.000001	0.000626	0.001456	0.002378
4084	0.832774	0.002019	0.000691	0.000621	0.003183	0.002510	3143.000000	199.223493	0.829919	0.001162	0.000491	0.000297	0.002652	0.002243	3144.000000	199.223493	0.831192	0.002065	0.000014	0.000506	0.003424	0.002237
4087	0.830884	0.003813	0.000574	0.000863	0.003549	0.001504	3146.000000	199.223493	0.832292	0.002844	0.000926	0.000693	0.002334	0.001975	3147.000000	199.223493	0.833816	0.002946	0.000867	0.000494	0.002025	0.001918
4090	0.834240	0.002655	0.000138	0.000511	0.001447	0.002599	3149.000000	199.223493	0.835050	0.002700	0.000346	0.000436	0.000617	0.002956	3150.000000	199.223493	0.835668	0.003032	0.000134	0.000371	-0.001350	0.002999
4093	0.832292	0.002129	0.000731	0.000418	-0.000791	0.002575	3152.000000	199.223493	0.833295	0.002767	0.000219	0.000255	0.001553	0.002415	3153.000000	199.223493	0.830806	0.002551	0.000332	0.000325	0.001437	0.002707
4096	0.832870	0.002423	-0.000450	0.000509	0.000173	0.002860	3155.000000	199.223493	0.834896	0.001365	-0.000732	0.000503	0.002074	0.002290	3156.000000	199.223493	0.834742	0.000719	-0.000265	0.000708	0.003250	0.001899
4099	0.832504	0.001259	-0.000931	0.000359	0.001881	0.002757	3158.000000	199.223493	0.832465	0.001295	-0.000639	0.001036	0.002633	0.002471	3159.000000	199.223493	0.830710	0.002348	0.000157	0.000281	0.003395	0.001979
4102	0.830864	0.003138	-0.000306	0.000297	0.002614	0.002755	3161.000000	199.223493	0.831559	0.002975	-0.000030	0.000207	0.001534	0.003760	3162.000000	199.223493	0.830343	0.002287	-0.000041	0.000573	0.002382	0.003878
4105	0.826775	0.001850	-0.000346	0.000495	0.001813	0.002485	3164.000000	199.223493	0.830459	0.002439	-0.000056	0.000628	0.004958	0.003252	3165.000000	199.223493	0.828665	0.002637	0.001114	0.000357	0.004524	0.002775
4108	0.829186	0.001407	0.000433	0.000314	0.003125	0.002651	3167.000000	199.223493	0.829649	0.001593	0.000440	0.000522	0.002228	0.002164	3168.000000	199.223493	0.828819	0.001163	0.000379	0.000452	0.000762	0.001999
4111	0.828993	0.001043	0.001179	0.000254	0.000193	0.002406	3170.000000	199.223493	0.826813	0.001636	-0.000297	0.000499	-0.001977	0.001733	3171.000000	199.223493	0.826890	0.001689	0.000652	0.000209	-0.000897	0.001896
4114	0.828183	0.001751	-0.000222	0.000312	-0.002228	0.001131	3173.000000	199.223493	0.828106	0.002038	-0.000609	0.000358	-0.000820	0.000641	3174.000000	199.223493	0.827315	0.003119	0.000164	0.000362	0.000608	0.001353
4117	0.826736	0.002150	-0.000172	0.000354	-0.001601	0.001328	3176.000000	199.223493	0.824248	0.002356	0.000077	0.000498	-0.001293	0.002150	3177.000000	199.223493	0.825309	0.002414	0.000926	0.000425	-0.001370	0.001450
4120	0.829880	0.001948	0.000639	0.000206	-0.000531	0.001511	3179.000000	199.223493	0.826775	0.003685	-0.000043	0.000291	0.000627	0.001170	3180.000000	199.223493	0.824711	0.003611	-0.000535	0.000538	0.001832	0.001520
4123	0.826485	0.002552	-0.000048	0.000381	0.001543	0.001438	3182.000000	199.223493	0.825019	0.001917	-0.000767	0.000495	0.003839	0.001547	3183.000000	199.223493	0.825386	0.002425	-0.000753	0.000262	0.005353	0.000990
4126	0.826080	0.000850	-0.000024	0.000383	0.007205	0.001850	3185.000000	199.223493	0.825039	0.001418	0.000066	0.000303	0.005372	0.002002	3186.000000	199.223493	0.826428	0.001084	-0.000717	0.000311	0.003877	0.002310
4129	0.829302	0.001380	0.000321	0.000511	0.001119	0.001892	3188.000000	199.223493	0.829360	0.001888	-0.000569	0.000270	0.000945	0.001291	3189.000000	199.223493	0.828530	0.001641	0.000099	0.000310	0.000444	0.001444
4132	0.830228	0.001720	0.000018	0.000567	0.001601	0.000914	3191.000000	199.223493	0.828819	0.001196	0.001236	0.000389	0.002035	0.000976	3192.000000	199.223493	0.829552	0.001836	0.000597	0.000505	0.001939	0.001149
4135	0.832311	0.001858	0.000663	0.000433	0.004475	0.001617	3194.000000	199.223493	0.830498	0.001852	0.000484	0.000492	0.004157	0.001040	3195.000000	199.223493	0.831057	0.002303	0.000198	0.000625	0.003675	0.001914
4138	0.831867	0.003512	0.000535	0.000660	0.002228	0.001315	3197.000000	199.223493	0.832350	0.003610	0.001199	0.000809	0.003424	0.002083	3198.000000	199.223493	0.832099	0.002684	0.001321	0.000779	0.002382	0.000992
4141	0.833835	0.002830	0.000197	0.000231	0.001504	0.000333	3200.000000	199.223493	0.835571	0.001787	0.000069	0.000707	0.002392	0.000357	3201.000000	199.223493	0.833372	0.001565	0.001439	0.000438	0.002228	0.001035
4144	0.834143	0.002600	0.000482	0.000605	0.001080	0.001818	3203.000000	199.223493	0.833874	0.002123	0.000525	0.000799	0.001244	0.000901	3204.000000	199.223493	0.830691	0.001877	0.000008	0.000567	0.001678	0.000936
4147	0.833700	0.002224	0.000682	0.000321	0.001302	0.001213	3206.000000	199.223493	0.832620	0.002897	0.000612	0.000816	0.000936	0.002210	3207.000000	199.223493	0.827237	0.003256	0.000829	0.000391	0.002296	0.001958
4150	0.827623	0.003534	0.000829	0.000807	0.001862	0.002177	3209.000000	199.223493	0.826485	0.003855	0.000043	0.000558	0.001534	0.001730	3210.000000	199.223493	0.827315	0.001791	0.000151	0.000366	0.000550	0.001785
4153	0.828241	0.002071	0.000256	0.000217	0.001640	0.001441	3212.000000	199.223493	0.830151	0.002558	0.000772	0.000356	0.000251	0.001490	3213.000000	199.223493	0.830401	0.001093	-0.000643	0.000491	0.000810	0.001332
4156	0.831173	0.001212	-0.000731	0.000408	-0.001215	0.001351	3215.000000	199.223493	0.827565	0.000726	-0.000612	0.000506	-0.000752	0.001710	3216.000000	199.223493	0.828588	0.001960	0.000340	0.000935	-0.000868	0.001532
4159	0.830633	0.002099	-0.000872	0.000352	0.000945	0.000871	3218.000000	199.223493	0.832195	0.002941	-0.000837	0.000534	0.000742	0.001123	3219.000000	199.223493	0.830826	0.002129	-0.000582	0.000411	-0.001321	0.001013
4162	0.832581	0.002440	-0.000137	0.000261	-0.000482	0.001739	3221.000000	199.223493	0.831771	0.003058	0.000555	0.000485	0.001080	0.001952	3222.000000	199.223493	0.831385	0.002488	0.000258	0.000206	0.000511	0.002269
4165	0.829745	0.002337	0.000033	0.000568	-0.000048	0.001838	3224.000000	199.223493	0.829630	0.001804	0.000557	0.000266	0.002247	0.001451	3225.000000	199.223493	0.828434	0.001767	-0.000473	0.000527	0.000260	0.001027
4168	0.832427	0.002794	0.000391	0.000349	0.001765	0.001025	3227.000000	199.223493	0.833546	0.001427	-0.000398	0.000967	0.000945	0.001308	3228.000000	199.223493	0.828800	0.001587	-0.000334	0.000492	0.000714	0.001324
4171	0.828935	0.001732	0.000023	0.000661	-0.001524	0.001199	3230.000000	199.223493	0.827257	0.001682	0.000338	0.000738	-0.003308	0.000917	3231.000000	199.223493	0.828781	0.002004	-0.000010	0.000491	-0.001206	0.001657
4174	0.828414	0.001738	-0.000295	0.000586	0.000791	0.001111	3233.000000	199.223493	0.828395	0.003343	-0.000527	0.000241	0.000752	0.000823	3234.000000	199.223493	0.828877	0.002447	-0.000078	0.000460	0.000453	0.001113
4177	0.827816	0.002926	0.000121	0.000426	0.000492	0.000970	3236.000000	199.223493	0.827315	0.003190	-0.000852	0.000528	0.000550	0.001398	3237.000000	199.223493	0.827141	0.002341	-0.000168	0.000248	0.000424	0.000956
4180	0.826967	0.002608	-0.000249	0.000670	0.002257	0.001159	3239.000000	199.223493	0.824171	0.002555	-0.000223	0.000158	0.002450	0.000365	3240.000000	199.223493	0.823708	0.001650	0.000368	0.000491	0.001678	0.000709
4183	0.824074	0.002101	-0.000531	0.000429	0.002730	0.001065	3242.000000	199.223493	0.823187	0.001757	0.000062	0.000526	0.004851	0.001196	3243.000000	199.223493	0.822299	0.001352	-0.000188	0.000369	0.003530	0.001372
4186	0.824807	0.000804	0.000252	0.000447	0.001842	0.001432	3245.000000	199.223493	0.828279	0.001147	0.000893	0.000400	0.002209	0.001969	3246.000000	199.223493	0.829475	0.001392	-0.000020	0.000536	0.003221	0.001822
4189	0.832581	0.001841	0.001324	0.000564	0.005247	0.001733	3248.000000	199.223493	0.829919	0.001371	0.000945	0.000522	0.003723	0.001686	3249.000000	199.223493	0.832002	0.001334	0.000519	0.000477	0.003405	0.000749
4192	0.830073	0.002061	0.000205	0.000120	0.002633	0.001175	3251.000000	199.223493	0.828472	0.001368	0.000059	0.000499	0.002151	0.001660	3252.000000	199.223493	0.827932	0.000771	0.001175	0.000463	0.000058	0.001409
4195	0.829205	0.001740	-0.000257	0.000340	0.000173	0.001295	3254.000000	199.223493	0.830189	0.002016	0.000241	0.000450	0.001543	0.001561	3255.000000	199.223493	0.830305	0.001675	0.000633	0.000583	0.001707	0.001649
4198	0.830903	0.001911	0.001062	0.000464	0.001958	0.001665	3257.000000	199.223493	0.832292	0.001501	-0.000040	0.000438	0.001437	0.001773	3258.000000	199.223493	0.829996	0.002406	0.000195	0.000495	-0.000145	0.001554
4201	0.831308	0.002074	0.000341	0.000571	0.000993	0.000744	3260.000000	199.223493	0.831424	0.002040	0.000577	0.000426	0.001833	0.001216	3261.000000	199.223493	0.835648	0.001619	0.001180	0.000844	-0.000868	0.001687
4204	0.835610	0.001849	0.000297	0.000358	-0.003395	0.001368	3263.000000	199.223493	0.833237	0.001199	0.000414	0.000350	-0.001746	0.001769	3264.000000	199.223493	0.834298	0.001655	-0.000055	0.000510	-0.003646	0.001198
4207	0.835783	0.002415	-0.000825	0.000349	-0.003279	0.001871	3266.000000	199.223493	0.834992	0.003722	-0.000124	0.000336	-0.004668	0.002049	3267.000000	199.223493	0.834819	0.004134	-0.000040	0.000492	-0.004909	0.001574
4210	0.830903	0.003485	-0.000360	0.000712	-0.004244	0.001413	3269.000000	199.223493	0.832813	0.002817	-0.000418	0.000469	-0.002382	0.001784	3270.000000	199.223493	0.834028	0.002153	-0.000105	0.000462	-0.003916	0.002452
4213	0.832928	0.000863	-0.000576	0.000679	-0.001784	0.002518	3272.000000	199.223493	0.834221	0.003264	-0.000500	0.000710	-0.001910	0.002677	3273.000000	199.223493	0.832542	0.002363	0.000872	0.000728	-0.001389	0.002461
4216	0.829437	0.001715	0.000561	0.000768	-0.001109	0.002646	3275.000000	199.223493	0.831462	0.001645	0.001362	0.000913	-0.000530	0.002825	3276.000000	199.223493	0.831732	0.002422	0.001081	0.000301	-0.001630	0.002471
4219	0.833526	0.002109	0.000297	0.000568	-0.001206	0.002079	3278.000000	199.223493	0.831829	0.001105	0.001357	0.000116	-0.000444	0.001332	3279.000000	199.223493	0.832195	0.002121	0.001998	0.000627	0.000309	0.000761
4222	0.829302	0.003899	0.000671	0.000359	0.000955	0.001983	3281.000000	199.223493	0.832311	0.002909	0.000285	0.000306	0.002595	0.001007	3282.000000	199.223493	0.832446	0.002134	0.000624	0.000255	0.001524	0.001677
4225	0.831134	0.001338	-0.000284	0.000268	-0.000723	0.002769	3284.000000	199.223493	0.830999	0.002127	-0.000042	0.000438	0.000637	0.002050	3285.000000	199.223493	0.831559	0.003038	0.000760	0.000258	-0.000791	0.002177
4228	0.832581	0.004096	-0.000681	0.000778	0.000029	0.002376	3287.000000	199.223493	0.831501	0.003025	0.000031	0.000423	-0.000318	0.002346	3288.000000	199.223493	0.831231	0.002537	-0.000164	0.000663	-0.002054	0.002247
4231	0.829630	0.001748	0.000714	0.000433	-0.000936	0.001990	3290.000000	199.223493	0.832253	0.001672	-0.000061	0.000513	-0.001726	0.001979	3291.000000	199.223493	0.833256	0.001701	-0.000094	0.000544	-0.002189	0.001670
4234	0.832330	0.002019	0.000424	0.000349	-0.003993	0.001006	3293.000000	199.223493	0.831771	0.001346	0.000055	0.000686	-0.004581	0.000820	3294.000000	199.223493	0.832735	0.003832	0.000248	0.000254	-0.005758	0.000788
4237	0.834240	0.002922	0.001257	0.000057	-0.006366	0.000969	3296.000000	199.223493	0.835706	0.001836	0.000647	0.000391	-0.006626	0.000962	3297.000000	199.223493	0.834182	0.002188	0.000343	0.000492	-0.004929	0.001321
4240	0.836015	0.002472	-0.001267	0.000728	-0.003231	0.001480	3299.000000	199.223493	0.836246	0.002766	-0.000613	0.000682	-0.002942	0.001832	3300.000000	199.223493	0.834086	0.003241	-0.001031	0.000515	-0.002218	0.002713
4243	0.832543	0.004224	0.001324	0.000848	-0.000125	0.003250	3302.000000	199.223493	0.832562	0.002899	0.000063	0.000690	-0.000048	0.002461	3303.000000	199.223493	0.831385	0.002548	-0.000200	0.000749	-0.000830	0.001752
4246	0.833951	0.003153	-0.000138	0.001151	-0.001813	0.001527	3305.000000	199.223493	0.835860	0.003393	0.000174	0.000452	-0.002537	0.001574	3306.000000	199.223493	0.835127	0.004354	0.001453	0.000612	-0.003318	0.001405
4249	0.832639	0.003032	0.000108	0.000130	-0.003906	0.001566	3308.000000	199.223493	0.834568	0.004127	0.001531	0.001058	-0.001804	0.001092	3309.000000	199.223493	0.835127	0.003688	0.000903	0.000480	-0.004070	0.000566
4252	0.832832	0.003438	0.001205	0.000373	-0.003713	0.000610	3311.000000	199.223493	0.831925	0.002893	0.000498	0.000376	-0.004109	0.000893	3312.000000	199.223493	0.833526	0.002046	0.000083	0.000356	-0.004205	0.000177
4255	0.832870	0.002113	0.000065	0.000315	-0.003327	0.000863	3314.000000	199.223493	0.832793	0.002130	-0.000177	0.000403	-0.002913	0.001393	3315.000000	199.223493	0.832195	0.001669	-0.000670	0.000420	-0.002324	0.001157
4258	0.833681	0.001792	-0.000546	0.000505	-0.001080	0.000982	3317.000000	199.223493	0.831077	0.001266	-0.000208	0.000329	-0.000926	0.001632	3318.000000	199.223493	0.831154	0.002071	0.000063	0.000391	-0.002025	0.001748
4261	0.830073	0.001526	-0.000124	0.000406	-0.002093	0.002240	3320.000000	199.223493	0.831481	0.001348	-0.000164	0.000558	-0.003193	0.002006	3321.000000	199.223493	0.828318	0.001718	0.000147	0.000875	-0.001842	0.001745
4264	0.826852	0.002550	0.000473	0.000271	-0.002276	0.001713	3323.000000	199.223493	0.828800	0.001008	0.000316	0.000612	0.000453	0.001705	3324.000000	199.223493	0.827604	0.001241	0.000313	0.000215	0.000501	0.001259
4267	0.828453	0.001943	0.000825	0.000345	-0.000820	0.001410	3326.000000	199.223493	0.828222	0.001846	0.000520	0.000632	0.000733	0.001321	3327.000000	199.223493	0.828897	0.001350	0.000249	0.000616	-0.001283	0.001010
4270	0.826389	0.002136	0.000188	0.000433	-0.001534	0.001625	3329.000000	199.223493	0.825752	0.002229	0.000346	0.000455	-0.001080	0.001378	3330.000000	199.223493	0.828260	0.002814	-0.000553	0.000503	-0.000212	0.001186
4273	0.827875	0.003290	-0.000220	0.000612	-0.000328	0.001681	3332.000000	199.223493	0.828376	0.003040	0.000385	0.000243	-0.000463	0.001862	3333.000000	199.223493	0.827083	0.003197	0.000014	0.000487	-0.002324	0.002386
4276	0.829089	0.002683	0.000080	0.000720	-0.002402	0.002876	3335.000000	199.223493	0.829591	0.002691	-0.001026	0.000566	-0.002913	0.002980	3336.000000	199.223493	0.828665	0.002877	-0.000016	0.000505	-0.002942	0.001736
4279	0.829977	0.002641	0.000163	0.000203	-0.000993	0.002017	3338.000000	199.223493	0.826640	0.002625	0.000256	0.000319	0.000502	0.002903	3339.000000	199.223493	0.827122	0.002895	-0.000521	0.000172	0.000588	0.002589
4282	0.827990	0.003313	0.000217	0.000356	-0.000675	0.002320	3341.000000	199.223493	0.826949	0.001525	-0.001192	0.000464	0.002498	0.002109	3342.000000	199.223493	0.829224	0.001118	-0.000554	0.000705	0.002730	0.002260
4285	0.826910	0.000893	-0.000096	0.000696	0.001186	0.002800	3344.000000	199.223493	0.827488	0.001885	-0.001101	0.000415	0.002324	0.001429	3345.000000	199.223493	0.829861	0.002439	0.000142	0.000718	0.001013	0.002223
4288	0.829398	0.002474	0.000353	0.000478	0.002894	0.002697	3347.000000	199.223493	0.827835	0.003293	0.000737	0.000614	0.001437	0.002750	3348.000000	199.223493	0.830421	0.004294	-0.000164	0.000546	0.002527	0.002031
4291	0.827296	0.004055	-0.000915	0.000464	0.001514	0.001920	3350.000000	199.223493	0.826350	0.004327	0.000527	0.000228	-0.000482	0.001991	3351.000000	199.223493	0.827257	0.003010	-0.000278	0.000256	0.001186	0.001485
4294	0.827469	0.002702	-0.001281	0.000418	-0.000000	0.001887	3353.000000	199.223493	0.826659	0.002081	0.000475	0.000296	0.002054	0.001038	3354.000000	199.223493	0.824768	0.002702	-0.000493	0.000505	0.000154	0.000874
4297	0.826408	0.002914	0.000760	0.000522	0.000569	0.001860	3356.000000	199.223493	0.827701	0.002944	-0.000029	0.000225	-0.000579	0.002769	3357.000000	199.223493	0.827064	0.002594	-0.000566	0.000594	-0.001013	0.002060
4300	0.824402	0.003185	-0.000942	0.000387	-0.000116	0.001991	3359.000000	199.223493	0.825810	0.003494	0.000272	0.000384	0.000463	0.002427	3360.000000	199.223493	0.826312	0.002899	0.000600	0.000307	0.001485	0.001908
4303	0.827566	0.003058	0.000245	0.000142	0.002093	0.001503	3362.000000	199.223493	0.823977	0.003105	0.000295	0.000472	0.002044	0.001538	3363.000000	199.223493	0.824286	0.002692	-0.000059	0.000448	0.001755	0.001730
4306	0.825270	0.003230	0.000365	0.000371	0.001437	0.001465	3365.000000	199.223493	0.826871	0.002577	-0.000484	0.000605	0.000337	0.001009	3366.000000	199.223493	0.827276	0.001592	0.000114	0.000529	0.001832	0.001455
4309	0.827643	0.002645	0.000219	0.000456	0.000347	0.001932	3368.000000	199.223493	0.825405	0.002670	-0.000065	0.000326	-0.000974	0.002208	3369.000000	199.223493	0.825733	0.003068	0.001237	0.000610	-0.001321	0.002190
4312	0.828202	0.004245	0.000668	0.000685	-0.001871	0.002068	3371.000000	199.223493	0.826813	0.003850	-0.000385	0.000600	-0.001022	0.002254	3372.000000	199.223493	0.826639	0.003195	0.000230	0.000527	0.000945	0.002341
4315	0.828067	0.002846	0.000292	0.000746	0.001177	0.002308	3374.000000	199.223493	0.830845	0.004122	0.000182	0.000678	-0.000231	0.002417	3375.000000	199.223493	0.828665	0.003215	0.000826	0.000394	-0.001833	0.002735
4318	0.829726	0.003024	-0.000329	0.000960	-0.000270	0.001719	3377.000000	199.223493	0.830343	0.004424	0.000548	0.000506	-0.000588	0.001283	3378.000000	199.223493	0.832504	0.004317	0.000230	0.000216	0.000415	0.001645
4321	0.833738	0.003398	-0.000682	0.000558	0.000299	0.002113	3380.000000	199.223493	0.832967	0.003095	0.000535	0.000463	0.000849	0.000763	3381.000000	199.223493	0.833256	0.004066	-0.000054	0.000456	0.000482	0.000703
4324	0.833526	0.004315	0.000286	0.000495	0.001244	0.000634	3383.000000	199.223493	0.831790	0.002710	0.000861	0.000484	-0.001138	0.000754	3384.000000	199.223493	0.830652	0.002885	0.000574	0.000745	-0.002691	0.001447
4327	0.827353	0.004022	0.000368	0.000845	-0.003704	0.001472	3386.000000	199.223493	0.827894	0.003209	0.000292	0.000701	-0.003000	0.001409	3387.000000	199.223493	0.828029	0.004219	0.000990	0.000419	-0.002749	0.001157
4330	0.828877	0.002746	-0.000747	0.000324	-0.003742	0.000875	3389.000000	199.223493	0.828048	0.003084	0.000073	0.000695	-0.001929	0.001675	3390.000000	199.223493	0.828646	0.003073	-0.000603	0.000794	-0.000685	0.001620
4333	0.828684	0.002571	0.000896	0.000282	-0.003704	0.001571	3392.000000	199.223493	0.828800	0.002032	-0.000088	0.000521	-0.000868	0.001479	3393.000000	199.223493	0.832214	0.001956	-0.000732	0.000823	-0.001042	0.002258
4336	0.831848	0.002288	0.000490	0.000614	-0.000231	0.002149	3395.000000	199.223493	0.832851	0.002136	0.000875	0.000486	0.000299	0.001478	3396.000000	199.223493	0.831231	0.002600	-0.000347	0.000449	-0.000492	0.001986
4339	0.835455	0.001651	-0.000190	0.000733	-0.000029	0.001571	3398.000000	199.223493	0.835224	0.000838	-0.000558	0.000530	0.003376	0.000616	3399.000000	199.223493	0.831752	0.002086	0.000106	0.000140	0.000685	0.000904
4342	0.829668	0.002665	0.000494	0.000134	0.000521	0.000526	3401.000000	199.223493	0.832427	0.002718	0.000294	0.000336	0.000877	0.001122	3402.000000	199.223493	0.831269	0.003643	0.000230	0.000426	0.000579	0.001172
4345	0.833854	0.002952	0.000727	0.000281	-0.000174	0.000757	3404.000000	199.223493	0.832755	0.002660	-0.000393	0.000662	-0.000801	0.001086	3405.000000	199.223493	0.832137	0.003341	-0.000041	0.000347	-0.002488	0.000981
4348	0.833025	0.003219	-0.001076	0.000723	-0.004581	0.001201	3407.000000	199.223493	0.833314	0.003081	-0.001243	0.000794	-0.003395	0.000927	3408.000000	199.223493	0.834954	0.002751	-0.000457	0.000731	-0.002421	0.001266
4351	0.835802	0.002162	-0.000298	0.000650	-0.002450	0.001317	3410.000000	199.223493	0.834896	0.002967	0.000316	0.000970	-0.001736	0.001619	3411.000000	199.223493	0.835803	0.003170	-0.001355	0.000687	-0.002363	0.001852
4354	0.838503	0.002848	-0.000124	0.000900	-0.000656	0.001944	3413.000000	199.223493	0.836111	0.003236	-0.001330	0.000621	-0.000598	0.002554	3414.000000	199.223493	0.833777	0.004274	0.000841	0.000699	-0.001620	0.002805
4357	0.834375	0.002641	0.000723	0.000587	-0.001215	0.002250	3416.000000	199.223493	0.831134	0.002503	0.000945	0.000753	-0.000463	0.002057	3417.000000	199.223493	0.833314	0.001957	0.000365	0.000480	-0.001447	0.001602
4360	0.833102	0.001691	-0.000170	0.000554	-0.001437	0.001503	3419.000000	199.223493	0.833430	0.002707	0.000340	0.000807	-0.001080	0.002588	3420.000000	199.223493	0.834896	0.002430	0.000505	0.000560	-0.001756	0.003164
4363	0.832253	0.002959	0.000641	0.000968	-0.001273	0.002589	3422.000000	199.223493	0.833276	0.002163	0.000895	0.000633	-0.002643	0.002019	3423.000000	199.223493	0.834414	0.002626	0.001509	0.000520	-0.001524	0.002608
4366	0.835706	0.002526	0.001502	0.000918	-0.001022	0.002719	3425.000000	199.223493	0.834973	0.002675	0.000483	0.001239	-0.001119	0.002699	3426.000000	199.223493	0.837326	0.002080	0.000072	0.000505	0.000916	0.002473
4369	0.836478	0.002584	-0.000167	0.000804	0.001987	0.002021	3428.000000	199.223493	0.839352	0.002581	-0.000445	0.001114	0.002440	0.002182	3429.000000	199.223493	0.835185	0.002065	-0.000109	0.001012	0.002643	0.001129
4372	0.835050	0.003256	-0.000410	0.000825	0.001013	0.001370	3431.000000	199.223493	0.834529	0.003335	-0.000787	0.000665	0.003472	0.001150	3432.000000	199.223493	0.835860	0.001808	0.000724	0.000421	0.004051	0.000840
4375	0.836632	0.002240	-0.000719	0.000651	0.003993	0.000537	3434.000000	199.223493	0.837847	0.001998	-0.000725	0.000682	0.003029	0.000812	3435.000000	199.223493	0.836034	0.000699	-0.000241	0.000512	0.002845	0.001193
4378	0.834105	0.001193	-0.000373	0.000333	0.003877	0.000958	3437.000000	199.223493	0.833411	0.001212	0.001122	0.000445	0.003443	0.001279	3438.000000	199.223493	0.838175	0.001157	0.000463	0.000599	0.002151	0.001141
4381	0.838677	0.001309	0.000134	0.000520	0.002450	0.001964	3440.000000	199.223493	0.833372	0.000935	0.000472	0.000343	0.001688	0.001868	3441.000000	199.223493	0.833237	0.001069	0.000435	0.000394	0.001283	0.002085
4384	0.834568	0.001663	-0.000266	0.000356	0.002228	0.002295	3443.000000	199.223493	0.835571	0.001717	0.001321	0.000331	0.003453	0.003179	3444.000000	199.223493	0.833102	0.002478	-0.000162	0.000457	0.004861	0.001872
4387	0.830671	0.002234	-0.000082	0.000866	0.003328	0.001804	3446.000000	199.223493	0.832735	0.002280	0.000514	0.000694	0.001794	0.002273	3447.000000	199.223493	0.836285	0.002125	0.001267	0.000397	0.003472	0.002320
4390	0.834433	0.003008	0.000228	0.000334	0.002064	0.002120	3449.000000	199.223493	0.834915	0.002995	-0.000005	0.000391	0.002151	0.002059	3450.000000	199.223493	0.832620	0.001282	0.000635	0.000197	0.003028	0.001122
4393	0.833218	0.002435	-0.000083	0.000156	0.002836	0.001661	3452.000000	199.223493	0.832485	0.002875	0.000205	0.000393	0.003221	0.001693	3453.000000	199.223493	0.830883	0.002048	-0.000199	0.000340	0.003800	0.001344
4396	0.832967	0.000691	-0.000633	0.000458	0.003241	0.001489	3455.000000	199.223493	0.828530	0.001880	-0.000722	0.000701	0.003790	0.002440	3456.000000	199.223493	0.829881	0.001249	-0.000300	0.000553	0.002344	0.002197
4399	0.831597	0.001193	0.000607	0.000593	0.004784	0.001983	3458.000000	199.223493	0.831134	0.001459	0.000484	0.000293	0.003926	0.001826	3459.000000	199.223493	0.831076	0.002092	-0.000232	0.000505	0.004157	0.002210
4402	0.830729	0.003812	0.001114	0.000855	0.003713	0.001446	3461.000000	199.223493	0.832022	0.002880	0.000551	0.000871	0.002286	0.002009	3462.000000	199.223493	0.833603	0.002955	0.000491	0.000677	0.000656	0.002681
4405	0.834452	0.002614	0.000030	0.000552	0.000714	0.002896	3464.000000	199.223493	0.832890	0.002724	0.000251	0.000452	-0.000656	0.003434	3465.000000	199.223493	0.832774	0.003592	-0.000145	0.000442	-0.001186	0.002948
4408	0.829186	0.003218	0.000484	0.000517	-0.000588	0.002459	3467.000000	199.223493	0.830845	0.003171	0.000168	0.000262	0.001119	0.002570	3468.000000	199.223493	0.830054	0.002449	0.000394	0.000321	0.000193	0.003132
4411	0.830189	0.002264	-0.000495	0.000512	-0.000666	0.003288	3470.000000	199.223493	0.832774	0.001809	-0.000136	0.000171	0.001235	0.002825	3471.000000	199.223493	0.832716	0.002359	0.000374	0.000593	0.000916	0.003603
4414	0.831038	0.002164	-0.000596	0.000374	0.001697	0.002842	3473.000000	199.223493	0.831308	0.002129	-0.000738	0.001036	0.002816	0.002366	3474.000000	199.223493	0.829224	0.002910	-0.000466	0.000396	0.003405	0.001974
4417	0.829591	0.003610	-0.000512	0.000372	0.002440	0.002840	3476.000000	199.223493	0.830903	0.003137	0.000014	0.000182	0.002498	0.003262	3477.000000	199.223493	0.831520	0.001948	0.000051	0.000535	0.003260	0.003450
4420	0.826794	0.001848	-0.000819	0.000442	0.001755	0.002527	3479.000000	199.223493	0.828877	0.002376	-0.000876	0.000178	0.005044	0.003188	3480.000000	199.223493	0.824460	0.002537	0.000514	0.000195	0.005228	0.002249
4423	0.825154	0.002798	0.000499	0.000301	0.003337	0.002497	3482.000000	199.223493	0.826698	0.002005	0.000020	0.000493	0.001524	0.002580	3483.000000	199.223493	0.826659	0.001876	0.000394	0.000448	0.000444	0.002156
4426	0.824923	0.002783	0.000992	0.000345	0.000000	0.002552	3485.000000	199.223493	0.823206	0.001989	-0.000109	0.000444	-0.002286	0.001903	3486.000000	199.223493	0.824171	0.001064	0.000593	0.000244	-0.000251	0.001542
4429	0.825579	0.001878	-0.000057	0.000330	-0.001968	0.000940	3488.000000	199.223493	0.826196	0.002027	-0.000157	0.000311	-0.001235	0.000978	3489.000000	199.223493	0.827141	0.003153	0.000623	0.000315	0.001254	0.000843
4432	0.828164	0.001891	0.000172	0.000299	-0.001013	0.001123	3491.000000	199.223493	0.826196	0.003295	-0.000194	0.000356	0.001022	0.001557	3492.000000	199.223493	0.826524	0.003083	0.000288	0.000518	-0.000926	0.001464
4435	0.831906	0.003117	-0.000051	0.000639	0.000482	0.001767	3494.000000	199.223493	0.828298	0.004382	0.000313	0.000313	0.000289	0.000986	3495.000000	199.223493	0.828762	0.006071	0.000397	0.000431	0.000839	0.001180
4438	0.830864	0.005504	0.000150	0.000466	0.000386	0.000891	3497.000000	199.223493	0.829919	0.004221	-0.000724	0.000519	0.001919	0.001538	3498.000000	199.223493	0.828742	0.004030	-0.000366	0.000290	0.004919	0.001023
4441	0.828993	0.003251	-0.000246	0.000370	0.008102	0.001509	3500.000000	199.223493	0.828627	0.003587	-0.000088	0.000429	0.006269	0.001908	3501.000000	199.223493	0.830112	0.003183	-0.000728	0.000320	0.005150	0.002060
4444	0.832967	0.003390	-0.000337	0.000522	0.002778	0.001379	3503.000000	199.223493	0.832157	0.003172	-0.000969	0.000390	0.001341	0.001294	3504.000000	199.223493	0.832253	0.003142	-0.000004	0.000383	0.000665	0.001410
4447	0.831809	0.002376	-0.000323	0.000551	0.002218	0.000849	3506.000000	199.223493	0.830980	0.002735	0.000669	0.000634	0.001958	0.000985	3507.000000	199.223493	0.830941	0.002314	0.000719	0.000457	0.001871	0.001197
4450	0.834124	0.002793	0.000663	0.000433	0.005237	0.001229	3509.000000	199.223493	0.832967	0.002538	0.000672	0.000387	0.003742	0.001188	3510.000000	199.223493	0.831732	0.002191	0.000288	0.000631	0.003520	0.001933
4453	0.832851	0.003298	0.000650	0.000576	0.003260	0.001356	3512.000000	199.223493	0.833083	0.003568	0.000960	0.000880	0.004456	0.001827	3513.000000	199.223493	0.831848	0.002724	0.001305	0.000787	0.003328	0.001026
4456	0.833893	0.002824	0.000134	0.000238	0.001205	0.000311	3515.000000	199.223493	0.835108	0.002124	0.000040	0.000720	0.002788	0.000366	3516.000000	199.223493	0.834915	0.000905	0.000813	0.000838	0.002305	0.001003
4459	0.836690	0.001048	0.000151	0.000757	-0.000048	0.001825	3518.000000	199.223493	0.835783	0.000618	-0.000058	0.001002	-0.000666	0.000921	3519.000000	199.223493	0.833121	0.001276	-0.000674	0.000739	-0.000174	0.001002
4462	0.834105	0.001949	0.000387	0.000183	-0.000559	0.000872	3521.000000	199.223493	0.834703	0.001170	0.000163	0.001065	-0.001167	0.000670	3522.000000	199.223493	0.831076	0.001239	0.000739	0.000396	0.000039	0.001186
4465	0.830652	0.001445	0.001004	0.000781	0.000270	0.001903	3524.000000	199.223493	0.828626	0.002156	-0.000021	0.000556	0.000231	0.001647	3525.000000	199.223493	0.828087	0.001134	0.000096	0.000368	-0.000280	0.001871
4468	0.829398	0.001317	0.000632	0.000344	0.000106	0.001727	3527.000000	199.223493	0.832041	0.001502	0.000113	0.000482	-0.001485	0.001600	3528.000000	199.223493	0.831019	0.000696	-0.000221	0.000496	0.000926	0.001305
4471	0.832812	0.001143	-0.000830	0.000398	0.000328	0.001660	3530.000000	199.223493	0.829128	0.001492	-0.000561	0.000494	0.001109	0.000874	3531.000000	199.223493	0.830208	0.002240	0.000055	0.000839	0.001013	0.001038
4474	0.831347	0.002011	-0.000414	0.000468	0.002874	0.000901	3533.000000	199.223493	0.832697	0.002915	-0.000652	0.000623	0.001890	0.000856	3534.000000	199.223493	0.830478	0.002145	-0.000230	0.000586	0.000453	0.001409
4477	0.831482	0.002342	0.000183	0.000309	0.000801	0.001660	3536.000000	199.223493	0.831443	0.003055	0.000288	0.000644	0.002218	0.001967	3537.000000	199.223493	0.832755	0.002986	0.000053	0.000212	0.002768	0.001579
4480	0.830806	0.002771	0.000670	0.000600	0.001293	0.001502	3539.000000	199.223493	0.832755	0.002803	0.000387	0.000260	0.002411	0.001463	3540.000000	199.223493	0.830806	0.002552	-0.001099	0.000837	0.001292	0.001158
4483	0.833044	0.002920	0.000013	0.000572	0.002160	0.000979	3542.000000	199.223493	0.834626	0.001883	-0.000702	0.000969	0.001861	0.001528	3543.000000	199.223493	0.832214	0.002405	-0.000604	0.000446	0.001939	0.001650
4486	0.831289	0.002511	-0.000287	0.000733	-0.000029	0.001832	3545.000000	199.223493	0.829552	0.002671	0.000037	0.000717	-0.001196	0.001562	3546.000000	199.223493	0.831018	0.002726	-0.000445	0.000347	0.000752	0.001853
4489	0.830401	0.002791	-0.000047	0.000473	0.001910	0.000708	3548.000000	199.223493	0.829861	0.003569	-0.000158	0.000410	0.001485	0.000471	3549.000000	199.223493	0.831809	0.002560	0.000227	0.000478	0.001765	0.001534
4492	0.828781	0.003177	0.000393	0.000413	0.001485	0.001192	3551.000000	199.223493	0.828530	0.003469	-0.000440	0.000575	0.000521	0.001387	3552.000000	199.223493	0.828434	0.002476	-0.000054	0.000190	0.000733	0.001098
4495	0.826967	0.002608	-0.000746	0.000593	0.002257	0.001159	3554.000000	199.223493	0.823515	0.002330	-0.000532	0.000350	0.001939	0.000379	3555.000000	199.223493	0.823438	0.001524	0.000368	0.000491	0.000791	0.000970
4498	0.824016	0.002097	-0.000590	0.000424	0.002604	0.001087	3557.000000	199.223493	0.825926	0.002326	0.000026	0.000529	0.002807	0.001983	3558.000000	199.223493	0.824923	0.002678	-0.000069	0.000358	0.002623	0.001872
4501	0.825791	0.000775	-0.000140	0.000413	0.001968	0.001383	3560.000000	199.223493	0.828337	0.001128	0.000803	0.000382	0.002218	0.001963	3561.000000	199.223493	0.830266	0.001061	-0.000955	0.000700	0.003048	0.001926
4504	0.832542	0.001859	0.000769	0.000462	0.004244	0.002263	3563.000000	199.223493	0.829475	0.001579	0.001101	0.000601	0.002016	0.001862	3564.000000	199.223493	0.831173	0.001859	0.000026	0.000391	0.002402	0.000207
4507	0.828800	0.002080	0.000283	0.000118	0.000010	0.001738	3566.000000	199.223493	0.825637	0.001735	0.000617	0.000312	0.001148	0.001758	3567.000000	199.223493	0.826562	0.001230	0.000729	0.000627	-0.000511	0.001566
4510	0.826292	0.001941	-0.000618	0.000368	-0.000936	0.000913	3569.000000	199.223493	0.829610	0.002116	0.000429	0.000399	0.000183	0.001078	3570.000000	199.223493	0.828164	0.002602	0.000384	0.000593	-0.000395	0.001219
4513	0.827701	0.003649	0.000790	0.000469	0.000067	0.001309	3572.000000	199.223493	0.830035	0.003051	0.000193	0.000374	0.000145	0.001551	3573.000000	199.223493	0.829263	0.002666	-0.000083	0.000480	-0.000395	0.001462
4516	0.829958	0.002334	-0.000369	0.000596	0.001099	0.000764	3575.000000	199.223493	0.830768	0.002069	0.000138	0.000528	0.001630	0.001199	3576.000000	199.223493	0.834086	0.001962	0.001354	0.000804	-0.001697	0.001488
4519	0.832658	0.001842	0.000249	0.000339	-0.002913	0.001523	3578.000000	199.223493	0.829475	0.002283	0.000337	0.000393	-0.002440	0.001909	3579.000000	199.223493	0.829957	0.002694	0.000052	0.000469	-0.003945	0.001105
4522	0.831462	0.002345	-0.000564	0.000440	-0.004630	0.001134	3581.000000	199.223493	0.829957	0.004471	0.000482	0.000337	-0.004446	0.002208	3582.000000	199.223493	0.828839	0.003379	-0.000055	0.000494	-0.004726	0.001724
4525	0.826601	0.001830	-0.000138	0.000650	-0.004215	0.001436	3584.000000	199.223493	0.829688	0.002202	-0.000450	0.000464	-0.003405	0.001428	3585.000000	199.223493	0.831134	0.001326	0.000401	0.000518	-0.004514	0.002065
4528	0.831404	0.000877	0.000190	0.000371	-0.002807	0.002161	3587.000000	199.223493	0.831250	0.002639	0.000026	0.000284	-0.002498	0.002493	3588.000000	199.223493	0.832022	0.002270	0.001324	0.000512	-0.002209	0.002243
4531	0.830228	0.002098	0.000880	0.000836	-0.002643	0.002297	3590.000000	199.223493	0.829880	0.000949	0.000713	0.000722	-0.001090	0.002645	3591.000000	199.223493	0.829803	0.002152	0.001295	0.000138	-0.001794	0.002436
4534	0.831925	0.001031	0.000164	0.000530	-0.001022	0.002076	3593.000000	199.223493	0.831983	0.001202	0.001173	0.000148	-0.000675	0.001359	3594.000000	199.223493	0.830710	0.001322	0.001353	0.000723	-0.000135	0.000959
4537	0.827604	0.002630	0.000483	0.000235	0.000637	0.001932	3596.000000	199.223493	0.830517	0.001820	0.000304	0.000299	0.002932	0.001045	3597.000000	199.223493	0.830421	0.001344	0.000538	0.000320	0.001273	0.001650
4540	0.828588	0.001410	-0.000680	0.000305	-0.000116	0.002692	3599.000000	199.223493	0.828839	0.001254	0.000317	0.000378	-0.000212	0.002161	3600.000000	199.223493	0.828086	0.001774	0.000502	0.000430	-0.000434	0.002136
4543	0.830363	0.003633	0.000240	0.000416	0.001331	0.001993	3602.000000	199.223493	0.829302	0.002724	0.000253	0.000320	0.000598	0.002136	3603.000000	199.223493	0.829437	0.002143	0.000582	0.000388	-0.000984	0.002070
4546	0.828125	0.002065	0.000820	0.000416	-0.001215	0.002143	3605.000000	199.223493	0.830517	0.002204	0.000136	0.000504	-0.000993	0.001648	3606.000000	199.223493	0.829842	0.002834	0.000481	0.000449	-0.001919	0.001590
4549	0.828164	0.002817	0.000574	0.000352	-0.003405	0.000943	3608.000000	199.223493	0.828588	0.002516	0.000369	0.000710	-0.004687	0.000821	3609.000000	199.223493	0.828472	0.002765	0.000100	0.000294	-0.005922	0.000876
4552	0.830189	0.004012	0.000770	0.000472	-0.006211	0.000889	3611.000000	199.223493	0.832272	0.002754	0.000588	0.000428	-0.007600	0.001157	3612.000000	199.223493	0.830151	0.003159	0.000378	0.000490	-0.005652	0.001670
4555	0.833314	0.003087	-0.001035	0.000755	-0.002267	0.001320	3614.000000	199.223493	0.834433	0.003086	-0.001402	0.000787	-0.001379	0.001494	3615.000000	199.223493	0.832967	0.003516	-0.000841	0.000514	-0.001630	0.002509
4558	0.829861	0.004626	0.001213	0.000903	0.000820	0.002912	3617.000000	199.223493	0.830324	0.003714	0.000561	0.000581	0.000231	0.002429	3618.000000	199.223493	0.829244	0.003172	0.000084	0.000639	-0.001302	0.001832
4561	0.830652	0.003672	0.000200	0.001035	-0.001196	0.001239	3620.000000	199.223493	0.833217	0.003393	0.000181	0.000451	-0.002035	0.001691	3621.000000	199.223493	0.832060	0.004134	0.000494	0.000816	-0.003819	0.001346
4564	0.830247	0.002718	-0.000223	0.000334	-0.004543	0.001354	3623.000000	199.223493	0.831038	0.003800	0.001537	0.001054	-0.001861	0.001094	3624.000000	199.223493	0.831134	0.003346	0.000475	0.000605	-0.003356	0.000488
4567	0.828974	0.003210	0.001262	0.000383	-0.002672	0.000948	3626.000000	199.223493	0.829109	0.000862	-0.000177	0.000665	-0.003434	0.001283	3627.000000	199.223493	0.831887	0.001427	-0.000174	0.000445	-0.003800	0.000424
4570	0.830903	0.001649	-0.000475	0.000488	-0.003366	0.000866	3629.000000	199.223493	0.831443	0.001930	-0.000498	0.000479	-0.001775	0.001309	3630.000000	199.223493	0.831347	0.001628	-0.000987	0.000331	-0.002286	0.001161
4573	0.834394	0.001261	-0.000824	0.000554	-0.001765	0.000845	3632.000000	199.223493	0.830189	0.001839	-0.000181	0.000336	-0.002401	0.001139	3633.000000	199.223493	0.830633	0.002337	0.000330	0.000416	-0.002855	0.001196
4576	0.830575	0.001415	-0.000465	0.000441	-0.003212	0.001529	3635.000000	199.223493	0.831443	0.001358	-0.000354	0.000532	-0.003945	0.001572	3636.000000	199.223493	0.828568	0.001724	0.000448	0.000758	-0.002623	0.001549
4579	0.828434	0.002046	0.000242	0.000397	-0.002585	0.001459	3638.000000	199.223493	0.828491	0.001039	0.000179	0.000566	-0.000492	0.001337	3639.000000	199.223493	0.828241	0.001295	0.000261	0.000225	-0.000135	0.000990
4582	0.829572	0.001742	0.000609	0.000299	-0.000588	0.001424	3641.000000	199.223493	0.827817	0.001938	0.000572	0.000627	0.000280	0.001294	3642.000000	199.223493	0.826968	0.001938	-0.000013	0.000712	-0.001418	0.000982
4585	0.827758	0.001961	0.000211	0.000436	-0.001157	0.001574	3644.000000	199.223493	0.827894	0.002229	0.000126	0.000407	-0.000617	0.001421	3645.000000	199.223493	0.827971	0.002793	-0.000705	0.000403	0.000241	0.000995
4588	0.827180	0.002972	-0.000200	0.000624	0.000299	0.001440	3647.000000	199.223493	0.826620	0.002334	0.000269	0.000276	-0.000010	0.001739	3648.000000	199.223493	0.824479	0.001378	-0.000609	0.000210	-0.000945	0.002354
4591	0.826331	0.001339	-0.000028	0.000703	-0.000328	0.003011	3650.000000	199.223493	0.827122	0.001703	-0.000763	0.000681	-0.000299	0.003078	3651.000000	199.223493	0.827508	0.002639	0.000120	0.000544	-0.001186	0.001998
4594	0.828800	0.002487	0.000305	0.000217	0.001852	0.002118	3653.000000	199.223493	0.827218	0.002974	0.000135	0.000327	0.001977	0.002922	3654.000000	199.223493	0.826833	0.002723	-0.000591	0.000183	0.001514	0.002596
4597	0.827257	0.002946	-0.000086	0.000432	0.001399	0.002187	3656.000000	199.223493	0.829533	0.002606	-0.000979	0.000468	0.002431	0.002134	3657.000000	199.223493	0.831559	0.002203	-0.000178	0.000671	0.001977	0.002298
4600	0.830324	0.003215	0.000233	0.000501	0.001505	0.002773	3659.000000	199.223493	0.829668	0.002690	-0.001330	0.000230	0.001582	0.001444	3660.000000	199.223493	0.831481	0.002089	-0.000684	0.000833	0.001900	0.001957
4603	0.832041	0.001341	0.000602	0.000273	0.005237	0.002453	3662.000000	199.223493	0.831096	0.003666	0.000566	0.000675	0.003395	0.003014	3663.000000	199.223493	0.832253	0.004058	0.000325	0.000408	0.003356	0.002051
4606	0.829360	0.003141	-0.000959	0.000451	0.002845	0.002085	3665.000000	199.223493	0.827431	0.004027	0.000998	0.000373	0.000058	0.001963	3666.000000	199.223493	0.826967	0.003076	0.000319	0.000413	0.001823	0.001159
4609	0.826967	0.002927	-0.001471	0.000395	0.001292	0.001651	3668.000000	199.223493	0.827257	0.001875	0.000875	0.000084	0.001611	0.001213	3669.000000	199.223493	0.826968	0.000794	0.000347	0.000507	0.000666	0.000733
4612	0.828492	0.001807	0.001119	0.000632	0.001524	0.001459	3671.000000	199.223493	0.829224	0.002148	0.000199	0.000305	0.001447	0.002439	3672.000000	199.223493	0.827238	0.002539	-0.000321	0.000722	0.001061	0.002237
4615	0.825019	0.003202	-0.000821	0.000362	0.001794	0.001853	3674.000000	199.223493	0.826215	0.003459	0.000089	0.000406	0.002430	0.002240	3675.000000	199.223493	0.826543	0.002872	0.000632	0.000283	0.002836	0.001707
4618	0.829205	0.002523	0.000252	0.000145	0.002942	0.001069	3677.000000	199.223493	0.825964	0.003253	0.000204	0.000534	0.002700	0.001400	3678.000000	199.223493	0.824942	0.002750	-0.000155	0.000479	0.003019	0.001377
4621	0.825039	0.003266	0.000590	0.000337	0.001157	0.001631	3680.000000	199.223493	0.825463	0.002438	0.000615	0.000485	0.000386	0.001001	3681.000000	199.223493	0.828202	0.001118	0.000393	0.000621	0.000974	0.001514
4624	0.827488	0.002618	-0.000031	0.000409	0.000926	0.001943	3683.000000	199.223493	0.825810	0.002755	0.000230	0.000333	0.000029	0.002238	3684.000000	199.223493	0.825521	0.002992	0.001218	0.000613	-0.000550	0.002174
4627	0.827489	0.004119	0.000252	0.000434	-0.001524	0.002102	3686.000000	199.223493	0.826948	0.003892	-0.000590	0.000502	-0.000492	0.002308	3687.000000	199.223493	0.827855	0.003371	0.000502	0.000560	0.000241	0.002320
4630	0.829224	0.003197	0.000476	0.000641	-0.000029	0.002244	3689.000000	199.223493	0.832523	0.004355	-0.000069	0.000726	-0.000675	0.002406	3690.000000	199.223493	0.829630	0.003645	0.000551	0.000525	-0.003347	0.002608
4633	0.830073	0.003157	0.000238	0.000883	-0.000270	0.001719	3692.000000	199.223493	0.829244	0.004026	-0.000146	0.000719	0.000560	0.001365	3693.000000	199.223493	0.832311	0.004277	-0.000198	0.000208	0.002026	0.002012
4636	0.834645	0.003591	-0.000753	0.000549	0.002884	0.001836	3695.000000	199.223493	0.834066	0.003220	0.000743	0.000632	0.001620	0.000867	3696.000000	199.223493	0.832620	0.003960	0.000334	0.000562	0.000482	0.000703
4639	0.832755	0.004178	-0.000012	0.000391	0.000897	0.000764	3698.000000	199.223493	0.833063	0.002855	0.000317	0.000233	-0.001003	0.000751	3699.000000	199.223493	0.832755	0.003209	0.000045	0.000626	-0.002662	0.001454
4642	0.829861	0.003722	-0.000032	0.000874	-0.004109	0.001339	3701.000000	199.223493	0.829340	0.003159	-0.000548	0.000716	-0.004447	0.000834	3702.000000	199.223493	0.830093	0.003768	0.000799	0.000447	-0.003868	0.001133
4645	0.830073	0.002600	-0.000661	0.000328	-0.004456	0.000690	3704.000000	199.223493	0.830208	0.003224	0.000035	0.000707	-0.003434	0.001599	3705.000000	199.223493	0.831597	0.002715	-0.000580	0.000797	-0.001437	0.001830
4648	0.830883	0.002194	0.000810	0.000289	-0.004253	0.001325	3707.000000	199.223493	0.830845	0.002601	0.000369	0.000596	-0.002257	0.001342	3708.000000	199.223493	0.834626	0.001970	-0.001009	0.000763	-0.001968	0.002024
4651	0.832986	0.002066	-0.000028	0.000678	-0.001562	0.001736	3710.000000	199.223493	0.832581	0.002253	0.000525	0.000431	0.000029	0.001423	3711.000000	199.223493	0.830671	0.002701	-0.000145	0.000429	-0.001659	0.001434
4654	0.835281	0.001724	-0.000315	0.000768	-0.001572	0.000934	3713.000000	199.223493	0.834394	0.001055	-0.000097	0.000192	0.002247	0.001076	3714.000000	199.223493	0.832716	0.001368	0.000128	0.000133	-0.000241	0.000939
4657	0.829726	0.002652	0.000693	0.000213	-0.000154	0.000775	3716.000000	199.223493	0.831713	0.003090	0.000548	0.000279	-0.000357	0.001265	3717.000000	199.223493	0.831790	0.003663	0.000541	0.000234	0.000164	0.001242
4660	0.833083	0.002904	0.000342	0.000233	-0.000714	0.000749	3719.000000	199.223493	0.831945	0.002629	-0.000432	0.000642	0.000096	0.000572	3720.000000	199.223493	0.831520	0.003461	0.000212	0.000376	-0.002131	0.000775
4663	0.831809	0.003525	-0.001250	0.000632	-0.004118	0.001013	3722.000000	199.223493	0.831501	0.003429	-0.001389	0.000795	-0.002652	0.000401	3723.000000	199.223493	0.832060	0.003267	-0.000277	0.000769	-0.002276	0.001223
4666	0.831887	0.003620	0.000142	0.000557	-0.002373	0.001268	3725.000000	199.223493	0.831809	0.004312	-0.000187	0.000732	-0.003337	0.002418	3726.000000	199.223493	0.834742	0.003563	-0.001137	0.000741	-0.002653	0.001990
4669	0.837095	0.003838	-0.000594	0.000741	-0.000839	0.002027	3728.000000	199.223493	0.833449	0.004215	-0.001224	0.000649	0.000260	0.001943	3729.000000	199.223493	0.833816	0.004262	0.000519	0.000772	-0.000338	0.002001
4672	0.833140	0.003221	0.000254	0.000714	-0.000097	0.001630	3731.000000	199.223493	0.830536	0.002605	0.000103	0.000804	0.000878	0.001076	3732.000000	199.223493	0.834066	0.001752	0.000033	0.000290	-0.000752	0.001070
4675	0.834973	0.001631	-0.000419	0.000434	-0.001235	0.001395	3734.000000	199.223493	0.835398	0.002086	0.000117	0.000734	0.000328	0.001644	3735.000000	199.223493	0.836208	0.001809	0.000935	0.000502	-0.000145	0.002400
4678	0.833121	0.002706	0.000199	0.001077	-0.000367	0.002166	3737.000000	199.223493	0.833796	0.001929	0.000884	0.000639	-0.000665	0.000503	3738.000000	199.223493	0.833546	0.003160	0.001678	0.000537	0.000106	0.001284
4681	0.834761	0.003168	0.001062	0.000985	0.001022	0.001424	3740.000000	199.223493	0.834626	0.002843	0.000216	0.001174	0.000425	0.001716	3741.000000	199.223493	0.836304	0.002561	0.000078	0.000508	0.002064	0.001502
4684	0.835455	0.002939	-0.000737	0.000728	0.002893	0.001368	3743.000000	199.223493	0.837790	0.003702	-0.000392	0.001140	0.001900	0.002471	3744.000000	199.223493	0.833005	0.003270	0.000194	0.001056	0.002488	0.001246
4687	0.836478	0.002509	0.000121	0.000917	0.001871	0.001038	3746.000000	199.223493	0.835937	0.002483	-0.000249	0.000671	0.003839	0.000922	3747.000000	199.223493	0.835417	0.002111	0.000609	0.000425	0.003810	0.000814
4690	0.837153	0.001961	-0.000480	0.000673	0.003839	0.000657	3749.000000	199.223493	0.836439	0.002278	-0.000559	0.000733	0.002238	0.001282	3750.000000	199.223493	0.835725	0.000855	-0.000103	0.000607	0.001842	0.001938
4693	0.834433	0.001069	-0.000780	0.000515	0.002257	0.002194	3752.000000	199.223493	0.833314	0.001232	0.001121	0.000446	0.002073	0.002181	3753.000000	199.223493	0.838542	0.001051	0.000291	0.000684	0.001389	0.001397
4696	0.838445	0.001482	0.000369	0.000629	0.002132	0.002149	3755.000000	199.223493	0.833256	0.000880	0.000547	0.000311	0.000820	0.002228	3756.000000	199.223493	0.832716	0.000705	-0.000090	0.000423	0.000704	0.002382
4699	0.834201	0.001764	-0.000691	0.000445	0.001408	0.002609	3758.000000	199.223493	0.834394	0.002359	0.001050	0.000320	0.003926	0.002953	3759.000000	199.223493	0.831559	0.002703	0.000414	0.000440	0.004726	0.001917
4702	0.829688	0.002249	-0.000119	0.000869	0.002450	0.002260	3761.000000	199.223493	0.832176	0.002356	-0.000058	0.000898	0.001871	0.002257	3762.000000	199.223493	0.837095	0.002227	0.001696	0.000433	0.003125	0.002441
4705	0.835802	0.002910	-0.000156	0.000422	0.001842	0.002228	3764.000000	199.223493	0.834877	0.002999	-0.000012	0.000395	0.002932	0.001453	3765.000000	199.223493	0.833777	0.001821	0.000354	0.000232	0.002845	0.001234
4708	0.833681	0.002669	-0.000154	0.000195	0.003549	0.001168	3767.000000	199.223493	0.831867	0.002583	-0.000560	0.000715	0.003289	0.001669	3768.000000	199.223493	0.829803	0.001438	-0.000093	0.000378	0.003896	0.001268
4711	0.833700	0.001139	-0.000441	0.000407	0.003491	0.001326	3770.000000	199.223493	0.830864	0.003388	-0.000863	0.000683	0.005102	0.001406	3771.000000	199.223493	0.831732	0.002088	-0.000293	0.000555	0.002315	0.002214
4714	0.833526	0.001522	0.000112	0.000593	0.005160	0.001696	3773.000000	199.223493	0.831617	0.001502	0.000709	0.000172	0.004562	0.001399	3774.000000	199.223493	0.832793	0.002076	-0.000417	0.000462	0.004446	0.001972
4717	0.834568	0.003666	0.000825	0.000900	0.002469	0.002368	3776.000000	199.223493	0.835532	0.002228	0.000491	0.000876	0.000868	0.002507	3777.000000	199.223493	0.837307	0.002831	0.000104	0.000766	0.000145	0.002817
4720	0.836806	0.002285	0.000366	0.000454	0.000646	0.002918	3779.000000	199.223493	0.835166	0.002769	0.000301	0.000471	0.000328	0.003216	3780.000000	199.223493	0.833912	0.003750	0.000007	0.000392	-0.000241	0.002598
4723	0.830652	0.003611	0.000199	0.000339	0.001293	0.002068	3782.000000	199.223493	0.833546	0.003496	0.000099	0.000212	0.002575	0.002047	3783.000000	199.223493	0.832465	0.002292	0.000281	0.000350	0.002006	0.002746
4726	0.831887	0.002346	-0.000760	0.000394	0.001215	0.002856	3785.000000	199.223493	0.833372	0.001712	-0.000496	0.000214	0.002546	0.002819	3786.000000	199.223493	0.833584	0.002592	0.000254	0.000610	0.001215	0.003580
4729	0.831655	0.002397	-0.000716	0.000339	0.002826	0.002293	3788.000000	199.223493	0.831713	0.002231	-0.001281	0.000893	0.004157	0.001914	3789.000000	199.223493	0.831597	0.003454	-0.000588	0.000333	0.004321	0.001638
4732	0.831675	0.004001	-0.000583	0.000349	0.003839	0.002272	3791.000000	199.223493	0.832813	0.003716	0.000167	0.000292	0.004273	0.002410	3792.000000	199.223493	0.833179	0.002586	-0.000364	0.000401	0.004842	0.002740
4735	0.828723	0.002682	-0.000176	0.000517	0.001968	0.002485	3794.000000	199.223493	0.830170	0.002773	-0.000583	0.000247	0.005160	0.003159	3795.000000	199.223493	0.825521	0.002731	0.000023	0.000378	0.006086	0.002109
4738	0.827161	0.003251	0.000275	0.000346	0.003675	0.002443	3797.000000	199.223493	0.827855	0.002370	-0.000650	0.000730	0.002768	0.002300	3798.000000	199.223493	0.828125	0.002388	-0.000328	0.000676	0.001582	0.001813
4741	0.827141	0.003697	0.000446	0.000331	0.000868	0.002566	3800.000000	199.223493	0.826331	0.003342	-0.000451	0.000526	-0.000347	0.001881	3801.000000	199.223493	0.828781	0.003933	-0.000064	0.000566	0.000772	0.001732
4744	0.829321	0.003532	-0.000144	0.000293	0.000029	0.001997	3803.000000	199.223493	0.830575	0.005053	-0.000643	0.000374	0.000617	0.002037	3804.000000	199.223493	0.830999	0.005470	0.000357	0.000530	0.002816	0.001928
4747	0.832060	0.004607	-0.000697	0.000583	0.000203	0.001944	3806.000000	199.223493	0.830150	0.005358	-0.000617	0.000658	0.002045	0.002026	3807.000000	199.223493	0.830421	0.004806	0.000001	0.000530	0.000135	0.002239
4750	0.835378	0.004114	-0.000644	0.000843	0.000607	0.001816	3809.000000	199.223493	0.832060	0.005592	-0.000139	0.000462	0.002083	0.001627	3810.000000	199.223493	0.831520	0.006508	-0.000017	0.000574	0.002006	0.001825
4753	0.832523	0.005510	0.000202	0.000463	0.001408	0.001457	3812.000000	199.223493	0.830151	0.004207	-0.000458	0.000430	0.002623	0.001711	3813.000000	199.223493	0.829147	0.003900	-0.000437	0.000334	0.005170	0.001031
4756	0.830787	0.003337	-0.000896	0.000230	0.007301	0.001271	3815.000000	199.223493	0.831115	0.003658	0.000202	0.000596	0.005556	0.001721	3816.000000	199.223493	0.831404	0.003048	-0.000384	0.000521	0.004929	0.002055
4759	0.834780	0.002807	-0.000438	0.000529	0.004871	0.002022	3818.000000	199.223493	0.834780	0.002444	-0.001173	0.000275	0.002488	0.001769	3819.000000	199.223493	0.835397	0.003092	-0.000065	0.000394	0.002112	0.001392
4762	0.834799	0.002754	-0.000579	0.000384	0.003636	0.001035	3821.000000	199.223493	0.834066	0.004013	0.000944	0.000711	0.003289	0.000925	3822.000000	199.223493	0.833102	0.002984	0.001163	0.000484	0.003154	0.001876
4765	0.835513	0.003234	0.000674	0.000434	0.006453	0.000784	3824.000000	199.223493	0.834664	0.002433	0.000825	0.000417	0.004687	0.001223	3825.000000	199.223493	0.833256	0.002285	-0.000239	0.000424	0.005305	0.001107
4768	0.831964	0.002955	0.000197	0.000558	0.004987	0.000841	3827.000000	199.223493	0.832677	0.003545	0.000788	0.000810	0.005546	0.001052	3828.000000	199.223493	0.833449	0.003000	0.000633	0.000561	0.003868	0.000680
4771	0.835513	0.002887	0.000478	0.000389	0.001958	0.000978	3830.000000	199.223493	0.836613	0.002391	0.000218	0.000756	0.003820	0.000769	3831.000000	199.223493	0.837056	0.001722	0.000298	0.000899	0.002151	0.000931
4774	0.839043	0.002431	-0.000306	0.000462	0.001177	0.002268	3833.000000	199.223493	0.836420	0.000834	-0.000857	0.000550	-0.000241	0.001127	3834.000000	199.223493	0.835108	0.000984	-0.001354	0.000401	0.000299	0.001265
4777	0.833719	0.001957	0.000682	0.000391	-0.000521	0.000889	3836.000000	199.223493	0.833758	0.001471	-0.000132	0.000955	0.000328	0.001136	3837.000000	199.223493	0.831559	0.001189	0.000541	0.000366	0.001649	0.001090
4780	0.831269	0.001775	0.000479	0.000836	0.002518	0.000837	3839.000000	199.223493	0.830440	0.003270	0.000261	0.000581	0.001842	0.001133	3840.000000	199.223493	0.829688	0.002056	0.000294	0.000333	0.001707	0.001168
4783	0.829900	0.001304	0.000970	0.000340	0.001871	0.001615	3842.000000	199.223493	0.832060	0.001501	-0.000135	0.000500	-0.000058	0.001253	3843.000000	199.223493	0.829167	0.001230	0.000066	0.000293	0.002835	0.001305
4786	0.831308	0.002034	-0.000340	0.000299	0.001891	0.001117	3845.000000	199.223493	0.828241	0.001590	-0.000930	0.000248	0.002382	0.000990	3846.000000	199.223493	0.831906	0.001335	-0.000425	0.000564	0.002536	0.000564
4789	0.833179	0.000743	-0.000500	0.000437	0.003974	0.001043	3848.000000	199.223493	0.833989	0.001893	-0.000686	0.000617	0.003077	0.001345	3849.000000	199.223493	0.829649	0.002449	-0.000522	0.000520	0.001447	0.001731
4792	0.829707	0.002778	0.000308	0.000386	0.001100	0.001857	3851.000000	199.223493	0.830420	0.003289	0.000040	0.000546	0.001678	0.001578	3852.000000	199.223493	0.833256	0.002844	-0.000779	0.000590	0.003019	0.001741
4795	0.829417	0.002982	0.000588	0.000628	0.002267	0.002329	3854.000000	199.223493	0.831076	0.002858	-0.000337	0.000702	0.003077	0.001934	3855.000000	199.223493	0.829128	0.002892	-0.001454	0.000776	0.003009	0.001908
4798	0.830999	0.003457	0.000260	0.000612	0.003241	0.001568	3857.000000	199.223493	0.833700	0.002471	-0.000045	0.000621	0.001823	0.001519	3858.000000	199.223493	0.831404	0.002642	-0.000276	0.000218	0.002508	0.001534
4801	0.830729	0.002568	-0.000985	0.000230	0.000280	0.001870	3860.000000	199.223493	0.829089	0.002665	-0.000670	0.000218	0.000646	0.001948	3861.000000	199.223493	0.829707	0.002465	-0.000696	0.000369	0.002807	0.002071
4804	0.828607	0.002739	-0.000352	0.000210	0.003501	0.001198	3863.000000	199.223493	0.828993	0.003657	-0.000423	0.000595	0.002546	0.000687	3864.000000	199.223493	0.832234	0.002437	0.000480	0.000313	0.001399	0.001453
4807	0.831250	0.001492	0.000560	0.000443	0.000685	0.001166	3866.000000	199.223493	0.831674	0.001677	0.000273	0.000844	-0.000627	0.001247	3867.000000	199.223493	0.831192	0.001618	0.000166	0.000295	-0.000097	0.001314
4810	0.829437	0.002342	-0.000621	0.000635	0.000511	0.001147	3869.000000	199.223493	0.825000	0.003241	-0.000542	0.000351	0.000830	0.001232	3870.000000	199.223493	0.825077	0.002494	0.000801	0.000399	0.000434	0.000886
4813	0.825463	0.002982	-0.000476	0.000466	0.002354	0.001151	3872.000000	199.223493	0.827893	0.003339	-0.000169	0.000439	0.000453	0.002059	3873.000000	199.223493	0.826157	0.003011	-0.000239	0.000333	0.001331	0.001675
4816	0.828125	0.001997	-0.000301	0.000391	0.001013	0.001331	3875.000000	199.223493	0.829070	0.001630	0.000841	0.000363	0.001428	0.001635	3876.000000	199.223493	0.831597	0.000857	-0.001042	0.000693	0.001582	0.001606
4819	0.832330	0.001879	0.000985	0.000489	0.002508	0.001892	3878.000000	199.223493	0.829205	0.001616	0.000885	0.000708	0.002247	0.001894	3879.000000	199.223493	0.830614	0.001709	-0.000238	0.000375	0.002093	0.000215
4822	0.827797	0.001617	0.000649	0.000322	-0.000019	0.001737	3881.000000	199.223493	0.826466	0.002040	0.000754	0.000269	0.001813	0.001568	3882.000000	199.223493	0.827662	0.001707	0.000886	0.000610	-0.000453	0.001549
4825	0.827681	0.002222	-0.000567	0.000358	-0.000386	0.000796	3884.000000	199.223493	0.830864	0.001868	-0.000273	0.000382	0.000762	0.000778	3885.000000	199.223493	0.829745	0.002788	-0.000244	0.000740	-0.000637	0.001359
4828	0.829495	0.003821	0.000396	0.000451	-0.000463	0.001674	3887.000000	199.223493	0.830247	0.003048	-0.000067	0.000539	0.000396	0.001355	3888.000000	199.223493	0.830556	0.002379	-0.000246	0.000566	0.000077	0.001110
4831	0.830459	0.002199	-0.000289	0.000607	0.000723	0.001007	3890.000000	199.223493	0.831944	0.001419	0.000124	0.000527	0.001157	0.001476	3891.000000	199.223493	0.834182	0.001939	0.001251	0.000837	-0.000791	0.001036
4834	0.833025	0.001754	-0.000055	0.000322	-0.001678	0.001024	3893.000000	199.223493	0.828646	0.002132	0.000336	0.000393	-0.000145	0.002063	3894.000000	199.223493	0.828395	0.002428	-0.000368	0.000519	-0.002035	0.001573
4837	0.829630	0.002500	-0.000957	0.000382	-0.003559	0.001091	3896.000000	199.223493	0.827373	0.003882	0.000027	0.000438	-0.002971	0.001597	3897.000000	199.223493	0.826736	0.002887	0.000079	0.000541	-0.002594	0.001787
4840	0.825772	0.001339	-0.000200	0.000626	-0.002344	0.001437	3899.000000	199.223493	0.828067	0.001910	0.000248	0.000676	-0.002517	0.000723	3900.000000	199.223493	0.829745	0.000828	0.000552	0.000541	-0.002508	0.001363
4843	0.830073	0.001370	0.000202	0.000366	-0.001842	0.001451	3902.000000	199.223493	0.830883	0.002436	0.000419	0.000344	-0.001408	0.001737	3903.000000	199.223493	0.830884	0.001783	0.001506	0.000386	-0.001803	0.002017
4846	0.830479	0.002173	0.001489	0.000338	-0.001109	0.001818	3905.000000	199.223493	0.831346	0.002115	0.000919	0.000607	-0.000386	0.002535	3906.000000	199.223493	0.829958	0.002286	0.000993	0.000295	-0.001360	0.002477
4849	0.832581	0.001477	0.000249	0.000597	-0.000154	0.002073	3908.000000	199.223493	0.833893	0.001678	0.001267	0.000177	-0.000598	0.001362	3909.000000	199.223493	0.833295	0.002078	0.001094	0.000751	-0.000579	0.000926
4852	0.831539	0.002512	0.000690	0.000247	-0.000559	0.002118	3911.000000	199.223493	0.832369	0.000595	0.000563	0.000263	0.000868	0.001644	3912.000000	199.223493	0.832041	0.001242	0.000854	0.000438	-0.000888	0.002014
4855	0.830092	0.001829	-0.000564	0.000307	-0.001987	0.002713	3914.000000	199.223493	0.830498	0.001707	0.000386	0.000385	-0.002267	0.002394	3915.000000	199.223493	0.830845	0.001636	0.000016	0.000519	-0.001611	0.002433
4858	0.833777	0.002318	0.000399	0.000316	-0.001225	0.003038	3917.000000	199.223493	0.830999	0.002206	0.000670	0.000224	-0.002354	0.003227	3918.000000	199.223493	0.830903	0.001560	0.000142	0.000744	-0.002729	0.002814
4861	0.829167	0.001856	0.000832	0.000408	-0.003337	0.002766	3920.000000	199.223493	0.830228	0.002273	-0.000141	0.000628	-0.001987	0.002017	3921.000000	199.223493	0.829012	0.002912	0.000079	0.000619	-0.002035	0.001634
4864	0.828318	0.002801	0.000473	0.000314	-0.003125	0.000815	3923.000000	199.223493	0.827392	0.002848	0.000141	0.000657	-0.004986	0.000856	3924.000000	199.223493	0.828511	0.002751	0.000305	0.000360	-0.005122	0.001265
4867	0.830074	0.004056	0.000586	0.000473	-0.006086	0.000961	3926.000000	199.223493	0.832176	0.002782	0.000608	0.000423	-0.006192	0.001837	3927.000000	199.223493	0.830498	0.003067	0.000552	0.000357	-0.004861	0.002124
4870	0.834433	0.002742	-0.000921	0.000768	-0.003192	0.000790	3929.000000	199.223493	0.835667	0.002611	-0.001583	0.000746	-0.001582	0.001358	3930.000000	199.223493	0.834298	0.003042	-0.001152	0.000517	-0.003636	0.001277
4873	0.833237	0.003808	0.000818	0.000909	-0.002354	0.001887	3932.000000	199.223493	0.832272	0.003565	0.000560	0.000581	-0.001784	0.002267	3933.000000	199.223493	0.831481	0.002884	-0.000010	0.000623	-0.003877	0.001077
4876	0.833372	0.003439	-0.000017	0.001004	-0.002730	0.000637	3935.000000	199.223493	0.835474	0.002437	-0.000127	0.000460	-0.003212	0.001386	3936.000000	199.223493	0.833777	0.003461	0.001130	0.000970	-0.004475	0.000968
4879	0.831424	0.002779	-0.000211	0.000339	-0.004707	0.001259	3938.000000	199.223493	0.832330	0.003553	0.000960	0.001078	-0.002508	0.000562	3939.000000	199.223493	0.833237	0.002768	0.000260	0.000513	-0.003424	0.000486
4882	0.829514	0.003082	0.001198	0.000390	-0.002778	0.000992	3941.000000	199.223493	0.828607	0.000812	-0.000601	0.000465	-0.002633	0.001205	3942.000000	199.223493	0.830131	0.000955	-0.000134	0.000424	-0.002006	0.001615
4885	0.830054	0.001418	-0.000277	0.000465	-0.002913	0.001206	3944.000000	199.223493	0.828241	0.003123	-0.000627	0.000479	-0.001466	0.001330	3945.000000	199.223493	0.828742	0.001869	-0.000449	0.000408	-0.001987	0.001105
4888	0.830768	0.002580	-0.000525	0.000488	-0.002247	0.000807	3947.000000	199.223493	0.828414	0.001688	0.000313	0.000275	-0.003684	0.000626	3948.000000	199.223493	0.827778	0.001929	0.000781	0.000294	-0.003800	0.000996
4891	0.830575	0.001415	-0.000248	0.000522	-0.003453	0.001441	3950.000000	199.223493	0.829302	0.000767	-0.000291	0.000560	-0.004504	0.001379	3951.000000	199.223493	0.827604	0.001525	0.000221	0.000680	-0.002633	0.001546
4894	0.826948	0.001693	0.000161	0.000405	-0.002440	0.001449	3953.000000	199.223493	0.827045	0.002007	-0.000011	0.000567	-0.001399	0.001697	3954.000000	199.223493	0.827315	0.001912	0.000110	0.000227	0.000048	0.000938
4897	0.827392	0.002378	0.000191	0.000335	-0.001138	0.001433	3956.000000	199.223493	0.824402	0.002518	0.000146	0.000377	0.000232	0.001310	3957.000000	199.223493	0.824055	0.002593	-0.000623	0.000409	-0.000781	0.001285
4900	0.824305	0.002210	-0.000196	0.000190	0.000154	0.001844	3959.000000	199.223493	0.825463	0.002208	-0.000197	0.000334	0.000097	0.001480	3960.000000	199.223493	0.823302	0.002564	-0.000651	0.000409	0.000251	0.000993
4903	0.823881	0.004052	-0.000483	0.000566	0.000781	0.001293	3962.000000	199.223493	0.824749	0.003130	0.000138	0.000335	-0.000704	0.001989	3963.000000	199.223493	0.825135	0.001363	-0.000773	0.000109	-0.000453	0.002262
4906	0.827122	0.001208	-0.000287	0.000657	-0.000762	0.003004	3965.000000	199.223493	0.827855	0.001418	-0.000586	0.000743	-0.001678	0.003142	3966.000000	199.223493	0.829514	0.002043	-0.000127	0.000462	-0.001717	0.002173
4909	0.830729	0.001988	0.000268	0.000236	-0.000328	0.002800	3968.000000	199.223493	0.828974	0.003072	0.000095	0.000354	0.000965	0.003059	3969.000000	199.223493	0.827604	0.002647	-0.000637	0.000164	0.000173	0.002684
4912	0.828318	0.002818	-0.000226	0.000438	0.000743	0.002156	3971.000000	199.223493	0.830344	0.002522	-0.000523	0.000484	0.000174	0.002164	3972.000000	199.223493	0.832658	0.002116	0.000383	0.000554	0.001119	0.002249
4915	0.829823	0.003342	0.000740	0.000690	0.000029	0.002628	3974.000000	199.223493	0.827720	0.002696	-0.000245	0.000873	0.000029	0.001467	3975.000000	199.223493	0.828916	0.001410	-0.000879	0.000745	0.000241	0.001505
4918	0.829630	0.001828	0.000523	0.000250	0.001804	0.001957	3977.000000	199.223493	0.828723	0.003603	0.000161	0.000353	0.000463	0.002264	3978.000000	199.223493	0.827489	0.003742	0.000287	0.000403	0.000367	0.001305
4921	0.826794	0.001685	-0.000615	0.000301	0.000328	0.001895	3980.000000	199.223493	0.824074	0.002708	0.001026	0.000359	-0.001341	0.001432	3981.000000	199.223493	0.825405	0.002334	0.000514	0.000342	0.000569	0.000718
4924	0.826350	0.002785	-0.000746	0.000729	0.000502	0.001148	3983.000000	199.223493	0.825810	0.001735	0.000894	0.000085	0.001967	0.001348	3984.000000	199.223493	0.825907	0.001020	0.000501	0.000483	0.000830	0.000813
4927	0.825540	0.001202	0.001241	0.000567	-0.000145	0.001268	3986.000000	199.223493	0.827411	0.000875	0.000521	0.000485	-0.000366	0.002076	3987.000000	199.223493	0.826948	0.002323	0.000362	0.000553	0.000367	0.002075
4930	0.824132	0.002541	-0.001046	0.000242	0.001553	0.001758	3989.000000	199.223493	0.824884	0.002670	-0.000487	0.000200	0.002247	0.002197	3990.000000	199.223493	0.825039	0.001702	0.000779	0.000373	0.003106	0.001750
4933	0.828453	0.001995	0.000211	0.000136	0.003790	0.001186	3992.000000	199.223493	0.826176	0.003379	0.000001	0.000566	0.002122	0.001496	3993.000000	199.223493	0.824711	0.002601	-0.000508	0.000443	0.003067	0.001364
4936	0.823071	0.001771	0.000124	0.000371	0.001784	0.001739	3995.000000	199.223493	0.825270	0.002379	0.000324	0.000571	0.000907	0.000759	3996.000000	199.223493	0.827315	0.001477	-0.000383	0.000545	0.000810	0.001577
4939	0.826543	0.002995	0.000097	0.000305	0.000868	0.001965	3998.000000	199.223493	0.823553	0.003503	0.000463	0.000325	0.000048	0.002234	3999.000000	199.223493	0.824576	0.003161	0.001117	0.000643	-0.001061	0.002133
4942	0.825733	0.004326	-0.000349	0.000490	-0.000569	0.002280	4001.000000	199.223493	0.826312	0.004053	-0.000668	0.000487	0.000280	0.002480	4002.000000	199.223493	0.828607	0.003099	0.000544	0.000555	0.000955	0.002623
4945	0.828935	0.003371	-0.000012	0.000600	0.000000	0.002250	4004.000000	199.223493	0.832793	0.004238	-0.000088	0.000731	-0.001659	0.002186	4005.000000	199.223493	0.830343	0.003480	0.000606	0.000503	-0.003607	0.002519
4948	0.830054	0.003165	0.000051	0.000876	-0.000858	0.001373	4007.000000	199.223493	0.831578	0.002937	0.000197	0.000687	-0.000164	0.000989	4008.000000	199.223493	0.831906	0.004461	-0.000391	0.000268	-0.000386	0.001917
4951	0.833661	0.004072	-0.000890	0.000494	0.001437	0.001527	4010.000000	199.223493	0.832484	0.003908	0.000972	0.000654	0.000907	0.000794	4011.000000	199.223493	0.831173	0.004398	-0.000061	0.000528	-0.000318	0.000649
4954	0.831134	0.004955	-0.000336	0.000306	-0.000193	0.000853	4013.000000	199.223493	0.830652	0.003683	-0.000048	0.000288	-0.001302	0.000726	4014.000000	199.223493	0.832080	0.003414	-0.000040	0.000558	-0.001640	0.001862
4957	0.830324	0.003738	-0.000569	0.000516	-0.003462	0.001602	4016.000000	199.223493	0.829109	0.003159	-0.000458	0.000745	-0.003328	0.001547	4017.000000	199.223493	0.829456	0.003800	0.001029	0.000574	-0.003058	0.001380
4960	0.830363	0.002536	-0.000486	0.000392	-0.004051	0.000730	4019.000000	199.223493	0.829437	0.003543	-0.000268	0.000491	-0.003125	0.001666	4020.000000	199.223493	0.830305	0.003018	-0.000936	0.000653	-0.002151	0.001866
4963	0.830806	0.002233	0.000131	0.000436	-0.003096	0.001559	4022.000000	199.223493	0.832002	0.002494	0.000777	0.000531	-0.001399	0.001275	4023.000000	199.223493	0.833931	0.002313	-0.001129	0.000741	-0.000530	0.001787
4966	0.834201	0.001101	0.000028	0.000668	-0.000646	0.001480	4025.000000	199.223493	0.833025	0.002046	0.000820	0.000322	0.001389	0.001729	4026.000000	199.223493	0.832793	0.001480	0.000256	0.000368	-0.000579	0.001457
4969	0.835802	0.001470	0.000470	0.001075	0.000550	0.001739	4028.000000	199.223493	0.835648	0.001121	0.000049	0.000248	0.003038	0.001296	4029.000000	199.223493	0.833063	0.001366	0.000268	0.000224	0.000492	0.001076
4972	0.830151	0.002529	0.000965	0.000150	0.001669	0.001510	4031.000000	199.223493	0.830324	0.003291	0.000981	0.000362	0.001852	0.001511	4032.000000	199.223493	0.831983	0.003585	0.000226	0.000477	0.001939	0.001114
4975	0.832176	0.003057	0.000285	0.000193	0.000434	0.001070	4034.000000	199.223493	0.830440	0.002616	-0.000256	0.000650	0.000241	0.000621	4035.000000	199.223493	0.831076	0.003349	0.000436	0.000268	-0.001562	0.000996
4978	0.829417	0.003249	-0.000471	0.000610	-0.002238	0.001863	4037.000000	199.223493	0.829977	0.003092	-0.001079	0.000879	-0.000280	0.001971	4038.000000	199.223493	0.828858	0.002758	0.000093	0.000763	-0.000096	0.002445
4981	0.830459	0.003171	-0.000490	0.000447	-0.000839	0.002044	4040.000000	199.223493	0.830189	0.003867	-0.000831	0.000474	-0.001206	0.003224	4041.000000	199.223493	0.833083	0.003388	-0.000879	0.000808	0.000183	0.002903
4984	0.834761	0.003434	-0.000444	0.000819	0.001620	0.002531	4043.000000	199.223493	0.831713	0.003807	-0.001345	0.000580	0.001553	0.002335	4044.000000	199.223493	0.830170	0.003765	0.000171	0.000703	0.000849	0.001973
4987	0.831211	0.002774	0.000158	0.000725	0.001591	0.001569	4046.000000	199.223493	0.830382	0.002629	-0.000177	0.000770	0.002267	0.001366	4047.000000	199.223493	0.831636	0.002071	0.000253	0.000304	0.000415	0.001551
4990	0.834008	0.001730	-0.000200	0.000321	-0.000965	0.001471	4049.000000	199.223493	0.832678	0.002130	-0.000136	0.000747	0.001794	0.001899	4050.000000	199.223493	0.833372	0.002053	0.000901	0.000513	0.001206	0.002833
4993	0.830459	0.001958	0.000276	0.001055	0.000974	0.002571	4052.000000	199.223493	0.832137	0.001169	0.000793	0.000664	0.000328	0.000722	4053.000000	199.223493	0.830806	0.002332	0.001333	0.000653	0.001215	0.001332
4996	0.832735	0.002894	0.000743	0.000947	0.002421	0.001746	4055.000000	199.223493	0.833411	0.002798	-0.000239	0.001060	0.000106	0.001642	4056.000000	199.223493	0.837346	0.002599	-0.000009	0.000562	0.001553	0.001375
