# tiempo	mean_var1	std_var1	mean_var2	std_var2	mean_var3	std_var3	mean_var4	std_var4	mean_var5	std_var5	mean_var6	std_var6	mean_var7	std_var7	mean_var8	std_var8	mean_var9	std_var9	mean_var10	std_var10	mean_var11	std_var11
1573	0.857369	0.025958	0.123223	0.110111	-0.198833	0.176906	632.000000	199.223493	0.855903	0.023291	0.109960	0.098575	-0.197521	0.174660	633.000000	199.223493	0.853800	0.021744	0.090604	0.080703	-0.192930	0.171620
1576	0.853260	0.020613	0.079055	0.070630	-0.190403	0.167670	635.000000	199.223493	0.852701	0.018803	0.067442	0.060283	-0.185561	0.163328	636.000000	199.223493	0.851370	0.017522	0.052137	0.047485	-0.179273	0.159413
1579	0.847801	0.015906	0.041286	0.037627	-0.174460	0.154488	638.000000	199.223493	0.846817	0.015591	0.042471	0.037591	-0.167544	0.149656	639.000000	199.223493	0.845660	0.014714	0.034804	0.031203	-0.161150	0.144268
1582	0.843191	0.014629	0.026287	0.023846	-0.154938	0.138746	641.000000	199.223493	0.843712	0.012581	0.022058	0.020058	-0.150067	0.132620	642.000000	199.223493	0.840953	0.012703	0.020547	0.019791	-0.142159	0.127126
1585	0.841648	0.011059	0.015850	0.014317	-0.135272	0.120602	644.000000	199.223493	0.839275	0.011068	0.012455	0.010945	-0.126283	0.114915	645.000000	199.223493	0.840374	0.010084	0.010901	0.009661	-0.118962	0.108352
1588	0.841069	0.008393	0.007166	0.006677	-0.116233	0.101661	647.000000	199.223493	0.840143	0.008198	0.006608	0.005954	-0.109144	0.096175	648.000000	199.223493	0.840220	0.007501	0.005584	0.005300	-0.102662	0.091074
1591	0.842052	0.006275	0.002557	0.004081	-0.097097	0.086247	650.000000	199.223493	0.839294	0.004704	0.002870	0.003048	-0.091657	0.081255	651.000000	199.223493	0.835667	0.006315	0.002458	0.002391	-0.086941	0.075896
1594	0.834664	0.006363	0.001442	0.001228	-0.082668	0.071586	653.000000	199.223493	0.831539	0.005635	0.000955	0.000587	-0.078742	0.066399	654.000000	199.223493	0.834298	0.004412	0.001275	0.000391	-0.073476	0.061800
1597	0.833681	0.003031	0.000531	0.000416	-0.064844	0.058862	656.000000	199.223493	0.832542	0.003470	0.000974	0.000468	-0.060542	0.054241	657.000000	199.223493	0.829533	0.003155	-0.000542	0.000587	-0.055970	0.050167
1600	0.828106	0.002663	0.000841	0.000435	-0.050714	0.046201	659.000000	199.223493	0.828974	0.003203	-0.000067	0.000309	-0.046962	0.042513	660.000000	199.223493	0.828395	0.004028	-0.000669	0.000658	-0.044358	0.039943
1603	0.829880	0.003656	0.000681	0.000712	-0.042776	0.035648	662.000000	199.223493	0.830208	0.003772	-0.000256	0.000738	-0.039660	0.032812	663.000000	199.223493	0.832118	0.002762	0.000976	0.000754	-0.037153	0.030055
1606	0.831481	0.002089	0.001186	0.000189	-0.034799	0.029641	665.000000	199.223493	0.833700	0.002133	0.001570	0.000434	-0.032784	0.028368	666.000000	199.223493	0.829244	0.002563	0.000583	0.000467	-0.030228	0.026235
1609	0.828955	0.001360	0.001096	0.000572	-0.028762	0.024019	668.000000	199.223493	0.829263	0.001368	0.000469	0.000620	-0.024604	0.022228	669.000000	199.223493	0.828588	0.002282	0.000932	0.000592	-0.023042	0.020369
1612	0.828569	0.002606	-0.000373	0.000503	-0.020457	0.018762	671.000000	199.223493	0.829495	0.002233	-0.000120	0.000529	-0.017313	0.017057	672.000000	199.223493	0.830980	0.001373	0.000623	0.000459	-0.016185	0.015399
1615	0.833777	0.002088	-0.001290	0.000626	-0.013358	0.013567	674.000000	199.223493	0.834780	0.002981	-0.000252	0.000277	-0.010166	0.012649	675.000000	199.223493	0.836381	0.003649	-0.000598	0.000425	-0.009915	0.010771
1618	0.835031	0.004279	-0.001036	0.000581	-0.008768	0.009725	677.000000	199.223493	0.836092	0.003989	0.000183	0.000695	-0.007890	0.009298	678.000000	199.223493	0.835706	0.003732	0.000073	0.000565	-0.006530	0.008979
1621	0.832214	0.003946	0.000288	0.000702	-0.007427	0.007778	680.000000	199.223493	0.833816	0.003298	-0.000390	0.000712	-0.007089	0.007373	681.000000	199.223493	0.828704	0.004050	-0.000030	0.000663	-0.006858	0.006695
1624	0.829630	0.004380	-0.000146	0.000910	-0.006771	0.006214	683.000000	199.223493	0.830980	0.004667	-0.000017	0.000412	-0.006858	0.005441	684.000000	199.223493	0.829649	0.004227	-0.000830	0.000434	-0.005556	0.004974
1627	0.829977	0.005381	0.000150	0.000683	-0.005517	0.004975	686.000000	199.223493	0.826871	0.004858	0.000165	0.000587	-0.005295	0.004122	687.000000	199.223493	0.827334	0.004216	-0.000234	0.000379	-0.003260	0.004852
1630	0.828318	0.005166	-0.000271	0.000739	-0.003067	0.003618	689.000000	199.223493	0.827681	0.003632	0.000653	0.000398	-0.003820	0.002994	690.000000	199.223493	0.826833	0.003578	-0.000262	0.000429	-0.004369	0.002130
1633	0.826370	0.002405	0.000792	0.000513	-0.006057	0.002651	692.000000	199.223493	0.825965	0.002569	-0.000394	0.000519	-0.002990	0.002397	693.000000	199.223493	0.826910	0.002431	-0.000462	0.000389	-0.004282	0.001832
1636	0.829089	0.002265	0.000611	0.000447	-0.004379	0.002596	695.000000	199.223493	0.825752	0.002047	-0.000364	0.000307	-0.004080	0.002653	696.000000	199.223493	0.825907	0.001580	0.000257	0.000308	-0.002845	0.003138
1639	0.825502	0.001463	-0.000062	0.000376	-0.003135	0.003172	698.000000	199.223493	0.825501	0.001224	0.000590	0.000363	-0.003993	0.002723	699.000000	199.223493	0.828607	0.001229	-0.000308	0.000358	-0.005372	0.002613
1642	0.827430	0.001229	-0.000264	0.000278	-0.006154	0.002779	701.000000	199.223493	0.829147	0.001419	-0.000421	0.000365	-0.003559	0.002469	702.000000	199.223493	0.830961	0.002266	-0.000022	0.000310	-0.001678	0.002651
1645	0.830690	0.001572	-0.000136	0.000351	-0.002479	0.002686	704.000000	199.223493	0.830247	0.001457	-0.000581	0.000380	-0.003376	0.001898	705.000000	199.223493	0.831076	0.001536	-0.000123	0.000957	-0.003337	0.002188
1648	0.831154	0.001746	0.001360	0.000407	-0.001948	0.001766	707.000000	199.223493	0.830266	0.002468	-0.000264	0.000373	-0.001813	0.001602	708.000000	199.223493	0.830825	0.002382	0.000711	0.000308	-0.002151	0.001895
1651	0.828491	0.001688	0.000239	0.000419	-0.003067	0.001820	710.000000	199.223493	0.828087	0.002531	-0.000170	0.000480	-0.002170	0.002628	711.000000	199.223493	0.827720	0.002989	0.000049	0.000494	-0.000000	0.001860
1654	0.827546	0.001811	0.000203	0.000824	0.000531	0.001742	713.000000	199.223493	0.828530	0.001932	-0.000349	0.000322	-0.000984	0.002273	714.000000	199.223493	0.827527	0.001941	-0.000228	0.000532	0.000733	0.001892
1657	0.826987	0.003325	0.000443	0.000573	0.000405	0.001269	716.000000	199.223493	0.826177	0.002304	0.000641	0.000544	0.000974	0.001581	717.000000	199.223493	0.826755	0.001854	-0.000823	0.000657	0.000048	0.002413
1660	0.826408	0.002458	0.000416	0.000391	0.001591	0.001496	719.000000	199.223493	0.826235	0.002822	0.000560	0.000652	-0.000502	0.001482	720.000000	199.223493	0.824923	0.002343	-0.000270	0.000337	-0.000048	0.001763
1663	0.825637	0.002823	0.000612	0.000594	0.001505	0.001164	722.000000	199.223493	0.826987	0.003057	0.000735	0.000671	-0.000241	0.001051	723.000000	199.223493	0.824846	0.004184	0.000116	0.000352	-0.000154	0.001873
1666	0.824479	0.005604	0.000882	0.000268	-0.000984	0.002617	725.000000	199.223493	0.824614	0.004031	0.000886	0.000423	-0.000752	0.001924	726.000000	199.223493	0.825019	0.004047	-0.000090	0.000302	0.000772	0.002584
1669	0.828318	0.003284	-0.000213	0.000432	0.000395	0.001734	728.000000	199.223493	0.828665	0.004191	-0.000421	0.000424	0.000280	0.002212	729.000000	199.223493	0.830363	0.003451	0.000273	0.000515	0.001022	0.002786
1672	0.830208	0.003040	-0.000933	0.000415	0.001562	0.002082	731.000000	199.223493	0.828839	0.002472	0.000412	0.000502	0.000820	0.002040	732.000000	199.223493	0.829070	0.001230	0.000203	0.000453	0.001620	0.001571
1675	0.828453	0.001050	-0.000062	0.000242	0.000569	0.001240	734.000000	199.223493	0.827739	0.001704	-0.000132	0.000348	0.000569	0.001404	735.000000	199.223493	0.826890	0.002103	0.000060	0.000360	0.001399	0.001699
1678	0.826929	0.002348	0.000451	0.000544	0.000444	0.001061	737.000000	199.223493	0.826369	0.002876	-0.000257	0.000325	0.000849	0.000942	738.000000	199.223493	0.826814	0.003766	-0.000304	0.000283	-0.000029	0.001951
1681	0.827353	0.003443	-0.001338	0.000294	0.001206	0.000574	740.000000	199.223493	0.827874	0.003993	-0.001054	0.000605	-0.000019	0.001269	741.000000	199.223493	0.826582	0.002687	-0.000099	0.000323	0.001457	0.001402
1684	0.827295	0.003011	-0.000076	0.000764	-0.000212	0.002158	743.000000	199.223493	0.827604	0.003574	-0.001325	0.000492	-0.000955	0.002960	744.000000	199.223493	0.831173	0.002741	-0.000119	0.000250	-0.002286	0.001583
1687	0.830478	0.003676	0.000033	0.000306	-0.000897	0.001634	746.000000	199.223493	0.831655	0.004136	-0.000256	0.000443	-0.001476	0.001304	747.000000	199.223493	0.832465	0.003755	-0.000517	0.000299	-0.001370	0.000891
1690	0.831173	0.002651	0.000378	0.000497	-0.001495	0.001338	749.000000	199.223493	0.828607	0.003309	-0.000630	0.000391	0.001225	0.001437	750.000000	199.223493	0.831289	0.003691	-0.000215	0.000587	0.000685	0.001625
1693	0.830729	0.003531	0.000040	0.000392	0.001167	0.001764	752.000000	199.223493	0.828800	0.003978	-0.000573	0.000792	-0.000415	0.001034	753.000000	199.223493	0.830343	0.003732	-0.001111	0.000362	-0.000241	0.001657
1696	0.832870	0.003213	-0.000545	0.000924	0.000839	0.002423	755.000000	199.223493	0.829919	0.003631	0.000580	0.000827	0.002778	0.002050	756.000000	199.223493	0.831655	0.003912	-0.000147	0.000800	0.001534	0.002624
1699	0.831347	0.004111	0.000198	0.000177	0.002247	0.002663	758.000000	199.223493	0.830710	0.004395	0.000594	0.000644	0.003135	0.002773	759.000000	199.223493	0.830826	0.004420	0.000676	0.000614	0.001707	0.001970
1702	0.831501	0.004157	0.000144	0.000240	0.000096	0.002901	761.000000	199.223493	0.832176	0.002707	0.000280	0.000342	0.000096	0.002269	762.000000	199.223493	0.830420	0.002956	0.000066	0.000480	0.001601	0.002070
1705	0.831559	0.002919	-0.000557	0.000332	0.001292	0.001438	764.000000	199.223493	0.831674	0.003298	0.000299	0.000335	0.000309	0.001430	765.000000	199.223493	0.832523	0.002022	-0.000373	0.000501	-0.001765	0.001720
1708	0.832716	0.002141	-0.000469	0.000679	-0.001456	0.001820	767.000000	199.223493	0.832272	0.002885	0.000672	0.000673	-0.000386	0.001592	768.000000	199.223493	0.830131	0.003850	-0.000182	0.000298	-0.000203	0.000848
1711	0.829900	0.003615	-0.000120	0.000347	-0.001273	0.001356	770.000000	199.223493	0.829398	0.003607	-0.000487	0.000654	0.000405	0.001901	771.000000	199.223493	0.826678	0.002108	0.000609	0.000352	0.000087	0.001522
1714	0.823264	0.001602	-0.000009	0.000359	0.002180	0.002098	773.000000	199.223493	0.821104	0.001672	-0.000172	0.000379	0.000338	0.001478	774.000000	199.223493	0.824093	0.001230	-0.000375	0.000361	-0.001707	0.001758
1717	0.824634	0.002147	-0.000480	0.000694	-0.001697	0.003163	776.000000	199.223493	0.827758	0.002196	0.000194	0.000515	-0.000646	0.003785	777.000000	199.223493	0.824653	0.001800	0.000736	0.000583	-0.000511	0.002559
1720	0.824440	0.001878	-0.000277	0.000484	-0.000588	0.001636	779.000000	199.223493	0.824749	0.002387	0.000300	0.000736	0.000685	0.001889	780.000000	199.223493	0.826080	0.001966	-0.000339	0.000497	0.002170	0.001686
1723	0.827855	0.002390	0.000462	0.000719	0.001784	0.001511	782.000000	199.223493	0.829996	0.002951	0.000710	0.000938	0.001244	0.000732	783.000000	199.223493	0.827026	0.003484	0.000108	0.000894	0.000829	0.001138
1726	0.829494	0.003010	0.000535	0.000521	0.001264	0.000671	785.000000	199.223493	0.825463	0.003734	-0.000015	0.000378	0.001167	0.001305	786.000000	199.223493	0.826292	0.003648	0.000244	0.000403	-0.000145	0.002022
1729	0.828549	0.002468	0.000542	0.000256	0.000289	0.002132	788.000000	199.223493	0.830112	0.002975	0.000849	0.000481	-0.001350	0.001393	789.000000	199.223493	0.830401	0.003073	0.000076	0.000754	0.001341	0.001918
1732	0.829610	0.004196	-0.000214	0.000513	0.002151	0.001756	791.000000	199.223493	0.831482	0.003347	0.000437	0.000531	0.001476	0.001830	792.000000	199.223493	0.832022	0.002678	0.000626	0.000289	0.002305	0.002162
1735	0.832909	0.002621	0.001191	0.000234	0.001485	0.001357	794.000000	199.223493	0.831077	0.003214	0.000786	0.000842	0.000260	0.001626	795.000000	199.223493	0.834491	0.001859	0.000838	0.000723	-0.000183	0.001244
1738	0.831597	0.001823	0.000985	0.000346	-0.001765	0.001167	797.000000	199.223493	0.831809	0.001164	0.000715	0.000836	-0.001939	0.001230	798.000000	199.223493	0.833314	0.001297	0.000476	0.000670	-0.003222	0.001869
1741	0.831520	0.001426	-0.000010	0.000730	-0.002758	0.001688	800.000000	199.223493	0.830922	0.001584	-0.000180	0.000583	-0.000396	0.001620	801.000000	199.223493	0.829012	0.002760	0.000511	0.000348	-0.000434	0.001567
1744	0.829977	0.003213	0.000339	0.000616	0.000974	0.001739	803.000000	199.223493	0.832195	0.003353	-0.000030	0.000538	-0.001225	0.001423	804.000000	199.223493	0.834722	0.004051	0.000652	0.000358	-0.001418	0.001850
1747	0.835127	0.003525	0.001542	0.000499	-0.000588	0.001647	806.000000	199.223493	0.833237	0.002406	-0.000253	0.000181	-0.001090	0.001948	807.000000	199.223493	0.832407	0.002933	-0.001106	0.000521	0.002045	0.002374
1750	0.833295	0.002613	-0.001521	0.000789	-0.000318	0.002898	809.000000	199.223493	0.833758	0.002298	-0.000919	0.000619	-0.001755	0.002198	810.000000	199.223493	0.836420	0.002065	-0.000100	0.000597	-0.000482	0.001996
1753	0.833931	0.002861	0.000467	0.000533	-0.000579	0.002039	812.000000	199.223493	0.835629	0.001994	0.000581	0.000397	0.001099	0.002323	813.000000	199.223493	0.834992	0.002199	0.000435	0.000559	0.000637	0.002032
1756	0.836285	0.001678	-0.000152	0.000347	0.000752	0.001602	815.000000	199.223493	0.835571	0.001882	-0.000087	0.000438	0.002884	0.001482	816.000000	199.223493	0.836323	0.000764	0.000024	0.000304	0.001842	0.001509
1759	0.837133	0.001813	-0.000568	0.000651	0.000916	0.001581	818.000000	199.223493	0.835340	0.001369	0.000144	0.000582	-0.001167	0.001604	819.000000	199.223493	0.833816	0.001369	0.000108	0.000408	0.001264	0.001277
1762	0.832755	0.002041	0.000383	0.000529	0.002700	0.001475	821.000000	199.223493	0.832041	0.001067	0.000444	0.000361	0.000994	0.001113	822.000000	199.223493	0.829128	0.000766	0.000686	0.000524	0.000174	0.001761
1765	0.830555	0.001092	0.001664	0.000553	0.000617	0.001971	824.000000	199.223493	0.829552	0.001056	0.000533	0.000516	0.000955	0.001548	825.000000	199.223493	0.827874	0.001050	-0.000001	0.000387	0.001418	0.002540
1768	0.826543	0.001745	0.000612	0.000711	0.001302	0.001113	827.000000	199.223493	0.828916	0.002834	-0.000205	0.000803	0.002402	0.002019	828.000000	199.223493	0.832793	0.001370	-0.000894	0.000761	0.002103	0.001748
1771	0.834259	0.002866	-0.000945	0.000307	0.001244	0.001439	830.000000	199.223493	0.832793	0.003454	-0.000065	0.000503	0.001707	0.001046	831.000000	199.223493	0.831231	0.002808	0.000469	0.000755	0.002363	0.001246
1774	0.831038	0.003805	0.000899	0.000708	0.000569	0.001176	833.000000	199.223493	0.829437	0.002200	0.000441	0.000570	0.002633	0.000521	834.000000	199.223493	0.827971	0.002609	0.000630	0.000789	0.000965	0.001206
1777	0.827064	0.002458	0.000199	0.000808	-0.000830	0.000825	836.000000	199.223493	0.828260	0.002848	0.000113	0.000726	-0.000492	0.000691	837.000000	199.223493	0.830613	0.002842	-0.000104	0.000623	-0.002247	0.000548
1780	0.830015	0.003792	-0.000053	0.000854	0.001910	0.001577	839.000000	199.223493	0.828491	0.004241	-0.000385	0.001088	0.001601	0.001416	840.000000	199.223493	0.827874	0.004107	0.000221	0.000899	0.001408	0.001325
1783	0.830035	0.004234	0.000668	0.000130	0.001263	0.001487	842.000000	199.223493	0.831829	0.003961	0.000561	0.000936	0.002344	0.001607	843.000000	199.223493	0.833526	0.003259	0.000347	0.000758	0.000579	0.002827
1786	0.831771	0.004661	0.000915	0.000825	0.001293	0.002624	845.000000	199.223493	0.831250	0.003790	-0.000275	0.000275	0.001939	0.001789	846.000000	199.223493	0.828356	0.001949	-0.000492	0.000425	0.000878	0.002000
1789	0.829861	0.001919	-0.000701	0.000625	-0.001051	0.002296	848.000000	199.223493	0.827778	0.001888	-0.000076	0.000790	0.001051	0.002357	849.000000	199.223493	0.828434	0.001065	0.000685	0.000555	0.001813	0.002660
1792	0.828974	0.001259	-0.000221	0.000556	0.001524	0.002336	851.000000	199.223493	0.830035	0.002237	0.000031	0.000222	0.002209	0.002725	852.000000	199.223493	0.831443	0.002794	-0.000531	0.000610	0.003212	0.002684
1795	0.830961	0.002474	-0.000804	0.000552	0.003241	0.002439	854.000000	199.223493	0.829707	0.002192	-0.000459	0.000599	0.002807	0.003314	855.000000	199.223493	0.829957	0.002225	-0.000688	0.000416	0.002238	0.003366
1798	0.832928	0.003156	-0.000699	0.000737	0.002286	0.002567	857.000000	199.223493	0.831983	0.001667	0.000074	0.000259	0.000241	0.002799	858.000000	199.223493	0.831558	0.002359	-0.000245	0.000320	0.001611	0.002602
1801	0.834780	0.001773	0.000330	0.000541	0.001071	0.002323	860.000000	199.223493	0.834896	0.001264	-0.000240	0.000730	0.000087	0.002599	861.000000	199.223493	0.831559	0.001754	-0.000370	0.000506	-0.000106	0.003033
1804	0.829668	0.001492	0.000345	0.000376	0.000627	0.002567	863.000000	199.223493	0.830498	0.001068	0.000438	0.000288	-0.000309	0.002811	864.000000	199.223493	0.833295	0.001074	-0.000528	0.000465	0.000135	0.001525
1807	0.834047	0.002350	0.000271	0.000307	-0.001273	0.002252	866.000000	199.223493	0.832812	0.002264	0.000979	0.000510	0.000328	0.001661	867.000000	199.223493	0.830054	0.002689	-0.000099	0.000484	0.001823	0.001967
1810	0.831887	0.000840	0.000764	0.000229	0.000058	0.001728	869.000000	199.223493	0.830652	0.002686	-0.000347	0.000411	-0.001447	0.002085	870.000000	199.223493	0.833681	0.002625	-0.000088	0.000492	-0.000318	0.003043
1813	0.834510	0.001416	-0.001489	0.000512	0.000579	0.002059	872.000000	199.223493	0.836150	0.002509	-0.000342	0.000576	-0.000154	0.002119	873.000000	199.223493	0.835417	0.003986	0.000463	0.000870	-0.000328	0.002146
1816	0.837326	0.003262	-0.000429	0.000539	-0.001051	0.001433	875.000000	199.223493	0.836709	0.003012	0.000228	0.000472	-0.000386	0.001177	876.000000	199.223493	0.834433	0.001866	-0.000366	0.000796	0.000212	0.001111
1819	0.831713	0.001627	-0.000198	0.000524	-0.001003	0.002070	878.000000	199.223493	0.830575	0.002056	0.000600	0.000703	-0.001900	0.002288	879.000000	199.223493	0.829938	0.001656	-0.000224	0.000401	-0.002257	0.002390
1822	0.831192	0.001546	-0.000248	0.000232	-0.000116	0.002078	881.000000	199.223493	0.829880	0.001560	-0.000096	0.000241	-0.000357	0.002569	882.000000	199.223493	0.831655	0.002249	-0.000824	0.000618	0.000743	0.001985
1825	0.831540	0.003011	-0.000652	0.000353	0.001418	0.002233	884.000000	199.223493	0.830555	0.002067	-0.000235	0.000575	0.000125	0.002680	885.000000	199.223493	0.832272	0.003186	0.000158	0.000498	0.000232	0.002363
1828	0.831829	0.002439	0.000971	0.000555	-0.000125	0.002446	887.000000	199.223493	0.830421	0.003180	0.000222	0.000417	0.001437	0.002236	888.000000	199.223493	0.830787	0.003246	-0.000233	0.000380	0.000126	0.002227
1831	0.834780	0.004009	0.000389	0.000083	-0.000260	0.001981	890.000000	199.223493	0.835455	0.004858	0.000857	0.000436	0.000097	0.001308	891.000000	199.223493	0.833951	0.003098	-0.000145	0.000534	0.000646	0.001153
1834	0.833198	0.002936	0.000150	0.000560	0.001534	0.001734	893.000000	199.223493	0.831886	0.002515	0.000401	0.000330	0.002344	0.000776	894.000000	199.223493	0.834375	0.002029	-0.000155	0.000486	0.000936	0.001176
1837	0.831501	0.001804	0.000190	0.000341	0.001621	0.001059	896.000000	199.223493	0.833719	0.001349	-0.000392	0.000921	0.002594	0.001673	897.000000	199.223493	0.833931	0.001457	0.000347	0.001350	0.003424	0.001142
1840	0.834510	0.000814	-0.000552	0.000608	0.002498	0.001462	899.000000	199.223493	0.832677	0.001124	-0.000245	0.000654	0.001572	0.000864	900.000000	199.223493	0.834375	0.001639	-0.000588	0.000435	0.002160	0.000941
1843	0.832427	0.002135	0.000279	0.000357	0.000830	0.001419	902.000000	199.223493	0.832677	0.002083	0.000068	0.000351	0.002971	0.002544	903.000000	199.223493	0.832388	0.001964	-0.000651	0.000760	0.000637	0.002676
1846	0.832890	0.001231	-0.001110	0.000656	0.000309	0.002690	905.000000	199.223493	0.830729	0.001960	0.000295	0.000501	-0.000559	0.002844	906.000000	199.223493	0.830710	0.001554	-0.000233	0.000285	-0.001254	0.001631
1849	0.828858	0.001770	-0.000442	0.000371	-0.000897	0.002147	908.000000	199.223493	0.827797	0.001653	-0.000784	0.000340	-0.001688	0.001373	909.000000	199.223493	0.830421	0.001889	-0.000357	0.000562	-0.001572	0.002099
1852	0.833218	0.001000	0.000907	0.000466	-0.000540	0.001646	911.000000	199.223493	0.834838	0.001622	0.000810	0.000564	0.001215	0.001949	912.000000	199.223493	0.833950	0.002172	0.000791	0.000368	0.000511	0.001393
1855	0.831848	0.001739	0.000091	0.000351	-0.000174	0.001332	914.000000	199.223493	0.832022	0.001345	0.000521	0.000471	-0.000935	0.001613	915.000000	199.223493	0.833237	0.000705	-0.000313	0.000640	0.000598	0.001926
1858	0.833449	0.001550	0.000685	0.000348	0.001109	0.002366	917.000000	199.223493	0.832832	0.002249	0.000652	0.000833	0.000665	0.002527	918.000000	199.223493	0.831462	0.002744	-0.000009	0.000524	0.001630	0.002664
1861	0.830729	0.002341	0.000677	0.000901	0.001958	0.002443	920.000000	199.223493	0.832292	0.002372	0.000469	0.000524	0.002373	0.002896	921.000000	199.223493	0.833198	0.002079	-0.000093	0.000559	0.004041	0.002484
1864	0.832600	0.003633	0.000019	0.000443	0.000791	0.003256	923.000000	199.223493	0.832562	0.003746	0.001175	0.000307	-0.000743	0.003562	924.000000	199.223493	0.831520	0.004109	0.000093	0.000320	0.001640	0.003157
1867	0.827585	0.004031	-0.000259	0.000457	0.001418	0.003263	926.000000	199.223493	0.832349	0.002666	0.000111	0.000540	0.001823	0.001903	927.000000	199.223493	0.831096	0.002557	0.000668	0.000441	0.001572	0.002233
1870	0.831153	0.001495	-0.000015	0.000482	0.000945	0.001983	929.000000	199.223493	0.834414	0.001955	0.000626	0.000164	0.002556	0.001577	930.000000	199.223493	0.834896	0.002312	0.000371	0.000735	-0.000560	0.001674
1873	0.830363	0.002477	0.000686	0.000282	0.001476	0.001699	932.000000	199.223493	0.830710	0.001646	-0.000656	0.000380	0.000357	0.001209	933.000000	199.223493	0.832658	0.000984	0.000417	0.000347	-0.001919	0.001508
1876	0.834066	0.002151	-0.000039	0.000413	-0.000868	0.001963	935.000000	199.223493	0.832138	0.002545	0.000053	0.000520	-0.002768	0.001450	936.000000	199.223493	0.832947	0.002183	0.000942	0.000599	-0.000048	0.000757
1879	0.831790	0.002526	0.000731	0.000480	-0.001042	0.002067	938.000000	199.223493	0.828549	0.002094	-0.000429	0.000712	-0.000858	0.002425	939.000000	199.223493	0.827199	0.001129	-0.000486	0.000333	-0.001331	0.002668
1882	0.829051	0.001692	0.000785	0.000459	-0.003810	0.003376	941.000000	199.223493	0.833411	0.002354	0.000498	0.000951	0.000019	0.003173	942.000000	199.223493	0.833333	0.002702	0.000410	0.000651	0.001157	0.003535
1885	0.829996	0.002831	0.000183	0.000262	-0.000646	0.002659	944.000000	199.223493	0.829977	0.002741	0.000215	0.000299	-0.001061	0.001811	945.000000	199.223493	0.828877	0.002749	0.000833	0.000403	-0.002691	0.002379
1888	0.829842	0.002625	0.000162	0.000557	-0.001302	0.002220	947.000000	199.223493	0.830536	0.002276	-0.000356	0.000342	-0.002151	0.001726	948.000000	199.223493	0.830671	0.002041	0.000119	0.000500	-0.000463	0.001663
1891	0.831250	0.001921	0.000115	0.000385	-0.002035	0.001996	950.000000	199.223493	0.831211	0.002006	0.000192	0.000531	-0.002228	0.002653	951.000000	199.223493	0.832330	0.002393	-0.000872	0.000472	-0.001148	0.002869
1894	0.830151	0.001320	-0.001107	0.000474	-0.001225	0.002598	953.000000	199.223493	0.829553	0.001958	0.000099	0.000323	-0.000260	0.002122	954.000000	199.223493	0.829360	0.002108	-0.000027	0.000517	0.001061	0.002055
1897	0.826698	0.001875	-0.000175	0.000432	0.000444	0.001983	956.000000	199.223493	0.829572	0.001470	-0.000245	0.000443	-0.002064	0.003020	957.000000	199.223493	0.826852	0.001046	-0.001059	0.000763	-0.000762	0.003995
1900	0.828569	0.000950	-0.000221	0.000228	-0.000617	0.003595	959.000000	199.223493	0.826755	0.002584	0.000083	0.000320	0.000820	0.003025	960.000000	199.223493	0.828222	0.002260	0.000188	0.000293	0.000511	0.002936
1903	0.832118	0.001530	-0.000347	0.000448	-0.002797	0.002416	962.000000	199.223493	0.831539	0.001680	0.000189	0.000548	-0.001765	0.002439	963.000000	199.223493	0.831385	0.001906	-0.000091	0.000328	-0.001804	0.001926
1906	0.833603	0.002820	-0.001457	0.000667	-0.001659	0.002295	965.000000	199.223493	0.832754	0.002016	-0.000228	0.000327	-0.001061	0.001138	966.000000	199.223493	0.827778	0.002456	-0.000457	0.000551	-0.002701	0.001858
1909	0.826504	0.002070	0.000052	0.000110	-0.003270	0.001711	968.000000	199.223493	0.825559	0.002150	0.000599	0.000496	-0.004552	0.001796	969.000000	199.223493	0.829359	0.001667	0.000718	0.000300	-0.004331	0.001438
1912	0.831154	0.001296	0.000527	0.000417	-0.000010	0.001482	971.000000	199.223493	0.830324	0.002079	0.000581	0.000724	-0.001871	0.002160	972.000000	199.223493	0.827083	0.002078	-0.000767	0.000703	-0.000897	0.001953
1915	0.826215	0.001735	0.000709	0.000420	0.000270	0.001824	974.000000	199.223493	0.827894	0.002625	-0.000444	0.000225	-0.000154	0.001554	975.000000	199.223493	0.826832	0.003893	-0.000658	0.000661	-0.000646	0.001765
1918	0.828646	0.003291	0.000415	0.000674	-0.003279	0.001935	977.000000	199.223493	0.828472	0.003274	0.000390	0.000336	-0.004070	0.002120	978.000000	199.223493	0.829263	0.003111	0.001489	0.000478	-0.004003	0.001343
1921	0.829205	0.002759	0.001316	0.000201	-0.001939	0.001479	980.000000	199.223493	0.831057	0.002842	0.001182	0.000353	-0.002749	0.002565	981.000000	199.223493	0.825984	0.002169	-0.000151	0.000406	-0.002248	0.002000
1924	0.827180	0.001513	0.000914	0.000564	-0.002778	0.001874	983.000000	199.223493	0.827006	0.002025	0.000912	0.000483	-0.000877	0.001619	984.000000	199.223493	0.828433	0.002280	0.001008	0.000556	-0.001881	0.002192
1927	0.827508	0.002829	-0.000445	0.000497	-0.000704	0.001409	986.000000	199.223493	0.829012	0.002475	0.000043	0.000429	0.000916	0.001611	987.000000	199.223493	0.828896	0.002443	0.000754	0.000485	-0.000019	0.001805
1930	0.832986	0.002585	-0.000802	0.000857	0.000974	0.001198	989.000000	199.223493	0.836034	0.002024	-0.000060	0.000375	0.001659	0.002463	990.000000	199.223493	0.837674	0.002549	-0.000974	0.000282	0.000376	0.002035
1933	0.836786	0.002731	-0.001478	0.000464	0.000511	0.001796	992.000000	199.223493	0.836748	0.003546	0.000006	0.000703	0.001148	0.003187	993.000000	199.223493	0.836362	0.003339	-0.000161	0.000558	0.002276	0.002860
1936	0.832677	0.003732	-0.000236	0.000521	0.000993	0.002304	995.000000	199.223493	0.833854	0.003275	-0.000898	0.000721	0.000222	0.002647	996.000000	199.223493	0.830613	0.002914	-0.000419	0.000641	0.000386	0.002095
1939	0.831771	0.002727	-0.000230	0.000923	-0.000299	0.001806	998.000000	199.223493	0.833487	0.002536	0.000173	0.000388	-0.001157	0.001958	999.000000	199.223493	0.831983	0.002306	-0.001094	0.000318	-0.000936	0.001775
1942	0.834375	0.001872	-0.000288	0.000682	-0.000820	0.001713	1001.000000	199.223493	0.831501	0.001897	-0.000075	0.000625	-0.000762	0.001029	1002.000000	199.223493	0.830980	0.001683	-0.000254	0.000371	0.001495	0.001950
1945	0.834144	0.001301	-0.000190	0.000750	0.000077	0.002073	1004.000000	199.223493	0.830826	0.001501	0.000846	0.000319	-0.001157	0.002053	1005.000000	199.223493	0.829167	0.002419	-0.000431	0.000416	-0.001601	0.001640
1948	0.826389	0.002394	0.000695	0.000523	-0.002652	0.002521	1007.000000	199.223493	0.827199	0.001740	-0.000192	0.000571	-0.000396	0.002103	1008.000000	199.223493	0.826890	0.002436	-0.000541	0.000402	-0.001678	0.001961
1951	0.828530	0.002507	-0.000002	0.000238	-0.000704	0.002445	1010.000000	199.223493	0.825907	0.002039	-0.000575	0.000142	-0.000753	0.002284	1011.000000	199.223493	0.825945	0.001582	0.000411	0.000308	-0.000540	0.002222
1954	0.827045	0.001657	-0.000103	0.000389	-0.001051	0.002239	1013.000000	199.223493	0.825386	0.001289	0.000741	0.000368	-0.002006	0.002041	1014.000000	199.223493	0.827315	0.001246	-0.000118	0.000367	-0.003491	0.002135
1957	0.826562	0.001584	-0.000090	0.000261	-0.004311	0.002280	1016.000000	199.223493	0.828530	0.001327	-0.000063	0.000416	-0.001697	0.001724	1017.000000	199.223493	0.829996	0.002018	0.000287	0.000312	-0.001225	0.002492
1960	0.830748	0.001595	-0.000263	0.000295	-0.001563	0.002635	1019.000000	199.223493	0.830189	0.001418	-0.000433	0.000475	-0.002209	0.002087	1020.000000	199.223493	0.830016	0.000815	0.000603	0.001032	-0.002971	0.002241
1963	0.830459	0.001730	0.001765	0.000250	-0.000636	0.001501	1022.000000	199.223493	0.830613	0.002540	-0.000371	0.000372	0.000019	0.001564	1023.000000	199.223493	0.833140	0.002382	0.000741	0.000308	-0.001071	0.001914
1966	0.831655	0.002071	0.000604	0.000447	-0.002334	0.001812	1025.000000	199.223493	0.829803	0.002931	-0.000380	0.000390	-0.001109	0.002682	1026.000000	199.223493	0.829224	0.002973	-0.000471	0.000697	0.000280	0.001888
1969	0.827103	0.001750	0.000015	0.000893	0.001109	0.001749	1028.000000	199.223493	0.828434	0.001921	-0.000608	0.000311	-0.000251	0.002105	1029.000000	199.223493	0.828048	0.002071	-0.000761	0.000577	0.001042	0.001829
1972	0.828511	0.003081	-0.000048	0.000635	0.001447	0.001069	1031.000000	199.223493	0.825347	0.002529	0.000009	0.000651	0.001919	0.001410	1032.000000	199.223493	0.826466	0.001913	-0.000941	0.000694	0.001235	0.001863
1975	0.827816	0.002740	0.000077	0.000314	0.002334	0.001160	1034.000000	199.223493	0.828935	0.002796	0.000461	0.000660	0.000202	0.001288	1035.000000	199.223493	0.827874	0.002605	-0.000606	0.000203	0.000492	0.001413
1978	0.828067	0.002725	-0.000082	0.000825	0.001997	0.000929	1037.000000	199.223493	0.827546	0.002962	0.000556	0.000748	0.000183	0.000787	1038.000000	199.223493	0.826891	0.004345	0.000478	0.000190	0.000666	0.001654
1981	0.827334	0.005826	0.000937	0.000234	0.000260	0.002040	1040.000000	199.223493	0.825405	0.004262	0.000985	0.000450	0.000743	0.001060	1041.000000	199.223493	0.826910	0.004654	0.000331	0.000528	0.002411	0.001669
1984	0.828974	0.003389	0.000489	0.000513	0.001823	0.000866	1043.000000	199.223493	0.829861	0.004063	-0.000020	0.000183	0.001890	0.001571	1044.000000	199.223493	0.830073	0.003514	0.000084	0.000619	0.003009	0.001487
1987	0.828588	0.003318	-0.000653	0.000485	0.002431	0.001347	1046.000000	199.223493	0.829321	0.002425	0.000587	0.000488	0.001524	0.001575	1047.000000	199.223493	0.828414	0.001244	0.000578	0.000333	0.002132	0.001153
1990	0.827045	0.001337	-0.000282	0.000224	0.000675	0.001158	1049.000000	199.223493	0.825868	0.001700	-0.000816	0.000380	0.000386	0.001466	1050.000000	199.223493	0.826138	0.001959	-0.000096	0.000378	0.000781	0.001836
1993	0.827681	0.002463	-0.000046	0.000364	-0.001582	0.001606	1052.000000	199.223493	0.827160	0.003024	-0.000597	0.000342	-0.000878	0.001758	1053.000000	199.223493	0.827585	0.003877	-0.000494	0.000437	-0.001360	0.002332
1996	0.829745	0.003807	-0.000915	0.000415	-0.000482	0.001665	1055.000000	199.223493	0.830189	0.004484	-0.000376	0.000605	-0.000511	0.001629	1056.000000	199.223493	0.829649	0.003485	-0.000553	0.000503	0.000656	0.001983
1999	0.829475	0.003224	-0.000595	0.000767	0.000318	0.001859	1058.000000	199.223493	0.830170	0.003810	-0.001385	0.000460	-0.000675	0.002902	1059.000000	199.223493	0.832793	0.002939	-0.000595	0.000304	-0.002170	0.001547
2002	0.833083	0.003922	0.000086	0.000271	-0.000733	0.001588	1061.000000	199.223493	0.835069	0.004155	0.000554	0.000586	-0.001852	0.001348	1062.000000	199.223493	0.835532	0.003453	-0.000325	0.000360	-0.001553	0.000913
2005	0.833719	0.003162	0.000101	0.000623	-0.003222	0.001202	1064.000000	199.223493	0.831501	0.003171	-0.000498	0.000357	0.000212	0.001718	1065.000000	199.223493	0.833391	0.003415	-0.000615	0.000631	-0.000125	0.002053
2008	0.833295	0.002653	-0.000245	0.000388	0.000434	0.002059	1067.000000	199.223493	0.832619	0.002731	-0.000242	0.000904	-0.001167	0.001299	1068.000000	199.223493	0.832986	0.002698	-0.001269	0.000365	-0.000270	0.001667
2011	0.834144	0.002717	-0.000308	0.000939	0.000569	0.002473	1070.000000	199.223493	0.832369	0.002567	0.000124	0.000757	0.002180	0.002163	1071.000000	199.223493	0.834780	0.003049	-0.000187	0.000810	0.000704	0.002688
2014	0.833295	0.003195	0.000313	0.000220	0.000993	0.002564	1073.000000	199.223493	0.832793	0.003516	0.000823	0.000620	0.002430	0.002691	1074.000000	199.223493	0.833719	0.002735	0.000676	0.000613	0.002141	0.001950
2017	0.833237	0.003170	0.000124	0.000237	0.001350	0.002760	1076.000000	199.223493	0.832620	0.002524	-0.000021	0.000586	0.000955	0.002212	1077.000000	199.223493	0.830961	0.002621	0.000124	0.000481	0.001312	0.002148
2020	0.830980	0.003251	-0.000477	0.000359	-0.000135	0.001849	1079.000000	199.223493	0.830247	0.003933	0.000296	0.000335	-0.001032	0.001703	1080.000000	199.223493	0.832002	0.002315	-0.000137	0.000456	-0.002112	0.001678
2023	0.832099	0.002375	-0.000673	0.000699	-0.002392	0.001984	1082.000000	199.223493	0.833218	0.002142	0.000008	0.000769	-0.000145	0.001482	1083.000000	199.223493	0.831790	0.002494	-0.000199	0.000303	-0.000714	0.001096
2026	0.832253	0.002029	-0.000103	0.000343	-0.000974	0.001282	1085.000000	199.223493	0.830498	0.002986	-0.000410	0.000641	0.000752	0.001694	1086.000000	199.223493	0.826369	0.002282	0.000243	0.000414	0.000039	0.001543
2029	0.823129	0.001630	-0.000259	0.000294	0.001582	0.002401	1088.000000	199.223493	0.822878	0.000994	-0.000617	0.000484	0.000222	0.001528	1089.000000	199.223493	0.822994	0.002046	-0.000803	0.000237	-0.001254	0.001640
2032	0.823708	0.002501	-0.000213	0.000703	-0.000993	0.003149	1091.000000	199.223493	0.824306	0.003009	0.000475	0.000392	0.000116	0.003760	1092.000000	199.223493	0.824209	0.001920	0.001124	0.000467	0.000154	0.002465
2035	0.825579	0.001007	-0.000528	0.000439	-0.000019	0.001436	1094.000000	199.223493	0.826582	0.001177	0.000404	0.000738	0.001813	0.001572	1095.000000	199.223493	0.827758	0.001623	-0.000726	0.000490	0.003115	0.001498
2038	0.828819	0.001832	0.000208	0.000798	0.002614	0.001426	1097.000000	199.223493	0.830594	0.002579	0.000363	0.000944	0.000984	0.000790	1098.000000	199.223493	0.829128	0.002605	0.000080	0.000894	-0.000164	0.001215
2041	0.830401	0.002675	0.000277	0.000420	0.000019	0.001373	1100.000000	199.223493	0.826408	0.003544	0.000291	0.000290	-0.000675	0.002154	1101.000000	199.223493	0.828299	0.003590	0.000051	0.000342	-0.002189	0.002741
2044	0.829861	0.002307	0.000296	0.000356	-0.000926	0.002715	1103.000000	199.223493	0.831076	0.002895	0.000728	0.000512	-0.002440	0.001871	1104.000000	199.223493	0.833044	0.003361	-0.000784	0.000867	-0.000588	0.002820
2047	0.831424	0.004409	-0.000668	0.000490	0.000656	0.002698	1106.000000	199.223493	0.833623	0.003793	-0.000043	0.000687	0.000444	0.002313	1107.000000	199.223493	0.832581	0.002843	0.000330	0.000476	0.000791	0.003060
2050	0.831828	0.002637	0.000951	0.000225	0.000530	0.001897	1109.000000	199.223493	0.831404	0.003215	0.001055	0.000761	-0.000473	0.001938	1110.000000	199.223493	0.834144	0.001864	0.000989	0.000641	-0.000569	0.001472
2053	0.833546	0.001516	0.000634	0.000428	-0.004224	0.001703	1112.000000	199.223493	0.834240	0.001722	0.000898	0.000793	-0.003511	0.001566	1113.000000	199.223493	0.836246	0.001643	0.000342	0.000643	-0.005054	0.001550
2056	0.832350	0.001721	0.000150	0.000752	-0.004186	0.001638	1115.000000	199.223493	0.832080	0.001856	-0.000241	0.000534	-0.000820	0.001791	1116.000000	199.223493	0.830613	0.002575	0.000265	0.000330	-0.001042	0.001807
2059	0.830575	0.003221	0.000084	0.000697	0.000434	0.002134	1118.000000	199.223493	0.832523	0.003287	-0.000591	0.000758	-0.001418	0.001504	1119.000000	199.223493	0.833545	0.004188	0.000606	0.000363	-0.002855	0.002523
2062	0.834838	0.003553	0.001478	0.000534	-0.002006	0.002149	1121.000000	199.223493	0.833873	0.002467	-0.000320	0.000142	-0.001553	0.002158	1122.000000	199.223493	0.833005	0.002754	-0.001171	0.000516	-0.000087	0.003440
2065	0.834144	0.002464	-0.001619	0.000777	-0.001977	0.003634	1124.000000	199.223493	0.833430	0.002364	-0.001636	0.000411	-0.003684	0.002798	1125.000000	199.223493	0.835667	0.002448	0.000012	0.000544	-0.002267	0.002775
2068	0.832716	0.003233	0.000391	0.000551	-0.002392	0.002952	1127.000000	199.223493	0.835127	0.002167	0.000234	0.000204	0.000328	0.002704	1128.000000	199.223493	0.833218	0.002702	0.000979	0.000683	-0.001109	0.002661
2071	0.834876	0.001829	-0.000128	0.000344	-0.000637	0.001800	1130.000000	199.223493	0.834876	0.002415	-0.000404	0.000299	0.000743	0.002100	1131.000000	199.223493	0.834414	0.002077	-0.000263	0.000384	0.000193	0.002229
2074	0.834549	0.003110	-0.000528	0.000647	-0.000231	0.001909	1133.000000	199.223493	0.835166	0.001437	0.000294	0.000586	-0.001977	0.001463	1134.000000	199.223493	0.832832	0.001995	0.000036	0.000446	0.000309	0.001458
2077	0.831810	0.002258	-0.000379	0.000920	0.002681	0.001480	1136.000000	199.223493	0.830806	0.001237	0.000403	0.000353	-0.000328	0.001118	1137.000000	199.223493	0.829244	0.000748	0.000173	0.000520	-0.000357	0.001556
2080	0.830305	0.000937	0.001584	0.000522	0.000907	0.002124	1139.000000	199.223493	0.829128	0.000855	0.000783	0.000501	-0.000473	0.000526	1140.000000	199.223493	0.827604	0.000907	-0.000479	0.000362	0.000482	0.002279
2083	0.826987	0.001708	0.000671	0.000704	0.000636	0.000955	1142.000000	199.223493	0.826717	0.002846	-0.000250	0.000778	0.000791	0.001205	1143.000000	199.223493	0.829823	0.001835	-0.000861	0.000774	0.001293	0.001520
2086	0.832041	0.003048	-0.001165	0.000304	0.000646	0.001116	1145.000000	199.223493	0.830980	0.003234	-0.000228	0.000455	0.000482	0.000679	1146.000000	199.223493	0.827797	0.001406	0.000069	0.000673	0.000415	0.001009
2089	0.826968	0.000533	0.000930	0.000699	-0.002064	0.001393	1148.000000	199.223493	0.827623	0.001306	0.000636	0.000488	0.000270	0.001729	1149.000000	199.223493	0.826890	0.002181	0.000386	0.000821	-0.001369	0.001802
2092	0.827681	0.002353	-0.000295	0.000557	-0.002576	0.000925	1151.000000	199.223493	0.829668	0.002523	0.000224	0.000756	-0.001360	0.000811	1152.000000	199.223493	0.831983	0.002222	0.000507	0.000652	-0.002122	0.000480
2095	0.832754	0.002585	0.000261	0.000737	-0.000849	0.001417	1154.000000	199.223493	0.832079	0.003213	-0.000356	0.001086	0.000135	0.001035	1155.000000	199.223493	0.832504	0.003302	0.000582	0.000882	0.000800	0.001027
2098	0.832774	0.003196	0.000874	0.000164	0.000849	0.001374	1157.000000	199.223493	0.833931	0.003292	0.000607	0.000930	0.001910	0.001531	1158.000000	199.223493	0.835185	0.002844	0.000712	0.000663	0.001032	0.002909
2101	0.834703	0.003792	0.001488	0.000782	0.000434	0.002292	1160.000000	199.223493	0.833449	0.003034	-0.000447	0.000324	0.002450	0.001980	1161.000000	199.223493	0.828993	0.001790	-0.000212	0.000475	0.002537	0.002798
2104	0.831288	0.001184	-0.000496	0.000633	0.000386	0.002953	1163.000000	199.223493	0.830556	0.001586	0.000672	0.000677	0.000685	0.002153	1164.000000	199.223493	0.830961	0.001391	0.000798	0.000534	0.001254	0.002363
2107	0.830633	0.002107	-0.000144	0.000550	0.001225	0.002123	1166.000000	199.223493	0.831018	0.002341	0.000292	0.000384	0.001514	0.002428	1167.000000	199.223493	0.830941	0.002651	-0.000611	0.000600	0.002276	0.002421
2110	0.831308	0.002598	-0.000559	0.000504	0.001736	0.002104	1169.000000	199.223493	0.830594	0.002519	-0.000440	0.000593	0.001264	0.003043	1170.000000	199.223493	0.828569	0.001911	-0.000147	0.000312	0.001640	0.003292
2113	0.830729	0.002056	-0.000620	0.000724	0.002315	0.002571	1172.000000	199.223493	0.829456	0.001031	0.000205	0.000149	0.000010	0.002699	1173.000000	199.223493	0.827739	0.001466	-0.000716	0.000202	0.001813	0.002700
2116	0.831095	0.001977	0.000838	0.000418	0.001591	0.002512	1175.000000	199.223493	0.833314	0.001901	0.000114	0.000669	0.000511	0.002753	1176.000000	199.223493	0.830074	0.001497	0.000086	0.000515	-0.000106	0.003033
2119	0.829687	0.001489	0.001048	0.000361	0.001051	0.002753	1178.000000	199.223493	0.829533	0.001434	0.000996	0.000294	0.000280	0.002947	1179.000000	199.223493	0.830614	0.002415	-0.000488	0.000477	0.000559	0.001565
2122	0.831886	0.003372	-0.000121	0.000292	-0.001109	0.002284	1181.000000	199.223493	0.830227	0.003691	0.000635	0.000317	0.001003	0.001805	1182.000000	199.223493	0.826736	0.003381	-0.000194	0.000440	0.001929	0.001950
2125	0.827874	0.003286	0.000352	0.000169	0.000974	0.001939	1184.000000	199.223493	0.826119	0.003169	-0.000460	0.000368	-0.000935	0.002153	1185.000000	199.223493	0.826948	0.004286	-0.000550	0.000270	0.001591	0.003005
2128	0.829572	0.003181	-0.001392	0.000554	0.002199	0.001968	1187.000000	199.223493	0.835089	0.002918	-0.000410	0.000535	0.002363	0.001693	1188.000000	199.223493	0.833121	0.005126	-0.000166	0.000686	0.002469	0.002067
2131	0.834548	0.004644	-0.001073	0.000294	0.000897	0.002161	1190.000000	199.223493	0.834337	0.003584	0.000279	0.000460	0.000868	0.001510	1191.000000	199.223493	0.833545	0.002263	0.000185	0.000922	0.001524	0.001491
2134	0.831404	0.001855	0.000067	0.000421	0.001476	0.001806	1193.000000	199.223493	0.830344	0.002226	0.000257	0.000748	-0.000328	0.002382	1194.000000	199.223493	0.829630	0.001758	-0.000653	0.000364	-0.000376	0.002807
2137	0.830112	0.001798	0.000111	0.000200	0.001900	0.001992	1196.000000	199.223493	0.830498	0.001632	-0.000421	0.000214	0.002266	0.002491	1197.000000	199.223493	0.830189	0.001939	-0.001036	0.000581	0.002710	0.001534
2140	0.828685	0.002892	-0.000794	0.000377	0.003733	0.001341	1199.000000	199.223493	0.829842	0.001971	-0.000189	0.000582	0.003279	0.001525	1200.000000	199.223493	0.830903	0.002783	0.000397	0.000440	0.002845	0.001949
2143	0.831385	0.002097	0.000363	0.000653	0.002758	0.001713	1202.000000	199.223493	0.829475	0.002531	-0.000437	0.000517	0.003733	0.000875	1203.000000	199.223493	0.829456	0.002646	-0.000481	0.000408	0.001987	0.001414
2146	0.832022	0.003425	0.000465	0.000135	0.001784	0.001750	1205.000000	199.223493	0.832079	0.004054	0.000356	0.000315	0.002093	0.001165	1206.000000	199.223493	0.830208	0.003121	-0.000664	0.000202	0.001698	0.000994
2149	0.830806	0.002118	0.000044	0.000559	0.002421	0.001197	1208.000000	199.223493	0.830035	0.001889	0.000689	0.000256	0.002498	0.000713	1209.000000	199.223493	0.831038	0.002211	0.000063	0.000469	0.001235	0.001139
2152	0.829977	0.002099	0.000384	0.000272	0.002450	0.000768	1211.000000	199.223493	0.831848	0.001783	-0.000244	0.000938	0.002633	0.001663	1212.000000	199.223493	0.831944	0.001039	-0.000413	0.001047	0.003270	0.001218
2155	0.833333	0.000680	-0.000305	0.000644	0.001611	0.001483	1214.000000	199.223493	0.832060	0.001166	-0.000377	0.000635	0.001495	0.000853	1215.000000	199.223493	0.834317	0.001678	-0.000413	0.000487	0.001312	0.000736
2158	0.832060	0.002389	-0.000012	0.000532	0.000010	0.000962	1217.000000	199.223493	0.831327	0.002810	-0.000001	0.000348	0.000598	0.001846	1218.000000	199.223493	0.830903	0.002993	-0.000051	0.000822	-0.001591	0.002116
2161	0.831327	0.002082	-0.001067	0.000666	-0.001649	0.002429	1220.000000	199.223493	0.827971	0.001469	-0.000099	0.000488	-0.003019	0.002613	1221.000000	199.223493	0.828395	0.000937	-0.000330	0.000270	-0.002517	0.001664
2164	0.825907	0.001558	-0.000357	0.000323	-0.002064	0.002259	1223.000000	199.223493	0.825829	0.002501	-0.000935	0.000387	-0.002758	0.001630	1224.000000	199.223493	0.827161	0.002502	-0.000134	0.000518	-0.002537	0.002296
2167	0.830421	0.002976	-0.000101	0.000637	-0.002556	0.002106	1226.000000	199.223493	0.830806	0.003033	0.000155	0.000355	0.001042	0.001962	1227.000000	199.223493	0.829475	0.003728	0.000893	0.000340	0.000636	0.001374
2170	0.828877	0.003058	0.000324	0.000263	-0.000521	0.001434	1229.000000	199.223493	0.829186	0.003150	0.000695	0.000489	-0.001572	0.001817	1230.000000	199.223493	0.830729	0.002767	-0.000181	0.000638	-0.000261	0.001994
2173	0.831346	0.002768	0.000679	0.000351	0.000376	0.002429	1232.000000	199.223493	0.830575	0.003132	0.000457	0.000899	0.000135	0.002455	1233.000000	199.223493	0.829668	0.003292	0.000234	0.000473	0.002672	0.002783
2176	0.830170	0.002538	0.000788	0.000895	0.001794	0.002460	1235.000000	199.223493	0.831289	0.002568	0.000907	0.000385	0.001949	0.002911	1236.000000	199.223493	0.831655	0.002479	-0.000304	0.000576	0.004350	0.002448
2179	0.831366	0.004072	-0.000187	0.000523	0.002392	0.002768	1238.000000	199.223493	0.830922	0.004348	0.000960	0.000414	0.001283	0.002913	1239.000000	199.223493	0.829996	0.004575	0.000262	0.000331	0.003318	0.002689
2182	0.826678	0.004135	0.000139	0.000583	0.003096	0.002681	1241.000000	199.223493	0.830324	0.003184	0.000302	0.000455	0.002054	0.001809	1242.000000	199.223493	0.831366	0.002454	0.000422	0.000476	0.002354	0.001816
2185	0.833449	0.001049	0.000622	0.000771	0.001398	0.001820	1244.000000	199.223493	0.836150	0.001734	0.000219	0.000274	0.002460	0.001599	1245.000000	199.223493	0.836825	0.001509	0.000459	0.000732	-0.000820	0.001737
2188	0.832137	0.002416	0.000804	0.000328	0.000608	0.002058	1247.000000	199.223493	0.832253	0.001614	-0.000323	0.000373	-0.000106	0.001539	1248.000000	199.223493	0.833623	0.000945	0.000497	0.000393	-0.000463	0.000693
2191	0.835050	0.002069	-0.000152	0.000432	0.000723	0.000885	1250.000000	199.223493	0.835012	0.002117	-0.000487	0.000679	-0.001196	0.000627	1251.000000	199.223493	0.837037	0.001686	0.000564	0.000906	0.000530	0.000619
2194	0.836285	0.002824	0.000409	0.000518	-0.001408	0.002129	1253.000000	199.223493	0.833179	0.003304	-0.000910	0.000706	-0.001495	0.002571	1254.000000	199.223493	0.831944	0.003229	-0.001108	0.000332	-0.001013	0.002543
2197	0.834008	0.004036	-0.000195	0.000658	-0.002759	0.003079	1256.000000	199.223493	0.837018	0.001531	0.000196	0.001057	-0.000714	0.003444	1257.000000	199.223493	0.836381	0.002282	-0.000366	0.000901	0.000097	0.003853
2200	0.831366	0.002726	0.000231	0.000252	-0.001215	0.002771	1259.000000	199.223493	0.832080	0.002483	0.000467	0.000263	-0.002026	0.002001	1260.000000	199.223493	0.831674	0.002792	0.001156	0.000544	-0.003405	0.002384
2203	0.831385	0.002236	0.000133	0.000551	-0.002527	0.002137	1262.000000	199.223493	0.831019	0.001916	0.000414	0.000436	-0.002103	0.001733	1263.000000	199.223493	0.830440	0.002207	0.000755	0.000550	-0.001611	0.001852
2206	0.829205	0.002760	0.000538	0.000318	-0.001900	0.001966	1265.000000	199.223493	0.830228	0.002155	0.000231	0.000499	-0.001987	0.002646	1266.000000	199.223493	0.829900	0.003299	-0.000430	0.000322	-0.001312	0.002903
2209	0.829553	0.001448	-0.001088	0.000476	-0.000820	0.002600	1268.000000	199.223493	0.827643	0.001870	0.000306	0.000444	0.000424	0.002165	1269.000000	199.223493	0.826485	0.001647	-0.000410	0.000351	0.002643	0.001832
2212	0.827160	0.001891	-0.000497	0.000402	0.001611	0.001995	1271.000000	199.223493	0.830170	0.001512	-0.000559	0.000428	-0.000231	0.002875	1272.000000	199.223493	0.827623	0.000771	-0.000387	0.001002	0.000945	0.003658
2215	0.829109	0.001118	0.000341	0.000328	0.000444	0.003405	1274.000000	199.223493	0.829051	0.002528	0.000477	0.000510	0.001177	0.002961	1275.000000	199.223493	0.830189	0.002481	0.000588	0.000535	0.001601	0.002730
2218	0.831674	0.001652	0.000421	0.000964	-0.001090	0.002061	1277.000000	199.223493	0.831289	0.001568	0.000236	0.000572	-0.000636	0.002080	1278.000000	199.223493	0.830382	0.001297	0.000538	0.000583	-0.001186	0.001821
2221	0.832851	0.002301	-0.000216	0.000775	-0.000559	0.002107	1280.000000	199.223493	0.832041	0.001496	-0.000345	0.000321	-0.001051	0.001132	1281.000000	199.223493	0.827122	0.001911	-0.000368	0.000547	-0.002855	0.001912
2224	0.827585	0.002909	-0.000371	0.000470	-0.003530	0.001805	1283.000000	199.223493	0.826196	0.002669	0.000192	0.000211	-0.004379	0.001727	1284.000000	199.223493	0.829938	0.002179	0.000401	0.000162	-0.003279	0.001178
2227	0.832060	0.001991	0.000660	0.000376	0.000183	0.001406	1286.000000	199.223493	0.830363	0.002104	0.000922	0.000756	-0.001533	0.002126	1287.000000	199.223493	0.828511	0.003165	-0.000048	0.000665	-0.000791	0.001928
2230	0.829533	0.002090	0.000576	0.000493	0.000019	0.001855	1289.000000	199.223493	0.830941	0.003293	-0.000529	0.000178	0.000193	0.001570	1290.000000	199.223493	0.827103	0.003972	-0.000809	0.000645	0.000106	0.001679
2233	0.828491	0.003253	-0.000072	0.000526	-0.001948	0.001883	1292.000000	199.223493	0.827064	0.002837	-0.000142	0.000262	-0.002517	0.002153	1293.000000	199.223493	0.828086	0.002569	0.000810	0.000476	-0.002190	0.001293
2236	0.830054	0.003272	0.001303	0.000194	-0.000087	0.001379	1295.000000	199.223493	0.831559	0.003011	0.001120	0.000356	-0.002064	0.002604	1296.000000	199.223493	0.828318	0.002892	0.000284	0.000449	-0.001235	0.001892
2239	0.828820	0.001964	0.001394	0.000308	-0.002459	0.001882	1298.000000	199.223493	0.828549	0.002434	0.000298	0.000286	-0.001205	0.001728	1299.000000	199.223493	0.829552	0.002565	0.000814	0.000552	-0.001360	0.002124
2242	0.828395	0.002852	-0.000308	0.000523	-0.000588	0.001422	1301.000000	199.223493	0.826948	0.002376	0.000217	0.000381	0.001717	0.001386	1302.000000	199.223493	0.826350	0.002670	0.000865	0.000396	0.001302	0.001620
2245	0.831520	0.002583	0.000293	0.000518	0.001360	0.001176	1304.000000	199.223493	0.834742	0.001562	0.000181	0.000283	0.001601	0.002469	1305.000000	199.223493	0.835764	0.002081	-0.000999	0.000287	0.000174	0.002015
2248	0.835417	0.002893	-0.000618	0.000532	-0.000289	0.001707	1307.000000	199.223493	0.836593	0.003594	0.000102	0.000704	-0.000887	0.002702	1308.000000	199.223493	0.835262	0.003690	-0.000637	0.000457	0.001765	0.002793
2251	0.833623	0.003304	-0.000623	0.000759	-0.000135	0.002154	1310.000000	199.223493	0.833719	0.003333	-0.001094	0.000703	-0.000376	0.002453	1311.000000	199.223493	0.831829	0.002337	-0.000667	0.000616	-0.000289	0.002029
2254	0.831597	0.002793	-0.000228	0.000923	-0.000347	0.001804	1313.000000	199.223493	0.831616	0.003116	0.000343	0.000396	-0.000656	0.001933	1314.000000	199.223493	0.831076	0.002515	-0.000821	0.000201	-0.001109	0.001806
2257	0.835185	0.001760	0.000143	0.000613	-0.001302	0.001861	1316.000000	199.223493	0.833199	0.000928	-0.000574	0.000502	-0.001080	0.001107	1317.000000	199.223493	0.831462	0.001849	-0.000623	0.000337	-0.000029	0.002110
2260	0.833642	0.001106	-0.000448	0.000583	-0.001543	0.001708	1319.000000	199.223493	0.830035	0.001411	0.000780	0.000343	-0.002016	0.001770	1320.000000	199.223493	0.827759	0.002397	-0.000577	0.000322	-0.001061	0.001805
2263	0.825868	0.002410	0.000149	0.000181	-0.002778	0.002504	1322.000000	199.223493	0.827006	0.001793	0.000017	0.000574	-0.001823	0.002064	1323.000000	199.223493	0.828279	0.002062	-0.000709	0.000449	-0.001755	0.001963
2266	0.828627	0.002470	0.000083	0.000234	-0.000087	0.002247	1325.000000	199.223493	0.826794	0.001734	-0.000571	0.000142	0.000800	0.001774	1326.000000	199.223493	0.826119	0.001475	0.000148	0.000321	0.001138	0.001990
2269	0.826756	0.001799	-0.000312	0.000335	0.000781	0.001646	1328.000000	199.223493	0.824865	0.001494	0.000661	0.000395	0.000386	0.001158	1329.000000	199.223493	0.826158	0.002106	0.000072	0.000204	-0.001099	0.001184
2272	0.824846	0.002126	-0.000116	0.000255	-0.001032	0.001941	1331.000000	199.223493	0.826794	0.002529	-0.000237	0.000391	-0.000694	0.001805	1332.000000	199.223493	0.828144	0.003368	0.000230	0.000330	-0.000068	0.002476
2275	0.828800	0.003249	-0.000208	0.000322	-0.001148	0.002582	1334.000000	199.223493	0.827778	0.003424	-0.000263	0.000496	-0.000830	0.002042	1335.000000	199.223493	0.827064	0.002796	-0.000381	0.000735	-0.000174	0.001734
2278	0.827662	0.002457	0.001114	0.000538	-0.000839	0.001602	1337.000000	199.223493	0.826543	0.003127	0.000286	0.000333	0.000395	0.001312	1338.000000	199.223493	0.828684	0.003809	0.000507	0.000409	-0.000366	0.001607
2281	0.829456	0.002981	0.000310	0.000506	-0.001736	0.001556	1340.000000	199.223493	0.829649	0.002988	-0.000040	0.000523	0.000531	0.002188	1341.000000	199.223493	0.829649	0.003018	-0.000226	0.000788	0.001871	0.001954
2284	0.827141	0.001747	-0.000281	0.000884	0.001601	0.001626	1343.000000	199.223493	0.831269	0.002504	-0.000386	0.000286	0.000154	0.001967	1344.000000	199.223493	0.830941	0.002839	-0.000756	0.000577	0.001794	0.001644
2287	0.831771	0.004076	0.000141	0.000593	0.001553	0.001008	1346.000000	199.223493	0.828723	0.003123	-0.000223	0.000716	0.001292	0.001690	1347.000000	199.223493	0.829128	0.001924	-0.000421	0.000478	0.000482	0.002069
2290	0.831076	0.001034	0.000113	0.000310	0.001167	0.001960	1349.000000	199.223493	0.831771	0.001682	0.000166	0.000831	0.000318	0.001194	1350.000000	199.223493	0.830189	0.001324	-0.000520	0.000270	-0.000000	0.001665
2293	0.829649	0.001639	0.000022	0.000846	0.000521	0.001945	1352.000000	199.223493	0.828414	0.002393	0.000838	0.000719	-0.000858	0.001380	1353.000000	199.223493	0.830112	0.002455	0.000646	0.000186	-0.000511	0.002189
2296	0.832060	0.002712	0.000914	0.000241	-0.001379	0.002483	1355.000000	199.223493	0.829417	0.002542	0.000361	0.000852	-0.001370	0.002142	1356.000000	199.223493	0.831154	0.002137	-0.000071	0.000570	0.001080	0.002512
2299	0.832118	0.001561	0.000097	0.000523	0.000106	0.001723	1358.000000	199.223493	0.832523	0.003039	-0.000287	0.000298	-0.000280	0.002474	1359.000000	199.223493	0.832967	0.002597	-0.000243	0.000540	0.000810	0.001481
2302	0.829745	0.002696	-0.000868	0.000495	0.000232	0.001640	1361.000000	199.223493	0.830614	0.001470	0.000767	0.000357	0.001100	0.001734	1362.000000	199.223493	0.826061	0.002426	0.000652	0.000268	0.000994	0.001248
2305	0.825637	0.001630	-0.000442	0.000165	-0.000173	0.000869	1364.000000	199.223493	0.823785	0.000679	-0.001068	0.000287	0.000704	0.001659	1365.000000	199.223493	0.824113	0.001642	0.000118	0.000417	0.001968	0.002260
2308	0.826948	0.002824	0.000030	0.000359	-0.001341	0.001623	1367.000000	199.223493	0.828935	0.002847	0.000125	0.000525	-0.000810	0.001760	1368.000000	199.223493	0.828665	0.003746	-0.000041	0.000658	-0.001630	0.002380
2311	0.828781	0.003968	-0.000261	0.000442	-0.000222	0.001688	1370.000000	199.223493	0.830073	0.004520	-0.000298	0.000635	-0.000636	0.001594	1371.000000	199.223493	0.828993	0.003772	-0.000174	0.000569	-0.001128	0.001506
2314	0.827083	0.004157	-0.000525	0.000786	-0.001890	0.001449	1373.000000	199.223493	0.828935	0.004207	-0.001062	0.000589	-0.003183	0.001376	1374.000000	199.223493	0.829900	0.004062	-0.000347	0.000491	-0.004032	0.000730
2317	0.831713	0.004256	0.000267	0.000291	-0.002585	0.000660	1376.000000	199.223493	0.832967	0.004718	0.000799	0.000624	-0.002305	0.001107	1377.000000	199.223493	0.832948	0.004432	-0.000096	0.000486	-0.001669	0.000825
2320	0.831617	0.003893	-0.000194	0.000549	-0.002845	0.001290	1379.000000	199.223493	0.830613	0.003372	-0.000716	0.000217	-0.000126	0.001717	1380.000000	199.223493	0.831578	0.003841	-0.000586	0.000651	0.000058	0.002072
2323	0.831906	0.003147	-0.000072	0.000494	0.001466	0.002198	1382.000000	199.223493	0.832735	0.002712	-0.000644	0.000822	0.000010	0.001554	1383.000000	199.223493	0.833873	0.002555	-0.001105	0.000484	0.000945	0.001769
2326	0.834394	0.002621	-0.000543	0.000871	0.002469	0.002546	1385.000000	199.223493	0.832465	0.002535	0.000196	0.000783	0.002170	0.002164	1386.000000	199.223493	0.833333	0.003687	-0.000475	0.000716	0.000965	0.002661
2329	0.832523	0.003572	0.000262	0.000202	0.000521	0.002650	1388.000000	199.223493	0.831713	0.003596	0.000975	0.000645	0.003501	0.002201	1389.000000	199.223493	0.834202	0.002649	0.000025	0.000429	0.003289	0.001804
2332	0.833449	0.003102	-0.000031	0.000190	0.002209	0.002679	1391.000000	199.223493	0.831809	0.002791	-0.000183	0.000543	0.000907	0.002220	1392.000000	199.223493	0.830459	0.002643	0.000579	0.000159	0.001235	0.002170
2335	0.829051	0.003531	-0.000987	0.000387	-0.001051	0.001992	1394.000000	199.223493	0.829707	0.003902	0.000097	0.000262	-0.001881	0.001969	1395.000000	199.223493	0.832851	0.002442	-0.000150	0.000452	-0.001804	0.001538
2338	0.832948	0.002459	-0.000876	0.000637	-0.003800	0.002172	1397.000000	199.223493	0.832542	0.001916	-0.000444	0.000634	-0.001900	0.001970	1398.000000	199.223493	0.832562	0.002766	-0.000363	0.000389	-0.002286	0.000906
2341	0.831848	0.001927	-0.000557	0.000304	-0.003106	0.001017	1400.000000	199.223493	0.830459	0.002981	-0.000960	0.000399	-0.000936	0.000879	1401.000000	199.223493	0.826948	0.002467	0.000032	0.000281	-0.001524	0.001509
2344	0.824653	0.002333	-0.000074	0.000408	0.000241	0.001945	1403.000000	199.223493	0.824576	0.002226	-0.000613	0.000487	-0.001003	0.001232	1404.000000	199.223493	0.824672	0.002886	-0.000879	0.000238	-0.001398	0.001560
2347	0.826678	0.003518	-0.000188	0.000710	-0.003665	0.002504	1406.000000	199.223493	0.824132	0.002921	0.000078	0.000166	-0.002469	0.003030	1407.000000	199.223493	0.826350	0.003104	0.001152	0.000483	-0.000530	0.002245
2350	0.826505	0.001637	-0.000494	0.000467	0.000319	0.001416	1409.000000	199.223493	0.827238	0.001686	-0.000251	0.000294	0.001534	0.001515	1410.000000	199.223493	0.828434	0.001949	-0.001318	0.000136	0.002942	0.001526
2353	0.828646	0.001734	-0.000259	0.000495	0.000868	0.001798	1412.000000	199.223493	0.830864	0.002729	-0.000292	0.000523	0.000318	0.000868	1413.000000	199.223493	0.829649	0.002842	-0.000696	0.000342	0.000781	0.001051
2356	0.829514	0.002150	-0.000290	0.000253	0.000154	0.001369	1415.000000	199.223493	0.825521	0.002905	-0.000024	0.000126	-0.000579	0.002124	1416.000000	199.223493	0.828279	0.003588	0.000051	0.000342	-0.001813	0.002627
2359	0.828472	0.001589	-0.000066	0.000501	-0.000714	0.002651	1418.000000	199.223493	0.828897	0.001626	0.000263	0.000452	-0.002633	0.001952	1419.000000	199.223493	0.830401	0.002972	-0.000408	0.000922	-0.000781	0.002887
2362	0.830440	0.004136	-0.000833	0.000397	0.000164	0.002771	1421.000000	199.223493	0.833102	0.003636	0.000160	0.000691	0.000704	0.002216	1422.000000	199.223493	0.831944	0.002671	0.000253	0.000478	0.001900	0.002938
2365	0.832311	0.002695	0.000631	0.000365	0.000492	0.001903	1424.000000	199.223493	0.831790	0.003189	0.001093	0.000765	0.000878	0.001590	1425.000000	199.223493	0.833160	0.001990	0.000698	0.000620	-0.000376	0.001419
2368	0.832388	0.002056	-0.000002	0.000574	-0.005565	0.001457	1427.000000	199.223493	0.834124	0.001759	0.001116	0.000654	-0.003173	0.001629	1428.000000	199.223493	0.835494	0.001956	0.000805	0.000246	-0.004958	0.001580
2371	0.832697	0.001663	0.000387	0.000545	-0.003463	0.001768	1430.000000	199.223493	0.831347	0.002263	0.000164	0.000439	-0.001022	0.001789	1431.000000	199.223493	0.829302	0.002993	0.000209	0.000280	-0.001669	0.001629
2374	0.830710	0.003179	0.000749	0.000788	-0.000260	0.002120	1433.000000	199.223493	0.833025	0.003221	-0.000501	0.000778	-0.001167	0.001582	1434.000000	199.223493	0.833893	0.004213	0.000786	0.000301	-0.002440	0.002628
2377	0.835513	0.003458	0.001591	0.000521	-0.001138	0.002265	1436.000000	199.223493	0.833950	0.002430	-0.000153	0.000229	-0.000916	0.002213	1437.000000	199.223493	0.832620	0.002890	-0.000675	0.000364	0.000733	0.003705
2380	0.833604	0.002770	-0.000971	0.000584	-0.001235	0.004003	1439.000000	199.223493	0.831385	0.002976	-0.001538	0.000422	-0.001823	0.003887	1440.000000	199.223493	0.833565	0.002829	0.000399	0.000479	-0.001717	0.003088
2383	0.831481	0.002990	0.000202	0.000424	-0.003115	0.002555	1442.000000	199.223493	0.832812	0.002240	0.000071	0.000232	-0.000830	0.002172	1443.000000	199.223493	0.831462	0.002239	0.001413	0.000559	-0.002604	0.001809
2386	0.833430	0.001397	-0.000309	0.000407	-0.001215	0.001445	1445.000000	199.223493	0.834722	0.002348	-0.000185	0.000353	0.000733	0.002096	1446.000000	199.223493	0.833256	0.002013	-0.000150	0.000460	0.000183	0.002227
2389	0.833468	0.002591	-0.000207	0.000765	0.000125	0.002049	1448.000000	199.223493	0.834664	0.001305	0.000498	0.000704	-0.001254	0.001884	1449.000000	199.223493	0.833796	0.002079	0.000432	0.000597	0.000444	0.001520
2392	0.833044	0.002144	-0.000251	0.000973	0.001987	0.001230	1451.000000	199.223493	0.830787	0.001240	0.000827	0.000511	-0.000482	0.001001	1452.000000	199.223493	0.829225	0.000743	0.000593	0.000666	-0.001939	0.001126
2395	0.829572	0.000838	0.001856	0.000531	0.001128	0.002216	1454.000000	199.223493	0.830170	0.000370	0.000644	0.000465	0.000839	0.001294	1455.000000	199.223493	0.829803	0.001154	0.000263	0.000783	0.003125	0.001935
2398	0.831115	0.002248	0.000902	0.000679	0.002778	0.001870	1457.000000	199.223493	0.831057	0.003061	0.000040	0.000563	0.002759	0.000924	1458.000000	199.223493	0.831482	0.002535	-0.000311	0.000443	0.003578	0.001158
2401	0.834259	0.002851	-0.000930	0.000234	0.003328	0.001623	1460.000000	199.223493	0.833507	0.002914	-0.000146	0.000400	0.002479	0.001313	1461.000000	199.223493	0.830169	0.002034	-0.000404	0.000561	0.001196	0.001535
2404	0.828414	0.001533	-0.000092	0.000395	-0.001090	0.001847	1463.000000	199.223493	0.828183	0.001635	0.000465	0.000513	0.000589	0.001784	1464.000000	199.223493	0.826061	0.001698	0.000389	0.000821	-0.000405	0.001767
2407	0.826813	0.001614	-0.000519	0.000546	-0.001862	0.001354	1466.000000	199.223493	0.828781	0.001835	0.001137	0.000231	-0.000994	0.001010	1467.000000	199.223493	0.831211	0.001742	0.001077	0.000262	-0.001543	0.000943
2410	0.830961	0.001856	0.000826	0.000565	-0.001042	0.001288	1469.000000	199.223493	0.831983	0.003190	0.000315	0.000795	0.000646	0.001141	1470.000000	199.223493	0.830922	0.003172	0.000513	0.000932	0.000251	0.000756
2413	0.829610	0.002671	0.000827	0.000187	-0.000579	0.001027	1472.000000	199.223493	0.832157	0.002798	0.000222	0.000621	0.001360	0.001102	1473.000000	199.223493	0.832099	0.002763	0.000794	0.000692	-0.000222	0.002117
2416	0.829803	0.002078	0.001004	0.000469	-0.000280	0.001853	1475.000000	199.223493	0.829958	0.001097	-0.000398	0.000336	0.001418	0.001568	1476.000000	199.223493	0.828318	0.001462	-0.000228	0.000475	0.001784	0.002673
2419	0.832195	0.001310	-0.000937	0.000382	-0.000231	0.002818	1478.000000	199.223493	0.832292	0.002217	0.000135	0.000518	0.000415	0.002102	1479.000000	199.223493	0.833333	0.002051	0.000445	0.000288	0.000608	0.002153
2422	0.832021	0.001742	-0.000490	0.000277	0.001813	0.002353	1481.000000	199.223493	0.833082	0.001429	0.000068	0.000392	0.002054	0.002642	1482.000000	199.223493	0.834356	0.002460	-0.000523	0.000661	0.002103	0.002346
2425	0.834182	0.002065	-0.000191	0.000462	0.001543	0.001984	1484.000000	199.223493	0.832909	0.002059	-0.001270	0.000385	0.001640	0.003211	1485.000000	199.223493	0.831829	0.002300	0.000209	0.000467	0.001013	0.003018
2428	0.834414	0.002267	-0.001241	0.000384	0.001755	0.002425	1487.000000	199.223493	0.831173	0.001604	-0.000099	0.000320	0.000183	0.002745	1488.000000	199.223493	0.830073	0.002271	-0.000641	0.000210	0.002778	0.002868
2431	0.832774	0.002379	0.000591	0.000556	0.002363	0.002642	1490.000000	199.223493	0.835301	0.001929	0.000222	0.000679	0.001688	0.003018	1491.000000	199.223493	0.831829	0.001501	0.000313	0.000476	0.001505	0.003275
2434	0.831539	0.002005	0.000906	0.000380	0.001881	0.002978	1493.000000	199.223493	0.830903	0.002386	0.001233	0.000306	0.001273	0.003146	1494.000000	199.223493	0.832813	0.003725	0.000558	0.000600	0.001456	0.001785
2437	0.833468	0.003764	0.000545	0.000538	0.000608	0.002830	1496.000000	199.223493	0.833545	0.004446	0.001211	0.000441	0.001881	0.002162	1497.000000	199.223493	0.828781	0.003969	-0.000108	0.000486	0.002160	0.001975
2440	0.829649	0.003935	0.000093	0.000244	0.001755	0.001840	1499.000000	199.223493	0.829340	0.003721	-0.000467	0.000372	0.000907	0.002264	1500.000000	199.223493	0.828858	0.004412	-0.000566	0.000269	0.003009	0.003220
2443	0.828993	0.003052	-0.001238	0.000530	0.002566	0.002060	1502.000000	199.223493	0.833565	0.002081	-0.000468	0.000540	0.002884	0.001870	1503.000000	199.223493	0.831848	0.004460	0.000005	0.000652	0.003154	0.002254
2446	0.832234	0.003422	-0.001002	0.000326	0.001408	0.002214	1505.000000	199.223493	0.831867	0.002400	0.000779	0.000324	0.002016	0.001558	1506.000000	199.223493	0.831597	0.001217	0.000915	0.000375	0.002768	0.001134
2449	0.829938	0.001685	0.000415	0.000285	0.002672	0.001180	1508.000000	199.223493	0.830652	0.002173	0.000339	0.000783	0.001524	0.001895	1509.000000	199.223493	0.830575	0.001400	-0.000758	0.000332	0.000608	0.002581
2452	0.830787	0.001552	0.000335	0.000269	0.002846	0.001695	1511.000000	199.223493	0.831809	0.001152	0.000087	0.000570	0.003134	0.002217	1512.000000	199.223493	0.830556	0.001846	-0.001189	0.000521	0.002643	0.001544
2455	0.830401	0.002980	-0.000324	0.000330	0.002566	0.001884	1514.000000	199.223493	0.830671	0.001958	-0.000785	0.000758	0.001746	0.002000	1515.000000	199.223493	0.830555	0.002849	0.000166	0.000478	0.002604	0.002055
2458	0.832099	0.001839	0.000174	0.000742	0.003231	0.001388	1517.000000	199.223493	0.829321	0.002524	-0.000244	0.000546	0.002893	0.001498	1518.000000	199.223493	0.827527	0.002197	-0.000187	0.000511	0.002411	0.001262
2461	0.832003	0.003418	0.000445	0.000148	0.002170	0.001419	1520.000000	199.223493	0.830498	0.003324	-0.000109	0.000290	0.000829	0.001959	1521.000000	199.223493	0.832369	0.003853	-0.000538	0.000190	0.001717	0.000982
2464	0.830691	0.002095	-0.000035	0.000517	0.002759	0.001007	1523.000000	199.223493	0.831578	0.002198	0.000659	0.000232	0.002643	0.000615	1524.000000	199.223493	0.831481	0.002284	-0.000108	0.000460	0.001582	0.001017
2467	0.830517	0.002139	0.000287	0.000268	0.001736	0.001077	1526.000000	199.223493	0.830498	0.001362	-0.000574	0.000708	0.001398	0.002087	1527.000000	199.223493	0.832639	0.001390	-0.000707	0.000883	0.002122	0.001213
2470	0.834278	0.001034	-0.000557	0.000687	-0.000289	0.000818	1529.000000	199.223493	0.833546	0.001834	-0.000139	0.000530	-0.000926	0.001602	1530.000000	199.223493	0.835359	0.002000	0.000237	0.000358	-0.000463	0.001303
2473	0.833063	0.002389	0.000406	0.000528	-0.001234	0.000781	1532.000000	199.223493	0.832755	0.003275	-0.000210	0.000414	-0.000906	0.000920	1533.000000	199.223493	0.832002	0.002993	0.000041	0.000779	-0.003067	0.001019
2476	0.831867	0.001980	-0.001772	0.000738	-0.003231	0.001480	1535.000000	199.223493	0.830189	0.002044	-0.001021	0.000656	-0.004195	0.001894	1536.000000	199.223493	0.829938	0.001618	-0.000397	0.000261	-0.002267	0.001819
2479	0.827103	0.002141	-0.000127	0.000247	-0.002479	0.002016	1538.000000	199.223493	0.828877	0.003517	-0.000663	0.000379	-0.002006	0.002067	1539.000000	199.223493	0.829456	0.003083	-0.000756	0.000705	-0.003424	0.001869
2482	0.831983	0.003637	-0.000646	0.000523	-0.003366	0.001918	1541.000000	199.223493	0.831269	0.003193	-0.000043	0.000423	-0.001003	0.001158	1542.000000	199.223493	0.831809	0.004012	0.000143	0.000571	-0.001466	0.001007
2485	0.831076	0.004201	-0.000004	0.000267	-0.002122	0.000916	1544.000000	199.223493	0.831790	0.003734	0.000005	0.000783	-0.002459	0.001228	1545.000000	199.223493	0.833256	0.003811	-0.000291	0.000580	-0.001688	0.000984
2488	0.833198	0.003735	0.000897	0.000317	-0.000830	0.001624	1547.000000	199.223493	0.830112	0.002836	-0.000397	0.000323	-0.000579	0.002199	1548.000000	199.223493	0.827932	0.002268	0.000398	0.000533	0.001784	0.002433
2491	0.829591	0.002174	0.000582	0.000837	0.000935	0.001944	1550.000000	199.223493	0.830054	0.001744	0.000866	0.000359	0.001254	0.002608	1551.000000	199.223493	0.830343	0.001925	-0.000792	0.000382	0.002797	0.002281
2494	0.829823	0.003126	-0.000240	0.000526	0.000858	0.002251	1553.000000	199.223493	0.828221	0.002949	0.000643	0.000238	-0.000415	0.002195	1554.000000	199.223493	0.829611	0.004304	-0.000563	0.000752	0.002180	0.002283
2497	0.827585	0.004692	0.000425	0.000578	0.001080	0.001585	1556.000000	199.223493	0.829745	0.002850	0.000590	0.000699	0.001553	0.001636	1557.000000	199.223493	0.831327	0.002435	0.001055	0.000751	0.001331	0.001357
2500	0.833989	0.001314	0.000959	0.000922	0.000463	0.001151	1559.000000	199.223493	0.833642	0.001998	-0.000118	0.000406	0.001293	0.001102	1560.000000	199.223493	0.837462	0.001345	0.000849	0.000522	-0.001399	0.001637
2503	0.832407	0.002433	0.000597	0.000446	0.000260	0.002066	1562.000000	199.223493	0.833738	0.002301	-0.000065	0.000407	-0.000232	0.001526	1563.000000	199.223493	0.834279	0.001179	0.000555	0.000388	-0.000608	0.000769
2506	0.834047	0.001624	-0.000319	0.000491	0.001186	0.000812	1565.000000	199.223493	0.834800	0.002029	-0.001211	0.001032	0.000202	0.001130	1566.000000	199.223493	0.839448	0.002644	0.000128	0.000969	0.002305	0.001060
2509	0.839139	0.003006	0.000771	0.000345	0.001408	0.001671	1568.000000	199.223493	0.836150	0.003638	-0.000423	0.000621	0.001013	0.002239	1569.000000	199.223493	0.834143	0.003433	-0.000558	0.000552	0.000801	0.002351
2512	0.833989	0.004035	-0.000100	0.000641	0.001061	0.002850	1571.000000	199.223493	0.836381	0.001364	0.000566	0.001075	0.002353	0.003042	1572.000000	199.223493	0.834761	0.001531	0.000085	0.000934	0.003733	0.002979
2515	0.829456	0.002414	0.000367	0.000231	0.001514	0.002067	1574.000000	199.223493	0.832774	0.002823	-0.000073	0.000321	0.000231	0.001484	1575.000000	199.223493	0.831269	0.002628	0.000303	0.000736	-0.001225	0.001881
2518	0.831520	0.002319	0.000722	0.000440	-0.000318	0.001717	1577.000000	199.223493	0.830035	0.001393	-0.000012	0.000610	-0.000395	0.001639	1578.000000	199.223493	0.829784	0.002032	0.000570	0.000554	0.000357	0.001961
2521	0.828299	0.002401	0.001071	0.000255	0.000743	0.001747	1580.000000	199.223493	0.828125	0.000465	0.000138	0.000462	0.001196	0.002077	1581.000000	199.223493	0.828067	0.002231	-0.000502	0.000311	0.001312	0.002221
2524	0.829051	0.001064	-0.000992	0.000457	0.001534	0.001616	1583.000000	199.223493	0.825868	0.000901	0.000870	0.000672	0.002083	0.001320	1584.000000	199.223493	0.825328	0.001246	0.000050	0.000585	0.003549	0.001728
2527	0.824749	0.001477	0.000011	0.000263	0.003057	0.001847	1586.000000	199.223493	0.827141	0.001624	-0.000115	0.000259	0.000627	0.002931	1587.000000	199.223493	0.825482	0.001266	0.000166	0.000654	0.001321	0.003644
2530	0.827450	0.001293	0.000248	0.000347	0.001562	0.003502	1589.000000	199.223493	0.826832	0.002702	0.000103	0.000493	0.000656	0.002897	1590.000000	199.223493	0.827083	0.003232	0.000259	0.000584	0.000993	0.002610
2533	0.829591	0.002320	0.000499	0.000960	-0.000531	0.002227	1592.000000	199.223493	0.830517	0.002144	0.000349	0.000561	-0.000251	0.002190	1593.000000	199.223493	0.830845	0.001064	0.000472	0.000587	-0.001013	0.001909
2536	0.832311	0.002522	-0.000418	0.000819	0.000125	0.002330	1595.000000	199.223493	0.831269	0.001542	-0.000576	0.000444	0.000993	0.002481	1596.000000	199.223493	0.828086	0.001752	-0.000505	0.000439	-0.002151	0.002277
2539	0.829321	0.002638	-0.000428	0.000464	-0.003212	0.002015	1598.000000	199.223493	0.828627	0.002237	0.000177	0.000215	-0.004070	0.001937	1599.000000	199.223493	0.831964	0.002468	0.000107	0.000255	-0.002575	0.001485
2542	0.833642	0.001961	0.000106	0.000385	-0.000222	0.001158	1601.000000	199.223493	0.830787	0.001957	0.000654	0.000823	-0.001495	0.002142	1602.000000	199.223493	0.828762	0.003094	0.000043	0.000668	-0.000666	0.001977
2545	0.831057	0.001440	0.000346	0.000560	0.000772	0.001660	1604.000000	199.223493	0.833661	0.001537	-0.000345	0.000140	0.000550	0.001514	1605.000000	199.223493	0.831346	0.001896	-0.000798	0.000653	0.001138	0.001559
2548	0.831134	0.002013	-0.000019	0.000566	0.000299	0.001492	1607.000000	199.223493	0.828781	0.002108	0.000212	0.000455	-0.000752	0.002051	1608.000000	199.223493	0.826775	0.002952	0.000688	0.000532	-0.001100	0.001289
2551	0.829900	0.003334	0.000928	0.000502	0.001987	0.001302	1610.000000	199.223493	0.830478	0.003497	0.000911	0.000433	0.001061	0.002467	1611.000000	199.223493	0.827681	0.002910	0.000307	0.000458	0.000116	0.001827
2554	0.828742	0.001989	0.001304	0.000258	-0.000704	0.001369	1613.000000	199.223493	0.829302	0.002313	0.000240	0.000257	-0.000337	0.001713	1614.000000	199.223493	0.830478	0.002092	0.000804	0.000553	-0.000135	0.001998
2557	0.829128	0.002834	-0.000186	0.000570	0.000492	0.001444	1616.000000	199.223493	0.826987	0.002389	0.000173	0.000353	0.001794	0.001421	1617.000000	199.223493	0.825251	0.002361	0.000388	0.000574	0.000858	0.001554
2560	0.828781	0.001629	0.000548	0.000450	0.002083	0.001427	1619.000000	199.223493	0.833141	0.001597	0.000358	0.000225	0.002344	0.002724	1620.000000	199.223493	0.833487	0.002438	-0.001052	0.000300	-0.000029	0.001903
2563	0.832793	0.002712	-0.000543	0.000526	0.000366	0.002027	1622.000000	199.223493	0.832118	0.003149	-0.000768	0.000426	0.000058	0.003043	1623.000000	199.223493	0.831327	0.002214	-0.001337	0.000458	0.002151	0.002901
2566	0.831038	0.003063	-0.001425	0.000570	-0.000366	0.002058	1625.000000	199.223493	0.830112	0.002953	-0.001784	0.000180	-0.000675	0.002315	1626.000000	199.223493	0.828839	0.002467	-0.001237	0.000188	0.000463	0.002415
2569	0.829109	0.003065	-0.000813	0.000604	-0.000174	0.001850	1628.000000	199.223493	0.830671	0.003085	-0.000094	0.000281	-0.000820	0.001882	1629.000000	199.223493	0.829610	0.002802	-0.000851	0.000208	-0.000926	0.001898
2572	0.833835	0.002357	-0.000710	0.000448	-0.001205	0.001894	1631.000000	199.223493	0.832311	0.001310	-0.000529	0.000507	-0.000550	0.001232	1632.000000	199.223493	0.830922	0.002150	-0.000461	0.000418	0.000231	0.002157
2575	0.832157	0.002386	-0.000484	0.000579	0.000203	0.001600	1634.000000	199.223493	0.828839	0.001930	0.001267	0.000385	-0.000733	0.001805	1635.000000	199.223493	0.827624	0.002429	-0.000414	0.000377	-0.000463	0.001785
2578	0.825463	0.002477	0.000415	0.000091	-0.001283	0.002449	1637.000000	199.223493	0.827990	0.001793	0.001275	0.000562	-0.000482	0.002309	1638.000000	199.223493	0.829958	0.001742	-0.000435	0.000411	-0.000935	0.001916
2581	0.828106	0.002593	0.000012	0.000186	0.001186	0.001984	1640.000000	199.223493	0.826293	0.002082	-0.000504	0.000160	0.001302	0.001513	1641.000000	199.223493	0.827122	0.001332	-0.000018	0.000360	0.000993	0.002053
2584	0.829167	0.001830	0.000137	0.000286	0.000251	0.001919	1643.000000	199.223493	0.827064	0.002449	0.000802	0.000315	-0.000511	0.001598	1644.000000	199.223493	0.826949	0.002403	0.000405	0.000358	-0.001881	0.001721
2587	0.825849	0.002600	0.000408	0.000233	-0.001206	0.002018	1646.000000	199.223493	0.827585	0.002805	0.000530	0.000478	-0.001109	0.002008	1647.000000	199.223493	0.827604	0.003214	0.000604	0.000278	-0.000579	0.002753
2590	0.829630	0.003501	-0.000625	0.000668	-0.001804	0.003054	1649.000000	199.223493	0.828646	0.003608	-0.000156	0.000483	-0.001534	0.002619	1650.000000	199.223493	0.827913	0.003035	0.000073	0.000718	-0.001437	0.002650
2593	0.828164	0.002683	0.000676	0.000579	-0.001466	0.001951	1652.000000	199.223493	0.827893	0.003245	0.000320	0.000342	0.000019	0.001486	1653.000000	199.223493	0.829302	0.003834	-0.000119	0.000338	-0.000878	0.001957
2596	0.828800	0.002949	0.000002	0.000450	-0.001051	0.001159	1655.000000	199.223493	0.828395	0.002854	0.000062	0.000538	0.001553	0.001377	1656.000000	199.223493	0.828549	0.003139	-0.000648	0.000639	0.001890	0.001937
2599	0.826813	0.001792	-0.000719	0.000523	0.001833	0.001447	1658.000000	199.223493	0.828646	0.003870	-0.000116	0.000436	0.001167	0.001510	1659.000000	199.223493	0.830555	0.003050	-0.000723	0.000605	0.002344	0.001344
2602	0.831867	0.004033	0.000269	0.000582	0.001967	0.000862	1661.000000	199.223493	0.827026	0.003685	-0.000637	0.000557	0.001977	0.001462	1662.000000	199.223493	0.828414	0.002168	-0.000192	0.000520	0.001321	0.001836
2605	0.830556	0.001422	0.000270	0.000218	0.001022	0.001971	1664.000000	199.223493	0.831018	0.002201	0.000180	0.000832	-0.000801	0.001255	1665.000000	199.223493	0.830093	0.001337	-0.000374	0.000310	-0.001736	0.002109
2608	0.828627	0.001639	0.000106	0.000871	-0.000299	0.002070	1667.000000	199.223493	0.827276	0.002497	0.000497	0.000730	-0.001398	0.001474	1668.000000	199.223493	0.830594	0.002546	0.000466	0.000264	-0.000588	0.002201
2611	0.832330	0.002655	0.000698	0.000245	-0.000752	0.002453	1670.000000	199.223493	0.831385	0.001919	0.000070	0.000860	-0.001090	0.002181	1671.000000	199.223493	0.831945	0.001982	-0.000221	0.000584	-0.000087	0.002396
2614	0.832272	0.001551	0.000206	0.000549	-0.000357	0.001724	1673.000000	199.223493	0.832677	0.002981	-0.000241	0.000306	-0.001273	0.002311	1674.000000	199.223493	0.831154	0.003087	-0.000496	0.000543	0.000607	0.001503
2617	0.829533	0.002667	-0.000663	0.000495	-0.000116	0.001513	1676.000000	199.223493	0.831617	0.001597	0.000706	0.000373	0.000511	0.001418	1677.000000	199.223493	0.826833	0.002471	0.000609	0.000263	0.001563	0.001459
2620	0.826370	0.001996	0.000021	0.000564	0.000772	0.001232	1679.000000	199.223493	0.825791	0.002092	-0.000945	0.000311	0.001688	0.001654	1680.000000	199.223493	0.827064	0.002349	-0.000208	0.000639	0.001032	0.002101
2623	0.827855	0.002975	-0.000426	0.000137	-0.001457	0.001560	1682.000000	199.223493	0.829649	0.002700	-0.000146	0.000534	-0.001235	0.001515	1683.000000	199.223493	0.830633	0.003353	-0.000102	0.000649	-0.003135	0.001190
2626	0.829225	0.003961	0.000398	0.000418	0.000010	0.001799	1685.000000	199.223493	0.830170	0.004512	-0.000346	0.000671	0.000222	0.001982	1686.000000	199.223493	0.830324	0.003994	-0.000975	0.000624	0.000203	0.002179
2629	0.829263	0.004751	-0.000512	0.000777	0.000415	0.003170	1688.000000	199.223493	0.831288	0.004729	-0.000272	0.000589	-0.001283	0.002919	1689.000000	199.223493	0.832350	0.004507	-0.000231	0.000484	-0.001717	0.002768
2632	0.834896	0.004151	0.000223	0.000272	-0.000646	0.001748	1691.000000	199.223493	0.832504	0.004697	0.000481	0.000693	-0.000251	0.001688	1692.000000	199.223493	0.832639	0.004380	-0.000140	0.000502	-0.001157	0.000679
2635	0.830922	0.003723	-0.000621	0.000393	-0.001032	0.001660	1694.000000	199.223493	0.828858	0.003080	-0.000820	0.000266	0.000058	0.001743	1695.000000	199.223493	0.830517	0.003512	-0.000174	0.000696	0.000309	0.002061
2638	0.830768	0.002868	0.000474	0.000369	0.002971	0.001862	1697.000000	199.223493	0.833102	0.002776	-0.000041	0.000629	0.001206	0.001433	1698.000000	199.223493	0.834799	0.002767	-0.001100	0.000484	0.001215	0.001606
2641	0.833719	0.002493	-0.001212	0.000756	0.003405	0.002032	1700.000000	199.223493	0.832542	0.002551	0.000263	0.000821	0.002189	0.002153	1701.000000	199.223493	0.834607	0.003575	-0.000457	0.000725	0.001640	0.002284
2644	0.832793	0.003552	0.000325	0.000215	0.000878	0.002472	1703.000000	199.223493	0.833758	0.003631	0.001385	0.000494	0.002643	0.002759	1704.000000	199.223493	0.834761	0.002668	-0.000482	0.000095	0.002344	0.002600
2647	0.834356	0.003032	0.000223	0.000062	0.002662	0.002310	1706.000000	199.223493	0.832234	0.002787	-0.000131	0.000545	0.001842	0.001667	1707.000000	199.223493	0.831038	0.002560	0.000564	0.000165	-0.000270	0.002877
2650	0.831192	0.003610	-0.000283	0.000569	-0.002238	0.002540	1709.000000	199.223493	0.832350	0.003733	0.000538	0.000335	-0.003685	0.002806	1710.000000	199.223493	0.835282	0.002391	0.000348	0.000536	-0.003183	0.002300
2653	0.835475	0.002507	-0.001235	0.000556	-0.003742	0.002149	1712.000000	199.223493	0.835243	0.002651	-0.000169	0.000649	-0.002614	0.002205	1713.000000	199.223493	0.833507	0.002789	-0.000287	0.000448	-0.002537	0.000937
2656	0.832369	0.001776	-0.000437	0.000331	-0.002701	0.000967	1715.000000	199.223493	0.831925	0.002370	-0.000552	0.000455	-0.000945	0.000882	1716.000000	199.223493	0.828684	0.002150	0.000022	0.000276	-0.001148	0.001431
2659	0.827836	0.001930	0.000099	0.000315	0.000396	0.001908	1718.000000	199.223493	0.828029	0.002888	-0.000100	0.000552	-0.000463	0.001020	1719.000000	199.223493	0.827199	0.003194	-0.000435	0.000301	-0.001042	0.001404
2662	0.829822	0.003308	0.000714	0.000642	-0.001572	0.002137	1721.000000	199.223493	0.826370	0.002767	-0.000134	0.000087	-0.000723	0.002603	1722.000000	199.223493	0.827604	0.002804	0.001491	0.000291	0.000839	0.001829
2665	0.827951	0.001765	0.000082	0.000470	0.000926	0.001302	1724.000000	199.223493	0.828800	0.001661	-0.000235	0.000295	0.001109	0.001838	1725.000000	199.223493	0.828974	0.001544	-0.001104	0.000307	0.001649	0.002431
2668	0.829244	0.001552	-0.000576	0.000714	0.001466	0.001582	1727.000000	199.223493	0.830536	0.002847	-0.000312	0.000539	0.001350	0.000893	1728.000000	199.223493	0.830421	0.002492	-0.000676	0.000346	0.001379	0.001118
2671	0.829823	0.002071	-0.000496	0.000277	0.001061	0.001633	1730.000000	199.223493	0.824691	0.002742	-0.000259	0.000288	-0.000367	0.002194	1731.000000	199.223493	0.825907	0.002521	-0.000822	0.000504	-0.001794	0.002634
2674	0.829147	0.001979	-0.000818	0.000465	-0.000627	0.002675	1733.000000	199.223493	0.830633	0.002732	-0.000193	0.000133	-0.001775	0.002143	1734.000000	199.223493	0.830556	0.003014	-0.001193	0.000678	-0.001505	0.002733
2677	0.830710	0.004236	-0.001044	0.000373	-0.000039	0.002791	1736.000000	199.223493	0.832678	0.003546	-0.000272	0.000445	0.001428	0.002316	1737.000000	199.223493	0.830903	0.002717	-0.000363	0.000459	0.001736	0.002949
2680	0.830266	0.002003	0.000272	0.000344	0.000974	0.001953	1739.000000	199.223493	0.829880	0.001912	0.000245	0.000394	0.000154	0.001394	1740.000000	199.223493	0.831848	0.000917	0.001363	0.000559	-0.001042	0.001339
2683	0.831481	0.001607	-0.000536	0.000443	-0.005305	0.001634	1742.000000	199.223493	0.833893	0.001708	0.000542	0.000460	-0.003492	0.001492	1743.000000	199.223493	0.835417	0.001943	0.000532	0.000216	-0.005363	0.001457
2686	0.831713	0.001400	0.000424	0.000547	-0.004687	0.001940	1745.000000	199.223493	0.832774	0.002384	-0.000077	0.000559	-0.003270	0.002112	1746.000000	199.223493	0.830208	0.003037	-0.000000	0.000370	-0.002903	0.001826
2689	0.829803	0.003306	0.000610	0.000855	-0.002566	0.002274	1748.000000	199.223493	0.832465	0.003324	-0.000060	0.000677	-0.002672	0.001774	1749.000000	199.223493	0.833526	0.004243	0.000709	0.000344	-0.004765	0.002073
2692	0.834742	0.003669	0.001083	0.000785	-0.003742	0.001828	1751.000000	199.223493	0.833391	0.002568	-0.000090	0.000222	-0.003501	0.001329	1752.000000	199.223493	0.832080	0.002857	-0.000759	0.000300	-0.002662	0.003130
2695	0.834124	0.002880	-0.000214	0.000320	-0.003424	0.003569	1754.000000	199.223493	0.832311	0.003136	-0.001189	0.000359	-0.002112	0.003898	1755.000000	199.223493	0.833275	0.002699	0.000173	0.000584	-0.002710	0.003001
2698	0.830710	0.002634	0.000365	0.000367	-0.003019	0.002576	1757.000000	199.223493	0.833314	0.002434	-0.000055	0.000191	-0.003019	0.001596	1758.000000	199.223493	0.832523	0.002072	0.001861	0.000476	-0.003800	0.001646
2701	0.833951	0.001160	-0.000998	0.000429	-0.001968	0.001240	1760.000000	199.223493	0.834799	0.002344	-0.000130	0.000346	-0.001100	0.002003	1761.000000	199.223493	0.831540	0.001977	-0.000288	0.000446	-0.001215	0.001781
2704	0.831617	0.002431	-0.000335	0.000781	-0.001071	0.001706	1763.000000	199.223493	0.834221	0.001388	0.000620	0.000614	-0.002103	0.001764	1764.000000	199.223493	0.832813	0.001699	0.000104	0.000607	-0.000203	0.001337
2707	0.832195	0.001513	-0.000891	0.000815	-0.000617	0.001492	1766.000000	199.223493	0.832137	0.002404	0.000636	0.000526	-0.001534	0.001642	1767.000000	199.223493	0.830478	0.001746	0.000592	0.000665	-0.002450	0.001389
2710	0.830401	0.001202	0.001111	0.000568	0.000762	0.002321	1769.000000	199.223493	0.832639	0.002126	0.000589	0.000437	-0.000058	0.001575	1770.000000	199.223493	0.833372	0.002904	0.000124	0.000767	0.002276	0.002345
2713	0.834144	0.003553	0.000510	0.000412	0.002411	0.001962	1772.000000	199.223493	0.832716	0.003987	0.000268	0.000537	0.003135	0.000742	1773.000000	199.223493	0.833083	0.003311	-0.000119	0.000327	0.003492	0.001189
2716	0.834240	0.002842	-0.000568	0.000317	0.003231	0.001670	1775.000000	199.223493	0.833526	0.002919	0.000030	0.000354	0.001977	0.001440	1776.000000	199.223493	0.834413	0.004303	0.000460	0.000536	0.001273	0.001553
2719	0.834607	0.005684	0.001064	0.001179	-0.000395	0.001870	1778.000000	199.223493	0.832890	0.004983	0.000632	0.000630	-0.000492	0.001754	1779.000000	199.223493	0.830575	0.004388	0.000594	0.000821	-0.001582	0.002071
2722	0.832099	0.004492	-0.000842	0.000405	-0.002344	0.001505	1781.000000	199.223493	0.832793	0.004222	0.000870	0.000429	-0.001707	0.001157	1782.000000	199.223493	0.835706	0.004261	0.001471	0.000494	-0.002218	0.001119
2725	0.833873	0.001664	0.001087	0.000474	-0.001997	0.001524	1784.000000	199.223493	0.835204	0.001821	0.000544	0.000677	-0.000936	0.001072	1785.000000	199.223493	0.833063	0.001953	0.000887	0.000940	-0.000743	0.001400
2728	0.832214	0.001783	0.000843	0.000180	-0.001755	0.001611	1787.000000	199.223493	0.834298	0.001418	0.000009	0.000700	0.000145	0.001909	1788.000000	199.223493	0.834606	0.002171	0.000956	0.000708	-0.001485	0.002993
2731	0.831250	0.001620	0.001004	0.000469	-0.000501	0.002000	1790.000000	199.223493	0.831559	0.000885	-0.000543	0.000346	0.001109	0.001773	1791.000000	199.223493	0.828742	0.001307	-0.000341	0.000426	0.001022	0.003204
2734	0.830517	0.001716	-0.000509	0.000309	0.000068	0.002608	1793.000000	199.223493	0.831366	0.002260	0.000139	0.000515	-0.000453	0.002824	1794.000000	199.223493	0.834047	0.001806	0.000699	0.000112	-0.000598	0.003053
2737	0.831944	0.001766	-0.000068	0.000439	-0.000087	0.003569	1796.000000	199.223493	0.832542	0.001748	0.000078	0.000393	-0.000039	0.003814	1797.000000	199.223493	0.833353	0.002760	-0.000387	0.000692	0.000174	0.003404
2740	0.833603	0.002260	-0.000549	0.000390	-0.000386	0.002622	1799.000000	199.223493	0.834201	0.001789	-0.000922	0.000385	0.000820	0.003358	1800.000000	199.223493	0.832369	0.002183	0.000191	0.000472	-0.000135	0.003399
2743	0.835050	0.001908	-0.000584	0.000705	0.000280	0.003000	1802.000000	199.223493	0.831270	0.001621	-0.000264	0.000306	-0.000289	0.002896	1803.000000	199.223493	0.830671	0.002302	-0.000832	0.000323	0.001890	0.003213
2746	0.832369	0.002394	-0.000116	0.000534	0.002431	0.002628	1805.000000	199.223493	0.834684	0.001905	0.000785	0.000565	0.002324	0.002930	1806.000000	199.223493	0.829379	0.001794	0.000230	0.000426	0.001939	0.003260
2749	0.828839	0.002188	0.000869	0.000400	0.001399	0.003031	1808.000000	199.223493	0.830073	0.002412	0.000768	0.000552	0.001022	0.003133	1809.000000	199.223493	0.832774	0.003729	0.000506	0.000598	0.001032	0.001861
2752	0.833912	0.003752	0.001044	0.000564	0.001215	0.002689	1811.000000	199.223493	0.833507	0.004446	0.001162	0.000451	0.002546	0.001951	1812.000000	199.223493	0.829379	0.004005	0.000366	0.000412	0.002816	0.001837
2755	0.830131	0.004019	0.000397	0.000386	0.002469	0.001566	1814.000000	199.223493	0.829803	0.003788	-0.000539	0.000320	0.001331	0.002143	1815.000000	199.223493	0.829070	0.004454	-0.000342	0.000181	0.002537	0.003321
2758	0.829610	0.003167	-0.000594	0.000927	0.001447	0.002411	1817.000000	199.223493	0.834992	0.001800	0.000137	0.000931	0.001157	0.002538	1818.000000	199.223493	0.833333	0.004278	0.000270	0.000718	0.002189	0.002629
2761	0.832176	0.003422	-0.000785	0.000449	0.000801	0.002371	1820.000000	199.223493	0.832311	0.002394	0.001142	0.000309	0.000588	0.002294	1821.000000	199.223493	0.831867	0.001353	0.000105	0.000718	0.001794	0.001280
2764	0.829668	0.001668	0.000379	0.000285	0.001167	0.001735	1823.000000	199.223493	0.831057	0.002234	-0.000627	0.000821	0.000984	0.001975	1824.000000	199.223493	0.831713	0.002226	-0.000947	0.000352	-0.001090	0.002477
2767	0.831366	0.002001	0.000638	0.000276	0.001312	0.001573	1826.000000	199.223493	0.831906	0.001221	0.000423	0.000588	0.001466	0.001981	1827.000000	199.223493	0.830768	0.001815	-0.000609	0.000516	0.001042	0.002007
2770	0.830440	0.002973	-0.000485	0.000328	-0.000666	0.002584	1829.000000	199.223493	0.832755	0.001759	-0.000713	0.000788	-0.001071	0.003080	1830.000000	199.223493	0.831983	0.002844	-0.000604	0.000368	-0.001466	0.003461
2773	0.833989	0.001560	0.000031	0.000653	-0.000791	0.003232	1832.000000	199.223493	0.832697	0.001595	-0.000362	0.000543	-0.001051	0.003276	1833.000000	199.223493	0.831211	0.001667	-0.000160	0.000495	0.000212	0.002310
2776	0.835938	0.001527	0.000154	0.000303	-0.000174	0.002584	1835.000000	199.223493	0.835050	0.002166	-0.000660	0.000433	0.000174	0.002106	1836.000000	199.223493	0.836150	0.003267	-0.000882	0.000285	-0.001003	0.001886
2779	0.834684	0.001742	0.000558	0.000617	0.000000	0.002221	1838.000000	199.223493	0.836285	0.002708	0.000613	0.000245	0.000598	0.001676	1839.000000	199.223493	0.833777	0.002818	-0.000676	0.000582	-0.000936	0.001313
2782	0.831694	0.002208	-0.000086	0.000406	-0.000752	0.001476	1841.000000	199.223493	0.831096	0.001644	0.000404	0.000713	-0.001572	0.001129	1842.000000	199.223493	0.832118	0.001491	0.000154	0.000319	0.000058	0.000812
2785	0.835127	0.000948	-0.000419	0.000627	-0.001215	0.000548	1844.000000	199.223493	0.834472	0.002046	-0.000463	0.000663	-0.001456	0.001695	1845.000000	199.223493	0.835282	0.002004	-0.000478	0.000674	-0.003492	0.002149
2788	0.832542	0.002299	0.000021	0.000582	-0.002845	0.001441	1847.000000	199.223493	0.832388	0.003298	-0.000626	0.000587	-0.002209	0.001699	1848.000000	199.223493	0.831134	0.002839	0.000838	0.000568	-0.003279	0.001069
2791	0.832060	0.002023	-0.001101	0.000570	-0.004668	0.001775	1850.000000	199.223493	0.831983	0.002356	-0.001272	0.000604	-0.004533	0.001965	1851.000000	199.223493	0.831578	0.001716	-0.000573	0.000309	-0.003800	0.002225
2794	0.829090	0.002470	-0.000220	0.000254	-0.004330	0.002222	1853.000000	199.223493	0.828877	0.003517	-0.000321	0.000341	-0.003723	0.002363	1854.000000	199.223493	0.828993	0.003133	-0.000504	0.000640	-0.005064	0.001673
2797	0.831732	0.003673	-0.000781	0.000509	-0.004630	0.001453	1856.000000	199.223493	0.830922	0.003277	-0.000086	0.000426	-0.001466	0.001007	1857.000000	199.223493	0.830401	0.004187	-0.000172	0.000603	-0.001755	0.000989
2800	0.831154	0.004177	-0.000037	0.000269	-0.002537	0.000651	1859.000000	199.223493	0.829301	0.004336	-0.000241	0.000706	-0.001842	0.001445	1860.000000	199.223493	0.831095	0.004075	-0.000541	0.000506	-0.001833	0.001016
2803	0.831443	0.003798	0.000296	0.000492	-0.001003	0.001639	1862.000000	199.223493	0.829958	0.002815	-0.000897	0.000379	-0.001032	0.002016	1863.000000	199.223493	0.828974	0.002564	-0.000092	0.000444	0.002354	0.002514
2806	0.830922	0.002248	0.000293	0.000681	0.001061	0.001987	1865.000000	199.223493	0.830575	0.001599	0.000540	0.000550	-0.000106	0.002237	1866.000000	199.223493	0.831134	0.001580	-0.000421	0.000417	0.000829	0.001480
2809	0.830247	0.002926	0.000003	0.000582	-0.000627	0.001599	1868.000000	199.223493	0.828839	0.002695	0.000745	0.000250	-0.001138	0.002045	1869.000000	199.223493	0.829263	0.004422	-0.000451	0.000754	0.001042	0.002347
2812	0.828048	0.004501	0.000811	0.000284	0.000916	0.001604	1871.000000	199.223493	0.829379	0.003066	0.000483	0.000742	0.001803	0.001639	1872.000000	199.223493	0.830285	0.003166	0.001180	0.000740	0.002141	0.001634
2815	0.831655	0.003036	0.000944	0.000925	0.000009	0.001053	1874.000000	199.223493	0.831443	0.003370	-0.000337	0.000357	0.000974	0.001015	1875.000000	199.223493	0.834201	0.003733	0.000615	0.000564	-0.001727	0.001441
2818	0.831096	0.003596	0.000258	0.000491	0.000068	0.001945	1877.000000	199.223493	0.830671	0.004835	-0.000148	0.000395	0.000299	0.001899	1878.000000	199.223493	0.832002	0.002931	0.000785	0.000343	0.000984	0.001878
2821	0.832195	0.002761	-0.000221	0.000493	0.002402	0.001377	1880.000000	199.223493	0.833295	0.003262	-0.001064	0.001048	0.001987	0.001980	1881.000000	199.223493	0.836497	0.004602	0.000038	0.000959	0.003270	0.001186
2824	0.836612	0.005047	0.000468	0.000284	0.003231	0.002178	1883.000000	199.223493	0.835976	0.003757	-0.000256	0.000706	0.001804	0.002515	1884.000000	199.223493	0.834934	0.003227	-0.000428	0.000557	0.001100	0.002457
2827	0.834818	0.003766	-0.000627	0.000583	0.001389	0.002988	1886.000000	199.223493	0.834587	0.002349	0.000697	0.001058	0.001620	0.002682	1887.000000	199.223493	0.832137	0.003342	-0.000136	0.000931	0.003434	0.002898
2830	0.826196	0.003226	-0.000031	0.000261	0.002093	0.002172	1889.000000	199.223493	0.831077	0.003415	0.000173	0.000369	0.000762	0.001739	1890.000000	199.223493	0.829514	0.003423	0.000213	0.000761	-0.000010	0.002361
2833	0.831231	0.002505	0.000149	0.000385	0.001148	0.001712	1892.000000	199.223493	0.828627	0.001740	-0.000149	0.000619	0.002566	0.001673	1893.000000	199.223493	0.828144	0.002035	-0.000086	0.000572	0.002489	0.001865
2836	0.828588	0.002468	0.001039	0.000253	0.002064	0.001420	1895.000000	199.223493	0.828453	0.000625	0.000316	0.000481	0.003183	0.001467	1896.000000	199.223493	0.828627	0.002275	-0.000301	0.000174	0.001302	0.002223
2839	0.829649	0.000885	-0.001030	0.000462	0.002508	0.001253	1898.000000	199.223493	0.827450	0.001513	0.001025	0.000654	0.002469	0.001222	1899.000000	199.223493	0.826871	0.001246	0.000608	0.000777	0.003983	0.001370
2842	0.827450	0.001824	-0.000043	0.000282	0.004321	0.001093	1901.000000	199.223493	0.828029	0.001790	0.000002	0.000252	0.002816	0.001885	1902.000000	199.223493	0.826312	0.001461	0.000640	0.000576	0.003665	0.002973
2845	0.826794	0.001464	-0.000113	0.000472	0.004099	0.002438	1904.000000	199.223493	0.828241	0.002247	0.000141	0.000481	0.002652	0.002597	1905.000000	199.223493	0.827855	0.003118	0.000687	0.000526	0.002382	0.002424
2848	0.829977	0.002247	0.000473	0.000960	0.000907	0.001466	1907.000000	199.223493	0.830575	0.002133	0.000271	0.000557	0.001331	0.001523	1908.000000	199.223493	0.831655	0.001088	0.001042	0.000471	0.000135	0.001597
2851	0.832754	0.002549	-0.000440	0.000822	0.001495	0.001942	1910.000000	199.223493	0.831886	0.001648	-0.000679	0.000440	0.000965	0.002488	1911.000000	199.223493	0.830266	0.002463	-0.000821	0.000511	-0.001109	0.001983
2854	0.831231	0.002894	-0.000617	0.000434	-0.002460	0.001809	1913.000000	199.223493	0.829726	0.002066	-0.000112	0.000453	-0.002151	0.001625	1914.000000	199.223493	0.832176	0.002411	-0.000107	0.000299	-0.001013	0.000941
2857	0.832890	0.002362	-0.000036	0.000423	0.000135	0.001203	1916.000000	199.223493	0.831481	0.001921	-0.000146	0.000731	-0.000347	0.002280	1917.000000	199.223493	0.828434	0.003103	-0.000345	0.000651	0.000308	0.001751
2860	0.830980	0.001446	0.000454	0.000569	0.000926	0.001646	1919.000000	199.223493	0.834529	0.001586	-0.000244	0.000199	0.002160	0.001607	1920.000000	199.223493	0.830305	0.001396	-0.000529	0.000504	0.001389	0.001556
2863	0.830131	0.001456	-0.000167	0.000624	0.002296	0.001856	1922.000000	199.223493	0.826948	0.001293	0.000057	0.000442	0.000781	0.002110	1923.000000	199.223493	0.824518	0.001910	0.000023	0.000407	0.000511	0.001517
2866	0.827643	0.003190	0.000764	0.000516	0.002729	0.001541	1925.000000	199.223493	0.828106	0.002676	0.000411	0.000191	0.001678	0.002665	1926.000000	199.223493	0.827585	0.002872	-0.000054	0.000604	0.001138	0.002158
2869	0.829533	0.002425	0.001295	0.000252	-0.000473	0.001419	1928.000000	199.223493	0.829533	0.002408	0.000310	0.000268	-0.001196	0.001505	1929.000000	199.223493	0.830324	0.001996	0.001271	0.000551	-0.000636	0.001870
2872	0.828626	0.002472	0.000402	0.000206	0.000434	0.001418	1931.000000	199.223493	0.827199	0.002545	0.000115	0.000337	0.000743	0.001125	1932.000000	199.223493	0.826350	0.003244	0.000085	0.000606	0.000511	0.001337
2875	0.828665	0.001539	0.000152	0.000674	0.000849	0.001243	1934.000000	199.223493	0.830884	0.001290	0.000444	0.000257	0.000617	0.002198	1935.000000	199.223493	0.830555	0.002493	-0.000689	0.000341	-0.000675	0.001721
2878	0.830074	0.002195	-0.000451	0.000484	-0.000579	0.001756	1937.000000	199.223493	0.832658	0.003319	-0.000185	0.000369	-0.000936	0.002669	1938.000000	199.223493	0.831848	0.002327	-0.001083	0.000405	0.000386	0.002260
2881	0.832542	0.003387	-0.001167	0.000620	-0.001360	0.001911	1940.000000	199.223493	0.829765	0.002848	-0.001354	0.000368	-0.001398	0.002266	1941.000000	199.223493	0.829186	0.002580	-0.000971	0.000141	0.000675	0.002469
2884	0.827874	0.002620	-0.000048	0.000311	-0.000878	0.001545	1943.000000	199.223493	0.828839	0.002452	0.000093	0.000193	-0.002286	0.001595	1944.000000	199.223493	0.828974	0.002543	-0.001221	0.000186	-0.001447	0.001668
2887	0.833546	0.002231	-0.001099	0.000371	-0.003028	0.001224	1946.000000	199.223493	0.831675	0.001103	-0.001255	0.000341	-0.000906	0.001052	1947.000000	199.223493	0.830093	0.002371	-0.000212	0.000417	-0.000309	0.001808
2890	0.833545	0.002780	-0.000736	0.000709	-0.000579	0.001200	1949.000000	199.223493	0.830941	0.002469	0.001357	0.000419	-0.001215	0.001628	1950.000000	199.223493	0.829379	0.002381	-0.000187	0.000226	-0.000087	0.001859
2893	0.826543	0.002592	0.000297	0.000111	-0.000839	0.002587	1952.000000	199.223493	0.828067	0.001815	0.001415	0.000550	0.000337	0.002647	1953.000000	199.223493	0.829051	0.001690	-0.000329	0.000422	-0.000299	0.002168
2896	0.826061	0.001872	0.000123	0.000225	0.000695	0.001793	1955.000000	199.223493	0.825579	0.001993	-0.000299	0.000097	0.000222	0.001115	1956.000000	199.223493	0.825771	0.001542	-0.000012	0.000358	-0.000743	0.001026
2899	0.828260	0.002102	0.000166	0.000286	-0.001669	0.001143	1958.000000	199.223493	0.825270	0.002975	0.000652	0.000258	-0.001621	0.001131	1959.000000	199.223493	0.825965	0.002258	0.000142	0.000409	-0.001640	0.001869
2902	0.824846	0.002267	0.000295	0.000253	-0.001640	0.001817	1961.000000	199.223493	0.827720	0.002789	0.000586	0.000449	-0.002228	0.001395	1962.000000	199.223493	0.826794	0.003382	0.000816	0.000271	-0.002874	0.001634
2905	0.827797	0.003881	-0.000538	0.000675	-0.003472	0.002209	1964.000000	199.223493	0.826370	0.003884	0.000167	0.000267	-0.002971	0.002314	1965.000000	199.223493	0.826080	0.002997	0.000319	0.000589	-0.002460	0.002315
2908	0.825540	0.002603	-0.000114	0.000580	-0.002479	0.001482	1967.000000	199.223493	0.824402	0.003266	0.000421	0.000309	-0.000077	0.001440	1968.000000	199.223493	0.825193	0.003863	-0.000521	0.000357	-0.001234	0.001754
2911	0.824537	0.004161	0.000222	0.000357	-0.000945	0.001229	1970.000000	199.223493	0.824190	0.003423	0.000288	0.000366	0.001244	0.001238	1971.000000	199.223493	0.823650	0.003535	-0.000300	0.000624	0.002806	0.002268
2914	0.824576	0.001017	-0.000153	0.000535	0.001495	0.001332	1973.000000	199.223493	0.825733	0.003642	-0.000011	0.000391	-0.000135	0.001040	1974.000000	199.223493	0.828472	0.002961	-0.000543	0.000606	0.000579	0.000863
2917	0.828781	0.003508	-0.000109	0.000320	0.000607	0.000938	1976.000000	199.223493	0.824865	0.003114	-0.001152	0.000243	0.000067	0.001305	1977.000000	199.223493	0.826678	0.001796	-0.000360	0.000460	-0.000579	0.001017
2920	0.828877	0.001653	0.000209	0.000191	-0.000202	0.001615	1979.000000	199.223493	0.828781	0.001938	-0.000036	0.000682	-0.001659	0.001222	1980.000000	199.223493	0.829321	0.001893	-0.000183	0.000247	-0.002103	0.001988
2923	0.827681	0.002173	0.000702	0.000773	-0.000993	0.001765	1982.000000	199.223493	0.826080	0.002710	0.000156	0.000480	-0.001013	0.001701	1983.000000	199.223493	0.829495	0.003360	0.000297	0.000209	-0.002344	0.001144
2926	0.830440	0.003795	0.000233	0.000203	-0.003106	0.001118	1985.000000	199.223493	0.830112	0.002925	-0.000175	0.000905	-0.003212	0.001723	1986.000000	199.223493	0.828935	0.004388	-0.000390	0.000603	-0.002855	0.001489
2929	0.829514	0.003759	0.000389	0.000482	-0.002247	0.001200	1988.000000	199.223493	0.829900	0.004339	-0.000409	0.000231	-0.003125	0.001511	1989.000000	199.223493	0.828935	0.003878	-0.000755	0.000348	-0.001698	0.000944
2932	0.827064	0.003273	-0.000048	0.000333	-0.002556	0.001859	1991.000000	199.223493	0.828974	0.001994	0.000333	0.000445	-0.002083	0.001767	1992.000000	199.223493	0.825675	0.002591	0.000338	0.000295	-0.001418	0.003024
2935	0.826948	0.001935	0.000265	0.000523	-0.001485	0.002102	1994.000000	199.223493	0.827296	0.002166	-0.000787	0.000363	-0.000887	0.002336	1995.000000	199.223493	0.828993	0.002098	0.000006	0.000672	-0.001476	0.002553
2938	0.830768	0.002784	-0.000018	0.000323	-0.002257	0.001500	1997.000000	199.223493	0.831346	0.001632	-0.000187	0.000541	-0.001765	0.001576	1998.000000	199.223493	0.833797	0.002173	0.000510	0.000785	-0.003212	0.001173
2941	0.832928	0.002569	0.000991	0.000364	-0.001389	0.001986	2000.000000	199.223493	0.832755	0.003394	0.000169	0.000891	0.001244	0.001920	2001.000000	199.223493	0.833816	0.003200	-0.000912	0.000633	0.000260	0.002181
2944	0.833237	0.004104	-0.000981	0.000761	0.001534	0.002973	2003.000000	199.223493	0.834047	0.003567	-0.000214	0.000588	0.000366	0.002698	2004.000000	199.223493	0.834201	0.004053	-0.000219	0.000484	-0.000126	0.002692
2947	0.837191	0.003340	0.000499	0.000293	0.000830	0.001686	2006.000000	199.223493	0.835880	0.003591	0.000503	0.000692	0.000839	0.001321	2007.000000	199.223493	0.835301	0.003698	0.000140	0.000561	-0.001148	0.000674
2950	0.833333	0.003003	-0.000273	0.000377	-0.000290	0.001517	2009.000000	199.223493	0.831964	0.002048	-0.000225	0.000718	0.000666	0.001585	2010.000000	199.223493	0.834510	0.002634	0.000457	0.000992	0.000434	0.002043
2953	0.833179	0.002459	0.000776	0.000433	0.001717	0.002104	2012.000000	199.223493	0.836304	0.001579	0.000445	0.000869	0.000453	0.001655	2013.000000	199.223493	0.836863	0.001845	-0.000189	0.000929	-0.000338	0.001746
2956	0.835320	0.002289	-0.000693	0.000933	0.000926	0.002956	2015.000000	199.223493	0.834163	0.002120	0.000561	0.000829	0.000395	0.002191	2016.000000	199.223493	0.834877	0.003524	0.000066	0.000977	0.000048	0.002483
2959	0.833970	0.003775	0.000654	0.000230	0.000183	0.002526	2018.000000	199.223493	0.837500	0.003595	0.001835	0.000356	0.001071	0.002676	2019.000000	199.223493	0.837423	0.002788	0.000165	0.000587	0.000511	0.002550
2962	0.835108	0.003172	0.000026	0.000185	0.000164	0.002233	2021.000000	199.223493	0.833854	0.002961	0.000004	0.000598	0.000723	0.001957	2022.000000	199.223493	0.832157	0.002786	0.000520	0.000133	-0.000993	0.002871
2965	0.832311	0.003916	0.000342	0.000706	-0.003328	0.002318	2024.000000	199.223493	0.833835	0.003891	0.000626	0.000370	-0.003800	0.002771	2025.000000	199.223493	0.835783	0.002515	0.000133	0.000486	-0.002614	0.002374
2968	0.837674	0.002724	-0.000143	0.000561	-0.003482	0.002215	2027.000000	199.223493	0.835359	0.002659	0.000658	0.000738	-0.002845	0.002158	2028.000000	199.223493	0.833256	0.002698	-0.000199	0.000449	-0.002624	0.000907
2971	0.830941	0.000904	-0.000273	0.000445	-0.001553	0.001479	2030.000000	199.223493	0.831366	0.002078	-0.000544	0.000459	-0.001678	0.000880	2031.000000	199.223493	0.829572	0.002301	-0.000496	0.000533	-0.001804	0.001510
2974	0.830015	0.002469	-0.000477	0.000554	0.000174	0.001930	2033.000000	199.223493	0.831713	0.002798	-0.000019	0.000532	-0.002044	0.000942	2034.000000	199.223493	0.830594	0.004431	-0.000253	0.000372	-0.000550	0.001215
2977	0.831925	0.003308	0.000968	0.000452	0.000318	0.001554	2036.000000	199.223493	0.829591	0.004075	-0.000227	0.000111	0.001215	0.001714	2037.000000	199.223493	0.832176	0.003704	0.001046	0.000604	0.002064	0.001239
2980	0.831752	0.003177	-0.000593	0.000829	0.001862	0.001206	2039.000000	199.223493	0.830440	0.002158	-0.000463	0.000453	0.001466	0.001858	2040.000000	199.223493	0.830189	0.001722	-0.000684	0.000491	0.001350	0.002429
2983	0.830035	0.001490	-0.000941	0.000662	-0.000714	0.001553	2042.000000	199.223493	0.831771	0.002893	-0.000683	0.000566	-0.000608	0.001521	2043.000000	199.223493	0.833218	0.002496	-0.000525	0.000300	-0.000733	0.001454
2986	0.834182	0.003022	-0.000281	0.000315	-0.000029	0.001863	2045.000000	199.223493	0.829533	0.003491	-0.000505	0.000299	-0.000849	0.002133	2046.000000	199.223493	0.830285	0.002303	-0.001245	0.000551	-0.002720	0.002145
2989	0.832118	0.002198	-0.001385	0.000361	-0.002141	0.001909	2048.000000	199.223493	0.832851	0.002194	-0.000429	0.000139	-0.001997	0.002064	2049.000000	199.223493	0.833063	0.001935	-0.001358	0.000631	-0.002961	0.001948
2992	0.835089	0.001437	-0.000490	0.000738	-0.001707	0.002336	2051.000000	199.223493	0.836150	0.001742	-0.000189	0.000472	-0.000337	0.002122	2052.000000	199.223493	0.834105	0.001465	-0.000607	0.000326	0.000511	0.002539
2995	0.832292	0.000974	0.000438	0.000376	-0.000260	0.001402	2054.000000	199.223493	0.832002	0.000782	0.000433	0.000285	-0.000637	0.001168	2055.000000	199.223493	0.832658	0.000937	0.000996	0.000564	-0.001157	0.001255
2998	0.831308	0.001608	-0.000946	0.000218	-0.003935	0.002216	2057.000000	199.223493	0.833796	0.001747	-0.000274	0.000368	-0.001524	0.001614	2058.000000	199.223493	0.835957	0.001859	0.000677	0.000308	-0.002498	0.001549
3001	0.832523	0.001504	0.000123	0.000543	-0.001794	0.002286	2060.000000	199.223493	0.832678	0.002344	0.000169	0.000614	-0.001659	0.002258	2061.000000	199.223493	0.830498	0.003238	-0.000551	0.000643	-0.000733	0.002164
3004	0.826968	0.001483	-0.000363	0.000792	-0.001254	0.002648	2063.000000	199.223493	0.828144	0.001148	-0.000748	0.000703	-0.000598	0.001961	2064.000000	199.223493	0.828453	0.002263	-0.000093	0.000476	-0.003511	0.002042
3007	0.830652	0.001104	0.000379	0.000597	-0.002141	0.002073	2066.000000	199.223493	0.831018	0.001279	-0.000067	0.000206	-0.002392	0.001563	2067.000000	199.223493	0.830459	0.001524	-0.000913	0.000358	-0.000540	0.003310
3010	0.831597	0.001916	-0.000033	0.000426	-0.000193	0.003472	2069.000000	199.223493	0.829938	0.001984	-0.000781	0.000420	0.000868	0.003489	2070.000000	199.223493	0.829996	0.002103	-0.000113	0.000446	-0.000810	0.002779
3013	0.827643	0.002384	-0.000009	0.000341	-0.001350	0.002485	2072.000000	199.223493	0.829610	0.002393	-0.000282	0.000192	-0.001823	0.001675	2073.000000	199.223493	0.829553	0.001340	0.001072	0.000640	-0.002382	0.001748
3016	0.830999	0.001767	-0.001063	0.000442	-0.000531	0.001187	2075.000000	199.223493	0.832118	0.003263	0.000120	0.000193	0.000164	0.002004	2076.000000	199.223493	0.829591	0.001220	-0.000236	0.000429	-0.000405	0.001667
3019	0.829456	0.002272	0.000658	0.000575	-0.000251	0.001424	2078.000000	199.223493	0.831771	0.001125	0.000472	0.000616	-0.000685	0.001415	2079.000000	199.223493	0.831713	0.001881	0.000477	0.000562	0.000096	0.001178
3022	0.832176	0.001517	-0.000519	0.000897	-0.000646	0.001497	2081.000000	199.223493	0.832349	0.002376	0.001026	0.000359	-0.002045	0.001573	2082.000000	199.223493	0.831076	0.001706	0.000494	0.000688	-0.001746	0.001764
3025	0.832041	0.001514	0.001470	0.000489	0.001071	0.002333	2084.000000	199.223493	0.834182	0.002013	0.001123	0.000188	0.001051	0.001874	2085.000000	199.223493	0.836015	0.002911	0.000592	0.000784	0.001910	0.002144
3028	0.836728	0.003263	0.000674	0.000455	0.003250	0.002246	2087.000000	199.223493	0.834337	0.003803	0.000946	0.000810	0.003289	0.000795	2088.000000	199.223493	0.834163	0.003247	-0.000179	0.000325	0.002778	0.001007
3031	0.834510	0.002707	-0.000373	0.000336	0.003125	0.001669	2090.000000	199.223493	0.835745	0.001745	-0.000189	0.000325	0.001389	0.001577	2091.000000	199.223493	0.835609	0.003919	-0.000048	0.000869	0.001350	0.001533
3034	0.835475	0.005430	0.001377	0.001117	-0.000251	0.001900	2093.000000	199.223493	0.833179	0.004884	0.000963	0.000525	-0.001379	0.001583	2094.000000	199.223493	0.832928	0.003634	0.001503	0.000717	-0.001360	0.002166
3037	0.833545	0.004288	-0.000251	0.000300	-0.000550	0.002414	2096.000000	199.223493	0.834799	0.003654	0.000838	0.000435	-0.001158	0.001439	2097.000000	199.223493	0.838195	0.003588	0.000816	0.000804	-0.000868	0.001663
3040	0.833777	0.001715	0.000872	0.000375	-0.001553	0.001621	2099.000000	199.223493	0.836478	0.001162	0.000122	0.000490	0.000318	0.001773	2100.000000	199.223493	0.834144	0.001776	0.000734	0.000950	0.000415	0.001938
3043	0.833256	0.002038	0.000550	0.000259	-0.000820	0.002187	2102.000000	199.223493	0.834375	0.001417	-0.000142	0.000685	0.000762	0.002060	2103.000000	199.223493	0.835532	0.002283	0.000364	0.000658	-0.000936	0.003099
3046	0.833661	0.002493	0.001845	0.000543	0.000280	0.002179	2105.000000	199.223493	0.832967	0.001211	0.000076	0.000847	0.002016	0.001791	2106.000000	199.223493	0.831385	0.001753	-0.000162	0.000433	0.001784	0.003327
3049	0.830941	0.001953	-0.000143	0.000460	0.000878	0.002602	2108.000000	199.223493	0.833141	0.002278	0.000274	0.000578	0.000376	0.002959	2109.000000	199.223493	0.834877	0.001723	0.000800	0.000123	0.000251	0.003014
3052	0.833507	0.001335	0.000148	0.000425	0.001244	0.003518	2111.000000	199.223493	0.831944	0.001972	0.000347	0.000373	0.001842	0.003479	2112.000000	199.223493	0.835070	0.002113	0.000059	0.000685	0.001861	0.003117
3055	0.835667	0.001575	-0.000663	0.000344	0.000337	0.002373	2114.000000	199.223493	0.837037	0.000939	-0.000823	0.000398	0.003009	0.002240	2115.000000	199.223493	0.834452	0.001891	0.000198	0.000472	0.001727	0.002583
3058	0.835629	0.001819	-0.000158	0.000845	0.001553	0.002520	2117.000000	199.223493	0.831675	0.001681	-0.000325	0.000288	0.001842	0.001873	2118.000000	199.223493	0.831713	0.002295	-0.000390	0.000582	0.003684	0.002422
3061	0.832060	0.002301	0.000414	0.000663	0.003424	0.001889	2120.000000	199.223493	0.834607	0.001895	0.002065	0.000817	0.003761	0.001754	2121.000000	199.223493	0.830093	0.001769	0.000528	0.000302	0.004447	0.001216
3064	0.830266	0.002301	0.000632	0.000462	0.003858	0.001519	2123.000000	199.223493	0.831482	0.002309	0.000583	0.000556	0.003694	0.000990	2124.000000	199.223493	0.832523	0.003772	0.000875	0.000595	0.002421	0.001115
3067	0.833025	0.004048	0.000818	0.000650	0.003395	0.001466	2126.000000	199.223493	0.832812	0.004592	0.001310	0.000370	0.003492	0.001304	2127.000000	199.223493	0.829186	0.004089	0.000448	0.000346	0.002411	0.002080
3070	0.829437	0.004112	0.000201	0.000408	0.001823	0.002034	2129.000000	199.223493	0.829340	0.003920	-0.000496	0.000311	0.000598	0.002698	2130.000000	199.223493	0.826852	0.004528	-0.000648	0.000117	0.002595	0.003279
3073	0.827488	0.003248	-0.000319	0.000928	-0.000010	0.003432	2132.000000	199.223493	0.830999	0.002938	0.000619	0.000883	-0.000656	0.003662	2133.000000	199.223493	0.828414	0.004074	-0.000223	0.000535	0.001119	0.003328
3076	0.827700	0.003392	-0.000552	0.000352	-0.000357	0.003199	2135.000000	199.223493	0.828318	0.002164	0.000997	0.000285	-0.000270	0.002716	2136.000000	199.223493	0.829977	0.001711	-0.000310	0.000734	0.000125	0.002488
3079	0.826871	0.001461	0.000623	0.000296	-0.000077	0.002366	2138.000000	199.223493	0.828819	0.002434	-0.001047	0.000770	0.001061	0.001920	2139.000000	199.223493	0.830498	0.002313	-0.001179	0.000216	-0.000106	0.001847
3082	0.829610	0.002681	0.000799	0.000161	0.001891	0.001225	2141.000000	199.223493	0.830401	0.002002	0.000840	0.000513	0.002459	0.001382	2142.000000	199.223493	0.827971	0.000865	0.000016	0.000265	-0.000260	0.002754
3085	0.828357	0.001797	-0.000650	0.000406	-0.001977	0.002909	2144.000000	199.223493	0.831404	0.001259	-0.000114	0.000651	-0.002247	0.003371	2145.000000	199.223493	0.830575	0.002019	-0.001031	0.000604	-0.002508	0.003713
3088	0.833603	0.001620	-0.000056	0.000656	-0.002691	0.003558	2147.000000	199.223493	0.832292	0.001805	-0.000280	0.000527	-0.002623	0.003264	2148.000000	199.223493	0.832793	0.001838	-0.000542	0.000457	-0.000347	0.002407
3091	0.836574	0.001438	0.000082	0.000292	-0.001968	0.002543	2150.000000	199.223493	0.836825	0.001581	-0.000566	0.000496	-0.001022	0.002341	2151.000000	199.223493	0.836265	0.003256	-0.000102	0.000648	-0.003839	0.002506
3094	0.835031	0.001788	0.001277	0.000358	-0.003771	0.002944	2153.000000	199.223493	0.837442	0.002434	0.001076	0.000429	-0.001476	0.001966	2154.000000	199.223493	0.835185	0.002756	-0.000436	0.000738	-0.001842	0.001512
3097	0.833700	0.002183	0.000167	0.000594	-0.001032	0.001439	2156.000000	199.223493	0.832041	0.001539	0.001078	0.000420	-0.000984	0.001357	2157.000000	199.223493	0.833854	0.001653	0.000211	0.000296	0.000685	0.001250
3100	0.835725	0.001113	-0.000375	0.000615	-0.000164	0.000838	2159.000000	199.223493	0.836343	0.001472	-0.000350	0.000652	-0.001640	0.001662	2160.000000	199.223493	0.836863	0.002102	-0.000733	0.000664	-0.003086	0.002323
3103	0.834413	0.002716	0.000117	0.000614	-0.002016	0.001721	2162.000000	199.223493	0.834819	0.003329	-0.000658	0.000564	-0.001273	0.001723	2163.000000	199.223493	0.832446	0.003128	0.000661	0.000578	-0.001611	0.000994
3106	0.832832	0.002319	-0.001007	0.000576	-0.002556	0.001661	2165.000000	199.223493	0.834201	0.002409	-0.000878	0.000636	-0.002025	0.001824	2166.000000	199.223493	0.834799	0.002985	0.000266	0.000627	-0.001312	0.002392
3109	0.833179	0.003541	0.000352	0.000665	-0.002257	0.001982	2168.000000	199.223493	0.832774	0.004035	0.000036	0.000558	-0.001784	0.002360	2169.000000	199.223493	0.832446	0.003969	0.000085	0.000897	-0.002932	0.001510
3112	0.833237	0.004062	-0.001442	0.000399	-0.002797	0.001581	2171.000000	199.223493	0.831790	0.003645	-0.000355	0.000211	0.000424	0.000887	2172.000000	199.223493	0.831192	0.004623	-0.000256	0.000549	0.000338	0.001745
3115	0.832677	0.004689	0.000003	0.000301	-0.000772	0.001268	2174.000000	199.223493	0.829822	0.004445	-0.000300	0.000727	-0.000183	0.001280	2175.000000	199.223493	0.832561	0.004538	-0.000625	0.000561	-0.000859	0.000792
3118	0.832157	0.004021	-0.000282	0.000706	0.000299	0.001023	2177.000000	199.223493	0.830112	0.002856	-0.000694	0.000513	0.000868	0.000543	2178.000000	199.223493	0.830228	0.003196	-0.000030	0.000413	0.004263	0.000858
3121	0.831404	0.002454	0.001073	0.000266	0.002932	0.000931	2180.000000	199.223493	0.831674	0.002327	0.000650	0.000527	0.002556	0.000936	2181.000000	199.223493	0.831192	0.001615	0.000136	0.000384	0.003115	0.000921
3124	0.830131	0.002871	0.000668	0.000657	0.001987	0.000782	2183.000000	199.223493	0.828395	0.002430	0.000202	0.000504	0.001273	0.000550	2184.000000	199.223493	0.827874	0.004053	-0.000428	0.000765	0.002903	0.001392
3127	0.827585	0.004330	0.000767	0.000278	0.002643	0.000929	2186.000000	199.223493	0.829167	0.003003	0.000360	0.000748	0.003038	0.001231	2187.000000	199.223493	0.830131	0.003100	0.001694	0.000600	0.003762	0.001290
3130	0.832774	0.003312	0.001019	0.000888	0.001447	0.000918	2189.000000	199.223493	0.829958	0.002975	-0.000176	0.000427	0.002749	0.000838	2190.000000	199.223493	0.833102	0.003304	-0.000107	0.000162	0.001032	0.001534
3133	0.830787	0.003515	-0.000192	0.000421	0.002672	0.002218	2192.000000	199.223493	0.830150	0.004796	0.000340	0.000124	0.002295	0.002437	2193.000000	199.223493	0.832215	0.002929	0.001023	0.000462	0.001466	0.001964
3136	0.832639	0.002673	-0.000283	0.000444	0.004244	0.001632	2195.000000	199.223493	0.834124	0.003515	-0.001318	0.000908	0.003482	0.002140	2196.000000	199.223493	0.839197	0.005259	-0.000071	0.000903	0.004446	0.001421
3139	0.837982	0.005334	0.000847	0.000574	0.003598	0.002286	2198.000000	199.223493	0.837519	0.003932	-0.000120	0.000766	0.002016	0.002607	2199.000000	199.223493	0.836960	0.002647	-0.000453	0.000554	0.000936	0.002377
3142	0.836497	0.003273	-0.000554	0.000615	0.001707	0.003057	2201.000000	199.223493	0.833276	0.002748	-0.000366	0.000555	0.001775	0.002726	2202.000000	199.223493	0.831289	0.003459	-0.001202	0.000701	0.001727	0.002380
3145	0.827430	0.002896	-0.000489	0.000323	0.001427	0.001846	2204.000000	199.223493	0.831424	0.003237	0.000376	0.000442	0.000858	0.001754	2205.000000	199.223493	0.831867	0.002928	-0.000025	0.000780	-0.000694	0.002163
3148	0.833391	0.002628	0.000213	0.000356	0.000637	0.001471	2207.000000	199.223493	0.831076	0.003006	-0.000206	0.000611	0.002093	0.001626	2208.000000	199.223493	0.830035	0.002501	0.000459	0.000701	0.001842	0.001798
3151	0.830266	0.002291	0.000980	0.000268	0.002035	0.001411	2210.000000	199.223493	0.828646	0.000560	0.000602	0.000594	0.002411	0.001187	2211.000000	199.223493	0.829186	0.002224	-0.000387	0.000109	-0.000299	0.001222
3154	0.829610	0.000893	-0.001442	0.000233	0.002103	0.000905	2213.000000	199.223493	0.827141	0.001661	0.000917	0.000678	0.002103	0.000920	2214.000000	199.223493	0.826331	0.001297	0.001295	0.000527	0.003954	0.001353
3157	0.828684	0.002188	0.000076	0.000317	0.003877	0.000771	2216.000000	199.223493	0.828202	0.001780	-0.000425	0.000333	0.002035	0.001331	2217.000000	199.223493	0.827720	0.002075	0.000681	0.000567	0.001264	0.001205
3160	0.825752	0.001390	-0.000279	0.000484	0.002431	0.001267	2219.000000	199.223493	0.826678	0.001743	0.000180	0.000479	0.001987	0.002108	2220.000000	199.223493	0.826620	0.002673	0.000413	0.000648	0.002006	0.002168
3163	0.828164	0.001565	0.000797	0.000814	0.001939	0.002208	2222.000000	199.223493	0.829070	0.001972	0.000768	0.000248	0.000945	0.001268	2223.000000	199.223493	0.830459	0.001053	0.001231	0.000393	-0.001341	0.001477
3166	0.830768	0.002521	-0.000123	0.000694	0.000212	0.001522	2225.000000	199.223493	0.831886	0.001648	0.000143	0.000786	0.000685	0.002463	2226.000000	199.223493	0.831501	0.002398	-0.000305	0.000610	-0.001717	0.001775
3169	0.832832	0.002883	-0.000624	0.000432	-0.002990	0.001692	2228.000000	199.223493	0.832948	0.002506	0.000033	0.000505	-0.001312	0.001842	2229.000000	199.223493	0.834954	0.002357	-0.000010	0.000370	-0.000511	0.001140
3172	0.835069	0.002359	0.000022	0.000468	0.000415	0.001324	2231.000000	199.223493	0.833179	0.001324	-0.000187	0.000711	-0.000434	0.002250	2232.000000	199.223493	0.831115	0.002661	-0.000551	0.000616	0.000173	0.001669
3175	0.831829	0.001446	-0.000091	0.000344	-0.000733	0.000460	2234.000000	199.223493	0.834645	0.001535	-0.000613	0.000429	0.000714	0.001298	2235.000000	199.223493	0.831597	0.001417	-0.000333	0.000439	0.000270	0.001053
3178	0.831231	0.000581	-0.000197	0.000638	0.002527	0.001921	2237.000000	199.223493	0.828955	0.000806	0.000302	0.000429	0.000839	0.002133	2238.000000	199.223493	0.826196	0.002182	-0.000463	0.000306	0.001186	0.001690
3181	0.827026	0.003178	0.000705	0.000505	0.003009	0.001495	2240.000000	199.223493	0.827662	0.002611	0.000340	0.000203	0.001128	0.002628	2241.000000	199.223493	0.829803	0.002533	0.000051	0.000626	0.000116	0.002021
3184	0.830787	0.002488	0.001014	0.000439	-0.001456	0.001145	2243.000000	199.223493	0.831443	0.002920	0.000570	0.000202	-0.001640	0.001256	2244.000000	199.223493	0.832273	0.001830	0.000468	0.000461	-0.001013	0.001685
3187	0.830922	0.002195	0.000375	0.000207	0.001061	0.001568	2246.000000	199.223493	0.829012	0.002450	-0.000140	0.000425	0.000868	0.001092	2247.000000	199.223493	0.827855	0.003431	0.000085	0.000607	0.001321	0.001246
3190	0.829263	0.001660	0.000584	0.000666	0.001620	0.001269	2249.000000	199.223493	0.831443	0.001541	0.000315	0.000344	0.001466	0.002333	2250.000000	199.223493	0.828453	0.001545	-0.000954	0.000273	0.000424	0.001643
3193	0.827720	0.000907	-0.000761	0.000487	0.000569	0.001753	2252.000000	199.223493	0.830613	0.002334	-0.000836	0.000637	0.002054	0.001517	2253.000000	199.223493	0.830710	0.001603	-0.001117	0.000389	0.002575	0.001101
3196	0.830305	0.002278	-0.001193	0.000610	0.000820	0.000881	2255.000000	199.223493	0.827353	0.001531	-0.001350	0.000366	0.000125	0.001235	2256.000000	199.223493	0.827276	0.001799	-0.000851	0.000065	0.001090	0.002160
3199	0.827103	0.002056	-0.000069	0.000301	-0.000116	0.000940	2258.000000	199.223493	0.828781	0.002408	0.000466	0.000366	-0.000550	0.000785	2259.000000	199.223493	0.829012	0.002570	-0.000088	0.000979	0.001119	0.001732
3202	0.834028	0.002490	-0.000293	0.000737	-0.001620	0.001312	2261.000000	199.223493	0.832774	0.001950	-0.000756	0.000409	0.000222	0.000814	2262.000000	199.223493	0.830748	0.002802	0.000988	0.000851	0.001186	0.001355
3205	0.834221	0.002961	0.000017	0.000704	0.000666	0.000924	2264.000000	199.223493	0.832562	0.003409	0.001071	0.000469	0.001379	0.000860	2265.000000	199.223493	0.829745	0.002663	-0.000288	0.000263	0.002942	0.000953
3208	0.826832	0.002806	0.000065	0.000218	0.002691	0.001109	2267.000000	199.223493	0.829360	0.002684	0.001022	0.000759	0.002758	0.001707	2268.000000	199.223493	0.829475	0.001985	-0.000517	0.000314	0.001225	0.001251
3211	0.827739	0.003340	-0.000056	0.000317	0.001553	0.001363	2270.000000	199.223493	0.828144	0.004075	-0.000188	0.000073	0.001350	0.001015	2271.000000	199.223493	0.827122	0.002532	-0.000331	0.000243	-0.000299	0.000978
3214	0.828877	0.002304	-0.000048	0.000250	-0.001717	0.001120	2273.000000	199.223493	0.826736	0.003665	0.000643	0.000253	-0.000859	0.001330	2274.000000	199.223493	0.827662	0.003086	0.000250	0.000422	-0.001157	0.001913
3217	0.826890	0.002717	0.000047	0.000383	-0.000415	0.001750	2276.000000	199.223493	0.827836	0.002838	0.000465	0.000468	-0.000656	0.001563	2277.000000	199.223493	0.825540	0.002882	0.000307	0.000449	-0.003164	0.001581
3220	0.827353	0.003766	-0.000709	0.000664	-0.003241	0.002260	2279.000000	199.223493	0.826235	0.003858	0.000176	0.000265	-0.002720	0.002336	2280.000000	199.223493	0.825289	0.003034	0.000215	0.000604	-0.002026	0.002329
3223	0.825077	0.002710	-0.000368	0.000551	-0.002382	0.001524	2282.000000	199.223493	0.825058	0.003239	0.000174	0.000396	0.000125	0.001468	2283.000000	199.223493	0.825579	0.003879	-0.000463	0.000373	-0.000106	0.002162
3226	0.824981	0.004180	-0.000152	0.000402	-0.000212	0.001563	2285.000000	199.223493	0.826408	0.003395	-0.000002	0.000472	0.001592	0.001433	2286.000000	199.223493	0.826177	0.003290	-0.000429	0.000642	0.003520	0.002473
3229	0.826813	0.001504	-0.000179	0.000538	0.001418	0.001291	2288.000000	199.223493	0.826852	0.003648	-0.000004	0.000392	-0.000694	0.000584	2289.000000	199.223493	0.830343	0.002877	-0.000295	0.000593	0.000096	0.000511
3232	0.831269	0.003294	-0.000009	0.000342	-0.000714	0.000983	2291.000000	199.223493	0.828164	0.003979	-0.000982	0.000286	-0.001486	0.001156	2292.000000	199.223493	0.828357	0.002256	-0.000663	0.000474	-0.001572	0.000573
3235	0.829456	0.001747	0.000130	0.000143	-0.001148	0.001208	2294.000000	199.223493	0.829186	0.001953	0.000048	0.000681	-0.001485	0.001358	2295.000000	199.223493	0.829668	0.001993	0.000129	0.000247	-0.002682	0.001600
3238	0.828183	0.002477	0.000209	0.000690	-0.000685	0.001938	2297.000000	199.223493	0.825366	0.002107	0.000754	0.000634	0.000260	0.002400	2298.000000	199.223493	0.829475	0.003351	0.000502	0.000225	-0.001196	0.001692
3241	0.830517	0.003844	0.000235	0.000204	-0.001003	0.002335	2300.000000	199.223493	0.830691	0.003248	-0.000708	0.000698	-0.001398	0.002630	2301.000000	199.223493	0.827373	0.004117	-0.000231	0.000574	-0.001466	0.002381
3244	0.828974	0.003541	0.000085	0.000628	-0.000589	0.002252	2303.000000	199.223493	0.825907	0.002495	-0.000960	0.000576	-0.001100	0.002176	2304.000000	199.223493	0.827431	0.002888	-0.000627	0.000342	-0.001215	0.001227
3247	0.826485	0.002854	-0.000456	0.000430	-0.001379	0.002592	2306.000000	199.223493	0.830575	0.002917	-0.000241	0.000266	-0.000280	0.002720	2307.000000	199.223493	0.826138	0.002888	0.000121	0.000227	-0.001022	0.003211
3250	0.825907	0.001708	0.000157	0.000561	0.000289	0.002946	2309.000000	199.223493	0.827141	0.002185	-0.000698	0.000391	0.001418	0.002780	2310.000000	199.223493	0.827238	0.002461	-0.000084	0.000637	0.001321	0.002895
3253	0.827083	0.003272	0.000417	0.000410	0.000637	0.002856	2312.000000	199.223493	0.827122	0.002366	0.000109	0.000601	0.000569	0.002944	2313.000000	199.223493	0.828974	0.002522	0.000787	0.000782	-0.000039	0.003007
3256	0.828820	0.002969	0.001157	0.000268	-0.000183	0.002432	2315.000000	199.223493	0.829495	0.002410	0.000537	0.000840	0.001784	0.002070	2316.000000	199.223493	0.831154	0.003596	-0.000798	0.000665	0.001302	0.002561
3259	0.830671	0.004094	-0.001413	0.000585	0.002267	0.003068	2318.000000	199.223493	0.831790	0.003182	0.000059	0.000383	0.002604	0.002293	2319.000000	199.223493	0.833141	0.003738	-0.000333	0.000512	0.001910	0.002721
3262	0.835031	0.002672	0.000395	0.000303	0.002305	0.002059	2321.000000	199.223493	0.832523	0.002869	0.001101	0.000535	0.001765	0.001602	2322.000000	199.223493	0.831192	0.003329	0.000342	0.000456	0.000675	0.001869
3265	0.831173	0.003189	0.000073	0.000609	0.000665	0.001936	2324.000000	199.223493	0.829090	0.002429	0.000107	0.000668	0.000058	0.001152	2325.000000	199.223493	0.831038	0.002905	0.000985	0.000791	-0.000694	0.001389
3268	0.830478	0.001894	0.000334	0.000672	0.000463	0.001672	2327.000000	199.223493	0.833603	0.001760	0.000786	0.000686	0.000443	0.001651	2328.000000	199.223493	0.834568	0.001318	0.000113	0.000807	-0.000753	0.001531
3271	0.832022	0.001521	-0.000099	0.000575	-0.000569	0.002286	2330.000000	199.223493	0.832157	0.001122	0.000940	0.000559	-0.001620	0.000843	2331.000000	199.223493	0.832427	0.002200	0.000640	0.000687	-0.001881	0.000979
3274	0.830845	0.002469	0.000786	0.000147	-0.002180	0.000700	2333.000000	199.223493	0.833815	0.002958	0.001599	0.000207	-0.001765	0.001455	2334.000000	199.223493	0.834240	0.002343	0.000451	0.000560	-0.002006	0.002191
3277	0.831038	0.002406	-0.000110	0.000194	-0.001514	0.001630	2336.000000	199.223493	0.830536	0.002107	0.000075	0.000620	-0.001128	0.000845	2337.000000	199.223493	0.829225	0.002052	0.000490	0.000124	-0.003617	0.001254
3280	0.828974	0.003361	-0.000122	0.000908	-0.004032	0.001774	2339.000000	199.223493	0.830864	0.003026	0.000543	0.000424	-0.004369	0.002415	2340.000000	199.223493	0.833353	0.002973	0.000415	0.000317	-0.003009	0.002145
3283	0.833661	0.003694	0.000102	0.000629	-0.003443	0.002244	2342.000000	199.223493	0.832099	0.003716	0.000188	0.000659	-0.003193	0.001902	2343.000000	199.223493	0.831404	0.003322	-0.000085	0.000460	-0.001051	0.002201
3286	0.829630	0.001502	0.000007	0.000399	-0.000704	0.001810	2345.000000	199.223493	0.828839	0.002301	0.000143	0.000388	-0.001746	0.000827	2346.000000	199.223493	0.829707	0.002346	-0.000318	0.000554	-0.002450	0.000962
3289	0.831115	0.002366	-0.000653	0.000569	-0.000424	0.001485	2348.000000	199.223493	0.831269	0.003037	-0.000707	0.000790	-0.001688	0.001217	2349.000000	199.223493	0.829822	0.004652	-0.000250	0.000371	-0.000193	0.001429
3292	0.829726	0.003684	0.000625	0.000422	-0.000559	0.001138	2351.000000	199.223493	0.826736	0.004822	-0.000196	0.000104	0.000299	0.000980	2352.000000	199.223493	0.829283	0.004616	0.000836	0.000574	0.001794	0.001007
3295	0.830054	0.003864	-0.000283	0.000824	0.001148	0.000758	2354.000000	199.223493	0.830093	0.002337	-0.000230	0.000455	0.000579	0.001508	2355.000000	199.223493	0.828491	0.002287	-0.000379	0.000446	-0.000579	0.001731
3298	0.828029	0.001694	-0.000943	0.000661	-0.000492	0.001657	2357.000000	199.223493	0.828164	0.003290	-0.001184	0.000540	-0.000569	0.001534	2358.000000	199.223493	0.830131	0.002931	-0.000269	0.000137	-0.000347	0.001534
3301	0.831462	0.003668	-0.000442	0.000367	-0.000935	0.001633	2360.000000	199.223493	0.830575	0.003029	-0.000428	0.000315	-0.000752	0.002183	2361.000000	199.223493	0.830961	0.001898	-0.001319	0.000527	-0.001842	0.002304
3304	0.832658	0.001841	-0.001467	0.000307	-0.001688	0.002001	2363.000000	199.223493	0.832253	0.002596	-0.000550	0.000203	-0.001206	0.002437	2364.000000	199.223493	0.832813	0.002024	-0.000982	0.000588	-0.002952	0.001952
3307	0.834645	0.001785	-0.000208	0.000638	-0.002614	0.001715	2366.000000	199.223493	0.835995	0.001860	-0.000266	0.000496	-0.001447	0.001639	2367.000000	199.223493	0.834047	0.001469	-0.000723	0.000302	-0.000589	0.002131
3310	0.830324	0.001546	0.000674	0.000540	-0.000434	0.001361	2369.000000	199.223493	0.831134	0.001481	0.000363	0.000286	-0.000897	0.001121	2370.000000	199.223493	0.830652	0.002425	0.000246	0.000546	-0.001340	0.001239
3313	0.830806	0.001782	-0.000693	0.000376	-0.003588	0.002187	2372.000000	199.223493	0.834028	0.001700	-0.000404	0.000336	-0.001534	0.001613	2373.000000	199.223493	0.834259	0.002649	0.000565	0.000306	-0.001620	0.001730
3316	0.831829	0.002047	-0.000085	0.000471	-0.002353	0.002180	2375.000000	199.223493	0.832292	0.002490	0.000303	0.000575	-0.003009	0.001756	2376.000000	199.223493	0.833044	0.002872	-0.000611	0.000637	-0.001823	0.001889
3319	0.830806	0.002566	-0.000724	0.000754	-0.003212	0.002109	2378.000000	199.223493	0.831057	0.002247	-0.000934	0.000630	-0.001302	0.001835	2379.000000	199.223493	0.831867	0.002245	-0.000894	0.000625	-0.003453	0.002060
3322	0.832813	0.001639	-0.000156	0.000453	-0.001370	0.002338	2381.000000	199.223493	0.832176	0.001474	0.000124	0.000255	-0.001861	0.001669	2382.000000	199.223493	0.832253	0.001634	-0.000611	0.000345	0.000116	0.003469
3325	0.832562	0.001945	-0.000192	0.000452	0.000125	0.003489	2384.000000	199.223493	0.829456	0.002133	-0.000775	0.000422	0.000434	0.003450	2385.000000	199.223493	0.829900	0.002105	-0.000474	0.000419	0.000125	0.003039
3328	0.830131	0.002315	-0.000472	0.000611	-0.001427	0.002470	2387.000000	199.223493	0.830324	0.002412	0.000074	0.000293	-0.001727	0.001694	2388.000000	199.223493	0.829186	0.001260	0.001005	0.000665	-0.002016	0.001878
3331	0.829321	0.001585	-0.001076	0.000434	0.000222	0.001299	2390.000000	199.223493	0.828569	0.003199	0.000283	0.000304	-0.000029	0.001950	2391.000000	199.223493	0.828569	0.000821	0.000134	0.000550	-0.000916	0.001501
3334	0.828742	0.002269	0.000241	0.000587	-0.000820	0.001406	2393.000000	199.223493	0.830652	0.001517	0.000081	0.000722	0.000145	0.001218	2394.000000	199.223493	0.828530	0.002974	0.000109	0.000565	-0.000155	0.001145
3337	0.830903	0.002046	-0.000566	0.000902	-0.000154	0.001681	2396.000000	199.223493	0.831404	0.002661	0.000836	0.000393	-0.001350	0.001789	2397.000000	199.223493	0.830710	0.001914	0.000761	0.000613	0.000116	0.001979
3340	0.829591	0.003377	0.001002	0.000666	0.003434	0.001657	2399.000000	199.223493	0.831231	0.003841	0.001183	0.000146	0.003395	0.002084	2400.000000	199.223493	0.834298	0.003974	0.000632	0.000768	0.004292	0.002281
3343	0.835359	0.004022	0.000762	0.000385	0.005150	0.001962	2402.000000	199.223493	0.834626	0.003710	0.000848	0.000821	0.004167	0.000907	2403.000000	199.223493	0.833372	0.003513	-0.000238	0.000302	0.003144	0.000917
3346	0.831964	0.002670	-0.000407	0.000331	0.003848	0.001584	2405.000000	199.223493	0.833160	0.001705	-0.000039	0.000428	0.001206	0.001574	2406.000000	199.223493	0.834780	0.004101	-0.000539	0.000785	0.001524	0.001506
3349	0.835263	0.005501	0.001117	0.001145	0.000087	0.001886	2408.000000	199.223493	0.833835	0.004683	0.000494	0.000602	-0.001929	0.001444	2409.000000	199.223493	0.833333	0.003477	0.000668	0.000561	-0.001649	0.002070
3352	0.833893	0.004125	-0.000059	0.000241	0.000849	0.002579	2411.000000	199.223493	0.834684	0.003710	0.000561	0.000397	0.002064	0.002730	2412.000000	199.223493	0.836381	0.004207	0.001247	0.000832	0.001688	0.002361
3355	0.831520	0.001916	0.000708	0.000310	-0.000482	0.002016	2414.000000	199.223493	0.833488	0.001604	-0.000421	0.000233	0.001842	0.001736	2415.000000	199.223493	0.830922	0.002483	0.000103	0.000709	0.001775	0.001963
3358	0.830556	0.002190	0.000379	0.000262	0.000916	0.002291	2417.000000	199.223493	0.831308	0.001433	0.000192	0.000605	0.001302	0.002016	2418.000000	199.223493	0.831713	0.002857	0.000390	0.000640	0.001022	0.003127
3361	0.830324	0.003568	0.001955	0.000507	0.001003	0.002006	2420.000000	199.223493	0.830170	0.002764	0.000649	0.000816	0.001264	0.001972	2421.000000	199.223493	0.827643	0.003434	0.000412	0.000183	0.002923	0.003331
3364	0.827604	0.004169	0.000175	0.000279	0.000829	0.002606	2423.000000	199.223493	0.830266	0.004534	0.000170	0.000609	0.000560	0.002982	2424.000000	199.223493	0.832157	0.003869	0.000757	0.000133	0.000145	0.002997
3367	0.829109	0.004170	0.000172	0.000407	0.000656	0.003585	2426.000000	199.223493	0.827199	0.003093	0.000514	0.000327	0.000212	0.003364	2427.000000	199.223493	0.829938	0.004003	0.000651	0.000329	-0.001244	0.003224
3370	0.831366	0.003489	-0.000101	0.000264	-0.001466	0.002444	2429.000000	199.223493	0.832388	0.004100	-0.000909	0.000363	0.000646	0.002129	2430.000000	199.223493	0.830710	0.003461	0.000185	0.000481	-0.000646	0.002213
3373	0.832118	0.003333	0.000754	0.000644	-0.001447	0.002311	2432.000000	199.223493	0.829418	0.003068	-0.000462	0.000218	-0.000965	0.002521	2433.000000	199.223493	0.827488	0.004350	-0.000451	0.000577	0.001765	0.002445
3376	0.828434	0.003938	-0.000137	0.000698	0.000907	0.002191	2435.000000	199.223493	0.831096	0.003134	0.001465	0.000888	0.002951	0.001628	2436.000000	199.223493	0.827971	0.002282	0.000833	0.000189	0.003839	0.001052
3379	0.828453	0.003067	0.000388	0.000469	0.003221	0.001644	2438.000000	199.223493	0.829591	0.002996	0.000706	0.000548	0.002759	0.001047	2439.000000	199.223493	0.830035	0.003973	0.001216	0.000437	0.002209	0.001033
3382	0.829495	0.003245	0.000754	0.000651	0.002797	0.001322	2441.000000	199.223493	0.830498	0.004073	0.001060	0.000400	0.003173	0.001253	2442.000000	199.223493	0.826775	0.003447	0.000218	0.000429	0.000434	0.001195
3385	0.828086	0.003994	0.000184	0.000403	0.000106	0.001626	2444.000000	199.223493	0.827392	0.003621	-0.000532	0.000324	-0.001842	0.002359	2445.000000	199.223493	0.825019	0.004118	-0.000719	0.000141	-0.000714	0.002919
3388	0.827180	0.003130	0.000409	0.000626	-0.002103	0.003109	2447.000000	199.223493	0.830845	0.002906	0.001192	0.000652	-0.002411	0.003507	2448.000000	199.223493	0.828453	0.004077	0.000282	0.000329	-0.000502	0.003206
3391	0.828221	0.003497	-0.000929	0.000532	-0.000453	0.003183	2450.000000	199.223493	0.828974	0.002214	0.000250	0.000700	-0.001167	0.002530	2451.000000	199.223493	0.829629	0.001739	-0.000449	0.000726	-0.001321	0.002569
3394	0.825926	0.001224	0.000790	0.000413	-0.002479	0.002235	2453.000000	199.223493	0.825096	0.002560	-0.000674	0.000714	-0.001736	0.001920	2454.000000	199.223493	0.829302	0.002686	-0.000599	0.000419	-0.002450	0.002314
3397	0.828723	0.002641	0.000567	0.000311	-0.000752	0.002109	2456.000000	199.223493	0.830922	0.001927	0.000752	0.000538	-0.000502	0.002428	2457.000000	199.223493	0.828144	0.000838	0.000138	0.000321	-0.002276	0.002216
3400	0.829128	0.001619	-0.000889	0.000343	-0.003163	0.002383	2459.000000	199.223493	0.830459	0.001939	-0.000263	0.000625	-0.003617	0.002769	2460.000000	199.223493	0.831327	0.001549	-0.001082	0.000583	-0.003202	0.003410
3403	0.833063	0.001865	-0.000032	0.000666	-0.003086	0.003393	2462.000000	199.223493	0.830710	0.002488	-0.000400	0.000458	-0.003318	0.002925	2463.000000	199.223493	0.830459	0.003222	-0.000613	0.000445	-0.001321	0.001857
3406	0.831752	0.003802	0.000023	0.000288	-0.000868	0.003192	2465.000000	199.223493	0.831713	0.004187	-0.000921	0.000598	-0.000048	0.002922	2466.000000	199.223493	0.832870	0.003808	-0.000272	0.000674	-0.002325	0.003226
3409	0.832041	0.003486	0.000841	0.000538	-0.003192	0.003273	2468.000000	199.223493	0.833449	0.004455	0.000743	0.000636	-0.000685	0.002469	2469.000000	199.223493	0.830575	0.004143	0.000084	0.000663	-0.000781	0.002112
3412	0.828993	0.003582	0.000048	0.000633	-0.000029	0.001962	2471.000000	199.223493	0.828549	0.002880	0.001062	0.000431	0.000733	0.002360	2472.000000	199.223493	0.829514	0.003940	0.000290	0.000270	0.002170	0.001885
3415	0.829514	0.005870	-0.000942	0.000371	0.000434	0.001101	2474.000000	199.223493	0.831347	0.004890	-0.000795	0.000371	-0.000646	0.002234	2475.000000	199.223493	0.831829	0.004244	-0.000253	0.000726	-0.002160	0.002620
3418	0.830247	0.003685	-0.000329	0.000596	-0.001263	0.001795	2477.000000	199.223493	0.831019	0.003648	-0.000289	0.000637	-0.001206	0.001750	2478.000000	199.223493	0.829630	0.003079	-0.000052	0.000662	-0.001225	0.001067
3421	0.831057	0.002343	-0.001139	0.000542	-0.002170	0.001792	2480.000000	199.223493	0.832948	0.002703	-0.000999	0.000581	-0.002373	0.001735	2481.000000	199.223493	0.833661	0.003384	0.000195	0.000626	-0.000897	0.002471
3424	0.832658	0.003634	0.000269	0.000667	-0.002228	0.001988	2483.000000	199.223493	0.831655	0.004090	-0.000481	0.000747	-0.001051	0.002548	2484.000000	199.223493	0.828434	0.004783	-0.000566	0.000882	-0.001890	0.001966
3427	0.828549	0.005302	-0.001615	0.000325	-0.002932	0.001536	2486.000000	199.223493	0.827450	0.004672	-0.000578	0.000283	-0.000087	0.000947	2487.000000	199.223493	0.828106	0.005315	-0.000127	0.000565	-0.000743	0.001865
3430	0.829186	0.005600	0.000363	0.000345	-0.000723	0.001269	2489.000000	199.223493	0.826659	0.004322	-0.000725	0.000646	-0.000781	0.001401	2490.000000	199.223493	0.830015	0.005087	-0.000349	0.000530	-0.002045	0.000954
3433	0.830286	0.004735	-0.000971	0.000571	-0.000617	0.000981	2492.000000	199.223493	0.829649	0.003038	-0.000536	0.000505	0.001042	0.000464	2493.000000	199.223493	0.829996	0.003312	-0.000112	0.000432	0.003067	0.001448
3436	0.832041	0.002163	0.000981	0.000339	0.002932	0.000931	2495.000000	199.223493	0.832021	0.002207	0.000334	0.000518	0.001813	0.001238	2496.000000	199.223493	0.830112	0.001668	-0.000163	0.000371	0.002729	0.000899
3439	0.828800	0.003115	0.000167	0.000621	0.002450	0.000764	2498.000000	199.223493	0.827450	0.002447	-0.000234	0.000492	0.000453	0.000541	2499.000000	199.223493	0.828376	0.003949	-0.000641	0.000791	0.001534	0.000924
3442	0.829822	0.003788	0.000538	0.000403	0.001881	0.000607	2501.000000	199.223493	0.829398	0.003067	0.000327	0.000753	0.001832	0.000765	2502.000000	199.223493	0.831038	0.003270	0.001131	0.000688	0.003028	0.001236
3445	0.834452	0.003489	0.000574	0.001107	0.001900	0.000893	2504.000000	199.223493	0.830459	0.003134	-0.000675	0.000426	0.002961	0.000910	2505.000000	199.223493	0.833102	0.003304	-0.000031	0.000174	0.001032	0.001534
3448	0.828781	0.003495	0.000071	0.000482	0.002083	0.002204	2507.000000	199.223493	0.828954	0.004742	0.000137	0.000258	0.003086	0.002422	2508.000000	199.223493	0.830363	0.002889	0.001447	0.000312	0.002749	0.001819
3451	0.831250	0.002349	-0.000243	0.000438	0.004080	0.001637	2510.000000	199.223493	0.833854	0.003548	-0.001212	0.000941	0.004417	0.001663	2511.000000	199.223493	0.838889	0.005325	-0.000555	0.000800	0.004061	0.001661
3454	0.836458	0.005586	0.000948	0.000582	0.004186	0.002115	2513.000000	199.223493	0.837731	0.003876	0.000174	0.000634	0.003270	0.002217	2514.000000	199.223493	0.836941	0.002658	-0.000296	0.000538	0.002643	0.001921
3457	0.836632	0.003238	-0.000861	0.000530	0.003684	0.002215	2516.000000	199.223493	0.831906	0.002877	-0.000663	0.000663	0.002595	0.002574	2517.000000	199.223493	0.831559	0.003509	-0.001103	0.000707	0.002141	0.002355
3460	0.827720	0.003043	-0.000159	0.000448	0.000714	0.002181	2519.000000	199.223493	0.831057	0.003151	0.000605	0.000442	-0.000019	0.002066	2520.000000	199.223493	0.832273	0.002995	-0.000600	0.000801	0.000309	0.001713
3463	0.832002	0.002712	-0.000158	0.000467	0.001022	0.001354	2522.000000	199.223493	0.830131	0.003020	-0.000328	0.000643	0.002151	0.001599	2523.000000	199.223493	0.829553	0.002339	0.000559	0.000666	0.001572	0.001812
3466	0.829938	0.002170	0.001063	0.000227	0.001929	0.001420	2525.000000	199.223493	0.830073	0.001444	0.000416	0.000606	0.002681	0.001135	2526.000000	199.223493	0.829417	0.002327	0.000177	0.000476	0.000637	0.001328
3469	0.832060	0.002532	-0.000569	0.000570	0.002324	0.000868	2528.000000	199.223493	0.828800	0.002576	0.001252	0.000506	0.002228	0.000858	2529.000000	199.223493	0.827199	0.001819	0.001428	0.000482	0.002421	0.001792
3472	0.829147	0.002095	0.000337	0.000458	0.002643	0.001722	2531.000000	199.223493	0.829244	0.002080	-0.000096	0.000532	0.001158	0.002038	2532.000000	199.223493	0.829070	0.002326	0.000759	0.000580	-0.000116	0.002358
3475	0.826813	0.001666	0.000122	0.000574	0.001264	0.002085	2534.000000	199.223493	0.827160	0.001694	0.000741	0.000579	0.000800	0.002943	2535.000000	199.223493	0.828048	0.002675	0.000473	0.000652	0.001437	0.002605
3478	0.826698	0.001092	0.000897	0.000784	0.001707	0.002330	2537.000000	199.223493	0.828434	0.001789	0.000781	0.000251	0.000492	0.001532	2538.000000	199.223493	0.830208	0.001160	0.000602	0.000747	-0.001514	0.001581
3481	0.830845	0.002493	-0.000317	0.000675	-0.000222	0.001859	2540.000000	199.223493	0.830652	0.002560	0.000040	0.000769	0.000039	0.002665	2541.000000	199.223493	0.833854	0.001385	0.000268	0.000573	-0.003048	0.002520
3484	0.834259	0.001829	-0.000704	0.000416	-0.003849	0.002097	2543.000000	199.223493	0.834742	0.001763	-0.000386	0.000552	-0.002189	0.002275	2544.000000	199.223493	0.835050	0.002300	0.000028	0.000370	-0.001100	0.001552
3487	0.833970	0.002685	-0.000355	0.000604	-0.000415	0.001929	2546.000000	199.223493	0.831944	0.001509	-0.000306	0.000781	0.000366	0.001616	2547.000000	199.223493	0.831366	0.002610	-0.000350	0.000474	-0.000473	0.002100
3490	0.833352	0.001231	-0.000379	0.000308	-0.000762	0.000480	2549.000000	199.223493	0.836420	0.002020	-0.000779	0.000474	0.000366	0.001513	2550.000000	199.223493	0.833256	0.000338	-0.000477	0.000426	-0.000916	0.002097
3493	0.831694	0.000723	-0.000425	0.000629	0.001486	0.002735	2552.000000	199.223493	0.829745	0.001224	0.000307	0.000428	0.000540	0.002388	2553.000000	199.223493	0.829398	0.002698	-0.000634	0.000163	0.001273	0.001619
3496	0.829340	0.002981	0.000203	0.000513	0.002479	0.001927	2555.000000	199.223493	0.830884	0.002896	0.000395	0.000233	0.002189	0.001861	2556.000000	199.223493	0.832658	0.001661	0.000565	0.000545	0.000396	0.001818
3499	0.832234	0.001834	0.001222	0.000447	-0.001215	0.000960	2558.000000	199.223493	0.833411	0.001623	0.000441	0.000187	-0.002170	0.001600	2559.000000	199.223493	0.831945	0.001989	0.000433	0.000472	-0.000916	0.001605
3502	0.831848	0.001548	0.000372	0.000209	0.001225	0.001432	2561.000000	199.223493	0.830459	0.001924	0.000303	0.000412	0.000473	0.001341	2562.000000	199.223493	0.829514	0.002941	-0.000284	0.000518	0.000849	0.001646
3505	0.829186	0.001709	0.000412	0.000612	0.000521	0.002065	2564.000000	199.223493	0.829495	0.002706	0.000363	0.000369	0.001254	0.002493	2565.000000	199.223493	0.827836	0.001742	-0.000857	0.000280	0.000338	0.001714
3508	0.828145	0.000691	-0.000607	0.000447	0.001996	0.001101	2567.000000	199.223493	0.830459	0.002406	-0.000680	0.000668	0.003385	0.001274	2568.000000	199.223493	0.830787	0.001569	-0.000820	0.000537	0.003540	0.000838
3511	0.831192	0.001961	-0.001243	0.000596	0.001119	0.000960	2570.000000	199.223493	0.827932	0.001353	-0.000938	0.000407	0.001206	0.001350	2571.000000	199.223493	0.827932	0.001656	-0.000605	0.000191	0.001649	0.002208
3514	0.828935	0.001849	0.000016	0.000247	0.000724	0.001070	2573.000000	199.223493	0.830266	0.002062	0.000037	0.000558	0.000878	0.001398	2574.000000	199.223493	0.830208	0.002230	-0.000011	0.000970	0.003993	0.002108
3517	0.833565	0.002713	-0.000005	0.000714	0.000395	0.001957	2576.000000	199.223493	0.832851	0.001929	-0.000325	0.000518	0.001833	0.001511	2577.000000	199.223493	0.831211	0.002742	0.000693	0.000921	0.002469	0.001693
3520	0.833121	0.003060	-0.000201	0.000701	0.001910	0.001204	2579.000000	199.223493	0.833044	0.003318	0.001213	0.000452	0.003250	0.001514	2580.000000	199.223493	0.829880	0.002632	0.000027	0.000329	0.002970	0.000949
3523	0.828819	0.002305	-0.000356	0.000398	0.001900	0.001192	2582.000000	199.223493	0.831057	0.002192	0.000492	0.000907	0.001775	0.001841	2583.000000	199.223493	0.831636	0.001556	-0.000497	0.000308	-0.000723	0.001561
3526	0.829553	0.003130	0.000196	0.000303	0.000087	0.000947	2585.000000	199.223493	0.826736	0.004422	-0.000204	0.000071	-0.000173	0.000973	2586.000000	199.223493	0.828318	0.002693	-0.000651	0.000079	-0.001292	0.001458
3529	0.827700	0.002316	0.000192	0.000189	-0.001562	0.001094	2588.000000	199.223493	0.827527	0.003511	0.000442	0.000243	-0.001293	0.001462	2589.000000	199.223493	0.828299	0.003014	0.000245	0.000422	-0.001051	0.001898
3532	0.826794	0.002753	-0.000023	0.000385	-0.001013	0.002054	2591.000000	199.223493	0.826620	0.003000	-0.000020	0.000562	-0.001514	0.001885	2592.000000	199.223493	0.824055	0.002632	-0.000258	0.000565	-0.003839	0.001820
3535	0.826080	0.003477	-0.001031	0.000637	-0.004832	0.002319	2594.000000	199.223493	0.822627	0.003581	-0.000080	0.000124	-0.004321	0.002158	2595.000000	199.223493	0.823630	0.002651	-0.000425	0.000298	-0.002537	0.002313
3538	0.824248	0.002549	-0.000874	0.000205	-0.003752	0.001528	2597.000000	199.223493	0.822724	0.002566	0.000037	0.000460	-0.001215	0.001332	2598.000000	199.223493	0.823302	0.002845	-0.000385	0.000429	-0.000877	0.002175
3541	0.822492	0.002890	-0.000703	0.000202	-0.000694	0.001666	2600.000000	199.223493	0.823939	0.002552	-0.000104	0.000475	0.000396	0.001775	2601.000000	199.223493	0.825193	0.003045	0.000219	0.000407	0.002874	0.002626
3544	0.826640	0.001497	0.000152	0.000380	0.000897	0.001299	2603.000000	199.223493	0.827238	0.003717	-0.000287	0.000581	-0.001100	0.000755	2604.000000	199.223493	0.829398	0.002919	0.000134	0.000443	0.000106	0.000510
3547	0.830999	0.003340	0.000414	0.000148	-0.001678	0.000710	2606.000000	199.223493	0.829919	0.003585	-0.000778	0.000227	-0.002344	0.000756	2607.000000	199.223493	0.831154	0.002540	-0.000043	0.000375	-0.001206	0.000684
3550	0.828877	0.001563	0.000446	0.000242	-0.000521	0.001505	2609.000000	199.223493	0.828472	0.001670	0.000277	0.000707	-0.001042	0.001488	2610.000000	199.223493	0.828434	0.001618	0.000114	0.000258	-0.001148	0.001974
3553	0.825810	0.002582	0.000458	0.000491	0.000058	0.002131	2612.000000	199.223493	0.824074	0.002323	0.000687	0.000679	0.001109	0.002372	2613.000000	199.223493	0.827083	0.003572	-0.000137	0.000594	-0.000309	0.001975
3556	0.829070	0.003702	0.000195	0.000206	-0.000251	0.002326	2615.000000	199.223493	0.829282	0.003288	-0.001662	0.000516	-0.000646	0.002760	2616.000000	199.223493	0.825174	0.003429	-0.000714	0.000172	-0.000482	0.002631
3559	0.829745	0.003774	-0.000752	0.000509	-0.000154	0.002334	2618.000000	199.223493	0.826968	0.002981	-0.000839	0.000619	-0.000656	0.002308	2619.000000	199.223493	0.829417	0.003184	-0.000462	0.000241	-0.001003	0.001283
3562	0.828087	0.002779	-0.000759	0.000382	0.000039	0.002713	2621.000000	199.223493	0.830227	0.002969	-0.000552	0.000164	0.000531	0.002652	2622.000000	199.223493	0.825521	0.002905	-0.000177	0.000232	-0.000222	0.003221
3565	0.826196	0.001627	0.000143	0.000564	0.001466	0.002811	2624.000000	199.223493	0.826678	0.002423	-0.000283	0.000170	0.002218	0.002648	2625.000000	199.223493	0.824903	0.003321	0.000377	0.000690	0.000945	0.003010
3568	0.824730	0.003381	0.000288	0.000463	0.001196	0.002569	2627.000000	199.223493	0.827623	0.002584	0.000274	0.000535	0.001823	0.002422	2628.000000	199.223493	0.829475	0.002673	0.001525	0.000359	0.001013	0.002638
3571	0.828048	0.002585	0.001558	0.000292	0.001081	0.001873	2630.000000	199.223493	0.828164	0.001414	0.000527	0.000839	0.002923	0.001189	2631.000000	199.223493	0.830401	0.003284	-0.000615	0.000601	0.002305	0.002000
3574	0.831501	0.004344	-0.000332	0.001083	0.001852	0.003262	2633.000000	199.223493	0.831076	0.003008	0.000293	0.000403	0.002922	0.002147	2634.000000	199.223493	0.832851	0.003675	0.000440	0.000562	0.002238	0.002582
3577	0.833006	0.002515	0.000768	0.000178	0.002575	0.001939	2636.000000	199.223493	0.831751	0.002404	0.000693	0.000412	0.002247	0.001327	2637.000000	199.223493	0.831231	0.003349	-0.000217	0.000636	0.001254	0.001742
3580	0.829494	0.002311	0.000656	0.000474	0.002392	0.001188	2639.000000	199.223493	0.828955	0.002348	-0.000244	0.000813	0.000936	0.000719	2640.000000	199.223493	0.830980	0.002889	0.001282	0.000610	0.000183	0.000685
3583	0.829842	0.001799	0.000864	0.000662	0.001533	0.001195	2642.000000	199.223493	0.832793	0.001800	0.000311	0.000669	0.001032	0.001337	2643.000000	199.223493	0.834838	0.001231	0.000102	0.000812	-0.000820	0.001552
3586	0.832600	0.001526	0.000133	0.000652	-0.000174	0.002256	2645.000000	199.223493	0.833295	0.001248	0.000804	0.000623	-0.001514	0.000864	2646.000000	199.223493	0.832021	0.002087	0.000327	0.000890	-0.001939	0.000981
3589	0.831539	0.002421	0.000797	0.000149	-0.001900	0.000862	2648.000000	199.223493	0.834934	0.002724	0.001234	0.000495	-0.002623	0.001098	2649.000000	199.223493	0.833873	0.002520	0.000598	0.000548	-0.002536	0.002015
3592	0.832832	0.002227	-0.000045	0.000225	-0.002248	0.001407	2651.000000	199.223493	0.832214	0.002253	0.000696	0.000229	-0.000704	0.001174	2652.000000	199.223493	0.830575	0.001588	0.000701	0.000180	-0.002672	0.001689
3595	0.831944	0.002977	0.000755	0.001256	-0.002759	0.001942	2654.000000	199.223493	0.834009	0.001608	0.000862	0.000465	-0.002787	0.002691	2655.000000	199.223493	0.834298	0.002517	0.000330	0.000354	-0.003578	0.002140
3598	0.834413	0.003459	0.000497	0.000528	-0.003212	0.002201	2657.000000	199.223493	0.832484	0.003587	0.000476	0.000517	-0.003376	0.001908	2658.000000	199.223493	0.832658	0.002766	0.000510	0.000593	-0.000926	0.002169
3601	0.830401	0.001435	0.000141	0.000388	-0.001698	0.002142	2660.000000	199.223493	0.830150	0.001954	-0.000068	0.000517	-0.002016	0.000988	2661.000000	199.223493	0.831925	0.000647	-0.000168	0.000544	-0.001939	0.000978
3604	0.831559	0.001998	-0.000750	0.000565	0.000193	0.001142	2663.000000	199.223493	0.831597	0.002888	-0.000096	0.000776	-0.001186	0.001168	2664.000000	199.223493	0.831481	0.003718	0.000196	0.000351	0.000415	0.001328
3607	0.831597	0.002676	0.000835	0.000445	-0.000810	0.001132	2666.000000	199.223493	0.829842	0.003945	0.000202	0.000421	-0.000202	0.001010	2667.000000	199.223493	0.831212	0.004212	0.000843	0.000575	0.001948	0.000951
3610	0.831289	0.003512	-0.000236	0.000821	0.001331	0.000634	2669.000000	199.223493	0.830633	0.002112	-0.000128	0.000502	0.000550	0.001504	2670.000000	199.223493	0.827893	0.002308	-0.000006	0.000387	-0.001157	0.001529
3613	0.830035	0.001839	-0.000976	0.000667	-0.001601	0.001396	2672.000000	199.223493	0.828762	0.003150	-0.001358	0.000512	-0.000010	0.001626	2673.000000	199.223493	0.828511	0.003569	-0.000221	0.000170	0.000029	0.001458
3616	0.829861	0.004288	-0.000552	0.000308	0.000347	0.001310	2675.000000	199.223493	0.829417	0.003604	-0.000177	0.000485	0.001302	0.001380	2676.000000	199.223493	0.827990	0.003111	-0.001452	0.000457	0.000637	0.001294
3619	0.830150	0.003173	-0.001380	0.000350	0.000579	0.001156	2678.000000	199.223493	0.831771	0.002648	-0.000588	0.000190	0.001321	0.001995	2679.000000	199.223493	0.830035	0.001480	-0.000476	0.000366	0.000125	0.001652
3622	0.833912	0.001660	0.000316	0.000605	0.000386	0.001431	2681.000000	199.223493	0.834105	0.001435	0.000271	0.000325	0.001283	0.001781	2682.000000	199.223493	0.833063	0.001211	-0.000340	0.000306	0.002768	0.000970
3625	0.831366	0.001704	0.000514	0.000568	0.000637	0.000627	2684.000000	199.223493	0.832118	0.001827	0.000112	0.000359	0.001041	0.000714	2685.000000	199.223493	0.830826	0.002468	-0.000071	0.000694	0.000434	0.001098
3628	0.829822	0.001362	-0.000161	0.000636	-0.000328	0.002001	2687.000000	199.223493	0.831790	0.000932	-0.000630	0.000299	0.001649	0.001511	2688.000000	199.223493	0.831076	0.002006	0.000368	0.000335	0.000714	0.001453
3631	0.828684	0.002416	-0.000244	0.000418	-0.000106	0.002200	2690.000000	199.223493	0.829321	0.002890	0.000026	0.000467	-0.000849	0.002236	2691.000000	199.223493	0.831906	0.003104	-0.000586	0.000641	-0.000666	0.001701
3634	0.829996	0.002594	-0.000208	0.000792	-0.001620	0.001899	2693.000000	199.223493	0.831732	0.002256	-0.000004	0.000572	0.000058	0.001704	2694.000000	199.223493	0.832060	0.002199	-0.000681	0.000730	-0.001051	0.001323
3637	0.833468	0.001722	0.000087	0.000513	0.001138	0.001910	2696.000000	199.223493	0.832214	0.001496	0.000339	0.000305	0.000376	0.001438	2697.000000	199.223493	0.833063	0.001565	-0.000522	0.000329	0.003675	0.002336
3640	0.833507	0.002214	0.000208	0.000387	0.003540	0.002051	2699.000000	199.223493	0.832022	0.003290	-0.000141	0.000327	0.003193	0.002214	2700.000000	199.223493	0.831018	0.002183	0.000336	0.000699	0.002450	0.001781
3643	0.830729	0.002137	-0.000085	0.000709	0.001042	0.000492	2702.000000	199.223493	0.829205	0.002593	0.000416	0.000471	-0.000338	0.001116	2703.000000	199.223493	0.829919	0.001068	0.000300	0.000583	-0.000260	0.001100
3646	0.827276	0.002095	-0.000987	0.000473	0.001350	0.000719	2705.000000	199.223493	0.829572	0.003115	0.000433	0.000282	0.002296	0.001567	2706.000000	199.223493	0.829996	0.000821	0.000691	0.000476	0.000656	0.000536
3649	0.829957	0.001908	0.000280	0.000575	-0.000752	0.001367	2708.000000	199.223493	0.829687	0.001579	-0.000182	0.000717	0.001630	0.001347	2709.000000	199.223493	0.830016	0.002970	0.000140	0.000551	0.001254	0.001164
3652	0.834722	0.003253	0.000502	0.000603	-0.000608	0.001675	2711.000000	199.223493	0.835397	0.003698	0.000676	0.000431	-0.000685	0.001766	2712.000000	199.223493	0.833526	0.002822	0.001001	0.000519	0.000289	0.002014
3655	0.831694	0.004215	0.000945	0.000643	0.002479	0.001467	2714.000000	199.223493	0.833179	0.004154	0.001425	0.000251	0.003366	0.002093	2715.000000	199.223493	0.834375	0.003956	0.000822	0.000685	0.004003	0.002353
3658	0.836131	0.003758	0.000658	0.000415	0.004282	0.002461	2717.000000	199.223493	0.836825	0.002596	0.000704	0.000796	0.004321	0.000828	2718.000000	199.223493	0.836323	0.002574	-0.000294	0.000268	0.003222	0.000900
3661	0.834645	0.002627	-0.000225	0.000224	0.002845	0.001922	2720.000000	199.223493	0.834279	0.001489	0.000645	0.000781	0.001813	0.001522	2721.000000	199.223493	0.836381	0.003572	-0.000254	0.000862	0.002093	0.001243
3664	0.835976	0.005335	0.001614	0.001137	0.001852	0.000662	2723.000000	199.223493	0.834529	0.004559	0.000754	0.000598	-0.000675	0.000796	2724.000000	199.223493	0.834221	0.003369	0.000782	0.000516	0.000338	0.001558
3667	0.836632	0.003915	-0.000616	0.000440	0.002517	0.002023	2726.000000	199.223493	0.836535	0.003546	0.000701	0.000472	0.002797	0.002493	2727.000000	199.223493	0.836787	0.004078	0.001207	0.000826	0.002460	0.002126
3670	0.831154	0.001956	0.000771	0.000258	0.000473	0.001647	2729.000000	199.223493	0.832349	0.001848	-0.000147	0.000282	0.003154	0.001670	2730.000000	199.223493	0.830286	0.002133	-0.000481	0.000736	0.001264	0.001981
3673	0.832002	0.002618	-0.000278	0.000378	0.000241	0.002308	2732.000000	199.223493	0.832851	0.002148	0.000090	0.000617	0.000714	0.002020	2733.000000	199.223493	0.832890	0.003266	0.000584	0.000671	-0.000386	0.003063
3676	0.831134	0.003813	0.001153	0.000807	0.000511	0.001932	2735.000000	199.223493	0.832755	0.003855	0.000275	0.001028	0.000174	0.001531	2736.000000	199.223493	0.831713	0.005051	0.000520	0.000240	0.001514	0.002789
3679	0.829688	0.004794	-0.000315	0.000543	-0.000666	0.001881	2738.000000	199.223493	0.831867	0.005074	-0.000858	0.000788	-0.000029	0.002799	2739.000000	199.223493	0.833912	0.004550	0.000504	0.000306	-0.001553	0.002602
3682	0.830440	0.004866	0.000166	0.000409	-0.001514	0.003121	2741.000000	199.223493	0.828684	0.003936	-0.000186	0.000390	-0.001505	0.003153	2742.000000	199.223493	0.830999	0.004309	0.001038	0.000247	-0.002498	0.003004
3685	0.833044	0.004229	0.000221	0.000300	-0.001852	0.002382	2744.000000	199.223493	0.833179	0.004322	-0.000502	0.000442	0.000492	0.002129	2745.000000	199.223493	0.831559	0.003417	0.000291	0.000507	-0.000897	0.002152
3688	0.832446	0.003360	0.000931	0.000559	-0.001283	0.002399	2747.000000	199.223493	0.831732	0.003260	-0.000388	0.000232	-0.001688	0.002215	2748.000000	199.223493	0.830999	0.004642	-0.000592	0.000632	-0.000386	0.001941
3691	0.832060	0.004295	-0.000739	0.000662	-0.000646	0.001709	2750.000000	199.223493	0.833160	0.003134	0.001598	0.000859	0.000366	0.002148	2751.000000	199.223493	0.829109	0.002548	0.000422	0.000368	0.002334	0.001417
3694	0.828974	0.003111	0.000224	0.000329	0.000964	0.001650	2753.000000	199.223493	0.830807	0.002835	0.000414	0.000450	0.001312	0.001267	2754.000000	199.223493	0.832677	0.003421	0.001192	0.000447	0.001225	0.001370
3697	0.830498	0.002801	0.000750	0.000653	0.002006	0.001636	2756.000000	199.223493	0.831829	0.003276	0.000957	0.000408	0.001505	0.001765	2757.000000	199.223493	0.828067	0.002852	-0.000082	0.000448	-0.000222	0.001322
3700	0.830594	0.002533	0.000055	0.000449	-0.000685	0.001274	2759.000000	199.223493	0.830382	0.002455	-0.000808	0.000319	-0.002662	0.002238	2760.000000	199.223493	0.829032	0.002116	-0.000552	0.000230	-0.002498	0.002628
3703	0.829610	0.001804	0.000367	0.000633	-0.003424	0.002716	2762.000000	199.223493	0.831250	0.002841	0.001134	0.000655	-0.003202	0.003194	2763.000000	199.223493	0.830613	0.003264	0.000618	0.000349	-0.001910	0.002685
3706	0.830903	0.002874	-0.000975	0.000544	-0.001765	0.002644	2765.000000	199.223493	0.831925	0.002812	0.000024	0.000753	-0.001447	0.002399	2766.000000	199.223493	0.832427	0.002554	-0.001006	0.000412	-0.002392	0.002090
3709	0.828472	0.002257	0.000782	0.000417	-0.002778	0.002031	2768.000000	199.223493	0.829398	0.004014	-0.000218	0.000796	-0.001726	0.001926	2769.000000	199.223493	0.832947	0.003649	-0.000153	0.000449	-0.002691	0.002135
3712	0.832504	0.003781	0.000526	0.000309	-0.000877	0.002037	2771.000000	199.223493	0.832735	0.002757	0.001311	0.000390	-0.000810	0.002243	2772.000000	199.223493	0.830536	0.002560	-0.000003	0.000424	-0.002874	0.001882
3715	0.833121	0.002556	-0.000508	0.000398	-0.003945	0.001908	2774.000000	199.223493	0.833102	0.002934	-0.000266	0.000624	-0.004475	0.002246	2775.000000	199.223493	0.832697	0.002139	-0.001017	0.000615	-0.004369	0.002872
3718	0.830980	0.001350	0.000089	0.000626	-0.003771	0.003071	2777.000000	199.223493	0.828202	0.002127	-0.000098	0.000276	-0.003096	0.003037	2778.000000	199.223493	0.828279	0.003405	-0.000599	0.000442	0.000309	0.002751
3721	0.830421	0.004071	-0.000541	0.000345	0.000579	0.003893	2780.000000	199.223493	0.830131	0.004496	-0.000777	0.000645	0.000289	0.003065	2781.000000	199.223493	0.832408	0.004071	0.000129	0.000736	-0.001630	0.003503
3724	0.830691	0.003811	0.000285	0.000869	-0.001919	0.003676	2783.000000	199.223493	0.832562	0.004657	0.000666	0.000636	-0.000010	0.002645	2784.000000	199.223493	0.829552	0.004558	-0.000011	0.000662	-0.000453	0.002190
3727	0.828492	0.003718	0.000037	0.000632	0.000202	0.002032	2786.000000	199.223493	0.827990	0.003008	0.001179	0.000417	0.002016	0.002619	2787.000000	199.223493	0.829514	0.003940	0.000622	0.000427	0.003897	0.002115
3730	0.829070	0.005855	-0.001336	0.000106	0.001842	0.001537	2789.000000	199.223493	0.832195	0.004917	-0.000457	0.000561	-0.000251	0.002352	2790.000000	199.223493	0.832137	0.004206	-0.000006	0.000814	-0.001485	0.002826
3733	0.831578	0.003377	0.000409	0.000563	-0.001302	0.001783	2792.000000	199.223493	0.833102	0.003051	0.000058	0.000730	-0.000781	0.001805	2793.000000	199.223493	0.832870	0.002133	-0.000035	0.000670	-0.000039	0.001185
3736	0.832967	0.001666	-0.000826	0.000697	-0.001427	0.001775	2795.000000	199.223493	0.834105	0.002055	-0.000611	0.000699	-0.000299	0.001702	2796.000000	199.223493	0.834394	0.003076	0.000394	0.000619	-0.000019	0.002279
3739	0.834028	0.002847	0.000542	0.000591	-0.001996	0.001923	2798.000000	199.223493	0.833873	0.002834	-0.000272	0.000695	0.000048	0.002231	2799.000000	199.223493	0.831269	0.004258	-0.000962	0.000921	-0.000174	0.001709
3742	0.832234	0.004810	-0.001197	0.000289	-0.000540	0.001179	2801.000000	199.223493	0.830671	0.004338	-0.000677	0.000285	0.000058	0.000957	2802.000000	199.223493	0.831752	0.004511	-0.000318	0.000540	-0.000241	0.001949
3745	0.832041	0.004966	0.000910	0.000569	0.000164	0.001162	2804.000000	199.223493	0.829591	0.003672	-0.000811	0.000594	0.000009	0.000969	2805.000000	199.223493	0.831964	0.004473	-0.000234	0.000556	-0.002189	0.000984
3748	0.831424	0.004379	-0.000973	0.000570	-0.001910	0.001754	2807.000000	199.223493	0.830884	0.002465	0.000288	0.000720	-0.000964	0.001911	2808.000000	199.223493	0.829649	0.003500	0.000257	0.000584	-0.000694	0.002920
3751	0.831443	0.002590	0.000854	0.000372	0.002218	0.001429	2810.000000	199.223493	0.831558	0.002449	0.000570	0.000618	0.001080	0.001524	2811.000000	199.223493	0.830150	0.001648	0.000406	0.000464	0.000530	0.001995
3754	0.830054	0.002752	0.000872	0.000548	0.001620	0.001269	2813.000000	199.223493	0.829591	0.001861	0.000109	0.000565	-0.001013	0.001481	2814.000000	199.223493	0.829668	0.003572	-0.000882	0.000736	-0.000077	0.001497
3757	0.830092	0.003690	0.000040	0.000344	0.000540	0.001455	2816.000000	199.223493	0.829938	0.002855	0.000793	0.000775	0.000935	0.001529	2817.000000	199.223493	0.830633	0.003384	0.001385	0.000608	0.002575	0.001585
3760	0.833314	0.003484	0.000171	0.000956	0.001447	0.001228	2819.000000	199.223493	0.828356	0.002577	-0.000190	0.000572	0.003250	0.000780	2820.000000	199.223493	0.831674	0.003238	-0.000217	0.000126	0.002267	0.001182
3763	0.827064	0.003181	-0.000143	0.000369	0.003752	0.001532	2822.000000	199.223493	0.827720	0.004543	0.000306	0.000317	0.004263	0.001652	2823.000000	199.223493	0.829205	0.002666	0.000848	0.000565	0.003810	0.001666
3766	0.829109	0.002237	-0.000337	0.000466	0.004552	0.001384	2825.000000	199.223493	0.829938	0.004093	-0.000747	0.000910	0.004755	0.001469	2826.000000	199.223493	0.834741	0.005794	0.000197	0.000532	0.003974	0.001695
3769	0.831597	0.005589	0.000915	0.000600	0.004032	0.002234	2828.000000	199.223493	0.833102	0.004113	0.000315	0.000552	0.002845	0.002563	2829.000000	199.223493	0.833333	0.002008	-0.000237	0.000494	0.002874	0.001725
3772	0.830999	0.002045	-0.000321	0.000336	0.003781	0.002138	2831.000000	199.223493	0.828318	0.002018	0.000258	0.000749	0.003096	0.002155	2832.000000	199.223493	0.827431	0.003279	-0.000637	0.000537	0.002874	0.001769
3775	0.825116	0.003023	-0.000221	0.000446	0.001476	0.001865	2834.000000	199.223493	0.827739	0.003731	0.000139	0.000582	-0.000039	0.002077	2835.000000	199.223493	0.827855	0.003922	-0.001552	0.000240	-0.000646	0.002379
3778	0.830710	0.003000	-0.000308	0.000437	-0.000145	0.002320	2837.000000	199.223493	0.830826	0.002801	-0.000388	0.000597	0.001013	0.002234	2838.000000	199.223493	0.829861	0.002158	0.000164	0.000552	0.000444	0.002725
3781	0.830980	0.001251	0.000741	0.000360	0.000154	0.002928	2840.000000	199.223493	0.829900	0.001532	0.000702	0.000420	0.001071	0.002511	2841.000000	199.223493	0.831462	0.000917	0.000419	0.000485	-0.000579	0.002346
3784	0.831790	0.002652	0.000121	0.000794	0.001167	0.001697	2843.000000	199.223493	0.828993	0.002513	0.001342	0.000532	0.000261	0.001911	2844.000000	199.223493	0.827662	0.001601	0.001157	0.000686	-0.000338	0.002660
3787	0.828704	0.002163	0.000542	0.000372	0.000463	0.002354	2846.000000	199.223493	0.829205	0.002070	0.000016	0.000499	-0.000791	0.002515	2847.000000	199.223493	0.829205	0.002312	0.000211	0.000434	-0.002238	0.002928
3790	0.826562	0.001526	-0.000060	0.000490	-0.000636	0.002939	2849.000000	199.223493	0.827836	0.002214	0.000685	0.000551	-0.001495	0.003790	2850.000000	199.223493	0.829051	0.003306	0.000000	0.000442	-0.001620	0.003830
3793	0.829302	0.002934	0.000320	0.000298	-0.000559	0.003330	2852.000000	199.223493	0.829533	0.002606	0.000789	0.000257	-0.000637	0.002117	2853.000000	199.223493	0.831231	0.001849	0.000221	0.000593	-0.003106	0.002132
3796	0.830922	0.002551	-0.000767	0.000309	-0.002990	0.003100	2855.000000	199.223493	0.831211	0.002868	-0.000452	0.000944	-0.000878	0.003080	2856.000000	199.223493	0.835880	0.002455	0.000079	0.000633	-0.002595	0.002428
3799	0.835185	0.002437	-0.000117	0.000194	-0.003540	0.002014	2858.000000	199.223493	0.836227	0.002527	-0.000473	0.000525	-0.002614	0.002496	2859.000000	199.223493	0.837191	0.003586	0.000482	0.000587	-0.002942	0.002525
3802	0.836169	0.004067	-0.000274	0.000626	-0.002768	0.003146	2861.000000	199.223493	0.833430	0.002665	-0.000373	0.000744	-0.001640	0.002770	2862.000000	199.223493	0.831211	0.002493	-0.000326	0.000490	-0.002884	0.003383
3805	0.834626	0.002183	0.000493	0.000714	-0.002546	0.001836	2864.000000	199.223493	0.835417	0.001827	-0.000447	0.000630	-0.001244	0.001948	2865.000000	199.223493	0.834240	0.000978	-0.000066	0.000517	-0.002315	0.002258
3808	0.833816	0.002149	-0.000430	0.000629	0.000560	0.002931	2867.000000	199.223493	0.833005	0.003003	0.000823	0.000356	-0.000174	0.002455	2868.000000	199.223493	0.831404	0.003579	-0.000544	0.000191	0.000984	0.001641
3811	0.828897	0.002645	-0.000589	0.000497	0.001186	0.002159	2870.000000	199.223493	0.830324	0.002675	-0.000274	0.000520	0.001726	0.002008	2871.000000	199.223493	0.831173	0.001415	0.000081	0.000575	-0.000386	0.001998
3814	0.831771	0.001766	0.000930	0.000521	-0.002035	0.001258	2873.000000	199.223493	0.833295	0.001610	0.000681	0.000093	-0.002170	0.001600	2874.000000	199.223493	0.831385	0.001884	0.000937	0.000659	-0.000743	0.001595
3817	0.834182	0.002352	0.000664	0.000349	0.001148	0.001442	2876.000000	199.223493	0.833102	0.001351	0.000847	0.000584	0.001003	0.001476	2877.000000	199.223493	0.832138	0.002073	0.000329	0.000687	0.000443	0.001592
3820	0.828163	0.001998	0.000408	0.000611	0.000068	0.002050	2879.000000	199.223493	0.827373	0.002438	0.000694	0.000425	0.000202	0.002732	2880.000000	199.223493	0.825424	0.000994	-0.000348	0.000436	0.000434	0.001721
3823	0.826794	0.000620	-0.001162	0.000151	0.001900	0.001154	2882.000000	199.223493	0.829012	0.002704	-0.001036	0.000635	0.003935	0.000896	2883.000000	199.223493	0.830054	0.001968	-0.001094	0.000611	0.003974	0.000831
3826	0.830536	0.002269	-0.000875	0.000388	0.002218	0.000997	2885.000000	199.223493	0.828511	0.001311	-0.000689	0.000440	0.001871	0.001592	2886.000000	199.223493	0.827913	0.001656	-0.000674	0.000217	0.003106	0.002291
3829	0.829456	0.001739	-0.000244	0.000418	0.002151	0.001528	2888.000000	199.223493	0.832350	0.001443	-0.000337	0.000558	0.002566	0.001882	2889.000000	199.223493	0.831848	0.002164	-0.000077	0.000983	0.006452	0.001538
3832	0.833218	0.002680	-0.000303	0.000723	0.003559	0.002233	2891.000000	199.223493	0.832118	0.002058	-0.000085	0.000512	0.004601	0.001738	2892.000000	199.223493	0.830575	0.002601	0.001054	0.000824	0.006018	0.001885
3835	0.833526	0.003129	0.000040	0.000820	0.005363	0.002165	2894.000000	199.223493	0.834722	0.003276	0.001006	0.000579	0.005411	0.001648	2895.000000	199.223493	0.832485	0.002722	0.000115	0.000354	0.004080	0.001321
3838	0.831481	0.002518	-0.000015	0.000568	0.003993	0.001499	2897.000000	199.223493	0.833623	0.001733	0.000762	0.000938	0.005150	0.002045	2898.000000	199.223493	0.833198	0.001456	0.000165	0.000378	0.002016	0.002618
3841	0.831482	0.002911	0.000019	0.000340	0.002508	0.001726	2900.000000	199.223493	0.827257	0.004414	0.000024	0.000138	0.001264	0.001741	2901.000000	199.223493	0.829765	0.002265	-0.000928	0.000214	-0.001968	0.001149
3844	0.830247	0.002167	0.000076	0.000260	-0.001109	0.001372	2903.000000	199.223493	0.830286	0.003362	0.000221	0.000386	-0.000907	0.001673	2904.000000	199.223493	0.831482	0.001892	0.000589	0.000363	-0.000868	0.001932
3847	0.828453	0.002065	0.000223	0.000459	-0.000974	0.002074	2906.000000	199.223493	0.829360	0.002019	0.000147	0.000566	-0.000058	0.002704	2907.000000	199.223493	0.828183	0.002233	-0.000146	0.000569	-0.002055	0.003175
3850	0.829244	0.002366	-0.001036	0.000634	-0.002469	0.003541	2909.000000	199.223493	0.826177	0.003012	-0.000203	0.000066	-0.002623	0.003313	2910.000000	199.223493	0.827064	0.002179	-0.000417	0.000295	-0.002141	0.002539
3853	0.825752	0.002315	-0.000716	0.000225	-0.001524	0.002257	2912.000000	199.223493	0.825405	0.002347	-0.000401	0.000332	-0.000039	0.001314	2913.000000	199.223493	0.827546	0.002845	0.000101	0.000553	0.000184	0.002195
3856	0.824518	0.003079	-0.000625	0.000210	0.000502	0.001506	2915.000000	199.223493	0.824981	0.002713	-0.000463	0.000307	0.000502	0.001775	2916.000000	199.223493	0.825096	0.003003	-0.000047	0.000268	0.001244	0.002710
3859	0.828472	0.002194	0.000249	0.000342	0.000444	0.001388	2918.000000	199.223493	0.825791	0.002926	-0.000117	0.000610	-0.000405	0.000752	2919.000000	199.223493	0.828665	0.002418	0.000463	0.000331	-0.000096	0.000456
3862	0.829495	0.002300	0.000474	0.000103	-0.001881	0.000709	2921.000000	199.223493	0.829032	0.003260	-0.001049	0.000451	-0.001196	0.001063	2922.000000	199.223493	0.830729	0.002455	-0.000251	0.000470	-0.000637	0.000396
3865	0.829919	0.002211	0.000141	0.000431	0.002045	0.001177	2924.000000	199.223493	0.828684	0.001793	0.000633	0.000440	0.001331	0.001845	2925.000000	199.223493	0.828607	0.001645	0.000360	0.000400	0.000762	0.001984
3868	0.827083	0.002778	0.000678	0.000578	0.003058	0.001679	2927.000000	199.223493	0.826890	0.002950	0.000901	0.000725	0.003771	0.001923	2928.000000	199.223493	0.829938	0.004325	-0.000271	0.000556	0.002807	0.001742
3871	0.831925	0.004287	0.000104	0.000194	0.002749	0.001911	2930.000000	199.223493	0.830729	0.003604	-0.000770	0.000658	0.003231	0.002369	2931.000000	199.223493	0.826601	0.003987	-0.000475	0.000181	0.002807	0.002330
3874	0.831867	0.004369	-0.001115	0.000604	0.002951	0.002282	2933.000000	199.223493	0.828935	0.003895	-0.000761	0.000611	0.003530	0.002381	2934.000000	199.223493	0.830768	0.003745	-0.000407	0.000257	0.002209	0.002569
3877	0.831076	0.003156	-0.000193	0.000504	0.004225	0.003560	2936.000000	199.223493	0.833295	0.003340	-0.000580	0.000160	0.002556	0.002753	2937.000000	199.223493	0.831077	0.003692	-0.000161	0.000227	0.000752	0.003244
3880	0.830961	0.003382	0.000152	0.000563	0.002652	0.002874	2939.000000	199.223493	0.830575	0.003399	0.000148	0.000249	0.002556	0.002761	2940.000000	199.223493	0.828858	0.004255	0.000071	0.000697	0.000511	0.002825
3883	0.829996	0.004633	0.000208	0.000476	0.001900	0.002565	2942.000000	199.223493	0.830227	0.003955	-0.000082	0.000353	0.002662	0.002382	2943.000000	199.223493	0.832890	0.003893	0.001358	0.000326	0.003000	0.002437
3886	0.831154	0.002977	0.001088	0.000584	0.002971	0.002520	2945.000000	199.223493	0.832099	0.002476	0.000279	0.000837	0.003810	0.001226	2946.000000	199.223493	0.835436	0.003095	-0.000406	0.000732	0.004668	0.002013
3889	0.837673	0.002977	-0.000299	0.001089	0.004861	0.003147	2948.000000	199.223493	0.836227	0.002738	0.000451	0.000452	0.003954	0.001886	2949.000000	199.223493	0.837944	0.001619	0.000221	0.000498	0.003636	0.002009
3892	0.835455	0.001510	0.000929	0.000230	0.002923	0.001737	2951.000000	199.223493	0.834587	0.001442	0.000214	0.000387	0.002382	0.001287	2952.000000	199.223493	0.834626	0.002368	-0.000562	0.000509	0.001254	0.001742
3895	0.831173	0.001441	0.001045	0.000485	0.002913	0.001000	2954.000000	199.223493	0.830961	0.002381	0.000465	0.001032	0.001669	0.000668	2955.000000	199.223493	0.833275	0.002422	0.001253	0.000607	-0.000231	0.000624
3898	0.832388	0.001565	0.000893	0.000669	0.000627	0.000916	2957.000000	199.223493	0.832600	0.001852	0.000253	0.000686	-0.000550	0.001404	2958.000000	199.223493	0.834240	0.001455	-0.000091	0.000799	-0.002875	0.001320
3901	0.834607	0.001809	-0.000616	0.000909	-0.003385	0.002108	2960.000000	199.223493	0.834973	0.000731	0.000450	0.000598	-0.003694	0.001531	2961.000000	199.223493	0.836805	0.002329	-0.000124	0.000988	-0.003347	0.001184
3904	0.835455	0.002079	0.000355	0.000475	-0.002508	0.001121	2963.000000	199.223493	0.837095	0.002313	0.000626	0.000634	-0.003733	0.001002	2964.000000	199.223493	0.833738	0.002535	0.000673	0.000520	-0.004639	0.001331
3907	0.834394	0.002110	0.000014	0.000232	-0.004562	0.001315	2966.000000	199.223493	0.832947	0.001904	0.000821	0.000205	-0.002498	0.002051	2967.000000	199.223493	0.830999	0.001544	0.000477	0.000321	-0.004379	0.002163
3910	0.833468	0.002259	0.001362	0.001085	-0.003299	0.002087	2969.000000	199.223493	0.833854	0.001693	0.001045	0.000445	-0.003443	0.002924	2970.000000	199.223493	0.832890	0.002604	0.000124	0.000394	-0.003810	0.002177
3913	0.832214	0.003818	0.000382	0.000569	-0.001553	0.001966	2972.000000	199.223493	0.830748	0.003718	0.000388	0.000548	-0.001968	0.001652	2973.000000	199.223493	0.830401	0.002498	0.000742	0.000447	-0.000579	0.002064
3916	0.829012	0.001366	0.000603	0.000224	-0.001563	0.002082	2975.000000	199.223493	0.829861	0.001896	-0.000085	0.000522	-0.002653	0.001046	2976.000000	199.223493	0.831829	0.000654	0.000029	0.000628	-0.002392	0.001258
3919	0.830941	0.002030	-0.000260	0.000963	-0.000714	0.001256	2978.000000	199.223493	0.830826	0.002851	-0.000165	0.000757	-0.002180	0.001546	2979.000000	199.223493	0.831076	0.003676	0.000537	0.000213	-0.000540	0.001265
3922	0.829321	0.002385	0.000386	0.000596	0.000376	0.000369	2981.000000	199.223493	0.829147	0.003942	0.000235	0.000420	-0.000212	0.001015	2982.000000	199.223493	0.830228	0.004001	0.001026	0.000696	0.001061	0.001248
3925	0.831443	0.003529	-0.000260	0.000812	0.001167	0.000687	2984.000000	199.223493	0.828974	0.002087	-0.000552	0.000585	0.000473	0.001485	2985.000000	199.223493	0.827025	0.001943	0.000391	0.000168	-0.001553	0.001435
3928	0.829553	0.001712	-0.000822	0.000762	-0.001206	0.001281	2987.000000	199.223493	0.826813	0.002277	-0.001552	0.000358	0.000395	0.001592	2988.000000	199.223493	0.825309	0.003193	-0.000187	0.000179	0.000675	0.001700
3931	0.827527	0.004250	-0.000650	0.000342	0.000772	0.001354	2990.000000	199.223493	0.826697	0.003527	-0.000128	0.000489	0.002411	0.000827	2991.000000	199.223493	0.825000	0.003713	-0.001184	0.000573	0.001620	0.000432
3934	0.827990	0.003647	-0.000976	0.000458	0.000974	0.000832	2993.000000	199.223493	0.830382	0.002987	-0.000592	0.000190	0.002672	0.000961	2994.000000	199.223493	0.828800	0.002164	-0.000843	0.000162	0.001369	0.000913
3937	0.831096	0.002925	0.000239	0.000615	0.000762	0.001294	2996.000000	199.223493	0.832041	0.001588	0.000441	0.000393	0.001630	0.001635	2997.000000	199.223493	0.832812	0.001176	-0.000190	0.000367	0.002440	0.001033
3940	0.831038	0.001591	0.000534	0.000560	0.000878	0.000530	2999.000000	199.223493	0.831848	0.001861	-0.000503	0.000275	0.001437	0.000822	3000.000000	199.223493	0.831211	0.002465	0.000045	0.000715	0.001582	0.001074
3943	0.831366	0.001159	0.000041	0.000549	0.001061	0.001397	3002.000000	199.223493	0.830787	0.001395	-0.000673	0.000305	0.002479	0.001396	3003.000000	199.223493	0.829051	0.002824	0.000185	0.000423	0.001977	0.001363
3946	0.826639	0.002547	0.000278	0.000178	0.000473	0.002240	3005.000000	199.223493	0.829379	0.002870	0.000163	0.000504	-0.000945	0.002242	3006.000000	199.223493	0.832523	0.002749	-0.001043	0.000452	-0.001408	0.001811
3949	0.830961	0.002436	-0.001183	0.000546	-0.002035	0.001928	3008.000000	199.223493	0.831269	0.002287	0.000077	0.000593	-0.000820	0.001712	3009.000000	199.223493	0.831482	0.002040	-0.000651	0.000741	-0.001621	0.001182
3952	0.833661	0.001751	-0.000177	0.000410	0.000077	0.002037	3011.000000	199.223493	0.834086	0.001431	0.000277	0.000297	-0.000820	0.001664	3012.000000	199.223493	0.834028	0.000897	-0.000183	0.000471	0.001842	0.002205
3955	0.834992	0.001300	0.000308	0.000349	0.000810	0.001843	3014.000000	199.223493	0.834645	0.002679	-0.000143	0.000328	0.000608	0.001217	3015.000000	199.223493	0.832137	0.001989	0.000070	0.000708	0.000241	0.001556
3958	0.830652	0.002128	-0.000608	0.000631	-0.000145	0.000666	3017.000000	199.223493	0.830613	0.002746	0.000423	0.000469	-0.002045	0.001291	3018.000000	199.223493	0.831231	0.001788	-0.000039	0.000533	-0.000482	0.001076
3961	0.827662	0.002320	-0.000687	0.000505	0.000260	0.000959	3020.000000	199.223493	0.829167	0.002865	0.000018	0.000425	0.001100	0.001493	3021.000000	199.223493	0.830343	0.000990	-0.000016	0.000630	0.000058	0.000248
3964	0.828993	0.001105	-0.000350	0.000530	-0.001948	0.000625	3023.000000	199.223493	0.830247	0.002009	-0.001004	0.000297	0.000974	0.001122	3024.000000	199.223493	0.830228	0.003069	-0.000548	0.000332	0.000424	0.000972
3967	0.835706	0.003357	-0.000004	0.000516	-0.000955	0.001548	3026.000000	199.223493	0.837095	0.003496	0.000380	0.000206	-0.000974	0.001653	3027.000000	199.223493	0.833353	0.002868	0.000840	0.000442	0.001225	0.001849
3970	0.832909	0.004182	0.000367	0.000570	0.001235	0.001265	3029.000000	199.223493	0.833719	0.004120	0.001165	0.000403	0.001630	0.002208	3030.000000	199.223493	0.833854	0.003973	-0.000095	0.000454	0.002681	0.002308
3973	0.835436	0.003640	-0.000106	0.000734	0.002546	0.002108	3032.000000	199.223493	0.835783	0.002468	0.000830	0.000719	0.003414	0.000871	3033.000000	199.223493	0.835725	0.002485	-0.000506	0.000414	0.002103	0.000284
3976	0.832890	0.002729	-0.000174	0.000199	0.002064	0.001398	3035.000000	199.223493	0.832292	0.001876	0.000685	0.000761	0.001254	0.001082	3036.000000	199.223493	0.835070	0.003702	-0.000020	0.000867	0.000231	0.000795
3979	0.833507	0.005868	0.001874	0.001021	0.001061	0.000246	3038.000000	199.223493	0.832542	0.004966	0.000637	0.000644	-0.000800	0.000688	3039.000000	199.223493	0.834163	0.003384	0.000443	0.000631	0.000299	0.001554
3982	0.837403	0.003853	-0.000353	0.000477	0.002344	0.002021	3041.000000	199.223493	0.835841	0.003642	0.000179	0.000514	0.001977	0.002635	3042.000000	199.223493	0.835880	0.004199	0.001189	0.000829	0.000714	0.002637
3985	0.832581	0.002423	0.000868	0.000285	-0.001167	0.001775	3044.000000	199.223493	0.831906	0.001734	0.000455	0.000558	0.001341	0.002383	3045.000000	199.223493	0.832388	0.002661	0.000284	0.000531	-0.000251	0.002389
3988	0.834105	0.002258	-0.000702	0.000431	0.000251	0.002306	3047.000000	199.223493	0.832581	0.002162	-0.000722	0.000319	0.000039	0.001783	3048.000000	199.223493	0.833854	0.002978	0.000013	0.000599	-0.001592	0.002802
3991	0.831771	0.003652	0.000356	0.000935	-0.001022	0.001749	3050.000000	199.223493	0.832600	0.003890	0.000382	0.001029	-0.000270	0.001420	3051.000000	199.223493	0.831173	0.005091	0.000559	0.000216	0.000743	0.002817
3994	0.829321	0.004725	-0.000164	0.000557	-0.000627	0.001891	3053.000000	199.223493	0.830594	0.004827	-0.000696	0.000833	0.000261	0.002850	3054.000000	199.223493	0.832292	0.004307	0.000033	0.000381	-0.002816	0.002398
3997	0.830613	0.004881	-0.000404	0.000602	-0.004205	0.002442	3056.000000	199.223493	0.828877	0.003982	-0.000073	0.000388	-0.003598	0.002316	3057.000000	199.223493	0.830170	0.003997	0.000767	0.000187	-0.003820	0.002335
4000	0.832851	0.004189	0.000068	0.000325	-0.003511	0.001286	3059.000000	199.223493	0.833295	0.004334	0.000193	0.000277	-0.000926	0.001055	3060.000000	199.223493	0.832137	0.003716	-0.000755	0.000715	-0.002131	0.001456
4003	0.831848	0.003033	0.000273	0.001076	-0.002228	0.002123	3062.000000	199.223493	0.831154	0.003117	-0.000538	0.000362	-0.001572	0.002278	3063.000000	199.223493	0.829726	0.004393	-0.001067	0.000734	-0.000685	0.001715
4006	0.831559	0.004160	-0.000209	0.000743	-0.000337	0.001956	3065.000000	199.223493	0.833603	0.003330	0.001260	0.000971	-0.000116	0.001862	3066.000000	199.223493	0.829301	0.002646	0.000440	0.000367	0.001727	0.001071
4009	0.828704	0.002966	0.000168	0.000328	0.000212	0.001109	3068.000000	199.223493	0.828820	0.001915	0.000396	0.000439	0.000926	0.000975	3069.000000	199.223493	0.828916	0.001564	0.000582	0.000254	0.001476	0.001528
4012	0.828029	0.001517	0.000503	0.000537	0.000366	0.000910	3071.000000	199.223493	0.829533	0.001740	0.000793	0.000263	0.000791	0.001327	3072.000000	199.223493	0.827334	0.002368	-0.000198	0.000383	-0.000222	0.001322
4015	0.830285	0.002314	0.000350	0.000424	0.000193	0.001796	3074.000000	199.223493	0.830806	0.002755	-0.000468	0.000348	-0.002720	0.002197	3075.000000	199.223493	0.829726	0.002505	-0.000891	0.000372	-0.003810	0.001635
4018	0.830208	0.001986	0.000536	0.000554	-0.004668	0.002001	3077.000000	199.223493	0.830073	0.002509	0.001148	0.000647	-0.004157	0.002657	3078.000000	199.223493	0.827758	0.002092	0.000983	0.000302	-0.003164	0.001939
4021	0.829379	0.002374	-0.001265	0.000520	-0.002730	0.002383	3080.000000	199.223493	0.832195	0.002864	-0.000499	0.000727	-0.002826	0.001982	3081.000000	199.223493	0.832041	0.002579	-0.001181	0.000357	-0.003173	0.001747
4024	0.828511	0.002256	0.000293	0.000661	-0.003289	0.001879	3083.000000	199.223493	0.829302	0.004015	-0.001169	0.000677	-0.001688	0.001942	3084.000000	199.223493	0.832909	0.003657	-0.000521	0.000595	-0.001370	0.002664
4027	0.831038	0.004245	0.000166	0.000331	-0.000839	0.002047	3086.000000	199.223493	0.832774	0.002755	0.000939	0.000300	-0.000868	0.002233	3087.000000	199.223493	0.830247	0.002610	-0.000093	0.000449	-0.003183	0.001758
4030	0.833005	0.002545	-0.000990	0.000402	-0.003327	0.002012	3089.000000	199.223493	0.833256	0.002928	0.000045	0.000361	-0.004224	0.002267	3090.000000	199.223493	0.833642	0.001788	-0.000777	0.000677	-0.004070	0.002928
4033	0.831424	0.001341	0.000389	0.000481	-0.004051	0.003033	3092.000000	199.223493	0.828260	0.002135	0.000153	0.000437	-0.002874	0.003042	3093.000000	199.223493	0.828414	0.003393	-0.001136	0.000192	0.000733	0.002794
4036	0.827759	0.003770	-0.000694	0.000326	0.002151	0.003787	3095.000000	199.223493	0.827026	0.004565	-0.000534	0.000667	0.002643	0.002708	3096.000000	199.223493	0.828164	0.003700	0.000234	0.000727	-0.000617	0.003631
4039	0.828376	0.004133	0.000182	0.000851	-0.000781	0.003947	3098.000000	199.223493	0.828665	0.005231	0.000063	0.000693	0.001061	0.002865	3099.000000	199.223493	0.827527	0.004505	0.000028	0.000659	0.000743	0.002518
4042	0.826273	0.003784	0.000073	0.000634	0.002498	0.002571	3101.000000	199.223493	0.826775	0.003022	0.000769	0.000483	0.004340	0.002305	3102.000000	199.223493	0.827971	0.003571	-0.000098	0.000611	0.005074	0.001917
4045	0.827373	0.005538	-0.001336	0.000106	0.003414	0.001371	3104.000000	199.223493	0.830363	0.004607	-0.000378	0.000551	0.001871	0.001684	3105.000000	199.223493	0.830826	0.003847	-0.000295	0.000774	0.000492	0.002797
4048	0.830228	0.003313	0.000161	0.000535	0.000106	0.001939	3107.000000	199.223493	0.830941	0.002567	0.000114	0.000712	0.000077	0.002057	3108.000000	199.223493	0.833237	0.002203	0.000906	0.000738	0.000338	0.001223
4051	0.834009	0.001683	-0.000162	0.000342	-0.000608	0.001996	3110.000000	199.223493	0.833777	0.001986	-0.000065	0.000347	0.000733	0.002003	3111.000000	199.223493	0.834896	0.003155	0.000510	0.000599	0.000097	0.002318
4054	0.834259	0.002854	0.000333	0.000664	-0.001659	0.002111	3113.000000	199.223493	0.833102	0.002573	-0.000225	0.000697	0.000174	0.002287	3114.000000	199.223493	0.830729	0.004123	-0.000343	0.000820	0.001148	0.002075
4057	0.830806	0.004374	-0.001124	0.000299	0.000830	0.001317	3116.000000	199.223493	0.831443	0.004629	-0.000260	0.000387	0.000964	0.000904	3117.000000	199.223493	0.831848	0.004542	0.000171	0.000377	0.001119	0.001700
4060	0.830883	0.004447	0.001040	0.000505	0.001312	0.000870	3119.000000	199.223493	0.828395	0.003039	-0.000368	0.000412	0.000250	0.001032	3120.000000	199.223493	0.829572	0.003466	-0.000252	0.000547	-0.001572	0.001411
4063	0.829437	0.003352	-0.001424	0.000344	-0.002286	0.001541	3122.000000	199.223493	0.829765	0.001888	0.000325	0.000717	-0.001263	0.001830	3123.000000	199.223493	0.829957	0.003563	-0.000220	0.000508	-0.001128	0.002768
4066	0.831501	0.002610	0.000326	0.000500	0.001746	0.001240	3125.000000	199.223493	0.830497	0.002352	-0.000089	0.000599	0.000550	0.001237	3126.000000	199.223493	0.830517	0.001774	0.000631	0.000382	0.001331	0.002153
4069	0.828800	0.002228	0.001258	0.000457	0.002112	0.001373	3128.000000	199.223493	0.828704	0.001772	-0.000006	0.000541	-0.000907	0.001521	3129.000000	199.223493	0.826833	0.001567	-0.000258	0.000421	-0.001321	0.001131
4072	0.828183	0.002587	0.000047	0.000348	0.000125	0.001368	3131.000000	199.223493	0.828260	0.002339	0.000313	0.000493	0.000328	0.001416	3132.000000	199.223493	0.827739	0.003232	0.000809	0.000335	0.002064	0.001633
4075	0.830401	0.003676	-0.000104	0.000779	0.001842	0.001422	3134.000000	199.223493	0.826910	0.002955	0.000568	0.000635	0.004446	0.001037	3135.000000	199.223493	0.829012	0.003254	-0.000193	0.000133	0.003790	0.001094
4078	0.825328	0.002813	0.000127	0.000331	0.004707	0.001178	3137.000000	199.223493	0.823534	0.003466	0.000000	0.000354	0.004668	0.001491	3138.000000	199.223493	0.826563	0.001986	0.000823	0.000568	0.005334	0.000778
4081	0.826678	0.001704	0.000043	0.000398	0.005189	0.001203	3140.000000	199.223493	0.827565	0.003606	0.000031	0.000263	0.004109	0.001593	3141.000000	199.223493	0.829205	0.005240	0.000675	0.000395	0.003106	0.001569
4084	0.826582	0.004788	0.000651	0.000680	0.003472	0.002217	3143.000000	199.223493	0.827315	0.004288	0.000062	0.000625	0.002594	0.002542	3144.000000	199.223493	0.828916	0.002777	-0.000794	0.000349	0.002537	0.001742
4087	0.827122	0.003170	-0.000508	0.000391	0.003009	0.001950	3146.000000	199.223493	0.824074	0.001935	-0.000261	0.000712	0.002402	0.002030	3147.000000	199.223493	0.822319	0.003777	-0.000709	0.000486	0.002325	0.001577
4090	0.822839	0.003301	-0.000185	0.000458	0.001302	0.001826	3149.000000	199.223493	0.823553	0.002510	0.000276	0.000524	0.000366	0.002212	3150.000000	199.223493	0.826273	0.003503	-0.001066	0.000368	0.000020	0.002523
4093	0.828028	0.002458	-0.000188	0.000535	0.000424	0.002488	3152.000000	199.223493	0.830112	0.002791	0.000011	0.000487	0.002257	0.002645	3153.000000	199.223493	0.831366	0.002709	-0.000019	0.000577	0.001360	0.003115
4096	0.832022	0.001640	0.000626	0.000289	0.001177	0.003391	3155.000000	199.223493	0.831057	0.001757	0.000769	0.000430	0.001109	0.002524	3156.000000	199.223493	0.831655	0.000974	0.000973	0.000546	0.001109	0.003218
4099	0.831732	0.002648	0.000627	0.000745	0.002758	0.002308	3158.000000	199.223493	0.831790	0.003056	0.001158	0.000423	0.002161	0.002660	3159.000000	199.223493	0.830459	0.002535	0.000457	0.000763	0.000665	0.003123
4102	0.831539	0.001672	0.000333	0.000413	0.001234	0.002722	3161.000000	199.223493	0.832774	0.001571	0.000204	0.000534	0.000425	0.003080	3162.000000	199.223493	0.833526	0.002100	0.000461	0.000289	-0.001437	0.003202
4105	0.829900	0.002673	-0.000172	0.000510	-0.000733	0.002901	3164.000000	199.223493	0.832002	0.002832	0.001025	0.000481	-0.000897	0.003917	3165.000000	199.223493	0.833893	0.002675	0.000302	0.000411	-0.000637	0.004126
4108	0.833044	0.003040	0.000121	0.000340	-0.000540	0.003335	3167.000000	199.223493	0.834510	0.003421	0.000253	0.000631	-0.000762	0.002069	3168.000000	199.223493	0.834066	0.002664	-0.000060	0.000647	-0.002971	0.002224
4111	0.833661	0.002727	-0.000224	0.000362	-0.002315	0.003487	3170.000000	199.223493	0.833738	0.003374	0.000006	0.000875	-0.001389	0.002693	3171.000000	199.223493	0.838657	0.002004	-0.000315	0.000594	-0.002421	0.002534
4114	0.837133	0.002330	-0.000040	0.000193	-0.002662	0.002687	3173.000000	199.223493	0.837462	0.002276	0.000187	0.000844	-0.001736	0.002958	3174.000000	199.223493	0.837133	0.003585	0.001161	0.000602	-0.002006	0.002971
4117	0.835610	0.004086	0.000504	0.000800	-0.002460	0.003267	3176.000000	199.223493	0.834028	0.002474	-0.000782	0.000875	-0.001399	0.002856	3177.000000	199.223493	0.832504	0.002064	-0.000240	0.000518	-0.002768	0.003427
4120	0.835918	0.001972	0.000875	0.000645	-0.001350	0.002394	3179.000000	199.223493	0.836265	0.001587	-0.000520	0.000626	-0.000106	0.002328	3180.000000	199.223493	0.836651	0.002021	-0.000072	0.000514	-0.002460	0.002203
4123	0.835629	0.002158	-0.001370	0.000371	0.000502	0.002920	3182.000000	199.223493	0.836902	0.003429	0.000248	0.000381	-0.000125	0.002465	3183.000000	199.223493	0.836458	0.003229	-0.001108	0.000572	0.001832	0.001815
4126	0.832639	0.003041	-0.000174	0.000525	-0.000772	0.002012	3185.000000	199.223493	0.834472	0.002330	-0.000345	0.000523	0.000019	0.001712	3186.000000	199.223493	0.833449	0.001200	0.000187	0.000625	-0.000858	0.001911
4129	0.834124	0.001218	0.000926	0.000519	-0.002054	0.001251	3188.000000	199.223493	0.835918	0.001866	0.000056	0.000543	-0.003260	0.001420	3189.000000	199.223493	0.834491	0.002249	0.000930	0.000659	-0.001466	0.001545
4132	0.837558	0.003055	0.000401	0.000361	-0.000222	0.001636	3191.000000	199.223493	0.836073	0.002486	0.000467	0.000631	-0.001051	0.001449	3192.000000	199.223493	0.836362	0.003031	0.000272	0.000718	-0.001215	0.002064
4135	0.831501	0.003363	0.000415	0.000611	-0.003048	0.002200	3194.000000	199.223493	0.829495	0.003403	0.001069	0.000482	-0.003791	0.002701	3195.000000	199.223493	0.829070	0.003762	0.000039	0.000358	-0.003694	0.003018
4138	0.830189	0.003455	-0.001202	0.000124	-0.002180	0.002756	3197.000000	199.223493	0.833237	0.003814	-0.000409	0.000758	-0.000540	0.003331	3198.000000	199.223493	0.833372	0.003357	-0.000758	0.000493	-0.000126	0.003056
4141	0.831617	0.002169	-0.000170	0.000403	-0.001032	0.002773	3200.000000	199.223493	0.831674	0.002173	-0.000341	0.000423	-0.000781	0.002376	3201.000000	199.223493	0.830633	0.001611	-0.000142	0.000482	0.000367	0.002500
4144	0.832832	0.001671	-0.000310	0.000412	0.000367	0.002135	3203.000000	199.223493	0.834259	0.001630	0.000450	0.000865	0.001717	0.002090	3204.000000	199.223493	0.834549	0.001455	0.000547	0.001008	0.004957	0.002358
4147	0.835610	0.002326	-0.000027	0.000638	0.003520	0.002238	3206.000000	199.223493	0.835378	0.002744	0.000071	0.000526	0.004398	0.001809	3207.000000	199.223493	0.834163	0.002830	0.001081	0.000823	0.005392	0.002170
4150	0.837403	0.001849	0.000265	0.000830	0.004253	0.002576	3209.000000	199.223493	0.837982	0.001928	0.000780	0.000500	0.005266	0.001711	3210.000000	199.223493	0.834163	0.002067	0.000354	0.000457	0.003867	0.001445
4153	0.834394	0.001676	0.000040	0.000584	0.003626	0.001660	3212.000000	199.223493	0.835783	0.001890	-0.000058	0.000657	0.004707	0.002124	3213.000000	199.223493	0.833931	0.001433	0.000244	0.000371	0.002151	0.002602
4156	0.832465	0.002517	0.000116	0.000381	0.001958	0.001853	3215.000000	199.223493	0.828974	0.003993	-0.000061	0.000177	0.001466	0.001674	3216.000000	199.223493	0.830883	0.002323	-0.001182	0.000283	-0.000945	0.001209
4159	0.828993	0.002004	-0.000334	0.000270	0.000579	0.001124	3218.000000	199.223493	0.829012	0.003134	0.000496	0.000440	0.000145	0.001293	3219.000000	199.223493	0.830864	0.001890	0.000359	0.000265	0.000752	0.000963
4162	0.826987	0.001750	0.000153	0.000426	0.000675	0.001791	3221.000000	199.223493	0.827160	0.002006	0.000157	0.000573	0.001948	0.002297	3222.000000	199.223493	0.827006	0.002161	-0.000455	0.000491	0.000916	0.003044
4165	0.828048	0.001819	-0.000560	0.000336	0.001755	0.002929	3224.000000	199.223493	0.826177	0.003012	-0.000591	0.000365	0.000694	0.002586	3225.000000	199.223493	0.826119	0.001717	-0.000250	0.000440	0.001794	0.001859
4168	0.825000	0.001743	-0.000709	0.000226	0.001408	0.002183	3227.000000	199.223493	0.825116	0.002194	-0.000596	0.000218	0.001958	0.001338	3228.000000	199.223493	0.826273	0.002734	0.000643	0.000517	0.002826	0.001322
4171	0.825058	0.003242	-0.000555	0.000246	0.002218	0.001341	3230.000000	199.223493	0.825810	0.002954	-0.000637	0.000201	0.001572	0.001538	3231.000000	199.223493	0.827238	0.003508	0.000310	0.000383	0.003241	0.002102
4174	0.830073	0.002146	0.000079	0.000261	0.001871	0.001100	3233.000000	199.223493	0.829745	0.002041	-0.000067	0.000637	0.000251	0.000909	3234.000000	199.223493	0.830555	0.001866	0.000338	0.000225	0.000039	0.000440
4177	0.832099	0.001991	0.000014	0.000463	-0.001881	0.000709	3236.000000	199.223493	0.832118	0.002150	-0.001121	0.000429	-0.001100	0.001101	3237.000000	199.223493	0.832639	0.001849	-0.000491	0.000416	0.000193	0.001007
4180	0.831346	0.001917	-0.000068	0.000498	0.003096	0.001188	3239.000000	199.223493	0.830517	0.001265	0.000617	0.000441	0.003520	0.001765	3240.000000	199.223493	0.828858	0.001672	0.000144	0.000448	0.003019	0.000666
4183	0.828742	0.003096	0.000639	0.000567	0.004533	0.000841	3242.000000	199.223493	0.829417	0.003281	0.001156	0.000675	0.003385	0.002230	3243.000000	199.223493	0.830826	0.004555	0.000207	0.000686	0.001640	0.002557
4186	0.832330	0.004267	0.000136	0.000201	0.001476	0.002529	3245.000000	199.223493	0.829572	0.003684	-0.000326	0.000783	0.002180	0.002729	3246.000000	199.223493	0.825810	0.003853	-0.000158	0.000270	0.003096	0.002243
4189	0.830787	0.004465	-0.000502	0.001096	0.002894	0.002304	3248.000000	199.223493	0.829572	0.003882	-0.000424	0.000764	0.002845	0.002714	3249.000000	199.223493	0.831636	0.003488	-0.000593	0.000373	0.000714	0.003176
4192	0.829900	0.003338	-0.000591	0.000624	0.002595	0.004025	3251.000000	199.223493	0.832118	0.003414	-0.000851	0.000102	0.000733	0.003082	3252.000000	199.223493	0.830768	0.003735	-0.000194	0.000204	-0.001399	0.003224
4195	0.829687	0.003466	-0.000364	0.000204	0.001080	0.002994	3254.000000	199.223493	0.827064	0.003955	0.000492	0.000283	0.000964	0.002996	3255.000000	199.223493	0.826003	0.004148	0.000839	0.000346	-0.000251	0.002880
4198	0.828839	0.004645	0.000706	0.000487	-0.000203	0.003079	3257.000000	199.223493	0.830131	0.003965	0.000737	0.000659	0.000868	0.002873	3258.000000	199.223493	0.832272	0.003990	0.001486	0.000247	0.001678	0.002905
4201	0.830613	0.003065	0.001011	0.000574	0.001891	0.002563	3260.000000	199.223493	0.832427	0.002397	0.001013	0.000449	0.002025	0.001582	3261.000000	199.223493	0.834394	0.003181	0.000312	0.000516	0.002421	0.002351
4204	0.836825	0.002959	0.000351	0.000852	0.000984	0.002882	3263.000000	199.223493	0.834606	0.002556	0.000098	0.000428	0.000820	0.001513	3264.000000	199.223493	0.836015	0.001769	0.000081	0.000533	0.000376	0.001857
4207	0.833816	0.001039	0.000835	0.000259	-0.000202	0.002495	3266.000000	199.223493	0.834471	0.001476	0.000537	0.000306	-0.000897	0.002394	3267.000000	199.223493	0.833063	0.002620	-0.000251	0.000521	0.000087	0.002296
4210	0.829784	0.001392	0.001023	0.000500	0.000472	0.002146	3269.000000	199.223493	0.829244	0.003169	0.000943	0.000925	-0.000173	0.001784	3270.000000	199.223493	0.830671	0.003229	0.000881	0.000717	-0.001929	0.001519
4213	0.830729	0.002189	0.000459	0.000753	-0.001273	0.001176	3272.000000	199.223493	0.830806	0.001844	0.000123	0.000705	-0.002450	0.001509	3273.000000	199.223493	0.832619	0.000824	0.000370	0.000811	-0.003434	0.001447
4216	0.833565	0.002017	-0.000358	0.000867	-0.004302	0.002061	3275.000000	199.223493	0.833469	0.001454	-0.000409	0.000437	-0.004591	0.001770	3276.000000	199.223493	0.835474	0.002740	0.000113	0.001081	-0.004485	0.001641
4219	0.834375	0.002599	0.000596	0.000549	-0.003202	0.001507	3278.000000	199.223493	0.833950	0.003454	0.000008	0.000760	-0.003665	0.000957	3279.000000	199.223493	0.831250	0.002968	0.000546	0.000591	-0.004591	0.001301
4222	0.832176	0.002806	-0.000087	0.000214	-0.004341	0.001259	3281.000000	199.223493	0.832137	0.002038	0.000774	0.000240	-0.003395	0.002164	3282.000000	199.223493	0.830864	0.001560	0.000670	0.000337	-0.003260	0.001875
4225	0.831944	0.002310	0.001494	0.001101	-0.002662	0.001737	3284.000000	199.223493	0.831829	0.002017	0.000730	0.000446	-0.002054	0.002209	3285.000000	199.223493	0.830324	0.002205	-0.000091	0.000228	-0.002093	0.001413
4228	0.827932	0.003822	0.000764	0.000431	-0.000154	0.001370	3287.000000	199.223493	0.824826	0.003328	0.000266	0.000552	-0.000666	0.001103	3288.000000	199.223493	0.826215	0.003363	0.000202	0.000524	-0.000444	0.002027
4231	0.825482	0.003068	0.000682	0.000203	-0.002402	0.002284	3290.000000	199.223493	0.825964	0.004080	-0.000425	0.000527	-0.003241	0.001096	3291.000000	199.223493	0.828839	0.003115	-0.000389	0.000650	-0.002383	0.001259
4234	0.828665	0.002555	-0.000626	0.001036	-0.000993	0.001319	3293.000000	199.223493	0.828202	0.002599	-0.000549	0.000688	-0.002267	0.001541	3294.000000	199.223493	0.828511	0.003959	0.000030	0.000479	0.000473	0.001093
4237	0.825289	0.003094	-0.000064	0.000422	0.001283	0.000931	3296.000000	199.223493	0.825444	0.005046	0.000204	0.000429	0.000289	0.001067	3297.000000	199.223493	0.828492	0.004577	0.001084	0.000699	0.001312	0.001245
4240	0.830035	0.003735	-0.000431	0.000762	0.000145	0.001196	3299.000000	199.223493	0.828704	0.002027	-0.000066	0.000794	0.000473	0.001485	3300.000000	199.223493	0.828067	0.001781	0.000281	0.000214	-0.001293	0.001207
4243	0.829861	0.001675	-0.000140	0.000528	-0.002160	0.001434	3302.000000	199.223493	0.827083	0.002243	-0.001200	0.000283	-0.001736	0.001872	3303.000000	199.223493	0.824634	0.003225	-0.000606	0.000434	-0.001302	0.002008
4246	0.827701	0.004255	-0.001371	0.000808	-0.001794	0.001642	3305.000000	199.223493	0.827701	0.003590	-0.000167	0.000511	-0.000608	0.002553	3306.000000	199.223493	0.827006	0.004408	-0.000611	0.000429	-0.000588	0.001771
4249	0.828318	0.003793	-0.001012	0.000479	-0.001466	0.001817	3308.000000	199.223493	0.830208	0.002864	-0.001188	0.000446	0.000994	0.001866	3309.000000	199.223493	0.829900	0.002893	-0.000735	0.000077	-0.000222	0.001924
4252	0.830247	0.002538	0.000384	0.000556	-0.001013	0.002457	3311.000000	199.223493	0.833449	0.002478	0.000379	0.000395	-0.001090	0.002353	3312.000000	199.223493	0.834838	0.000972	-0.000330	0.000474	0.000820	0.002121
4255	0.830941	0.001604	0.000428	0.000600	-0.002498	0.002571	3314.000000	199.223493	0.831269	0.001760	-0.000747	0.000303	-0.000791	0.002298	3315.000000	199.223493	0.830112	0.002303	-0.000692	0.000496	0.000579	0.001792
4258	0.831076	0.001040	0.000287	0.000499	-0.000087	0.001809	3317.000000	199.223493	0.829437	0.000967	-0.001072	0.000243	0.001784	0.001800	3318.000000	199.223493	0.828009	0.002361	0.000014	0.000455	0.002151	0.001215
4261	0.826099	0.002368	0.000217	0.000161	0.001717	0.001350	3320.000000	199.223493	0.828029	0.002406	0.000485	0.000290	-0.000241	0.001763	3321.000000	199.223493	0.831212	0.002968	-0.000541	0.000625	-0.000270	0.001373
4264	0.831636	0.002209	-0.000702	0.000627	-0.000154	0.001458	3323.000000	199.223493	0.830556	0.002546	0.000028	0.000596	0.000955	0.001113	3324.000000	199.223493	0.831269	0.002056	-0.000634	0.000742	0.000222	0.000661
4267	0.834703	0.001306	-0.000087	0.000349	0.002064	0.001224	3326.000000	199.223493	0.834375	0.001245	0.000673	0.000394	0.000376	0.001268	3327.000000	199.223493	0.834799	0.000788	-0.000359	0.000459	0.003222	0.001323
4270	0.835417	0.001540	0.000458	0.000390	0.001746	0.001509	3329.000000	199.223493	0.834394	0.002648	0.000233	0.000340	0.001177	0.000901	3330.000000	199.223493	0.830247	0.001296	-0.000005	0.000744	0.000154	0.001598
4273	0.829225	0.001818	-0.000841	0.000621	-0.001225	0.001156	3332.000000	199.223493	0.827913	0.002121	0.000407	0.000472	-0.002623	0.001613	3333.000000	199.223493	0.830691	0.001749	-0.000398	0.000235	-0.001129	0.001632
4276	0.827951	0.002442	-0.000385	0.000340	-0.001157	0.001899	3335.000000	199.223493	0.828163	0.002637	0.000025	0.000424	0.000164	0.002220	3336.000000	199.223493	0.832079	0.001409	0.000450	0.000715	-0.000569	0.000772
4279	0.829166	0.001116	0.000043	0.000539	-0.003183	0.001015	3338.000000	199.223493	0.830787	0.002160	-0.000497	0.000427	0.000106	0.001752	3339.000000	199.223493	0.830845	0.003282	0.000093	0.000643	-0.000280	0.001145
4282	0.836574	0.003524	0.000624	0.000561	0.000087	0.000974	3341.000000	199.223493	0.836748	0.003397	0.000453	0.000193	0.000145	0.000859	3342.000000	199.223493	0.834471	0.003360	-0.000241	0.000717	0.002652	0.000723
4285	0.834395	0.004481	0.000580	0.000535	0.001997	0.000838	3344.000000	199.223493	0.834028	0.004252	0.000758	0.000469	0.002517	0.001863	3345.000000	199.223493	0.832446	0.003289	0.000014	0.000482	0.003424	0.001900
4288	0.833893	0.002890	-0.000614	0.000633	0.002421	0.002149	3347.000000	199.223493	0.833449	0.001014	0.000699	0.000744	0.002681	0.001280	3348.000000	199.223493	0.833623	0.001813	-0.000809	0.000541	0.001013	0.001193
4291	0.830999	0.002069	-0.000188	0.000190	0.001437	0.001740	3350.000000	199.223493	0.831655	0.001573	0.000324	0.000893	0.000907	0.001244	3351.000000	199.223493	0.830035	0.001077	-0.000644	0.000730	-0.000463	0.000445
4294	0.828646	0.001896	0.000903	0.000419	0.001042	0.000243	3353.000000	199.223493	0.829167	0.002171	0.000297	0.000434	-0.000752	0.000667	3354.000000	199.223493	0.830845	0.001002	0.000037	0.000663	0.001437	0.000630
4297	0.833082	0.002512	0.000043	0.000580	0.003790	0.001092	3356.000000	199.223493	0.831385	0.002054	0.000447	0.000455	0.002739	0.002348	3357.000000	199.223493	0.830826	0.001801	0.000648	0.000670	0.001727	0.002344
4300	0.830421	0.001989	0.000538	0.000436	0.000048	0.001469	3359.000000	199.223493	0.831153	0.001459	0.000474	0.000549	0.002816	0.002086	3360.000000	199.223493	0.831867	0.002790	0.000368	0.000580	0.000781	0.002023
4303	0.834201	0.002256	-0.000858	0.000362	0.001177	0.001783	3362.000000	199.223493	0.833353	0.002215	-0.000635	0.000276	0.000395	0.001495	3363.000000	199.223493	0.833005	0.002911	-0.000903	0.000661	0.000386	0.001433
4306	0.832755	0.003727	0.000010	0.000987	0.000068	0.001122	3365.000000	199.223493	0.832002	0.003880	0.000759	0.000986	0.000164	0.001156	3366.000000	199.223493	0.831134	0.005098	0.000452	0.000248	0.002855	0.001338
4309	0.830556	0.004645	0.000406	0.000787	0.001813	0.000540	3368.000000	199.223493	0.829147	0.005089	-0.000132	0.000860	0.004273	0.000785	3369.000000	199.223493	0.828762	0.005356	0.000048	0.000385	0.000781	0.001355
4312	0.827623	0.005727	-0.000699	0.000460	0.000801	0.002772	3371.000000	199.223493	0.825289	0.005401	-0.000075	0.000387	0.001013	0.002132	3372.000000	199.223493	0.827006	0.005237	0.000850	0.000191	0.000241	0.002460
4315	0.828627	0.006219	0.000215	0.000264	-0.000511	0.001844	3374.000000	199.223493	0.828723	0.005726	0.000674	0.000427	0.001244	0.001555	3375.000000	199.223493	0.828897	0.004864	-0.000723	0.000720	0.000000	0.000976
4318	0.828665	0.004370	-0.000278	0.001003	0.000521	0.002062	3377.000000	199.223493	0.827218	0.004409	-0.000253	0.000453	0.000550	0.002292	3378.000000	199.223493	0.827373	0.004599	-0.000738	0.000709	0.000318	0.001303
4321	0.829283	0.004675	-0.000157	0.000727	-0.000588	0.001967	3380.000000	199.223493	0.831250	0.003914	0.000728	0.001079	-0.000617	0.001826	3381.000000	199.223493	0.829398	0.002605	0.000061	0.000316	0.001167	0.001130
4324	0.829167	0.002804	0.000171	0.000327	0.000395	0.001073	3383.000000	199.223493	0.828511	0.001960	0.000346	0.000478	0.000666	0.000980	3384.000000	199.223493	0.828761	0.001536	0.000441	0.000293	0.002035	0.001390
4327	0.826273	0.000604	0.000016	0.000387	0.001456	0.001132	3386.000000	199.223493	0.827739	0.001675	0.000799	0.000262	0.001707	0.001540	3387.000000	199.223493	0.825425	0.002263	-0.000465	0.000282	-0.000106	0.001366
4330	0.828183	0.002296	0.000194	0.000335	0.000029	0.001794	3389.000000	199.223493	0.828414	0.003108	-0.000667	0.000268	-0.002855	0.002179	3390.000000	199.223493	0.827469	0.002563	-0.000872	0.000378	-0.003250	0.001829
4333	0.826138	0.003389	-0.000086	0.000133	-0.003424	0.002330	3392.000000	199.223493	0.826061	0.003124	0.000563	0.000300	-0.003173	0.002624	3393.000000	199.223493	0.825829	0.001681	0.000443	0.000423	-0.001534	0.002241
4336	0.827141	0.002688	-0.001744	0.000261	-0.001794	0.002477	3395.000000	199.223493	0.829861	0.003430	-0.001010	0.000518	-0.001591	0.001723	3396.000000	199.223493	0.829437	0.002884	-0.000949	0.000180	-0.001688	0.002464
4339	0.828029	0.002248	0.000581	0.000710	-0.001225	0.002431	3398.000000	199.223493	0.827971	0.003910	-0.000177	0.000795	-0.000164	0.002391	3399.000000	199.223493	0.828704	0.003826	-0.000295	0.000554	0.000280	0.002780
4342	0.827720	0.003964	0.000219	0.000368	-0.000299	0.002089	3401.000000	199.223493	0.829649	0.003312	0.000949	0.000302	-0.000280	0.002319	3402.000000	199.223493	0.828916	0.002904	-0.000051	0.000461	-0.002749	0.001725
4345	0.831501	0.003376	-0.000548	0.000595	-0.001755	0.001454	3404.000000	199.223493	0.830941	0.003207	0.000229	0.000482	-0.001678	0.001685	3405.000000	199.223493	0.830479	0.003125	-0.000626	0.000642	-0.001032	0.001854
4348	0.826794	0.003084	0.000092	0.000346	-0.001611	0.002031	3407.000000	199.223493	0.824093	0.002128	0.000093	0.000459	-0.000714	0.001759	3408.000000	199.223493	0.823843	0.003490	-0.000592	0.000408	0.002421	0.001973
4351	0.822280	0.004009	-0.000408	0.000365	0.004118	0.002829	3410.000000	199.223493	0.821277	0.003989	-0.000117	0.000549	0.002276	0.002886	3411.000000	199.223493	0.822936	0.002968	0.000447	0.000620	0.000125	0.003345
4354	0.823052	0.003335	-0.000078	0.000752	0.000309	0.003594	3413.000000	199.223493	0.822473	0.003544	-0.000153	0.000712	0.001630	0.002599	3414.000000	199.223493	0.822029	0.003755	0.000238	0.000518	0.001862	0.002008
4357	0.823380	0.003359	0.000387	0.000537	0.003733	0.001805	3416.000000	199.223493	0.824884	0.002267	0.000279	0.000333	0.005218	0.001637	3417.000000	199.223493	0.826794	0.003614	-0.000461	0.000692	0.005643	0.001442
4360	0.825540	0.005177	-0.000830	0.000410	0.003800	0.001073	3419.000000	199.223493	0.827411	0.004305	0.000147	0.000335	0.002672	0.001218	3420.000000	199.223493	0.829070	0.003824	0.000568	0.000496	0.002788	0.000778
4363	0.827623	0.003601	0.000539	0.000452	0.001408	0.000846	3422.000000	199.223493	0.828260	0.003560	0.000470	0.000486	0.001071	0.001233	3423.000000	199.223493	0.830941	0.003197	0.000161	0.000894	0.000077	0.001448
4366	0.832407	0.002110	-0.000250	0.000371	-0.000328	0.001756	3425.000000	199.223493	0.830459	0.002799	-0.000170	0.000417	0.001447	0.001465	3426.000000	199.223493	0.833025	0.003523	0.000707	0.000496	0.000627	0.001884
4369	0.832176	0.003320	0.000648	0.000644	-0.001495	0.001996	3428.000000	199.223493	0.832079	0.002997	-0.000035	0.000738	0.000733	0.001848	3429.000000	199.223493	0.831077	0.004061	-0.000232	0.000811	0.002103	0.001348
4372	0.831848	0.004368	-0.000905	0.000396	0.000801	0.001339	3431.000000	199.223493	0.832735	0.004483	0.000202	0.000554	0.000087	0.001411	3432.000000	199.223493	0.833680	0.004281	0.000742	0.000336	0.000627	0.001925
4375	0.833989	0.004458	0.001061	0.000495	0.001167	0.000949	3434.000000	199.223493	0.831694	0.002476	-0.000538	0.000372	-0.000415	0.001012	3435.000000	199.223493	0.831732	0.003353	-0.000328	0.000551	-0.001823	0.001486
4378	0.830228	0.003324	-0.000931	0.000547	-0.002305	0.001540	3437.000000	199.223493	0.829321	0.001843	0.000815	0.000483	-0.002662	0.001706	3438.000000	199.223493	0.828723	0.003417	-0.000061	0.000502	-0.001639	0.002562
4381	0.829514	0.002797	0.000317	0.000495	0.001312	0.001082	3440.000000	199.223493	0.829244	0.002720	-0.000090	0.000599	0.001235	0.001373	3441.000000	199.223493	0.830015	0.001917	0.000155	0.000592	0.002054	0.002208
4384	0.828723	0.002262	0.001358	0.000460	0.003318	0.001527	3443.000000	199.223493	0.828067	0.002143	-0.000138	0.000499	0.000125	0.001838	3444.000000	199.223493	0.826678	0.001680	-0.000001	0.000492	0.000020	0.001555
4387	0.828299	0.002510	0.000207	0.000367	0.001592	0.001822	3446.000000	199.223493	0.828395	0.002244	0.000468	0.000413	0.000772	0.001591	3447.000000	199.223493	0.828742	0.002738	0.000666	0.000335	0.001861	0.001534
4390	0.833044	0.002647	0.000268	0.000848	0.003192	0.001625	3449.000000	199.223493	0.829977	0.002480	0.000610	0.000624	0.004774	0.000901	3450.000000	199.223493	0.832292	0.002291	-0.000145	0.000129	0.004176	0.001036
4393	0.829900	0.002436	0.000096	0.000348	0.004495	0.001147	3452.000000	199.223493	0.827199	0.001619	-0.000329	0.000464	0.003241	0.001519	3453.000000	199.223493	0.828376	0.001218	0.000064	0.000876	0.003906	0.000519
4396	0.828144	0.001319	-0.000394	0.000562	0.003848	0.001308	3455.000000	199.223493	0.829032	0.003156	0.000157	0.000267	0.002141	0.001257	3456.000000	199.223493	0.831057	0.004726	0.000838	0.000400	0.002855	0.001493
4399	0.828607	0.004130	0.001124	0.000743	0.001640	0.001774	3458.000000	199.223493	0.827566	0.004242	0.000130	0.000664	0.001476	0.002293	3459.000000	199.223493	0.827759	0.002697	-0.000878	0.000322	0.001755	0.001569
4402	0.826987	0.003146	0.000065	0.000474	0.001379	0.001605	3461.000000	199.223493	0.825540	0.002557	-0.000599	0.000727	0.001264	0.001726	3462.000000	199.223493	0.825887	0.004356	-0.000883	0.000497	0.001244	0.001219
4405	0.824556	0.002944	-0.000132	0.000443	0.000087	0.001625	3464.000000	199.223493	0.823341	0.002539	0.000196	0.000506	-0.000347	0.001945	3465.000000	199.223493	0.828202	0.003123	-0.000867	0.000413	-0.000424	0.002314
4408	0.829301	0.002177	0.000171	0.000550	-0.000087	0.002378	3467.000000	199.223493	0.831964	0.002432	0.000179	0.000466	0.000173	0.002279	3468.000000	199.223493	0.833256	0.002295	0.000282	0.000479	-0.000386	0.002946
4411	0.833025	0.001865	-0.000153	0.000654	0.000752	0.003373	3470.000000	199.223493	0.833005	0.002375	-0.000001	0.000785	0.000993	0.002496	3471.000000	199.223493	0.833430	0.001656	0.001045	0.000504	0.002334	0.003279
4414	0.832504	0.002600	0.000717	0.000699	0.003549	0.002350	3473.000000	199.223493	0.832677	0.003222	0.000662	0.000647	0.002566	0.002669	3474.000000	199.223493	0.832986	0.003321	-0.000217	0.000537	0.001668	0.003110
4417	0.832620	0.002180	0.000500	0.000360	0.000849	0.002709	3476.000000	199.223493	0.833681	0.001622	-0.000052	0.000585	0.000473	0.003083	3477.000000	199.223493	0.834433	0.001906	0.000306	0.000252	-0.001659	0.003137
4420	0.832214	0.002383	0.000137	0.000410	-0.000984	0.002845	3479.000000	199.223493	0.833912	0.002677	0.000938	0.000538	-0.002662	0.003737	3480.000000	199.223493	0.835899	0.002213	-0.000096	0.000398	-0.000482	0.004159
4423	0.834703	0.002915	-0.000287	0.000447	-0.000038	0.003348	3482.000000	199.223493	0.835224	0.003234	0.000304	0.000633	0.000116	0.002317	3483.000000	199.223493	0.833815	0.002685	-0.000514	0.000523	-0.002151	0.002544
4426	0.833353	0.002725	0.000265	0.000389	-0.002662	0.003431	3485.000000	199.223493	0.833295	0.003377	0.000563	0.000913	-0.001032	0.002690	3486.000000	199.223493	0.838175	0.002077	0.000434	0.000545	-0.002296	0.002541
4429	0.836034	0.002549	0.000585	0.000445	-0.000617	0.003134	3488.000000	199.223493	0.838812	0.001655	0.000721	0.000678	-0.001283	0.003045	3489.000000	199.223493	0.838927	0.003129	0.000991	0.000721	-0.001987	0.002973
4432	0.838851	0.003484	0.000566	0.000780	-0.001688	0.003521	3491.000000	199.223493	0.835745	0.002709	-0.000263	0.000935	-0.001225	0.002917	3492.000000	199.223493	0.835069	0.002060	-0.000287	0.000533	-0.001987	0.003624
4435	0.838214	0.001702	0.000706	0.000661	-0.000492	0.002636	3494.000000	199.223493	0.838310	0.002495	-0.000637	0.000598	-0.000675	0.002080	3495.000000	199.223493	0.839719	0.002473	-0.000167	0.000574	-0.001919	0.002450
4438	0.838831	0.003070	-0.001417	0.000380	-0.000125	0.002648	3497.000000	199.223493	0.841204	0.003103	0.000152	0.000406	-0.000058	0.002489	3498.000000	199.223493	0.840027	0.002268	-0.000812	0.000653	0.001813	0.001809
4441	0.835938	0.002604	0.000051	0.000593	-0.001553	0.001504	3500.000000	199.223493	0.834375	0.002379	-0.000315	0.000529	-0.000077	0.001633	3501.000000	199.223493	0.831848	0.001937	0.000756	0.000431	-0.001022	0.001788
4444	0.831809	0.001712	0.000184	0.000631	-0.001360	0.001714	3503.000000	199.223493	0.834086	0.002633	-0.000352	0.000577	-0.002238	0.001947	3504.000000	199.223493	0.831558	0.003110	0.000344	0.000642	-0.000424	0.002051
4447	0.834722	0.004023	-0.000021	0.000526	0.001167	0.002504	3506.000000	199.223493	0.833912	0.003060	0.000326	0.000643	0.000482	0.002212	3507.000000	199.223493	0.835706	0.002938	0.000258	0.000723	-0.000723	0.002355
4450	0.830748	0.003291	0.001076	0.000154	-0.000936	0.003233	3509.000000	199.223493	0.830131	0.003370	0.000447	0.000739	-0.002141	0.003547	3510.000000	199.223493	0.830768	0.003651	-0.000288	0.000437	-0.002980	0.003277
4453	0.830459	0.003413	-0.000844	0.000297	-0.001495	0.002938	3512.000000	199.223493	0.831713	0.003605	-0.000502	0.000733	-0.000318	0.003376	3513.000000	199.223493	0.832909	0.003328	-0.000674	0.000489	-0.000106	0.003059
4456	0.830343	0.001493	-0.000440	0.000457	-0.000309	0.002804	3515.000000	199.223493	0.829900	0.002448	-0.000262	0.000445	0.001042	0.002713	3516.000000	199.223493	0.828800	0.001676	-0.000161	0.000486	-0.000019	0.002404
4459	0.832330	0.001858	-0.000413	0.000375	0.000579	0.002164	3518.000000	199.223493	0.833333	0.002221	0.000623	0.000858	0.003906	0.001902	3519.000000	199.223493	0.831983	0.002971	0.000649	0.000961	0.006375	0.002275
4462	0.832639	0.003110	0.000449	0.000560	0.006095	0.001663	3521.000000	199.223493	0.833584	0.003502	0.000327	0.000308	0.005806	0.001758	3522.000000	199.223493	0.833507	0.003263	0.000901	0.000872	0.006231	0.002269
4465	0.834664	0.002567	0.000801	0.000492	0.005295	0.002517	3524.000000	199.223493	0.837963	0.001928	0.000315	0.000378	0.006076	0.001434	3525.000000	199.223493	0.835417	0.002174	0.000656	0.000387	0.004089	0.001415
4468	0.834838	0.001482	0.000229	0.000604	0.003144	0.001696	3527.000000	199.223493	0.835166	0.002264	0.000052	0.000713	0.004678	0.002117	3528.000000	199.223493	0.834086	0.001300	0.000087	0.000408	0.001919	0.002559
4471	0.833642	0.002087	0.000271	0.000447	0.002855	0.002142	3530.000000	199.223493	0.830575	0.003965	0.000279	0.000347	0.003414	0.002252	3531.000000	199.223493	0.833314	0.001200	-0.001031	0.000353	0.000579	0.002025
4474	0.829167	0.001913	0.000046	0.000521	0.001871	0.001026	3533.000000	199.223493	0.830035	0.002457	0.000396	0.000430	0.000984	0.001365	3534.000000	199.223493	0.831385	0.001648	0.000434	0.000202	0.000473	0.000767
4477	0.827122	0.001753	0.000066	0.000445	0.001167	0.001910	3536.000000	199.223493	0.828048	0.002093	0.000461	0.000569	0.002807	0.002294	3537.000000	199.223493	0.827836	0.001865	-0.000631	0.000387	0.001543	0.002970
4480	0.829090	0.000976	-0.000520	0.000349	0.002836	0.002948	3539.000000	199.223493	0.826389	0.002923	-0.000459	0.000394	0.001292	0.002456	3540.000000	199.223493	0.826350	0.001636	0.000126	0.000457	0.001649	0.001898
4483	0.826485	0.001499	-0.000380	0.000090	0.001090	0.002257	3542.000000	199.223493	0.828376	0.001776	-0.000630	0.000198	0.002218	0.001404	3543.000000	199.223493	0.830228	0.002250	0.001190	0.000241	0.002363	0.001352
4486	0.829765	0.001299	-0.000260	0.000416	0.002479	0.001399	3545.000000	199.223493	0.830035	0.001571	-0.000100	0.000445	0.001157	0.001474	3546.000000	199.223493	0.832407	0.001792	0.000715	0.000519	0.002450	0.001809
4489	0.832813	0.001530	0.000234	0.000382	0.001726	0.001073	3548.000000	199.223493	0.832793	0.001180	0.000413	0.000684	0.001717	0.001464	3549.000000	199.223493	0.831906	0.001381	0.000718	0.000299	0.001929	0.001389
4492	0.833160	0.001482	0.000098	0.000493	0.000936	0.002511	3551.000000	199.223493	0.833488	0.001499	-0.000569	0.000681	0.001350	0.001993	3552.000000	199.223493	0.833314	0.001345	-0.000416	0.000445	0.002054	0.001635
4495	0.832793	0.001168	-0.000112	0.000488	0.004408	0.001066	3554.000000	199.223493	0.831732	0.000595	0.000251	0.000277	0.004803	0.001009	3555.000000	199.223493	0.829919	0.000875	-0.000004	0.000492	0.003694	0.000369
4498	0.829958	0.002592	0.000546	0.000554	0.005315	0.000592	3557.000000	199.223493	0.830035	0.003014	0.000977	0.000665	0.003376	0.002229	3558.000000	199.223493	0.832234	0.003766	0.000038	0.000696	0.003521	0.002742
4501	0.833121	0.003720	0.000555	0.000241	0.003742	0.002584	3560.000000	199.223493	0.830131	0.003351	-0.000127	0.000744	0.004919	0.002280	3561.000000	199.223493	0.827893	0.002302	0.000135	0.000191	0.005797	0.001376
4504	0.832600	0.003151	-0.000251	0.001132	0.004871	0.001727	3563.000000	199.223493	0.832388	0.002333	-0.000271	0.000787	0.005141	0.002548	3564.000000	199.223493	0.832793	0.002657	-0.000446	0.000463	0.003250	0.003101
4507	0.832195	0.002207	-0.000885	0.000560	0.006202	0.003227	3566.000000	199.223493	0.834703	0.002625	-0.001335	0.000436	0.004543	0.002698	3567.000000	199.223493	0.833719	0.003260	0.000108	0.000306	0.003125	0.002302
4510	0.830208	0.003418	0.000174	0.000645	0.004437	0.002040	3569.000000	199.223493	0.826350	0.003870	0.000903	0.000384	0.003906	0.002133	3570.000000	199.223493	0.825521	0.004043	0.000987	0.000378	0.002180	0.002218
4513	0.826408	0.004436	0.000646	0.000475	0.000550	0.003002	3572.000000	199.223493	0.830227	0.003956	0.001159	0.000575	0.002305	0.002697	3573.000000	199.223493	0.831462	0.003946	0.001197	0.000087	0.002508	0.002780
4516	0.829765	0.002958	0.000588	0.000552	0.003193	0.002025	3575.000000	199.223493	0.831192	0.002910	0.000680	0.000208	0.002074	0.001586	3576.000000	199.223493	0.831809	0.003615	0.000043	0.000627	0.002604	0.002330
4519	0.834317	0.003610	0.000550	0.000767	0.000945	0.002882	3578.000000	199.223493	0.833352	0.003113	-0.000346	0.000626	0.000502	0.001499	3579.000000	199.223493	0.833372	0.003502	-0.000259	0.000654	0.000559	0.001903
4522	0.832176	0.001531	0.000491	0.000343	-0.000183	0.002501	3581.000000	199.223493	0.833603	0.001519	0.000525	0.000307	-0.000434	0.002481	3582.000000	199.223493	0.831616	0.002675	-0.000761	0.000412	0.001862	0.002390
4525	0.826582	0.002417	0.000736	0.000629	0.002122	0.002499	3584.000000	199.223493	0.825521	0.003765	-0.000043	0.000941	0.002045	0.002649	3585.000000	199.223493	0.827296	0.002852	0.000468	0.000430	0.000231	0.002662
4528	0.829128	0.001905	0.000215	0.000695	0.001283	0.002269	3587.000000	199.223493	0.829225	0.000669	-0.000562	0.000103	-0.000887	0.001919	3588.000000	199.223493	0.831520	0.000478	-0.000172	0.000495	-0.002855	0.001479
4531	0.832041	0.001958	-0.000554	0.000784	-0.001697	0.002261	3590.000000	199.223493	0.831192	0.002346	-0.000863	0.000229	-0.003964	0.001934	3591.000000	199.223493	0.833796	0.003470	-0.000302	0.000895	-0.003154	0.002008
4534	0.832369	0.002372	-0.000101	0.000690	-0.001784	0.002113	3593.000000	199.223493	0.831076	0.002460	-0.000318	0.000626	-0.002498	0.001757	3594.000000	199.223493	0.827951	0.001236	-0.000065	0.000329	-0.002537	0.002558
4537	0.829861	0.002318	0.000087	0.000154	-0.001871	0.002514	3596.000000	199.223493	0.830092	0.001476	0.000402	0.000279	-0.002093	0.002408	3597.000000	199.223493	0.829900	0.000879	0.000563	0.000331	-0.002045	0.002271
4540	0.830806	0.001686	0.001339	0.001087	-0.001013	0.002224	3599.000000	199.223493	0.831346	0.001704	0.000474	0.000415	-0.001167	0.002508	3600.000000	199.223493	0.829688	0.001665	-0.000612	0.000435	-0.001283	0.001793
4543	0.826061	0.002421	0.000182	0.000396	0.000415	0.001458	3602.000000	199.223493	0.824209	0.002915	-0.000247	0.000133	0.000897	0.001701	3603.000000	199.223493	0.825733	0.003044	0.000111	0.000537	0.000955	0.002291
4546	0.824981	0.002876	0.000682	0.000203	-0.002180	0.002404	3605.000000	199.223493	0.823727	0.003411	-0.000888	0.000510	-0.001486	0.001934	3606.000000	199.223493	0.827797	0.002956	-0.000209	0.000543	-0.001408	0.001308
4549	0.827218	0.001823	-0.000445	0.000981	-0.000675	0.001339	3608.000000	199.223493	0.826100	0.001197	-0.000950	0.000773	-0.000675	0.001638	3609.000000	199.223493	0.824981	0.001818	-0.000567	0.000582	0.000608	0.001035
4552	0.823013	0.001962	0.000160	0.000416	0.000511	0.001163	3611.000000	199.223493	0.821779	0.003240	0.000570	0.000426	0.000135	0.001080	3612.000000	199.223493	0.825328	0.002945	0.001130	0.000667	0.001138	0.001268
4555	0.825482	0.002281	0.000393	0.000234	-0.000357	0.001021	3614.000000	199.223493	0.826292	0.001065	0.001152	0.000879	0.000723	0.001575	3615.000000	199.223493	0.826524	0.001236	0.000969	0.000794	-0.000965	0.001349
4558	0.828337	0.001990	0.000051	0.000477	-0.001186	0.001313	3617.000000	199.223493	0.824691	0.001498	-0.000762	0.000400	0.000540	0.001830	3618.000000	199.223493	0.820737	0.000645	-0.000121	0.000596	0.001158	0.002067
4561	0.821779	0.001890	-0.001526	0.000749	0.000203	0.002020	3620.000000	199.223493	0.823843	0.001818	-0.000222	0.000532	-0.000492	0.002557	3621.000000	199.223493	0.823804	0.003603	-0.000103	0.000174	-0.000704	0.001743
4564	0.826524	0.003069	-0.000164	0.000650	-0.001350	0.001846	3623.000000	199.223493	0.828279	0.002833	-0.000722	0.000651	0.000974	0.001865	3624.000000	199.223493	0.827797	0.003083	-0.000745	0.000078	0.000559	0.002096
4567	0.827778	0.002616	0.000144	0.000397	0.000588	0.002784	3626.000000	199.223493	0.830613	0.003069	0.000701	0.000531	-0.000145	0.002380	3627.000000	199.223493	0.831964	0.002395	-0.000051	0.000567	-0.000299	0.002164
4570	0.828009	0.002748	0.000075	0.000602	-0.002922	0.002482	3629.000000	199.223493	0.827739	0.003332	-0.000856	0.000277	-0.000675	0.002305	3630.000000	199.223493	0.825617	0.003710	-0.000728	0.000484	-0.000579	0.001735
4573	0.828337	0.002693	0.000856	0.000497	-0.000714	0.001685	3632.000000	199.223493	0.827199	0.002074	-0.000620	0.000338	0.000010	0.002230	3633.000000	199.223493	0.823881	0.002598	-0.000350	0.000232	0.002363	0.001275
4576	0.821277	0.002629	0.000313	0.000089	0.001862	0.001430	3635.000000	199.223493	0.824190	0.001833	0.000223	0.000228	-0.000453	0.001705	3636.000000	199.223493	0.825926	0.002885	0.000359	0.000431	-0.000733	0.001025
4579	0.829070	0.003586	-0.000027	0.000629	0.000260	0.001760	3638.000000	199.223493	0.829610	0.003041	0.000716	0.000325	0.001032	0.001162	3639.000000	199.223493	0.831482	0.001924	-0.000098	0.000693	0.001167	0.000771
4582	0.833198	0.002525	-0.000154	0.000355	0.001630	0.001250	3641.000000	199.223493	0.832928	0.002211	0.000613	0.000439	0.000916	0.001432	3642.000000	199.223493	0.831173	0.003012	-0.000105	0.000334	0.002392	0.001300
4585	0.833565	0.002881	0.000182	0.000327	-0.000010	0.001392	3644.000000	199.223493	0.832273	0.003627	0.000190	0.000340	-0.000608	0.001065	3645.000000	199.223493	0.830324	0.001242	0.000006	0.000746	-0.001051	0.001778
4588	0.829495	0.001625	-0.000438	0.000740	-0.002469	0.001147	3647.000000	199.223493	0.828858	0.001762	0.000577	0.000409	-0.003299	0.001399	3648.000000	199.223493	0.831501	0.001404	-0.000048	0.000239	-0.001553	0.001561
4591	0.830517	0.002599	0.000225	0.000335	-0.001698	0.001769	3650.000000	199.223493	0.829417	0.002257	0.000092	0.000421	-0.000338	0.002150	3651.000000	199.223493	0.832079	0.001409	0.000982	0.000678	-0.000309	0.000842
4594	0.829707	0.000892	0.000017	0.000521	-0.002450	0.001418	3653.000000	199.223493	0.831385	0.002043	-0.000122	0.000624	0.001379	0.002100	3654.000000	199.223493	0.831212	0.003236	-0.000213	0.000628	0.001466	0.001447
4597	0.835610	0.003931	0.000374	0.000557	0.001225	0.001023	3656.000000	199.223493	0.835243	0.004085	0.000127	0.000263	0.001678	0.001148	3657.000000	199.223493	0.833430	0.003649	-0.000371	0.000735	0.003057	0.000922
4600	0.833199	0.004490	0.000563	0.000529	0.002218	0.000868	3659.000000	199.223493	0.832407	0.004309	0.000270	0.000523	0.003029	0.002076	3660.000000	199.223493	0.830208	0.002620	-0.000437	0.000312	0.003626	0.001990
4603	0.832350	0.002549	-0.001359	0.000442	0.000955	0.001667	3662.000000	199.223493	0.832446	0.001033	-0.000392	0.000463	0.001100	0.001491	3663.000000	199.223493	0.832523	0.001868	-0.000819	0.000539	-0.000183	0.001318
4606	0.831559	0.001972	-0.000133	0.000216	0.000376	0.001808	3665.000000	199.223493	0.832581	0.002008	0.000642	0.000887	0.001186	0.001156	3666.000000	199.223493	0.830884	0.001484	0.000168	0.000418	-0.001244	0.000841
4609	0.830382	0.002513	0.000890	0.000420	-0.000125	0.000844	3668.000000	199.223493	0.832330	0.002804	0.000538	0.000523	-0.000579	0.000643	3669.000000	199.223493	0.832581	0.001916	0.000131	0.000744	0.000781	0.000411
4612	0.834510	0.002843	0.000779	0.000968	0.003125	0.000652	3671.000000	199.223493	0.832060	0.002255	-0.000043	0.000637	0.002662	0.002345	3672.000000	199.223493	0.830614	0.001638	0.001467	0.000328	0.001601	0.002316
4615	0.832157	0.002347	0.000541	0.000437	0.000231	0.001503	3674.000000	199.223493	0.832484	0.002384	0.000306	0.000564	0.002083	0.001901	3675.000000	199.223493	0.832832	0.003106	0.000893	0.000708	0.000801	0.002034
4618	0.833584	0.002130	-0.000883	0.000356	0.001427	0.001951	3677.000000	199.223493	0.834414	0.002500	-0.000682	0.000260	0.000521	0.001566	3678.000000	199.223493	0.833449	0.003106	-0.000713	0.000703	0.000463	0.001463
4621	0.831925	0.003363	-0.000490	0.000652	-0.000135	0.000977	3680.000000	199.223493	0.832041	0.003890	0.000414	0.000811	0.000530	0.001416	3681.000000	199.223493	0.832600	0.005631	0.000880	0.000422	0.002469	0.001198
4624	0.831366	0.004915	-0.000157	0.000809	0.001119	0.000715	3683.000000	199.223493	0.829437	0.005182	-0.000354	0.000777	0.003771	0.000892	3684.000000	199.223493	0.829090	0.005447	-0.000288	0.000319	0.001225	0.001441
4627	0.828781	0.006087	-0.000729	0.000445	0.000608	0.002743	3686.000000	199.223493	0.827373	0.005855	-0.000369	0.000351	-0.000010	0.002198	3687.000000	199.223493	0.827334	0.005331	0.000516	0.000347	-0.000299	0.002409
4630	0.827450	0.006002	-0.000017	0.000384	-0.000666	0.001882	3689.000000	199.223493	0.827083	0.005207	0.000763	0.000389	0.000839	0.001647	3690.000000	199.223493	0.826717	0.004497	-0.000806	0.000697	-0.000492	0.001168
4633	0.826447	0.004134	-0.000718	0.000876	0.001398	0.002073	3692.000000	199.223493	0.824556	0.004264	-0.000363	0.000451	0.000617	0.002292	3693.000000	199.223493	0.826678	0.004447	-0.000976	0.000552	0.000675	0.001381
4636	0.826524	0.004655	-0.000587	0.000520	0.000367	0.001918	3695.000000	199.223493	0.828607	0.004032	-0.001096	0.000698	-0.000646	0.001834	3696.000000	199.223493	0.826929	0.003142	0.000160	0.000346	0.001186	0.001127
4639	0.826871	0.002762	0.000469	0.000331	0.000019	0.001028	3698.000000	199.223493	0.825926	0.002025	0.000166	0.000518	0.000753	0.000985	3699.000000	199.223493	0.827990	0.001680	0.000048	0.000170	0.001186	0.001670
4642	0.826119	0.000691	0.000122	0.000353	0.000907	0.001192	3701.000000	199.223493	0.827778	0.001670	0.000825	0.000256	0.001958	0.001494	3702.000000	199.223493	0.826717	0.001914	-0.000081	0.000356	0.000077	0.001260
4645	0.829205	0.002223	0.000547	0.000356	0.000154	0.001711	3704.000000	199.223493	0.830517	0.002928	-0.000587	0.000274	-0.001958	0.001678	3705.000000	199.223493	0.829900	0.002377	-0.000721	0.000383	-0.001408	0.001263
4648	0.827373	0.003312	-0.000092	0.000130	-0.001167	0.000843	3707.000000	199.223493	0.826389	0.003001	0.000662	0.000347	-0.000800	0.001104	3708.000000	199.223493	0.827411	0.000887	0.000513	0.000411	0.000791	0.000879
4651	0.828762	0.001991	-0.001274	0.000632	0.001572	0.000778	3710.000000	199.223493	0.831616	0.002829	-0.001515	0.000273	-0.000598	0.001074	3711.000000	199.223493	0.828453	0.003307	-0.000754	0.000193	0.000839	0.001658
4654	0.827681	0.002451	0.000216	0.000724	0.001234	0.002078	3713.000000	199.223493	0.827874	0.003934	0.000106	0.000746	0.002132	0.002194	3714.000000	199.223493	0.826254	0.004567	0.000043	0.000572	0.002218	0.002567
4657	0.825887	0.004786	0.000096	0.000376	0.001437	0.002486	3716.000000	199.223493	0.827373	0.004580	0.000640	0.000374	0.000772	0.002473	3717.000000	199.223493	0.827585	0.003481	0.000063	0.000498	-0.000386	0.000937
4660	0.829437	0.003910	0.000098	0.000594	0.001119	0.001240	3719.000000	199.223493	0.829552	0.003394	0.000563	0.000571	0.001765	0.001677	3720.000000	199.223493	0.828202	0.003147	-0.000057	0.000282	0.001620	0.000834
4663	0.824961	0.002946	0.000156	0.000335	0.000251	0.001047	3722.000000	199.223493	0.823303	0.002022	0.000360	0.000434	0.000617	0.001374	3723.000000	199.223493	0.821123	0.001973	-0.000320	0.000417	0.003684	0.001472
4666	0.818885	0.002359	-0.000568	0.000341	0.006318	0.001904	3725.000000	199.223493	0.817072	0.001769	-0.000328	0.000477	0.003819	0.002319	3726.000000	199.223493	0.821759	0.002062	-0.000443	0.000520	0.003858	0.002089
4669	0.820255	0.001373	-0.000730	0.000638	0.004041	0.001735	3728.000000	199.223493	0.820640	0.002193	-0.001149	0.000420	0.003935	0.001773	3729.000000	199.223493	0.821451	0.003289	-0.000373	0.000299	0.003935	0.001267
4672	0.823534	0.003490	0.000213	0.000405	0.004958	0.001524	3731.000000	199.223493	0.825193	0.002494	-0.000565	0.000608	0.005421	0.001582	3732.000000	199.223493	0.825887	0.003104	-0.001127	0.000887	0.005681	0.001442
4675	0.825328	0.005074	-0.001025	0.000472	0.004687	0.001208	3734.000000	199.223493	0.827469	0.004332	0.000234	0.000313	0.004977	0.001668	3735.000000	199.223493	0.827990	0.003247	0.000857	0.000343	0.005044	0.002104
4678	0.826408	0.002769	-0.000043	0.000544	0.002826	0.001685	3737.000000	199.223493	0.826177	0.002540	0.000425	0.000472	0.002566	0.001777	3738.000000	199.223493	0.828569	0.002774	-0.000070	0.000918	0.001167	0.001914
4681	0.829880	0.001833	0.000130	0.000438	0.000868	0.002228	3740.000000	199.223493	0.827643	0.002154	0.000128	0.000534	0.002083	0.001651	3741.000000	199.223493	0.829205	0.002110	0.000096	0.000161	0.000897	0.002005
4684	0.828704	0.001565	0.000061	0.000324	-0.000578	0.002334	3743.000000	199.223493	0.830035	0.001825	-0.000661	0.000565	0.001051	0.001914	3744.000000	199.223493	0.828357	0.002954	-0.000470	0.000634	0.002402	0.001313
4687	0.829437	0.003830	-0.000006	0.000520	0.000646	0.001332	3746.000000	199.223493	0.829842	0.004171	0.000075	0.000558	-0.000434	0.001189	3747.000000	199.223493	0.828819	0.003924	0.000362	0.000354	-0.001100	0.001301
4690	0.830864	0.004026	0.000838	0.000522	-0.000135	0.000744	3749.000000	199.223493	0.830112	0.002398	0.000056	0.000380	-0.001717	0.000940	3750.000000	199.223493	0.829591	0.002421	0.000297	0.000260	-0.002498	0.001438
4693	0.828492	0.002623	-0.000377	0.000432	-0.002999	0.001478	3752.000000	199.223493	0.828762	0.001599	0.000344	0.000583	-0.002865	0.001659	3753.000000	199.223493	0.827315	0.002630	-0.000068	0.000505	-0.002315	0.002506
4696	0.828549	0.002352	-0.000405	0.000596	0.000752	0.001069	3755.000000	199.223493	0.828954	0.002485	-0.000741	0.000773	0.000588	0.001227	3756.000000	199.223493	0.830054	0.001941	-0.000832	0.000863	0.001360	0.002026
4699	0.828723	0.002262	0.001213	0.000413	0.002334	0.001518	3758.000000	199.223493	0.827353	0.001725	0.000180	0.000351	-0.000328	0.001786	3759.000000	199.223493	0.826505	0.001602	-0.000077	0.000453	0.000020	0.001555
4702	0.827623	0.002217	-0.000045	0.000341	0.000174	0.001944	3761.000000	199.223493	0.828549	0.002314	0.000226	0.000519	0.000048	0.001505	3762.000000	199.223493	0.828800	0.002772	0.000177	0.000282	0.000116	0.001512
4705	0.833237	0.002737	0.000779	0.000806	0.001630	0.002044	3764.000000	199.223493	0.831520	0.002970	0.000411	0.000625	0.002643	0.001882	3765.000000	199.223493	0.831732	0.002067	0.000020	0.000113	0.001871	0.001704
4708	0.828723	0.002168	-0.000074	0.000448	0.001717	0.001586	3767.000000	199.223493	0.827199	0.001619	-0.000786	0.000462	0.000453	0.001366	3768.000000	199.223493	0.828183	0.001094	-0.000877	0.000744	0.001630	0.002048
4711	0.827990	0.001262	-0.000584	0.000451	0.000608	0.001864	3770.000000	199.223493	0.826794	0.001815	0.000015	0.000215	0.000125	0.000672	3771.000000	199.223493	0.828395	0.002682	0.000517	0.000282	0.000936	0.001071
4714	0.826601	0.002489	0.000652	0.000573	-0.000145	0.001194	3773.000000	199.223493	0.825907	0.003178	-0.000239	0.000554	0.000116	0.001785	3774.000000	199.223493	0.827778	0.002710	-0.000833	0.000342	0.000174	0.001218
4717	0.826755	0.003038	-0.000181	0.000435	-0.000058	0.001333	3776.000000	199.223493	0.827836	0.003448	-0.000146	0.000834	0.000125	0.001375	3777.000000	199.223493	0.828164	0.004936	-0.000388	0.000362	0.001601	0.001320
4720	0.827006	0.003834	-0.000377	0.000623	0.000077	0.001619	3779.000000	199.223493	0.826042	0.003543	-0.000242	0.000424	0.000048	0.002086	3780.000000	199.223493	0.828955	0.003423	-0.000644	0.000466	0.000241	0.002479
4723	0.828472	0.001501	0.000473	0.000542	0.000338	0.002528	3782.000000	199.223493	0.829881	0.000966	0.000071	0.000478	0.000829	0.002452	3783.000000	199.223493	0.832292	0.002172	-0.000283	0.000167	-0.000241	0.002967
4726	0.833333	0.001864	-0.000604	0.000683	0.000473	0.003323	3785.000000	199.223493	0.834182	0.002100	-0.000435	0.000615	0.000415	0.002443	3786.000000	199.223493	0.833739	0.001519	0.000644	0.000744	0.001804	0.003328
4729	0.832002	0.002786	0.000561	0.000796	0.002286	0.002365	3788.000000	199.223493	0.833777	0.002640	0.000907	0.000630	0.001505	0.002580	3789.000000	199.223493	0.833912	0.002937	-0.000417	0.000430	-0.000309	0.002825
4732	0.832234	0.002155	0.000259	0.000389	-0.000646	0.002414	3791.000000	199.223493	0.834954	0.001024	0.000522	0.000510	-0.001562	0.002860	3792.000000	199.223493	0.833526	0.002075	0.000341	0.000250	-0.003135	0.002856
4735	0.833179	0.001822	0.000306	0.000358	-0.001707	0.002571	3794.000000	199.223493	0.834992	0.002240	0.001198	0.000507	-0.004060	0.002973	3795.000000	199.223493	0.834780	0.002969	-0.000119	0.000414	-0.002324	0.003603
4738	0.833719	0.003444	-0.000142	0.000449	-0.002180	0.002399	3797.000000	199.223493	0.834259	0.003783	0.000083	0.000649	-0.000685	0.002095	3798.000000	199.223493	0.833430	0.002862	-0.000830	0.000444	-0.001138	0.002585
4741	0.832504	0.003189	0.000717	0.000289	-0.002421	0.003481	3800.000000	199.223493	0.830826	0.004181	-0.000256	0.000739	-0.001119	0.002677	3801.000000	199.223493	0.835687	0.003754	0.000152	0.000518	-0.002363	0.002528
4744	0.831848	0.004547	0.000491	0.000465	-0.000145	0.003117	3803.000000	199.223493	0.834356	0.003848	0.000104	0.000807	-0.001861	0.002939	3804.000000	199.223493	0.835224	0.004332	0.000819	0.000717	-0.002537	0.002843
4747	0.833584	0.005758	0.000304	0.000725	-0.002344	0.003365	3806.000000	199.223493	0.833179	0.003832	-0.000432	0.000885	-0.002161	0.002743	3807.000000	199.223493	0.832427	0.003294	-0.000140	0.000541	-0.003347	0.003278
4750	0.835783	0.003490	0.000850	0.000632	-0.000656	0.002638	3809.000000	199.223493	0.835475	0.004527	-0.000236	0.000464	-0.000762	0.002081	3810.000000	199.223493	0.835957	0.005059	-0.000007	0.000561	-0.001948	0.002443
4753	0.836343	0.004877	-0.001344	0.000374	-0.000637	0.002458	3812.000000	199.223493	0.840008	0.003915	0.000203	0.000421	-0.001138	0.002208	3813.000000	199.223493	0.839506	0.002682	-0.000966	0.000679	0.000743	0.001733
4756	0.836304	0.002334	-0.000239	0.000551	-0.002681	0.001239	3815.000000	199.223493	0.834221	0.002456	-0.000291	0.000533	-0.001119	0.001767	3816.000000	199.223493	0.830498	0.002243	0.001098	0.000546	-0.001813	0.001882
4759	0.829186	0.002496	0.000353	0.000601	-0.001997	0.001825	3818.000000	199.223493	0.831983	0.002545	-0.000744	0.000526	-0.003636	0.001830	3819.000000	199.223493	0.829707	0.003099	0.000282	0.000667	-0.001900	0.002040
4762	0.833025	0.004348	0.000039	0.000535	-0.000907	0.002698	3821.000000	199.223493	0.832138	0.003640	0.000587	0.000546	-0.000569	0.002474	3822.000000	199.223493	0.833700	0.003750	-0.000058	0.000626	-0.001013	0.002297
4765	0.829861	0.003315	0.000533	0.000437	-0.002759	0.003157	3824.000000	199.223493	0.828318	0.003149	0.000290	0.000808	-0.003530	0.003189	3825.000000	199.223493	0.830382	0.003708	-0.000521	0.000556	-0.003414	0.003165
4768	0.830999	0.003345	-0.000635	0.000277	-0.002585	0.002773	3827.000000	199.223493	0.829861	0.003813	0.000437	0.000488	-0.002768	0.003459	3828.000000	199.223493	0.831212	0.003489	-0.000500	0.000543	-0.002122	0.003240
4771	0.829842	0.001388	-0.000436	0.000458	-0.002160	0.002997	3830.000000	199.223493	0.830555	0.002444	0.000226	0.000068	0.000559	0.002877	3831.000000	199.223493	0.830401	0.002074	-0.000201	0.000500	0.000830	0.002021
4774	0.831520	0.001845	-0.000449	0.000356	0.001119	0.002008	3833.000000	199.223493	0.832022	0.001970	-0.000065	0.000880	0.003087	0.002321	3834.000000	199.223493	0.830170	0.002642	-0.000252	0.000536	0.005584	0.002377
4777	0.830961	0.002467	-0.000079	0.000295	0.006067	0.001679	3836.000000	199.223493	0.832504	0.003171	0.000382	0.000318	0.006288	0.001563	3837.000000	199.223493	0.833719	0.003359	-0.000615	0.000631	0.006241	0.002265
4780	0.835127	0.002764	0.000814	0.000495	0.006443	0.002422	3839.000000	199.223493	0.838214	0.002099	0.000922	0.000622	0.006481	0.001403	3840.000000	199.223493	0.835860	0.002394	0.001187	0.000195	0.003385	0.001269
4783	0.836227	0.002271	0.000559	0.000564	0.002093	0.001616	3842.000000	199.223493	0.835262	0.002302	0.000431	0.000622	0.004494	0.002146	3843.000000	199.223493	0.834780	0.001674	-0.000394	0.000581	0.001399	0.002710
4786	0.833140	0.001667	-0.000133	0.000745	0.003048	0.002084	3845.000000	199.223493	0.828588	0.002637	0.000114	0.000405	0.002411	0.002447	3846.000000	199.223493	0.830768	0.001606	-0.001442	0.000401	0.000058	0.002105
4789	0.827315	0.001741	0.000205	0.000522	0.002575	0.001080	3848.000000	199.223493	0.827778	0.001841	-0.000017	0.000421	0.000714	0.001335	3849.000000	199.223493	0.829649	0.000909	0.000211	0.000237	0.000232	0.000785
4792	0.825482	0.000947	0.000767	0.000461	0.000608	0.001953	3851.000000	199.223493	0.826273	0.001634	0.000466	0.000567	0.000762	0.002867	3852.000000	199.223493	0.826678	0.001970	-0.000133	0.000455	0.000830	0.003211
4795	0.828588	0.000831	-0.000100	0.000456	0.002228	0.003124	3854.000000	199.223493	0.825424	0.002826	-0.000477	0.000391	0.001196	0.002477	3855.000000	199.223493	0.827797	0.001555	0.000281	0.000440	0.001196	0.002051
4798	0.826697	0.001351	-0.000240	0.000118	0.000617	0.002297	3857.000000	199.223493	0.827026	0.002460	-0.000601	0.000191	0.001582	0.001571	3858.000000	199.223493	0.828009	0.003424	0.001183	0.000247	0.001891	0.001173
4801	0.828569	0.002064	-0.000106	0.000372	0.001775	0.001343	3860.000000	199.223493	0.828800	0.001842	0.000100	0.000361	0.000174	0.001014	3861.000000	199.223493	0.831559	0.002179	0.000972	0.000365	0.001553	0.001343
4804	0.831636	0.001877	0.000242	0.000379	0.001640	0.001026	3863.000000	199.223493	0.831501	0.002143	0.000154	0.000722	0.002267	0.001529	3864.000000	199.223493	0.827778	0.003609	0.000597	0.000365	0.002324	0.001417
4807	0.828723	0.003882	0.000157	0.000507	0.002459	0.002334	3866.000000	199.223493	0.827411	0.004170	-0.000463	0.000696	0.003096	0.001634	3867.000000	199.223493	0.829012	0.003819	-0.000136	0.000392	0.003626	0.001496
4810	0.828704	0.004009	-0.000071	0.000499	0.004610	0.000901	3869.000000	199.223493	0.829205	0.002620	0.000017	0.000357	0.004138	0.001269	3870.000000	199.223493	0.827122	0.001850	0.000026	0.000502	0.002768	0.001177
4813	0.827585	0.002296	0.000150	0.000738	0.003453	0.001809	3872.000000	199.223493	0.826697	0.003544	0.000407	0.000564	0.001100	0.002122	3873.000000	199.223493	0.828742	0.004009	-0.000096	0.000669	0.001920	0.002992
4816	0.829514	0.003188	0.000185	0.000370	0.002083	0.002433	3875.000000	199.223493	0.825868	0.002853	-0.000155	0.000745	0.002652	0.002611	3876.000000	199.223493	0.825829	0.002945	0.000396	0.000178	0.003241	0.002314
4819	0.828993	0.004062	0.000211	0.001075	0.002489	0.002086	3878.000000	199.223493	0.831481	0.002913	0.000266	0.000442	0.002479	0.003356	3879.000000	199.223493	0.830652	0.002892	-0.000795	0.000560	0.001765	0.003401
4822	0.830710	0.002032	-0.000917	0.000571	0.003231	0.003930	3881.000000	199.223493	0.831289	0.002795	-0.001100	0.000530	0.001418	0.003033	3882.000000	199.223493	0.830961	0.003791	0.000131	0.000306	0.000270	0.002690
4825	0.830305	0.003395	0.000288	0.000611	0.001013	0.002478	3884.000000	199.223493	0.825810	0.003923	0.000775	0.000451	0.000347	0.002857	3885.000000	199.223493	0.827585	0.004041	0.001460	0.000572	-0.001061	0.002240
4828	0.827971	0.004025	0.000519	0.000432	-0.002894	0.001838	3887.000000	199.223493	0.834008	0.002643	0.001356	0.000609	-0.000849	0.001782	3888.000000	199.223493	0.836400	0.003072	0.000442	0.000657	-0.001341	0.002105
4831	0.834877	0.002857	0.000461	0.000564	0.001485	0.002073	3890.000000	199.223493	0.835185	0.003885	0.000464	0.000285	0.000309	0.001578	3891.000000	199.223493	0.835976	0.003575	0.000155	0.000645	0.000318	0.002222
4834	0.836420	0.003041	0.000476	0.000797	-0.001389	0.002869	3893.000000	199.223493	0.835031	0.003129	-0.000207	0.000599	-0.001138	0.001250	3894.000000	199.223493	0.834626	0.003904	-0.000062	0.000621	-0.000762	0.001433
4837	0.833256	0.002157	0.000456	0.000353	-0.002903	0.001919	3896.000000	199.223493	0.837230	0.002561	0.000334	0.000223	-0.003077	0.002262	3897.000000	199.223493	0.835745	0.003021	-0.000446	0.000522	-0.000762	0.002065
4840	0.829205	0.003199	0.000074	0.000548	0.000511	0.002364	3899.000000	199.223493	0.828877	0.004274	0.000056	0.000951	0.000704	0.002749	3900.000000	199.223493	0.830131	0.003116	0.000696	0.000464	-0.001235	0.002784
4843	0.831424	0.002493	0.001434	0.000756	0.000087	0.002516	3902.000000	199.223493	0.831481	0.001759	-0.000627	0.000124	-0.002643	0.001747	3903.000000	199.223493	0.832619	0.001147	-0.000171	0.000495	-0.004070	0.000831
4846	0.834761	0.002228	-0.000862	0.000877	-0.002527	0.002081	3905.000000	199.223493	0.834298	0.003800	-0.000486	0.000425	-0.003617	0.002075	3906.000000	199.223493	0.834992	0.003727	-0.000284	0.000895	-0.004205	0.001779
4849	0.835378	0.003370	0.000004	0.000713	-0.002180	0.002101	3908.000000	199.223493	0.832735	0.002657	-0.000568	0.000457	-0.002238	0.001758	3909.000000	199.223493	0.830498	0.002909	0.000168	0.000477	-0.001244	0.002534
4852	0.833082	0.002843	0.000283	0.000113	-0.001601	0.002536	3911.000000	199.223493	0.833410	0.002664	0.000105	0.000237	-0.001919	0.002434	3912.000000	199.223493	0.832504	0.001594	0.000549	0.000331	-0.001273	0.002343
4855	0.832079	0.001162	0.001916	0.000701	-0.001447	0.002120	3914.000000	199.223493	0.831674	0.001676	0.000460	0.000425	-0.001592	0.002407	3915.000000	199.223493	0.829649	0.001683	-0.000306	0.000558	-0.002652	0.001583
4858	0.827392	0.002233	0.000382	0.000536	-0.000868	0.001086	3917.000000	199.223493	0.825540	0.002809	-0.000006	0.000269	0.000810	0.001675	3918.000000	199.223493	0.826582	0.002964	0.000227	0.000558	-0.000145	0.001704
4861	0.827103	0.003356	0.000773	0.000176	-0.002836	0.002109	3920.000000	199.223493	0.825463	0.003663	-0.001093	0.000339	-0.001100	0.002077	3921.000000	199.223493	0.827585	0.002875	-0.000433	0.000532	-0.000646	0.001750
4864	0.827025	0.001723	-0.000515	0.000994	-0.000212	0.001722	3923.000000	199.223493	0.829032	0.002031	-0.000510	0.000580	-0.000232	0.001878	3924.000000	199.223493	0.828434	0.002897	-0.000345	0.000629	0.000492	0.000950
4867	0.825887	0.003112	0.000707	0.000636	0.000367	0.001161	3926.000000	199.223493	0.827527	0.004670	0.000721	0.000388	-0.000048	0.000959	3927.000000	199.223493	0.831134	0.004019	0.000857	0.000733	-0.000096	0.000624
4870	0.830421	0.003602	0.000514	0.000246	-0.000762	0.000814	3929.000000	199.223493	0.830035	0.002880	0.001434	0.000857	0.000858	0.001603	3930.000000	199.223493	0.829803	0.001970	0.000309	0.001126	0.000183	0.001734
4873	0.831925	0.002626	-0.000520	0.000650	-0.001717	0.000953	3932.000000	199.223493	0.828376	0.002256	-0.000358	0.000288	0.000154	0.001801	3933.000000	199.223493	0.823515	0.002837	0.000092	0.000602	0.000810	0.002062
4876	0.823264	0.002344	-0.001058	0.000881	0.000309	0.002015	3935.000000	199.223493	0.824904	0.002208	0.000304	0.000749	-0.000897	0.002402	3936.000000	199.223493	0.824807	0.003830	0.000086	0.000140	-0.000424	0.001843
4879	0.827218	0.003155	0.000098	0.000663	-0.000801	0.002052	3938.000000	199.223493	0.829707	0.002578	-0.000358	0.000674	0.000174	0.001575	3939.000000	199.223493	0.828588	0.003213	-0.000568	0.000206	0.000897	0.002129
4882	0.828800	0.002747	0.000222	0.000362	0.000357	0.002759	3941.000000	199.223493	0.832832	0.003428	0.000467	0.000708	0.000212	0.002418	3942.000000	199.223493	0.833140	0.002745	0.000283	0.000576	0.000627	0.002460
4885	0.830208	0.002895	-0.000928	0.000313	-0.002353	0.002698	3944.000000	199.223493	0.829610	0.003426	-0.000719	0.000387	-0.000579	0.002309	3945.000000	199.223493	0.827064	0.003525	-0.000040	0.000698	-0.000887	0.001777
4888	0.829147	0.002702	0.001188	0.000566	0.000463	0.001578	3947.000000	199.223493	0.827180	0.002064	-0.000401	0.000431	0.000203	0.002225	3948.000000	199.223493	0.824865	0.002865	-0.000348	0.000233	0.001910	0.001373
4891	0.822589	0.003074	0.000211	0.000117	0.002787	0.001241	3950.000000	199.223493	0.825617	0.002564	0.000230	0.000225	-0.000415	0.001699	3951.000000	199.223493	0.825270	0.002457	0.000262	0.000472	-0.000463	0.001016
4894	0.827334	0.002598	0.000242	0.000587	0.001167	0.001504	3953.000000	199.223493	0.828260	0.002247	0.000459	0.000480	0.001649	0.001072	3954.000000	199.223493	0.829784	0.001071	0.000077	0.000549	0.001746	0.000740
4897	0.830768	0.002372	-0.000351	0.000431	0.001958	0.001398	3956.000000	199.223493	0.830382	0.002702	0.000373	0.000470	0.001910	0.001674	3957.000000	199.223493	0.829244	0.002842	-0.000148	0.000336	0.001418	0.001104
4900	0.833449	0.002873	0.000468	0.000228	0.000791	0.001735	3959.000000	199.223493	0.833083	0.003380	0.000632	0.000503	-0.000598	0.001068	3960.000000	199.223493	0.829900	0.001347	0.000196	0.000712	-0.002286	0.000941
4903	0.828260	0.001118	0.000210	0.000526	-0.003038	0.000897	3962.000000	199.223493	0.828762	0.001729	0.000455	0.000390	-0.004022	0.001175	3963.000000	199.223493	0.832118	0.001368	-0.000136	0.000271	-0.002730	0.001380
4906	0.831308	0.002470	0.000405	0.000377	-0.003540	0.001625	3965.000000	199.223493	0.832793	0.001967	-0.000394	0.000317	-0.001292	0.002078	3966.000000	199.223493	0.833468	0.001243	0.000609	0.000684	-0.001157	0.000984
4909	0.831713	0.001458	-0.000520	0.000807	-0.002392	0.001425	3968.000000	199.223493	0.832619	0.001669	0.000070	0.000552	0.001003	0.002167	3969.000000	199.223493	0.832427	0.002286	-0.000195	0.000625	0.001476	0.001445
4912	0.835262	0.004132	0.000575	0.000468	-0.000328	0.001170	3971.000000	199.223493	0.836343	0.003669	-0.000420	0.000557	0.000781	0.001270	3972.000000	199.223493	0.835378	0.003108	-0.000837	0.000758	0.002199	0.000895
4915	0.836999	0.002157	0.000639	0.000486	0.001794	0.000611	3974.000000	199.223493	0.836323	0.002354	-0.000010	0.000536	0.001418	0.001599	3975.000000	199.223493	0.833661	0.001613	-0.000233	0.000312	0.001562	0.001536
4918	0.836632	0.002085	-0.001186	0.000514	-0.001032	0.000913	3977.000000	199.223493	0.835089	0.001791	-0.000081	0.000604	0.000125	0.000945	3978.000000	199.223493	0.834587	0.001263	-0.000651	0.000621	-0.001071	0.001158
4921	0.833873	0.002003	-0.000092	0.000215	-0.000183	0.001622	3980.000000	199.223493	0.834144	0.001788	0.000494	0.000866	0.001678	0.001219	3981.000000	199.223493	0.832523	0.001709	0.000484	0.000361	-0.000887	0.001044
4924	0.832639	0.002485	0.000746	0.000496	0.000839	0.001286	3983.000000	199.223493	0.834857	0.002903	0.000422	0.000593	0.000994	0.001435	3984.000000	199.223493	0.835455	0.002039	-0.000025	0.000779	0.001514	0.000867
4927	0.837037	0.001824	0.000620	0.001006	0.003974	0.001295	3986.000000	199.223493	0.834587	0.001893	-0.000265	0.000645	0.000955	0.000995	3987.000000	199.223493	0.831771	0.001290	0.000991	0.000343	0.000888	0.001871
4930	0.833893	0.001945	0.000733	0.000510	0.000077	0.001408	3989.000000	199.223493	0.831906	0.002709	0.001025	0.000676	0.002546	0.002065	3990.000000	199.223493	0.834665	0.002122	0.000705	0.000752	0.000955	0.002097
4933	0.834317	0.001523	-0.001102	0.000294	0.001312	0.001910	3992.000000	199.223493	0.836265	0.001455	-0.000987	0.000220	0.001611	0.001961	3993.000000	199.223493	0.835706	0.001875	-0.000725	0.000707	0.001032	0.001862
4936	0.834259	0.001839	-0.001022	0.000517	0.001244	0.001589	3995.000000	199.223493	0.833005	0.003297	-0.000249	0.000838	0.001842	0.001337	3996.000000	199.223493	0.835146	0.004277	0.000721	0.000445	0.002286	0.001122
4939	0.835532	0.001925	-0.000259	0.000816	0.001890	0.000733	3998.000000	199.223493	0.832581	0.003430	-0.000027	0.000786	0.004176	0.000872	3999.000000	199.223493	0.830710	0.004805	-0.000207	0.000365	0.000964	0.001417
4942	0.832330	0.004745	-0.000680	0.000435	0.001900	0.002688	4001.000000	199.223493	0.830035	0.005146	-0.000466	0.000319	0.000791	0.002182	4002.000000	199.223493	0.830324	0.004436	0.000342	0.000398	0.001958	0.001710
4945	0.829861	0.005542	-0.000011	0.000387	0.000637	0.001535	4004.000000	199.223493	0.829147	0.004489	0.000535	0.000539	0.001823	0.001324	4005.000000	199.223493	0.827257	0.004300	-0.000362	0.000725	0.001022	0.001168
4948	0.826080	0.004268	-0.000990	0.000746	0.002604	0.001265	4007.000000	199.223493	0.824865	0.004171	-0.000430	0.000447	0.001273	0.001744	4008.000000	199.223493	0.829630	0.002861	-0.001067	0.000538	0.000058	0.001711
4951	0.829495	0.003743	-0.000436	0.000486	0.000994	0.001600	4010.000000	199.223493	0.830208	0.003545	-0.000921	0.000756	-0.001177	0.001699	4011.000000	199.223493	0.828009	0.002892	0.000002	0.000295	-0.000839	0.001467
4954	0.829418	0.002227	0.000831	0.000350	-0.002074	0.002063	4013.000000	199.223493	0.827700	0.001765	0.000541	0.000687	-0.000405	0.001457	4014.000000	199.223493	0.828684	0.001400	0.000455	0.000518	0.000010	0.001625
4957	0.827797	0.001744	0.000419	0.000499	-0.001061	0.001628	4016.000000	199.223493	0.828163	0.001834	0.000627	0.000370	0.000665	0.001654	4017.000000	199.223493	0.828067	0.002293	0.000406	0.000388	-0.001302	0.001753
4960	0.830015	0.002192	0.000720	0.000396	-0.000666	0.001974	4019.000000	199.223493	0.830613	0.002902	-0.000314	0.000264	-0.001688	0.001597	4020.000000	199.223493	0.829070	0.002726	-0.000265	0.000497	-0.002035	0.001724
4963	0.825000	0.003233	0.000319	0.000458	-0.002103	0.001543	4022.000000	199.223493	0.824171	0.002571	0.000716	0.000354	-0.000521	0.000941	4023.000000	199.223493	0.825077	0.001609	0.000337	0.000449	0.000993	0.000734
4966	0.827276	0.001832	-0.000735	0.000563	0.000415	0.001212	4025.000000	199.223493	0.831018	0.002900	-0.000970	0.000271	-0.001794	0.001458	4026.000000	199.223493	0.828877	0.003323	-0.000678	0.000222	0.000386	0.001989
4969	0.829205	0.002581	0.000031	0.000626	0.000993	0.002264	4028.000000	199.223493	0.831674	0.003293	-0.000184	0.000832	0.002431	0.001938	4029.000000	199.223493	0.829379	0.004962	-0.000435	0.000552	0.003819	0.001150
4972	0.825868	0.004785	0.000162	0.000353	0.003491	0.001060	4031.000000	199.223493	0.825714	0.004591	0.000651	0.000369	0.002074	0.001404	4032.000000	199.223493	0.825502	0.003922	-0.000052	0.000462	0.000019	0.000766
4975	0.827006	0.004552	0.000117	0.000588	0.000791	0.001314	4034.000000	199.223493	0.829282	0.003508	0.000633	0.000560	0.000993	0.001928	4035.000000	199.223493	0.828086	0.003156	-0.000021	0.000286	-0.000116	0.001422
4978	0.825424	0.003069	-0.000168	0.000173	-0.002151	0.001646	4037.000000	199.223493	0.823727	0.002041	0.000439	0.000453	-0.002209	0.002400	4038.000000	199.223493	0.820775	0.002094	-0.000108	0.000452	0.001630	0.002512
4981	0.819252	0.002281	-0.000789	0.000323	0.002247	0.003350	4040.000000	199.223493	0.818654	0.001810	-0.000008	0.000204	-0.000521	0.003189	4041.000000	199.223493	0.821567	0.002042	-0.000387	0.000508	0.000116	0.003175
4984	0.821354	0.001454	-0.000488	0.000657	0.000752	0.002834	4043.000000	199.223493	0.823939	0.002893	-0.000729	0.000496	0.001254	0.002141	4044.000000	199.223493	0.824460	0.003420	-0.000205	0.000422	0.001235	0.002171
4987	0.827546	0.003441	0.000297	0.000350	0.002170	0.002630	4046.000000	199.223493	0.828954	0.002387	-0.000710	0.000617	0.001833	0.002609	4047.000000	199.223493	0.830170	0.001739	-0.001306	0.000856	0.003260	0.002012
4990	0.831153	0.001598	-0.000988	0.000474	0.002999	0.002089	4049.000000	199.223493	0.833063	0.002403	0.000731	0.000485	0.002469	0.002417	4050.000000	199.223493	0.833198	0.002281	0.000517	0.000413	0.003058	0.002946
4993	0.830324	0.002658	0.000099	0.000502	0.001639	0.002186	4052.000000	199.223493	0.830710	0.003903	0.000172	0.000460	0.001003	0.002276	4053.000000	199.223493	0.832176	0.003449	0.000659	0.000867	0.000212	0.002153
4996	0.831520	0.001963	0.000525	0.000432	0.000135	0.002279	4055.000000	199.223493	0.828492	0.002270	0.000281	0.000552	0.001485	0.001923	4056.000000	199.223493	0.830209	0.001974	0.000026	0.000171	-0.000087	0.002063
