# tiempo	mean_var1	std_var1	mean_var2	std_var2	mean_var3	std_var3	mean_var4	std_var4	mean_var5	std_var5	mean_var6	std_var6	mean_var7	std_var7	mean_var8	std_var8	mean_var9	std_var9	mean_var10	std_var10	mean_var11	std_var11
1573	0.737519	0.081636	0.000628	0.000541	0.001370	0.000665	632.000000	199.223493	0.768364	0.051851	-0.000064	0.000265	0.001582	0.001316	633.000000	199.223493	0.786593	0.037673	-0.000005	0.000422	0.001717	0.000539
1576	0.796335	0.027965	-0.000025	0.000252	0.001206	0.001281	635.000000	199.223493	0.803530	0.021540	-0.000799	0.000457	0.002006	0.001155	636.000000	199.223493	0.813657	0.016748	0.000096	0.000465	0.002681	0.000907
1579	0.813542	0.013679	0.000280	0.000722	0.003202	0.001100	638.000000	199.223493	0.815934	0.011716	-0.000134	0.000448	0.003916	0.001803	639.000000	199.223493	0.815432	0.010233	0.000139	0.000399	0.002807	0.002495
1582	0.818075	0.008696	-0.000675	0.000406	0.001697	0.002405	641.000000	199.223493	0.819174	0.005783	-0.000789	0.000304	0.002701	0.002891	642.000000	199.223493	0.823013	0.004385	-0.000092	0.000445	0.001534	0.002191
1585	0.823148	0.004242	0.000545	0.000453	0.000646	0.002310	644.000000	199.223493	0.823476	0.004788	-0.000130	0.000677	-0.000386	0.002705	645.000000	199.223493	0.822550	0.004319	0.000432	0.000312	-0.000772	0.001671
1588	0.824402	0.003919	0.000020	0.000381	0.000627	0.002146	647.000000	199.223493	0.825829	0.004231	0.000085	0.000319	0.000270	0.002584	648.000000	199.223493	0.825096	0.004998	0.000359	0.000386	-0.000222	0.002963
1591	0.824170	0.002868	0.000721	0.000184	-0.000849	0.003535	650.000000	199.223493	0.828627	0.002398	-0.000122	0.000480	0.000155	0.003211	651.000000	199.223493	0.829282	0.002018	-0.000625	0.000229	0.001321	0.002536
1594	0.829996	0.002311	-0.000176	0.000487	0.002729	0.002941	653.000000	199.223493	0.829649	0.001381	0.000476	0.000761	0.001514	0.003001	654.000000	199.223493	0.829745	0.001632	-0.000512	0.000467	0.003009	0.002607
1597	0.829861	0.002042	-0.000359	0.000286	0.001794	0.002207	656.000000	199.223493	0.829842	0.002078	0.000053	0.000544	0.002701	0.002434	657.000000	199.223493	0.830517	0.003324	0.000185	0.000210	0.002759	0.003059
1600	0.830073	0.004622	-0.000377	0.000571	0.002778	0.002671	659.000000	199.223493	0.830035	0.003912	-0.000789	0.000624	0.003521	0.002728	660.000000	199.223493	0.828627	0.003714	0.000403	0.000623	0.002517	0.001835
1603	0.826582	0.003591	-0.000458	0.000828	0.002923	0.001886	662.000000	199.223493	0.826813	0.002728	-0.000219	0.000387	0.002161	0.002030	663.000000	199.223493	0.826717	0.002444	-0.000098	0.000201	0.000106	0.002132
1606	0.827218	0.003077	-0.000287	0.000512	-0.000714	0.001943	665.000000	199.223493	0.827161	0.003568	0.000664	0.000781	0.001350	0.001852	666.000000	199.223493	0.827180	0.003211	0.000481	0.000747	0.000318	0.002109
1609	0.827489	0.003485	0.000041	0.000445	0.000849	0.002317	668.000000	199.223493	0.828434	0.003676	0.000095	0.000465	0.000781	0.001777	669.000000	199.223493	0.828685	0.004018	-0.000722	0.000557	-0.000955	0.001451
1612	0.829282	0.003747	-0.000972	0.000398	0.000357	0.001165	671.000000	199.223493	0.828935	0.003389	0.000109	0.000357	0.001534	0.001901	672.000000	199.223493	0.830401	0.002732	0.000754	0.000387	0.001418	0.001807
1615	0.825174	0.003387	0.000308	0.000290	0.001051	0.002279	674.000000	199.223493	0.830324	0.003164	0.001171	0.000504	0.000810	0.001295	675.000000	199.223493	0.828376	0.002391	-0.000470	0.000441	-0.000058	0.002279
1618	0.829398	0.003272	-0.000062	0.000370	0.001003	0.003020	677.000000	199.223493	0.829572	0.002609	-0.000152	0.000361	-0.000415	0.001860	678.000000	199.223493	0.830536	0.002315	0.000269	0.000404	0.000424	0.002363
1621	0.830035	0.001629	0.000212	0.000507	0.001833	0.002916	680.000000	199.223493	0.830941	0.001094	0.000137	0.000367	0.001051	0.002163	681.000000	199.223493	0.829224	0.001342	-0.000085	0.000165	0.001129	0.002662
1624	0.828530	0.000422	0.000731	0.000525	0.002961	0.002734	683.000000	199.223493	0.828916	0.001974	-0.000553	0.000381	0.002710	0.002089	684.000000	199.223493	0.829456	0.002161	-0.000319	0.000517	0.002884	0.002342
1627	0.828955	0.002187	-0.000272	0.000090	0.002199	0.001689	686.000000	199.223493	0.832658	0.002223	0.000923	0.000506	0.000453	0.002350	687.000000	199.223493	0.832157	0.000949	0.000009	0.000610	-0.000135	0.001714
1630	0.832369	0.001960	-0.000132	0.000592	-0.001611	0.001285	689.000000	199.223493	0.830498	0.001349	-0.000096	0.000291	0.001437	0.000211	690.000000	199.223493	0.828935	0.001599	0.000088	0.000594	0.002334	0.001160
1633	0.827681	0.002869	0.000135	0.000544	0.002469	0.000864	692.000000	199.223493	0.827412	0.002642	-0.000183	0.000946	0.000492	0.001421	693.000000	199.223493	0.826312	0.001126	0.001109	0.000278	-0.000145	0.001677
1636	0.829225	0.002020	-0.000456	0.000585	0.000820	0.002128	695.000000	199.223493	0.832658	0.002063	-0.000248	0.000881	0.005778	0.001350	696.000000	199.223493	0.833835	0.001136	0.000552	0.000484	0.004388	0.000798
1639	0.832870	0.001871	0.000140	0.000498	0.004852	0.001203	698.000000	199.223493	0.833314	0.003415	0.000956	0.000281	0.004987	0.001492	699.000000	199.223493	0.835127	0.003950	0.000652	0.000379	0.005469	0.001184
1642	0.833719	0.003809	0.000111	0.000564	0.005362	0.001640	701.000000	199.223493	0.833951	0.002658	0.000948	0.000640	0.006279	0.001554	702.000000	199.223493	0.832195	0.002146	0.000597	0.000292	0.005488	0.001559
1645	0.829321	0.003033	0.000667	0.000178	0.006028	0.002142	704.000000	199.223493	0.831327	0.003259	0.000142	0.000857	0.004986	0.002188	705.000000	199.223493	0.830729	0.003385	0.000768	0.000212	0.004292	0.002175
1648	0.831578	0.003066	-0.000513	0.000697	0.003713	0.002295	707.000000	199.223493	0.832234	0.001532	0.000325	0.000573	0.004061	0.002249	708.000000	199.223493	0.830459	0.003194	0.000168	0.000437	0.002170	0.002029
1651	0.830922	0.004767	-0.000366	0.000194	0.000858	0.001837	710.000000	199.223493	0.831404	0.004107	-0.000161	0.000268	-0.000241	0.002197	711.000000	199.223493	0.831752	0.003385	-0.000963	0.000619	-0.002045	0.001707
1654	0.829263	0.003535	0.000292	0.000771	-0.000559	0.001729	713.000000	199.223493	0.827257	0.002881	-0.000030	0.000562	-0.000453	0.001920	714.000000	199.223493	0.827469	0.003254	0.000648	0.000542	0.000029	0.001078
1657	0.827218	0.002980	-0.000375	0.000553	0.000376	0.001195	716.000000	199.223493	0.828241	0.002578	0.000891	0.000609	-0.000579	0.001310	717.000000	199.223493	0.830035	0.003081	0.000602	0.000812	-0.002199	0.000799
1660	0.828723	0.003212	0.000003	0.000432	-0.000675	0.001972	719.000000	199.223493	0.831038	0.001939	0.000872	0.000737	-0.000434	0.001210	720.000000	199.223493	0.830420	0.001765	0.000744	0.000776	0.001756	0.001524
1663	0.830382	0.002606	0.000373	0.000688	0.001167	0.001423	722.000000	199.223493	0.829533	0.002376	-0.000326	0.000700	0.001630	0.001249	723.000000	199.223493	0.830864	0.001712	0.000077	0.000926	0.001900	0.001895
1666	0.833102	0.001538	0.000141	0.000767	0.000714	0.001441	725.000000	199.223493	0.833468	0.001080	0.000066	0.000257	-0.000039	0.001091	726.000000	199.223493	0.832986	0.001110	-0.000322	0.000453	0.000424	0.001757
1669	0.835204	0.001208	-0.000447	0.000375	0.000733	0.002628	728.000000	199.223493	0.832697	0.001444	0.000015	0.000380	0.000743	0.002328	729.000000	199.223493	0.831616	0.001006	0.000518	0.000652	-0.000058	0.003175
1672	0.832812	0.001656	0.000553	0.000696	0.001003	0.002675	731.000000	199.223493	0.830498	0.001983	-0.000024	0.000550	0.001524	0.001653	732.000000	199.223493	0.832041	0.002434	0.000078	0.000660	0.001794	0.002083
1675	0.830961	0.001673	-0.000375	0.000351	0.000685	0.001870	734.000000	199.223493	0.831925	0.002286	0.000109	0.000648	0.001254	0.001941	735.000000	199.223493	0.832542	0.001544	-0.000279	0.000346	-0.000839	0.002159
1678	0.832755	0.001257	-0.000143	0.000692	0.000174	0.002083	737.000000	199.223493	0.833102	0.001739	-0.000268	0.000739	0.000858	0.001780	738.000000	199.223493	0.834857	0.001902	0.000726	0.000726	0.000540	0.001393
1681	0.832427	0.001523	0.000744	0.000154	0.000280	0.001268	740.000000	199.223493	0.832658	0.001941	0.000692	0.000299	0.002228	0.001708	741.000000	199.223493	0.832870	0.001745	0.000054	0.000568	0.000829	0.001340
1684	0.830459	0.002168	0.000546	0.000388	0.000154	0.001555	743.000000	199.223493	0.831694	0.001498	0.000444	0.000599	0.001254	0.002021	744.000000	199.223493	0.831308	0.001863	0.000662	0.000460	0.000752	0.002679
1687	0.830440	0.001220	-0.000708	0.000395	0.000116	0.002011	746.000000	199.223493	0.828337	0.002293	-0.000016	0.000258	-0.003829	0.002210	747.000000	199.223493	0.830150	0.002778	-0.000403	0.000531	-0.002373	0.002319
1690	0.827334	0.004156	0.000453	0.000304	-0.003347	0.002703	749.000000	199.223493	0.829533	0.003460	-0.000408	0.000471	-0.001736	0.002680	750.000000	199.223493	0.830922	0.003285	-0.000439	0.000712	0.000338	0.001922
1693	0.833275	0.002172	0.000598	0.001026	0.000366	0.001450	752.000000	199.223493	0.832697	0.002815	0.000247	0.000572	0.000579	0.001897	753.000000	199.223493	0.831616	0.002725	-0.000490	0.000449	0.002093	0.001772
1696	0.828684	0.001871	-0.000476	0.000371	0.000492	0.001102	755.000000	199.223493	0.830614	0.002122	-0.000308	0.000369	-0.000984	0.000891	756.000000	199.223493	0.829553	0.001774	0.000049	0.000785	-0.000502	0.001700
1699	0.829668	0.001921	-0.000905	0.000630	0.002295	0.001701	758.000000	199.223493	0.832118	0.001702	-0.000384	0.000547	0.002459	0.001967	759.000000	199.223493	0.833623	0.002719	-0.001069	0.000890	0.002527	0.001756
1702	0.831887	0.002871	-0.000310	0.000874	0.003163	0.002635	761.000000	199.223493	0.831616	0.003500	0.000875	0.000701	0.003993	0.001686	762.000000	199.223493	0.831520	0.002680	-0.000438	0.000605	0.004755	0.001959
1705	0.832176	0.003117	-0.000279	0.000475	0.003096	0.002480	764.000000	199.223493	0.831462	0.001823	0.000678	0.000742	0.002305	0.001989	765.000000	199.223493	0.830575	0.002062	0.000443	0.000768	0.000752	0.002545
1708	0.833063	0.001896	0.000486	0.000571	0.001514	0.002509	767.000000	199.223493	0.831713	0.001356	0.000896	0.000755	0.002807	0.001660	768.000000	199.223493	0.830054	0.002074	0.000735	0.000214	0.001514	0.000828
1711	0.826524	0.002994	0.000869	0.000350	-0.000125	0.000431	770.000000	199.223493	0.827662	0.003787	0.000728	0.000247	0.001437	0.001131	771.000000	199.223493	0.826620	0.003712	0.001137	0.000541	0.001061	0.001564
1714	0.829591	0.003815	0.001082	0.000565	0.001071	0.002117	773.000000	199.223493	0.830189	0.002975	0.000132	0.000501	0.003569	0.002107	774.000000	199.223493	0.829900	0.001880	-0.000343	0.000840	0.002942	0.001723
1717	0.831520	0.001436	0.000948	0.000538	0.004051	0.000941	776.000000	199.223493	0.830556	0.001377	0.000189	0.000450	0.002855	0.002016	777.000000	199.223493	0.828916	0.001942	-0.000005	0.000552	0.003405	0.002916
1720	0.826987	0.001620	0.000196	0.000569	0.002064	0.002601	779.000000	199.223493	0.826640	0.001770	0.000165	0.000192	0.001080	0.002499	780.000000	199.223493	0.828241	0.001281	-0.000762	0.000252	0.002132	0.002340
1723	0.827296	0.002571	0.000152	0.000662	0.000965	0.002060	782.000000	199.223493	0.825965	0.002668	0.000377	0.000255	0.000907	0.001633	783.000000	199.223493	0.829128	0.003194	-0.000573	0.000409	-0.001939	0.002133
1726	0.827855	0.003589	-0.000184	0.000613	-0.000936	0.001279	785.000000	199.223493	0.829456	0.004125	0.000107	0.000358	-0.002238	0.001679	786.000000	199.223493	0.829572	0.005724	0.000682	0.000403	-0.002035	0.000796
1729	0.829167	0.006222	0.000428	0.000929	-0.001697	0.000696	788.000000	199.223493	0.828685	0.005078	0.000342	0.000444	-0.001138	0.001235	789.000000	199.223493	0.827739	0.005676	0.000222	0.000271	-0.000511	0.001850
1732	0.828954	0.005497	0.000549	0.000507	-0.001119	0.001888	791.000000	199.223493	0.828646	0.004868	0.000214	0.000434	0.000222	0.002868	792.000000	199.223493	0.832851	0.004335	-0.000229	0.000479	0.000164	0.002519
1735	0.831655	0.004900	-0.000369	0.000569	0.001263	0.002265	794.000000	199.223493	0.829398	0.004500	-0.000548	0.000558	0.000993	0.002470	795.000000	199.223493	0.833044	0.003359	-0.000025	0.000685	0.000801	0.001890
1738	0.832793	0.003430	-0.000821	0.000798	0.002228	0.000781	797.000000	199.223493	0.831539	0.003660	0.000085	0.000407	0.001939	0.001139	798.000000	199.223493	0.830498	0.003647	0.000352	0.000305	-0.000386	0.002112
1741	0.833681	0.003927	-0.000862	0.000479	0.001235	0.002070	800.000000	199.223493	0.833488	0.003617	-0.000793	0.000227	0.000126	0.002022	801.000000	199.223493	0.834298	0.003113	0.000772	0.000871	-0.000839	0.002546
1744	0.833198	0.004867	0.000069	0.000696	0.001196	0.002948	803.000000	199.223493	0.830035	0.004446	-0.001027	0.000611	0.001379	0.002653	804.000000	199.223493	0.831269	0.004225	-0.000888	0.000490	0.001321	0.002019
1747	0.831404	0.005384	-0.000967	0.000283	0.000444	0.002169	806.000000	199.223493	0.832041	0.005309	-0.001160	0.000671	0.000010	0.002539	807.000000	199.223493	0.833584	0.004187	-0.000021	0.000514	0.000010	0.001814
1750	0.833796	0.005217	-0.000410	0.000367	0.000097	0.001452	809.000000	199.223493	0.832948	0.004677	-0.000960	0.000467	-0.000386	0.001436	810.000000	199.223493	0.830999	0.003604	0.000065	0.000514	-0.000357	0.002467
1753	0.828820	0.004299	0.000005	0.000425	-0.001022	0.002033	812.000000	199.223493	0.828163	0.003763	-0.000099	0.000333	-0.001302	0.001596	813.000000	199.223493	0.826389	0.005052	0.000060	0.000719	-0.001601	0.001362
1756	0.826042	0.005280	-0.000071	0.000345	-0.002064	0.002373	815.000000	199.223493	0.825598	0.004001	0.000697	0.000367	-0.003453	0.001805	816.000000	199.223493	0.827064	0.003382	-0.000256	0.000407	-0.003665	0.002653
1759	0.826042	0.002869	-0.000582	0.000194	-0.002913	0.001956	818.000000	199.223493	0.825617	0.002103	0.000064	0.000630	-0.002797	0.001508	819.000000	199.223493	0.826736	0.002000	-0.000476	0.000248	-0.004340	0.001382
1762	0.826177	0.002518	0.000148	0.000296	-0.003607	0.002061	821.000000	199.223493	0.824325	0.001251	0.000217	0.000342	-0.003019	0.001425	822.000000	199.223493	0.825444	0.001403	-0.000683	0.000217	-0.003453	0.002495
1765	0.826215	0.001559	0.000691	0.000617	-0.003077	0.002309	824.000000	199.223493	0.826196	0.000883	-0.000693	0.000425	-0.001910	0.001826	825.000000	199.223493	0.827797	0.001244	0.000881	0.000733	-0.001418	0.002013
1768	0.826813	0.002163	-0.000547	0.000727	0.000116	0.002251	827.000000	199.223493	0.827894	0.002582	-0.000634	0.000527	-0.001283	0.002391	828.000000	199.223493	0.826620	0.001770	0.000636	0.000281	-0.001910	0.002718
1771	0.826177	0.002056	-0.000639	0.000288	-0.003472	0.002721	830.000000	199.223493	0.827006	0.001362	-0.000539	0.000670	-0.002537	0.001908	831.000000	199.223493	0.825675	0.003633	-0.000525	0.000315	-0.002102	0.002083
1774	0.825830	0.004203	0.000461	0.000281	-0.003173	0.001801	833.000000	199.223493	0.825868	0.003333	0.000412	0.000463	-0.003598	0.001999	834.000000	199.223493	0.828260	0.002327	-0.000291	0.000458	-0.002074	0.000844
1777	0.829379	0.002748	0.000169	0.000239	-0.002787	0.001263	836.000000	199.223493	0.827238	0.003814	0.000015	0.000720	-0.003424	0.001262	837.000000	199.223493	0.826678	0.003111	0.000040	0.000259	-0.003521	0.001701
1780	0.826370	0.003262	-0.000132	0.000276	-0.003019	0.001623	839.000000	199.223493	0.828684	0.002867	-0.000015	0.000592	-0.000801	0.002235	840.000000	199.223493	0.827758	0.001726	0.001119	0.000768	-0.000077	0.002122
1783	0.828395	0.001498	0.000540	0.000318	-0.000067	0.003467	842.000000	199.223493	0.830826	0.001374	0.000830	0.000190	0.001717	0.002810	843.000000	199.223493	0.828492	0.001610	0.000846	0.000303	0.001543	0.001669
1786	0.828472	0.002817	0.000323	0.000300	-0.000106	0.001358	845.000000	199.223493	0.825907	0.002450	0.000526	0.000374	0.001418	0.001729	846.000000	199.223493	0.824132	0.001424	0.000030	0.000332	0.002836	0.001660
1789	0.828106	0.001234	0.000682	0.000366	0.003617	0.001740	848.000000	199.223493	0.827739	0.002078	0.000441	0.000199	0.002459	0.001366	849.000000	199.223493	0.830324	0.003096	0.000744	0.000741	0.001968	0.002042
1792	0.827411	0.003517	0.000285	0.000497	0.001727	0.000698	851.000000	199.223493	0.829649	0.003396	-0.000590	0.000246	0.002199	0.002183	852.000000	199.223493	0.830150	0.004516	-0.000702	0.000267	0.003916	0.002039
1795	0.829051	0.004446	0.000279	0.000262	0.003781	0.002844	854.000000	199.223493	0.829032	0.003336	-0.000930	0.000498	0.004186	0.002850	855.000000	199.223493	0.830420	0.002750	-0.000820	0.000789	0.005816	0.002807
1798	0.833603	0.003394	-0.000682	0.000796	0.006732	0.002317	857.000000	199.223493	0.833333	0.003994	-0.000190	0.000339	0.005546	0.002235	858.000000	199.223493	0.831616	0.004457	0.000539	0.000317	0.004321	0.001847
1801	0.830363	0.004974	0.001394	0.000523	0.004427	0.002120	860.000000	199.223493	0.831154	0.003260	0.001235	0.000569	0.004311	0.000966	861.000000	199.223493	0.826755	0.002731	0.001078	0.000759	0.002566	0.001211
1804	0.824306	0.004112	-0.000674	0.000656	0.003231	0.001296	863.000000	199.223493	0.830035	0.002792	-0.000321	0.000553	0.002450	0.001462	864.000000	199.223493	0.827662	0.002359	-0.000627	0.000644	0.003530	0.000833
1807	0.829745	0.003729	0.000296	0.000345	0.003945	0.001627	866.000000	199.223493	0.830787	0.003080	-0.000348	0.000544	0.005719	0.000863	867.000000	199.223493	0.831366	0.001954	-0.000187	0.000586	0.004784	0.000587
1810	0.830073	0.003598	-0.000336	0.000587	0.006684	0.001615	869.000000	199.223493	0.828877	0.003367	0.000087	0.000512	0.006771	0.001316	870.000000	199.223493	0.831751	0.002414	-0.000691	0.000506	0.004745	0.000701
1813	0.831713	0.001869	-0.000042	0.000834	0.004176	0.000756	872.000000	199.223493	0.832272	0.001948	-0.000071	0.000678	0.003703	0.001273	873.000000	199.223493	0.833237	0.002018	0.000123	0.000467	0.002566	0.000616
1816	0.830073	0.003338	0.000350	0.000320	0.001620	0.001241	875.000000	199.223493	0.829147	0.005449	0.001148	0.000587	0.002218	0.001718	876.000000	199.223493	0.829070	0.005067	0.000493	0.000366	0.002884	0.001038
1819	0.829147	0.005253	-0.000678	0.000527	0.003009	0.001390	878.000000	199.223493	0.830401	0.005008	-0.000550	0.000929	0.003395	0.000997	879.000000	199.223493	0.830170	0.004296	-0.000000	0.000567	0.003597	0.000864
1822	0.831134	0.003182	-0.000207	0.000689	0.002730	0.001581	881.000000	199.223493	0.831038	0.003821	-0.000185	0.000458	0.004013	0.001449	882.000000	199.223493	0.830845	0.003179	-0.000092	0.000472	0.003443	0.001336
1825	0.829340	0.001829	0.000402	0.000716	0.002122	0.001338	884.000000	199.223493	0.831173	0.002519	-0.000487	0.000413	0.005054	0.000507	885.000000	199.223493	0.831944	0.003138	0.000128	0.000542	0.007070	0.001101
1828	0.832215	0.001711	-0.001279	0.000283	0.005835	0.001718	887.000000	199.223493	0.833931	0.002275	-0.001036	0.000561	0.003173	0.001549	888.000000	199.223493	0.836034	0.002310	-0.001215	0.000750	0.005334	0.001642
1831	0.835359	0.002308	-0.000955	0.000336	0.004562	0.001802	890.000000	199.223493	0.835455	0.001223	-0.000716	0.000999	0.004389	0.001768	891.000000	199.223493	0.833970	0.001869	-0.000088	0.000405	0.004167	0.001747
1834	0.832948	0.002082	-0.000432	0.000332	0.003289	0.001018	893.000000	199.223493	0.831558	0.002387	0.000107	0.000584	0.003955	0.000650	894.000000	199.223493	0.834298	0.003359	-0.000120	0.000621	0.003221	0.001002
1837	0.832157	0.002448	-0.000057	0.000340	0.004437	0.001228	896.000000	199.223493	0.831597	0.002913	0.000003	0.000541	0.003077	0.001317	897.000000	199.223493	0.831578	0.003156	0.000555	0.000653	0.002315	0.001827
1840	0.833449	0.002369	0.000757	0.000192	0.001408	0.001237	899.000000	199.223493	0.832388	0.001937	0.000563	0.000360	0.002884	0.001471	900.000000	199.223493	0.831385	0.002994	0.001032	0.000542	0.002614	0.001784
1843	0.832793	0.004119	0.000156	0.000612	0.002787	0.002097	902.000000	199.223493	0.833391	0.002643	0.000471	0.000226	0.003038	0.001124	903.000000	199.223493	0.834838	0.004548	0.001457	0.000996	0.002334	0.001957
1846	0.833777	0.003419	0.001090	0.000871	0.004494	0.001259	905.000000	199.223493	0.833642	0.003651	-0.000421	0.000787	0.002691	0.001817	906.000000	199.223493	0.836863	0.002639	-0.000225	0.000204	0.001263	0.002783
1849	0.836381	0.002074	-0.000476	0.000778	0.001080	0.002265	908.000000	199.223493	0.834934	0.002159	-0.000382	0.000533	0.001022	0.001729	909.000000	199.223493	0.835880	0.002103	-0.000777	0.000504	-0.000531	0.001829
1852	0.833488	0.002156	0.000755	0.000504	-0.001794	0.001904	911.000000	199.223493	0.832697	0.002207	0.000089	0.000748	-0.000453	0.001881	912.000000	199.223493	0.834549	0.002667	-0.000378	0.000601	0.001620	0.001800
1855	0.835147	0.002945	-0.000019	0.000498	0.003443	0.001417	914.000000	199.223493	0.835803	0.001726	0.000631	0.000546	0.003887	0.002173	915.000000	199.223493	0.835687	0.003077	-0.000952	0.000420	0.004070	0.002057
1858	0.836458	0.003389	0.000128	0.000467	0.001601	0.001715	917.000000	199.223493	0.835069	0.002899	-0.000488	0.000767	0.000752	0.002131	918.000000	199.223493	0.835108	0.003731	0.000671	0.001003	0.000569	0.001974
1861	0.834857	0.003468	0.001167	0.000779	-0.000685	0.002169	920.000000	199.223493	0.837866	0.004168	0.001383	0.000398	-0.001418	0.003562	921.000000	199.223493	0.836979	0.002702	0.000516	0.000369	-0.001553	0.002562
1864	0.837654	0.003254	0.001522	0.000475	0.000801	0.002949	923.000000	199.223493	0.838310	0.001877	0.001813	0.000451	0.000087	0.002992	924.000000	199.223493	0.836420	0.002294	0.002215	0.001026	-0.001427	0.002618
1867	0.837114	0.001811	0.001764	0.000621	-0.000714	0.002688	926.000000	199.223493	0.836092	0.002936	0.001494	0.000457	0.001042	0.003549	927.000000	199.223493	0.833835	0.001982	0.001790	0.000523	-0.001225	0.002618
1870	0.836227	0.002070	-0.000009	0.000791	0.000010	0.002764	929.000000	199.223493	0.836478	0.002486	-0.000037	0.000297	0.000559	0.002300	930.000000	199.223493	0.835185	0.002108	0.000288	0.000701	0.000993	0.002444
1873	0.833603	0.001594	0.000209	0.000678	0.003366	0.002536	932.000000	199.223493	0.832272	0.002185	-0.000193	0.000428	0.005044	0.002530	933.000000	199.223493	0.833372	0.002704	0.001227	0.000481	0.004022	0.002715
1876	0.834761	0.003967	0.001318	0.000396	0.001138	0.003270	935.000000	199.223493	0.836806	0.002828	0.000270	0.000509	0.000241	0.001986	936.000000	199.223493	0.836324	0.002297	0.000578	0.000790	0.000694	0.002427
1879	0.835070	0.001825	0.001034	0.000147	-0.000039	0.002855	938.000000	199.223493	0.832851	0.002633	0.000029	0.000514	-0.000772	0.001511	939.000000	199.223493	0.831809	0.002617	0.001591	0.000692	0.001640	0.000894
1882	0.835050	0.003509	0.000869	0.000799	0.000897	0.001276	941.000000	199.223493	0.836594	0.002838	0.001257	0.000597	0.000530	0.001004	942.000000	199.223493	0.834896	0.001852	0.001078	0.000540	0.001476	0.001605
1885	0.831983	0.002324	0.000375	0.000716	0.002691	0.001629	944.000000	199.223493	0.828569	0.000675	0.000623	0.000755	0.003183	0.001055	945.000000	199.223493	0.832041	0.001398	0.000669	0.000408	0.002170	0.000824
1888	0.829572	0.003131	0.000873	0.000528	0.001080	0.000757	947.000000	199.223493	0.827373	0.002227	0.000381	0.000492	0.001784	0.001215	948.000000	199.223493	0.829167	0.003000	0.000646	0.000724	0.001360	0.000494
1891	0.828897	0.002584	-0.000279	0.000318	0.001427	0.001209	950.000000	199.223493	0.828819	0.002410	-0.000818	0.000453	0.002161	0.001131	951.000000	199.223493	0.834298	0.002714	-0.000020	0.000459	0.003762	0.000954
1894	0.831019	0.003591	0.000038	0.000758	0.003501	0.001288	953.000000	199.223493	0.831829	0.003307	0.000572	0.000726	0.004562	0.002039	954.000000	199.223493	0.829629	0.003242	-0.000036	0.000393	0.004948	0.002533
1897	0.830362	0.003926	-0.000229	0.000692	0.003540	0.002612	956.000000	199.223493	0.828125	0.003440	-0.000283	0.000644	0.004408	0.002946	957.000000	199.223493	0.829900	0.003226	0.000186	0.000501	0.002816	0.001884
1900	0.828858	0.003030	0.000333	0.000459	0.003028	0.002458	959.000000	199.223493	0.828665	0.002733	0.000073	0.000774	0.002344	0.002949	960.000000	199.223493	0.827817	0.002542	0.000618	0.000273	0.001890	0.002252
1903	0.829977	0.002253	0.000106	0.000424	0.003877	0.002243	962.000000	199.223493	0.831385	0.002759	0.000658	0.000734	0.002710	0.002840	963.000000	199.223493	0.832620	0.003902	0.001346	0.000626	0.003038	0.002043
1906	0.829186	0.002901	0.000773	0.000171	0.002373	0.002856	965.000000	199.223493	0.831250	0.002423	-0.000184	0.000479	0.002913	0.002599	966.000000	199.223493	0.832099	0.001677	-0.000497	0.000260	0.002527	0.002333
1909	0.833256	0.001650	0.000084	0.000491	0.005112	0.002467	968.000000	199.223493	0.832523	0.001413	0.000598	0.000701	0.002768	0.002846	969.000000	199.223493	0.831288	0.001951	-0.000222	0.000357	0.003781	0.002534
1912	0.831231	0.002593	-0.000592	0.000264	0.002643	0.002412	971.000000	199.223493	0.831539	0.002472	-0.000085	0.000605	0.004495	0.002861	972.000000	199.223493	0.831192	0.003522	0.000172	0.000207	0.004119	0.003440
1915	0.831366	0.004933	-0.000704	0.000553	0.004494	0.002619	974.000000	199.223493	0.831771	0.004242	-0.000597	0.000565	0.004070	0.002816	975.000000	199.223493	0.830903	0.003830	0.000465	0.000591	0.002758	0.001817
1918	0.830999	0.003012	0.000213	0.000917	0.004418	0.001851	977.000000	199.223493	0.828800	0.002051	-0.000533	0.000390	0.004784	0.002570	978.000000	199.223493	0.829032	0.002081	-0.000085	0.000196	0.002633	0.002250
1921	0.830015	0.002133	-0.000154	0.000557	0.000887	0.002090	980.000000	199.223493	0.830324	0.002341	0.000718	0.000792	0.002141	0.002084	981.000000	199.223493	0.828067	0.002683	0.000092	0.000704	0.003154	0.002896
1924	0.828781	0.003259	-0.000490	0.000376	0.002633	0.003022	983.000000	199.223493	0.829977	0.003094	0.000106	0.000469	0.003096	0.003236	984.000000	199.223493	0.831385	0.002926	-0.000674	0.000553	0.000492	0.002479
1927	0.831327	0.003183	-0.000428	0.000612	0.002980	0.002015	986.000000	199.223493	0.831424	0.002803	0.000093	0.000359	0.004312	0.002289	987.000000	199.223493	0.830941	0.002500	0.000398	0.000471	0.003501	0.001490
1930	0.827103	0.002751	0.000097	0.000338	0.003453	0.002075	989.000000	199.223493	0.831327	0.002555	0.001424	0.000413	0.002826	0.001078	990.000000	199.223493	0.829205	0.001835	-0.000087	0.000583	0.003607	0.002667
1933	0.831231	0.002164	-0.000405	0.000288	0.004977	0.002851	992.000000	199.223493	0.832851	0.001113	-0.000172	0.000365	0.002980	0.002987	993.000000	199.223493	0.833623	0.001922	0.000402	0.000351	0.002479	0.002825
1936	0.833217	0.002928	0.000604	0.000370	0.004070	0.003277	995.000000	199.223493	0.832388	0.001553	0.000088	0.000367	0.002797	0.002361	996.000000	199.223493	0.832677	0.002521	0.000147	0.000154	0.002421	0.002960
1939	0.830999	0.001796	0.001002	0.000395	0.003376	0.002787	998.000000	199.223493	0.831115	0.002390	-0.000450	0.000437	0.002353	0.002072	999.000000	199.223493	0.831944	0.002066	0.000260	0.000457	0.003337	0.002303
1942	0.830691	0.001790	0.000005	0.000214	0.002681	0.001662	1001.000000	199.223493	0.833835	0.001849	0.001110	0.000474	0.001022	0.002272	1002.000000	199.223493	0.831597	0.000871	-0.000165	0.000596	0.000135	0.001745
1945	0.831751	0.002100	-0.000433	0.000576	-0.000338	0.001440	1004.000000	199.223493	0.830343	0.001360	-0.000750	0.000488	0.001746	0.000180	1005.000000	199.223493	0.828800	0.001624	-0.000260	0.000477	0.002662	0.001057
1948	0.827527	0.002876	-0.000224	0.000393	0.002055	0.001080	1007.000000	199.223493	0.827006	0.002659	-0.001235	0.000476	0.000829	0.001470	1008.000000	199.223493	0.826370	0.001131	0.000893	0.000346	0.000675	0.001719
1951	0.828511	0.002056	-0.000529	0.000540	0.001794	0.002186	1010.000000	199.223493	0.830748	0.002144	-0.000417	0.000864	0.005903	0.001316	1011.000000	199.223493	0.831385	0.001984	0.000628	0.000512	0.004427	0.000779
1954	0.830941	0.002220	-0.000110	0.000548	0.003540	0.001576	1013.000000	199.223493	0.831269	0.004361	0.000731	0.000275	0.004350	0.001587	1014.000000	199.223493	0.834568	0.004253	0.000177	0.000326	0.004408	0.001479
1957	0.831694	0.004708	0.000374	0.000467	0.004726	0.001615	1016.000000	199.223493	0.832813	0.003058	0.001275	0.000484	0.005324	0.001684	1017.000000	199.223493	0.832716	0.001911	0.000568	0.000304	0.003781	0.001889
1960	0.831192	0.002489	0.001213	0.000432	0.004012	0.002701	1019.000000	199.223493	0.829996	0.003672	0.000210	0.000876	0.004745	0.002212	1020.000000	199.223493	0.829379	0.003608	0.000595	0.000155	0.003356	0.002081
1963	0.830826	0.003300	-0.000602	0.000690	0.003308	0.002282	1022.000000	199.223493	0.831327	0.001667	-0.000107	0.000503	0.004186	0.002258	1023.000000	199.223493	0.830421	0.003209	0.000647	0.000461	0.002807	0.002021
1966	0.832176	0.004414	-0.000115	0.000300	0.002025	0.001919	1025.000000	199.223493	0.833758	0.003363	-0.000331	0.000235	0.001389	0.002129	1026.000000	199.223493	0.834414	0.002646	-0.001214	0.000600	0.000405	0.001437
1969	0.833449	0.002678	0.000696	0.000693	0.000781	0.001942	1028.000000	199.223493	0.831289	0.004060	-0.000051	0.000553	0.000260	0.002065	1029.000000	199.223493	0.830729	0.004619	0.000566	0.000556	0.000183	0.001078
1972	0.828607	0.003526	-0.000283	0.000589	0.000906	0.001238	1031.000000	199.223493	0.829514	0.003314	0.001146	0.000652	0.000637	0.001424	1032.000000	199.223493	0.829205	0.002663	0.000172	0.000645	-0.001013	0.000891
1975	0.826678	0.002072	0.000218	0.000476	0.000048	0.001889	1034.000000	199.223493	0.828800	0.001066	0.000692	0.000769	-0.000916	0.001550	1035.000000	199.223493	0.829514	0.001178	0.001190	0.000800	0.001273	0.001771
1978	0.828530	0.002434	0.000544	0.000628	0.001485	0.001204	1037.000000	199.223493	0.828588	0.002299	0.000267	0.000632	0.001398	0.001377	1038.000000	199.223493	0.831809	0.001615	0.000713	0.000836	0.001437	0.002096
1981	0.833391	0.001600	0.001144	0.000540	0.000309	0.001733	1040.000000	199.223493	0.833083	0.001162	0.000137	0.000203	-0.000453	0.001397	1041.000000	199.223493	0.834954	0.001189	-0.000318	0.000453	0.000395	0.001776
1984	0.834163	0.001477	-0.000616	0.000349	0.001350	0.002156	1043.000000	199.223493	0.833005	0.001346	-0.000229	0.000437	0.001109	0.002038	1044.000000	199.223493	0.833005	0.001299	0.000783	0.000536	0.001640	0.001937
1987	0.834819	0.002034	0.000040	0.000845	0.002392	0.001784	1046.000000	199.223493	0.832465	0.002402	-0.000026	0.000551	0.002633	0.001190	1047.000000	199.223493	0.832967	0.001959	0.000143	0.000658	0.001456	0.002288
1990	0.831945	0.001317	0.000011	0.000422	0.001061	0.001594	1049.000000	199.223493	0.832581	0.002363	0.000118	0.000653	0.001910	0.001634	1050.000000	199.223493	0.832909	0.001453	0.000207	0.000470	0.000704	0.001734
1993	0.833545	0.001094	0.000502	0.000869	0.001476	0.001808	1052.000000	199.223493	0.833082	0.001736	-0.000398	0.000700	0.001919	0.001127	1053.000000	199.223493	0.835031	0.001926	0.000710	0.000726	0.001572	0.000707
1996	0.832658	0.001586	0.000459	0.000378	0.001196	0.001190	1055.000000	199.223493	0.834394	0.001924	0.001018	0.000149	0.003897	0.000976	1056.000000	199.223493	0.832195	0.001798	0.000116	0.000568	0.002064	0.000713
1999	0.831366	0.002298	0.000463	0.000412	0.001437	0.000643	1058.000000	199.223493	0.832003	0.001588	-0.000099	0.000689	0.003858	0.001621	1059.000000	199.223493	0.832812	0.001252	0.000602	0.000467	0.003106	0.001988
2002	0.829958	0.001257	-0.000814	0.000434	0.002074	0.001601	1061.000000	199.223493	0.830748	0.001813	0.000045	0.000269	-0.001563	0.002431	1062.000000	199.223493	0.832947	0.001335	-0.000357	0.000557	-0.000116	0.002172
2005	0.831655	0.001844	0.000585	0.000224	-0.000125	0.002966	1064.000000	199.223493	0.833970	0.001511	-0.000415	0.000469	0.000627	0.002315	1065.000000	199.223493	0.835224	0.000932	-0.000243	0.000664	0.001649	0.001586
2008	0.835050	0.001892	0.000517	0.001047	0.000386	0.001447	1067.000000	199.223493	0.834703	0.002321	-0.000051	0.000530	0.000646	0.001882	1068.000000	199.223493	0.834433	0.002606	-0.000414	0.000427	0.002045	0.001791
2011	0.831231	0.002208	0.000378	0.000581	0.000598	0.001064	1070.000000	199.223493	0.833025	0.002581	0.000071	0.000545	-0.001456	0.001090	1071.000000	199.223493	0.830324	0.001936	0.000021	0.000780	-0.000232	0.001656
2014	0.831385	0.002188	-0.000851	0.000649	0.001215	0.002238	1073.000000	199.223493	0.833140	0.001844	-0.000408	0.000532	0.000906	0.002639	1074.000000	199.223493	0.834742	0.002963	-0.001039	0.000895	0.001302	0.002194
2017	0.833719	0.003728	-0.000484	0.000803	0.002035	0.003166	1076.000000	199.223493	0.832716	0.003948	-0.000009	0.000618	0.001784	0.003083	1077.000000	199.223493	0.833121	0.003612	-0.000631	0.000591	0.002257	0.003357
2020	0.832215	0.003147	-0.000684	0.000472	0.002199	0.002982	1079.000000	199.223493	0.832543	0.002513	0.000250	0.000646	0.001833	0.002334	1080.000000	199.223493	0.830440	0.002036	-0.000165	0.000529	0.000125	0.002935
2023	0.831906	0.002013	-0.000386	0.000349	0.000231	0.003026	1082.000000	199.223493	0.829668	0.002174	0.000444	0.000448	0.000810	0.002737	1083.000000	199.223493	0.828009	0.001882	0.000385	0.000215	-0.001485	0.002252
2026	0.825656	0.002709	0.000747	0.000271	-0.002035	0.002082	1085.000000	199.223493	0.824884	0.002260	0.000406	0.000179	-0.000858	0.002155	1086.000000	199.223493	0.824537	0.002286	0.000235	0.000547	0.000154	0.002042
2029	0.826196	0.002366	0.001025	0.000562	0.000289	0.002575	1088.000000	199.223493	0.827624	0.001940	0.000696	0.000282	0.002344	0.002547	1089.000000	199.223493	0.827160	0.001547	0.000680	0.000844	0.002180	0.002112
2032	0.829051	0.002248	0.000966	0.000533	0.002026	0.001501	1091.000000	199.223493	0.828684	0.002704	0.000236	0.000462	0.000762	0.001250	1092.000000	199.223493	0.826273	0.002613	-0.000204	0.000424	-0.000125	0.002149
2035	0.824884	0.001914	0.000426	0.000578	-0.000598	0.001601	1094.000000	199.223493	0.824441	0.000777	0.000313	0.000279	0.000386	0.002325	1095.000000	199.223493	0.824575	0.002460	-0.000588	0.000189	0.001562	0.002071
2038	0.823187	0.002081	-0.000578	0.000503	0.000463	0.001903	1097.000000	199.223493	0.822801	0.002023	0.000125	0.000195	-0.000521	0.001171	1098.000000	199.223493	0.826524	0.003169	-0.000412	0.000476	-0.004109	0.001730
2041	0.827334	0.003566	-0.000410	0.000470	-0.001997	0.000865	1100.000000	199.223493	0.828858	0.004167	0.000486	0.000243	-0.003443	0.001118	1101.000000	199.223493	0.827083	0.005551	0.000432	0.000261	-0.002807	0.000908
2044	0.827006	0.006233	0.000764	0.000875	-0.002295	0.000801	1103.000000	199.223493	0.827855	0.004875	0.000362	0.000438	-0.001968	0.001449	1104.000000	199.223493	0.827296	0.005573	0.000224	0.000272	-0.001736	0.001649
2047	0.826794	0.004924	0.000147	0.000584	-0.002595	0.001697	1106.000000	199.223493	0.826582	0.003948	-0.000050	0.000355	-0.001215	0.002855	1107.000000	199.223493	0.830498	0.003613	-0.000774	0.000195	-0.001003	0.002491
2050	0.827932	0.004287	-0.000694	0.000476	0.001022	0.002264	1109.000000	199.223493	0.826833	0.003979	-0.000831	0.000585	0.000241	0.002519	1110.000000	199.223493	0.831327	0.002923	0.000328	0.000702	0.000830	0.001883
2053	0.829958	0.003151	-0.000780	0.000807	0.002247	0.000780	1112.000000	199.223493	0.831404	0.003653	-0.000223	0.000353	0.001698	0.001083	1113.000000	199.223493	0.827720	0.003023	0.000807	0.000162	-0.000174	0.002098
2056	0.831790	0.003764	-0.001049	0.000475	0.002759	0.001768	1115.000000	199.223493	0.830228	0.003478	-0.001058	0.000355	0.001447	0.001671	1116.000000	199.223493	0.830729	0.003428	0.000534	0.000844	0.001273	0.002372
2059	0.829225	0.004788	0.000089	0.000695	0.003115	0.002851	1118.000000	199.223493	0.829321	0.004457	-0.000260	0.000586	0.002431	0.002361	1119.000000	199.223493	0.831578	0.004205	-0.000627	0.000422	0.001273	0.002039
2062	0.831636	0.005426	-0.001045	0.000305	0.000617	0.002078	1121.000000	199.223493	0.830748	0.005060	-0.001637	0.000571	0.001273	0.001858	1122.000000	199.223493	0.831925	0.003935	-0.000574	0.000512	0.000695	0.001371
2065	0.834337	0.005324	0.000105	0.000530	0.000656	0.001275	1124.000000	199.223493	0.832639	0.004566	-0.000626	0.000620	-0.000830	0.001669	1125.000000	199.223493	0.829514	0.003284	0.000713	0.000705	-0.000502	0.002513
2068	0.826428	0.003621	-0.000233	0.000353	-0.000743	0.001982	1127.000000	199.223493	0.826601	0.002849	-0.000152	0.000304	-0.000482	0.001546	1128.000000	199.223493	0.825637	0.004764	0.000048	0.000723	-0.000251	0.001013
2071	0.828434	0.005963	0.000112	0.000238	-0.000280	0.002078	1130.000000	199.223493	0.827373	0.004817	0.000620	0.000418	-0.003260	0.001804	1131.000000	199.223493	0.827469	0.003559	-0.000647	0.000456	-0.003115	0.002653
2074	0.826698	0.003247	-0.000555	0.000183	-0.003183	0.001944	1133.000000	199.223493	0.825733	0.002183	0.000273	0.000593	-0.002305	0.001484	1134.000000	199.223493	0.826987	0.002184	-0.000553	0.000261	-0.004022	0.001337
2077	0.826022	0.002400	0.000391	0.000430	-0.002797	0.002036	1136.000000	199.223493	0.825039	0.001885	0.000112	0.000373	-0.002450	0.001460	1137.000000	199.223493	0.825926	0.001541	-0.001003	0.000358	-0.003694	0.002439
2080	0.825193	0.001946	0.000823	0.000596	-0.002778	0.002372	1139.000000	199.223493	0.825019	0.000547	-0.000298	0.000607	-0.001119	0.001980	1140.000000	199.223493	0.825039	0.001542	0.001125	0.000696	-0.000839	0.002093
2083	0.825154	0.002145	-0.000031	0.000860	-0.000878	0.002292	1142.000000	199.223493	0.825579	0.002140	-0.000777	0.000442	-0.002247	0.002156	1143.000000	199.223493	0.825289	0.001341	0.000389	0.000354	-0.002807	0.002603
2086	0.822859	0.002012	-0.000631	0.000292	-0.004176	0.002721	1145.000000	199.223493	0.824614	0.002316	-0.000937	0.000329	-0.003212	0.002028	1146.000000	199.223493	0.824074	0.003666	-0.000408	0.000352	-0.001485	0.001844
2089	0.824441	0.004279	0.000437	0.000285	-0.004504	0.002178	1148.000000	199.223493	0.824286	0.003391	0.000336	0.000466	-0.003781	0.002047	1149.000000	199.223493	0.829224	0.001921	0.000072	0.000389	-0.003048	0.001213
2092	0.831809	0.002542	-0.000003	0.000186	-0.002778	0.001261	1151.000000	199.223493	0.829417	0.003472	0.000571	0.000903	-0.004360	0.001357	1152.000000	199.223493	0.828761	0.002399	0.000212	0.000269	-0.004080	0.001679
2095	0.828395	0.002361	-0.000275	0.000294	-0.003916	0.001403	1154.000000	199.223493	0.830112	0.002227	0.000027	0.000575	-0.003241	0.001811	1155.000000	199.223493	0.828916	0.001762	0.001452	0.000781	-0.002402	0.001724
2098	0.827874	0.001434	0.001001	0.000238	-0.003954	0.002657	1157.000000	199.223493	0.829765	0.001670	0.000898	0.000203	-0.001264	0.002499	1158.000000	199.223493	0.830131	0.001335	0.000396	0.000539	-0.001215	0.001828
2101	0.832446	0.003194	-0.000041	0.000359	-0.001746	0.002135	1160.000000	199.223493	0.830054	0.003383	0.000416	0.000409	0.000164	0.001766	1161.000000	199.223493	0.827643	0.003254	-0.000069	0.000378	0.000444	0.002046
2104	0.830285	0.001957	0.000431	0.000486	0.002122	0.002285	1163.000000	199.223493	0.829649	0.002964	0.000237	0.000243	0.000704	0.001973	1164.000000	199.223493	0.832215	0.003799	0.000620	0.000713	-0.001186	0.001764
2107	0.828858	0.004401	-0.000336	0.000508	-0.001061	0.002093	1166.000000	199.223493	0.830903	0.003981	-0.000740	0.000189	0.000116	0.002664	1167.000000	199.223493	0.831771	0.005303	0.000105	0.000609	0.002151	0.002728
2110	0.831076	0.005480	0.000102	0.000329	0.001755	0.003109	1169.000000	199.223493	0.832118	0.005002	-0.001296	0.000795	0.003125	0.003044	1170.000000	199.223493	0.833275	0.004264	-0.000740	0.000735	0.003916	0.003257
2113	0.834819	0.003739	-0.000813	0.000848	0.005054	0.002879	1172.000000	199.223493	0.834568	0.004438	-0.000009	0.000321	0.003916	0.002906	1173.000000	199.223493	0.832137	0.004708	0.000320	0.000221	0.002382	0.002560
2116	0.828954	0.004253	0.001408	0.000532	0.001533	0.002991	1175.000000	199.223493	0.829282	0.001889	0.000916	0.000408	0.001678	0.002385	1176.000000	199.223493	0.825637	0.001808	0.001073	0.000756	0.001225	0.001980
2119	0.823167	0.003280	-0.000526	0.000660	0.002942	0.001471	1178.000000	199.223493	0.829360	0.002379	-0.000304	0.000541	0.001206	0.001829	1179.000000	199.223493	0.826736	0.001549	0.000321	0.000224	0.002305	0.001420
2122	0.826929	0.001841	-0.000123	0.000443	0.002074	0.002590	1181.000000	199.223493	0.829109	0.002453	-0.000199	0.000537	0.004051	0.001932	1182.000000	199.223493	0.828974	0.001199	0.000331	0.000451	0.003086	0.001992
2125	0.826697	0.002489	-0.000461	0.000643	0.004823	0.002574	1184.000000	199.223493	0.827141	0.002764	0.000341	0.000372	0.004012	0.002401	1185.000000	199.223493	0.828935	0.001967	-0.000700	0.000507	0.002951	0.001476
2128	0.830401	0.001430	-0.000258	0.000890	0.002257	0.001640	1187.000000	199.223493	0.831674	0.001932	0.000206	0.000760	0.001909	0.001441	1188.000000	199.223493	0.831617	0.002073	0.000352	0.000458	0.001592	0.000897
2131	0.828781	0.003154	0.000141	0.000434	0.001514	0.001257	1190.000000	199.223493	0.826967	0.005055	0.000562	0.000070	0.001929	0.001674	1191.000000	199.223493	0.825849	0.004262	0.000365	0.000327	0.002180	0.001038
2134	0.825540	0.004639	-0.000952	0.000419	0.002758	0.001376	1193.000000	199.223493	0.826910	0.004090	-0.001205	0.000782	0.003993	0.000952	1194.000000	199.223493	0.826563	0.003308	-0.000562	0.000452	0.003077	0.000830
2137	0.828414	0.002788	0.000103	0.000478	0.002392	0.001604	1196.000000	199.223493	0.827971	0.002624	-0.000167	0.000446	0.002855	0.001450	1197.000000	199.223493	0.827334	0.001788	0.000326	0.000403	0.003655	0.001332
2140	0.826813	0.001933	0.000296	0.000702	0.001736	0.001542	1199.000000	199.223493	0.829418	0.002394	-0.000698	0.000345	0.003453	0.001274	1200.000000	199.223493	0.827180	0.003612	-0.000014	0.000583	0.005218	0.001596
2143	0.830421	0.002536	-0.001728	0.000344	0.005064	0.001643	1202.000000	199.223493	0.833874	0.002284	-0.001397	0.000474	0.003135	0.001543	1203.000000	199.223493	0.836362	0.002234	-0.001550	0.000760	0.004658	0.001777
2146	0.837249	0.002231	-0.000920	0.000351	0.005228	0.001578	1205.000000	199.223493	0.836555	0.001030	-0.001209	0.000631	0.005044	0.001863	1206.000000	199.223493	0.833430	0.001735	0.000342	0.000382	0.004109	0.001740
2149	0.833507	0.002166	-0.000365	0.000371	0.003077	0.001024	1208.000000	199.223493	0.832041	0.002377	0.000472	0.000642	0.003511	0.000691	1209.000000	199.223493	0.834240	0.003355	-0.000010	0.000641	0.003086	0.000994
2152	0.833063	0.002560	0.000272	0.000448	0.003318	0.001584	1211.000000	199.223493	0.830999	0.002632	0.000182	0.000623	0.002537	0.001537	1212.000000	199.223493	0.830671	0.002567	0.000336	0.000601	0.002402	0.001787
2155	0.832793	0.001991	0.000452	0.000357	0.001302	0.001306	1214.000000	199.223493	0.833006	0.002264	0.000627	0.000329	0.002006	0.001999	1215.000000	199.223493	0.832253	0.003452	0.001152	0.000544	0.001678	0.002192
2158	0.834066	0.004533	0.000476	0.000818	0.002006	0.002453	1217.000000	199.223493	0.833893	0.002884	0.000278	0.000301	0.001408	0.001833	1218.000000	199.223493	0.834722	0.004475	0.001444	0.001002	0.000174	0.002030
2161	0.832967	0.002987	0.001251	0.000800	0.001582	0.001745	1220.000000	199.223493	0.832330	0.003219	0.000268	0.000594	0.000193	0.001487	1221.000000	199.223493	0.834587	0.001425	-0.000455	0.000393	-0.000125	0.002250
2164	0.835629	0.001782	-0.000818	0.000685	-0.000241	0.002103	1223.000000	199.223493	0.835320	0.002362	-0.001045	0.000494	-0.001514	0.002057	1224.000000	199.223493	0.836246	0.002293	-0.000604	0.000429	-0.001948	0.001789
2167	0.832967	0.001973	0.000943	0.000393	-0.002643	0.001942	1226.000000	199.223493	0.831944	0.001849	0.000307	0.000710	-0.002546	0.001831	1227.000000	199.223493	0.834838	0.002797	0.000247	0.000616	0.000048	0.002261
2170	0.834992	0.002892	-0.000050	0.000501	0.001350	0.002237	1229.000000	199.223493	0.836131	0.001901	0.000920	0.000377	0.002768	0.002133	1230.000000	199.223493	0.835629	0.003064	-0.000678	0.000430	0.001312	0.002333
2173	0.835629	0.003121	-0.000142	0.000489	0.000723	0.001914	1232.000000	199.223493	0.834356	0.002776	0.000150	0.000800	0.000376	0.002109	1233.000000	199.223493	0.834009	0.003393	0.000348	0.001004	-0.001263	0.001862
2176	0.834105	0.003196	0.000812	0.000651	-0.001514	0.002025	1235.000000	199.223493	0.837133	0.003988	0.001151	0.000447	-0.003164	0.003358	1236.000000	199.223493	0.836979	0.002702	0.000520	0.000370	-0.003501	0.002135
2179	0.836478	0.002682	0.001442	0.000451	-0.000810	0.002822	1238.000000	199.223493	0.838985	0.002309	0.002141	0.000634	-0.001640	0.002601	1239.000000	199.223493	0.837326	0.003029	0.002251	0.001055	-0.002382	0.002439
2182	0.837346	0.002018	0.001229	0.000257	-0.002209	0.002333	1241.000000	199.223493	0.836941	0.003435	0.001242	0.000269	-0.001051	0.002893	1242.000000	199.223493	0.836960	0.003387	0.001386	0.000309	-0.002334	0.002228
2185	0.839236	0.003829	0.001387	0.000757	-0.002402	0.002225	1244.000000	199.223493	0.837365	0.003169	0.000594	0.000603	-0.000839	0.002220	1245.000000	199.223493	0.837037	0.003717	0.000255	0.000673	0.000193	0.002402
2188	0.837616	0.003581	0.000990	0.001079	0.001591	0.002696	1247.000000	199.223493	0.837481	0.004632	0.000610	0.000815	0.003434	0.002833	1248.000000	199.223493	0.839583	0.004265	0.001844	0.000537	0.001881	0.002806
2191	0.840162	0.003438	0.001972	0.000370	-0.001138	0.003310	1250.000000	199.223493	0.840374	0.001662	0.001264	0.000628	-0.001080	0.001997	1251.000000	199.223493	0.840143	0.001994	0.000679	0.000764	-0.000077	0.002246
2194	0.839468	0.003265	0.001113	0.000135	-0.001341	0.002459	1253.000000	199.223493	0.835976	0.003112	-0.000174	0.000552	-0.000270	0.001652	1254.000000	199.223493	0.834394	0.002930	0.001501	0.000765	0.002180	0.000930
2197	0.836979	0.003082	0.000964	0.000780	0.001003	0.001305	1256.000000	199.223493	0.837982	0.002409	0.000839	0.000633	-0.000019	0.000909	1257.000000	199.223493	0.834375	0.001884	0.000544	0.000643	0.001707	0.001511
2200	0.831501	0.002391	0.000064	0.000791	0.002315	0.001687	1259.000000	199.223493	0.828897	0.000505	0.000793	0.000657	0.001958	0.001348	1260.000000	199.223493	0.833160	0.000774	0.000478	0.000472	0.002103	0.000834
2203	0.833333	0.001453	0.000395	0.000707	0.000444	0.000358	1262.000000	199.223493	0.829263	0.001403	0.000921	0.000364	0.001293	0.001161	1263.000000	199.223493	0.831076	0.001840	0.000333	0.000809	0.001987	0.000516
2206	0.830305	0.001650	-0.000278	0.000318	0.000858	0.000885	1265.000000	199.223493	0.829823	0.001904	-0.000454	0.000548	0.001611	0.000677	1266.000000	199.223493	0.835879	0.002104	0.000169	0.000414	0.003752	0.000953
2209	0.832388	0.002948	0.000340	0.000810	0.003723	0.001308	1268.000000	199.223493	0.833256	0.002705	0.001060	0.000613	0.004244	0.001956	1269.000000	199.223493	0.833410	0.002615	-0.000512	0.000424	0.004379	0.002421
2212	0.834394	0.003017	0.000274	0.000646	0.003897	0.002721	1271.000000	199.223493	0.829919	0.003047	0.000142	0.000695	0.003598	0.002838	1272.000000	199.223493	0.832079	0.002586	0.000620	0.000766	0.002276	0.001556
2215	0.830498	0.002156	0.000369	0.000461	0.001726	0.002198	1274.000000	199.223493	0.829996	0.001860	-0.000161	0.000692	0.001080	0.002844	1275.000000	199.223493	0.830749	0.000898	0.000464	0.000253	0.002286	0.002306
2218	0.832330	0.001108	0.000436	0.000530	0.003289	0.002126	1277.000000	199.223493	0.833449	0.001280	0.001010	0.000649	0.002315	0.002711	1278.000000	199.223493	0.835243	0.002277	0.001264	0.000630	0.002199	0.001701
2221	0.830343	0.002201	0.000956	0.000190	0.002324	0.002851	1280.000000	199.223493	0.832735	0.001473	0.000114	0.000511	0.001871	0.002205	1281.000000	199.223493	0.831559	0.002028	-0.000187	0.000363	0.001042	0.001300
2224	0.831713	0.002288	-0.000165	0.000487	0.003540	0.001487	1283.000000	199.223493	0.831057	0.002131	0.000371	0.000624	0.001331	0.002107	1284.000000	199.223493	0.831462	0.001902	0.000007	0.000450	0.002517	0.002060
2227	0.831057	0.002578	0.000183	0.000726	0.001022	0.001742	1286.000000	199.223493	0.831076	0.002512	0.000021	0.000654	0.002990	0.002179	1287.000000	199.223493	0.831655	0.003552	0.000401	0.000314	0.002981	0.003124
2230	0.831751	0.004882	-0.000327	0.000651	0.002816	0.001823	1289.000000	199.223493	0.830035	0.004575	-0.000011	0.000655	0.002276	0.001850	1290.000000	199.223493	0.828839	0.004434	0.000206	0.000432	0.001341	0.000806
2233	0.829900	0.003394	0.000315	0.000940	0.003308	0.001194	1292.000000	199.223493	0.828009	0.002586	-0.000146	0.000387	0.004234	0.002363	1293.000000	199.223493	0.826833	0.003283	0.000016	0.000270	0.002623	0.002246
2236	0.826620	0.003108	0.000284	0.000329	0.000559	0.001905	1295.000000	199.223493	0.827836	0.002814	0.001353	0.000420	0.001331	0.001759	1296.000000	199.223493	0.825135	0.002811	0.000210	0.000678	0.001543	0.002597
2239	0.826794	0.003573	-0.000102	0.000272	0.001399	0.002864	1298.000000	199.223493	0.827623	0.003720	0.000011	0.000540	0.001717	0.003163	1299.000000	199.223493	0.829225	0.003407	-0.000523	0.000619	0.000222	0.002486
2242	0.828646	0.003212	-0.000232	0.000555	0.002488	0.002038	1301.000000	199.223493	0.830459	0.002791	0.000465	0.000373	0.004321	0.002292	1302.000000	199.223493	0.828492	0.003241	-0.000017	0.000291	0.003578	0.001511
2245	0.824865	0.002886	-0.000048	0.000226	0.003308	0.002028	1304.000000	199.223493	0.828684	0.002514	0.000872	0.000172	0.003424	0.001307	1305.000000	199.223493	0.827720	0.002355	0.000129	0.000591	0.003135	0.002558
2248	0.827585	0.002091	-0.000409	0.000287	0.002517	0.002320	1307.000000	199.223493	0.830208	0.002043	0.000096	0.000403	0.002430	0.002898	1308.000000	199.223493	0.828858	0.004220	0.000185	0.000377	0.000801	0.002671
2251	0.830401	0.003657	0.000299	0.000537	0.002074	0.003097	1310.000000	199.223493	0.830729	0.002534	0.000051	0.000358	0.001707	0.002238	1311.000000	199.223493	0.830961	0.003353	0.000397	0.000258	0.000820	0.003155
2254	0.828819	0.002963	0.000919	0.000427	0.001148	0.003097	1313.000000	199.223493	0.829803	0.003052	-0.000363	0.000480	0.000386	0.002157	1314.000000	199.223493	0.830517	0.002447	0.000250	0.000454	0.001302	0.002432
2257	0.827932	0.001595	-0.000106	0.000236	0.001119	0.001918	1316.000000	199.223493	0.830556	0.002170	0.001204	0.000421	-0.000656	0.002348	1317.000000	199.223493	0.828241	0.002289	-0.000518	0.000418	-0.001457	0.001911
2260	0.828742	0.001523	-0.000154	0.000607	-0.000588	0.001499	1319.000000	199.223493	0.828511	0.001101	-0.000605	0.000559	0.001794	0.000149	1320.000000	199.223493	0.826157	0.002158	-0.000092	0.000463	0.003173	0.000975
2263	0.825810	0.003196	-0.000039	0.000308	0.002421	0.000972	1322.000000	199.223493	0.825965	0.002606	-0.000955	0.000507	0.002575	0.000499	1323.000000	199.223493	0.826582	0.001223	0.000388	0.000239	0.003019	0.000691
2266	0.828087	0.002063	-0.000052	0.000623	0.003260	0.001044	1325.000000	199.223493	0.829745	0.002510	-0.000803	0.000589	0.005507	0.001625	1326.000000	199.223493	0.830536	0.002028	0.000524	0.000464	0.003183	0.001409
2269	0.829957	0.002225	-0.000884	0.000300	0.002701	0.001820	1328.000000	199.223493	0.829340	0.004425	-0.000208	0.000633	0.002045	0.002333	1329.000000	199.223493	0.832369	0.004237	-0.000236	0.000377	0.001726	0.002641
2272	0.831308	0.004675	0.000644	0.000309	0.002749	0.002098	1331.000000	199.223493	0.833005	0.003118	0.001753	0.000356	0.002527	0.002777	1332.000000	199.223493	0.830826	0.001829	-0.000155	0.000619	0.000906	0.002912
2275	0.831038	0.002466	0.001070	0.000508	0.000338	0.002735	1334.000000	199.223493	0.828665	0.003404	0.000036	0.000885	0.000550	0.002361	1335.000000	199.223493	0.827681	0.002873	0.000270	0.000265	0.000415	0.002182
2278	0.830478	0.003172	0.000106	0.000554	-0.000183	0.002389	1337.000000	199.223493	0.832137	0.001790	0.000103	0.000470	0.001852	0.002274	1338.000000	199.223493	0.830961	0.003371	0.000388	0.000566	-0.000472	0.001396
2281	0.831269	0.003971	-0.000125	0.000304	-0.000010	0.001317	1340.000000	199.223493	0.832620	0.002893	-0.000215	0.000198	-0.000588	0.001676	1341.000000	199.223493	0.832793	0.001453	-0.001244	0.000592	0.000019	0.001569
2284	0.833121	0.002529	0.000427	0.000716	0.002083	0.001098	1343.000000	199.223493	0.831771	0.004182	0.000497	0.000175	0.001514	0.001142	1344.000000	199.223493	0.831173	0.004659	0.000308	0.000652	0.000897	0.000600
2287	0.830594	0.004016	-0.000468	0.000611	0.001186	0.001101	1346.000000	199.223493	0.828820	0.003297	0.001075	0.000658	0.001302	0.000888	1347.000000	199.223493	0.828357	0.002948	0.000165	0.000647	-0.001592	0.001084
2290	0.826717	0.002073	0.000226	0.000476	0.000637	0.001521	1349.000000	199.223493	0.828029	0.000672	0.001008	0.000684	-0.001283	0.001631	1350.000000	199.223493	0.828897	0.001384	0.001090	0.000838	0.000627	0.001962
2293	0.830150	0.002477	0.000402	0.000589	0.000858	0.001542	1352.000000	199.223493	0.829051	0.002420	-0.000398	0.000597	0.001669	0.001275	1353.000000	199.223493	0.830459	0.001666	0.000260	0.000527	0.001910	0.001972
2296	0.831308	0.001225	0.000819	0.000500	0.000444	0.001732	1355.000000	199.223493	0.832176	0.000586	-0.000211	0.000219	0.000675	0.001764	1356.000000	199.223493	0.836073	0.001232	-0.000110	0.000346	0.000405	0.001779
2299	0.833758	0.001671	-0.001135	0.000554	0.000203	0.002123	1358.000000	199.223493	0.832272	0.001333	-0.000053	0.000441	0.000067	0.002010	1359.000000	199.223493	0.834606	0.002151	0.001090	0.000526	0.000338	0.001781
2302	0.834954	0.002093	0.000571	0.000860	0.000945	0.001789	1361.000000	199.223493	0.832813	0.002567	0.000864	0.000566	0.001485	0.001474	1362.000000	199.223493	0.833372	0.002280	0.000813	0.000309	0.000415	0.002173
2305	0.833411	0.002589	0.000486	0.000190	0.000482	0.001459	1364.000000	199.223493	0.831906	0.001893	-0.000162	0.000572	0.002102	0.001735	1365.000000	199.223493	0.832542	0.001244	0.000196	0.000470	0.000029	0.001485
2308	0.833758	0.001156	0.001013	0.000579	0.001437	0.001796	1367.000000	199.223493	0.834356	0.002307	0.000720	0.000722	0.001495	0.000832	1368.000000	199.223493	0.834973	0.001903	0.001330	0.000772	0.001833	0.000725
2311	0.831732	0.001397	0.000826	0.000557	0.001486	0.001370	1370.000000	199.223493	0.832369	0.001462	0.000682	0.000206	0.003385	0.000618	1371.000000	199.223493	0.831038	0.001672	0.000421	0.000556	0.002295	0.000784
2314	0.830748	0.002178	0.000421	0.000415	0.001630	0.000796	1373.000000	199.223493	0.833044	0.001828	-0.000146	0.000666	0.003385	0.001545	1374.000000	199.223493	0.832292	0.001441	0.000605	0.000469	0.001620	0.001395
2317	0.829456	0.001156	-0.000724	0.000503	0.000743	0.000935	1376.000000	199.223493	0.830864	0.001795	0.000047	0.000270	-0.001553	0.002432	1377.000000	199.223493	0.832234	0.001729	-0.000743	0.000482	-0.000376	0.002117
2320	0.832137	0.001501	0.000272	0.000461	0.000415	0.002961	1379.000000	199.223493	0.832022	0.002774	-0.000370	0.000469	-0.000540	0.002071	1380.000000	199.223493	0.834414	0.001201	-0.000713	0.000622	0.001302	0.001547
2323	0.834548	0.002124	0.000912	0.000898	-0.000473	0.000972	1382.000000	199.223493	0.835340	0.001927	-0.000733	0.000432	-0.000289	0.001347	1383.000000	199.223493	0.836728	0.001110	-0.001032	0.000416	0.001302	0.001547
2326	0.832658	0.001464	0.000386	0.000579	0.000685	0.001091	1385.000000	199.223493	0.834761	0.002423	-0.000177	0.000516	-0.000193	0.001713	1386.000000	199.223493	0.833603	0.002328	-0.000600	0.000677	-0.001235	0.001789
2329	0.834086	0.001126	-0.000426	0.000813	-0.000318	0.002302	1388.000000	199.223493	0.833005	0.001898	0.000380	0.000381	-0.000116	0.002647	1389.000000	199.223493	0.834529	0.003081	-0.000679	0.000952	0.000858	0.002111
2332	0.835147	0.002949	-0.000235	0.000890	0.000665	0.002789	1391.000000	199.223493	0.834221	0.003242	0.000000	0.000619	0.001080	0.002928	1392.000000	199.223493	0.834105	0.003251	-0.000585	0.000610	0.002305	0.003365
2335	0.832253	0.003142	-0.000086	0.000656	0.002257	0.002985	1394.000000	199.223493	0.831057	0.002950	0.000389	0.000630	0.001485	0.002383	1395.000000	199.223493	0.828684	0.002558	0.000087	0.000539	0.000203	0.002940
2338	0.830787	0.002334	-0.000415	0.000338	-0.001476	0.002577	1397.000000	199.223493	0.828627	0.002538	0.000418	0.000458	-0.000936	0.002561	1398.000000	199.223493	0.828009	0.001882	0.000354	0.000194	-0.002913	0.002056
2341	0.826254	0.002334	0.000912	0.000336	-0.002537	0.002027	1400.000000	199.223493	0.826022	0.001474	0.000566	0.000160	-0.000656	0.002151	1401.000000	199.223493	0.824518	0.002296	0.000051	0.000534	-0.000193	0.002023
2344	0.825907	0.002528	0.001194	0.000500	0.000820	0.002617	1403.000000	199.223493	0.826543	0.002862	0.000197	0.000305	0.003511	0.002520	1404.000000	199.223493	0.827064	0.001590	0.000061	0.000751	0.001427	0.002168
2347	0.828434	0.002349	0.000732	0.000495	0.001032	0.001716	1406.000000	199.223493	0.827951	0.002751	-0.000079	0.000277	0.000116	0.001253	1407.000000	199.223493	0.824344	0.002971	-0.000216	0.000426	-0.000907	0.002004
2350	0.824363	0.002091	0.000752	0.000620	-0.001196	0.001652	1409.000000	199.223493	0.822897	0.001742	0.000334	0.000272	-0.001206	0.002244	1410.000000	199.223493	0.822627	0.002660	-0.000573	0.000197	0.000096	0.002323
2353	0.821528	0.002174	-0.000485	0.000524	-0.000174	0.002082	1412.000000	199.223493	0.822647	0.001996	0.000366	0.000261	-0.001717	0.001666	1413.000000	199.223493	0.826292	0.003145	-0.000642	0.000491	-0.004109	0.001730
2356	0.829244	0.003194	-0.000668	0.000419	-0.002874	0.001001	1415.000000	199.223493	0.831096	0.003375	0.000269	0.000289	-0.002691	0.000850	1416.000000	199.223493	0.829167	0.004626	0.000610	0.000205	-0.003173	0.001025
2359	0.829263	0.005233	0.000633	0.000919	-0.002575	0.000963	1418.000000	199.223493	0.831211	0.003052	0.000063	0.000502	-0.001833	0.001378	1419.000000	199.223493	0.831520	0.003147	-0.000207	0.000384	-0.002537	0.002103
2362	0.830594	0.002891	-0.000059	0.000570	-0.004283	0.002711	1421.000000	199.223493	0.829822	0.001997	-0.000312	0.000288	-0.003462	0.003515	1422.000000	199.223493	0.831636	0.002860	-0.001008	0.000274	-0.002373	0.003160
2365	0.829977	0.003490	-0.001610	0.000565	-0.000251	0.002846	1424.000000	199.223493	0.830247	0.001934	-0.001430	0.000620	0.000096	0.002598	1425.000000	199.223493	0.833025	0.001726	-0.000476	0.000714	-0.000202	0.002469
2368	0.831462	0.002506	-0.001132	0.000777	0.000309	0.002182	1427.000000	199.223493	0.831076	0.003769	-0.000548	0.000359	-0.000289	0.002400	1428.000000	199.223493	0.827682	0.003032	0.000557	0.000235	-0.001003	0.002598
2371	0.831944	0.003722	-0.000746	0.000597	0.002325	0.002061	1430.000000	199.223493	0.832465	0.002860	-0.000927	0.000362	0.001196	0.001833	1431.000000	199.223493	0.832138	0.003167	0.001039	0.000603	0.000993	0.002558
2374	0.832928	0.004274	0.000807	0.000575	0.002353	0.003122	1433.000000	199.223493	0.833546	0.003746	0.000415	0.000729	0.001534	0.002647	1434.000000	199.223493	0.835629	0.004038	-0.000778	0.000522	0.001032	0.002138
2377	0.834703	0.004853	-0.001171	0.000390	-0.000395	0.002476	1436.000000	199.223493	0.834761	0.004172	-0.001793	0.000553	-0.000212	0.002324	1437.000000	199.223493	0.834240	0.003148	-0.000874	0.000343	-0.000993	0.001986
2380	0.835571	0.004901	0.000106	0.000530	-0.001080	0.001688	1439.000000	199.223493	0.834684	0.003573	-0.000838	0.000557	-0.002267	0.001745	1440.000000	199.223493	0.829765	0.003244	0.000613	0.000736	-0.001881	0.002213
2383	0.826948	0.003734	0.000104	0.000481	-0.001398	0.001949	1442.000000	199.223493	0.827045	0.002970	-0.000272	0.000345	-0.000965	0.001567	1443.000000	199.223493	0.825058	0.004524	-0.000260	0.000535	-0.001592	0.001236
2386	0.827431	0.005791	0.000127	0.000249	-0.000482	0.002015	1445.000000	199.223493	0.827025	0.004813	0.000678	0.000404	-0.003414	0.001752	1446.000000	199.223493	0.827488	0.003560	-0.000606	0.000472	-0.003954	0.002447
2389	0.828087	0.003309	0.000170	0.000690	-0.003964	0.001519	1448.000000	199.223493	0.827797	0.002856	-0.000134	0.000414	-0.002749	0.001457	1449.000000	199.223493	0.829784	0.002901	-0.000250	0.000448	-0.004012	0.001340
2392	0.829456	0.002784	0.000243	0.000510	-0.004234	0.001855	1451.000000	199.223493	0.827180	0.002271	-0.000591	0.000505	-0.002865	0.001485	1452.000000	199.223493	0.827006	0.002275	-0.001521	0.000468	-0.005295	0.002273
2395	0.825849	0.002395	-0.000259	0.000509	-0.004013	0.002540	1454.000000	199.223493	0.826582	0.001847	0.000032	0.000474	-0.002209	0.002177	1455.000000	199.223493	0.826543	0.002551	0.000181	0.000620	-0.002508	0.002275
2398	0.827083	0.003106	-0.000751	0.000663	-0.003038	0.002529	1457.000000	199.223493	0.827489	0.002399	-0.001276	0.000450	-0.002421	0.002164	1458.000000	199.223493	0.827527	0.001268	0.000517	0.000407	-0.002585	0.002638
2401	0.823244	0.001992	-0.000328	0.000153	-0.003762	0.002802	1460.000000	199.223493	0.823592	0.002280	-0.000212	0.000529	-0.004524	0.002077	1461.000000	199.223493	0.824228	0.003628	0.000025	0.000466	-0.002344	0.001935
2404	0.825540	0.004008	0.000404	0.000302	-0.004900	0.002214	1463.000000	199.223493	0.825328	0.003070	0.000412	0.000456	-0.005614	0.002273	1464.000000	199.223493	0.829379	0.001845	-0.000281	0.000313	-0.005102	0.001691
2407	0.832350	0.002242	0.000023	0.000167	-0.003308	0.001516	1466.000000	199.223493	0.827971	0.003970	0.001007	0.000706	-0.004774	0.001488	1467.000000	199.223493	0.827913	0.002786	0.000254	0.000233	-0.003897	0.001586
2410	0.825598	0.003309	-0.000076	0.000276	-0.002990	0.000962	1469.000000	199.223493	0.826967	0.003581	0.000371	0.000487	-0.003434	0.001847	1470.000000	199.223493	0.828530	0.001978	0.001534	0.000730	-0.002392	0.001720
2413	0.825444	0.002367	0.000608	0.000430	-0.003733	0.002568	1472.000000	199.223493	0.827546	0.002593	0.000490	0.000494	-0.002247	0.003054	1473.000000	199.223493	0.829321	0.001387	-0.000150	0.000567	-0.001669	0.002046
2416	0.831983	0.003207	0.000263	0.000359	-0.002730	0.002459	1475.000000	199.223493	0.829630	0.003336	0.000010	0.000338	0.000010	0.001824	1476.000000	199.223493	0.828144	0.003288	0.000250	0.000414	0.000164	0.002123
2419	0.829321	0.001863	0.000330	0.000506	0.001900	0.002327	1478.000000	199.223493	0.827913	0.003083	0.000137	0.000213	0.000694	0.001973	1479.000000	199.223493	0.830884	0.003604	0.000215	0.000438	-0.001138	0.001768
2422	0.828993	0.004424	0.000265	0.000916	-0.002083	0.002076	1481.000000	199.223493	0.829225	0.003548	-0.000480	0.000388	-0.000531	0.002571	1482.000000	199.223493	0.828877	0.004466	0.000275	0.000574	0.000521	0.002513
2425	0.828395	0.004904	0.000086	0.000316	0.000636	0.002878	1484.000000	199.223493	0.829630	0.004855	-0.001641	0.000714	0.001234	0.002904	1485.000000	199.223493	0.830131	0.004143	-0.000385	0.000766	0.002575	0.003139
2428	0.831481	0.003069	-0.001205	0.000557	0.003723	0.002932	1487.000000	199.223493	0.830729	0.003364	0.000056	0.000338	0.002662	0.003053	1488.000000	199.223493	0.827315	0.003994	0.000290	0.000202	0.002373	0.002560
2431	0.826273	0.003296	0.001133	0.000537	0.002324	0.002927	1490.000000	199.223493	0.828607	0.001661	0.000465	0.000492	0.001157	0.002381	1491.000000	199.223493	0.825405	0.001796	0.000721	0.000790	0.000531	0.001943
2434	0.823688	0.003412	-0.000026	0.000549	0.002218	0.001342	1493.000000	199.223493	0.828704	0.002146	-0.000220	0.000558	0.000473	0.001643	1494.000000	199.223493	0.828318	0.001969	0.000243	0.000257	0.001456	0.001201
2437	0.828067	0.002373	0.000168	0.000495	0.001794	0.002469	1496.000000	199.223493	0.829823	0.002451	-0.000101	0.000529	0.002922	0.001722	1497.000000	199.223493	0.829919	0.001393	0.000306	0.000453	0.002228	0.001961
2440	0.827373	0.002660	0.000120	0.000906	0.002286	0.002750	1499.000000	199.223493	0.827373	0.002901	0.000873	0.000601	0.002430	0.002481	1500.000000	199.223493	0.829321	0.002157	-0.000069	0.000594	0.002025	0.001715
2443	0.831848	0.001991	-0.000262	0.000888	0.000926	0.001269	1502.000000	199.223493	0.833044	0.002244	0.000445	0.000904	0.001379	0.001367	1503.000000	199.223493	0.832003	0.002143	0.000270	0.000413	0.000444	0.001123
2446	0.830768	0.003159	0.000141	0.000434	0.000058	0.001020	1505.000000	199.223493	0.828376	0.004797	0.000554	0.000074	0.001832	0.001662	1506.000000	199.223493	0.829340	0.003381	0.000269	0.000336	0.001833	0.001084
2449	0.828588	0.003614	-0.000652	0.000552	0.001128	0.001663	1508.000000	199.223493	0.828896	0.003391	-0.001317	0.000720	0.002932	0.001619	1509.000000	199.223493	0.827643	0.003392	-0.000656	0.000465	0.001803	0.000639
2452	0.829109	0.002652	-0.000320	0.000449	0.000357	0.001629	1511.000000	199.223493	0.828511	0.002563	0.000034	0.000490	-0.000338	0.001902	1512.000000	199.223493	0.826736	0.001627	-0.000194	0.000487	0.001167	0.001453
2455	0.826929	0.001934	-0.000233	0.000569	-0.000415	0.001661	1514.000000	199.223493	0.829032	0.002386	-0.000820	0.000247	0.001910	0.001810	1515.000000	199.223493	0.827238	0.003631	0.000336	0.000615	0.002431	0.001858
2458	0.830363	0.002519	-0.001323	0.000589	0.002729	0.002243	1517.000000	199.223493	0.833835	0.002274	-0.000947	0.000603	0.001842	0.001794	1518.000000	199.223493	0.836902	0.002472	-0.001091	0.000917	0.002787	0.001999
2461	0.837153	0.002214	-0.000605	0.000502	0.002961	0.000674	1520.000000	199.223493	0.835301	0.001397	-0.000569	0.000529	0.003299	0.001960	1521.000000	199.223493	0.835127	0.001231	0.000373	0.000367	0.000926	0.002080
2464	0.834896	0.001613	-0.000077	0.000335	0.001013	0.001088	1523.000000	199.223493	0.835146	0.001425	0.000398	0.000608	0.000936	0.001854	1524.000000	199.223493	0.837905	0.002583	0.000013	0.000657	0.000617	0.001761
2467	0.834761	0.001915	0.000342	0.000470	0.000019	0.002694	1526.000000	199.223493	0.834973	0.001604	0.000437	0.000681	-0.000926	0.002717	1527.000000	199.223493	0.833719	0.002081	0.000328	0.000599	-0.000897	0.003706
2470	0.833642	0.001495	0.000380	0.000367	-0.001842	0.003022	1529.000000	199.223493	0.833237	0.002157	0.000054	0.000541	-0.000540	0.002852	1530.000000	199.223493	0.832832	0.003176	0.001085	0.000567	0.000039	0.002576
2473	0.835397	0.003745	0.000959	0.000619	-0.000241	0.002703	1532.000000	199.223493	0.833102	0.003408	-0.000159	0.000229	-0.001379	0.002717	1533.000000	199.223493	0.835089	0.004334	0.001198	0.001027	-0.001485	0.002807
2476	0.832427	0.003306	0.001361	0.000763	-0.000540	0.002723	1535.000000	199.223493	0.830556	0.003799	0.000319	0.000573	-0.001582	0.002565	1536.000000	199.223493	0.833410	0.002078	-0.000346	0.000433	-0.000154	0.002272
2479	0.833604	0.003417	-0.000051	0.000452	0.000241	0.001753	1538.000000	199.223493	0.834336	0.002941	-0.001105	0.000468	-0.000299	0.001781	1539.000000	199.223493	0.835822	0.002635	-0.000420	0.000479	0.000347	0.001226
2482	0.832099	0.002368	0.000834	0.000368	-0.001032	0.001388	1541.000000	199.223493	0.831038	0.002315	-0.000195	0.000494	-0.000579	0.001673	1542.000000	199.223493	0.833719	0.003178	-0.000088	0.000681	0.000916	0.002216
2485	0.832890	0.004430	-0.000529	0.000434	0.001678	0.002274	1544.000000	199.223493	0.831829	0.004536	0.000659	0.000332	0.002132	0.002236	1545.000000	199.223493	0.833565	0.004005	-0.000600	0.000452	0.001215	0.002339
2488	0.834375	0.003554	0.000361	0.000411	0.001080	0.001870	1547.000000	199.223493	0.834086	0.002882	0.000856	0.000605	0.000964	0.001901	1548.000000	199.223493	0.833970	0.003404	0.000356	0.001000	-0.000714	0.001929
2491	0.833083	0.003463	0.000187	0.000640	-0.000376	0.001945	1550.000000	199.223493	0.835243	0.004644	0.000334	0.000372	-0.000849	0.003149	1551.000000	199.223493	0.836574	0.002791	0.000592	0.000318	-0.001196	0.001975
2494	0.834124	0.002900	0.001329	0.000486	0.000608	0.002634	1553.000000	199.223493	0.836651	0.002959	0.001640	0.000645	0.000810	0.002438	1554.000000	199.223493	0.834896	0.003695	0.001721	0.001249	0.000830	0.002193
2497	0.835706	0.002743	0.000677	0.000467	0.001235	0.002519	1556.000000	199.223493	0.838233	0.003126	0.000611	0.000722	0.002180	0.002460	1557.000000	199.223493	0.838773	0.002774	0.000927	0.000526	0.001341	0.002408
2500	0.840895	0.003660	0.001039	0.000783	0.000849	0.002191	1559.000000	199.223493	0.838272	0.003005	0.000145	0.000675	0.002749	0.001887	1560.000000	199.223493	0.836921	0.003741	0.000042	0.000758	0.002980	0.001749
2503	0.837230	0.003795	0.000854	0.001126	0.004919	0.001999	1562.000000	199.223493	0.838117	0.004379	0.001094	0.000647	0.006308	0.002023	1563.000000	199.223493	0.838503	0.004725	0.001509	0.000636	0.004205	0.002009
2506	0.839641	0.003750	0.001274	0.000778	0.001900	0.002464	1565.000000	199.223493	0.839082	0.002479	0.001300	0.000614	0.001418	0.001712	1566.000000	199.223493	0.840124	0.002007	0.001050	0.000741	0.002536	0.001726
2509	0.839468	0.003265	0.000726	0.000354	0.002315	0.002494	1568.000000	199.223493	0.837056	0.002461	-0.000195	0.000548	0.001688	0.002048	1569.000000	199.223493	0.835436	0.002553	0.001297	0.000729	0.003974	0.001536
2512	0.838522	0.002179	0.001482	0.000674	0.002479	0.001629	1571.000000	199.223493	0.837423	0.002466	0.000948	0.000622	0.001148	0.001626	1572.000000	199.223493	0.835436	0.002306	-0.000456	0.000822	0.002325	0.001742
2515	0.831925	0.002622	-0.000204	0.000825	0.002054	0.001636	1574.000000	199.223493	0.829765	0.001209	0.000781	0.000656	0.001659	0.001269	1575.000000	199.223493	0.832581	0.001148	0.000574	0.000439	0.001968	0.000841
2518	0.832002	0.001598	-0.000270	0.000588	0.001215	0.000987	1577.000000	199.223493	0.829225	0.001397	0.000244	0.000828	0.001592	0.001011	1578.000000	199.223493	0.828357	0.001134	-0.000123	0.000910	0.001495	0.000864
2521	0.827257	0.002168	-0.000227	0.000311	0.001640	0.000452	1580.000000	199.223493	0.827913	0.002127	-0.000248	0.000595	0.003279	0.001135	1581.000000	199.223493	0.832292	0.002971	0.000208	0.000393	0.004842	0.000947
2524	0.829726	0.002955	-0.000545	0.000501	0.005488	0.001185	1583.000000	199.223493	0.831038	0.003370	0.000927	0.000594	0.006346	0.001486	1584.000000	199.223493	0.831809	0.003170	-0.000296	0.000529	0.006269	0.001241
2527	0.832234	0.003266	0.000663	0.000468	0.006655	0.000854	1586.000000	199.223493	0.828530	0.002879	0.000831	0.000544	0.005835	0.001055	1587.000000	199.223493	0.829398	0.003089	0.000921	0.000604	0.003713	0.000828
2530	0.828511	0.002324	0.000890	0.000391	0.003877	0.001113	1589.000000	199.223493	0.829591	0.001724	-0.000094	0.000680	0.003771	0.001459	1590.000000	199.223493	0.830363	0.001038	0.000648	0.000349	0.004157	0.001757
2533	0.832041	0.001140	0.000514	0.000527	0.003897	0.002018	1592.000000	199.223493	0.833430	0.001282	0.001092	0.000641	0.003501	0.002459	1593.000000	199.223493	0.834549	0.002410	0.001029	0.000709	0.003588	0.001359
2536	0.829822	0.002320	0.001028	0.000221	0.003819	0.002351	1595.000000	199.223493	0.829360	0.002433	0.000160	0.000543	0.003086	0.001990	1596.000000	199.223493	0.830170	0.001825	0.000135	0.000484	0.002431	0.000820
2539	0.830613	0.002084	-0.000465	0.000478	0.004610	0.001245	1598.000000	199.223493	0.830112	0.002122	0.000281	0.000596	0.002238	0.002212	1599.000000	199.223493	0.829958	0.001448	0.000179	0.000535	0.004610	0.001976
2542	0.830093	0.002378	0.000797	0.000793	0.003376	0.001385	1601.000000	199.223493	0.830305	0.002165	0.000212	0.000636	0.004659	0.001914	1602.000000	199.223493	0.832080	0.003757	0.000509	0.000356	0.006829	0.001571
2545	0.831192	0.004600	0.000095	0.000524	0.005565	0.001062	1604.000000	199.223493	0.829553	0.004379	0.000630	0.000429	0.004707	0.001138	1605.000000	199.223493	0.828183	0.004211	0.000660	0.000418	0.003463	0.001232
2548	0.828048	0.002842	0.001241	0.000475	0.004803	0.001619	1607.000000	199.223493	0.827122	0.002106	0.000625	0.000554	0.006057	0.002271	1608.000000	199.223493	0.828164	0.003891	0.000775	0.000670	0.005006	0.001487
2551	0.826948	0.003230	0.000635	0.000587	0.003482	0.001728	1610.000000	199.223493	0.826775	0.002355	0.001693	0.000700	0.003376	0.001151	1611.000000	199.223493	0.824981	0.002737	0.000071	0.000556	0.003588	0.002263
2554	0.826756	0.003562	0.000614	0.000738	0.003810	0.002404	1613.000000	199.223493	0.827623	0.003720	0.000057	0.000538	0.003125	0.002884	1614.000000	199.223493	0.830247	0.003581	-0.000409	0.000647	0.001620	0.002337
2557	0.829302	0.003321	0.000627	0.000834	0.003954	0.001741	1616.000000	199.223493	0.831443	0.002758	0.000421	0.000393	0.003993	0.002392	1617.000000	199.223493	0.829803	0.003703	0.000216	0.000290	0.003424	0.001553
2560	0.825617	0.002791	-0.000060	0.000230	0.002893	0.002107	1619.000000	199.223493	0.827546	0.002374	0.001096	0.000178	0.002459	0.001675	1620.000000	199.223493	0.826794	0.001765	-0.000103	0.000605	0.002411	0.002740
2563	0.826736	0.001731	-0.000683	0.000208	0.002951	0.002314	1622.000000	199.223493	0.830401	0.002019	0.000344	0.000535	0.001890	0.002965	1623.000000	199.223493	0.828299	0.004327	0.000014	0.000261	0.000521	0.002652
2566	0.830478	0.003631	0.000352	0.000550	0.000926	0.003063	1625.000000	199.223493	0.828511	0.003191	0.000374	0.000237	0.000936	0.002223	1626.000000	199.223493	0.828781	0.003894	0.000473	0.000273	-0.000038	0.002865
2569	0.827681	0.003099	0.000774	0.000457	-0.000280	0.002524	1628.000000	199.223493	0.827141	0.003411	-0.000314	0.000464	-0.000723	0.001436	1629.000000	199.223493	0.826485	0.003590	0.000194	0.000457	0.000772	0.002100
2572	0.825598	0.002450	-0.000039	0.000221	0.001109	0.001912	1631.000000	199.223493	0.828125	0.002902	0.001165	0.000433	-0.000270	0.002580	1632.000000	199.223493	0.826659	0.002262	-0.000129	0.000088	-0.000097	0.002942
2575	0.827469	0.002137	-0.000610	0.000532	-0.000039	0.001798	1634.000000	199.223493	0.827083	0.001702	-0.000490	0.000574	0.003858	0.001784	1635.000000	199.223493	0.826003	0.002103	0.000287	0.000513	0.003453	0.001094
2578	0.825926	0.003228	0.000431	0.000284	0.003154	0.001335	1637.000000	199.223493	0.824441	0.002384	-0.000304	0.000376	0.003434	0.000321	1638.000000	199.223493	0.826524	0.001199	0.000351	0.000239	0.002797	0.000622
2581	0.826158	0.000530	0.000186	0.000458	0.002460	0.001168	1640.000000	199.223493	0.826755	0.001243	-0.000309	0.000357	0.004167	0.001410	1641.000000	199.223493	0.828955	0.001424	0.000383	0.000464	0.002103	0.001225
2584	0.827913	0.001491	-0.000459	0.000447	0.001331	0.002025	1643.000000	199.223493	0.824749	0.002503	0.000180	0.000735	0.001244	0.002416	1644.000000	199.223493	0.826987	0.002041	0.000201	0.000537	0.000627	0.002615
2587	0.825945	0.002484	0.000424	0.000181	0.001755	0.002468	1646.000000	199.223493	0.828183	0.002953	0.001439	0.000388	0.000945	0.003158	1647.000000	199.223493	0.827932	0.001735	-0.000413	0.000531	0.000145	0.002946
2590	0.829398	0.002904	0.001118	0.000509	0.000598	0.002699	1649.000000	199.223493	0.828453	0.003419	-0.000350	0.000740	-0.000714	0.002813	1650.000000	199.223493	0.828549	0.002876	-0.000127	0.000346	-0.000241	0.002450
2593	0.830015	0.003144	0.000072	0.000539	-0.000502	0.002543	1652.000000	199.223493	0.831983	0.001782	0.000077	0.000475	0.001977	0.002199	1653.000000	199.223493	0.829668	0.003198	0.000766	0.000512	0.000058	0.001456
2596	0.828800	0.003695	-0.000319	0.000436	0.001312	0.001059	1655.000000	199.223493	0.829958	0.002610	-0.000301	0.000223	0.001051	0.001180	1656.000000	199.223493	0.831771	0.001937	-0.000610	0.000777	0.000472	0.001490
2599	0.831694	0.002609	-0.000159	0.000307	0.002527	0.001114	1658.000000	199.223493	0.829996	0.004418	0.000475	0.000172	0.002835	0.001168	1659.000000	199.223493	0.829398	0.004467	0.000178	0.000669	0.001794	0.001096
2602	0.828819	0.004027	-0.000202	0.000428	0.002180	0.001756	1661.000000	199.223493	0.828376	0.003321	0.001510	0.000515	0.002373	0.001137	1662.000000	199.223493	0.827026	0.002740	0.000486	0.000520	-0.000174	0.001371
2605	0.826949	0.002040	0.000358	0.000526	0.000270	0.001354	1664.000000	199.223493	0.828549	0.000911	0.000706	0.000712	-0.002325	0.001337	1665.000000	199.223493	0.829533	0.001592	0.001257	0.000780	-0.001312	0.000953
2608	0.830594	0.002667	0.001091	0.000391	-0.000559	0.001399	1667.000000	199.223493	0.830401	0.002983	0.000206	0.000766	0.000096	0.001236	1668.000000	199.223493	0.830845	0.001903	0.000606	0.000454	0.000386	0.002332
2611	0.832947	0.002085	0.001181	0.000540	-0.000415	0.001886	1670.000000	199.223493	0.834259	0.002111	0.000043	0.000360	0.000685	0.001762	1671.000000	199.223493	0.838310	0.001677	0.000213	0.000487	0.000145	0.001873
2614	0.835937	0.002478	0.000157	0.001406	0.000097	0.002142	1673.000000	199.223493	0.834703	0.001480	-0.000324	0.000304	-0.000367	0.002078	1674.000000	199.223493	0.836516	0.001721	0.000952	0.000523	0.000386	0.001770
2617	0.837307	0.001629	0.001139	0.000800	0.001312	0.001663	1676.000000	199.223493	0.834800	0.002469	0.001226	0.000455	0.001061	0.001653	1677.000000	199.223493	0.833931	0.002130	0.001593	0.000549	0.001476	0.002112
2620	0.834259	0.002397	0.000496	0.000188	0.001399	0.001471	1679.000000	199.223493	0.832832	0.001444	-0.000070	0.000590	0.002604	0.001661	1680.000000	199.223493	0.831964	0.001215	-0.000229	0.000585	-0.000270	0.001334
2623	0.831636	0.001423	0.000757	0.000756	0.000588	0.001582	1682.000000	199.223493	0.832157	0.002401	0.000569	0.000720	0.000984	0.000719	1683.000000	199.223493	0.831925	0.002400	0.000447	0.000570	0.000714	0.000545
2626	0.829900	0.001573	0.000615	0.000614	0.001206	0.001403	1685.000000	199.223493	0.831308	0.001731	0.000274	0.000448	0.003694	0.000474	1686.000000	199.223493	0.829726	0.001708	-0.000104	0.000296	0.002160	0.000788
2629	0.829977	0.002318	-0.000208	0.000167	0.002131	0.000771	1688.000000	199.223493	0.830787	0.002909	-0.000059	0.000675	0.003665	0.001474	1689.000000	199.223493	0.830054	0.001003	0.000545	0.000467	0.000897	0.001393
2632	0.827662	0.000845	-0.000530	0.000447	0.000887	0.000890	1691.000000	199.223493	0.828241	0.002286	0.000262	0.000266	-0.000376	0.002139	1692.000000	199.223493	0.831038	0.001799	0.000052	0.000718	0.000463	0.001906
2635	0.829186	0.001639	0.000419	0.000515	0.001177	0.002588	1694.000000	199.223493	0.829417	0.002496	0.000331	0.000400	0.000067	0.001916	1695.000000	199.223493	0.831944	0.002216	-0.000375	0.000671	0.002286	0.001135
2638	0.830806	0.002097	0.000439	0.000632	0.001032	0.000757	1697.000000	199.223493	0.833835	0.002141	-0.000859	0.000411	0.000154	0.001306	1698.000000	199.223493	0.835744	0.001293	-0.001129	0.000363	0.000193	0.001850
2641	0.832697	0.001446	0.000366	0.000578	0.000714	0.001092	1700.000000	199.223493	0.836864	0.001033	-0.000031	0.000473	-0.000820	0.001596	1701.000000	199.223493	0.834356	0.001893	-0.000381	0.000634	-0.002826	0.000671
2644	0.833681	0.001465	0.000185	0.000567	-0.002315	0.001088	1703.000000	199.223493	0.833989	0.001402	0.000885	0.000559	-0.002064	0.001313	1704.000000	199.223493	0.834973	0.002868	-0.001057	0.000784	-0.000646	0.001272
2647	0.835012	0.003021	-0.000008	0.000969	-0.001765	0.001395	1706.000000	199.223493	0.835571	0.002453	0.000716	0.000578	-0.000695	0.002169	1707.000000	199.223493	0.835667	0.002560	-0.000333	0.000550	0.000077	0.002424
2650	0.835455	0.002618	-0.000010	0.000634	-0.000415	0.001597	1709.000000	199.223493	0.834838	0.003071	0.000787	0.000860	0.000048	0.001700	1710.000000	199.223493	0.833333	0.003790	0.000683	0.000606	-0.001553	0.002124
2653	0.834375	0.003815	0.000364	0.000792	-0.002903	0.001706	1712.000000	199.223493	0.831076	0.003582	0.000999	0.000778	-0.002373	0.001925	1713.000000	199.223493	0.830286	0.003146	0.001461	0.000958	-0.003704	0.001788
2656	0.829340	0.003504	0.001189	0.000189	-0.003482	0.001856	1715.000000	199.223493	0.829147	0.002421	0.000020	0.000422	-0.003029	0.002303	1716.000000	199.223493	0.826621	0.002450	-0.001034	0.000566	-0.001765	0.001131
2659	0.826717	0.002617	0.000206	0.000659	-0.000675	0.001817	1718.000000	199.223493	0.825560	0.002684	0.000153	0.000290	0.003019	0.002316	1719.000000	199.223493	0.825887	0.001883	0.000001	0.000758	0.000463	0.001621
2662	0.825907	0.002865	0.000610	0.000536	0.001138	0.001789	1721.000000	199.223493	0.825386	0.002083	0.000103	0.000279	0.000367	0.001463	1722.000000	199.223493	0.821991	0.001699	0.000062	0.000337	-0.000945	0.001974
2665	0.822569	0.001496	0.000229	0.000487	-0.001225	0.001629	1724.000000	199.223493	0.820544	0.002021	0.000470	0.000338	-0.000887	0.002428	1725.000000	199.223493	0.819155	0.002450	-0.000384	0.000090	0.000077	0.002312
2668	0.819579	0.001774	-0.001050	0.000336	-0.001235	0.001736	1727.000000	199.223493	0.822531	0.002047	0.000112	0.000298	-0.002546	0.001195	1728.000000	199.223493	0.826003	0.003262	-0.000413	0.000440	-0.003868	0.001940
2671	0.830016	0.002645	-0.000551	0.000355	-0.001553	0.002062	1730.000000	199.223493	0.832118	0.002920	0.000120	0.000225	-0.001022	0.001223	1731.000000	199.223493	0.831366	0.003832	0.000948	0.000247	-0.002787	0.001331
2674	0.832542	0.004322	-0.000016	0.000940	-0.002170	0.001215	1733.000000	199.223493	0.833815	0.001841	-0.000499	0.000664	-0.002170	0.001182	1734.000000	199.223493	0.833642	0.001977	-0.000269	0.000403	-0.003530	0.001467
2677	0.832350	0.001985	0.000068	0.000514	-0.005045	0.002277	1736.000000	199.223493	0.830903	0.001299	-0.000120	0.000140	-0.005266	0.002111	1737.000000	199.223493	0.831674	0.002845	-0.000787	0.000453	-0.003694	0.002196
2680	0.831732	0.003024	-0.001699	0.000526	-0.001784	0.001862	1739.000000	199.223493	0.832156	0.001964	-0.001470	0.000599	-0.001225	0.001663	1740.000000	199.223493	0.833160	0.001687	-0.000101	0.000622	-0.000926	0.002052
2683	0.832292	0.002325	-0.000573	0.000597	-0.000251	0.001978	1742.000000	199.223493	0.834066	0.002729	-0.000089	0.000318	-0.000424	0.002345	1743.000000	199.223493	0.830884	0.002178	0.000739	0.000247	-0.002093	0.002022
2686	0.835918	0.002773	-0.000713	0.000593	0.000916	0.001615	1745.000000	199.223493	0.835205	0.002704	-0.001168	0.000349	0.000029	0.001195	1746.000000	199.223493	0.835031	0.003243	0.000776	0.000745	-0.000212	0.001922
2689	0.836767	0.003466	0.000739	0.000622	0.000357	0.001859	1748.000000	199.223493	0.838156	0.002610	0.001031	0.000388	0.000183	0.001579	1749.000000	199.223493	0.838985	0.002089	-0.000024	0.000828	0.000106	0.001591
2692	0.839140	0.001821	-0.000517	0.000880	-0.001302	0.001965	1751.000000	199.223493	0.839583	0.001711	-0.001454	0.000836	-0.001264	0.001735	1752.000000	199.223493	0.836478	0.001989	-0.000630	0.000432	-0.001437	0.001700
2695	0.839236	0.002930	0.000236	0.000461	-0.001726	0.001307	1754.000000	199.223493	0.838079	0.002504	-0.000689	0.000517	-0.003347	0.000979	1755.000000	199.223493	0.833275	0.003260	0.000138	0.000935	-0.003559	0.001048
2698	0.832755	0.004282	-0.000635	0.000819	-0.002768	0.001168	1757.000000	199.223493	0.831308	0.003494	0.000130	0.000365	-0.002315	0.001166	1758.000000	199.223493	0.830420	0.003246	0.000006	0.000512	-0.004090	0.001827
2701	0.832832	0.004163	0.000644	0.000429	-0.002363	0.002220	1760.000000	199.223493	0.830478	0.003537	0.000300	0.000406	-0.004128	0.001832	1761.000000	199.223493	0.830613	0.002563	-0.000121	0.000537	-0.006530	0.002993
2704	0.829765	0.002391	0.000275	0.000657	-0.005662	0.001912	1763.000000	199.223493	0.829244	0.002147	0.000109	0.000378	-0.004350	0.001328	1764.000000	199.223493	0.830343	0.002683	-0.000279	0.000451	-0.005015	0.001096
2707	0.831501	0.002173	0.000097	0.000497	-0.005835	0.001552	1766.000000	199.223493	0.828048	0.002036	-0.000672	0.000514	-0.006086	0.002267	1767.000000	199.223493	0.826736	0.002374	-0.001346	0.000534	-0.008478	0.001909
2710	0.826119	0.002287	-0.000153	0.000508	-0.007851	0.002390	1769.000000	199.223493	0.826563	0.001853	0.000064	0.000467	-0.006703	0.002844	1770.000000	199.223493	0.825463	0.002896	-0.000010	0.000580	-0.006414	0.002259
2713	0.827701	0.002865	-0.000544	0.000683	-0.006867	0.001396	1772.000000	199.223493	0.827373	0.002480	-0.000699	0.000507	-0.005681	0.001672	1773.000000	199.223493	0.827488	0.001291	0.000597	0.000390	-0.005044	0.001974
2716	0.823765	0.001917	0.000127	0.000366	-0.005855	0.001982	1775.000000	199.223493	0.822762	0.002559	-0.000316	0.000563	-0.006376	0.000860	1776.000000	199.223493	0.825482	0.002996	0.000402	0.000413	-0.003790	0.001500
2719	0.828626	0.002881	0.000253	0.000323	-0.006520	0.001841	1778.000000	199.223493	0.827083	0.002571	0.000828	0.000276	-0.006154	0.002007	1779.000000	199.223493	0.830420	0.001796	-0.000522	0.000223	-0.005642	0.001458
2722	0.832465	0.002181	-0.000200	0.000205	-0.003781	0.001271	1781.000000	199.223493	0.829147	0.003384	0.000927	0.000747	-0.004360	0.001486	1782.000000	199.223493	0.828356	0.002603	-0.000033	0.000342	-0.003270	0.001450
2725	0.827894	0.003084	-0.000422	0.000267	-0.002894	0.000940	1784.000000	199.223493	0.829224	0.003578	-0.000685	0.000590	-0.003636	0.001836	1785.000000	199.223493	0.829842	0.001747	0.001223	0.000903	-0.002932	0.001533
2728	0.825714	0.002339	-0.000339	0.000791	-0.004311	0.002392	1787.000000	199.223493	0.826331	0.002559	-0.000008	0.000600	-0.003183	0.002875	1788.000000	199.223493	0.829668	0.001222	-0.000649	0.000754	-0.002392	0.001935
2731	0.835127	0.001669	0.000331	0.000358	-0.003424	0.002037	1790.000000	199.223493	0.832755	0.002564	0.000419	0.000337	-0.001649	0.001117	1791.000000	199.223493	0.831732	0.003250	0.000248	0.000413	-0.001533	0.001234
2734	0.830768	0.001842	0.000198	0.000480	-0.000164	0.001163	1793.000000	199.223493	0.828646	0.003044	-0.000146	0.000277	0.000550	0.001937	1794.000000	199.223493	0.831462	0.003502	0.000135	0.000453	-0.000386	0.001987
2737	0.829475	0.004405	0.000463	0.000842	-0.001504	0.002303	1796.000000	199.223493	0.830575	0.003786	-0.000093	0.000514	-0.000367	0.002604	1797.000000	199.223493	0.831867	0.004404	0.000394	0.000530	0.000473	0.002507
2740	0.832774	0.004639	0.000422	0.000376	-0.000010	0.002858	1799.000000	199.223493	0.832639	0.004948	-0.001306	0.000791	0.000482	0.003134	1800.000000	199.223493	0.832446	0.003820	-0.000211	0.000831	0.002836	0.003113
2743	0.833507	0.002161	-0.000659	0.000647	0.002324	0.003150	1802.000000	199.223493	0.831887	0.002878	0.000497	0.000660	0.000646	0.003302	1803.000000	199.223493	0.829089	0.003748	0.000369	0.000229	-0.000376	0.003096
2746	0.827392	0.002946	0.000995	0.000542	0.000260	0.002800	1805.000000	199.223493	0.828858	0.001647	-0.000008	0.000604	-0.000646	0.002543	1806.000000	199.223493	0.826890	0.001949	0.000753	0.000783	-0.000473	0.002158
2749	0.827508	0.002404	0.000114	0.000482	0.000723	0.001752	1808.000000	199.223493	0.828877	0.002046	-0.000507	0.000472	-0.001736	0.002221	1809.000000	199.223493	0.829070	0.001747	0.000194	0.000275	-0.000936	0.002408
2752	0.829707	0.002083	-0.000493	0.000620	-0.000386	0.003107	1811.000000	199.223493	0.830421	0.002506	-0.000179	0.000530	-0.000164	0.002552	1812.000000	199.223493	0.829630	0.001408	0.000488	0.000375	-0.000501	0.002218
2755	0.828183	0.002469	0.000712	0.000733	-0.001784	0.002180	1814.000000	199.223493	0.827720	0.002845	0.001005	0.000537	-0.000887	0.003048	1815.000000	199.223493	0.827836	0.002251	0.000028	0.000545	-0.000955	0.002168
2758	0.831346	0.002072	0.000344	0.000698	-0.000955	0.001589	1817.000000	199.223493	0.832465	0.002100	0.000886	0.000866	0.000231	0.001294	1818.000000	199.223493	0.830498	0.002023	0.000935	0.000315	0.000019	0.001217
2761	0.828202	0.002189	0.000343	0.000474	0.000675	0.000899	1820.000000	199.223493	0.826601	0.003769	0.000368	0.000198	0.001640	0.001774	1821.000000	199.223493	0.828067	0.002810	0.000688	0.000229	0.001524	0.001201
2764	0.825656	0.002181	0.000303	0.000476	0.000405	0.001925	1823.000000	199.223493	0.827006	0.002055	0.000004	0.000615	0.001109	0.001921	1824.000000	199.223493	0.825617	0.002170	-0.000747	0.000506	0.001312	0.000854
2767	0.827720	0.001642	-0.000661	0.000236	0.000540	0.001541	1826.000000	199.223493	0.826119	0.000951	-0.000251	0.000525	-0.001119	0.002114	1827.000000	199.223493	0.825829	0.001092	-0.000429	0.000415	0.001157	0.001455
2770	0.827739	0.002436	-0.000373	0.000564	0.000367	0.001666	1829.000000	199.223493	0.830633	0.003686	-0.000287	0.000413	0.000039	0.001881	1830.000000	199.223493	0.829649	0.005211	0.000621	0.000486	0.000415	0.002272
2773	0.832620	0.004136	-0.000240	0.000895	0.000193	0.002548	1832.000000	199.223493	0.835340	0.003484	0.000278	0.000664	0.000926	0.001829	1833.000000	199.223493	0.837403	0.002769	-0.000192	0.000570	0.001302	0.002113
2776	0.837500	0.002328	-0.000108	0.000312	0.001640	0.001237	1835.000000	199.223493	0.837712	0.002413	0.000038	0.000514	0.002585	0.001981	1836.000000	199.223493	0.837982	0.001604	0.000987	0.000430	0.001080	0.002096
2779	0.838947	0.002287	0.000238	0.000131	0.001196	0.001121	1838.000000	199.223493	0.837519	0.001673	0.001369	0.001047	0.000492	0.001766	1839.000000	199.223493	0.839834	0.001398	0.000809	0.000836	0.000106	0.001675
2782	0.836709	0.001461	0.000895	0.000276	-0.001090	0.002324	1841.000000	199.223493	0.834992	0.001600	0.000894	0.000393	-0.002074	0.002227	1842.000000	199.223493	0.835995	0.001886	-0.000077	0.000629	-0.002527	0.002971
2785	0.834934	0.001647	0.000068	0.000253	-0.002961	0.002567	1844.000000	199.223493	0.836979	0.002572	0.000518	0.000615	-0.002266	0.001987	1845.000000	199.223493	0.835513	0.002370	0.001416	0.000414	-0.001919	0.001254
2788	0.837133	0.002996	0.000936	0.000632	-0.001678	0.001616	1847.000000	199.223493	0.835205	0.003408	-0.000169	0.000227	-0.002112	0.002283	1848.000000	199.223493	0.838002	0.003342	0.001253	0.001011	-0.002199	0.002373
2791	0.833777	0.002960	0.001683	0.000710	-0.000685	0.002660	1850.000000	199.223493	0.832890	0.003081	0.000012	0.000746	-0.001476	0.002628	1851.000000	199.223493	0.834471	0.002040	-0.000253	0.000445	-0.000955	0.001893
2794	0.833430	0.003383	-0.000210	0.000551	0.000579	0.001960	1853.000000	199.223493	0.833565	0.002766	-0.001015	0.000432	-0.000540	0.001690	1854.000000	199.223493	0.836053	0.002639	-0.000191	0.000349	0.000955	0.001254
2797	0.833237	0.002550	0.000269	0.000677	-0.000550	0.001627	1856.000000	199.223493	0.832330	0.002343	-0.000362	0.000524	-0.001051	0.001469	1857.000000	199.223493	0.835012	0.002898	0.000194	0.000558	-0.000945	0.001228
2800	0.832272	0.004531	-0.000608	0.000431	-0.000309	0.001543	1859.000000	199.223493	0.831385	0.004569	0.000471	0.000409	0.000000	0.000545	1860.000000	199.223493	0.834298	0.003857	-0.000357	0.000439	-0.000492	0.001322
2803	0.835436	0.003243	0.000515	0.000386	0.000077	0.001280	1862.000000	199.223493	0.835938	0.002418	0.001499	0.000258	-0.000714	0.001487	1863.000000	199.223493	0.836401	0.002194	0.000176	0.001048	-0.001080	0.001753
2806	0.836169	0.002219	0.000188	0.000640	-0.000434	0.001921	1865.000000	199.223493	0.837500	0.003775	-0.000367	0.000475	-0.001630	0.002734	1866.000000	199.223493	0.838330	0.001873	-0.000030	0.000640	-0.001177	0.001985
2809	0.835764	0.002218	0.000856	0.000825	-0.000627	0.001878	1868.000000	199.223493	0.837442	0.002767	0.001041	0.000860	0.000627	0.002312	1869.000000	199.223493	0.836053	0.003521	0.002001	0.001180	0.001707	0.002746
2812	0.836497	0.002770	-0.000108	0.000641	0.002643	0.003302	1871.000000	199.223493	0.836806	0.002911	0.000565	0.000714	0.002373	0.002589	1872.000000	199.223493	0.835976	0.003441	0.000352	0.000631	0.002826	0.003204
2815	0.837828	0.004681	0.000806	0.000766	0.001562	0.002599	1874.000000	199.223493	0.835282	0.004248	0.000179	0.000670	0.002199	0.001758	1875.000000	199.223493	0.834934	0.004633	0.000088	0.000755	0.003386	0.002019
2818	0.836401	0.004035	0.000465	0.001039	0.003733	0.001776	1877.000000	199.223493	0.838310	0.004293	0.001011	0.000654	0.005941	0.001917	1878.000000	199.223493	0.838908	0.004655	0.001344	0.000565	0.003424	0.001570
2821	0.839660	0.003744	0.000725	0.000981	0.000877	0.001866	1880.000000	199.223493	0.837403	0.003056	0.001240	0.000643	0.000974	0.001495	1881.000000	199.223493	0.837654	0.003337	0.000773	0.000818	0.001765	0.001329
2824	0.838310	0.003607	0.000739	0.000354	0.001312	0.002208	1883.000000	199.223493	0.836864	0.002525	0.000006	0.000513	0.001109	0.001978	1884.000000	199.223493	0.835455	0.002542	0.001271	0.000731	0.003549	0.001504
2827	0.837384	0.002646	0.001072	0.000886	0.002932	0.001633	1886.000000	199.223493	0.835552	0.002997	0.000421	0.000935	0.001862	0.001779	1887.000000	199.223493	0.835938	0.002042	-0.000885	0.000717	0.002980	0.001983
2830	0.832793	0.002142	-0.000761	0.000756	0.002479	0.001779	1889.000000	199.223493	0.830170	0.001145	0.000917	0.000633	0.002296	0.001591	1890.000000	199.223493	0.832697	0.001137	0.000965	0.000528	0.002701	0.001459
2833	0.832157	0.001508	0.000002	0.000547	0.002749	0.001551	1892.000000	199.223493	0.830961	0.000501	0.000604	0.000881	0.002527	0.001631	1893.000000	199.223493	0.830093	0.001633	0.000897	0.001003	0.002556	0.001551
2836	0.828955	0.002596	0.000019	0.000357	0.002160	0.000679	1895.000000	199.223493	0.830151	0.002078	-0.000382	0.000594	0.003694	0.001060	1896.000000	199.223493	0.834028	0.003069	0.000035	0.000423	0.005681	0.000454
2839	0.833623	0.003204	-0.000112	0.000478	0.006096	0.000796	1898.000000	199.223493	0.833141	0.003202	0.000865	0.000630	0.006588	0.001284	1899.000000	199.223493	0.833603	0.003392	0.000687	0.000735	0.005816	0.001548
2842	0.835050	0.002677	0.000981	0.000530	0.005382	0.001903	1901.000000	199.223493	0.832022	0.002883	0.001178	0.000526	0.004581	0.001532	1902.000000	199.223493	0.831443	0.002740	0.001325	0.000613	0.003559	0.000938
2845	0.830768	0.002145	0.001293	0.000699	0.003848	0.001122	1904.000000	199.223493	0.831655	0.001595	0.000334	0.000749	0.005565	0.001681	1905.000000	199.223493	0.831790	0.000966	0.000872	0.000440	0.005970	0.000799
2848	0.833025	0.001264	0.000461	0.000530	0.004900	0.001386	1907.000000	199.223493	0.833488	0.001258	0.000916	0.000687	0.004774	0.001440	1908.000000	199.223493	0.834433	0.002453	0.001024	0.000709	0.004581	0.000522
2851	0.830189	0.002268	0.001018	0.000228	0.004948	0.001679	1910.000000	199.223493	0.827623	0.002616	0.001134	0.000757	0.004466	0.000894	1911.000000	199.223493	0.829707	0.001947	0.000857	0.000717	0.003000	0.000384
2854	0.829649	0.002010	-0.000428	0.000452	0.005642	0.000469	1913.000000	199.223493	0.828974	0.002442	0.000231	0.000629	0.003906	0.000758	1914.000000	199.223493	0.829938	0.001454	0.000175	0.000538	0.005131	0.001584
2857	0.829938	0.002433	0.000363	0.000911	0.003057	0.001582	1916.000000	199.223493	0.830806	0.001933	0.000216	0.000635	0.003183	0.002785	1917.000000	199.223493	0.834452	0.002104	0.000417	0.000414	0.005074	0.002957
2860	0.834799	0.002271	0.000610	0.000472	0.003877	0.002318	1919.000000	199.223493	0.834221	0.002733	0.000849	0.000454	0.003935	0.001724	1920.000000	199.223493	0.831578	0.002989	0.000529	0.000454	0.001736	0.002197
2863	0.829900	0.002224	0.000731	0.000921	0.003617	0.002311	1922.000000	199.223493	0.828762	0.002406	0.000606	0.000557	0.004418	0.003026	1923.000000	199.223493	0.829533	0.003587	0.001073	0.000603	0.003164	0.002490
2866	0.829707	0.003085	0.001058	0.000520	0.004089	0.001443	1925.000000	199.223493	0.829900	0.002298	0.001945	0.000699	0.004157	0.000709	1926.000000	199.223493	0.827971	0.003029	0.000318	0.000497	0.004080	0.002033
2869	0.830845	0.002821	0.000109	0.000934	0.004379	0.002035	1928.000000	199.223493	0.829533	0.003231	0.000077	0.000538	0.002710	0.003027	1929.000000	199.223493	0.831617	0.003153	-0.000342	0.000661	0.002556	0.001861
2872	0.831887	0.002446	0.000453	0.000849	0.003424	0.002043	1931.000000	199.223493	0.833063	0.001886	0.000603	0.000379	0.003964	0.002411	1932.000000	199.223493	0.830382	0.003566	0.000109	0.000237	0.002913	0.001946
2875	0.826370	0.002578	-0.000042	0.000235	0.002537	0.002383	1934.000000	199.223493	0.827662	0.002349	0.000589	0.000505	0.001447	0.002260	1935.000000	199.223493	0.826427	0.001784	-0.000290	0.000604	0.002402	0.002745
2878	0.824325	0.001579	-0.000709	0.000202	0.002479	0.002587	1937.000000	199.223493	0.827855	0.002730	0.000693	0.000386	0.001938	0.002941	1938.000000	199.223493	0.826273	0.004316	0.000402	0.000266	0.002141	0.001746
2881	0.829109	0.003673	-0.000482	0.000560	0.002219	0.002287	1940.000000	199.223493	0.826929	0.002781	0.000202	0.000130	0.002141	0.001455	1941.000000	199.223493	0.826640	0.003789	0.000540	0.000249	0.001428	0.002010
2884	0.826254	0.003263	0.000060	0.000234	0.000019	0.002335	1943.000000	199.223493	0.828279	0.003292	-0.000329	0.000467	-0.001032	0.001634	1944.000000	199.223493	0.827180	0.003517	0.000366	0.000321	0.001196	0.001853
2887	0.826177	0.002455	0.000029	0.000213	0.002180	0.001517	1946.000000	199.223493	0.828549	0.002919	0.000639	0.000616	0.001264	0.001862	1947.000000	199.223493	0.826601	0.002251	-0.000108	0.000092	0.001312	0.002616
2890	0.828125	0.002332	-0.000340	0.000689	0.001890	0.001345	1949.000000	199.223493	0.828357	0.001947	-0.000817	0.000558	0.003925	0.001770	1950.000000	199.223493	0.826466	0.001988	0.000465	0.000396	0.003761	0.000921
2893	0.827392	0.002577	0.000059	0.000337	0.003048	0.001342	1952.000000	199.223493	0.826678	0.001483	-0.000292	0.000374	0.004282	0.000749	1953.000000	199.223493	0.828415	0.001029	0.000315	0.000234	0.003559	0.000555
2896	0.827604	0.001260	0.000361	0.000407	0.002913	0.001160	1955.000000	199.223493	0.826562	0.001234	0.000175	0.000289	0.002961	0.001293	1956.000000	199.223493	0.827759	0.001655	0.000640	0.000342	0.001678	0.001256
2899	0.828800	0.001354	-0.000459	0.000447	0.000338	0.002126	1958.000000	199.223493	0.824460	0.002558	-0.000071	0.000723	0.000521	0.002518	1959.000000	199.223493	0.826312	0.002130	0.000668	0.000601	0.000762	0.002632
2902	0.826119	0.002468	0.000010	0.000419	0.001399	0.002477	1961.000000	199.223493	0.828935	0.002893	0.001393	0.000358	-0.000829	0.003271	1962.000000	199.223493	0.827160	0.001998	-0.000264	0.000550	-0.000415	0.002917
2905	0.829167	0.003029	0.001222	0.000493	-0.001090	0.002689	1964.000000	199.223493	0.827276	0.004011	0.000010	0.000858	-0.002238	0.002866	1965.000000	199.223493	0.827296	0.003761	0.000170	0.000446	-0.000974	0.002525
2908	0.828472	0.004210	0.000428	0.000300	-0.001427	0.002417	1967.000000	199.223493	0.829032	0.004022	0.000310	0.000428	0.000251	0.002474	1968.000000	199.223493	0.828221	0.004208	0.000652	0.000547	-0.000781	0.001799
2911	0.830440	0.002648	-0.000425	0.000414	0.000463	0.001508	1970.000000	199.223493	0.830942	0.001975	-0.000423	0.000124	0.000251	0.001677	1971.000000	199.223493	0.831771	0.001937	-0.000974	0.000727	0.000405	0.001522
2914	0.832311	0.002282	0.000127	0.000239	0.001871	0.001557	1973.000000	199.223493	0.831867	0.003562	0.000362	0.000261	0.001340	0.001452	1974.000000	199.223493	0.831501	0.003539	0.000197	0.000666	0.001273	0.001354
2917	0.830845	0.002828	-0.000067	0.000475	0.001784	0.001981	1976.000000	199.223493	0.829591	0.002615	0.001468	0.000540	0.001235	0.001584	1977.000000	199.223493	0.829977	0.002201	0.000219	0.000629	-0.000048	0.001323
2920	0.828781	0.001031	0.000704	0.000275	0.000723	0.001212	1979.000000	199.223493	0.827894	0.001403	0.000584	0.000756	-0.002826	0.001321	1980.000000	199.223493	0.828414	0.002364	0.001227	0.000787	-0.001003	0.001125
2923	0.829938	0.003147	0.000545	0.000687	-0.001061	0.001230	1982.000000	199.223493	0.830922	0.002599	0.000423	0.000654	-0.000695	0.000847	1983.000000	199.223493	0.829881	0.002577	0.000433	0.000597	-0.000270	0.001828
2926	0.830941	0.003359	0.001327	0.000437	-0.000945	0.001564	1985.000000	199.223493	0.832041	0.003470	-0.000077	0.000355	0.000174	0.001650	1986.000000	199.223493	0.835301	0.004120	0.000368	0.000438	-0.000743	0.001479
2929	0.833160	0.003272	-0.000034	0.001407	-0.001186	0.001522	1988.000000	199.223493	0.832697	0.002192	-0.000386	0.000285	-0.001582	0.001477	1989.000000	199.223493	0.835609	0.002369	0.001110	0.000454	-0.001736	0.000916
2932	0.836786	0.001849	0.000951	0.000827	0.000955	0.001561	1991.000000	199.223493	0.836246	0.002589	0.001011	0.000456	0.000772	0.001648	1992.000000	199.223493	0.836497	0.002533	0.001482	0.000564	0.001640	0.002125
2935	0.835918	0.002524	0.000524	0.000188	0.002064	0.001622	1994.000000	199.223493	0.835397	0.002001	0.000141	0.000495	0.004224	0.001375	1995.000000	199.223493	0.833738	0.000928	-0.000289	0.000575	0.001987	0.000980
2938	0.832697	0.001717	0.000110	0.000796	0.002826	0.000708	1997.000000	199.223493	0.834317	0.002875	0.000384	0.000712	0.002054	0.000964	1998.000000	199.223493	0.833738	0.002916	0.000804	0.000580	0.002691	0.001790
2941	0.832562	0.002148	0.000579	0.000612	0.003723	0.001510	2000.000000	199.223493	0.832523	0.001608	0.000405	0.000503	0.004485	0.000890	2001.000000	199.223493	0.832388	0.002002	0.000594	0.000500	0.003819	0.000919
2944	0.832022	0.001413	0.000484	0.000680	0.002797	0.000723	2003.000000	199.223493	0.833063	0.002811	0.000797	0.000619	0.004736	0.000881	2004.000000	199.223493	0.832581	0.002372	0.000745	0.000508	0.001755	0.000836
2947	0.831732	0.003333	-0.000114	0.000533	0.001736	0.000642	2006.000000	199.223493	0.833603	0.004249	0.000492	0.000267	0.001842	0.000846	2007.000000	199.223493	0.834433	0.003215	0.000545	0.000750	0.002980	0.000977
2950	0.830478	0.002252	-0.000129	0.000608	0.002238	0.002087	2009.000000	199.223493	0.830015	0.002604	0.000763	0.000307	0.001726	0.001133	2010.000000	199.223493	0.831906	0.002218	-0.000446	0.000627	0.002035	0.001275
2953	0.830498	0.002129	0.000353	0.000577	0.000019	0.001457	2012.000000	199.223493	0.835224	0.002234	-0.000954	0.000355	-0.000260	0.001619	2013.000000	199.223493	0.837654	0.001494	-0.000505	0.000497	-0.000434	0.002115
2956	0.834414	0.001683	0.000870	0.000460	0.001235	0.000818	2015.000000	199.223493	0.836825	0.001023	0.000573	0.000458	-0.001100	0.001697	2016.000000	199.223493	0.834568	0.001944	0.000498	0.000566	-0.001919	0.000620
2959	0.833179	0.001471	0.000937	0.000323	-0.002691	0.001123	2018.000000	199.223493	0.832774	0.001223	0.001378	0.000462	-0.002180	0.001325	2019.000000	199.223493	0.832755	0.002792	-0.000555	0.000472	-0.000588	0.001247
2962	0.833449	0.002866	0.001124	0.000478	-0.001871	0.001371	2021.000000	199.223493	0.832967	0.002498	0.000540	0.000607	0.000029	0.002310	2022.000000	199.223493	0.832677	0.003186	0.000076	0.000343	0.000270	0.002429
2965	0.834915	0.002725	0.000074	0.000607	-0.000077	0.001699	2024.000000	199.223493	0.834452	0.003156	0.001707	0.000606	0.000067	0.001706	2025.000000	199.223493	0.832002	0.003684	0.001099	0.000396	-0.001447	0.002178
2968	0.832774	0.003538	0.000139	0.000807	-0.002189	0.002097	2027.000000	199.223493	0.830613	0.003453	0.000906	0.000830	-0.002315	0.001964	2028.000000	199.223493	0.830556	0.003206	0.001818	0.000941	-0.002450	0.002541
2971	0.827681	0.003297	0.001506	0.000244	-0.002083	0.002683	2030.000000	199.223493	0.829610	0.002515	0.000297	0.000569	-0.001794	0.002689	2031.000000	199.223493	0.827431	0.002233	-0.000801	0.000667	-0.000984	0.001257
2974	0.827816	0.002530	0.000261	0.000650	-0.000010	0.001836	2033.000000	199.223493	0.825984	0.002798	-0.000005	0.000327	0.003540	0.002131	2034.000000	199.223493	0.825540	0.001696	-0.000096	0.000743	0.000945	0.001536
2977	0.825887	0.002862	-0.000341	0.000394	0.000984	0.001779	2036.000000	199.223493	0.825964	0.002352	0.000134	0.000266	0.001659	0.001301	2037.000000	199.223493	0.823843	0.003190	-0.000049	0.000414	-0.000067	0.001641
2980	0.824653	0.003302	0.000369	0.000402	-0.000260	0.001294	2039.000000	199.223493	0.822299	0.002831	0.000585	0.000309	0.002257	0.001724	2040.000000	199.223493	0.820177	0.003001	-0.000700	0.000293	0.001997	0.001919
2983	0.821335	0.002261	-0.000893	0.000285	0.000241	0.001140	2042.000000	199.223493	0.825405	0.003041	-0.000247	0.000352	-0.002758	0.001265	2043.000000	199.223493	0.827276	0.003196	-0.000177	0.000342	-0.003270	0.001871
2986	0.828723	0.002582	-0.000256	0.000478	-0.001138	0.001942	2045.000000	199.223493	0.830073	0.003152	0.000071	0.000218	-0.001321	0.001378	2046.000000	199.223493	0.829707	0.003519	0.000546	0.000361	-0.002122	0.001318
2989	0.830285	0.003769	-0.000097	0.000976	-0.003038	0.001222	2048.000000	199.223493	0.832156	0.001587	-0.000407	0.000659	-0.003733	0.001391	2049.000000	199.223493	0.832697	0.001504	-0.000539	0.000470	-0.005469	0.001902
2992	0.831578	0.001496	-0.000774	0.000425	-0.005807	0.002137	2051.000000	199.223493	0.829880	0.001401	0.000036	0.000247	-0.006414	0.002352	2052.000000	199.223493	0.829996	0.002092	-0.000938	0.000481	-0.005498	0.002643
2995	0.831057	0.003013	-0.001385	0.000524	-0.004427	0.002500	2054.000000	199.223493	0.830922	0.002143	-0.001701	0.000511	-0.003434	0.002024	2055.000000	199.223493	0.831308	0.001117	0.000309	0.000610	-0.003810	0.002383
2998	0.831096	0.002275	0.000127	0.000487	-0.002315	0.002174	2057.000000	199.223493	0.831655	0.002105	-0.000525	0.000371	-0.001591	0.002204	2058.000000	199.223493	0.831019	0.002217	0.001053	0.000378	-0.002990	0.001771
3001	0.834664	0.002505	-0.000246	0.000399	0.000125	0.001317	2060.000000	199.223493	0.832870	0.002847	-0.000865	0.000413	0.000145	0.001189	2061.000000	199.223493	0.831983	0.003518	0.000677	0.000745	0.000511	0.001956
3004	0.833121	0.003997	0.000112	0.000513	0.000945	0.001832	2063.000000	199.223493	0.835340	0.002659	0.000668	0.000505	0.001476	0.001505	2064.000000	199.223493	0.835706	0.002734	-0.000504	0.000815	0.001630	0.001863
3007	0.836574	0.002949	-0.000645	0.000888	-0.000588	0.001978	2066.000000	199.223493	0.836748	0.002735	-0.000732	0.000753	0.000434	0.001859	2067.000000	199.223493	0.833526	0.002423	-0.000712	0.000410	-0.000029	0.002082
3010	0.835687	0.004028	0.000635	0.000405	-0.000010	0.001603	2069.000000	199.223493	0.835822	0.003566	-0.000195	0.000395	-0.001456	0.001881	2070.000000	199.223493	0.834568	0.002749	0.000857	0.000952	-0.000473	0.001925
3013	0.834047	0.003520	-0.000627	0.000822	0.000203	0.001540	2072.000000	199.223493	0.832292	0.002749	0.000097	0.000356	0.000357	0.001509	2073.000000	199.223493	0.830941	0.002790	0.000690	0.000505	-0.001958	0.002584
3016	0.834877	0.002608	0.000749	0.000395	0.000916	0.002058	2075.000000	199.223493	0.831713	0.002785	0.000104	0.000291	-0.000936	0.001729	2076.000000	199.223493	0.831346	0.002016	0.000148	0.000456	-0.002633	0.002917
3019	0.830884	0.001807	0.000231	0.000667	-0.002730	0.002188	2078.000000	199.223493	0.829572	0.001969	0.000386	0.000206	-0.001611	0.001738	2079.000000	199.223493	0.831192	0.002227	-0.000522	0.000460	-0.002614	0.001247
3022	0.833526	0.001323	-0.000132	0.000491	-0.003299	0.001389	2081.000000	199.223493	0.830999	0.002443	-0.000874	0.000388	-0.004494	0.002374	2082.000000	199.223493	0.828684	0.002859	-0.000872	0.000670	-0.006453	0.002046
3025	0.827893	0.002937	0.000067	0.000530	-0.006269	0.002301	2084.000000	199.223493	0.829340	0.002943	0.000523	0.000355	-0.005440	0.003036	2085.000000	199.223493	0.828318	0.004023	0.000785	0.000591	-0.005893	0.002291
3028	0.829803	0.004050	0.000016	0.000552	-0.006347	0.001683	2087.000000	199.223493	0.828434	0.003028	-0.000399	0.000478	-0.004186	0.001507	2088.000000	199.223493	0.828607	0.001828	0.000181	0.000341	-0.001408	0.001815
3031	0.826331	0.003396	0.000261	0.000367	-0.001871	0.001974	2090.000000	199.223493	0.824190	0.003418	0.000219	0.000585	-0.002768	0.002657	2091.000000	199.223493	0.826138	0.003316	0.000818	0.000156	-0.000357	0.002428
3034	0.827546	0.002352	0.000272	0.000340	-0.002980	0.002964	2093.000000	199.223493	0.826582	0.002200	0.000539	0.000340	-0.002247	0.002867	2094.000000	199.223493	0.829649	0.001404	-0.000421	0.000210	-0.002681	0.003014
3037	0.830980	0.001620	-0.000044	0.000260	-0.000231	0.003009	2096.000000	199.223493	0.827508	0.002704	0.001099	0.000710	-0.001187	0.003061	2097.000000	199.223493	0.828009	0.002456	0.000082	0.000380	-0.000743	0.002859
3040	0.826370	0.002786	-0.000388	0.000256	0.000145	0.002586	2099.000000	199.223493	0.826987	0.003234	-0.000555	0.000652	0.000656	0.003514	2100.000000	199.223493	0.828800	0.001450	0.000670	0.000726	0.000280	0.002793
3043	0.825791	0.002388	-0.000137	0.000833	-0.000907	0.003177	2102.000000	199.223493	0.825830	0.002178	-0.000423	0.000489	-0.000849	0.003502	2103.000000	199.223493	0.828974	0.000868	-0.000441	0.000882	-0.000907	0.002837
3046	0.833468	0.002298	0.000238	0.000314	-0.001167	0.003157	2105.000000	199.223493	0.832465	0.002594	0.000029	0.000330	-0.000328	0.002280	2106.000000	199.223493	0.832793	0.003145	-0.000063	0.000367	-0.000791	0.001750
3049	0.830941	0.001815	-0.000352	0.000229	0.000463	0.001610	2108.000000	199.223493	0.826890	0.003107	0.000178	0.000357	0.000897	0.002184	2109.000000	199.223493	0.829938	0.003384	0.000380	0.000331	-0.000608	0.001872
3052	0.829572	0.004398	0.000611	0.000844	-0.000289	0.002957	2111.000000	199.223493	0.831038	0.003701	0.000059	0.000452	0.000463	0.003219	2112.000000	199.223493	0.830690	0.004761	0.000312	0.000567	-0.000048	0.002105
3055	0.831983	0.004790	0.000275	0.000415	-0.000666	0.002361	2114.000000	199.223493	0.830942	0.005293	-0.001355	0.000784	-0.001051	0.001817	2115.000000	199.223493	0.831790	0.004008	-0.000215	0.000832	0.000318	0.001141
3058	0.833237	0.002240	-0.000849	0.000637	-0.000858	0.000693	2117.000000	199.223493	0.831308	0.002981	0.000426	0.000682	-0.001476	0.001551	2118.000000	199.223493	0.830112	0.003448	0.000227	0.000309	-0.002025	0.002040
3061	0.830324	0.002022	0.001067	0.000507	-0.000907	0.002020	2120.000000	199.223493	0.830806	0.001710	0.000361	0.000598	-0.001591	0.001968	2121.000000	199.223493	0.829495	0.001665	0.001124	0.000634	-0.001987	0.001261
3064	0.829012	0.001690	0.000390	0.000433	-0.000425	0.001066	2123.000000	199.223493	0.829244	0.001924	-0.000201	0.000490	-0.002691	0.001648	2124.000000	199.223493	0.830170	0.001660	0.000214	0.000278	-0.000608	0.002598
3067	0.830150	0.001722	-0.000738	0.000530	-0.000588	0.002997	2126.000000	199.223493	0.831752	0.001487	-0.000359	0.000416	-0.000405	0.002419	2127.000000	199.223493	0.829668	0.001389	-0.000136	0.000255	-0.001726	0.001809
3070	0.830266	0.001825	0.000347	0.000806	-0.002430	0.001773	2129.000000	199.223493	0.828685	0.002155	0.000473	0.000661	-0.002614	0.001976	2130.000000	199.223493	0.826775	0.002881	-0.000335	0.000713	-0.001032	0.002123
3073	0.830517	0.002652	-0.000092	0.000682	0.000173	0.002264	2132.000000	199.223493	0.833044	0.001673	0.001111	0.000705	0.000222	0.001286	2133.000000	199.223493	0.829804	0.002470	0.000834	0.000387	0.000203	0.001341
3076	0.828549	0.001923	-0.000437	0.000625	0.001688	0.001121	2135.000000	199.223493	0.829398	0.001751	0.000248	0.000199	0.002893	0.001711	2136.000000	199.223493	0.832234	0.001842	0.000115	0.000411	0.002199	0.001292
3079	0.829456	0.002292	0.000930	0.000660	0.000820	0.001929	2138.000000	199.223493	0.830015	0.001537	0.000720	0.000723	0.001678	0.001984	2139.000000	199.223493	0.828530	0.001395	-0.000378	0.000605	0.001775	0.000976
3082	0.830324	0.001617	-0.000882	0.000147	-0.000010	0.001441	2141.000000	199.223493	0.828318	0.001570	-0.000211	0.000517	-0.001688	0.001927	2142.000000	199.223493	0.828434	0.001406	-0.000522	0.000392	0.001148	0.001455
3085	0.829301	0.002180	-0.000309	0.000601	-0.001138	0.001462	2144.000000	199.223493	0.831829	0.003238	-0.000176	0.000377	-0.002257	0.001394	2145.000000	199.223493	0.830710	0.004871	0.000312	0.000520	-0.001447	0.002302
3088	0.832234	0.004268	-0.000068	0.000865	-0.000511	0.002721	2147.000000	199.223493	0.833140	0.004656	0.000231	0.000672	0.001109	0.001752	2148.000000	199.223493	0.835339	0.004160	-0.000137	0.000560	0.001476	0.002083
3091	0.835339	0.004233	-0.000116	0.000317	0.002228	0.001365	2150.000000	199.223493	0.834645	0.004313	0.000263	0.000550	0.003357	0.001650	2151.000000	199.223493	0.834240	0.004156	0.000733	0.000435	0.000463	0.002330
3094	0.835282	0.004018	0.000209	0.000141	-0.000829	0.001543	2153.000000	199.223493	0.834645	0.003667	0.001389	0.001043	-0.001032	0.001604	2154.000000	199.223493	0.835687	0.003932	0.000788	0.000842	-0.001177	0.001423
3097	0.833835	0.003646	0.001089	0.000178	-0.002286	0.001792	2156.000000	199.223493	0.832176	0.003902	0.000630	0.000426	-0.002865	0.001964	2157.000000	199.223493	0.834221	0.003445	-0.000521	0.000560	-0.003655	0.002732
3100	0.833410	0.002682	-0.000197	0.000213	-0.003578	0.002412	2159.000000	199.223493	0.835706	0.003086	0.000601	0.000644	-0.003038	0.001739	2160.000000	199.223493	0.833430	0.002831	0.001077	0.000280	-0.002807	0.001275
3103	0.834741	0.002902	0.000561	0.000679	-0.001784	0.001625	2162.000000	199.223493	0.834259	0.003611	-0.000271	0.000241	-0.002913	0.002223	2163.000000	199.223493	0.838137	0.003305	0.000550	0.001168	-0.003646	0.002101
3106	0.833835	0.002963	0.000800	0.000911	-0.002025	0.002579	2165.000000	199.223493	0.833507	0.003129	0.000180	0.000763	-0.002334	0.002637	2166.000000	199.223493	0.833411	0.002257	-0.000037	0.000478	-0.000820	0.001872
3109	0.832928	0.003418	-0.000798	0.000407	0.000781	0.001948	2168.000000	199.223493	0.833217	0.002900	-0.001133	0.000459	-0.000058	0.001792	2169.000000	199.223493	0.833989	0.003084	-0.000444	0.000288	0.000897	0.001241
3112	0.833179	0.002576	0.000130	0.000599	0.000106	0.001413	2171.000000	199.223493	0.832716	0.002253	-0.000449	0.000473	-0.000752	0.001419	2172.000000	199.223493	0.835513	0.002747	0.000341	0.000648	-0.001147	0.001200
3115	0.830440	0.004608	-0.000126	0.000360	-0.001206	0.001450	2174.000000	199.223493	0.830787	0.004570	0.000327	0.000298	0.000424	0.000337	2175.000000	199.223493	0.834780	0.003821	-0.000133	0.000546	-0.000116	0.001268
3118	0.835648	0.003203	0.000765	0.000411	0.001042	0.001025	2177.000000	199.223493	0.835552	0.002473	0.001449	0.000296	-0.000424	0.001321	2178.000000	199.223493	0.837037	0.002295	-0.000206	0.001090	0.000096	0.001153
3121	0.835629	0.002188	0.000062	0.000707	0.001312	0.000778	2180.000000	199.223493	0.837635	0.003790	-0.000225	0.000551	-0.000299	0.001806	2181.000000	199.223493	0.838040	0.001908	-0.000323	0.000531	-0.000743	0.001716
3124	0.835127	0.002354	0.000540	0.000830	0.000608	0.001106	2183.000000	199.223493	0.836169	0.002713	0.000455	0.000935	0.000617	0.002318	2184.000000	199.223493	0.835609	0.003568	0.001890	0.001199	0.003588	0.002233
3127	0.837153	0.002769	-0.000182	0.000637	0.003492	0.002896	2186.000000	199.223493	0.838696	0.002099	0.000258	0.000775	0.002942	0.002314	2187.000000	199.223493	0.837269	0.003204	-0.000505	0.000581	0.003067	0.003112
3130	0.838908	0.004319	0.000954	0.000710	0.002247	0.002426	2189.000000	199.223493	0.836844	0.004017	0.000332	0.000630	0.001013	0.002202	2190.000000	199.223493	0.835706	0.004566	0.000392	0.000704	0.001215	0.002876
3133	0.835185	0.004052	0.000831	0.000956	0.001418	0.002597	2192.000000	199.223493	0.837732	0.004369	0.001419	0.000524	0.003029	0.002535	2193.000000	199.223493	0.839738	0.004452	0.001832	0.000627	0.001881	0.001689
3136	0.839159	0.003814	0.000408	0.000957	0.000511	0.001807	2195.000000	199.223493	0.837075	0.003054	0.001375	0.000632	0.000916	0.001500	2196.000000	199.223493	0.836786	0.003270	0.000586	0.000899	0.001823	0.001320
3139	0.838600	0.003624	0.000152	0.000603	0.002209	0.002196	2198.000000	199.223493	0.835089	0.002150	-0.000164	0.000601	0.001254	0.001968	2199.000000	199.223493	0.832562	0.002084	0.000603	0.000613	0.003212	0.001614
3142	0.833217	0.001836	0.000938	0.000905	0.002016	0.001653	2201.000000	199.223493	0.830420	0.002387	0.000177	0.000933	0.000887	0.002067	2202.000000	199.223493	0.832060	0.002823	-0.000724	0.000713	0.001534	0.002091
3145	0.829610	0.002593	-0.001587	0.000155	0.000395	0.001766	2204.000000	199.223493	0.830054	0.001156	0.000126	0.000310	0.000444	0.001825	2205.000000	199.223493	0.832138	0.000950	0.000466	0.000471	0.002315	0.001531
3148	0.832215	0.001535	-0.000242	0.000458	0.002315	0.001751	2207.000000	199.223493	0.831019	0.000523	0.000326	0.000922	0.001842	0.001589	2208.000000	199.223493	0.830922	0.001877	0.000914	0.001004	0.002103	0.001643
3151	0.830652	0.003045	-0.000220	0.000282	0.001254	0.001005	2210.000000	199.223493	0.831597	0.002759	0.000056	0.000303	0.002546	0.001816	2211.000000	199.223493	0.836111	0.003451	-0.001026	0.000572	0.003694	0.001757
3154	0.834664	0.003288	-0.000093	0.000474	0.004167	0.002082	2213.000000	199.223493	0.834105	0.003372	0.001137	0.000585	0.003250	0.003062	2214.000000	199.223493	0.835783	0.002829	0.000735	0.000737	0.002730	0.002364
3157	0.838021	0.002938	0.001478	0.000364	0.002604	0.002959	2216.000000	199.223493	0.836767	0.003214	0.001414	0.000328	0.001543	0.002219	2217.000000	199.223493	0.834144	0.003456	0.001288	0.000629	0.001399	0.001888
3160	0.833121	0.003274	0.001146	0.000753	0.001948	0.002148	2219.000000	199.223493	0.832639	0.002106	0.000535	0.000610	0.003848	0.002323	2220.000000	199.223493	0.831983	0.001004	0.000758	0.000519	0.004340	0.001891
3163	0.833121	0.001205	0.000889	0.000268	0.003617	0.001831	2222.000000	199.223493	0.832485	0.001264	0.000842	0.000723	0.002575	0.002181	2223.000000	199.223493	0.832137	0.002930	0.001121	0.000679	0.004012	0.000578
3166	0.828028	0.002827	0.001043	0.000233	0.002845	0.000706	2225.000000	199.223493	0.826659	0.002629	0.001516	0.000611	0.002990	0.000824	2226.000000	199.223493	0.828549	0.001906	0.001059	0.000592	0.002238	0.000873
3169	0.831443	0.002166	-0.000207	0.000589	0.004176	0.001565	2228.000000	199.223493	0.829707	0.002639	0.000134	0.000582	0.002296	0.001358	2229.000000	199.223493	0.830189	0.001384	0.000272	0.000534	0.002787	0.001702
3172	0.830710	0.002071	0.000548	0.000860	0.002585	0.001733	2231.000000	199.223493	0.830420	0.002134	0.000303	0.000683	0.003492	0.002712	2232.000000	199.223493	0.834549	0.002067	0.000534	0.000395	0.004186	0.002989
3175	0.835706	0.002197	0.000239	0.000430	0.003434	0.002352	2234.000000	199.223493	0.834703	0.002783	0.000563	0.000476	0.003578	0.001791	2235.000000	199.223493	0.831347	0.002915	-0.000036	0.000547	0.001746	0.002196
3178	0.829514	0.002202	0.000361	0.000879	0.003723	0.002279	2237.000000	199.223493	0.828183	0.002367	0.000289	0.000605	0.003858	0.003301	2238.000000	199.223493	0.827720	0.003550	0.000964	0.000638	0.002807	0.002619
3181	0.826794	0.003476	0.001098	0.000501	0.003781	0.001650	2240.000000	199.223493	0.826929	0.003141	0.001935	0.000703	0.004215	0.000679	2241.000000	199.223493	0.825714	0.002885	0.000414	0.000473	0.004774	0.001950
3184	0.828781	0.002359	0.000053	0.000932	0.003453	0.002130	2243.000000	199.223493	0.825945	0.002365	-0.000394	0.000448	0.005064	0.003089	2244.000000	199.223493	0.828492	0.002008	0.000173	0.000315	0.004504	0.002268
3187	0.828935	0.001777	0.000467	0.000841	0.004369	0.002207	2246.000000	199.223493	0.829360	0.001728	0.000456	0.000313	0.003762	0.002392	2247.000000	199.223493	0.828164	0.002775	0.000119	0.000237	0.002112	0.001800
3190	0.825637	0.001990	-0.000385	0.000395	0.002247	0.002318	2249.000000	199.223493	0.826891	0.001678	0.000082	0.000546	0.001283	0.002247	2250.000000	199.223493	0.827720	0.002578	-0.000057	0.000466	0.001543	0.002856
3193	0.826466	0.002650	-0.000998	0.000436	0.001360	0.002845	2252.000000	199.223493	0.828742	0.003151	0.000235	0.000570	0.000656	0.003428	2253.000000	199.223493	0.826562	0.004446	0.000167	0.000310	0.000183	0.002429
3196	0.831308	0.004315	-0.000512	0.000560	-0.000762	0.003067	2255.000000	199.223493	0.829456	0.003787	0.000742	0.000383	-0.001235	0.002953	2256.000000	199.223493	0.828665	0.004203	0.000538	0.000251	-0.001514	0.003104
3199	0.827122	0.003493	-0.000020	0.000198	-0.002701	0.002653	2258.000000	199.223493	0.827295	0.002990	-0.000398	0.000507	-0.003299	0.002344	2259.000000	199.223493	0.826447	0.003290	0.000008	0.000403	-0.001321	0.002550
3202	0.825714	0.002291	0.000362	0.000344	0.000212	0.002164	2261.000000	199.223493	0.826871	0.002200	0.000310	0.000410	-0.001196	0.002524	2262.000000	199.223493	0.824923	0.002024	-0.000152	0.000081	0.000231	0.003054
3205	0.825405	0.002055	0.000319	0.000509	0.000010	0.002499	2264.000000	199.223493	0.827218	0.001707	-0.000621	0.000559	0.001148	0.003387	2265.000000	199.223493	0.825887	0.001715	0.000106	0.000302	0.000087	0.002872
3208	0.826331	0.001926	-0.000265	0.000402	-0.000231	0.002786	2267.000000	199.223493	0.828376	0.002937	-0.000292	0.000375	0.001312	0.002930	2268.000000	199.223493	0.830672	0.001414	-0.000148	0.000236	0.001572	0.002208
3211	0.830633	0.002183	-0.000158	0.000602	0.000029	0.001948	2270.000000	199.223493	0.829417	0.003714	0.000046	0.000348	0.000116	0.001719	2271.000000	199.223493	0.829996	0.003475	0.000661	0.000332	-0.001042	0.001531
3214	0.831018	0.003250	-0.000394	0.000443	-0.003299	0.001190	2273.000000	199.223493	0.825309	0.003274	-0.000260	0.000695	-0.002942	0.001375	2274.000000	199.223493	0.825810	0.001738	0.000649	0.000598	-0.002209	0.001707
3217	0.826582	0.002711	-0.000067	0.000386	-0.002025	0.001623	2276.000000	199.223493	0.830170	0.003374	0.000838	0.000666	-0.004003	0.001508	2277.000000	199.223493	0.828009	0.002644	-0.000943	0.000580	-0.004890	0.001961
3220	0.828260	0.002495	0.000845	0.000594	-0.004350	0.000990	2279.000000	199.223493	0.826022	0.003116	0.000680	0.000431	-0.004041	0.001934	2280.000000	199.223493	0.826428	0.003323	0.000065	0.000424	-0.003308	0.001410
3223	0.828106	0.004026	0.000117	0.000340	-0.003163	0.001714	2282.000000	199.223493	0.829803	0.004389	0.000037	0.000217	-0.001196	0.001740	2283.000000	199.223493	0.827103	0.003777	-0.000020	0.000556	-0.001688	0.001762
3226	0.829919	0.002518	-0.000441	0.000413	0.000492	0.001510	2285.000000	199.223493	0.831636	0.002249	-0.000261	0.000156	-0.000569	0.001561	2286.000000	199.223493	0.832138	0.001990	0.000126	0.000666	-0.000338	0.001283
3229	0.833063	0.002185	-0.000015	0.000337	0.000868	0.001403	2288.000000	199.223493	0.833160	0.003383	0.000179	0.000271	0.001466	0.001471	2289.000000	199.223493	0.835243	0.003232	-0.001104	0.000563	0.000723	0.001282
3232	0.832851	0.002901	-0.000882	0.000807	0.000743	0.002067	2291.000000	199.223493	0.832388	0.003616	0.000630	0.000491	0.001023	0.001561	2292.000000	199.223493	0.832890	0.003885	-0.000071	0.000430	-0.000212	0.001307
3235	0.830787	0.002705	0.000776	0.000288	0.000097	0.000936	2294.000000	199.223493	0.828665	0.001747	-0.000165	0.000237	-0.002180	0.001846	2295.000000	199.223493	0.828164	0.002309	0.000816	0.000524	0.000617	0.002190
3238	0.828434	0.002947	-0.000098	0.000599	-0.000588	0.001611	2297.000000	199.223493	0.828820	0.002846	0.000036	0.000652	0.000038	0.001405	2298.000000	199.223493	0.827373	0.003108	0.000106	0.000664	0.000058	0.001898
3241	0.828028	0.004133	0.000992	0.000487	-0.000482	0.001747	2300.000000	199.223493	0.829186	0.004107	-0.000145	0.000355	0.000849	0.001835	2301.000000	199.223493	0.832330	0.004680	0.000227	0.000395	0.000019	0.001785
3244	0.830517	0.003241	0.000504	0.001342	-0.000299	0.002168	2303.000000	199.223493	0.831558	0.002111	-0.000067	0.000267	-0.000800	0.002032	2304.000000	199.223493	0.833603	0.003181	0.000474	0.000301	-0.001196	0.001346
3247	0.835879	0.002455	0.000269	0.000649	0.000521	0.001233	2306.000000	199.223493	0.834607	0.004049	0.000668	0.000542	0.000241	0.001257	2307.000000	199.223493	0.832986	0.004260	0.001081	0.000644	0.001534	0.002056
3250	0.833603	0.003989	0.000436	0.000255	0.002903	0.002066	2309.000000	199.223493	0.833526	0.003209	0.000624	0.000378	0.004311	0.001408	2310.000000	199.223493	0.831424	0.002273	-0.000445	0.000657	0.003945	0.001266
3253	0.831771	0.002140	-0.000342	0.000776	0.004186	0.001167	2312.000000	199.223493	0.835166	0.002519	0.000553	0.000607	0.004369	0.001985	2313.000000	199.223493	0.833835	0.002880	0.000418	0.000812	0.004080	0.002007
3256	0.832600	0.002141	0.000209	0.000622	0.003974	0.001442	2315.000000	199.223493	0.832137	0.001606	0.000036	0.000544	0.004524	0.000869	2316.000000	199.223493	0.831559	0.001785	0.000535	0.000532	0.004514	0.001132
3259	0.830382	0.001422	0.000476	0.000681	0.004417	0.001499	2318.000000	199.223493	0.830652	0.003157	0.000876	0.000642	0.005093	0.001054	2319.000000	199.223493	0.830787	0.002878	0.001398	0.000397	0.002691	0.001371
3262	0.829167	0.004346	0.000523	0.000729	0.003337	0.001467	2321.000000	199.223493	0.831790	0.004562	0.000879	0.000143	0.002961	0.001591	2322.000000	199.223493	0.831212	0.003787	0.001247	0.000537	0.003395	0.001189
3265	0.828511	0.002584	-0.000023	0.000655	0.002325	0.002132	2324.000000	199.223493	0.828626	0.002649	0.001006	0.000423	0.002450	0.001680	2325.000000	199.223493	0.829822	0.002313	-0.000018	0.000452	0.002594	0.001731
3268	0.829938	0.001977	0.000153	0.000681	0.002315	0.002899	2327.000000	199.223493	0.834240	0.001716	-0.000378	0.000388	0.000878	0.002343	2328.000000	199.223493	0.836921	0.001541	-0.000720	0.000520	0.000540	0.002857
3271	0.832755	0.002099	0.000727	0.000516	0.001919	0.001337	2330.000000	199.223493	0.835668	0.001921	0.000605	0.000452	0.000482	0.002130	2331.000000	199.223493	0.833931	0.002265	0.000193	0.000497	-0.000801	0.001129
3274	0.831944	0.001766	0.000852	0.000341	-0.002662	0.001144	2333.000000	199.223493	0.832060	0.001079	0.001796	0.000229	-0.001736	0.001564	2334.000000	199.223493	0.830112	0.002286	-0.000204	0.000332	0.000174	0.001665
3277	0.831694	0.003132	0.001482	0.000218	0.000338	0.002150	2336.000000	199.223493	0.831327	0.002526	0.000355	0.000530	0.000309	0.002381	2337.000000	199.223493	0.832350	0.003212	-0.000163	0.000236	0.000405	0.002468
3280	0.835281	0.002584	-0.000083	0.000552	0.000849	0.001935	2339.000000	199.223493	0.834645	0.003148	0.001575	0.000614	0.001080	0.002230	2340.000000	199.223493	0.833623	0.003653	0.000761	0.000347	0.000328	0.002341
3283	0.834413	0.003509	0.000942	0.000905	-0.000656	0.001817	2342.000000	199.223493	0.832812	0.004071	0.000716	0.000837	-0.000820	0.002232	2343.000000	199.223493	0.831906	0.003378	0.001790	0.000949	-0.000974	0.002975
3286	0.830710	0.003494	0.001016	0.000623	-0.000588	0.003149	2345.000000	199.223493	0.830864	0.002521	0.000175	0.000578	-0.001350	0.002918	2346.000000	199.223493	0.826756	0.002118	-0.000567	0.000750	-0.000164	0.001636
3289	0.825077	0.001900	-0.000041	0.000522	0.000521	0.001971	2348.000000	199.223493	0.823881	0.002562	0.000137	0.000343	0.002431	0.001789	2349.000000	199.223493	0.823399	0.001505	0.000525	0.000546	0.000733	0.001421
3292	0.823090	0.001530	-0.000177	0.000425	0.001736	0.002037	2351.000000	199.223493	0.825096	0.002109	0.000056	0.000321	0.002884	0.001442	2352.000000	199.223493	0.824035	0.003175	-0.000368	0.000375	0.001273	0.002003
3295	0.825482	0.003289	0.000468	0.000386	0.000550	0.001443	2354.000000	199.223493	0.822473	0.002887	0.000738	0.000262	0.002961	0.001682	2355.000000	199.223493	0.818750	0.002632	-0.000679	0.000297	0.003096	0.001806
3298	0.820718	0.001983	-0.000605	0.000397	0.000964	0.001572	2357.000000	199.223493	0.825174	0.002967	0.000135	0.000454	-0.002122	0.001598	2358.000000	199.223493	0.825212	0.001878	0.000086	0.000498	-0.001476	0.002303
3301	0.828299	0.002257	0.000478	0.000619	-0.000067	0.002041	2360.000000	199.223493	0.829302	0.002481	0.000271	0.000187	-0.001389	0.001359	2361.000000	199.223493	0.828530	0.002562	0.000867	0.000408	-0.001312	0.001525
3304	0.828279	0.002434	-0.000210	0.000887	-0.002315	0.001432	2363.000000	199.223493	0.830845	0.000949	-0.000086	0.000915	-0.003443	0.001515	2364.000000	199.223493	0.832620	0.001460	0.000021	0.000832	-0.004215	0.002359
3307	0.830826	0.001211	-0.000296	0.000797	-0.003887	0.002771	2366.000000	199.223493	0.828916	0.000882	0.000722	0.000681	-0.004514	0.002889	2367.000000	199.223493	0.828935	0.001597	-0.000493	0.000575	-0.004061	0.003105
3310	0.828762	0.001314	-0.000894	0.000711	-0.003472	0.002641	2369.000000	199.223493	0.829938	0.001691	-0.000507	0.000879	-0.002710	0.002203	2370.000000	199.223493	0.830479	0.000598	0.000271	0.000594	-0.002980	0.002578
3313	0.828800	0.000777	0.000018	0.000433	-0.001244	0.002600	2372.000000	199.223493	0.831424	0.001972	-0.000560	0.000361	-0.000540	0.002363	2373.000000	199.223493	0.831096	0.002257	0.000918	0.000424	-0.000733	0.002421
3316	0.834105	0.002234	0.000028	0.000556	0.001331	0.001600	2375.000000	199.223493	0.832002	0.002491	-0.001237	0.000401	0.000801	0.001513	2376.000000	199.223493	0.831076	0.003166	-0.000392	0.000459	0.001755	0.002210
3319	0.831462	0.003393	-0.000236	0.000476	0.001948	0.001612	2378.000000	199.223493	0.835590	0.002712	0.000393	0.000644	0.002180	0.001599	2379.000000	199.223493	0.835301	0.002591	-0.000303	0.000826	0.001466	0.001810
3322	0.834568	0.001879	-0.000647	0.000888	0.000106	0.002386	2381.000000	199.223493	0.836092	0.002426	-0.000245	0.000671	0.000994	0.002120	2382.000000	199.223493	0.833584	0.002467	-0.000461	0.000321	0.001109	0.002454
3325	0.834915	0.003538	0.000711	0.000394	0.000868	0.001842	2384.000000	199.223493	0.835783	0.003545	-0.000468	0.000549	-0.000260	0.002218	2385.000000	199.223493	0.834182	0.002514	-0.000477	0.001261	0.001553	0.002377
3328	0.835745	0.004297	-0.000777	0.000870	0.000994	0.001611	2387.000000	199.223493	0.835108	0.003711	0.000190	0.000328	0.001273	0.001658	2388.000000	199.223493	0.832947	0.003486	0.000401	0.000497	-0.000714	0.002913
3331	0.834722	0.002545	0.000673	0.000409	0.002112	0.002344	2390.000000	199.223493	0.831520	0.002720	-0.000597	0.000528	-0.000753	0.001765	2391.000000	199.223493	0.832369	0.002619	-0.000256	0.000461	-0.002074	0.003096
3334	0.833276	0.003148	0.000197	0.000669	-0.001775	0.002359	2393.000000	199.223493	0.832080	0.002659	-0.000150	0.000280	-0.000830	0.001907	2394.000000	199.223493	0.833719	0.002953	-0.000009	0.000477	-0.001495	0.001495
3337	0.834317	0.000904	0.000108	0.000479	-0.001678	0.002057	2396.000000	199.223493	0.834278	0.001992	-0.000500	0.000583	-0.003896	0.002548	2397.000000	199.223493	0.832272	0.002725	-0.000759	0.000706	-0.004630	0.002345
3340	0.830748	0.003739	-0.000444	0.000524	-0.004649	0.002903	2399.000000	199.223493	0.832581	0.003408	0.000357	0.000367	-0.004446	0.003190	2400.000000	199.223493	0.831153	0.004544	0.000310	0.000607	-0.004273	0.002718
3343	0.833604	0.004146	0.000409	0.000452	-0.004533	0.002227	2402.000000	199.223493	0.829803	0.003376	-0.000082	0.000518	-0.003086	0.001890	2403.000000	199.223493	0.830093	0.002169	0.000588	0.000473	-0.001302	0.001802
3346	0.827276	0.003656	0.000659	0.000305	-0.001765	0.001951	2405.000000	199.223493	0.825116	0.003799	0.000652	0.000505	-0.002971	0.002675	2406.000000	199.223493	0.825637	0.003061	0.001185	0.000337	-0.000887	0.002358
3349	0.827141	0.002138	0.000225	0.000345	-0.004003	0.002805	2408.000000	199.223493	0.828665	0.003213	0.000372	0.000226	-0.002228	0.002870	2409.000000	199.223493	0.831385	0.002491	-0.000088	0.000225	-0.002797	0.003005
3352	0.832523	0.002541	-0.000482	0.000354	-0.001061	0.003089	2411.000000	199.223493	0.827122	0.002503	0.000479	0.000620	-0.002199	0.003011	2412.000000	199.223493	0.826196	0.001863	0.000001	0.000358	-0.002527	0.002940
3355	0.824267	0.002333	-0.000334	0.000291	-0.000550	0.002598	2414.000000	199.223493	0.824248	0.002888	-0.000267	0.000729	-0.000232	0.003421	2415.000000	199.223493	0.826678	0.002135	0.000355	0.000611	-0.000598	0.002730
3358	0.825058	0.002481	-0.000341	0.000800	-0.002460	0.002884	2417.000000	199.223493	0.826312	0.002265	-0.000867	0.000511	-0.003173	0.002929	2418.000000	199.223493	0.829186	0.000838	-0.000549	0.000846	-0.002585	0.002778
3361	0.831771	0.002806	0.000312	0.000313	-0.002209	0.003217	2420.000000	199.223493	0.833835	0.001920	-0.000401	0.000412	-0.001003	0.002524	2421.000000	199.223493	0.834240	0.002162	-0.000166	0.000407	-0.002180	0.002068
3364	0.831443	0.001564	-0.000192	0.000301	-0.000540	0.001862	2423.000000	199.223493	0.828549	0.002654	0.000388	0.000464	0.000135	0.002469	2424.000000	199.223493	0.830690	0.002918	0.000866	0.000454	-0.000820	0.001953
3367	0.831096	0.003356	0.000740	0.000852	-0.000723	0.002989	2426.000000	199.223493	0.833044	0.002447	0.000605	0.000459	0.001929	0.002847	2427.000000	199.223493	0.832002	0.004146	0.000262	0.000567	0.001157	0.002049
3370	0.833160	0.004152	0.000349	0.000410	0.000289	0.001910	2429.000000	199.223493	0.832099	0.004773	-0.001112	0.000890	-0.000453	0.001768	2430.000000	199.223493	0.831289	0.004154	-0.000487	0.000758	0.001457	0.001193
3373	0.831288	0.002660	-0.000483	0.000582	0.000608	0.001736	2432.000000	199.223493	0.830613	0.003182	0.000797	0.000586	0.000723	0.002737	2433.000000	199.223493	0.829900	0.003472	0.000506	0.000309	-0.000231	0.002642
3376	0.828974	0.002503	0.000889	0.000535	0.000415	0.002333	2435.000000	199.223493	0.829553	0.002669	0.000219	0.000545	-0.000299	0.002651	2436.000000	199.223493	0.828955	0.002008	0.000850	0.000589	-0.000087	0.002606
3379	0.829109	0.001624	-0.000071	0.000210	0.001340	0.002082	2438.000000	199.223493	0.828164	0.002178	0.000075	0.000618	0.000965	0.003502	2439.000000	199.223493	0.829321	0.002324	0.000270	0.000280	0.000849	0.003096
3382	0.829012	0.001956	-0.000417	0.000584	0.002006	0.003739	2441.000000	199.223493	0.830440	0.000886	0.000144	0.000187	0.001099	0.003078	2442.000000	199.223493	0.828877	0.001099	-0.000543	0.000466	-0.000878	0.002400
3385	0.828916	0.001189	-0.000015	0.000792	-0.000781	0.002818	2444.000000	199.223493	0.829823	0.002545	-0.000044	0.000714	-0.001861	0.002371	2445.000000	199.223493	0.828453	0.003791	-0.000415	0.000675	-0.000280	0.002484
3388	0.831925	0.003312	0.000082	0.000664	0.001321	0.002706	2447.000000	199.223493	0.833333	0.001761	0.000904	0.000781	0.002826	0.002267	2448.000000	199.223493	0.829495	0.002305	0.000731	0.000402	0.001958	0.002425
3391	0.829032	0.002039	-0.000419	0.000633	0.002440	0.001570	2450.000000	199.223493	0.829167	0.001681	0.000027	0.000235	0.002961	0.001752	2451.000000	199.223493	0.830961	0.001934	0.000005	0.000408	0.002219	0.001305
3394	0.829109	0.002212	0.001246	0.000541	-0.000694	0.001235	2453.000000	199.223493	0.829861	0.001533	0.000750	0.000713	0.001186	0.001762	2454.000000	199.223493	0.831482	0.002189	-0.000612	0.000498	0.002315	0.001303
3397	0.831867	0.002143	-0.001443	0.000531	0.000212	0.001607	2456.000000	199.223493	0.830401	0.001414	-0.000833	0.000432	-0.001148	0.002269	2457.000000	199.223493	0.828858	0.001350	-0.000741	0.000518	0.000579	0.001227
3400	0.828800	0.002138	0.000021	0.000393	-0.001697	0.001169	2459.000000	199.223493	0.829167	0.004260	-0.000092	0.000338	-0.003212	0.000655	2460.000000	199.223493	0.829224	0.005065	-0.000304	0.000401	-0.003270	0.000998
3403	0.829167	0.005115	0.000122	0.000846	-0.002267	0.001782	2462.000000	199.223493	0.832311	0.004851	0.000535	0.000660	-0.000444	0.001092	2463.000000	199.223493	0.833237	0.004738	-0.000253	0.000532	0.000125	0.001011
3406	0.831964	0.004738	-0.000183	0.000338	0.001591	0.001221	2465.000000	199.223493	0.832350	0.004253	0.000421	0.000415	0.001534	0.001424	2466.000000	199.223493	0.832523	0.004067	0.000544	0.000493	-0.000656	0.001963
3409	0.836150	0.004169	-0.000483	0.000689	-0.001389	0.001540	2468.000000	199.223493	0.833854	0.003531	0.001668	0.000878	-0.001283	0.001543	2469.000000	199.223493	0.834549	0.003556	0.000610	0.000966	-0.000579	0.001544
3412	0.833025	0.003351	0.000883	0.000348	-0.000974	0.002309	2471.000000	199.223493	0.832157	0.003899	0.000540	0.000473	-0.001052	0.002754	2472.000000	199.223493	0.835397	0.003737	-0.000237	0.000418	-0.002710	0.003086
3415	0.833873	0.002852	-0.000359	0.000153	-0.002498	0.002909	2474.000000	199.223493	0.836420	0.003205	0.000479	0.000630	-0.002999	0.001756	2475.000000	199.223493	0.833372	0.002823	0.000955	0.000224	-0.002527	0.001439
3418	0.834606	0.002852	0.000451	0.000692	-0.001524	0.001730	2477.000000	199.223493	0.834684	0.003778	-0.000101	0.000374	-0.002267	0.002503	2478.000000	199.223493	0.836728	0.003076	-0.000490	0.000397	-0.002373	0.002449
3421	0.833295	0.002760	-0.000074	0.000516	-0.001967	0.002608	2480.000000	199.223493	0.832272	0.002545	0.000026	0.000672	-0.001939	0.002761	2481.000000	199.223493	0.833256	0.002168	-0.000239	0.000479	-0.001099	0.001798
3424	0.832138	0.003126	-0.000900	0.000409	0.000502	0.001880	2483.000000	199.223493	0.833738	0.003075	-0.001354	0.000341	0.000858	0.002200	2484.000000	199.223493	0.835629	0.003844	-0.000294	0.000354	0.001639	0.001450
3427	0.835147	0.003895	0.000160	0.000601	0.001186	0.002033	2486.000000	199.223493	0.834877	0.003710	0.000010	0.000288	0.001090	0.002306	2487.000000	199.223493	0.835436	0.002705	0.000256	0.000672	0.000540	0.001969
3430	0.830594	0.004701	-0.000434	0.000251	0.000444	0.002217	2489.000000	199.223493	0.832022	0.005189	0.000255	0.000306	0.001302	0.000905	2490.000000	199.223493	0.834201	0.003459	-0.000120	0.000536	0.001283	0.002228
3433	0.835957	0.003431	-0.000167	0.000713	0.002055	0.001696	2492.000000	199.223493	0.835687	0.002577	0.000601	0.000593	0.000540	0.002129	2493.000000	199.223493	0.835166	0.001616	-0.000580	0.000771	0.002064	0.002423
3436	0.834703	0.001862	0.000187	0.000792	0.002547	0.001592	2495.000000	199.223493	0.837519	0.003717	-0.000109	0.000586	0.000058	0.001912	2496.000000	199.223493	0.837693	0.001660	-0.000414	0.000516	-0.000453	0.001767
3439	0.834857	0.002227	-0.000013	0.000638	0.001013	0.001262	2498.000000	199.223493	0.836304	0.002711	0.000467	0.000934	0.001919	0.002242	2499.000000	199.223493	0.837018	0.003677	0.001946	0.001207	0.005073	0.001901
3442	0.838001	0.002757	-0.000345	0.000590	0.005189	0.002834	2501.000000	199.223493	0.839255	0.001972	-0.000257	0.000727	0.004523	0.002162	2502.000000	199.223493	0.836343	0.003356	-0.000221	0.000690	0.006028	0.002784
3445	0.837365	0.004454	0.001194	0.000688	0.004369	0.002454	2504.000000	199.223493	0.836960	0.004026	0.000377	0.000632	0.002218	0.002442	2505.000000	199.223493	0.836111	0.004576	0.000186	0.000732	0.002672	0.002867
3448	0.834664	0.004055	0.001252	0.000901	0.001389	0.002589	2507.000000	199.223493	0.836516	0.004406	0.001074	0.000683	0.002768	0.002486	2508.000000	199.223493	0.836497	0.004759	0.001437	0.000865	0.002604	0.001865
3451	0.835494	0.003284	-0.000066	0.000837	0.001466	0.001761	2510.000000	199.223493	0.835301	0.002382	0.001091	0.000618	0.001399	0.001430	2511.000000	199.223493	0.835455	0.003071	0.000062	0.000557	0.002710	0.000865
3454	0.835957	0.004227	0.000095	0.000577	0.003761	0.001444	2513.000000	199.223493	0.834201	0.002388	-0.000343	0.000478	0.002662	0.001130	2514.000000	199.223493	0.832214	0.002126	0.000408	0.000524	0.003279	0.001584
3457	0.833507	0.001991	0.000128	0.000505	0.002025	0.001647	2516.000000	199.223493	0.830440	0.002387	-0.000358	0.000619	0.001080	0.001984	2517.000000	199.223493	0.831404	0.002851	-0.001193	0.000441	0.001225	0.002253
3460	0.828164	0.002853	-0.001056	0.000330	-0.000357	0.002212	2519.000000	199.223493	0.829784	0.001274	-0.000132	0.000331	-0.000424	0.002146	2520.000000	199.223493	0.830594	0.001057	0.000393	0.000460	0.000897	0.002342
3463	0.830421	0.002099	-0.000430	0.000357	0.000829	0.002565	2522.000000	199.223493	0.827855	0.002725	-0.000055	0.000822	-0.000241	0.002887	2523.000000	199.223493	0.829012	0.002449	0.000211	0.000860	-0.000067	0.002730
3466	0.827604	0.003467	-0.000066	0.000202	-0.000000	0.001723	2525.000000	199.223493	0.828858	0.003296	0.000208	0.000301	0.001408	0.002184	2526.000000	199.223493	0.831675	0.004040	-0.000658	0.000753	0.001794	0.002032
3469	0.830922	0.003530	0.000283	0.000450	0.002623	0.001989	2528.000000	199.223493	0.830845	0.002700	0.000207	0.000537	0.000704	0.002888	2529.000000	199.223493	0.832504	0.003032	0.000883	0.000706	0.000482	0.001893
3472	0.834587	0.003414	0.000816	0.000483	0.000039	0.002799	2531.000000	199.223493	0.832870	0.004178	0.000638	0.000555	-0.001389	0.001971	2532.000000	199.223493	0.830961	0.003463	0.001155	0.000643	-0.000087	0.002100
3475	0.832600	0.003201	0.001183	0.000741	-0.000415	0.001690	2534.000000	199.223493	0.831964	0.002254	0.000020	0.000489	0.000752	0.002570	2535.000000	199.223493	0.832060	0.001015	0.000976	0.000548	0.001235	0.002250
3478	0.832523	0.000962	0.000595	0.000310	-0.000424	0.002226	2537.000000	199.223493	0.831038	0.000398	0.000324	0.000377	-0.000511	0.002103	2538.000000	199.223493	0.829456	0.001076	-0.000038	0.000481	0.001427	0.001896
3481	0.826080	0.001496	0.000888	0.000311	0.000386	0.001666	2540.000000	199.223493	0.824942	0.001560	0.001299	0.000753	0.001186	0.001297	2541.000000	199.223493	0.826968	0.000728	0.000878	0.000670	0.001023	0.001275
3484	0.829881	0.001640	-0.000562	0.000572	0.001186	0.002450	2543.000000	199.223493	0.828588	0.002024	0.000382	0.000529	-0.000067	0.002280	2544.000000	199.223493	0.829090	0.000476	0.000383	0.000514	0.001071	0.002087
3487	0.830208	0.001703	0.000431	0.000905	0.000405	0.001684	2546.000000	199.223493	0.830343	0.002082	0.000353	0.000656	0.000261	0.002387	2547.000000	199.223493	0.834819	0.002158	0.000621	0.000395	0.001216	0.002729
3490	0.835069	0.002034	0.000742	0.000311	0.000280	0.002887	2549.000000	199.223493	0.834163	0.002650	0.001148	0.000325	0.001148	0.002059	2550.000000	199.223493	0.830768	0.002756	0.000144	0.000504	-0.000453	0.002825
3493	0.829649	0.002303	-0.000515	0.000874	0.000231	0.003180	2552.000000	199.223493	0.830170	0.003029	0.000936	0.000566	0.000241	0.003002	2553.000000	199.223493	0.826871	0.003430	0.001584	0.000598	-0.000743	0.003046
3496	0.825868	0.003336	0.001017	0.000509	0.001505	0.002397	2555.000000	199.223493	0.826794	0.003109	0.001343	0.000924	0.001678	0.001784	2556.000000	199.223493	0.828029	0.002885	0.000875	0.000514	-0.000010	0.002778
3499	0.829456	0.002415	0.000494	0.000888	-0.000608	0.002167	2558.000000	199.223493	0.825637	0.002362	-0.000317	0.000494	0.000637	0.002554	2559.000000	199.223493	0.827045	0.002229	0.000402	0.000219	0.000801	0.002726
3502	0.827990	0.001798	0.000032	0.000807	0.001100	0.002239	2561.000000	199.223493	0.829186	0.001665	0.000488	0.000300	-0.000039	0.002401	2562.000000	199.223493	0.830266	0.003122	0.000221	0.000162	-0.000357	0.001967
3505	0.827450	0.002605	-0.000331	0.000390	-0.000039	0.002215	2564.000000	199.223493	0.828202	0.001737	-0.000286	0.000506	-0.000000	0.001957	2565.000000	199.223493	0.829494	0.002524	-0.000259	0.000337	-0.001447	0.001583
3508	0.827797	0.002924	-0.000623	0.000589	-0.001138	0.001469	2567.000000	199.223493	0.828434	0.003035	0.000137	0.000604	-0.002276	0.001796	2568.000000	199.223493	0.826543	0.004436	0.000349	0.000324	-0.002739	0.001358
3511	0.829398	0.003415	-0.000288	0.000674	-0.003646	0.001562	2570.000000	199.223493	0.829784	0.003933	0.001090	0.000375	-0.003424	0.002201	2571.000000	199.223493	0.828318	0.003974	0.000962	0.000462	-0.003877	0.002208
3514	0.826427	0.003047	-0.000120	0.000170	-0.004745	0.001812	2573.000000	199.223493	0.826370	0.002412	-0.000375	0.000518	-0.003569	0.002229	2574.000000	199.223493	0.826138	0.003107	-0.000034	0.000380	-0.001360	0.002536
3517	0.826717	0.002921	-0.000031	0.000396	0.000299	0.002189	2576.000000	199.223493	0.826890	0.002211	-0.000087	0.000419	-0.001408	0.002501	2577.000000	199.223493	0.824055	0.001597	-0.000087	0.000082	-0.000550	0.003059
3520	0.826254	0.002399	-0.000013	0.000712	-0.000627	0.002408	2579.000000	199.223493	0.827488	0.001796	0.000236	0.000456	-0.000212	0.003513	2580.000000	199.223493	0.825579	0.001695	0.000025	0.000319	0.000328	0.002905
3523	0.827064	0.002053	-0.000112	0.000446	0.000666	0.002832	2582.000000	199.223493	0.828395	0.002934	-0.000123	0.000254	0.000280	0.002987	2583.000000	199.223493	0.830787	0.001356	-0.000421	0.000320	0.000839	0.002227
3526	0.832176	0.002042	-0.000690	0.000572	-0.000839	0.001698	2585.000000	199.223493	0.830864	0.003711	0.000258	0.000354	-0.000337	0.001532	2586.000000	199.223493	0.833314	0.003555	0.000674	0.000340	-0.000502	0.001834
3529	0.833893	0.003243	0.000118	0.000504	-0.002797	0.001438	2588.000000	199.223493	0.830170	0.003973	0.000300	0.000929	-0.003385	0.001088	2589.000000	199.223493	0.828453	0.002222	0.001053	0.000538	-0.002093	0.001745
3532	0.830536	0.002566	-0.000384	0.000476	-0.002315	0.001426	2591.000000	199.223493	0.831829	0.003240	0.000775	0.000673	-0.005179	0.000639	2592.000000	199.223493	0.828549	0.002735	-0.001009	0.000564	-0.004890	0.001961
3535	0.828704	0.002618	0.000600	0.000433	-0.003916	0.001140	2594.000000	199.223493	0.828067	0.003119	0.000829	0.000504	-0.005131	0.001251	2595.000000	199.223493	0.827797	0.003331	-0.000078	0.000410	-0.003848	0.000977
3538	0.827894	0.004070	0.000341	0.000317	-0.002884	0.001917	2597.000000	199.223493	0.829205	0.004461	-0.000112	0.000315	-0.001756	0.001358	2598.000000	199.223493	0.827353	0.003745	-0.000149	0.000482	-0.001968	0.001592
3541	0.830690	0.002509	0.000122	0.000854	0.000781	0.001694	2600.000000	199.223493	0.830208	0.002482	0.000304	0.000493	-0.000868	0.001392	2601.000000	199.223493	0.830459	0.001981	0.000535	0.000559	-0.000444	0.001205
3544	0.831597	0.001796	-0.000374	0.000315	0.000396	0.001175	2603.000000	199.223493	0.830690	0.002279	0.000371	0.000409	0.001601	0.001516	2604.000000	199.223493	0.831790	0.002416	-0.001314	0.000516	0.001669	0.001506
3547	0.830112	0.003005	-0.000680	0.000917	0.001283	0.002208	2606.000000	199.223493	0.830151	0.003124	0.000065	0.000382	0.000965	0.001542	2607.000000	199.223493	0.833025	0.003900	-0.000455	0.000424	0.000087	0.001417
3550	0.832388	0.002973	0.000542	0.000308	0.000203	0.000948	2609.000000	199.223493	0.830575	0.002212	0.000019	0.000264	-0.000974	0.001538	2610.000000	199.223493	0.828549	0.002473	0.000599	0.000429	0.000762	0.002134
3553	0.830363	0.003128	-0.000148	0.000604	-0.000781	0.001663	2612.000000	199.223493	0.830112	0.002971	-0.000343	0.000620	0.000617	0.001268	2613.000000	199.223493	0.829263	0.004082	0.000201	0.000704	0.000945	0.001691
3556	0.828453	0.004303	0.001144	0.000585	0.000366	0.001296	2615.000000	199.223493	0.830440	0.004369	0.000247	0.000420	0.002257	0.001078	2616.000000	199.223493	0.833507	0.005119	0.000284	0.000379	0.000820	0.001384
3559	0.834278	0.004643	0.000280	0.001395	0.000704	0.001730	2618.000000	199.223493	0.834471	0.003326	-0.000211	0.000391	0.000868	0.001533	2619.000000	199.223493	0.833719	0.003207	0.000455	0.000307	-0.000019	0.001210
3562	0.836169	0.002576	0.001281	0.000528	0.001466	0.001136	2621.000000	199.223493	0.834336	0.004000	0.001418	0.000638	-0.000270	0.001205	2622.000000	199.223493	0.834163	0.004179	0.001242	0.000613	0.003337	0.001230
3565	0.835802	0.004204	0.000289	0.000202	0.004562	0.001239	2624.000000	199.223493	0.835590	0.003891	0.000205	0.000277	0.004832	0.001049	2625.000000	199.223493	0.833468	0.002968	-0.000594	0.000568	0.004119	0.001196
3568	0.834182	0.003361	-0.000283	0.000825	0.003829	0.001331	2627.000000	199.223493	0.838349	0.003670	0.000774	0.000629	0.004958	0.001757	2628.000000	199.223493	0.836208	0.003941	0.000855	0.000923	0.004687	0.001835
3571	0.834336	0.002974	0.001009	0.000679	0.004523	0.001413	2630.000000	199.223493	0.832658	0.001992	0.000075	0.000561	0.003858	0.001082	2631.000000	199.223493	0.833198	0.002101	0.000476	0.000541	0.004089	0.001365
3574	0.831520	0.002250	0.000621	0.000660	0.004070	0.001716	2633.000000	199.223493	0.830285	0.003075	0.001648	0.000298	0.003212	0.001415	2634.000000	199.223493	0.830729	0.002871	0.001470	0.000357	0.001495	0.001487
3577	0.831153	0.004640	0.000849	0.000560	0.002054	0.001755	2636.000000	199.223493	0.832542	0.004667	0.001119	0.000143	0.001688	0.001803	2637.000000	199.223493	0.830961	0.003766	0.000744	0.000697	0.002334	0.001483
3580	0.827296	0.002456	-0.000228	0.000676	0.000907	0.001799	2639.000000	199.223493	0.825501	0.001971	0.001023	0.000416	0.001273	0.001863	2640.000000	199.223493	0.827276	0.001466	-0.000048	0.000462	0.002836	0.001729
3583	0.828800	0.001316	0.000202	0.000666	0.002392	0.002882	2642.000000	199.223493	0.832716	0.002000	-0.000229	0.000419	0.001910	0.002328	2643.000000	199.223493	0.833680	0.002725	-0.000467	0.000549	0.000762	0.002831
3586	0.829012	0.002872	0.000430	0.000326	0.001649	0.001474	2645.000000	199.223493	0.832581	0.002420	0.000158	0.000368	0.001900	0.001825	2646.000000	199.223493	0.832253	0.002731	0.000155	0.000492	-0.000955	0.001144
3589	0.829475	0.001891	0.001259	0.000413	-0.001533	0.000946	2648.000000	199.223493	0.829398	0.001480	0.002381	0.000434	-0.000376	0.000980	2649.000000	199.223493	0.826293	0.001288	-0.000171	0.000335	0.000926	0.001328
3592	0.827354	0.001267	0.001251	0.000384	0.002180	0.001379	2651.000000	199.223493	0.826794	0.001602	0.000831	0.000340	0.001543	0.001309	2652.000000	199.223493	0.827797	0.001725	0.000219	0.000273	0.001640	0.001445
3595	0.830420	0.002725	0.000133	0.000471	0.001591	0.001335	2654.000000	199.223493	0.830170	0.003665	0.001378	0.000720	0.002421	0.001443	2655.000000	199.223493	0.830748	0.004649	0.000685	0.000389	0.002421	0.000799
3598	0.832581	0.004389	0.001145	0.000806	0.000492	0.001013	2657.000000	199.223493	0.832619	0.004175	0.000415	0.000818	0.000617	0.001366	2658.000000	199.223493	0.831925	0.003370	0.001991	0.000874	0.000878	0.002016
3601	0.829919	0.003657	0.001301	0.000713	0.000743	0.002374	2660.000000	199.223493	0.829726	0.002976	0.000498	0.000627	-0.000878	0.002688	2661.000000	199.223493	0.825309	0.001979	-0.000208	0.000720	0.000656	0.001080
3604	0.825077	0.001900	0.000036	0.000557	0.000974	0.001574	2663.000000	199.223493	0.824094	0.002628	0.000313	0.000456	0.002922	0.001440	2664.000000	199.223493	0.824865	0.001894	0.000420	0.000462	0.001080	0.001193
3607	0.825347	0.002146	-0.000004	0.000486	0.001630	0.002095	2666.000000	199.223493	0.828858	0.002156	-0.000463	0.000377	0.002305	0.001765	2667.000000	199.223493	0.828376	0.003852	-0.000873	0.000274	0.002382	0.001569
3610	0.829282	0.003632	0.000459	0.000384	0.000444	0.001482	2669.000000	199.223493	0.825328	0.003920	0.000858	0.000328	0.002122	0.001925	2670.000000	199.223493	0.823611	0.004130	-0.000285	0.000469	0.001254	0.002025
3613	0.824691	0.003104	-0.000286	0.000370	-0.000608	0.001857	2672.000000	199.223493	0.829302	0.003467	0.000232	0.000452	-0.003299	0.001784	2673.000000	199.223493	0.828009	0.002366	0.000295	0.000587	-0.001206	0.002192
3616	0.828820	0.002248	0.000284	0.000620	-0.001437	0.002596	2675.000000	199.223493	0.830305	0.002391	0.000110	0.000148	-0.001910	0.001522	2676.000000	199.223493	0.829784	0.002363	0.000860	0.000408	-0.002180	0.002049
3619	0.829494	0.002077	-0.000553	0.000869	-0.003038	0.001732	2678.000000	199.223493	0.831018	0.001012	0.000220	0.000946	-0.003521	0.001536	2679.000000	199.223493	0.832253	0.001480	-0.000360	0.000816	-0.004697	0.002338
3622	0.830344	0.001390	0.000065	0.000782	-0.003877	0.002770	2681.000000	199.223493	0.828105	0.000465	0.001194	0.000713	-0.004331	0.002900	2682.000000	199.223493	0.828916	0.001590	-0.000031	0.000640	-0.004254	0.003097
3625	0.830671	0.001100	-0.000796	0.000725	-0.004466	0.002481	2684.000000	199.223493	0.831906	0.001691	0.000017	0.000865	-0.003231	0.002222	2685.000000	199.223493	0.831327	0.001188	-0.000007	0.000559	-0.003675	0.002565
3628	0.830980	0.001372	0.000169	0.000460	-0.002537	0.002526	2687.000000	199.223493	0.831713	0.002008	-0.000899	0.000463	-0.001659	0.002284	2688.000000	199.223493	0.833642	0.002235	0.000353	0.000581	-0.000772	0.002420
3631	0.835127	0.002003	0.000426	0.000462	0.000145	0.001569	2690.000000	199.223493	0.834857	0.002027	-0.000857	0.000341	-0.000357	0.001724	2691.000000	199.223493	0.833738	0.002487	-0.000673	0.000410	0.001225	0.002128
3634	0.833526	0.002629	-0.000108	0.000496	0.000569	0.001328	2693.000000	199.223493	0.836246	0.002364	0.000176	0.000620	0.001659	0.001734	2694.000000	199.223493	0.835398	0.002559	-0.000092	0.000828	0.001534	0.001777
3637	0.833584	0.001830	0.000051	0.000951	0.001476	0.002145	2696.000000	199.223493	0.837539	0.002419	-0.000119	0.000614	0.001929	0.002007	2697.000000	199.223493	0.835166	0.002625	-0.000082	0.000187	0.002218	0.002268
3640	0.834799	0.003501	0.000220	0.000355	0.002025	0.001971	2699.000000	199.223493	0.836555	0.003802	-0.001065	0.000409	0.002141	0.002055	2700.000000	199.223493	0.837326	0.003046	-0.001202	0.001015	0.004138	0.002122
3643	0.837731	0.003858	-0.000659	0.000894	0.002923	0.001801	2702.000000	199.223493	0.835899	0.003694	-0.000080	0.000347	0.002884	0.002107	2703.000000	199.223493	0.833854	0.003608	0.000631	0.000367	-0.000424	0.002956
3646	0.834201	0.002310	0.001304	0.000471	0.002884	0.002401	2705.000000	199.223493	0.830613	0.002145	-0.000868	0.000603	0.000897	0.001961	2706.000000	199.223493	0.832176	0.002573	0.000337	0.000390	-0.001582	0.003129
3649	0.833121	0.003116	0.000889	0.000732	-0.000714	0.002414	2708.000000	199.223493	0.832581	0.002746	-0.000477	0.000353	0.000704	0.002234	2709.000000	199.223493	0.833565	0.002941	0.000036	0.000461	-0.000617	0.001361
3652	0.832678	0.001573	-0.000622	0.000370	-0.001861	0.002060	2711.000000	199.223493	0.833565	0.002149	-0.000388	0.000586	-0.003655	0.002613	2712.000000	199.223493	0.833333	0.002634	-0.000090	0.000671	-0.004803	0.002301
3655	0.831327	0.003423	-0.000463	0.000516	-0.005054	0.002786	2714.000000	199.223493	0.832523	0.003438	-0.000004	0.000217	-0.005748	0.002830	2715.000000	199.223493	0.831983	0.004134	0.000465	0.000660	-0.005160	0.002426
3658	0.833739	0.004072	0.000203	0.000324	-0.004688	0.002214	2717.000000	199.223493	0.830787	0.003095	-0.000433	0.000548	-0.004485	0.002048	2718.000000	199.223493	0.830208	0.002118	0.000070	0.000824	-0.000685	0.001778
3661	0.827739	0.003393	0.000431	0.000426	-0.001215	0.001790	2720.000000	199.223493	0.824961	0.003873	0.000715	0.000502	-0.002469	0.002586	2721.000000	199.223493	0.825097	0.003273	0.000930	0.000500	-0.000434	0.002270
3664	0.826910	0.002286	0.000198	0.000347	-0.002016	0.002505	2723.000000	199.223493	0.828588	0.003252	0.000218	0.000294	-0.000887	0.002688	2724.000000	199.223493	0.830401	0.002972	0.000097	0.000339	-0.001138	0.002912
3667	0.829533	0.003160	-0.000584	0.000338	-0.000106	0.003000	2726.000000	199.223493	0.824903	0.002613	-0.000245	0.000262	-0.000984	0.002822	2727.000000	199.223493	0.824074	0.002314	0.000021	0.000366	-0.001186	0.002971
3670	0.823650	0.002295	0.000067	0.000387	0.000791	0.002533	2729.000000	199.223493	0.824305	0.002901	-0.000078	0.000706	0.002112	0.003217	2730.000000	199.223493	0.824518	0.002031	0.000156	0.000503	0.002421	0.002990
3673	0.823669	0.002492	-0.000479	0.000738	0.000550	0.002872	2732.000000	199.223493	0.824383	0.002953	-0.001097	0.000334	-0.001003	0.003168	2733.000000	199.223493	0.826177	0.002085	-0.000500	0.000835	-0.000125	0.002825
3676	0.826620	0.002897	0.000835	0.000186	0.000569	0.002965	2735.000000	199.223493	0.829379	0.002383	-0.000219	0.000442	0.000540	0.002700	2736.000000	199.223493	0.829803	0.002975	0.000062	0.000350	0.000868	0.002693
3679	0.828684	0.001444	0.000075	0.000226	0.001765	0.002009	2738.000000	199.223493	0.826061	0.001134	0.000809	0.000472	0.002845	0.002378	2739.000000	199.223493	0.827315	0.001350	0.000301	0.000624	0.002536	0.002234
3682	0.827373	0.001835	0.001131	0.000692	0.003308	0.002602	2741.000000	199.223493	0.828897	0.002206	0.000494	0.000524	0.005980	0.002648	2742.000000	199.223493	0.825926	0.003230	-0.000404	0.000204	0.003588	0.001392
3685	0.826678	0.003590	0.000332	0.000420	0.002103	0.001730	2744.000000	199.223493	0.825560	0.003374	-0.000296	0.000413	0.000067	0.001756	2745.000000	199.223493	0.823264	0.003771	0.000141	0.000466	0.003395	0.000780
3688	0.826099	0.002399	-0.000103	0.000345	0.001968	0.001649	2747.000000	199.223493	0.825328	0.001693	0.000531	0.000683	0.002373	0.002477	2748.000000	199.223493	0.823785	0.002629	0.000161	0.000442	0.002035	0.002504
3691	0.823785	0.003024	-0.000086	0.000367	0.002942	0.001394	2750.000000	199.223493	0.825617	0.003313	-0.000098	0.000463	0.001833	0.002002	2751.000000	199.223493	0.826389	0.002323	0.000431	0.000257	0.002131	0.002336
3694	0.826948	0.001344	0.000021	0.000221	0.002199	0.001959	2753.000000	199.223493	0.826910	0.001450	0.000091	0.000605	0.001881	0.003350	2754.000000	199.223493	0.829225	0.002291	-0.000036	0.000181	0.001360	0.003007
3697	0.828048	0.001987	-0.000238	0.000542	0.002836	0.003393	2756.000000	199.223493	0.830324	0.000879	0.000214	0.000186	0.001263	0.003029	2757.000000	199.223493	0.830922	0.001660	-0.000646	0.000418	-0.000637	0.002313
3700	0.830787	0.001114	0.000073	0.000750	-0.001070	0.002901	2759.000000	199.223493	0.831115	0.002717	0.000333	0.000758	-0.001398	0.002276	2760.000000	199.223493	0.829977	0.003762	0.000152	0.000768	-0.000231	0.002474
3703	0.832369	0.003298	0.000248	0.000582	0.002025	0.002474	2762.000000	199.223493	0.833931	0.001663	0.000347	0.000807	0.004359	0.001967	2763.000000	199.223493	0.829263	0.002344	0.000371	0.000516	0.002517	0.002318
3706	0.828646	0.002087	-0.000179	0.000602	0.003270	0.001527	2765.000000	199.223493	0.828819	0.001782	-0.000377	0.000233	0.002778	0.001766	2766.000000	199.223493	0.830845	0.002004	-0.000285	0.000401	0.002421	0.001273
3709	0.830671	0.001653	0.001147	0.000610	-0.000791	0.001185	2768.000000	199.223493	0.831404	0.001347	0.001387	0.000495	0.000723	0.001613	2769.000000	199.223493	0.833276	0.001548	-0.000160	0.000559	0.001572	0.001463
3712	0.833796	0.001541	-0.001238	0.000574	-0.000299	0.001612	2771.000000	199.223493	0.831462	0.001391	-0.000527	0.000415	-0.002103	0.002288	2772.000000	199.223493	0.830401	0.001220	-0.000724	0.000528	-0.001485	0.001458
3715	0.831404	0.001504	0.000043	0.000399	-0.002527	0.001516	2774.000000	199.223493	0.830382	0.004262	0.000484	0.000532	-0.003540	0.000584	2775.000000	199.223493	0.832793	0.004114	-0.000193	0.000367	-0.004581	0.000899
3718	0.831597	0.004887	0.000850	0.000527	-0.003521	0.001059	2777.000000	199.223493	0.831752	0.004880	0.000906	0.000493	-0.001495	0.000325	2778.000000	199.223493	0.832330	0.004763	0.000705	0.000469	0.000994	0.001461
3721	0.831173	0.004498	0.000083	0.000420	0.002296	0.001576	2780.000000	199.223493	0.832234	0.004225	0.000368	0.000407	0.000772	0.000789	2781.000000	199.223493	0.832697	0.004088	0.000533	0.000491	-0.001350	0.001628
3724	0.835744	0.004183	-0.000572	0.000661	-0.002507	0.001276	2783.000000	199.223493	0.834356	0.003528	0.001605	0.000879	-0.002440	0.001336	2784.000000	199.223493	0.834163	0.003555	0.000692	0.000972	-0.001929	0.001356
3727	0.831732	0.003288	0.001317	0.000626	-0.001254	0.002327	2786.000000	199.223493	0.831829	0.003839	0.000361	0.000393	-0.000762	0.002758	2787.000000	199.223493	0.834433	0.003694	0.000010	0.000557	-0.002228	0.003152
3730	0.834684	0.003150	0.000737	0.000864	-0.001621	0.002981	2789.000000	199.223493	0.835204	0.003133	0.000161	0.000741	-0.000887	0.002234	2790.000000	199.223493	0.832446	0.002297	0.000419	0.000420	-0.000993	0.001650
3733	0.833025	0.002100	0.000107	0.000406	-0.000087	0.001674	2792.000000	199.223493	0.833121	0.003456	0.000183	0.000381	-0.000637	0.002563	2793.000000	199.223493	0.833353	0.001607	0.000059	0.000564	-0.000695	0.002614
3736	0.832157	0.002377	-0.000065	0.000515	0.000155	0.002721	2795.000000	199.223493	0.832157	0.002518	-0.000045	0.000661	-0.000781	0.002806	2796.000000	199.223493	0.834086	0.002446	0.000457	0.000295	-0.001514	0.001694
3739	0.832408	0.003232	-0.001032	0.000400	0.001003	0.001824	2798.000000	199.223493	0.832620	0.002599	-0.001078	0.000286	0.002575	0.001115	2799.000000	199.223493	0.834587	0.003564	0.000041	0.000292	0.002710	0.000613
3742	0.835629	0.003929	0.000206	0.000600	0.002961	0.001556	2801.000000	199.223493	0.834279	0.003736	0.000029	0.000290	0.003752	0.001702	2802.000000	199.223493	0.834857	0.002485	-0.000073	0.000604	0.003096	0.001529
3745	0.830324	0.004601	-0.000332	0.000274	0.002402	0.001615	2804.000000	199.223493	0.831443	0.004997	-0.000012	0.000402	0.002055	0.001075	2805.000000	199.223493	0.833507	0.003314	0.000065	0.000566	0.001235	0.002257
3748	0.835513	0.003369	-0.000115	0.000704	0.001929	0.001774	2807.000000	199.223493	0.835976	0.002582	0.000254	0.000552	-0.000598	0.002388	2808.000000	199.223493	0.835301	0.001655	-0.000374	0.000806	0.001726	0.002613
3751	0.835880	0.002535	0.000133	0.000777	0.002276	0.001736	2810.000000	199.223493	0.836381	0.003664	-0.000276	0.000585	0.000916	0.001623	2811.000000	199.223493	0.836941	0.001559	-0.000945	0.000453	0.000859	0.001485
3754	0.832677	0.001763	-0.000345	0.000476	0.002199	0.000929	2813.000000	199.223493	0.833063	0.001361	-0.000509	0.000367	0.002662	0.002079	2814.000000	199.223493	0.830980	0.003394	0.000647	0.000628	0.005401	0.001668
3757	0.833391	0.003034	-0.000830	0.000386	0.005151	0.002854	2816.000000	199.223493	0.832774	0.003852	-0.000758	0.000509	0.005006	0.001987	2817.000000	199.223493	0.829668	0.003528	-0.000865	0.000565	0.005932	0.002829
3760	0.831173	0.003100	0.000118	0.000394	0.005044	0.002002	2819.000000	199.223493	0.832523	0.002963	-0.000072	0.000316	0.002594	0.002301	2820.000000	199.223493	0.829977	0.002938	-0.000116	0.000507	0.002219	0.003001
3763	0.829900	0.001215	0.000283	0.000430	0.001601	0.002521	2822.000000	199.223493	0.831482	0.000804	0.000221	0.000386	0.002894	0.002437	2823.000000	199.223493	0.830826	0.001806	0.000346	0.000939	0.002575	0.001883
3766	0.831732	0.001246	-0.001077	0.000442	0.001649	0.001607	2825.000000	199.223493	0.831944	0.001793	0.000124	0.000403	0.000878	0.001830	2826.000000	199.223493	0.829437	0.003283	-0.000192	0.000618	0.001196	0.001885
3769	0.829495	0.002948	-0.000472	0.000589	0.002971	0.001935	2828.000000	199.223493	0.829765	0.001818	-0.000249	0.000456	0.001283	0.001626	2829.000000	199.223493	0.829726	0.000697	0.000328	0.000587	0.000984	0.002542
3772	0.831038	0.002281	-0.000090	0.000523	-0.000318	0.002490	2831.000000	199.223493	0.828202	0.002023	-0.000153	0.000652	-0.000695	0.002726	2832.000000	199.223493	0.829147	0.003315	-0.000760	0.000602	0.000829	0.002357
3775	0.826138	0.003291	-0.000831	0.000336	-0.001215	0.002294	2834.000000	199.223493	0.828260	0.002133	-0.000239	0.000390	-0.000038	0.002120	2835.000000	199.223493	0.827720	0.002385	0.000629	0.000398	0.000694	0.002342
3778	0.827894	0.002033	0.000276	0.000404	0.000039	0.002656	2837.000000	199.223493	0.825945	0.003066	0.000061	0.000871	0.000077	0.002928	2838.000000	199.223493	0.827952	0.002743	0.000448	0.000799	-0.000550	0.002643
3781	0.827816	0.003454	-0.000145	0.000226	-0.000135	0.001685	2840.000000	199.223493	0.829417	0.003250	-0.000290	0.000381	0.001302	0.002158	2841.000000	199.223493	0.830189	0.004059	-0.000546	0.000780	0.001977	0.002077
3784	0.830806	0.003554	-0.000094	0.000339	0.001881	0.001943	2843.000000	199.223493	0.830652	0.002721	0.000041	0.000491	-0.000376	0.002625	2844.000000	199.223493	0.830845	0.002718	0.001198	0.000515	-0.000694	0.001497
3787	0.832485	0.003445	0.001031	0.000532	-0.001678	0.002064	2846.000000	199.223493	0.833488	0.004128	0.000417	0.000529	-0.002103	0.001667	2847.000000	199.223493	0.828954	0.003774	0.000393	0.000432	-0.000096	0.002095
3790	0.833102	0.003050	0.001100	0.000759	0.000116	0.001865	2849.000000	199.223493	0.833352	0.001682	-0.000278	0.000484	0.001312	0.002575	2850.000000	199.223493	0.830671	0.001650	0.000933	0.000559	0.000588	0.002126
3793	0.832157	0.000986	-0.000096	0.000355	-0.000993	0.002035	2852.000000	199.223493	0.830961	0.000429	0.000306	0.000372	-0.001495	0.001614	2853.000000	199.223493	0.830382	0.001545	-0.000063	0.000471	0.001032	0.001805
3796	0.828067	0.002119	0.000515	0.000361	0.000897	0.001914	2855.000000	199.223493	0.826292	0.002518	0.001396	0.000749	0.002238	0.001973	2856.000000	199.223493	0.829225	0.001530	0.000753	0.000677	0.002151	0.002040
3799	0.831578	0.001174	-0.000214	0.000645	0.002083	0.002928	2858.000000	199.223493	0.829687	0.001718	0.000120	0.000516	0.000550	0.002590	2859.000000	199.223493	0.829591	0.000654	0.000701	0.000678	0.001302	0.002167
3802	0.829012	0.001800	0.000096	0.000732	0.000665	0.001751	2861.000000	199.223493	0.830305	0.002087	0.000285	0.000631	0.000125	0.002328	2862.000000	199.223493	0.833179	0.002744	0.000675	0.000421	0.001293	0.002752
3805	0.831617	0.004655	0.000630	0.000293	0.000511	0.002964	2864.000000	199.223493	0.832465	0.004166	0.000871	0.000337	0.001177	0.002070	2865.000000	199.223493	0.830015	0.003418	0.000022	0.000460	0.000280	0.003078
3808	0.828009	0.003518	-0.000795	0.000771	0.000164	0.003158	2867.000000	199.223493	0.830517	0.002768	0.001005	0.000561	-0.000434	0.002710	2868.000000	199.223493	0.827874	0.002802	0.001512	0.000614	-0.001775	0.002596
3811	0.826717	0.002895	0.000871	0.000579	0.001071	0.002279	2870.000000	199.223493	0.828993	0.002814	0.000715	0.001137	0.001408	0.001742	2871.000000	199.223493	0.829726	0.002068	0.001054	0.000452	-0.000270	0.002771
3814	0.833372	0.001864	0.000700	0.000895	-0.000907	0.002144	2873.000000	199.223493	0.829649	0.002611	-0.000522	0.000649	0.000897	0.002547	2874.000000	199.223493	0.830016	0.002300	0.000297	0.000171	0.000260	0.002824
3817	0.829649	0.001482	0.000008	0.000812	0.000434	0.002321	2876.000000	199.223493	0.829437	0.001666	-0.000039	0.000382	-0.002922	0.002048	2877.000000	199.223493	0.833160	0.001923	-0.000071	0.000351	-0.002518	0.001528
3820	0.829861	0.001952	-0.000314	0.000400	-0.002103	0.001740	2879.000000	199.223493	0.831211	0.002171	-0.000985	0.000673	-0.002334	0.001323	2880.000000	199.223493	0.832639	0.001924	-0.000774	0.000369	-0.003279	0.000560
3823	0.830015	0.002453	-0.000792	0.000575	-0.002180	0.001546	2882.000000	199.223493	0.829823	0.002694	0.000121	0.000600	-0.004427	0.001331	2883.000000	199.223493	0.830961	0.003074	0.000246	0.000384	-0.003549	0.001380
3826	0.831559	0.002777	0.000430	0.000709	-0.005517	0.001695	2885.000000	199.223493	0.832890	0.003569	0.000849	0.000503	-0.004861	0.002014	2886.000000	199.223493	0.830903	0.003600	0.000822	0.000457	-0.003607	0.002212
3829	0.829012	0.002452	0.000447	0.000550	-0.004803	0.001816	2888.000000	199.223493	0.827797	0.001998	-0.000111	0.000682	-0.003626	0.002232	2889.000000	199.223493	0.827392	0.003189	-0.000046	0.000375	-0.000617	0.002497
3832	0.829379	0.003202	-0.000008	0.000391	0.000800	0.002059	2891.000000	199.223493	0.829630	0.002577	-0.000067	0.000421	-0.000588	0.002402	2892.000000	199.223493	0.826582	0.001315	-0.000498	0.000345	0.000665	0.002844
3835	0.826061	0.002433	0.000002	0.000715	0.001157	0.002607	2894.000000	199.223493	0.827662	0.001768	0.000054	0.000425	0.000193	0.003567	2895.000000	199.223493	0.826350	0.001143	-0.000254	0.000403	-0.000000	0.002851
3838	0.827566	0.001704	-0.000131	0.000450	0.001080	0.002884	2897.000000	199.223493	0.828414	0.002929	-0.000602	0.000499	0.000029	0.002944	2898.000000	199.223493	0.830710	0.001372	-0.000576	0.000339	0.001032	0.002306
3841	0.831578	0.002383	-0.001057	0.000357	0.000308	0.002068	2900.000000	199.223493	0.830536	0.003850	-0.000016	0.000321	0.000328	0.001587	2901.000000	199.223493	0.832928	0.003678	0.000530	0.000297	-0.000357	0.001814
3844	0.832157	0.004131	0.000747	0.000315	-0.003183	0.001406	2903.000000	199.223493	0.829109	0.004357	0.000825	0.000633	-0.002806	0.000952	2904.000000	199.223493	0.826833	0.002692	0.001230	0.000387	-0.000723	0.001120
3847	0.827739	0.003252	-0.000290	0.000500	-0.001109	0.001624	2906.000000	199.223493	0.827681	0.003688	0.000169	0.000644	-0.002913	0.001575	2907.000000	199.223493	0.826582	0.003383	-0.000351	0.000494	-0.002729	0.001982
3850	0.826794	0.002613	0.000589	0.000439	-0.002411	0.001083	2909.000000	199.223493	0.827392	0.003112	0.000830	0.000504	-0.003347	0.001374	2910.000000	199.223493	0.827257	0.003251	-0.000106	0.000419	-0.002141	0.001389
3853	0.826852	0.003763	0.000210	0.000289	-0.000318	0.002044	2912.000000	199.223493	0.827431	0.004273	0.000070	0.000380	0.000501	0.002212	2913.000000	199.223493	0.823650	0.003273	0.000419	0.000510	0.001505	0.002722
3856	0.827681	0.001642	0.000090	0.000861	0.002459	0.001862	2915.000000	199.223493	0.826485	0.002725	0.000114	0.000565	0.000868	0.001820	2916.000000	199.223493	0.826987	0.002086	0.000987	0.000540	0.001157	0.001287
3859	0.827180	0.002628	-0.000121	0.000382	0.000685	0.001172	2918.000000	199.223493	0.827508	0.002010	0.000168	0.000450	0.002257	0.001315	2919.000000	199.223493	0.828511	0.003358	-0.000785	0.000699	0.002025	0.001436
3862	0.826775	0.002405	-0.000567	0.000910	0.002488	0.002210	2921.000000	199.223493	0.829475	0.003279	-0.000430	0.000477	0.002093	0.001431	2922.000000	199.223493	0.833758	0.003520	-0.000697	0.000504	0.001495	0.001036
3865	0.831462	0.003380	0.000752	0.000302	0.001186	0.000455	2924.000000	199.223493	0.830421	0.002242	0.000119	0.000321	-0.000280	0.001406	2925.000000	199.223493	0.828588	0.002463	0.001059	0.000339	0.001167	0.002001
3868	0.827951	0.003346	-0.000061	0.000639	-0.000039	0.001490	2927.000000	199.223493	0.827431	0.003381	0.000175	0.000588	0.001292	0.001314	2928.000000	199.223493	0.827662	0.004458	-0.000253	0.000626	0.001215	0.001685
3871	0.826119	0.004787	0.001316	0.000567	0.000453	0.001302	2930.000000	199.223493	0.828009	0.004603	0.000454	0.000334	0.000858	0.000956	2931.000000	199.223493	0.829302	0.005647	0.000282	0.000380	0.000444	0.001288
3874	0.832407	0.005308	0.000953	0.001187	0.000694	0.001733	2933.000000	199.223493	0.833391	0.003678	-0.000323	0.000372	0.001264	0.001437	2934.000000	199.223493	0.829842	0.002975	-0.000097	0.000286	-0.000260	0.001272
3877	0.832928	0.003235	0.000826	0.000599	0.001881	0.000926	2936.000000	199.223493	0.830748	0.004361	0.000928	0.000591	0.000367	0.001104	2937.000000	199.223493	0.830575	0.003958	0.001029	0.000665	0.003443	0.001167
3880	0.832118	0.003906	0.000106	0.000196	0.004533	0.001255	2939.000000	199.223493	0.833372	0.004120	-0.000113	0.000403	0.003337	0.001286	2940.000000	199.223493	0.832330	0.002976	-0.000979	0.000567	0.003916	0.001290
3883	0.833815	0.003340	-0.000198	0.000834	0.003347	0.001364	2942.000000	199.223493	0.835687	0.003981	-0.000062	0.000449	0.005054	0.001749	2943.000000	199.223493	0.833546	0.004314	0.000484	0.000817	0.004745	0.001823
3886	0.834105	0.003026	0.000019	0.000759	0.003675	0.001436	2945.000000	199.223493	0.833758	0.001969	0.000065	0.000562	0.003366	0.001053	2946.000000	199.223493	0.835610	0.002379	0.000651	0.000590	0.002961	0.001722
3889	0.832292	0.002365	0.000584	0.000666	0.002672	0.002015	2948.000000	199.223493	0.830729	0.003289	0.001499	0.000351	0.002122	0.001654	2949.000000	199.223493	0.831694	0.002871	0.000424	0.000808	0.000068	0.001881
3892	0.831578	0.004628	0.000413	0.000629	0.000752	0.002203	2951.000000	199.223493	0.833218	0.004623	0.000749	0.000375	0.001466	0.001845	2952.000000	199.223493	0.830806	0.003805	0.000950	0.000612	0.001958	0.001569
3895	0.828067	0.002543	0.000320	0.000620	0.001910	0.002054	2954.000000	199.223493	0.826948	0.001749	0.000932	0.000476	0.001871	0.001821	2955.000000	199.223493	0.827218	0.001437	0.000202	0.000363	0.002623	0.001772
3898	0.829282	0.001392	0.000172	0.000669	0.002392	0.002882	2957.000000	199.223493	0.833372	0.001910	0.000317	0.000286	0.001765	0.002325	2958.000000	199.223493	0.832137	0.002890	-0.000077	0.000384	0.000212	0.002804
3901	0.827122	0.003132	0.000156	0.000493	0.001167	0.001481	2960.000000	199.223493	0.830093	0.002513	0.000234	0.000352	0.000694	0.001618	2961.000000	199.223493	0.828183	0.002401	0.000631	0.000398	0.000241	0.000900
3904	0.826331	0.001730	0.001115	0.000393	-0.000675	0.000828	2963.000000	199.223493	0.827855	0.002085	0.002384	0.000433	-0.000193	0.000921	2964.000000	199.223493	0.826640	0.001295	-0.000131	0.000359	0.000714	0.001308
3907	0.825868	0.001566	0.001099	0.000370	0.002344	0.001383	2966.000000	199.223493	0.824653	0.002125	0.000931	0.000326	0.002595	0.001791	2967.000000	199.223493	0.826003	0.002034	-0.000006	0.000261	0.001524	0.001389
3910	0.830883	0.002747	-0.000446	0.000250	0.001534	0.001322	2969.000000	199.223493	0.830980	0.003461	0.001436	0.000704	0.002874	0.001285	2970.000000	199.223493	0.831655	0.004361	0.000705	0.000390	0.002874	0.000774
3913	0.831867	0.004659	0.001061	0.000830	0.000772	0.000947	2972.000000	199.223493	0.831366	0.004878	0.000646	0.000792	0.001726	0.001099	2973.000000	199.223493	0.832272	0.003165	0.001956	0.000882	0.001900	0.001669
3916	0.830903	0.003172	0.001089	0.000706	0.001225	0.002284	2975.000000	199.223493	0.830498	0.002628	0.000415	0.000624	-0.000405	0.002734	2976.000000	199.223493	0.826370	0.001355	-0.000067	0.000735	0.001418	0.001152
3919	0.826601	0.001203	-0.000283	0.000571	0.000955	0.001569	2978.000000	199.223493	0.825695	0.001606	0.000095	0.000591	0.001939	0.001347	2979.000000	199.223493	0.823842	0.002241	0.000557	0.000417	0.001553	0.001111
3922	0.823708	0.002602	0.000093	0.000520	0.001861	0.002007	2981.000000	199.223493	0.825694	0.004094	-0.000498	0.000362	0.002479	0.001702	2982.000000	199.223493	0.826813	0.004831	-0.000743	0.000328	0.003752	0.001539
3925	0.828819	0.003885	0.000010	0.000264	0.001958	0.001376	2984.000000	199.223493	0.825521	0.003829	0.000869	0.000322	0.003164	0.001450	2985.000000	199.223493	0.823958	0.004036	-0.000178	0.000490	0.002421	0.001549
3928	0.824788	0.003061	-0.000295	0.000367	-0.000685	0.001888	2987.000000	199.223493	0.828974	0.003577	0.000145	0.000422	-0.003057	0.001694	2988.000000	199.223493	0.827874	0.002376	0.000319	0.000575	-0.000762	0.001992
3931	0.828858	0.002252	0.000572	0.000577	-0.000733	0.002456	2990.000000	199.223493	0.830440	0.002378	-0.000053	0.000282	-0.000955	0.001629	2991.000000	199.223493	0.830961	0.001747	0.000504	0.000552	0.000328	0.002439
3934	0.830710	0.001186	-0.000725	0.000905	-0.000019	0.002662	2993.000000	199.223493	0.831655	0.000604	0.000184	0.000956	-0.000733	0.002576	2994.000000	199.223493	0.831559	0.001977	-0.000113	0.000776	-0.001119	0.002984
3937	0.829437	0.001880	-0.000006	0.000791	0.000154	0.001978	2996.000000	199.223493	0.826948	0.001279	0.000993	0.000819	0.000241	0.003154	2997.000000	199.223493	0.828453	0.001938	0.000165	0.000544	-0.001379	0.002699
3940	0.828202	0.003197	-0.000549	0.000537	-0.002807	0.002365	2999.000000	199.223493	0.828839	0.003861	0.000372	0.000670	-0.001264	0.002227	3000.000000	199.223493	0.829533	0.002493	0.000392	0.000315	-0.002797	0.002350
3943	0.830922	0.001395	0.000170	0.000460	-0.001621	0.002170	3002.000000	199.223493	0.832620	0.001360	-0.000767	0.000459	-0.000212	0.001431	3003.000000	199.223493	0.835320	0.000977	0.000261	0.000605	0.000955	0.001431
3946	0.836227	0.001214	-0.000281	0.000684	0.000694	0.001253	3005.000000	199.223493	0.834915	0.002015	-0.001015	0.000344	-0.000434	0.001766	3006.000000	199.223493	0.833140	0.002629	-0.000656	0.000418	0.001456	0.001934
3949	0.831848	0.002589	-0.000693	0.000305	0.000415	0.001448	3008.000000	199.223493	0.833565	0.002980	-0.000052	0.000467	0.001727	0.001689	3009.000000	199.223493	0.832562	0.002119	0.000274	0.000648	0.001437	0.001836
3952	0.832272	0.001854	0.000584	0.000755	0.002363	0.001503	3011.000000	199.223493	0.836265	0.002661	0.000134	0.000510	0.003453	0.000879	3012.000000	199.223493	0.833681	0.003168	-0.000052	0.000182	0.004369	0.000739
3955	0.834954	0.003455	0.000289	0.000383	0.003385	0.000908	3014.000000	199.223493	0.836748	0.003728	-0.000920	0.000472	0.003858	0.001127	3015.000000	199.223493	0.838657	0.002354	-0.001210	0.001014	0.004591	0.001882
3958	0.837442	0.003951	-0.001228	0.000743	0.003723	0.001452	3017.000000	199.223493	0.836825	0.003584	-0.000273	0.000476	0.004456	0.001782	3018.000000	199.223493	0.834934	0.003716	0.000407	0.000371	0.001427	0.002818
3961	0.836323	0.002397	0.001559	0.000496	0.003636	0.002459	3020.000000	199.223493	0.832330	0.002047	-0.000574	0.000754	0.001890	0.001993	3021.000000	199.223493	0.833449	0.002460	0.000517	0.000426	-0.000260	0.003270
3964	0.834394	0.003199	0.000504	0.000554	0.000222	0.002547	3023.000000	199.223493	0.833372	0.003022	-0.001115	0.000536	0.002083	0.002090	3024.000000	199.223493	0.833449	0.002903	-0.000359	0.000337	0.000704	0.001517
3967	0.830942	0.001162	-0.000679	0.000394	0.000212	0.002085	3026.000000	199.223493	0.834028	0.002179	-0.000072	0.000410	-0.002855	0.002680	3027.000000	199.223493	0.832504	0.002592	0.000711	0.000184	-0.003713	0.002272
3970	0.829938	0.003384	0.000470	0.000561	-0.002816	0.002999	3029.000000	199.223493	0.831597	0.003422	0.000548	0.000450	-0.005093	0.002867	3030.000000	199.223493	0.831057	0.004016	0.000532	0.000623	-0.004157	0.002436
3973	0.830922	0.004325	0.000095	0.000416	-0.003183	0.002076	3032.000000	199.223493	0.829321	0.003176	0.000013	0.000353	-0.004388	0.002061	3033.000000	199.223493	0.829398	0.002121	-0.000236	0.000756	-0.000781	0.001773
3976	0.828125	0.003313	0.000479	0.000413	-0.001099	0.001806	3035.000000	199.223493	0.825174	0.003845	0.000299	0.000453	-0.001331	0.002328	3036.000000	199.223493	0.826389	0.003078	0.000752	0.000490	-0.000530	0.002310
3979	0.827045	0.002238	0.000422	0.000325	-0.001437	0.002336	3038.000000	199.223493	0.829167	0.003069	0.000363	0.000325	0.001216	0.001607	3039.000000	199.223493	0.830459	0.002951	0.000234	0.000302	0.000251	0.002145
3982	0.829514	0.003164	-0.000373	0.000387	0.001283	0.002513	3041.000000	199.223493	0.827546	0.002414	-0.000197	0.000276	0.000588	0.002370	3042.000000	199.223493	0.826620	0.002590	0.000064	0.000349	0.000820	0.002616
3985	0.827951	0.002353	0.000235	0.000425	0.001398	0.002357	3044.000000	199.223493	0.828974	0.002721	-0.000262	0.000701	0.003443	0.002777	3045.000000	199.223493	0.827064	0.002700	0.000409	0.000474	0.004147	0.002350
3988	0.827392	0.002697	-0.000167	0.000747	0.002209	0.002110	3047.000000	199.223493	0.827681	0.003145	-0.000599	0.000464	0.001360	0.002014	3048.000000	199.223493	0.828299	0.002978	0.000362	0.000994	0.001659	0.002336
3991	0.827739	0.003345	0.001278	0.000445	0.002585	0.002177	3050.000000	199.223493	0.830305	0.002613	0.000016	0.000464	0.001167	0.002559	3051.000000	199.223493	0.831346	0.003321	-0.000167	0.000263	0.001997	0.002529
3994	0.830671	0.002225	0.000030	0.000246	0.002788	0.001963	3053.000000	199.223493	0.828896	0.002168	0.000622	0.000539	0.002720	0.002405	3054.000000	199.223493	0.827565	0.001495	0.000312	0.000627	0.002575	0.002224
3997	0.826813	0.001532	0.000569	0.000336	0.004726	0.002064	3056.000000	199.223493	0.829225	0.002279	-0.000212	0.000701	0.006665	0.002400	3057.000000	199.223493	0.825366	0.003121	-0.000262	0.000285	0.003906	0.001197
4000	0.826042	0.003566	-0.000032	0.000371	0.001129	0.001997	3059.000000	199.223493	0.824865	0.003408	-0.000013	0.000322	-0.000125	0.001798	3060.000000	199.223493	0.822010	0.003845	0.000120	0.000462	0.002865	0.001131
4003	0.823148	0.003197	-0.000103	0.000345	0.001466	0.001794	3062.000000	199.223493	0.822512	0.002372	0.000709	0.000706	0.002344	0.002486	3063.000000	199.223493	0.822531	0.003101	0.000004	0.000410	0.001051	0.002594
4006	0.821798	0.003040	-0.000499	0.000410	0.001543	0.001909	3065.000000	199.223493	0.824055	0.003168	0.000288	0.000465	-0.000039	0.002835	3066.000000	199.223493	0.825888	0.002407	0.000560	0.000197	0.001022	0.002746
4009	0.824788	0.001942	-0.000004	0.000215	0.001244	0.002152	3068.000000	199.223493	0.826370	0.001169	0.000229	0.000637	0.000501	0.003622	3069.000000	199.223493	0.829128	0.002254	-0.000068	0.000196	0.000473	0.003105
4012	0.827392	0.001548	-0.000568	0.000444	0.001138	0.003345	3071.000000	199.223493	0.830459	0.000914	-0.000222	0.000497	0.000588	0.003040	3072.000000	199.223493	0.830922	0.001660	-0.000882	0.000396	-0.000810	0.002295
4015	0.831212	0.001260	-0.001215	0.000602	-0.000357	0.002840	3074.000000	199.223493	0.831443	0.002853	-0.000448	0.000485	-0.000569	0.002397	3075.000000	199.223493	0.829359	0.003629	-0.000099	0.000706	0.000318	0.002449
4018	0.831135	0.003048	-0.000259	0.000239	0.002131	0.002461	3077.000000	199.223493	0.832716	0.001376	-0.000350	0.000425	0.003125	0.002569	3078.000000	199.223493	0.829379	0.002399	0.000344	0.000507	0.002218	0.002467
4021	0.827623	0.001638	0.000053	0.000612	0.001784	0.002681	3080.000000	199.223493	0.829109	0.001730	-0.000319	0.000272	0.000945	0.002428	3081.000000	199.223493	0.830421	0.002012	-0.000024	0.000487	0.001437	0.001782
4024	0.831076	0.001546	0.001268	0.000615	-0.001813	0.001826	3083.000000	199.223493	0.833025	0.000776	0.001618	0.000460	0.000338	0.001826	3084.000000	199.223493	0.833276	0.001548	0.000311	0.000548	0.000714	0.001826
4027	0.833507	0.001769	-0.001201	0.000578	-0.000936	0.001954	3086.000000	199.223493	0.831964	0.001211	-0.000602	0.000364	-0.001350	0.001985	3087.000000	199.223493	0.830228	0.001300	-0.000243	0.000544	-0.001312	0.001402
4030	0.830806	0.001881	-0.000316	0.000582	-0.002103	0.001412	3089.000000	199.223493	0.829437	0.004426	0.000501	0.000530	-0.003289	0.000599	3090.000000	199.223493	0.831964	0.004155	-0.000563	0.000146	-0.004784	0.000889
4033	0.830401	0.004886	0.000499	0.000608	-0.002951	0.001083	3092.000000	199.223493	0.829803	0.004810	0.000810	0.000508	-0.002016	0.000710	3093.000000	199.223493	0.828376	0.004248	0.000190	0.000564	0.000897	0.001503
4036	0.827199	0.004532	-0.000239	0.000368	0.002585	0.001537	3095.000000	199.223493	0.829707	0.004918	-0.000076	0.000587	0.002074	0.001095	3096.000000	199.223493	0.829880	0.004355	0.000139	0.000719	0.000405	0.001236
4039	0.832581	0.005275	-0.000783	0.000633	-0.001514	0.001453	3098.000000	199.223493	0.830555	0.004217	0.001497	0.000882	-0.000675	0.000998	3099.000000	199.223493	0.829823	0.003730	0.000623	0.000950	-0.000125	0.001081
4042	0.830170	0.003376	0.001268	0.000630	0.000733	0.001217	3101.000000	199.223493	0.828415	0.003558	-0.000090	0.000279	0.002016	0.001368	3102.000000	199.223493	0.831153	0.004198	-0.000299	0.000497	0.001186	0.001078
4045	0.834934	0.003087	0.001165	0.000875	0.001803	0.001125	3104.000000	199.223493	0.834703	0.003367	0.000533	0.000594	0.001456	0.001063	3105.000000	199.223493	0.833546	0.001858	0.000579	0.000413	0.000415	0.001214
4048	0.835243	0.001395	0.000322	0.000481	0.001890	0.001057	3107.000000	199.223493	0.836844	0.002260	0.000493	0.000314	0.002247	0.001331	3108.000000	199.223493	0.835841	0.001251	-0.000648	0.000825	0.001967	0.001448
4051	0.834761	0.000740	-0.000273	0.000521	0.001785	0.001718	3110.000000	199.223493	0.834606	0.000695	0.000397	0.000679	0.001234	0.001630	3111.000000	199.223493	0.835417	0.001789	0.000167	0.000367	0.000077	0.000651
4054	0.835031	0.001394	-0.001315	0.000192	0.002691	0.001010	3113.000000	199.223493	0.834664	0.001871	-0.000792	0.000498	0.003019	0.000967	3114.000000	199.223493	0.836266	0.002923	-0.000117	0.000269	0.002768	0.000622
4057	0.834703	0.004461	0.000007	0.000570	0.003935	0.001328	3116.000000	199.223493	0.833468	0.004225	0.000510	0.000530	0.004157	0.001688	3117.000000	199.223493	0.831694	0.004990	0.000648	0.000635	0.003154	0.001522
4060	0.828897	0.005602	0.000109	0.000289	0.001900	0.001602	3119.000000	199.223493	0.831096	0.005252	-0.000047	0.000395	0.003270	0.000945	3120.000000	199.223493	0.831346	0.005020	0.000076	0.000566	0.002286	0.002371
4063	0.833005	0.005082	-0.000271	0.000667	0.002971	0.001863	3122.000000	199.223493	0.834279	0.003791	0.000052	0.000503	0.000849	0.002630	3123.000000	199.223493	0.832330	0.004131	-0.000317	0.000782	0.002054	0.002624
4066	0.834491	0.003617	0.000255	0.000748	0.003173	0.001809	3125.000000	199.223493	0.835725	0.004126	-0.000103	0.000555	0.000501	0.001594	3126.000000	199.223493	0.834163	0.003641	-0.001085	0.000443	0.000492	0.001429
4069	0.832041	0.002143	-0.000131	0.000570	0.001987	0.000973	3128.000000	199.223493	0.832388	0.001870	-0.000767	0.000277	0.001128	0.002202	3129.000000	199.223493	0.829938	0.003834	0.000908	0.000480	0.003636	0.002143
4072	0.832523	0.003460	-0.000766	0.000381	0.002942	0.002974	3131.000000	199.223493	0.830343	0.003944	-0.000251	0.000355	0.003250	0.002263	3132.000000	199.223493	0.827199	0.003146	-0.000686	0.000580	0.003376	0.003135
4075	0.827623	0.001972	0.000207	0.000399	0.002537	0.002616	3134.000000	199.223493	0.830208	0.002942	0.000326	0.000191	0.000463	0.001869	3135.000000	199.223493	0.828414	0.002965	0.000345	0.000339	0.000704	0.002911
4078	0.829321	0.001613	0.000594	0.000242	-0.000926	0.001967	3137.000000	199.223493	0.831076	0.000973	0.000036	0.000366	-0.000048	0.002471	3138.000000	199.223493	0.830999	0.001734	0.000332	0.000941	0.000935	0.002070
4081	0.831443	0.001439	-0.000838	0.000415	0.000473	0.001614	3140.000000	199.223493	0.831057	0.002133	-0.000066	0.000432	-0.001958	0.002169	3141.000000	199.223493	0.828067	0.003185	-0.000289	0.000567	-0.001321	0.002000
4084	0.828067	0.003171	-0.000056	0.000663	-0.000888	0.002281	3143.000000	199.223493	0.827469	0.002559	-0.000184	0.000472	-0.001456	0.001365	3144.000000	199.223493	0.827411	0.001465	0.000008	0.000522	-0.001852	0.001752
4087	0.828742	0.002604	-0.000329	0.000376	-0.002788	0.001952	3146.000000	199.223493	0.826929	0.001376	-0.000292	0.000620	-0.003231	0.002094	3147.000000	199.223493	0.826582	0.001829	-0.000272	0.000306	-0.001457	0.002110
4090	0.824961	0.002366	-0.000847	0.000340	-0.002459	0.002076	3149.000000	199.223493	0.828434	0.002245	-0.000206	0.000409	-0.000897	0.002027	3150.000000	199.223493	0.828472	0.002514	0.000225	0.000627	-0.000550	0.002515
4093	0.828260	0.002081	0.000465	0.000306	-0.001842	0.002403	3152.000000	199.223493	0.827469	0.003726	0.000774	0.000499	-0.000984	0.003119	3153.000000	199.223493	0.829283	0.002699	0.000961	0.000591	-0.001466	0.002857
4096	0.831289	0.003175	-0.000149	0.000227	-0.001071	0.001727	3155.000000	199.223493	0.833140	0.003460	-0.000985	0.000474	-0.001370	0.001832	3156.000000	199.223493	0.834086	0.003991	0.000069	0.000912	-0.000791	0.002212
4099	0.833738	0.003457	0.000102	0.000247	-0.000280	0.001310	3158.000000	199.223493	0.832928	0.001928	-0.000424	0.000468	-0.002652	0.001684	3159.000000	199.223493	0.833777	0.002400	0.001133	0.000516	-0.002855	0.001274
4102	0.836574	0.003847	0.001125	0.000508	-0.003115	0.001194	3161.000000	199.223493	0.836381	0.004106	0.000215	0.000472	-0.003308	0.001302	3162.000000	199.223493	0.833623	0.004185	0.000777	0.000440	-0.001688	0.002020
4105	0.837327	0.002740	0.001036	0.000752	-0.001582	0.001773	3164.000000	199.223493	0.836207	0.002751	0.000517	0.000808	-0.000309	0.002690	3165.000000	199.223493	0.832928	0.002059	0.000815	0.000532	-0.001775	0.002212
4108	0.833777	0.001486	0.000224	0.000541	-0.002025	0.001797	3167.000000	199.223493	0.833565	0.002735	0.000264	0.000359	-0.002759	0.001241	3168.000000	199.223493	0.832176	0.002313	0.000089	0.000458	-0.000868	0.001877
4111	0.831115	0.003105	0.000023	0.000326	-0.000212	0.001989	3170.000000	199.223493	0.829090	0.002317	0.000742	0.000846	0.000395	0.002357	3171.000000	199.223493	0.829900	0.001610	0.000395	0.000666	0.000868	0.002202
4114	0.831810	0.001148	0.000097	0.000630	0.000531	0.002926	3173.000000	199.223493	0.831192	0.001985	-0.000184	0.000477	-0.000502	0.002365	3174.000000	199.223493	0.829977	0.000728	0.000214	0.000671	-0.000704	0.001492
4117	0.828704	0.001762	-0.000193	0.000576	-0.001399	0.001153	3176.000000	199.223493	0.829475	0.001918	0.000485	0.000656	-0.000521	0.002035	3177.000000	199.223493	0.831173	0.001973	0.000793	0.000470	-0.000656	0.001997
4120	0.829938	0.004116	0.000849	0.000271	-0.002026	0.002292	3179.000000	199.223493	0.832465	0.004166	0.001146	0.000428	-0.000443	0.001538	3180.000000	199.223493	0.829977	0.003409	-0.000244	0.000333	-0.001746	0.002432
4123	0.829012	0.003684	-0.000632	0.000868	-0.001794	0.002345	3182.000000	199.223493	0.831520	0.002990	0.001024	0.000573	-0.002508	0.001692	3183.000000	199.223493	0.826833	0.002018	0.000886	0.000428	-0.003781	0.001755
4126	0.827681	0.003428	0.000508	0.000358	0.000058	0.001701	3185.000000	199.223493	0.830556	0.003264	0.000150	0.000808	0.001138	0.001635	3186.000000	199.223493	0.831829	0.003024	0.000542	0.000345	-0.000984	0.002527
4129	0.834876	0.002068	0.000288	0.000666	-0.002508	0.001464	3188.000000	199.223493	0.830247	0.002838	-0.000707	0.000640	-0.000328	0.002586	3189.000000	199.223493	0.830537	0.002569	0.000241	0.000158	-0.001157	0.002820
4132	0.830054	0.001710	-0.000566	0.000355	-0.001128	0.002123	3191.000000	199.223493	0.830980	0.002617	0.000356	0.000441	-0.002720	0.002108	3192.000000	199.223493	0.833468	0.002107	-0.000246	0.000309	-0.002277	0.001649
4135	0.832214	0.001993	-0.000350	0.000404	-0.002045	0.001755	3194.000000	199.223493	0.833951	0.002420	-0.000914	0.000728	-0.002054	0.001348	3195.000000	199.223493	0.834799	0.002540	-0.000587	0.000407	-0.003279	0.000560
4138	0.831867	0.002842	-0.000575	0.000601	-0.003270	0.000890	3197.000000	199.223493	0.831983	0.003270	-0.000229	0.000427	-0.004543	0.001275	3198.000000	199.223493	0.834954	0.003109	0.000329	0.000412	-0.003270	0.001569
4141	0.835070	0.002757	0.000061	0.000714	-0.004977	0.002025	3200.000000	199.223493	0.837481	0.002370	0.000313	0.000754	-0.004456	0.002216	3201.000000	199.223493	0.835513	0.003118	0.000606	0.000490	-0.004630	0.001701
4144	0.832909	0.003116	0.000496	0.000544	-0.005044	0.001625	3203.000000	199.223493	0.833044	0.002982	0.000938	0.000981	-0.004003	0.002028	3204.000000	199.223493	0.833063	0.002416	0.000197	0.000433	-0.002353	0.001869
4147	0.833507	0.001955	0.000278	0.000449	-0.001929	0.001868	3206.000000	199.223493	0.832485	0.001237	0.000496	0.000736	-0.003106	0.001510	3207.000000	199.223493	0.829900	0.002588	0.000075	0.000632	-0.002633	0.001442
4150	0.830343	0.003328	0.000487	0.000704	0.000135	0.002416	3209.000000	199.223493	0.831944	0.002619	-0.000083	0.000439	-0.002595	0.002446	3210.000000	199.223493	0.828029	0.002379	0.000197	0.000786	-0.002459	0.002616
4153	0.829070	0.002550	-0.000224	0.000395	-0.001833	0.002767	3212.000000	199.223493	0.831231	0.003009	-0.000580	0.000510	-0.002083	0.002875	3213.000000	199.223493	0.833603	0.002546	-0.001099	0.000396	-0.000376	0.002363
4156	0.833951	0.002503	-0.000624	0.000502	-0.000145	0.002121	3215.000000	199.223493	0.833700	0.003938	0.000115	0.000309	-0.001958	0.002129	3216.000000	199.223493	0.834240	0.003591	0.000557	0.000290	-0.003443	0.003027
4159	0.833526	0.003979	0.000354	0.000421	-0.005218	0.002240	3218.000000	199.223493	0.830960	0.004132	0.000322	0.000630	-0.005401	0.002243	3219.000000	199.223493	0.827122	0.002613	0.000118	0.000915	-0.003472	0.002808
4162	0.830073	0.003174	-0.000858	0.000532	-0.003405	0.003155	3221.000000	199.223493	0.831771	0.003589	-0.000376	0.000744	-0.004552	0.002553	3222.000000	199.223493	0.828395	0.003326	-0.000530	0.000489	-0.004938	0.002685
4165	0.828607	0.002523	0.000318	0.000422	-0.004408	0.001747	3224.000000	199.223493	0.827373	0.003113	0.000647	0.000558	-0.003521	0.001492	3225.000000	199.223493	0.826215	0.003186	-0.000091	0.000412	-0.002845	0.001868
4168	0.825714	0.003707	-0.000050	0.000205	-0.001398	0.002835	3227.000000	199.223493	0.827662	0.004329	-0.000046	0.000424	-0.000839	0.003001	3228.000000	199.223493	0.824402	0.003586	-0.000132	0.000587	-0.001186	0.003570
4171	0.828607	0.001661	0.000430	0.000744	-0.000733	0.003345	3230.000000	199.223493	0.827643	0.002884	0.000284	0.000531	-0.001456	0.002534	3231.000000	199.223493	0.829456	0.002823	0.001054	0.000559	-0.000579	0.002199
4174	0.829726	0.003613	-0.000136	0.000378	-0.001601	0.001695	3233.000000	199.223493	0.830575	0.002600	-0.000046	0.000457	-0.000849	0.002302	3234.000000	199.223493	0.829861	0.003554	-0.000488	0.000769	-0.000675	0.001917
4177	0.828356	0.002598	0.000123	0.000982	-0.000858	0.002302	3236.000000	199.223493	0.829688	0.003247	-0.000374	0.000521	0.000463	0.001351	3237.000000	199.223493	0.834163	0.003371	-0.000597	0.000537	-0.000588	0.001593
4180	0.833237	0.003162	0.000284	0.000337	-0.001099	0.001707	3239.000000	199.223493	0.831790	0.002658	0.000442	0.000377	-0.001234	0.001866	3240.000000	199.223493	0.829302	0.002793	0.001210	0.000282	-0.000164	0.002606
4183	0.828222	0.003498	-0.000468	0.000494	-0.000019	0.001483	3242.000000	199.223493	0.827546	0.003459	-0.000003	0.000463	0.001273	0.001326	3243.000000	199.223493	0.826582	0.004091	-0.000149	0.000666	0.001707	0.001330
4186	0.824730	0.004053	0.001544	0.000665	-0.000125	0.001714	3245.000000	199.223493	0.824557	0.003086	0.000362	0.000291	0.000202	0.001317	3246.000000	199.223493	0.826678	0.004661	-0.000183	0.000203	0.000174	0.001470
4189	0.829745	0.004621	-0.000245	0.000389	0.000222	0.001923	3248.000000	199.223493	0.832562	0.003448	-0.000175	0.000423	-0.000203	0.002489	3249.000000	199.223493	0.829417	0.002754	-0.000022	0.000333	-0.000598	0.001377
4192	0.832349	0.003009	0.000150	0.000671	0.001476	0.001201	3251.000000	199.223493	0.830343	0.004237	0.000880	0.000588	0.000338	0.001123	3252.000000	199.223493	0.832388	0.004403	0.000283	0.000237	0.001505	0.002173
4195	0.833989	0.004339	0.000429	0.000395	0.003106	0.001973	3254.000000	199.223493	0.834684	0.004113	0.000143	0.000546	0.002498	0.001595	3255.000000	199.223493	0.833449	0.003051	-0.000264	0.000706	0.002691	0.001860
4198	0.835879	0.002932	0.000609	0.000783	0.002913	0.001554	3257.000000	199.223493	0.836458	0.003705	-0.000176	0.000443	0.004485	0.002069	3258.000000	199.223493	0.835687	0.003764	0.000598	0.000794	0.004292	0.002128
4201	0.835147	0.002540	0.000161	0.000747	0.001929	0.002684	3260.000000	199.223493	0.834780	0.001419	0.000314	0.000456	0.000733	0.002646	3261.000000	199.223493	0.836516	0.001775	0.000888	0.000568	0.000203	0.003217
4204	0.832022	0.002508	0.000862	0.000584	-0.000126	0.003165	3263.000000	199.223493	0.832253	0.002550	0.001158	0.000597	-0.000039	0.002511	3264.000000	199.223493	0.831211	0.003063	0.000076	0.000860	-0.000858	0.002109
4207	0.831443	0.004668	0.000756	0.000564	-0.000579	0.002607	3266.000000	199.223493	0.834510	0.004054	0.000771	0.000374	0.000511	0.002242	3267.000000	199.223493	0.830575	0.003843	0.000454	0.000508	0.001186	0.001913
4210	0.829263	0.002269	-0.000069	0.000552	0.001842	0.002094	3269.000000	199.223493	0.828279	0.001941	0.000186	0.000705	0.000646	0.002459	3270.000000	199.223493	0.828067	0.001174	-0.000022	0.000348	0.000791	0.002586
4213	0.830170	0.000691	-0.000164	0.000584	0.000588	0.003188	3272.000000	199.223493	0.834182	0.001697	0.000747	0.000213	0.000772	0.002593	3273.000000	199.223493	0.832099	0.002889	0.000124	0.000409	0.000251	0.002791
4216	0.827083	0.003126	-0.000031	0.000498	0.000202	0.001726	3275.000000	199.223493	0.828415	0.002244	0.000266	0.000340	0.000116	0.001780	3276.000000	199.223493	0.828588	0.002480	0.000091	0.000810	0.000733	0.000790
4219	0.826292	0.001725	0.001122	0.000389	-0.001321	0.001070	3278.000000	199.223493	0.827026	0.001895	0.002195	0.000436	-0.001071	0.001053	3279.000000	199.223493	0.825367	0.001386	0.000318	0.000579	-0.000646	0.001733
4222	0.825174	0.001609	0.000965	0.000315	0.001543	0.001837	3281.000000	199.223493	0.824267	0.001954	0.000570	0.000243	0.001582	0.002142	3282.000000	199.223493	0.823881	0.001529	0.000084	0.000237	0.000251	0.001766
4225	0.827932	0.002083	-0.000315	0.000242	0.000588	0.001723	3284.000000	199.223493	0.828183	0.002219	0.000677	0.000507	0.001196	0.002115	3285.000000	199.223493	0.828646	0.002826	0.000104	0.000285	0.001543	0.001764
4228	0.829051	0.003162	0.000335	0.000617	-0.001090	0.001916	3287.000000	199.223493	0.831462	0.004923	-0.000446	0.000422	0.000791	0.001632	3288.000000	199.223493	0.831983	0.002996	0.000514	0.000552	0.001042	0.002173
4231	0.830691	0.003039	0.000590	0.000840	0.000704	0.002538	3290.000000	199.223493	0.829244	0.002056	0.000744	0.000434	0.000164	0.002428	3291.000000	199.223493	0.826833	0.001730	0.000600	0.000193	0.000048	0.001960
4234	0.826813	0.001324	0.000271	0.000372	-0.000212	0.001715	3293.000000	199.223493	0.827855	0.002582	0.000419	0.000703	0.000096	0.000877	3294.000000	199.223493	0.826813	0.003025	0.001027	0.000371	0.001148	0.000992
4237	0.826273	0.002524	0.000420	0.000528	-0.000145	0.001692	3296.000000	199.223493	0.827102	0.004129	-0.001001	0.000370	0.000637	0.001614	3297.000000	199.223493	0.829090	0.004955	-0.000723	0.000338	0.001476	0.001967
4240	0.831983	0.003796	0.000107	0.000269	-0.000781	0.002069	3299.000000	199.223493	0.829282	0.003119	0.000188	0.000553	0.001051	0.001687	3300.000000	199.223493	0.827662	0.003317	0.000096	0.000524	0.000704	0.001384
4243	0.827585	0.002776	0.000109	0.000277	-0.001177	0.001916	3302.000000	199.223493	0.832002	0.002592	0.000355	0.000389	-0.003597	0.001573	3303.000000	199.223493	0.829649	0.001355	0.000426	0.000553	-0.002903	0.001738
4246	0.831597	0.001632	0.000863	0.000416	-0.003578	0.001855	3305.000000	199.223493	0.832002	0.002358	-0.000157	0.000265	-0.002218	0.001301	3306.000000	199.223493	0.832870	0.001950	-0.000148	0.000562	-0.001080	0.002495
4249	0.830266	0.001119	-0.000177	0.000948	0.000193	0.002701	3308.000000	199.223493	0.829726	0.001431	0.000967	0.000759	-0.000627	0.002591	3309.000000	199.223493	0.832350	0.002044	0.000153	0.000753	-0.000878	0.003013
4252	0.830749	0.002232	0.000109	0.000772	0.000453	0.002007	3311.000000	199.223493	0.828723	0.002172	0.000799	0.000906	0.001167	0.003363	3312.000000	199.223493	0.829861	0.002031	-0.000401	0.000579	-0.000955	0.002871
4255	0.829128	0.003452	-0.000675	0.000554	-0.003260	0.002181	3314.000000	199.223493	0.828762	0.003832	-0.000105	0.000827	-0.001215	0.002249	3315.000000	199.223493	0.829726	0.002522	0.000401	0.000312	-0.002739	0.002384
4258	0.831578	0.001546	0.000392	0.000431	-0.001987	0.002056	3317.000000	199.223493	0.832099	0.001303	-0.001051	0.000334	-0.000762	0.001158	3318.000000	199.223493	0.835880	0.000932	-0.000272	0.000630	-0.000183	0.001638
4261	0.834375	0.001196	-0.000116	0.000663	-0.000849	0.001811	3320.000000	199.223493	0.833603	0.001681	-0.000634	0.000389	-0.001138	0.001696	3321.000000	199.223493	0.831906	0.002033	-0.000740	0.000459	0.001013	0.001890
4264	0.830768	0.001988	-0.001054	0.000554	-0.000723	0.001178	3323.000000	199.223493	0.831713	0.002072	-0.000332	0.000441	0.000444	0.001435	3324.000000	199.223493	0.831366	0.001898	-0.000039	0.000419	0.000771	0.001762
4267	0.831365	0.001588	-0.000053	0.000485	0.002238	0.001494	3326.000000	199.223493	0.833989	0.002501	-0.000181	0.000298	0.003279	0.000936	3327.000000	199.223493	0.832620	0.003267	0.000045	0.000255	0.003000	0.001568
4270	0.832948	0.003780	0.000743	0.000329	0.002874	0.001200	3329.000000	199.223493	0.834356	0.003909	-0.000173	0.000781	0.003916	0.001081	3330.000000	199.223493	0.835918	0.003109	-0.000522	0.001018	0.004697	0.001817
4273	0.834838	0.003443	-0.000734	0.000528	0.003337	0.001722	3332.000000	199.223493	0.834664	0.003502	-0.000358	0.000434	0.004408	0.001823	3333.000000	199.223493	0.834548	0.003699	0.000217	0.000417	0.002566	0.001834
4276	0.836246	0.002399	0.001280	0.000479	0.004707	0.001512	3335.000000	199.223493	0.834047	0.002172	-0.000255	0.000814	0.003791	0.000664	3336.000000	199.223493	0.833411	0.002465	0.000708	0.000512	0.003501	0.000702
4279	0.836420	0.002483	0.000931	0.000515	0.003125	0.000386	3338.000000	199.223493	0.835070	0.002537	-0.001394	0.000439	0.004282	0.000503	3339.000000	199.223493	0.836882	0.002763	-0.000402	0.000344	0.002662	0.000689
4282	0.832871	0.002249	-0.000893	0.000363	0.002402	0.001222	3341.000000	199.223493	0.836863	0.001750	0.000352	0.000367	0.000222	0.000224	3342.000000	199.223493	0.835880	0.001260	0.000398	0.000453	-0.001109	0.000490
4285	0.833565	0.003223	0.000973	0.000656	0.000174	0.001233	3344.000000	199.223493	0.834645	0.003062	0.000914	0.000426	-0.002045	0.000677	3345.000000	199.223493	0.834568	0.003001	0.000493	0.000628	-0.001389	0.000984
4288	0.834992	0.004387	0.000277	0.000455	-0.001620	0.000995	3347.000000	199.223493	0.834703	0.003215	0.000136	0.000412	-0.002594	0.001502	3348.000000	199.223493	0.833391	0.002825	-0.000457	0.000749	0.000010	0.001313
4291	0.831713	0.003807	0.000129	0.000325	-0.000810	0.001684	3350.000000	199.223493	0.830035	0.004226	0.000225	0.000509	-0.000569	0.002165	3351.000000	199.223493	0.830228	0.003301	0.000110	0.000738	0.000569	0.002176
4294	0.828800	0.002916	0.000718	0.000306	0.000309	0.001927	3353.000000	199.223493	0.831867	0.003530	-0.000244	0.000525	0.002161	0.001446	3354.000000	199.223493	0.830729	0.002990	0.000156	0.000345	0.001505	0.002016
4297	0.829070	0.003261	-0.000185	0.000382	0.002035	0.002459	3356.000000	199.223493	0.827295	0.002530	0.000133	0.000221	0.001572	0.002181	3357.000000	199.223493	0.826331	0.002668	0.000178	0.000278	0.002074	0.002419
4300	0.826196	0.002432	0.000480	0.000316	0.003385	0.002148	3359.000000	199.223493	0.826948	0.002616	0.000638	0.000364	0.004369	0.002409	3360.000000	199.223493	0.824865	0.002801	0.000892	0.000097	0.004099	0.002373
4303	0.826871	0.002825	0.000441	0.000260	0.002797	0.001952	3362.000000	199.223493	0.827315	0.003240	0.000083	0.000563	0.002016	0.001861	3363.000000	199.223493	0.827604	0.003089	0.000852	0.000737	0.002672	0.002160
4306	0.824942	0.002969	0.001079	0.000545	0.003356	0.002246	3365.000000	199.223493	0.827855	0.002584	-0.000504	0.000423	0.002141	0.002478	3366.000000	199.223493	0.828009	0.003175	-0.000396	0.000186	0.002469	0.002469
4309	0.828858	0.002347	-0.000375	0.000357	0.002633	0.002001	3368.000000	199.223493	0.828569	0.002176	0.000477	0.000633	0.002479	0.002416	3369.000000	199.223493	0.827469	0.001472	0.000388	0.000612	0.002344	0.002207
4312	0.827045	0.001627	0.001179	0.000279	0.004360	0.002117	3371.000000	199.223493	0.827662	0.001610	-0.000116	0.000749	0.006790	0.002359	3372.000000	199.223493	0.823920	0.002111	0.000187	0.000467	0.004736	0.001152
4315	0.822685	0.001696	-0.000297	0.000203	0.002209	0.002015	3374.000000	199.223493	0.821643	0.001085	0.000435	0.000555	0.002160	0.001539	3375.000000	199.223493	0.819637	0.002761	0.000033	0.000408	0.002710	0.001167
4318	0.822145	0.002756	-0.000340	0.000257	0.002720	0.001521	3377.000000	199.223493	0.821971	0.002180	-0.000161	0.000487	0.003482	0.001927	3378.000000	199.223493	0.821778	0.002799	-0.000287	0.000363	0.002402	0.001719
4321	0.822975	0.003426	-0.000631	0.000351	0.001109	0.002140	3380.000000	199.223493	0.823534	0.003041	0.000874	0.000220	0.000019	0.002814	3381.000000	199.223493	0.824769	0.002141	0.000778	0.000164	0.000849	0.002821
4324	0.823997	0.001486	0.000107	0.000139	0.001524	0.002016	3383.000000	199.223493	0.825945	0.001431	0.000679	0.000686	0.001900	0.003089	3384.000000	199.223493	0.828684	0.002338	0.000063	0.000186	0.001871	0.002279
4327	0.826929	0.001378	-0.000230	0.000219	0.002324	0.002755	3386.000000	199.223493	0.830208	0.000810	-0.000366	0.000522	0.001524	0.002505	3387.000000	199.223493	0.830748	0.001712	-0.000708	0.000490	-0.000810	0.002295
4330	0.831887	0.000868	-0.001466	0.000469	0.000714	0.002372	3389.000000	199.223493	0.832523	0.002601	-0.000624	0.000486	0.001505	0.001208	3390.000000	199.223493	0.830517	0.003441	0.000478	0.000712	0.002276	0.001498
4333	0.831443	0.003011	-0.000237	0.000250	0.003675	0.001728	3392.000000	199.223493	0.831443	0.001591	0.000046	0.000762	0.004195	0.002340	3393.000000	199.223493	0.830729	0.002577	0.000105	0.000381	0.002672	0.002337
4336	0.828202	0.001752	-0.000206	0.000556	0.001466	0.002715	3395.000000	199.223493	0.829282	0.001860	-0.000035	0.000351	0.001090	0.002376	3396.000000	199.223493	0.829900	0.001959	-0.000158	0.000433	0.001842	0.001694
4339	0.831501	0.001349	0.000996	0.000597	0.000241	0.002162	3398.000000	199.223493	0.831308	0.001755	0.001409	0.000427	0.002701	0.001923	3399.000000	199.223493	0.833661	0.001416	0.000632	0.000287	0.002093	0.001935
4342	0.833661	0.001762	-0.001010	0.000660	-0.000077	0.001933	3401.000000	199.223493	0.832215	0.001022	-0.000520	0.000347	0.000415	0.001890	3402.000000	199.223493	0.832485	0.001944	-0.000548	0.000605	-0.000974	0.001477
4345	0.832022	0.002703	-0.000401	0.000594	-0.002180	0.001369	3404.000000	199.223493	0.828144	0.003504	-0.000123	0.000628	-0.002228	0.000967	3405.000000	199.223493	0.829996	0.002643	-0.001148	0.000421	-0.003289	0.001417
4348	0.826061	0.002561	-0.000437	0.000379	-0.000636	0.001530	3407.000000	199.223493	0.826389	0.002234	0.000419	0.000236	-0.001138	0.001178	3408.000000	199.223493	0.825405	0.001993	-0.000055	0.000607	0.002373	0.001421
4351	0.823688	0.003119	-0.000129	0.000400	0.004311	0.000930	3410.000000	199.223493	0.826659	0.003330	-0.000204	0.000541	0.002527	0.001070	3411.000000	199.223493	0.826292	0.002849	-0.000173	0.000557	0.000058	0.001157
4354	0.828376	0.003861	-0.000657	0.000677	-0.001803	0.001307	3413.000000	199.223493	0.827604	0.003158	0.000293	0.000402	-0.000675	0.000998	3414.000000	199.223493	0.827585	0.003313	0.000166	0.000768	-0.000058	0.001091
4357	0.828164	0.002797	0.001328	0.000634	0.001003	0.001247	3416.000000	199.223493	0.827836	0.003437	-0.000071	0.000282	0.001321	0.001601	3417.000000	199.223493	0.829147	0.003739	0.000019	0.000473	0.000878	0.001082
4360	0.833333	0.003055	0.001495	0.000837	0.001900	0.001106	3419.000000	199.223493	0.832543	0.002346	0.001247	0.001073	0.001225	0.001130	3420.000000	199.223493	0.832465	0.001738	0.000993	0.000607	0.000723	0.001255
4363	0.834877	0.001528	0.001079	0.000584	0.002064	0.001123	3422.000000	199.223493	0.835590	0.002253	0.000800	0.000358	0.002324	0.001351	3423.000000	199.223493	0.834568	0.001458	-0.000801	0.000814	0.002614	0.001738
4366	0.835262	0.000537	-0.000897	0.000297	0.001968	0.001790	3425.000000	199.223493	0.835571	0.000571	0.000890	0.000302	0.000357	0.001206	3426.000000	199.223493	0.835243	0.001780	0.000072	0.000374	0.000145	0.000700
4369	0.833912	0.001525	-0.001272	0.000158	0.001919	0.000429	3428.000000	199.223493	0.832562	0.002557	-0.000382	0.000476	0.003019	0.000967	3429.000000	199.223493	0.834182	0.003413	-0.000405	0.000480	0.002498	0.000692
4372	0.832658	0.004579	0.000456	0.000272	0.002759	0.001665	3431.000000	199.223493	0.831617	0.004397	0.001009	0.000386	0.003752	0.001851	3432.000000	199.223493	0.828819	0.005340	0.000986	0.000572	0.003395	0.001432
4375	0.829147	0.005593	0.000246	0.000233	0.001833	0.001626	3434.000000	199.223493	0.829186	0.005679	0.000147	0.000371	0.002489	0.001418	3435.000000	199.223493	0.829630	0.005221	0.000115	0.000566	0.002459	0.002365
4378	0.832234	0.005142	-0.000145	0.000705	0.002132	0.002031	3437.000000	199.223493	0.831192	0.004412	0.000303	0.000679	0.000887	0.002622	3438.000000	199.223493	0.830459	0.004289	0.000055	0.000736	0.001813	0.002623
4381	0.832813	0.003730	0.000688	0.000768	0.003212	0.001811	3440.000000	199.223493	0.833642	0.004691	0.000544	0.000363	0.000607	0.001650	3441.000000	199.223493	0.831751	0.004047	-0.000648	0.000315	0.000164	0.001301
4384	0.830536	0.002323	0.000865	0.000445	0.002161	0.001048	3443.000000	199.223493	0.830498	0.001991	0.000126	0.000671	0.000106	0.001648	3444.000000	199.223493	0.830517	0.004036	0.000860	0.000478	0.002006	0.001328
4387	0.831462	0.003212	-0.000098	0.000308	0.000801	0.001851	3446.000000	199.223493	0.829649	0.003782	-0.000424	0.000239	0.001418	0.001410	3447.000000	199.223493	0.828299	0.003261	-0.000444	0.000567	0.000772	0.002215
4390	0.830401	0.002620	-0.000638	0.000769	0.000665	0.002045	3449.000000	199.223493	0.833661	0.002554	0.000301	0.000204	-0.000560	0.001788	3450.000000	199.223493	0.832080	0.003082	0.000138	0.000426	-0.001234	0.001978
4393	0.830632	0.001964	0.000580	0.000238	-0.001119	0.001893	3452.000000	199.223493	0.832195	0.001029	-0.000089	0.000345	-0.001659	0.001721	3453.000000	199.223493	0.830980	0.001723	-0.000332	0.000843	0.000067	0.001679
4396	0.831424	0.001432	-0.000823	0.000406	-0.000125	0.001330	3455.000000	199.223493	0.832330	0.002223	-0.000280	0.000501	-0.001968	0.002163	3456.000000	199.223493	0.830922	0.003709	-0.000258	0.000561	-0.001765	0.001785
4399	0.828839	0.003379	-0.000109	0.000652	-0.000897	0.002278	3458.000000	199.223493	0.828241	0.002922	0.000475	0.000777	-0.002459	0.001273	3459.000000	199.223493	0.828858	0.002098	0.000506	0.000813	-0.003462	0.001356
4402	0.829360	0.002726	0.000628	0.000567	-0.004196	0.001275	3461.000000	199.223493	0.828048	0.001828	0.000825	0.000446	-0.004533	0.001182	3462.000000	199.223493	0.826158	0.001644	0.000432	0.000583	-0.002817	0.000970
4405	0.825308	0.002471	-0.000218	0.000544	-0.002893	0.001719	3464.000000	199.223493	0.828318	0.002231	-0.000157	0.000431	-0.002334	0.001056	3465.000000	199.223493	0.828607	0.002558	-0.000121	0.000450	-0.001591	0.001791
4408	0.829013	0.002164	0.000101	0.000501	-0.002749	0.001676	3467.000000	199.223493	0.827585	0.003755	0.000632	0.000445	-0.002334	0.002432	3468.000000	199.223493	0.828993	0.002574	0.000814	0.000474	-0.004109	0.001768
4411	0.830421	0.003045	-0.000099	0.000270	-0.001977	0.001282	3470.000000	199.223493	0.833738	0.003544	-0.001112	0.000469	-0.002691	0.001473	3471.000000	199.223493	0.834298	0.004041	0.000450	0.000914	-0.001398	0.001925
4414	0.832504	0.002982	0.000055	0.000230	0.000222	0.001675	3473.000000	199.223493	0.832851	0.001904	-0.000261	0.000451	-0.001659	0.002275	3474.000000	199.223493	0.833873	0.002445	0.000545	0.000171	-0.001505	0.002175
4417	0.836574	0.003847	0.000549	0.000547	-0.002035	0.001573	3476.000000	199.223493	0.836362	0.004104	-0.000164	0.000327	-0.002585	0.001721	3477.000000	199.223493	0.834375	0.004219	0.000493	0.000309	-0.001022	0.002216
4420	0.837307	0.002744	0.000411	0.000302	-0.001591	0.001769	3479.000000	199.223493	0.836072	0.002763	0.000262	0.000760	-0.002411	0.001413	3480.000000	199.223493	0.832465	0.002034	0.001013	0.000646	-0.002749	0.001592
4423	0.832697	0.001514	0.000036	0.000567	-0.002324	0.001696	3482.000000	199.223493	0.833391	0.002771	0.000198	0.000384	-0.002980	0.001174	3483.000000	199.223493	0.832504	0.002260	-0.000207	0.000414	-0.002450	0.001824
4426	0.832002	0.003102	0.000120	0.000349	-0.000974	0.001997	3485.000000	199.223493	0.831057	0.001880	-0.000166	0.000516	-0.000839	0.002496	3486.000000	199.223493	0.830652	0.001400	-0.000526	0.000251	-0.000521	0.002420
4429	0.831752	0.001182	0.000353	0.000492	-0.001051	0.002839	3488.000000	199.223493	0.830922	0.002197	0.000430	0.000339	-0.001804	0.002508	3489.000000	199.223493	0.829475	0.001112	0.000282	0.000636	-0.001592	0.001672
4432	0.828549	0.001825	0.000134	0.000474	-0.000723	0.001219	3491.000000	199.223493	0.828453	0.002345	0.000703	0.000574	0.000598	0.001541	3492.000000	199.223493	0.831154	0.001977	0.000620	0.000607	0.000299	0.001466
4435	0.828260	0.004305	0.000102	0.000599	-0.000859	0.002142	3494.000000	199.223493	0.829205	0.004424	0.000920	0.000434	-0.000328	0.001502	3495.000000	199.223493	0.829494	0.003382	-0.000088	0.000353	0.000019	0.002245
4438	0.827566	0.003878	0.000095	0.000621	-0.001505	0.002292	3497.000000	199.223493	0.830363	0.002969	0.001385	0.000550	-0.001389	0.001663	3498.000000	199.223493	0.828106	0.002455	0.001109	0.000479	-0.002884	0.001718
4441	0.827469	0.003349	0.000683	0.000469	-0.000193	0.001670	3500.000000	199.223493	0.830343	0.003199	-0.000783	0.000706	0.000183	0.001630	3501.000000	199.223493	0.831771	0.003011	0.000513	0.000352	-0.000800	0.002547
4444	0.834375	0.002056	0.000814	0.000271	-0.002373	0.001484	3503.000000	199.223493	0.831019	0.002848	-0.001030	0.000622	-0.000106	0.002544	3504.000000	199.223493	0.831096	0.002555	-0.000271	0.000430	-0.001553	0.002835
4447	0.828376	0.001937	-0.000259	0.000490	-0.001447	0.002198	3506.000000	199.223493	0.830710	0.002647	0.000428	0.000461	-0.002990	0.002151	3507.000000	199.223493	0.834279	0.001717	-0.000118	0.000387	-0.002576	0.001760
4450	0.835108	0.001118	-0.000170	0.000487	-0.002266	0.001883	3509.000000	199.223493	0.836690	0.001552	-0.001162	0.000800	-0.000839	0.000974	3510.000000	199.223493	0.836998	0.001380	-0.000600	0.000407	-0.001697	0.000986
4453	0.835455	0.001173	-0.000448	0.000614	-0.002411	0.000775	3512.000000	199.223493	0.835533	0.001723	-0.000370	0.000403	-0.004967	0.001375	3513.000000	199.223493	0.837114	0.001581	-0.000201	0.000460	-0.004147	0.001483
4456	0.835629	0.002404	0.000306	0.000581	-0.004784	0.002065	3515.000000	199.223493	0.837963	0.001976	0.000008	0.000793	-0.004591	0.002181	3516.000000	199.223493	0.836960	0.002080	0.000516	0.000511	-0.004659	0.001695
4459	0.834259	0.002245	0.000482	0.000550	-0.004610	0.001563	3518.000000	199.223493	0.833025	0.002987	0.001199	0.000911	-0.002652	0.002047	3519.000000	199.223493	0.832504	0.002741	0.000269	0.000403	-0.002209	0.001852
4462	0.833584	0.001908	0.000608	0.000506	-0.002652	0.001737	3521.000000	199.223493	0.832427	0.001262	0.000693	0.000655	-0.002720	0.001657	3522.000000	199.223493	0.831057	0.002678	0.000382	0.000684	-0.002787	0.001371
4465	0.831327	0.003578	0.000055	0.000622	-0.000289	0.002311	3524.000000	199.223493	0.831308	0.002646	-0.000085	0.000440	-0.002720	0.002399	3525.000000	199.223493	0.829611	0.002376	0.000508	0.000767	-0.002160	0.002719
4468	0.830633	0.002283	0.000378	0.000531	-0.001138	0.003034	3527.000000	199.223493	0.832774	0.002917	-0.000163	0.000632	-0.002604	0.002554	3528.000000	199.223493	0.833854	0.002518	-0.001434	0.000211	-0.000164	0.002462
4471	0.833623	0.002551	-0.000811	0.000477	0.000115	0.002226	3530.000000	199.223493	0.834607	0.003681	0.000021	0.000269	-0.001032	0.002528	3531.000000	199.223493	0.835860	0.002878	0.000464	0.000323	-0.002681	0.003285
4474	0.833102	0.004082	0.000166	0.000459	-0.004032	0.002709	3533.000000	199.223493	0.832523	0.003618	-0.000017	0.000767	-0.004234	0.002721	3534.000000	199.223493	0.828858	0.002606	-0.000572	0.000837	-0.004022	0.002604
4477	0.830826	0.003016	-0.001062	0.000619	-0.003926	0.003063	3536.000000	199.223493	0.832446	0.003545	-0.000910	0.000401	-0.003655	0.002618	3537.000000	199.223493	0.830614	0.003116	-0.000429	0.000533	-0.005073	0.002646
4480	0.831115	0.001860	-0.000161	0.000471	-0.003540	0.001913	3539.000000	199.223493	0.829726	0.001740	0.000211	0.000469	-0.002402	0.001487	3540.000000	199.223493	0.829437	0.001236	-0.000743	0.000337	-0.001833	0.001989
4483	0.828376	0.002355	-0.000280	0.000323	-0.001215	0.002837	3542.000000	199.223493	0.830208	0.002845	-0.000321	0.000448	0.000463	0.002856	3543.000000	199.223493	0.826254	0.002592	-0.000539	0.000720	-0.000309	0.003428
4486	0.828839	0.001529	0.000289	0.000779	-0.000097	0.003244	3545.000000	199.223493	0.827855	0.002859	-0.000096	0.000660	-0.000540	0.002347	3546.000000	199.223493	0.828453	0.003058	0.001005	0.000599	-0.000733	0.002241
4489	0.828935	0.003795	-0.000773	0.000581	-0.001804	0.001760	3548.000000	199.223493	0.828453	0.003719	0.000229	0.000442	-0.000347	0.002256	3549.000000	199.223493	0.829012	0.003772	-0.000304	0.000802	-0.000897	0.001976
4492	0.829726	0.002505	-0.000442	0.001010	-0.000376	0.002194	3551.000000	199.223493	0.831732	0.002957	-0.000126	0.000582	0.000290	0.001463	3552.000000	199.223493	0.834163	0.003371	-0.000077	0.000565	-0.001514	0.001970
4495	0.834684	0.002962	0.000723	0.000458	-0.001697	0.001741	3554.000000	199.223493	0.833507	0.001694	0.000872	0.000220	-0.001784	0.002061	3555.000000	199.223493	0.831424	0.001720	0.001069	0.000389	-0.002026	0.002752
4498	0.830922	0.002650	-0.000562	0.000556	-0.001100	0.001750	3557.000000	199.223493	0.829765	0.003269	0.000077	0.000435	0.001003	0.001387	3558.000000	199.223493	0.828318	0.003828	0.000418	0.000510	-0.000482	0.001217
4501	0.827276	0.003880	0.001360	0.000768	-0.001254	0.001563	3560.000000	199.223493	0.825888	0.002830	0.000222	0.000366	-0.000859	0.001514	3561.000000	199.223493	0.828299	0.004229	-0.000381	0.000249	-0.000877	0.001616
4504	0.829977	0.004562	-0.000010	0.000419	-0.000772	0.002075	3563.000000	199.223493	0.833237	0.003214	0.000025	0.000471	-0.000299	0.002486	3564.000000	199.223493	0.830228	0.002675	0.000095	0.000373	-0.000039	0.001244
4507	0.831424	0.003136	0.000038	0.000684	0.001157	0.001177	3566.000000	199.223493	0.828839	0.003721	0.000747	0.000614	0.001495	0.001527	3567.000000	199.223493	0.830150	0.003672	-0.000018	0.000240	0.001910	0.002250
4510	0.832330	0.004113	0.000015	0.000520	0.002797	0.001928	3569.000000	199.223493	0.834240	0.003962	0.000283	0.000518	0.001437	0.001381	3570.000000	199.223493	0.834857	0.003546	-0.000670	0.000759	0.002161	0.001752
4513	0.837538	0.003397	0.001379	0.000680	0.002354	0.001478	3572.000000	199.223493	0.837288	0.003995	-0.000190	0.000440	0.003800	0.002115	3573.000000	199.223493	0.833893	0.003581	0.000442	0.000766	0.002373	0.001688
4516	0.832986	0.002467	0.000030	0.000736	-0.000444	0.002221	3575.000000	199.223493	0.833623	0.001844	0.000522	0.000596	-0.000173	0.002253	3576.000000	199.223493	0.835127	0.001860	0.000729	0.000485	-0.001630	0.002776
4519	0.831559	0.002543	0.000331	0.000141	-0.000627	0.003069	3578.000000	199.223493	0.830690	0.002343	0.000918	0.000542	-0.000463	0.002414	3579.000000	199.223493	0.829244	0.001955	-0.000315	0.000785	-0.000154	0.002246
4522	0.828530	0.003364	0.000601	0.000555	0.000386	0.002943	3581.000000	199.223493	0.830613	0.001990	0.000519	0.000415	0.001003	0.002345	3582.000000	199.223493	0.826408	0.001482	0.000399	0.000481	0.002074	0.002402
4525	0.827296	0.001275	0.000391	0.000417	0.003337	0.002092	3584.000000	199.223493	0.827353	0.001584	0.000141	0.000693	0.000598	0.002456	3585.000000	199.223493	0.828009	0.001141	-0.000403	0.000109	0.002344	0.002643
4528	0.830459	0.000622	-0.000492	0.000357	0.002132	0.002847	3587.000000	199.223493	0.832272	0.001523	0.000695	0.000251	0.002305	0.002020	3588.000000	199.223493	0.827874	0.002354	-0.000073	0.000336	0.001457	0.002449
4531	0.823688	0.001706	-0.000192	0.000429	-0.000058	0.001755	3590.000000	199.223493	0.826138	0.000557	-0.000134	0.000103	0.000752	0.001512	3591.000000	199.223493	0.826254	0.001545	-0.000354	0.000686	0.001389	0.000837
4534	0.824363	0.001220	0.000893	0.000372	-0.000164	0.000999	3593.000000	199.223493	0.824383	0.002157	0.001921	0.000536	-0.000135	0.001027	3594.000000	199.223493	0.824151	0.001198	0.000637	0.000430	-0.000154	0.001642
4537	0.823438	0.000636	0.000698	0.000255	0.001919	0.001783	3596.000000	199.223493	0.823438	0.001811	0.000873	0.000167	-0.000212	0.002381	3597.000000	199.223493	0.824286	0.001561	0.000232	0.000234	-0.000338	0.001797
4540	0.826890	0.001959	-0.000141	0.000229	-0.000955	0.001826	3599.000000	199.223493	0.827701	0.002171	-0.000242	0.000500	0.000328	0.002106	3600.000000	199.223493	0.829205	0.002954	0.000286	0.000385	-0.000569	0.002097
4543	0.827315	0.003136	0.000561	0.000583	-0.002971	0.001530	3602.000000	199.223493	0.831423	0.004918	0.000193	0.000472	-0.000569	0.001487	3603.000000	199.223493	0.832619	0.003157	0.000276	0.000423	-0.000646	0.001810
4546	0.832735	0.003023	0.000562	0.000829	-0.000733	0.002056	3605.000000	199.223493	0.828762	0.001918	-0.000064	0.000503	-0.001157	0.002227	3606.000000	199.223493	0.827103	0.001718	0.000414	0.000188	-0.001640	0.002261
4549	0.827546	0.001680	0.000465	0.000365	-0.001331	0.001770	3608.000000	199.223493	0.827604	0.002539	0.000813	0.000666	-0.000955	0.001196	3609.000000	199.223493	0.827334	0.003156	0.000549	0.000680	0.000106	0.001452
4552	0.828299	0.003340	0.000228	0.000698	-0.001794	0.002029	3611.000000	199.223493	0.828742	0.004753	-0.000853	0.000439	-0.001611	0.002045	3612.000000	199.223493	0.830170	0.005391	-0.000156	0.000428	0.000868	0.002224
4555	0.830999	0.003512	0.000193	0.000225	-0.001360	0.002138	3614.000000	199.223493	0.830825	0.003598	-0.000084	0.000585	-0.001312	0.001558	3615.000000	199.223493	0.828935	0.003643	0.000563	0.000259	-0.001302	0.001661
4558	0.830112	0.003588	0.001028	0.000561	-0.001977	0.001927	3617.000000	199.223493	0.833719	0.003393	0.001112	0.000366	-0.003839	0.001636	3618.000000	199.223493	0.831694	0.002155	0.001169	0.000683	-0.002999	0.001743
4561	0.834028	0.001643	0.000747	0.000411	-0.003318	0.001881	3620.000000	199.223493	0.835532	0.002146	-0.000125	0.000274	-0.001312	0.001109	3621.000000	199.223493	0.835552	0.002515	0.000151	0.000568	-0.001100	0.002495
4564	0.832388	0.002291	-0.000023	0.000884	0.001206	0.002467	3623.000000	199.223493	0.831829	0.002437	0.001318	0.000695	0.000723	0.002084	3624.000000	199.223493	0.833758	0.002711	0.000679	0.000644	0.001408	0.001946
4567	0.832562	0.003331	0.000818	0.000584	0.002006	0.001543	3626.000000	199.223493	0.831886	0.003278	0.000664	0.000908	0.003771	0.002004	3627.000000	199.223493	0.830883	0.002431	-0.000199	0.000515	0.001784	0.001424
4570	0.830768	0.003822	-0.000669	0.000554	0.000087	0.001247	3629.000000	199.223493	0.830922	0.004107	0.000152	0.000796	0.000608	0.001334	3630.000000	199.223493	0.831829	0.003151	0.000895	0.000646	-0.000560	0.001553
4573	0.834568	0.002585	0.000941	0.000764	0.000135	0.001792	3632.000000	199.223493	0.833681	0.001531	-0.000247	0.000671	-0.000116	0.001101	3633.000000	199.223493	0.837712	0.001593	-0.000573	0.000395	-0.000154	0.001631
4576	0.836111	0.002063	-0.000068	0.000661	-0.001080	0.001767	3635.000000	199.223493	0.836632	0.001610	-0.000712	0.000364	-0.000820	0.001763	3636.000000	199.223493	0.835648	0.002011	-0.000732	0.000464	0.001177	0.001920
4579	0.834086	0.001611	-0.001045	0.000556	-0.000579	0.001243	3638.000000	199.223493	0.833507	0.002294	-0.000064	0.000451	-0.000376	0.001248	3639.000000	199.223493	0.834472	0.002370	0.000214	0.000305	-0.000511	0.001275
4582	0.833564	0.001358	0.000021	0.000455	0.002170	0.001506	3641.000000	199.223493	0.835706	0.001964	-0.000543	0.000361	0.002392	0.001038	3642.000000	199.223493	0.833758	0.002949	-0.000240	0.000414	0.001842	0.001563
4585	0.834356	0.003223	0.000493	0.000345	0.001746	0.001282	3644.000000	199.223493	0.834934	0.003632	-0.000036	0.000805	0.003096	0.001053	3645.000000	199.223493	0.834086	0.003975	-0.000505	0.001028	0.003241	0.001785
4588	0.833449	0.004335	-0.000720	0.000535	0.003395	0.001747	3647.000000	199.223493	0.834028	0.003963	-0.000150	0.000544	0.003376	0.001813	3648.000000	199.223493	0.833526	0.004580	0.000220	0.000420	0.001080	0.001719
4591	0.834491	0.003917	0.001531	0.000424	0.003530	0.001530	3650.000000	199.223493	0.833565	0.002595	-0.000551	0.000785	0.003800	0.000668	3651.000000	199.223493	0.833276	0.002566	0.000597	0.000553	0.003588	0.000739
4594	0.836092	0.002721	0.001062	0.000446	0.002623	0.000394	3653.000000	199.223493	0.834992	0.002601	-0.001481	0.000386	0.003694	0.000598	3654.000000	199.223493	0.835185	0.004138	-0.000370	0.000332	0.002643	0.000689
4597	0.829032	0.003905	-0.000384	0.000644	0.002527	0.001204	3656.000000	199.223493	0.833237	0.003360	0.000450	0.000366	0.000801	0.000380	3657.000000	199.223493	0.833044	0.002840	0.000289	0.000437	0.000386	0.001286
4600	0.828974	0.004729	0.001025	0.000654	0.002238	0.001295	3659.000000	199.223493	0.829610	0.004435	0.000797	0.000437	-0.000723	0.001606	3660.000000	199.223493	0.829340	0.004209	0.000284	0.000518	0.000357	0.001217
4603	0.830864	0.004291	0.000567	0.000538	0.000154	0.001977	3662.000000	199.223493	0.831482	0.003849	0.000338	0.000434	-0.000299	0.002636	3663.000000	199.223493	0.828299	0.005128	-0.000289	0.000765	0.000569	0.001787
4606	0.825656	0.005089	0.000098	0.000318	-0.001003	0.001528	3665.000000	199.223493	0.825116	0.005041	-0.000172	0.000445	-0.001929	0.001029	3666.000000	199.223493	0.825232	0.004582	0.000056	0.000730	-0.000328	0.001515
4609	0.825386	0.003708	0.000440	0.000210	-0.000068	0.001638	3668.000000	199.223493	0.827739	0.004682	0.000008	0.000559	0.001910	0.001237	3669.000000	199.223493	0.827006	0.004228	0.000121	0.000357	0.000617	0.001412
4612	0.825791	0.003991	-0.000344	0.000334	0.000183	0.001154	3671.000000	199.223493	0.824537	0.002986	0.000279	0.000310	-0.000241	0.000831	3672.000000	199.223493	0.824171	0.002320	0.000224	0.000304	0.001312	0.001950
4615	0.824788	0.002739	0.000397	0.000380	0.002296	0.001499	3674.000000	199.223493	0.824981	0.003372	0.000187	0.000440	0.002864	0.001239	3675.000000	199.223493	0.822550	0.002883	0.000739	0.000172	0.003154	0.001938
4618	0.825309	0.002403	-0.000092	0.000392	0.002720	0.001903	3677.000000	199.223493	0.826794	0.003059	0.000437	0.000576	0.001833	0.001744	3678.000000	199.223493	0.827469	0.003068	0.000361	0.000645	0.002874	0.002289
4621	0.825367	0.003034	0.000841	0.000603	0.003115	0.002114	3680.000000	199.223493	0.829090	0.003037	-0.000203	0.000474	0.002161	0.002490	3681.000000	199.223493	0.828588	0.003403	-0.000461	0.000194	0.002730	0.002551
4624	0.828916	0.002353	-0.000049	0.000421	0.002971	0.002154	3683.000000	199.223493	0.829051	0.001952	0.000062	0.000645	0.002836	0.002618	3684.000000	199.223493	0.826775	0.001531	0.000561	0.000604	0.003260	0.002477
4627	0.824595	0.002528	0.001016	0.000336	0.005083	0.002511	3686.000000	199.223493	0.824576	0.003027	0.000330	0.000793	0.006241	0.002112	3687.000000	199.223493	0.823090	0.002419	0.000221	0.000449	0.005015	0.001317
4630	0.822029	0.001541	-0.000024	0.000272	0.001997	0.001900	3689.000000	199.223493	0.823515	0.002121	0.000344	0.000602	0.002382	0.001671	3690.000000	199.223493	0.820332	0.003075	0.000217	0.000274	0.002913	0.001211
4633	0.821181	0.002348	-0.000211	0.000205	0.003704	0.001447	3692.000000	199.223493	0.821875	0.002132	-0.000120	0.000478	0.003598	0.001939	3693.000000	199.223493	0.822936	0.003356	0.000425	0.000621	0.002382	0.001718
4636	0.823071	0.003479	-0.000465	0.000427	0.000569	0.002003	3695.000000	199.223493	0.822010	0.002032	0.001021	0.000276	0.000135	0.002843	3696.000000	199.223493	0.824267	0.001729	0.000973	0.000177	0.001630	0.002863
4639	0.824826	0.001952	-0.000320	0.000305	0.001533	0.002016	3698.000000	199.223493	0.827566	0.002150	0.000868	0.000699	0.001157	0.003192	3699.000000	199.223493	0.829398	0.002595	-0.000406	0.000362	0.000212	0.001950
4642	0.829263	0.001694	-0.000121	0.000245	0.001051	0.002527	3701.000000	199.223493	0.832176	0.001025	-0.000495	0.000476	0.000781	0.002323	3702.000000	199.223493	0.832774	0.001614	-0.000298	0.000559	-0.001119	0.002312
4645	0.831848	0.000876	-0.000758	0.000842	-0.000029	0.002352	3704.000000	199.223493	0.834471	0.001157	0.000018	0.000628	0.001032	0.001263	3705.000000	199.223493	0.834047	0.001665	0.000755	0.000488	0.000685	0.001570
4648	0.834858	0.001893	0.000166	0.000309	0.001360	0.001756	3707.000000	199.223493	0.832118	0.001329	0.000291	0.000708	0.003241	0.002397	3708.000000	199.223493	0.832523	0.001537	0.000172	0.000359	0.000656	0.002627
4651	0.830324	0.000935	0.000849	0.000468	-0.000540	0.002810	3710.000000	199.223493	0.829591	0.001735	0.000029	0.000357	0.000222	0.002214	3711.000000	199.223493	0.828472	0.000959	0.000672	0.000529	0.001167	0.001596
4654	0.830922	0.000852	0.000450	0.000392	0.000444	0.002198	3713.000000	199.223493	0.830614	0.001606	0.001439	0.000445	0.002238	0.001909	3714.000000	199.223493	0.833931	0.001372	0.000762	0.000348	0.001013	0.001974
4657	0.833256	0.001716	-0.000594	0.000765	-0.000309	0.001936	3716.000000	199.223493	0.833835	0.002149	-0.000079	0.000499	0.000627	0.001901	3717.000000	199.223493	0.833951	0.002573	-0.000158	0.000734	-0.000482	0.001683
4660	0.834066	0.003072	-0.000067	0.000834	-0.000974	0.001612	3719.000000	199.223493	0.830228	0.003926	0.000258	0.000662	-0.000202	0.001372	3720.000000	199.223493	0.832388	0.002558	-0.001127	0.000427	-0.002006	0.001505
4663	0.829398	0.003615	-0.000793	0.000503	-0.000173	0.001294	3722.000000	199.223493	0.830247	0.001949	0.000357	0.000283	-0.001456	0.001272	3723.000000	199.223493	0.828897	0.002353	-0.000033	0.000604	0.001707	0.001734
4666	0.826871	0.002957	0.000052	0.000342	0.002758	0.001574	3725.000000	199.223493	0.829591	0.002814	-0.000924	0.000568	0.001669	0.001502	3726.000000	199.223493	0.828337	0.001952	-0.000040	0.000586	0.000685	0.000627
4669	0.830247	0.003438	-0.000619	0.000685	-0.000926	0.000870	3728.000000	199.223493	0.829822	0.002616	0.000264	0.000402	0.000261	0.000870	3729.000000	199.223493	0.829745	0.002741	0.000184	0.000766	0.001042	0.001099
4672	0.830671	0.001745	0.001142	0.000679	0.000887	0.001271	3731.000000	199.223493	0.830401	0.002052	0.000554	0.000608	0.002151	0.001535	3732.000000	199.223493	0.830999	0.003030	0.000719	0.000588	0.001842	0.000679
4675	0.834201	0.002520	0.001686	0.000757	0.002874	0.000764	3734.000000	199.223493	0.833758	0.002052	0.000495	0.001190	0.002459	0.001052	3735.000000	199.223493	0.832137	0.001976	0.000516	0.000730	0.002807	0.000712
4678	0.832735	0.003118	0.000990	0.000638	0.004359	0.001050	3737.000000	199.223493	0.834703	0.002861	0.001207	0.000164	0.004388	0.000537	3738.000000	199.223493	0.832909	0.002182	-0.000354	0.000772	0.004957	0.000897
4681	0.834278	0.001169	-0.000205	0.000444	0.004022	0.001325	3740.000000	199.223493	0.834317	0.001183	0.000528	0.000444	0.002228	0.000921	3741.000000	199.223493	0.836825	0.001129	-0.000298	0.000387	0.001630	0.000983
4684	0.835320	0.001455	-0.001474	0.000259	0.002353	0.000332	3743.000000	199.223493	0.835957	0.002879	0.000344	0.000461	0.003366	0.000997	3744.000000	199.223493	0.838272	0.003593	-0.000672	0.000552	0.002961	0.000768
4687	0.835957	0.004762	-0.000385	0.000494	0.004032	0.001457	3746.000000	199.223493	0.833526	0.004653	0.000971	0.000390	0.004890	0.001463	3747.000000	199.223493	0.830536	0.005765	0.000907	0.000534	0.003781	0.001238
4690	0.832002	0.005830	0.000153	0.000224	0.002990	0.001356	3749.000000	199.223493	0.832369	0.006391	-0.000323	0.000277	0.002971	0.001324	3750.000000	199.223493	0.831481	0.005784	-0.000494	0.000530	0.002643	0.002328
4693	0.836285	0.006394	-0.000417	0.000617	0.001755	0.002084	3752.000000	199.223493	0.835320	0.006013	0.000592	0.000729	0.001707	0.002420	3753.000000	199.223493	0.832832	0.005660	0.000705	0.000676	0.002141	0.002562
4696	0.836150	0.005095	0.001244	0.000495	0.002112	0.002343	3755.000000	199.223493	0.835282	0.005321	0.000816	0.000537	0.001196	0.001246	3756.000000	199.223493	0.834703	0.005362	-0.000768	0.000267	0.000617	0.000902
4699	0.833758	0.003849	0.001006	0.000396	0.001775	0.001340	3758.000000	199.223493	0.834722	0.004950	0.000470	0.000591	0.000087	0.001661	3759.000000	199.223493	0.833970	0.005390	0.000880	0.000477	-0.000145	0.001947
4702	0.832619	0.003824	-0.000271	0.000354	0.000251	0.002081	3761.000000	199.223493	0.831076	0.004493	-0.000207	0.000190	-0.000039	0.002362	3762.000000	199.223493	0.829707	0.004124	-0.000230	0.000471	0.000511	0.002301
4705	0.833102	0.004010	-0.000147	0.000937	0.000299	0.002079	3764.000000	199.223493	0.835725	0.003551	0.000638	0.000252	-0.000299	0.001668	3765.000000	199.223493	0.834028	0.003875	0.000621	0.000646	-0.000029	0.001354
4708	0.832812	0.003042	0.000525	0.000250	0.000608	0.001358	3767.000000	199.223493	0.832890	0.001367	-0.000283	0.000205	-0.000395	0.001572	3768.000000	199.223493	0.831366	0.001960	-0.000170	0.000980	0.000434	0.001627
4711	0.831018	0.001229	-0.000669	0.000494	0.000395	0.001508	3770.000000	199.223493	0.830729	0.002076	-0.000554	0.000358	-0.001466	0.002303	3771.000000	199.223493	0.828897	0.003558	0.000260	0.000496	-0.001341	0.001942
4714	0.826003	0.002207	0.000605	0.000532	-0.001534	0.002074	3773.000000	199.223493	0.827045	0.002631	0.000783	0.000618	-0.003048	0.001055	3774.000000	199.223493	0.826968	0.002729	0.000741	0.000803	-0.003395	0.001391
4717	0.826871	0.003830	0.000660	0.000561	-0.004572	0.001053	3776.000000	199.223493	0.827450	0.002266	0.000860	0.000429	-0.003916	0.001363	3777.000000	199.223493	0.825058	0.002359	0.000523	0.000559	-0.002276	0.001151
4720	0.824788	0.002665	0.000277	0.000471	-0.001804	0.001884	3779.000000	199.223493	0.827373	0.002308	-0.000297	0.000469	-0.001456	0.001013	3780.000000	199.223493	0.827411	0.002388	-0.000004	0.000456	-0.001813	0.001758
4723	0.826621	0.001623	-0.000302	0.000606	-0.002807	0.001674	3782.000000	199.223493	0.826659	0.003622	0.000685	0.000409	-0.003405	0.002328	3783.000000	199.223493	0.827180	0.002186	0.000331	0.000573	-0.004456	0.001647
4726	0.828048	0.002607	-0.000030	0.000273	-0.001833	0.001286	3785.000000	199.223493	0.830903	0.003418	-0.001119	0.000468	-0.001833	0.001464	3786.000000	199.223493	0.831424	0.003553	0.001334	0.000255	-0.000357	0.001878
4729	0.832080	0.002845	0.000281	0.000200	0.000936	0.001367	3788.000000	199.223493	0.831925	0.001436	-0.000760	0.000338	0.000077	0.001531	3789.000000	199.223493	0.832600	0.002475	0.000667	0.000250	-0.000579	0.001934
4732	0.833893	0.003362	0.000223	0.000480	-0.000126	0.001079	3791.000000	199.223493	0.832986	0.003341	-0.000029	0.000368	-0.000598	0.001698	3792.000000	199.223493	0.831173	0.003757	0.000353	0.000379	0.000723	0.001963
4735	0.833893	0.002696	0.000428	0.000292	0.000675	0.001731	3794.000000	199.223493	0.833970	0.002892	0.000187	0.000795	-0.000839	0.001844	3795.000000	199.223493	0.829668	0.003070	0.001284	0.000493	-0.001032	0.002105
4738	0.831616	0.002139	0.000164	0.000599	-0.001235	0.002020	3797.000000	199.223493	0.832330	0.003136	0.000240	0.000358	-0.000521	0.002088	3798.000000	199.223493	0.833044	0.001914	-0.000517	0.000434	-0.001466	0.002468
4741	0.832330	0.002861	-0.000122	0.000233	-0.001080	0.001974	3800.000000	199.223493	0.830556	0.002245	-0.000305	0.000467	-0.000019	0.002669	3801.000000	199.223493	0.829668	0.002082	-0.000091	0.000457	0.000714	0.002587
4744	0.828858	0.001802	-0.000105	0.000368	0.000019	0.002887	3803.000000	199.223493	0.827797	0.002839	0.000177	0.000259	0.000135	0.002907	3804.000000	199.223493	0.828241	0.001685	0.000191	0.000639	-0.001061	0.001693
4747	0.827141	0.002410	0.000249	0.000463	-0.000328	0.001251	3806.000000	199.223493	0.827681	0.002691	0.000167	0.000465	0.000829	0.001563	3807.000000	199.223493	0.830016	0.002267	0.000722	0.000608	0.000723	0.001601
4750	0.826215	0.003879	0.000243	0.000596	-0.001302	0.002074	3809.000000	199.223493	0.827257	0.004057	0.000942	0.000423	-0.000723	0.001463	3810.000000	199.223493	0.828279	0.003111	0.000048	0.000240	0.000193	0.002262
4753	0.826254	0.003932	0.000084	0.000621	-0.001476	0.002297	3812.000000	199.223493	0.829398	0.003245	0.001798	0.000283	-0.000511	0.001452	3813.000000	199.223493	0.826987	0.002943	0.001249	0.000410	-0.002566	0.001755
4756	0.826640	0.003828	0.000621	0.000490	0.000347	0.001621	3815.000000	199.223493	0.830691	0.002914	-0.001066	0.000679	-0.000048	0.001576	3816.000000	199.223493	0.830999	0.003537	0.000690	0.000335	-0.002517	0.002210
4759	0.833179	0.002939	0.000871	0.000246	-0.002460	0.001451	3818.000000	199.223493	0.830845	0.002959	-0.000934	0.000633	-0.001620	0.001441	3819.000000	199.223493	0.830787	0.002667	-0.000644	0.000568	-0.002923	0.001704
4762	0.828202	0.001995	-0.000010	0.000364	-0.002508	0.001297	3821.000000	199.223493	0.830228	0.002968	0.000314	0.000447	-0.002585	0.002443	3822.000000	199.223493	0.832581	0.002930	0.000059	0.000445	-0.001920	0.002168
4765	0.831115	0.004104	0.000425	0.000362	-0.002189	0.001937	3824.000000	199.223493	0.833488	0.003731	-0.000514	0.000991	-0.000772	0.001013	3825.000000	199.223493	0.834221	0.002842	-0.000276	0.000419	-0.000453	0.001439
4768	0.833391	0.002075	0.000200	0.000294	-0.000183	0.001776	3827.000000	199.223493	0.832600	0.002750	-0.000186	0.000310	-0.001871	0.002420	3828.000000	199.223493	0.833140	0.003914	0.000163	0.000513	-0.001842	0.001863
4771	0.831385	0.003189	0.000762	0.000589	-0.000801	0.002879	3830.000000	199.223493	0.834684	0.002908	0.000147	0.000882	-0.000347	0.002259	3831.000000	199.223493	0.834491	0.003059	0.000741	0.000477	0.000251	0.002727
4774	0.832967	0.002619	0.000852	0.000623	-0.000907	0.002456	3833.000000	199.223493	0.832620	0.003085	0.001870	0.000590	0.001003	0.001659	3834.000000	199.223493	0.833160	0.002696	0.000379	0.000333	0.001022	0.001576
4777	0.834394	0.001636	0.000518	0.000477	0.000145	0.002165	3836.000000	199.223493	0.833603	0.001041	0.000604	0.000644	0.001321	0.002356	3837.000000	199.223493	0.833700	0.002063	0.000492	0.000675	0.001129	0.002550
4780	0.833680	0.002755	-0.000040	0.000605	0.003839	0.001877	3839.000000	199.223493	0.832195	0.002461	-0.000216	0.000462	0.001678	0.002249	3840.000000	199.223493	0.830016	0.002386	0.000895	0.000778	0.002160	0.002193
4783	0.830671	0.002285	0.000733	0.000383	0.002257	0.002141	3842.000000	199.223493	0.829900	0.002320	-0.000059	0.000658	0.000241	0.001735	3843.000000	199.223493	0.831115	0.003121	-0.001238	0.000321	0.001726	0.001697
4786	0.830961	0.002473	-0.000531	0.000375	0.001929	0.001341	3845.000000	199.223493	0.830614	0.002883	-0.000065	0.000334	0.001331	0.002344	3846.000000	199.223493	0.831076	0.003046	0.000649	0.000299	-0.000781	0.003203
4789	0.827103	0.004025	0.000321	0.000442	-0.002305	0.002584	3848.000000	199.223493	0.828646	0.003819	-0.000097	0.000772	-0.001765	0.003145	3849.000000	199.223493	0.826099	0.003001	-0.000959	0.000739	-0.002344	0.002920
4792	0.828993	0.003040	-0.001236	0.000537	-0.002681	0.003070	3851.000000	199.223493	0.828665	0.003807	-0.000840	0.000378	-0.003434	0.002625	3852.000000	199.223493	0.826968	0.002964	0.000251	0.000333	-0.004273	0.002354
4795	0.827874	0.002713	-0.000006	0.000460	-0.002874	0.001828	3854.000000	199.223493	0.826659	0.001605	0.000358	0.000473	-0.002170	0.001531	3855.000000	199.223493	0.825984	0.002299	-0.000685	0.000375	-0.001794	0.001984
4798	0.824228	0.001970	-0.000124	0.000311	-0.002035	0.002999	3857.000000	199.223493	0.826215	0.001752	-0.000065	0.000602	0.000058	0.002857	3858.000000	199.223493	0.824344	0.002195	0.000015	0.000757	0.000318	0.003370
4801	0.826312	0.002042	0.000145	0.000810	-0.000116	0.003242	3860.000000	199.223493	0.823785	0.002495	-0.000059	0.000664	-0.000405	0.002344	3861.000000	199.223493	0.826138	0.002868	0.000635	0.000549	-0.001427	0.002255
4804	0.828511	0.003719	-0.000763	0.000579	-0.001852	0.001751	3863.000000	199.223493	0.829861	0.004263	0.000281	0.000433	-0.001427	0.002160	3864.000000	199.223493	0.828704	0.003575	0.000311	0.000412	-0.000916	0.001973
4807	0.829263	0.002242	0.000392	0.000672	-0.000415	0.002201	3866.000000	199.223493	0.829572	0.001502	0.000214	0.000571	0.000666	0.001558	3867.000000	199.223493	0.832099	0.001936	-0.000186	0.000524	-0.001331	0.002006
4810	0.833796	0.002568	0.000537	0.000451	-0.000964	0.002076	3869.000000	199.223493	0.834047	0.001774	0.000919	0.000186	-0.002170	0.001799	3870.000000	199.223493	0.831732	0.001699	0.000862	0.000317	-0.003337	0.001733
4813	0.832485	0.002609	-0.000280	0.000575	-0.001958	0.001090	3872.000000	199.223493	0.832890	0.003171	-0.000232	0.000603	-0.000280	0.000886	3873.000000	199.223493	0.831346	0.003336	0.001154	0.000468	-0.001157	0.000993
4816	0.830344	0.003201	0.001522	0.000722	-0.000974	0.001750	3875.000000	199.223493	0.828569	0.002578	0.000252	0.000358	-0.000666	0.001656	3876.000000	199.223493	0.830613	0.004070	-0.000626	0.000128	-0.000849	0.001637
4819	0.832080	0.004530	-0.000410	0.000428	-0.001862	0.001160	3878.000000	199.223493	0.835127	0.003283	0.000322	0.000590	-0.001746	0.001906	3879.000000	199.223493	0.833160	0.002589	0.000208	0.000360	-0.000560	0.000917
4822	0.833989	0.003230	-0.000186	0.000723	-0.000463	0.001024	3881.000000	199.223493	0.833526	0.002895	0.000984	0.000538	0.000608	0.001373	3882.000000	199.223493	0.834529	0.002619	-0.000214	0.000336	0.000289	0.001765
4825	0.835706	0.002755	-0.000124	0.000565	0.000849	0.001252	3884.000000	199.223493	0.837056	0.002748	0.000338	0.000537	-0.001022	0.001067	3885.000000	199.223493	0.836304	0.002625	0.000251	0.000791	-0.000955	0.001645
4828	0.838214	0.002942	0.001270	0.000760	-0.000492	0.001296	3887.000000	199.223493	0.836362	0.004347	0.000044	0.000385	-0.000048	0.001820	3888.000000	199.223493	0.834086	0.003528	0.001069	0.000421	-0.000820	0.001838
4831	0.833546	0.002423	0.000261	0.000724	-0.001804	0.002198	3890.000000	199.223493	0.833584	0.001853	0.000986	0.000496	-0.002073	0.002471	3891.000000	199.223493	0.836092	0.001772	0.001380	0.000360	-0.004032	0.001891
4834	0.832909	0.002345	0.000579	0.000177	-0.004042	0.001948	3893.000000	199.223493	0.831867	0.001817	0.000454	0.000522	-0.003096	0.001517	3894.000000	199.223493	0.831771	0.001767	-0.000778	0.000547	-0.002180	0.001396
4837	0.832774	0.002286	0.000519	0.000492	-0.001659	0.002179	3896.000000	199.223493	0.834182	0.002286	0.000684	0.000497	-0.001456	0.001488	3897.000000	199.223493	0.830421	0.002731	-0.000298	0.000514	0.001129	0.002150
4840	0.828530	0.000701	0.000035	0.000325	0.001524	0.001894	3899.000000	199.223493	0.827411	0.001571	-0.000110	0.000554	-0.001823	0.001543	3900.000000	199.223493	0.827797	0.001258	-0.000134	0.000292	-0.001013	0.002437
4843	0.829070	0.001139	0.000152	0.000317	-0.000656	0.001172	3902.000000	199.223493	0.830015	0.001300	0.000874	0.000319	-0.000270	0.001422	3903.000000	199.223493	0.826099	0.001739	0.000277	0.000150	-0.002035	0.001039
4846	0.823418	0.001614	0.000372	0.000607	-0.001206	0.000849	3905.000000	199.223493	0.825560	0.000480	-0.000181	0.000072	-0.001071	0.000960	3906.000000	199.223493	0.823746	0.002513	-0.000242	0.000710	-0.000193	0.001189
4849	0.823109	0.001072	0.000799	0.000409	-0.001215	0.001088	3908.000000	199.223493	0.821219	0.001813	0.001530	0.000670	-0.001698	0.001012	3909.000000	199.223493	0.821837	0.001687	0.000709	0.000402	-0.002392	0.001213
4852	0.822319	0.000548	0.000518	0.000272	-0.000618	0.001515	3911.000000	199.223493	0.822415	0.001522	0.000742	0.000162	-0.001929	0.002287	3912.000000	199.223493	0.823688	0.001119	0.000613	0.000370	-0.002652	0.001809
4855	0.827180	0.002091	-0.000205	0.000190	-0.003781	0.001725	3914.000000	199.223493	0.827026	0.001808	-0.000221	0.000512	-0.003646	0.002136	3915.000000	199.223493	0.828048	0.002532	0.000346	0.000391	-0.003144	0.002013
4858	0.826543	0.002684	0.000308	0.000371	-0.004215	0.001338	3917.000000	199.223493	0.828433	0.004254	-0.000082	0.000535	-0.002363	0.001213	3918.000000	199.223493	0.831886	0.003033	0.000259	0.000423	-0.003144	0.001265
4861	0.829610	0.003246	0.000860	0.000704	-0.003713	0.001477	3920.000000	199.223493	0.827180	0.001651	0.000399	0.000619	-0.004302	0.001709	3921.000000	199.223493	0.825694	0.002110	0.000011	0.000211	-0.004254	0.001955
4864	0.828472	0.001227	0.000180	0.000428	-0.004090	0.001827	3923.000000	199.223493	0.828916	0.002110	0.001031	0.000681	-0.003299	0.001379	3924.000000	199.223493	0.829919	0.002747	0.000366	0.000689	-0.002257	0.001604
4867	0.831250	0.003397	-0.000180	0.000754	-0.004186	0.000864	3926.000000	199.223493	0.829900	0.004756	-0.000614	0.000461	-0.004032	0.001175	3927.000000	199.223493	0.832118	0.005165	0.000234	0.000458	-0.001582	0.002077
4870	0.830903	0.003536	0.000144	0.000223	-0.003038	0.001900	3929.000000	199.223493	0.829899	0.003857	-0.000143	0.000573	-0.002016	0.001169	3930.000000	199.223493	0.829398	0.003421	0.000721	0.000166	-0.001283	0.001674
4873	0.830479	0.003482	0.000927	0.000582	-0.002643	0.001350	3932.000000	199.223493	0.834356	0.003280	0.001040	0.000359	-0.003617	0.001820	3933.000000	199.223493	0.832832	0.002131	0.000809	0.000686	-0.003144	0.001616
4876	0.831867	0.002029	0.000190	0.000179	-0.003164	0.001986	3935.000000	199.223493	0.832427	0.002605	-0.000430	0.000268	-0.000501	0.001524	3936.000000	199.223493	0.833449	0.002711	-0.000208	0.000437	-0.001042	0.002510
4879	0.831462	0.002262	-0.001062	0.000548	0.001456	0.002474	3938.000000	199.223493	0.830883	0.002618	0.000398	0.000535	0.000849	0.002082	3939.000000	199.223493	0.831790	0.002850	-0.000351	0.000451	0.001582	0.001965
4882	0.830787	0.003754	0.000126	0.000332	0.002517	0.001731	3941.000000	199.223493	0.831096	0.003439	0.000013	0.000639	0.003472	0.002045	3942.000000	199.223493	0.830324	0.002471	-0.000518	0.000446	0.001852	0.001441
4885	0.830652	0.003815	-0.000692	0.000538	0.000280	0.001267	3944.000000	199.223493	0.829456	0.004212	-0.000523	0.000492	0.000270	0.001330	3945.000000	199.223493	0.831192	0.003215	0.000493	0.000677	-0.000309	0.001637
4888	0.835494	0.002318	0.000751	0.000783	-0.000839	0.001351	3947.000000	199.223493	0.833603	0.001501	-0.000392	0.000678	-0.001042	0.000801	3948.000000	199.223493	0.836266	0.002150	-0.000502	0.000419	-0.000887	0.001026
4891	0.834934	0.002032	-0.000789	0.000522	-0.001514	0.001463	3950.000000	199.223493	0.836632	0.001610	-0.000086	0.000380	-0.000521	0.001982	3951.000000	199.223493	0.835764	0.002015	-0.000343	0.000426	0.000010	0.001534
4894	0.833661	0.001614	-0.000776	0.000638	-0.000897	0.001135	3953.000000	199.223493	0.832253	0.001949	0.000527	0.000343	-0.000858	0.000882	3954.000000	199.223493	0.833276	0.002119	0.000703	0.000554	-0.000733	0.001120
4897	0.832388	0.001155	0.000543	0.000452	0.001871	0.001286	3956.000000	199.223493	0.833410	0.001828	-0.000884	0.000364	0.001861	0.000615	3957.000000	199.223493	0.830189	0.002363	-0.000034	0.000419	-0.000077	0.001166
4900	0.830363	0.002350	0.000381	0.000354	0.001099	0.001070	3959.000000	199.223493	0.830980	0.003027	0.000756	0.000645	0.002353	0.000990	3960.000000	199.223493	0.831269	0.003724	0.000374	0.000542	0.002402	0.001466
4903	0.829225	0.002885	0.000068	0.000488	0.002257	0.002035	3962.000000	199.223493	0.829938	0.003013	-0.000084	0.000548	0.001784	0.002161	3963.000000	199.223493	0.831269	0.004128	0.000185	0.000426	-0.000183	0.001432
4906	0.832407	0.003805	0.001491	0.000450	0.002604	0.001301	3965.000000	199.223493	0.831404	0.002930	-0.000067	0.000625	0.002614	0.001653	3966.000000	199.223493	0.829823	0.002262	0.000924	0.000412	0.002604	0.001102
4909	0.832022	0.002480	0.001132	0.000412	0.002315	0.000536	3968.000000	199.223493	0.833546	0.002319	-0.001485	0.000386	0.003627	0.000623	3969.000000	199.223493	0.833526	0.003805	-0.000440	0.000271	0.003029	0.000732
4912	0.828665	0.003844	0.000139	0.000901	0.002556	0.001217	3971.000000	199.223493	0.831829	0.003074	0.000810	0.000625	0.002218	0.001338	3972.000000	199.223493	0.832080	0.002557	0.000298	0.000439	0.001080	0.001469
4915	0.827759	0.004198	0.001150	0.000563	0.002469	0.001353	3974.000000	199.223493	0.827951	0.003754	0.000553	0.000572	-0.000453	0.001646	3975.000000	199.223493	0.827295	0.003424	0.000302	0.000511	-0.000724	0.001260
4918	0.828646	0.003566	0.000794	0.000574	-0.000029	0.001949	3977.000000	199.223493	0.831057	0.003753	0.000315	0.000429	-0.000328	0.002631	3978.000000	199.223493	0.827122	0.004907	-0.000641	0.000594	0.000907	0.001707
4921	0.824498	0.004807	0.000203	0.000395	-0.000125	0.001414	3980.000000	199.223493	0.823823	0.004685	-0.000253	0.000406	-0.000415	0.001134	3981.000000	199.223493	0.823129	0.004267	-0.000470	0.000485	-0.000386	0.001516
4924	0.823707	0.003373	0.000781	0.000264	0.000386	0.001472	3983.000000	199.223493	0.823727	0.004009	-0.000505	0.000567	0.000839	0.001807	3984.000000	199.223493	0.823688	0.002859	-0.000069	0.000343	0.000193	0.001603
4927	0.823592	0.002386	0.000343	0.000347	0.000077	0.001236	3986.000000	199.223493	0.823360	0.002444	0.000431	0.000284	-0.000521	0.001056	3987.000000	199.223493	0.823553	0.002283	0.000763	0.000592	0.002440	0.001087
4930	0.826755	0.003008	-0.000140	0.000565	0.001717	0.001884	3989.000000	199.223493	0.827450	0.003466	-0.000397	0.000472	0.002218	0.001630	3990.000000	199.223493	0.825521	0.003435	0.000450	0.000270	0.002536	0.002274
4933	0.829282	0.003637	0.000364	0.000564	0.002633	0.001953	3992.000000	199.223493	0.829514	0.004241	0.000424	0.000586	0.002604	0.001328	3993.000000	199.223493	0.829630	0.003803	0.000319	0.000642	0.003829	0.001670
4936	0.827990	0.003723	0.001121	0.000619	0.003829	0.001582	3995.000000	199.223493	0.830613	0.003501	0.000033	0.000368	0.003656	0.001639	3996.000000	199.223493	0.829784	0.003536	-0.000644	0.000336	0.004013	0.001662
4939	0.829957	0.002473	-0.000425	0.000418	0.003424	0.001846	3998.000000	199.223493	0.830594	0.002242	-0.000022	0.000601	0.003578	0.002179	3999.000000	199.223493	0.828800	0.001453	0.000140	0.000456	0.003839	0.002126
4942	0.828453	0.003547	0.000667	0.000418	0.005642	0.002194	4001.000000	199.223493	0.826968	0.004061	0.000431	0.000832	0.005778	0.002366	4002.000000	199.223493	0.825868	0.003637	0.000447	0.000485	0.004244	0.001675
4945	0.825038	0.003357	0.000121	0.000336	0.001784	0.002014	4004.000000	199.223493	0.824884	0.002404	-0.000080	0.000602	0.002517	0.001637	4005.000000	199.223493	0.820968	0.003287	0.000522	0.000358	0.002508	0.001192
4948	0.821875	0.002625	0.000211	0.000431	0.003019	0.001154	4007.000000	199.223493	0.822068	0.002190	-0.000504	0.000467	0.001804	0.001047	4008.000000	199.223493	0.822068	0.003204	0.000184	0.000609	0.000974	0.001334
4951	0.824209	0.003572	-0.000596	0.000407	-0.000820	0.001654	4010.000000	199.223493	0.824421	0.002359	0.000762	0.000363	-0.002431	0.002208	4011.000000	199.223493	0.826099	0.002012	0.000920	0.000193	-0.001389	0.002168
4954	0.825540	0.001973	-0.000464	0.000322	-0.002084	0.001773	4013.000000	199.223493	0.828800	0.001970	0.000539	0.000662	-0.003357	0.001360	4014.000000	199.223493	0.829861	0.002265	-0.000626	0.000311	-0.002537	0.000768
4957	0.829090	0.001789	-0.000384	0.000171	-0.001379	0.000677	4016.000000	199.223493	0.830459	0.002130	-0.000579	0.000447	-0.002758	0.001478	4017.000000	199.223493	0.830884	0.002808	0.000378	0.000374	-0.003675	0.001047
4960	0.829765	0.002444	-0.000712	0.000845	-0.002759	0.000880	4019.000000	199.223493	0.831462	0.002567	0.000068	0.000606	-0.001408	0.001463	4020.000000	199.223493	0.829803	0.002371	0.000429	0.000535	-0.001524	0.001003
4963	0.829919	0.003087	0.000523	0.000432	-0.001312	0.001131	4022.000000	199.223493	0.829282	0.001792	0.000437	0.000671	0.000588	0.001654	4023.000000	199.223493	0.831404	0.001462	0.000246	0.000368	-0.002942	0.001400
4966	0.830768	0.001181	0.000472	0.000550	-0.004051	0.002414	4025.000000	199.223493	0.830710	0.002186	0.000119	0.000334	-0.002537	0.001460	4026.000000	199.223493	0.829533	0.001228	0.000961	0.000501	-0.002315	0.002114
4969	0.831385	0.000957	0.000738	0.000504	-0.001562	0.002912	4028.000000	199.223493	0.831925	0.001874	0.001581	0.000341	-0.000723	0.002838	4029.000000	199.223493	0.832658	0.000437	0.000701	0.000372	-0.001707	0.001861
4972	0.832137	0.001324	-0.000007	0.000354	-0.003569	0.001883	4031.000000	199.223493	0.832620	0.002391	0.000664	0.000441	-0.001418	0.001452	4032.000000	199.223493	0.833179	0.002947	0.000351	0.000521	-0.001244	0.001582
4975	0.832909	0.003605	-0.000068	0.000834	-0.000936	0.001620	4034.000000	199.223493	0.831867	0.002943	0.000255	0.000663	0.000695	0.001477	4035.000000	199.223493	0.833256	0.001972	-0.000838	0.000503	-0.002054	0.001499
4978	0.831134	0.002561	-0.000699	0.000541	-0.000762	0.001362	4037.000000	199.223493	0.830941	0.001654	-0.000078	0.000344	-0.002141	0.001319	4038.000000	199.223493	0.830015	0.001965	-0.000084	0.000602	0.001042	0.001693
4981	0.828993	0.002845	0.000120	0.000310	0.002411	0.001646	4040.000000	199.223493	0.829765	0.002803	-0.000577	0.000605	0.001630	0.001516	4041.000000	199.223493	0.827701	0.001916	0.000183	0.000581	-0.000319	0.001105
4984	0.826794	0.002429	0.000176	0.000233	-0.000955	0.000880	4043.000000	199.223493	0.829977	0.002684	0.000829	0.000463	-0.000897	0.001372	4044.000000	199.223493	0.828762	0.002205	0.001128	0.000373	-0.000695	0.001694
4987	0.829283	0.000803	0.001267	0.000621	-0.001157	0.001016	4046.000000	199.223493	0.829244	0.001676	0.000345	0.000720	-0.000347	0.001337	4047.000000	199.223493	0.827913	0.001722	0.000946	0.000490	-0.000019	0.001076
4990	0.831192	0.002597	0.001752	0.000724	0.000145	0.001834	4049.000000	199.223493	0.830903	0.001750	0.000365	0.001194	0.000955	0.001961	4050.000000	199.223493	0.830556	0.001997	0.000263	0.000711	0.001370	0.001615
4993	0.829012	0.003231	0.001379	0.000588	0.002835	0.002044	4052.000000	199.223493	0.830440	0.002990	0.000638	0.000482	0.002199	0.002082	4053.000000	199.223493	0.830189	0.002599	-0.000350	0.000773	0.001890	0.003223
4996	0.830228	0.003025	0.000071	0.000507	0.000820	0.003030	4055.000000	199.223493	0.830999	0.002700	0.000549	0.000456	0.000067	0.001960	4056.000000	199.223493	0.832137	0.003767	-0.000053	0.000405	-0.000183	0.002054
