1	0.972415	0.622517	-0.989246
2	0.954958	0.493038	-0.976707
3	0.949460	0.440222	-0.955199
4	0.944252	0.400391	-0.936680
5	0.937982	0.355878	-0.915702
6	0.934992	0.337971	-0.896171
7	0.932967	0.294483	-0.874470
8	0.925251	0.288429	-0.847560
9	0.929398	0.287743	-0.823736
10	0.922936	0.239131	-0.794078
11	0.914738	0.196003	-0.763696
12	0.907986	0.174269	-0.736979
13	0.910204	0.179550	-0.706645
14	0.910687	0.157701	-0.685233
15	0.908468	0.137962	-0.661989
16	0.906925	0.122394	-0.637105
17	0.904032	0.112684	-0.614390
18	0.902488	0.109551	-0.592930
19	0.906250	0.114487	-0.573833
20	0.901042	0.105761	-0.548611
21	0.901331	0.092808	-0.527199
22	0.897473	0.086190	-0.504919
23	0.890432	0.071203	-0.483893
24	0.888214	0.066072	-0.468798
25	0.881944	0.045003	-0.445891
26	0.874035	0.034094	-0.421779
27	0.875000	0.030461	-0.396074
28	0.871528	0.024693	-0.373409
29	0.868056	0.018077	-0.353492
30	0.868924	0.014481	-0.334684
31	0.863426	0.008410	-0.312404
32	0.859664	0.002694	-0.292438
33	0.855806	0.005104	-0.276235
34	0.852045	0.004923	-0.258005
35	0.851659	0.007113	-0.244068
36	0.854167	0.006156	-0.230517
37	0.855035	0.009698	-0.213493
38	0.853106	0.006249	-0.197676
39	0.850791	0.006193	-0.187741
40	0.848476	0.006666	-0.180073
41	0.851273	0.005147	-0.164786
42	0.853106	0.002945	-0.157504
43	0.856481	0.004619	-0.148003
44	0.847994	0.002994	-0.136285
45	0.845293	-0.000828	-0.129919
46	0.844907	0.001494	-0.118682
47	0.845679	0.002143	-0.116802
48	0.849730	0.002066	-0.111883
49	0.847704	-0.001822	-0.105276
50	0.835648	0.000520	-0.097994
51	0.837191	0.000382	-0.091146
52	0.845775	0.000664	-0.086082
53	0.838831	0.001309	-0.078125
54	0.838252	-0.000274	-0.068625
55	0.838638	-0.000344	-0.063272
56	0.831308	-0.000298	-0.055122
57	0.826389	0.000681	-0.051987
58	0.829572	-0.000418	-0.048032
59	0.832562	-0.000940	-0.048466
60	0.830247	0.000203	-0.048515
61	0.821952	-0.000653	-0.041281
62	0.821084	0.001502	-0.041860
63	0.830054	-0.000621	-0.037905
64	0.829861	0.000058	-0.036314
65	0.834105	-0.001559	-0.026283
66	0.832851	-0.000675	-0.028791
67	0.826582	-0.000106	-0.027247
68	0.823592	-0.000717	-0.024402
69	0.828029	-0.000620	-0.020110
70	0.828993	0.000951	-0.022232
71	0.830633	0.003170	-0.018519
72	0.833333	0.001649	-0.019242
73	0.834298	0.000562	-0.016397
74	0.832272	0.001111	-0.014082
75	0.824942	0.000016	-0.013455
76	0.825424	-0.000947	-0.008922
77	0.820795	0.000882	-0.009404
78	0.821663	-0.000626	-0.012731
79	0.825714	-0.000664	-0.008681
80	0.828897	-0.000795	-0.006607
81	0.819734	0.001134	0.000482
82	0.823495	0.001821	-0.003279
83	0.831501	0.000906	-0.002845
84	0.830922	-0.000183	-0.005449
85	0.833430	0.000911	-0.003713
86	0.836806	0.001633	-0.005160
87	0.831115	0.000230	-0.006559
88	0.829668	0.001155	-0.006366
89	0.835648	0.001882	-0.005208
90	0.838735	-0.001236	-0.005112
91	0.836516	0.000186	-0.007523
92	0.832272	-0.001246	-0.003762
93	0.835069	0.000529	-0.005594
94	0.832176	0.001508	-0.001254
95	0.839313	-0.000447	-0.001543
96	0.842593	-0.002010	0.000289
97	0.845293	0.001863	-0.000916
98	0.839410	-0.000216	0.003472
99	0.843268	-0.000119	-0.003328
100	0.842785	-0.000503	0.000627
101	0.845197	0.001332	0.002411
102	0.841049	0.001587	-0.001543
103	0.836420	0.001729	-0.004774
104	0.827450	0.001800	-0.007186
105	0.826003	-0.000032	-0.008198
106	0.831983	-0.000762	-0.005835
107	0.842785	0.001353	-0.004003
108	0.839024	0.000524	-0.005691
109	0.839024	-0.001617	-0.006076
110	0.832658	-0.000040	-0.001495
111	0.832079	-0.000429	-0.004726
112	0.837191	-0.001515	-0.001399
113	0.837288	-0.001377	-0.001881
114	0.837963	-0.000282	-0.006800
115	0.832948	-0.003020	-0.009259
116	0.833816	-0.000033	-0.012731
117	0.831597	-0.000680	-0.009356
118	0.825135	-0.000829	-0.009211
119	0.833237	-0.000042	-0.009259
120	0.829090	0.000565	-0.006944
121	0.827836	0.000520	-0.009356
122	0.828607	0.000611	-0.006848
123	0.830536	0.000214	-0.007041
124	0.828318	0.000241	-0.007234
125	0.829765	-0.000268	-0.006366
126	0.833237	-0.000120	-0.001350
127	0.827160	-0.000510	-0.003424
128	0.822338	-0.000286	-0.003713
129	0.827932	0.000359	-0.003858
130	0.825424	-0.000127	-0.002508
131	0.824556	0.000789	-0.005449
132	0.828607	0.001552	-0.005064
133	0.829186	-0.001043	-0.003713
134	0.837095	-0.000672	-0.000675
135	0.839410	-0.001945	0.002315
136	0.842593	-0.001330	-0.000241
137	0.842014	0.000887	0.000338
138	0.842110	-0.000055	-0.005064
139	0.843943	0.000163	-0.006703
140	0.840664	0.000937	-0.006125
141	0.832658	0.000060	-0.004051
142	0.830729	0.000091	-0.006993
143	0.833430	0.000794	-0.002894
144	0.833623	0.002337	-0.002990
145	0.828221	0.001238	-0.005015
146	0.838156	0.000678	-0.000820
147	0.837384	0.000013	-0.000579
148	0.837384	-0.002248	0.002749
149	0.840760	-0.001037	-0.001833
150	0.830922	0.002919	-0.000965
151	0.828414	-0.000443	-0.000868
152	0.832465	-0.000152	0.002604
153	0.832851	0.000082	0.003328
154	0.834105	0.002130	-0.001206
155	0.837577	0.001717	-0.000096
156	0.839120	0.002064	0.002315
157	0.831694	0.000098	0.001109
158	0.834008	0.001885	0.004244
159	0.834780	-0.000097	0.001688
160	0.836998	0.001699	0.001640
161	0.840856	0.000637	-0.002218
162	0.836323	0.001420	-0.001640
163	0.833816	0.001003	-0.003328
164	0.837191	0.000093	-0.003038
165	0.843171	0.000070	-0.001688
166	0.835745	0.001111	-0.000868
167	0.835938	0.001120	0.001784
168	0.824267	0.000687	-0.004533
169	0.826196	0.000263	-0.005160
170	0.822531	-0.000517	-0.006607
171	0.821759	-0.000458	-0.007282
172	0.817130	-0.000620	-0.004823
173	0.819348	-0.000712	-0.007427
174	0.823399	-0.000103	-0.006076
175	0.828511	-0.001252	-0.008247
176	0.827257	-0.000823	-0.006896
177	0.829090	0.000993	-0.007957
178	0.825231	0.000843	-0.005932
179	0.828800	-0.000179	-0.001495
180	0.822627	0.000353	-0.005160
181	0.826100	-0.000405	-0.000434
182	0.827160	0.001283	-0.002074
183	0.832079	0.001870	0.002701
184	0.834008	0.002612	0.002845
185	0.838156	-0.000333	0.002508
186	0.837963	-0.001490	0.005064
187	0.834684	0.000406	0.009500
188	0.836709	-0.002843	0.011719
189	0.831983	-0.001168	0.008729
190	0.833430	-0.000156	0.008102
191	0.833816	0.001862	0.008536
192	0.829668	-0.001088	0.009790
193	0.821856	-0.001791	0.008150
194	0.828511	0.001153	0.004967
195	0.822434	0.000105	0.002025
196	0.831404	-0.000843	0.003858
197	0.829572	0.001299	0.004244
198	0.830826	0.000923	0.002122
199	0.832562	-0.002468	0.001495
200	0.831597	-0.000499	0.004003
201	0.838735	-0.001633	0.005401
202	0.834298	0.001974	0.000579
203	0.832562	0.000385	0.009500
204	0.833237	0.002007	0.000675
205	0.823785	-0.000490	0.005883
206	0.818962	0.000780	0.006800
207	0.826582	0.001250	0.003762
208	0.823881	0.001167	0.003183
209	0.820216	0.000937	-0.002459
210	0.826485	-0.001676	-0.000965
211	0.824171	-0.000349	-0.001784
212	0.826100	-0.001669	-0.003279
213	0.823688	-0.000372	0.000530
214	0.820698	0.000175	-0.002459
215	0.823013	-0.000594	-0.001061
216	0.827450	-0.000915	-0.008439
217	0.827064	-0.001169	-0.006800
218	0.826582	-0.001120	-0.006076
219	0.833044	0.001538	-0.006944
220	0.837481	0.001070	-0.005642
221	0.829765	-0.000987	-0.002652
222	0.832079	0.000191	-0.002894
223	0.837770	-0.000418	-0.004292
224	0.839313	-0.001344	-0.000579
225	0.842882	-0.001864	-0.000386
226	0.840856	0.000523	-0.002701
227	0.839892	0.003570	-0.001881
228	0.832562	-0.000482	-0.001833
229	0.826196	-0.000830	0.003086
230	0.823206	-0.001764	0.005739
231	0.823013	-0.000445	0.003810
232	0.824556	-0.001577	-0.000193
233	0.824074	-0.001689	-0.002411
234	0.831115	-0.000292	-0.004292
235	0.837577	0.000103	-0.008295
236	0.834973	0.000582	-0.007475
237	0.833333	0.000336	-0.003086
238	0.836902	0.002382	-0.004967
239	0.833333	-0.000019	-0.007137
240	0.833623	-0.001628	-0.004437
241	0.826485	-0.000469	-0.004051
242	0.820120	-0.000191	-0.007957
243	0.822917	0.002474	-0.010272
244	0.827836	0.000920	-0.006269
245	0.828607	0.001350	-0.010706
246	0.824363	0.000965	-0.008343
247	0.823592	0.000685	-0.009115
248	0.815683	0.001853	-0.010176
249	0.817323	0.000286	-0.004967
250	0.810957	-0.000373	-0.005739
251	0.813947	-0.000366	-0.005787
252	0.827257	0.002147	-0.007909
253	0.823495	0.000602	-0.009115
254	0.820795	0.000074	-0.005883
255	0.820023	0.000787	-0.006944
256	0.820602	0.000600	-0.004292
257	0.818191	0.001854	-0.002170
258	0.814525	-0.000190	-0.006510
259	0.820216	0.001144	-0.004340
260	0.823206	0.000078	-0.009115
261	0.833816	0.000303	-0.006703
262	0.829861	0.000444	-0.004437
263	0.835069	-0.000827	-0.008584
264	0.830247	-0.001220	-0.006655
265	0.829861	-0.001088	-0.006655
266	0.827160	0.000192	-0.008295
267	0.826389	-0.000429	-0.006076
268	0.820120	-0.000025	-0.004485
269	0.824363	-0.000313	-0.007668
270	0.825328	-0.002147	-0.009259
271	0.824942	0.000007	-0.008777
272	0.821277	-0.001299	-0.008681
273	0.824749	0.002846	-0.010802
274	0.830247	0.000429	-0.009549
275	0.827160	0.002127	-0.007909
276	0.826775	0.000508	-0.007427
277	0.829668	-0.000682	-0.008054
278	0.832851	-0.001163	-0.003713
279	0.831597	-0.000037	-0.003713
280	0.831597	-0.002588	0.001640
281	0.834298	0.000696	-0.003038
282	0.828414	-0.001056	-0.004533
283	0.819927	0.000348	-0.003376
284	0.818383	-0.000342	-0.003376
285	0.818287	-0.000212	-0.002508
286	0.820023	-0.001005	-0.000241
287	0.821181	-0.001585	0.000530
288	0.826292	-0.000898	0.000868
289	0.835455	0.000514	0.000916
290	0.831501	-0.000186	0.001977
291	0.838156	0.000663	0.000868
292	0.836227	-0.001181	0.004774
293	0.836709	-0.000609	0.003906
294	0.837674	-0.000479	0.004389
295	0.834587	0.001583	0.006800
296	0.838059	0.000446	0.001399
297	0.838927	0.001415	0.003086
298	0.838735	0.000882	-0.001109
299	0.836130	0.000534	-0.001977
300	0.833623	0.000866	-0.004533
301	0.834973	-0.000155	-0.003279
302	0.833719	0.000511	-0.004196
303	0.834201	0.001434	-0.000675
304	0.836420	-0.000170	-0.002508
305	0.839796	0.001688	-0.002074
306	0.840567	0.002154	-0.005305
307	0.837867	0.001231	-0.001399
308	0.839410	-0.000531	0.001254
309	0.843750	0.000139	-0.004823
310	0.850212	0.001078	-0.001302
311	0.845197	0.000889	0.001640
312	0.843364	-0.000503	-0.003424
313	0.834587	0.000907	-0.001350
314	0.837770	0.000848	-0.001784
315	0.844232	-0.001038	-0.002604
316	0.843268	-0.001283	0.004340
317	0.849344	-0.003413	0.004678
318	0.846836	0.002070	0.004437
319	0.844136	-0.001551	-0.000772
320	0.845486	-0.000150	0.002604
321	0.849248	-0.002466	-0.004340
322	0.844618	-0.001680	-0.004533
323	0.841435	-0.000506	-0.005015
324	0.837095	-0.000544	-0.001591
325	0.836227	-0.000922	-0.001109
326	0.837577	-0.003332	-0.003424
327	0.840181	-0.000125	-0.000627
328	0.831597	-0.000035	0.000627
329	0.831404	0.003114	-0.001977
330	0.831019	-0.000760	-0.000627
331	0.830729	0.002818	0.001109
332	0.831790	0.000489	0.000675
333	0.836806	0.000438	-0.003954
334	0.833816	0.000772	-0.003183
335	0.831694	0.000323	-0.001013
336	0.832755	-0.001171	-0.000241
337	0.834587	0.002458	0.001543
338	0.835069	0.000690	0.001109
339	0.841725	-0.001202	-0.000434
340	0.840953	0.001722	0.001881
341	0.839603	0.003394	0.003472
342	0.843750	0.000739	0.001736
343	0.843364	0.003738	0.003665
344	0.845293	0.000132	0.004051
345	0.846258	0.001948	0.006752
346	0.846451	-0.000407	0.003665
347	0.849923	-0.000760	0.003858
348	0.852238	-0.003738	0.003954
349	0.844618	-0.000755	0.002315
350	0.845100	-0.001440	0.003086
351	0.838156	-0.000144	0.000916
352	0.840856	0.000178	0.003954
353	0.840664	-0.000603	0.005787
354	0.835648	0.000653	0.009742
355	0.840760	-0.000399	0.012008
356	0.836806	0.001417	0.009500
357	0.840664	-0.000849	0.004774
358	0.845100	-0.000120	0.001929
359	0.849826	0.000393	0.002074
360	0.844618	-0.000698	-0.000096
361	0.843846	-0.002073	-0.001543
362	0.841049	-0.000233	-0.002749
363	0.845872	-0.000066	-0.001736
364	0.846933	0.001999	-0.004823
365	0.839217	0.000700	0.000048
366	0.839988	0.001394	-0.003810
367	0.844232	0.003194	0.001591
368	0.838638	0.003002	-0.001833
369	0.831790	-0.000144	0.000579
370	0.839603	0.001165	0.005305
371	0.833623	-0.000643	0.006800
372	0.836806	-0.002589	0.002701
373	0.836902	0.002201	0.000820
374	0.833526	0.000551	0.004437
375	0.833719	-0.000052	0.000096
376	0.825907	0.000622	-0.003376
377	0.826003	-0.000814	-0.003183
378	0.824653	-0.000372	-0.008584
379	0.820409	0.000332	-0.008391
380	0.822242	-0.003481	-0.004871
381	0.821084	-0.001220	-0.008391
382	0.820602	0.000141	-0.006703
383	0.821084	0.001456	-0.005739
384	0.820409	-0.000435	-0.000868
385	0.813079	0.000656	-0.000434
386	0.819155	-0.000573	0.003038
387	0.812114	0.000042	-0.002315
388	0.816744	-0.000041	-0.004581
389	0.816744	-0.000847	-0.000145
390	0.817226	0.000220	-0.001640
391	0.820409	0.000455	-0.001543
392	0.812404	-0.000513	-0.003038
393	0.809221	-0.000059	-0.004099
394	0.811921	-0.001030	-0.002797
395	0.809896	0.000215	-0.000048
396	0.817419	-0.001440	0.000241
397	0.819541	-0.001122	0.002411
398	0.822049	-0.000141	-0.000530
399	0.820505	0.000171	-0.000820
400	0.821856	0.000374	-0.002267
401	0.823978	-0.002204	-0.003424
402	0.823881	0.000057	0.001977
403	0.830729	-0.000561	0.004003
404	0.828607	0.002056	0.003183
405	0.826485	0.002072	0.003713
406	0.829572	0.000473	0.003858
407	0.829090	0.000451	0.002990
408	0.821663	0.000863	0.004630
409	0.824653	-0.001849	0.005835
410	0.827643	-0.000991	0.003183
411	0.825617	-0.000446	0.004244
412	0.819637	0.000066	0.005739
413	0.820602	0.000757	0.001929
414	0.820505	-0.000790	0.001640
415	0.817612	-0.001236	0.002942
416	0.820505	-0.000425	0.006993
417	0.823688	-0.001472	0.003328
418	0.825617	-0.000700	0.008295
419	0.822627	-0.000426	0.008873
420	0.827257	0.002157	0.005498
421	0.827064	0.000864	0.011526
422	0.824267	0.001296	0.009018
423	0.824942	-0.000424	0.008391
424	0.821856	-0.000314	0.005305
425	0.822724	-0.001190	0.003520
426	0.823978	-0.001311	0.007378
427	0.823495	-0.001543	0.000482
428	0.822820	-0.000658	0.002652
429	0.820891	0.002060	0.002894
430	0.826485	-0.000590	0.002074
431	0.825039	0.000599	-0.000916
432	0.825328	0.000956	0.001061
433	0.822242	-0.000885	-0.002845
434	0.823881	-0.000843	0.002459
435	0.823495	-0.000386	-0.001061
436	0.829668	-0.001478	-0.000048
437	0.833912	-0.000218	0.001784
438	0.832658	-0.000586	0.001157
439	0.834780	0.000089	-0.002652
440	0.836806	-0.000485	-0.000868
441	0.836420	-0.001192	0.000579
442	0.832272	-0.004170	0.003810
443	0.835069	0.000547	-0.000338
444	0.830729	-0.000066	0.000482
445	0.835745	0.000599	0.001061
446	0.831887	0.002960	0.000145
447	0.830440	-0.001871	-0.003135
448	0.831501	-0.001872	-0.002315
449	0.834877	0.002344	0.002218
450	0.831404	0.002103	0.000579
451	0.832176	0.003303	0.006028
452	0.831597	0.000977	0.008005
453	0.831694	0.000489	-0.000048
454	0.833623	0.002403	-0.002074
455	0.826389	0.000181	-0.000482
456	0.825617	-0.001971	0.001447
457	0.829475	0.000172	-0.001736
458	0.834394	-0.000165	-0.002315
459	0.833526	0.000793	0.001495
460	0.832658	0.001261	-0.006800
461	0.828800	0.003517	-0.004726
462	0.823302	0.001205	-0.003231
463	0.823399	0.002374	-0.001784
464	0.820602	0.000843	-0.002315
465	0.823110	0.000019	-0.000868
466	0.827932	0.000723	-0.002556
467	0.824846	-0.001134	-0.000772
468	0.826582	-0.001091	-0.001061
469	0.830922	-0.000036	-0.000386
470	0.826582	0.000769	-0.004485
471	0.834780	0.002774	0.000482
472	0.832658	0.001992	-0.001881
473	0.827450	0.000417	-0.003906
474	0.829861	-0.001005	-0.001447
475	0.829572	-0.002140	-0.004340
476	0.830440	-0.003649	-0.000289
477	0.836806	-0.003909	0.003328
478	0.830343	-0.002038	0.003858
479	0.828414	-0.000567	0.002315
480	0.826196	0.000207	-0.001157
481	0.828897	0.000468	-0.002845
482	0.828993	0.000050	0.001881
483	0.834780	-0.001439	-0.000386
484	0.835359	-0.000591	0.000338
485	0.830054	-0.001259	0.000530
486	0.829861	-0.002123	-0.003038
487	0.826582	-0.002251	0.002267
488	0.828029	-0.000457	0.001591
489	0.829765	-0.000940	0.001784
490	0.828029	-0.000295	0.000000
491	0.822242	0.001271	-0.002652
492	0.824074	-0.001367	-0.003376
493	0.822917	0.000755	-0.001254
494	0.814718	0.002307	0.000145
495	0.815008	0.000783	-0.004196
496	0.816744	-0.001871	-0.002894
497	0.820698	-0.000609	-0.000675
498	0.828993	0.000054	0.001013
499	0.831019	-0.000319	0.000579
500	0.828704	0.000746	0.001447
501	0.830826	-0.000342	-0.000723
502	0.832465	0.001815	0.000048
503	0.828125	0.001800	-0.000338
504	0.824942	0.002408	-0.004244
505	0.832079	0.001515	-0.002942
506	0.834394	0.003861	-0.003665
507	0.835745	0.001421	-0.002315
508	0.837963	0.002182	-0.001640
509	0.835938	-0.000833	-0.002652
510	0.839506	-0.000961	-0.001061
511	0.841725	-0.001054	-0.000241
512	0.840181	0.000454	-0.000193
513	0.830922	-0.002470	0.000434
514	0.828221	-0.000482	0.002122
515	0.833140	0.000591	0.001061
516	0.830633	0.000871	0.001640
517	0.831694	0.002274	-0.001495
518	0.834973	0.000111	0.001736
519	0.827064	0.000662	-0.003858
520	0.827353	0.001107	-0.001109
521	0.831597	0.000619	-0.002604
522	0.828414	0.000563	-0.002459
523	0.831308	-0.000020	-0.001109
524	0.825617	-0.001826	-0.004003
525	0.826100	0.000995	-0.004630
526	0.826292	0.000486	-0.003328
527	0.822049	-0.000836	-0.002556
528	0.820505	-0.000505	-0.006366
529	0.824074	-0.000871	-0.004389
530	0.824749	-0.001331	-0.006076
531	0.823592	-0.000925	-0.009645
532	0.824267	-0.001084	-0.006800
533	0.820602	-0.001742	-0.002652
534	0.817998	-0.000592	-0.005594
535	0.820505	0.001176	-0.002845
536	0.817901	-0.000047	-0.001013
537	0.823110	-0.000775	0.000241
538	0.824171	-0.000471	-0.000145
539	0.825907	0.000647	0.001447
540	0.823592	0.001103	-0.003038
541	0.818673	0.000039	-0.006076
542	0.823592	-0.002491	-0.004437
543	0.819637	-0.000265	-0.002411
544	0.820602	-0.000883	-0.002845
545	0.817612	-0.000149	-0.003713
546	0.820505	-0.000403	-0.001447
547	0.827450	-0.000228	-0.001543
548	0.827353	0.000344	-0.003906
549	0.828125	-0.000599	-0.000675
550	0.831404	-0.001926	-0.001302
551	0.827643	-0.001163	-0.000096
552	0.829282	-0.000701	0.000289
553	0.828414	0.002764	-0.007330
554	0.827160	0.001082	-0.004919
555	0.821566	0.001117	-0.005594
556	0.825617	-0.000228	-0.006221
557	0.819252	0.001182	-0.005691
558	0.824653	0.000985	-0.007764
559	0.818866	-0.000528	-0.004630
560	0.822049	0.000582	-0.003424
561	0.818094	0.001885	-0.009211
562	0.817708	0.001495	-0.008247
563	0.820988	0.002657	-0.011429
564	0.819927	0.003176	-0.008681
565	0.820988	0.001200	-0.007137
566	0.822049	0.002051	-0.005883
567	0.823302	-0.000883	-0.006752
568	0.824363	-0.002537	-0.006269
569	0.823302	-0.000267	-0.007523
570	0.830054	0.002628	-0.004967
571	0.829668	-0.001098	-0.002025
572	0.831019	0.000844	-0.001302
573	0.827160	-0.000707	-0.000338
574	0.819734	-0.001080	0.002218
575	0.820988	-0.000988	0.002363
576	0.812789	0.000519	0.001206
577	0.816165	-0.000644	0.003328
578	0.820988	-0.001222	0.003858
579	0.821759	-0.002751	0.007234
580	0.824556	-0.001304	0.004099
581	0.826485	0.000564	0.005739
582	0.834201	-0.002260	0.003279
583	0.832755	-0.003194	0.002315
584	0.833623	-0.001450	0.004823
585	0.834394	-0.000886	0.007186
586	0.831211	0.000649	0.006125
587	0.833333	0.000173	0.002652
588	0.835552	0.000971	0.001109
589	0.834780	-0.001090	0.004485
590	0.838638	0.000289	0.007089
591	0.837867	0.000606	0.008584
592	0.835938	0.000815	0.006703
593	0.838735	0.001180	0.006221
594	0.837481	0.001936	0.011285
595	0.838059	0.000478	0.005064
596	0.833044	0.000146	0.005160
597	0.832755	0.001877	0.007186
598	0.833044	0.002775	0.006993
599	0.828897	0.000872	0.003954
600	0.830343	-0.000207	0.006414
601	0.833719	0.000122	0.006993
602	0.833333	-0.001293	0.007716
603	0.829958	0.001043	0.007427
604	0.825424	-0.000377	0.007378
605	0.831404	0.000292	0.009259
606	0.837288	0.002774	0.007089
607	0.831404	0.001327	0.004196
608	0.829186	0.001513	0.003713
609	0.829572	-0.000182	0.003858
610	0.829379	0.002566	0.003713
611	0.833912	0.001210	0.003569
612	0.830247	0.001733	0.005883
613	0.827643	0.001247	0.006510
614	0.837191	-0.000225	0.006944
615	0.836709	0.001961	0.007186
616	0.840278	0.000478	0.005449
617	0.840278	-0.000871	0.004389
618	0.836902	-0.000419	0.009307
619	0.834973	0.000277	0.006318
620	0.832658	-0.000272	0.004292
621	0.836516	-0.000661	0.007186
622	0.836806	-0.001342	0.006703
623	0.834491	-0.000018	0.005449
624	0.830247	-0.000976	0.003858
625	0.834008	0.000714	0.001640
626	0.838542	0.000352	0.004099
627	0.848669	0.001194	0.004967
628	0.840567	0.002797	0.005401
629	0.837095	0.000275	0.002942
630	0.838542	-0.002622	-0.000386
631	0.836227	-0.001093	0.001833
632	0.837674	-0.001951	-0.000145
633	0.831308	-0.000345	0.004196
634	0.819830	-0.000409	0.006269
635	0.820988	0.000339	0.004678
636	0.823110	-0.001100	0.004147
637	0.832658	-0.000627	0.002315
638	0.828511	0.000402	-0.000482
639	0.817998	-0.000649	0.002556
640	0.820023	-0.001126	-0.002315
641	0.822242	-0.000900	0.000965
642	0.824846	-0.001763	-0.001109
643	0.823785	-0.000771	-0.001977
644	0.830826	0.000492	0.003135
645	0.828318	-0.000253	-0.002170
646	0.828511	-0.000627	-0.003183
647	0.830247	-0.001051	-0.002652
648	0.827932	-0.001852	-0.004630
649	0.829186	-0.000046	0.006318
650	0.826775	-0.001307	0.000820
651	0.832465	-0.001417	-0.002315
652	0.834298	-0.000296	0.001977
653	0.833140	0.000340	0.000193
654	0.833623	-0.000323	0.003038
655	0.828800	0.002139	0.000338
656	0.835069	0.002354	-0.001109
657	0.831115	-0.001438	-0.000965
658	0.833526	0.000517	-0.001399
659	0.832369	0.000635	-0.003279
660	0.833044	0.000167	0.000965
661	0.837963	0.000402	-0.002459
662	0.837674	-0.000349	-0.000579
663	0.841339	0.000351	-0.005546
664	0.839313	-0.000814	0.000289
665	0.840760	-0.000382	-0.000338
666	0.838542	0.000510	-0.001784
667	0.835552	-0.000714	0.001206
668	0.844039	-0.003269	0.003665
669	0.838156	0.000510	0.000579
670	0.833044	-0.001391	0.002074
671	0.841339	-0.000133	0.002363
672	0.842978	-0.000046	0.004823
673	0.842303	0.000367	0.006848
674	0.840953	-0.000145	0.003279
675	0.833623	-0.000476	0.005594
676	0.837963	-0.001017	0.003762
677	0.839796	-0.003036	0.004678
678	0.840567	-0.000432	0.009597
679	0.846644	-0.001563	0.004051
680	0.846547	-0.001013	0.005401
681	0.840567	0.002313	0.003906
682	0.844715	-0.001126	0.002363
683	0.849248	-0.001246	-0.002363
684	0.852431	-0.001554	-0.000145
685	0.851466	-0.002522	-0.001688
686	0.850598	-0.001379	-0.001736
687	0.843943	-0.002609	-0.002170
688	0.846644	-0.003415	0.002170
689	0.844618	-0.001974	0.003135
690	0.833816	-0.001332	0.004196
691	0.836998	0.001130	0.003231
692	0.840567	0.001506	0.004678
693	0.834394	-0.000799	0.001157
694	0.830922	0.000319	0.002363
695	0.829090	-0.000591	0.004678
696	0.830150	-0.001627	-0.002315
697	0.822242	0.001902	-0.002508
698	0.819348	-0.001219	-0.003231
699	0.823110	-0.002189	-0.003086
700	0.820216	-0.001335	-0.001254
701	0.822724	-0.000342	-0.003086
702	0.821952	-0.000194	-0.005691
703	0.822724	-0.000382	-0.002604
704	0.824074	0.000961	-0.002990
705	0.822724	-0.000020	-0.005883
706	0.820505	0.001200	-0.003135
707	0.826775	0.001526	-0.001013
708	0.827546	0.000272	-0.002025
709	0.829186	0.000800	-0.000965
710	0.823881	0.000373	-0.002122
711	0.823881	0.000692	-0.004099
712	0.825328	-0.000711	-0.002845
713	0.827064	0.000279	0.000289
714	0.824749	-0.001164	-0.006221
715	0.818769	-0.001647	-0.007716
716	0.819348	-0.000978	-0.009452
717	0.819927	0.000015	-0.007716
718	0.828993	0.000640	-0.004871
719	0.831887	-0.000827	-0.009597
720	0.831597	-0.000624	-0.009742
721	0.822434	0.001225	-0.011526
722	0.821663	-0.000082	-0.009066
723	0.823302	-0.001033	-0.002459
724	0.826003	-0.001385	-0.002315
725	0.823592	0.002341	-0.003665
726	0.826582	0.000039	-0.002701
727	0.826292	-0.000749	-0.005642
728	0.833237	-0.000441	-0.006703
729	0.831694	-0.001692	-0.004533
730	0.832755	0.000589	-0.007427
731	0.837770	0.000324	-0.009742
732	0.835938	0.000809	-0.011333
733	0.836034	-0.000496	-0.011767
734	0.838252	0.000466	-0.011622
735	0.836516	-0.000334	-0.008295
736	0.834298	-0.000457	-0.006510
737	0.828704	0.001168	-0.007716
738	0.832755	-0.001474	-0.006366
739	0.830536	-0.000456	-0.005064
740	0.827257	-0.000957	-0.007957
741	0.825617	-0.000496	-0.010031
742	0.825907	-0.001015	-0.008247
743	0.822242	-0.000243	-0.009211
744	0.818673	0.000259	-0.010561
745	0.816647	-0.001043	-0.006414
746	0.817998	-0.000765	-0.008005
747	0.819348	0.000636	-0.006607
748	0.814718	0.000178	-0.006944
749	0.818287	0.000832	-0.006173
750	0.824363	0.000438	-0.006028
751	0.816551	-0.000140	-0.003569
752	0.824846	-0.000271	-0.003906
753	0.822917	-0.002120	-0.002122
754	0.822338	0.000092	-0.009983
755	0.828125	-0.001383	-0.006607
756	0.827353	-0.001402	-0.009163
757	0.828800	-0.000326	-0.006655
758	0.823688	-0.000408	-0.009886
759	0.825521	-0.000293	-0.007813
760	0.826871	0.000120	-0.001109
761	0.830440	-0.001813	0.001061
762	0.835069	-0.000946	-0.001591
763	0.834973	0.001627	0.000965
764	0.836709	-0.000721	0.002652
765	0.833623	-0.000319	0.002942
766	0.826292	-0.000989	-0.000048
767	0.829958	0.000968	0.005642
768	0.829765	-0.000429	0.004051
769	0.831501	0.000690	0.001543
770	0.829668	-0.000207	-0.002315
771	0.829379	-0.000703	-0.002701
772	0.829186	0.001812	-0.001254
773	0.828704	-0.000111	-0.000193
774	0.827353	0.000749	-0.007186
775	0.833816	-0.000375	-0.005353
776	0.833719	0.000362	-0.007282
777	0.826871	0.000689	-0.008295
778	0.834587	0.000138	-0.010176
779	0.829379	-0.000315	-0.006076
780	0.826968	0.001629	-0.005835
781	0.837867	-0.000741	-0.005980
782	0.840181	0.000691	-0.005980
783	0.840181	-0.000866	-0.007716
784	0.837674	0.002176	-0.005257
785	0.837577	0.000502	-0.005691
786	0.840374	0.000362	-0.004003
787	0.836709	0.000465	-0.002025
788	0.831887	0.000524	-0.003424
789	0.823881	0.001419	0.001640
790	0.828993	-0.001809	0.005353
791	0.825231	-0.000075	0.003954
792	0.821759	0.000632	0.002315
793	0.829379	-0.000600	-0.000048
794	0.822724	-0.001077	-0.000868
795	0.826003	-0.000007	-0.001447
796	0.830150	0.001809	-0.001736
797	0.836323	0.000684	-0.003858
798	0.833623	0.001603	-0.009597
799	0.832079	0.000315	-0.007137
800	0.830536	-0.000200	-0.005449
801	0.833140	0.000006	-0.004147
802	0.833430	0.000147	-0.006269
803	0.832465	0.001736	-0.008295
804	0.829572	0.001183	-0.009018
805	0.826968	0.001039	-0.005883
806	0.827353	0.002124	-0.006800
807	0.827160	0.001212	-0.005883
808	0.825231	-0.001712	-0.006703
809	0.823013	0.001936	-0.000289
810	0.825907	0.000493	-0.005691
811	0.826485	0.000310	-0.004244
812	0.826775	0.001427	-0.005642
813	0.825714	-0.001737	-0.003472
814	0.829282	0.000248	-0.004678
815	0.837867	0.000062	-0.007861
816	0.830247	-0.003151	-0.005208
817	0.835359	-0.002674	-0.004533
818	0.827836	0.000253	-0.006414
819	0.823688	-0.001563	-0.008536
820	0.822724	0.002016	-0.004630
821	0.825521	-0.001614	-0.006800
822	0.824942	0.001500	-0.004196
823	0.829572	-0.000035	-0.003713
824	0.824749	-0.000199	-0.002218
825	0.826100	-0.000416	-0.004003
826	0.825039	-0.000259	-0.002363
827	0.823495	0.000897	-0.004485
828	0.818576	-0.000126	-0.003520
829	0.817901	-0.000200	-0.000096
830	0.814333	-0.000226	-0.001302
831	0.813947	-0.001258	0.006076
832	0.812982	-0.001356	0.002845
833	0.817901	-0.000961	0.010561
834	0.817998	-0.000141	0.007089
835	0.825039	0.000356	0.006655
836	0.831694	-0.002125	0.006993
837	0.825424	-0.000378	0.006800
838	0.826196	-0.000395	0.005353
839	0.827836	-0.000313	0.004340
840	0.824556	-0.000310	0.003086
841	0.817998	-0.001191	0.004630
842	0.819637	0.000700	0.009356
843	0.823302	0.001639	0.007813
844	0.823592	0.002691	0.002267
845	0.822338	-0.000275	0.004099
846	0.819734	0.000602	0.001640
847	0.820216	0.001234	0.001688
848	0.822338	0.000567	0.000579
849	0.827353	0.000183	0.001013
850	0.825135	-0.001389	0.000579
851	0.828704	-0.000285	0.002749
852	0.830247	0.000233	-0.002508
853	0.831019	-0.001186	-0.003135
854	0.833430	-0.002388	-0.005546
855	0.828511	-0.001244	-0.007378
856	0.829668	-0.000040	-0.006076
857	0.826678	-0.000713	-0.003038
858	0.827160	-0.000523	0.000338
859	0.836323	0.002022	-0.003520
860	0.827739	-0.000852	-0.003617
861	0.838831	0.001693	0.000772
862	0.840085	0.000124	-0.000723
863	0.834877	-0.000417	-0.000579
864	0.837867	-0.001697	0.001206
865	0.833333	-0.001491	0.002122
866	0.836613	0.000699	0.006607
867	0.837770	-0.001459	0.006269
868	0.840760	0.000089	0.007186
869	0.836034	0.000916	0.005883
870	0.834008	0.002487	0.003713
871	0.830633	-0.001415	0.003231
872	0.834201	0.000464	0.007427
873	0.833237	-0.000819	0.003810
874	0.825714	0.000456	0.004244
875	0.823688	-0.001622	-0.000338
876	0.829475	-0.002029	-0.000820
877	0.828607	-0.000457	0.002025
878	0.832658	-0.000939	-0.000193
879	0.833237	0.001357	0.002942
880	0.834105	-0.000307	-0.000048
881	0.834780	-0.002821	-0.001495
882	0.836227	-0.002068	-0.005980
883	0.829861	-0.000910	-0.007716
884	0.823013	0.000896	-0.007716
885	0.825135	0.001170	-0.008681
886	0.829958	0.000618	-0.007716
887	0.826389	-0.000362	-0.008777
888	0.830729	0.000094	-0.005883
889	0.835069	-0.000031	-0.004967
890	0.834105	-0.002295	-0.008632
891	0.837384	-0.001623	-0.006607
892	0.838349	-0.000406	-0.004147
893	0.839120	-0.001077	-0.001688
894	0.836516	-0.000045	-0.004340
895	0.833719	0.000142	-0.003279
896	0.836130	-0.000659	-0.001495
897	0.837288	-0.001107	-0.000048
898	0.835359	-0.001534	-0.000048
899	0.830826	0.000694	-0.004196
900	0.831790	0.000000	-0.003472
901	0.832948	-0.000945	-0.006607
902	0.833237	-0.001763	-0.005883
903	0.831019	0.000012	-0.005787
904	0.832755	0.000136	-0.005112
905	0.835648	0.000763	-0.003665
906	0.833912	0.000821	-0.003376
907	0.827643	0.000260	-0.003665
908	0.823206	-0.000881	-0.004196
909	0.830343	-0.000436	-0.003376
910	0.834008	0.001037	-0.002845
911	0.833044	-0.000316	0.000386
912	0.839892	0.000521	-0.005015
913	0.837770	-0.001915	-0.003231
914	0.833526	-0.000380	-0.002990
915	0.834587	-0.000281	-0.003954
916	0.831211	0.000366	-0.002942
917	0.836709	0.000151	-0.002894
918	0.837674	-0.000041	-0.005112
919	0.836613	0.000828	-0.004726
920	0.834201	0.001022	-0.004437
921	0.835359	0.000255	-0.005305
922	0.837288	-0.001573	-0.003954
923	0.835262	0.000084	-0.001399
924	0.834491	-0.001001	0.001206
925	0.830054	-0.000023	0.002604
926	0.830729	0.001308	0.000820
927	0.830729	-0.000493	0.008247
928	0.831501	-0.000350	0.010706
929	0.829379	-0.001797	0.006993
930	0.833140	-0.000134	0.001543
931	0.828607	-0.000021	0.001157
932	0.829475	0.002419	0.007427
933	0.826003	-0.001019	0.005498
934	0.827739	0.000365	0.008295
935	0.830922	0.000171	0.007571
936	0.837191	-0.000418	0.008295
937	0.831694	-0.000858	0.009645
938	0.835552	0.000226	0.011044
939	0.832465	0.002981	0.007523
940	0.829765	0.001789	0.006944
941	0.828800	0.002137	0.006269
942	0.824074	0.001006	0.002942
943	0.821759	0.000521	0.001688
944	0.830440	-0.001550	0.002170
945	0.834008	-0.001462	0.004437
946	0.833333	-0.000748	0.003376
947	0.829090	-0.000115	0.007282
948	0.833526	-0.001065	0.001688
949	0.833912	0.000066	0.002411
950	0.832272	0.000161	0.008054
951	0.833912	-0.000756	0.006607
952	0.829475	-0.000109	0.010658
953	0.834105	-0.000474	0.011863
954	0.837674	-0.000647	0.012490
955	0.842400	-0.001315	0.011574
956	0.842978	0.001877	0.011140
957	0.837577	0.001378	0.009115
958	0.837384	-0.001892	0.009983
959	0.839988	-0.003427	0.009838
960	0.844039	-0.001489	0.012876
961	0.840181	-0.001028	0.013600
962	0.837384	0.001180	0.008970
963	0.835745	0.000687	0.006848
964	0.838831	0.000760	0.000868
965	0.835166	-0.000863	0.001495
966	0.827064	0.000412	-0.000386
967	0.831115	0.000117	-0.000868
968	0.832851	0.000747	-0.000772
969	0.832562	0.001175	-0.000289
970	0.828607	0.002083	-0.001640
971	0.831019	0.002320	-0.005401
972	0.825521	0.001438	-0.006896
973	0.826485	-0.000661	-0.004533
974	0.828029	-0.001565	-0.003231
975	0.834008	0.000628	-0.007861
976	0.832755	0.001359	-0.006848
977	0.832755	0.002489	-0.002845
978	0.832562	0.002591	-0.005353
979	0.833623	-0.001177	-0.000772
980	0.831983	0.001612	-0.001881
981	0.827450	0.001693	0.000530
982	0.827643	0.000152	-0.001688
983	0.830054	0.001078	-0.002267
984	0.833333	0.000062	-0.002025
985	0.834684	0.000573	-0.002749
986	0.837577	-0.001074	-0.002218
987	0.833526	0.000574	-0.002122
988	0.834780	0.000573	-0.001350
989	0.839603	-0.000320	0.003472
990	0.827932	-0.001702	0.004581
991	0.827160	0.000359	0.004099
992	0.828318	0.000462	0.002556
993	0.832465	-0.000707	0.003569
994	0.830729	-0.000639	0.000627
995	0.833623	0.004116	-0.000579
996	0.836420	-0.000204	-0.001350
997	0.842014	0.001843	-0.002170
998	0.835841	0.000854	0.000965
999	0.836516	0.003016	-0.000096
1000	0.846740	0.004232	0.004678
1001	0.846644	0.005250	0.002797
1002	0.844136	0.003774	0.004630
1003	0.840374	0.001587	0.002025
1004	0.833623	0.000543	-0.000820
1005	0.840181	-0.001358	0.002797
1006	0.838445	0.002206	-0.003279
1007	0.837095	0.000849	-0.002797
1008	0.840760	0.001223	-0.001977
1009	0.839410	-0.000863	-0.003810
1010	0.835359	0.002208	-0.001399
1011	0.837191	-0.000706	-0.004099
1012	0.830440	0.001238	-0.007137
1013	0.834973	-0.002957	-0.005257
1014	0.834684	-0.001129	-0.001591
1015	0.836613	-0.003641	-0.004485
1016	0.835166	-0.002224	-0.003183
1017	0.832369	0.000121	0.000868
1018	0.834394	0.000222	-0.002894
1019	0.837674	0.000079	-0.003231
1020	0.846161	-0.001350	0.000627
1021	0.837288	-0.000008	-0.001157
1022	0.838156	-0.000411	0.001495
1023	0.842303	-0.000629	-0.004871
1024	0.839410	-0.000816	-0.005353
1025	0.835648	-0.000214	-0.005932
1026	0.840664	0.001641	-0.000772
1027	0.848573	0.001828	-0.003231
1028	0.844715	0.002394	-0.002604
1029	0.845293	0.001445	-0.002942
1030	0.840760	-0.000247	-0.000675
1031	0.838445	0.000255	-0.002990
1032	0.840760	0.001721	0.000386
1033	0.838542	0.001243	-0.002797
1034	0.833333	0.002011	0.000916
1035	0.840181	-0.001408	0.001447
1036	0.830150	-0.003149	0.002845
1037	0.823688	-0.000483	0.005015
1038	0.818287	0.002265	-0.002701
1039	0.821373	0.000335	-0.003376
1040	0.825714	-0.001892	-0.006366
1041	0.824846	0.000086	-0.008632
1042	0.826100	-0.000077	-0.008632
1043	0.819541	0.001402	-0.003038
1044	0.812404	0.001176	-0.003086
1045	0.813465	0.001347	-0.003665
1046	0.817226	0.001306	-0.004099
1047	0.814525	0.002694	-0.005112
1048	0.814140	0.001222	-0.001736
1049	0.818383	0.000524	-0.002218
1050	0.813947	0.000372	0.001302
1051	0.813947	-0.000852	0.000000
1052	0.815779	0.000612	-0.003376
1053	0.820409	-0.000362	-0.004726
1054	0.822820	-0.002476	-0.009790
1055	0.831019	-0.001440	-0.005739
1056	0.830343	-0.000514	-0.005015
1057	0.838927	-0.001225	-0.007427
1058	0.838927	0.001191	-0.007330
1059	0.839892	0.001923	-0.013358
1060	0.838927	-0.000437	-0.008295
1061	0.833333	0.000650	-0.011140
1062	0.833430	0.000412	-0.010272
1063	0.832755	0.001049	-0.011574
1064	0.830922	0.001520	-0.009018
1065	0.832562	0.000737	-0.008488
1066	0.832465	0.000701	-0.008922
1067	0.829475	-0.002025	-0.005980
1068	0.828221	0.000933	-0.004292
1069	0.832755	0.000060	-0.006125
1070	0.829379	0.001447	-0.001061
1071	0.835262	0.001340	-0.001784
1072	0.842689	-0.001139	-0.003810
1073	0.837577	-0.000507	-0.001736
1074	0.839892	-0.000395	0.000723
1075	0.834491	0.000193	-0.000579
1076	0.843654	0.000693	0.002074
1077	0.839796	0.003622	0.002749
1078	0.834491	0.003375	0.003183
1079	0.832369	0.002672	0.004003
1080	0.829282	0.002334	0.004726
1081	0.830729	-0.000398	0.004678
1082	0.825714	-0.000892	0.004196
1083	0.829958	0.000169	0.005546
1084	0.826196	0.000320	0.008488
1085	0.831597	0.000338	0.006462
1086	0.828607	-0.001522	0.003520
1087	0.825424	-0.000480	0.003520
1088	0.831790	-0.001111	0.002894
1089	0.835359	0.001808	0.001736
1090	0.832272	0.001572	0.001109
1091	0.830922	0.002070	0.000386
1092	0.831694	0.001222	0.002990
1093	0.833623	-0.001187	0.000241
1094	0.829379	-0.000865	0.001302
1095	0.831211	-0.001991	0.000289
1096	0.825135	-0.002125	-0.000675
1097	0.834587	-0.003349	0.001254
1098	0.840278	-0.001099	-0.000145
1099	0.835069	0.002787	-0.000916
1100	0.841821	0.001981	0.000289
1101	0.838156	0.001210	0.000145
1102	0.835166	-0.000994	-0.002556
1103	0.831308	-0.000457	0.001302
1104	0.832658	0.001324	0.001688
1105	0.828704	0.001616	0.006462
1106	0.829668	0.000846	0.004823
1107	0.830729	0.001297	0.002556
1108	0.825907	-0.001772	0.003617
1109	0.826003	0.000138	0.004099
1110	0.827353	-0.002915	0.003086
1111	0.828704	-0.000662	0.005932
1112	0.825907	-0.000737	0.001350
1113	0.823302	-0.000016	-0.003472
1114	0.831887	-0.001108	-0.004244
1115	0.832465	0.001014	0.001591
1116	0.835069	-0.000626	0.001013
1117	0.831887	0.000847	0.000916
1118	0.839120	0.001344	0.005642
1119	0.832079	-0.001458	-0.000048
1120	0.828704	0.000499	-0.000675
1121	0.831501	0.000876	-0.000675
1122	0.828318	-0.001168	0.002025
1123	0.831019	-0.000441	0.001833
1124	0.825424	-0.001428	0.000772
1125	0.827932	-0.001795	-0.001109
1126	0.819348	0.000936	0.000820
1127	0.822917	0.000472	-0.000386
1128	0.826003	-0.000565	-0.001881
1129	0.828414	-0.000326	-0.000772
1130	0.834973	-0.000801	0.003183
1131	0.831790	-0.001208	0.004485
1132	0.827257	-0.000225	0.004099
1133	0.821759	-0.001083	0.004437
1134	0.824363	-0.001060	0.003279
1135	0.817708	-0.000016	0.003617
1136	0.818191	0.000079	0.006993
1137	0.812693	-0.000268	0.001833
1138	0.814429	0.000632	0.000916
1139	0.815586	0.000312	-0.000772
1140	0.815490	-0.000721	-0.001302
1141	0.822724	-0.000944	0.005112
1142	0.818383	-0.001123	0.004871
1143	0.820216	0.000097	0.005498
1144	0.827739	0.000566	0.004630
1145	0.825907	-0.000406	0.009838
1146	0.830633	0.000148	0.007668
1147	0.820988	-0.000323	0.003569
1148	0.825714	-0.000545	0.002218
1149	0.827546	0.001316	0.002025
1150	0.831694	0.002016	-0.003810
1151	0.834877	-0.000070	-0.000579
1152	0.839313	0.001922	-0.000579
1153	0.834491	0.000022	-0.002556
1154	0.835455	0.001119	-0.004581
1155	0.834105	0.000792	-0.008536
1156	0.831404	-0.000280	-0.009934
1157	0.830729	0.000029	-0.009838
1158	0.827257	-0.000864	-0.007282
1159	0.830922	-0.000969	-0.011429
1160	0.832176	-0.000355	-0.009307
1161	0.836420	0.000367	-0.011574
1162	0.835938	-0.000066	-0.014757
1163	0.832755	-0.000998	-0.009018
1164	0.835745	0.001154	-0.004099
1165	0.837963	-0.000548	-0.010754
1166	0.831501	0.000432	-0.013214
1167	0.828029	-0.000380	-0.004051
1168	0.826100	0.001595	-0.008873
1169	0.829861	0.000965	-0.005883
1170	0.829282	-0.001627	-0.003231
1171	0.828318	-0.001128	0.000434
1172	0.833044	-0.000314	-0.004244
1173	0.825810	-0.000265	0.000338
1174	0.830729	0.000419	-0.000145
1175	0.826485	0.002795	0.002315
1176	0.823592	0.002211	0.001109
1177	0.828897	-0.000329	0.001640
1178	0.828897	-0.000902	0.005160
1179	0.830343	-0.000313	0.005980
1180	0.827353	-0.000056	0.002508
1181	0.829282	-0.000934	0.005064
1182	0.826292	-0.001083	0.000627
1183	0.823978	0.001124	-0.002025
1184	0.831790	-0.001460	-0.004967
1185	0.833816	-0.001018	-0.006848
1186	0.832562	0.000610	-0.007089
1187	0.831019	-0.001377	-0.008247
1188	0.831597	0.000637	-0.009259
1189	0.836227	0.000976	-0.009066
1190	0.830729	-0.000591	-0.004967
1191	0.828221	-0.000062	-0.001881
1192	0.831019	0.001631	0.003086
1193	0.826582	-0.000068	0.003569
1194	0.822434	0.000552	-0.004919
1195	0.825424	0.001807	-0.001543
1196	0.825231	0.000218	0.004581
1197	0.828607	-0.000725	0.003520
1198	0.822338	0.000971	0.003954
1199	0.825521	0.000708	0.011333
1200	0.819830	0.000396	0.009452
1201	0.817323	-0.000343	0.006462
1202	0.817708	0.001105	0.007427
1203	0.821952	-0.001503	0.006510
1204	0.826582	0.001303	0.007668
1205	0.830922	0.000111	0.007089
1206	0.830633	0.000048	0.010272
1207	0.833044	0.000476	0.010031
1208	0.831597	-0.000676	0.010610
1209	0.830440	0.000906	0.004485
1210	0.826871	-0.001532	0.005691
1211	0.826100	0.000209	0.009452
1212	0.825714	-0.002321	0.005449
1213	0.827160	-0.000863	0.001881
1214	0.823592	0.000625	0.002556
1215	0.822627	0.000276	0.003713
1216	0.829282	0.000259	-0.001206
1217	0.818866	0.003125	-0.000289
1218	0.827450	0.003091	-0.000289
1219	0.822338	0.001577	0.004533
1220	0.827739	0.000822	0.005642
1221	0.825907	0.000246	0.004099
1222	0.822145	0.000336	0.007861
1223	0.831887	0.003088	0.010802
1224	0.835069	-0.000549	0.007282
1225	0.834394	0.002923	0.009115
1226	0.833912	0.000946	0.010031
1227	0.831211	-0.000884	0.009259
1228	0.831694	0.000672	0.004244
1229	0.827353	0.000315	0.003424
1230	0.828125	-0.000001	0.004919
1231	0.829765	-0.001318	0.002749
1232	0.829572	-0.001173	0.003135
1233	0.831308	-0.000035	0.001350
1234	0.828607	0.001814	0.001543
1235	0.827064	0.001281	0.002749
1236	0.831790	0.000739	-0.000530
1237	0.827643	0.002419	0.002411
1238	0.827836	0.001060	0.001833
1239	0.834201	-0.001254	0.002315
1240	0.832562	0.001525	-0.000723
1241	0.838831	0.000719	0.001109
1242	0.837384	-0.002731	-0.001495
1243	0.836034	0.001889	-0.003954
1244	0.831404	-0.000476	-0.003762
1245	0.825231	0.000426	-0.003086
1246	0.830922	-0.000521	-0.003762
1247	0.831887	-0.002551	-0.003520
1248	0.828704	-0.000860	-0.002942
1249	0.829186	-0.001752	-0.002797
1250	0.826389	-0.002000	-0.002170
1251	0.831597	-0.000287	-0.003038
1252	0.832851	0.000989	-0.004581
1253	0.837288	-0.000188	-0.009934
1254	0.837674	0.000403	-0.007668
1255	0.838735	-0.002132	-0.008825
1256	0.839988	-0.001110	-0.006173
1257	0.836130	0.001936	-0.006028
1258	0.831211	0.000140	-0.007330
1259	0.836806	0.000723	-0.008102
1260	0.834201	-0.001345	-0.006221
1261	0.838445	0.000412	-0.008343
1262	0.843557	-0.001177	-0.005498
1263	0.843171	-0.001962	-0.007957
1264	0.842400	-0.000506	-0.008343
1265	0.843750	0.001324	-0.005835
1266	0.841435	0.000268	-0.005305
1267	0.836998	0.000689	-0.007475
1268	0.838927	-0.000437	-0.007089
1269	0.838445	0.001678	-0.010127
1270	0.837770	-0.000091	-0.006173
1271	0.833719	0.000378	-0.005498
1272	0.832562	0.000826	-0.006462
1273	0.830247	0.001434	-0.006028
1274	0.831404	0.000750	-0.007668
1275	0.832176	0.001598	-0.006125
1276	0.830150	-0.001455	-0.002556
1277	0.830922	-0.000234	0.000434
1278	0.833140	-0.000340	-0.001495
1279	0.829379	0.001590	0.003569
1280	0.830922	0.000925	0.002604
1281	0.830343	-0.002450	0.006848
1282	0.834105	0.000265	-0.000434
1283	0.839603	-0.000645	-0.003810
1284	0.836998	0.000130	-0.004051
1285	0.839217	-0.000219	-0.008825
1286	0.838927	-0.002570	-0.004147
1287	0.841049	-0.000768	-0.007041
1288	0.842978	-0.000341	-0.010224
1289	0.843171	0.003492	-0.012973
1290	0.843557	0.000257	-0.010079
1291	0.846933	0.000827	-0.007523
1292	0.844136	0.000743	-0.007571
1293	0.848573	0.003939	-0.006028
1294	0.843846	0.001990	-0.003472
1295	0.840278	0.003296	0.000530
1296	0.830440	0.002819	-0.001013
1297	0.838735	-0.000783	0.000530
1298	0.839410	-0.002212	0.001833
1299	0.830826	-0.003042	0.001013
1300	0.833237	-0.000842	0.001591
1301	0.830150	0.000155	-0.000916
1302	0.833140	0.003428	-0.002459
1303	0.825521	0.001635	-0.001447
1304	0.831790	-0.001184	0.000916
1305	0.833430	-0.001492	0.000530
1306	0.837674	-0.001540	-0.003279
1307	0.834973	-0.000313	0.001447
1308	0.834491	-0.000626	0.001688
1309	0.828125	-0.001628	0.003520
1310	0.817515	0.001104	0.001881
1311	0.818962	0.000114	0.004726
1312	0.819927	0.000360	0.001061
1313	0.820795	0.001328	-0.002604
1314	0.819541	0.000773	0.004485
1315	0.813947	0.000130	0.001736
1316	0.813850	0.000317	0.002315
1317	0.820505	-0.001326	0.003038
1318	0.825617	-0.000750	0.004292
1319	0.820023	-0.001692	-0.001784
1320	0.821181	-0.000446	-0.002652
1321	0.819444	0.000962	-0.004292
1322	0.816069	-0.000268	0.000289
1323	0.818576	-0.000098	0.000627
1324	0.814622	0.001052	-0.004437
1325	0.815008	-0.001574	0.000579
1326	0.813175	0.001107	0.001206
1327	0.810957	-0.000146	0.003906
1328	0.816840	0.000512	0.001640
1329	0.818480	-0.001756	-0.001977
1330	0.816358	0.000196	-0.006221
1331	0.813657	-0.002179	0.000965
1332	0.811728	-0.000169	-0.001543
1333	0.810089	-0.001089	0.000820
1334	0.813754	-0.000194	0.002652
1335	0.823013	0.001154	0.001784
1336	0.829282	0.000660	0.001784
1337	0.830343	0.001235	-0.000627
1338	0.835359	0.000965	0.003328
1339	0.833044	0.001038	-0.000965
1340	0.835745	0.000116	-0.000868
1341	0.838927	-0.000092	-0.004630
1342	0.837577	0.000944	-0.003086
1343	0.836516	0.000760	-0.004292
1344	0.829572	-0.001299	-0.006510
1345	0.825424	-0.001989	-0.007282
1346	0.825617	-0.001748	-0.005642
1347	0.821952	-0.001455	-0.006028
1348	0.824556	-0.000161	-0.002556
1349	0.823881	0.001336	-0.009404
1350	0.820795	0.000123	-0.008584
1351	0.826196	0.000155	-0.010658
1352	0.819444	-0.000200	-0.008777
1353	0.827353	-0.001750	-0.009983
1354	0.826292	0.000146	-0.009500
1355	0.826100	-0.001331	-0.013455
1356	0.830150	0.000024	-0.017216
1357	0.826871	-0.003092	-0.014516
1358	0.832562	0.000377	-0.014371
1359	0.833912	0.000404	-0.009163
1360	0.834008	-0.001221	-0.013792
1361	0.832948	-0.001557	-0.012683
1362	0.834008	0.000062	-0.009693
1363	0.830826	-0.000706	-0.009838
1364	0.834394	0.000444	-0.010658
1365	0.833526	-0.000893	-0.009018
1366	0.832851	-0.000411	-0.002508
1367	0.827450	0.000139	-0.006173
1368	0.836516	-0.000232	-0.002074
1369	0.835359	-0.000800	0.001254
1370	0.835552	-0.000464	0.000241
1371	0.826292	0.000271	0.000868
1372	0.826678	0.000954	0.002170
1373	0.829282	0.000884	-0.000145
1374	0.822724	-0.000407	0.002122
1375	0.820795	-0.001058	0.001447
1376	0.815683	-0.001424	-0.002797
1377	0.816744	-0.000390	-0.002315
1378	0.818480	0.001560	-0.004871
1379	0.818962	-0.000668	-0.008198
1380	0.819348	-0.000585	-0.004292
1381	0.817033	0.000967	-0.005064
1382	0.817130	0.001310	-0.010127
1383	0.821952	0.000513	-0.008150
1384	0.823785	0.000704	-0.004485
1385	0.827257	0.001548	-0.002363
1386	0.839988	0.001548	-0.006076
1387	0.834587	0.000805	-0.006125
1388	0.836323	0.001268	-0.005594
1389	0.831115	-0.001474	-0.005835
1390	0.835069	-0.002977	-0.004051
1391	0.831983	-0.001063	-0.008150
1392	0.831404	-0.002060	-0.009838
1393	0.831115	-0.001698	-0.014275
1394	0.833044	-0.001532	-0.011863
1395	0.832562	-0.000776	-0.010079
1396	0.830826	-0.001608	-0.007764
1397	0.832948	-0.000649	-0.003328
1398	0.831019	-0.002700	-0.004340
1399	0.836323	0.000210	-0.003906
1400	0.827064	-0.000824	-0.005691
1401	0.831887	0.000057	-0.006318
1402	0.827353	-0.000544	0.000965
1403	0.828704	-0.001591	0.001495
1404	0.825810	0.000458	-0.000675
1405	0.825424	0.001695	-0.003665
1406	0.833044	-0.000203	-0.000386
1407	0.832079	0.000050	-0.003086
1408	0.836902	0.000355	-0.001929
1409	0.844136	-0.000101	-0.003328
1410	0.840085	-0.001493	0.003376
1411	0.838445	-0.002804	0.005305
1412	0.837963	-0.000679	0.007764
1413	0.835455	-0.003362	0.006318
1414	0.840181	-0.002035	0.003472
1415	0.843075	0.001417	0.001543
1416	0.840760	0.000676	-0.000868
1417	0.841532	0.001423	-0.001495
1418	0.842014	-0.001014	-0.000723
1419	0.840856	0.002308	0.001447
1420	0.840567	0.000139	-0.001350
1421	0.836130	0.002200	-0.002363
1422	0.834491	0.001975	-0.001013
1423	0.837481	0.000232	0.000868
1424	0.842882	0.000089	0.001013
1425	0.846161	0.000808	-0.000627
1426	0.836998	0.001252	0.002267
1427	0.832369	0.000146	0.002942
1428	0.834587	0.000229	0.002749
1429	0.842496	0.002003	0.003135
1430	0.839410	0.000983	0.004726
1431	0.839217	-0.001003	0.006462
1432	0.838831	-0.000226	0.006462
1433	0.842882	0.000975	0.005160
1434	0.846740	-0.001309	0.003038
1435	0.849923	-0.001870	0.001591
1436	0.847704	-0.001523	0.001543
1437	0.843654	0.001100	0.000482
1438	0.838735	0.001160	-0.002074
1439	0.839603	-0.000799	-0.002942
1440	0.838252	-0.000435	-0.004099
1441	0.844618	0.001597	-0.003858
1442	0.837674	0.000983	-0.004099
1443	0.842496	-0.000864	-0.001495
1444	0.841242	-0.002467	-0.000145
1445	0.838059	-0.001186	-0.000579
1446	0.836420	0.000146	-0.003038
1447	0.834491	-0.000242	-0.005498
1448	0.837095	0.002789	-0.001543
1449	0.833333	0.001284	0.000772
1450	0.832658	-0.001856	0.001302
1451	0.835552	-0.002144	-0.005208
1452	0.834877	-0.002380	-0.002894
1453	0.832562	-0.001947	-0.006173
1454	0.827546	0.000050	-0.001447
1455	0.831019	-0.000210	-0.004630
1456	0.834298	0.002340	-0.001495
1457	0.835166	-0.000964	-0.002749
1458	0.835359	0.000603	0.001206
1459	0.834394	-0.001360	-0.000386
1460	0.828029	-0.000388	0.002122
1461	0.829475	0.000665	0.004871
1462	0.831404	0.000796	0.003569
1463	0.833044	0.003946	0.003569
1464	0.833623	0.002079	0.004389
1465	0.832658	0.001608	0.003376
1466	0.831211	0.000997	0.003086
1467	0.828607	-0.000063	0.004003
1468	0.830826	0.002917	0.002845
1469	0.828125	0.002641	0.006848
1470	0.832369	0.001261	0.005883
1471	0.831983	0.001077	0.002797
1472	0.830826	0.000148	0.004340
1473	0.830150	0.001072	0.002797
1474	0.825521	-0.000031	-0.000772
1475	0.824749	0.001180	-0.003231
1476	0.834394	0.001491	-0.000241
1477	0.834008	0.000477	0.003858
1478	0.829958	0.000376	0.005835
1479	0.829282	-0.001216	0.002556
1480	0.831115	-0.001550	0.006173
1481	0.837095	-0.000283	0.003906
1482	0.837577	0.000829	0.005498
1483	0.846644	0.001340	0.004581
1484	0.844715	0.001310	0.006366
1485	0.841821	0.001510	0.004967
1486	0.833140	0.002689	0.006269
1487	0.836709	0.004060	0.005449
1488	0.839024	-0.000176	0.005739
1489	0.836709	0.000194	0.006318
1490	0.838542	-0.003544	0.002894
1491	0.835069	-0.001436	0.002074
1492	0.835552	0.000110	-0.000289
1493	0.833044	0.000674	-0.001736
1494	0.832851	0.001055	0.001977
1495	0.831983	-0.001032	0.002749
1496	0.826678	-0.000157	0.001495
1497	0.830343	0.000867	-0.000772
1498	0.833237	0.000528	-0.000482
1499	0.831308	0.000017	0.002122
1500	0.830826	-0.000003	0.004919
1501	0.829958	-0.000436	0.006269
1502	0.833140	0.001062	0.004678
1503	0.830150	-0.000152	0.003231
1504	0.827836	-0.000188	0.002025
1505	0.823592	0.000311	0.000338
1506	0.826196	-0.000533	0.004630
1507	0.827836	0.000940	0.005015
1508	0.828993	0.001902	0.001977
1509	0.830633	-0.000392	0.002604
1510	0.824846	-0.001670	0.009838
1511	0.826196	-0.001006	0.005305
1512	0.825231	-0.000921	0.003858
1513	0.821181	-0.000147	0.002459
1514	0.820602	-0.000776	0.006559
1515	0.814429	-0.001620	0.008295
1516	0.823978	-0.000452	0.009163
1517	0.828897	-0.000946	0.011092
1518	0.824749	-0.000936	0.010417
1519	0.824749	-0.002708	0.008970
1520	0.830729	-0.000606	0.014612
1521	0.835262	-0.000573	0.011140
1522	0.833430	0.000146	0.011140
1523	0.826678	0.000180	0.013744
1524	0.827160	-0.000178	0.014275
1525	0.828607	-0.000579	0.016927
1526	0.828511	0.001548	0.014612
1527	0.829379	-0.000096	0.007234
1528	0.825424	-0.000758	0.010176
1529	0.827160	-0.000578	0.006993
1530	0.825617	-0.000377	0.005401
1531	0.827932	0.000805	0.003954
1532	0.828125	-0.000122	0.001109
1533	0.832079	0.001054	0.003810
1534	0.831308	-0.001230	0.000965
1535	0.824460	-0.000159	0.002411
1536	0.826003	-0.000163	-0.000772
1537	0.826100	-0.001666	0.001495
1538	0.826678	0.000417	0.001784
1539	0.823110	-0.000697	0.007909
1540	0.828704	-0.000018	0.006366
1541	0.827643	0.000319	0.006076
1542	0.833719	-0.000530	0.005883
1543	0.830247	-0.000185	0.003328
1544	0.831501	-0.000287	0.003713
1545	0.828800	0.000247	0.000772
1546	0.835166	0.000433	0.000965
1547	0.839410	0.001060	0.000096
1548	0.837095	0.000807	0.004871
1549	0.839988	0.002409	0.006800
1550	0.839217	-0.000183	0.003520
1551	0.838831	0.000456	0.002845
1552	0.841242	-0.000019	0.002508
1553	0.836420	-0.000617	0.004340
1554	0.832851	0.001462	0.006366
1555	0.836806	0.002662	0.000386
1556	0.832562	0.003879	-0.000096
1557	0.829379	0.003263	0.000434
1558	0.824074	0.002340	0.005353
1559	0.826582	-0.001008	0.004292
1560	0.828125	-0.001616	0.005883
1561	0.836227	0.001238	0.000868
1562	0.839217	0.000560	0.003617
1563	0.833237	0.002376	0.003762
1564	0.830922	0.001520	0.004485
1565	0.830633	0.000282	0.004244
1566	0.829475	0.000226	0.008150
1567	0.826485	-0.001843	0.007523
1568	0.830343	-0.000753	0.005932
1569	0.828414	-0.000766	0.007571
1570	0.831404	-0.000453	0.010272
1571	0.822531	0.001344	0.010176
1572	0.834973	0.000254	0.010610
1573	0.831211	0.000661	0.005739
1574	0.833526	0.000768	0.000723
1575	0.829186	-0.000584	0.002990
1576	0.830054	-0.001227	0.001495
1577	0.827353	-0.002467	0.002556
1578	0.828704	-0.000757	0.005980
1579	0.837963	0.002973	0.003376
1580	0.833333	-0.000060	0.007716
1581	0.828800	0.000053	0.003328
1582	0.834008	0.000558	0.004485
1583	0.832755	-0.001710	-0.000241
1584	0.835069	-0.000441	0.002363
1585	0.836130	-0.001391	-0.001206
1586	0.832755	-0.002567	0.000193
1587	0.836516	0.000853	0.001061
1588	0.841049	-0.000940	0.000772
1589	0.837770	-0.000237	0.001543
1590	0.844329	-0.001134	0.005739
1591	0.847512	-0.002445	0.005498
1592	0.845583	-0.001095	0.005739
1593	0.847704	-0.002524	0.004871
1594	0.840664	0.000228	0.003665
1595	0.842110	0.001861	0.003135
1596	0.842496	0.003690	0.009066
1597	0.845872	0.001005	0.006076
1598	0.850984	0.001430	0.001640
1599	0.848380	-0.000993	0.002942
1600	0.844618	-0.000651	-0.003617
1601	0.835745	0.000282	0.001495
1602	0.837867	0.001452	0.003906
1603	0.840953	0.001457	0.003713
1604	0.842882	0.003309	0.001736
1605	0.836613	0.000915	0.001157
1606	0.832755	0.001354	0.003954
1607	0.834780	-0.001138	0.004292
1608	0.836227	0.001456	0.003231
1609	0.834008	0.004306	0.004630
1610	0.828318	0.001037	0.002797
1611	0.830922	0.001402	0.000289
1612	0.830826	0.001214	0.002749
1613	0.830343	0.002278	0.000000
1614	0.831019	0.001533	0.001302
1615	0.832465	0.000929	0.004292
1616	0.830922	0.000322	0.001688
1617	0.829282	-0.002129	0.003810
1618	0.834587	-0.002330	0.000289
1619	0.831790	-0.002815	-0.000723
1620	0.825328	0.000021	-0.002845
1621	0.824074	-0.002128	-0.008488
1622	0.826003	0.001732	-0.004823
1623	0.828029	0.000109	-0.002701
1624	0.833912	-0.002616	-0.008198
1625	0.831887	0.000088	-0.005691
1626	0.829572	-0.002059	-0.007282
1627	0.829572	-0.000239	-0.009307
1628	0.828704	-0.000224	-0.006944
1629	0.832079	0.000627	-0.004919
1630	0.828318	0.000022	-0.004485
1631	0.827257	-0.001275	-0.004340
1632	0.822434	-0.000108	-0.002267
1633	0.821181	-0.000109	-0.004678
1634	0.823785	0.000595	-0.009356
1635	0.826871	-0.001105	-0.009886
1636	0.831115	0.000006	-0.004774
1637	0.832369	0.002313	-0.008632
1638	0.832658	-0.000336	-0.006414
1639	0.830440	0.000493	-0.004967
1640	0.833912	-0.001114	-0.009742
1641	0.834780	0.000982	-0.006993
1642	0.841146	0.000205	-0.006944
1643	0.835455	0.000683	-0.004147
1644	0.840664	-0.002105	-0.004099
1645	0.834877	-0.001619	-0.001013
1646	0.835455	-0.000169	-0.000434
1647	0.835455	0.000095	-0.002363
1648	0.833719	-0.000717	-0.004389
1649	0.832079	-0.002891	-0.003954
1650	0.827257	-0.001878	-0.006848
1651	0.832465	-0.000158	-0.003520
1652	0.835359	-0.002158	-0.003520
1653	0.838831	-0.000564	-0.002074
1654	0.839603	-0.000838	-0.005980
1655	0.836998	-0.000413	-0.004437
1656	0.832369	0.000830	-0.005257
1657	0.828897	0.001693	-0.004340
1658	0.822242	0.000805	-0.002942
1659	0.820023	-0.000595	-0.002267
1660	0.818094	-0.000466	-0.001591
1661	0.818383	-0.000663	-0.001977
1662	0.818673	-0.000430	-0.002749
1663	0.823495	-0.000177	-0.004678
1664	0.823978	-0.001336	-0.001784
1665	0.826003	-0.001223	-0.000868
1666	0.827257	-0.001177	0.003858
1667	0.822627	-0.000012	0.006462
1668	0.824171	0.000195	0.000916
1669	0.825617	-0.000406	0.003472
1670	0.824749	0.001373	0.002508
1671	0.827160	-0.000096	-0.000627
1672	0.821181	0.000813	-0.002267
1673	0.818673	0.000511	-0.002218
1674	0.815490	-0.001277	-0.002508
1675	0.820023	0.000081	-0.000675
1676	0.819252	0.002361	-0.005787
1677	0.823110	0.000489	0.000338
1678	0.824074	-0.000462	-0.007186
1679	0.820505	-0.000146	-0.004533
1680	0.818191	-0.001619	-0.003183
1681	0.826003	0.000491	-0.005015
1682	0.816551	0.000100	-0.004485
1683	0.817612	-0.000316	-0.003472
1684	0.824942	0.001209	-0.004630
1685	0.829668	0.000232	-0.006607
1686	0.829668	0.000668	-0.007523
1687	0.824074	0.002883	-0.007282
1688	0.821952	-0.000169	-0.005739
1689	0.827836	0.000786	-0.003520
1690	0.825714	-0.000646	-0.003376
1691	0.823302	-0.002622	-0.006848
1692	0.830633	0.000363	-0.009645
1693	0.832851	-0.000436	-0.005883
1694	0.830826	-0.000801	-0.004919
1695	0.830922	-0.002353	-0.005305
1696	0.830440	0.000930	-0.003328
1697	0.828029	0.001863	-0.006655
1698	0.832465	0.001836	-0.009404
1699	0.832369	-0.000403	-0.003713
1700	0.830826	-0.001269	-0.005160
1701	0.832851	-0.000159	-0.007186
1702	0.833719	0.000911	-0.008825
1703	0.835648	-0.001864	-0.005691
1704	0.833333	-0.001434	-0.008488
1705	0.835069	0.001083	-0.004389
1706	0.837288	0.001854	-0.007861
1707	0.838252	-0.000740	-0.005353
1708	0.835359	-0.002177	-0.000723
1709	0.830633	-0.000802	-0.001302
1710	0.833526	0.000265	-0.003086
1711	0.829379	0.000608	-0.001350
1712	0.824749	0.000443	0.000434
1713	0.825135	0.001438	-0.001013
1714	0.825810	0.001424	0.001881
1715	0.831019	0.000173	0.003231
1716	0.832272	0.002362	0.003231
1717	0.834201	0.001994	0.001061
1718	0.833912	0.001917	-0.001977
1719	0.833526	0.001923	0.003810
1720	0.838156	0.000313	0.001543
1721	0.835262	-0.000236	-0.001543
1722	0.832465	0.000925	0.000627
1723	0.839410	0.001154	0.001254
1724	0.839217	0.000439	0.001254
1725	0.839024	-0.002338	0.002218
1726	0.836998	0.000266	0.002218
1727	0.833237	0.001580	-0.000675
1728	0.832465	0.002560	-0.000241
1729	0.826196	0.001448	-0.001833
1730	0.828414	0.000404	-0.004823
1731	0.830922	-0.000069	-0.003328
1732	0.825521	0.000811	-0.000386
1733	0.830054	0.001431	-0.004292
1734	0.832851	-0.001092	-0.008536
1735	0.826775	-0.000902	-0.009983
1736	0.828993	0.000287	-0.013117
1737	0.825521	0.001456	-0.008488
1738	0.819830	0.000932	-0.007957
1739	0.825039	-0.000367	-0.006655
1740	0.815972	0.001195	-0.003520
1741	0.817226	-0.001229	0.000772
1742	0.824267	-0.002147	-0.002701
1743	0.829765	0.000935	-0.000965
1744	0.833719	0.000581	0.000048
1745	0.829572	-0.001354	0.001061
1746	0.832562	-0.001033	0.001061
1747	0.834587	-0.001167	0.002556
1748	0.835938	0.000837	0.006703
1749	0.834008	0.000528	0.001929
1750	0.836516	0.001677	0.002315
1751	0.840181	0.000965	0.004196
1752	0.839796	0.004817	0.005015
1753	0.839410	0.003724	0.000772
1754	0.835552	0.002547	0.000916
1755	0.845293	0.001259	0.001591
1756	0.840471	0.002077	-0.000579
1757	0.840953	-0.003414	-0.001495
1758	0.835262	-0.002025	-0.001929
1759	0.834008	-0.002843	-0.003569
1760	0.831308	-0.000760	-0.003424
1761	0.831308	0.001830	-0.002604
1762	0.837384	0.000535	-0.005353
1763	0.832272	-0.000374	-0.001736
1764	0.832176	0.000507	-0.004533
1765	0.834491	-0.001553	-0.004871
1766	0.836323	-0.003696	-0.006173
1767	0.829475	-0.002421	-0.002459
1768	0.824846	-0.004090	-0.004099
1769	0.823110	-0.002207	-0.003231
1770	0.822242	-0.001663	-0.006366
1771	0.817708	-0.001652	-0.005353
1772	0.820023	-0.000925	-0.006559
1773	0.823592	-0.001819	-0.007813
1774	0.824267	0.000000	-0.004823
1775	0.826003	-0.000886	-0.004196
1776	0.825810	-0.003338	-0.009018
1777	0.824653	-0.001680	-0.009934
1778	0.822145	-0.000146	-0.010995
1779	0.823013	-0.001117	-0.012346
1780	0.821663	0.000941	-0.017072
1781	0.823688	0.000162	-0.015432
1782	0.821084	0.000465	-0.017216
1783	0.820891	0.000764	-0.017988
1784	0.818191	-0.001088	-0.017506
1785	0.824653	-0.001401	-0.010176
1786	0.829379	-0.000755	-0.013841
1787	0.825424	0.000308	-0.010899
1788	0.820409	-0.000869	-0.008005
1789	0.818094	-0.000657	-0.005498
1790	0.811439	-0.000037	-0.006510
1791	0.807099	-0.001245	-0.007668
1792	0.813175	0.000746	-0.005401
1793	0.812500	-0.000302	-0.006559
1794	0.813175	-0.000546	-0.010031
1795	0.817708	-0.000555	-0.007475
1796	0.817805	0.000235	-0.006896
1797	0.820795	0.000098	-0.006944
1798	0.816647	-0.000112	-0.006318
1799	0.816069	-0.000549	-0.003954
1800	0.820505	-0.000958	-0.000434
1801	0.825907	-0.001605	0.001591
1802	0.830440	-0.001305	0.003954
1803	0.827932	-0.000445	0.004099
1804	0.827450	0.000328	0.003520
1805	0.825907	-0.000488	0.002074
1806	0.831597	-0.000153	-0.000145
1807	0.833526	-0.000352	0.000386
1808	0.824556	0.000593	-0.002604
1809	0.823881	-0.001232	0.000627
1810	0.832272	-0.000656	0.001640
1811	0.820409	-0.000726	-0.001833
1812	0.815201	-0.000361	-0.003183
1813	0.820891	-0.000194	-0.000530
1814	0.824460	0.001050	-0.002556
1815	0.815972	-0.000516	-0.002990
1816	0.817130	-0.001103	-0.009259
1817	0.816551	-0.000364	-0.007427
1818	0.822724	-0.000271	-0.005546
1819	0.823302	-0.001086	-0.005980
1820	0.824171	-0.001500	-0.006318
1821	0.824363	0.000702	-0.003569
1822	0.829090	-0.001870	-0.002701
1823	0.827353	0.000615	-0.000482
1824	0.823110	0.000668	0.004581
1825	0.825424	-0.001110	-0.001061
1826	0.829572	-0.002395	0.001977
1827	0.826871	-0.001937	-0.001254
1828	0.823399	0.000997	0.000627
1829	0.822145	0.000272	0.000675
1830	0.825714	-0.001380	0.001109
1831	0.827064	-0.000787	0.002411
1832	0.829861	0.000484	0.004099
1833	0.834587	0.001284	0.001350
1834	0.834201	-0.001474	0.001447
1835	0.831404	0.000910	0.004147
1836	0.828029	-0.001667	0.005305
1837	0.829090	-0.000299	0.001447
1838	0.831404	-0.000598	0.004630
1839	0.836323	-0.002692	0.003086
1840	0.835938	0.000636	0.003665
1841	0.841242	0.000368	0.004823
1842	0.833526	0.000989	0.005739
1843	0.833912	-0.000694	0.004147
1844	0.831983	0.000017	0.005932
1845	0.827257	0.000456	0.006896
1846	0.825328	-0.001437	0.003713
1847	0.827064	-0.001109	0.006607
1848	0.825231	-0.000044	0.007330
1849	0.832369	0.001581	0.011671
1850	0.828704	0.001887	0.007427
1851	0.832176	-0.000305	0.007282
1852	0.833623	0.000627	0.006752
1853	0.831501	0.000152	0.006510
1854	0.835648	-0.000817	0.004967
1855	0.834973	0.002260	0.006414
1856	0.834201	0.000133	0.003906
1857	0.834201	0.001231	0.006028
1858	0.833526	-0.002136	0.003762
1859	0.833044	-0.000697	0.003328
1860	0.831115	-0.001338	0.003424
1861	0.837095	0.000291	0.001640
1862	0.834587	-0.000311	0.003906
1863	0.836227	-0.000215	0.002749
1864	0.831308	0.002004	0.001881
1865	0.831694	0.000306	0.002990
1866	0.830247	0.000342	-0.000386
1867	0.836613	-0.000983	0.004292
1868	0.835938	0.000281	0.003954
1869	0.834973	0.000389	0.001061
1870	0.831694	0.000066	0.003713
1871	0.833237	-0.001470	0.002267
1872	0.825617	-0.000619	0.004630
1873	0.826871	0.001761	0.003713
1874	0.822820	0.000697	0.004533
1875	0.821277	-0.000530	0.004967
1876	0.824846	0.001070	0.009307
1877	0.822338	0.000217	0.006655
1878	0.824074	0.000257	0.006752
1879	0.825617	0.000583	0.000627
1880	0.827546	0.002848	-0.001495
1881	0.831019	0.001397	0.002315
1882	0.828511	0.001635	-0.002508
1883	0.832176	-0.001013	0.001109
1884	0.836709	-0.001297	0.000145
1885	0.832755	0.000665	0.002459
1886	0.833912	-0.000729	0.001254
1887	0.834587	-0.001169	0.001543
1888	0.838252	-0.000371	0.005932
1889	0.832755	-0.003537	0.005594
1890	0.832369	-0.002828	0.003183
1891	0.830343	0.000454	0.000772
1892	0.831211	0.001282	-0.000241
1893	0.832562	0.000444	-0.002459
1894	0.828800	0.000360	-0.000482
1895	0.828221	-0.000828	0.000338
1896	0.827643	-0.000133	0.000289
1897	0.824074	-0.000736	-0.002942
1898	0.824171	-0.000161	-0.005064
1899	0.823206	-0.001213	-0.006703
1900	0.822917	-0.001186	-0.004196
1901	0.823302	-0.001136	0.000772
1902	0.823495	-0.001779	0.001254
1903	0.827836	0.000496	0.001302
1904	0.826678	-0.001007	0.001495
1905	0.833430	0.000263	0.004051
1906	0.835745	-0.002478	0.004967
1907	0.833912	-0.002173	0.005401
1908	0.826292	0.001154	0.003617
1909	0.824171	0.000599	0.006366
1910	0.830536	-0.000042	0.006028
1911	0.833140	0.002978	0.003954
1912	0.832369	0.002311	0.005691
1913	0.830826	0.000610	0.006896
1914	0.833526	0.001145	0.004340
1915	0.839313	-0.000728	0.007137
1916	0.838445	0.000111	0.002942
1917	0.836998	0.000842	0.003376
1918	0.838927	0.002144	0.004871
1919	0.832755	-0.000144	0.004099
1920	0.837963	-0.000152	0.003328
1921	0.842207	0.001244	0.003086
1922	0.841435	0.003807	0.001206
1923	0.836613	-0.000298	0.001833
1924	0.836613	0.002709	0.003328
1925	0.834105	-0.000181	0.007282
1926	0.834105	0.000952	0.005835
1927	0.838735	0.002512	0.006221
1928	0.841628	0.002380	0.004147
1929	0.835745	0.002566	0.002267
1930	0.830440	0.000900	0.000675
1931	0.825328	0.001701	0.000434
1932	0.830343	-0.000681	0.002604
1933	0.830536	0.000949	0.004051
1934	0.844039	0.001885	0.003328
1935	0.837481	0.000807	-0.000627
1936	0.839410	0.001055	-0.002315
1937	0.839892	0.001625	0.001977
1938	0.844232	0.000108	-0.001977
1939	0.837384	-0.001043	-0.000193
1940	0.833333	-0.000404	0.000338
1941	0.831211	-0.002388	-0.000627
1942	0.833140	-0.002050	-0.001061
1943	0.831887	-0.000311	0.002315
1944	0.827739	-0.001351	0.002267
1945	0.831115	-0.002885	0.002074
1946	0.834587	-0.001981	0.000386
1947	0.831501	-0.002284	-0.003472
1948	0.833719	-0.004744	-0.005064
1949	0.840760	-0.004088	-0.008198
1950	0.838059	-0.001344	-0.003762
1951	0.838445	-0.001983	-0.004967
1952	0.843943	-0.002381	-0.000241
1953	0.836806	0.000345	-0.004196
1954	0.837191	0.002425	-0.001736
1955	0.836323	0.001662	-0.007620
1956	0.840278	0.000149	-0.004774
1957	0.837674	-0.001826	-0.008295
1958	0.834491	-0.002140	-0.008005
1959	0.833816	-0.001554	-0.006076
1960	0.829572	-0.000060	-0.004823
1961	0.828511	-0.001013	-0.004051
1962	0.824653	0.000687	-0.003665
1963	0.823978	0.000721	-0.000965
1964	0.830826	-0.000834	-0.004823
1965	0.831404	0.001271	-0.002363
1966	0.830440	-0.001754	-0.004340
1967	0.835745	0.002290	-0.000868
1968	0.828029	0.001603	-0.002170
1969	0.829668	0.002999	0.000868
1970	0.828318	0.001456	-0.002556
1971	0.832272	0.000836	-0.006414
1972	0.831404	0.001615	-0.004919
1973	0.832272	0.000330	-0.004533
1974	0.833816	-0.000726	-0.005064
1975	0.834491	-0.001053	-0.005739
1976	0.832272	-0.000834	-0.004292
1977	0.830150	-0.002553	-0.004292
1978	0.829090	-0.001327	-0.003810
1979	0.826196	-0.000358	-0.002315
1980	0.831694	0.000020	-0.005401
1981	0.830729	-0.000869	-0.008825
1982	0.823785	-0.000486	-0.008343
1983	0.826389	0.001833	-0.003231
1984	0.825039	0.001255	-0.000723
1985	0.824556	0.000330	0.000048
1986	0.825039	0.000909	-0.000096
1987	0.827064	0.000391	-0.001109
1988	0.821663	0.001422	-0.004147
1989	0.826196	0.001768	-0.006366
1990	0.828318	0.001496	-0.006703
1991	0.828511	-0.000694	-0.000096
1992	0.831597	-0.000720	-0.001013
1993	0.827836	-0.002223	-0.003086
1994	0.836034	-0.001471	-0.004823
1995	0.832176	-0.001174	-0.004003
1996	0.836323	-0.000693	-0.001061
1997	0.834008	0.000190	0.002508
1998	0.833430	-0.000838	0.000289
1999	0.835552	-0.000993	0.001109
2000	0.834105	0.000695	-0.000482
2001	0.836130	0.001971	0.002218
2002	0.832851	-0.001788	0.007234
2003	0.826292	-0.002404	0.007378
2004	0.826678	-0.000807	0.004147
2005	0.830633	-0.000748	0.003424
2006	0.831790	-0.002523	0.001302
2007	0.834491	-0.000635	0.002652
2008	0.829379	-0.001623	0.000241
2009	0.830440	-0.000276	-0.000530
2010	0.835359	-0.002356	0.003424
2011	0.830440	0.000185	0.004533
2012	0.828897	0.000443	0.002411
2013	0.828125	0.000626	0.000434
2014	0.827160	0.002216	0.004581
2015	0.831308	0.001864	0.000723
2016	0.829572	-0.000152	0.002701
2017	0.834877	-0.000352	-0.002074
2018	0.833816	0.000248	0.000772
2019	0.830922	-0.001566	-0.003472
2020	0.834008	0.000224	-0.000579
2021	0.839892	-0.001430	-0.002990
2022	0.836130	0.001465	-0.002652
2023	0.837095	-0.000341	0.004871
2024	0.835455	0.002745	0.003135
2025	0.838156	0.001370	0.005835
2026	0.837191	0.001309	0.009356
2027	0.837963	0.001074	0.006607
2028	0.842593	0.001727	0.003424
2029	0.837963	0.001001	0.005015
2030	0.836806	0.000370	0.001543
2031	0.843364	0.002571	0.001881
2032	0.837577	0.000766	0.002218
2033	0.840278	0.001658	0.004389
2034	0.837963	0.001186	0.000579
2035	0.829861	0.001355	0.003038
2036	0.828029	-0.000133	0.004389
2037	0.821084	0.000643	0.004726
2038	0.827257	0.000220	0.005160
2039	0.823881	-0.000209	0.008150
2040	0.831211	-0.000649	0.006414
2041	0.836806	-0.001230	0.003762
2042	0.831887	-0.002326	0.004967
2043	0.829958	-0.001274	0.000675
2044	0.834587	-0.001543	0.003617
2045	0.829186	-0.000255	0.001350
2046	0.826871	-0.001544	0.004581
2047	0.826100	-0.001013	0.006607
2048	0.820023	-0.000145	0.008922
2049	0.827450	-0.000131	0.006800
2050	0.828607	-0.000272	0.003086
2051	0.824556	-0.000296	0.004389
2052	0.828221	-0.000583	0.002363
2053	0.830922	0.000319	0.001833
2054	0.829765	-0.000671	0.001833
2055	0.823978	-0.000514	-0.001061
2056	0.824363	-0.001050	-0.002942
2057	0.825135	0.000509	-0.005353
2058	0.819541	0.002360	-0.001495
2059	0.820505	0.000652	-0.002990
2060	0.818673	-0.000220	-0.004389
2061	0.822145	0.000626	-0.002363
2062	0.822820	-0.002029	-0.002701
2063	0.829475	-0.000925	-0.000193
2064	0.828029	-0.001839	-0.004726
2065	0.823881	-0.000904	-0.004774
2066	0.824460	0.000855	-0.001640
2067	0.823592	0.001180	-0.000965
2068	0.823785	0.001522	-0.001206
2069	0.831887	0.001192	-0.001302
2070	0.832465	0.001493	0.002122
2071	0.834298	0.003818	0.006366
2072	0.836998	0.001985	0.004437
2073	0.831983	0.001882	0.004340
2074	0.835552	0.000172	0.000579
2075	0.828993	-0.000296	-0.001109
2076	0.824363	0.000102	0.003231
2077	0.827064	-0.001053	-0.001784
2078	0.828511	0.001389	-0.003665
2079	0.826003	0.000445	-0.003665
2080	0.830922	0.001703	0.000338
2081	0.832755	0.002219	0.000386
2082	0.830536	-0.000027	-0.004099
2083	0.827739	-0.002225	-0.002074
2084	0.830440	-0.000151	-0.006028
2085	0.833140	-0.000845	-0.006221
2086	0.831887	-0.001301	-0.001495
2087	0.834877	0.002049	-0.002556
2088	0.830343	0.002632	0.001640
2089	0.833719	0.000832	0.002122
2090	0.839988	-0.000719	-0.001736
2091	0.838059	-0.000941	-0.002218
2092	0.839313	-0.000322	-0.006221
2093	0.830536	-0.000172	-0.005932
2094	0.832079	-0.000996	-0.004774
2095	0.827932	-0.001222	-0.005932
2096	0.826775	0.000871	-0.008150
2097	0.828704	-0.000202	-0.009452
2098	0.833430	0.000211	-0.003665
2099	0.836516	0.000212	-0.002267
2100	0.844715	-0.001053	-0.002556
2101	0.837674	0.000690	0.000096
2102	0.833044	-0.000227	0.000820
2103	0.832079	-0.000019	0.002508
2104	0.826775	0.001509	0.004581
2105	0.823785	-0.001013	0.003617
2106	0.828221	-0.000120	0.003472
2107	0.820795	-0.000764	0.000579
2108	0.818866	0.002807	0.001447
2109	0.821566	0.002353	0.002074
2110	0.820795	0.000597	-0.002749
2111	0.824460	-0.000394	0.000916
2112	0.822338	0.000736	-0.001254
2113	0.822724	-0.001241	0.003762
2114	0.825328	-0.000316	0.010127
2115	0.819637	-0.001078	0.004196
2116	0.829186	-0.000178	0.006607
2117	0.839603	0.000467	0.008825
2118	0.840760	0.002058	0.006703
2119	0.836034	-0.001280	0.010513
2120	0.837384	0.001293	0.004051
2121	0.839699	-0.001866	0.002315
2122	0.840760	-0.001314	-0.001640
2123	0.834201	0.000357	0.003086
2124	0.834394	0.000762	0.004244
2125	0.835455	0.004189	0.003762
2126	0.835552	0.000464	-0.000579
2127	0.843654	0.000658	0.001977
2128	0.845004	0.002153	0.003279
2129	0.842882	0.001793	0.003376
2130	0.844425	0.001733	0.001736
2131	0.843750	0.000283	0.000530
2132	0.840085	-0.001921	0.000289
2133	0.845197	0.002896	-0.001495
2134	0.842978	-0.002164	0.000000
2135	0.843364	-0.000065	-0.001350
2136	0.840953	0.003799	0.003906
2137	0.836420	0.000798	0.001543
2138	0.826389	0.001342	0.005353
2139	0.835938	0.000863	0.001640
2140	0.832079	0.002129	0.002845
2141	0.835648	0.000640	0.008825
2142	0.829958	0.001849	0.008922
2143	0.833719	-0.000954	0.006076
2144	0.826485	-0.000492	0.003231
2145	0.831501	-0.000915	0.002459
2146	0.826389	0.001007	0.003906
2147	0.822049	0.001140	-0.001543
2148	0.821759	0.000469	0.003038
2149	0.822531	0.001533	0.003135
2150	0.827160	-0.001936	0.002170
2151	0.823206	-0.000949	0.001399
2152	0.821470	0.002008	-0.001013
2153	0.826100	0.002213	0.001784
2154	0.828704	-0.001444	0.005835
2155	0.820216	-0.001455	0.004823
2156	0.821181	0.000187	0.003665
2157	0.820216	-0.000351	0.000482
2158	0.825810	-0.001226	-0.003086
2159	0.825039	-0.001559	0.000868
2160	0.828029	0.000049	-0.000965
2161	0.828029	-0.000287	-0.000627
2162	0.825521	-0.001356	-0.001013
2163	0.826196	-0.001325	0.001929
2164	0.819541	-0.000063	0.001447
2165	0.825714	-0.000439	-0.000530
2166	0.828414	0.000719	-0.001881
2167	0.831115	-0.000987	-0.000772
2168	0.832562	-0.000666	0.002556
2169	0.837963	-0.000714	0.005449
2170	0.844039	-0.000615	-0.000627
2171	0.841821	-0.001827	0.002556
2172	0.838638	0.000065	-0.001013
2173	0.831983	0.001093	0.001977
2174	0.834491	0.001509	0.000820
2175	0.828607	-0.000770	-0.003135
2176	0.828800	-0.001174	-0.001061
2177	0.822627	-0.001229	-0.006414
2178	0.823399	-0.001276	-0.002604
2179	0.824267	0.000153	-0.004967
2180	0.823785	-0.000155	-0.004196
2181	0.827160	-0.000168	-0.004774
2182	0.831501	-0.000411	-0.001784
2183	0.827546	-0.001666	0.000048
2184	0.827739	0.000943	0.002797
2185	0.830247	-0.001207	0.002894
2186	0.835648	-0.000146	0.003762
2187	0.838542	-0.000304	0.002122
2188	0.837481	-0.000980	0.003665
2189	0.839410	0.002988	0.004919
2190	0.836130	0.001592	0.006269
2191	0.841725	-0.000790	0.003858
2192	0.843943	-0.001790	0.006076
2193	0.854938	0.001426	0.004919
2194	0.853781	0.000177	0.000820
2195	0.852816	0.000858	0.001109
2196	0.848090	0.001877	-0.003376
2197	0.853492	0.001234	-0.000289
2198	0.851177	0.000096	-0.000627
2199	0.841532	-0.000219	0.000723
2200	0.833816	-0.001848	-0.001302
2201	0.829186	0.000241	0.002074
2202	0.836516	0.000675	0.004244
2203	0.841435	0.002272	0.001929
2204	0.844039	0.001736	0.004003
2205	0.843654	0.002262	0.001495
2206	0.841725	0.005084	0.003954
2207	0.834105	0.000033	0.004726
2208	0.834298	0.000221	0.008054
2209	0.835359	0.000034	0.009693
2210	0.833816	-0.001771	0.011333
2211	0.833430	0.000094	0.011767
2212	0.835069	0.001659	0.009742
2213	0.831019	0.000438	0.007041
2214	0.831597	0.001031	0.012780
2215	0.833912	-0.000752	0.008873
2216	0.830150	0.001641	0.007282
2217	0.829958	-0.001433	0.006510
2218	0.828318	-0.001485	0.010224
2219	0.826389	-0.000423	0.009549
2220	0.824074	-0.001466	0.006462
2221	0.826100	0.000915	0.005064
2222	0.822145	0.002015	0.002749
2223	0.819830	0.000360	0.003183
2224	0.824653	0.000030	-0.002170
2225	0.828511	0.001194	-0.000820
2226	0.823592	0.002379	0.003135
2227	0.824171	0.000184	0.004244
2228	0.826871	0.000504	0.005257
2229	0.828511	0.001494	0.007089
2230	0.830922	0.000858	0.003472
2231	0.834008	0.000763	0.006607
2232	0.832176	0.000960	0.004244
2233	0.836806	0.001379	0.008005
2234	0.835262	-0.000590	0.010706
2235	0.834973	0.001203	0.009452
2236	0.836613	-0.000783	0.002508
2237	0.838252	0.000882	0.003231
2238	0.842882	-0.000570	0.003858
2239	0.847222	0.000205	0.007716
2240	0.856289	0.001333	0.008295
2241	0.845775	0.000159	0.007186
2242	0.845100	0.000112	0.006993
2243	0.840374	-0.001162	0.010127
2244	0.840664	-0.000091	0.003906
2245	0.833816	0.000284	0.003135
2246	0.840953	0.000027	-0.001447
2247	0.837674	0.000181	-0.002459
2248	0.831211	-0.000389	-0.001688
2249	0.833430	-0.002515	-0.004678
2250	0.831019	-0.001414	-0.002845
2251	0.835455	-0.000527	-0.001736
2252	0.827739	-0.002078	0.005932
2253	0.828800	0.000591	0.006752
2254	0.832851	0.003177	0.001350
2255	0.833719	-0.003331	0.006655
2256	0.830440	-0.000079	0.007427
2257	0.828029	0.001738	0.003569
2258	0.834394	0.000923	0.000579
2259	0.836227	0.000068	0.001591
2260	0.839603	0.000894	0.008681
2261	0.840953	-0.000190	0.004340
2262	0.844136	0.002807	0.006607
2263	0.844522	0.000413	0.009163
2264	0.841339	0.001880	0.007716
2265	0.837384	0.003812	0.006366
2266	0.838156	0.002350	0.003665
2267	0.832272	0.000345	-0.001881
2268	0.831501	-0.000946	-0.000241
2269	0.831019	0.000886	0.001350
2270	0.832851	-0.000015	-0.001591
2271	0.831887	0.001445	-0.004099
2272	0.832562	-0.000810	-0.002604
2273	0.838059	-0.000733	0.000482
2274	0.842110	-0.000621	-0.003617
2275	0.845775	0.000416	-0.005353
2276	0.848669	-0.002948	-0.001784
2277	0.847415	-0.003588	-0.005932
2278	0.838252	-0.001815	-0.005932
2279	0.837674	-0.002207	-0.005883
2280	0.836130	0.000820	-0.001881
2281	0.835455	0.000455	-0.000723
2282	0.827160	0.000186	0.000289
2283	0.828414	0.000066	0.002942
2284	0.823206	-0.001040	0.000386
2285	0.823495	-0.000377	0.005739
2286	0.818576	0.000628	0.009018
2287	0.820505	-0.000085	0.005594
2288	0.823688	0.000271	0.006414
2289	0.816937	0.000889	0.002218
2290	0.817323	-0.000251	0.001495
2291	0.819155	0.001091	0.000193
2292	0.825135	0.000353	0.001688
2293	0.820602	0.001602	0.003665
2294	0.825328	0.000887	0.003665
2295	0.822338	-0.000119	0.003328
2296	0.822627	-0.001064	0.002556
2297	0.820698	-0.000783	0.003183
2298	0.820505	-0.000763	0.001061
2299	0.825424	-0.000139	0.002942
2300	0.822820	-0.000575	0.002508
2301	0.826775	-0.000053	0.002122
2302	0.825810	0.001824	-0.000096
2303	0.827353	0.001561	0.000627
2304	0.830729	0.001264	0.004774
2305	0.832272	-0.000261	0.003906
2306	0.837095	0.002367	0.003183
2307	0.835069	0.002039	0.007716
2308	0.839603	-0.001161	0.006318
2309	0.835359	-0.001470	0.006462
2310	0.836034	-0.001862	0.004437
2311	0.841049	-0.002667	0.006655
2312	0.834008	-0.002251	0.003665
2313	0.823978	-0.000100	-0.000241
2314	0.826003	0.000005	0.004533
2315	0.826775	-0.000406	0.000965
2316	0.827257	-0.001056	0.002170
2317	0.822242	-0.002331	0.002315
2318	0.828897	-0.001709	-0.002797
2319	0.823592	0.000240	0.000820
2320	0.826871	0.000766	0.000000
2321	0.826389	0.000390	0.000482
2322	0.827160	0.001536	-0.000241
2323	0.831790	0.000760	-0.004340
2324	0.813175	-0.000547	-0.001929
2325	0.811053	-0.000743	-0.005739
2326	0.815201	0.000353	-0.005594
2327	0.817515	-0.000257	-0.005642
2328	0.822627	0.001089	-0.012539
2329	0.824363	0.001359	-0.010706
2330	0.818769	0.001398	-0.004437
2331	0.821373	0.001767	-0.005064
2332	0.823881	0.000683	0.001833
2333	0.822338	0.001588	0.000241
2334	0.825231	0.000951	-0.002701
2335	0.827160	-0.002238	0.000289
2336	0.834394	0.000829	0.003472
2337	0.832658	-0.001912	0.002556
2338	0.832851	-0.000347	0.002604
2339	0.838156	-0.000446	0.004244
2340	0.835841	-0.000423	0.001013
2341	0.843171	-0.002750	0.001640
2342	0.843075	0.000526	0.005835
2343	0.841435	0.003683	0.005353
2344	0.842014	-0.000958	0.006462
2345	0.838542	-0.000377	0.005112
2346	0.835745	0.000114	0.003810
2347	0.834587	0.000410	0.007234
2348	0.834008	0.000492	0.006896
2349	0.832176	-0.000429	0.001833
2350	0.832176	-0.002204	0.006028
2351	0.832176	-0.001912	0.006703
2352	0.835262	-0.000726	0.004967
2353	0.834684	0.001421	0.006848
2354	0.831887	0.001024	0.004823
2355	0.826678	-0.001464	0.000723
2356	0.827353	0.001163	0.000868
2357	0.827257	-0.000140	0.000530
2358	0.823399	0.002042	0.005546
2359	0.828704	-0.001100	0.002170
2360	0.829379	0.000008	-0.003858
2361	0.828414	0.002361	-0.001929
2362	0.825521	0.000619	0.002315
2363	0.830343	-0.000770	0.000338
2364	0.830633	-0.001931	-0.000820
2365	0.832948	-0.000902	-0.002942
2366	0.831501	-0.001983	-0.004051
2367	0.834008	0.001055	-0.002556
2368	0.830729	-0.002082	-0.001784
2369	0.829090	-0.000581	0.000723
2370	0.823302	-0.000838	-0.005401
2371	0.828414	0.000103	-0.003665
2372	0.823110	-0.000618	-0.002363
2373	0.824749	-0.001626	-0.002315
2374	0.823399	-0.001473	-0.001543
2375	0.820505	-0.000647	0.001013
2376	0.818094	0.002163	-0.002267
2377	0.821277	-0.001786	-0.004871
2378	0.818287	-0.001088	-0.004003
2379	0.818094	-0.000133	-0.003135
2380	0.825231	0.000194	-0.007186
2381	0.827643	0.000437	-0.003135
2382	0.824749	0.001108	-0.005932
2383	0.824460	0.001237	-0.004389
2384	0.832079	0.001354	-0.003665
2385	0.836227	0.000120	-0.006559
2386	0.834008	-0.000791	-0.005257
2387	0.831887	-0.000484	-0.006510
2388	0.840856	-0.001184	-0.004147
2389	0.845486	0.000126	-0.003472
2390	0.846354	0.000319	-0.003617
2391	0.840471	-0.000877	-0.005160
2392	0.837770	0.000336	-0.004051
2393	0.839699	0.000574	-0.000627
2394	0.836902	-0.000293	-0.001399
2395	0.836323	0.000490	0.000145
2396	0.837384	-0.000711	-0.001447
2397	0.835745	-0.000041	-0.001591
2398	0.835552	0.001991	0.002556
2399	0.839217	0.001383	-0.006028
2400	0.839024	0.001100	-0.007716
2401	0.836227	0.000734	-0.008343
2402	0.832658	0.000222	-0.011767
2403	0.833140	0.000558	-0.011526
2404	0.834877	-0.000130	-0.005257
2405	0.831019	-0.000234	-0.007234
2406	0.829090	-0.000350	-0.000193
2407	0.835745	-0.001358	-0.004003
2408	0.838252	-0.002003	-0.006221
2409	0.842400	-0.002094	-0.005691
2410	0.842110	-0.000695	-0.006800
2411	0.843557	-0.001922	-0.005257
2412	0.840953	0.001090	0.001495
2413	0.837384	0.002037	-0.002942
2414	0.835745	-0.000765	0.001591
2415	0.834394	0.000682	-0.001350
2416	0.832465	-0.001900	-0.000434
2417	0.835455	0.001158	-0.002652
2418	0.839313	-0.001345	-0.003810
2419	0.836420	0.000084	0.000048
2420	0.834394	-0.000414	0.001929
2421	0.834877	0.000995	-0.002845
2422	0.839120	0.002321	-0.002074
2423	0.843750	0.002807	0.000772
2424	0.840278	0.000182	0.002894
2425	0.837481	-0.000240	0.001977
2426	0.833333	-0.000713	0.003569
2427	0.831597	-0.000032	0.001591
2428	0.826582	0.001075	0.005498
2429	0.820409	0.000744	0.000530
2430	0.820023	-0.001025	-0.001013
2431	0.820023	-0.000361	0.002459
2432	0.827643	-0.003059	0.001640
2433	0.822820	0.000757	0.001157
2434	0.820505	-0.000369	0.006462
2435	0.824460	-0.002925	0.008970
2436	0.825424	-0.000957	0.003038
2437	0.829090	-0.000331	0.000289
2438	0.825231	0.001056	-0.000338
2439	0.828318	0.000370	-0.001495
2440	0.830633	-0.002216	0.000579
2441	0.833912	-0.000375	-0.002363
2442	0.828704	-0.003202	-0.002508
2443	0.826196	-0.000589	-0.001543
2444	0.832658	-0.000947	0.002411
2445	0.829572	0.000716	0.001350
2446	0.826968	0.001781	0.001254
2447	0.827643	-0.000187	0.000000
2448	0.827450	-0.000967	0.002218
2449	0.832176	-0.001119	0.003038
2450	0.834105	-0.001360	0.006028
2451	0.833719	0.000333	0.004196
2452	0.833526	-0.000191	0.003762
2453	0.831308	-0.001214	0.008584
2454	0.840374	-0.000545	0.004823
2455	0.843654	0.001893	0.005835
2456	0.838156	0.002197	0.006752
2457	0.838638	0.003466	0.010320
2458	0.840856	-0.000165	0.008825
2459	0.837288	0.003360	0.008102
2460	0.839024	0.000152	0.004967
2461	0.834780	-0.000270	0.004630
2462	0.835841	0.001092	0.003183
2463	0.841532	0.002849	0.005546
2464	0.837963	0.000659	0.002749
2465	0.835166	-0.001530	0.006655
2466	0.834780	-0.002277	0.005353
2467	0.838445	0.002293	0.007330
2468	0.846836	0.000703	0.001254
2469	0.833526	0.000699	0.000723
2470	0.839410	0.001796	-0.000289
2471	0.835938	0.001355	-0.002556
2472	0.832755	0.004337	-0.003038
2473	0.834877	0.002529	-0.003569
2474	0.836130	0.000838	-0.001447
2475	0.836130	-0.002222	-0.002652
2476	0.839120	0.000444	-0.002556
2477	0.839313	0.000682	-0.001495
2478	0.843075	-0.002322	0.003472
2479	0.842014	-0.001890	0.003376
2480	0.843268	-0.001843	0.003135
2481	0.846451	-0.003818	0.003038
2482	0.841532	-0.001118	0.001157
2483	0.840181	-0.002829	-0.001157
2484	0.837481	-0.002490	0.001977
2485	0.837963	-0.000813	-0.000772
2486	0.836709	-0.000644	-0.003279
2487	0.834973	-0.000812	-0.001543
2488	0.832562	0.000512	-0.000241
2489	0.829958	0.000401	-0.005064
2490	0.829379	0.000919	-0.001350
2491	0.831501	0.001809	-0.001206
2492	0.833719	-0.000081	0.001109
2493	0.832851	-0.001022	-0.000627
2494	0.837481	0.000045	-0.002797
2495	0.836998	-0.001792	-0.002459
2496	0.836420	-0.000316	-0.002459
2497	0.829668	0.000682	0.000193
2498	0.821373	-0.000355	0.000723
2499	0.824749	0.000475	0.001254
2500	0.826389	0.000070	-0.004919
2501	0.819155	0.001845	-0.003038
2502	0.829572	0.001300	-0.003713
2503	0.830247	0.003108	-0.003520
2504	0.829572	0.002964	-0.002942
2505	0.826196	0.001079	-0.005691
2506	0.828414	0.002204	-0.004147
2507	0.825424	0.000793	-0.004196
2508	0.831115	0.000019	-0.002749
2509	0.832369	-0.000528	-0.004774
2510	0.830247	-0.000108	-0.003424
2511	0.828221	-0.001390	-0.003424
2512	0.834201	-0.001026	-0.005546
2513	0.821373	-0.001747	-0.002942
2514	0.822627	-0.001251	-0.000096
2515	0.817805	-0.000535	0.000289
2516	0.826003	0.000356	0.000965
2517	0.825039	0.001370	0.000048
2518	0.831308	-0.001386	-0.002556
2519	0.828414	-0.000684	-0.004485
2520	0.823978	0.001033	-0.008102
2521	0.821373	0.000530	-0.005691
2522	0.823495	0.000099	-0.006655
2523	0.820988	-0.000076	-0.003424
2524	0.822338	0.000672	-0.007813
2525	0.833044	0.000484	-0.009259
2526	0.831115	-0.000169	-0.012008
2527	0.829958	-0.000675	-0.006607
2528	0.826003	0.001935	-0.005449
2529	0.830536	0.001514	-0.006607
2530	0.834298	0.003929	-0.009404
2531	0.836323	0.001748	-0.010417
2532	0.832272	-0.000023	-0.014660
2533	0.831694	-0.001413	-0.018036
2534	0.831404	0.001644	-0.012973
2535	0.834201	-0.002501	-0.012539
2536	0.836998	0.000195	-0.006221
2537	0.831404	-0.000237	-0.007427
2538	0.832369	-0.004797	-0.007909
2539	0.836323	0.001988	-0.010224
2540	0.835648	0.000817	-0.012249
2541	0.828993	0.001156	-0.010754
2542	0.836034	0.000679	-0.006703
2543	0.836323	0.000577	-0.009259
2544	0.833140	0.000004	-0.005401
2545	0.839024	-0.000301	-0.007137
2546	0.837577	-0.001062	-0.005064
2547	0.837384	-0.001064	-0.004919
2548	0.833912	0.001710	-0.004630
2549	0.835359	-0.000610	-0.005787
2550	0.830729	0.002913	-0.010079
2551	0.822724	0.000698	-0.009307
2552	0.825039	0.001364	-0.015914
2553	0.822627	-0.000466	-0.011478
2554	0.833719	0.000895	-0.011236
2555	0.830826	-0.000603	-0.005498
2556	0.830729	0.001897	-0.007282
2557	0.825328	-0.001056	-0.009597
2558	0.826871	-0.000618	-0.008247
2559	0.826871	-0.001748	-0.005498
2560	0.828318	-0.000483	-0.005015
2561	0.827450	-0.001814	-0.008825
2562	0.826003	-0.000615	-0.009742
2563	0.824363	0.000665	-0.004967
2564	0.828704	-0.000465	-0.007861
2565	0.823495	0.000292	-0.003520
2566	0.824267	0.000477	-0.004244
2567	0.822820	-0.000415	-0.001833
2568	0.822917	0.000033	0.000145
2569	0.823013	-0.001403	-0.004871
2570	0.826678	0.000186	-0.001254
2571	0.824846	-0.001717	-0.002363
2572	0.826871	-0.002711	-0.000434
2573	0.830536	-0.000373	-0.001206
2574	0.821952	0.000675	-0.002025
2575	0.825424	0.001510	-0.001977
2576	0.820698	0.001583	-0.002074
2577	0.823110	-0.000640	0.000723
2578	0.821181	-0.000404	-0.000772
2579	0.823785	0.003204	0.001977
2580	0.826582	0.003848	-0.001881
2581	0.824363	0.001114	-0.002652
2582	0.821856	0.000075	-0.000338
2583	0.816262	-0.001132	-0.003231
2584	0.824171	0.000865	0.001929
2585	0.829765	0.000141	-0.000627
2586	0.831983	-0.000277	0.000145
2587	0.826582	-0.001324	-0.003183
2588	0.829958	-0.000516	0.000289
2589	0.824460	0.002560	-0.000530
2590	0.830729	0.001679	-0.003279
2591	0.831019	-0.000196	-0.006848
2592	0.828607	0.001034	-0.005160
2593	0.831694	0.002308	-0.005739
2594	0.831404	-0.000685	-0.003279
2595	0.833333	-0.000182	-0.004292
2596	0.827450	-0.000442	-0.004581
2597	0.834587	-0.000287	-0.006607
2598	0.834008	0.002186	-0.003183
2599	0.835166	-0.000233	-0.004003
2600	0.832079	-0.000610	-0.004292
2601	0.837481	-0.001370	-0.001013
2602	0.832272	-0.001079	-0.002556
2603	0.832948	-0.000200	0.002652
2604	0.831694	-0.000349	0.000820
2605	0.832658	0.000577	0.000965
2606	0.833430	0.000230	-0.003038
2607	0.833623	-0.002288	0.000820
2608	0.834973	-0.003344	-0.000530
2609	0.839024	-0.002376	0.000579
2610	0.840278	-0.000562	0.000723
2611	0.839024	0.001726	0.001447
2612	0.835455	0.002224	-0.000965
2613	0.834877	0.001606	0.002074
2614	0.830440	-0.000644	0.001688
2615	0.831887	0.002217	0.002701
2616	0.835745	0.001959	-0.001736
2617	0.834684	-0.000575	0.000772
2618	0.833623	0.000611	-0.002604
2619	0.825810	-0.000152	0.003762
2620	0.826196	-0.001443	0.008488
2621	0.833140	-0.001477	0.004726
2622	0.832079	-0.000212	0.005353
2623	0.833044	0.002231	0.002990
2624	0.837481	0.000384	-0.002170
2625	0.842303	0.000760	-0.001061
2626	0.835455	-0.000236	0.003038
2627	0.841821	0.001790	0.000048
2628	0.840085	-0.000918	0.000048
2629	0.844329	0.000483	-0.002797
2630	0.842689	0.000647	-0.002170
2631	0.839796	-0.001049	-0.002894
2632	0.831501	0.001405	-0.006655
2633	0.827836	-0.000034	-0.004051
2634	0.834684	-0.002668	-0.005594
2635	0.835069	-0.000736	-0.007475
2636	0.828511	-0.000742	-0.008584
2637	0.836806	0.000642	-0.010031
2638	0.831983	0.003047	-0.011767
2639	0.828800	0.002000	-0.011960
2640	0.832562	0.004546	-0.014275
2641	0.839796	0.001822	-0.011622
2642	0.841532	0.003285	-0.009693
2643	0.841146	0.001769	-0.011719
2644	0.840374	0.001672	-0.012056
2645	0.843750	0.001909	-0.014516
2646	0.840471	0.000572	-0.013455
2647	0.840567	-0.001711	-0.011671
2648	0.841339	0.000114	-0.008247
2649	0.846065	0.001684	-0.003424
2650	0.845293	-0.002200	-0.005064
2651	0.843461	-0.002252	-0.003520
2652	0.838542	-0.002779	-0.004292
2653	0.831983	-0.002712	-0.007330
2654	0.834491	0.000331	-0.007089
2655	0.837384	-0.002718	-0.007378
2656	0.837191	-0.000266	-0.006944
2657	0.833912	0.000229	-0.009500
2658	0.835262	0.001759	-0.007234
2659	0.836613	-0.000065	-0.005208
2660	0.840567	0.001118	-0.001254
2661	0.842978	0.000481	-0.003231
2662	0.839699	0.000787	0.000241
2663	0.837481	0.002262	0.001640
2664	0.837384	0.002365	-0.001543
2665	0.836323	-0.001487	-0.005449
2666	0.836420	0.000811	-0.003569
2667	0.827932	-0.000665	-0.002315
2668	0.824653	0.000081	-0.001109
2669	0.828029	-0.001323	-0.005064
2670	0.825521	0.000487	-0.000338
2671	0.825039	0.000302	0.001447
2672	0.817998	0.001524	0.002025
2673	0.816358	-0.000161	-0.000579
2674	0.816840	0.000835	0.001206
2675	0.825328	0.000600	0.000868
2676	0.828511	0.000298	0.003231
2677	0.824556	-0.000184	0.001254
2678	0.827450	0.000095	0.007282
2679	0.828029	-0.002607	0.003858
2680	0.830922	-0.002242	0.002942
2681	0.829958	-0.001534	0.009742
2682	0.831019	0.000614	0.005064
2683	0.831211	-0.000453	0.000530
2684	0.833719	-0.002136	0.002797
2685	0.824267	-0.000435	0.002363
2686	0.827643	0.001129	0.000000
2687	0.834298	0.002716	0.001157
2688	0.838445	0.002186	0.002508
2689	0.841917	0.000157	0.000723
2690	0.839120	-0.000524	-0.002315
2691	0.831115	-0.000173	-0.001109
2692	0.839313	0.000402	-0.002315
2693	0.833623	-0.001255	-0.002701
2694	0.834684	0.001525	-0.002459
2695	0.837095	0.000977	0.002218
2696	0.830633	0.001847	0.006414
2697	0.827257	0.001837	0.006607
2698	0.825231	-0.001242	0.005257
2699	0.827257	-0.000158	0.003858
2700	0.833912	-0.001477	0.002025
2701	0.832851	0.000830	0.002218
2702	0.835552	0.000795	0.004581
2703	0.827739	-0.001306	0.001109
2704	0.832562	0.001144	0.001977
2705	0.831887	0.000742	0.002990
2706	0.836516	-0.000419	0.005787
2707	0.837481	-0.000737	0.006944
2708	0.833333	-0.001249	0.006125
2709	0.834973	-0.002497	0.007861
2710	0.833526	-0.000013	0.004003
2711	0.833526	0.001420	0.003906
2712	0.835262	-0.000043	-0.002652
2713	0.835841	0.000346	-0.001061
2714	0.834008	-0.000572	0.001399
2715	0.835648	0.002489	-0.000096
2716	0.835552	0.000100	0.000000
2717	0.833912	-0.001733	0.000723
2718	0.826389	-0.000640	0.001350
2719	0.830440	-0.000537	-0.001350
2720	0.832176	0.000638	-0.000241
2721	0.838927	0.001336	0.000338
2722	0.839120	0.000707	0.001302
2723	0.832079	0.002416	0.000772
2724	0.834201	0.001068	0.001447
2725	0.827643	0.000247	0.004389
2726	0.837384	-0.000139	0.005449
2727	0.832465	-0.000101	0.004147
2728	0.828897	-0.000135	0.005208
2729	0.825521	0.001331	0.002749
2730	0.819637	0.000236	0.001399
2731	0.813657	0.002256	0.000096
2732	0.819734	0.001632	0.000530
2733	0.822049	-0.000338	-0.000723
2734	0.820891	-0.000457	0.000965
2735	0.822531	-0.000923	-0.005064
2736	0.830054	-0.001873	-0.004533
2737	0.831597	0.000039	0.000965
2738	0.831501	0.000849	-0.002363
2739	0.826292	-0.000340	-0.004630
2740	0.821181	0.000233	-0.008391
2741	0.817419	-0.000619	-0.004533
2742	0.823302	0.000729	-0.005787
2743	0.826292	0.000623	-0.005642
2744	0.827160	-0.000228	-0.002267
2745	0.821084	-0.001720	-0.007378
2746	0.823495	0.000364	-0.003183
2747	0.822627	0.000358	-0.002267
2748	0.825521	0.001027	-0.004967
2749	0.830247	-0.000764	-0.005015
2750	0.831983	0.000541	-0.000675
2751	0.825617	0.001877	-0.000675
2752	0.827546	-0.000374	0.000916
2753	0.828511	0.000960	-0.002218
2754	0.834201	-0.000140	-0.002267
2755	0.834973	-0.000079	0.002894
2756	0.837095	0.002702	0.002894
2757	0.837384	-0.000111	-0.001977
2758	0.837288	0.001413	-0.004919
2759	0.829090	0.001758	-0.004340
2760	0.829572	-0.002078	-0.006896
2761	0.829282	0.000068	-0.003135
2762	0.827643	-0.000921	-0.004919
2763	0.832079	0.001116	-0.005449
2764	0.833044	0.000587	-0.004437
2765	0.831694	0.002554	-0.006462
2766	0.829958	0.000472	-0.004871
2767	0.832272	0.000806	-0.003665
2768	0.829861	0.001386	-0.004485
2769	0.832465	0.000958	-0.006318
2770	0.823688	0.000295	-0.009452
2771	0.826292	-0.001106	-0.003617
2772	0.828897	0.000323	-0.001157
2773	0.822434	0.000648	-0.000096
2774	0.823785	-0.000927	-0.002701
2775	0.826100	0.000758	-0.002411
2776	0.825135	0.001236	-0.000723
2777	0.826871	-0.000450	-0.002894
2778	0.829282	0.001205	0.001881
2779	0.832079	0.000962	-0.000434
2780	0.830150	-0.001641	-0.000048
2781	0.829379	0.000279	0.001061
2782	0.825617	-0.001710	0.000096
2783	0.831501	-0.000406	0.001157
2784	0.832562	-0.001095	-0.000530
2785	0.826100	0.000043	-0.003665
2786	0.826871	-0.002737	-0.004630
2787	0.823881	-0.003407	-0.005208
2788	0.829090	-0.001604	-0.003135
2789	0.825714	0.001105	-0.004147
2790	0.826968	-0.003227	-0.009549
2791	0.822434	-0.001330	-0.007378
2792	0.826100	0.000876	-0.010947
2793	0.824267	-0.001271	-0.006269
2794	0.826485	0.000142	-0.008295
2795	0.837770	0.001468	-0.010899
2796	0.829861	0.000329	-0.009066
2797	0.826775	-0.000777	-0.008488
2798	0.823592	-0.001928	-0.010320
2799	0.821277	0.000910	-0.008247
2800	0.823302	0.000548	-0.008922
2801	0.816744	-0.001417	-0.009259
2802	0.822434	0.000956	-0.007378
2803	0.820023	-0.000086	-0.007427
2804	0.814911	-0.000217	-0.005160
2805	0.815586	-0.000408	-0.001399
2806	0.820313	0.001010	-0.001543
2807	0.817419	-0.000048	-0.004533
2808	0.818769	-0.000918	-0.000434
2809	0.823206	0.000070	0.000338
2810	0.822627	-0.000425	0.001640
2811	0.825328	-0.001344	0.003713
2812	0.828993	-0.000072	-0.000530
2813	0.823881	0.000359	0.002652
2814	0.821277	0.000511	0.000338
2815	0.825424	0.000447	0.000723
2816	0.829958	0.001423	-0.000434
2817	0.827353	0.001578	0.002508
2818	0.826003	0.001877	0.000386
2819	0.827064	-0.000367	0.000145
2820	0.824653	0.000141	0.001061
2821	0.822242	0.001073	0.003135
2822	0.824749	-0.000679	0.002556
2823	0.825135	0.000181	0.003328
2824	0.825521	0.000634	0.000096
2825	0.824749	0.001452	-0.000916
2826	0.819830	-0.000514	-0.002170
2827	0.818094	0.001038	-0.001881
2828	0.818962	0.001467	0.000434
2829	0.824653	0.000337	-0.000675
2830	0.826485	0.000537	-0.004581
2831	0.826485	0.001520	-0.002122
2832	0.825810	0.000789	-0.000965
2833	0.832369	0.000526	0.001013
2834	0.826582	0.000661	0.002267
2835	0.822049	0.000187	-0.001254
2836	0.824749	-0.000436	0.000145
2837	0.828125	0.000027	-0.001447
2838	0.825039	-0.001572	0.008295
2839	0.826389	-0.001222	0.008536
2840	0.829668	0.000422	0.006752
2841	0.833140	0.000962	0.004389
2842	0.833430	0.000078	0.004485
2843	0.833237	0.000356	0.003569
2844	0.834587	-0.001302	0.001736
2845	0.838542	0.003391	0.003279
2846	0.844329	-0.000668	0.002604
2847	0.836806	-0.002712	0.001977
2848	0.838445	-0.000150	0.004003
2849	0.834394	-0.002465	0.004389
2850	0.837674	-0.001781	0.003713
2851	0.830536	0.000701	0.002797
2852	0.831308	-0.000360	0.004823
2853	0.836998	-0.001054	0.000241
2854	0.834877	-0.001204	-0.001784
2855	0.840856	-0.000154	0.002652
2856	0.837674	-0.002050	0.002701
2857	0.839120	-0.000981	0.000965
2858	0.836709	-0.000763	-0.000723
2859	0.834105	-0.000550	0.003424
2860	0.833237	-0.002173	0.001013
2861	0.834008	-0.000927	-0.000386
2862	0.834491	-0.001271	0.001640
2863	0.838445	-0.000047	0.000289
2864	0.835841	-0.001295	0.000096
2865	0.835359	-0.000220	-0.001495
2866	0.831501	-0.001233	-0.004774
2867	0.826775	-0.000370	-0.005546
2868	0.831790	-0.001942	-0.003762
2869	0.839506	0.000848	-0.006462
2870	0.838252	-0.000201	-0.001881
2871	0.838831	-0.001507	-0.003520
2872	0.834105	-0.000981	0.000096
2873	0.834491	-0.000073	0.002749
2874	0.832079	0.000341	0.000675
2875	0.826678	-0.000022	-0.002556
2876	0.830729	-0.001274	-0.000916
2877	0.832562	0.000874	-0.000965
2878	0.834105	-0.001966	-0.000193
2879	0.834008	0.001835	-0.002025
2880	0.837867	0.002029	-0.002990
2881	0.835262	-0.001266	-0.007668
2882	0.837288	0.000502	-0.004003
2883	0.841917	0.000793	-0.004147
2884	0.836806	-0.000085	-0.002170
2885	0.832851	0.001249	-0.004871
2886	0.832562	-0.000679	-0.001157
2887	0.833140	-0.000273	-0.001543
2888	0.835552	0.000592	0.000482
2889	0.838927	-0.000177	0.006607
2890	0.835262	0.001008	0.005883
2891	0.832948	0.001481	0.004437
2892	0.834491	0.001294	0.003569
2893	0.835745	-0.001300	0.000820
2894	0.840374	-0.000225	-0.000338
2895	0.838927	-0.000886	-0.000145
2896	0.839120	-0.001348	0.001206
2897	0.835745	0.001947	0.002411
2898	0.834587	0.001512	0.002315
2899	0.836227	0.000820	0.003328
2900	0.836420	0.002363	0.005015
2901	0.828993	0.002551	0.006269
2902	0.831694	0.001990	0.005691
2903	0.831308	0.000947	0.003086
2904	0.827836	-0.000051	0.004244
2905	0.823302	0.001460	0.004340
2906	0.818673	0.002334	0.006028
2907	0.823881	0.001809	0.004003
2908	0.829379	0.000211	0.004099
2909	0.829668	-0.001844	-0.000482
2910	0.834394	-0.000606	0.001399
2911	0.823013	-0.002659	-0.003038
2912	0.821566	0.000726	0.002459
2913	0.826775	-0.000263	-0.001640
2914	0.824942	-0.000551	-0.004967
2915	0.819541	0.000397	-0.004340
2916	0.822145	0.000855	-0.001206
2917	0.826100	-0.000154	-0.004147
2918	0.828511	0.000675	-0.002363
2919	0.829861	-0.000732	-0.003906
2920	0.833430	-0.002858	-0.005787
2921	0.827932	-0.000815	-0.001399
2922	0.832369	-0.001490	-0.001640
2923	0.838059	0.001137	0.001302
2924	0.830729	0.000080	-0.003520
2925	0.828221	0.001573	-0.004003
2926	0.832369	0.001983	-0.002508
2927	0.834684	0.002018	0.001013
2928	0.831115	-0.002478	0.000675
2929	0.835262	-0.000477	0.000434
2930	0.836902	0.001728	0.001881
2931	0.839024	-0.000760	0.003665
2932	0.836613	0.001518	0.003617
2933	0.840760	-0.000925	-0.001302
2934	0.837095	0.000579	-0.001157
2935	0.835552	0.000864	-0.001206
2936	0.835359	0.000947	0.004003
2937	0.837481	-0.000345	0.002942
2938	0.841049	0.001136	-0.000145
2939	0.833912	-0.003146	0.000579
2940	0.832851	0.002236	0.000965
2941	0.837384	0.002274	-0.003472
2942	0.839506	0.001353	-0.001254
2943	0.836613	0.000093	0.000723
2944	0.838252	-0.000718	0.004051
2945	0.838156	-0.001392	0.001350
2946	0.832562	0.000520	-0.000723
2947	0.834587	-0.002015	0.000338
2948	0.830826	-0.001191	0.001784
2949	0.829475	-0.000792	0.000482
2950	0.832079	-0.002019	0.000289
2951	0.819541	-0.000997	-0.001591
2952	0.824653	0.002202	-0.000820
2953	0.826582	0.000767	-0.001833
2954	0.826968	0.000847	-0.000434
2955	0.821373	-0.000111	-0.003906
2956	0.820505	-0.002360	-0.001013
2957	0.824267	-0.000377	-0.003086
2958	0.817612	-0.000548	-0.001640
2959	0.817805	-0.001165	-0.003183
2960	0.824460	0.001713	-0.002459
2961	0.817033	0.000242	-0.001688
2962	0.818576	-0.000978	-0.004726
2963	0.821566	-0.000368	-0.006896
2964	0.823592	-0.001222	-0.005546
2965	0.823495	-0.000717	-0.006655
2966	0.829572	-0.000961	-0.003954
2967	0.831019	-0.001612	-0.004244
2968	0.830343	0.000327	-0.002508
2969	0.825907	-0.001777	-0.000675
2970	0.827546	-0.001016	-0.001640
2971	0.829668	-0.001079	-0.001061
2972	0.829282	0.000378	-0.000482
2973	0.826389	0.001420	-0.002025
2974	0.821373	0.000562	0.000000
2975	0.827836	-0.001115	-0.001447
2976	0.828221	-0.000081	-0.003328
2977	0.833430	-0.002368	-0.003135
2978	0.830826	0.001116	-0.002942
2979	0.829572	0.001743	-0.000096
2980	0.831597	0.000707	0.000772
2981	0.832465	-0.001127	-0.001447
2982	0.833430	0.000132	0.001591
2983	0.830343	-0.000137	-0.000048
2984	0.832562	0.000492	-0.004003
2985	0.832369	-0.001063	-0.002122
2986	0.829861	0.000451	-0.005980
2987	0.832851	0.001340	-0.008439
2988	0.837288	0.001358	-0.010706
2989	0.834587	-0.001429	-0.003231
2990	0.836420	-0.000820	-0.005353
2991	0.836806	-0.000361	-0.005594
2992	0.834587	-0.000496	-0.004919
2993	0.827932	0.002370	0.000772
2994	0.823592	0.000987	-0.002074
2995	0.822820	0.001440	-0.000530
2996	0.825231	-0.000588	-0.003183
2997	0.822338	-0.001132	-0.003086
2998	0.816744	-0.000051	-0.003858
2999	0.820891	-0.000633	-0.002652
3000	0.817323	-0.001209	-0.000965
3001	0.814236	0.000445	-0.001640
3002	0.815490	-0.001814	-0.000482
3003	0.809221	-0.000200	-0.002170
3004	0.814333	-0.002146	0.002122
3005	0.814525	-0.000017	0.005305
3006	0.820698	-0.001070	-0.001929
3007	0.828029	-0.001184	-0.003279
3008	0.826003	-0.001162	-0.001157
3009	0.821277	0.000260	-0.003472
3010	0.825231	0.002162	-0.001254
3011	0.821759	0.001248	-0.000145
3012	0.826582	-0.000704	0.004581
3013	0.824556	0.000980	0.002894
3014	0.820795	-0.000450	0.001736
3015	0.826389	0.000109	-0.003231
3016	0.824074	0.000467	-0.000434
3017	0.834105	-0.000127	-0.000675
3018	0.827450	-0.000699	-0.000289
3019	0.827064	0.000109	-0.003376
3020	0.828800	-0.000822	0.000193
3021	0.824846	-0.001026	-0.001254
3022	0.830054	0.000922	-0.001591
3023	0.826775	0.000771	-0.005546
3024	0.828897	0.000219	-0.004003
3025	0.827160	0.000294	-0.001688
3026	0.826196	0.001307	-0.002459
3027	0.829765	-0.000533	-0.001302
3028	0.833719	0.000479	-0.001206
3029	0.830826	0.001224	-0.000338
3030	0.830247	-0.001366	-0.002604
3031	0.832658	0.002524	0.000772
3032	0.832176	0.001090	0.001206
3033	0.835745	-0.001673	0.005401
3034	0.830922	-0.000843	0.003665
3035	0.827450	-0.000495	0.004630
3036	0.824556	-0.000295	0.004340
3037	0.832079	-0.002420	0.000386
3038	0.830247	-0.001190	-0.002074
3039	0.834105	-0.000361	0.001447
3040	0.830440	0.000036	0.001254
3041	0.824846	0.001121	0.005353
3042	0.825424	0.001926	0.004340
3043	0.821181	0.000136	0.006414
3044	0.830247	-0.001840	0.003617
3045	0.829668	-0.000595	0.009597
3046	0.827257	-0.001701	0.005787
3047	0.826968	-0.000879	0.010851
3048	0.824267	-0.000653	0.004630
3049	0.820698	-0.001471	0.007909
3050	0.828511	-0.001183	0.004678
3051	0.822338	-0.000257	0.005642
3052	0.824363	0.000655	0.006462
3053	0.820505	0.000101	0.007186
3054	0.816840	0.000157	0.007234
3055	0.820505	0.000347	0.000579
3056	0.819927	-0.000081	0.007571
3057	0.818480	0.000147	0.006510
3058	0.822145	-0.000192	0.011285
3059	0.825231	0.000484	0.015336
3060	0.824846	-0.001283	0.013166
3061	0.826485	-0.002336	0.011912
3062	0.829186	-0.001836	0.011719
3063	0.831887	-0.001240	0.007668
3064	0.822434	0.000632	0.007186
3065	0.821277	0.001814	0.004485
3066	0.816262	-0.000156	0.001495
3067	0.813175	0.001196	-0.000386
3068	0.817515	0.001119	-0.005980
3069	0.812018	0.000219	-0.004051
3070	0.810282	0.000267	-0.007234
3071	0.805941	-0.000828	-0.004533
3072	0.809317	-0.000311	-0.002508
3073	0.801794	-0.001380	-0.008150
3074	0.813175	0.000190	-0.006318
3075	0.818287	0.000037	-0.009018
3076	0.824363	-0.000394	-0.007234
3077	0.826678	-0.000028	-0.007764
3078	0.828897	0.000984	-0.005835
3079	0.831308	-0.001692	-0.005835
3080	0.839410	-0.002116	-0.004292
3081	0.839313	0.000095	-0.003279
3082	0.833430	0.002676	-0.004823
3083	0.834201	0.000299	-0.005739
3084	0.832948	0.001626	-0.004196
3085	0.836323	0.000911	-0.003520
3086	0.842207	0.000501	-0.001206
3087	0.840953	0.000124	-0.001640
3088	0.840374	-0.002326	0.004196
3089	0.834684	-0.001068	-0.005160
3090	0.834201	-0.000014	-0.004871
3091	0.834008	-0.000552	-0.002508
3092	0.834105	-0.000335	-0.003135
3093	0.826871	0.002056	-0.003906
3094	0.820988	0.003248	-0.003231
3095	0.823978	0.000400	-0.004196
3096	0.824942	0.000101	-0.002267
3097	0.833333	0.000857	0.000193
3098	0.833816	0.000383	0.000386
3099	0.833333	0.000407	-0.006125
3100	0.836516	-0.003012	-0.005835
3101	0.836806	-0.003093	-0.006414
3102	0.835841	-0.001012	-0.004919
3103	0.838831	-0.001909	-0.000965
3104	0.833140	-0.002267	-0.000868
3105	0.827160	-0.000718	-0.000145
3106	0.818866	-0.001259	-0.002652
3107	0.834684	-0.002180	0.000241
3108	0.838542	0.000952	0.003954
3109	0.834780	0.000360	0.000145
3110	0.829861	-0.000802	-0.001640
3111	0.828704	0.001534	-0.004630
3112	0.827546	-0.000362	-0.007427
3113	0.828800	-0.000755	-0.005160
3114	0.827257	0.000916	-0.003038
3115	0.822627	0.000431	-0.002701
3116	0.827546	-0.001340	-0.001784
3117	0.829282	-0.002181	-0.002170
3118	0.827643	-0.000794	-0.003424
3119	0.829668	0.002000	-0.000772
3120	0.829765	0.001658	-0.002025
3121	0.828704	0.000868	-0.002604
3122	0.834105	-0.000429	0.000772
3123	0.833430	0.001018	0.000289
3124	0.835359	-0.000569	-0.004292
3125	0.834973	-0.002118	-0.000965
3126	0.840181	0.000590	0.003569
3127	0.836227	-0.000460	-0.000145
3128	0.835262	-0.001046	-0.000048
3129	0.842207	0.000472	-0.001206
3130	0.837095	0.000805	-0.001688
3131	0.833044	0.000436	0.002508
3132	0.834394	-0.000043	0.000868
3133	0.831308	-0.001509	-0.002122
3134	0.828704	-0.002773	-0.003086
3135	0.841049	-0.001043	0.002894
3136	0.846065	-0.000471	-0.001495
3137	0.842689	0.000949	-0.004437
3138	0.844425	0.001709	-0.004533
3139	0.839313	0.001217	-0.007475
3140	0.840664	-0.001299	-0.003569
3141	0.840374	-0.002766	-0.007957
3142	0.840567	-0.003675	-0.006269
3143	0.836130	-0.000974	-0.007716
3144	0.834780	0.001211	-0.006752
3145	0.834201	-0.003194	-0.006028
3146	0.829668	0.001346	-0.008391
3147	0.830922	0.000926	-0.009018
3148	0.833333	0.000993	-0.010079
3149	0.827064	0.001795	-0.006703
3150	0.834684	-0.000372	-0.009886
3151	0.836227	-0.000274	-0.012346
3152	0.833912	0.000207	-0.010754
3153	0.834780	-0.001339	-0.008102
3154	0.832465	-0.001336	-0.007620
3155	0.836420	-0.002755	-0.006559
3156	0.831983	-0.002343	-0.004389
3157	0.835359	-0.000033	-0.001109
3158	0.833526	-0.000316	-0.001399
3159	0.824653	0.001122	-0.000530
3160	0.824460	0.000663	0.006366
3161	0.831694	-0.000553	0.003569
3162	0.828029	0.002605	0.000386
3163	0.825039	0.000082	0.000820
3164	0.827836	0.001231	0.004003
3165	0.827450	0.001297	0.005835
3166	0.825328	-0.000205	0.006752
3167	0.824749	0.000280	0.007041
3168	0.824846	-0.001840	0.004871
3169	0.819734	-0.000433	0.001157
3170	0.820023	0.001550	0.000965
3171	0.827643	0.002302	0.000241
3172	0.826582	0.001295	0.000675
3173	0.827836	0.001102	0.000772
3174	0.828704	0.002511	0.001013
3175	0.835552	0.001739	0.000289
3176	0.832851	0.000330	0.000916
3177	0.837191	0.001177	-0.001881
3178	0.833526	-0.001241	0.002411
3179	0.837867	0.000344	-0.000820
3180	0.834394	0.001099	-0.000675
3181	0.829475	0.001325	0.001881
3182	0.828704	0.000043	0.002122
3183	0.833044	-0.000886	0.004774
3184	0.832369	-0.001879	0.000627
3185	0.829475	-0.000806	-0.001061
3186	0.831308	0.001526	-0.004437
3187	0.828800	0.000506	0.000386
3188	0.831597	0.000003	0.001833
3189	0.831790	-0.001639	0.001061
3190	0.827643	0.000217	0.001254
3191	0.821373	-0.000409	0.003569
3192	0.829282	-0.000807	0.000579
3193	0.828414	0.000174	-0.006028
3194	0.824749	0.001650	0.000193
3195	0.828607	0.000237	-0.001013
3196	0.826678	0.000677	0.001447
3197	0.823110	0.000091	-0.000723
3198	0.824363	0.001666	-0.005498
3199	0.830247	0.000953	-0.003810
3200	0.823978	-0.000414	-0.005015
3201	0.826292	-0.001262	-0.006993
3202	0.823978	0.001150	-0.004485
3203	0.826485	0.000211	-0.001109
3204	0.820891	0.000457	-0.002652
3205	0.820988	0.002109	-0.002942
3206	0.817323	0.000930	-0.001640
3207	0.814043	-0.000359	-0.000096
3208	0.817805	0.000689	0.005305
3209	0.825424	-0.000413	0.004147
3210	0.820891	-0.000263	0.002942
3211	0.822820	-0.001163	-0.002701
3212	0.823688	-0.002091	-0.001206
3213	0.827450	-0.000526	-0.003810
3214	0.827353	-0.000981	0.000000
3215	0.829765	0.000766	-0.000096
3216	0.831211	0.000583	-0.005015
3217	0.827546	0.000700	-0.004726
3218	0.824556	-0.000294	-0.004774
3219	0.826968	0.001819	-0.008247
3220	0.826196	-0.000596	-0.009500
3221	0.823592	0.002307	-0.010079
3222	0.830440	-0.000160	-0.011285
3223	0.821663	-0.000944	-0.010368
3224	0.817901	-0.000086	-0.008488
3225	0.819252	-0.000007	-0.008536
3226	0.826003	-0.000539	-0.005932
3227	0.827450	0.000137	-0.003424
3228	0.823688	-0.000770	-0.004292
3229	0.822820	-0.001551	-0.006318
3230	0.825328	-0.003689	-0.004581
3231	0.829668	0.000487	-0.002701
3232	0.829958	-0.000978	-0.004774
3233	0.836902	-0.001356	-0.005642
3234	0.844522	-0.001028	-0.004919
3235	0.836323	-0.002686	-0.003279
3236	0.836516	0.000528	-0.005160
3237	0.828221	0.003465	-0.001302
3238	0.832079	0.000347	0.000096
3239	0.835262	0.001404	0.000482
3240	0.832851	-0.000884	0.002604
3241	0.833333	0.000242	0.002701
3242	0.835166	0.001435	0.006848
3243	0.835262	0.000668	0.001109
3244	0.843075	0.001308	0.000772
3245	0.842593	-0.002036	0.000965
3246	0.841917	0.000946	0.000193
3247	0.842400	-0.000845	0.002025
3248	0.844522	-0.000294	0.001350
3249	0.838445	0.002278	-0.001881
3250	0.843268	0.000646	-0.001543
3251	0.842593	-0.001771	-0.002074
3252	0.841821	-0.002784	0.001109
3253	0.840471	0.000836	0.002894
3254	0.840760	0.001277	0.006173
3255	0.837384	0.001125	0.006028
3256	0.836034	-0.000275	0.003906
3257	0.831501	-0.000637	0.002990
3258	0.826292	0.000837	-0.001061
3259	0.823013	0.000705	-0.001881
3260	0.821277	-0.000317	0.002363
3261	0.831211	0.001603	0.002411
3262	0.835841	0.004717	0.002267
3263	0.832755	0.001250	0.002990
3264	0.834105	-0.000319	0.001784
3265	0.835262	-0.000085	0.006800
3266	0.832272	0.002263	0.003810
3267	0.837577	0.001498	-0.002942
3268	0.837674	0.000051	0.002701
3269	0.841242	0.000924	0.000916
3270	0.838156	0.001460	-0.004437
3271	0.835552	-0.001195	-0.003617
3272	0.839506	0.000448	-0.003520
3273	0.842110	0.001716	-0.003713
3274	0.842882	0.000434	-0.000289
3275	0.842785	0.000053	0.000723
3276	0.842978	0.002804	0.003713
3277	0.842882	0.001701	0.002363
3278	0.835552	0.002580	-0.000482
3279	0.833719	0.001088	-0.002508
3280	0.833140	0.000998	-0.001399
3281	0.835359	0.000921	-0.000868
3282	0.837867	-0.000374	-0.000627
3283	0.837384	0.002220	-0.002749
3284	0.831211	0.001820	-0.001061
3285	0.832658	-0.000785	-0.003472
3286	0.832079	0.002524	-0.009259
3287	0.826582	0.001288	-0.008729
3288	0.830729	0.000798	-0.008054
3289	0.834201	0.001038	-0.004630
3290	0.840567	0.000135	-0.008343
3291	0.842689	0.001784	-0.006993
3292	0.835552	0.000874	-0.008247
3293	0.843171	0.001439	-0.003617
3294	0.840856	-0.000011	-0.002170
3295	0.843557	0.000635	-0.003279
3296	0.841821	0.000746	-0.005835
3297	0.845872	-0.002477	-0.008295
3298	0.836806	0.001227	-0.008295
3299	0.838831	0.000475	-0.006028
3300	0.837770	0.000185	-0.003617
3301	0.838252	-0.000168	0.000723
3302	0.835359	-0.001329	0.001254
3303	0.832465	-0.000801	-0.007186
3304	0.831211	0.000809	-0.008681
3305	0.832755	0.003041	-0.009838
3306	0.825810	0.000601	-0.002556
3307	0.833237	0.001985	-0.001736
3308	0.826968	0.000970	-0.001109
3309	0.831019	0.000640	-0.002990
3310	0.827257	0.002981	-0.004678
3311	0.831019	-0.000368	-0.003231
3312	0.843364	-0.000766	-0.001640
3313	0.837288	0.000394	-0.001929
3314	0.834780	-0.001341	-0.002652
3315	0.833044	-0.000296	-0.003279
3316	0.828993	-0.000508	-0.000916
3317	0.823399	-0.000912	-0.004051
3318	0.827257	-0.000304	0.000579
3319	0.827836	-0.000886	0.001302
3320	0.827353	-0.000058	0.001543
3321	0.822145	-0.001613	-0.001447
3322	0.824653	-0.000728	0.001640
3323	0.815876	0.001604	0.002122
3324	0.818094	-0.001278	0.002797
3325	0.818094	0.000778	0.003231
3326	0.822242	-0.001045	0.003906
3327	0.830343	0.000831	0.000868
3328	0.828704	-0.000608	0.003183
3329	0.831790	0.000610	-0.001206
3330	0.827546	0.000324	0.004678
3331	0.829379	-0.000998	-0.000096
3332	0.827064	-0.003002	0.003665
3333	0.834008	-0.000647	0.002845
3334	0.831790	-0.001199	0.001399
3335	0.827257	-0.002033	0.003762
3336	0.823881	-0.000749	0.001109
3337	0.824267	0.001941	-0.003424
3338	0.826968	-0.000054	-0.003086
3339	0.829765	-0.000057	-0.004967
3340	0.830826	-0.002012	-0.002508
3341	0.828993	-0.000845	-0.004967
3342	0.829572	0.000682	-0.005257
3343	0.824363	-0.000706	-0.003569
3344	0.827353	-0.000514	-0.002701
3345	0.826485	0.002932	-0.000772
3346	0.828318	0.003042	0.001157
3347	0.823881	0.001406	-0.004340
3348	0.822434	0.000235	-0.004244
3349	0.814718	-0.000884	-0.002363
3350	0.822724	-0.000014	-0.001784
3351	0.831983	0.001885	0.001736
3352	0.828221	-0.000927	0.002894
3353	0.832851	-0.000264	0.002990
3354	0.834394	-0.000653	-0.002363
3355	0.832079	-0.001120	0.004533
3356	0.837674	0.001795	0.002701
3357	0.837288	-0.000486	0.000772
3358	0.833623	-0.000784	0.000241
3359	0.835262	-0.000403	0.000530
3360	0.825521	0.000429	0.002652
3361	0.830440	-0.000422	0.006607
3362	0.825039	0.000808	0.006173
3363	0.826003	0.000148	0.006944
3364	0.824460	0.000263	0.004871
3365	0.826968	0.000716	0.008054
3366	0.827643	-0.000943	0.007861
3367	0.828704	-0.001104	0.008391
3368	0.827257	0.000443	0.005160
3369	0.823592	0.001558	0.002411
3370	0.827064	-0.000711	0.000772
3371	0.832562	0.001410	-0.000289
3372	0.833430	-0.001588	0.005401
3373	0.830054	-0.000139	0.003279
3374	0.830922	-0.001394	-0.000675
3375	0.832465	-0.001523	0.000723
3376	0.830440	-0.000114	0.000579
3377	0.827064	-0.003447	0.000820
3378	0.840567	-0.002501	0.002459
3379	0.840374	0.000810	-0.001447
3380	0.843943	0.000865	0.000145
3381	0.838445	0.001324	0.002942
3382	0.832948	0.002407	0.005160
3383	0.836227	0.000465	0.004678
3384	0.848573	0.002756	0.007571
3385	0.836420	0.000353	0.003906
3386	0.844715	-0.001371	0.003762
3387	0.849344	0.000643	0.000675
3388	0.847415	0.001364	-0.000723
3389	0.846836	-0.001049	-0.000289
3390	0.846547	-0.000568	-0.001784
3391	0.850309	-0.001209	-0.003038
3392	0.842689	-0.001440	-0.004051
3393	0.842207	0.001222	-0.004051
3394	0.843268	0.000529	-0.006462
3395	0.835648	0.000899	-0.000434
3396	0.840374	0.002405	0.001977
3397	0.842303	-0.002343	0.002604
3398	0.835166	-0.000113	0.000627
3399	0.830826	0.000903	0.003086
3400	0.835166	0.000185	0.003424
3401	0.828414	-0.001038	0.005498
3402	0.829958	-0.000824	0.006125
3403	0.827257	0.000104	0.008054
3404	0.826292	-0.000007	0.005353
3405	0.829282	-0.000501	0.004147
3406	0.830440	-0.001401	0.002315
3407	0.834780	-0.000010	0.001640
3408	0.830247	0.000440	-0.002652
3409	0.827739	0.004712	-0.002508
3410	0.833237	0.003122	0.006318
3411	0.835455	0.001621	0.000868
3412	0.842400	0.004159	-0.000386
3413	0.835841	0.001338	0.004774
3414	0.836420	-0.000972	0.005305
3415	0.838349	-0.000712	0.003810
3416	0.830440	0.000618	0.002894
3417	0.830440	0.001107	0.000048
3418	0.835359	0.000642	-0.003328
3419	0.832562	-0.001512	-0.004099
3420	0.830440	-0.002082	-0.006318
3421	0.823592	-0.003568	-0.002797
3422	0.829186	-0.001644	-0.001302
3423	0.829090	-0.001239	-0.001399
3424	0.831115	-0.002293	-0.003328
3425	0.832369	-0.001259	-0.004630
3426	0.831790	-0.000165	-0.003279
3427	0.825617	-0.000727	-0.000096
3428	0.831887	-0.000508	-0.002411
3429	0.824074	-0.000022	-0.002267
3430	0.826968	0.001799	-0.004630
3431	0.829282	0.000906	-0.001833
3432	0.828029	0.000415	-0.002845
3433	0.824653	-0.000855	-0.000820
3434	0.822917	-0.000286	-0.001061
3435	0.827643	0.001221	-0.001929
3436	0.821663	-0.000608	-0.000338
3437	0.823688	0.000055	0.001784
3438	0.820216	-0.000056	0.002074
3439	0.825039	0.000089	0.003038
3440	0.825039	-0.001556	0.003858
3441	0.830054	-0.001489	0.000772
3442	0.826389	0.000304	0.002797
3443	0.826871	0.000026	0.004389
3444	0.836709	0.000716	0.004437
3445	0.835648	0.000411	0.006559
3446	0.831983	-0.002824	0.005160
3447	0.831790	-0.003838	0.005160
3448	0.834201	0.001209	0.005835
3449	0.836516	0.000557	0.005691
3450	0.833237	0.000318	0.008439
3451	0.836034	-0.000071	0.005883
3452	0.835455	0.001070	0.003472
3453	0.827836	-0.000231	-0.001640
3454	0.830440	-0.001924	0.001157
3455	0.830440	0.000134	-0.000916
3456	0.829379	0.000056	0.004003
3457	0.826003	-0.001928	0.004147
3458	0.822724	0.000427	0.001254
3459	0.823110	-0.000853	0.006655
3460	0.820988	-0.001381	0.010176
3461	0.830729	-0.000196	0.007186
3462	0.832465	-0.000849	0.005546
3463	0.825617	0.000566	0.003954
3464	0.828125	0.002377	0.001929
3465	0.829282	0.000211	-0.001977
3466	0.821277	-0.000092	0.002315
3467	0.826389	-0.000885	0.002797
3468	0.823978	0.000670	-0.002459
3469	0.828511	-0.000685	0.000675
3470	0.819637	0.001565	0.003279
3471	0.820216	0.000565	-0.001833
3472	0.822338	0.002354	-0.001881
3473	0.828029	-0.001147	0.000145
3474	0.824074	0.000677	-0.001399
3475	0.827932	0.002602	-0.000096
3476	0.828221	-0.000436	-0.005691
3477	0.837191	0.001778	-0.001543
3478	0.834973	-0.000218	-0.001350
3479	0.831983	-0.001287	-0.003858
3480	0.833044	-0.001326	-0.003135
3481	0.834491	-0.001442	-0.005498
3482	0.831790	-0.000317	-0.007909
3483	0.830440	-0.002447	-0.002894
3484	0.838927	-0.000510	-0.004823
3485	0.837191	-0.004512	-0.002363
3486	0.836227	-0.002847	-0.002122
3487	0.837867	-0.002883	-0.002267
3488	0.839988	-0.000782	0.000916
3489	0.844715	-0.000869	0.001736
3490	0.840471	-0.000453	-0.004823
3491	0.841049	-0.000248	-0.004871
3492	0.840374	-0.001073	0.001013
3493	0.835938	0.000241	-0.001061
3494	0.837191	-0.000868	-0.003520
3495	0.840760	-0.000916	-0.000289
3496	0.837963	-0.000179	-0.003424
3497	0.841242	0.000607	0.000000
3498	0.837481	0.000059	0.000048
3499	0.836902	0.000765	-0.000193
3500	0.837095	0.001001	-0.000916
3501	0.835359	0.002163	-0.000675
3502	0.832369	0.000584	0.000386
3503	0.830150	0.001173	0.002025
3504	0.828511	-0.000792	-0.000723
3505	0.824749	-0.000871	-0.000916
3506	0.827160	-0.000525	-0.000096
3507	0.825424	0.001713	-0.005257
3508	0.830922	0.001011	-0.004871
3509	0.829861	0.001519	-0.007523
3510	0.832176	0.000645	-0.007282
3511	0.827353	0.000525	-0.005883
3512	0.834491	0.001047	-0.003810
3513	0.826582	0.000088	-0.005208
3514	0.820988	-0.000136	-0.003328
3515	0.819541	0.002248	-0.000338
3516	0.820602	-0.000050	0.001977
3517	0.816937	-0.000696	0.003424
3518	0.814718	-0.000132	0.000965
3519	0.812596	0.001078	-0.001688
3520	0.817130	0.000667	0.002749
3521	0.814815	0.001404	0.002459
3522	0.818673	-0.000135	0.006221
3523	0.823495	-0.001262	0.005980
3524	0.831887	-0.004006	0.006366
3525	0.833526	-0.002241	0.007813
3526	0.831597	-0.000125	0.004292
3527	0.837674	-0.001791	-0.000965
3528	0.834491	-0.001513	0.002701
3529	0.827064	-0.000551	0.002701
3530	0.839892	-0.001740	0.004967
3531	0.835841	0.000859	0.002652
3532	0.826196	0.001893	0.001447
3533	0.827739	-0.000018	0.001350
3534	0.832948	0.000222	-0.000772
3535	0.827064	0.000158	0.000434
3536	0.831790	0.000687	0.001206
3537	0.831308	-0.000685	0.002218
3538	0.838542	0.001981	0.005112
3539	0.833623	-0.003199	0.004678
3540	0.831597	-0.001386	0.000241
3541	0.827546	0.000899	0.002508
3542	0.828125	-0.001563	0.000482
3543	0.831115	0.002666	0.000530
3544	0.835359	0.000717	0.002749
3545	0.835552	0.001135	0.002363
3546	0.829958	-0.000160	-0.002218
3547	0.826871	0.000276	-0.002749
3548	0.825907	0.001128	-0.002652
3549	0.826582	-0.000077	0.004485
3550	0.827064	0.000706	-0.000193
3551	0.830150	0.001844	0.001109
3552	0.831501	0.000992	-0.001833
3553	0.831211	-0.001282	-0.002845
3554	0.831887	-0.001746	0.000338
3555	0.831019	0.002248	-0.000965
3556	0.834491	0.001001	0.002459
3557	0.837191	-0.000108	0.000916
3558	0.836227	0.000671	-0.001495
3559	0.834684	0.000589	0.002701
3560	0.834008	0.003044	0.002749
3561	0.828800	0.001090	0.001543
3562	0.827546	0.000436	0.000723
3563	0.828414	0.001548	0.002990
3564	0.824267	-0.000594	0.001013
3565	0.826678	-0.001427	-0.001736
3566	0.824653	-0.000808	-0.003569
3567	0.826871	0.000852	0.001977
3568	0.827739	0.001613	0.000820
3569	0.827064	-0.000728	0.002652
3570	0.827932	0.000837	0.005015
3571	0.827160	0.002638	0.006993
3572	0.831694	-0.000566	0.008632
3573	0.830247	0.002068	0.007041
3574	0.828800	0.002646	0.005449
3575	0.829668	0.000814	0.006559
3576	0.829572	0.000824	0.002556
3577	0.830343	0.001785	-0.002074
3578	0.831115	0.000581	0.002363
3579	0.831597	0.000677	0.000723
3580	0.827257	0.002493	0.004051
3581	0.828125	0.001910	0.003472
3582	0.826582	0.001118	0.001736
3583	0.834491	0.000517	-0.000820
3584	0.836516	0.000924	0.003038
3585	0.834587	-0.000131	-0.002845
3586	0.830922	0.000672	-0.000916
3587	0.823592	-0.000506	-0.002942
3588	0.827739	0.000275	-0.004533
3589	0.828607	-0.001623	-0.005642
3590	0.829475	0.000477	-0.005305
3591	0.831501	0.000492	-0.002508
3592	0.828800	-0.001030	-0.005739
3593	0.828029	-0.001205	-0.004533
3594	0.830729	0.001242	-0.005691
3595	0.830343	0.000336	-0.005498
3596	0.829379	-0.000260	-0.007089
3597	0.827160	0.000522	-0.006414
3598	0.830054	0.000303	-0.007378
3599	0.832948	-0.000383	-0.008488
3600	0.835166	0.001791	-0.009115
3601	0.831694	0.001163	-0.009983
3602	0.834105	0.002187	-0.005932
3603	0.832079	-0.000228	-0.005932
3604	0.830440	-0.000818	-0.002845
3605	0.824653	-0.001362	-0.001013
3606	0.821663	0.000144	-0.001833
3607	0.823495	0.000010	-0.006896
3608	0.826003	0.000032	-0.007620
3609	0.829282	-0.001221	-0.007089
3610	0.826196	-0.000826	-0.005305
3611	0.830247	-0.000677	-0.005353
3612	0.828125	0.000728	-0.006703
3613	0.826871	-0.000268	-0.003617
3614	0.825521	0.000349	-0.001688
3615	0.820120	-0.000155	0.000048
3616	0.825231	-0.000400	0.002170
3617	0.825810	-0.000242	0.002604
3618	0.825328	0.001200	-0.000868
3619	0.826292	-0.000005	0.000675
3620	0.828414	-0.000551	-0.000193
3621	0.830343	-0.002745	-0.002942
3622	0.833623	-0.001198	-0.002942
3623	0.835262	0.000980	0.003472
3624	0.831019	0.000309	0.002652
3625	0.833140	0.003711	0.002652
3626	0.835745	-0.000202	0.003086
3627	0.835648	-0.000551	0.006221
3628	0.837288	-0.001094	0.004678
3629	0.837577	-0.001158	0.001013
3630	0.830054	0.001862	0.002315
3631	0.826003	0.002253	0.003954
3632	0.830536	0.001464	0.003665
3633	0.826389	-0.001150	0.002845
3634	0.824460	-0.002382	0.008488
3635	0.825231	-0.001094	0.004389
3636	0.826100	-0.001623	0.003328
3637	0.819541	-0.002001	0.001061
3638	0.818576	-0.000615	0.002074
3639	0.820602	0.000322	-0.001688
3640	0.820120	-0.001462	-0.003038
3641	0.825810	-0.000811	0.004147
3642	0.825714	0.000473	0.006607
3643	0.830247	0.001464	0.002025
3644	0.833430	0.000159	0.003713
3645	0.831501	-0.001902	0.008005
3646	0.836998	-0.001147	0.006655
3647	0.843075	-0.001354	0.001736
3648	0.842014	0.001051	-0.000338
3649	0.840953	-0.001754	-0.000096
3650	0.842303	-0.001007	-0.002701
3651	0.835552	-0.000248	0.000241
3652	0.836516	-0.001446	-0.001254
3653	0.834008	-0.001816	0.002025
3654	0.831597	-0.000517	0.001736
3655	0.831019	-0.001804	0.000386
3656	0.828607	-0.000336	0.006221
3657	0.823013	-0.000010	-0.000820
3658	0.822338	0.001603	-0.001254
3659	0.814718	0.001422	0.003135
3660	0.817515	0.001070	-0.000868
3661	0.828704	0.001603	-0.004196
3662	0.828607	0.000358	-0.003328
3663	0.831404	0.002405	-0.001640
3664	0.830247	0.000077	-0.003617
3665	0.827932	0.000801	0.002749
3666	0.820216	0.000846	-0.001157
3667	0.826968	0.000480	0.003086
3668	0.822724	-0.000135	0.006462
3669	0.828800	-0.000281	0.006703
3670	0.825907	0.000202	0.002797
3671	0.829668	0.000266	-0.005642
3672	0.835166	0.002101	-0.001591
3673	0.828414	-0.001286	-0.002218
3674	0.824267	0.000380	-0.002315
3675	0.827064	-0.000223	-0.004919
3676	0.829379	0.001926	-0.004437
3677	0.829090	-0.000346	0.004147
3678	0.825521	-0.001202	0.004726
3679	0.824074	-0.001061	0.005546
3680	0.822531	-0.001744	-0.000145
3681	0.827160	0.001427	-0.001206
3682	0.827450	-0.002183	-0.000916
3683	0.823110	0.000768	-0.001929
3684	0.828607	-0.000400	-0.000772
3685	0.826678	0.001016	-0.003038
3686	0.826003	0.001537	-0.002749
3687	0.829958	0.002576	-0.001350
3688	0.829861	0.002125	0.004051
3689	0.830440	0.000743	-0.000772
3690	0.831983	0.001147	-0.003424
3691	0.829572	0.001957	-0.004485
3692	0.832272	-0.000695	-0.000579
3693	0.833333	-0.001415	0.000627
3694	0.839796	-0.001508	-0.002701
3695	0.837674	-0.001222	-0.001350
3696	0.840856	0.002408	0.001447
3697	0.839313	0.002575	0.000530
3698	0.835069	0.001680	-0.001447
3699	0.835069	0.000657	0.004630
3700	0.835166	-0.000826	0.004147
3701	0.835841	0.001289	0.002604
3702	0.833526	-0.000843	0.002942
3703	0.836902	0.000380	0.000965
3704	0.837577	0.000263	-0.002315
3705	0.838927	0.000978	0.000820
3706	0.836516	-0.000334	0.001447
3707	0.832851	-0.000892	0.003472
3708	0.827739	0.000084	0.003231
3709	0.828607	-0.000716	0.003858
3710	0.828897	0.000106	0.005787
3711	0.827546	0.001003	0.007234
3712	0.829186	0.000986	0.010851
3713	0.828029	0.000218	0.010079
3714	0.829186	-0.000646	0.004099
3715	0.824846	-0.000469	0.002508
3716	0.823110	0.001140	0.007330
3717	0.830343	0.000331	0.006752
3718	0.830054	0.002947	0.005739
3719	0.835069	-0.000262	0.005883
3720	0.844232	0.000990	0.004630
3721	0.841146	0.001131	0.007523
3722	0.842110	0.001751	0.004051
3723	0.844039	0.000134	-0.001688
3724	0.844425	0.000305	0.004871
3725	0.845293	-0.000541	0.007764
3726	0.844425	-0.000969	0.009790
3727	0.847897	-0.000480	0.008536
3728	0.844715	0.002772	0.006125
3729	0.842978	0.001424	0.005642
3730	0.841917	0.002040	0.007330
3731	0.841628	0.005138	0.004967
3732	0.846161	0.002365	0.007813
3733	0.843943	-0.000006	0.007186
3734	0.844039	-0.000669	0.005498
3735	0.841242	-0.000572	0.007909
3736	0.838445	0.000245	0.005401
3737	0.840085	0.000684	0.002556
3738	0.841339	0.000781	0.000723
3739	0.843750	0.003472	-0.000530
3740	0.850598	0.001059	0.000482
3741	0.846933	0.005056	0.002749
3742	0.846644	0.003089	-0.001109
3743	0.844522	0.001326	0.000289
3744	0.840953	-0.000445	0.005498
3745	0.836516	-0.000588	0.004196
3746	0.843461	0.000102	0.005015
3747	0.839024	0.000173	0.005739
3748	0.839410	0.002101	0.005257
3749	0.835166	0.000665	0.004823
3750	0.831790	-0.000465	0.006076
3751	0.827546	0.000852	0.004823
3752	0.834008	0.001009	0.001977
3753	0.827450	0.002064	0.005401
3754	0.828414	0.001647	0.005015
3755	0.825617	0.002611	0.000386
3756	0.831887	-0.000155	-0.000048
3757	0.836034	-0.000436	-0.004726
3758	0.833816	-0.000725	-0.008150
3759	0.834201	-0.000065	-0.006993
3760	0.828125	0.000287	-0.005787
3761	0.828414	0.000936	-0.005835
3762	0.830150	0.001005	-0.001640
3763	0.831019	0.001491	0.002845
3764	0.837481	-0.000008	0.002074
3765	0.841725	0.000677	0.003328
3766	0.836323	-0.001379	0.008343
3767	0.835552	-0.000403	0.010031
3768	0.835745	-0.001067	0.009404
3769	0.835745	0.000482	0.005691
3770	0.827643	-0.000121	0.007137
3771	0.830729	0.000746	0.005257
3772	0.830150	0.000397	0.004485
3773	0.832176	-0.000110	0.008439
3774	0.824846	0.000444	0.005932
3775	0.826485	-0.000541	0.010320
3776	0.832948	0.001728	0.011188
3777	0.828414	-0.002696	0.009163
3778	0.837384	-0.000863	0.006510
3779	0.838156	0.002190	0.006076
3780	0.839217	-0.001037	0.004389
3781	0.832562	0.001408	0.000482
3782	0.833333	0.003480	-0.001302
3783	0.829765	0.000428	0.000289
3784	0.834298	0.001377	0.001399
3785	0.828221	0.000191	0.001688
3786	0.831887	-0.001255	-0.002025
3787	0.825907	0.000677	0.000000
3788	0.830729	0.000743	-0.001447
3789	0.831983	0.000188	-0.003762
3790	0.825424	0.000909	-0.005594
3791	0.831308	-0.000856	-0.001495
3792	0.828511	-0.000669	-0.001784
3793	0.828607	-0.001207	-0.003376
3794	0.824556	0.000603	-0.000916
3795	0.825714	0.000200	0.001399
3796	0.830440	0.000857	-0.005691
3797	0.832079	-0.000299	-0.009066
3798	0.828221	0.000914	-0.009500
3799	0.832755	0.000799	-0.004678
3800	0.837867	0.002742	-0.011092
3801	0.839313	0.000319	-0.011044
3802	0.836709	-0.000896	-0.017458
3803	0.839603	0.001236	-0.016686
3804	0.838831	0.001650	-0.015818
3805	0.844425	-0.003195	-0.011574
3806	0.835938	-0.001126	-0.010224
3807	0.842882	-0.000421	-0.010802
3808	0.842882	-0.001776	-0.005787
3809	0.843654	0.000598	-0.006752
3810	0.845583	0.000476	-0.004919
3811	0.846354	-0.001405	-0.006173
3812	0.848187	-0.003619	-0.005208
3813	0.848187	0.001732	-0.005883
3814	0.843171	0.001096	-0.004003
3815	0.843943	-0.001559	-0.007909
3816	0.843750	0.002883	-0.008150
3817	0.842785	0.000815	-0.008970
3818	0.840760	0.000616	-0.007764
3819	0.841435	-0.000336	-0.007813
3820	0.837191	-0.001523	-0.006269
3821	0.834877	-0.000906	-0.001833
3822	0.832755	-0.001977	-0.004196
3823	0.827739	0.002229	-0.005015
3824	0.825039	0.000997	-0.002170
3825	0.829668	0.000792	-0.002363
3826	0.830633	0.000717	-0.003472
3827	0.825907	0.000027	-0.004340
3828	0.825135	0.001191	-0.004967
3829	0.825135	0.001344	-0.007041
3830	0.826389	0.001276	-0.006462
3831	0.826196	-0.000310	-0.004726
3832	0.819927	-0.001254	-0.003520
3833	0.812114	0.000067	-0.002025
3834	0.816840	-0.000957	-0.000627
3835	0.821373	-0.001078	0.004099
3836	0.817226	-0.001678	-0.000627
3837	0.817226	-0.002160	0.000868
3838	0.818673	0.000939	-0.001640
3839	0.820795	0.000916	-0.001833
3840	0.829861	-0.000584	-0.003328
3841	0.830729	-0.001806	-0.004196
3842	0.830536	0.000885	-0.001688
3843	0.832176	-0.001089	0.000868
3844	0.829090	-0.000283	-0.000386
3845	0.832369	0.000011	-0.002074
3846	0.829572	0.001842	-0.000241
3847	0.830536	-0.000048	-0.002508
3848	0.830536	0.001169	-0.000868
3849	0.824460	-0.001373	0.001640
3850	0.828800	0.000961	0.001495
3851	0.836034	0.000298	-0.000289
3852	0.837481	0.000255	-0.005401
3853	0.841242	0.000655	-0.003135
3854	0.837674	-0.000724	0.000916
3855	0.840085	0.001442	-0.001399
3856	0.835455	0.000411	-0.000193
3857	0.832176	0.001822	0.001784
3858	0.832755	0.000735	0.003231
3859	0.835745	0.004709	0.002942
3860	0.831501	0.002219	0.004051
3861	0.828704	0.001487	0.004774
3862	0.828800	0.000555	0.000579
3863	0.825231	0.001439	0.001013
3864	0.824749	-0.000712	-0.004630
3865	0.830633	-0.000551	0.000338
3866	0.830440	-0.001920	0.002604
3867	0.827064	0.001284	0.001061
3868	0.832851	-0.000362	-0.001447
3869	0.836709	0.001692	0.001447
3870	0.836323	-0.002034	-0.002942
3871	0.831115	-0.000988	0.000723
3872	0.833237	-0.002234	-0.002749
3873	0.835262	-0.003359	-0.001254
3874	0.836130	-0.003007	0.002218
3875	0.827160	-0.001337	-0.002363
3876	0.821566	-0.000548	0.001929
3877	0.826003	-0.000124	0.003086
3878	0.825231	0.000050	-0.001109
3879	0.825521	-0.001066	-0.000434
3880	0.823785	-0.001619	0.000772
3881	0.825521	0.000411	-0.001688
3882	0.828125	0.000662	0.000530
3883	0.820988	0.000770	-0.004003
3884	0.822724	0.000635	0.000482
3885	0.817998	-0.000523	-0.002556
3886	0.821470	0.000220	-0.004581
3887	0.825521	-0.001028	-0.004003
3888	0.822531	0.001147	-0.004871
3889	0.824653	0.002822	-0.002459
3890	0.820891	0.000645	-0.004196
3891	0.822820	0.002080	-0.004967
3892	0.820216	-0.000337	-0.001543
3893	0.820505	-0.000710	-0.000434
3894	0.816454	-0.000230	-0.003279
3895	0.818383	0.000802	0.002845
3896	0.815683	0.001071	-0.004581
3897	0.829475	0.000538	-0.009115
3898	0.829090	0.001193	-0.007041
3899	0.825810	0.000350	-0.007861
3900	0.827546	-0.000202	-0.008102
3901	0.827450	0.000249	-0.008584
3902	0.828897	-0.000593	-0.006462
3903	0.832755	-0.002101	-0.006944
3904	0.836613	-0.001268	-0.009983
3905	0.837770	-0.003895	-0.010176
3906	0.835552	-0.002748	-0.007186
3907	0.836998	-0.002989	-0.005353
3908	0.836613	-0.002569	-0.010320
3909	0.828607	-0.000359	-0.005305
3910	0.830054	0.000426	-0.002894
3911	0.834394	0.001270	-0.002025
3912	0.830922	0.001918	-0.001013
3913	0.832562	0.002008	-0.000916
3914	0.834973	-0.000755	-0.000096
3915	0.838927	-0.001052	-0.001881
3916	0.836902	-0.000506	-0.009018
3917	0.833526	-0.000921	-0.007668
3918	0.830633	-0.000222	-0.001833
3919	0.829282	0.001677	-0.004630
3920	0.828221	-0.000037	-0.002074
3921	0.828704	0.003410	-0.002218
3922	0.830729	0.000796	0.000193
3923	0.827450	0.002016	-0.001591
3924	0.825617	0.000880	-0.002749
3925	0.829668	-0.000852	-0.008150
3926	0.831983	-0.001146	-0.003569
3927	0.830054	-0.001444	-0.002170
3928	0.828318	0.000987	-0.004196
3929	0.831019	-0.001541	-0.003906
3930	0.826196	0.000665	-0.001157
3931	0.825810	-0.001175	-0.000193
3932	0.831308	-0.002229	0.001977
3933	0.831404	-0.001523	0.003810
3934	0.839024	0.001108	0.003520
3935	0.838349	0.000381	0.006366
3936	0.834105	-0.000753	0.002122
3937	0.836323	0.000240	0.006848
3938	0.830922	0.000499	0.009886
3939	0.831308	0.000923	0.009356
3940	0.834008	0.000795	0.004630
3941	0.834491	-0.001552	0.006269
3942	0.835069	-0.000498	0.008488
3943	0.830247	-0.000798	0.009259
3944	0.823206	0.000167	0.010802
3945	0.829668	-0.001038	0.012539
3946	0.833140	-0.001367	0.012683
3947	0.836034	-0.001579	0.005739
3948	0.834394	-0.001526	0.007909
3949	0.839217	-0.000427	0.005594
3950	0.840278	0.000279	0.007137
3951	0.844715	0.000469	0.005064
3952	0.840856	-0.000013	0.007378
3953	0.836902	-0.000565	0.009452
3954	0.834780	0.000814	0.007427
3955	0.833044	0.000441	0.004485
3956	0.832755	0.000379	0.004967
3957	0.834394	-0.000449	0.005739
3958	0.826485	0.000763	0.002459
3959	0.829282	0.001785	0.002701
3960	0.830536	0.000217	0.002363
3961	0.828029	0.000370	0.004485
3962	0.825328	-0.000201	0.000289
3963	0.825424	-0.000647	-0.000916
3964	0.825231	-0.000490	0.002556
3965	0.823206	-0.001575	0.005401
3966	0.824846	0.000668	0.004871
3967	0.826003	0.001385	0.004196
3968	0.829668	0.000713	0.004967
3969	0.828221	-0.000750	0.000965
3970	0.820698	0.001289	0.002411
3971	0.816069	0.000552	0.003086
3972	0.821373	-0.000414	0.001543
3973	0.816937	-0.000766	0.003762
3974	0.818383	0.001128	0.000241
3975	0.811921	0.000686	0.002604
3976	0.813561	-0.000883	0.001350
3977	0.820795	-0.001274	0.001109
3978	0.816454	-0.001227	0.003762
3979	0.818962	-0.000912	0.003231
3980	0.822242	-0.001031	0.001591
3981	0.822917	0.000958	0.002122
3982	0.829668	-0.000194	-0.003858
3983	0.831115	0.000577	-0.006366
3984	0.827546	-0.000902	-0.003617
3985	0.825135	0.000353	-0.004726
3986	0.834587	-0.000195	-0.006993
3987	0.845486	-0.001321	-0.007523
3988	0.845679	-0.002283	-0.008970
3989	0.841049	-0.001746	-0.005594
3990	0.839506	-0.002014	-0.006607
3991	0.844232	-0.003492	-0.009790
3992	0.838638	-0.000090	-0.007957
3993	0.836420	-0.000655	-0.007186
3994	0.839410	0.001159	-0.005594
3995	0.836420	0.002145	-0.002749
3996	0.834201	0.001395	-0.006125
3997	0.831404	-0.001583	-0.002267
3998	0.833816	-0.001205	-0.000772
3999	0.834008	0.000027	-0.001833
4000	0.838638	-0.000698	0.003424
4001	0.835359	0.001771	0.002652
4002	0.827546	-0.001114	0.003279
4003	0.828221	0.001275	-0.003424
4004	0.837095	-0.000015	-0.005353
4005	0.834877	0.000705	0.000096
4006	0.826100	-0.001223	-0.000482
4007	0.832465	-0.002713	-0.000579
4008	0.840760	-0.001009	-0.002845
4009	0.833912	-0.000209	-0.002942
4010	0.834394	0.000203	-0.008343
4011	0.832562	-0.001190	-0.002315
4012	0.833140	0.000679	-0.004581
4013	0.834394	-0.000229	-0.006510
4014	0.835648	0.001516	-0.005401
4015	0.832369	0.000181	-0.002845
4016	0.832369	-0.002413	-0.006800
4017	0.826678	-0.000786	-0.007764
4018	0.826196	0.000115	-0.005787
4019	0.818094	0.000112	-0.006510
4020	0.818673	-0.001911	-0.006510
4021	0.819830	-0.001358	-0.003569
4022	0.824749	0.000301	-0.000868
4023	0.823013	0.000076	-0.006173
4024	0.828414	-0.002079	-0.006848
4025	0.824556	-0.001612	-0.008247
4026	0.828029	0.001036	-0.006607
4027	0.824556	-0.000540	-0.007716
4028	0.829475	-0.000394	-0.007234
4029	0.834973	0.001094	-0.005739
4030	0.833719	-0.000109	-0.002122
4031	0.837867	-0.000777	-0.004099
4032	0.837867	-0.000337	-0.004678
4033	0.838638	0.001735	-0.003038
4034	0.839217	0.001616	-0.004630
4035	0.841049	-0.001013	-0.005980
4036	0.841725	-0.001454	-0.004244
4037	0.840856	-0.001126	-0.004340
4038	0.839313	-0.000598	-0.004967
4039	0.839506	-0.000547	-0.002218
4040	0.836806	-0.001718	-0.008777
4041	0.832369	-0.000288	-0.004774
4042	0.828607	0.001501	-0.002459
4043	0.833623	0.001852	0.001543
4044	0.828414	0.000917	0.002894
4045	0.825810	0.001737	0.002701
4046	0.825907	0.001647	0.004581
4047	0.822145	0.001034	0.002652
4048	0.825907	0.001653	0.001736
4049	0.824846	0.001518	0.003183
4050	0.821373	0.003057	0.004967
4051	0.821373	0.001304	0.005160
4052	0.821181	0.000014	0.006896
4053	0.820313	-0.000343	0.005932
4054	0.821856	-0.001463	0.005449
4055	0.824171	-0.000838	0.005739
4056	0.823399	-0.000649	0.004340
4057	0.819444	-0.000220	0.002701
4058	0.823592	-0.000620	0.003231
4059	0.823302	-0.000862	0.001302
4060	0.823302	0.001813	-0.003520
4061	0.817998	-0.001033	-0.002363
4062	0.818673	-0.000407	0.000241
4063	0.820891	0.000540	0.003424
4064	0.827353	0.001215	0.005353
4065	0.825039	-0.000549	0.003183
4066	0.827257	-0.001294	0.006944
4067	0.830343	-0.002170	0.006559
4068	0.829668	-0.000268	0.004051
4069	0.826100	0.001408	0.002652
4070	0.828511	-0.001694	0.004340
4071	0.829186	0.001729	0.005112
4072	0.829379	0.000830	-0.001302
4073	0.827546	0.000502	-0.003086
4074	0.828221	0.002170	-0.001784
4075	0.829379	0.001034	-0.004244
4076	0.830633	0.002015	-0.006752
4077	0.829475	-0.001389	-0.001543
4078	0.827932	0.000929	-0.003617
4079	0.832369	-0.001182	-0.003665
4080	0.829861	-0.000653	0.000772
4081	0.831211	-0.000963	-0.001929
4082	0.831115	-0.002918	0.000289
4083	0.834394	-0.000078	-0.002315
4084	0.834298	-0.000794	0.000145
4085	0.828704	0.000694	-0.002170
4086	0.823785	-0.000158	-0.000338
4087	0.834587	0.000123	-0.003472
4088	0.833140	-0.002991	-0.001688
4089	0.835552	0.000388	-0.001013
4090	0.835455	-0.001031	-0.005160
4091	0.835166	0.000279	-0.004919
4092	0.836323	0.001887	-0.007523
4093	0.842014	0.001138	-0.003713
4094	0.840567	0.002976	-0.005546
4095	0.835166	0.002738	-0.005015
4096	0.830343	0.002421	-0.004630
4097	0.821181	-0.000231	-0.004340
4098	0.824171	-0.000894	-0.001688
4099	0.826582	-0.000358	-0.002122
4100	0.828318	-0.000539	-0.000965
4101	0.837481	0.000571	-0.003954
4102	0.834877	0.000168	-0.007330
4103	0.839699	0.001966	-0.008391
4104	0.844425	-0.001117	-0.014323
4105	0.837674	0.001521	-0.016397
4106	0.836227	-0.001912	-0.013985
4107	0.834008	-0.001024	-0.014419
4108	0.833816	-0.001695	-0.011671
4109	0.831887	-0.001023	-0.008729
4110	0.828221	-0.000536	-0.005208
4111	0.830440	-0.001511	-0.010272
4112	0.830826	0.000334	-0.008584
4113	0.825907	-0.001293	-0.005835
4114	0.828221	-0.000963	-0.007716
4115	0.832658	0.002143	-0.004389
4116	0.832755	0.001188	0.000145
4117	0.832755	-0.001616	0.000916
4118	0.835552	-0.000526	-0.001495
4119	0.829475	-0.000803	-0.001109
4120	0.826871	-0.000796	-0.000145
4121	0.826389	-0.002991	0.003906
4122	0.834394	0.000792	0.001302
4123	0.831790	0.000903	0.006366
4124	0.836130	0.001459	0.003713
4125	0.840181	0.000462	0.004147
4126	0.836998	0.000988	0.004051
4127	0.836902	0.000739	0.001399
4128	0.840471	0.000474	0.003713
4129	0.832755	0.000711	0.001254
4130	0.837191	0.002988	0.000916
4131	0.833912	0.000698	0.004051
4132	0.825810	-0.000477	0.001206
4133	0.832272	0.000690	0.000000
4134	0.834105	0.002876	-0.000289
4135	0.831790	0.002434	0.003279
4136	0.831694	-0.000438	0.001977
4137	0.834684	0.000325	0.000530
4138	0.830247	-0.000130	0.001495
4139	0.831887	0.002499	0.005449
4140	0.830536	0.001810	0.002411
4141	0.829282	0.002745	0.002074
4142	0.837191	0.002204	0.000193
4143	0.837191	0.001657	0.003954
4144	0.831501	0.001302	0.006752
4145	0.827739	0.000553	0.005353
4146	0.823881	0.001548	0.002267
4147	0.827160	-0.000127	0.005546
4148	0.826389	-0.000843	0.005015
4149	0.819348	-0.000484	0.006607
4150	0.817708	0.001326	0.007378
4151	0.822917	0.002075	0.004919
4152	0.818287	0.001268	0.008681
4153	0.827064	-0.001605	0.005594
4154	0.827932	0.000177	0.008343
4155	0.832079	0.000399	0.003328
4156	0.834780	-0.000704	0.008102
4157	0.839217	-0.000557	0.006510
4158	0.830633	0.000100	0.005112
4159	0.821759	0.001158	0.007089
4160	0.818191	0.001850	0.006366
4161	0.825424	-0.001234	0.008102
4162	0.829186	-0.000737	0.004485
4163	0.828125	0.001114	0.002315
4164	0.834491	0.001510	0.000627
4165	0.824171	-0.001364	0.007378
4166	0.830729	-0.000807	0.008150
4167	0.823688	0.000583	0.007861
4168	0.821566	0.001638	0.007330
4169	0.813561	0.002012	0.002025
4170	0.818191	0.001651	-0.000482
4171	0.820313	-0.001344	-0.001206
4172	0.827257	-0.001183	0.004967
4173	0.829475	-0.001328	0.002990
4174	0.828511	-0.000243	0.005305
4175	0.822820	0.000239	0.000338
4176	0.825907	-0.000883	0.003617
4177	0.825135	0.000437	-0.002411
4178	0.823785	0.000599	-0.001929
4179	0.828800	0.000776	0.001495
4180	0.829668	-0.000466	-0.001061
4181	0.828993	-0.002309	0.000145
4182	0.827643	-0.000776	-0.000530
4183	0.831694	0.001414	-0.000096
4184	0.836516	0.000092	-0.001109
4185	0.831694	-0.002592	-0.001833
4186	0.830729	-0.001784	-0.001929
4187	0.834684	0.000861	-0.003231
4188	0.829572	-0.000390	-0.004051
4189	0.835841	-0.000249	-0.006269
4190	0.831019	-0.001234	-0.005160
4191	0.831308	0.001334	-0.005642
4192	0.829958	0.001525	-0.006752
4193	0.830054	-0.000864	-0.007378
4194	0.827739	0.000530	-0.004967
4195	0.822820	0.001029	-0.001543
4196	0.832948	0.000245	-0.002894
4197	0.827932	0.002946	-0.002894
4198	0.832755	0.002056	0.000386
4199	0.836998	0.000704	0.001784
4200	0.841435	0.003560	0.000482
4201	0.839892	0.002413	-0.000048
4202	0.836516	-0.000339	0.003183
4203	0.837288	0.001131	-0.001206
4204	0.835938	-0.001068	-0.001543
4205	0.837770	0.000713	-0.000916
4206	0.837577	0.003150	-0.005353
4207	0.836034	0.002147	-0.004726
4208	0.836323	-0.002406	-0.005449
4209	0.832562	-0.001213	-0.006800
4210	0.825328	0.000112	-0.006076
4211	0.825424	-0.001545	-0.004774
4212	0.824846	0.000951	-0.003424
4213	0.829668	0.000550	-0.004389
4214	0.835648	0.000531	-0.006221
4215	0.832079	0.001322	-0.002604
4216	0.828414	0.000488	-0.002894
4217	0.827064	-0.001249	-0.006076
4218	0.831790	0.000320	-0.004196
4219	0.829282	-0.000469	-0.005449
4220	0.825231	0.001116	-0.005112
4221	0.826100	0.001210	-0.000820
4222	0.830922	0.000849	-0.003135
4223	0.828511	-0.001666	-0.005642
4224	0.826968	-0.003047	-0.002218
4225	0.829475	-0.000232	0.001350
4226	0.827160	-0.003158	-0.000820
4227	0.819444	-0.000633	-0.000820
4228	0.818287	-0.000101	-0.001833
4229	0.816744	-0.000265	-0.000868
4230	0.814622	0.000421	0.001543
4231	0.809414	0.000415	0.003038
4232	0.808160	0.000765	0.000386
4233	0.813657	-0.000313	-0.002122
4234	0.820698	0.000523	-0.002652
4235	0.821373	0.000640	0.000193
4236	0.822145	-0.000608	-0.003520
4237	0.829186	-0.000188	-0.002845
4238	0.822724	0.000612	-0.008488
4239	0.818866	-0.000120	-0.005932
4240	0.820023	-0.000344	-0.004967
4241	0.816840	-0.000227	-0.005980
4242	0.823592	-0.000951	-0.008198
4243	0.823206	-0.000611	-0.012056
4244	0.825328	0.000138	-0.011526
4245	0.823881	0.001140	-0.007378
4246	0.828125	0.001029	-0.011912
4247	0.822049	0.001395	-0.010031
4248	0.823785	-0.000667	-0.009983
4249	0.826968	-0.000476	-0.009452
4250	0.827450	0.001592	-0.008873
4251	0.831694	0.001395	-0.003520
4252	0.823302	0.002773	-0.004147
4253	0.825424	0.002217	-0.004147
4254	0.835455	0.002501	-0.000338
4255	0.835455	0.001201	0.002652
4256	0.836323	0.002201	-0.000868
4257	0.835166	0.001353	-0.001688
4258	0.832948	0.000035	-0.001784
4259	0.833333	-0.001384	-0.000916
4260	0.821470	0.000142	-0.002942
4261	0.825907	0.001127	0.000241
4262	0.830633	0.000961	0.003569
4263	0.833140	0.000077	-0.000627
4264	0.835166	-0.003135	0.000241
4265	0.829765	0.001118	-0.001157
4266	0.829861	-0.000983	-0.001399
4267	0.834008	0.000783	-0.004919
4268	0.828704	-0.001593	-0.001543
4269	0.824653	-0.001356	-0.003472
4270	0.832176	-0.001477	-0.002556
4271	0.835745	-0.000341	-0.004196
4272	0.835069	-0.001869	0.001206
4273	0.831790	-0.001819	0.000048
4274	0.837095	-0.004984	0.001254
4275	0.839603	-0.003607	0.005642
4276	0.836806	0.001385	0.004292
4277	0.844811	-0.001845	-0.000048
4278	0.843654	0.000813	-0.003713
4279	0.848380	0.000526	-0.003376
4280	0.850116	0.000151	-0.003858
4281	0.850116	-0.001750	-0.002652
4282	0.850887	-0.000965	-0.003665
4283	0.847126	-0.001581	-0.003569
4284	0.844618	0.002354	-0.003713
4285	0.841435	0.000105	-0.005739
4286	0.831501	0.001039	-0.002218
4287	0.829379	0.000333	-0.004485
4288	0.832948	0.000947	-0.004678
4289	0.839217	-0.000355	-0.002508
4290	0.838252	-0.001429	-0.000772
4291	0.831308	0.000392	-0.004196
4292	0.828607	0.000097	-0.002749
4293	0.831019	-0.000249	-0.007813
4294	0.830440	0.001568	-0.005546
4295	0.836420	-0.001152	-0.004823
4296	0.842207	-0.000664	0.000434
4297	0.836420	-0.000247	-0.003569
4298	0.836998	-0.001236	-0.002025
4299	0.835166	-0.000901	0.001254
4300	0.834877	-0.002042	0.001833
4301	0.837963	-0.000971	0.000338
4302	0.841242	0.001767	-0.000096
4303	0.840567	0.000107	-0.000627
4304	0.842014	-0.000722	0.002701
4305	0.841242	0.000072	0.003328
4306	0.841339	0.002496	0.003954
4307	0.842785	0.002177	0.001302
4308	0.844715	0.000093	0.000434
4309	0.847608	0.000638	0.002025
4310	0.842882	0.003098	0.000241
4311	0.839120	0.001605	-0.000675
4312	0.835938	-0.000355	-0.006366
4313	0.828897	0.001488	-0.007089
4314	0.829475	-0.001143	-0.004774
4315	0.828897	-0.001560	-0.003183
4316	0.830054	-0.001925	-0.000193
4317	0.829282	0.001267	-0.001784
4318	0.829090	-0.000339	0.001109
4319	0.828704	-0.000888	-0.003520
4320	0.832755	0.000876	-0.004533
4321	0.828414	0.002470	-0.003617
4322	0.829765	0.001776	-0.002894
4323	0.833430	-0.001387	-0.005498
4324	0.830633	0.002081	-0.004051
4325	0.828221	0.000604	-0.001640
4326	0.832079	0.001693	-0.000434
4327	0.829379	0.000917	0.001254
4328	0.823110	0.001657	0.001013
4329	0.827932	0.001442	-0.000868
4330	0.830054	-0.000786	-0.001977
4331	0.825907	0.000146	-0.005594
4332	0.827257	0.000268	-0.005642
4333	0.827064	-0.000406	-0.009983
4334	0.831019	0.002157	-0.008198
4335	0.835455	-0.000960	-0.003472
4336	0.834973	-0.001181	-0.006462
4337	0.821856	-0.001172	-0.007041
4338	0.823978	-0.000485	-0.005160
4339	0.826389	-0.000339	-0.009066
4340	0.825328	-0.001865	-0.005112
4341	0.826292	-0.001630	-0.009693
4342	0.828511	-0.003102	-0.006848
4343	0.826196	0.000539	-0.009211
4344	0.819541	-0.000869	-0.009693
4345	0.821277	0.000364	-0.009934
4346	0.825231	-0.000821	-0.011478
4347	0.823206	0.000052	-0.006944
4348	0.822820	0.000698	-0.006125
4349	0.824653	-0.000679	-0.008970
4350	0.830247	-0.002062	-0.006414
4351	0.832176	-0.000203	-0.005498
4352	0.837963	-0.001352	-0.006125
4353	0.829765	-0.000452	-0.003665
4354	0.826871	0.000723	-0.008632
4355	0.825907	-0.000685	-0.009018
4356	0.826678	-0.000064	-0.010465
4357	0.824363	-0.000437	-0.008970
4358	0.825328	-0.001985	-0.011526
4359	0.830343	-0.000674	-0.005305
4360	0.828511	-0.001138	-0.007234
4361	0.823302	-0.000050	-0.007234
4362	0.823013	0.000092	-0.009500
4363	0.826196	-0.000173	-0.007861
4364	0.833333	0.000720	-0.006173
4365	0.824460	0.000129	-0.004099
4366	0.823013	0.000835	-0.002508
4367	0.819155	0.000646	-0.001302
4368	0.827353	0.001376	0.001061
4369	0.822242	-0.000043	-0.002074
4370	0.823688	0.000934	-0.001350
4371	0.827643	-0.000795	0.001736
4372	0.828221	0.000380	0.006462
4373	0.826485	0.001646	0.007282
4374	0.827257	-0.000557	0.007957
4375	0.826003	-0.000735	0.003713
4376	0.819252	-0.000753	0.001640
4377	0.816551	0.000520	0.001881
4378	0.811535	0.000768	0.002508
4379	0.821373	0.000516	0.001061
4380	0.820602	0.000885	0.000338
4381	0.821952	-0.000071	0.002894
4382	0.814525	-0.000433	0.003135
4383	0.822338	-0.001242	0.002122
4384	0.811246	-0.000506	0.001736
4385	0.809510	0.000131	-0.002797
4386	0.801601	-0.000764	-0.002701
4387	0.810571	0.000157	0.001109
4388	0.809703	-0.000498	0.002894
4389	0.811825	0.001188	0.001688
4390	0.815297	-0.000160	0.002604
4391	0.815297	-0.000462	-0.000482
4392	0.810764	0.000640	0.001929
4393	0.811632	-0.000574	0.007282
4394	0.818576	0.000297	0.012297
4395	0.820891	-0.000108	0.007041
4396	0.820023	-0.001512	0.011622
4397	0.818769	-0.000589	0.006703
4398	0.828221	-0.000080	0.007668
4399	0.823013	-0.001434	0.005160
4400	0.827064	-0.002558	0.010513
4401	0.833623	-0.000477	0.012828
4402	0.836806	0.000331	0.011960
4403	0.832948	0.001337	0.010320
4404	0.830536	0.002424	0.004147
4405	0.832755	0.000552	0.002170
4406	0.833719	0.001706	0.003617
4407	0.834008	0.000212	0.000675
4408	0.834105	-0.001468	0.002074
4409	0.831115	-0.000213	-0.000096
4410	0.826775	0.001354	-0.004823
4411	0.826485	0.001491	-0.004533
4412	0.828704	-0.003169	-0.005257
4413	0.821277	-0.000589	-0.000193
4414	0.826292	-0.001400	-0.000627
4415	0.828414	0.000058	-0.000675
4416	0.833719	-0.000112	-0.004147
4417	0.831404	-0.000131	-0.004003
4418	0.833623	0.001171	0.000338
4419	0.834973	0.001217	-0.005883
4420	0.837674	0.000772	-0.007186
4421	0.836323	0.000447	-0.006269
4422	0.841725	0.001107	-0.005787
4423	0.838927	0.002293	-0.006848
4424	0.840856	0.000799	-0.005883
4425	0.847126	0.001041	-0.008922
4426	0.842689	0.003908	-0.008343
4427	0.846644	0.000569	-0.007089
4428	0.843461	0.001415	-0.004630
4429	0.844039	-0.000443	-0.003810
4430	0.844136	-0.000030	-0.002459
4431	0.840567	-0.000476	-0.006752
4432	0.849055	0.001317	-0.005883
4433	0.845293	0.002244	-0.000868
4434	0.843268	0.001769	0.001784
4435	0.848090	-0.000940	0.000675
4436	0.835841	-0.000656	-0.000772
4437	0.837577	-0.000872	0.003231
4438	0.836034	0.000829	0.008391
4439	0.837191	-0.000566	0.007186
4440	0.832562	0.001625	0.009018
4441	0.831790	-0.001069	0.007668
4442	0.832658	0.001699	0.007957
4443	0.834298	0.000314	0.007764
4444	0.833623	0.000749	0.003617
4445	0.830247	0.000012	0.003231
4446	0.834394	0.000334	0.002556
4447	0.835841	-0.001720	0.000386
4448	0.838349	-0.001602	-0.002267
4449	0.834587	0.000026	-0.004726
4450	0.838445	-0.001720	-0.006414
4451	0.835648	-0.001579	-0.004678
4452	0.840471	-0.002749	-0.003183
4453	0.841725	-0.001787	-0.004871
4454	0.838059	0.001713	-0.006993
4455	0.836323	0.002553	-0.003086
4456	0.833526	-0.000388	-0.005835
4457	0.832948	-0.000507	-0.005594
4458	0.829090	-0.000819	-0.002652
4459	0.830826	0.001144	-0.005257
4460	0.827836	0.000298	-0.002990
4461	0.829765	0.000195	-0.005353
4462	0.829090	0.001622	-0.001977
4463	0.834008	0.002375	-0.005401
4464	0.829668	0.002181	-0.004147
4465	0.837288	0.000192	-0.003520
4466	0.834105	0.002177	-0.002604
4467	0.833044	0.000850	-0.003183
4468	0.835069	0.001474	-0.001977
4469	0.839988	0.000185	0.005498
4470	0.844425	-0.001467	0.002749
4471	0.836998	-0.000062	0.002652
4472	0.835359	-0.001119	0.003858
4473	0.836998	0.001058	0.004678
4474	0.832465	0.001899	0.006173
4475	0.827739	-0.000199	0.003472
4476	0.833719	0.000571	0.005112
4477	0.824556	-0.000388	0.002749
4478	0.817901	0.000906	0.001640
4479	0.812886	0.001890	0.003617
4480	0.806906	-0.000380	0.003472
4481	0.816454	0.000713	0.003665
4482	0.819830	-0.000762	0.000627
4483	0.820120	-0.001908	0.003569
4484	0.825135	0.001093	0.002218
4485	0.823688	-0.000283	0.001109
4486	0.827353	0.001515	0.001254
4487	0.826871	0.000728	0.002749
4488	0.819252	-0.000289	-0.001109
4489	0.824653	-0.001653	0.001833
4490	0.829282	-0.001261	0.001157
4491	0.830633	-0.002502	0.001061
4492	0.828125	-0.001057	0.002749
4493	0.827836	-0.000112	-0.000145
4494	0.827546	0.001926	0.002990
4495	0.826582	0.000111	0.004389
4496	0.824171	-0.000620	0.007861
4497	0.831887	0.000946	0.000723
4498	0.828800	-0.001403	0.003762
4499	0.835262	-0.002698	0.003183
4500	0.835069	-0.001762	0.004244
4501	0.829475	-0.001337	0.004919
4502	0.829765	0.001303	0.002411
4503	0.825424	0.000101	0.004533
4504	0.829572	-0.000297	0.005932
4505	0.827643	-0.001745	0.002508
4506	0.820602	0.000057	0.000820
4507	0.819444	-0.000144	0.000627
4508	0.822242	-0.000460	0.000096
4509	0.826968	-0.001280	-0.001736
4510	0.823592	0.001061	-0.003086
4511	0.826003	0.000520	-0.001399
4512	0.825810	-0.000006	-0.003762
4513	0.824074	-0.001102	-0.005932
4514	0.830150	0.000091	-0.004485
4515	0.830054	0.000359	-0.002604
4516	0.831019	0.000868	-0.005112
4517	0.827257	0.003104	-0.002701
4518	0.826582	-0.000578	-0.003665
4519	0.822627	-0.000540	-0.005064
4520	0.827064	0.001421	-0.004726
4521	0.828414	0.001245	-0.006944
4522	0.830440	0.000025	-0.003376
4523	0.834780	0.000142	-0.003135
4524	0.833526	0.002466	-0.000241
4525	0.838735	-0.001481	-0.002749
4526	0.832272	-0.000721	-0.003762
4527	0.840278	0.000769	-0.003472
4528	0.838927	0.000681	-0.004485
4529	0.835069	0.001314	-0.005642
4530	0.828607	0.000964	0.000241
4531	0.832658	0.000597	0.003231
4532	0.833140	-0.001674	0.002459
4533	0.829765	-0.001322	0.000048
4534	0.838349	0.002703	0.001350
4535	0.840471	0.001664	0.002170
4536	0.834491	0.001587	0.000579
4537	0.836709	0.000901	-0.001640
4538	0.830150	0.001876	-0.001543
4539	0.825328	0.000903	-0.005208
4540	0.835069	-0.001222	-0.003038
4541	0.832369	0.000242	-0.005257
4542	0.842785	-0.000521	-0.009742
4543	0.848573	0.000763	-0.007234
4544	0.845486	0.000665	-0.004678
4545	0.839603	0.002109	-0.003231
4546	0.838252	-0.000126	-0.002990
4547	0.836806	0.000023	-0.003086
4548	0.836806	0.001771	0.001302
4549	0.833623	0.001076	0.001640
4550	0.830922	0.000997	0.001543
4551	0.830729	0.001145	-0.000338
4552	0.830440	-0.000428	-0.001447
4553	0.825328	-0.001973	0.000434
4554	0.825810	-0.001080	-0.000145
4555	0.833719	-0.002131	-0.000675
4556	0.833333	-0.000192	0.000241
4557	0.831790	-0.001157	0.000289
4558	0.831308	-0.001316	-0.000530
4559	0.833623	0.000955	-0.001350
4560	0.834780	0.000663	-0.000627
4561	0.840471	-0.000626	-0.002845
4562	0.835359	0.000350	-0.003183
4563	0.834298	-0.000199	-0.003231
4564	0.836516	-0.000840	-0.001784
4565	0.836902	-0.001773	-0.002797
4566	0.838156	0.001651	-0.004244
4567	0.837288	0.001777	0.004581
4568	0.840085	0.002395	0.002411
4569	0.840181	0.000298	0.007041
4570	0.836034	0.004550	0.000145
4571	0.835069	0.001074	-0.001157
4572	0.834201	0.004303	-0.002990
4573	0.843846	0.006264	-0.002411
4574	0.839699	0.003508	-0.002267
4575	0.837674	-0.001450	-0.001977
4576	0.838349	0.000950	0.002508
4577	0.839796	-0.000033	0.000000
4578	0.842110	0.002959	0.001736
4579	0.847222	-0.001597	-0.000530
4580	0.843846	0.000496	-0.000145
4581	0.842014	0.002548	0.000241
4582	0.836709	0.001834	0.002411
4583	0.837867	0.003989	0.003424
4584	0.836709	0.000829	-0.000627
4585	0.832948	0.001666	-0.000772
4586	0.829090	0.000192	-0.004196
4587	0.834587	0.000044	-0.002267
4588	0.836516	0.000481	-0.003038
4589	0.836420	0.000308	-0.004871
4590	0.836034	-0.000209	-0.006848
4591	0.832948	0.000401	-0.011960
4592	0.832755	-0.001352	-0.010947
4593	0.838831	-0.001629	-0.013069
4594	0.835262	0.001510	-0.006993
4595	0.831983	-0.000258	-0.006318
4596	0.827932	0.002148	-0.003665
4597	0.826871	0.000071	-0.000530
4598	0.826582	-0.000222	0.002652
4599	0.825039	-0.000008	-0.001157
4600	0.827257	0.000616	0.000338
4601	0.824074	0.001284	-0.002122
4602	0.829282	0.000796	-0.000579
4603	0.831501	0.001198	0.000289
4604	0.834105	-0.002623	-0.002074
4605	0.827546	0.000293	-0.002990
4606	0.833044	0.001013	-0.004292
4607	0.835745	0.001944	-0.003713
4608	0.833044	0.001984	-0.010224
4609	0.832948	-0.000312	-0.009693
4610	0.834973	0.000710	-0.008777
4611	0.836323	-0.000086	-0.006318
4612	0.833526	-0.001123	-0.006655
4613	0.829572	-0.000325	-0.005401
4614	0.828993	-0.001354	-0.003665
4615	0.827257	-0.002493	-0.004485
4616	0.824460	-0.000804	-0.003279
4617	0.831308	-0.001763	-0.004774
4618	0.828511	-0.000949	-0.003762
4619	0.830922	-0.001194	-0.002025
4620	0.830826	0.000667	0.000386
4621	0.832755	0.000671	-0.001013
4622	0.831597	0.001547	-0.003183
4623	0.828993	0.002044	-0.000579
4624	0.833623	0.002118	-0.003376
4625	0.839410	0.000563	-0.001302
4626	0.840567	0.001545	-0.000675
4627	0.834587	0.000894	-0.001447
4628	0.834008	0.000261	0.000820
4629	0.837384	0.000719	-0.001447
4630	0.834298	-0.000575	-0.001109
4631	0.826100	-0.001643	-0.000579
4632	0.828221	-0.001627	-0.001736
4633	0.824846	-0.001725	-0.008102
4634	0.829958	-0.000898	-0.006752
4635	0.831983	-0.001052	-0.006510
4636	0.842400	-0.001740	-0.003472
4637	0.839410	0.000965	-0.003713
4638	0.835745	-0.000576	-0.003762
4639	0.835455	-0.002206	-0.001640
4640	0.829475	-0.000744	-0.001254
4641	0.825810	-0.001661	-0.000048
4642	0.829572	0.000124	-0.001784
4643	0.829572	-0.002666	-0.000772
4644	0.830633	-0.000634	-0.002749
4645	0.830150	-0.001454	-0.005208
4646	0.828993	0.001577	-0.002942
4647	0.826582	-0.001418	-0.002170
4648	0.827932	0.000011	-0.004003
4649	0.829958	0.000125	-0.004726
4650	0.831115	-0.000900	-0.002218
4651	0.830440	0.000568	-0.002267
4652	0.833430	0.001081	0.001688
4653	0.828607	0.001836	-0.002025
4654	0.829475	0.001651	0.001977
4655	0.829090	0.001777	-0.001640
4656	0.834105	-0.000301	0.000145
4657	0.832755	0.002338	0.004581
4658	0.831019	0.004777	0.007716
4659	0.835262	0.002559	0.006028
4660	0.832465	0.004280	0.007523
4661	0.838445	0.002347	0.010851
4662	0.834105	0.001606	0.010368
4663	0.830826	0.003026	0.007523
4664	0.829958	0.003376	0.005112
4665	0.832562	0.002335	0.003279
4666	0.836709	0.001352	0.007523
4667	0.841146	0.003320	0.005160
4668	0.836227	0.003975	-0.000096
4669	0.838252	0.002986	0.003424
4670	0.834684	0.001930	0.005642
4671	0.834684	0.000601	0.004967
4672	0.831115	-0.000144	0.001736
4673	0.830054	0.000715	0.000241
4674	0.821952	0.000535	-0.001495
4675	0.821373	-0.000718	-0.000916
4676	0.820891	-0.000139	0.002315
4677	0.822820	0.000343	0.001977
4678	0.827450	-0.001369	0.002267
4679	0.833816	-0.001412	0.000386
4680	0.832079	-0.000811	0.001109
4681	0.829379	-0.000093	0.000338
4682	0.834684	-0.000320	0.001399
4683	0.836323	-0.000879	0.005739
4684	0.834684	-0.002190	0.005932
4685	0.832465	-0.000775	0.005835
4686	0.830729	0.001138	0.007668
4687	0.832948	-0.002096	0.006076
4688	0.827932	-0.001503	0.001206
4689	0.831887	0.000455	-0.000579
4690	0.829186	0.000688	-0.003520
4691	0.828704	0.000393	-0.000916
4692	0.831597	-0.001530	-0.003038
4693	0.831597	-0.001289	0.000820
4694	0.832755	-0.000785	-0.000723
4695	0.834877	-0.001347	0.000868
4696	0.836227	-0.002417	0.000434
4697	0.838156	-0.001427	0.000868
4698	0.838542	0.000391	0.001736
4699	0.838445	-0.000756	0.003183
4700	0.838542	0.001108	0.004340
4701	0.839120	0.000292	0.000193
4702	0.836227	-0.000612	0.002218
4703	0.835359	-0.000173	0.004823
4704	0.832948	0.000029	-0.000241
4705	0.831694	0.002431	-0.001206
4706	0.826871	-0.001288	0.001881
4707	0.821759	-0.001595	0.000048
4708	0.825907	-0.000343	0.000096
4709	0.830536	0.000803	-0.000434
4710	0.830826	0.001918	-0.002845
4711	0.833526	0.001947	-0.004630
4712	0.832851	0.001137	-0.002508
4713	0.832948	-0.000385	-0.000096
4714	0.834201	-0.000994	0.002170
4715	0.830922	0.000488	-0.002990
4716	0.834973	0.001035	-0.002218
4717	0.835648	0.001691	-0.000965
4718	0.833816	0.000116	-0.001833
4719	0.829475	0.001889	-0.002025
4720	0.827257	0.001518	-0.003424
4721	0.829090	-0.001259	-0.002894
4722	0.828318	0.001165	-0.003038
4723	0.820409	0.001619	0.000000
4724	0.821856	0.002061	-0.000048
4725	0.817708	0.002378	-0.000145
4726	0.816358	0.002174	-0.002025
4727	0.823978	-0.001427	-0.004967
4728	0.825231	-0.000388	-0.003231
4729	0.822434	-0.000565	-0.008198
4730	0.811921	-0.001399	-0.004485
4731	0.817323	-0.000170	-0.004244
4732	0.821084	-0.001597	-0.003713
4733	0.824653	-0.000707	-0.003279
4734	0.831019	0.000374	-0.000965
4735	0.835069	-0.000624	-0.005932
4736	0.837095	-0.002441	-0.002267
4737	0.831501	-0.002656	-0.000820
4738	0.828221	-0.001563	0.000289
4739	0.827643	-0.002730	0.001206
4740	0.825617	-0.001568	0.002218
4741	0.830343	-0.002460	0.000916
4742	0.834973	-0.001688	0.002749
4743	0.839988	-0.001183	0.001013
4744	0.848476	0.001200	0.003617
4745	0.848862	0.001171	0.001254
4746	0.851370	-0.002903	0.000482
4747	0.850502	-0.001740	-0.004196
4748	0.849151	-0.003147	-0.003231
4749	0.846547	-0.001422	0.001736
4750	0.840278	0.000471	-0.001591
4751	0.843268	0.001779	0.002556
4752	0.838156	0.001517	0.004244
4753	0.833430	-0.000456	-0.001881
4754	0.838445	0.000235	-0.002556
4755	0.827932	0.001915	-0.001495
4756	0.827160	0.000342	-0.000530
4757	0.827643	0.000121	0.003713
4758	0.824460	-0.001334	0.000193
4759	0.825039	-0.000364	0.004581
4760	0.820120	0.000352	0.006125
4761	0.815876	0.000063	0.007330
4762	0.812114	-0.001238	0.003231
4763	0.815394	-0.000237	0.001109
4764	0.818673	-0.002163	0.001399
4765	0.822049	0.000549	0.001061
4766	0.826968	0.000892	0.002845
4767	0.832272	0.001340	-0.003231
4768	0.837674	-0.000953	0.000241
4769	0.840374	0.001216	0.001399
4770	0.831019	0.002467	0.002990
4771	0.820891	0.000916	-0.002315
4772	0.821566	0.001299	-0.002845
4773	0.828704	0.001622	-0.002459
4774	0.834008	0.000942	0.002170
4775	0.835552	0.000539	0.000000
4776	0.836420	0.001379	-0.001784
4777	0.839120	0.001016	0.002363
4778	0.834008	0.003114	-0.000916
4779	0.837770	-0.000673	-0.000482
4780	0.839892	-0.000065	0.000482
4781	0.834684	0.000407	-0.005932
4782	0.829090	-0.000148	-0.002942
4783	0.832851	-0.002348	0.002122
4784	0.832755	-0.001611	-0.001109
4785	0.837384	-0.001655	-0.002701
4786	0.843171	-0.000198	-0.002797
4787	0.837867	-0.002523	-0.004726
4788	0.839410	-0.002270	-0.005932
4789	0.843654	-0.000903	-0.000434
4790	0.839603	0.000879	-0.001543
4791	0.837288	-0.000076	-0.002122
4792	0.827932	0.000817	0.000916
4793	0.830440	0.003001	-0.002025
4794	0.825810	0.001285	-0.001399
4795	0.826485	-0.000638	0.004196
4796	0.821663	-0.001017	0.005594
4797	0.823013	-0.000716	0.004099
4798	0.825231	-0.000417	0.004871
4799	0.824942	-0.000621	0.001447
4800	0.824846	0.000979	0.000482
4801	0.826485	-0.000722	-0.003665
4802	0.825714	0.000149	-0.001399
4803	0.825039	0.000789	0.003279
4804	0.817612	-0.000153	-0.000386
4805	0.823785	-0.000086	0.001640
4806	0.821277	-0.000822	-0.002652
4807	0.827932	0.000650	-0.004823
4808	0.833719	-0.001233	-0.004389
4809	0.831694	-0.001670	-0.004244
4810	0.825328	-0.001381	-0.004389
4811	0.835745	-0.001413	-0.003617
4812	0.835648	-0.001431	-0.003231
4813	0.831790	-0.001565	-0.010368
4814	0.834298	0.000215	-0.009163
4815	0.831597	-0.001282	-0.010754
4816	0.830826	-0.000245	-0.012683
4817	0.834780	-0.003831	-0.011622
4818	0.828029	-0.004317	-0.006173
4819	0.825907	-0.002947	-0.005787
4820	0.827160	0.000237	-0.010754
4821	0.834008	0.001490	-0.010899
4822	0.827643	-0.000180	-0.007089
4823	0.824556	0.000811	-0.011622
4824	0.818287	-0.001537	-0.008439
4825	0.824653	-0.000655	-0.008439
4826	0.827932	0.000032	-0.004581
4827	0.827450	0.001362	-0.007909
4828	0.827353	0.000913	-0.004485
4829	0.834105	0.002941	-0.003424
4830	0.830922	0.001642	-0.000289
4831	0.834105	0.001973	0.002894
4832	0.836323	0.002387	0.009259
4833	0.836323	0.001223	0.003762
4834	0.839217	-0.002154	0.001736
4835	0.835262	-0.001379	0.002942
4836	0.835841	-0.000633	0.001833
4837	0.829475	0.000584	-0.000772
4838	0.826485	-0.001363	-0.004533
4839	0.822145	-0.000593	-0.007041
4840	0.829282	0.000881	-0.006510
4841	0.826871	0.000983	-0.006607
4842	0.825424	0.001554	-0.003762
4843	0.824942	-0.000697	-0.005353
4844	0.827836	-0.000138	-0.005257
4845	0.828800	0.001271	-0.004823
4846	0.828511	0.001135	-0.002942
4847	0.831211	0.001925	-0.000386
4848	0.829765	0.000372	-0.006125
4849	0.833333	0.001695	-0.007427
4850	0.828800	0.002406	-0.005787
4851	0.826100	0.000637	-0.004678
4852	0.825521	-0.001500	-0.000965
4853	0.826100	0.001050	-0.003038
4854	0.826485	0.000164	-0.000965
4855	0.826292	-0.000233	0.000289
4856	0.823785	0.000936	0.001447
4857	0.822820	0.000904	0.004485
4858	0.824074	0.002407	0.007089
4859	0.826196	0.001593	0.007137
4860	0.827353	0.000188	0.009356
4861	0.826292	-0.001287	0.005401
4862	0.831694	-0.001122	0.008247
4863	0.834780	0.000483	0.003472
4864	0.831887	0.000181	0.005208
4865	0.831019	0.000101	0.001013
4866	0.830633	-0.001693	0.000096
4867	0.821663	-0.001739	-0.003569
4868	0.827257	-0.000066	-0.000145
4869	0.824942	0.002405	-0.004292
4870	0.816069	0.001080	-0.009066
4871	0.817901	-0.001236	-0.007668
4872	0.826871	-0.000747	-0.004196
4873	0.830440	0.000233	-0.004196
4874	0.830826	-0.000007	-0.001543
4875	0.833237	-0.003141	-0.002459
4876	0.831694	-0.001032	-0.006414
4877	0.830633	-0.000599	-0.006366
4878	0.833140	0.001270	-0.009115
4879	0.841532	0.002461	-0.007378
4880	0.840278	0.003105	-0.005594
4881	0.838059	0.001928	-0.005980
4882	0.839217	-0.000695	-0.005546
4883	0.832079	-0.000499	-0.002363
4884	0.833816	-0.001516	-0.000723
4885	0.840760	-0.000572	-0.002508
4886	0.832079	-0.000494	0.001784
4887	0.836902	0.001495	-0.002942
4888	0.833140	0.000842	-0.001399
4889	0.834105	0.002487	-0.001784
4890	0.840278	-0.000341	-0.002701
4891	0.830054	0.001421	-0.001881
4892	0.826292	0.000331	-0.001350
4893	0.827739	0.000166	0.004051
4894	0.827064	-0.000989	0.001350
4895	0.828029	0.000575	0.006655
4896	0.828993	0.000947	0.002604
4897	0.828800	0.003231	0.002218
4898	0.825039	0.000834	0.002267
4899	0.823013	-0.001591	0.000241
4900	0.829958	-0.001578	-0.001157
4901	0.831790	0.000276	-0.000048
4902	0.837674	0.001109	-0.003762
4903	0.833430	0.000673	-0.000868
4904	0.827643	0.000988	-0.000338
4905	0.829090	0.001874	-0.004630
4906	0.836902	0.001267	-0.006269
4907	0.834008	0.001815	-0.002797
4908	0.831404	0.002351	-0.001977
4909	0.834877	0.002851	-0.004147
4910	0.837867	-0.000559	0.000000
4911	0.841435	-0.001105	-0.002267
4912	0.840953	-0.000252	-0.002652
4913	0.840856	-0.000388	-0.003038
4914	0.840471	0.001108	0.000386
4915	0.844232	-0.001470	0.002797
4916	0.838831	-0.000843	0.003713
4917	0.836420	0.000703	0.003569
4918	0.843654	-0.002774	-0.001688
4919	0.848090	-0.002487	-0.001302
4920	0.851659	-0.002988	-0.002845
4921	0.848380	-0.001183	-0.001495
4922	0.846161	-0.002050	-0.004678
4923	0.849730	0.000921	-0.003086
4924	0.839120	0.002085	-0.003328
4925	0.839603	0.002292	-0.004581
4926	0.835938	0.002939	-0.005401
4927	0.841146	-0.000380	-0.008777
4928	0.836227	0.001710	-0.005835
4929	0.836709	-0.001320	-0.004919
4930	0.835648	-0.002474	-0.002508
4931	0.834008	-0.000688	-0.000579
4932	0.829379	0.000134	0.000048
4933	0.828029	0.001381	0.002749
4934	0.822338	-0.000160	0.005160
4935	0.828029	-0.001505	0.002556
4936	0.831308	-0.001553	0.005305
4937	0.830826	-0.000589	0.005064
4938	0.824267	-0.000836	0.004051
4939	0.827160	-0.000992	0.002797
4940	0.822049	-0.000729	0.008632
4941	0.823881	0.000706	0.008825
4942	0.824267	-0.000522	0.003376
4943	0.821759	-0.001972	0.003665
4944	0.824942	0.000175	0.003086
4945	0.822627	0.000236	0.004196
4946	0.828318	-0.000576	0.003183
4947	0.824942	-0.000111	0.003376
4948	0.822627	-0.000393	-0.000386
4949	0.825231	-0.001381	0.000434
4950	0.826775	0.000987	0.000145
4951	0.827932	0.000408	0.000916
4952	0.828318	-0.000845	0.003231
4953	0.826196	-0.000837	0.004196
4954	0.828993	0.000562	0.004871
4955	0.825907	-0.000375	0.003906
4956	0.824846	-0.000615	0.002074
4957	0.818094	-0.000135	0.001302
4958	0.823495	-0.000214	0.004196
4959	0.823399	0.000993	0.003858
4960	0.823206	0.000386	0.010368
4961	0.828318	-0.000137	0.007620
4962	0.829765	-0.001272	0.004678
4963	0.827450	-0.000132	0.001688
4964	0.821566	0.000250	0.000627
4965	0.830536	-0.002480	0.004630
4966	0.832948	-0.001930	0.004051
4967	0.838252	-0.000078	0.004437
4968	0.841049	0.000804	0.004630
4969	0.836806	-0.000734	0.004196
4970	0.831790	-0.000644	0.004340
4971	0.829186	0.000222	0.003762
4972	0.825810	-0.000423	0.002170
4973	0.824171	0.000624	0.003376
4974	0.829861	-0.003250	0.006076
4975	0.827836	0.000042	0.007909
4976	0.825328	-0.001738	0.006655
4977	0.826100	-0.000078	0.005208
4978	0.830054	-0.000087	0.004726
4979	0.830633	-0.002171	-0.002025
4980	0.836613	-0.000569	0.002508
4981	0.832755	0.000313	0.003520
4982	0.836323	0.002431	0.004051
4983	0.831790	0.000365	0.006269
4984	0.825039	0.002744	0.008632
4985	0.826196	0.000914	0.008729
4986	0.827160	0.002567	0.010031
4987	0.831211	0.002537	0.009549
4988	0.832369	0.000825	0.006125
4989	0.838445	-0.002364	0.007041
4990	0.841435	-0.000695	0.004196
4991	0.841917	-0.000450	0.003569
4992	0.842978	0.001772	0.007861
4993	0.838831	0.001053	0.003086
4994	0.834877	-0.000582	0.003376
4995	0.834298	0.004377	0.002604
4996	0.834394	0.000798	0.001495
4997	0.837867	-0.000697	0.004099
4998	0.838349	0.001358	0.003858
4999	0.842496	0.000896	0.004919
5000	0.840085	0.001443	0.010995
