1	0.974441	0.617365	-0.990210
2	0.958719	0.508294	-0.975839
3	0.945698	0.424870	-0.957079
4	0.937693	0.380909	-0.934896
5	0.929398	0.322671	-0.908758
6	0.928144	0.280721	-0.884115
7	0.925251	0.263064	-0.856337
8	0.922936	0.237820	-0.828125
9	0.923515	0.209107	-0.804061
10	0.917149	0.233994	-0.780285
11	0.918981	0.224614	-0.757041
12	0.913098	0.163222	-0.728877
13	0.911555	0.147794	-0.707706
14	0.909915	0.130434	-0.682388
15	0.910301	0.126298	-0.659385
16	0.904032	0.108238	-0.629581
17	0.900752	0.090056	-0.604408
18	0.900752	0.099541	-0.578366
19	0.888117	0.075600	-0.549961
20	0.884549	0.066657	-0.523582
21	0.882041	0.062491	-0.499952
22	0.885610	0.048851	-0.473910
23	0.884259	0.051804	-0.452932
24	0.889950	0.039416	-0.431713
25	0.885899	0.035817	-0.410590
26	0.883584	0.029364	-0.391445
27	0.881848	0.028364	-0.373071
28	0.881173	0.034305	-0.356047
29	0.881076	0.037437	-0.337818
30	0.881462	0.040249	-0.326051
31	0.883584	0.034067	-0.311632
32	0.874132	0.028770	-0.295525
33	0.878762	0.029696	-0.283131
34	0.877218	0.018484	-0.264275
35	0.870660	0.013736	-0.252797
36	0.862751	0.008247	-0.238281
37	0.859568	0.005487	-0.227093
38	0.865837	0.012541	-0.210069
39	0.864969	0.006142	-0.203463
40	0.866898	0.008360	-0.192901
41	0.856964	0.003788	-0.179157
42	0.859857	0.002446	-0.171537
43	0.860340	0.005436	-0.160349
44	0.858410	0.002290	-0.146798
45	0.856964	0.002878	-0.138358
46	0.850019	0.002349	-0.132330
47	0.853299	0.005524	-0.123360
48	0.853492	0.003029	-0.114776
49	0.847029	0.000157	-0.111834
50	0.845583	-0.000122	-0.109134
51	0.845679	-0.001080	-0.100839
52	0.841435	-0.000838	-0.089024
53	0.843750	0.000678	-0.081694
54	0.845004	0.000367	-0.080584
55	0.840278	0.001768	-0.075762
56	0.835648	0.000447	-0.068866
57	0.835262	0.002203	-0.061777
58	0.836323	-0.000331	-0.055845
59	0.839892	-0.003131	-0.050299
60	0.837481	-0.002409	-0.049672
61	0.837674	-0.002044	-0.047936
62	0.837384	-0.000121	-0.045669
63	0.828414	-0.000710	-0.043885
64	0.830536	0.000806	-0.040220
65	0.830054	-0.000105	-0.040847
66	0.831501	-0.001460	-0.036362
67	0.833430	-0.002840	-0.036844
68	0.837384	0.001365	-0.034722
69	0.831983	-0.000094	-0.025174
70	0.834587	0.001078	-0.025608
71	0.837191	0.000493	-0.020785
72	0.834298	0.000771	-0.017313
73	0.840664	-0.001118	-0.018229
74	0.838445	-0.001945	-0.020496
75	0.838542	-0.001571	-0.017409
76	0.838542	0.000875	-0.019435
77	0.837577	0.000925	-0.017120
78	0.836709	0.001885	-0.016204
79	0.838638	-0.000690	-0.019097
80	0.838927	-0.001556	-0.017168
81	0.837867	-0.000059	-0.017409
82	0.841628	-0.000828	-0.013551
83	0.836806	0.001396	-0.017554
84	0.841049	0.001323	-0.016155
85	0.843461	-0.003238	-0.016348
86	0.837770	-0.003311	-0.016397
87	0.831790	0.000051	-0.013696
88	0.836709	-0.001088	-0.015577
89	0.838927	-0.000190	-0.009500
90	0.836709	-0.001116	-0.008150
91	0.829572	0.000536	-0.004919
92	0.834008	0.000037	-0.007716
93	0.831115	0.001319	-0.005353
94	0.831404	0.001659	-0.006752
95	0.829765	0.000862	-0.003038
96	0.831501	-0.000029	-0.003520
97	0.829475	0.000572	0.005980
98	0.830536	-0.000213	0.002363
99	0.835166	0.000152	-0.000145
100	0.836034	-0.001077	0.002701
101	0.836709	0.002004	-0.001061
102	0.840856	0.000585	0.000675
103	0.838831	0.002447	0.001495
104	0.829668	0.000216	0.003038
105	0.827836	0.001759	0.001543
106	0.834780	-0.000549	-0.005015
107	0.831694	-0.001791	-0.000048
108	0.830247	-0.000866	-0.000289
109	0.829958	-0.002208	0.002604
110	0.832176	-0.000393	-0.001543
111	0.833526	0.000149	-0.000048
112	0.833623	0.000596	0.003520
113	0.834298	-0.000679	0.004678
114	0.838059	-0.000885	0.005015
115	0.844425	-0.002397	0.002749
116	0.847222	-0.002812	0.006028
117	0.839988	-0.000173	0.004774
118	0.841339	0.000784	0.000772
119	0.841049	-0.002598	0.003810
120	0.842785	-0.003745	0.002990
121	0.832658	-0.003097	0.003810
122	0.836130	-0.001951	0.003424
123	0.834491	-0.000717	0.003279
124	0.831790	0.000452	0.003376
125	0.831115	-0.000169	0.005160
126	0.836227	-0.000852	0.001929
127	0.837770	-0.002022	0.003617
128	0.838349	-0.001633	0.001350
129	0.832658	0.001033	-0.000723
130	0.838542	0.000753	-0.002170
131	0.834973	0.000859	-0.004823
132	0.832176	0.000999	-0.004292
133	0.835166	-0.001524	-0.003520
134	0.838445	-0.000123	-0.007041
135	0.842689	0.002221	-0.003713
136	0.846354	0.002976	-0.001784
137	0.842593	0.001848	-0.000289
138	0.840567	0.000503	0.000530
139	0.828993	0.000478	0.001399
140	0.829958	-0.000613	0.000241
141	0.836323	0.001483	0.004485
142	0.832176	0.000680	0.002604
143	0.834105	0.002049	-0.000482
144	0.835069	0.002029	0.003810
145	0.830826	-0.001934	0.004437
146	0.830440	-0.000096	0.003038
147	0.828800	-0.001592	0.004485
148	0.830536	0.000768	0.006607
149	0.829668	-0.001173	0.005594
150	0.827932	0.001321	0.006896
151	0.830054	0.000583	0.008488
152	0.830054	0.002205	0.008825
153	0.836709	0.000325	0.010127
154	0.843364	-0.001592	0.011333
155	0.846161	-0.000908	0.010995
156	0.847415	-0.002449	0.010995
157	0.842207	-0.002689	0.010995
158	0.837867	0.000756	0.008729
159	0.839024	0.001100	0.004823
160	0.833912	-0.000464	0.008873
161	0.833526	-0.002099	0.009838
162	0.833237	-0.001713	0.005546
163	0.833912	-0.001600	0.008681
164	0.835262	0.000374	0.006944
165	0.829861	0.000773	0.002652
166	0.830247	0.000464	0.009115
167	0.831887	-0.001088	0.012635
168	0.831597	-0.002101	0.012008
169	0.832272	0.001244	0.012201
170	0.836613	0.001318	0.009115
171	0.833526	-0.001062	0.012780
172	0.831694	0.000896	0.012394
173	0.831211	-0.000783	0.015625
174	0.831404	0.000105	0.010851
175	0.831887	0.001442	0.009886
176	0.823206	0.000836	0.009549
177	0.827064	0.000587	0.001929
178	0.823978	0.000090	0.002170
179	0.823592	0.000374	-0.001881
180	0.831597	0.001319	-0.004003
181	0.826678	-0.000319	0.000338
182	0.829282	-0.001137	-0.000723
183	0.820409	0.000890	-0.002074
184	0.824556	0.001335	-0.002315
185	0.828414	-0.000105	-0.001302
186	0.827739	-0.000982	-0.004147
187	0.830826	0.002186	-0.002508
188	0.824460	0.002009	-0.005305
189	0.818962	-0.001170	-0.002701
190	0.822627	-0.001673	-0.007137
191	0.821856	0.000094	0.000965
192	0.821373	0.000433	0.002604
193	0.820988	0.000428	0.005449
194	0.820795	-0.000368	0.006366
195	0.818383	-0.002359	0.001350
196	0.823978	-0.000722	0.003810
197	0.821759	-0.001379	0.000820
198	0.825231	-0.003325	-0.001591
199	0.830729	-0.002121	0.003713
200	0.829765	-0.000130	0.001061
201	0.827257	0.002273	-0.000820
202	0.826968	0.001377	-0.002845
203	0.831501	-0.001689	-0.002459
204	0.830536	-0.000800	-0.003906
205	0.831887	0.000420	-0.006318
206	0.826775	-0.001306	-0.004099
207	0.820891	0.000409	-0.004630
208	0.820698	0.000591	-0.005112
209	0.822434	0.000665	-0.009886
210	0.823688	0.002070	-0.006366
211	0.828414	0.000004	-0.007427
212	0.834587	-0.000032	-0.007378
213	0.831308	-0.001711	-0.007089
214	0.834105	-0.000035	-0.006173
215	0.825135	-0.001847	-0.008054
216	0.817033	-0.000419	-0.004774
217	0.825907	-0.000092	-0.003713
218	0.821952	0.000064	-0.004919
219	0.818094	0.001141	-0.002797
220	0.816165	-0.001017	-0.007234
221	0.821566	-0.000512	-0.014323
222	0.821856	0.000370	-0.008295
223	0.825521	-0.001202	-0.003906
224	0.821084	0.000043	-0.003520
225	0.822917	-0.000802	0.001543
226	0.827546	-0.002168	0.001254
227	0.824846	0.000373	0.001013
228	0.825907	0.000953	-0.003762
229	0.825135	-0.001613	-0.002556
230	0.829379	-0.001515	0.000916
231	0.829668	-0.000433	-0.002363
232	0.829282	0.000068	-0.003472
233	0.828511	-0.000964	-0.001736
234	0.820795	0.000605	0.001929
235	0.812596	0.000389	-0.002604
236	0.818673	0.000151	-0.005739
237	0.818383	-0.000084	-0.006510
238	0.824942	-0.000784	-0.003617
239	0.823688	0.000092	-0.002315
240	0.827257	0.000619	-0.004051
241	0.828800	-0.000986	-0.004485
242	0.821084	0.000325	0.001013
243	0.824171	-0.000486	-0.003086
244	0.826100	0.000220	-0.001447
245	0.829186	0.000978	-0.005883
246	0.829475	0.000579	-0.004967
247	0.832272	-0.000677	0.004003
248	0.824653	0.001572	0.002556
249	0.822434	0.001001	0.000723
250	0.827064	0.000421	-0.001784
251	0.831887	-0.001209	-0.001929
252	0.837095	-0.002308	0.000386
253	0.832948	-0.001071	0.000916
254	0.832948	-0.000546	0.001591
255	0.835262	-0.001274	0.005642
256	0.834877	-0.000345	0.007523
257	0.837770	-0.000108	0.003231
258	0.839796	-0.000548	-0.001013
259	0.831983	0.000689	0.001929
260	0.836902	-0.000836	0.000096
261	0.840856	-0.001385	0.005112
262	0.838831	0.000010	0.003376
263	0.832658	-0.000020	0.004099
264	0.834491	-0.000823	-0.000820
265	0.840374	-0.001078	0.002556
266	0.832176	-0.000505	0.004485
267	0.834394	-0.000698	-0.000627
268	0.832465	0.000576	0.002604
269	0.823110	0.001113	-0.001302
270	0.832272	-0.000758	-0.000965
271	0.831983	0.000302	-0.000289
272	0.840471	0.001649	0.002074
273	0.838445	-0.000654	-0.000916
274	0.835552	-0.000251	-0.001350
275	0.834587	-0.000869	-0.001543
276	0.839796	0.002575	-0.004003
277	0.833333	0.000049	-0.006752
278	0.842400	0.002159	-0.006944
279	0.841242	0.001111	-0.005835
280	0.844232	-0.001479	-0.004871
281	0.841339	-0.001705	-0.002267
282	0.839892	0.001178	-0.003279
283	0.840085	-0.001026	-0.003038
284	0.834394	-0.002846	-0.003038
285	0.837384	-0.002278	0.000048
286	0.838349	-0.000138	0.002218
287	0.842207	0.002800	0.002749
288	0.842110	0.007542	0.001543
289	0.841917	0.000953	-0.002556
290	0.840760	-0.001163	-0.003086
291	0.837770	0.001353	-0.004678
292	0.841725	0.002359	-0.001640
293	0.838252	0.001667	-0.002267
294	0.838542	-0.000832	-0.006028
295	0.842978	0.001738	-0.001061
296	0.838542	0.000066	-0.004774
297	0.830922	0.000035	-0.004823
298	0.832272	0.001301	-0.004726
299	0.835262	0.001635	-0.008970
300	0.834877	-0.000160	-0.004389
301	0.832079	-0.001043	-0.004581
302	0.835262	0.000628	-0.003376
303	0.835069	0.000211	-0.004630
304	0.829861	-0.001597	-0.004823
305	0.826100	-0.001701	-0.003376
306	0.827160	-0.001218	-0.000965
307	0.824846	0.000074	0.003135
308	0.824363	-0.000710	0.008391
309	0.825328	0.000565	0.005257
310	0.830343	-0.000459	0.004147
311	0.829379	-0.000253	0.002652
312	0.827064	0.000728	0.005546
313	0.823881	0.000894	0.002845
314	0.828125	0.001515	0.004196
315	0.828318	0.002868	0.011333
316	0.830536	0.001275	0.009597
317	0.831694	0.001161	0.004437
318	0.834684	0.000343	0.005112
319	0.830729	-0.001565	0.003665
320	0.840085	-0.003391	0.001688
321	0.841435	-0.003662	0.001736
322	0.836806	0.001405	-0.002652
323	0.834201	-0.000170	-0.001399
324	0.832851	0.000006	-0.004292
325	0.833237	-0.000182	-0.006414
326	0.832562	-0.000074	-0.009163
327	0.830343	0.000913	-0.005787
328	0.835262	0.000486	-0.002990
329	0.830729	-0.002354	-0.004823
330	0.830826	-0.001676	-0.006607
331	0.825424	-0.000635	-0.002990
332	0.823495	-0.000112	-0.000675
333	0.826485	0.000725	-0.006028
334	0.827739	0.002460	-0.002797
335	0.825617	0.001826	-0.001206
336	0.828414	0.000882	-0.004967
337	0.829475	-0.001452	-0.003135
338	0.838156	-0.000174	0.002122
339	0.832948	-0.003780	0.001881
340	0.836420	0.000096	0.000627
341	0.835166	0.000759	-0.000820
342	0.831887	0.000040	-0.003135
343	0.832176	0.000618	-0.004244
344	0.832079	0.000776	-0.004340
345	0.831597	0.001476	-0.005642
346	0.830633	-0.000772	-0.002701
347	0.829861	0.000414	-0.002652
348	0.827836	0.000114	-0.007330
349	0.829861	-0.001295	-0.009790
350	0.825907	0.000128	-0.006559
351	0.824556	0.000026	-0.003472
352	0.831115	-0.000513	-0.007282
353	0.831887	-0.003047	-0.006944
354	0.832562	-0.002630	-0.006559
355	0.828318	0.001291	-0.007427
356	0.825328	0.000963	-0.004292
357	0.826292	-0.000189	-0.004147
358	0.829572	0.001078	-0.002604
359	0.831790	-0.000977	-0.005642
360	0.832369	0.000841	-0.004630
361	0.832658	0.001358	-0.000675
362	0.831019	-0.000439	0.000289
363	0.828318	-0.001835	-0.000434
364	0.832176	-0.000717	0.002363
365	0.829186	-0.001074	0.007523
366	0.832948	0.000937	0.005208
367	0.828318	0.000172	0.003762
368	0.820698	0.001769	0.005642
369	0.824074	0.001542	0.004871
370	0.824267	0.001109	0.005642
371	0.830826	-0.002531	0.010610
372	0.832272	-0.001829	0.008922
373	0.828704	-0.000695	0.005498
374	0.831308	0.001094	0.001543
375	0.828897	0.000237	0.004003
376	0.828800	0.003498	0.002074
377	0.825810	-0.000394	0.001254
378	0.829668	-0.000581	0.001206
379	0.833816	0.000508	0.001350
380	0.831597	-0.000316	-0.002604
381	0.832948	0.000789	-0.003328
382	0.835938	-0.000258	0.000048
383	0.829282	-0.000091	-0.001206
384	0.824653	0.000439	0.001447
385	0.824653	-0.002928	-0.002122
386	0.815104	0.001142	-0.005642
387	0.822917	0.000248	-0.001688
388	0.823785	-0.000271	-0.005064
389	0.827160	0.000265	-0.007571
390	0.820602	-0.000131	-0.006703
391	0.819444	0.000532	-0.006028
392	0.818962	-0.000216	-0.005498
393	0.821566	-0.000108	-0.002990
394	0.821277	0.001041	-0.005691
395	0.821373	0.001065	-0.006318
396	0.818962	0.001870	-0.007571
397	0.820698	0.000673	-0.003424
398	0.812307	-0.001557	-0.006414
399	0.815297	0.000382	-0.004003
400	0.816454	0.000301	-0.002845
401	0.815876	-0.000548	-0.002894
402	0.820409	-0.000856	0.001157
403	0.821373	-0.001921	-0.002267
404	0.821277	-0.001576	-0.001013
405	0.826775	-0.002791	-0.003231
406	0.831404	-0.000423	-0.000627
407	0.830922	0.000815	-0.001688
408	0.832562	-0.000292	-0.001640
409	0.828221	0.000267	0.003183
410	0.829379	0.000770	0.001350
411	0.823978	0.001372	-0.001302
412	0.824846	0.000333	-0.005980
413	0.822531	0.000042	-0.002025
414	0.827353	0.001045	-0.005449
415	0.832272	-0.000160	-0.007475
416	0.832465	-0.000680	-0.008054
417	0.828318	-0.000096	-0.005257
418	0.836420	-0.001999	-0.003424
419	0.841339	-0.001025	0.001688
420	0.843750	-0.001253	0.005064
421	0.846933	-0.001328	0.002315
422	0.845004	-0.001461	0.001881
423	0.838156	-0.003314	-0.001206
424	0.840374	0.000143	0.001736
425	0.835359	-0.000399	0.000916
426	0.829282	-0.000739	0.002025
427	0.825810	-0.000248	-0.000772
428	0.828029	-0.000694	-0.001688
429	0.831887	0.000056	-0.003713
430	0.836806	-0.001410	-0.008488
431	0.841628	-0.002582	-0.005980
432	0.840278	0.001896	-0.007137
433	0.836998	0.002953	-0.006269
434	0.835841	0.002320	-0.000386
435	0.832851	0.000054	-0.004340
436	0.836130	-0.003528	-0.002604
437	0.838252	-0.001347	-0.000482
438	0.834008	-0.000598	-0.004726
439	0.831887	0.000368	-0.001640
440	0.832562	-0.000968	-0.000579
441	0.829475	-0.001114	-0.006125
442	0.825521	0.001980	-0.006076
443	0.833237	0.000530	-0.000289
444	0.830343	0.000247	-0.000772
445	0.833623	0.002660	0.001977
446	0.838445	0.006374	-0.003376
447	0.839699	0.005921	0.000868
448	0.839024	0.004038	0.002074
449	0.836613	0.000304	0.001254
450	0.836034	-0.001963	0.001206
451	0.832755	-0.001450	-0.003954
452	0.833526	0.001797	-0.006125
453	0.834201	0.001540	-0.000579
454	0.830536	0.000411	-0.001206
455	0.826100	-0.001985	0.001061
456	0.829765	0.001106	0.001929
457	0.830536	0.000857	0.002025
458	0.828993	-0.001638	0.000289
459	0.820120	-0.001066	0.003954
460	0.825714	-0.002356	0.005835
461	0.829282	-0.000384	0.002845
462	0.831115	0.001594	0.003086
463	0.833816	0.002677	0.000723
464	0.834877	-0.000596	0.000434
465	0.831211	0.001514	0.002411
466	0.833719	-0.000210	0.002074
467	0.836323	-0.000077	0.003617
468	0.835552	0.001754	-0.003279
469	0.836420	0.002534	0.000048
470	0.837674	0.002300	-0.000241
471	0.839120	-0.000405	0.002508
472	0.837867	-0.000954	-0.001206
473	0.832658	-0.001799	0.002797
474	0.830922	0.001428	0.004099
475	0.833044	-0.002836	0.005208
476	0.837674	-0.000325	0.000627
477	0.833623	-0.000108	0.003376
478	0.836130	0.003065	0.003135
479	0.837963	0.001182	0.001302
480	0.839217	-0.001244	0.005498
481	0.836130	-0.000184	0.002556
482	0.838156	0.000182	0.001977
483	0.836613	0.001708	0.002701
484	0.833140	-0.001880	0.002797
485	0.825231	-0.000901	0.007089
486	0.830440	0.000678	0.003858
487	0.831115	-0.000326	0.003858
488	0.829765	0.001220	-0.001399
489	0.829572	0.001950	-0.000868
490	0.833526	-0.000388	-0.001447
491	0.836323	-0.001205	-0.000965
492	0.834008	-0.002925	-0.001350
493	0.836613	-0.000760	0.000868
494	0.837191	0.001495	-0.001977
495	0.832272	0.001838	0.001157
496	0.831597	0.001923	0.006848
497	0.834587	0.001649	0.004871
498	0.833237	-0.001467	0.008295
499	0.834394	-0.000462	0.005498
500	0.833333	0.000563	0.007330
501	0.831019	-0.000196	0.002894
502	0.827932	-0.001053	0.008825
503	0.827450	0.001172	0.005449
504	0.826100	-0.000220	0.002845
505	0.831404	0.000939	0.000289
506	0.836902	0.001784	0.002122
507	0.837481	-0.000285	0.002267
508	0.836806	-0.000736	0.003135
509	0.833816	-0.001240	-0.001350
510	0.829958	-0.001557	-0.005932
511	0.828318	0.000175	-0.004967
512	0.829668	0.000601	-0.003376
513	0.827643	-0.000857	-0.002459
514	0.826292	-0.002117	0.000193
515	0.824749	0.000866	-0.004389
516	0.831115	-0.000814	-0.002411
517	0.829861	0.000837	0.000868
518	0.832176	0.003145	-0.002508
519	0.831501	0.002428	-0.001495
520	0.833816	-0.000246	-0.001399
521	0.834394	-0.001442	-0.002604
522	0.833623	-0.001384	-0.002411
523	0.832948	0.000597	-0.005353
524	0.834394	-0.000600	-0.002363
525	0.831404	-0.000804	-0.000916
526	0.825810	-0.001500	-0.000965
527	0.821952	-0.001315	-0.000627
528	0.824460	-0.001802	-0.005932
529	0.826582	0.000290	0.005064
530	0.824846	0.002854	0.005401
531	0.822627	0.001101	0.005401
532	0.827160	0.000753	0.002508
533	0.828414	-0.000004	0.003810
534	0.828125	0.001303	-0.000048
535	0.824749	0.001629	0.001736
536	0.835262	-0.003342	0.000482
537	0.831983	-0.001022	-0.006076
538	0.831404	-0.001457	-0.001929
539	0.834105	0.001066	-0.003376
540	0.832176	0.001706	-0.004581
541	0.834684	0.002577	-0.003183
542	0.831694	0.000574	0.001495
543	0.829379	0.000039	0.001447
544	0.826389	0.002150	0.005787
545	0.827450	0.001171	0.001109
546	0.826775	-0.001061	0.000820
547	0.826678	-0.002716	-0.001206
548	0.819155	-0.000864	0.000916
549	0.815008	-0.000809	-0.001061
550	0.819252	0.000292	-0.003086
551	0.825039	0.000237	-0.001206
552	0.825231	-0.000838	-0.000820
553	0.827643	0.002488	-0.001640
554	0.823688	0.000842	-0.002845
555	0.827739	-0.000058	-0.001013
556	0.824074	-0.001086	0.001157
557	0.828993	0.000559	0.000675
558	0.826582	-0.000748	0.001929
559	0.823592	-0.000995	0.006414
560	0.828511	0.001189	0.002749
561	0.829282	0.000350	0.003038
562	0.829861	-0.000045	-0.003231
563	0.834684	-0.002264	0.000965
564	0.841049	0.000624	-0.000723
565	0.840856	0.000945	-0.003713
566	0.834298	-0.000668	-0.001061
567	0.834394	0.000062	-0.001543
568	0.830922	0.000701	-0.004726
569	0.830054	0.000823	-0.002845
570	0.825714	-0.000940	-0.007234
571	0.827064	-0.001307	-0.006993
572	0.826485	0.000217	-0.001929
573	0.827739	-0.000715	-0.001302
574	0.829282	-0.001677	-0.000675
575	0.832948	-0.000628	0.001640
576	0.833044	-0.000099	0.006944
577	0.833140	-0.003108	0.005401
578	0.833237	-0.000844	0.005739
579	0.835648	-0.001665	0.008005
580	0.839410	0.000840	0.003279
581	0.833719	-0.002029	0.002556
582	0.829958	0.001224	0.001833
583	0.828897	0.002036	0.000289
584	0.830343	0.001221	-0.001736
585	0.829475	0.001285	-0.005353
586	0.830150	-0.001649	-0.002894
587	0.830536	0.001331	-0.005112
588	0.833333	-0.000641	-0.001784
589	0.829572	-0.001904	0.000289
590	0.836227	0.000251	-0.000241
591	0.831308	-0.000029	0.002604
592	0.831404	-0.001303	-0.004581
593	0.839217	-0.004720	-0.001495
594	0.841821	-0.000025	-0.001206
595	0.839217	0.000510	-0.002459
596	0.837384	-0.000321	-0.008005
597	0.832562	0.002711	-0.012008
598	0.831597	-0.000204	-0.010224
599	0.827546	-0.000937	-0.011574
600	0.829958	0.000388	-0.009163
601	0.827160	0.000269	-0.013262
602	0.828607	-0.000035	-0.011333
603	0.826389	0.002299	-0.009066
604	0.823302	0.001495	-0.009790
605	0.823881	-0.000600	-0.012587
606	0.828029	-0.000057	-0.010176
607	0.824171	-0.000392	-0.012249
608	0.823495	-0.001214	-0.007041
609	0.826968	0.000931	-0.008825
610	0.830150	0.001655	-0.007620
611	0.830536	0.000891	-0.006944
612	0.836130	0.001851	-0.004871
613	0.834491	0.001571	-0.006944
614	0.832079	0.002488	-0.006510
615	0.836709	-0.000523	-0.004823
616	0.839024	-0.000574	-0.000916
617	0.839313	-0.000645	0.000772
618	0.841821	0.000384	0.000048
619	0.838445	-0.000640	0.000241
620	0.839120	0.000978	-0.003665
621	0.838638	0.000044	0.004437
622	0.843268	-0.000074	-0.000772
623	0.836420	-0.002444	-0.003038
624	0.841628	0.001559	0.003328
625	0.844039	0.001254	0.004292
626	0.841146	0.000330	0.003376
627	0.844522	-0.000360	0.008005
628	0.843846	-0.001456	0.007523
629	0.845004	0.001466	0.005064
630	0.845100	0.002139	0.004147
631	0.841049	0.003881	0.001736
632	0.843075	0.002583	0.002363
633	0.842496	0.000629	0.002845
634	0.838059	0.000524	0.001977
635	0.842303	-0.000548	0.001157
636	0.844811	0.002630	-0.003231
637	0.847126	0.000701	-0.002701
638	0.846451	0.002441	-0.003906
639	0.841821	0.001990	-0.010368
640	0.841146	-0.000820	-0.006462
641	0.846933	-0.001394	-0.003906
642	0.845100	-0.000279	-0.006221
643	0.833044	-0.000431	-0.001254
644	0.829282	-0.000214	-0.005257
645	0.830826	0.001213	0.001591
646	0.826775	0.001616	-0.003713
647	0.829186	0.002718	-0.003906
648	0.823206	0.001672	-0.002363
649	0.821470	0.001786	-0.003762
650	0.823110	-0.000255	-0.001688
651	0.822434	-0.001481	0.001350
652	0.823688	0.001044	0.003954
653	0.828414	0.001601	0.002411
654	0.820216	0.003452	0.005064
655	0.826196	-0.000343	0.000096
656	0.826968	-0.000532	-0.001157
657	0.827160	-0.000278	-0.002218
658	0.827353	0.001059	-0.002652
659	0.822627	0.000291	0.001640
660	0.818287	-0.000244	0.004919
661	0.817901	-0.000624	0.004147
662	0.822338	-0.001217	0.002267
663	0.818287	-0.001765	0.007813
664	0.829475	0.000394	0.004678
665	0.829765	0.002335	0.005305
666	0.836516	0.002417	0.007041
667	0.838445	0.001334	0.003762
668	0.838349	0.001884	0.001254
669	0.833526	-0.000793	0.004774
670	0.831404	-0.000004	-0.000241
671	0.835069	0.000426	-0.002363
672	0.833816	-0.000341	0.001543
673	0.831308	-0.001268	-0.002556
674	0.835938	-0.001158	0.002411
675	0.837577	-0.001944	0.006800
676	0.836130	-0.000421	0.005257
677	0.836323	-0.001931	0.002508
678	0.840760	0.000625	0.004340
679	0.838156	-0.001109	0.003472
680	0.838735	0.000056	0.003231
681	0.830633	-0.000018	0.008005
682	0.840085	-0.000101	0.007475
683	0.840567	0.000675	0.002797
684	0.844039	-0.000687	0.000241
685	0.839603	-0.000628	0.003231
686	0.830247	0.001450	0.003086
687	0.836516	0.001433	0.005112
688	0.831501	-0.001441	0.004389
689	0.830826	0.002256	0.003231
690	0.832658	0.002591	0.003906
691	0.827257	0.001112	0.004292
692	0.825617	-0.002111	0.002315
693	0.824846	-0.001491	0.002025
694	0.830343	-0.000417	-0.003279
695	0.834973	0.000579	-0.002267
696	0.834394	0.002373	-0.007668
697	0.835262	0.002293	-0.004919
698	0.829282	0.000690	-0.002315
699	0.830826	0.001300	-0.000434
700	0.834105	0.001714	0.002508
701	0.834684	0.000886	0.005160
702	0.834587	0.000557	-0.003279
703	0.837963	-0.000718	-0.003810
704	0.832272	0.001699	-0.005980
705	0.829765	-0.001578	-0.005160
706	0.829379	0.001863	-0.004099
707	0.828125	0.001221	-0.002797
708	0.834780	0.001349	-0.003569
709	0.840374	-0.001098	-0.005787
710	0.840374	0.000781	-0.001929
711	0.838445	0.002715	-0.003472
712	0.833430	-0.000745	-0.001399
713	0.835938	-0.000619	0.000482
714	0.838156	-0.000635	0.002797
715	0.838349	0.000680	-0.000193
716	0.836613	0.000353	-0.003279
717	0.836420	0.002877	-0.003472
718	0.828221	0.000416	-0.004630
719	0.830729	0.000671	-0.001350
720	0.831887	0.000106	0.001881
721	0.831887	0.001270	0.000627
722	0.833719	0.001463	0.003520
723	0.830343	-0.000678	0.001736
724	0.836130	0.001258	0.004051
725	0.836902	0.000907	0.002170
726	0.832369	0.001924	0.001157
727	0.832851	-0.000019	0.003424
728	0.823495	-0.000724	0.002749
729	0.827450	-0.000404	0.002218
730	0.827160	0.001036	0.007186
731	0.827160	-0.000182	0.005932
732	0.828704	0.000195	0.001736
733	0.836323	-0.000526	0.001688
734	0.838156	0.000570	0.005257
735	0.835552	-0.000293	0.002556
736	0.840856	-0.002283	0.005739
737	0.842110	0.000136	0.001591
738	0.836998	0.000447	0.002363
739	0.829861	0.001238	0.000772
740	0.831983	-0.000292	0.001109
741	0.831115	0.001407	-0.000820
742	0.826100	0.000305	-0.003135
743	0.827353	0.000581	-0.003183
744	0.831790	0.000595	-0.003135
745	0.837288	-0.000345	-0.006559
746	0.837963	-0.001644	-0.006028
747	0.835166	-0.002261	-0.008681
748	0.825521	-0.001061	-0.006318
749	0.823688	-0.000315	-0.006800
750	0.819637	0.001292	-0.003520
751	0.818673	0.001324	-0.005980
752	0.821277	-0.000624	-0.003086
753	0.828511	0.001469	-0.006944
754	0.829668	0.000787	-0.006076
755	0.832369	0.001255	-0.006462
756	0.826582	0.000624	-0.005015
757	0.825424	0.000628	-0.000434
758	0.832658	0.001436	-0.000530
759	0.832079	0.000178	0.002025
760	0.826292	0.000236	0.003328
761	0.823110	-0.001732	0.007764
762	0.823592	-0.001843	0.011767
763	0.825617	-0.001860	0.006510
764	0.827546	-0.001480	0.008102
765	0.822820	-0.000712	0.004871
766	0.819541	-0.001971	0.009838
767	0.819348	-0.002663	0.009742
768	0.812886	-0.000287	0.008005
769	0.813465	-0.000309	0.008970
770	0.809317	-0.000359	0.007475
771	0.817419	0.000444	0.003376
772	0.819734	0.000431	0.002701
773	0.813465	0.000025	-0.001591
774	0.818094	-0.000425	0.002411
775	0.820023	-0.000670	0.004533
776	0.824556	-0.000276	0.001109
777	0.826485	-0.000979	0.004774
778	0.828221	-0.002030	0.002267
779	0.824556	-0.001057	-0.001061
780	0.820313	-0.001991	0.001881
781	0.820409	0.000741	-0.000723
782	0.819444	-0.000817	-0.000434
783	0.824074	-0.001173	0.003954
784	0.821566	-0.000561	0.003183
785	0.822820	0.001559	0.002411
786	0.828125	0.000199	-0.003231
787	0.830729	-0.001034	0.001109
788	0.829186	-0.000738	-0.002122
789	0.829379	-0.000130	0.000482
790	0.829572	0.000658	-0.001206
791	0.823978	-0.000174	0.003810
792	0.827064	-0.000958	0.002363
793	0.828414	0.000619	0.002363
794	0.827353	-0.000477	0.008439
795	0.823399	0.001132	0.007427
796	0.824074	0.000094	0.007909
797	0.823785	-0.000791	0.005160
798	0.821566	0.000957	0.002701
799	0.827739	0.000698	0.004774
800	0.829379	-0.000705	0.004967
801	0.826775	0.001715	0.005449
802	0.827932	-0.000375	0.003906
803	0.825714	0.001497	-0.001495
804	0.824074	0.000039	-0.002652
805	0.834298	0.000669	-0.006173
806	0.832176	0.000529	0.000723
807	0.830922	0.000632	-0.000579
808	0.825617	-0.000637	0.001640
809	0.830826	-0.000637	0.004244
810	0.824460	-0.000178	0.003472
811	0.830633	-0.001204	0.000916
812	0.830440	-0.001606	-0.005112
813	0.830247	-0.001567	-0.003231
814	0.831597	0.000597	-0.006462
815	0.825810	-0.000744	-0.006076
816	0.822242	-0.000903	-0.002218
817	0.821181	0.000247	-0.006221
818	0.822049	0.000517	-0.008729
819	0.822917	-0.001272	-0.009838
820	0.823013	-0.001662	-0.005980
821	0.819734	-0.001342	-0.008054
822	0.807485	-0.000722	-0.005642
823	0.808256	0.001415	-0.007668
824	0.809992	0.001037	-0.009066
825	0.811343	0.000471	-0.011767
826	0.812693	-0.000884	-0.009404
827	0.810185	0.000072	-0.009115
828	0.817130	0.002381	-0.006076
829	0.822338	0.000225	-0.005353
830	0.826968	0.000795	-0.007186
831	0.827836	0.001566	-0.004919
832	0.824171	-0.000332	-0.004533
833	0.829475	0.001112	-0.003762
834	0.831115	-0.000415	-0.002604
835	0.836709	0.001952	-0.005064
836	0.839603	0.002582	-0.002074
837	0.836998	0.000020	0.000145
838	0.834201	-0.000882	-0.004774
839	0.837867	-0.000293	-0.002218
840	0.838735	0.000808	0.002170
841	0.831983	0.001449	-0.001302
842	0.825424	0.001258	-0.000048
843	0.830343	0.002122	0.001833
844	0.831501	-0.000924	0.005257
845	0.830150	0.000275	0.004871
846	0.824074	-0.000353	0.007186
847	0.823206	-0.001554	0.005112
848	0.822724	-0.000114	0.008681
849	0.820698	0.000729	0.004774
850	0.819734	-0.000286	0.002025
851	0.816840	-0.000560	0.008343
852	0.821663	0.000091	0.009452
853	0.816937	-0.000098	0.002845
854	0.822242	0.001264	0.006318
855	0.819541	0.000147	0.006703
856	0.825039	0.000119	0.003858
857	0.819734	-0.000153	0.000289
858	0.818962	-0.001012	0.002845
859	0.818866	-0.000381	0.003713
860	0.818576	0.000794	0.004871
861	0.823206	-0.000689	0.001784
862	0.820795	-0.001309	0.000386
863	0.826389	0.000773	0.003858
864	0.826485	0.001141	0.000868
865	0.826003	-0.000897	-0.002218
866	0.825714	0.000416	-0.000820
867	0.830247	0.001410	-0.001784
868	0.830536	-0.000852	0.003472
869	0.828897	0.000325	0.000965
870	0.824267	-0.002797	0.004244
871	0.829861	-0.001067	0.007041
872	0.828800	-0.000829	0.006559
873	0.830922	0.000341	0.006028
874	0.836806	-0.000342	0.006318
875	0.828125	0.000048	0.003135
876	0.830440	0.000704	0.004630
877	0.831404	-0.002485	0.005353
878	0.829282	0.000081	0.005642
879	0.828511	-0.000300	0.005449
880	0.832562	-0.001500	0.003231
881	0.833719	-0.001848	0.004774
882	0.836902	-0.001297	0.005353
883	0.831115	-0.001133	0.002845
884	0.830729	0.000731	0.004389
885	0.832562	-0.001334	0.003038
886	0.834877	-0.001568	0.001640
887	0.829958	-0.001868	-0.000965
888	0.827160	-0.001892	-0.001736
889	0.830826	0.000568	-0.006462
890	0.830729	-0.001340	-0.005257
891	0.833333	0.001083	-0.002701
892	0.836806	-0.001088	-0.005112
893	0.835745	-0.000319	-0.004003
894	0.833430	0.000635	-0.005305
895	0.834587	-0.002858	-0.006800
896	0.830729	-0.002415	-0.003038
897	0.831308	-0.002292	-0.000820
898	0.832851	-0.001517	-0.001591
899	0.830343	-0.001638	-0.002604
900	0.826003	-0.002235	0.000820
901	0.829475	0.001047	0.001784
902	0.832369	-0.000205	-0.000241
903	0.828414	0.000863	-0.000579
904	0.833333	-0.004470	0.000916
905	0.833333	-0.000665	0.002025
906	0.831501	-0.001000	0.001302
907	0.831887	0.000112	0.003762
908	0.832851	-0.000639	0.003328
909	0.834491	-0.000879	0.003376
910	0.833044	-0.000087	0.001543
911	0.832562	0.002334	0.004292
912	0.829379	0.000226	0.004051
913	0.832658	0.002300	0.004196
914	0.832755	0.001314	0.005787
915	0.842110	0.002082	0.003665
916	0.836709	0.000501	0.003376
917	0.835359	0.002404	0.000965
918	0.830440	0.002985	0.004581
919	0.828993	-0.000952	0.005449
920	0.828704	0.001184	0.003713
921	0.828221	0.001370	0.005160
922	0.832851	0.002956	0.003038
923	0.836806	0.002731	0.002315
924	0.838252	0.001628	0.001061
925	0.831308	-0.000412	0.001977
926	0.830247	0.001651	-0.001688
927	0.825810	0.000100	-0.000241
928	0.828897	0.001438	-0.003038
929	0.832272	0.002082	-0.005739
930	0.838156	-0.000921	-0.007571
931	0.842689	0.000742	-0.006125
932	0.848669	0.001046	-0.006752
933	0.838349	-0.000207	-0.009597
934	0.845293	0.005411	-0.003520
935	0.844232	0.006432	-0.004292
936	0.849923	0.004446	-0.004292
937	0.854070	0.004679	-0.004871
938	0.840664	0.000668	-0.001833
939	0.842978	0.003300	-0.003665
940	0.836709	0.005964	-0.007282
941	0.847897	0.001981	-0.005401
942	0.853492	-0.001981	-0.001013
943	0.847222	-0.001098	-0.004340
944	0.846547	-0.000413	-0.003424
945	0.837867	-0.001046	-0.003858
946	0.832562	0.000359	-0.000289
947	0.831019	0.001076	0.002074
948	0.834877	-0.000501	0.005739
949	0.835166	-0.000376	0.003279
950	0.842207	-0.002707	0.003424
951	0.844811	-0.000800	0.005257
952	0.836323	0.000814	0.007909
953	0.837963	-0.000522	0.006607
954	0.834780	0.001478	0.001977
955	0.839024	-0.003211	0.005449
956	0.838252	-0.000713	0.002315
957	0.840760	-0.003808	0.004389
958	0.837191	-0.001043	0.007571
959	0.832079	-0.001786	0.005739
960	0.825617	-0.000033	0.006366
961	0.825907	-0.000240	0.005691
962	0.828704	-0.000345	0.005401
963	0.826100	0.001995	0.004581
964	0.826292	0.001843	0.004630
965	0.829861	0.001215	0.003858
966	0.823785	0.000366	0.004967
967	0.830826	0.002654	0.005691
968	0.830343	-0.003802	0.007330
969	0.829958	-0.000782	0.006173
970	0.833623	-0.001261	0.000627
971	0.830343	-0.000072	0.006510
972	0.832851	-0.001528	0.008873
973	0.828511	-0.000435	0.007378
974	0.838349	-0.000666	0.010031
975	0.835648	-0.000945	0.008536
976	0.826196	0.000168	0.002556
977	0.824846	-0.000138	0.001881
978	0.831983	-0.001195	-0.000820
979	0.826871	-0.000070	0.002363
980	0.824460	-0.000208	0.005112
981	0.829765	0.000784	0.002363
982	0.827546	-0.001126	-0.000820
983	0.827257	-0.001588	-0.002074
984	0.833623	-0.001743	0.000193
985	0.825617	-0.002962	-0.001109
986	0.824556	-0.001103	-0.000145
987	0.819444	-0.000498	-0.003376
988	0.820698	-0.000162	-0.002894
989	0.821373	0.001115	-0.003472
990	0.821759	0.000440	0.001061
991	0.824846	0.000395	-0.001109
992	0.822049	0.000965	-0.000772
993	0.815683	0.000280	0.001688
994	0.827160	0.000626	0.002122
995	0.825810	0.001739	0.002267
996	0.829475	0.001649	0.002267
997	0.830536	-0.000664	0.003810
998	0.826003	-0.001786	0.004051
999	0.818769	-0.000148	0.006800
1000	0.821470	-0.001531	0.002218
1001	0.832562	0.000909	0.007186
1002	0.828221	-0.000842	0.006221
1003	0.826775	-0.000450	0.004051
1004	0.831308	-0.000902	0.008295
1005	0.837384	-0.001132	0.005305
1006	0.831790	-0.002433	0.007909
1007	0.833044	0.000815	0.007716
1008	0.831115	0.001735	0.005160
1009	0.830343	-0.000280	0.006269
1010	0.835648	0.000928	0.009018
1011	0.835841	-0.000866	0.008005
1012	0.833333	0.001686	0.004774
1013	0.835841	0.002063	0.002363
1014	0.829861	0.003062	0.003231
1015	0.833333	0.003009	0.003617
1016	0.832369	0.002182	0.001591
1017	0.829090	0.000971	-0.002652
1018	0.834298	0.000098	-0.000530
1019	0.832272	0.000532	0.000193
1020	0.830633	0.002158	0.000868
1021	0.830729	0.001337	0.005739
1022	0.829861	0.002356	0.002508
1023	0.827546	-0.000478	0.005498
1024	0.833333	-0.000303	0.007716
1025	0.833044	-0.002189	0.005353
1026	0.838542	0.001107	0.008054
1027	0.840278	0.000424	0.009211
1028	0.834105	-0.000722	0.009886
1029	0.834491	0.000477	0.010754
1030	0.831983	0.001349	0.006173
1031	0.829765	0.000313	0.007475
1032	0.832948	0.001286	0.010706
1033	0.833719	0.001134	0.009115
1034	0.825907	0.000287	0.005401
1035	0.827643	-0.000324	0.005353
1036	0.828414	-0.002195	0.005932
1037	0.829475	-0.002504	0.006173
1038	0.822145	-0.001052	0.000145
1039	0.820409	0.000642	0.006510
1040	0.826485	-0.000317	0.005208
1041	0.822627	0.000048	0.005257
1042	0.822049	-0.000979	0.001302
1043	0.818576	-0.001162	0.002990
1044	0.818769	0.000934	-0.000145
1045	0.819155	-0.000196	-0.000289
1046	0.822242	0.000819	0.003328
1047	0.824556	-0.000779	-0.001833
1048	0.819444	0.000499	0.003135
1049	0.811343	0.000115	0.003810
1050	0.815394	-0.001476	0.000386
1051	0.817998	-0.000739	0.000096
1052	0.819830	-0.001902	0.002701
1053	0.818673	-0.000134	0.002556
1054	0.819059	0.000973	0.001350
1055	0.826100	-0.001032	-0.000723
1056	0.830922	-0.000451	-0.000916
1057	0.833526	0.000739	0.001495
1058	0.833912	-0.000802	0.003713
1059	0.836998	0.000103	0.004871
1060	0.835841	-0.000949	0.001736
1061	0.829475	-0.002180	0.002122
1062	0.832948	-0.001715	0.002942
1063	0.836516	-0.000589	0.000048
1064	0.840856	-0.002173	0.002074
1065	0.831404	-0.000370	-0.000627
1066	0.836420	-0.002190	-0.000096
1067	0.841821	-0.000645	-0.003376
1068	0.837577	-0.001437	-0.007475
1069	0.840760	0.000335	-0.010224
1070	0.847029	0.001593	-0.004726
1071	0.847222	0.000042	-0.007427
1072	0.845583	0.002011	-0.011236
1073	0.842785	-0.001371	-0.009452
1074	0.842785	-0.000146	-0.002942
1075	0.844232	-0.000358	-0.005353
1076	0.845293	0.001123	-0.004823
1077	0.835455	-0.000679	-0.004871
1078	0.839313	0.000363	-0.004292
1079	0.841725	-0.000907	-0.006028
1080	0.835552	-0.000066	-0.005305
1081	0.835455	0.001515	-0.005015
1082	0.838156	0.000045	-0.006028
1083	0.845100	0.000258	-0.004581
1084	0.844618	0.003269	-0.005112
1085	0.843654	0.003444	-0.009163
1086	0.847126	0.002830	-0.004678
1087	0.848958	0.002817	-0.005257
1088	0.845872	0.002939	-0.002122
1089	0.841435	0.001422	-0.007041
1090	0.841049	0.000994	-0.000434
1091	0.833719	0.002333	-0.004485
1092	0.836709	0.002718	-0.006655
1093	0.829958	0.000760	-0.004485
1094	0.833719	0.002506	-0.008054
1095	0.837191	0.001934	-0.007186
1096	0.832948	-0.000687	-0.007957
1097	0.826292	0.001402	-0.008102
1098	0.828029	-0.001030	-0.003665
1099	0.830826	-0.000584	-0.002315
1100	0.832851	0.000498	0.002459
1101	0.833623	-0.001223	-0.001061
1102	0.837191	0.000050	-0.000193
1103	0.838542	0.001670	0.002508
1104	0.836034	0.000780	0.000868
1105	0.832851	0.001926	-0.000289
1106	0.837095	0.001762	-0.004485
1107	0.832176	0.000895	-0.005691
1108	0.831115	0.000315	-0.003906
1109	0.834201	0.001302	-0.004196
1110	0.834201	-0.001207	-0.002797
1111	0.827643	0.001366	-0.003231
1112	0.830536	0.001291	-0.005112
1113	0.831404	0.000231	-0.007909
1114	0.834780	0.000371	-0.008536
1115	0.830922	-0.001692	-0.009211
1116	0.833526	-0.000193	-0.006414
1117	0.826582	-0.000460	-0.006028
1118	0.823399	-0.001559	-0.005835
1119	0.826968	-0.002328	-0.006028
1120	0.832465	-0.001708	-0.003038
1121	0.829958	0.002038	-0.003183
1122	0.825424	-0.000384	-0.003569
1123	0.819927	0.001172	-0.009259
1124	0.820313	0.000671	-0.007330
1125	0.820602	-0.000031	-0.005932
1126	0.826292	-0.001639	-0.009790
1127	0.824846	0.000026	-0.008054
1128	0.829572	-0.000718	-0.008777
1129	0.827450	-0.001758	-0.008777
1130	0.826292	-0.001681	-0.005787
1131	0.835841	-0.001119	-0.005835
1132	0.837867	0.002847	-0.005498
1133	0.837384	0.000804	-0.003665
1134	0.838542	0.002211	-0.007571
1135	0.834491	0.001982	-0.002701
1136	0.830826	-0.001669	-0.000579
1137	0.834201	-0.001470	-0.002556
1138	0.837867	0.000682	0.002508
1139	0.843943	-0.000426	0.006848
1140	0.828414	-0.000254	0.005353
1141	0.835069	0.002265	0.003279
1142	0.830729	0.001349	0.000482
1143	0.837191	-0.000798	0.004437
1144	0.840085	-0.001316	0.004389
1145	0.844232	-0.001092	0.001447
1146	0.840856	0.000144	0.005691
1147	0.837674	-0.001596	0.003617
1148	0.835745	0.000146	0.006993
1149	0.834491	-0.002406	0.000386
1150	0.836806	-0.001007	0.004967
1151	0.839410	0.002859	0.007620
1152	0.840278	-0.000509	0.005449
1153	0.833140	-0.001570	-0.000289
1154	0.829668	-0.000327	0.001206
1155	0.831887	-0.001324	-0.001254
1156	0.834877	0.000390	0.003231
1157	0.834973	-0.000719	-0.001254
1158	0.833333	0.001392	-0.002556
1159	0.830826	-0.001902	-0.000627
1160	0.829765	-0.000241	0.000916
1161	0.823495	-0.001186	0.001929
1162	0.821373	-0.002232	0.001881
1163	0.823978	-0.001195	-0.002990
1164	0.830343	0.001739	-0.000530
1165	0.826775	0.002482	-0.000145
1166	0.830247	0.000739	0.001543
1167	0.826775	-0.001580	0.001784
1168	0.823013	0.000657	0.006655
1169	0.825231	0.000503	0.009549
1170	0.829379	0.000182	0.006269
1171	0.831597	0.001698	0.007764
1172	0.830536	-0.001252	0.010224
1173	0.839410	-0.001533	0.011622
1174	0.833912	0.002661	0.004581
1175	0.833237	0.001989	0.002894
1176	0.842978	-0.000681	0.002170
1177	0.838638	0.000596	0.006221
1178	0.827932	-0.001271	0.008729
1179	0.830633	0.000288	0.006510
1180	0.833719	-0.001422	0.011236
1181	0.836516	-0.000159	0.012105
1182	0.831790	0.001936	0.011333
1183	0.834684	-0.000012	0.012008
1184	0.841146	0.002116	0.010851
1185	0.838445	0.001419	0.012346
1186	0.839892	0.001476	0.016300
1187	0.831597	0.002216	0.013937
1188	0.832948	0.002190	0.012828
1189	0.832658	-0.001151	0.007427
1190	0.828029	-0.001452	0.007089
1191	0.827932	-0.001212	0.005208
1192	0.822049	0.001027	0.002025
1193	0.823110	0.000863	0.001254
1194	0.823785	0.000794	-0.000916
1195	0.823785	-0.001301	0.001881
1196	0.817612	-0.001249	-0.004485
1197	0.817612	-0.000846	-0.000772
1198	0.816069	-0.000157	-0.000675
1199	0.819155	-0.000696	0.001254
1200	0.817419	-0.000505	0.002942
1201	0.822049	-0.000252	0.002701
1202	0.816551	0.000478	-0.004196
1203	0.821084	-0.000886	-0.007137
1204	0.820698	0.000599	-0.005642
1205	0.816165	0.000838	-0.001495
1206	0.811921	-0.001298	-0.002797
1207	0.812404	0.000036	-0.004244
1208	0.811246	-0.000545	0.002894
1209	0.814622	0.002368	0.003376
1210	0.817130	-0.000789	-0.002701
1211	0.820891	-0.000148	-0.004003
1212	0.817998	-0.000616	-0.002797
1213	0.821856	-0.000116	-0.005594
1214	0.819734	-0.000932	-0.003183
1215	0.820409	-0.001294	-0.006125
1216	0.827932	-0.000720	-0.009163
1217	0.825714	0.000287	-0.006944
1218	0.826292	0.000937	-0.004678
1219	0.826775	0.002948	-0.008005
1220	0.830440	0.002460	-0.003665
1221	0.828511	0.001577	-0.005015
1222	0.831597	0.001433	0.000145
1223	0.834491	0.001350	-0.001109
1224	0.834877	0.001739	-0.001254
1225	0.834684	0.000895	-0.006414
1226	0.830150	0.000996	-0.006125
1227	0.834684	-0.003109	-0.002652
1228	0.831694	-0.001777	-0.002025
1229	0.827064	-0.001762	0.003520
1230	0.822627	-0.001328	-0.001881
1231	0.831211	-0.001151	-0.002074
1232	0.826968	-0.000442	0.000145
1233	0.828221	0.002075	0.001350
1234	0.829186	0.002456	0.006318
1235	0.828318	-0.000140	0.006800
1236	0.833044	-0.001309	0.008054
1237	0.825039	-0.000262	0.011912
1238	0.825907	0.001859	0.010031
1239	0.833333	-0.000490	0.012490
1240	0.835069	-0.001713	0.011140
1241	0.834298	0.001018	0.003762
1242	0.832658	0.000184	0.002411
1243	0.836323	0.001626	0.002604
1244	0.834877	0.001725	0.007571
1245	0.837770	-0.001772	0.007330
1246	0.836227	0.000817	0.007234
1247	0.829668	0.000523	0.005305
1248	0.824749	-0.000439	0.005787
1249	0.828414	-0.000341	0.009983
1250	0.829861	0.000087	0.002074
1251	0.831308	0.000656	0.003472
1252	0.827836	0.001401	0.003279
1253	0.827257	0.001647	0.006173
1254	0.826100	0.001178	0.005546
1255	0.823978	-0.000647	0.003472
1256	0.817708	-0.000485	0.003810
1257	0.825039	-0.000347	0.003617
1258	0.820023	-0.000566	0.003617
1259	0.825810	0.001390	0.003376
1260	0.821856	0.001677	0.002315
1261	0.828993	0.001043	0.002025
1262	0.828221	-0.001034	0.003231
1263	0.820988	-0.000552	0.002604
1264	0.814911	-0.001163	-0.000048
1265	0.817805	-0.001476	-0.000965
1266	0.821663	-0.000582	-0.000289
1267	0.822145	-0.000210	0.000530
1268	0.825521	-0.000099	-0.000386
1269	0.822917	0.000116	-0.003617
1270	0.825714	0.000164	0.000579
1271	0.823785	0.001099	0.001640
1272	0.822145	0.000655	-0.002894
1273	0.829186	0.003213	-0.004003
1274	0.829861	0.003117	-0.001447
1275	0.829379	-0.000768	-0.002556
1276	0.828704	0.002192	-0.003183
1277	0.837288	0.000387	-0.004726
1278	0.836130	0.003311	-0.002170
1279	0.832658	0.005009	0.003231
1280	0.828993	0.002385	0.004099
1281	0.832369	-0.000294	0.002267
1282	0.834008	0.003253	0.004774
1283	0.828607	0.002204	0.007668
1284	0.827739	-0.000415	0.004099
1285	0.830343	0.000266	0.005883
1286	0.827353	-0.003392	0.008295
1287	0.822049	-0.000453	0.009645
1288	0.825907	0.000893	0.005594
1289	0.824460	0.000866	0.002074
1290	0.833237	-0.001338	-0.000675
1291	0.834298	-0.001514	-0.002411
1292	0.829572	0.000140	-0.000916
1293	0.834780	0.000011	0.000000
1294	0.835648	-0.000396	-0.001109
1295	0.834587	0.000336	-0.007282
1296	0.837384	-0.001677	-0.008439
1297	0.833430	-0.001777	-0.008198
1298	0.839217	-0.002020	-0.008391
1299	0.836806	-0.001061	-0.008439
1300	0.837577	-0.000536	-0.004678
1301	0.834973	0.001551	-0.007813
1302	0.830826	0.000230	-0.006703
1303	0.835745	0.000940	-0.008729
1304	0.833140	0.000078	-0.009886
1305	0.830054	0.000414	-0.006028
1306	0.833044	0.001615	-0.003617
1307	0.833912	-0.000542	-0.000241
1308	0.834491	-0.000902	-0.003762
1309	0.834684	-0.000168	-0.004244
1310	0.834780	-0.001737	-0.006848
1311	0.838349	-0.001320	-0.003810
1312	0.837384	0.002215	-0.002652
1313	0.837288	0.000039	-0.002990
1314	0.829958	0.001836	-0.006318
1315	0.836613	0.000585	-0.003906
1316	0.834105	-0.000155	-0.005691
1317	0.835166	0.002311	-0.003762
1318	0.832948	0.000241	-0.003906
1319	0.834587	-0.000742	-0.005691
1320	0.835262	-0.001601	-0.001206
1321	0.835455	-0.003136	0.000675
1322	0.839603	-0.001612	-0.004340
1323	0.838927	-0.000732	-0.002508
1324	0.838349	-0.000722	0.001833
1325	0.836516	-0.000741	0.005883
1326	0.839699	-0.001599	-0.000579
1327	0.835552	0.001337	0.004003
1328	0.839120	-0.000272	0.005112
1329	0.834008	0.000947	0.003279
1330	0.826678	-0.001206	0.003183
1331	0.830536	-0.001092	-0.001254
1332	0.828029	-0.002672	-0.002990
1333	0.837095	-0.000944	-0.001157
1334	0.832465	0.001592	0.003954
1335	0.837867	0.001935	0.006848
1336	0.843268	0.000972	0.005642
1337	0.833816	0.000450	0.008488
1338	0.830922	-0.001018	0.008102
1339	0.831983	0.000332	0.005353
1340	0.826871	0.000470	0.006462
1341	0.835069	-0.000503	0.012442
1342	0.837095	0.001647	0.009259
1343	0.841917	0.001923	0.013648
1344	0.837095	0.000458	0.007378
1345	0.833044	0.000697	0.007716
1346	0.831597	-0.000477	0.008054
1347	0.834684	0.000280	0.003665
1348	0.829572	-0.000845	0.002797
1349	0.828993	0.001782	0.002845
1350	0.824171	-0.000550	0.004871
1351	0.825521	0.000570	0.005739
1352	0.828125	-0.000905	0.005112
1353	0.822917	0.000177	0.005305
1354	0.823495	0.000149	0.004003
1355	0.826775	-0.002246	0.005160
1356	0.827353	0.001617	0.007282
1357	0.834684	0.001353	0.000338
1358	0.835938	0.001489	0.000579
1359	0.832755	0.001667	0.004051
1360	0.835069	0.000384	0.003858
1361	0.839603	0.000225	0.004919
1362	0.843846	0.000361	0.008632
1363	0.844425	0.001158	0.007523
1364	0.843268	0.003904	0.009886
1365	0.841917	0.001897	0.006269
1366	0.844039	0.001281	0.006703
1367	0.842014	0.001966	0.005015
1368	0.838059	0.003034	0.003665
1369	0.839024	0.003904	0.004630
1370	0.848380	0.000016	0.003762
1371	0.848476	-0.001817	0.001784
1372	0.847704	0.001287	0.002170
1373	0.856289	-0.000319	0.004340
1374	0.850598	-0.003055	0.003520
1375	0.849344	0.001155	0.005064
1376	0.851370	0.001613	0.006800
1377	0.850791	0.000853	0.008054
1378	0.851080	0.004278	0.008536
1379	0.852045	0.004955	0.006800
1380	0.852720	0.004729	0.008343
1381	0.843654	0.001289	0.007089
1382	0.843557	0.000350	0.006366
1383	0.842207	0.000200	0.007861
1384	0.843846	-0.001310	0.006559
1385	0.842978	-0.001759	0.008536
1386	0.834780	0.000179	0.003183
1387	0.834780	0.000521	0.004581
1388	0.825039	-0.002464	0.006800
1389	0.822724	-0.001137	0.006848
1390	0.830440	0.003874	0.001688
1391	0.826582	0.001015	0.000338
1392	0.831887	-0.000445	0.003810
1393	0.834008	-0.001639	0.004581
1394	0.834008	-0.000104	0.000145
1395	0.834587	0.000538	-0.000965
1396	0.835359	-0.000890	-0.001447
1397	0.819444	-0.001184	-0.006462
1398	0.822820	-0.000254	-0.007475
1399	0.822434	-0.000071	-0.006318
1400	0.822434	0.000892	-0.007909
1401	0.822531	-0.000606	0.000386
1402	0.823592	0.001102	-0.002652
1403	0.820313	0.000168	-0.004244
1404	0.824074	-0.000200	-0.006752
1405	0.827353	-0.000634	-0.008054
1406	0.819348	0.001088	-0.008873
1407	0.817901	0.000160	-0.010802
1408	0.817419	-0.001409	-0.008488
1409	0.819444	0.000996	-0.006607
1410	0.819348	-0.000272	-0.003569
1411	0.822145	-0.000007	-0.001061
1412	0.822531	-0.000110	0.002942
1413	0.817708	-0.001029	0.003135
1414	0.824074	-0.001435	-0.001977
1415	0.820988	0.000558	-0.003183
1416	0.825328	0.001792	-0.004871
1417	0.826485	0.001255	-0.002845
1418	0.828414	-0.000511	0.000579
1419	0.833430	-0.000419	-0.001977
1420	0.827932	-0.000713	-0.001061
1421	0.832369	0.001489	0.001350
1422	0.833237	0.000300	-0.002797
1423	0.830633	0.000294	-0.006414
1424	0.836323	-0.001325	-0.004581
1425	0.835359	-0.000893	-0.002845
1426	0.834587	0.000897	-0.001640
1427	0.829861	0.001013	-0.004099
1428	0.830536	-0.001147	-0.002218
1429	0.831308	-0.000009	-0.005980
1430	0.835069	0.002703	-0.003954
1431	0.831887	0.000869	-0.004919
1432	0.830729	-0.000958	-0.007909
1433	0.836516	0.001438	-0.005546
1434	0.836130	-0.000299	-0.009404
1435	0.833333	0.001884	-0.001640
1436	0.833719	0.000620	-0.003086
1437	0.826292	0.001557	-0.006800
1438	0.828221	-0.000047	-0.006559
1439	0.822242	0.000904	-0.004147
1440	0.822917	-0.000415	-0.008005
1441	0.825907	0.001605	-0.003520
1442	0.828993	0.001755	-0.000530
1443	0.833719	0.001987	0.001447
1444	0.837577	0.003129	0.003231
1445	0.833912	0.002186	-0.000965
1446	0.828125	-0.000509	0.004967
1447	0.823881	-0.001926	-0.000627
1448	0.824846	0.000308	-0.001591
1449	0.823399	-0.000429	-0.002411
1450	0.820891	0.000080	-0.003472
1451	0.826775	-0.000087	-0.001591
1452	0.827160	0.000120	0.000965
1453	0.831887	0.001149	-0.001061
1454	0.835166	0.000203	-0.001784
1455	0.836516	-0.000873	-0.003424
1456	0.839988	-0.001195	-0.004340
1457	0.831790	0.000939	-0.007716
1458	0.840181	-0.001376	-0.008054
1459	0.841339	0.000014	-0.004292
1460	0.833140	0.000825	-0.005980
1461	0.827932	0.000944	-0.008391
1462	0.828318	0.001183	-0.006173
1463	0.828800	0.002801	-0.005160
1464	0.833623	0.000059	0.001495
1465	0.826678	-0.000063	0.000723
1466	0.829765	-0.000592	-0.000820
1467	0.827739	-0.001453	-0.001929
1468	0.831019	-0.001145	-0.004485
1469	0.826678	-0.002444	-0.001591
1470	0.829090	0.000227	-0.005015
1471	0.832369	0.000947	-0.003231
1472	0.836034	-0.001126	-0.001784
1473	0.835938	-0.000208	-0.000434
1474	0.833912	-0.002743	-0.003906
1475	0.833912	-0.003555	-0.004823
1476	0.836227	-0.000181	-0.008150
1477	0.835166	0.000857	-0.003376
1478	0.838927	0.002163	-0.003713
1479	0.839506	-0.003662	-0.001495
1480	0.838831	-0.001843	-0.002218
1481	0.836709	0.000436	-0.001206
1482	0.832176	-0.001100	-0.001543
1483	0.833526	0.000895	-0.009211
1484	0.833526	0.002072	-0.009307
1485	0.832755	0.001982	-0.004292
1486	0.831887	-0.000324	-0.007909
1487	0.834201	0.000585	-0.004678
1488	0.833140	-0.000010	-0.001784
1489	0.833526	0.001665	-0.005112
1490	0.838542	0.002010	-0.000965
1491	0.835166	0.000441	-0.001833
1492	0.832948	0.002848	-0.003279
1493	0.828897	0.000552	-0.003472
1494	0.822145	0.000512	-0.005064
1495	0.823688	0.000389	-0.001640
1496	0.826968	0.000267	-0.002459
1497	0.830343	-0.000184	-0.000434
1498	0.826100	0.002766	-0.006028
1499	0.836709	0.003101	-0.004051
1500	0.841049	0.002582	-0.002990
1501	0.837481	0.001281	-0.001640
1502	0.835745	0.001244	-0.003810
1503	0.838927	0.002413	-0.003424
1504	0.834008	-0.000501	-0.001688
1505	0.835938	0.000754	0.001929
1506	0.831501	0.001131	0.003183
1507	0.834877	0.000747	0.002122
1508	0.837867	0.001292	0.001929
1509	0.842882	0.001448	0.001543
1510	0.837674	-0.002391	0.001784
1511	0.838059	0.000525	0.002845
1512	0.837191	-0.002358	0.006703
1513	0.828511	-0.000505	0.002652
1514	0.826100	-0.001645	0.007234
1515	0.828607	-0.000602	0.008922
1516	0.827546	-0.000357	0.008102
1517	0.824846	0.000034	0.010513
1518	0.828125	-0.000288	0.010320
1519	0.830633	-0.000816	0.011574
1520	0.838927	0.001911	0.012056
1521	0.837095	0.002505	0.009983
1522	0.828221	0.002129	0.008247
1523	0.834394	0.000402	0.005835
1524	0.830150	0.000633	0.005257
1525	0.828414	0.002764	0.003135
1526	0.829958	0.002129	0.002025
1527	0.826582	-0.000909	0.004051
1528	0.830247	0.000573	0.008295
1529	0.829668	0.000562	0.008873
1530	0.824171	-0.000772	0.007089
1531	0.818383	-0.000081	0.005112
1532	0.819348	-0.001067	0.004630
1533	0.826389	0.000858	0.004051
1534	0.828029	-0.000009	0.001784
1535	0.826292	-0.002545	0.000289
1536	0.822917	-0.000568	-0.003858
1537	0.824074	-0.000597	0.000386
1538	0.824942	0.000099	-0.000675
1539	0.824556	-0.000485	-0.004533
1540	0.821470	-0.001336	-0.004678
1541	0.817708	-0.001779	-0.004919
1542	0.822724	-0.000631	-0.005257
1543	0.827160	0.003569	-0.005257
1544	0.830247	0.003620	-0.002797
1545	0.832176	0.001708	-0.008439
1546	0.829475	0.002381	-0.003086
1547	0.827932	0.000882	-0.007089
1548	0.824556	-0.000473	-0.012587
1549	0.821856	-0.000742	-0.013358
1550	0.823495	0.000717	-0.016300
1551	0.816744	-0.000984	-0.010947
1552	0.818094	0.000101	-0.007909
1553	0.821470	-0.001134	-0.005112
1554	0.817419	-0.001289	-0.005835
1555	0.822145	-0.000695	-0.002315
1556	0.822627	0.001764	-0.001591
1557	0.833430	-0.000960	-0.001543
1558	0.833816	0.001280	-0.001254
1559	0.836130	0.000066	-0.003954
1560	0.832369	0.000388	-0.005064
1561	0.830729	-0.000059	0.003762
1562	0.827932	0.000203	0.002411
1563	0.830826	-0.000985	0.002267
1564	0.830054	0.000578	0.005883
1565	0.826485	-0.000177	0.001977
1566	0.825907	-0.000008	0.005160
1567	0.823110	0.000123	0.004292
1568	0.821181	0.000434	0.006752
1569	0.821663	0.000206	0.004823
1570	0.821663	0.000951	0.008873
1571	0.821470	-0.000164	0.008488
1572	0.821470	-0.000515	0.008295
1573	0.834105	-0.001565	0.006414
1574	0.826582	-0.001044	0.003086
1575	0.823206	0.000095	0.005449
1576	0.827643	0.000587	0.003520
1577	0.834587	0.000502	0.002556
1578	0.832562	0.002123	-0.000338
1579	0.834105	-0.002838	-0.000965
1580	0.840471	-0.000443	-0.001784
1581	0.835359	0.000052	0.000965
1582	0.838831	0.002570	0.001543
1583	0.844329	0.004327	0.003376
1584	0.838349	0.002345	0.001254
1585	0.839699	-0.001588	0.006703
1586	0.840664	-0.003709	0.006896
1587	0.843846	-0.000963	0.006366
1588	0.841242	0.000228	0.003231
1589	0.843557	-0.003849	0.005112
1590	0.842110	-0.001471	0.002025
1591	0.837095	0.002458	0.004196
1592	0.847319	0.001966	0.007668
1593	0.847415	-0.000780	0.007716
1594	0.844715	-0.000951	0.007571
1595	0.839892	-0.001406	0.005980
1596	0.844232	0.002340	0.004871
1597	0.849730	-0.000738	0.005691
1598	0.845293	0.001138	0.005257
1599	0.847897	-0.003192	0.007041
1600	0.853684	-0.000990	0.011236
1601	0.846836	-0.000290	0.008632
1602	0.846740	0.000706	0.011478
1603	0.843171	0.002394	0.006752
1604	0.839024	0.003669	0.007041
1605	0.840085	0.001420	0.006607
1606	0.838156	0.000583	0.006125
1607	0.843557	0.000781	0.005691
1608	0.847319	0.000436	0.006896
1609	0.841628	0.000347	0.004533
1610	0.833044	0.000363	0.003906
1611	0.828511	-0.000065	0.002122
1612	0.831211	0.000550	0.002990
1613	0.832851	-0.000708	0.001929
1614	0.836323	0.000820	0.003376
1615	0.833526	0.003382	0.003135
1616	0.832272	0.001231	0.002508
1617	0.829765	0.002127	-0.001399
1618	0.834298	-0.000240	-0.000482
1619	0.834587	0.000279	0.005160
1620	0.833526	-0.000858	0.003424
1621	0.829668	-0.000248	0.006462
1622	0.828897	0.000390	0.004340
1623	0.835648	-0.001375	0.006607
1624	0.831308	-0.001686	0.002990
1625	0.831211	-0.000659	0.002556
1626	0.831404	-0.001066	0.002170
1627	0.835745	0.000094	0.004967
1628	0.840856	0.000791	0.000482
1629	0.842593	-0.000714	0.000772
1630	0.844715	-0.000613	-0.004244
1631	0.833237	-0.000419	-0.000772
1632	0.834973	-0.001096	0.001881
1633	0.839892	-0.000687	0.004003
1634	0.834491	-0.000217	0.003135
1635	0.834105	-0.002269	0.001640
1636	0.831404	-0.001519	0.002990
1637	0.836130	-0.004443	0.001591
1638	0.834008	-0.003105	0.002315
1639	0.828704	-0.001878	0.007089
1640	0.824942	0.001641	0.003135
1641	0.820216	-0.000763	-0.001109
1642	0.824653	-0.000085	0.002315
1643	0.822724	0.000382	0.002459
1644	0.822434	-0.000393	-0.002411
1645	0.825039	-0.000569	-0.003858
1646	0.823206	-0.001499	-0.002363
1647	0.825521	-0.000125	-0.002556
1648	0.829090	-0.000029	-0.001688
1649	0.829958	0.000542	0.000241
1650	0.822338	-0.000353	0.000579
1651	0.828607	0.000712	-0.000386
1652	0.824749	0.001355	0.000145
1653	0.827546	0.000699	0.000820
1654	0.819637	-0.001346	0.002990
1655	0.822917	-0.002374	0.002652
1656	0.819059	0.000931	0.004967
1657	0.823688	-0.000828	0.002749
1658	0.821759	-0.001908	0.002556
1659	0.823495	-0.000350	0.001399
1660	0.823592	-0.001645	0.002025
1661	0.825617	0.000118	-0.001591
1662	0.826196	0.001653	0.001157
1663	0.828125	-0.000068	0.002025
1664	0.826100	0.001009	0.002701
1665	0.830150	-0.001660	0.004292
1666	0.828511	0.000054	0.003569
1667	0.828704	-0.000976	0.001302
1668	0.827546	0.000362	0.003279
1669	0.829668	-0.000215	0.002218
1670	0.830536	-0.001263	0.002990
1671	0.833333	0.001687	0.001543
1672	0.831115	0.001574	0.002218
1673	0.828607	-0.000623	0.002411
1674	0.825907	0.000827	0.002411
1675	0.818769	0.001464	0.003038
1676	0.825424	0.001823	0.006752
1677	0.823206	-0.000353	0.000145
1678	0.827160	-0.000641	-0.000579
1679	0.823495	-0.001378	0.000627
1680	0.824846	0.000969	-0.002267
1681	0.829282	0.001270	-0.005594
1682	0.834587	0.002565	-0.008295
1683	0.840085	0.001478	-0.004726
1684	0.835262	0.003278	-0.003954
1685	0.835166	0.002210	-0.004292
1686	0.842882	0.002105	-0.006269
1687	0.838735	0.001686	-0.007089
1688	0.831115	0.001482	-0.005449
1689	0.832176	0.000832	-0.004871
1690	0.831983	-0.000468	-0.008005
1691	0.840856	0.002104	-0.004244
1692	0.843364	0.000766	-0.000675
1693	0.841339	0.001938	-0.002363
1694	0.832755	0.001057	0.001495
1695	0.827064	-0.000676	0.003086
1696	0.826389	-0.000129	0.003376
1697	0.824171	0.001814	0.003520
1698	0.834008	0.000982	-0.000338
1699	0.824267	0.000626	0.000820
1700	0.828318	0.000129	-0.001495
1701	0.825231	-0.001679	0.006125
1702	0.820602	0.001207	0.007186
1703	0.823881	-0.000160	0.004389
1704	0.822531	-0.000099	0.008295
1705	0.817901	-0.000754	0.004726
1706	0.822338	0.000153	0.008873
1707	0.818191	0.000726	0.004196
1708	0.814140	0.000386	0.003762
1709	0.815586	-0.000383	-0.000338
1710	0.815779	0.000362	-0.000916
1711	0.818673	0.001312	-0.006366
1712	0.816937	0.002437	-0.002942
1713	0.823206	0.000324	-0.004630
1714	0.817708	-0.000527	-0.003231
1715	0.821759	0.000146	-0.002797
1716	0.817323	-0.000997	0.000000
1717	0.822820	0.000433	0.000723
1718	0.821759	0.000743	-0.001399
1719	0.823688	0.001553	0.002218
1720	0.823013	0.001844	0.001543
1721	0.820795	0.001067	-0.004196
1722	0.816069	0.000557	-0.006125
1723	0.820505	0.000628	-0.001495
1724	0.824074	0.000455	0.000289
1725	0.826389	-0.000075	-0.002025
1726	0.831790	0.002437	-0.003954
1727	0.830343	0.001425	-0.000193
1728	0.832465	0.001372	-0.004726
1729	0.833526	0.001169	-0.003762
1730	0.833333	-0.000293	-0.001061
1731	0.832948	-0.001066	-0.001495
1732	0.837577	-0.001006	-0.004340
1733	0.828704	-0.000343	-0.003810
1734	0.830826	-0.000402	-0.004292
1735	0.831115	0.001692	-0.003135
1736	0.834008	0.001833	-0.005835
1737	0.831887	0.002213	-0.007764
1738	0.835069	0.001565	-0.004437
1739	0.834973	-0.000393	-0.000096
1740	0.833333	0.002238	-0.002074
1741	0.833044	0.002105	-0.002508
1742	0.829186	0.000669	-0.005691
1743	0.825907	0.002360	-0.006462
1744	0.822724	0.002177	-0.004099
1745	0.824363	0.003163	-0.001688
1746	0.831019	-0.000271	-0.001206
1747	0.831019	-0.000511	-0.000868
1748	0.832658	0.000408	-0.001543
1749	0.826389	-0.001006	-0.002652
1750	0.833333	-0.000275	-0.005883
1751	0.833044	0.000445	-0.007764
1752	0.834394	0.000960	-0.010176
1753	0.836902	-0.002117	-0.006318
1754	0.828125	-0.000261	-0.008198
1755	0.834105	0.001631	-0.004871
1756	0.841725	0.002829	-0.006318
1757	0.842207	0.001457	-0.003858
1758	0.839217	-0.001975	0.000145
1759	0.848283	0.001513	-0.001688
1760	0.853684	-0.000174	-0.000338
1761	0.848476	0.002046	0.001977
1762	0.849344	-0.001969	0.002701
1763	0.842303	0.001591	0.002218
1764	0.837481	-0.001650	0.001157
1765	0.842593	0.001646	0.001495
1766	0.839217	-0.000872	0.002990
1767	0.838638	-0.001716	0.000579
1768	0.835745	-0.002438	0.002363
1769	0.833816	0.001279	-0.004871
1770	0.838252	0.000435	-0.002411
1771	0.834105	0.000838	0.000434
1772	0.833623	0.000333	0.000530
1773	0.835648	-0.000129	0.001013
1774	0.837674	-0.001450	0.002701
1775	0.830729	0.001529	0.000579
1776	0.832755	-0.000940	0.002556
1777	0.829379	0.000323	0.006655
1778	0.828029	0.001092	0.006125
1779	0.826100	0.002004	0.009259
1780	0.828511	0.002701	0.007909
1781	0.820505	0.000732	0.010031
1782	0.821566	0.000736	0.008343
1783	0.814333	-0.000699	0.006800
1784	0.817419	0.001005	0.000627
1785	0.818962	0.001056	0.001157
1786	0.821663	-0.000121	0.002411
1787	0.818094	0.000668	0.004196
1788	0.818576	-0.001009	0.003231
1789	0.822627	-0.001509	0.006173
1790	0.825617	0.000516	0.002411
1791	0.823592	0.001670	0.001833
1792	0.824942	0.000802	0.004340
1793	0.821952	0.000687	0.007282
1794	0.828511	0.000406	0.004871
1795	0.830729	0.000471	0.007378
1796	0.837867	0.001024	0.005739
1797	0.838156	0.002202	0.003135
1798	0.834780	0.003094	0.002170
1799	0.834973	0.002551	-0.000338
1800	0.836130	0.001103	0.002508
1801	0.831501	-0.000413	-0.001736
1802	0.823785	-0.000153	-0.002267
1803	0.826582	0.001592	-0.001109
1804	0.831019	0.000666	-0.002074
1805	0.830054	-0.000908	0.002459
1806	0.830343	-0.001375	-0.000627
1807	0.835648	0.001977	-0.000241
1808	0.833333	0.000342	-0.005208
1809	0.830247	-0.000156	-0.002942
1810	0.832272	0.001372	-0.002122
1811	0.830633	0.000508	-0.000386
1812	0.834587	0.000181	0.000772
1813	0.841821	0.000062	-0.002508
1814	0.838059	0.002052	0.001736
1815	0.838927	0.001042	0.002604
1816	0.838059	-0.000078	0.003424
1817	0.832562	-0.000874	0.000579
1818	0.828897	-0.000212	0.000627
1819	0.833044	-0.001485	0.001399
1820	0.833333	-0.001129	-0.000048
1821	0.831790	0.001559	-0.002894
1822	0.825907	0.001223	0.001929
1823	0.826389	0.000809	0.005883
1824	0.829475	0.000662	0.000820
1825	0.825617	0.001230	0.002170
1826	0.826775	-0.000108	0.003520
1827	0.832562	0.000959	0.000048
1828	0.835166	-0.000040	0.003617
1829	0.830440	0.000679	0.000868
1830	0.827643	-0.000078	0.002749
1831	0.828993	-0.001904	0.002074
1832	0.828221	-0.000237	0.001206
1833	0.831019	-0.002654	0.005015
1834	0.829090	-0.000735	0.004581
1835	0.829379	0.000012	0.002894
1836	0.827932	0.001089	0.005932
1837	0.832755	0.000569	0.003279
1838	0.833526	-0.000464	0.008054
1839	0.830633	0.000018	0.009983
1840	0.822242	0.001868	0.010320
1841	0.832465	0.000409	0.010754
1842	0.829379	0.001698	0.008247
1843	0.830054	0.002111	0.009500
1844	0.831308	0.001401	0.010513
1845	0.829765	-0.001280	0.013696
1846	0.828414	-0.001084	0.010224
1847	0.828221	0.000417	0.010947
1848	0.837095	-0.001679	0.012394
1849	0.835166	-0.001437	0.011719
1850	0.833623	-0.001309	0.010658
1851	0.836613	-0.000113	0.004630
1852	0.836902	0.000430	0.004340
1853	0.839699	0.000082	0.005787
1854	0.839988	0.000658	0.002074
1855	0.836323	-0.000304	0.001206
1856	0.834201	-0.001352	0.005498
1857	0.831694	-0.001385	0.005208
1858	0.834587	-0.001622	0.002845
1859	0.834394	-0.003113	0.000820
1860	0.834587	-0.001304	0.003665
1861	0.838059	-0.004485	0.005112
1862	0.838831	-0.001320	0.009307
1863	0.844329	-0.002804	0.009693
1864	0.841049	-0.000499	0.014419
1865	0.838735	0.000608	0.011140
1866	0.837288	-0.000243	0.016107
1867	0.839796	-0.001464	0.008922
1868	0.837384	0.000945	0.011863
1869	0.839410	-0.000757	0.009790
1870	0.833912	-0.001942	0.007861
1871	0.842207	-0.000026	0.005787
1872	0.837674	0.001875	0.002845
1873	0.835262	0.001661	0.000772
1874	0.837095	-0.000682	0.003858
1875	0.834877	0.000002	0.002604
1876	0.836130	-0.000411	-0.001013
1877	0.835455	0.000954	0.004533
1878	0.834008	-0.000580	0.001447
1879	0.834105	0.001233	0.000193
1880	0.823785	0.000944	0.005642
1881	0.825424	0.001032	0.005787
1882	0.829186	0.003169	0.005883
1883	0.836709	0.001355	0.007330
1884	0.842400	0.002365	0.004823
1885	0.843654	0.002826	0.005739
1886	0.845004	-0.002067	0.006076
1887	0.839217	0.000524	0.007427
1888	0.835938	0.001519	0.009742
1889	0.842882	0.002603	0.007427
1890	0.838831	0.001691	0.003086
1891	0.838735	0.000584	0.006559
1892	0.839313	0.002655	0.008391
1893	0.841725	0.001916	0.000000
1894	0.837674	0.001654	-0.000772
1895	0.837481	0.001648	0.000965
1896	0.838542	0.000559	0.002604
1897	0.833333	0.000205	0.001929
1898	0.837770	-0.000299	0.003424
1899	0.833044	0.001676	0.002556
1900	0.834684	-0.000629	0.002894
1901	0.836227	-0.001409	0.002508
1902	0.830343	-0.001357	0.002990
1903	0.822338	0.000668	0.005064
1904	0.823013	-0.000051	0.005980
1905	0.830054	0.001299	0.004581
1906	0.828221	-0.001760	0.004581
1907	0.824074	-0.000604	0.004485
1908	0.825328	-0.002080	0.008488
1909	0.830922	0.000627	0.003906
1910	0.827836	-0.000496	0.001109
1911	0.826389	0.002296	0.002170
1912	0.828221	-0.000495	0.001206
1913	0.830729	0.000017	0.002556
1914	0.828897	-0.000519	-0.003135
1915	0.835262	-0.000873	-0.009693
1916	0.835648	-0.000220	-0.005691
1917	0.832562	0.000045	-0.004244
1918	0.833816	-0.000609	-0.004967
1919	0.832562	-0.001371	-0.004871
1920	0.832562	-0.000842	-0.000723
1921	0.830633	0.001149	0.003713
1922	0.835166	0.001569	0.001350
1923	0.836516	0.002138	0.001061
1924	0.837867	0.003335	-0.000096
1925	0.837191	0.003246	0.004051
1926	0.838927	0.001842	0.001109
1927	0.835938	0.001040	-0.001399
1928	0.839796	0.001250	-0.002894
1929	0.837191	0.000197	-0.004726
1930	0.840760	-0.000082	-0.005160
1931	0.836709	0.000774	0.000965
1932	0.840374	-0.002394	0.004196
1933	0.838059	-0.001046	-0.000820
1934	0.839988	-0.000816	-0.000289
1935	0.839120	-0.000269	0.004196
1936	0.836516	-0.000818	-0.004533
1937	0.838542	0.000907	0.001833
1938	0.837481	-0.003426	0.001157
1939	0.841146	-0.001074	0.003279
1940	0.845100	0.000635	0.003135
1941	0.842400	0.000741	-0.001350
1942	0.832465	-0.000920	-0.002122
1943	0.827836	-0.000011	0.000048
1944	0.829475	-0.000416	0.003472
1945	0.833816	0.001820	-0.002170
1946	0.840953	-0.001479	-0.004485
1947	0.835938	-0.002223	-0.004919
1948	0.837288	-0.001685	-0.004437
1949	0.837481	-0.000023	-0.005160
1950	0.836034	-0.000961	-0.004967
1951	0.826485	0.000674	-0.005594
1952	0.828318	-0.000841	-0.008102
1953	0.828993	0.000852	-0.006655
1954	0.833430	0.000524	-0.007089
1955	0.845486	-0.003144	-0.006076
1956	0.838927	-0.001106	-0.004871
1957	0.832369	-0.000777	-0.006366
1958	0.831694	0.000821	-0.004919
1959	0.830922	-0.002556	0.000241
1960	0.834008	-0.001192	0.002701
1961	0.828029	-0.000344	0.004099
1962	0.830826	-0.000966	0.002701
1963	0.825714	-0.000403	0.004630
1964	0.823013	0.000539	0.003954
1965	0.828221	0.001054	0.001688
1966	0.828221	0.001973	0.001833
1967	0.826678	0.000936	0.003954
1968	0.826100	0.000362	0.006462
1969	0.829958	0.000540	0.007089
1970	0.829186	-0.000007	0.009018
1971	0.828318	0.000712	0.005546
1972	0.823399	0.001375	0.003665
1973	0.827643	0.001255	0.003376
1974	0.826196	-0.001864	0.002556
1975	0.826775	0.000537	0.001399
1976	0.828125	-0.002744	0.003665
1977	0.826871	0.001366	0.004003
1978	0.823110	-0.000110	0.002411
1979	0.815972	-0.000074	0.006125
1980	0.807581	-0.000580	0.002025
1981	0.808835	-0.000463	0.001350
1982	0.808642	-0.000275	0.003858
1983	0.802083	-0.000913	0.000434
1984	0.799479	0.000042	0.000675
1985	0.803337	-0.001654	0.003472
1986	0.808546	-0.000553	0.005112
1987	0.806520	0.000397	0.002122
1988	0.804205	0.000700	0.003086
1989	0.808835	-0.000655	-0.000916
1990	0.816262	-0.000803	0.001302
1991	0.816069	0.000838	0.002025
1992	0.809703	0.001071	0.004340
1993	0.810378	-0.001679	0.000723
1994	0.809028	-0.001243	0.005257
1995	0.811053	0.000863	0.007668
1996	0.812211	0.001374	0.005546
1997	0.813754	-0.000549	0.008488
1998	0.817130	0.000527	0.009115
1999	0.820505	0.000054	0.011285
2000	0.822242	-0.000356	0.009066
2001	0.815201	-0.000911	0.012924
2002	0.821566	-0.001303	0.009404
2003	0.821566	-0.001333	0.013889
2004	0.825714	-0.002639	0.014419
2005	0.828221	-0.000875	0.012201
2006	0.823688	-0.001589	0.013166
2007	0.824267	-0.001621	0.012008
2008	0.829186	0.000079	0.006125
2009	0.828993	0.000188	0.010802
2010	0.829958	-0.000288	0.008632
2011	0.828029	0.000445	0.008439
2012	0.830343	-0.000970	0.004051
2013	0.830729	0.000193	0.008922
2014	0.838252	-0.000629	0.004823
2015	0.837577	0.001524	0.006993
2016	0.832562	0.000304	0.010176
2017	0.828607	0.001168	0.006848
2018	0.826968	0.000815	0.005642
2019	0.828897	-0.001186	0.006607
2020	0.825617	-0.000226	0.006896
2021	0.825907	-0.000209	0.002797
2022	0.815972	-0.001868	0.005401
2023	0.820120	0.000084	0.003135
2024	0.831790	-0.001958	0.007282
2025	0.837867	0.000594	-0.000820
2026	0.834201	-0.000704	0.002025
2027	0.838445	-0.001901	0.005498
2028	0.841917	0.000247	0.005932
2029	0.842785	-0.001023	0.005449
2030	0.842882	-0.000922	0.003376
2031	0.836323	-0.001846	0.005015
2032	0.835745	-0.002622	0.005835
2033	0.836902	-0.002729	0.003810
2034	0.840471	-0.001920	0.005691
2035	0.842785	-0.000621	0.007041
2036	0.836613	0.001690	0.004099
2037	0.845486	0.000104	0.001736
2038	0.841725	0.002352	-0.001254
2039	0.841146	-0.000492	-0.003038
2040	0.835455	0.000078	0.002315
2041	0.832176	-0.001030	0.002267
2042	0.829765	0.000396	0.003810
2043	0.828704	-0.000068	0.003617
2044	0.828511	0.000116	-0.000241
2045	0.831115	0.002385	0.004871
2046	0.829572	0.000455	-0.000675
2047	0.830633	-0.001019	0.001688
2048	0.826292	0.001070	0.000048
2049	0.832948	0.000618	0.001013
2050	0.833140	0.000880	0.000916
2051	0.829958	-0.000617	0.004340
2052	0.832465	0.000500	0.006800
2053	0.832755	0.000265	0.006944
2054	0.825135	0.000201	0.002894
2055	0.821663	-0.001656	0.000096
2056	0.827836	0.000396	-0.000048
2057	0.829090	-0.000293	0.000048
2058	0.831211	0.000672	0.002749
2059	0.835745	-0.001080	0.003328
2060	0.838252	0.000875	0.000868
2061	0.837384	0.000969	0.001881
2062	0.828029	0.002619	0.010031
2063	0.832465	0.002838	0.009066
2064	0.829668	-0.000274	0.010851
2065	0.825907	0.001507	0.008102
2066	0.827257	0.001707	0.005787
2067	0.827160	-0.001412	0.006607
2068	0.824749	0.000656	0.003520
2069	0.826292	0.002102	0.004485
2070	0.821663	0.002976	0.004389
2071	0.826775	0.002286	0.002797
2072	0.825424	0.000604	0.001929
2073	0.821470	-0.001098	0.004581
2074	0.819734	-0.001542	0.001977
2075	0.821759	0.000360	0.001688
2076	0.819541	-0.000897	0.000289
2077	0.823592	-0.000511	-0.002652
2078	0.822724	0.000562	0.002267
2079	0.821084	0.000645	0.006848
2080	0.812982	-0.000161	0.007668
2081	0.814333	0.001100	0.002411
2082	0.815008	0.001066	0.001447
2083	0.817805	0.001157	0.000868
2084	0.821566	0.001450	-0.002604
2085	0.828511	0.001950	-0.000048
2086	0.828897	0.001246	-0.004003
2087	0.832658	0.000847	-0.001688
2088	0.828897	0.000535	0.000627
2089	0.827064	-0.001777	0.002122
2090	0.828029	0.000842	0.002267
2091	0.831501	0.000057	0.003762
2092	0.823495	0.000879	0.003279
2093	0.818383	0.000367	0.001109
2094	0.825424	-0.001514	0.003906
2095	0.824846	0.000001	0.008005
2096	0.832562	-0.000684	0.007716
2097	0.834201	0.000027	0.004485
2098	0.828993	0.000086	0.007813
2099	0.823592	-0.000104	0.008584
2100	0.824363	0.000113	0.007764
2101	0.821856	-0.000190	0.004678
2102	0.822242	-0.000661	0.006028
2103	0.820891	-0.002051	0.001447
2104	0.822434	-0.001639	0.001977
2105	0.825714	-0.001108	0.001543
2106	0.819637	0.001252	-0.000386
2107	0.826196	0.000041	-0.001013
2108	0.825521	-0.000072	-0.004244
2109	0.827450	-0.000048	-0.006944
2110	0.826389	0.001781	-0.010127
2111	0.828414	-0.000710	-0.006510
2112	0.822917	0.000564	-0.002652
2113	0.822820	-0.001073	-0.002074
2114	0.822145	-0.000411	0.001640
2115	0.825810	0.001175	0.002749
2116	0.832272	-0.000002	-0.002170
2117	0.823399	-0.002870	-0.005160
2118	0.827546	-0.000508	-0.006173
2119	0.831115	-0.000192	-0.006703
2120	0.831501	0.000630	-0.004485
2121	0.829379	-0.000310	-0.006076
2122	0.827643	0.001304	-0.006800
2123	0.829861	0.001454	-0.006993
2124	0.823978	0.003444	-0.002701
2125	0.828511	0.002241	-0.008102
2126	0.826968	0.001924	-0.010176
2127	0.828607	0.001398	-0.009452
2128	0.835841	0.000159	-0.006366
2129	0.833430	0.001597	-0.008584
2130	0.836516	0.000057	-0.008102
2131	0.836998	-0.000102	-0.007234
2132	0.838252	0.000679	-0.002170
2133	0.835648	-0.000261	-0.004340
2134	0.839603	-0.000179	-0.005112
2135	0.838638	0.001113	-0.002025
2136	0.833526	0.000822	-0.001736
2137	0.834684	0.002165	-0.005112
2138	0.829186	0.000760	-0.005883
2139	0.827160	0.001368	-0.004147
2140	0.817998	0.001035	-0.008295
2141	0.820988	0.000625	-0.009307
2142	0.825231	-0.000063	-0.005835
2143	0.828318	0.000422	-0.005449
2144	0.837770	0.001137	-0.005449
2145	0.833912	0.000663	-0.008729
2146	0.839024	-0.000764	-0.006269
2147	0.829668	-0.001200	-0.003954
2148	0.833237	0.000762	-0.004630
2149	0.828414	-0.000507	-0.006173
2150	0.829186	0.000731	-0.005980
2151	0.823206	-0.000644	-0.011236
2152	0.817901	-0.000698	-0.003231
2153	0.822049	-0.001539	-0.007378
2154	0.819059	0.000769	-0.002845
2155	0.823978	-0.000924	-0.003762
2156	0.826100	0.000478	-0.009404
2157	0.831308	0.001607	-0.008439
2158	0.831790	0.000782	-0.005691
2159	0.838638	0.001310	-0.001688
2160	0.837481	0.000993	-0.004389
2161	0.835069	-0.000217	-0.001736
2162	0.841339	-0.000204	-0.006366
2163	0.842303	0.000510	-0.008777
2164	0.832658	-0.001517	-0.008247
2165	0.835552	-0.000028	-0.007282
2166	0.838927	-0.001571	-0.006848
2167	0.833816	-0.000697	-0.005353
2168	0.830247	0.002027	-0.006125
2169	0.827932	0.001056	-0.007427
2170	0.824363	0.000337	-0.004003
2171	0.815104	0.000894	-0.006173
2172	0.816262	-0.000676	-0.000916
2173	0.819059	-0.001157	0.001302
2174	0.826968	-0.000360	0.000772
2175	0.826389	-0.001412	0.001157
2176	0.826678	-0.001517	0.001977
2177	0.830247	0.000369	-0.001881
2178	0.835359	0.000034	0.004051
2179	0.835359	0.001493	0.003906
2180	0.837674	-0.000157	0.002363
2181	0.829090	-0.000704	0.003183
2182	0.824460	-0.000366	-0.000965
2183	0.824460	-0.000649	-0.000723
2184	0.827064	-0.000433	-0.000386
2185	0.823302	0.001723	0.002459
2186	0.827836	0.000506	0.002845
2187	0.829186	0.001034	0.005257
2188	0.832272	0.000818	0.003617
2189	0.833912	-0.002100	0.001254
2190	0.833333	-0.000308	0.000530
2191	0.832658	-0.002190	0.000723
2192	0.833816	-0.000178	0.001977
2193	0.834394	0.000673	0.002942
2194	0.834780	-0.000436	0.003520
2195	0.831790	0.000398	0.001543
2196	0.836034	-0.001568	0.003810
2197	0.836902	0.001656	0.003569
2198	0.831115	0.000540	0.000723
2199	0.831597	0.001158	0.000338
2200	0.837481	-0.000162	-0.002797
2201	0.833526	-0.001975	-0.005546
2202	0.833237	-0.000647	-0.003858
2203	0.836806	-0.000140	-0.004823
2204	0.830343	-0.001027	0.000627
2205	0.833912	-0.000174	-0.001447
2206	0.834780	-0.001019	-0.002411
2207	0.840374	-0.000565	-0.002556
2208	0.837867	0.000280	-0.001591
2209	0.834684	0.000472	-0.002459
2210	0.836420	-0.000383	-0.002749
2211	0.829668	-0.001072	-0.005112
2212	0.829668	0.001662	-0.008102
2213	0.826968	0.002764	-0.005401
2214	0.833719	0.001837	-0.003086
2215	0.835648	0.001262	-0.004967
2216	0.834201	-0.000253	-0.007041
2217	0.827739	-0.001192	-0.013503
2218	0.826968	-0.000702	-0.005353
2219	0.830633	0.000612	-0.007186
2220	0.834780	0.000429	-0.008729
2221	0.830922	-0.003045	-0.009500
2222	0.835648	0.000027	-0.013069
2223	0.834008	-0.000950	-0.011526
2224	0.829475	-0.002829	-0.013696
2225	0.831501	0.000735	-0.011671
2226	0.829572	0.000970	-0.008777
2227	0.824749	-0.000092	-0.007620
2228	0.826196	0.001165	-0.006703
2229	0.825714	-0.000833	-0.005015
2230	0.828511	-0.000834	-0.000241
2231	0.837867	-0.001599	-0.002459
2232	0.832369	0.001254	-0.000675
2233	0.829186	0.002641	-0.000965
2234	0.831597	-0.000430	-0.002894
2235	0.832079	-0.001004	-0.003617
2236	0.826678	0.000962	-0.004292
2237	0.831019	-0.000094	-0.004099
2238	0.834105	-0.002819	-0.004485
2239	0.831308	0.001013	-0.000434
2240	0.830826	-0.002096	-0.002267
2241	0.828607	0.002034	-0.002315
2242	0.830536	0.002347	0.001688
2243	0.832658	-0.001239	-0.000048
2244	0.830922	-0.001000	-0.004678
2245	0.837191	-0.000471	-0.000530
2246	0.835648	0.001085	-0.002218
2247	0.832369	0.003034	-0.001543
2248	0.833430	0.001512	-0.001302
2249	0.839603	0.000918	0.000434
2250	0.842400	0.002517	-0.002363
2251	0.837770	-0.000078	-0.006221
2252	0.834201	0.002071	-0.005449
2253	0.831694	0.000637	-0.001591
2254	0.828318	0.001588	-0.002942
2255	0.833623	-0.000515	-0.000820
2256	0.833044	0.001398	0.000386
2257	0.830247	0.000130	-0.004292
2258	0.828993	0.001902	0.000241
2259	0.834877	0.000332	-0.003617
2260	0.834587	-0.000650	-0.001399
2261	0.836034	-0.000153	-0.001833
2262	0.840471	-0.000785	-0.001784
2263	0.836323	-0.002142	-0.000579
2264	0.837674	-0.001280	0.002411
2265	0.835069	-0.000683	-0.001254
2266	0.831597	-0.000972	0.001109
2267	0.832755	0.001067	0.003762
2268	0.830150	0.000002	0.000289
2269	0.822145	0.000535	0.005015
2270	0.819830	0.000999	0.003569
2271	0.821952	0.000350	0.001013
2272	0.826485	-0.000974	0.000675
2273	0.825135	-0.001435	-0.002122
2274	0.821277	-0.001009	0.002363
2275	0.822627	0.001993	0.001736
2276	0.819348	-0.000323	0.002025
2277	0.819637	0.000982	0.000482
2278	0.820988	0.001075	0.000241
2279	0.825714	-0.000656	0.001061
2280	0.829186	0.001223	-0.000627
2281	0.833333	0.001230	-0.003713
2282	0.834877	0.000514	-0.005208
2283	0.839603	0.000575	-0.004099
2284	0.840181	-0.001233	-0.004871
2285	0.836516	-0.002729	-0.006076
2286	0.839313	-0.001396	-0.000338
2287	0.827160	-0.001164	-0.002604
2288	0.822917	0.000262	-0.001350
2289	0.826968	0.000051	-0.001591
2290	0.826196	-0.000880	-0.000096
2291	0.837963	-0.000646	-0.002074
2292	0.839217	-0.000829	-0.001640
2293	0.836130	0.000193	-0.000145
2294	0.835938	-0.000746	0.001302
2295	0.833526	-0.002790	-0.001399
2296	0.837288	-0.001963	-0.000048
2297	0.841532	-0.000518	0.004630
2298	0.837481	-0.001170	0.000241
2299	0.833526	-0.001988	0.000434
2300	0.834105	-0.000648	-0.001399
2301	0.837867	0.001247	0.000386
2302	0.829475	0.001611	-0.003231
2303	0.833140	0.000414	-0.003520
2304	0.836516	0.002884	-0.000338
2305	0.838542	0.000366	0.002797
2306	0.838059	0.000126	0.004099
2307	0.838927	-0.000747	0.002749
2308	0.841917	-0.000349	0.002942
2309	0.839892	0.000349	0.006125
2310	0.840374	0.001059	0.004003
2311	0.831308	-0.000186	0.000916
2312	0.826003	-0.002047	0.006462
2313	0.833719	0.001384	0.007764
2314	0.828897	0.001563	0.007427
2315	0.830922	-0.000965	0.014323
2316	0.829475	-0.000746	0.012490
2317	0.828993	-0.000463	0.008584
2318	0.828897	-0.001313	0.009163
2319	0.825714	-0.001484	0.003038
2320	0.826678	0.001296	0.001254
2321	0.825135	0.000128	-0.001977
2322	0.820891	-0.000398	-0.001399
2323	0.821856	-0.000022	-0.001640
2324	0.825135	0.001009	-0.005594
2325	0.823013	0.000359	-0.007041
2326	0.826968	0.000532	-0.004967
2327	0.826196	0.001092	-0.007137
2328	0.826871	-0.000368	-0.003665
2329	0.833719	-0.000337	-0.003810
2330	0.830729	0.000697	-0.000820
2331	0.828993	-0.000349	-0.002749
2332	0.828221	-0.000581	-0.002411
2333	0.830633	0.000641	-0.003376
2334	0.826292	-0.000092	-0.005739
2335	0.829379	-0.000207	-0.004292
2336	0.825231	0.000789	-0.005064
2337	0.832851	0.001370	-0.006318
2338	0.841242	0.000728	-0.008922
2339	0.837674	-0.000309	-0.013696
2340	0.839313	0.001835	-0.010176
2341	0.836516	0.003477	-0.007378
2342	0.835359	0.000782	-0.009259
2343	0.825617	-0.000038	-0.009066
2344	0.828125	0.000623	-0.008198
2345	0.830150	0.001595	-0.008922
2346	0.826678	0.003390	-0.007137
2347	0.824074	-0.000800	-0.005980
2348	0.818576	-0.000486	-0.003617
2349	0.821181	0.000834	-0.003279
2350	0.824363	0.000069	-0.005594
2351	0.830922	0.000415	-0.002604
2352	0.828800	-0.000542	-0.003520
2353	0.819541	-0.000447	-0.001399
2354	0.823399	-0.001085	0.001688
2355	0.829958	-0.000718	0.001302
2356	0.828704	0.000687	0.000096
2357	0.834587	0.000330	0.000048
2358	0.832272	-0.000466	0.001688
2359	0.829668	0.001287	-0.003858
2360	0.827932	0.002855	0.000868
2361	0.832272	0.001199	0.001833
2362	0.836323	-0.000470	-0.001206
2363	0.830054	-0.000150	-0.002363
2364	0.837867	0.001516	0.001206
2365	0.840374	-0.000180	-0.000579
2366	0.841339	-0.004088	-0.004533
2367	0.838156	0.000587	-0.005401
2368	0.839699	0.000041	-0.000675
2369	0.832562	-0.000999	-0.001929
2370	0.831983	0.000501	-0.007571
2371	0.834973	-0.000598	-0.009500
2372	0.838156	0.000601	-0.009886
2373	0.840085	0.000714	-0.008005
2374	0.841628	-0.000035	-0.002797
2375	0.835648	0.000261	-0.002122
2376	0.835552	0.000071	-0.003569
2377	0.835841	0.002985	-0.008825
2378	0.833044	0.000820	-0.004051
2379	0.832369	0.000613	-0.003569
2380	0.827932	-0.001057	-0.002894
2381	0.825231	-0.001522	0.000723
2382	0.829475	-0.001517	-0.001013
2383	0.832851	-0.000667	0.001302
2384	0.829572	-0.001689	0.001061
2385	0.824942	-0.000660	0.000338
2386	0.824556	0.000208	0.000096
2387	0.834973	0.001863	-0.000820
2388	0.834394	-0.000033	0.003906
2389	0.826968	-0.000856	0.003762
2390	0.827932	-0.001641	0.003038
2391	0.824267	-0.000423	0.000820
2392	0.828221	-0.000562	0.001061
2393	0.828029	0.000701	0.000048
2394	0.827353	0.000865	0.000579
2395	0.829572	-0.001698	0.000627
2396	0.826968	0.000504	0.002122
2397	0.830633	0.000650	0.003713
2398	0.834877	0.001179	0.003135
2399	0.833526	0.001356	0.005835
2400	0.837674	0.000378	0.003810
2401	0.843654	-0.000798	0.005449
2402	0.837674	-0.001950	0.004630
2403	0.837288	0.000314	0.002894
2404	0.838349	-0.001154	0.004726
2405	0.833430	-0.001679	0.002363
2406	0.831404	-0.001107	0.000289
2407	0.832176	-0.000905	-0.001302
2408	0.829668	0.000486	0.005064
2409	0.829572	-0.001204	0.005112
2410	0.828029	0.001618	0.002701
2411	0.833912	-0.001382	0.004823
2412	0.836034	-0.000375	0.000965
2413	0.834298	-0.000717	0.002942
2414	0.827836	0.000957	0.003762
2415	0.829668	0.002242	0.000627
2416	0.828897	-0.000391	0.007571
2417	0.839796	-0.003080	0.004340
2418	0.837770	-0.000703	0.001061
2419	0.833333	0.000562	0.008295
2420	0.836420	-0.000648	0.005594
2421	0.842593	0.001149	0.006993
2422	0.834394	0.000912	0.004196
2423	0.839217	-0.002773	0.003135
2424	0.834105	-0.002929	0.004292
2425	0.834877	0.001073	0.001543
2426	0.835359	0.002697	0.005015
2427	0.837191	-0.000288	0.007234
2428	0.838831	0.000632	0.008439
2429	0.843268	-0.001449	0.004630
2430	0.836998	0.000168	0.000820
2431	0.847704	0.000279	0.004051
2432	0.841821	-0.000572	0.005015
2433	0.841435	0.002131	0.007716
2434	0.840471	0.002341	0.005883
2435	0.835262	0.001301	0.002170
2436	0.837674	-0.000585	0.001206
2437	0.837577	-0.000440	0.003376
2438	0.844136	-0.000942	0.001736
2439	0.838831	0.001445	-0.001591
2440	0.841628	-0.001709	0.000434
2441	0.836130	0.000310	0.000868
2442	0.835262	0.000880	-0.002363
2443	0.834684	-0.001908	0.000916
2444	0.833237	-0.001998	0.000579
2445	0.831887	-0.001783	-0.002508
2446	0.831694	-0.001861	0.001495
2447	0.830536	-0.002119	0.001206
2448	0.837577	-0.001819	0.002074
2449	0.828125	0.000386	-0.001591
2450	0.827546	-0.001931	0.001447
2451	0.834877	-0.002693	-0.002556
2452	0.837288	-0.001438	-0.002025
2453	0.838927	-0.002703	0.001447
2454	0.840374	-0.002554	-0.003762
2455	0.831983	-0.001786	-0.005112
2456	0.830343	0.000324	-0.003231
2457	0.828125	-0.000116	-0.002315
2458	0.824171	0.001155	-0.006414
2459	0.828318	0.000160	-0.007282
2460	0.836034	-0.000753	-0.006752
2461	0.839313	0.001242	-0.004003
2462	0.834201	0.000750	-0.003569
2463	0.832272	0.000684	-0.000579
2464	0.830247	0.000881	0.000193
2465	0.832755	0.002000	-0.002749
2466	0.833816	-0.000346	0.002170
2467	0.822242	0.000978	-0.000434
2468	0.825039	0.000065	-0.004919
2469	0.824749	-0.000239	-0.001881
2470	0.829090	-0.000652	-0.000386
2471	0.828607	-0.000985	0.001833
2472	0.827064	-0.001420	-0.002701
2473	0.824171	0.000864	-0.003086
2474	0.819637	0.000093	0.002074
2475	0.817323	-0.000348	-0.000627
2476	0.818576	-0.001729	0.001109
2477	0.821566	-0.000612	-0.001447
2478	0.820120	-0.001196	-0.006655
2479	0.824942	-0.000298	-0.005498
2480	0.829475	0.000054	-0.003183
2481	0.827064	-0.000769	0.000386
2482	0.829572	-0.001426	-0.000579
2483	0.821856	0.000438	-0.001881
2484	0.825907	-0.000127	0.005787
2485	0.828897	0.002063	0.003858
2486	0.831501	-0.000232	-0.000241
2487	0.831694	-0.000604	0.001881
2488	0.830633	0.000475	0.004099
2489	0.831887	0.001289	0.001013
2490	0.837867	0.003948	0.003569
2491	0.832562	0.002539	0.003086
2492	0.832369	0.001847	0.005980
2493	0.828125	0.001160	0.001109
2494	0.829572	0.001703	0.000579
2495	0.825231	0.000002	-0.002894
2496	0.830150	-0.000017	-0.004774
2497	0.833719	0.001259	-0.002315
2498	0.830536	0.001758	-0.005932
2499	0.835938	-0.000730	-0.002315
2500	0.835455	0.001446	-0.001061
2501	0.826871	-0.000174	0.001061
2502	0.822820	-0.000945	0.003858
2503	0.818962	0.000857	-0.003520
2504	0.820602	0.001491	-0.003183
2505	0.819252	0.002348	-0.003762
2506	0.818673	0.002123	-0.003424
2507	0.820216	0.002562	-0.001833
2508	0.827160	0.000291	-0.004533
2509	0.833237	0.002259	-0.001881
2510	0.826582	0.002763	0.000386
2511	0.823206	-0.000435	0.004437
2512	0.821181	0.001116	0.003231
2513	0.826003	0.001361	0.004485
2514	0.831115	-0.001031	-0.000386
2515	0.825231	0.000517	-0.002942
2516	0.821373	-0.000815	-0.007330
2517	0.826871	-0.001749	-0.004485
2518	0.829572	-0.001165	0.000193
2519	0.834201	0.001222	-0.007041
2520	0.834780	0.000817	-0.001109
2521	0.832658	0.001069	-0.004099
2522	0.837384	-0.000267	-0.003472
2523	0.845293	-0.001720	-0.002845
2524	0.842593	-0.002194	-0.005112
2525	0.838445	0.000607	-0.009838
2526	0.840856	0.000226	-0.006993
2527	0.843075	0.000787	-0.004099
2528	0.841049	0.000073	-0.005498
2529	0.834587	-0.000993	-0.006173
2530	0.836227	0.001191	-0.004099
2531	0.833816	0.000599	-0.004726
2532	0.831501	-0.002265	-0.005835
2533	0.834684	-0.001484	-0.002749
2534	0.835552	0.000487	0.002170
2535	0.832369	-0.001299	0.002556
2536	0.831983	-0.001461	0.001736
2537	0.833623	-0.003151	0.002604
2538	0.832465	0.001319	0.006076
2539	0.834684	-0.001676	0.004196
2540	0.843268	-0.001587	0.002990
2541	0.835938	-0.000419	0.000965
2542	0.830150	0.000518	0.001061
2543	0.826003	-0.001440	0.002749
2544	0.827450	-0.001012	-0.000386
2545	0.826871	0.001717	0.003665
2546	0.833912	-0.000366	0.000530
2547	0.829572	0.000699	0.000338
2548	0.829861	0.001117	-0.003520
2549	0.829861	0.000000	-0.003231
2550	0.836420	0.001866	-0.002459
2551	0.839120	0.001866	0.000193
2552	0.839988	0.000752	-0.000965
2553	0.839603	0.001622	0.000193
2554	0.837963	0.002490	-0.001350
2555	0.830536	0.002026	0.001302
2556	0.842496	0.001227	0.002315
2557	0.842785	0.000742	0.001881
2558	0.842303	0.001089	0.000482
2559	0.838542	-0.000044	-0.000868
2560	0.840856	0.000512	-0.000482
2561	0.844907	0.001874	-0.002411
2562	0.844136	0.002200	-0.005883
2563	0.841725	-0.002654	-0.005305
2564	0.842014	-0.001152	-0.005835
2565	0.844522	0.000070	-0.004919
2566	0.849537	-0.001202	-0.006752
2567	0.845679	-0.001748	-0.003762
2568	0.841725	-0.001245	-0.006221
2569	0.838927	0.001037	-0.004726
2570	0.839313	-0.000126	-0.006993
2571	0.842400	0.001641	-0.004389
2572	0.839699	-0.000703	-0.011719
2573	0.833044	-0.001944	-0.006366
2574	0.829861	-0.001338	-0.008150
2575	0.825907	-0.000073	-0.006752
2576	0.829090	-0.001964	-0.004967
2577	0.824846	0.001814	-0.004292
2578	0.825328	-0.000963	-0.001302
2579	0.824846	-0.000030	0.001640
2580	0.825328	0.002295	-0.001206
2581	0.822531	-0.000523	0.002652
2582	0.825617	-0.001678	0.006366
2583	0.827257	0.000453	0.005546
2584	0.832948	0.002145	0.000096
2585	0.824363	0.002093	0.004630
2586	0.828318	0.002124	0.007861
2587	0.827353	0.001303	0.008102
2588	0.833237	0.002291	0.006318
2589	0.838831	0.002334	0.006462
2590	0.837867	-0.001060	0.008439
2591	0.843557	-0.001151	0.008873
2592	0.842785	0.000290	0.009211
2593	0.832658	0.000014	0.009163
2594	0.829668	0.001113	0.009790
2595	0.831694	0.001443	0.003279
2596	0.839603	-0.000650	0.002218
2597	0.842882	-0.000905	0.000096
2598	0.842496	0.001290	0.000048
2599	0.839892	0.002693	0.001013
2600	0.835069	0.002314	0.001929
2601	0.838927	0.003080	0.001302
2602	0.834780	0.003778	0.002170
2603	0.834684	0.002868	0.005498
2604	0.831597	0.001068	0.005208
2605	0.835166	-0.000273	0.004389
2606	0.835552	0.000076	0.001977
2607	0.838735	0.001603	0.002025
2608	0.838831	-0.002360	0.003569
2609	0.832658	0.001067	0.000048
2610	0.834587	-0.001725	0.003038
2611	0.839506	0.001481	0.001302
2612	0.841532	0.000536	0.002990
2613	0.839313	-0.000903	0.001977
2614	0.839313	0.000909	0.004630
2615	0.834394	0.000466	0.002652
2616	0.830826	0.003408	-0.000048
2617	0.830054	0.000306	0.003617
2618	0.836130	0.000817	-0.003520
2619	0.838156	-0.001504	-0.000675
2620	0.834877	-0.001130	-0.005980
2621	0.830150	-0.000213	-0.004051
2622	0.831019	-0.001750	-0.003520
2623	0.832465	-0.000701	-0.002122
2624	0.837674	0.000693	0.000965
2625	0.837288	-0.001440	-0.002267
2626	0.839988	-0.000270	-0.004244
2627	0.839796	-0.001361	-0.002604
2628	0.833623	-0.000455	-0.005208
2629	0.840856	-0.000345	-0.004630
2630	0.839120	-0.000775	-0.004581
2631	0.836806	0.000713	-0.004630
2632	0.842496	0.000761	-0.003376
2633	0.836998	0.000602	0.000241
2634	0.836516	-0.000575	-0.000868
2635	0.837867	-0.000609	0.001206
2636	0.834877	0.000057	0.003086
2637	0.837288	-0.001547	0.002894
2638	0.838059	0.002870	0.004967
2639	0.838831	0.001306	0.003279
2640	0.838059	0.002697	0.005353
2641	0.833237	0.000878	0.003086
2642	0.837384	-0.000320	-0.001013
2643	0.838156	-0.000832	0.001784
2644	0.838252	-0.000281	0.004485
2645	0.839120	-0.004322	0.001061
2646	0.842496	-0.001008	-0.000096
2647	0.834008	0.000434	-0.003472
2648	0.835069	-0.001304	-0.002749
2649	0.831308	-0.000918	-0.004340
2650	0.824074	0.000657	-0.002701
2651	0.819830	-0.000971	-0.003424
2652	0.815876	0.001486	-0.008681
2653	0.828125	-0.000296	-0.002025
2654	0.830826	0.001964	-0.004581
2655	0.830343	-0.000055	0.001206
2656	0.825714	0.002244	0.000048
2657	0.829765	0.001941	0.001495
2658	0.831019	0.000720	-0.002942
2659	0.836613	-0.000794	-0.003038
2660	0.839603	0.002212	-0.002797
2661	0.840856	0.000080	-0.003713
2662	0.839506	0.000757	-0.001061
2663	0.847415	0.001305	-0.007137
2664	0.848380	0.001323	-0.005401
2665	0.847029	-0.002115	-0.005112
2666	0.845775	-0.000241	-0.000820
2667	0.845872	-0.000422	-0.000434
2668	0.850405	-0.005014	-0.001543
2669	0.846161	-0.003385	-0.000772
2670	0.839603	-0.003741	0.003183
2671	0.842400	-0.001236	0.002845
2672	0.834587	0.000357	-0.000145
2673	0.833623	0.000463	0.004485
2674	0.829379	0.000249	0.001591
2675	0.826003	0.000288	-0.000096
2676	0.826196	-0.002449	-0.000193
2677	0.825810	0.000100	0.000965
2678	0.828318	-0.000521	-0.000916
2679	0.825328	-0.001608	0.001784
2680	0.820698	0.002356	0.002508
2681	0.826196	0.001314	-0.000096
2682	0.824171	0.000977	0.000241
2683	0.818962	0.001428	0.001640
2684	0.830150	0.000074	0.002652
2685	0.830343	0.001459	0.001736
2686	0.833140	0.001215	0.002604
2687	0.833719	0.002498	0.003906
2688	0.836613	0.003533	0.004871
2689	0.840471	0.005996	0.003520
2690	0.836613	0.003462	0.000820
2691	0.836998	0.003992	0.001736
2692	0.834684	0.002879	0.004967
2693	0.837095	0.001541	0.004533
2694	0.840760	0.000743	0.003858
2695	0.836227	0.001515	0.004919
2696	0.836420	0.000135	0.005883
2697	0.835552	0.001523	0.011671
2698	0.836902	0.001088	0.012008
2699	0.833044	0.000531	0.012876
2700	0.839217	0.001366	0.016734
2701	0.846644	0.001209	0.015721
2702	0.843075	0.001449	0.016590
2703	0.843075	-0.000591	0.013841
2704	0.848573	0.002585	0.012683
2705	0.843943	0.002216	0.010610
2706	0.835745	0.001630	0.009115
2707	0.834105	0.000284	0.008488
2708	0.831019	-0.001656	0.006993
2709	0.829861	0.001434	0.008198
2710	0.831790	-0.000297	0.009259
2711	0.830922	0.001034	0.007137
2712	0.833430	-0.000752	0.006269
2713	0.833912	-0.002839	0.009645
2714	0.838927	-0.001026	0.011429
2715	0.840664	-0.001547	0.006559
2716	0.838349	-0.001144	0.005353
2717	0.833623	-0.000027	0.007137
2718	0.834587	0.001092	0.014323
2719	0.831404	0.000187	0.012973
2720	0.834008	-0.001189	0.008488
2721	0.834973	-0.002789	0.008488
2722	0.835938	-0.001816	0.009983
2723	0.830054	0.000413	0.008777
2724	0.830343	0.002017	0.009790
2725	0.831211	-0.000597	0.009307
2726	0.828897	0.000102	0.010368
2727	0.831019	-0.001799	0.013358
2728	0.828511	-0.000336	0.011140
2729	0.831019	-0.000195	0.007378
2730	0.834491	0.000092	0.005932
2731	0.826678	-0.000283	0.008873
2732	0.823881	0.000303	0.004871
2733	0.819830	0.001169	0.006944
2734	0.823978	0.001167	0.010754
2735	0.826871	0.000174	0.007089
2736	0.826968	-0.000534	0.010610
2737	0.828897	-0.000728	0.006559
2738	0.824074	-0.000519	0.003135
2739	0.825907	-0.001847	0.003906
2740	0.828897	-0.000497	0.005594
2741	0.829861	0.002032	0.004051
2742	0.826582	0.000842	0.009404
2743	0.821181	0.000866	0.006800
2744	0.829090	0.000645	0.008102
2745	0.831790	0.000977	0.005594
2746	0.825521	0.000868	0.003617
2747	0.825039	-0.000003	0.003231
2748	0.825231	0.001019	0.001495
2749	0.832851	-0.000340	-0.001640
2750	0.831211	0.001472	0.001109
2751	0.831019	0.002283	-0.007427
2752	0.824171	-0.000177	-0.003954
2753	0.826292	0.000222	-0.003086
2754	0.833237	-0.000373	-0.005112
2755	0.833333	-0.000245	-0.010899
2756	0.828029	0.000355	-0.007909
2757	0.827353	0.000145	-0.009645
2758	0.823206	0.001148	-0.009259
2759	0.821566	0.000134	-0.009115
2760	0.813850	-0.000108	-0.002942
2761	0.815490	0.002066	-0.003424
2762	0.821084	0.001532	-0.006848
2763	0.819252	0.001664	-0.004003
2764	0.819348	-0.000581	-0.002025
2765	0.813657	-0.000391	-0.001157
2766	0.816647	0.000278	0.000820
2767	0.820120	-0.000400	0.005739
2768	0.822531	-0.001100	0.001495
2769	0.825039	-0.002377	0.001688
2770	0.829668	-0.001069	0.005401
2771	0.829475	0.000393	0.000241
2772	0.836806	0.000587	-0.002267
2773	0.834201	0.000544	-0.002170
2774	0.839120	0.003076	0.002508
2775	0.836613	0.001534	-0.000241
2776	0.839024	0.001592	0.002652
2777	0.837770	-0.000272	0.000000
2778	0.839699	-0.002800	0.003328
2779	0.838927	-0.002802	-0.000675
2780	0.836323	-0.002645	0.005064
2781	0.842207	-0.000296	0.005594
2782	0.838349	0.000208	0.001929
2783	0.834877	-0.003161	0.004244
2784	0.834973	-0.002514	0.005691
2785	0.829379	-0.000906	0.004389
2786	0.831019	0.000076	0.005691
2787	0.821277	0.000304	0.003713
2788	0.821181	-0.000304	0.002556
2789	0.824171	-0.000891	-0.000386
2790	0.828993	0.000321	-0.000289
2791	0.830343	-0.000020	-0.001254
2792	0.837577	0.000298	-0.002845
2793	0.836516	0.001155	-0.002797
2794	0.835648	0.001586	-0.000386
2795	0.833333	0.003988	-0.002459
2796	0.835262	0.002804	-0.001688
2797	0.829668	-0.001170	-0.007282
2798	0.830054	-0.000543	0.000530
2799	0.826196	-0.000932	0.000193
2800	0.830150	-0.000502	-0.001013
2801	0.835262	-0.001754	0.002749
2802	0.830826	0.000146	-0.000579
2803	0.834684	-0.000291	0.004919
2804	0.831501	0.000138	0.003231
2805	0.835359	-0.000421	0.004533
2806	0.831887	-0.000418	0.002459
2807	0.834008	-0.000370	0.007571
2808	0.829282	0.000132	0.005401
2809	0.836516	0.003135	0.000675
2810	0.838349	0.001287	0.003328
2811	0.833526	0.001283	0.002074
2812	0.835166	0.002416	0.001157
2813	0.827160	0.000705	-0.000434
2814	0.822917	0.000975	-0.000048
2815	0.826485	0.000406	-0.000386
2816	0.824556	0.000555	-0.002604
2817	0.825328	0.001238	0.002122
2818	0.826292	-0.000269	0.003762
2819	0.820795	-0.000152	0.002652
2820	0.822724	-0.001524	0.001495
2821	0.822242	0.000330	0.001157
2822	0.812307	0.003163	0.000916
2823	0.817419	0.001649	0.004437
2824	0.817515	0.002371	0.006752
2825	0.826389	0.000673	0.003231
2826	0.827932	-0.001056	0.005305
2827	0.828125	-0.001185	0.005401
2828	0.826003	0.001024	0.004581
2829	0.826100	0.000304	0.011960
2830	0.826100	-0.001048	0.012683
2831	0.828029	-0.001609	0.007330
2832	0.827160	-0.000104	0.003665
2833	0.820891	-0.000635	0.002604
2834	0.828029	-0.000172	0.004581
2835	0.821373	-0.000262	0.004533
2836	0.823206	0.000928	0.000723
2837	0.822242	-0.001799	-0.001495
2838	0.822242	0.000274	-0.002990
2839	0.827643	-0.000293	-0.005305
2840	0.822145	0.001608	-0.006462
2841	0.822434	-0.000823	-0.009742
2842	0.821663	0.000255	-0.009934
2843	0.820409	-0.001320	-0.007668
2844	0.819927	-0.000566	-0.005835
2845	0.816744	-0.000284	-0.003810
2846	0.814718	-0.000166	-0.004630
2847	0.813079	0.000918	-0.002459
2848	0.811728	0.000021	-0.002990
2849	0.809703	-0.000697	-0.003376
2850	0.806231	-0.001065	-0.006944
2851	0.814429	-0.001486	-0.005787
2852	0.818480	-0.000293	-0.007282
2853	0.824460	-0.000337	-0.006752
2854	0.819059	-0.000063	-0.004099
2855	0.824267	0.000235	-0.000145
2856	0.822049	0.001023	0.002990
2857	0.831211	0.000565	0.001109
2858	0.832465	-0.000750	-0.001206
2859	0.833816	0.000299	-0.005208
2860	0.835745	-0.001048	-0.001929
2861	0.838349	0.001300	0.000145
2862	0.838927	-0.001204	0.001206
2863	0.834877	0.000806	-0.001157
2864	0.835938	-0.000467	-0.001013
2865	0.837963	0.002860	-0.006896
2866	0.834973	0.001570	-0.008632
2867	0.834587	0.001708	-0.005498
2868	0.831694	0.000345	-0.006752
2869	0.832851	0.000422	-0.007668
2870	0.832562	0.002291	-0.007620
2871	0.834587	0.000164	-0.008536
2872	0.834491	0.001254	-0.008198
2873	0.829765	-0.000656	-0.004051
2874	0.835069	-0.000680	-0.003762
2875	0.837963	0.000755	-0.002845
2876	0.839699	0.000821	-0.006944
2877	0.843846	-0.001532	-0.003328
2878	0.843364	-0.002093	0.000241
2879	0.837577	-0.003570	-0.003135
2880	0.831983	-0.002098	-0.000096
2881	0.830536	-0.001340	0.000193
2882	0.832755	0.000633	-0.001640
2883	0.829958	-0.001874	-0.001157
2884	0.828029	-0.001071	-0.003328
2885	0.830343	-0.000835	-0.002170
2886	0.836130	-0.001016	0.004533
2887	0.837384	-0.003605	-0.002025
2888	0.831019	-0.001397	0.003038
2889	0.831887	-0.001410	0.001784
2890	0.826485	0.001426	0.002411
2891	0.820602	-0.000796	0.004340
2892	0.821084	0.001022	0.000723
2893	0.827739	-0.001265	0.006655
2894	0.835745	-0.003084	0.001688
2895	0.832272	0.000138	0.004003
2896	0.832755	-0.000469	0.000579
2897	0.832176	0.002151	-0.000289
2898	0.824846	0.000252	-0.004533
2899	0.815201	0.000750	-0.004196
2900	0.814911	0.000285	-0.005498
2901	0.813079	-0.000713	-0.005594
2902	0.810860	0.000338	-0.003954
2903	0.811439	0.000784	-0.001399
2904	0.809028	0.000391	-0.000338
2905	0.815683	0.001295	-0.000434
2906	0.819444	-0.000430	0.000482
2907	0.812789	-0.000401	0.004389
2908	0.812114	-0.000366	0.005691
2909	0.811343	0.000565	0.010176
2910	0.812596	0.000079	0.005305
2911	0.820795	0.000632	0.004823
2912	0.824267	-0.001187	0.003617
2913	0.826678	0.000414	-0.002315
2914	0.825424	-0.001035	-0.002797
2915	0.825231	-0.000618	-0.003569
2916	0.833816	-0.001554	-0.005064
2917	0.827739	0.000781	-0.002074
2918	0.831404	-0.000714	-0.002170
2919	0.830922	-0.000618	0.001350
2920	0.828221	0.001067	0.002267
2921	0.828221	0.000810	0.001061
2922	0.829765	0.001146	-0.000482
2923	0.823399	0.000714	0.001929
2924	0.820313	0.000196	0.002315
2925	0.825231	-0.000020	0.000627
2926	0.828704	-0.000130	0.004340
2927	0.821663	-0.000364	0.002894
2928	0.826678	0.000733	0.002652
2929	0.831983	0.000738	0.000434
2930	0.834008	-0.000528	0.005642
2931	0.838927	-0.002526	0.007089
2932	0.840278	0.000568	0.006607
2933	0.838927	-0.000615	0.004389
2934	0.832755	0.000395	0.001157
2935	0.836034	-0.000739	-0.000145
2936	0.828607	-0.002386	0.002218
2937	0.833333	-0.002097	0.000675
2938	0.831115	-0.003717	0.002508
2939	0.826196	0.001345	-0.000048
2940	0.826485	-0.000596	-0.000338
2941	0.830922	-0.000384	0.001833
2942	0.835455	-0.000223	0.003231
2943	0.832755	-0.000431	0.004244
2944	0.831404	-0.001158	0.004437
2945	0.827064	-0.002554	0.000482
2946	0.826196	0.000027	-0.000241
2947	0.823978	0.000987	0.003569
2948	0.836323	-0.001488	-0.000048
2949	0.830247	-0.002431	0.000579
2950	0.830054	-0.000819	-0.002122
2951	0.825714	-0.002011	-0.004003
2952	0.824749	0.001366	0.001157
2953	0.819927	-0.000386	-0.002797
2954	0.827160	0.000069	-0.004051
2955	0.826389	-0.001451	-0.004871
2956	0.823399	-0.002827	-0.004919
2957	0.831983	0.000446	-0.007041
2958	0.821759	-0.000032	-0.002604
2959	0.827257	0.002047	-0.009259
2960	0.822724	0.000287	-0.008536
2961	0.822145	-0.000043	-0.006993
2962	0.818383	-0.000246	0.001591
2963	0.822627	-0.000041	-0.001447
2964	0.818287	0.000216	-0.002025
2965	0.818480	0.000015	0.000434
2966	0.825135	-0.000083	0.002942
2967	0.831211	-0.000049	0.001784
2968	0.836902	-0.002086	0.001254
2969	0.836323	0.000226	0.000723
2970	0.840567	-0.001480	0.004581
2971	0.836420	0.000126	0.002122
2972	0.832176	-0.000212	0.001447
2973	0.830826	0.000538	0.003569
2974	0.831887	0.000295	0.001254
2975	0.828414	0.000718	0.000193
2976	0.829475	-0.000128	-0.001061
2977	0.831115	0.003385	0.001688
2978	0.831983	0.003303	-0.000241
2979	0.829861	0.001454	-0.000145
2980	0.838156	-0.000052	0.003183
2981	0.832272	-0.002420	-0.000916
2982	0.831983	-0.000919	-0.006076
2983	0.830922	-0.000771	-0.004196
2984	0.833912	-0.003513	-0.005787
2985	0.835455	-0.000238	-0.003810
2986	0.834780	0.000390	-0.006221
2987	0.832948	-0.000697	-0.005498
2988	0.836806	-0.002055	-0.003520
2989	0.831211	-0.000241	-0.007137
2990	0.831790	-0.000499	-0.005160
2991	0.833816	-0.001809	-0.007861
2992	0.832755	-0.000763	-0.009983
2993	0.833719	0.001690	-0.005257
2994	0.831887	-0.001003	-0.007378
2995	0.830633	0.001500	0.004003
2996	0.833237	0.000322	0.004147
2997	0.835841	0.001951	0.002604
2998	0.838735	0.001495	0.005835
2999	0.836709	0.000457	0.005980
3000	0.842110	-0.000729	0.009886
3001	0.845004	0.001083	0.008970
3002	0.833430	0.002557	0.007716
3003	0.830343	0.000538	0.010417
3004	0.827836	0.001135	0.005305
3005	0.828897	0.000369	0.006655
3006	0.833333	0.000260	0.009066
3007	0.831115	-0.001376	0.006944
3008	0.827932	0.000367	-0.000193
3009	0.830536	0.000176	0.003328
3010	0.826775	-0.002950	-0.000145
3011	0.827932	-0.002595	-0.001254
3012	0.827353	-0.001681	-0.000772
3013	0.832369	-0.003477	-0.002604
3014	0.831887	-0.003540	0.000000
3015	0.837481	0.000099	-0.001013
3016	0.835552	0.000167	-0.004774
3017	0.839217	0.002244	0.002797
3018	0.832176	0.000610	0.002218
3019	0.835069	-0.003570	0.003520
3020	0.831019	-0.000779	0.006221
3021	0.840567	-0.001592	0.008681
3022	0.838252	0.002684	0.011044
3023	0.834973	0.001771	0.006607
3024	0.840567	0.001664	0.004099
3025	0.843750	-0.000910	0.001302
3026	0.838735	0.000475	0.000193
3027	0.840471	-0.000588	0.006703
3028	0.838542	-0.000583	0.008343
3029	0.837577	0.001630	0.008343
3030	0.838349	0.000228	0.004485
3031	0.839410	-0.000146	0.004485
3032	0.848090	0.001100	0.005353
3033	0.839024	0.001338	0.004581
3034	0.841049	-0.000731	0.002170
3035	0.842110	0.001042	0.002942
3036	0.840856	0.000631	0.006318
3037	0.835359	0.000753	0.003617
3038	0.837384	-0.000729	0.003328
3039	0.844232	-0.000880	0.007716
3040	0.842014	-0.000254	0.006366
3041	0.842207	0.000705	0.006173
3042	0.842400	-0.002017	0.008054
3043	0.843364	-0.002517	0.002122
3044	0.838831	-0.002420	0.002025
3045	0.839796	0.003760	-0.000241
3046	0.838445	0.000959	0.000530
3047	0.839024	-0.000878	0.003810
3048	0.847801	0.000698	0.001881
3049	0.843268	0.002195	0.002749
3050	0.837867	0.006148	0.003135
3051	0.831983	0.000048	0.005112
3052	0.835552	-0.002786	0.002797
3053	0.835166	-0.001041	0.002652
3054	0.836227	0.002483	0.001254
3055	0.831887	-0.000471	0.001688
3056	0.839506	-0.000233	0.002797
3057	0.834973	0.002247	-0.000627
3058	0.839217	-0.000704	0.003135
3059	0.842689	-0.002694	0.004196
3060	0.839313	-0.002235	0.001977
3061	0.838059	-0.000702	0.004871
3062	0.835552	0.000849	0.005787
3063	0.831211	-0.000483	0.001206
3064	0.825521	0.000489	0.002411
3065	0.829186	0.001170	0.000820
3066	0.829668	0.000526	0.000096
3067	0.824942	0.000229	-0.001688
3068	0.829379	0.000260	-0.001350
3069	0.834201	0.001612	-0.001302
3070	0.826292	0.002928	-0.002845
3071	0.831983	0.000065	-0.003328
3072	0.829668	0.001126	-0.004967
3073	0.836130	0.000569	-0.003665
3074	0.840085	0.001458	-0.002122
3075	0.840567	0.003000	-0.000386
3076	0.839796	0.001286	-0.001302
3077	0.835648	0.002178	0.000096
3078	0.839313	-0.000660	-0.002315
3079	0.835648	0.000827	0.001929
3080	0.834394	0.000554	0.004003
3081	0.839313	-0.002185	0.002218
3082	0.835745	0.000569	0.000289
3083	0.833526	0.002280	0.008970
3084	0.833912	-0.000775	0.005064
3085	0.831115	0.000093	0.003086
3086	0.827064	0.001472	0.007475
3087	0.819444	0.002040	0.003279
3088	0.829475	0.000927	0.004196
3089	0.833140	-0.000456	0.001157
3090	0.832465	-0.001892	0.003086
3091	0.827450	0.000561	0.005594
3092	0.829572	-0.001118	0.004967
3093	0.834008	-0.000936	0.003906
3094	0.833623	-0.000752	0.005257
3095	0.838059	-0.001235	0.001109
3096	0.836130	0.000238	0.001640
3097	0.828221	0.000489	0.004919
3098	0.834491	-0.002447	0.003328
3099	0.836227	0.000051	0.005787
3100	0.838927	0.000397	0.000386
3101	0.837288	0.002064	-0.002074
3102	0.833912	0.000526	0.003569
3103	0.828607	-0.000738	0.000675
3104	0.829765	-0.000380	0.002170
3105	0.830247	-0.001502	0.001784
3106	0.829282	-0.000133	0.001543
3107	0.832369	-0.000823	0.001206
3108	0.834491	0.000289	0.001543
3109	0.826485	-0.000410	0.003376
3110	0.823206	-0.001571	0.007427
3111	0.828607	-0.000133	0.004871
3112	0.826196	0.000981	0.002074
3113	0.826003	-0.000174	0.003279
3114	0.827739	-0.000955	0.000000
3115	0.832562	-0.000013	0.002845
3116	0.838638	-0.000677	0.002749
3117	0.839603	-0.000290	0.003135
3118	0.836034	0.000487	0.000627
3119	0.840374	0.001211	0.006125
3120	0.837095	0.001411	0.005980
3121	0.838445	-0.000849	0.008681
3122	0.837288	-0.000876	0.011526
3123	0.841339	0.000282	0.007620
3124	0.837095	0.001322	0.005015
3125	0.835938	0.000866	0.003231
3126	0.828414	0.000050	-0.001206
3127	0.830922	0.001178	0.003135
3128	0.830440	0.000572	0.004003
3129	0.831790	-0.000932	-0.001109
3130	0.826292	-0.001561	-0.001109
3131	0.826678	-0.000325	-0.000675
3132	0.828897	0.000754	0.004581
3133	0.830247	-0.001254	0.000193
3134	0.828993	-0.001039	-0.001640
3135	0.826968	-0.000970	0.000386
3136	0.829668	-0.000416	0.001591
3137	0.831983	-0.000430	0.007137
3138	0.827450	0.000052	0.005642
3139	0.835745	0.000132	0.003665
3140	0.835841	0.000592	0.001061
3141	0.835552	-0.002886	0.002749
3142	0.841628	0.000279	0.000289
3143	0.831019	-0.000374	-0.000289
3144	0.831694	-0.000290	0.002990
3145	0.826968	-0.001252	0.005305
3146	0.828607	0.000068	0.006414
3147	0.828029	0.001586	0.003954
3148	0.824942	0.000380	0.010031
3149	0.827836	-0.001156	0.007234
3150	0.830150	-0.001156	0.008584
3151	0.826003	-0.000325	0.002942
3152	0.837674	-0.000120	0.000868
3153	0.832272	-0.000206	0.000193
3154	0.832465	-0.000743	-0.003231
3155	0.835262	0.000558	-0.000096
3156	0.836613	-0.000267	-0.002942
3157	0.835262	0.000087	-0.003231
3158	0.834587	0.000679	-0.007909
3159	0.831019	0.000255	-0.006076
3160	0.828414	0.000864	-0.006800
3161	0.834491	0.001423	-0.007571
3162	0.835262	-0.000727	-0.005787
3163	0.836227	-0.002936	-0.003520
3164	0.834105	0.000912	0.002315
3165	0.840181	0.000014	-0.001688
3166	0.842014	-0.000239	-0.001350
3167	0.839506	0.000203	-0.002797
3168	0.837288	0.000105	-0.001447
3169	0.836034	0.000700	-0.002894
3170	0.844618	0.000111	0.000386
3171	0.836420	-0.000198	-0.001688
3172	0.835069	0.000523	-0.004871
3173	0.830536	0.000299	-0.004630
3174	0.830826	-0.000020	-0.003617
3175	0.830536	0.000733	-0.001977
3176	0.833912	0.000076	-0.000434
3177	0.834201	-0.001069	0.002411
3178	0.831115	0.001316	0.003954
3179	0.825521	0.000008	0.006076
3180	0.832465	0.000390	0.004099
3181	0.831597	0.000111	0.000965
3182	0.829668	-0.001313	0.002025
3183	0.834105	-0.001224	-0.000096
3184	0.832562	0.003436	-0.002604
3185	0.836034	-0.000838	-0.000241
3186	0.837674	-0.000257	-0.000916
3187	0.830440	-0.001469	0.001109
3188	0.832079	0.000026	-0.001833
3189	0.829186	-0.001190	-0.002797
3190	0.827739	-0.001025	-0.001447
3191	0.827546	-0.001197	-0.002894
3192	0.824363	0.000383	-0.003231
3193	0.826678	-0.001111	-0.000193
3194	0.827064	0.000387	0.001109
3195	0.822242	0.001272	-0.001929
3196	0.826003	0.000641	-0.004533
3197	0.820891	-0.000632	-0.002315
3198	0.822145	-0.000953	-0.000868
3199	0.818383	0.001235	-0.001109
3200	0.823785	0.000962	-0.000627
3201	0.821759	-0.000077	-0.003858
3202	0.822820	-0.001453	-0.006366
3203	0.826389	-0.000508	-0.003135
3204	0.821663	-0.000224	-0.001254
3205	0.828125	-0.000410	0.003231
3206	0.827546	-0.000047	0.001350
3207	0.821952	0.000157	-0.004485
3208	0.820216	0.000831	0.000627
3209	0.825328	0.001465	0.002990
3210	0.829186	-0.000365	0.001495
3211	0.827546	-0.000543	-0.002508
3212	0.824749	0.000569	-0.002990
3213	0.826775	0.001288	0.000434
3214	0.824267	-0.000937	-0.003135
3215	0.826968	-0.001831	0.004051
3216	0.835938	-0.001389	0.002508
3217	0.828029	0.001366	0.002604
3218	0.824363	0.000257	-0.000096
3219	0.827836	-0.000898	-0.003279
3220	0.820988	-0.001230	-0.000772
3221	0.825039	-0.002064	-0.001109
3222	0.825714	-0.000904	-0.003569
3223	0.825424	0.000655	-0.003086
3224	0.830633	0.000426	-0.001591
3225	0.829668	0.001621	-0.003906
3226	0.828318	0.000342	-0.003569
3227	0.823302	-0.000010	-0.003954
3228	0.828607	0.000542	-0.001929
3229	0.828511	0.000445	-0.007234
3230	0.827450	0.000425	-0.003328
3231	0.827643	0.000190	-0.003086
3232	0.830536	-0.001203	-0.002604
3233	0.822627	-0.000300	0.000530
3234	0.821856	-0.000876	0.001640
3235	0.820988	0.000246	0.001495
3236	0.822242	0.001541	0.000530
3237	0.822049	0.002702	0.002074
3238	0.826775	0.003547	0.002894
3239	0.830536	0.002075	0.004196
3240	0.828607	0.000726	0.001447
3241	0.834201	-0.000660	-0.001061
3242	0.839699	0.001617	-0.002363
3243	0.838445	-0.000962	-0.000096
3244	0.837288	0.000115	0.000434
3245	0.840953	-0.000071	0.001109
3246	0.839796	0.001025	-0.001061
3247	0.839024	0.001309	0.000916
3248	0.838638	0.001424	0.003279
3249	0.838638	0.000276	0.003665
3250	0.836227	-0.000698	0.006703
3251	0.827160	-0.001603	0.006221
3252	0.829475	-0.001851	0.005449
3253	0.828221	-0.001575	0.000048
3254	0.824749	-0.001911	-0.000868
3255	0.826582	-0.001166	0.001591
3256	0.820891	0.000047	0.002459
3257	0.824267	-0.000793	0.001929
3258	0.826003	-0.000502	0.005498
3259	0.817226	-0.001598	0.004292
3260	0.821856	0.001144	0.003279
3261	0.825907	-0.000082	0.002797
3262	0.824363	0.001391	-0.001013
3263	0.823110	0.002312	-0.001833
3264	0.826678	-0.000218	-0.000965
3265	0.824074	0.001704	-0.002990
3266	0.828511	-0.000296	0.000193
3267	0.821759	-0.000325	-0.000241
3268	0.821470	0.001494	-0.001591
3269	0.819830	0.001179	0.001109
3270	0.820988	-0.001278	-0.001784
3271	0.827257	-0.000742	-0.002267
3272	0.828125	0.000296	0.000723
3273	0.830054	-0.000322	-0.000434
3274	0.826100	0.000113	0.000048
3275	0.826871	0.000608	-0.000965
3276	0.822820	-0.000210	-0.000482
3277	0.817226	-0.000169	-0.002122
3278	0.818769	0.002028	-0.005594
3279	0.823399	0.000004	-0.004533
3280	0.825231	-0.000643	-0.001013
3281	0.826196	-0.001346	-0.005594
3282	0.824363	-0.001084	-0.003231
3283	0.822531	-0.000682	-0.001736
3284	0.825714	0.000827	-0.000145
3285	0.826389	0.000155	0.000096
3286	0.821856	0.001468	0.001447
3287	0.816358	-0.001580	-0.001833
3288	0.816069	-0.000217	-0.003713
3289	0.820313	0.000425	-0.003328
3290	0.817805	0.000540	0.000434
3291	0.818576	0.000020	-0.002315
3292	0.813657	0.001312	-0.002025
3293	0.813657	-0.000772	-0.000096
3294	0.815297	-0.000247	0.001061
3295	0.818287	-0.001076	0.000820
3296	0.819348	-0.001511	-0.000434
3297	0.822049	-0.001001	-0.006173
3298	0.823206	0.000466	-0.000048
3299	0.822627	-0.000774	-0.000916
3300	0.827353	-0.000730	-0.000048
3301	0.823495	-0.000535	0.003954
3302	0.824267	-0.002168	0.002990
3303	0.816358	-0.000268	-0.001109
3304	0.812114	0.000103	0.000000
3305	0.814140	0.000717	0.003328
3306	0.824460	-0.001440	0.005064
3307	0.827643	0.001616	0.005546
3308	0.825810	0.001747	0.010368
3309	0.829572	0.000739	0.008873
3310	0.839603	0.001335	0.012201
3311	0.840664	0.001955	0.007716
3312	0.843171	0.000681	0.010272
3313	0.839120	-0.000220	0.006896
3314	0.830440	0.001602	0.004051
3315	0.823978	-0.000055	0.007089
3316	0.822724	-0.000659	0.006510
3317	0.817033	0.000642	0.002411
3318	0.817612	-0.002106	-0.000530
3319	0.818480	0.000277	0.000868
3320	0.816937	-0.001370	-0.001495
3321	0.817901	-0.001657	-0.003135
3322	0.816358	0.000191	-0.000482
3323	0.816165	0.002206	-0.001447
3324	0.822531	0.000378	0.000579
3325	0.820313	0.000367	-0.000386
3326	0.817708	0.002160	0.000048
3327	0.815876	-0.001508	0.001013
3328	0.817130	-0.001053	0.003424
3329	0.819444	0.000100	-0.004774
3330	0.822145	-0.000687	0.000193
3331	0.829090	-0.000589	0.002170
3332	0.831694	-0.000232	-0.003858
3333	0.834491	-0.002867	-0.002508
3334	0.832176	-0.000299	-0.002218
3335	0.836516	-0.003176	-0.002025
3336	0.840760	-0.001109	-0.001784
3337	0.840567	-0.000825	0.001640
3338	0.841435	-0.000468	-0.000145
3339	0.845004	-0.000341	0.000868
3340	0.834780	-0.001493	0.001495
3341	0.833912	-0.002968	-0.000241
3342	0.839892	-0.001468	0.002942
3343	0.842496	-0.002165	0.003086
3344	0.844618	-0.001841	0.004726
3345	0.845100	0.002446	0.002267
3346	0.837384	0.002976	0.001447
3347	0.834008	0.001934	0.002122
3348	0.835841	0.001752	0.004581
3349	0.834201	0.001187	0.007089
3350	0.839410	-0.000368	0.007282
3351	0.835166	0.001480	0.001543
3352	0.838349	0.002856	0.004823
3353	0.838927	0.000930	0.002990
3354	0.834684	0.001590	0.005739
3355	0.839603	0.000048	0.003665
3356	0.842014	-0.001472	0.004630
3357	0.840181	0.001028	0.001977
3358	0.836420	0.000528	0.002315
3359	0.836420	0.001115	0.004823
3360	0.841435	0.000524	0.003472
3361	0.847029	0.002170	0.005594
3362	0.839506	-0.000027	0.002218
3363	0.840856	0.000720	0.006510
3364	0.841628	0.000406	0.006221
3365	0.837577	0.000848	0.008439
3366	0.840567	0.001071	0.007378
3367	0.834684	0.001811	0.004871
3368	0.832369	0.000976	0.006076
3369	0.836998	0.000011	0.009452
3370	0.845486	0.003158	0.009742
3371	0.840471	0.002769	0.006607
3372	0.841628	0.001367	0.006703
3373	0.834973	-0.001609	0.007475
3374	0.837191	-0.001762	0.009693
3375	0.844039	0.000335	0.002363
3376	0.836516	0.000629	0.004099
3377	0.835262	-0.001979	0.001157
3378	0.837770	-0.000687	-0.000627
3379	0.838831	-0.002398	-0.002556
3380	0.841725	-0.001371	0.002508
3381	0.844232	-0.001791	0.000820
3382	0.834105	-0.001666	0.003279
3383	0.833333	-0.000216	0.001833
3384	0.839217	-0.000569	0.001591
3385	0.838927	-0.003328	0.000048
3386	0.842496	-0.001522	0.005064
3387	0.836709	0.001111	0.003617
3388	0.839892	0.000327	0.002942
3389	0.833526	0.000116	0.002990
3390	0.833237	-0.000701	0.006510
3391	0.831597	0.000777	0.001833
3392	0.832272	-0.000146	0.000048
3393	0.833719	-0.000402	0.003858
3394	0.843364	0.001276	0.004196
3395	0.839506	0.001973	0.005353
3396	0.842689	0.000014	0.005015
3397	0.846547	-0.002787	0.002508
3398	0.845679	-0.001177	0.000868
3399	0.839699	-0.002856	0.001929
3400	0.841725	0.001046	0.000723
3401	0.839024	-0.001086	-0.000434
3402	0.843654	0.000030	-0.002701
3403	0.835359	-0.000369	0.000965
3404	0.845100	-0.002124	-0.001929
3405	0.839699	-0.000563	0.001640
3406	0.835069	-0.002065	0.001350
3407	0.832079	-0.001837	-0.001399
3408	0.825714	-0.002476	0.001350
3409	0.828800	-0.002182	0.002411
3410	0.829861	-0.001379	0.004051
3411	0.833526	-0.001221	0.009645
3412	0.836227	-0.000383	0.009645
3413	0.836613	-0.003321	0.009115
3414	0.837770	0.000287	0.006510
3415	0.832658	0.002053	0.003762
3416	0.828704	0.000441	0.000772
3417	0.826389	0.000071	0.004244
3418	0.819927	0.001072	-0.000193
3419	0.816647	-0.000038	-0.001640
3420	0.815683	0.000599	-0.002025
3421	0.821373	0.000333	-0.005160
3422	0.819348	0.000025	-0.005257
3423	0.816937	-0.001016	-0.007716
3424	0.819252	0.000025	-0.008825
3425	0.824556	-0.001922	-0.010320
3426	0.825039	-0.000242	-0.012876
3427	0.830633	-0.000497	-0.009404
3428	0.822917	-0.001206	-0.001495
3429	0.827257	0.000108	-0.002170
3430	0.832562	-0.001344	-0.000482
3431	0.832176	0.000441	-0.001929
3432	0.823881	-0.000477	0.001929
3433	0.825617	0.002045	0.001350
3434	0.829765	0.001906	-0.000434
3435	0.829475	-0.000754	-0.000048
3436	0.828125	-0.000085	-0.001254
3437	0.831211	0.001323	0.002122
3438	0.830247	0.001559	0.004774
3439	0.837191	0.000445	0.000916
3440	0.836902	-0.001434	-0.005015
3441	0.832658	-0.000326	0.000241
3442	0.822145	0.000371	-0.000096
3443	0.825039	-0.000146	-0.000048
3444	0.823399	0.000501	0.000048
3445	0.824267	-0.000573	0.000048
3446	0.824942	0.002274	-0.001929
3447	0.830343	0.000872	-0.000916
3448	0.836130	0.001071	0.003472
3449	0.834394	0.001678	0.003906
3450	0.839796	-0.000702	0.005064
3451	0.841532	-0.002459	0.001881
3452	0.837867	-0.001799	0.005642
3453	0.836323	-0.000018	0.004244
3454	0.838059	0.000547	0.008729
3455	0.836709	0.001977	0.007957
3456	0.839120	-0.000529	0.010947
3457	0.835938	-0.000067	0.009259
3458	0.833044	-0.000526	0.008825
3459	0.836613	-0.003159	0.006510
3460	0.840278	-0.001272	0.007813
3461	0.836420	0.000669	0.007186
3462	0.839410	0.000987	0.003328
3463	0.840471	0.000439	0.004292
3464	0.839024	0.001400	0.002894
3465	0.838349	0.001991	0.004437
3466	0.839796	0.001546	0.004871
3467	0.834298	0.001565	0.006703
3468	0.835938	-0.000305	0.010224
3469	0.834973	-0.001198	0.006366
3470	0.839217	-0.000326	0.006076
3471	0.840664	-0.000398	0.008198
3472	0.832465	-0.000995	0.005257
3473	0.831115	0.001549	0.002363
3474	0.828704	0.001267	0.006125
3475	0.834105	-0.000522	0.007427
3476	0.833237	0.000590	0.003038
3477	0.841242	-0.000933	0.007282
3478	0.835552	0.001213	0.008005
3479	0.836130	-0.000016	0.004099
3480	0.829090	0.002596	0.005208
3481	0.833623	0.001435	0.003279
3482	0.830054	0.000723	0.003328
3483	0.826871	-0.000034	0.000482
3484	0.824460	0.000871	-0.001640
3485	0.821084	0.000050	-0.001881
3486	0.818769	0.001131	0.000627
3487	0.820313	-0.000441	0.003376
3488	0.819541	0.000206	0.004244
3489	0.819155	0.000607	0.006559
3490	0.825039	-0.000263	0.002556
3491	0.821566	0.001522	0.003328
3492	0.823592	0.000163	0.000579
3493	0.820505	-0.001114	0.005449
3494	0.822820	-0.000737	-0.001302
3495	0.822338	0.000039	0.000723
3496	0.818576	-0.000359	-0.005015
3497	0.816744	0.000387	-0.003569
3498	0.823495	0.000061	-0.002797
3499	0.817805	-0.001306	-0.004099
3500	0.812307	-0.000726	0.003038
3501	0.816840	-0.001006	-0.001302
3502	0.822242	0.001401	-0.004967
3503	0.819830	0.000177	-0.004774
3504	0.819637	-0.000785	-0.005353
3505	0.817130	0.001119	-0.004919
3506	0.821470	-0.000599	-0.008102
3507	0.816165	-0.000678	-0.011815
3508	0.820698	-0.001499	-0.012346
3509	0.818769	-0.001265	-0.005353
3510	0.821181	-0.001044	-0.010224
3511	0.820120	0.000913	-0.007909
3512	0.820891	-0.000509	-0.010079
3513	0.829186	0.000942	-0.007137
3514	0.825907	-0.001220	-0.010995
3515	0.829668	-0.000179	-0.013889
3516	0.830729	0.000279	-0.010802
3517	0.828607	-0.000989	-0.012008
3518	0.831308	-0.000595	-0.011092
3519	0.830343	-0.001368	-0.009018
3520	0.830633	0.000401	-0.003231
3521	0.837770	-0.000296	-0.002652
3522	0.838542	-0.001021	-0.002749
3523	0.839313	-0.000127	-0.002315
3524	0.834587	0.000382	-0.006510
3525	0.833912	0.000046	0.000338
3526	0.827836	0.001720	0.001833
3527	0.831983	0.001099	0.004292
3528	0.835069	-0.001612	0.002508
3529	0.832176	0.000746	0.000530
3530	0.829379	-0.000638	-0.001302
3531	0.829379	-0.000500	0.000193
3532	0.828607	-0.002259	-0.004292
3533	0.831019	-0.001061	0.001688
3534	0.834780	0.000099	0.001881
3535	0.832948	-0.000578	-0.000193
3536	0.827739	0.000370	-0.002894
3537	0.831115	0.000457	0.000096
3538	0.828800	-0.000950	-0.001109
3539	0.833526	0.000196	-0.004630
3540	0.840856	-0.000180	-0.004630
3541	0.842400	-0.001928	-0.004340
3542	0.839024	-0.000233	-0.007186
3543	0.843268	-0.001311	-0.000627
3544	0.840664	-0.001990	0.002652
3545	0.833044	0.000878	-0.000772
3546	0.830343	-0.000496	0.001157
3547	0.830054	0.001175	0.001399
3548	0.822434	-0.000772	-0.000530
3549	0.823013	-0.000606	-0.002749
3550	0.823785	0.000372	-0.002315
3551	0.822049	0.002153	-0.003376
3552	0.823399	0.001633	-0.002652
3553	0.828607	0.000473	-0.003569
3554	0.825617	-0.000167	0.000627
3555	0.831404	0.000212	0.001736
3556	0.829861	0.001205	0.001736
3557	0.830150	0.000220	0.006221
3558	0.831597	-0.000249	0.007282
3559	0.826582	0.000074	0.004726
3560	0.827257	0.000083	0.004485
3561	0.825810	-0.000374	0.006221
3562	0.833623	-0.000173	0.004003
3563	0.826485	0.002307	0.005787
3564	0.829765	-0.001392	0.000145
3565	0.830150	-0.000264	-0.000338
3566	0.824460	0.000613	0.002122
3567	0.821566	0.000440	0.004581
3568	0.825039	-0.001099	0.002170
3569	0.823399	-0.001038	-0.004581
3570	0.825424	-0.001403	-0.002652
3571	0.822724	0.000384	-0.003086
3572	0.826196	0.000675	-0.001061
3573	0.827353	-0.000277	0.000000
3574	0.828029	-0.000673	0.000868
3575	0.822820	0.000529	-0.007137
3576	0.819541	-0.000346	-0.002459
3577	0.824846	0.000456	-0.005980
3578	0.822434	-0.000697	-0.006221
3579	0.820120	-0.001968	-0.004292
3580	0.817033	-0.001514	-0.005401
3581	0.815779	-0.001077	-0.004099
3582	0.822627	-0.000677	-0.007523
3583	0.823881	-0.000323	-0.001013
3584	0.824846	-0.001025	-0.000772
3585	0.819348	-0.000283	0.000579
3586	0.821856	-0.000729	0.003038
3587	0.819444	-0.000676	0.004389
3588	0.820505	-0.001168	0.001495
3589	0.819252	0.001851	-0.000868
3590	0.822820	0.001602	0.001447
3591	0.822531	0.001272	0.000289
3592	0.821277	0.000794	-0.000675
3593	0.822820	-0.000642	0.000000
3594	0.818383	0.000628	-0.005449
3595	0.823206	0.000515	-0.003038
3596	0.820698	-0.000168	-0.001929
3597	0.819637	-0.000053	-0.005160
3598	0.819348	-0.000553	-0.005257
3599	0.820216	0.001290	-0.004147
3600	0.823881	0.000393	-0.005883
3601	0.821566	-0.000828	-0.008632
3602	0.823688	0.000577	-0.010995
3603	0.826582	0.001020	-0.006510
3604	0.829379	-0.000553	-0.009066
3605	0.829958	-0.001036	-0.007186
3606	0.834587	-0.001329	-0.007282
3607	0.838156	-0.001730	-0.003135
3608	0.837288	-0.001107	-0.000916
3609	0.838445	-0.001847	-0.002942
3610	0.839120	0.000028	-0.005739
3611	0.831019	0.000420	-0.001784
3612	0.826100	0.001094	0.000723
3613	0.823302	0.000392	-0.000338
3614	0.827353	0.001297	-0.000965
3615	0.826678	0.001623	0.001254
3616	0.832272	-0.000087	-0.003520
3617	0.829958	-0.000910	-0.004196
3618	0.835262	-0.002293	-0.003762
3619	0.833333	-0.000542	-0.006318
3620	0.836227	-0.002262	-0.005449
3621	0.835262	0.000294	-0.007813
3622	0.832755	-0.001564	-0.007234
3623	0.831501	0.000310	-0.006607
3624	0.832948	0.001574	-0.003906
3625	0.832079	0.000806	-0.004533
3626	0.834780	0.004054	-0.004630
3627	0.835069	0.002168	-0.001784
3628	0.836902	0.002072	-0.002701
3629	0.832948	0.001967	-0.006318
3630	0.832176	-0.000014	-0.003086
3631	0.827836	0.001293	-0.002074
3632	0.828029	-0.000148	-0.000965
3633	0.822434	-0.001244	-0.003231
3634	0.828414	0.000050	0.001302
3635	0.826678	0.000710	-0.003376
3636	0.824653	0.000444	-0.001206
3637	0.825135	-0.000292	0.004774
3638	0.829668	-0.000760	0.001543
3639	0.830440	0.001775	0.005498
3640	0.835648	0.001727	0.002315
3641	0.832079	0.001485	0.001399
3642	0.833333	-0.001185	-0.000338
3643	0.837095	-0.000510	0.000386
3644	0.834587	0.000304	-0.001881
3645	0.836709	0.000238	0.003617
3646	0.842689	-0.000025	0.000386
3647	0.838445	-0.000684	-0.005401
3648	0.834877	0.002217	-0.006269
3649	0.830440	0.000295	-0.002170
3650	0.827836	-0.001475	-0.001640
3651	0.827353	0.000520	0.001543
3652	0.830440	-0.002360	0.002701
3653	0.825424	-0.001625	0.007137
3654	0.827450	-0.000083	0.005594
3655	0.827450	-0.000126	0.007668
3656	0.833623	0.000292	0.006462
3657	0.826485	0.000283	0.005883
3658	0.824074	0.000515	0.006173
3659	0.826292	-0.000363	0.007282
3660	0.826775	-0.000687	0.006800
3661	0.825714	0.000376	0.006173
3662	0.817226	0.001682	0.006366
3663	0.827257	0.000698	0.014853
3664	0.832465	0.001153	0.011429
3665	0.827739	0.002431	0.011815
3666	0.831983	0.001518	0.004196
3667	0.830536	0.000527	0.006944
3668	0.834105	-0.000364	0.007813
3669	0.836998	0.001451	0.005980
3670	0.832079	-0.001161	0.004196
3671	0.830343	-0.000687	0.008536
3672	0.830054	-0.002407	0.012008
3673	0.833333	-0.000779	0.012346
3674	0.832272	0.003629	0.013648
3675	0.835841	0.003053	0.010706
3676	0.839506	0.002325	0.005546
3677	0.846161	0.000962	0.009549
3678	0.841242	-0.000271	0.014516
3679	0.833719	-0.001015	0.011236
3680	0.836998	0.004621	0.008005
3681	0.836034	0.000197	0.010320
3682	0.838831	0.000825	0.009356
3683	0.838445	-0.000420	0.010176
3684	0.835069	0.001242	0.005642
3685	0.833912	-0.000312	0.005594
3686	0.826582	-0.000310	0.003810
3687	0.827064	0.002020	0.004003
3688	0.826485	0.002178	0.001206
3689	0.828511	0.001768	0.003472
3690	0.832755	0.000136	-0.001640
3691	0.824846	0.000154	-0.002025
3692	0.828318	0.002221	-0.002749
3693	0.826100	-0.000041	0.000916
3694	0.825039	0.000260	0.002797
3695	0.822917	-0.000373	0.003472
3696	0.822049	-0.000333	0.004919
3697	0.828607	0.000271	0.002942
3698	0.826678	0.000920	0.002604
3699	0.819059	-0.000331	0.002363
3700	0.817033	0.001315	-0.004051
3701	0.818383	-0.000191	-0.003713
3702	0.817998	0.001227	0.001833
3703	0.817901	-0.000272	-0.001543
3704	0.818191	0.000598	-0.004485
3705	0.817612	0.000252	-0.002604
3706	0.815201	0.000107	-0.004581
3707	0.819541	-0.000060	-0.000289
3708	0.819155	-0.001011	0.003762
3709	0.821181	-0.001650	0.001206
3710	0.825039	-0.000959	0.003858
3711	0.823110	0.000330	0.006318
3712	0.825521	0.000523	0.005353
3713	0.824846	-0.000754	0.007571
3714	0.830826	-0.003321	0.007234
3715	0.835745	0.000251	0.005353
3716	0.836613	0.000527	0.004292
3717	0.833430	-0.000884	0.003906
3718	0.831597	0.000209	0.004581
3719	0.830826	-0.001146	0.006752
3720	0.827739	-0.003644	0.004485
3721	0.828704	-0.001945	0.006752
3722	0.830922	-0.001477	0.005015
3723	0.831115	-0.000768	0.007378
3724	0.829572	-0.000083	0.005980
3725	0.832562	0.000106	0.006800
3726	0.831694	-0.000433	0.006510
3727	0.830922	-0.001098	0.005642
3728	0.834394	-0.001731	0.001206
3729	0.827160	-0.001436	0.007475
3730	0.828221	-0.001936	0.000723
3731	0.829379	0.001387	0.004003
3732	0.827257	0.000466	0.006269
3733	0.826871	-0.000335	0.005160
3734	0.829090	0.000310	0.006896
3735	0.827932	-0.002642	0.004003
3736	0.835262	-0.002177	0.005835
3737	0.839988	-0.000964	0.004726
3738	0.839120	-0.001305	0.002170
3739	0.840567	-0.000569	0.000000
3740	0.840953	-0.001038	0.004099
3741	0.838927	0.001495	-0.000482
3742	0.834973	0.002260	0.001833
3743	0.830536	-0.000361	-0.001640
3744	0.825714	-0.000126	-0.000868
3745	0.826100	-0.000616	-0.003713
3746	0.829958	0.000253	-0.001061
3747	0.829186	0.000196	0.000723
3748	0.832272	0.001347	0.000193
3749	0.824363	-0.000160	0.000772
3750	0.823592	0.000683	0.002267
3751	0.822049	0.000067	0.001591
3752	0.825424	-0.000784	-0.002315
3753	0.823399	-0.000562	-0.002363
3754	0.825714	0.000970	-0.004244
3755	0.825231	0.001136	-0.000434
3756	0.824363	-0.000403	-0.000772
3757	0.828607	-0.001748	-0.002218
3758	0.824267	-0.001271	-0.004919
3759	0.830150	-0.000722	-0.005883
3760	0.827836	-0.002171	-0.000048
3761	0.830729	-0.001256	-0.004196
3762	0.832369	-0.002214	0.001881
3763	0.827064	0.000959	-0.002315
3764	0.826968	0.000976	-0.004533
3765	0.825714	-0.001215	-0.006752
3766	0.826292	0.000283	-0.005787
3767	0.825424	-0.002123	-0.004437
3768	0.828993	-0.000951	-0.004630
3769	0.830922	-0.000774	-0.006655
3770	0.827643	-0.000205	-0.006607
3771	0.823978	-0.000260	-0.005305
3772	0.827739	0.000680	-0.003376
3773	0.836998	0.001154	-0.001784
3774	0.829861	0.001135	-0.003472
3775	0.825328	0.000639	-0.006752
3776	0.825907	-0.000213	-0.005401
3777	0.828897	-0.001916	-0.004533
3778	0.821952	-0.000380	-0.010031
3779	0.822627	-0.001629	-0.008970
3780	0.823302	0.000280	-0.007330
3781	0.823013	-0.001141	-0.009645
3782	0.827739	0.000078	-0.009163
3783	0.833526	0.000427	-0.009018
3784	0.829765	0.002235	-0.005353
3785	0.828704	0.000962	-0.007330
3786	0.836902	0.001718	-0.009838
3787	0.836227	0.000528	-0.008536
3788	0.832272	-0.003089	-0.006607
3789	0.832658	0.000246	-0.005305
3790	0.831790	0.000819	-0.007041
3791	0.832851	-0.001036	-0.003038
3792	0.831983	0.000341	-0.001157
3793	0.833623	0.000638	0.003424
3794	0.820698	0.001540	0.002845
3795	0.817226	-0.000864	0.000772
3796	0.827450	0.000819	0.003810
3797	0.820216	0.000764	0.006366
3798	0.813754	0.001390	0.003279
3799	0.818480	0.001419	0.003617
3800	0.818866	0.000689	0.003231
3801	0.824460	-0.000342	0.005787
3802	0.824460	0.001475	0.007427
3803	0.819059	-0.000300	0.004871
3804	0.820505	0.000626	0.002267
3805	0.821470	-0.001535	0.002942
3806	0.827450	0.000829	0.002894
3807	0.824171	-0.000872	0.002604
3808	0.825039	-0.001062	0.001157
3809	0.833333	-0.000865	0.002942
3810	0.826485	0.000730	0.001495
3811	0.824749	-0.000244	0.000868
3812	0.826196	0.000729	0.003520
3813	0.824556	0.000727	0.004196
3814	0.828800	-0.000889	0.005594
3815	0.831790	0.000605	-0.001206
3816	0.828704	-0.000744	-0.004437
3817	0.825810	0.001165	-0.002508
3818	0.830247	0.000123	-0.005642
3819	0.828511	-0.000451	-0.002170
3820	0.825617	0.000124	-0.003376
3821	0.826100	-0.000200	-0.005353
3822	0.830922	0.000091	-0.001784
3823	0.829379	-0.000698	0.000386
3824	0.834298	0.000380	0.001254
3825	0.832369	0.000021	0.005498
3826	0.834491	-0.000427	0.002363
3827	0.831790	-0.000659	-0.003086
3828	0.827546	-0.001182	0.001977
3829	0.828511	-0.000802	0.001495
3830	0.832755	0.002001	-0.002749
3831	0.832176	0.000910	-0.006800
3832	0.831501	-0.000427	-0.009838
3833	0.831597	-0.000473	-0.009211
3834	0.835262	0.000648	-0.010754
3835	0.833237	-0.000692	-0.009018
3836	0.838252	0.000380	-0.006028
3837	0.836709	0.002375	-0.007427
3838	0.835745	0.001888	-0.005546
3839	0.830440	0.000571	-0.004581
3840	0.833430	-0.000730	-0.004630
3841	0.832948	0.001447	0.000627
3842	0.829765	-0.000253	0.000289
3843	0.832465	-0.002432	-0.000820
3844	0.833140	-0.001753	-0.002315
3845	0.823302	0.000819	-0.003086
3846	0.821373	0.000392	-0.006703
3847	0.823206	0.000913	-0.001254
3848	0.823592	-0.000325	0.000193
3849	0.825617	-0.001650	0.004533
3850	0.827546	0.001083	0.006462
3851	0.829282	0.000042	0.003906
3852	0.831404	-0.000145	0.004292
3853	0.831404	0.000545	0.004340
3854	0.838156	0.001818	0.001157
3855	0.838638	0.000857	-0.003762
3856	0.839796	-0.000468	-0.006125
3857	0.838735	-0.000283	-0.003858
3858	0.841725	-0.003287	-0.003810
3859	0.839217	-0.001963	-0.001254
3860	0.838252	0.000699	0.002508
3861	0.831501	0.000569	0.003906
3862	0.830343	0.001781	0.002218
3863	0.832272	-0.000136	0.001591
3864	0.829090	-0.001903	0.002749
3865	0.833430	0.000055	0.001254
3866	0.830633	-0.001482	0.002845
3867	0.829282	0.000991	0.002315
3868	0.837577	0.000870	0.004485
3869	0.841532	0.002529	0.005449
3870	0.837288	0.001340	0.006703
3871	0.832562	0.001383	0.006993
3872	0.834587	-0.000602	0.010127
3873	0.831404	0.000739	0.008488
3874	0.831211	0.000660	0.009549
3875	0.827643	0.000018	0.006655
3876	0.830054	0.000418	0.007909
3877	0.838059	0.000797	0.001302
3878	0.831115	-0.001511	0.003328
3879	0.829379	-0.002226	0.002797
3880	0.833623	-0.002608	0.008005
3881	0.835166	-0.000713	0.005546
3882	0.838252	-0.001483	0.007957
3883	0.838831	-0.001592	0.009307
3884	0.839024	-0.000628	0.004678
3885	0.834780	-0.001971	0.004485
3886	0.839217	0.001027	0.003183
3887	0.838638	0.002903	0.001688
3888	0.839024	0.003837	-0.000338
3889	0.838252	0.003473	-0.001591
3890	0.836613	0.001708	0.001543
3891	0.836420	-0.000508	-0.002845
3892	0.834298	0.001603	-0.001688
3893	0.830440	0.002491	-0.003665
3894	0.828511	0.000296	-0.002556
3895	0.825714	0.001595	-0.006366
3896	0.828125	0.003276	-0.007234
3897	0.831887	0.002307	-0.007041
3898	0.834298	0.001056	-0.005835
3899	0.829668	-0.000624	-0.005257
3900	0.826871	-0.002516	-0.009259
3901	0.832369	-0.000980	-0.009307
3902	0.836709	0.001231	-0.006944
3903	0.833333	0.001022	-0.008584
3904	0.837095	0.002598	-0.007764
3905	0.836806	0.002995	-0.008729
3906	0.833719	0.000025	-0.010127
3907	0.835841	0.001074	-0.009163
3908	0.834394	-0.000800	-0.010465
3909	0.835745	-0.001381	-0.009356
3910	0.835262	-0.001664	-0.008054
3911	0.836709	-0.000668	-0.010802
3912	0.830633	-0.000304	-0.008584
3913	0.832079	0.000033	-0.010465
3914	0.828125	-0.000800	-0.011671
3915	0.833430	-0.000910	-0.013310
3916	0.836130	-0.000671	-0.010465
3917	0.837191	-0.000154	-0.011863
3918	0.833140	0.001399	-0.006028
3919	0.833430	-0.001268	-0.007089
3920	0.840567	-0.002247	-0.012876
3921	0.837191	0.000882	-0.006366
3922	0.841532	0.000462	-0.005594
3923	0.843654	0.001263	-0.006800
3924	0.846354	0.000732	-0.008488
3925	0.844618	0.000857	-0.010561
3926	0.839120	-0.001935	-0.009549
3927	0.840085	-0.000669	-0.007716
3928	0.834780	0.001875	-0.007378
3929	0.832465	-0.000689	-0.001881
3930	0.836420	-0.000743	0.002604
3931	0.836806	0.000469	-0.001929
3932	0.831308	0.000379	-0.002025
3933	0.835166	-0.002372	0.000096
3934	0.840856	-0.002681	0.000820
3935	0.834877	-0.000445	0.003810
3936	0.842303	-0.000361	0.004726
3937	0.839217	0.002513	0.009742
3938	0.838445	-0.000177	0.008247
3939	0.833526	0.001605	0.011188
3940	0.830729	0.001122	0.010031
3941	0.824171	0.000299	0.009934
3942	0.830729	0.000680	0.009886
3943	0.827064	-0.002215	0.010272
3944	0.828029	0.000626	0.010561
3945	0.826100	0.000911	0.007764
3946	0.826100	-0.001063	0.005739
3947	0.828414	-0.001304	0.005642
3948	0.825810	0.000197	0.005932
3949	0.821277	0.000788	0.007427
3950	0.824749	0.000008	0.007137
3951	0.830826	-0.000605	0.003906
3952	0.832465	-0.001723	0.004437
3953	0.827257	-0.001843	0.005980
3954	0.825617	-0.000298	0.000000
3955	0.830922	0.000547	-0.002701
3956	0.833430	0.001392	-0.004051
3957	0.829668	0.001967	-0.002942
3958	0.832079	0.000410	-0.002556
3959	0.831308	0.001170	-0.005449
3960	0.832176	0.001191	-0.003520
3961	0.834491	0.002213	0.000289
3962	0.839892	0.001151	-0.002749
3963	0.836998	-0.000168	-0.004581
3964	0.843268	-0.000207	-0.002797
3965	0.843075	-0.002240	-0.001977
3966	0.844039	0.003076	-0.002411
3967	0.840085	0.000229	-0.002315
3968	0.845293	-0.000303	-0.002315
3969	0.840664	0.000265	-0.004292
3970	0.832948	0.001573	-0.003135
3971	0.832562	0.001043	0.002894
3972	0.826678	0.000653	-0.000048
3973	0.830150	0.000439	0.003424
3974	0.826968	-0.000861	0.000289
3975	0.832562	0.001674	-0.000723
3976	0.838059	0.001825	0.002170
3977	0.837384	-0.000276	-0.000193
3978	0.838927	0.000076	0.002411
3979	0.836806	0.000390	0.002749
3980	0.828125	0.002661	0.002025
3981	0.838638	0.003239	-0.000096
3982	0.842303	0.003544	-0.001013
3983	0.844811	0.002301	-0.000193
3984	0.838252	0.004644	-0.005739
3985	0.836034	0.000693	0.000530
3986	0.832465	0.002622	0.000772
3987	0.835552	0.001398	-0.002411
3988	0.833140	0.001824	-0.005787
3989	0.833526	-0.000071	-0.008632
3990	0.835359	-0.000035	-0.010368
3991	0.841917	-0.000536	-0.003520
3992	0.839603	-0.000491	-0.003424
3993	0.843075	0.000038	-0.004437
3994	0.838927	-0.000816	-0.004630
3995	0.842400	-0.001367	-0.005594
3996	0.844425	0.000493	-0.002845
3997	0.842978	0.003439	-0.006944
3998	0.844618	0.002003	-0.004871
3999	0.845100	0.001311	-0.007041
4000	0.842303	0.001356	-0.004099
4001	0.837577	0.000806	-0.004774
4002	0.843846	0.001138	-0.008198
4003	0.837770	-0.001899	-0.004774
4004	0.838831	0.000546	-0.006993
4005	0.836034	0.001834	-0.004533
4006	0.833044	0.001765	-0.002170
4007	0.835745	0.000337	-0.001495
4008	0.831983	0.001052	-0.001013
4009	0.830729	0.000765	-0.004967
4010	0.837191	0.001374	-0.001061
4011	0.831887	0.001592	-0.004051
4012	0.831790	0.001564	-0.004967
4013	0.836034	0.001597	-0.003617
4014	0.827450	0.000613	-0.004147
4015	0.826389	-0.000925	-0.004437
4016	0.824267	-0.001470	-0.007957
4017	0.829379	0.000576	-0.004437
4018	0.824171	0.000051	0.001495
4019	0.823978	0.002079	-0.001784
4020	0.820023	-0.000290	-0.000530
4021	0.825328	0.000868	-0.000482
4022	0.829379	0.000687	-0.004389
4023	0.829186	-0.001397	-0.006848
4024	0.830343	-0.000542	-0.003424
4025	0.824171	-0.000609	-0.006848
4026	0.827450	-0.000827	-0.007282
4027	0.824460	0.000009	-0.005980
4028	0.827450	0.000322	-0.011912
4029	0.827353	-0.000478	-0.012876
4030	0.829186	-0.001287	-0.013455
4031	0.831790	-0.002191	-0.014419
4032	0.832658	0.000704	-0.013503
4033	0.828029	0.002179	-0.014564
4034	0.828704	-0.001799	-0.009645
4035	0.836323	-0.001109	-0.010127
4036	0.839603	-0.000046	-0.009018
4037	0.840471	0.001795	-0.011526
4038	0.838156	0.001791	-0.010176
4039	0.837770	0.001756	-0.007475
4040	0.830826	-0.000884	-0.002894
4041	0.833140	0.001128	-0.012442
4042	0.830536	0.000600	-0.011429
4043	0.839506	-0.001256	-0.012876
4044	0.838831	0.000505	-0.012780
4045	0.833912	0.002418	-0.010995
4046	0.836130	-0.000091	-0.006125
4047	0.841628	-0.000687	-0.005739
4048	0.846161	-0.001976	-0.005787
4049	0.839410	-0.003421	-0.004389
4050	0.842978	-0.000839	0.001833
4051	0.841146	-0.000753	0.001061
4052	0.846547	-0.001785	-0.001784
4053	0.843268	0.000954	-0.001881
4054	0.842689	-0.002417	-0.007378
4055	0.842400	-0.000204	-0.003183
4056	0.838445	0.001956	-0.002508
4057	0.835745	-0.001243	-0.003183
4058	0.832948	-0.000220	0.003086
4059	0.831887	-0.002592	0.001833
4060	0.829090	-0.002989	-0.002074
4061	0.830729	-0.002267	-0.001109
4062	0.834877	-0.001364	0.000723
4063	0.837481	-0.000836	-0.001881
4064	0.837481	0.001252	-0.004147
4065	0.838059	0.003565	-0.002508
4066	0.831790	0.000206	0.001495
4067	0.834587	-0.000349	0.004533
4068	0.839699	-0.001361	0.002942
4069	0.837481	-0.000061	0.002508
4070	0.843461	0.001336	0.003183
4071	0.843750	0.001569	0.007475
4072	0.838252	0.000596	0.006510
4073	0.838059	0.001086	0.008247
4074	0.832465	0.000021	0.002942
4075	0.833140	0.000798	0.003954
4076	0.829475	-0.000389	0.001254
4077	0.828993	-0.001666	-0.001495
4078	0.825328	-0.000852	-0.001495
4079	0.827643	-0.002678	-0.004196
4080	0.831597	-0.000847	-0.002411
4081	0.830826	-0.001123	-0.000772
4082	0.832658	-0.000086	-0.002411
4083	0.829186	-0.000298	-0.005208
4084	0.831501	0.001785	0.000627
4085	0.833044	0.000557	-0.000193
4086	0.835359	0.000805	-0.000579
4087	0.837770	0.000992	-0.001495
4088	0.834008	-0.000802	-0.001254
4089	0.833430	0.002197	0.000627
4090	0.832948	0.001116	-0.001784
4091	0.838927	0.000049	-0.000482
4092	0.845100	-0.001899	0.000096
4093	0.844425	-0.000987	0.003569
4094	0.837384	-0.002989	0.008054
4095	0.839217	-0.000374	0.008247
4096	0.835455	0.000401	0.010706
4097	0.835359	0.003295	0.010610
4098	0.836613	0.000557	0.008102
4099	0.833333	0.001509	0.006318
4100	0.831597	-0.000940	0.003665
4101	0.833816	-0.000150	0.002218
4102	0.831694	0.000462	0.002459
4103	0.833912	0.000505	0.000048
4104	0.836998	0.002301	0.000675
4105	0.829090	0.001042	0.001061
4106	0.829186	-0.000836	-0.005015
4107	0.821373	-0.000264	-0.002122
4108	0.825135	-0.002691	-0.006028
4109	0.828800	-0.000768	-0.006993
4110	0.831501	-0.000061	-0.005353
4111	0.830440	-0.000244	-0.003520
4112	0.825907	-0.001124	-0.001109
4113	0.827064	-0.000106	-0.001302
4114	0.825424	-0.000114	0.001591
4115	0.833719	0.001733	0.000579
4116	0.830440	-0.000373	0.000579
4117	0.836130	-0.001584	-0.001881
4118	0.832851	0.000848	-0.000193
4119	0.830729	-0.001973	-0.001399
4120	0.833140	-0.001816	0.002025
4121	0.831887	-0.003143	0.001013
4122	0.834780	-0.000326	0.006221
4123	0.831790	0.000060	0.005594
4124	0.830536	0.000145	0.006944
4125	0.828897	-0.000431	0.003328
4126	0.825039	-0.000984	0.006269
4127	0.820795	-0.001206	0.004389
4128	0.817323	-0.001111	0.005980
4129	0.815972	0.000174	0.006414
4130	0.809799	-0.001432	0.010947
4131	0.820698	-0.001634	0.002508
4132	0.821470	-0.000062	0.004389
4133	0.823881	0.000739	0.001977
4134	0.820988	-0.000297	0.005305
4135	0.818191	-0.000081	0.007378
4136	0.825039	0.000592	0.003810
4137	0.834298	0.000788	0.002411
4138	0.827353	-0.000460	-0.001013
4139	0.828414	-0.001819	0.004581
4140	0.821856	-0.001078	0.004051
4141	0.824653	-0.001527	0.002363
4142	0.828125	-0.000387	-0.001302
4143	0.832465	-0.000985	-0.003906
4144	0.834780	0.001487	-0.006752
4145	0.831887	-0.000190	-0.007089
4146	0.839892	0.002385	-0.003376
4147	0.835938	0.004648	-0.002411
4148	0.838638	0.002592	-0.002459
4149	0.835069	0.003289	0.000241
4150	0.836902	0.002834	0.002122
4151	0.841532	0.001901	-0.002218
4152	0.843557	0.001663	-0.003279
4153	0.847512	-0.002774	-0.002074
4154	0.850694	-0.001928	-0.003762
4155	0.839506	-0.004544	-0.003954
4156	0.840760	-0.001791	-0.003569
4157	0.839410	0.000123	-0.001350
4158	0.839217	0.000287	-0.003231
4159	0.841146	-0.002132	-0.006366
4160	0.842303	0.001325	-0.004967
4161	0.836516	-0.001227	-0.002652
4162	0.838059	-0.001134	-0.002122
4163	0.839313	-0.000252	0.004099
4164	0.846644	0.002328	0.001833
4165	0.847319	0.001935	-0.000096
4166	0.845583	-0.000222	0.001833
4167	0.848765	-0.003404	-0.004292
4168	0.846740	0.000478	0.001157
4169	0.841242	-0.002403	-0.001350
4170	0.845486	-0.001091	-0.000434
4171	0.851080	0.000156	0.001350
4172	0.848090	0.000054	0.001495
4173	0.846644	0.001543	0.004196
4174	0.845679	0.001750	0.002267
4175	0.846354	0.001355	0.003376
4176	0.847415	0.001110	0.002315
4177	0.848187	0.001555	0.001206
4178	0.844522	0.001407	0.001736
4179	0.843075	-0.000068	0.006607
4180	0.847704	0.002134	0.006125
4181	0.845293	0.004290	0.007475
4182	0.837770	-0.000074	0.005594
4183	0.834298	-0.000832	0.005401
4184	0.835841	0.000038	0.002363
4185	0.836323	0.000408	0.003472
4186	0.828993	0.001427	-0.000627
4187	0.836130	0.004088	-0.004726
4188	0.830633	0.000473	-0.001157
4189	0.827546	0.000705	-0.002459
4190	0.831887	0.000219	-0.006318
4191	0.834684	-0.001042	-0.004678
4192	0.832562	-0.001358	-0.006414
4193	0.833526	0.001777	-0.006510
4194	0.831887	0.000366	-0.004678
4195	0.832465	0.000556	-0.005594
4196	0.829186	0.001404	-0.002170
4197	0.819927	-0.000280	0.001495
4198	0.815972	-0.001336	0.000145
4199	0.816165	0.000758	-0.000627
4200	0.812886	0.000686	-0.000772
4201	0.808449	-0.000099	-0.000241
4202	0.811632	0.000047	-0.001157
4203	0.820505	-0.001225	0.001688
4204	0.825714	-0.003045	0.000193
4205	0.818383	-0.000073	0.001061
4206	0.817901	-0.001411	0.001206
4207	0.815394	-0.000629	0.000145
4208	0.813465	-0.000654	0.000096
4209	0.820698	-0.000421	0.002845
4210	0.822049	-0.000895	0.002122
4211	0.823206	0.000519	0.001399
4212	0.825617	-0.000984	0.003617
4213	0.827450	0.000956	0.004630
4214	0.831308	-0.001836	0.002218
4215	0.834973	-0.000531	0.005883
4216	0.838735	-0.000669	0.001302
4217	0.835069	-0.003901	0.000530
4218	0.836323	-0.002410	-0.003906
4219	0.828029	-0.001976	-0.004581
4220	0.827932	-0.000600	-0.001495
4221	0.819830	0.000978	-0.000965
4222	0.817708	0.001235	-0.001977
4223	0.825328	0.000979	-0.003279
4224	0.822917	0.000260	-0.002411
4225	0.831404	0.002204	0.000289
4226	0.828993	0.000808	-0.005449
4227	0.825039	0.001603	-0.002267
4228	0.830922	0.000701	-0.003569
4229	0.829765	0.000550	-0.004437
4230	0.829379	-0.001146	-0.004630
4231	0.826100	-0.001186	-0.000482
4232	0.827257	-0.000113	0.001206
4233	0.832658	-0.000654	0.000820
4234	0.828414	-0.000160	0.005739
4235	0.832755	0.000574	0.001157
4236	0.834684	0.001225	0.002315
4237	0.839313	-0.000167	0.002218
4238	0.850019	-0.000369	0.006462
4239	0.839988	-0.003045	0.008488
4240	0.840760	0.001268	0.008825
4241	0.839313	-0.000213	0.006848
4242	0.832948	0.000934	0.004196
4243	0.836130	0.000566	0.004533
4244	0.840760	-0.000167	0.003713
4245	0.834587	0.001845	0.002894
4246	0.838156	-0.001566	-0.000289
4247	0.835841	-0.000649	-0.002025
4248	0.840664	-0.001063	-0.000434
4249	0.836998	-0.002115	-0.002218
4250	0.834008	-0.002891	-0.002411
4251	0.829186	0.001425	-0.006800
4252	0.823013	0.000904	-0.001447
4253	0.824556	0.000359	-0.001447
4254	0.826582	0.000909	-0.000145
4255	0.821856	0.000162	-0.000434
4256	0.819444	-0.000383	0.000289
4257	0.818769	-0.000123	-0.005112
4258	0.824846	0.001451	-0.000530
4259	0.827450	-0.000230	-0.000386
4260	0.823785	0.001188	-0.003424
4261	0.828993	0.001347	0.000193
4262	0.832658	0.001042	0.001157
4263	0.832755	0.000834	-0.001157
4264	0.834491	-0.001100	-0.001543
4265	0.835262	0.000681	0.001447
4266	0.837288	0.000429	-0.002701
4267	0.838735	-0.001297	-0.001784
4268	0.835938	0.002328	0.000145
4269	0.831694	0.001374	-0.001881
4270	0.833333	0.002166	-0.002315
4271	0.834587	0.002702	0.000627
4272	0.832755	-0.006181	-0.001736
4273	0.842785	-0.003175	0.001013
4274	0.839024	0.000634	-0.002025
4275	0.837674	-0.000686	-0.002556
4276	0.836613	0.000292	-0.001736
4277	0.833623	0.000892	0.001640
4278	0.830922	0.000040	0.001736
4279	0.828897	0.000843	0.005739
4280	0.835069	-0.001825	0.001350
4281	0.840760	-0.001232	0.002942
4282	0.840374	-0.001714	0.002942
4283	0.840664	0.000250	0.002315
4284	0.836613	0.000492	0.004919
4285	0.833140	0.000937	0.000193
4286	0.832948	-0.000372	0.002942
4287	0.834877	-0.002679	-0.000916
4288	0.834008	0.000693	-0.001881
4289	0.834201	0.000757	-0.006752
4290	0.831501	0.002130	-0.005594
4291	0.832851	0.000818	-0.005160
4292	0.836420	-0.001721	-0.003665
4293	0.833623	0.002219	-0.009163
4294	0.834008	0.000597	-0.006655
4295	0.837674	0.000539	-0.004485
4296	0.836227	0.000466	-0.006125
4297	0.834877	0.000407	-0.003810
4298	0.838927	0.002117	-0.001881
4299	0.835262	0.003044	-0.004099
4300	0.827932	0.001390	-0.003279
4301	0.830440	0.002174	-0.000965
4302	0.834298	0.001918	-0.001447
4303	0.832465	-0.000007	0.000145
4304	0.823592	-0.000491	0.000289
4305	0.828414	0.001834	0.001833
4306	0.824171	0.001779	-0.001013
4307	0.819444	-0.000810	0.000916
4308	0.824556	-0.000838	-0.000048
4309	0.828414	-0.002568	0.003762
4310	0.825907	-0.001939	0.003713
4311	0.830826	0.001403	0.002459
4312	0.831597	0.000735	0.004967
4313	0.829958	0.003264	0.001061
4314	0.832369	-0.000218	0.000965
4315	0.830922	-0.000622	0.001206
4316	0.833333	-0.001232	0.000338
4317	0.833623	-0.000751	0.000627
4318	0.831308	-0.001964	0.001157
4319	0.833430	0.000949	0.001013
4320	0.833719	-0.000586	-0.000530
4321	0.828897	0.001274	0.001061
4322	0.817708	-0.000306	-0.003183
4323	0.811921	-0.000606	-0.000048
4324	0.814911	-0.000056	0.001543
4325	0.815972	-0.000851	-0.002411
4326	0.819927	0.000533	-0.004389
4327	0.815297	-0.001093	-0.003617
4328	0.813947	0.000144	-0.000434
4329	0.821566	-0.000949	-0.001061
4330	0.827546	-0.001273	-0.003617
4331	0.825617	-0.000635	-0.004967
4332	0.820313	0.000439	-0.005787
4333	0.824653	0.000641	0.000193
4334	0.822820	0.001204	-0.000965
4335	0.825328	0.000873	-0.003569
4336	0.828221	0.001064	-0.002025
4337	0.827836	-0.000805	-0.002652
4338	0.827546	-0.000195	-0.001543
4339	0.833044	0.000416	-0.002459
4340	0.834684	0.002237	-0.000193
4341	0.836902	0.001702	0.002604
4342	0.841242	0.002374	0.000627
4343	0.837288	0.001243	-0.002797
4344	0.835648	0.001481	0.002122
4345	0.829958	0.001858	0.002122
4346	0.831308	0.003409	0.003472
4347	0.838445	0.001797	-0.003231
4348	0.837674	-0.001265	-0.001399
4349	0.833237	-0.001293	0.002218
4350	0.827932	-0.001514	-0.002652
4351	0.826871	0.001111	-0.002363
4352	0.831983	-0.002060	-0.003279
4353	0.834684	-0.001849	-0.004823
4354	0.834491	0.001119	-0.008729
4355	0.831694	-0.001064	-0.004678
4356	0.832272	-0.000424	-0.005498
4357	0.829765	0.000114	-0.005642
4358	0.835841	0.000805	-0.004292
4359	0.837288	-0.001258	-0.005498
4360	0.837095	0.000098	-0.010079
4361	0.838735	0.003239	-0.006559
4362	0.841725	-0.000399	-0.004581
4363	0.840567	-0.000043	-0.000482
4364	0.842785	-0.001183	0.001109
4365	0.830150	0.000587	0.000289
4366	0.828800	0.000470	0.001688
4367	0.834973	-0.001260	0.001350
4368	0.834394	-0.000717	0.002267
4369	0.835745	0.000822	0.001688
4370	0.824846	0.000906	0.000868
4371	0.825617	0.001409	-0.001640
4372	0.825714	-0.000984	-0.001399
4373	0.825714	0.000652	-0.002797
4374	0.822917	0.000071	-0.004147
4375	0.826100	-0.001052	-0.005449
4376	0.827353	0.000338	-0.004871
4377	0.827257	-0.001901	-0.002556
4378	0.835262	-0.002369	-0.005160
4379	0.835166	0.000512	-0.002267
4380	0.835648	-0.000273	-0.002556
4381	0.837963	-0.002360	-0.004726
4382	0.834780	-0.001133	-0.000675
4383	0.837191	-0.000485	-0.004871
4384	0.829861	0.002787	-0.003665
4385	0.831211	0.001033	-0.003231
4386	0.832176	-0.000367	-0.004340
4387	0.835745	-0.000928	-0.006752
4388	0.840856	-0.000101	-0.006607
4389	0.836709	-0.000238	-0.008150
4390	0.838638	0.000407	-0.009838
4391	0.835359	0.000885	-0.003810
4392	0.836034	-0.000503	-0.005642
4393	0.836998	-0.002020	-0.006028
4394	0.832755	-0.000897	-0.004099
4395	0.833912	-0.000340	-0.001447
4396	0.831887	0.000732	-0.003231
4397	0.831211	0.001000	-0.006993
4398	0.830826	0.001736	-0.005208
4399	0.831501	-0.001989	-0.007764
4400	0.834008	-0.001208	-0.006559
4401	0.821470	0.000576	-0.003810
4402	0.822531	0.001037	0.001640
4403	0.824749	-0.000495	0.000916
4404	0.825907	0.000834	0.002797
4405	0.829958	0.001734	0.002556
4406	0.836130	-0.000891	0.004678
4407	0.835648	0.000583	0.003617
4408	0.836709	0.002226	0.001109
4409	0.836902	0.002529	0.000916
4410	0.845197	0.000920	0.005691
4411	0.836902	0.000659	0.002556
4412	0.835069	-0.000793	-0.001688
4413	0.833816	0.001416	-0.002411
4414	0.831211	0.000026	-0.001399
4415	0.833719	0.003242	-0.006221
4416	0.824267	0.001523	-0.004774
4417	0.826003	0.000090	-0.003858
4418	0.824556	0.002365	-0.003376
4419	0.824267	-0.001456	-0.002315
4420	0.828607	-0.000130	-0.003713
4421	0.828318	-0.001444	-0.006462
4422	0.824363	-0.000658	-0.005498
4423	0.828511	-0.000705	0.000096
4424	0.832079	-0.001408	-0.002411
4425	0.828511	-0.001216	-0.000723
4426	0.821566	-0.001201	-0.002604
4427	0.819734	-0.001067	0.000289
4428	0.827160	-0.000688	-0.002797
4429	0.822338	-0.000672	-0.000289
4430	0.821952	0.000768	-0.000868
4431	0.826196	-0.000400	-0.002652
4432	0.829958	0.000429	-0.001399
4433	0.821181	0.000109	-0.002363
4434	0.821566	-0.000947	-0.002845
4435	0.823785	0.000749	-0.002556
4436	0.825231	0.001529	-0.003424
4437	0.829958	0.000827	-0.002556
4438	0.830440	0.000128	-0.002315
4439	0.829186	-0.000701	-0.007041
4440	0.827836	0.000569	-0.002942
4441	0.828125	-0.001691	-0.007186
4442	0.826003	0.000611	-0.008922
4443	0.830922	0.001129	-0.006510
4444	0.831790	0.000750	-0.005835
4445	0.830633	0.000943	-0.004292
4446	0.832562	-0.001359	-0.005208
4447	0.836420	-0.000352	-0.005642
4448	0.833333	-0.001928	-0.002459
4449	0.831501	0.001884	-0.000530
4450	0.825521	0.002426	-0.000386
4451	0.824074	0.000030	-0.002894
4452	0.827836	0.001240	-0.001929
4453	0.826775	0.000886	-0.005546
4454	0.818383	0.000156	-0.004726
4455	0.819059	-0.001138	-0.002315
4456	0.821084	-0.000563	0.000675
4457	0.822145	0.000018	-0.000338
4458	0.824653	-0.000912	0.003810
4459	0.817612	0.000065	0.005208
4460	0.819444	0.000206	0.005739
4461	0.817901	-0.000183	0.004292
4462	0.820698	-0.000358	0.002025
4463	0.825231	0.000177	0.000723
4464	0.823302	0.000704	0.004533
4465	0.826100	-0.000399	0.000000
4466	0.827064	-0.001072	-0.000241
4467	0.825810	0.000367	-0.004630
4468	0.833044	0.002355	0.000772
4469	0.831211	0.001915	0.000868
4470	0.830729	0.000057	0.000386
4471	0.835359	0.000373	-0.000145
4472	0.837288	0.000242	-0.002267
4473	0.830826	-0.000476	-0.003038
4474	0.829475	0.001350	-0.002315
4475	0.834008	0.001089	0.003713
4476	0.830633	-0.001053	0.000579
4477	0.830633	-0.000586	-0.002652
4478	0.833912	-0.001466	0.002604
4479	0.833623	-0.000192	0.002652
4480	0.833526	-0.001373	0.003183
4481	0.832562	-0.000517	0.004292
4482	0.835938	0.000176	0.002315
4483	0.834684	0.001607	0.002170
4484	0.836323	0.001546	0.002797
4485	0.833719	0.000746	0.006173
4486	0.838445	-0.000724	0.003906
4487	0.842882	0.000003	-0.001254
4488	0.839024	0.001109	0.001061
4489	0.837963	-0.001442	-0.004437
4490	0.836034	0.000214	0.000241
4491	0.834877	0.000105	-0.003810
4492	0.824074	-0.000287	-0.001109
4493	0.826389	-0.000252	-0.006414
4494	0.825424	-0.000539	-0.002942
4495	0.823013	0.000309	-0.006752
4496	0.824749	-0.001134	-0.008391
4497	0.830247	0.000798	-0.008150
4498	0.836806	0.000850	-0.004678
4499	0.840181	0.001221	-0.007378
4500	0.843557	0.001206	-0.010079
4501	0.843461	-0.002100	-0.007861
4502	0.843171	0.000791	-0.010417
4503	0.843075	0.000987	-0.010176
4504	0.841435	-0.001783	-0.013841
4505	0.845004	0.000857	-0.013648
4506	0.839699	0.000983	-0.009742
4507	0.837963	0.000900	-0.006318
4508	0.837481	0.000829	-0.010658
4509	0.838252	0.003082	-0.012153
4510	0.837288	0.000469	-0.008681
4511	0.836709	0.000736	-0.011429
4512	0.837577	-0.000074	-0.008536
4513	0.834877	-0.001819	-0.006462
4514	0.827739	-0.001317	-0.003617
4515	0.833719	-0.001764	0.001013
4516	0.828800	0.000225	-0.003520
4517	0.821373	-0.001379	-0.003762
4518	0.821856	-0.000751	-0.003762
4519	0.833140	0.001147	-0.008488
4520	0.840181	-0.000010	-0.004871
4521	0.833044	0.000365	-0.005691
4522	0.833719	0.001711	-0.004196
4523	0.831115	0.000991	-0.007861
4524	0.832658	-0.002037	-0.004099
4525	0.831501	0.001726	-0.005160
4526	0.835069	-0.000239	-0.004871
4527	0.836227	-0.002742	-0.007330
4528	0.830826	0.001167	-0.012153
4529	0.835938	-0.000531	-0.011719
4530	0.837770	0.001875	-0.013021
4531	0.840085	0.002197	-0.012249
4532	0.834298	0.001561	-0.007378
4533	0.843268	-0.001503	-0.007186
4534	0.836806	-0.001399	-0.006028
4535	0.835262	0.001726	-0.005835
4536	0.834780	0.001166	-0.005980
4537	0.831019	-0.000592	-0.005546
4538	0.837384	0.001584	-0.005449
4539	0.836998	-0.000503	-0.004678
4540	0.832851	-0.001234	-0.003858
4541	0.834105	-0.000191	-0.006896
4542	0.831308	0.000004	-0.004581
4543	0.834973	-0.000997	-0.006221
4544	0.838252	0.000072	-0.003424
4545	0.840664	-0.003630	-0.007330
4546	0.845390	-0.001377	-0.006944
4547	0.848187	-0.002446	-0.009356
4548	0.852141	0.001043	-0.006559
4549	0.843654	0.001053	-0.008825
4550	0.832562	-0.000305	-0.010417
4551	0.837191	0.000902	-0.010272
4552	0.832755	-0.001196	-0.008873
4553	0.829765	-0.000276	-0.010899
4554	0.838252	-0.001818	-0.009163
4555	0.833237	0.001082	-0.006414
4556	0.834780	0.002159	-0.007764
4557	0.836420	-0.000319	-0.007186
4558	0.829379	-0.001562	-0.008198
4559	0.829572	0.000656	-0.006510
4560	0.823110	0.001367	-0.003376
4561	0.824363	0.000047	-0.002363
4562	0.824267	0.001675	-0.000965
4563	0.822049	0.001492	-0.000386
4564	0.833912	0.000472	-0.003086
4565	0.839313	0.003285	-0.005642
4566	0.837095	0.004315	-0.006366
4567	0.833237	0.000622	-0.005883
4568	0.838156	0.002177	0.000820
4569	0.843171	0.003287	-0.003569
4570	0.838349	0.002576	0.001833
4571	0.840760	0.005141	0.000627
4572	0.841532	0.004188	0.001688
4573	0.836516	0.002639	-0.000482
4574	0.840664	-0.001492	-0.000675
4575	0.834877	-0.000107	0.001784
4576	0.834877	-0.000301	0.001881
4577	0.835552	0.000890	0.000868
4578	0.835262	0.001171	0.001591
4579	0.833816	0.002358	0.003086
4580	0.834298	0.001954	0.005160
4581	0.826678	0.002866	0.005401
4582	0.828029	-0.000567	0.010127
4583	0.829379	-0.001585	0.009307
4584	0.831115	-0.000340	0.010031
4585	0.829282	-0.000615	0.015914
4586	0.829572	-0.001601	0.010272
4587	0.831404	-0.003066	0.013648
4588	0.831597	0.001010	0.010417
4589	0.825328	0.000452	0.015770
4590	0.825135	0.000634	0.012539
4591	0.831115	-0.001005	0.012105
4592	0.828993	0.001022	0.005401
4593	0.831597	-0.000333	0.008247
4594	0.831019	0.001295	0.009163
4595	0.832176	-0.000765	0.008247
4596	0.833430	-0.000439	0.005835
4597	0.831404	0.001107	0.005353
4598	0.837095	0.000992	0.007234
4599	0.836130	0.001763	0.006896
4600	0.834008	0.002191	0.005305
4601	0.835841	0.000322	0.005449
4602	0.834298	0.000297	0.006607
4603	0.827643	0.001940	0.005112
4604	0.829282	0.000445	0.003135
4605	0.829861	0.000322	0.005064
4606	0.828993	0.000440	0.003376
4607	0.829668	0.002744	0.003762
4608	0.833430	0.001123	0.001013
4609	0.833140	-0.001587	0.006269
4610	0.826871	0.002454	0.006800
4611	0.828125	-0.001572	0.008488
4612	0.828993	-0.000806	0.008873
4613	0.831501	-0.000679	0.007909
4614	0.827353	0.000559	0.008922
4615	0.826196	-0.000335	0.007571
4616	0.829379	0.000795	0.006800
4617	0.829475	-0.001645	0.010224
4618	0.830054	0.000552	0.007668
4619	0.828800	0.000398	0.004581
4620	0.829958	-0.000788	0.005208
4621	0.826389	0.000455	0.003086
4622	0.829765	0.000759	0.001688
4623	0.834298	-0.000144	0.004774
4624	0.836709	-0.001698	0.000482
4625	0.834491	-0.000981	0.004726
4626	0.832658	-0.000570	0.004147
4627	0.829861	-0.001172	0.004774
4628	0.835455	-0.002119	0.006318
4629	0.840567	0.000254	0.007378
4630	0.840856	0.000877	0.009597
4631	0.837674	0.001048	0.004003
4632	0.830536	0.001060	0.006510
4633	0.828607	0.002078	0.003086
4634	0.835648	0.001796	0.003183
4635	0.829572	0.000886	0.007234
4636	0.833140	0.000676	0.003376
4637	0.832658	0.002074	0.006800
4638	0.834491	-0.000019	0.004389
4639	0.829572	-0.001603	0.006510
4640	0.828414	-0.001333	0.007716
4641	0.828125	-0.001475	0.011478
4642	0.831115	-0.003442	0.012056
4643	0.831790	0.000432	0.009790
4644	0.835455	0.000084	0.008005
4645	0.838927	0.000701	0.006221
4646	0.847415	0.001106	0.005932
4647	0.841435	-0.000784	0.006173
4648	0.841146	0.000700	0.004678
4649	0.842978	0.001544	0.000579
4650	0.839506	-0.001614	0.002411
4651	0.839506	-0.001612	0.004099
4652	0.840278	0.001191	0.001881
4653	0.840567	-0.000478	0.003183
4654	0.837288	-0.001213	0.000530
4655	0.834780	-0.001266	-0.001881
4656	0.829090	0.000122	-0.005112
4657	0.829475	0.000449	-0.000965
4658	0.834201	0.002699	-0.003906
4659	0.831308	0.002465	0.000096
4660	0.830633	0.000226	0.000627
4661	0.836806	-0.000159	0.002604
4662	0.833430	-0.000020	0.005257
4663	0.836420	-0.001386	0.005257
4664	0.836130	-0.001967	0.005787
4665	0.831887	-0.002475	0.003086
4666	0.828993	-0.000612	0.010079
4667	0.829379	0.002747	0.009066
4668	0.826389	0.002639	0.008150
4669	0.824267	-0.001649	0.006944
4670	0.824556	-0.001876	0.003906
4671	0.824074	-0.000038	0.005498
4672	0.822627	0.001956	0.001061
4673	0.817998	-0.000875	0.000434
4674	0.815490	-0.000570	0.001881
4675	0.816647	0.000117	0.000048
4676	0.815490	-0.000093	0.001977
4677	0.814043	0.001244	-0.004678
4678	0.817033	0.000301	-0.002459
4679	0.813754	0.000592	-0.003183
4680	0.821277	-0.000116	-0.002508
4681	0.822242	-0.002587	-0.009066
4682	0.826196	0.000908	-0.004533
4683	0.832755	-0.001897	-0.010417
4684	0.832851	-0.002077	-0.009838
4685	0.832176	-0.000026	-0.006510
4686	0.833333	0.002857	-0.008054
4687	0.828221	0.000908	-0.007813
4688	0.830247	0.002952	-0.007764
4689	0.826485	0.002251	-0.010754
4690	0.827836	0.000125	-0.010658
4691	0.832272	-0.001268	-0.008681
4692	0.831211	0.001462	-0.010610
4693	0.827160	-0.000196	-0.009693
4694	0.831404	-0.000237	-0.008536
4695	0.826871	0.000202	-0.008054
4696	0.828125	-0.000359	-0.005739
4697	0.824267	0.000154	-0.007378
4698	0.828414	-0.001713	-0.008825
4699	0.831115	-0.001304	-0.009018
4700	0.836130	-0.002594	-0.010851
4701	0.834973	0.000692	-0.010176
4702	0.833912	-0.000114	-0.005835
4703	0.836806	0.000088	-0.001591
4704	0.833526	0.000782	-0.003617
4705	0.826292	0.000609	-0.000482
4706	0.828704	-0.000442	-0.004196
4707	0.824942	0.001142	-0.000386
4708	0.827160	0.001884	-0.001061
4709	0.821952	0.001248	-0.004389
4710	0.824653	-0.000783	-0.003038
4711	0.828704	-0.001869	-0.004630
4712	0.827257	-0.001550	-0.005305
4713	0.837963	-0.001803	-0.003906
4714	0.836227	0.000496	-0.002556
4715	0.838059	0.000890	-0.002122
4716	0.839217	-0.002009	-0.004485
4717	0.850212	-0.000635	-0.003376
4718	0.847415	-0.000787	-0.005305
4719	0.847897	-0.002008	-0.001977
4720	0.854456	0.002296	0.000145
4721	0.857350	0.000392	-0.000820
4722	0.849730	-0.001767	-0.000338
4723	0.853106	-0.000954	-0.001977
4724	0.851370	-0.001590	0.002845
4725	0.850405	0.000894	0.003520
4726	0.849730	-0.002840	0.002701
4727	0.851563	-0.000205	0.002749
4728	0.850598	0.000374	-0.000868
4729	0.850694	0.003733	0.004967
4730	0.855806	-0.000166	0.006028
4731	0.855324	0.000367	0.001350
4732	0.850309	-0.004701	0.001591
4733	0.845679	-0.001225	-0.000096
4734	0.844522	-0.003040	0.001929
4735	0.841049	-0.002667	0.003472
4736	0.846740	-0.001970	0.001302
4737	0.840856	0.000826	0.000675
4738	0.837481	0.001046	-0.000386
4739	0.833333	0.000938	0.001399
4740	0.837674	-0.000966	0.001350
4741	0.832176	-0.002256	0.001302
4742	0.831115	-0.000765	0.000386
4743	0.828029	-0.000234	-0.002556
4744	0.819252	-0.001011	0.002122
4745	0.829282	-0.000909	0.005015
4746	0.825328	0.000654	0.004437
4747	0.823302	-0.001111	0.006221
4748	0.830343	-0.000627	0.007620
4749	0.832369	0.000865	0.003520
4750	0.820891	-0.000221	0.000675
4751	0.819734	-0.000404	-0.004485
4752	0.822627	-0.000834	-0.006993
4753	0.827739	0.001849	-0.010031
4754	0.823688	0.001347	-0.003713
4755	0.825231	0.001394	-0.002218
4756	0.828607	-0.000719	0.000386
4757	0.832272	-0.002533	0.000579
4758	0.827836	-0.002776	0.000965
4759	0.823881	-0.000497	0.001495
4760	0.821759	-0.000810	0.003569
4761	0.824267	0.000138	0.003279
4762	0.825714	-0.000964	0.002942
4763	0.832369	-0.000272	0.007378
4764	0.831308	-0.001792	0.007041
4765	0.830150	-0.000635	0.007716
4766	0.828607	0.001080	0.005546
4767	0.828993	0.000987	0.000965
4768	0.825617	0.001328	-0.000048
4769	0.834877	-0.000140	0.001543
4770	0.834780	0.001267	-0.002315
4771	0.829572	-0.001283	0.000048
4772	0.828221	0.001247	0.004678
4773	0.825039	0.000683	0.002749
4774	0.823785	-0.000161	0.004099
4775	0.828511	0.000560	0.000723
4776	0.829090	0.001188	0.002604
4777	0.827739	-0.000484	0.001784
4778	0.825039	-0.000052	0.002990
4779	0.824171	0.001530	0.000338
4780	0.821373	-0.000740	0.003520
4781	0.832948	-0.001615	0.003328
4782	0.832272	-0.001206	-0.006896
4783	0.830440	-0.001939	-0.003906
4784	0.829668	-0.000347	-0.002942
4785	0.826775	-0.000664	-0.000289
4786	0.824749	-0.000151	-0.001013
4787	0.825328	0.000671	-0.002074
4788	0.829379	0.001183	-0.000627
4789	0.830922	-0.000497	-0.004003
4790	0.834587	-0.002355	-0.004196
4791	0.832079	-0.001535	-0.003231
4792	0.834587	-0.002242	-0.002459
4793	0.831887	0.001532	-0.000289
4794	0.832755	-0.001201	-0.004147
4795	0.822627	0.001246	0.001302
4796	0.829765	0.001703	0.004630
4797	0.828029	0.002675	0.006366
4798	0.830922	0.001738	0.004437
4799	0.834684	0.000487	0.005642
4800	0.834201	0.000508	0.008247
4801	0.833526	0.001083	0.005353
4802	0.838831	0.000207	0.002508
4803	0.836998	-0.000068	0.001640
4804	0.835455	0.000880	-0.001350
4805	0.841146	-0.000315	0.001013
4806	0.835359	-0.001721	0.002363
4807	0.832079	-0.000585	0.005305
4808	0.831019	-0.000472	0.004099
4809	0.837095	0.000585	0.004485
4810	0.836323	-0.002746	-0.001929
4811	0.829282	0.000132	-0.002218
4812	0.828897	0.000580	0.001013
4813	0.828511	0.001077	0.000434
4814	0.831790	0.000404	-0.001543
4815	0.831694	-0.001330	0.000916
4816	0.824846	0.000571	0.000338
4817	0.822917	-0.001212	-0.000193
4818	0.824846	-0.001769	0.000096
4819	0.831790	-0.001038	-0.005112
4820	0.825907	-0.000124	-0.005401
4821	0.826871	0.000409	-0.000820
4822	0.827160	-0.000676	-0.000579
4823	0.824267	0.000232	-0.000338
4824	0.824653	-0.001344	0.000338
4825	0.823110	-0.000297	0.001013
4826	0.826485	-0.000738	0.001833
4827	0.834877	-0.001634	0.000338
4828	0.834587	0.000303	-0.000868
4829	0.829475	0.001722	-0.000820
4830	0.834298	0.002670	-0.003376
4831	0.838831	0.001152	-0.001640
4832	0.834877	0.000470	-0.000241
4833	0.838349	-0.002126	0.005257
4834	0.839120	-0.000215	0.005787
4835	0.832176	0.001350	0.007523
4836	0.841242	-0.000965	0.008873
4837	0.840374	0.000674	0.005932
4838	0.842978	-0.000614	0.003665
4839	0.842303	-0.000157	0.001881
4840	0.837577	0.000579	0.000675
4841	0.838252	-0.001074	0.003424
4842	0.835552	-0.001054	-0.006221
4843	0.832272	-0.001156	-0.005257
4844	0.834780	0.000135	-0.006318
4845	0.832851	-0.000324	-0.004244
4846	0.834008	-0.001972	-0.004051
4847	0.834394	0.000715	0.000482
4848	0.840181	0.000882	-0.001109
4849	0.839313	-0.000696	-0.003038
4850	0.834201	0.000701	-0.006510
4851	0.838349	-0.001449	-0.003279
4852	0.841435	-0.000642	-0.007523
4853	0.832465	-0.000729	-0.007089
4854	0.834780	-0.001297	-0.008343
4855	0.834201	-0.000044	-0.008873
4856	0.834201	-0.000951	-0.006896
4857	0.830054	0.000338	-0.005353
4858	0.832369	0.000917	-0.007041
4859	0.832948	0.002414	-0.008391
4860	0.837867	0.000114	-0.007282
4861	0.840760	-0.001309	-0.003135
4862	0.840760	-0.000135	-0.002845
4863	0.841628	0.000670	-0.005160
4864	0.839603	-0.001157	-0.005112
4865	0.842882	-0.000451	-0.002267
4866	0.841628	-0.001127	0.000530
4867	0.832658	0.000325	0.000386
4868	0.839410	0.000082	-0.003424
4869	0.839313	0.002154	-0.005449
4870	0.846451	0.001882	-0.004147
4871	0.844907	0.002748	-0.002170
4872	0.845968	0.002877	0.000627
4873	0.845293	0.000598	0.003713
4874	0.849151	0.004986	0.000723
4875	0.843461	0.000883	0.003183
4876	0.843943	0.001022	0.001206
4877	0.847897	-0.002012	0.003086
4878	0.846547	-0.001377	-0.001447
4879	0.842689	-0.001114	-0.001591
4880	0.842014	-0.001409	-0.002652
4881	0.844907	-0.002445	-0.001399
4882	0.838638	0.000097	0.001495
4883	0.843268	-0.000325	0.001591
4884	0.844811	-0.001026	0.002701
4885	0.844522	-0.002694	0.002942
4886	0.845775	-0.003764	0.005208
4887	0.844136	0.000059	0.006318
4888	0.846836	0.000666	0.004003
4889	0.846354	-0.002069	0.005691
4890	0.848476	-0.001796	0.005787
4891	0.847608	-0.000166	0.004051
4892	0.847222	0.000087	0.006896
4893	0.845100	0.003324	0.004726
4894	0.841339	0.002042	0.004726
4895	0.846451	0.003750	0.002604
4896	0.846065	0.000495	0.002845
4897	0.844907	0.004077	0.007813
4898	0.840664	0.002200	0.008488
4899	0.843075	0.000996	0.004051
4900	0.839796	0.001204	0.009115
4901	0.836806	0.001530	0.005208
4902	0.841917	0.000655	0.005401
4903	0.841146	0.001652	0.003520
4904	0.829090	-0.000304	0.007523
4905	0.831019	0.000972	0.005739
4906	0.837288	0.000755	0.005594
4907	0.834008	0.002166	0.008488
4908	0.831887	-0.000605	0.008198
4909	0.829861	0.001498	0.008005
4910	0.827546	0.002440	0.006944
4911	0.825810	-0.000331	0.004581
4912	0.826196	0.000583	0.003424
4913	0.820988	0.000905	0.003376
4914	0.826003	-0.000929	0.006318
4915	0.829282	-0.001383	0.009018
4916	0.819734	0.000144	0.007089
4917	0.821759	-0.000272	0.008777
4918	0.820988	-0.000828	0.007330
4919	0.815876	0.001100	0.003183
4920	0.824460	0.000193	0.003424
4921	0.814815	0.001245	0.001543
4922	0.816647	0.000293	-0.001784
4923	0.818866	0.001074	-0.002701
4924	0.815779	0.000977	-0.002170
4925	0.813754	-0.000566	-0.006318
4926	0.821373	-0.002649	-0.001640
4927	0.822434	-0.001268	-0.001350
4928	0.825328	-0.000899	-0.002942
4929	0.824942	-0.001087	-0.004051
4930	0.825135	0.000150	-0.003086
4931	0.817515	-0.001305	-0.000868
4932	0.811343	0.000083	-0.005064
4933	0.811825	-0.000327	-0.004051
4934	0.813561	-0.000181	0.002218
4935	0.815008	0.000305	-0.001157
4936	0.811728	-0.001569	0.000241
4937	0.810667	-0.000498	-0.002122
4938	0.813754	0.001186	0.001591
4939	0.814043	0.000890	0.000241
4940	0.815201	-0.000834	0.000820
4941	0.815008	0.000747	0.002459
4942	0.818962	0.000138	0.002990
4943	0.817130	0.001790	0.004051
4944	0.822820	0.003093	0.001013
4945	0.819734	0.001176	-0.000048
4946	0.811921	0.000529	0.001013
4947	0.816647	0.000775	0.003279
4948	0.813754	-0.000219	0.000820
4949	0.813465	0.001203	0.003810
4950	0.813947	0.000110	0.003424
4951	0.819252	-0.000013	0.005980
4952	0.817998	-0.001514	0.009597
4953	0.823978	0.000315	0.005980
4954	0.824363	0.001874	0.006173
4955	0.826196	-0.000051	0.008632
4956	0.825328	0.000853	0.004099
4957	0.813175	-0.000067	0.003183
4958	0.811246	0.000155	0.004533
4959	0.815008	0.001380	0.003231
4960	0.811825	0.000230	-0.002701
4961	0.814525	-0.000681	0.001013
4962	0.815972	0.000134	-0.003231
4963	0.815972	0.000160	-0.002218
4964	0.819734	0.001825	-0.004389
4965	0.835938	-0.000295	0.000868
4966	0.836806	0.001123	-0.004196
4967	0.837963	-0.000983	-0.005594
4968	0.841435	-0.002293	0.000000
4969	0.839796	0.001245	-0.007041
4970	0.839120	0.000578	-0.002074
4971	0.836998	-0.002371	-0.003135
4972	0.833526	-0.002190	-0.004630
4973	0.826968	-0.002168	-0.004196
4974	0.823495	-0.000343	-0.002508
4975	0.820698	0.000304	-0.006752
4976	0.822145	-0.000211	-0.005546
4977	0.815490	-0.000351	-0.006607
4978	0.818383	-0.000605	-0.003424
4979	0.823110	-0.001451	-0.003424
4980	0.825231	-0.000882	-0.000965
4981	0.826485	-0.001499	-0.003038
4982	0.828511	-0.001436	-0.000916
4983	0.823110	0.000762	-0.000530
4984	0.826196	0.000465	0.001109
4985	0.826968	0.001708	-0.000675
4986	0.824653	0.001109	-0.001784
4987	0.828800	0.000116	-0.001109
4988	0.832079	0.002593	-0.000241
4989	0.834105	0.000491	0.001013
4990	0.833044	-0.002161	0.001495
4991	0.833719	-0.001661	0.004051
4992	0.836516	0.000303	0.006703
4993	0.838349	0.001690	0.005064
4994	0.835552	0.000098	0.005160
4995	0.830536	0.001724	0.008343
4996	0.838156	0.002335	0.003762
4997	0.836516	-0.000684	0.003713
4998	0.835166	0.001089	-0.002170
4999	0.828993	0.000512	-0.002363
5000	0.824653	-0.000804	0.001688
