1	0.972994	0.615646	-0.989921
2	0.959587	0.550797	-0.978588
3	0.950714	0.451511	-0.960407
4	0.945120	0.394917	-0.940201
5	0.936343	0.337026	-0.915895
6	0.929012	0.264486	-0.892072
7	0.918692	0.209551	-0.865258
8	0.915992	0.210584	-0.836757
9	0.910783	0.174330	-0.806279
10	0.908083	0.132916	-0.775367
11	0.899595	0.111740	-0.743007
12	0.897569	0.109014	-0.710407
13	0.891011	0.079870	-0.674383
14	0.887442	0.061386	-0.640046
15	0.884549	0.054088	-0.603395
16	0.877990	0.036961	-0.570747
17	0.876061	0.033135	-0.539111
18	0.872782	0.029260	-0.509886
19	0.868248	0.020679	-0.482687
20	0.859279	0.016476	-0.455006
21	0.862172	0.012931	-0.426264
22	0.862076	0.006914	-0.402730
23	0.854842	0.002355	-0.375579
24	0.852623	0.002672	-0.349778
25	0.846161	-0.000164	-0.328029
26	0.845679	-0.000178	-0.303048
27	0.840181	-0.001756	-0.280189
28	0.837288	0.001349	-0.257186
29	0.838927	0.000983	-0.236979
30	0.833237	0.000087	-0.222849
31	0.837481	0.001708	-0.201968
32	0.838735	-0.003218	-0.186150
33	0.836034	-0.001705	-0.171441
34	0.832465	0.001021	-0.167197
35	0.835648	0.002757	-0.159288
36	0.837191	0.002234	-0.147328
37	0.831887	0.001591	-0.135899
38	0.831308	-0.001272	-0.123843
39	0.829090	-0.000610	-0.113812
40	0.827836	0.000012	-0.104263
41	0.824556	-0.001905	-0.093316
42	0.830247	0.000841	-0.084684
43	0.828029	-0.000511	-0.073881
44	0.822724	0.000192	-0.066358
45	0.820602	0.000824	-0.057677
46	0.816069	0.000537	-0.051939
47	0.822049	0.000367	-0.047068
48	0.823785	0.000624	-0.044705
49	0.822434	0.002390	-0.040654
50	0.823785	0.000557	-0.037905
51	0.814525	0.000931	-0.035301
52	0.811632	-0.000686	-0.033372
53	0.810667	-0.000652	-0.029562
54	0.811535	0.000523	-0.026476
55	0.806713	0.001035	-0.026524
56	0.806809	0.000168	-0.023148
57	0.809799	0.000617	-0.023148
58	0.805941	0.000098	-0.016348
59	0.812693	-0.000461	-0.013600
60	0.814718	0.000234	-0.011574
61	0.819541	0.000737	-0.013358
62	0.816262	-0.000088	-0.009452
63	0.823495	-0.000627	-0.009018
64	0.825039	0.002421	-0.012249
65	0.824942	0.000934	-0.012105
66	0.826292	-0.000052	-0.012780
67	0.823399	-0.000601	-0.013358
68	0.822242	0.000357	-0.012056
69	0.831115	-0.000599	-0.012153
70	0.826292	-0.000739	-0.013262
71	0.831404	-0.000856	-0.011478
72	0.835648	-0.000628	-0.007089
73	0.833719	0.000842	-0.005064
74	0.835166	0.000487	-0.004099
75	0.837191	-0.001055	-0.002459
76	0.832755	-0.000087	-0.006221
77	0.832176	-0.000027	-0.005642
78	0.826196	0.000662	-0.004147
79	0.823302	-0.000324	-0.004630
80	0.827836	0.001177	-0.003617
81	0.824556	-0.000073	0.000386
82	0.829668	-0.000999	-0.000530
83	0.829861	0.000234	-0.004967
84	0.828993	0.000601	-0.001784
85	0.821373	0.001039	-0.002797
86	0.824556	0.001395	-0.002267
87	0.825424	-0.001648	-0.007282
88	0.826196	0.001495	-0.002894
89	0.820698	0.000479	-0.003810
90	0.820120	0.000940	-0.006269
91	0.820216	0.000821	-0.001977
92	0.823302	-0.000422	-0.003954
93	0.822434	-0.001215	-0.004147
94	0.820988	-0.000014	-0.008873
95	0.829090	0.001283	-0.008054
96	0.828221	0.000186	-0.008439
97	0.829668	-0.001344	-0.006414
98	0.824074	-0.002134	-0.006703
99	0.827160	-0.000911	-0.009934
100	0.830729	-0.000933	-0.007427
101	0.826678	-0.000142	-0.006559
102	0.830247	-0.001178	-0.004967
103	0.830054	0.000478	-0.004244
104	0.831501	0.001150	-0.001495
105	0.830343	0.000154	0.000675
106	0.827257	0.002265	0.002701
107	0.827546	0.000343	0.001109
108	0.828029	-0.001374	-0.000434
109	0.825328	-0.001675	0.000965
110	0.827739	-0.002410	-0.004340
111	0.824460	-0.000008	-0.003086
112	0.824460	0.000943	-0.006944
113	0.824171	0.000058	-0.004533
114	0.829668	0.000678	-0.004967
115	0.827064	-0.001015	-0.003472
116	0.824942	-0.001422	-0.001495
117	0.824556	-0.000383	-0.001543
118	0.828993	-0.000337	0.002459
119	0.822049	-0.001379	0.001061
120	0.824749	0.000248	-0.002556
121	0.820313	0.000638	-0.001206
122	0.815683	0.000197	-0.000965
123	0.818769	-0.000825	-0.002845
124	0.824556	-0.000724	-0.000868
125	0.818287	0.002099	0.001977
126	0.820602	-0.001082	0.002170
127	0.818866	0.000340	0.005787
128	0.818191	-0.000203	0.006125
129	0.814622	-0.000082	0.000386
130	0.817612	0.000354	-0.004003
131	0.825907	-0.001000	-0.002363
132	0.820698	-0.000020	-0.000675
133	0.823881	-0.000130	0.001784
134	0.826485	0.000210	0.001399
135	0.827450	-0.001310	-0.000048
136	0.829668	-0.000403	-0.001254
137	0.820505	0.001481	-0.004389
138	0.813850	-0.000601	-0.001543
139	0.815683	-0.000513	-0.003520
140	0.817901	-0.001202	-0.005642
141	0.821084	0.001019	-0.003086
142	0.821856	0.000915	-0.002315
143	0.815008	0.000209	-0.002701
144	0.820216	0.000914	-0.004823
145	0.822049	-0.000892	-0.003424
146	0.831597	-0.001356	-0.002797
147	0.823013	-0.000829	-0.003617
148	0.816647	0.000632	-0.004437
149	0.815201	0.000142	-0.004003
150	0.820891	0.000478	-0.001302
151	0.819830	-0.000219	-0.000627
152	0.820216	0.001327	0.000916
153	0.816454	0.000304	0.002363
154	0.822434	0.001969	0.000868
155	0.819927	-0.001105	0.000868
156	0.821759	0.001212	-0.000241
157	0.824460	0.000409	-0.003086
158	0.826968	0.000450	-0.002749
159	0.826871	0.001264	-0.000338
160	0.828511	0.000826	-0.001881
161	0.830922	0.000411	-0.001302
162	0.834973	0.000003	-0.002411
163	0.834877	0.001717	-0.001206
164	0.830440	-0.000959	-0.002074
165	0.835069	-0.001324	-0.003424
166	0.826389	0.001235	0.001591
167	0.828607	-0.000608	-0.000289
168	0.828318	0.001389	0.001929
169	0.832658	0.000176	0.000386
170	0.830633	0.002183	-0.002990
171	0.824267	0.001130	-0.002556
172	0.828993	-0.000195	-0.005015
173	0.828221	-0.000179	-0.003906
174	0.834684	0.000575	-0.003665
175	0.834008	0.000277	-0.001109
176	0.833140	0.000356	-0.004823
177	0.826968	-0.000772	-0.000965
178	0.829379	-0.000845	-0.004244
179	0.832079	0.001260	-0.001784
180	0.832176	-0.001684	-0.002122
181	0.831694	-0.000027	-0.003231
182	0.833044	0.002114	-0.003569
183	0.835069	0.000053	-0.000096
184	0.838156	-0.000392	0.002315
185	0.828704	0.001356	0.004581
186	0.835262	0.000111	0.001061
187	0.836130	-0.000919	0.000723
188	0.832948	-0.000076	0.001784
189	0.830440	-0.000876	0.001881
190	0.832176	0.000054	0.000965
191	0.833719	0.000871	0.003617
192	0.828318	0.001734	0.004437
193	0.834201	0.002853	0.005449
194	0.832658	-0.000121	0.007523
195	0.831019	0.001056	0.006655
196	0.824942	0.000096	0.003858
197	0.833237	0.002067	0.009693
198	0.837481	0.000570	0.006028
199	0.837481	-0.000486	0.005883
200	0.838445	0.000969	0.005449
201	0.842400	0.001999	0.006944
202	0.847897	-0.000130	0.005305
203	0.837384	-0.001055	0.004485
204	0.834877	0.000597	0.003713
205	0.823785	0.002920	0.002411
206	0.822338	0.000884	0.000723
207	0.822145	-0.001174	-0.003906
208	0.817515	-0.002172	0.007861
209	0.815972	-0.000883	0.006125
210	0.815394	-0.000706	0.005498
211	0.817515	0.000378	0.004051
212	0.821856	-0.000186	0.004581
213	0.826389	-0.001301	0.002267
214	0.819637	-0.000539	0.007764
215	0.820988	-0.000355	0.004437
216	0.824749	-0.000648	0.003328
217	0.823013	-0.000979	0.002074
218	0.821277	-0.002123	0.008054
219	0.824171	-0.000049	0.009597
220	0.829958	-0.000572	0.010079
221	0.829282	0.000451	0.009115
222	0.836323	-0.000027	0.008681
223	0.834780	-0.001808	0.008777
224	0.832272	-0.001431	0.008681
225	0.835069	-0.002118	0.005498
226	0.843846	-0.001446	0.004389
227	0.838735	-0.001050	0.006655
228	0.841435	0.001024	0.007620
229	0.841628	-0.001269	0.004437
230	0.834877	-0.001550	0.004099
231	0.835938	-0.001229	0.005353
232	0.828607	-0.001101	0.005594
233	0.830054	-0.000662	0.001833
234	0.834298	0.000131	0.000000
235	0.831597	0.001111	0.000627
236	0.829765	0.002828	0.000820
237	0.833526	0.001152	0.000000
238	0.833623	0.001734	0.000338
239	0.838156	0.000611	-0.001061
240	0.842882	0.001752	-0.004437
241	0.840278	-0.000518	-0.003231
242	0.833044	0.001474	-0.006800
243	0.828704	0.002859	-0.006221
244	0.833044	0.001651	-0.001591
245	0.837481	-0.000396	-0.001109
246	0.831597	-0.000488	-0.000530
247	0.825907	-0.001647	-0.006993
248	0.823206	0.000807	-0.004340
249	0.827739	0.000802	-0.003135
250	0.831404	-0.001063	-0.004581
251	0.829572	0.000646	-0.005980
252	0.836806	0.000122	-0.005208
253	0.837867	-0.000669	-0.006655
254	0.833333	0.000096	-0.010031
255	0.839410	-0.000892	-0.006703
256	0.841435	0.001703	-0.008536
257	0.842110	0.001185	-0.007764
258	0.840085	0.000047	-0.007571
259	0.844232	0.000609	-0.005401
260	0.847512	0.002313	-0.004340
261	0.841339	0.002069	-0.002267
262	0.842303	0.000393	-0.004678
263	0.839313	-0.000554	0.000530
264	0.840471	-0.000778	-0.000386
265	0.832658	-0.000747	-0.001640
266	0.835648	-0.000171	0.000482
267	0.839217	0.004253	0.000820
268	0.837288	-0.000589	0.004099
269	0.833526	0.000493	0.002363
270	0.828897	-0.000249	0.004871
271	0.825328	-0.000480	0.005787
272	0.828800	0.000283	0.010947
273	0.826775	-0.001442	0.008102
274	0.831501	-0.000450	0.005932
275	0.837770	0.001165	0.005642
276	0.836998	0.000180	0.001061
277	0.835359	-0.001587	0.000386
278	0.827257	-0.001044	-0.001350
279	0.834877	-0.001337	-0.001881
280	0.831790	0.002455	0.001350
281	0.838831	0.002854	0.000820
282	0.837770	0.000113	-0.000772
283	0.832465	-0.000957	-0.001495
284	0.830536	0.000418	-0.002411
285	0.831115	-0.000635	0.001543
286	0.831404	-0.000134	0.001543
287	0.832079	-0.000416	0.003424
288	0.830440	-0.001017	0.001109
289	0.827546	0.000217	0.001061
290	0.831887	-0.001124	0.002701
291	0.833333	0.000100	0.001977
292	0.828221	-0.000516	-0.006993
293	0.828414	0.000711	-0.009983
294	0.827932	-0.000132	-0.005787
295	0.827064	-0.000232	-0.007089
296	0.832658	-0.001380	-0.002411
297	0.825810	0.000829	-0.005401
298	0.825328	0.000138	-0.003376
299	0.829765	0.001147	0.000965
300	0.827064	0.000091	-0.002074
301	0.826389	0.001038	-0.000675
302	0.827450	-0.001367	-0.003617
303	0.830536	0.001324	-0.007909
304	0.831211	-0.000156	-0.008873
305	0.824653	0.000245	-0.008632
306	0.823592	-0.001355	-0.002025
307	0.823688	0.001084	-0.002074
308	0.822820	0.000578	-0.002459
309	0.822531	0.000760	-0.007089
310	0.825907	0.002180	-0.010465
311	0.823978	-0.000667	-0.004630
312	0.825521	0.000712	-0.002267
313	0.826196	-0.000198	-0.002170
314	0.824171	-0.000489	-0.001013
315	0.823495	0.001225	-0.001350
316	0.823688	0.000738	0.001881
317	0.821759	-0.001656	-0.001157
318	0.823495	-0.000949	0.000386
319	0.830536	-0.001011	-0.004437
320	0.831597	-0.002022	-0.003086
321	0.831887	-0.002432	-0.003810
322	0.829861	-0.000937	-0.001977
323	0.833816	0.000811	-0.000965
324	0.836613	0.001679	-0.003472
325	0.826100	0.000660	-0.001784
326	0.828897	0.000494	-0.006896
327	0.823688	-0.000831	-0.007957
328	0.829090	-0.001098	-0.005883
329	0.821856	0.000301	-0.002604
330	0.825617	0.000637	-0.004340
331	0.830826	0.000493	-0.008536
332	0.835648	0.001493	-0.007620
333	0.838252	-0.000426	-0.004630
334	0.843943	-0.003627	-0.005739
335	0.840567	0.000091	-0.004678
336	0.838156	-0.000768	-0.005691
337	0.834008	-0.000338	-0.005932
338	0.834105	0.002652	-0.008439
339	0.836709	0.001857	-0.008054
340	0.835648	-0.000359	-0.003231
341	0.836902	0.000250	-0.003617
342	0.834201	-0.002387	-0.003472
343	0.820602	-0.000269	-0.000338
344	0.825039	0.000276	-0.000482
345	0.832079	-0.000024	-0.003135
346	0.833044	0.002296	-0.006318
347	0.836034	0.001661	-0.006944
348	0.838156	0.002853	-0.007813
349	0.836613	0.001898	-0.006028
350	0.834973	0.001235	-0.003376
351	0.825231	-0.000811	-0.005305
352	0.826292	-0.001207	-0.003183
353	0.826871	0.002758	-0.002990
354	0.829282	0.001442	-0.004340
355	0.826100	-0.000227	-0.000145
356	0.833719	-0.000870	-0.002797
357	0.832851	-0.001235	-0.003858
358	0.835938	-0.004058	-0.000145
359	0.841821	-0.001170	0.000675
360	0.844329	-0.001197	0.001784
361	0.837867	-0.002999	0.003086
362	0.831501	-0.000147	0.008729
363	0.832948	0.001333	0.005160
364	0.822820	-0.001433	0.004726
365	0.826968	-0.000175	0.005546
366	0.821952	0.000390	0.002749
367	0.826871	-0.000571	0.000193
368	0.832851	-0.000070	-0.002652
369	0.831019	-0.002195	-0.002170
370	0.831501	-0.001667	-0.002604
371	0.824074	0.001616	-0.001447
372	0.833044	0.000647	0.003472
373	0.837481	0.002491	0.005449
374	0.833237	0.000389	0.003713
375	0.832176	0.001054	-0.000048
376	0.827064	0.002888	-0.000675
377	0.825135	-0.000576	0.002749
378	0.821084	-0.000797	-0.001784
379	0.823495	-0.000223	-0.005691
380	0.820891	-0.000525	-0.007186
381	0.820891	0.000859	-0.005353
382	0.823399	0.000789	-0.007861
383	0.823688	0.000263	-0.009742
384	0.823399	-0.001726	-0.011574
385	0.827064	0.000251	-0.011960
386	0.825328	0.000574	-0.002990
387	0.823881	-0.000094	-0.003713
388	0.824363	0.000411	-0.004051
389	0.824942	-0.000458	-0.005305
390	0.829861	0.003904	-0.010368
391	0.833333	0.002195	-0.004099
392	0.836709	-0.001788	-0.005546
393	0.837095	0.000439	-0.006318
394	0.830826	0.000714	-0.007137
395	0.824653	-0.000171	-0.008054
396	0.829958	0.000408	-0.002508
397	0.826292	0.000735	-0.001977
398	0.825039	-0.001220	-0.004533
399	0.825521	-0.001206	-0.002604
400	0.827450	-0.001116	-0.001784
401	0.821084	-0.000477	-0.000289
402	0.821181	-0.003200	0.000048
403	0.816358	-0.000160	-0.000675
404	0.818866	-0.001109	-0.005112
405	0.817805	0.000142	-0.002459
406	0.817419	0.000564	0.000000
407	0.817033	-0.000382	-0.000820
408	0.810475	0.000120	-0.001350
409	0.803819	0.000623	0.000482
410	0.810089	0.000141	0.000868
411	0.808353	0.000850	-0.001543
412	0.815490	0.001207	0.002025
413	0.817708	-0.000001	0.002025
414	0.819444	0.001438	0.007427
415	0.818191	-0.000338	0.005835
416	0.819541	-0.001302	-0.000723
417	0.828511	-0.000878	0.003906
418	0.828318	0.000394	0.004099
419	0.832948	0.000303	0.004485
420	0.831597	-0.000160	0.002074
421	0.822627	-0.000319	-0.001495
422	0.822145	-0.001492	-0.000772
423	0.823110	-0.000065	-0.002894
424	0.828414	-0.002136	-0.000241
425	0.823495	0.000665	0.002025
426	0.823013	-0.000846	0.006559
427	0.827064	0.000303	0.006269
428	0.826196	-0.000980	0.010851
429	0.831790	0.000404	0.004051
430	0.830826	-0.000123	0.005787
431	0.833333	0.000533	0.002315
432	0.833237	0.000383	0.001977
433	0.831790	0.001420	-0.002508
434	0.829572	0.000855	0.000916
435	0.832755	0.001465	0.000579
436	0.830922	0.000760	-0.000193
437	0.830150	0.001440	-0.001977
438	0.829090	-0.000063	-0.001977
439	0.828511	0.001473	-0.002749
440	0.827932	0.001377	0.001061
441	0.830247	0.001643	-0.001206
442	0.826582	0.000788	-0.000434
443	0.833623	0.001042	-0.005305
444	0.830343	0.002716	-0.001350
445	0.827836	0.000758	-0.001640
446	0.829861	0.001047	-0.000820
447	0.831404	-0.001916	-0.001543
448	0.832369	0.000443	0.000193
449	0.832465	0.001241	-0.002218
450	0.832079	0.000438	-0.006366
451	0.831597	0.000765	-0.000965
452	0.837963	0.001959	0.000965
453	0.834877	-0.000776	0.003038
454	0.835552	0.000943	0.004003
455	0.832851	0.001830	0.007234
456	0.828993	0.001754	0.003328
457	0.824653	0.000449	0.007957
458	0.825328	0.001051	0.004340
459	0.825810	-0.000677	0.003472
460	0.822917	0.000740	0.007764
461	0.832176	0.002063	0.010079
462	0.826871	0.002443	0.005305
463	0.828221	0.001196	-0.001109
464	0.830826	0.003463	0.003954
465	0.830729	0.001395	0.002267
466	0.834201	0.003242	0.004389
467	0.837384	0.004030	0.001833
468	0.834298	0.003827	-0.003038
469	0.839313	0.001907	-0.000482
470	0.839796	0.001465	-0.004147
471	0.830633	-0.000877	-0.006993
472	0.837674	0.000162	-0.005353
473	0.842014	0.001969	-0.006076
474	0.840664	-0.000891	-0.005208
475	0.839313	0.000902	-0.000386
476	0.840278	-0.000373	-0.004292
477	0.837577	0.000430	-0.003086
478	0.832465	0.000943	-0.000820
479	0.829572	0.001374	-0.005449
480	0.834877	0.001797	-0.002942
481	0.831694	0.001332	-0.000096
482	0.831694	-0.001849	-0.002701
483	0.834008	-0.002492	-0.002797
484	0.830247	-0.003157	-0.004099
485	0.827836	-0.001619	-0.000338
486	0.828800	0.001739	0.002652
487	0.825328	-0.000741	0.002025
488	0.829379	0.000123	0.000482
489	0.834394	-0.000323	-0.000434
490	0.831019	0.000952	-0.002267
491	0.827836	-0.000167	-0.001881
492	0.828800	-0.002838	0.004051
493	0.827836	-0.003931	0.006028
494	0.833526	-0.001604	0.002363
495	0.837481	-0.001194	0.004967
496	0.838252	0.002406	0.006607
497	0.839410	0.000368	0.008247
498	0.839988	-0.000775	0.008247
499	0.840181	-0.000419	0.005498
500	0.840374	-0.000440	0.005208
501	0.837288	0.000942	0.002845
502	0.843557	0.000132	0.002942
503	0.837963	0.001735	0.001447
504	0.831790	0.000235	0.003472
505	0.828318	0.001350	0.006510
506	0.829958	0.000359	0.004003
507	0.830247	0.000369	0.004630
508	0.832369	0.001124	0.004967
509	0.825617	0.001679	-0.000434
510	0.823785	-0.000340	-0.006173
511	0.820023	-0.000170	-0.000627
512	0.818769	-0.003316	-0.003906
513	0.831115	-0.003792	-0.004340
514	0.826292	-0.002037	-0.003424
515	0.823978	-0.001812	-0.001929
516	0.825328	0.001746	0.003135
517	0.827643	0.003789	-0.000241
518	0.830826	0.000623	0.001157
519	0.834201	0.000470	-0.003617
520	0.837867	0.000297	-0.000579
521	0.839892	-0.003020	0.000386
522	0.839699	-0.002198	-0.000434
523	0.840856	-0.001855	0.004051
524	0.836034	-0.003740	0.000241
525	0.836998	-0.002514	0.004099
526	0.841532	0.000554	0.005160
527	0.841725	0.004493	0.008150
528	0.841725	0.001716	0.011478
529	0.849633	0.004475	0.008247
530	0.846161	-0.000137	0.008054
531	0.834298	-0.000198	0.006318
532	0.830343	0.001835	0.004774
533	0.830536	0.002631	0.003231
534	0.828607	0.002934	0.006221
535	0.825328	0.002183	0.004437
536	0.822724	0.000665	0.005449
537	0.823399	0.001381	0.007764
538	0.823399	-0.001572	0.008488
539	0.823688	0.001835	0.007475
540	0.823302	-0.000011	0.009790
541	0.823978	0.002139	0.006703
542	0.828221	0.000150	0.003279
543	0.826292	-0.000756	0.002315
544	0.830343	-0.000024	0.002218
545	0.829475	0.000217	0.001399
546	0.826582	-0.000800	-0.000965
547	0.828414	0.001087	0.003279
548	0.833430	0.000598	0.001350
549	0.835359	-0.002265	0.000820
550	0.833140	-0.000687	-0.000482
551	0.828221	-0.000111	0.003279
552	0.827932	0.000880	0.002508
553	0.830922	0.000569	-0.001784
554	0.822627	-0.001313	-0.003954
555	0.824556	-0.000427	0.001109
556	0.834201	-0.002133	0.004003
557	0.845004	-0.000531	0.004340
558	0.848187	-0.001175	0.004051
559	0.849826	-0.000523	0.001013
560	0.846451	-0.001255	-0.001109
561	0.842110	-0.003702	-0.002845
562	0.835359	-0.001323	-0.004823
563	0.827836	0.001742	-0.006848
564	0.824749	0.000077	-0.005449
565	0.825714	0.000030	-0.002894
566	0.825328	-0.000064	-0.003183
567	0.827064	0.000338	0.001736
568	0.826003	-0.001909	0.002315
569	0.828029	0.000012	0.003617
570	0.828897	0.000483	-0.001061
571	0.826389	-0.000904	-0.003520
572	0.830343	-0.000421	0.001013
573	0.836130	-0.000262	-0.001254
574	0.838059	0.000079	-0.005787
575	0.843750	0.001366	-0.000289
576	0.831790	-0.001008	-0.001495
577	0.833140	0.001630	-0.001350
578	0.828993	0.001712	-0.000048
579	0.831983	0.000529	-0.001350
580	0.829668	0.000627	0.001881
581	0.836998	0.003282	0.001881
582	0.833623	0.002866	0.005594
583	0.833044	-0.000367	0.007427
584	0.832465	-0.002138	0.004437
585	0.835069	-0.002132	0.003231
586	0.830054	-0.000871	0.003135
587	0.833430	-0.000191	0.007861
588	0.828704	-0.002125	0.007186
589	0.828318	-0.000014	0.007378
590	0.825810	0.001226	0.006221
591	0.828125	-0.000031	0.002363
592	0.828029	-0.001284	0.005015
593	0.824749	-0.001538	0.001109
594	0.826100	0.000189	0.004244
595	0.834298	0.001596	0.001399
596	0.835262	-0.000116	0.008198
597	0.827160	0.001694	0.005883
598	0.833912	0.000962	0.004581
599	0.827836	0.000715	0.005257
600	0.832465	0.001648	0.007861
601	0.836130	-0.000018	0.009549
602	0.841049	0.004223	0.005739
603	0.841339	0.000823	0.009597
604	0.838735	0.002412	0.010127
605	0.840953	0.002181	0.009356
606	0.838927	0.001621	0.008729
607	0.845486	-0.000227	0.009693
608	0.845775	0.002495	0.010079
609	0.846354	0.000529	0.010031
610	0.838445	-0.000487	0.012924
611	0.840181	0.002172	0.006028
612	0.837481	0.000490	0.007957
613	0.835262	0.001827	0.008584
614	0.840181	0.000228	0.007668
615	0.833719	-0.002010	0.001784
616	0.832369	0.000111	0.001061
617	0.833816	-0.000576	0.000965
618	0.834201	0.000216	-0.002074
619	0.841146	-0.000644	-0.000868
620	0.839699	-0.001119	-0.002411
621	0.836516	0.000753	-0.001977
622	0.831501	-0.001344	-0.008584
623	0.829186	-0.002460	-0.008102
624	0.829090	-0.001324	-0.005932
625	0.835069	-0.000952	-0.011285
626	0.840181	-0.000290	-0.008970
627	0.844039	-0.000934	-0.011285
628	0.837288	-0.000223	-0.009790
629	0.837191	0.001387	-0.008536
630	0.837963	0.002141	-0.010224
631	0.838156	-0.001513	-0.008777
632	0.837384	0.000198	-0.005980
633	0.834587	0.001073	-0.005015
634	0.836130	-0.000697	-0.007957
635	0.839699	0.001371	-0.010465
636	0.841628	-0.000043	-0.009886
637	0.835359	-0.001743	-0.009934
638	0.834973	0.000309	-0.007330
639	0.831308	-0.000145	-0.000193
640	0.833430	-0.001966	-0.002267
641	0.835938	-0.002099	-0.001013
642	0.830729	-0.004102	-0.000482
643	0.831790	0.000175	-0.000289
644	0.832465	0.001345	0.004003
645	0.832948	0.000832	0.005449
646	0.832658	-0.000006	0.000965
647	0.825907	-0.000263	0.001640
648	0.826485	0.000518	0.003183
649	0.828993	-0.000676	0.001688
650	0.833140	-0.000899	0.000820
651	0.823688	0.001857	0.001157
652	0.821952	0.000005	0.002122
653	0.819155	-0.000067	0.001254
654	0.827546	0.000657	-0.001784
655	0.828704	0.001739	0.004919
656	0.826003	0.000483	0.002701
657	0.823592	-0.000134	0.002797
658	0.822724	0.000268	-0.003762
659	0.817708	-0.001062	-0.001736
660	0.811439	0.001236	-0.002894
661	0.817033	0.001870	-0.007909
662	0.818383	0.000124	-0.006655
663	0.826678	-0.000092	-0.004389
664	0.823688	0.000631	-0.004485
665	0.826389	0.000806	-0.008873
666	0.829186	0.001169	-0.004389
667	0.825714	0.002367	-0.008343
668	0.825135	0.001075	-0.003086
669	0.821759	0.000806	-0.004871
670	0.826582	0.000498	-0.002604
671	0.830633	0.001451	0.004823
672	0.832079	0.000915	0.003376
673	0.840664	-0.000863	0.002170
674	0.837770	-0.000591	0.004581
675	0.838542	-0.001259	0.005980
676	0.841628	-0.000999	0.002942
677	0.847222	0.002745	0.002411
678	0.848669	0.000760	0.004967
679	0.840278	0.001765	0.004726
680	0.842593	0.001960	0.005739
681	0.837288	0.001982	0.003906
682	0.834973	0.003025	0.001736
683	0.834008	0.001665	0.002652
684	0.831404	-0.000974	0.003183
685	0.833333	0.002363	0.001688
686	0.832562	-0.000371	-0.000772
687	0.826968	-0.000007	0.001350
688	0.829090	-0.000045	-0.005546
689	0.828800	-0.000034	-0.004340
690	0.825135	-0.000303	-0.002556
691	0.824653	-0.000613	-0.006221
692	0.825039	-0.002525	-0.002508
693	0.823110	-0.001553	-0.003954
694	0.826678	0.000934	-0.004823
695	0.821181	-0.000508	-0.004485
696	0.823110	0.000082	-0.002942
697	0.822049	-0.001379	-0.002749
698	0.824749	-0.000630	-0.001206
699	0.828800	0.000054	-0.004533
700	0.828414	-0.001216	-0.005064
701	0.829861	-0.001524	-0.004533
702	0.833912	-0.000727	-0.006125
703	0.832272	-0.001425	-0.009983
704	0.829765	-0.000792	-0.008970
705	0.829475	-0.001426	-0.005594
706	0.832465	0.001726	-0.004533
707	0.825231	0.000618	-0.002074
708	0.828221	0.001972	-0.005449
709	0.831501	0.001357	-0.007041
710	0.833719	0.000154	-0.008584
711	0.830150	0.001876	-0.006510
712	0.826582	0.003497	-0.004823
713	0.828221	0.000082	-0.005787
714	0.823688	0.001722	-0.003376
715	0.822531	-0.000356	-0.000916
716	0.826485	0.001826	-0.002701
717	0.827064	-0.000419	-0.003906
718	0.827546	-0.000973	0.000723
719	0.826582	0.000441	0.002218
720	0.829475	-0.000409	0.001061
721	0.831694	0.001136	0.000627
722	0.829572	0.001402	-0.001013
723	0.831501	0.000519	-0.001977
724	0.828704	0.001321	-0.003231
725	0.821952	0.000819	-0.000434
726	0.827546	-0.000044	0.004630
727	0.831308	0.000525	0.001013
728	0.826485	-0.000100	0.003665
729	0.832755	0.000238	0.000386
730	0.831983	-0.001275	0.003810
731	0.829572	0.000408	0.006510
732	0.825231	0.000901	0.002363
733	0.828704	0.000200	-0.000048
734	0.824653	-0.001023	-0.001302
735	0.820602	-0.001029	0.005691
736	0.827546	0.001547	0.003231
737	0.824653	0.000577	0.004774
738	0.821181	0.000534	0.008439
739	0.827546	-0.001658	0.003472
740	0.828029	-0.002647	0.001688
741	0.829572	0.001221	0.000868
742	0.828800	-0.003432	0.002122
743	0.829186	-0.002640	0.001736
744	0.828897	-0.000721	-0.000965
745	0.824653	0.000960	-0.003086
746	0.834973	0.000724	-0.004437
747	0.837288	-0.000864	-0.003762
748	0.837674	0.001521	-0.004967
749	0.836806	-0.001077	0.000723
750	0.839410	-0.001038	-0.000916
751	0.837867	-0.001658	-0.003810
752	0.834394	-0.003012	-0.003135
753	0.835069	-0.000926	-0.004678
754	0.838156	0.001495	-0.005691
755	0.834973	0.002314	-0.004196
756	0.829186	0.001342	-0.007282
757	0.830633	0.000346	-0.006559
758	0.827932	-0.000891	-0.002845
759	0.833526	0.001902	-0.004099
760	0.830440	-0.000855	-0.008873
761	0.830826	-0.000185	-0.006703
762	0.827450	0.000304	-0.001688
763	0.825424	-0.001777	-0.003906
764	0.823206	-0.000537	-0.003810
765	0.827739	-0.000735	-0.004340
766	0.828125	0.000514	-0.008198
767	0.830247	-0.000821	-0.003906
768	0.831019	0.001095	-0.002363
769	0.828125	-0.000440	-0.004533
770	0.821952	-0.001486	-0.001881
771	0.821373	0.000748	-0.003810
772	0.816937	-0.001386	-0.002363
773	0.820120	-0.001307	-0.004292
774	0.821470	-0.001578	-0.005353
775	0.819252	-0.002249	-0.009886
776	0.818673	0.000739	-0.009404
777	0.820313	-0.000620	-0.006366
778	0.824363	-0.001631	-0.002170
779	0.823978	-0.000124	-0.004003
780	0.820795	-0.000858	-0.001399
781	0.824942	-0.001703	-0.003376
782	0.826485	-0.002500	-0.001640
783	0.822049	-0.000382	0.000193
784	0.826196	-0.000030	0.000530
785	0.829958	-0.000263	0.002556
786	0.839892	0.001406	0.002604
787	0.832272	0.001554	0.002749
788	0.832369	0.002197	-0.002074
789	0.834201	0.002402	0.003665
790	0.837674	-0.000193	-0.000820
791	0.837770	0.002644	0.000820
792	0.833430	0.001557	0.001206
793	0.840374	0.001453	0.000530
794	0.844136	0.004055	0.004340
795	0.841725	-0.000902	0.001784
796	0.838735	0.001690	-0.000820
797	0.836516	0.003204	0.000820
798	0.837288	0.001479	-0.001833
799	0.836709	0.000454	-0.002315
800	0.829475	-0.000596	0.002074
801	0.828221	-0.000075	-0.000579
802	0.830247	-0.000955	0.003617
803	0.831115	-0.002218	0.000772
804	0.832948	0.000035	0.005015
805	0.832176	0.000908	0.005787
806	0.831983	-0.000406	0.007282
807	0.834587	0.000748	0.010417
808	0.835552	-0.003273	0.006896
809	0.832176	-0.002587	-0.002025
810	0.840374	-0.000383	0.001591
811	0.839506	-0.000811	-0.000530
812	0.836323	0.000674	0.006028
813	0.827643	0.000034	0.000965
814	0.829475	0.001002	0.002122
815	0.833912	-0.000540	0.004919
816	0.836902	0.000358	0.006173
817	0.838252	-0.000435	0.005208
818	0.834298	-0.002163	0.001736
819	0.839410	0.000991	0.003762
820	0.841532	0.002137	0.006510
821	0.835938	0.001015	-0.002411
822	0.831694	0.002274	-0.004147
823	0.830150	0.003210	-0.001399
824	0.829668	0.001900	0.000386
825	0.827643	0.000992	-0.000338
826	0.831308	0.003545	0.001109
827	0.837577	-0.000729	0.000000
828	0.835359	-0.001861	0.001640
829	0.840953	-0.001337	-0.000482
830	0.837577	-0.000993	0.001736
831	0.830150	-0.002210	0.002797
832	0.828125	0.000262	-0.002170
833	0.830536	0.002150	0.002990
834	0.826100	-0.000024	-0.000530
835	0.824556	0.001161	-0.003135
836	0.829765	0.000451	-0.000675
837	0.830633	0.001400	-0.001543
838	0.824556	-0.000605	-0.000868
839	0.820216	-0.002040	0.004051
840	0.819348	-0.000130	-0.001254
841	0.820602	0.000403	-0.001495
842	0.821084	-0.000580	-0.001206
843	0.824171	0.000825	-0.006559
844	0.823978	0.000330	-0.006221
845	0.826100	-0.000223	-0.003520
846	0.824942	0.000982	-0.006944
847	0.833719	-0.002087	-0.010368
848	0.833623	-0.001648	-0.008102
849	0.828607	-0.000758	-0.006703
850	0.829475	-0.000648	-0.003858
851	0.829475	0.000108	-0.002797
852	0.832465	-0.000026	-0.001929
853	0.831694	0.000955	0.001591
854	0.828318	-0.001964	0.000338
855	0.828318	-0.000268	-0.002025
856	0.827257	-0.001225	-0.000579
857	0.832369	0.000368	-0.003376
858	0.829475	-0.001045	-0.001350
859	0.833140	0.002090	-0.000579
860	0.836902	-0.001533	-0.001640
861	0.835745	0.001839	0.000096
862	0.836227	-0.000098	0.001206
863	0.832176	0.001030	0.002604
864	0.830826	0.000756	0.000675
865	0.832079	-0.000306	-0.003810
866	0.833623	0.000862	-0.002701
867	0.828800	-0.001407	-0.001157
868	0.832176	0.000221	-0.002942
869	0.831115	0.000911	-0.003086
870	0.832851	-0.001460	0.000434
871	0.830633	-0.000272	0.001302
872	0.828800	0.000695	0.002074
873	0.826196	0.000327	0.000338
874	0.832369	-0.000339	-0.000338
875	0.830826	-0.000014	-0.000096
876	0.834298	0.001374	0.003810
877	0.831019	0.000480	0.002990
878	0.831501	0.002112	0.001157
879	0.834877	-0.000561	0.004774
880	0.836516	-0.000245	0.006559
881	0.835841	-0.000429	0.007957
882	0.828800	-0.002375	0.003279
883	0.827643	0.000018	0.006607
884	0.825617	0.000694	0.002508
885	0.827643	0.002008	0.005980
886	0.827064	0.002637	0.005980
887	0.819734	0.000048	0.005401
888	0.818769	-0.001761	0.002556
889	0.818191	0.000422	0.001881
890	0.817901	0.000525	-0.000145
891	0.822049	-0.000178	0.004774
892	0.821856	-0.000741	0.004726
893	0.823495	0.000403	0.003762
894	0.829861	0.000466	0.005932
895	0.828800	0.000411	0.005691
896	0.832851	-0.002511	0.009934
897	0.832272	-0.004399	0.007234
898	0.832079	-0.002264	0.002556
899	0.833912	-0.000722	-0.001302
900	0.834973	0.000530	0.003183
901	0.836130	0.000791	-0.000289
902	0.832465	-0.000419	-0.002218
903	0.836323	-0.002440	-0.003858
904	0.833719	-0.003931	-0.002025
905	0.828511	0.000132	-0.005546
906	0.827160	-0.000429	-0.001881
907	0.825039	-0.000035	0.000048
908	0.829379	-0.001544	-0.000482
909	0.828704	-0.002120	0.000916
910	0.829861	-0.000118	0.002267
911	0.828029	-0.000112	0.001688
912	0.832079	0.000472	-0.000579
913	0.824363	-0.000038	0.001206
914	0.831887	0.001666	-0.001350
915	0.835166	0.001006	-0.002508
916	0.836034	0.001507	-0.001157
917	0.832369	0.000407	0.004581
918	0.829282	0.001818	0.002411
919	0.827546	0.003213	0.004099
920	0.826678	0.000184	0.007282
921	0.824942	-0.001344	0.010561
922	0.821856	-0.000088	0.008054
923	0.821181	0.000580	0.003231
924	0.822917	-0.000700	0.003810
925	0.817130	-0.001984	0.000482
926	0.821759	-0.000634	0.001157
927	0.823592	0.000462	0.002267
928	0.830633	-0.000019	0.002556
929	0.829668	0.000745	0.003376
930	0.834684	0.000825	0.003858
931	0.821663	0.000963	0.006944
932	0.825135	0.000392	0.004726
933	0.830922	-0.000268	0.000820
934	0.831019	-0.000464	0.001302
935	0.826968	-0.000913	0.000338
936	0.833333	0.000859	0.001109
937	0.827932	0.001693	0.000434
938	0.823785	0.000911	0.003569
939	0.828221	-0.000729	0.004437
940	0.826003	0.001293	0.006510
941	0.834877	-0.000404	0.010851
942	0.831597	0.000594	0.008295
943	0.832465	0.001071	0.002267
944	0.830729	-0.000229	0.003038
945	0.827932	-0.000572	0.000530
946	0.824363	0.002064	-0.003279
947	0.830922	0.000056	-0.006221
948	0.833044	0.001807	-0.004340
949	0.830536	0.001239	-0.003858
950	0.828800	0.000023	-0.005498
951	0.827836	-0.001727	-0.000482
952	0.826389	-0.001202	-0.003086
953	0.825039	0.000164	-0.000289
954	0.822242	0.000106	-0.003713
955	0.820409	-0.000339	-0.003858
956	0.826968	-0.000423	-0.009500
957	0.825424	-0.001285	-0.008102
958	0.826968	0.000263	-0.009742
959	0.820023	-0.000678	-0.005401
960	0.823206	-0.000975	-0.003472
961	0.826678	0.000551	-0.008295
962	0.828414	0.000647	-0.007330
963	0.829379	-0.001204	-0.005691
964	0.832176	-0.000989	-0.005642
965	0.831404	-0.000291	-0.002074
966	0.827160	-0.000416	-0.007234
967	0.827353	0.000300	-0.007330
968	0.824749	-0.000614	-0.009356
969	0.828221	0.000254	-0.007813
970	0.829379	-0.000152	-0.000193
971	0.828897	0.002699	-0.002459
972	0.828993	0.000962	-0.004774
973	0.830633	0.000371	-0.000289
974	0.832369	-0.000052	-0.002218
975	0.837384	-0.002937	0.000530
976	0.837963	-0.000887	-0.002170
977	0.836227	0.000706	-0.003424
978	0.836902	0.002457	-0.003328
979	0.835455	0.001035	0.002797
980	0.840567	0.002668	0.003954
981	0.833526	-0.000047	0.001302
982	0.833237	0.002025	0.000338
983	0.833719	0.000290	0.003328
984	0.837191	-0.000140	0.003328
985	0.839699	-0.002562	0.003762
986	0.835648	0.000759	0.005691
987	0.834298	0.000681	0.006076
988	0.835166	-0.000248	0.005546
989	0.838638	0.000623	0.009549
990	0.839120	-0.001595	0.003810
991	0.840567	-0.001868	0.004967
992	0.836130	-0.002130	0.007427
993	0.832755	-0.002295	0.010368
994	0.831501	-0.001355	0.003086
995	0.835166	-0.002046	0.001543
996	0.832272	-0.001914	0.003135
997	0.836709	-0.003219	0.004919
998	0.839120	-0.001021	0.003810
999	0.836323	-0.000053	0.004051
1000	0.839410	0.000477	0.005305
1001	0.835552	0.001409	0.003038
1002	0.829572	-0.000964	0.007716
1003	0.833044	-0.001634	0.005353
1004	0.827450	0.001834	0.003376
1005	0.823785	-0.001871	0.000579
1006	0.824653	0.000568	0.001736
1007	0.830343	0.000762	0.002990
1008	0.832272	-0.000434	0.001833
1009	0.836130	0.000148	0.005835
1010	0.828993	-0.001111	0.005883
1011	0.828704	-0.000770	0.009018
1012	0.828029	0.000065	0.007186
1013	0.826678	0.001647	0.004581
1014	0.830633	0.000557	0.003135
1015	0.831887	0.000430	0.004099
1016	0.825714	-0.000777	0.005787
1017	0.825810	0.000133	0.009356
1018	0.829475	-0.000522	0.008198
1019	0.830922	-0.002054	0.003954
1020	0.831887	-0.002134	0.004678
1021	0.833816	0.002254	0.004533
1022	0.834780	-0.000414	0.003665
1023	0.837384	0.000605	0.005112
1024	0.832272	-0.001294	0.002701
1025	0.834684	-0.002109	0.005112
1026	0.836998	-0.001481	0.003858
1027	0.833719	-0.001797	0.004871
1028	0.835938	-0.001227	0.006076
1029	0.835359	-0.001068	0.007378
1030	0.841242	0.002593	0.004437
1031	0.835841	0.001615	0.006366
1032	0.834008	0.001010	0.008198
1033	0.832851	0.000849	0.006076
1034	0.836709	0.003235	0.001157
1035	0.825810	-0.001217	0.002363
1036	0.825135	-0.001762	0.005305
1037	0.827353	0.003403	0.002508
1038	0.821856	0.001187	0.007957
1039	0.826389	0.001729	0.009018
1040	0.824363	-0.000261	0.005257
1041	0.825231	-0.000208	0.008632
1042	0.827160	-0.001109	0.005449
1043	0.829282	0.000698	0.006559
1044	0.829379	0.001692	0.006703
1045	0.830826	-0.002438	0.003569
1046	0.835552	0.001058	0.004630
1047	0.827836	0.000990	0.001640
1048	0.824171	-0.000924	0.002074
1049	0.823302	-0.000710	0.004196
1050	0.821759	-0.000129	0.003954
1051	0.821084	-0.000714	0.000723
1052	0.819444	-0.000510	-0.001061
1053	0.819155	-0.000533	-0.001736
1054	0.815683	-0.000965	0.001543
1055	0.816454	0.000290	-0.002411
1056	0.819252	-0.000636	0.000434
1057	0.817708	0.000559	-0.004533
1058	0.817033	-0.000483	-0.006462
1059	0.823399	-0.000350	-0.005546
1060	0.823688	-0.000223	-0.003954
1061	0.818962	0.000386	-0.004967
1062	0.822145	-0.000137	-0.002894
1063	0.821084	-0.001407	-0.004051
1064	0.818383	-0.000138	-0.003328
1065	0.819155	0.000543	-0.001350
1066	0.823688	0.000296	0.003569
1067	0.822627	0.000840	0.000434
1068	0.825521	-0.001197	0.003569
1069	0.828993	-0.000813	0.003713
1070	0.826196	-0.000230	0.005546
1071	0.830729	0.000549	0.003328
1072	0.833912	-0.000284	0.001302
1073	0.826100	-0.000169	0.006510
1074	0.830054	-0.000477	0.006366
1075	0.835745	0.000230	0.008005
1076	0.830536	0.000709	0.001736
1077	0.831501	0.001194	0.001302
1078	0.834105	-0.000833	0.002411
1079	0.831404	0.001069	0.000723
1080	0.837288	0.001372	-0.002797
1081	0.832369	-0.003404	-0.001495
1082	0.835938	-0.001449	0.000048
1083	0.839024	-0.000432	-0.000772
1084	0.839313	0.000587	-0.002267
1085	0.838831	0.000559	0.000530
1086	0.828800	0.000052	-0.000723
1087	0.826196	0.000352	-0.000096
1088	0.820313	-0.000930	0.002942
1089	0.827353	-0.000140	-0.004533
1090	0.825617	-0.001840	-0.008198
1091	0.826871	-0.000076	-0.009549
1092	0.821663	0.000813	-0.005305
1093	0.824942	-0.000295	-0.001591
1094	0.828414	-0.001070	0.000916
1095	0.827739	-0.001068	0.002315
1096	0.827064	0.000634	0.005932
1097	0.828607	0.000234	0.003328
1098	0.824846	-0.001473	0.004581
1099	0.823881	-0.000662	0.001399
1100	0.817419	0.000164	0.001977
1101	0.816551	-0.000269	0.006366
1102	0.823978	0.000693	0.008198
1103	0.823206	0.000263	0.002411
1104	0.820216	0.000070	0.007716
1105	0.812886	-0.000329	0.006800
1106	0.818866	0.000297	0.006173
1107	0.820409	0.001195	0.008777
1108	0.822434	0.000283	0.007186
1109	0.822049	-0.001109	0.003569
1110	0.830343	0.002053	0.003906
1111	0.831790	0.001189	-0.003954
1112	0.830633	0.002410	-0.006944
1113	0.832851	0.001069	-0.010851
1114	0.831019	0.001060	-0.009211
1115	0.837770	0.000091	-0.005498
1116	0.840567	-0.000157	-0.005691
1117	0.843171	0.002823	-0.001688
1118	0.846740	0.001186	-0.005980
1119	0.850019	0.001977	-0.007523
1120	0.850405	0.003414	-0.005449
1121	0.843364	-0.000893	-0.004196
1122	0.844329	-0.001075	-0.005546
1123	0.843750	0.000514	-0.010417
1124	0.843268	-0.001716	-0.010610
1125	0.842014	0.001992	-0.008198
1126	0.837867	0.001234	-0.007041
1127	0.840856	0.000394	-0.004871
1128	0.840567	0.002857	-0.006028
1129	0.838349	-0.001294	-0.005064
1130	0.835359	-0.001451	-0.003617
1131	0.838542	-0.001117	-0.004051
1132	0.836806	-0.003027	-0.005401
1133	0.839796	0.000874	-0.006896
1134	0.833526	-0.001000	-0.004147
1135	0.830729	-0.000694	-0.001833
1136	0.830150	-0.001092	0.000579
1137	0.828704	0.000006	0.000338
1138	0.828414	-0.000185	0.000579
1139	0.828800	-0.001208	0.000048
1140	0.828125	-0.000670	0.009163
1141	0.827064	0.000749	0.004292
1142	0.827257	0.000266	0.004147
1143	0.829958	0.000061	0.006318
1144	0.826775	-0.000802	0.003520
1145	0.822917	0.000699	0.001399
1146	0.825424	-0.000834	-0.000916
1147	0.824749	-0.000700	0.001254
1148	0.823881	-0.000950	0.002894
1149	0.819444	-0.001665	0.002508
1150	0.826100	-0.002339	-0.000965
1151	0.823206	0.000573	0.000530
1152	0.825424	0.001242	-0.002122
1153	0.829668	0.002497	-0.001157
1154	0.828800	0.002676	0.000530
1155	0.829379	0.000870	0.000820
1156	0.832465	0.001131	0.002218
1157	0.834008	0.000658	0.001350
1158	0.834105	0.002428	0.000338
1159	0.830150	-0.000455	0.000338
1160	0.829958	0.000634	-0.000530
1161	0.824749	-0.000617	0.002122
1162	0.834780	-0.000448	-0.001640
1163	0.827932	0.001151	0.000241
1164	0.831501	0.000563	-0.002990
1165	0.826678	-0.000638	-0.003424
1166	0.830247	-0.000601	-0.007041
1167	0.825328	-0.001335	-0.005980
1168	0.826292	0.000412	-0.006125
1169	0.826485	-0.000861	-0.010706
1170	0.826775	0.000370	-0.010417
1171	0.832465	-0.000166	-0.007475
1172	0.831694	0.000309	-0.010272
1173	0.828511	-0.000387	-0.007909
1174	0.836516	-0.000447	-0.007957
1175	0.836034	-0.001093	-0.010127
1176	0.827643	-0.001125	-0.012201
1177	0.826871	0.000778	-0.010513
1178	0.826389	0.001075	-0.012587
1179	0.830054	-0.000260	-0.005739
1180	0.829186	0.000344	-0.008970
1181	0.830150	-0.000258	-0.004919
1182	0.820988	-0.001332	-0.002267
1183	0.828800	0.000565	-0.002749
1184	0.825231	-0.000943	-0.006366
1185	0.832755	0.000426	-0.009597
1186	0.833237	-0.001136	-0.005883
1187	0.839603	-0.001275	-0.004823
1188	0.844039	0.002419	-0.005401
1189	0.841242	-0.002084	-0.006848
1190	0.840953	0.001682	-0.003858
1191	0.834201	0.000799	-0.001688
1192	0.835841	-0.000043	-0.001543
1193	0.834491	0.000690	-0.006125
1194	0.833333	0.000349	-0.009983
1195	0.830343	-0.000461	-0.004051
1196	0.830729	-0.000905	-0.005594
1197	0.838638	-0.002641	-0.003183
1198	0.841339	-0.001021	-0.001447
1199	0.838252	-0.002734	-0.002701
1200	0.841917	-0.001091	-0.003713
1201	0.833526	0.000101	0.000096
1202	0.829090	-0.001070	0.002218
1203	0.828993	0.000843	-0.000723
1204	0.833623	0.000531	0.003713
1205	0.828414	0.000723	0.000386
1206	0.834394	-0.001355	0.002267
1207	0.835166	-0.001759	0.005064
1208	0.830922	0.000356	0.003472
1209	0.830343	0.000994	-0.000675
1210	0.827546	0.001265	0.000772
1211	0.828318	-0.002174	-0.000338
1212	0.829379	-0.000571	0.002411
1213	0.835359	-0.001361	-0.002363
1214	0.828029	-0.001013	0.000386
1215	0.832755	0.000157	0.000482
1216	0.831597	0.000824	-0.001833
1217	0.827739	0.001471	-0.003858
1218	0.831790	0.001032	-0.006848
1219	0.834684	-0.001122	-0.009356
1220	0.827836	-0.001803	-0.010079
1221	0.829765	-0.001363	-0.008005
1222	0.824846	0.000284	-0.009693
1223	0.823592	0.000330	-0.007620
1224	0.826389	-0.000006	-0.009934
1225	0.833719	0.000921	-0.007764
1226	0.836516	0.001726	-0.005546
1227	0.840953	0.001836	-0.003472
1228	0.835552	0.001008	-0.004389
1229	0.832851	-0.001405	-0.005835
1230	0.834973	-0.002100	-0.004823
1231	0.836130	0.000346	-0.006752
1232	0.833430	0.000175	-0.009790
1233	0.833719	-0.001310	-0.008777
1234	0.834973	-0.002526	-0.006800
1235	0.834877	-0.000251	-0.009307
1236	0.835841	-0.001655	-0.005208
1237	0.837384	-0.000977	-0.007716
1238	0.837384	0.000950	-0.009983
1239	0.837674	0.001255	-0.007475
1240	0.837095	0.001117	-0.005015
1241	0.834298	0.000546	-0.003038
1242	0.837288	-0.000758	-0.002652
1243	0.833333	-0.001465	-0.003328
1244	0.838638	0.000187	-0.003038
1245	0.843268	0.003071	-0.006993
1246	0.836420	0.001514	-0.004051
1247	0.833526	-0.001845	-0.000772
1248	0.831404	0.001322	0.001736
1249	0.828607	0.001770	-0.000241
1250	0.836806	0.002147	0.000096
1251	0.837095	0.002650	0.002218
1252	0.839313	0.001353	0.005787
1253	0.835069	0.001101	0.006944
1254	0.826678	-0.000096	0.007282
1255	0.826292	0.000557	0.004051
1256	0.833333	0.004731	0.005160
1257	0.831501	0.002874	0.010851
1258	0.819637	0.000687	0.008343
1259	0.821856	0.000490	0.001977
1260	0.821470	0.000395	0.004630
1261	0.827643	-0.000820	0.005932
1262	0.829861	0.000404	0.004340
1263	0.827160	-0.000424	0.004726
1264	0.823978	0.000829	0.004437
1265	0.827064	0.000813	0.007137
1266	0.826485	0.000403	0.009886
1267	0.828704	0.000759	0.007957
1268	0.824267	0.000489	0.007620
1269	0.827353	-0.001952	0.007909
1270	0.827932	0.000162	0.008584
1271	0.827160	0.000579	0.010079
1272	0.827353	-0.000061	0.016155
1273	0.829379	0.000041	0.013937
1274	0.834587	-0.000081	0.012635
1275	0.835552	-0.000077	0.010947
1276	0.837191	-0.002167	0.005449
1277	0.834684	-0.001973	0.006703
1278	0.834201	-0.000229	0.003713
1279	0.836902	-0.002602	0.006896
1280	0.832079	-0.001029	0.002652
1281	0.827160	-0.001316	0.003328
1282	0.827932	0.000331	0.000530
1283	0.824846	0.000448	-0.001591
1284	0.826389	0.000935	0.000048
1285	0.828511	0.001593	0.002315
1286	0.825231	0.001616	0.003713
1287	0.820698	0.000604	0.005787
1288	0.829282	0.002484	0.008005
1289	0.830826	-0.000479	0.006607
1290	0.827836	-0.001706	0.006559
1291	0.823881	-0.001584	0.004485
1292	0.821663	-0.000552	0.004871
1293	0.822820	0.001366	0.001206
1294	0.829186	0.001344	0.000916
1295	0.830922	0.000383	0.003665
1296	0.821084	0.000371	0.004581
1297	0.827643	0.000704	0.003279
1298	0.829282	-0.000506	0.003569
1299	0.825617	0.003162	0.004485
1300	0.822627	0.000413	0.000965
1301	0.822917	-0.000037	-0.000965
1302	0.825424	0.001915	-0.001833
1303	0.829090	-0.000772	-0.000482
1304	0.832948	-0.000316	0.000723
1305	0.839313	0.000236	-0.003472
1306	0.839024	0.000149	-0.002894
1307	0.843557	0.000081	-0.010947
1308	0.840374	-0.000055	-0.008439
1309	0.844039	0.000073	-0.009018
1310	0.840567	-0.002248	-0.010368
1311	0.837481	-0.001539	-0.008777
1312	0.837963	0.000719	-0.007330
1313	0.838252	-0.000006	-0.008536
1314	0.837963	-0.001453	-0.006366
1315	0.838927	-0.001456	-0.005449
1316	0.835359	-0.001998	-0.004147
1317	0.837288	-0.001464	-0.005691
1318	0.836034	-0.002265	-0.004244
1319	0.836227	0.001535	-0.008247
1320	0.838349	-0.000426	-0.008247
1321	0.835938	0.000379	-0.011767
1322	0.833044	0.000459	-0.008729
1323	0.834587	0.001102	-0.008488
1324	0.834105	-0.000223	-0.004967
1325	0.832755	-0.000612	-0.002508
1326	0.830536	0.001166	-0.002170
1327	0.830633	0.000817	0.001109
1328	0.830150	0.001315	-0.001543
1329	0.829090	0.000172	-0.001736
1330	0.823495	-0.000044	-0.004581
1331	0.833430	0.000478	-0.004581
1332	0.835552	0.001204	-0.000820
1333	0.833623	0.000012	-0.001495
1334	0.830440	-0.000086	-0.002459
1335	0.826968	0.000098	-0.002942
1336	0.823399	0.000714	0.000579
1337	0.822434	0.000289	0.000530
1338	0.825231	-0.000124	0.000048
1339	0.824556	0.000744	0.000772
1340	0.819541	0.000100	0.004292
1341	0.816937	-0.000485	0.004774
1342	0.821470	-0.000423	0.005112
1343	0.823592	0.000384	0.004292
1344	0.824074	-0.001191	0.004051
1345	0.822338	0.000056	0.003086
1346	0.822917	-0.001153	0.003762
1347	0.826100	0.000142	0.003183
1348	0.829090	0.000870	0.004726
1349	0.828318	-0.000248	0.003038
1350	0.831404	-0.000807	0.005064
1351	0.833719	0.002303	0.003569
1352	0.837674	-0.000324	0.002074
1353	0.837963	-0.000031	-0.001254
1354	0.842496	0.000751	-0.002315
1355	0.837577	0.002449	-0.001399
1356	0.835745	-0.001232	0.000579
1357	0.837963	-0.000342	-0.000096
1358	0.845775	-0.000570	-0.004147
1359	0.843075	-0.001092	0.000530
1360	0.839313	0.000319	0.002025
1361	0.832851	0.002037	0.000241
1362	0.833526	0.001179	0.005160
1363	0.831019	-0.000459	0.000965
1364	0.826292	-0.000380	-0.003038
1365	0.830150	0.001462	-0.005401
1366	0.836130	-0.000523	-0.002942
1367	0.838059	-0.000204	0.000193
1368	0.842593	-0.000081	-0.003520
1369	0.839796	-0.000258	0.000289
1370	0.843654	-0.001167	0.002942
1371	0.836613	-0.000225	0.002508
1372	0.838445	0.001249	0.002025
1373	0.841435	-0.002579	-0.006366
1374	0.842110	-0.000605	-0.004003
1375	0.846161	0.000568	0.000241
1376	0.846065	-0.001502	0.001206
1377	0.845100	-0.001585	-0.000627
1378	0.836323	0.000691	0.001591
1379	0.836227	-0.001411	0.006752
1380	0.840374	-0.002293	0.007668
1381	0.840856	0.000166	0.007475
1382	0.841146	-0.002329	0.003569
1383	0.843268	-0.002544	0.004726
1384	0.844136	-0.004154	0.009790
1385	0.842207	-0.002662	0.009500
1386	0.847512	-0.003185	0.010658
1387	0.846740	-0.000201	0.011140
1388	0.847704	0.003192	0.011188
1389	0.845583	-0.000681	0.007234
1390	0.845872	0.000233	0.006993
1391	0.843750	0.000827	0.008632
1392	0.841049	0.000770	0.010610
1393	0.842014	-0.000489	0.005980
1394	0.844811	-0.000487	0.005449
1395	0.838059	-0.001628	0.004726
1396	0.841821	0.000183	0.004630
1397	0.836709	0.002188	0.005353
1398	0.831887	-0.000196	0.000627
1399	0.830826	-0.001177	-0.000048
1400	0.835455	-0.002136	0.001784
1401	0.833140	-0.000528	0.004726
1402	0.826678	-0.000373	0.007716
1403	0.824749	0.000118	0.001399
1404	0.825617	-0.000395	0.002701
1405	0.833333	0.001841	0.005257
1406	0.829475	-0.000402	0.008439
1407	0.831404	0.001874	0.007427
1408	0.828029	-0.001287	0.006366
1409	0.825328	-0.000913	0.006559
1410	0.830247	-0.001644	0.008970
1411	0.833237	0.000354	0.002604
1412	0.837288	0.000459	0.001784
1413	0.837481	-0.001734	0.000048
1414	0.835648	-0.000508	0.004003
1415	0.820216	-0.000334	0.004581
1416	0.822627	-0.000251	-0.002459
1417	0.824363	-0.000109	-0.001061
1418	0.826003	-0.000635	0.001736
1419	0.830054	-0.002465	0.000868
1420	0.829668	-0.002274	0.007041
1421	0.829572	-0.000792	0.005980
1422	0.833719	-0.000057	0.007041
1423	0.834394	0.001560	0.001736
1424	0.829186	0.000569	0.000916
1425	0.830440	0.002564	-0.000241
1426	0.829379	-0.000520	-0.005546
1427	0.831597	0.000416	-0.000579
1428	0.834105	0.000933	-0.002556
1429	0.826968	0.001419	0.001447
1430	0.828897	-0.000957	0.004774
1431	0.823206	-0.000082	0.004003
1432	0.822145	0.000763	0.005932
1433	0.825521	0.000936	0.002508
1434	0.821566	0.000994	-0.000482
1435	0.828029	0.002159	0.000096
1436	0.829861	-0.000156	-0.001833
1437	0.827353	-0.001592	0.002267
1438	0.829958	-0.000072	0.000145
1439	0.827739	0.000050	0.003279
1440	0.830054	0.000770	0.001350
1441	0.822338	-0.000466	0.001302
1442	0.828511	-0.000647	-0.000338
1443	0.831694	0.000005	0.000096
1444	0.835262	0.000342	-0.001109
1445	0.839506	0.000642	0.003328
1446	0.833623	-0.000175	0.003183
1447	0.830922	0.001408	0.001109
1448	0.831694	0.000350	-0.003906
1449	0.833912	0.001188	0.001350
1450	0.831019	-0.000931	0.001350
1451	0.830440	0.001069	-0.000820
1452	0.826678	-0.000953	-0.004389
1453	0.827643	0.001316	-0.006510
1454	0.831019	0.000415	-0.002749
1455	0.828800	-0.001041	-0.002218
1456	0.829379	-0.001159	-0.002122
1457	0.827739	0.000689	0.002074
1458	0.830054	0.000553	0.000868
1459	0.839796	-0.000062	0.000723
1460	0.841049	0.000813	0.001881
1461	0.832851	0.001646	-0.000145
1462	0.826775	0.001276	-0.001302
1463	0.824556	0.001437	0.001640
1464	0.825231	0.003770	0.002749
1465	0.823013	-0.001046	-0.001881
1466	0.826100	0.001676	-0.003424
1467	0.835166	0.000210	-0.003231
1468	0.837481	0.001872	-0.000338
1469	0.841435	0.002064	-0.002942
1470	0.838252	0.003585	-0.002122
1471	0.838059	0.000874	-0.003617
1472	0.840471	-0.001581	-0.001157
1473	0.841242	-0.001934	-0.004630
1474	0.835455	0.000763	-0.003665
1475	0.833044	-0.001294	0.001254
1476	0.833044	-0.001979	-0.000434
1477	0.827450	-0.001827	-0.000096
1478	0.825521	-0.000389	0.001833
1479	0.829282	0.000736	0.002942
1480	0.833430	-0.001432	0.000386
1481	0.838445	-0.000467	0.006318
1482	0.839699	-0.002647	0.007523
1483	0.838638	-0.002007	0.003472
1484	0.837770	0.000126	0.008247
1485	0.836323	-0.001411	0.008343
1486	0.837095	-0.002798	0.008391
1487	0.828897	0.000595	0.004919
1488	0.832079	-0.000062	0.007378
1489	0.832272	0.001302	0.007234
1490	0.837191	0.002759	0.006703
1491	0.831887	-0.000536	0.007186
1492	0.828221	0.001059	0.003569
1493	0.830440	0.000151	0.005257
1494	0.835938	-0.001002	0.004919
1495	0.844232	0.000894	0.006269
1496	0.842303	0.001575	0.005160
1497	0.839024	0.000213	0.010031
1498	0.833912	0.000731	0.007427
1499	0.836130	-0.001001	0.007234
1500	0.835359	-0.000732	0.010899
1501	0.834201	-0.003384	0.006703
1502	0.834298	-0.002075	0.004437
1503	0.829958	-0.002115	0.005594
1504	0.830150	-0.000848	0.002508
1505	0.827836	0.001122	0.004244
1506	0.829958	0.000188	0.002315
1507	0.830440	0.001542	0.005353
1508	0.835841	-0.002349	0.006655
1509	0.828993	-0.001785	0.002508
1510	0.831983	0.000499	0.004389
1511	0.827932	0.000271	0.005015
1512	0.826968	0.000434	0.007089
1513	0.824846	0.000323	0.006269
1514	0.827546	0.000755	0.007234
1515	0.823495	0.000283	0.006655
1516	0.830729	0.001319	0.005353
1517	0.830826	0.001366	0.006318
1518	0.829958	-0.000031	0.007620
1519	0.839796	0.000304	0.004292
1520	0.839699	-0.000644	0.004871
1521	0.840181	-0.000252	-0.000048
1522	0.833526	0.001225	0.003906
1523	0.836709	0.000090	0.004003
1524	0.839217	-0.001984	0.001157
1525	0.838831	-0.000607	0.001399
1526	0.834780	-0.000386	0.001013
1527	0.835166	-0.000412	0.001061
1528	0.834780	0.001821	0.000772
1529	0.835455	0.002154	0.001977
1530	0.840181	-0.001244	-0.000965
1531	0.839024	0.001130	-0.002652
1532	0.840953	-0.000802	0.002122
1533	0.838349	0.001721	-0.001399
1534	0.836227	-0.000034	-0.000386
1535	0.833719	0.000756	0.000965
1536	0.831501	0.000478	0.000193
1537	0.831019	0.000410	-0.000241
1538	0.834008	-0.000123	-0.000096
1539	0.836034	0.001488	-0.001206
1540	0.836420	-0.000321	0.000048
1541	0.835552	-0.000302	0.000916
1542	0.831790	-0.000162	0.001495
1543	0.832948	-0.000518	-0.000772
1544	0.836998	0.001211	-0.000338
1545	0.832465	-0.001482	0.000916
1546	0.827546	0.001723	0.002363
1547	0.825231	-0.001131	-0.000627
1548	0.822531	-0.000357	0.003810
1549	0.824846	0.000068	0.001302
1550	0.827064	0.001356	0.001833
1551	0.832948	0.000813	0.004147
1552	0.830054	0.001902	0.000916
1553	0.830054	0.001138	0.002942
1554	0.822724	-0.000487	0.007620
1555	0.818191	0.000291	0.005787
1556	0.832851	-0.000149	0.007378
1557	0.831308	0.002317	0.005691
1558	0.831211	-0.000554	0.000289
1559	0.833816	0.000825	0.003810
1560	0.835745	-0.000123	0.000627
1561	0.834973	-0.000195	0.004099
1562	0.833623	0.000115	0.000482
1563	0.836227	-0.000511	-0.002170
1564	0.838349	-0.000701	0.004340
1565	0.832562	-0.000097	-0.003231
1566	0.834201	0.001803	0.000434
1567	0.836516	0.000870	-0.000772
1568	0.831887	-0.002277	-0.004244
1569	0.829475	-0.001042	-0.005353
1570	0.831983	0.000849	-0.007861
1571	0.834684	-0.000881	-0.002315
1572	0.834008	-0.001197	0.000193
1573	0.834394	-0.000424	-0.001881
1574	0.835938	-0.000082	-0.000772
1575	0.833526	0.000975	-0.007041
1576	0.835359	0.000340	-0.002267
1577	0.832755	-0.000780	-0.001736
1578	0.835069	-0.000913	0.001929
1579	0.835069	0.000215	0.001640
1580	0.828897	0.000776	0.000772
1581	0.833816	-0.000562	-0.001447
1582	0.830440	-0.002412	0.000916
1583	0.829668	-0.001277	-0.000338
1584	0.829282	0.000175	0.004774
1585	0.825617	0.000606	0.001543
1586	0.828897	0.000225	-0.002990
1587	0.827064	0.000986	-0.003424
1588	0.825617	-0.000488	-0.001109
1589	0.824846	-0.000471	-0.004533
1590	0.823785	0.000524	-0.006028
1591	0.833237	-0.000605	-0.003569
1592	0.833044	0.001042	-0.002218
1593	0.828607	0.000886	-0.005594
1594	0.826003	0.000609	-0.005498
1595	0.826582	0.000988	-0.002025
1596	0.822724	-0.001642	-0.005064
1597	0.821277	-0.000040	-0.005739
1598	0.824942	0.000574	-0.004630
1599	0.827932	-0.000112	-0.004051
1600	0.833526	-0.000184	-0.003858
1601	0.834587	-0.002143	-0.009693
1602	0.827932	-0.002882	-0.004823
1603	0.827836	0.000692	-0.002267
1604	0.833526	-0.000901	-0.002942
1605	0.825424	0.000140	-0.004292
1606	0.831308	0.000378	-0.004485
1607	0.830054	0.000010	-0.008198
1608	0.821759	0.000863	-0.005691
1609	0.821084	0.001671	-0.002894
1610	0.822434	0.000819	-0.009115
1611	0.820891	-0.001439	-0.007427
1612	0.823013	0.000681	-0.005980
1613	0.820023	0.000942	-0.005208
1614	0.828318	-0.000230	-0.008005
1615	0.822531	-0.000345	-0.005498
1616	0.822145	-0.001086	-0.002170
1617	0.819830	0.001496	-0.003858
1618	0.824074	0.001930	-0.002218
1619	0.828993	0.001153	-0.007234
1620	0.827064	-0.001053	-0.006221
1621	0.824846	-0.001671	-0.005546
1622	0.825328	-0.000520	-0.001881
1623	0.827064	-0.000547	-0.000675
1624	0.824749	-0.000231	0.001447
1625	0.823978	-0.001982	-0.001350
1626	0.824074	-0.001013	0.000916
1627	0.822338	-0.001105	-0.001013
1628	0.823206	0.000297	-0.001061
1629	0.823206	-0.000795	-0.003376
1630	0.828704	-0.001155	-0.003038
1631	0.829958	-0.001032	-0.000482
1632	0.828029	0.000518	0.000627
1633	0.835069	0.000502	-0.000627
1634	0.828414	0.000507	-0.000289
1635	0.826389	-0.000608	0.002267
1636	0.819637	0.000251	0.003665
1637	0.822434	0.000920	0.003520
1638	0.823399	-0.001024	0.004003
1639	0.822242	-0.000648	0.006125
1640	0.825714	-0.000120	0.004533
1641	0.826485	0.000720	-0.001254
1642	0.831115	-0.000805	-0.002942
1643	0.821663	0.001108	-0.002122
1644	0.824653	0.000352	-0.002749
1645	0.821952	0.000128	-0.004051
1646	0.828318	0.000933	-0.002170
1647	0.830826	0.000918	-0.004823
1648	0.834008	0.000208	-0.000482
1649	0.834877	0.001227	0.001736
1650	0.831887	0.002573	-0.000627
1651	0.829282	0.001935	0.000338
1652	0.833912	-0.000560	0.003520
1653	0.837770	0.000815	0.001254
1654	0.839120	0.001497	-0.000965
1655	0.836420	0.000128	0.001688
1656	0.832079	-0.002674	0.001784
1657	0.827450	-0.001936	0.002363
1658	0.829379	-0.001057	-0.001302
1659	0.831597	-0.002060	-0.000241
1660	0.828993	-0.001415	0.002411
1661	0.820409	-0.001764	0.002459
1662	0.823978	-0.002239	-0.001350
1663	0.833237	-0.000199	0.000820
1664	0.834201	-0.000015	-0.000289
1665	0.834877	-0.000737	-0.003569
1666	0.832369	-0.002649	0.000482
1667	0.826100	-0.001320	-0.001833
1668	0.832658	0.000596	-0.000048
1669	0.835262	0.000259	-0.002652
1670	0.833044	0.001778	-0.000579
1671	0.837674	0.002288	-0.000241
1672	0.832948	0.002165	0.000723
1673	0.830054	-0.000125	0.001350
1674	0.825714	-0.001855	0.000000
1675	0.822627	0.000469	-0.003086
1676	0.829090	0.000734	-0.003038
1677	0.826968	0.000698	-0.002411
1678	0.823013	-0.000623	-0.003713
1679	0.822145	-0.002272	-0.002411
1680	0.826582	-0.000622	-0.002411
1681	0.831019	-0.000219	-0.007427
1682	0.831501	-0.001356	-0.007523
1683	0.831887	-0.002326	-0.007089
1684	0.837288	0.000441	-0.007475
1685	0.839313	0.000978	-0.006800
1686	0.839796	-0.002280	-0.007089
1687	0.835359	-0.001655	-0.004292
1688	0.836998	-0.000242	-0.003135
1689	0.837770	-0.001705	-0.004389
1690	0.840085	-0.000754	-0.002652
1691	0.842014	0.002630	-0.003376
1692	0.839892	0.000579	-0.002459
1693	0.841725	-0.001719	-0.006173
1694	0.836516	-0.000721	-0.004003
1695	0.835262	-0.001753	-0.006607
1696	0.833140	-0.000790	-0.004871
1697	0.834780	0.001853	-0.004726
1698	0.831983	-0.001617	-0.002990
1699	0.830922	0.000458	-0.002218
1700	0.830536	-0.000177	-0.001013
1701	0.836227	-0.001284	-0.001977
1702	0.828607	0.000917	-0.000482
1703	0.828607	0.000942	0.002604
1704	0.829090	-0.000081	0.002556
1705	0.826292	0.000256	0.002267
1706	0.828125	-0.002503	0.001929
1707	0.823399	0.000270	-0.002122
1708	0.820988	0.000273	-0.005353
1709	0.819348	0.000193	-0.005305
1710	0.824846	-0.000133	-0.001784
1711	0.826582	-0.001424	-0.005932
1712	0.825231	-0.001839	-0.003183
1713	0.822145	-0.000687	-0.004099
1714	0.827450	-0.000429	-0.002025
1715	0.823399	-0.000818	-0.003906
1716	0.819541	-0.000810	-0.003328
1717	0.821181	-0.000338	-0.005305
1718	0.823881	-0.002018	-0.003279
1719	0.814718	-0.001224	-0.002556
1720	0.817419	0.000443	0.000096
1721	0.814333	0.000053	0.001013
1722	0.820795	0.001111	-0.000289
1723	0.822338	-0.000625	-0.001591
1724	0.824363	0.000664	0.001640
1725	0.829282	-0.001454	0.003424
1726	0.824653	-0.001486	0.003520
1727	0.823206	-0.000410	-0.000386
1728	0.826968	0.000163	-0.002604
1729	0.826968	0.000678	-0.005353
1730	0.824653	0.000423	-0.008343
1731	0.831790	0.000247	-0.010465
1732	0.831019	-0.000818	-0.009163
1733	0.831790	-0.000153	-0.008198
1734	0.840085	-0.003038	-0.009983
1735	0.837577	-0.001447	-0.009356
1736	0.841628	-0.001990	-0.006462
1737	0.837770	-0.001474	-0.009983
1738	0.829475	0.000514	-0.005980
1739	0.832079	0.000388	-0.005739
1740	0.833333	-0.000568	-0.005353
1741	0.836130	-0.000520	-0.010706
1742	0.840760	0.000309	-0.008150
1743	0.842978	0.000723	-0.007234
1744	0.836806	0.000976	-0.006752
1745	0.836420	0.001875	-0.005112
1746	0.832272	-0.000100	-0.005594
1747	0.831983	-0.001471	-0.007716
1748	0.829861	-0.002980	-0.004871
1749	0.828800	0.000346	-0.010851
1750	0.832562	-0.000043	-0.008198
1751	0.836323	0.000024	-0.007137
1752	0.829958	-0.001099	-0.011622
1753	0.833623	-0.001334	-0.012539
1754	0.830440	-0.002324	-0.011429
1755	0.828414	-0.001127	-0.011044
1756	0.825617	-0.000406	-0.012297
1757	0.830536	0.000383	-0.007427
1758	0.826196	0.002775	-0.008825
1759	0.831115	-0.000269	-0.004630
1760	0.825231	-0.000232	-0.006125
1761	0.825714	-0.001321	-0.007186
1762	0.823206	-0.000717	-0.005015
1763	0.832079	0.000675	-0.002267
1764	0.825521	-0.001236	-0.002894
1765	0.827450	-0.003758	0.000868
1766	0.827546	0.000662	-0.002990
1767	0.828897	-0.000829	0.001784
1768	0.832948	0.002456	0.006896
1769	0.830536	0.001128	0.000386
1770	0.829668	-0.001338	0.001977
1771	0.827160	0.000389	0.000530
1772	0.822242	0.001839	0.001640
1773	0.822627	0.000734	0.001977
1774	0.826389	-0.001586	0.002894
1775	0.829379	0.000152	-0.000675
1776	0.825231	-0.000001	-0.002797
1777	0.827546	0.000024	-0.007861
1778	0.828318	-0.000079	-0.007330
1779	0.829475	-0.000622	-0.007957
1780	0.826871	0.000450	-0.006318
1781	0.829379	0.001441	-0.003617
1782	0.828993	0.001883	-0.003279
1783	0.831211	-0.000602	-0.005932
1784	0.833912	-0.000741	-0.001206
1785	0.838542	0.001100	0.002459
1786	0.831211	0.001408	0.001977
1787	0.832369	0.000045	0.002411
1788	0.834684	0.000526	0.004533
1789	0.834298	0.002329	0.003472
1790	0.831983	-0.001217	0.006993
1791	0.827932	0.000752	0.011622
1792	0.830150	0.000045	0.009259
1793	0.835166	0.001615	0.006221
1794	0.836806	0.000513	0.006800
1795	0.838252	-0.000183	0.008584
1796	0.834201	0.001754	0.005642
1797	0.833816	-0.000429	0.004003
1798	0.836516	-0.000585	0.001254
1799	0.836709	-0.001334	0.000965
1800	0.828125	0.000583	0.002508
1801	0.832851	-0.001050	0.004533
1802	0.826100	-0.000396	0.005498
1803	0.822338	-0.001330	0.008632
1804	0.823206	0.001270	0.007041
1805	0.826968	0.000220	0.006221
1806	0.828511	0.001051	0.005353
1807	0.828704	0.002416	0.007716
1808	0.825231	0.002127	0.004774
1809	0.820891	0.000331	0.002122
1810	0.820795	-0.000848	0.001447
1811	0.816840	0.001107	0.004196
1812	0.816937	0.000676	0.000530
1813	0.813561	-0.000326	0.004919
1814	0.815490	0.000048	0.001495
1815	0.809221	-0.000557	0.005112
1816	0.815586	-0.000034	0.004871
1817	0.827739	0.001136	0.005787
1818	0.817226	-0.000287	0.007764
1819	0.819155	-0.001570	0.008150
1820	0.825617	-0.000142	0.005160
1821	0.827160	0.002266	0.006028
1822	0.824363	-0.000320	0.005401
1823	0.822049	-0.000908	0.003520
1824	0.826196	-0.001344	0.006269
1825	0.826003	0.000734	0.005498
1826	0.832658	-0.000977	0.007137
1827	0.829475	-0.000937	0.004630
1828	0.823592	-0.001383	0.004919
1829	0.829765	0.000327	0.005739
1830	0.832562	0.000301	0.006366
1831	0.839217	-0.001338	0.005883
1832	0.837384	-0.002107	0.003713
1833	0.833430	-0.001195	0.001736
1834	0.830440	0.000991	0.004823
1835	0.830633	-0.000192	0.005642
1836	0.822627	-0.000529	0.002990
1837	0.830343	-0.000137	-0.000241
1838	0.830054	0.000885	0.001302
1839	0.823785	0.000310	0.001109
1840	0.825039	0.000222	0.002508
1841	0.826292	0.000569	0.000675
1842	0.829282	0.000449	0.000048
1843	0.831404	0.000646	-0.000338
1844	0.830440	-0.000164	0.001977
1845	0.828607	0.000625	0.000627
1846	0.823495	-0.001934	0.001688
1847	0.822049	-0.000066	-0.000916
1848	0.819348	0.001555	-0.003038
1849	0.823688	-0.000233	-0.003858
1850	0.823978	-0.000805	-0.006655
1851	0.825424	-0.000306	-0.005257
1852	0.820602	-0.001159	-0.005449
1853	0.817419	-0.001801	-0.006703
1854	0.818576	-0.000223	-0.006703
1855	0.817805	-0.002585	-0.008729
1856	0.818673	-0.000421	-0.000048
1857	0.815394	0.000625	-0.000145
1858	0.817612	0.000204	-0.003231
1859	0.816358	0.001288	-0.005594
1860	0.818576	0.000024	-0.002749
1861	0.820891	-0.000165	-0.002122
1862	0.820795	-0.001388	0.000772
1863	0.821470	0.000195	0.006318
1864	0.824749	0.000775	0.000241
1865	0.826871	0.001063	0.000579
1866	0.825617	-0.000957	0.003520
1867	0.822049	-0.001546	0.001013
1868	0.820216	-0.000361	0.000145
1869	0.820313	0.000711	0.002604
1870	0.822531	0.001756	0.001302
1871	0.822531	-0.000426	-0.001254
1872	0.827160	-0.000403	-0.001495
1873	0.836806	0.003319	-0.001109
1874	0.838445	-0.000891	0.000482
1875	0.836709	0.000534	-0.003376
1876	0.835262	0.001628	-0.005015
1877	0.835166	0.000300	-0.005932
1878	0.835359	0.001724	-0.000627
1879	0.836130	-0.000719	-0.000916
1880	0.839024	-0.002451	-0.000772
1881	0.844039	-0.003245	0.000868
1882	0.846161	-0.000528	-0.003906
1883	0.845968	-0.001823	-0.005642
1884	0.846258	-0.002350	-0.005498
1885	0.850694	-0.002720	-0.005208
1886	0.842014	-0.002177	-0.008295
1887	0.840760	-0.003169	-0.007571
1888	0.833044	0.000042	-0.005015
1889	0.834684	0.000767	-0.005835
1890	0.837481	0.002839	-0.004919
1891	0.831404	0.000593	-0.004244
1892	0.824171	0.002190	-0.000916
1893	0.822338	0.002233	-0.005353
1894	0.820313	0.001102	-0.003762
1895	0.826678	-0.001830	-0.001881
1896	0.819734	-0.000222	-0.004630
1897	0.826871	-0.000843	0.000048
1898	0.824267	0.001846	0.002459
1899	0.822242	-0.000235	0.004437
1900	0.828414	-0.000947	0.004051
1901	0.831887	-0.001078	0.002267
1902	0.827546	0.002529	0.000579
1903	0.831790	0.001712	-0.000579
1904	0.833333	0.002270	-0.000820
1905	0.835455	0.002638	0.001109
1906	0.828607	0.004331	0.000000
1907	0.834394	0.001726	-0.001977
1908	0.833237	0.002720	-0.001543
1909	0.840181	0.002580	-0.000241
1910	0.836998	-0.000496	-0.004630
1911	0.834877	-0.000323	-0.006462
1912	0.839410	-0.002453	-0.007234
1913	0.837288	0.000619	-0.007571
1914	0.839603	0.000270	-0.002797
1915	0.840181	0.000304	-0.002267
1916	0.837095	0.001956	-0.001929
1917	0.841339	0.001210	-0.002942
1918	0.837191	-0.000934	-0.001591
1919	0.840278	-0.000153	0.001254
1920	0.833430	-0.000779	0.000627
1921	0.832272	-0.000135	0.000338
1922	0.828993	-0.001000	0.000820
1923	0.832272	-0.000542	0.001254
1924	0.840856	0.001836	0.003231
1925	0.837481	0.000926	0.000048
1926	0.836902	0.001364	-0.000241
1927	0.834491	0.001191	-0.001591
1928	0.834587	-0.000313	-0.004630
1929	0.834877	0.000472	-0.001736
1930	0.830536	0.000455	0.000434
1931	0.823399	-0.000001	0.001206
1932	0.820120	-0.000680	0.002749
1933	0.828607	0.001417	0.001784
1934	0.835359	0.000036	0.000386
1935	0.834780	-0.001326	0.000772
1936	0.831019	0.001300	-0.000916
1937	0.830729	0.000332	-0.001447
1938	0.827450	-0.001048	0.002604
1939	0.827546	-0.003367	-0.000916
1940	0.826292	-0.001154	0.002556
1941	0.828029	-0.000853	-0.000627
1942	0.826003	-0.000559	-0.000048
1943	0.823495	0.000781	-0.000145
1944	0.826485	-0.000831	-0.003038
1945	0.835552	0.000488	-0.005015
1946	0.832562	-0.000876	-0.003038
1947	0.835455	-0.001200	-0.004147
1948	0.834973	0.001202	-0.002652
1949	0.829282	0.000060	-0.000579
1950	0.825135	0.000325	0.002652
1951	0.824460	0.000161	-0.001302
1952	0.824171	0.000470	-0.004389
1953	0.828029	-0.001638	-0.002170
1954	0.823978	0.000205	-0.002604
1955	0.825328	-0.000506	0.000579
1956	0.821759	-0.000456	0.003038
1957	0.821952	-0.000258	0.001302
1958	0.821084	-0.000136	0.002218
1959	0.817612	-0.000777	0.000386
1960	0.818480	0.000122	0.004437
1961	0.816647	-0.000294	0.002025
1962	0.814622	-0.000377	0.002074
1963	0.814622	0.000685	-0.001977
1964	0.812886	0.000388	0.001591
1965	0.815104	-0.001015	0.003617
1966	0.819348	-0.001059	-0.005112
1967	0.816358	0.001495	-0.003665
1968	0.814815	-0.000733	-0.002797
1969	0.819830	-0.000752	-0.004147
1970	0.823881	0.001529	0.000145
1971	0.832079	0.001634	0.005449
1972	0.826485	-0.000745	0.000482
1973	0.839217	-0.000111	-0.002508
1974	0.839988	-0.001184	0.001157
1975	0.843750	-0.000174	-0.001254
1976	0.837963	-0.001638	-0.003424
1977	0.834491	-0.000597	-0.003713
1978	0.832658	0.000018	-0.006510
1979	0.833044	-0.002583	-0.004533
1980	0.829379	0.000571	-0.004919
1981	0.825328	0.001081	-0.007378
1982	0.821373	0.001029	-0.006028
1983	0.826582	0.000959	-0.007234
1984	0.827450	0.000509	-0.007716
1985	0.830150	-0.002980	-0.009693
1986	0.829572	-0.001160	-0.008198
1987	0.831211	-0.000754	-0.006559
1988	0.831019	-0.001339	-0.008825
1989	0.833912	-0.000198	-0.003569
1990	0.823978	-0.001413	-0.005160
1991	0.826003	-0.000402	-0.002845
1992	0.816744	-0.000508	-0.001784
1993	0.821277	-0.000406	-0.000145
1994	0.822531	-0.000953	0.006076
1995	0.821470	0.000909	0.008005
1996	0.818962	0.000061	-0.000289
1997	0.831019	0.002120	-0.000434
1998	0.828511	0.002201	-0.004244
1999	0.823592	0.001135	0.001061
2000	0.822917	0.001057	0.001399
2001	0.819734	0.001048	-0.002363
2002	0.815104	0.000656	-0.004774
2003	0.820023	0.000635	-0.001688
2004	0.817323	0.001647	-0.005257
2005	0.823978	0.000782	-0.003472
2006	0.822820	0.001755	0.000048
2007	0.820313	0.001529	0.001399
2008	0.821277	-0.000055	-0.000627
2009	0.825135	-0.000233	-0.000772
2010	0.823688	0.001611	0.001495
2011	0.823978	0.001626	0.004967
2012	0.830729	-0.000570	0.003906
2013	0.833526	0.000760	0.004099
2014	0.829765	0.000297	0.006752
2015	0.828414	0.001733	0.001013
2016	0.823013	0.000203	0.000096
2017	0.822724	0.000530	-0.002797
2018	0.828221	0.001803	0.000048
2019	0.832755	-0.000537	0.004389
2020	0.828897	-0.000021	0.002652
2021	0.825810	0.000237	-0.001061
2022	0.828897	0.000359	-0.001929
2023	0.822724	-0.002109	-0.004389
2024	0.829765	0.000249	-0.006462
2025	0.836323	0.000373	-0.004823
2026	0.835841	-0.000247	-0.008005
2027	0.834587	-0.000300	-0.007813
2028	0.838735	-0.001596	-0.004823
2029	0.833526	-0.001325	-0.006655
2030	0.832658	-0.000920	-0.001206
2031	0.831887	0.000698	-0.004485
2032	0.832272	0.001373	0.001254
2033	0.833816	0.001072	-0.001784
2034	0.834201	-0.001057	0.002749
2035	0.837770	0.000863	-0.005594
2036	0.831308	0.000074	-0.002845
2037	0.837577	0.002582	0.001881
2038	0.832851	0.001369	0.000579
2039	0.834105	0.000187	0.002556
2040	0.834105	-0.001566	0.001399
2041	0.833333	0.000907	-0.004340
2042	0.838735	0.000756	-0.001495
2043	0.836902	-0.000052	0.001688
2044	0.834877	-0.000926	0.000193
2045	0.835359	-0.000108	-0.003665
2046	0.830536	-0.000877	-0.005112
2047	0.830729	-0.001649	-0.004292
2048	0.831115	-0.000357	-0.007041
2049	0.827450	0.000993	-0.006173
2050	0.834394	0.000077	-0.002845
2051	0.837674	0.000641	-0.002990
2052	0.834394	0.000044	0.002459
2053	0.834877	-0.000653	-0.001013
2054	0.831501	0.001561	0.001302
2055	0.829958	0.000344	-0.001977
2056	0.825907	-0.001849	-0.006800
2057	0.831115	-0.000761	-0.001013
2058	0.830247	-0.000178	-0.002315
2059	0.831983	-0.001973	-0.000482
2060	0.824171	0.000406	-0.001350
2061	0.822242	0.001459	-0.000482
2062	0.826003	0.002587	-0.001447
2063	0.831887	0.000570	0.001736
2064	0.836130	0.000579	0.001640
2065	0.834394	0.001517	0.002074
2066	0.828221	0.000666	0.001302
2067	0.826871	-0.000358	0.008150
2068	0.825135	-0.000688	0.009742
2069	0.823302	-0.001115	0.011671
2070	0.826968	0.000745	0.007716
2071	0.832079	0.001459	0.002990
2072	0.827836	-0.000448	0.002459
2073	0.831211	0.001392	0.000772
2074	0.832948	-0.001326	0.002604
2075	0.839603	0.000655	0.005160
2076	0.831501	0.001503	0.002797
2077	0.838156	0.001735	0.004726
2078	0.835455	0.002756	0.005064
2079	0.836613	0.002217	0.004147
2080	0.834491	0.001992	0.003038
2081	0.829861	0.002481	0.003231
2082	0.830150	0.002469	-0.003279
2083	0.828704	0.002482	0.006076
2084	0.830826	0.000986	0.006125
2085	0.834780	0.003373	0.007041
2086	0.840664	0.000987	0.010079
2087	0.840471	-0.001865	0.005932
2088	0.839410	-0.001040	0.007089
2089	0.837384	-0.000864	0.009983
2090	0.836613	-0.001399	0.008054
2091	0.837191	-0.000620	0.007041
2092	0.834877	-0.001322	0.004630
2093	0.833623	-0.000231	0.002749
2094	0.830054	0.000486	0.001206
2095	0.833526	-0.000823	0.002990
2096	0.835455	0.001546	0.002218
2097	0.835841	0.000650	0.002459
2098	0.831887	0.000966	0.003086
2099	0.835552	-0.000384	0.002797
2100	0.829090	-0.002859	0.001350
2101	0.825714	0.000319	-0.001977
2102	0.832851	0.002570	0.005401
2103	0.826292	0.002127	0.005208
2104	0.825135	0.002051	0.004678
2105	0.828704	0.000111	0.002894
2106	0.830922	-0.000279	0.002556
2107	0.834877	-0.000370	0.001688
2108	0.839217	-0.000055	0.001881
2109	0.840471	0.001172	0.002990
2110	0.832272	0.000451	0.007378
2111	0.833044	-0.000453	0.008150
2112	0.840471	0.001821	0.006896
2113	0.837770	0.000269	0.007523
2114	0.835262	-0.002318	0.009356
2115	0.839603	0.001773	0.006655
2116	0.842400	-0.000964	0.003906
2117	0.836806	-0.001369	0.004147
2118	0.837963	-0.000381	0.007137
2119	0.838735	-0.001261	0.006076
2120	0.839410	0.000759	0.007282
2121	0.835359	0.000336	0.007089
2122	0.837674	0.000375	0.007427
2123	0.840278	0.001783	0.006318
2124	0.846354	0.002967	0.005305
2125	0.841049	0.002643	0.008102
2126	0.844811	0.002771	0.007668
2127	0.838156	0.001309	0.003665
2128	0.839796	-0.000724	0.002122
2129	0.838735	-0.001348	0.005257
2130	0.834105	-0.000506	0.008198
2131	0.831308	-0.001362	0.005835
2132	0.837384	-0.000822	0.006944
2133	0.841821	-0.000321	0.007475
2134	0.838252	-0.000170	0.003569
2135	0.834105	0.001248	0.004630
2136	0.832369	-0.000053	0.003376
2137	0.828029	0.000418	0.001157
2138	0.829379	0.002148	0.002411
2139	0.829475	-0.000451	-0.000530
2140	0.829090	0.001147	0.001833
2141	0.831887	0.002473	0.001157
2142	0.828897	-0.000428	0.001399
2143	0.834587	0.000441	-0.003520
2144	0.832176	-0.002968	-0.004051
2145	0.827160	-0.000669	-0.002267
2146	0.829958	-0.001850	-0.001157
2147	0.829572	0.000543	-0.003183
2148	0.826485	0.001211	0.000868
2149	0.837963	-0.000022	-0.003858
2150	0.835841	-0.000957	-0.006607
2151	0.842593	-0.000375	-0.001399
2152	0.832562	0.001236	0.000338
2153	0.836709	0.001561	0.000675
2154	0.834201	-0.000325	0.000386
2155	0.832369	0.000146	-0.001688
2156	0.830247	0.001634	-0.004292
2157	0.837095	0.001398	-0.000145
2158	0.837770	-0.001627	-0.002074
2159	0.839892	-0.000952	-0.007668
2160	0.840278	0.001118	-0.005642
2161	0.835069	0.001217	-0.003086
2162	0.840567	-0.001232	0.000338
2163	0.834201	-0.001662	-0.000193
2164	0.831019	-0.003542	-0.000530
2165	0.836902	-0.003387	0.000338
2166	0.835841	-0.000363	0.003617
2167	0.834008	-0.000135	0.002942
2168	0.839988	-0.000176	0.004871
2169	0.837577	-0.002917	-0.000193
2170	0.842110	-0.001128	-0.002652
2171	0.837577	-0.001104	-0.002025
2172	0.838831	-0.002058	-0.004630
2173	0.844907	-0.000674	-0.003424
2174	0.840856	-0.002733	0.000820
2175	0.845100	0.001096	0.000723
2176	0.845390	0.001072	0.003520
2177	0.838735	-0.000050	0.002170
2178	0.832658	0.001643	0.005160
2179	0.835841	0.001378	0.005835
2180	0.834780	0.001978	0.005883
2181	0.832369	-0.000815	0.000965
2182	0.837770	-0.000490	0.002025
2183	0.832272	0.000907	0.001591
2184	0.844425	-0.003592	0.004340
2185	0.842978	0.000945	0.002845
2186	0.837288	0.003613	0.003520
2187	0.837288	0.003655	0.002845
2188	0.837963	0.003516	0.003906
2189	0.827643	-0.001458	0.001833
2190	0.836902	-0.000061	-0.001109
2191	0.833719	-0.000925	-0.000675
2192	0.841242	0.000713	0.000338
2193	0.837481	0.000509	-0.002797
2194	0.836130	-0.001479	0.001447
2195	0.838638	-0.004742	0.004581
2196	0.848573	-0.001425	0.006896
2197	0.845775	0.000469	0.005498
2198	0.844039	-0.000029	0.004437
2199	0.840085	0.001427	0.003135
2200	0.834973	-0.000481	0.007813
2201	0.836998	0.001561	0.006366
2202	0.835938	0.001324	0.006896
2203	0.827739	0.000458	0.003858
2204	0.840664	-0.001312	0.002749
2205	0.835938	-0.002124	0.000675
2206	0.838831	0.001431	0.002267
2207	0.832465	-0.001930	0.002556
2208	0.831308	0.000149	0.004823
2209	0.831597	0.001971	0.005257
2210	0.829186	0.000910	0.005449
2211	0.832465	-0.000403	0.003231
2212	0.832851	-0.001261	0.001833
2213	0.826100	0.003128	0.000965
2214	0.825521	0.002158	0.004340
2215	0.821373	0.000575	0.004967
2216	0.820795	0.000124	0.003279
2217	0.820023	-0.001341	0.001399
2218	0.823495	-0.000288	0.005305
2219	0.821373	-0.000527	0.001399
2220	0.817419	-0.000817	0.002411
2221	0.822242	0.000385	0.003762
2222	0.822049	0.000305	0.003569
2223	0.828800	0.000187	0.004051
2224	0.826292	-0.001690	0.005112
2225	0.829282	-0.002053	0.011044
2226	0.828511	0.001174	0.004678
2227	0.830633	-0.000277	0.003713
2228	0.831308	-0.000141	0.002797
2229	0.837674	-0.000813	0.001736
2230	0.836613	-0.001033	0.002894
2231	0.828125	-0.000859	0.002894
2232	0.824846	0.000322	0.003424
2233	0.830343	-0.000881	0.000000
2234	0.831308	-0.000142	0.000048
2235	0.832658	0.001294	0.002267
2236	0.830247	0.002133	0.003328
2237	0.826968	0.001896	0.002170
2238	0.820120	-0.000706	0.001061
2239	0.822917	-0.001247	0.005883
2240	0.820988	-0.000239	0.006752
2241	0.826003	0.001286	0.002363
2242	0.825328	0.001918	0.000434
2243	0.828897	0.000787	0.001254
2244	0.826389	0.000756	0.001254
2245	0.830247	0.001108	0.002797
2246	0.830826	0.001229	0.005208
2247	0.826582	-0.001472	0.001157
2248	0.826968	0.000412	0.005787
2249	0.829765	0.000292	0.008295
2250	0.827160	-0.001522	0.004967
2251	0.828511	-0.000626	0.006221
2252	0.824846	-0.001603	0.007137
2253	0.828993	-0.002741	0.006896
2254	0.827353	-0.002243	0.003569
2255	0.824556	-0.001491	0.004244
2256	0.822338	-0.000864	0.007668
2257	0.822531	0.000101	0.002604
2258	0.829282	-0.000522	0.001833
2259	0.824074	-0.001125	0.004099
2260	0.826582	-0.001904	0.002170
2261	0.828125	-0.000147	0.001881
2262	0.824267	0.000806	0.002652
2263	0.821663	-0.000223	0.003183
2264	0.822820	0.002399	0.002074
2265	0.824460	0.000509	0.000434
2266	0.822627	0.000718	0.001254
2267	0.829958	0.003764	0.004196
2268	0.831501	-0.000180	0.000145
2269	0.824074	0.000576	0.001543
2270	0.818673	-0.000171	-0.001977
2271	0.828125	-0.000752	-0.003665
2272	0.834105	0.000866	-0.005401
2273	0.835745	0.000075	-0.005691
2274	0.832755	0.001720	-0.008439
2275	0.833430	0.001406	-0.005932
2276	0.833816	0.002309	-0.006607
2277	0.831211	0.001142	-0.008681
2278	0.836420	-0.003509	-0.013262
2279	0.834105	-0.000255	-0.012490
2280	0.833719	0.000841	-0.011912
2281	0.834973	-0.000466	-0.007668
2282	0.831983	0.000792	-0.003954
2283	0.831308	-0.001159	-0.008005
2284	0.828221	-0.000184	-0.003617
2285	0.827450	0.000661	-0.003472
2286	0.824653	-0.000235	-0.006414
2287	0.824942	0.001308	-0.003665
2288	0.815104	0.001431	-0.000723
2289	0.821759	0.001886	-0.000627
2290	0.823013	0.000285	0.001157
2291	0.817998	-0.000244	0.000723
2292	0.823495	0.000724	0.000289
2293	0.824942	-0.000187	0.000000
2294	0.822820	0.000510	-0.003376
2295	0.828993	0.000322	-0.007620
2296	0.826582	0.001559	-0.003472
2297	0.823881	-0.000301	-0.003713
2298	0.833912	-0.000381	-0.002363
2299	0.830054	0.000241	-0.000096
2300	0.831790	-0.000638	0.000965
2301	0.831501	-0.000794	-0.001206
2302	0.832079	0.001072	-0.001302
2303	0.827257	0.000130	-0.001302
2304	0.823688	-0.001026	-0.000627
2305	0.830922	-0.000250	0.002074
2306	0.834587	0.000104	0.003569
2307	0.829090	0.000687	0.005208
2308	0.832369	0.002517	0.004678
2309	0.834684	-0.000408	0.003617
2310	0.835359	-0.002658	0.001013
2311	0.832079	-0.000734	0.002652
2312	0.828221	-0.000778	0.002652
2313	0.831019	0.000227	0.000916
2314	0.829765	0.001635	0.004630
2315	0.828511	-0.002888	0.005980
2316	0.836227	-0.002780	0.007523
2317	0.839699	-0.003371	0.013648
2318	0.840953	0.001308	0.011236
2319	0.841146	-0.000142	0.010610
2320	0.840567	0.000741	0.006607
2321	0.832658	-0.000866	0.005835
2322	0.835745	-0.001088	-0.001206
2323	0.834201	-0.000615	0.004099
2324	0.828029	-0.001595	0.001640
2325	0.834105	0.001020	0.000338
2326	0.832176	0.001073	0.003713
2327	0.836227	0.000000	0.002845
2328	0.839699	-0.000904	-0.003328
2329	0.834780	-0.001849	-0.001013
2330	0.835359	0.002651	-0.004099
2331	0.835552	0.001432	-0.003906
2332	0.831983	0.000662	-0.004774
2333	0.838156	0.001156	-0.007137
2334	0.836323	-0.000635	-0.008825
2335	0.834973	0.000415	-0.006607
2336	0.832948	0.000076	-0.002025
2337	0.830343	0.000227	-0.009211
2338	0.836130	0.001745	-0.009838
2339	0.836420	0.001666	-0.012828
2340	0.839892	0.001757	-0.011236
2341	0.840760	-0.001281	-0.007909
2342	0.843750	0.000553	-0.007475
2343	0.835745	0.001476	-0.003617
2344	0.830729	0.000161	-0.002508
2345	0.829282	0.000557	-0.001929
2346	0.830054	0.000697	-0.001929
2347	0.832851	-0.000520	-0.001591
2348	0.837384	0.001256	-0.001591
2349	0.834105	0.000642	-0.003569
2350	0.834973	0.002265	0.000579
2351	0.829861	-0.000320	-0.000675
2352	0.826582	0.001076	0.000482
2353	0.831597	0.001248	0.000868
2354	0.831790	-0.000041	-0.006125
2355	0.823495	0.000211	-0.007861
2356	0.827932	-0.003291	-0.000386
2357	0.824846	-0.002599	0.003520
2358	0.825907	-0.000286	0.003183
2359	0.827739	-0.001063	0.005064
2360	0.825810	-0.001442	0.003617
2361	0.828029	-0.002959	0.002701
2362	0.835648	-0.002207	0.003183
2363	0.841049	-0.000082	0.002218
2364	0.834973	-0.001526	0.000048
2365	0.839024	-0.001249	-0.001833
2366	0.835648	0.000486	0.004437
2367	0.828221	-0.001522	0.000386
2368	0.830150	-0.000346	0.002942
2369	0.834587	-0.000182	0.000723
2370	0.835166	0.002421	-0.001543
2371	0.834201	-0.000979	0.000482
2372	0.835359	0.000338	-0.000772
2373	0.836902	0.000111	-0.003858
2374	0.831790	0.000637	-0.008439
2375	0.836613	-0.001798	-0.009163
2376	0.832755	-0.001122	-0.006752
2377	0.825714	-0.001650	-0.007909
2378	0.828318	-0.000014	-0.006752
2379	0.831115	-0.000351	-0.006607
2380	0.828318	-0.001633	-0.007234
2381	0.829186	-0.000092	-0.005642
2382	0.831887	0.000328	-0.006559
2383	0.838156	0.000512	-0.004051
2384	0.836806	-0.000840	-0.003472
2385	0.838927	-0.001516	-0.003376
2386	0.835648	0.000004	-0.000048
2387	0.838831	0.000044	-0.004919
2388	0.832948	0.002275	-0.005015
2389	0.832079	-0.002443	-0.001640
2390	0.834298	-0.000266	-0.004244
2391	0.828318	-0.000332	-0.000820
2392	0.828993	-0.001075	-0.000772
2393	0.832079	-0.001556	-0.002508
2394	0.834491	-0.000648	0.000530
2395	0.837288	-0.001066	-0.006510
2396	0.842689	0.000058	-0.007668
2397	0.837963	0.002265	-0.006703
2398	0.834298	-0.000515	-0.003231
2399	0.842014	0.001626	-0.004099
2400	0.845486	0.000297	-0.004581
2401	0.846451	0.001586	-0.000723
2402	0.845872	0.000409	0.001881
2403	0.843364	-0.000904	0.001206
2404	0.840856	0.000473	-0.000965
2405	0.837674	-0.000113	-0.000772
2406	0.851370	0.002108	0.003183
2407	0.859086	0.006044	0.001302
2408	0.854070	0.002985	-0.002411
2409	0.848669	0.001003	-0.006414
2410	0.850984	-0.000453	-0.005546
2411	0.849826	-0.000886	-0.004244
2412	0.853106	0.003369	-0.004919
2413	0.839120	0.000701	-0.005642
2414	0.836323	-0.000896	-0.003858
2415	0.830054	0.001739	-0.006221
2416	0.833623	0.000485	-0.007378
2417	0.831790	-0.001645	-0.007282
2418	0.836709	0.001633	-0.012876
2419	0.831211	0.000332	-0.007330
2420	0.834105	-0.000949	-0.005064
2421	0.827064	0.000417	-0.010754
2422	0.825328	0.000056	-0.008873
2423	0.828993	-0.001627	-0.012442
2424	0.832176	0.000511	-0.012731
2425	0.829090	0.001464	-0.013358
2426	0.826775	0.000155	-0.013262
2427	0.827450	0.000656	-0.011574
2428	0.828800	-0.000834	-0.008054
2429	0.834780	-0.000222	-0.003762
2430	0.831019	-0.000360	-0.007764
2431	0.830440	0.002060	-0.007957
2432	0.832851	-0.000458	-0.005739
2433	0.832465	-0.001998	-0.005787
2434	0.831115	-0.001444	-0.000241
2435	0.833816	0.001280	0.001543
2436	0.823495	0.001426	0.002267
2437	0.822724	-0.000283	-0.001206
2438	0.828029	-0.001298	0.001350
2439	0.830633	0.000492	-0.001447
2440	0.834298	0.002189	-0.000772
2441	0.833430	0.000615	0.000627
2442	0.831790	0.000965	0.002122
2443	0.834587	0.001738	0.000627
2444	0.833430	0.000549	-0.000965
2445	0.833912	-0.000339	-0.001929
2446	0.833719	0.002944	-0.004292
2447	0.835938	0.003721	-0.006559
2448	0.833623	0.001656	-0.004485
2449	0.832079	0.000748	-0.003376
2450	0.833044	0.001801	-0.007234
2451	0.835648	-0.002673	-0.001061
2452	0.829668	0.000300	-0.004533
2453	0.833526	-0.002715	-0.001543
2454	0.840567	-0.001504	-0.003713
2455	0.839410	0.001273	-0.001109
2456	0.836323	0.001254	-0.000386
2457	0.829861	0.000526	-0.004726
2458	0.827836	-0.000785	-0.009549
2459	0.836034	0.001057	-0.011574
2460	0.834780	-0.001844	-0.014371
2461	0.836516	0.001925	-0.014130
2462	0.836613	-0.000543	-0.014323
2463	0.837191	-0.001629	-0.008439
2464	0.837867	-0.001032	-0.009838
2465	0.840664	-0.002228	-0.003424
2466	0.840953	-0.001899	-0.008825
2467	0.841821	0.002224	-0.009066
2468	0.847029	0.000172	-0.006462
2469	0.841339	-0.002374	-0.006655
2470	0.834684	-0.001456	-0.006752
2471	0.835841	0.002377	-0.004919
2472	0.829668	-0.000094	-0.003086
2473	0.836323	-0.001573	-0.002074
2474	0.838542	-0.002338	-0.003954
2475	0.834587	-0.003045	-0.011960
2476	0.833526	-0.001134	-0.008343
2477	0.830633	-0.002500	-0.008729
2478	0.831983	0.001542	-0.004919
2479	0.834684	-0.000573	-0.009211
2480	0.837481	-0.001121	-0.007234
2481	0.835359	-0.001309	-0.009549
2482	0.834973	-0.000500	-0.009211
2483	0.829379	0.000165	-0.009066
2484	0.826389	-0.000860	-0.007282
2485	0.828607	-0.000791	-0.004051
2486	0.826292	-0.000330	-0.000627
2487	0.825039	-0.001100	-0.002025
2488	0.824749	-0.000203	-0.000868
2489	0.819444	0.000436	0.001736
2490	0.824363	-0.000243	-0.003231
2491	0.827257	-0.001494	-0.002025
2492	0.831597	-0.002089	0.002315
2493	0.834491	-0.000633	0.005257
2494	0.834201	0.001771	0.004726
2495	0.829282	-0.001445	0.000482
2496	0.828897	0.000510	0.000723
2497	0.823978	0.001126	0.000627
2498	0.824267	0.001089	-0.000386
2499	0.821181	-0.000140	-0.001881
2500	0.819444	-0.000054	-0.000338
2501	0.819927	-0.001168	0.002411
2502	0.818383	0.001088	0.006318
2503	0.818962	-0.000096	0.000289
2504	0.818673	-0.000349	0.001784
2505	0.818383	-0.000347	0.002218
2506	0.815104	-0.000732	0.005980
2507	0.809799	-0.000021	0.007378
2508	0.819541	0.000880	0.008777
2509	0.821759	0.000022	0.007378
2510	0.819444	-0.000179	0.009259
2511	0.818576	0.000409	0.005932
2512	0.815297	0.000177	0.009549
2513	0.822917	0.001747	0.007523
2514	0.832176	-0.000079	0.005932
2515	0.830150	-0.001338	0.008150
2516	0.825907	0.000253	0.007186
2517	0.818480	-0.000512	0.006800
2518	0.816165	-0.000919	0.005160
2519	0.822242	0.001003	0.005691
2520	0.819155	-0.001021	0.006607
2521	0.822917	-0.000797	0.004051
2522	0.823881	-0.000631	0.008584
2523	0.824846	-0.001477	0.006318
2524	0.831983	0.001078	0.002749
2525	0.830440	0.000913	0.004437
2526	0.830633	-0.000721	-0.000530
2527	0.829379	-0.001393	0.001784
2528	0.832948	0.000941	0.001640
2529	0.829958	0.002894	-0.001543
2530	0.833912	-0.000610	0.002459
2531	0.831404	0.000161	0.001447
2532	0.829572	0.001087	0.003617
2533	0.823688	-0.001540	0.002942
2534	0.827064	-0.000484	0.004581
2535	0.827064	0.001166	0.003472
2536	0.828607	0.000421	-0.001109
2537	0.828704	0.000253	0.000579
2538	0.833430	0.001644	0.000048
2539	0.834394	-0.001097	0.001206
2540	0.834491	-0.000803	-0.002218
2541	0.838059	-0.001997	-0.002025
2542	0.836902	-0.000647	-0.003569
2543	0.830247	-0.002062	0.000241
2544	0.829282	-0.000815	0.000000
2545	0.825617	-0.000861	0.001591
2546	0.832369	-0.001298	0.003279
2547	0.827353	-0.000978	0.000096
2548	0.830247	0.000907	0.000482
2549	0.836709	0.000455	0.005835
2550	0.832176	-0.001592	0.001784
2551	0.832948	-0.001628	0.007813
2552	0.827064	-0.000067	0.004244
2553	0.825617	-0.000866	0.004726
2554	0.824171	0.000215	0.006510
2555	0.828704	0.000164	0.007041
2556	0.833044	-0.001851	0.006414
2557	0.837191	0.001979	0.001495
2558	0.834877	0.000640	-0.000965
2559	0.836420	0.002196	0.000820
2560	0.837191	0.000381	0.003472
2561	0.836709	0.000468	0.000434
2562	0.839796	-0.000834	0.004340
2563	0.834587	-0.002229	-0.000627
2564	0.827353	0.001057	0.000916
2565	0.824460	0.000218	0.000579
2566	0.826968	-0.001409	0.000241
2567	0.838831	0.000785	0.002459
2568	0.835359	-0.001026	0.001543
2569	0.839024	-0.000066	-0.001881
2570	0.833430	0.000104	-0.002074
2571	0.834008	-0.000586	0.004196
2572	0.830536	0.000603	0.001399
2573	0.829958	-0.000086	-0.003520
2574	0.833140	-0.001903	0.001447
2575	0.837963	-0.001470	-0.003810
2576	0.832369	-0.002223	0.001254
2577	0.825424	0.000282	0.005015
2578	0.839988	-0.002896	0.001447
2579	0.837963	0.002284	0.000965
2580	0.832562	-0.000733	0.002459
2581	0.830054	-0.000023	0.003954
2582	0.830729	0.001460	0.007089
2583	0.827739	0.000097	0.005015
2584	0.825907	0.000703	0.003376
2585	0.825424	-0.000087	0.000482
2586	0.821952	-0.000739	0.000338
2587	0.823495	0.000208	-0.002411
2588	0.817708	0.000900	-0.000965
2589	0.825714	-0.000755	0.004340
2590	0.826871	-0.000138	0.001929
2591	0.826389	-0.000494	0.000193
2592	0.821759	0.001192	-0.002122
2593	0.820313	-0.000087	-0.000145
2594	0.819541	-0.000440	-0.003231
2595	0.822724	-0.000903	-0.000434
2596	0.820698	-0.001696	-0.000530
2597	0.817323	0.000087	0.003183
2598	0.816840	-0.001406	0.003328
2599	0.810957	-0.000193	0.003231
2600	0.813657	-0.000977	0.003569
2601	0.812500	0.000258	0.008439
2602	0.822531	0.001033	0.003183
2603	0.821373	-0.000701	-0.000434
2604	0.824942	-0.000167	-0.001447
2605	0.825810	0.000705	-0.002363
2606	0.825039	-0.000963	-0.003183
2607	0.825328	0.000169	-0.001302
2608	0.824460	0.000545	-0.000048
2609	0.825521	0.002154	-0.003135
2610	0.821952	-0.000264	0.000530
2611	0.820409	0.001214	0.001833
2612	0.821373	0.001695	0.004437
2613	0.816358	0.000344	-0.000820
2614	0.816937	-0.000596	-0.002749
2615	0.817998	-0.001483	-0.005353
2616	0.810185	-0.001053	-0.005208
2617	0.813368	-0.000194	-0.004003
2618	0.815394	-0.000140	-0.002701
2619	0.818287	0.000397	-0.004823
2620	0.818480	0.000637	-0.008632
2621	0.822338	-0.000808	-0.008343
2622	0.822049	-0.000365	-0.013262
2623	0.827064	0.000298	-0.009211
2624	0.830826	0.000079	-0.008681
2625	0.831404	0.000940	-0.008584
2626	0.835648	0.001323	-0.003279
2627	0.827932	-0.000717	-0.003713
2628	0.834973	0.002528	-0.002122
2629	0.834201	0.002001	-0.005449
2630	0.829379	0.002864	0.002701
2631	0.836709	-0.000325	0.000723
2632	0.837577	-0.001783	0.001061
2633	0.830826	-0.000191	0.001784
2634	0.832658	-0.000288	0.002411
2635	0.835166	0.001159	0.003424
2636	0.835841	0.000496	0.000482
2637	0.835455	0.001265	-0.002845
2638	0.833140	0.000335	-0.000338
2639	0.833912	0.002837	-0.000289
2640	0.839120	0.003699	-0.000723
2641	0.835745	0.001803	-0.002701
2642	0.838638	0.003270	-0.003328
2643	0.835841	0.003358	-0.004196
2644	0.836998	0.001785	-0.008681
2645	0.834298	0.001260	-0.003424
2646	0.832079	0.003163	-0.004630
2647	0.839796	0.001364	-0.002170
2648	0.844811	0.002080	-0.001350
2649	0.843364	0.002757	-0.002797
2650	0.839506	-0.000754	-0.004485
2651	0.838638	0.001384	-0.003858
2652	0.837095	0.000972	-0.002315
2653	0.839699	0.002290	-0.003038
2654	0.838831	0.001508	0.000145
2655	0.839796	0.000296	0.000048
2656	0.843364	0.002053	-0.000193
2657	0.836516	0.002688	-0.001109
2658	0.837770	0.000008	-0.001206
2659	0.832176	0.001403	0.003472
2660	0.836034	0.000599	-0.003135
2661	0.833237	-0.002535	-0.004003
2662	0.837095	-0.002529	-0.001206
2663	0.838735	-0.000523	-0.004967
2664	0.844329	0.000768	-0.002074
2665	0.836130	-0.000571	0.001254
2666	0.842978	-0.000542	0.000145
2667	0.844522	-0.001415	0.000820
2668	0.843943	-0.003672	0.003086
2669	0.836613	-0.002211	0.002701
2670	0.833816	0.001031	0.000820
2671	0.831019	-0.001187	-0.004967
2672	0.834780	-0.001619	-0.006462
2673	0.838831	-0.000714	-0.005980
2674	0.845679	0.000416	-0.004051
2675	0.841628	-0.001063	-0.000434
2676	0.838445	-0.002384	0.001736
2677	0.838831	-0.002141	0.000627
2678	0.834298	-0.000916	0.001302
2679	0.832755	-0.000756	0.000434
2680	0.834780	0.002444	-0.001543
2681	0.836227	0.000710	-0.002652
2682	0.836420	-0.000024	0.002652
2683	0.832562	0.001115	0.001013
2684	0.832658	-0.000172	-0.000386
2685	0.834394	0.000219	0.003328
2686	0.830922	-0.000860	0.002894
2687	0.830150	-0.001672	0.002894
2688	0.835552	0.001796	0.003472
2689	0.835069	-0.000442	0.005257
2690	0.837288	0.001318	0.002556
2691	0.842014	-0.002908	0.005160
2692	0.828993	-0.002046	0.004871
2693	0.825135	-0.002254	0.004389
2694	0.824653	-0.002035	-0.001254
2695	0.829958	-0.000104	0.002556
2696	0.831501	-0.000778	0.001350
2697	0.836227	-0.001843	0.005064
2698	0.831115	0.001419	0.005739
2699	0.831404	0.000322	0.004292
2700	0.825617	0.000562	0.001302
2701	0.822531	-0.000636	0.001302
2702	0.822338	-0.000740	0.001109
2703	0.825714	-0.001085	0.001061
2704	0.823592	-0.001620	0.002122
2705	0.821952	-0.000198	0.002701
2706	0.828800	-0.000853	0.000000
2707	0.826003	0.001937	-0.001302
2708	0.827546	0.000133	0.000193
2709	0.828029	0.000865	-0.002652
2710	0.830633	0.001169	-0.001977
2711	0.831211	0.000862	-0.001977
2712	0.831694	-0.000480	0.003858
2713	0.836613	0.001609	0.002122
2714	0.836516	0.001459	0.005594
2715	0.841339	0.001668	0.007330
2716	0.839988	0.001566	0.008488
2717	0.835359	0.003658	0.004919
2718	0.835359	-0.000237	0.002749
2719	0.828125	0.000176	0.002990
2720	0.834008	-0.000396	-0.001543
2721	0.831404	-0.003372	-0.000530
2722	0.829090	0.000864	0.001977
2723	0.825328	0.000702	-0.001543
2724	0.831211	0.002880	0.003617
2725	0.833333	0.000617	0.008005
2726	0.833237	0.000412	0.003279
2727	0.837867	-0.002034	0.004630
2728	0.829186	0.001421	0.001061
2729	0.835166	0.000568	0.006800
2730	0.834780	0.000103	0.006607
2731	0.837674	-0.000334	0.006896
2732	0.834394	-0.000099	0.004437
2733	0.838735	-0.000530	0.003086
2734	0.842207	0.003752	0.004244
2735	0.836998	0.003729	0.004003
2736	0.837963	0.000279	0.005932
2737	0.836902	0.001379	0.002411
2738	0.836806	0.001824	0.004389
2739	0.835648	0.001066	0.001254
2740	0.834491	0.000442	0.003231
2741	0.827257	0.000744	0.002363
2742	0.833912	0.000895	0.002459
2743	0.836613	-0.000160	-0.002508
2744	0.840664	-0.000365	0.000241
2745	0.837191	0.000404	-0.001109
2746	0.835359	0.001963	-0.001109
2747	0.833719	0.000004	0.000386
2748	0.833719	0.001820	0.001061
2749	0.834973	0.002204	-0.002990
2750	0.835648	0.005305	-0.002942
2751	0.831211	0.000362	0.000338
2752	0.834008	-0.000405	0.001784
2753	0.833430	0.000152	0.000772
2754	0.828800	0.001589	0.001206
2755	0.824749	-0.000786	0.001929
2756	0.826678	0.000480	-0.000193
2757	0.820023	-0.000924	-0.004292
2758	0.825328	-0.000414	-0.005980
2759	0.822917	-0.000729	-0.010031
2760	0.821663	-0.001108	-0.009307
2761	0.822627	0.000239	-0.013166
2762	0.819637	0.001136	-0.013889
2763	0.819444	-0.000046	-0.010754
2764	0.818866	-0.000918	-0.012635
2765	0.820988	0.000957	-0.008150
2766	0.824749	-0.001276	-0.010031
2767	0.821856	0.001176	-0.007764
2768	0.823302	-0.001410	-0.005739
2769	0.827257	-0.000813	-0.005064
2770	0.821566	0.000343	-0.001157
2771	0.823206	0.001177	-0.000627
2772	0.824653	0.000485	-0.009693
2773	0.830922	-0.001847	-0.008005
2774	0.831501	0.000261	-0.008584
2775	0.834877	-0.003226	-0.008922
2776	0.831597	-0.000334	-0.009404
2777	0.827064	-0.000657	-0.005642
2778	0.836902	-0.001066	-0.003520
2779	0.836806	0.000168	-0.005257
2780	0.837288	0.001190	-0.005594
2781	0.834973	0.002544	-0.011912
2782	0.836902	0.001835	-0.013792
2783	0.836709	0.002671	-0.006896
2784	0.837384	0.002193	-0.005208
2785	0.837577	0.002528	-0.000627
2786	0.833044	0.001197	0.002604
2787	0.838059	-0.000288	0.005546
2788	0.838349	-0.001142	0.002894
2789	0.837384	-0.000452	-0.000530
2790	0.840664	-0.001117	0.002508
2791	0.840953	0.001308	0.002315
2792	0.839892	0.001308	0.000820
2793	0.838349	0.000149	0.001495
2794	0.838542	-0.000652	0.001206
2795	0.838927	0.000168	0.002459
2796	0.845872	0.002832	0.004437
2797	0.845293	0.003143	0.000675
2798	0.843075	0.002114	0.002074
2799	0.843654	0.002938	0.000723
2800	0.841242	-0.002387	0.001399
2801	0.840856	0.000384	0.003906
2802	0.844907	0.001417	0.006993
2803	0.843171	0.001208	0.004437
2804	0.835455	-0.001700	0.002459
2805	0.842303	-0.002522	0.000048
2806	0.839699	-0.002547	-0.000241
2807	0.834201	0.001189	-0.000289
2808	0.839988	-0.001000	0.000772
2809	0.837384	0.001375	0.002556
2810	0.840374	0.000298	0.004003
2811	0.836130	0.001130	0.006221
2812	0.836806	0.002348	0.005353
2813	0.835166	-0.001763	0.002074
2814	0.830729	0.001368	0.001833
2815	0.834780	0.000895	0.003617
2816	0.833237	-0.000071	0.003135
2817	0.836516	0.001813	0.005449
2818	0.838927	-0.001091	0.003858
2819	0.831211	0.000993	0.005835
2820	0.837770	-0.000536	0.006800
2821	0.834877	-0.000737	0.008970
2822	0.830922	0.000595	0.009211
2823	0.832465	0.002512	0.004147
2824	0.830826	0.001462	0.008970
2825	0.840953	0.000878	0.007571
2826	0.850598	0.002103	0.008102
2827	0.846161	0.003247	0.007620
2828	0.842785	0.001780	0.008005
2829	0.836806	-0.000222	0.006462
2830	0.834684	0.000921	0.005642
2831	0.826775	-0.000584	0.005932
2832	0.827257	-0.002456	0.002315
2833	0.825810	-0.001604	0.005015
2834	0.823592	0.001505	0.002459
2835	0.833237	-0.000794	0.001206
2836	0.838445	-0.000501	0.003376
2837	0.842110	0.000123	0.001977
2838	0.836613	0.002303	0.001495
2839	0.832369	0.000535	0.004292
2840	0.828029	0.002240	0.003279
2841	0.829282	-0.000027	0.001881
2842	0.828511	-0.001300	0.005932
2843	0.822724	-0.000052	0.005787
2844	0.824653	0.001482	0.007764
2845	0.834105	0.000758	0.006366
2846	0.828029	-0.001555	0.006173
2847	0.834394	0.000145	0.004147
2848	0.824171	-0.000790	0.005594
2849	0.826775	0.000112	0.009307
2850	0.829379	-0.001446	0.009066
2851	0.828125	-0.000548	0.010610
2852	0.827160	0.000513	0.004774
2853	0.828221	0.000720	-0.003665
2854	0.826968	-0.001015	0.000482
2855	0.832079	0.003078	0.001254
2856	0.833333	0.001261	0.000289
2857	0.835938	0.000297	-0.002122
2858	0.840953	0.001177	0.002604
2859	0.840278	0.001420	0.002556
2860	0.839410	0.001885	0.003713
2861	0.833719	0.001409	0.003279
2862	0.834105	-0.000428	0.005112
2863	0.833526	-0.000238	-0.000289
2864	0.831404	-0.002326	-0.000627
2865	0.834298	-0.000726	0.000965
2866	0.829379	-0.001732	0.005642
2867	0.831694	0.000672	0.005160
2868	0.831211	-0.001063	0.004581
2869	0.826100	0.001048	0.002315
2870	0.828704	0.000031	0.000916
2871	0.832176	0.000893	-0.000530
2872	0.833912	-0.000698	-0.001640
2873	0.838831	0.000792	0.001350
2874	0.835359	-0.000854	0.002604
2875	0.834105	0.000278	0.004099
2876	0.831983	-0.001308	-0.000338
2877	0.832948	0.001916	0.002218
2878	0.832079	0.001392	0.003376
2879	0.835745	-0.000961	0.004967
2880	0.828800	-0.001087	0.002025
2881	0.827257	-0.001397	0.002845
2882	0.833333	-0.003176	0.004003
2883	0.834684	-0.000221	0.002508
2884	0.832851	-0.000059	0.001881
2885	0.828511	-0.002229	-0.002749
2886	0.827932	-0.000940	-0.006703
2887	0.834105	0.000616	-0.003520
2888	0.837963	0.001862	0.000145
2889	0.838156	0.004216	0.006462
2890	0.841339	0.002578	0.001591
2891	0.840856	0.000499	0.001495
2892	0.840567	0.004532	0.001784
2893	0.839410	0.001500	0.001977
2894	0.844329	0.000104	0.004726
2895	0.840181	-0.000934	0.006896
2896	0.837384	-0.000780	0.005883
2897	0.839506	-0.001505	0.003376
2898	0.836709	0.000160	-0.000868
2899	0.842496	-0.001114	-0.000675
2900	0.845583	-0.000057	0.003135
2901	0.837288	-0.000429	0.000048
2902	0.833719	-0.000253	0.000868
2903	0.837481	0.001267	0.002267
2904	0.837577	0.000710	0.000675
2905	0.833719	-0.001285	0.001543
2906	0.834008	-0.000130	0.003279
2907	0.829282	-0.001340	-0.002267
2908	0.831404	-0.000844	-0.000338
2909	0.829765	-0.000039	-0.001206
2910	0.823013	-0.000419	-0.000772
2911	0.821084	-0.000556	0.001061
2912	0.825714	-0.000943	0.001543
2913	0.827160	0.000166	0.005691
2914	0.826775	-0.001128	0.004437
2915	0.830633	-0.001350	0.006028
2916	0.829572	-0.001128	0.008343
2917	0.832658	-0.000555	0.004726
2918	0.829186	0.000418	0.001495
2919	0.833430	0.000052	0.001640
2920	0.834780	0.000555	-0.003520
2921	0.839410	-0.000303	-0.004003
2922	0.834491	-0.001371	-0.001784
2923	0.831983	0.000475	0.000000
2924	0.830343	0.000176	0.003906
2925	0.833140	0.000754	0.002170
2926	0.836227	-0.000159	0.005112
2927	0.834105	0.002667	0.008439
2928	0.837867	0.000992	0.004485
2929	0.842882	0.000761	0.008198
2930	0.840471	-0.000219	0.007668
2931	0.827932	-0.000435	0.007523
2932	0.835262	-0.001862	0.008198
2933	0.825810	-0.003324	0.005980
2934	0.835552	-0.000455	0.002942
2935	0.836420	-0.001725	0.007909
2936	0.840856	-0.000835	0.009259
2937	0.835841	0.000091	0.007137
2938	0.825810	-0.001001	0.009838
2939	0.825521	0.000066	0.008488
2940	0.821373	0.001010	0.008584
2941	0.817708	0.001652	0.011526
2942	0.816937	0.001278	0.011863
2943	0.818480	0.001304	0.012346
2944	0.819252	0.000574	0.006318
2945	0.827353	0.000676	0.005642
2946	0.823302	0.000347	0.007716
2947	0.825617	-0.000911	0.005691
2948	0.830150	-0.001216	0.004823
2949	0.836806	-0.001177	0.006173
2950	0.835359	0.000049	0.007620
2951	0.829282	0.001490	0.005835
2952	0.824556	-0.000576	0.008488
2953	0.825521	0.002418	0.006366
2954	0.821856	0.000246	0.003713
2955	0.823013	0.000349	0.002025
2956	0.827353	-0.002043	0.001206
2957	0.827643	-0.000623	0.003520
2958	0.831790	-0.001034	0.002652
2959	0.827643	-0.001188	0.002315
2960	0.832176	-0.000765	-0.000579
2961	0.835262	-0.000313	0.001013
2962	0.831115	0.000455	-0.000675
2963	0.829282	0.002012	-0.002990
2964	0.829668	0.000750	-0.005353
2965	0.825521	-0.000445	-0.001399
2966	0.827160	0.001180	-0.000627
2967	0.826389	0.000621	-0.002508
2968	0.825328	-0.002809	0.002459
2969	0.829958	-0.000901	0.002604
2970	0.825907	-0.000217	0.002749
2971	0.821759	0.001410	0.004823
2972	0.820409	-0.000160	0.003617
2973	0.822627	0.000373	0.008488
2974	0.824267	0.000225	0.004196
2975	0.822820	0.001295	0.001447
2976	0.833816	0.000361	0.001495
2977	0.832176	-0.001253	0.004726
2978	0.822531	-0.003320	0.003183
2979	0.821759	-0.000378	0.004485
2980	0.822338	0.000126	0.000868
2981	0.815201	-0.000245	0.003858
2982	0.816937	0.000827	0.006076
2983	0.819541	0.000265	0.002797
2984	0.823592	0.000251	0.002122
2985	0.821759	-0.000119	-0.000675
2986	0.823206	0.000341	0.003713
2987	0.819252	-0.002047	0.001977
2988	0.822049	-0.000456	0.001977
2989	0.822049	-0.001313	-0.000530
2990	0.825424	0.000050	0.005064
2991	0.826003	-0.000623	0.001929
2992	0.827064	-0.000520	0.001206
2993	0.823013	-0.001243	0.005691
2994	0.828800	-0.000583	0.000916
2995	0.827450	-0.000865	0.002508
2996	0.828800	-0.001175	0.000434
2997	0.833430	-0.000640	0.001543
2998	0.824556	0.002739	0.000868
2999	0.824846	0.000219	-0.000386
3000	0.820409	-0.001186	-0.001157
3001	0.826871	0.000742	-0.003810
3002	0.832755	-0.000235	-0.000627
3003	0.825617	0.000373	0.001833
3004	0.823495	0.000378	-0.001350
3005	0.826968	-0.000286	-0.001977
3006	0.835938	-0.000384	-0.001447
3007	0.841339	-0.001041	-0.003858
3008	0.840085	0.000008	-0.001013
3009	0.838638	-0.003008	-0.000193
3010	0.838831	-0.000517	0.003954
3011	0.835648	0.000799	0.000820
3012	0.836323	-0.000085	0.005546
3013	0.834780	-0.000871	0.001736
3014	0.825328	0.000083	0.001109
3015	0.829572	-0.001036	0.006028
3016	0.834780	-0.002782	0.000916
3017	0.832079	0.001129	0.000145
3018	0.829861	-0.000334	0.001929
3019	0.826871	0.000279	0.002652
3020	0.821759	0.001457	0.002363
3021	0.828511	0.001675	0.000627
3022	0.827353	-0.000677	-0.001736
3023	0.826100	-0.001604	0.000241
3024	0.817998	-0.000654	0.000096
3025	0.824653	-0.001168	0.003810
3026	0.825714	0.000115	0.002652
3027	0.824846	0.000378	0.004919
3028	0.815394	-0.001024	0.005305
3029	0.816262	0.000716	0.008970
3030	0.820216	-0.000839	0.009693
3031	0.822531	-0.000717	0.007378
3032	0.829186	0.000198	0.006462
3033	0.826100	0.000258	0.002701
3034	0.827064	-0.000233	0.004340
3035	0.828125	0.001563	0.000965
3036	0.828704	-0.000811	0.000723
3037	0.825714	-0.000027	0.000386
3038	0.827836	-0.000908	-0.001109
3039	0.827257	-0.000409	0.001302
3040	0.824749	-0.000084	0.005112
3041	0.825521	0.000290	0.012683
3042	0.826100	0.002368	0.009549
3043	0.826196	0.001053	0.005015
3044	0.826485	-0.000650	0.004678
3045	0.822145	0.000431	0.004678
3046	0.824556	0.000015	0.005064
3047	0.825135	0.000088	0.001543
3048	0.822145	-0.001807	0.005160
3049	0.818769	0.001313	-0.000048
3050	0.819059	0.001571	-0.002508
3051	0.814333	0.000889	0.005257
3052	0.810764	-0.000235	-0.000338
3053	0.811150	-0.000909	0.002749
3054	0.815683	0.000525	0.002411
3055	0.811439	-0.001312	-0.002556
3056	0.814718	0.000370	-0.001833
3057	0.814043	0.000314	-0.008005
3058	0.817130	0.000807	-0.005546
3059	0.814525	-0.000306	-0.003569
3060	0.817612	-0.001474	-0.003520
3061	0.819541	0.001759	-0.006607
3062	0.817612	-0.000089	-0.009115
3063	0.810957	-0.000364	-0.002218
3064	0.814140	-0.001453	-0.005353
3065	0.819637	-0.000239	0.002652
3066	0.821277	0.000992	0.004147
3067	0.819155	-0.000163	0.000386
3068	0.820988	0.000768	0.000579
3069	0.823495	0.000701	0.003858
3070	0.826582	0.000574	0.003279
3071	0.830729	0.000328	0.003569
3072	0.826968	-0.000935	0.000145
3073	0.827160	0.000644	-0.001157
3074	0.826389	-0.001182	-0.004967
3075	0.826196	-0.001083	-0.005642
3076	0.832658	0.000256	-0.003762
3077	0.833526	0.000789	-0.004340
3078	0.830150	0.000408	-0.002508
3079	0.832755	-0.002737	0.002025
3080	0.831115	-0.002612	-0.000241
3081	0.828221	-0.000509	-0.004919
3082	0.825714	0.002374	-0.006655
3083	0.817226	-0.000484	-0.007330
3084	0.823013	0.001116	-0.009211
3085	0.827546	-0.000660	-0.008825
3086	0.830536	-0.000166	-0.009790
3087	0.827836	0.001045	-0.002990
3088	0.828704	-0.000870	0.000338
3089	0.822820	0.000007	0.000386
3090	0.827257	0.000030	0.003183
3091	0.828029	0.001438	0.003376
3092	0.822917	0.000762	0.002845
3093	0.818287	-0.000387	0.002749
3094	0.815683	0.000011	0.009790
3095	0.814140	-0.002416	0.009742
3096	0.823206	-0.001103	0.007523
3097	0.818576	-0.000951	0.006800
3098	0.816744	-0.001575	0.007957
3099	0.816165	0.000616	0.006462
3100	0.815297	-0.001198	0.006414
3101	0.817323	-0.000465	0.009597
3102	0.813465	-0.000014	0.008488
3103	0.803723	-0.001014	0.003762
3104	0.810475	-0.000068	0.006944
3105	0.815008	0.001153	0.003665
3106	0.818191	-0.001101	0.001109
3107	0.821952	0.001044	0.002459
3108	0.824267	-0.001842	0.000530
3109	0.827353	-0.000693	0.001543
3110	0.827450	0.000152	-0.000772
3111	0.825810	0.000120	0.002267
3112	0.828414	-0.000006	-0.000096
3113	0.828414	-0.002708	0.003569
3114	0.815972	-0.001770	0.004003
3115	0.812982	-0.001185	-0.000627
3116	0.813850	-0.001420	-0.001640
3117	0.816358	0.000481	-0.003906
3118	0.815490	0.001278	-0.000530
3119	0.821181	-0.000914	-0.003328
3120	0.819734	-0.000100	-0.005015
3121	0.818191	-0.001720	-0.002218
3122	0.822917	-0.000343	0.000241
3123	0.821373	-0.000765	-0.002170
3124	0.828029	-0.000393	0.001302
3125	0.828800	-0.000226	-0.001881
3126	0.827546	-0.000681	0.002218
3127	0.823399	-0.000602	0.003231
3128	0.825328	-0.001043	-0.001157
3129	0.825231	-0.001554	0.000772
3130	0.829379	-0.000850	0.001977
3131	0.834008	-0.000315	0.001350
3132	0.835841	-0.000499	0.002025
3133	0.839603	-0.002780	0.002556
3134	0.836323	-0.001670	0.004871
3135	0.835745	0.000253	0.000627
3136	0.824942	0.001120	0.001157
3137	0.827643	-0.000900	0.004437
3138	0.826968	0.001612	0.004244
3139	0.831404	-0.000500	0.003520
3140	0.831211	0.000432	0.001447
3141	0.832658	-0.000618	-0.001495
3142	0.828897	0.001377	0.002170
3143	0.832948	-0.000803	0.002025
3144	0.829379	-0.000255	0.003183
3145	0.832658	-0.000686	0.002025
3146	0.827836	-0.002369	0.001784
3147	0.835359	-0.000703	0.002267
3148	0.835841	0.001229	-0.005449
3149	0.834105	0.001063	-0.005160
3150	0.835552	-0.001901	-0.002025
3151	0.828414	-0.001516	-0.000338
3152	0.828029	-0.001393	-0.001447
3153	0.832658	-0.000412	0.000579
3154	0.833430	0.000630	0.001109
3155	0.836034	-0.000154	0.002122
3156	0.834973	0.002257	0.003231
3157	0.842689	0.001951	0.002025
3158	0.837963	0.000399	0.000289
3159	0.833623	0.000839	-0.002894
3160	0.827932	0.001908	-0.004630
3161	0.834105	0.001869	-0.007378
3162	0.833816	0.001375	-0.010320
3163	0.830922	0.001517	-0.006944
3164	0.827257	0.002334	-0.010465
3165	0.830922	0.000825	-0.008873
3166	0.825907	-0.000106	-0.004726
3167	0.829861	0.001110	-0.004485
3168	0.827353	-0.002261	-0.006462
3169	0.826389	-0.000363	-0.007668
3170	0.820409	0.000474	-0.005257
3171	0.834491	0.001225	-0.011719
3172	0.828414	-0.000440	-0.010031
3173	0.833912	-0.001523	-0.009018
3174	0.828414	0.000080	-0.006993
3175	0.828029	-0.002072	-0.008005
3176	0.828414	-0.002739	-0.005691
3177	0.829186	-0.001878	-0.008054
3178	0.835455	-0.000747	-0.002411
3179	0.842400	-0.001730	-0.004678
3180	0.833719	-0.000583	-0.010224
3181	0.833623	-0.000764	-0.009693
3182	0.834008	0.000032	-0.009693
3183	0.837770	0.000008	-0.005257
3184	0.832658	-0.000839	-0.005546
3185	0.838542	0.001094	-0.003810
3186	0.835166	0.001135	-0.006028
3187	0.830247	0.001722	-0.004774
3188	0.829861	0.000297	-0.007861
3189	0.826678	-0.000405	-0.007523
3190	0.827160	-0.000361	-0.004678
3191	0.829379	0.001127	-0.004147
3192	0.828125	-0.000351	-0.006221
3193	0.823688	0.001070	-0.007716
3194	0.819252	0.001389	-0.008295
3195	0.823978	-0.000570	-0.006655
3196	0.826968	-0.000901	0.001591
3197	0.824556	0.000262	0.004774
3198	0.827450	0.000934	0.004147
3199	0.829186	-0.000482	0.002942
3200	0.826871	0.000078	0.004051
3201	0.827353	0.000216	0.003713
3202	0.831501	-0.000679	0.003183
3203	0.830633	-0.001852	0.006076
3204	0.829186	-0.000413	0.010995
3205	0.826389	0.000285	0.007041
3206	0.830343	0.001123	0.007571
3207	0.830343	-0.000956	0.007041
3208	0.829572	-0.000589	0.005594
3209	0.830826	0.001220	0.009066
3210	0.827064	0.000968	0.002411
3211	0.829572	-0.001857	-0.000289
3212	0.830922	-0.001731	-0.001399
3213	0.834201	-0.000924	-0.005739
3214	0.831308	0.000609	-0.001206
3215	0.818673	-0.000197	-0.003086
3216	0.832465	-0.000880	-0.006221
3217	0.825231	0.000398	-0.002170
3218	0.825617	0.000104	-0.004292
3219	0.827836	0.000328	-0.002218
3220	0.821470	-0.000219	-0.007041
3221	0.822242	-0.001490	-0.006462
3222	0.823399	-0.001908	-0.008198
3223	0.827643	-0.001399	-0.008439
3224	0.816840	-0.000054	-0.006269
3225	0.823592	-0.000630	-0.003183
3226	0.825135	-0.000595	-0.006510
3227	0.822242	-0.001244	-0.003183
3228	0.826389	0.001209	-0.002604
3229	0.826678	-0.001258	-0.003376
3230	0.824074	-0.000385	-0.004292
3231	0.827160	0.000565	-0.001447
3232	0.826582	-0.000282	-0.000241
3233	0.831308	-0.002474	-0.003328
3234	0.826871	0.000085	-0.000193
3235	0.827643	0.000699	-0.002411
3236	0.829186	-0.000740	-0.001833
3237	0.837963	0.000858	0.000482
3238	0.830343	0.001380	0.003954
3239	0.830633	0.001126	0.001929
3240	0.828704	-0.000812	0.004099
3241	0.820505	-0.001404	0.004196
3242	0.819637	-0.001655	0.002411
3243	0.820698	-0.002598	0.004389
3244	0.828029	0.000062	0.001109
3245	0.826003	-0.002990	0.003183
3246	0.826678	-0.000128	0.004678
3247	0.836806	-0.002021	0.002894
3248	0.835359	0.000480	0.003569
3249	0.835648	-0.001030	0.001061
3250	0.830633	-0.001042	0.004003
3251	0.827353	-0.000818	0.001013
3252	0.823881	-0.000791	0.001591
3253	0.824460	-0.000691	0.002170
3254	0.819830	-0.000198	0.001591
3255	0.814911	0.001682	-0.004292
3256	0.819252	-0.000861	-0.004630
3257	0.834008	-0.000532	-0.001254
3258	0.834394	0.001365	-0.001833
3259	0.833430	0.002444	-0.001157
3260	0.832658	0.000924	-0.001109
3261	0.836034	-0.001367	-0.002074
3262	0.839506	0.003751	-0.006366
3263	0.833430	0.000930	-0.001543
3264	0.836323	0.002159	-0.002749
3265	0.829958	0.001111	-0.001302
3266	0.838156	0.000590	-0.000965
3267	0.840085	-0.002215	0.000434
3268	0.833333	0.001198	0.002459
3269	0.835841	-0.002474	0.000386
3270	0.834973	-0.000268	-0.002218
3271	0.829958	0.001861	0.000482
3272	0.830729	-0.000524	-0.001784
3273	0.833333	-0.001669	-0.003328
3274	0.833816	0.001620	-0.000241
3275	0.836227	-0.000857	-0.000482
3276	0.834201	-0.002852	-0.002267
3277	0.832079	0.000972	0.000916
3278	0.834201	-0.000880	-0.001688
3279	0.827257	0.000655	-0.000096
3280	0.835262	0.000579	-0.001399
3281	0.836516	0.000604	0.004051
3282	0.830150	0.001325	0.002604
3283	0.835841	0.004656	0.001013
3284	0.835069	0.001788	0.002604
3285	0.829572	-0.000557	-0.004630
3286	0.830343	0.000548	-0.004774
3287	0.827160	-0.000403	-0.004099
3288	0.828414	0.002289	-0.003472
3289	0.831308	0.000243	-0.006993
3290	0.829958	-0.001873	-0.005257
3291	0.830633	-0.000059	-0.000772
3292	0.823399	-0.000820	-0.002218
3293	0.825521	0.001036	-0.000772
3294	0.823013	0.001004	0.000482
3295	0.826775	0.001492	-0.001157
3296	0.829861	0.002041	-0.001495
3297	0.830440	0.001143	0.000482
3298	0.828511	-0.000392	-0.000675
3299	0.827064	0.001176	0.001495
3300	0.826292	0.000411	0.000530
3301	0.834684	-0.001650	-0.002025
3302	0.826196	-0.001282	0.002411
3303	0.818866	0.000404	-0.000723
3304	0.818962	0.000125	0.001061
3305	0.818866	0.001680	0.001929
3306	0.816937	-0.000418	0.001929
3307	0.818480	-0.000385	0.002170
3308	0.829379	-0.000344	0.004437
3309	0.826196	-0.000509	0.005401
3310	0.833912	0.001172	0.005642
3311	0.832176	0.000692	0.007186
3312	0.832851	0.000441	0.006800
3313	0.834684	-0.000287	-0.000627
3314	0.836998	-0.000864	0.003954
3315	0.834201	-0.002153	0.003520
3316	0.831211	0.002142	0.005594
3317	0.829572	-0.000822	0.007764
3318	0.827064	-0.000263	0.004437
3319	0.821084	0.000180	0.004485
3320	0.821566	0.000488	0.005691
3321	0.826582	0.000025	0.000193
3322	0.827932	0.001109	0.000241
3323	0.833237	0.001668	0.001929
3324	0.829765	0.001411	0.001157
3325	0.835841	0.001173	0.004340
3326	0.836516	0.001099	0.004051
3327	0.834008	-0.000651	0.006173
3328	0.838349	0.000668	0.004533
3329	0.843268	0.000847	0.002363
3330	0.834008	0.002923	0.000579
3331	0.828607	0.001529	0.000048
3332	0.824942	0.002096	-0.000482
3333	0.829861	-0.000746	-0.000048
3334	0.820891	0.000174	0.001013
3335	0.830247	0.000516	0.005498
3336	0.832851	0.001463	0.000675
3337	0.829282	-0.000519	-0.004678
3338	0.827257	-0.000640	0.005160
3339	0.832948	-0.001079	0.004147
3340	0.846547	0.001584	-0.001399
3341	0.847512	-0.000135	0.000338
3342	0.842978	0.000375	0.002652
3343	0.843461	0.002174	0.002122
3344	0.840278	0.002339	0.000241
3345	0.830054	-0.000390	0.000530
3346	0.831019	-0.000133	-0.003810
3347	0.833237	0.001122	0.002411
3348	0.837384	0.000455	0.002363
3349	0.839796	-0.000676	-0.002122
3350	0.834973	0.003571	0.002363
3351	0.833237	0.001427	0.000048
3352	0.831115	0.002512	0.000965
3353	0.831790	0.001222	-0.001061
3354	0.833912	-0.000049	0.001977
3355	0.840567	-0.002337	0.002025
3356	0.838638	0.002143	0.000048
3357	0.831019	0.001684	0.000579
3358	0.829379	-0.000284	-0.001157
3359	0.828221	0.000628	0.005353
3360	0.835359	-0.001817	-0.000096
3361	0.838445	-0.001874	-0.001399
3362	0.840085	-0.000463	-0.000530
3363	0.840567	0.001497	-0.002508
3364	0.838349	-0.001681	0.001013
3365	0.844907	-0.003087	0.001543
3366	0.848283	0.001295	0.004581
3367	0.840567	-0.002403	0.001784
3368	0.843171	-0.003522	0.003279
3369	0.845583	-0.000755	-0.001688
3370	0.844907	-0.000216	-0.002267
3371	0.841628	-0.001748	-0.002942
3372	0.839120	0.001506	-0.002267
3373	0.844907	0.001023	-0.000675
3374	0.840664	0.000700	0.000193
3375	0.832369	0.001110	0.001254
3376	0.834491	-0.000164	0.005353
3377	0.837674	-0.000027	0.001881
3378	0.839892	-0.002038	-0.002122
3379	0.841339	-0.001743	-0.000723
3380	0.837288	0.000885	-0.006703
3381	0.834201	-0.001004	-0.002170
3382	0.831308	0.001597	-0.003569
3383	0.831308	0.000665	-0.002459
3384	0.834105	0.000211	-0.002797
3385	0.825810	-0.000869	-0.002508
3386	0.823495	0.000592	-0.004147
3387	0.823399	-0.000823	-0.002749
3388	0.826100	-0.000967	0.000965
3389	0.830440	-0.001330	-0.002604
3390	0.829282	0.000275	-0.003810
3391	0.827739	-0.000240	-0.001736
3392	0.829765	0.000848	0.001833
3393	0.828029	0.001394	0.000723
3394	0.832562	-0.001799	0.001591
3395	0.840374	-0.001276	0.003762
3396	0.841146	-0.000518	0.000675
3397	0.837095	-0.000358	0.003906
3398	0.843557	0.001371	0.003569
3399	0.844425	0.000889	0.005064
3400	0.844907	0.000528	0.004871
3401	0.841725	0.001816	0.005594
3402	0.841435	-0.001643	0.001640
3403	0.843557	0.000520	0.001013
3404	0.842978	0.000311	0.001447
3405	0.839410	0.000622	0.000530
3406	0.828800	-0.000732	0.002459
3407	0.824846	-0.000597	0.004823
3408	0.822531	-0.001126	0.009886
3409	0.823785	-0.001829	0.012056
3410	0.822724	0.000525	0.007330
3411	0.820313	0.001478	0.006462
3412	0.823592	-0.002919	0.006125
3413	0.825617	0.000501	0.004678
3414	0.818673	-0.000165	0.002749
3415	0.822531	0.000166	0.003665
3416	0.823495	0.001152	0.007089
3417	0.829282	0.002108	0.008681
3418	0.829186	-0.001326	0.006703
3419	0.834684	0.001523	0.003954
3420	0.830150	0.001861	0.004003
3421	0.830150	0.001753	0.001495
3422	0.832465	0.001670	0.001206
3423	0.835552	0.001640	0.002894
3424	0.833237	0.001329	-0.000145
3425	0.829765	0.001134	0.003713
3426	0.829090	0.000692	-0.000868
3427	0.827450	0.000207	-0.004292
3428	0.828511	-0.000753	-0.001206
3429	0.832755	-0.002200	0.001881
3430	0.836227	-0.000492	0.003231
3431	0.834780	-0.000915	0.000675
3432	0.833623	-0.000328	0.002363
3433	0.831887	0.002943	0.001206
3434	0.831019	0.000857	-0.001640
3435	0.828318	0.000600	-0.003472
3436	0.826582	-0.000178	-0.008584
3437	0.826968	0.002733	-0.009259
3438	0.819734	0.002039	-0.012490
3439	0.821759	0.000139	-0.003328
3440	0.824556	0.002245	-0.003086
3441	0.825810	0.001884	-0.007475
3442	0.828318	0.001979	-0.003135
3443	0.830922	0.001354	-0.007186
3444	0.826775	-0.000494	-0.005449
3445	0.823881	-0.000738	-0.005401
3446	0.825231	0.001904	-0.005739
3447	0.825135	0.000870	-0.003762
3448	0.831115	0.001304	-0.003376
3449	0.827932	0.001533	0.001929
3450	0.829572	-0.000396	0.002797
3451	0.826678	0.000558	0.003328
3452	0.828993	0.001143	-0.000048
3453	0.829572	-0.001274	0.004678
3454	0.825424	-0.001188	0.001447
3455	0.819444	-0.000122	0.000916
3456	0.823302	0.000514	0.000434
3457	0.821856	-0.000697	-0.004678
3458	0.822820	-0.001118	-0.007764
3459	0.828221	-0.002057	-0.004340
3460	0.822531	-0.000021	-0.004726
3461	0.824074	0.002431	-0.005787
3462	0.820120	-0.000839	-0.003906
3463	0.820023	-0.000269	-0.001206
3464	0.818094	-0.001563	-0.005932
3465	0.815394	-0.001920	-0.009693
3466	0.824942	-0.000156	-0.010079
3467	0.827643	0.001891	-0.006607
3468	0.823881	0.000258	-0.010995
3469	0.825521	-0.000508	-0.012635
3470	0.825810	-0.000400	-0.009934
3471	0.829958	0.000991	-0.010706
3472	0.825521	0.002606	-0.005739
3473	0.825231	0.002293	-0.007378
3474	0.824556	-0.001589	-0.009356
3475	0.826196	0.000081	-0.006848
3476	0.831694	-0.000518	-0.007475
3477	0.828221	-0.000211	-0.010031
3478	0.830536	0.000801	-0.010079
3479	0.836709	0.001990	-0.012297
3480	0.840471	0.000273	-0.014178
3481	0.841628	0.001448	-0.011333
3482	0.839892	0.001762	-0.007620
3483	0.838349	0.000813	-0.009500
3484	0.840567	0.000329	-0.014082
3485	0.839796	-0.002957	-0.009211
3486	0.845004	-0.001266	-0.004196
3487	0.844039	0.000481	-0.005691
3488	0.844715	0.000183	-0.009693
3489	0.850309	0.002536	-0.012008
3490	0.851177	0.000710	-0.014034
3491	0.844522	0.001620	-0.011960
3492	0.840567	0.001332	-0.014998
3493	0.843557	0.003425	-0.010513
3494	0.835262	0.001509	-0.006800
3495	0.838349	0.001279	-0.006366
3496	0.842882	-0.000161	-0.004292
3497	0.845293	0.001584	-0.002749
3498	0.842303	-0.000093	-0.000193
3499	0.838638	-0.002124	-0.003231
3500	0.834684	-0.002418	-0.002267
3501	0.829475	-0.001060	-0.004147
3502	0.832176	-0.000269	-0.005691
3503	0.834008	0.000891	-0.004630
3504	0.832079	0.002992	-0.000868
3505	0.842207	0.001914	0.000048
3506	0.836613	0.002719	0.003858
3507	0.833237	0.002385	0.000723
3508	0.823495	0.001394	-0.000482
3509	0.824749	0.001695	-0.004871
3510	0.822724	0.001221	0.001254
3511	0.824267	-0.001475	-0.001399
3512	0.823495	-0.001447	0.001302
3513	0.823785	-0.002417	0.004774
3514	0.824267	-0.001523	0.004581
3515	0.829186	0.000093	0.005883
3516	0.827932	-0.001194	0.006655
3517	0.828607	-0.001860	0.007089
3518	0.833912	-0.001088	0.008295
3519	0.834684	-0.001159	0.009259
3520	0.833816	-0.001005	0.010802
3521	0.828897	0.000325	0.010802
3522	0.832272	0.000606	0.013600
3523	0.836998	0.002407	0.014612
3524	0.837674	-0.000978	0.010224
3525	0.838156	0.000765	0.008198
3526	0.837770	0.001866	0.009163
3527	0.836998	0.001821	0.012490
3528	0.835841	0.001672	0.011526
3529	0.833623	-0.000677	0.009500
3530	0.827932	0.000630	0.007764
3531	0.828993	-0.001839	-0.000338
3532	0.834684	-0.000838	0.003569
3533	0.834877	-0.001239	0.004147
3534	0.833526	0.000942	0.001302
3535	0.826775	0.001350	0.004630
3536	0.830343	0.000542	0.009307
3537	0.835262	0.000182	0.010995
3538	0.830440	0.000658	0.009838
3539	0.830633	-0.000227	0.010079
3540	0.832272	-0.000975	0.005594
3541	0.826871	-0.000269	0.006028
3542	0.829765	-0.000699	0.002218
3543	0.836034	0.001696	0.002508
3544	0.829958	-0.000362	0.001833
3545	0.829090	-0.000265	0.000675
3546	0.831597	0.000304	-0.002701
3547	0.835648	-0.000259	-0.001784
3548	0.831983	0.000739	0.000965
3549	0.836323	0.000459	0.000145
3550	0.836227	0.000127	-0.002267
3551	0.833526	-0.002994	0.002315
3552	0.832369	-0.001634	-0.000868
3553	0.837867	-0.001510	0.006318
3554	0.834105	-0.000800	0.007330
3555	0.830247	0.001802	0.004630
3556	0.831694	0.002181	0.007620
3557	0.835455	0.002097	0.007282
3558	0.840856	0.000290	0.008343
3559	0.841725	0.000054	0.007282
3560	0.837384	0.001478	0.009693
3561	0.836709	0.000036	0.008247
3562	0.841821	-0.002569	0.008970
3563	0.840856	-0.000950	0.012105
3564	0.840664	0.000077	0.012490
3565	0.838927	0.001413	0.015770
3566	0.841339	-0.000541	0.007282
3567	0.844522	-0.000429	0.003086
3568	0.845100	-0.000361	0.005787
3569	0.842014	0.001200	0.007764
3570	0.841242	-0.000619	0.005835
3571	0.845293	-0.000341	0.003231
3572	0.844039	0.000337	0.003762
3573	0.845583	0.001366	0.005691
3574	0.839120	-0.001215	0.010513
3575	0.842593	-0.000183	0.005835
3576	0.844907	0.002095	0.009452
3577	0.845968	0.000821	0.010272
3578	0.845775	0.001425	0.003472
3579	0.842785	0.000554	0.001736
3580	0.836227	0.001585	-0.001736
3581	0.836998	-0.000642	0.000723
3582	0.837288	-0.000195	0.001399
3583	0.829668	0.001890	0.001977
3584	0.835166	0.003309	0.002894
3585	0.835166	0.001466	-0.000579
3586	0.836709	0.001769	0.000434
3587	0.829765	-0.000856	-0.004003
3588	0.830536	-0.000205	-0.006173
3589	0.839796	-0.003449	-0.009307
3590	0.836806	-0.000041	-0.009886
3591	0.846933	-0.002050	-0.006944
3592	0.842303	-0.001680	-0.005835
3593	0.839024	-0.001238	-0.005498
3594	0.832079	-0.000161	-0.006125
3595	0.836709	0.000274	-0.008922
3596	0.829475	0.000862	-0.010031
3597	0.831019	-0.000758	-0.010465
3598	0.830343	0.000926	-0.007089
3599	0.828993	0.001165	-0.009742
3600	0.829282	-0.000657	-0.005980
3601	0.824846	-0.000820	0.000289
3602	0.825907	-0.000738	-0.000772
3603	0.827450	-0.000438	-0.003086
3604	0.826582	0.000985	-0.005980
3605	0.831211	-0.001001	-0.004389
3606	0.831404	0.001682	-0.006752
3607	0.829186	0.003824	-0.003279
3608	0.829958	0.000728	-0.006752
3609	0.832176	0.000651	-0.002025
3610	0.826389	-0.001383	0.000338
3611	0.827836	0.000240	-0.002894
3612	0.832658	0.003497	-0.002556
3613	0.833623	0.001251	-0.000241
3614	0.825810	-0.001935	0.002170
3615	0.829765	0.000419	-0.000579
3616	0.830922	0.001675	-0.002363
3617	0.828993	-0.000214	0.000530
3618	0.820891	0.000115	0.004919
3619	0.823206	-0.001413	0.002315
3620	0.821759	0.000135	0.001881
3621	0.815586	0.000463	-0.000193
3622	0.819927	0.000375	-0.002315
3623	0.824171	-0.000373	-0.000289
3624	0.821277	-0.000843	0.000048
3625	0.820313	-0.000306	-0.000965
3626	0.827353	0.001493	-0.001254
3627	0.833140	0.000795	0.000820
3628	0.833237	-0.000553	0.000193
3629	0.830150	-0.001517	0.003279
3630	0.831887	0.000925	0.003762
3631	0.833623	-0.000839	0.000145
3632	0.826100	-0.000973	0.003135
3633	0.820120	-0.001092	0.004003
3634	0.821759	0.000635	0.002411
3635	0.824460	0.001091	-0.001833
3636	0.825328	-0.000828	-0.004196
3637	0.830826	-0.002288	-0.003520
3638	0.829572	0.000978	-0.002652
3639	0.833237	0.000729	-0.001206
3640	0.835359	0.000195	-0.003231
3641	0.837577	0.000356	-0.004678
3642	0.831694	0.001334	-0.001013
3643	0.832562	-0.000190	-0.003906
3644	0.836420	-0.001125	-0.001254
3645	0.832562	-0.000583	-0.003328
3646	0.831694	-0.001155	-0.002942
3647	0.834877	-0.000415	-0.006076
3648	0.837770	-0.000306	-0.000338
3649	0.834877	0.000173	-0.002845
3650	0.837577	-0.001417	-0.000820
3651	0.833237	-0.002032	-0.000193
3652	0.833333	-0.001414	-0.001254
3653	0.838252	-0.001352	0.001784
3654	0.837674	-0.001225	0.000000
3655	0.839410	-0.000537	0.001302
3656	0.838349	0.001001	0.001784
3657	0.829282	0.001662	0.001399
3658	0.834780	-0.000410	-0.000145
3659	0.833526	-0.000313	-0.002556
3660	0.832176	-0.001213	0.000434
3661	0.837191	-0.002831	0.001399
3662	0.835262	-0.001238	0.001399
3663	0.836420	-0.002102	0.001495
3664	0.828607	-0.000610	0.006076
3665	0.826678	-0.001202	0.005257
3666	0.830633	0.000549	-0.002267
3667	0.822531	-0.000025	0.000675
3668	0.823688	-0.000818	0.002122
3669	0.829765	-0.001209	0.001013
3670	0.837384	0.000494	0.002122
3671	0.831983	-0.001062	-0.001881
3672	0.831308	0.000559	-0.006269
3673	0.839024	0.001448	-0.005112
3674	0.833333	0.002625	-0.006269
3675	0.839603	0.000963	-0.006221
3676	0.836227	-0.001804	-0.001929
3677	0.831501	-0.001489	0.002025
3678	0.831115	-0.000727	-0.000820
3679	0.828318	-0.001938	-0.002990
3680	0.827932	0.000647	0.000675
3681	0.828221	-0.000085	-0.001302
3682	0.833044	0.000383	0.001881
3683	0.832851	0.000752	0.003328
3684	0.832369	-0.001180	-0.003328
3685	0.833140	-0.002400	-0.006076
3686	0.834008	0.000112	-0.002315
3687	0.836323	0.000466	0.000289
3688	0.836806	-0.000496	-0.000772
3689	0.835841	0.001156	0.002267
3690	0.842496	-0.003457	0.000482
3691	0.839410	-0.004252	-0.000820
3692	0.833912	-0.002121	0.004726
3693	0.831597	-0.002754	0.005642
3694	0.836227	0.001390	0.007620
3695	0.841628	-0.000931	0.004871
3696	0.836323	0.000424	0.004051
3697	0.836323	0.000094	0.003665
3698	0.830343	0.001692	0.004389
3699	0.827546	-0.000083	0.006559
3700	0.828704	0.001408	-0.000096
3701	0.833333	0.001950	0.004099
3702	0.834491	0.000729	0.003665
3703	0.838252	0.000750	0.006510
3704	0.840856	0.000352	0.004967
3705	0.837577	-0.002198	0.001640
3706	0.834298	-0.000517	-0.000386
3707	0.831501	-0.000752	0.002170
3708	0.827546	0.001502	0.001206
3709	0.830633	-0.001620	-0.001254
3710	0.835455	-0.001363	-0.002267
3711	0.830440	-0.000929	-0.000530
3712	0.828221	-0.002029	-0.001399
3713	0.828897	-0.002609	0.002604
3714	0.829282	-0.002294	0.006076
3715	0.821759	-0.000653	0.002025
3716	0.832079	0.000615	0.000868
3717	0.827450	-0.000877	-0.000145
3718	0.834008	-0.001970	-0.000434
3719	0.832948	-0.001412	-0.002797
3720	0.831887	0.000533	-0.000772
3721	0.832176	-0.000353	-0.002556
3722	0.829861	0.001799	-0.002074
3723	0.827160	-0.001471	0.002990
3724	0.824653	-0.000789	0.004003
3725	0.820313	0.000260	0.005160
3726	0.821373	0.000150	0.003665
3727	0.820988	0.000720	0.006028
3728	0.817226	-0.001455	0.006028
3729	0.824074	-0.000128	0.006366
3730	0.821277	0.000323	0.009790
3731	0.824171	-0.000415	0.007330
3732	0.829379	-0.002201	0.005739
3733	0.829282	-0.001625	0.005787
3734	0.830729	-0.000555	0.002942
3735	0.833719	-0.000327	0.004244
3736	0.828318	-0.000021	0.003954
3737	0.829765	-0.000950	0.004630
3738	0.836034	0.003041	0.001688
3739	0.836227	-0.000219	0.003569
3740	0.835262	-0.000660	0.005498
3741	0.838349	0.000214	0.004196
3742	0.835166	-0.001181	0.004630
3743	0.836130	0.000057	0.005498
3744	0.834877	0.000179	0.006414
3745	0.834973	-0.000763	0.004196
3746	0.841435	0.000982	0.002508
3747	0.839313	0.000387	0.002170
3748	0.839120	-0.000025	0.002315
3749	0.834877	-0.000518	0.002025
3750	0.833140	0.001003	0.003810
3751	0.835455	-0.001180	0.001640
3752	0.833140	0.000136	0.000675
3753	0.834201	-0.000742	0.002990
3754	0.836130	-0.001261	0.003472
3755	0.829475	-0.001319	0.003231
3756	0.834201	0.000311	0.004967
3757	0.831501	0.001441	0.004485
3758	0.827836	0.000335	0.002122
3759	0.830247	-0.000469	-0.001881
3760	0.833430	0.000982	0.000772
3761	0.828897	0.001213	0.000482
3762	0.822820	0.000771	0.000289
3763	0.823399	0.002142	0.005883
3764	0.820409	0.002335	0.007813
3765	0.823592	0.000060	0.006510
3766	0.825039	0.000424	0.004099
3767	0.820313	-0.000815	0.002363
3768	0.824267	0.000386	0.004823
3769	0.823978	0.000419	0.004630
3770	0.826775	-0.000853	0.001350
3771	0.820891	0.000965	0.002556
3772	0.820698	-0.000848	0.002701
3773	0.815104	-0.001297	0.003183
3774	0.817998	-0.001359	0.001447
3775	0.815586	-0.001415	0.003954
3776	0.815779	-0.001036	0.002894
3777	0.810378	0.000965	0.004147
3778	0.816358	0.000639	0.002990
3779	0.819734	-0.000628	0.004774
3780	0.828029	0.000307	0.004003
3781	0.825424	0.002031	0.005112
3782	0.828897	0.000063	0.008777
3783	0.838831	-0.000768	0.009404
3784	0.836806	0.001396	0.010368
3785	0.834973	0.001248	0.005642
3786	0.833430	0.002366	0.011671
3787	0.832562	0.001270	0.009790
3788	0.840085	0.002208	0.010465
3789	0.839506	-0.001342	0.009356
3790	0.835552	-0.000470	0.008825
3791	0.838638	0.001063	0.009356
3792	0.841628	-0.000090	0.005401
3793	0.840181	-0.000850	0.004823
3794	0.842207	0.001172	0.004389
3795	0.841628	0.000691	0.007330
3796	0.840953	-0.000610	0.003858
3797	0.846933	-0.002371	0.002942
3798	0.842978	-0.001216	0.004726
3799	0.839988	0.001024	0.008488
3800	0.841917	0.000236	0.008488
3801	0.842400	-0.000798	0.005546
3802	0.840374	0.000108	0.008102
3803	0.837481	0.003158	0.007186
3804	0.837384	0.002584	0.006414
3805	0.833816	0.002857	0.004437
3806	0.831115	-0.002900	0.004099
3807	0.831308	0.000753	0.004003
3808	0.836806	0.001028	0.005980
3809	0.835552	-0.000510	0.005739
3810	0.844715	0.001264	0.001543
3811	0.839313	-0.002563	0.003038
3812	0.846451	-0.000983	0.002411
3813	0.845390	-0.003526	0.005305
3814	0.841628	0.000831	-0.003906
3815	0.841725	-0.000596	-0.001784
3816	0.837384	0.001818	0.000000
3817	0.837095	0.001895	0.000338
3818	0.842014	-0.002338	-0.004196
3819	0.841917	0.000720	-0.002363
3820	0.847126	-0.000206	-0.004051
3821	0.845679	-0.000671	-0.005064
3822	0.847704	-0.001756	-0.007137
3823	0.843654	0.000450	-0.009790
3824	0.840374	0.002166	-0.011671
3825	0.845390	0.000415	-0.015673
3826	0.845486	-0.000826	-0.014178
3827	0.845968	0.001530	-0.015239
3828	0.845583	-0.001060	-0.013600
3829	0.832755	0.001279	-0.012683
3830	0.840374	0.000250	-0.009018
3831	0.835938	0.001792	-0.006028
3832	0.839410	-0.000232	-0.006318
3833	0.838831	0.003413	-0.002411
3834	0.837577	0.001993	-0.003376
3835	0.838542	-0.000525	0.001977
3836	0.844425	0.000630	0.000868
3837	0.842207	0.000943	-0.000482
3838	0.841049	0.000901	-0.002363
3839	0.839120	0.001268	0.001350
3840	0.832851	0.001705	-0.000627
3841	0.837191	0.000996	-0.000579
3842	0.840760	-0.000333	0.001977
3843	0.835166	0.000214	0.000820
3844	0.828993	0.001061	-0.001206
3845	0.827257	-0.000594	-0.000965
3846	0.833719	-0.002025	0.001447
3847	0.827836	-0.001187	0.003038
3848	0.829379	0.001449	-0.000434
3849	0.829668	0.000569	-0.000338
3850	0.826100	0.001056	0.002315
3851	0.822820	0.002358	0.003424
3852	0.825328	-0.000402	0.006173
3853	0.830440	-0.001130	0.007861
3854	0.834105	-0.002197	0.004099
3855	0.828993	0.001677	0.007764
3856	0.831211	-0.000431	0.006993
3857	0.830536	-0.000183	0.006028
3858	0.824942	0.001549	0.005208
3859	0.830922	0.000164	0.004967
3860	0.831597	-0.000209	0.001881
3861	0.835359	0.001551	0.003569
3862	0.832948	0.000460	0.003472
3863	0.834877	0.001683	0.002556
3864	0.831211	0.001261	0.000048
3865	0.836034	-0.002015	0.001157
3866	0.833430	-0.000607	0.001206
3867	0.833044	-0.000479	0.004437
3868	0.832079	-0.001228	0.005257
3869	0.831983	0.000430	0.007571
3870	0.830247	-0.000762	0.003665
3871	0.834877	0.001361	0.003906
3872	0.836516	0.000978	-0.005642
3873	0.838349	0.002008	-0.008198
3874	0.832079	0.000398	-0.006462
3875	0.826003	0.001583	-0.004292
3876	0.827546	0.000792	0.000241
3877	0.826678	0.004134	-0.001591
3878	0.830440	0.001816	-0.004726
3879	0.828029	-0.001952	-0.008102
3880	0.825039	-0.002239	-0.006076
3881	0.828704	-0.001251	-0.005546
3882	0.827546	0.000526	-0.005546
3883	0.826003	-0.000065	-0.003183
3884	0.817130	0.001311	-0.004340
3885	0.821084	0.001184	-0.002797
3886	0.826292	0.001755	-0.007861
3887	0.827739	0.003320	-0.006318
3888	0.827932	0.000868	-0.005691
3889	0.827064	0.001249	-0.000772
3890	0.830150	0.000786	-0.002942
3891	0.831019	0.000811	-0.003713
3892	0.835455	-0.000125	-0.005739
3893	0.832851	-0.000457	-0.004437
3894	0.831501	-0.000843	-0.005691
3895	0.832369	0.000273	-0.009018
3896	0.832079	0.000750	-0.010561
3897	0.827932	0.000465	-0.007041
3898	0.827257	-0.000725	-0.008102
3899	0.819444	0.000796	-0.007571
3900	0.821084	-0.000840	-0.008150
3901	0.823881	-0.001097	-0.005787
3902	0.827257	-0.000651	-0.006655
3903	0.831597	0.001400	-0.006125
3904	0.829572	-0.000559	-0.005594
3905	0.827836	-0.001642	-0.008584
3906	0.828897	0.002615	-0.009597
3907	0.826582	0.001867	-0.008247
3908	0.822434	-0.001935	-0.006800
3909	0.823881	-0.001271	-0.008584
3910	0.823881	-0.000089	-0.005498
3911	0.828897	-0.000158	-0.006510
3912	0.829668	0.001191	-0.003617
3913	0.828511	0.002405	-0.006655
3914	0.826292	0.000090	-0.005883
3915	0.827064	0.000682	-0.002652
3916	0.819348	0.000627	-0.000916
3917	0.814140	-0.000057	-0.000965
3918	0.814815	-0.001221	-0.002942
3919	0.813079	0.000554	-0.006703
3920	0.809799	-0.001143	-0.004871
3921	0.815104	-0.001392	-0.001881
3922	0.821470	-0.002352	-0.002990
3923	0.824267	-0.000666	-0.002025
3924	0.821277	-0.001893	0.001495
3925	0.814815	0.000015	0.005112
3926	0.811343	-0.000474	0.001833
3927	0.817901	0.001369	0.001736
3928	0.824556	0.000394	-0.004244
3929	0.830440	0.002391	-0.006125
3930	0.828704	-0.000338	-0.006559
3931	0.829475	0.000120	-0.005160
3932	0.826196	-0.000838	-0.007137
3933	0.822531	-0.002377	-0.006703
3934	0.828607	-0.004671	-0.007764
3935	0.830826	-0.001639	-0.011478
3936	0.838059	-0.000091	-0.008343
3937	0.837288	-0.002391	-0.009018
3938	0.840181	-0.003066	-0.006173
3939	0.840471	-0.000984	-0.007909
3940	0.834780	-0.000523	-0.010706
3941	0.842689	0.000174	-0.009163
3942	0.838349	-0.002221	-0.007716
3943	0.829668	-0.000876	-0.013937
3944	0.831694	-0.001403	-0.010417
3945	0.829668	-0.001265	-0.006559
3946	0.832755	0.000251	-0.005257
3947	0.828607	-0.001658	-0.004244
3948	0.831694	-0.000743	-0.002990
3949	0.829090	0.000333	-0.002218
3950	0.829861	-0.000184	-0.005642
3951	0.826196	0.001390	-0.001061
3952	0.829090	0.000755	0.001495
3953	0.824749	-0.000258	0.002122
3954	0.830054	-0.000265	0.002604
3955	0.833526	-0.001183	0.002701
3956	0.830633	0.001888	0.000338
3957	0.835745	-0.000548	0.000338
3958	0.840278	0.001264	0.000627
3959	0.835552	0.001037	-0.000627
3960	0.829475	-0.001893	-0.003810
3961	0.828511	-0.001161	-0.005449
3962	0.825328	-0.000034	-0.007813
3963	0.830247	0.000480	-0.008247
3964	0.833526	-0.000931	-0.008729
3965	0.829282	-0.000234	-0.008922
3966	0.836998	0.001996	-0.003954
3967	0.829861	0.000889	-0.006944
3968	0.834780	0.000978	-0.006848
3969	0.837577	0.002557	-0.002990
3970	0.841628	0.002073	-0.001302
3971	0.840953	0.000423	-0.002074
3972	0.843557	-0.003141	0.000434
3973	0.841725	0.000550	0.000579
3974	0.843557	-0.000410	0.000338
3975	0.838445	0.000843	-0.000868
3976	0.838735	-0.000956	-0.001350
3977	0.834201	-0.000245	-0.001784
3978	0.832851	-0.002417	-0.004244
3979	0.831404	0.000404	-0.004099
3980	0.834491	-0.001917	-0.002508
3981	0.826196	-0.001015	-0.000289
3982	0.834780	0.001190	0.001206
3983	0.837191	0.001289	-0.002170
3984	0.832079	-0.001027	-0.000723
3985	0.829379	0.001527	0.001688
3986	0.827546	0.000450	-0.000434
3987	0.827836	0.000661	0.000145
3988	0.828318	-0.000948	0.000434
3989	0.832562	-0.000801	0.003520
3990	0.827450	0.002160	-0.001061
3991	0.834105	-0.000295	-0.002749
3992	0.835648	-0.001211	-0.005498
3993	0.832465	-0.002950	-0.002990
3994	0.836130	-0.001398	-0.001881
3995	0.831115	0.000935	-0.002894
3996	0.826871	-0.000116	-0.000193
3997	0.831501	0.002904	0.003328
3998	0.821759	0.001197	0.007620
3999	0.814525	0.000585	0.005257
4000	0.814140	-0.000010	0.011671
4001	0.808835	0.000148	0.009790
4002	0.811632	0.001071	0.008729
4003	0.807677	-0.000097	0.006944
4004	0.811921	0.002184	0.007089
4005	0.814815	-0.000200	0.002894
4006	0.814525	-0.000698	0.005787
4007	0.813175	0.000970	0.004871
4008	0.820698	-0.000356	-0.000772
4009	0.819734	-0.001183	-0.001495
4010	0.822049	-0.001378	-0.000965
4011	0.823978	-0.000468	-0.000530
4012	0.825039	-0.000268	-0.000289
4013	0.826485	-0.001547	0.000048
4014	0.829861	-0.000213	0.001350
4015	0.825521	-0.000246	0.004678
4016	0.824460	0.000645	0.005208
4017	0.822242	-0.000372	0.002701
4018	0.824074	0.000956	-0.000193
4019	0.821470	-0.000444	-0.001640
4020	0.822627	-0.000248	0.000868
4021	0.813368	-0.000169	0.001929
4022	0.815876	0.000794	-0.001640
4023	0.823978	-0.001041	0.003665
4024	0.820891	-0.001644	0.001302
4025	0.821373	-0.000754	-0.001061
4026	0.822627	-0.001515	0.006366
4027	0.827257	0.001743	0.005787
4028	0.826871	0.002246	0.006076
4029	0.819541	-0.000372	0.004533
4030	0.822820	0.001537	0.001591
4031	0.820698	0.001304	0.002556
4032	0.823206	0.000733	-0.002556
4033	0.820313	0.001429	-0.001688
4034	0.824460	0.001976	0.001157
4035	0.818962	-0.001091	0.000820
4036	0.813368	0.000441	-0.001929
4037	0.815779	-0.000844	-0.003520
4038	0.814333	0.001091	0.000000
4039	0.810475	0.000399	0.000000
4040	0.811921	-0.000143	-0.005257
4041	0.814815	-0.000835	-0.005112
4042	0.815201	0.000926	-0.003617
4043	0.816069	-0.000907	-0.003617
4044	0.813850	-0.001326	-0.001061
4045	0.820216	0.000117	-0.000579
4046	0.826389	-0.000076	-0.000530
4047	0.823785	-0.001912	-0.000241
4048	0.827160	0.000959	-0.000145
4049	0.823785	0.000288	0.000048
4050	0.825810	0.001271	-0.000482
4051	0.820505	0.000754	-0.001833
4052	0.817226	-0.000723	-0.003762
4053	0.820505	-0.002181	-0.006221
4054	0.826678	-0.001015	-0.007813
4055	0.820891	-0.001646	-0.003665
4056	0.826003	-0.000321	-0.006896
4057	0.824556	0.001079	-0.008391
4058	0.824267	0.001114	-0.006269
4059	0.828125	-0.000306	-0.002508
4060	0.833816	0.000302	-0.004196
4061	0.832755	0.001979	-0.005015
4062	0.834201	0.001752	-0.004485
4063	0.840278	-0.000099	-0.001591
4064	0.835938	-0.000415	-0.001591
4065	0.835166	-0.000621	-0.004485
4066	0.831211	0.000970	-0.002122
4067	0.829379	0.000360	-0.004678
4068	0.828318	0.000162	0.002701
4069	0.824267	0.001723	0.002556
4070	0.823013	-0.001446	0.003906
4071	0.826389	-0.001867	0.004340
4072	0.823592	0.001623	0.006655
4073	0.821084	0.000427	0.004774
4074	0.820409	0.001143	0.004823
4075	0.820023	0.000744	0.006993
4076	0.820602	-0.000392	0.004630
4077	0.823399	0.000376	0.005305
4078	0.832176	0.001765	0.007041
4079	0.834008	-0.000141	0.003424
4080	0.834780	-0.000108	0.004147
4081	0.837963	-0.000883	0.004919
4082	0.828125	-0.001669	0.000241
4083	0.828607	-0.002918	0.001640
4084	0.829090	-0.002165	0.000675
4085	0.826775	0.000449	-0.000579
4086	0.827836	0.001227	0.004678
4087	0.825424	0.002542	0.000386
4088	0.824171	0.002089	0.001929
4089	0.826389	-0.000497	0.002025
4090	0.829475	0.001524	0.000000
4091	0.833237	-0.001439	0.001495
4092	0.836323	-0.001380	0.001399
4093	0.824749	-0.000653	-0.000916
4094	0.821181	0.000602	0.002122
4095	0.828800	-0.000028	0.004389
4096	0.829282	0.000999	0.001495
4097	0.833140	0.000209	-0.001833
4098	0.834298	0.000029	-0.002411
4099	0.836998	-0.002816	0.000627
4100	0.840181	-0.002941	0.003858
4101	0.839506	-0.000362	0.005594
4102	0.833237	-0.000943	0.005739
4103	0.837384	-0.001540	0.003665
4104	0.842593	-0.000477	0.003472
4105	0.839313	0.000225	0.000530
4106	0.835938	-0.001119	0.001688
4107	0.834105	0.000311	0.002508
4108	0.835262	0.000009	0.001688
4109	0.836613	-0.000916	-0.004244
4110	0.837095	-0.000824	0.004244
4111	0.836902	-0.001619	0.001399
4112	0.832272	0.000508	0.004967
4113	0.832176	-0.000625	0.004147
4114	0.832851	0.001350	-0.000530
4115	0.832272	0.001982	-0.000434
4116	0.835648	0.001746	-0.001399
4117	0.831404	0.002477	0.006655
4118	0.836998	0.000609	0.002508
4119	0.838252	-0.001667	0.000096
4120	0.841821	-0.000548	0.005449
4121	0.840953	0.001294	0.004147
4122	0.840181	-0.001212	0.004003
4123	0.841725	0.000061	0.004774
4124	0.846933	-0.000126	0.002990
4125	0.847512	-0.002068	0.004485
4126	0.848958	-0.001867	0.004678
4127	0.848573	-0.000547	0.004581
4128	0.843461	0.000616	0.004630
4129	0.840664	0.001341	0.002604
4130	0.828221	0.000313	0.006559
4131	0.825039	0.000992	0.005594
4132	0.825617	-0.001730	0.004967
4133	0.825714	-0.001402	0.004147
4134	0.821759	-0.000733	0.006028
4135	0.823013	-0.001731	0.010417
4136	0.825907	-0.000238	0.008102
4137	0.836516	-0.000905	0.006800
4138	0.830826	0.001075	0.009934
4139	0.830536	-0.002055	0.009163
4140	0.832948	-0.001421	0.004147
4141	0.828318	0.000379	0.003665
4142	0.831211	0.000320	0.003569
4143	0.833044	-0.000606	0.001640
4144	0.832658	-0.001414	0.001736
4145	0.824556	0.000500	0.007041
4146	0.824846	-0.000681	0.002267
4147	0.828029	0.000090	0.002459
4148	0.825328	0.000780	0.007427
4149	0.820313	-0.001390	0.008536
4150	0.823110	0.000912	0.009066
4151	0.823399	-0.000942	0.008295
4152	0.822145	-0.000618	0.009211
4153	0.826292	-0.000214	0.006655
4154	0.837867	-0.000041	0.005015
4155	0.838831	0.000775	0.003569
4156	0.832272	0.000920	0.001543
4157	0.827643	0.002007	0.006944
4158	0.828511	-0.000688	0.003858
4159	0.831790	0.001474	0.007861
4160	0.833430	0.001612	0.010224
4161	0.834105	0.000016	0.007957
4162	0.824363	0.002110	0.004051
4163	0.822820	0.000399	0.003231
4164	0.828318	-0.000379	0.002942
4165	0.827546	-0.000574	0.004389
4166	0.830826	0.001026	0.004485
4167	0.825907	0.000313	0.001013
4168	0.825521	0.000117	0.005257
4169	0.820602	0.000224	-0.000241
4170	0.823881	0.000978	-0.001157
4171	0.828125	-0.000048	-0.002122
4172	0.833623	-0.000079	0.004485
4173	0.836613	0.001328	0.001013
4174	0.834491	0.001282	0.004533
4175	0.834780	0.001708	0.001495
4176	0.838349	0.002281	0.004485
4177	0.836227	0.001807	0.002459
4178	0.836613	0.001700	0.006896
4179	0.831694	0.001733	0.008005
4180	0.831115	0.001124	0.011719
4181	0.831887	0.001801	0.009066
4182	0.828704	0.000548	0.008005
4183	0.831694	0.000323	0.006510
4184	0.831597	0.000322	0.003279
4185	0.827257	-0.001001	0.003906
4186	0.826485	0.000752	0.005739
4187	0.824460	0.000800	0.004389
4188	0.823399	-0.000501	0.008584
4189	0.820891	0.001499	0.008584
4190	0.820795	-0.000489	0.008343
4191	0.820602	0.000408	0.008295
4192	0.822434	0.001062	0.005883
4193	0.829475	0.000622	0.008777
4194	0.824074	0.001131	0.007861
4195	0.829958	-0.000831	0.009404
4196	0.835262	-0.003229	0.010706
4197	0.836806	0.001142	0.009356
4198	0.829668	0.002990	0.007571
4199	0.827257	0.002135	0.006028
4200	0.828993	0.001677	0.003569
4201	0.823495	0.001023	0.000482
4202	0.828414	0.001391	0.003472
4203	0.830922	0.001084	0.002025
4204	0.829958	-0.000114	0.001061
4205	0.823206	0.001198	0.002942
4206	0.823785	-0.001670	0.001640
4207	0.825039	-0.000788	0.000868
4208	0.824556	-0.002411	0.000193
4209	0.819444	-0.001987	0.003328
4210	0.826968	-0.000563	0.003520
4211	0.831501	0.000435	0.002797
4212	0.828221	-0.001286	0.006028
4213	0.817130	-0.001101	0.007909
4214	0.815297	-0.002094	0.010802
4215	0.822242	0.001632	0.010079
4216	0.827739	0.000585	0.010079
4217	0.830729	-0.000157	0.004485
4218	0.830343	0.000648	-0.001302
4219	0.829379	0.000806	0.004340
4220	0.822917	-0.001008	-0.000289
4221	0.823688	0.001092	0.002025
4222	0.829765	-0.002120	0.004919
4223	0.830440	0.000449	0.004485
4224	0.826871	-0.000297	0.007475
4225	0.827932	0.000117	0.007861
4226	0.828414	-0.000478	0.002652
4227	0.832272	0.000436	0.003762
4228	0.834008	0.001516	0.005208
4229	0.836420	0.000229	0.004581
4230	0.836613	-0.002311	0.004099
4231	0.834008	-0.000856	0.002652
4232	0.833430	0.000122	0.006703
4233	0.835359	-0.000449	0.005787
4234	0.829668	0.001402	0.004581
4235	0.824846	-0.001720	0.005642
4236	0.828029	-0.001637	0.000868
4237	0.829861	-0.001626	0.000386
4238	0.828221	-0.002530	0.002990
4239	0.826678	-0.002219	-0.001399
4240	0.824749	0.000549	-0.002604
4241	0.824653	0.001289	-0.000627
4242	0.828704	-0.001184	-0.000048
4243	0.821181	0.000447	0.000579
4244	0.824556	0.003877	0.003954
4245	0.826100	0.004472	0.002459
4246	0.823399	-0.000231	-0.000096
4247	0.822820	0.000569	0.004919
4248	0.819348	0.001707	0.006318
4249	0.816069	-0.000360	0.005932
4250	0.822338	-0.001336	0.000145
4251	0.822434	0.000155	0.001157
4252	0.829861	0.002102	0.001206
4253	0.824653	0.001416	0.001206
4254	0.822242	-0.000805	0.004340
4255	0.822434	0.001244	0.006462
4256	0.822049	0.002319	0.002074
4257	0.822049	0.001369	-0.002942
4258	0.817901	-0.000650	-0.001109
4259	0.815008	-0.000714	0.000193
4260	0.811921	0.000040	-0.002459
4261	0.817226	0.001983	-0.000241
4262	0.818962	0.000589	-0.005980
4263	0.814911	-0.000024	0.004533
4264	0.810957	0.000041	0.005980
4265	0.818094	0.000008	0.001495
4266	0.815586	0.001591	0.002845
4267	0.816165	0.001331	0.006944
4268	0.820409	0.001182	0.004774
4269	0.825714	0.000645	0.003472
4270	0.822434	-0.000439	0.000386
4271	0.824267	-0.001077	0.004051
4272	0.818094	-0.000575	0.000916
4273	0.821856	0.000039	-0.003038
4274	0.820795	0.000107	-0.004630
4275	0.826003	0.000621	-0.004726
4276	0.823881	0.001380	-0.004919
4277	0.827064	0.000111	-0.002267
4278	0.829765	0.000665	-0.001061
4279	0.836420	0.001432	-0.000579
4280	0.828221	0.000137	0.000193
4281	0.828800	0.001808	0.001302
4282	0.828704	0.001807	0.002363
4283	0.830536	0.002008	0.006559
4284	0.829861	-0.000665	0.006076
4285	0.825810	-0.000080	0.003713
4286	0.823688	-0.000771	0.005691
4287	0.826485	-0.001127	0.005883
4288	0.830633	0.001525	0.003231
4289	0.828414	-0.000982	0.008150
4290	0.830150	-0.000585	0.008343
4291	0.832272	-0.002160	0.001157
4292	0.830343	-0.001797	-0.002990
4293	0.829861	-0.000287	-0.003231
4294	0.830922	0.000451	-0.002315
4295	0.838638	0.001193	-0.000145
4296	0.835648	0.000691	-0.004437
4297	0.837770	0.000801	-0.003858
4298	0.841146	0.001905	-0.000675
4299	0.839892	0.003350	0.000338
4300	0.840471	0.004293	0.004678
4301	0.836613	-0.002037	0.002894
4302	0.836806	0.002065	0.004003
4303	0.837867	0.001435	0.001977
4304	0.841821	-0.000273	0.003135
4305	0.839603	0.002729	0.006703
4306	0.834587	-0.000459	0.008150
4307	0.839699	-0.000335	0.005064
4308	0.840953	0.000421	0.003472
4309	0.838059	0.001253	0.003231
4310	0.837191	0.002005	0.005835
4311	0.845293	0.002418	0.004003
4312	0.840953	-0.001436	-0.001061
4313	0.838252	0.000713	0.001881
4314	0.837288	-0.000614	0.003472
4315	0.840278	0.000293	0.002267
4316	0.837674	-0.000726	-0.002749
4317	0.835552	-0.000778	-0.000241
4318	0.830729	-0.001320	-0.003279
4319	0.832465	0.000082	-0.001784
4320	0.826292	-0.000010	-0.003569
4321	0.824267	-0.000236	0.003279
4322	0.820409	-0.000550	0.000723
4323	0.830247	0.000630	0.002845
4324	0.821181	0.000056	0.001784
4325	0.822434	-0.003817	-0.003086
4326	0.818866	0.000855	0.000434
4327	0.822531	0.001086	-0.000096
4328	0.820505	-0.000748	0.001206
4329	0.824942	-0.000378	-0.003038
4330	0.823978	-0.000256	-0.000820
4331	0.826871	0.000612	0.001061
4332	0.826485	0.000994	-0.003376
4333	0.830440	0.001353	-0.005353
4334	0.833430	-0.000330	-0.005546
4335	0.833816	-0.000349	-0.000096
4336	0.828800	0.000210	-0.001881
4337	0.821277	0.001633	-0.002025
4338	0.827353	0.000302	0.000868
4339	0.826968	0.001432	0.004196
4340	0.829765	-0.001572	-0.003183
4341	0.819830	-0.000297	0.002604
4342	0.820120	-0.000652	0.004533
4343	0.822820	0.000008	0.005739
4344	0.815008	0.000874	0.004630
4345	0.812404	-0.000271	0.007523
4346	0.811825	-0.000367	0.004630
4347	0.817998	0.001059	0.002122
4348	0.820602	0.001381	0.006366
4349	0.824556	0.001932	0.008632
4350	0.823495	-0.000381	0.004340
4351	0.822434	-0.000014	-0.000096
4352	0.823110	0.000680	0.001013
4353	0.823302	0.000291	0.002797
4354	0.819830	-0.000630	0.005739
4355	0.816262	0.000132	0.002122
4356	0.829090	-0.001905	0.006752
4357	0.822917	-0.001425	0.004871
4358	0.827546	-0.002311	0.004630
4359	0.834491	-0.000861	0.005160
4360	0.838349	0.001657	0.005498
4361	0.834587	-0.003021	0.003617
4362	0.833526	-0.003618	0.005739
4363	0.837288	-0.002117	0.007330
4364	0.837674	-0.000019	0.010995
4365	0.835262	0.000329	0.013792
4366	0.834877	-0.001600	0.009404
4367	0.829475	0.001083	0.008295
4368	0.826485	-0.001008	0.006944
4369	0.825907	0.001247	0.007186
4370	0.824846	0.001659	0.005642
4371	0.826775	-0.000226	0.005787
4372	0.827932	0.000208	0.005257
4373	0.832851	-0.001014	0.003665
4374	0.830054	0.001749	0.002218
4375	0.829186	0.002110	0.000627
4376	0.826389	-0.000253	0.001302
4377	0.820602	-0.000483	-0.001640
4378	0.827546	0.000093	-0.002074
4379	0.827546	0.001272	-0.004051
4380	0.831597	0.000604	-0.003328
4381	0.831019	0.000224	-0.003713
4382	0.831404	-0.001164	-0.001302
4383	0.832948	-0.001033	-0.002604
4384	0.832562	-0.002232	-0.000241
4385	0.838927	-0.002958	0.000772
4386	0.836323	-0.003808	0.002749
4387	0.836806	0.001625	0.000434
4388	0.831597	-0.000171	-0.000193
4389	0.829861	0.000990	0.001833
4390	0.831404	-0.000365	-0.003472
4391	0.834008	-0.001279	-0.000482
4392	0.836806	-0.000632	-0.003279
4393	0.839892	0.001462	-0.003954
4394	0.838927	-0.000003	-0.004823
4395	0.834973	0.000290	-0.004726
4396	0.828993	-0.001590	-0.004919
4397	0.830922	-0.001691	-0.004726
4398	0.831501	-0.002189	-0.007234
4399	0.830054	0.000514	-0.007234
4400	0.829765	0.000171	-0.002508
4401	0.837288	0.000499	-0.001495
4402	0.836130	0.000885	-0.001302
4403	0.834491	-0.000067	0.001206
4404	0.836902	0.000004	-0.001447
4405	0.833526	-0.000306	-0.001543
4406	0.838252	0.001684	0.000241
4407	0.838638	0.000016	0.004099
4408	0.838059	-0.002829	0.004967
4409	0.837095	-0.000682	0.004437
4410	0.836998	0.000322	0.004533
4411	0.834298	0.001006	0.005498
4412	0.831694	-0.000414	0.005257
4413	0.831790	-0.000520	0.002218
4414	0.833912	-0.001723	0.002894
4415	0.833912	0.000073	0.000386
4416	0.830826	-0.002031	-0.000772
4417	0.826003	-0.002081	-0.000386
4418	0.828221	0.001176	0.000482
4419	0.829282	0.000484	-0.002122
4420	0.832176	-0.000447	-0.001109
4421	0.834394	0.001315	-0.004003
4422	0.829861	0.000319	-0.003231
4423	0.828993	0.000052	0.001977
4424	0.832176	0.001408	0.002315
4425	0.823785	-0.001561	-0.000145
4426	0.823206	0.000177	-0.000096
4427	0.822338	-0.000593	0.000772
4428	0.826292	-0.000860	0.001399
4429	0.822724	0.001246	0.001688
4430	0.819734	-0.001014	0.000820
4431	0.820891	-0.000148	-0.000048
4432	0.815008	-0.000172	0.000241
4433	0.818673	-0.001909	-0.000289
4434	0.821759	0.000563	-0.000193
4435	0.813079	0.000573	0.000434
4436	0.820891	0.000563	-0.001399
4437	0.820891	0.000303	-0.001688
4438	0.821373	0.000481	-0.001109
4439	0.817226	-0.000325	-0.001061
4440	0.815490	0.000072	0.000820
4441	0.816937	-0.001365	0.003086
4442	0.825714	0.000928	-0.000241
4443	0.828607	-0.001835	-0.000772
4444	0.827932	-0.000405	-0.003328
4445	0.827932	0.000153	-0.004292
4446	0.825424	0.002604	-0.004485
4447	0.820795	0.000145	-0.004823
4448	0.828318	-0.001170	-0.005642
4449	0.826100	-0.001165	-0.004774
4450	0.825617	0.000578	-0.006269
4451	0.823110	-0.000001	-0.005594
4452	0.822917	0.000335	0.000772
4453	0.827643	-0.001325	-0.005739
4454	0.826678	-0.001745	-0.001977
4455	0.826871	-0.002252	-0.000145
4456	0.829958	-0.000353	-0.002604
4457	0.824074	0.001522	-0.008247
4458	0.826196	0.000648	-0.007571
4459	0.830343	-0.000041	-0.007378
4460	0.831790	0.000211	-0.005160
4461	0.835938	-0.001139	-0.002459
4462	0.830054	0.000434	-0.000820
4463	0.831404	-0.001580	-0.003954
4464	0.829090	-0.000291	0.002508
4465	0.832948	-0.000062	0.001447
4466	0.835455	0.000774	0.003906
4467	0.841628	-0.003048	0.001833
4468	0.841725	0.001564	0.007716
4469	0.845583	0.003143	0.006752
4470	0.842400	0.001720	0.003376
4471	0.844329	0.000868	0.000627
4472	0.839988	0.000393	0.002459
4473	0.840181	-0.002246	-0.003472
4474	0.839988	-0.003134	0.000289
4475	0.835648	-0.000880	-0.001881
4476	0.824556	-0.002480	-0.002556
4477	0.824460	0.000542	0.004389
4478	0.826196	-0.000797	0.000916
4479	0.828897	-0.000403	-0.000530
4480	0.825521	0.002223	-0.001254
4481	0.825135	-0.000105	-0.006944
4482	0.823495	0.001151	-0.005835
4483	0.828897	0.001252	-0.003376
4484	0.824942	-0.000129	-0.001688
4485	0.830247	0.000354	-0.003038
4486	0.822145	0.000142	-0.001302
4487	0.818962	-0.000800	-0.001640
4488	0.816069	0.000132	0.003328
4489	0.820795	-0.000354	0.000916
4490	0.824460	-0.000351	0.001109
4491	0.825328	0.000157	0.003858
4492	0.826775	-0.000515	0.004292
4493	0.822724	-0.000880	0.004244
4494	0.812789	-0.000552	0.003617
4495	0.812596	0.000850	0.004099
4496	0.809028	0.000226	0.004726
4497	0.812982	0.000029	0.006076
4498	0.811535	0.000682	0.001013
4499	0.817708	-0.000993	0.000579
4500	0.819155	0.000904	-0.002459
4501	0.824363	-0.002141	-0.004196
4502	0.817419	-0.000187	-0.002942
4503	0.820409	0.000323	-0.003520
4504	0.824846	-0.001086	-0.000096
4505	0.819155	-0.000357	-0.003665
4506	0.817612	0.000873	-0.005257
4507	0.817226	0.000448	-0.003713
4508	0.821277	-0.000640	-0.007330
4509	0.824846	-0.002202	-0.004485
4510	0.828993	-0.001886	-0.006944
4511	0.823785	0.000341	-0.006366
4512	0.822049	0.000206	-0.007137
4513	0.826292	-0.000434	-0.007282
4514	0.822820	-0.000572	-0.009307
4515	0.831694	0.003378	-0.007620
4516	0.825521	0.001019	-0.005691
4517	0.835841	0.002262	-0.003906
4518	0.843171	-0.002473	-0.006896
4519	0.844811	-0.000058	-0.002218
4520	0.847319	-0.000405	-0.003183
4521	0.844136	0.000905	-0.003713
4522	0.836130	-0.001277	-0.005980
4523	0.838542	-0.000521	-0.003376
4524	0.843075	-0.000195	-0.000434
4525	0.840760	-0.000126	-0.005980
4526	0.847415	0.000539	-0.007378
4527	0.845197	0.000999	-0.004630
4528	0.838638	-0.000893	-0.001688
4529	0.838638	0.000741	-0.002990
4530	0.837191	0.001492	-0.005305
4531	0.838831	0.004051	-0.004774
4532	0.838927	-0.000945	-0.005257
4533	0.837288	-0.001028	-0.003424
4534	0.841242	-0.002728	-0.001833
4535	0.847704	0.001117	0.001157
4536	0.841242	-0.000223	-0.004244
4537	0.846161	0.000983	-0.002652
4538	0.837577	0.000765	-0.001688
4539	0.842400	0.001916	0.001109
4540	0.841628	0.000534	-0.000048
4541	0.843750	-0.000306	0.000241
4542	0.839410	0.000553	0.001350
4543	0.831694	0.000075	0.000289
4544	0.831597	-0.000974	0.000482
4545	0.825714	0.001311	-0.004099
4546	0.828414	0.002413	-0.001591
4547	0.827064	0.001044	0.003183
4548	0.826871	0.000952	0.002990
4549	0.834877	0.000679	0.000916
4550	0.831501	0.000274	0.003376
4551	0.832755	-0.000758	0.005305
4552	0.831211	-0.001603	0.007041
4553	0.837191	-0.001118	0.005401
4554	0.839024	0.000732	0.003906
4555	0.836709	0.002861	0.000145
4556	0.843943	0.000508	0.002942
4557	0.845968	-0.000539	-0.000096
4558	0.844232	0.000868	0.000772
4559	0.842303	0.001659	0.002797
4560	0.838156	-0.003420	0.005064
4561	0.841146	-0.002515	0.001061
4562	0.837674	-0.000024	0.000048
4563	0.835938	0.000613	0.000241
4564	0.829475	0.001028	0.000000
4565	0.830729	0.002679	0.003038
4566	0.831019	0.000323	0.003328
4567	0.830536	0.000790	0.003954
4568	0.830150	0.000579	0.001688
4569	0.832755	0.000299	0.002604
4570	0.832562	-0.000478	0.001350
4571	0.839892	-0.002343	0.002218
4572	0.839313	0.001033	0.006173
4573	0.835552	-0.002275	0.003713
4574	0.834201	0.000902	0.000096
4575	0.827643	0.002254	-0.002701
4576	0.830922	0.002403	0.002074
4577	0.832658	0.000859	0.000338
4578	0.830536	0.000384	-0.000434
4579	0.830054	-0.000135	0.003279
4580	0.834105	-0.000253	-0.001784
4581	0.832658	-0.000868	-0.000096
4582	0.832658	0.000302	0.000675
4583	0.833333	-0.001273	0.002074
4584	0.830150	-0.002134	0.002701
4585	0.826678	-0.001503	0.005594
4586	0.822917	-0.000400	0.005787
4587	0.826678	-0.000298	0.000675
4588	0.834201	0.000559	0.005739
4589	0.829379	0.002293	0.001157
4590	0.827450	-0.000086	-0.000145
4591	0.828607	0.000455	-0.001929
4592	0.831597	0.000517	-0.003472
4593	0.832948	-0.000775	-0.003954
4594	0.830826	0.001179	-0.006559
4595	0.838638	-0.000970	-0.002411
4596	0.835455	-0.000188	-0.003617
4597	0.837384	-0.003363	-0.001447
4598	0.832272	-0.000643	-0.001640
4599	0.824074	-0.000563	0.000145
4600	0.822917	-0.000167	-0.003954
4601	0.831211	-0.002617	-0.001833
4602	0.834587	-0.001954	0.000627
4603	0.834394	-0.000645	0.003183
4604	0.835841	-0.000685	0.000916
4605	0.837481	0.000180	-0.000627
4606	0.843943	0.000151	-0.002556
4607	0.842400	0.001752	0.001591
4608	0.836420	0.001097	-0.001736
4609	0.838638	-0.000029	0.001543
4610	0.835938	0.000825	0.003424
4611	0.836902	0.000767	0.002508
4612	0.836998	-0.000747	0.005208
4613	0.840471	-0.001489	0.006752
4614	0.841628	-0.001191	0.004967
4615	0.837384	-0.000879	0.009356
4616	0.838156	-0.000821	0.004147
4617	0.831887	-0.000016	0.005980
4618	0.834877	0.002012	0.004244
4619	0.823592	0.002946	0.006993
4620	0.831308	-0.000512	0.005449
4621	0.828221	-0.001080	0.004485
4622	0.834394	-0.001438	0.006993
4623	0.833430	-0.001864	0.008005
4624	0.830440	-0.001345	0.006848
4625	0.823881	-0.001743	0.004051
4626	0.827064	0.000095	0.004340
4627	0.831597	-0.000744	0.003520
4628	0.826871	0.000723	0.004774
4629	0.823785	0.000928	0.001109
4630	0.829186	-0.001069	0.003906
4631	0.828029	-0.000117	0.002170
4632	0.828993	-0.000556	0.003279
4633	0.829186	0.000833	0.000965
4634	0.824846	-0.001448	0.001350
4635	0.820313	0.000748	0.004051
4636	0.817708	0.000400	-0.000579
4637	0.819155	-0.000422	-0.005835
4638	0.825714	-0.000815	-0.005305
4639	0.828993	-0.000698	-0.002218
4640	0.827643	0.000637	0.000000
4641	0.826678	0.000203	-0.005980
4642	0.831887	0.001647	-0.010079
4643	0.829861	0.002645	-0.005208
4644	0.826968	0.002738	-0.002025
4645	0.834973	0.002058	-0.006559
4646	0.832658	-0.000664	-0.002894
4647	0.833719	0.001504	-0.006752
4648	0.831211	0.001506	-0.005257
4649	0.826871	0.000182	-0.003617
4650	0.822049	0.001194	-0.008777
4651	0.820795	0.002312	-0.008439
4652	0.822434	0.001057	-0.002942
4653	0.818480	-0.000474	-0.001495
4654	0.825328	-0.000043	-0.003762
4655	0.828125	0.000116	-0.006221
4656	0.830343	-0.000129	-0.007186
4657	0.833333	0.001450	-0.007861
4658	0.836227	-0.001938	-0.005835
4659	0.838638	-0.001270	-0.001206
4660	0.827450	-0.000329	0.001447
4661	0.822242	-0.000115	-0.003279
4662	0.817419	0.000467	-0.000965
4663	0.816551	-0.000776	-0.001302
4664	0.821470	0.000360	-0.003472
4665	0.826678	0.000213	-0.005498
4666	0.830343	-0.000181	-0.008632
4667	0.825039	0.001156	-0.011285
4668	0.816551	0.000674	-0.007523
4669	0.817515	-0.001094	-0.010561
4670	0.822049	-0.000815	-0.011960
4671	0.822242	-0.000823	-0.011188
4672	0.824074	0.000256	-0.009645
4673	0.833237	0.000528	-0.005449
4674	0.831211	0.001453	-0.007041
4675	0.835359	-0.000779	-0.007523
4676	0.836130	-0.001189	-0.008343
4677	0.834877	-0.000905	-0.003617
4678	0.832851	-0.000833	-0.004678
4679	0.838445	0.002417	-0.005594
4680	0.841049	-0.000550	-0.006269
4681	0.837770	-0.000391	-0.004823
4682	0.844618	-0.000218	-0.005353
4683	0.842303	0.001801	-0.004244
4684	0.835552	0.001283	-0.002122
4685	0.831694	0.000916	-0.003762
4686	0.830826	-0.000230	-0.002652
4687	0.836902	0.000061	-0.001881
4688	0.832272	0.001291	-0.002218
4689	0.835359	-0.000091	-0.005787
4690	0.836516	0.000154	-0.004533
4691	0.839217	-0.000876	-0.003858
4692	0.842207	0.000558	-0.002942
4693	0.839506	-0.000776	-0.001640
4694	0.843461	0.000451	-0.001833
4695	0.836806	0.002317	-0.002508
4696	0.833526	-0.002012	-0.004340
4697	0.833623	-0.002305	-0.003665
4698	0.838252	0.000723	-0.000820
4699	0.838927	0.001374	0.001736
4700	0.837577	-0.000005	0.000338
4701	0.836902	0.000511	-0.001109
4702	0.838252	0.000245	0.001543
4703	0.838735	0.001450	0.001399
4704	0.842014	-0.001390	0.000530
4705	0.833912	0.001929	0.000482
4706	0.836516	0.001784	-0.001061
4707	0.833719	-0.000106	0.000048
4708	0.834201	0.000675	0.001206
4709	0.835648	0.000923	-0.003520
4710	0.832755	0.000713	-0.006221
4711	0.834877	0.001872	-0.004389
4712	0.835262	-0.000452	-0.007378
4713	0.839603	0.001233	-0.002074
4714	0.838735	0.001163	-0.001254
4715	0.834684	0.001282	-0.000482
4716	0.831404	0.001571	-0.003810
4717	0.833816	0.000473	-0.006703
4718	0.835841	-0.000094	-0.001399
4719	0.839699	0.003037	0.000193
4720	0.834877	0.001668	-0.000482
4721	0.832079	-0.000142	-0.004051
4722	0.834105	0.000144	-0.002074
4723	0.829958	-0.000995	-0.001688
4724	0.829475	0.000081	-0.004774
4725	0.828607	0.000867	-0.001977
4726	0.830826	-0.000742	-0.004051
4727	0.827160	0.000988	-0.005064
4728	0.823495	0.000028	-0.004196
4729	0.820409	0.000929	-0.005449
4730	0.822917	-0.000501	-0.004099
4731	0.821952	-0.002367	-0.000386
4732	0.820795	-0.000699	-0.004147
4733	0.829475	-0.002059	0.000434
4734	0.828318	-0.001458	0.000145
4735	0.830633	0.000244	0.004581
4736	0.825810	0.001517	0.001591
4737	0.827064	-0.000732	-0.002749
4738	0.829861	-0.000326	-0.003858
4739	0.828993	0.001324	-0.004099
4740	0.826196	0.001532	-0.004678
4741	0.822338	-0.000056	-0.004244
4742	0.821373	-0.000206	0.000289
4743	0.822531	0.001162	0.002797
4744	0.817419	0.000622	0.000868
4745	0.821470	0.000364	0.002942
4746	0.824267	-0.000113	-0.003858
4747	0.823881	-0.000479	-0.005739
4748	0.820023	-0.001712	-0.003617
4749	0.820216	-0.001806	-0.002942
4750	0.814043	-0.000009	-0.003328
4751	0.808546	0.000114	-0.002459
4752	0.807195	0.000284	-0.002459
4753	0.811728	-0.000414	-0.000193
4754	0.810378	-0.000071	-0.003038
4755	0.811246	0.000061	-0.002845
4756	0.810667	-0.000602	-0.003231
4757	0.815586	-0.000509	0.000820
4758	0.819348	-0.000080	-0.000289
4759	0.819155	-0.000952	0.001302
4760	0.815683	0.000014	0.002315
4761	0.821759	-0.000617	0.000772
4762	0.830343	0.002079	-0.000675
4763	0.821952	0.000437	0.001929
4764	0.816358	0.000624	0.001302
4765	0.817515	-0.000049	0.004389
4766	0.814429	0.001344	0.003906
4767	0.816647	0.000461	0.004678
4768	0.825231	-0.000004	0.005112
4769	0.834491	0.000113	0.000048
4770	0.834298	0.003710	0.002508
4771	0.836902	0.002392	0.002267
4772	0.835841	0.000962	0.001399
4773	0.833333	0.000973	-0.000289
4774	0.832079	0.001813	-0.002315
4775	0.827932	0.000138	0.000675
4776	0.825810	-0.001070	-0.002218
4777	0.819155	-0.001821	-0.004099
4778	0.828414	-0.002175	-0.004967
4779	0.831308	-0.000687	-0.005546
4780	0.833044	-0.001408	-0.003762
4781	0.830440	0.000074	-0.006944
4782	0.831887	-0.000621	-0.005546
4783	0.833526	-0.000285	-0.005401
4784	0.828511	-0.000108	-0.005449
4785	0.832658	0.000677	-0.000386
4786	0.829861	0.000452	-0.003231
4787	0.828029	-0.001111	-0.002363
4788	0.824846	-0.001695	-0.003762
4789	0.829572	-0.001568	-0.002845
4790	0.826485	-0.000122	0.000482
4791	0.825135	-0.001704	0.001688
4792	0.828318	-0.001210	-0.004823
4793	0.829668	0.000229	-0.001495
4794	0.825424	-0.000735	-0.001061
4795	0.825135	-0.002312	0.000675
4796	0.831501	0.001100	-0.004967
4797	0.840567	-0.002711	-0.003665
4798	0.839699	-0.000782	-0.000772
4799	0.836998	0.000151	-0.004533
4800	0.838927	-0.002356	-0.001977
4801	0.837674	-0.000068	-0.004630
4802	0.834973	0.000172	-0.001350
4803	0.829090	0.002290	-0.006125
4804	0.828221	0.002352	-0.001881
4805	0.831019	0.000555	0.000048
4806	0.826968	-0.001232	-0.001399
4807	0.826003	-0.001446	-0.004292
4808	0.825231	-0.000697	-0.003231
4809	0.820988	0.001371	-0.002749
4810	0.827353	0.000234	-0.002604
4811	0.822338	-0.000096	-0.007475
4812	0.825328	0.000650	-0.005883
4813	0.823978	0.002400	-0.006655
4814	0.821470	-0.000651	-0.009838
4815	0.823592	-0.000224	-0.007089
4816	0.827257	0.002473	-0.002122
4817	0.829379	0.002484	-0.001254
4818	0.825617	-0.000501	-0.002459
4819	0.827160	-0.000598	-0.000627
4820	0.822434	-0.000045	-0.002749
4821	0.830150	-0.001906	-0.000530
4822	0.830826	-0.000895	0.000145
4823	0.826968	-0.000359	-0.000916
4824	0.828993	0.001034	-0.000338
4825	0.835262	0.001585	0.000096
4826	0.828125	-0.000599	0.004967
4827	0.828607	0.002361	0.005160
4828	0.832948	-0.000111	0.000627
4829	0.833623	0.000903	0.001399
4830	0.828607	-0.000448	0.000530
4831	0.823399	-0.000618	0.000579
4832	0.822242	0.001683	0.000579
4833	0.827836	0.000047	0.004196
4834	0.828607	0.001642	0.009307
4835	0.832272	-0.000875	0.010658
4836	0.831597	0.001091	0.010513
4837	0.830343	0.000135	0.008102
4838	0.828800	-0.000797	0.005787
4839	0.824846	-0.000278	0.007186
4840	0.822242	-0.001239	0.007523
4841	0.819348	0.000715	0.007668
4842	0.821759	0.000809	0.006366
4843	0.820023	-0.000141	0.005546
4844	0.821277	0.001844	0.008584
4845	0.822338	0.000277	0.006896
4846	0.819444	0.000125	0.006510
4847	0.813947	-0.001525	0.011092
4848	0.823013	-0.002014	0.006318
4849	0.820216	-0.001834	0.003954
4850	0.825714	-0.000717	0.005980
4851	0.833526	-0.001612	0.007475
4852	0.832369	-0.000254	0.009886
4853	0.829186	0.001752	0.008873
4854	0.834008	0.000513	0.009115
4855	0.835745	-0.001616	0.007427
4856	0.829958	-0.003258	0.008777
4857	0.829186	-0.001607	0.005353
4858	0.828511	0.000183	0.000916
4859	0.831211	-0.001561	0.002701
4860	0.832369	-0.002792	0.004051
4861	0.836323	0.000623	0.005546
4862	0.834394	-0.000998	-0.000241
4863	0.836227	0.000877	-0.004244
4864	0.830343	-0.000274	-0.002604
4865	0.832948	0.001379	-0.002411
4866	0.820698	0.001411	0.000434
4867	0.824749	0.000349	0.000434
4868	0.834587	0.000786	0.001640
4869	0.837674	0.003035	-0.002315
4870	0.841339	-0.000746	-0.005835
4871	0.835069	-0.000656	-0.000627
4872	0.839506	-0.001081	0.000675
4873	0.832948	0.000699	-0.001399
4874	0.842400	0.000798	-0.004196
4875	0.838542	-0.000591	-0.001543
4876	0.839506	0.000650	0.000530
4877	0.840181	-0.002665	-0.002170
4878	0.842207	0.000015	0.001061
4879	0.839699	-0.001264	-0.000965
4880	0.835262	0.000263	-0.000820
4881	0.836323	0.001246	0.001736
4882	0.842785	0.001820	-0.002652
4883	0.837577	-0.000208	-0.001254
4884	0.836227	-0.000073	-0.000145
4885	0.836902	0.001008	-0.001109
4886	0.834394	-0.000005	-0.002267
4887	0.836323	0.000851	0.000289
4888	0.838638	0.001946	0.001157
4889	0.834491	-0.000437	0.001736
4890	0.838156	0.004251	0.001061
4891	0.840278	0.002291	0.003617
4892	0.843654	0.005211	0.008343
4893	0.843557	0.005741	0.008054
4894	0.843075	-0.000845	0.005980
4895	0.840664	0.001256	0.007137
4896	0.840953	0.001460	0.006269
4897	0.848573	0.001691	0.005642
4898	0.845679	0.000537	0.003569
4899	0.837384	0.000016	0.001109
4900	0.828800	-0.000058	0.002315
4901	0.825328	0.000919	0.002315
4902	0.831115	0.001338	0.005257
4903	0.830343	0.001574	0.009259
4904	0.829572	-0.000377	0.011285
4905	0.824267	0.002039	0.011719
4906	0.831790	0.002955	0.006173
4907	0.831115	0.000389	0.005980
4908	0.835552	0.001148	0.007234
4909	0.846933	0.002007	0.007330
4910	0.841242	0.001989	0.006944
4911	0.837674	-0.000727	0.013021
4912	0.841917	-0.004094	0.010947
4913	0.849826	-0.000828	0.013648
4914	0.843846	0.000885	0.014998
4915	0.845486	-0.001899	0.017843
4916	0.847319	-0.000445	0.015673
4917	0.849248	-0.001267	0.010995
4918	0.852720	-0.000584	0.010851
4919	0.847897	-0.001428	0.012539
4920	0.844425	0.000717	0.009066
4921	0.840953	-0.002464	0.011092
4922	0.838252	-0.001087	0.009934
4923	0.840181	-0.002759	0.006028
4924	0.836709	-0.000854	0.012924
4925	0.837288	-0.000769	0.012587
4926	0.830729	-0.001009	0.010417
4927	0.832176	0.000102	0.008343
4928	0.845583	0.001926	0.009645
4929	0.846933	-0.000758	0.012587
4930	0.842785	0.000918	0.013889
4931	0.835262	-0.002782	0.010947
4932	0.830150	-0.002688	0.009742
4933	0.828993	0.000626	0.006269
4934	0.835166	-0.000994	0.004340
4935	0.830729	-0.000189	0.004196
4936	0.834973	-0.001268	0.003810
4937	0.834105	-0.001072	0.004919
4938	0.829861	-0.000004	0.002990
4939	0.825617	-0.000907	0.006414
4940	0.830826	0.000655	0.002170
4941	0.835455	-0.000108	0.004774
4942	0.835069	0.000952	0.002459
4943	0.833719	0.000839	0.008054
4944	0.833044	-0.000263	0.006221
4945	0.830729	0.001008	0.002845
4946	0.825617	0.000854	0.003713
4947	0.823592	0.000753	0.013696
4948	0.826196	0.001771	0.009066
4949	0.826003	0.000404	0.006125
4950	0.826678	0.000358	0.008102
4951	0.827257	0.000399	0.004919
4952	0.828511	0.000000	0.001013
4953	0.826485	-0.000418	0.000241
4954	0.825231	0.000102	-0.001157
4955	0.827932	0.000058	-0.002170
4956	0.829282	-0.001514	-0.006366
4957	0.833623	0.000600	-0.006221
4958	0.832176	-0.000407	-0.004389
4959	0.835166	-0.000707	0.001157
4960	0.838542	-0.002289	0.002025
4961	0.835938	0.000685	-0.000965
4962	0.839796	-0.000393	0.003183
4963	0.841049	0.002473	0.001109
4964	0.838831	0.003687	0.000723
4965	0.840471	0.002045	0.003376
4966	0.836227	-0.000600	0.001833
4967	0.840374	0.004167	0.004919
4968	0.841917	0.004461	0.001061
4969	0.840085	0.002289	0.002411
4970	0.840181	0.000264	-0.000289
4971	0.839024	0.000656	-0.000772
4972	0.839120	-0.000140	0.002074
4973	0.840664	-0.000069	0.003665
4974	0.835938	0.002102	0.001688
4975	0.831983	-0.000063	0.005835
4976	0.829379	-0.001021	0.006944
4977	0.831019	-0.000786	0.004581
4978	0.829090	-0.001003	0.007764
4979	0.832176	0.000843	0.005208
4980	0.831790	-0.000932	0.005305
4981	0.836516	0.000220	0.005160
4982	0.834105	0.001658	0.002894
4983	0.834491	0.001571	0.001350
4984	0.834973	-0.000293	0.000627
4985	0.829475	-0.001715	0.002122
4986	0.833237	-0.001727	-0.000048
4987	0.829668	0.000087	0.004485
4988	0.836130	0.001385	0.005883
4989	0.840567	0.000091	0.007523
4990	0.841725	0.001120	0.004967
4991	0.844618	-0.001034	0.004726
4992	0.844232	0.001045	0.007282
4993	0.843750	-0.001450	0.010368
4994	0.839024	0.001143	0.010995
4995	0.837095	-0.000692	0.009115
4996	0.834684	0.001133	0.009838
4997	0.831983	0.001776	0.013166
4998	0.829958	-0.003051	0.013503
4999	0.831404	-0.001211	0.016686
5000	0.831694	-0.000436	0.016541
