1	0.372685	-0.000000	0.000820
2	0.536651	0.000009	-0.001977
3	0.618634	0.000016	0.002749
4	0.671682	0.000113	-0.001254
5	0.707658	-0.000176	0.000820
6	0.739294	0.000445	0.000723
7	0.753665	0.000222	0.006366
8	0.764275	-0.000387	0.006125
9	0.770448	0.000552	-0.001254
10	0.781250	0.000190	-0.000579
11	0.795235	-0.000212	-0.000241
12	0.806038	-0.000172	-0.003472
13	0.807870	0.000900	-0.003376
14	0.805652	0.001200	-0.004581
15	0.806231	-0.000251	-0.003954
16	0.808642	0.000843	-0.005546
17	0.810089	0.000848	-0.003183
18	0.806809	-0.001001	-0.010272
19	0.814236	0.000399	-0.010658
20	0.823495	0.000034	-0.008584
21	0.822531	-0.000582	-0.003135
22	0.821470	-0.000658	-0.004726
23	0.823978	-0.001567	-0.002797
24	0.828511	-0.001873	0.000241
25	0.831790	0.000242	0.002894
26	0.829090	-0.000949	0.002267
27	0.834201	0.000424	0.004581
28	0.833237	0.000432	-0.001061
29	0.830440	-0.002087	0.004630
30	0.825039	-0.001331	0.001350
31	0.815586	-0.001222	-0.000289
32	0.818769	0.000392	-0.000723
33	0.820313	-0.000540	-0.004437
34	0.817226	0.000352	-0.002990
35	0.815104	0.001330	0.002652
36	0.816647	0.001660	-0.001881
37	0.821952	0.001370	0.002556
38	0.818962	0.000801	0.004051
39	0.816262	-0.001082	0.003135
40	0.820409	-0.001062	-0.002315
41	0.820313	-0.000153	-0.002556
42	0.823688	0.000961	-0.004003
43	0.816262	0.000373	-0.004678
44	0.819637	-0.000159	-0.003858
45	0.819637	-0.000287	-0.006076
46	0.817515	0.001017	-0.007571
47	0.818769	-0.000492	-0.003183
48	0.823013	-0.000742	-0.000772
49	0.828318	-0.001338	-0.000145
50	0.830150	0.000251	-0.001157
51	0.825617	-0.000584	0.001784
52	0.826678	-0.000919	0.003906
53	0.826582	0.000356	0.003906
54	0.824074	-0.001728	0.000965
55	0.823206	-0.000487	0.000772
56	0.827064	0.000126	-0.002267
57	0.833912	0.000588	0.000338
58	0.831308	0.000625	-0.003328
59	0.830343	0.000625	0.000723
60	0.827739	0.001680	-0.000048
61	0.827353	0.001838	0.000772
62	0.827643	0.003508	0.000868
63	0.826678	0.001052	-0.001350
64	0.830150	0.001433	-0.000482
65	0.836034	0.000523	0.003762
66	0.836034	0.001295	0.002411
67	0.834877	0.000114	0.005498
68	0.828414	0.001441	0.005112
69	0.825135	0.001797	0.005739
70	0.828318	-0.001362	0.006944
71	0.831211	-0.001048	0.007089
72	0.826582	0.000021	0.007234
73	0.821566	0.000282	0.006703
74	0.828607	0.001187	0.004340
75	0.830536	0.001415	0.007234
76	0.828125	-0.000052	0.004871
77	0.832851	0.001621	0.004581
78	0.824460	-0.000680	0.000772
79	0.821952	-0.000349	-0.000820
80	0.820795	0.000425	-0.003954
81	0.822242	-0.000239	-0.007813
82	0.817708	-0.001223	-0.001784
83	0.824267	0.001119	0.000145
84	0.829186	0.000329	-0.000289
85	0.830826	0.000586	-0.000193
86	0.834201	0.000906	-0.002363
87	0.838927	0.002880	-0.004244
88	0.840181	0.000042	-0.003231
89	0.838445	0.000552	-0.004340
90	0.836998	0.000060	-0.001495
91	0.835262	-0.001116	-0.004003
92	0.832369	-0.001894	-0.001543
93	0.828125	-0.001819	-0.001495
94	0.834201	-0.002604	-0.004196
95	0.833044	-0.000959	-0.003810
96	0.829282	-0.000459	-0.005401
97	0.835552	0.000166	-0.009645
98	0.829861	0.000021	-0.008632
99	0.830054	-0.001308	-0.012780
100	0.830536	0.000457	-0.008922
101	0.828897	-0.000443	-0.003665
102	0.824556	-0.000175	-0.004147
103	0.826292	-0.000792	-0.006414
104	0.831983	0.001810	-0.004244
105	0.829958	-0.000731	-0.006607
106	0.829958	-0.000359	-0.004485
107	0.834491	0.001063	-0.005739
108	0.835841	0.000725	-0.005015
109	0.834105	0.000265	-0.002074
110	0.829090	-0.000473	-0.004051
111	0.833526	-0.000056	-0.004244
112	0.830247	0.000127	-0.006318
113	0.833333	0.000996	-0.005353
114	0.825135	0.000519	-0.007378
115	0.830922	-0.001263	-0.005691
116	0.821470	0.000093	-0.007234
117	0.819252	0.001041	-0.007620
118	0.810667	-0.000612	-0.008632
119	0.815201	0.000188	-0.008391
120	0.816551	-0.001667	-0.004533
121	0.828125	-0.000568	-0.001013
122	0.825521	0.001236	-0.001688
123	0.825424	-0.001295	-0.001350
124	0.824942	-0.001600	-0.001640
125	0.828029	-0.000008	-0.002122
126	0.829958	0.000724	-0.002411
127	0.827836	0.000101	-0.000434
128	0.831308	0.001327	0.000579
129	0.834491	-0.000262	0.001447
130	0.835938	0.001731	-0.001399
131	0.836998	0.002952	0.000868
132	0.837481	0.000157	0.002315
133	0.844425	0.000547	-0.002749
134	0.836227	0.002309	-0.004630
135	0.832851	0.002932	-0.006510
136	0.834394	0.002817	-0.001495
137	0.832272	0.003845	0.000868
138	0.835069	0.001429	0.003858
139	0.832948	0.002117	-0.001736
140	0.841532	0.001596	0.002363
141	0.841049	0.002921	-0.001881
142	0.842978	0.001340	-0.004244
143	0.840278	-0.001757	0.001833
144	0.836420	-0.002372	-0.000434
145	0.833430	0.000195	0.006414
146	0.827064	0.000666	0.010031
147	0.831308	0.001959	0.013214
148	0.829958	-0.000148	0.011333
149	0.833912	0.000562	0.005498
150	0.832562	-0.001505	0.008488
151	0.836902	0.002247	0.005064
152	0.834684	0.001147	0.006028
153	0.834491	0.000021	0.004196
154	0.829668	0.001978	0.003279
155	0.829186	-0.001107	0.003424
156	0.836516	0.002128	-0.001109
157	0.833333	-0.000970	-0.001157
158	0.836420	-0.000322	-0.001206
159	0.835166	0.000947	0.003376
160	0.840181	0.000828	0.002990
161	0.842593	0.001339	0.003231
162	0.843654	0.001739	0.002797
163	0.842882	0.001026	0.001784
164	0.838831	-0.000257	0.001688
165	0.840471	-0.000572	-0.001495
166	0.840085	-0.000089	0.001977
167	0.832755	0.001034	0.003713
168	0.839796	-0.000923	-0.001495
169	0.839120	-0.000439	-0.003713
170	0.840760	-0.000966	-0.004967
171	0.839988	0.001735	-0.006076
172	0.841628	-0.000219	-0.003376
173	0.831115	-0.002654	-0.004196
174	0.829282	-0.002008	-0.002797
175	0.835841	-0.001233	-0.005498
176	0.839603	0.000440	-0.008439
177	0.839988	0.001096	-0.006510
178	0.837963	-0.000730	-0.003183
179	0.841917	-0.000381	-0.003569
180	0.837674	-0.000333	-0.004003
181	0.839217	0.001067	-0.003424
182	0.840953	0.000881	-0.003424
183	0.837288	-0.001214	-0.005835
184	0.829282	-0.001287	-0.007475
185	0.832176	-0.000446	-0.003906
186	0.833816	0.000256	-0.004774
187	0.833526	-0.001002	-0.001929
188	0.832851	-0.000895	-0.004147
189	0.833912	-0.000550	-0.005932
190	0.835841	0.000673	-0.005546
191	0.829861	-0.000096	-0.003713
192	0.826582	-0.000680	-0.000096
193	0.824942	-0.000057	-0.001206
194	0.829572	-0.000287	-0.001640
195	0.832562	-0.000145	-0.001157
196	0.830247	-0.000554	0.001640
197	0.834780	0.001102	0.003424
198	0.831790	0.000661	0.001591
199	0.832948	0.000105	-0.002074
200	0.828125	0.002398	-0.002942
201	0.828511	-0.000232	-0.007137
202	0.827450	0.000270	-0.003328
203	0.828414	0.000482	-0.005883
204	0.821856	-0.001415	-0.002074
205	0.823399	0.000842	-0.004437
206	0.820023	0.000235	-0.002218
207	0.817805	-0.000229	-0.002074
208	0.816069	-0.000021	0.000627
209	0.820120	-0.001298	0.005835
210	0.825714	0.000602	0.006221
211	0.830343	-0.000623	0.010899
212	0.830826	0.000884	0.009066
213	0.823978	0.000642	0.006559
214	0.821952	0.000784	-0.000965
215	0.820891	0.000127	0.003665
216	0.823206	-0.000598	0.006125
217	0.826389	0.000163	0.002942
218	0.829765	0.000612	0.003086
219	0.832948	0.001805	0.009115
220	0.836613	0.001480	0.003810
221	0.835745	0.000122	0.003569
222	0.838831	-0.001387	0.002797
223	0.837674	0.000078	0.005883
224	0.834105	-0.002819	0.003617
225	0.834008	-0.003567	0.006028
226	0.836227	-0.002033	0.005739
227	0.838445	-0.000723	0.003520
228	0.841628	0.001566	0.004147
229	0.845004	0.003155	0.006366
230	0.844329	0.003103	0.005064
231	0.838349	0.003384	0.000675
232	0.840085	-0.000877	-0.000386
233	0.839313	-0.002377	0.002508
234	0.838059	-0.003485	0.003279
235	0.844715	0.000674	0.002267
236	0.839313	-0.000765	0.004581
237	0.838638	-0.001898	0.002845
238	0.841821	-0.001449	0.005015
239	0.837674	-0.001638	0.008632
240	0.839120	-0.000910	0.005980
241	0.837095	-0.000718	0.005257
242	0.833719	0.000446	0.006655
243	0.836130	-0.000424	0.003424
244	0.834973	-0.000253	0.000916
245	0.838252	0.003771	0.004099
246	0.841339	0.001275	0.004292
247	0.840567	0.000804	0.003906
248	0.843364	0.001718	0.001833
249	0.842593	0.001647	0.004919
250	0.838735	-0.002818	0.002845
251	0.843461	-0.001652	0.006318
252	0.842785	-0.001289	0.002894
253	0.834008	0.001073	-0.000916
254	0.835552	0.000546	0.006125
255	0.839796	-0.000393	0.008970
256	0.830922	-0.000595	0.008198
257	0.832465	0.000309	0.004437
258	0.832755	-0.000661	0.004967
259	0.831115	-0.000309	0.000386
260	0.832272	0.003314	0.004389
261	0.837288	-0.001056	0.005353
262	0.833430	0.000446	0.003569
263	0.830343	-0.000135	0.004533
264	0.835648	0.000216	0.003810
265	0.831887	-0.000072	0.004437
266	0.839313	0.000978	0.001254
267	0.842689	0.001733	-0.001977
268	0.841049	0.000626	-0.002508
269	0.836709	-0.000393	-0.000579
270	0.838156	0.000837	0.000145
271	0.837288	0.001825	-0.000820
272	0.839024	0.000348	0.003086
273	0.849151	-0.000790	0.006318
274	0.843943	-0.001064	0.009066
275	0.841917	-0.002765	0.008777
276	0.846836	-0.000993	0.008873
277	0.841628	0.001210	0.005064
278	0.840085	0.001097	0.004871
279	0.840856	-0.002134	0.002556
280	0.838156	-0.000944	-0.000530
281	0.839024	-0.000980	0.003954
282	0.840085	-0.001551	0.001784
283	0.840471	-0.000193	0.004051
284	0.839988	-0.001292	0.006510
285	0.839410	-0.001424	0.008488
286	0.843364	0.000474	0.001302
287	0.838927	-0.001558	0.002122
288	0.842785	0.001298	0.004823
289	0.842400	0.003158	0.002797
290	0.844329	0.001397	0.004099
291	0.840278	0.000913	0.004919
292	0.847222	0.002402	0.005160
293	0.843654	0.002672	0.006703
294	0.845390	0.006410	0.002845
295	0.845197	0.004324	0.005257
296	0.843750	0.003354	0.010272
297	0.833623	0.003699	0.005257
298	0.838831	-0.002895	0.007620
299	0.845583	-0.000210	0.004003
300	0.844136	0.003272	0.003231
301	0.831983	0.000899	0.005739
302	0.829861	-0.000301	0.005739
303	0.825328	0.000222	0.007716
304	0.822145	-0.000067	0.005401
305	0.826003	-0.001377	0.002797
306	0.827836	-0.000640	0.004967
307	0.830440	0.000769	0.006607
308	0.828800	-0.000054	0.000434
309	0.828318	-0.001183	0.000868
310	0.827546	-0.000115	0.002459
311	0.829765	0.001827	0.002459
312	0.835359	0.001581	-0.002170
313	0.831308	0.000090	0.002170
314	0.826389	-0.001752	0.004196
315	0.826775	0.000313	0.001640
316	0.816937	0.000672	0.004099
317	0.819637	-0.001206	0.003424
318	0.817998	0.000227	0.000193
319	0.819059	-0.000240	0.005546
320	0.821373	-0.000890	0.006993
321	0.826485	-0.000912	0.004003
322	0.820602	0.000105	0.003617
323	0.822627	-0.001178	0.007813
324	0.819637	0.000787	0.008536
325	0.818383	-0.001542	0.006896
326	0.820988	-0.000730	0.007957
327	0.821277	0.001250	0.009115
328	0.818673	0.000366	0.007957
329	0.818480	0.001827	0.006076
330	0.817130	0.001098	0.002652
331	0.821181	0.000217	0.007234
332	0.820023	-0.000888	0.008054
333	0.817805	0.001374	0.008536
334	0.819155	0.000497	0.003954
335	0.822049	-0.000521	0.009549
336	0.827160	-0.000599	0.011815
337	0.832272	0.000629	0.014419
338	0.831115	0.002176	0.012008
339	0.828221	0.000143	0.010610
340	0.832755	-0.000668	0.010176
341	0.831404	0.001142	0.013214
342	0.831404	0.000327	0.010947
343	0.827353	-0.000679	0.013117
344	0.831019	-0.001298	0.013937
345	0.828993	0.002551	0.010272
346	0.827643	0.001052	0.011140
347	0.822531	-0.001323	0.010513
348	0.826100	0.000565	0.007523
349	0.833044	-0.002182	0.007186
350	0.832851	-0.002326	0.007620
351	0.833333	-0.000916	0.008922
352	0.830054	-0.001701	0.006993
353	0.830150	-0.001599	0.006703
354	0.832176	0.000303	0.000723
355	0.836516	-0.001680	0.003472
356	0.833526	-0.000580	0.007041
357	0.831501	0.002052	0.005353
358	0.830729	0.001476	0.007089
359	0.836806	0.003168	0.003906
360	0.828511	-0.000424	0.007571
361	0.838735	-0.000015	0.012683
362	0.835359	-0.000435	0.006462
363	0.835745	0.000621	0.007089
364	0.834587	-0.000035	0.009500
365	0.829668	0.000582	0.006269
366	0.828993	0.000073	0.003762
367	0.828993	0.000369	0.005787
368	0.826871	0.000522	0.005835
369	0.831790	0.000920	0.006655
370	0.836806	0.000009	0.004340
371	0.839410	-0.000342	0.003858
372	0.834973	0.001820	0.002363
373	0.839506	-0.000661	-0.001543
374	0.834877	0.000240	0.001109
375	0.832176	-0.000798	0.000820
376	0.828125	-0.001404	-0.000193
377	0.829765	-0.001531	-0.005401
378	0.828511	0.002212	-0.006655
379	0.829186	-0.000974	-0.007427
380	0.828511	0.002941	0.000965
381	0.832562	0.001958	0.004147
382	0.832851	0.002118	0.002749
383	0.834394	0.001744	0.005787
384	0.839120	0.000786	0.005305
385	0.834491	-0.001304	0.006414
386	0.837288	-0.000241	0.006559
387	0.836902	0.001007	0.005257
388	0.833333	0.000258	0.011236
389	0.836227	0.000319	0.012731
390	0.839796	0.000889	0.008873
391	0.837481	-0.002615	0.009934
392	0.831019	-0.000912	0.008777
393	0.834298	0.000133	0.010995
394	0.844232	-0.000613	0.008488
395	0.842496	-0.000909	0.007523
396	0.845197	-0.000333	-0.001399
397	0.839988	0.000930	-0.006752
398	0.835552	-0.002404	-0.008150
399	0.831983	-0.000035	-0.004051
400	0.829282	-0.000261	-0.002508
401	0.831308	0.000998	-0.005353
402	0.826196	-0.000697	-0.001495
403	0.827064	0.000033	-0.006462
404	0.832562	-0.000923	-0.001929
405	0.828607	-0.000197	-0.000193
406	0.825617	0.001669	-0.000965
407	0.830729	0.001755	-0.001640
408	0.834201	0.003942	-0.002170
409	0.838831	0.002114	-0.000048
410	0.837674	0.000782	-0.000145
411	0.832948	-0.001759	0.003231
412	0.831211	-0.000467	0.003954
413	0.834587	-0.000537	0.003472
414	0.834394	0.000085	0.005353
415	0.839024	-0.000904	0.005257
416	0.837674	-0.001758	0.003279
417	0.840567	-0.002454	0.004774
418	0.837481	-0.001688	0.004003
419	0.841339	0.001564	0.005932
420	0.837481	0.000236	0.005015
421	0.834780	-0.002577	0.004533
422	0.835069	-0.002567	0.006173
423	0.838927	-0.000255	0.001302
424	0.836034	0.000862	0.004581
425	0.840374	0.001538	0.007716
426	0.835455	-0.000601	0.002749
427	0.834780	0.000384	0.003906
428	0.831887	0.001607	0.006076
429	0.831404	0.002292	0.009452
430	0.832176	0.000804	0.007909
431	0.829090	0.001040	0.000338
432	0.830150	0.000918	0.002652
433	0.824749	-0.000090	-0.001350
434	0.830922	-0.000476	0.005257
435	0.835069	0.000982	0.003231
436	0.831404	-0.002111	0.005449
437	0.826871	0.001656	0.007137
438	0.823785	0.000858	0.006269
439	0.823592	-0.000314	0.002074
440	0.828414	0.000870	-0.000530
441	0.825039	0.001869	0.000627
442	0.822724	-0.000295	0.003810
443	0.829668	-0.002422	0.002845
444	0.826775	-0.001028	0.004196
445	0.821759	0.000487	0.008873
446	0.821277	0.000350	0.006510
447	0.824846	0.000512	0.005015
448	0.829958	-0.001012	0.002894
449	0.831501	-0.000404	0.000868
450	0.830536	-0.000564	0.000916
451	0.831019	0.000326	0.007330
452	0.827643	-0.000361	0.005642
453	0.821566	0.001144	0.002845
454	0.816551	0.001016	0.000096
455	0.816165	-0.000014	-0.001495
456	0.818383	0.000801	0.001399
457	0.819927	-0.000285	0.000241
458	0.819541	0.001627	-0.000289
459	0.823881	0.002519	0.002894
460	0.828414	0.001853	0.002267
461	0.829282	0.001952	0.002025
462	0.827546	-0.000438	0.003376
463	0.822531	0.000163	-0.000096
464	0.823592	-0.000213	0.004147
465	0.827160	-0.000098	0.002604
466	0.825907	-0.000173	-0.001061
467	0.824846	-0.000042	-0.001061
468	0.828607	-0.000112	-0.006800
469	0.820216	0.000542	-0.000965
470	0.817708	0.000639	-0.006703
471	0.811632	-0.000292	-0.003617
472	0.809799	-0.000487	-0.004292
473	0.810378	0.000459	-0.005932
474	0.806327	0.000662	-0.005449
475	0.808738	0.000765	-0.005835
476	0.811150	0.000884	-0.001399
477	0.817515	-0.000706	-0.005160
478	0.816262	0.000887	-0.002267
479	0.811150	0.000188	-0.006414
480	0.819734	0.001880	-0.003279
481	0.820891	0.000258	0.000772
482	0.825521	0.000392	-0.000096
483	0.824460	0.001015	-0.005594
484	0.826389	-0.000572	-0.002845
485	0.821373	-0.001218	-0.003713
486	0.824846	-0.002205	-0.006366
487	0.818673	-0.001877	-0.000675
488	0.817419	-0.000914	0.000241
489	0.822627	-0.001877	-0.002508
490	0.820698	-0.001950	-0.001833
491	0.817612	-0.001006	0.000965
492	0.821277	0.001226	0.001013
493	0.823110	0.000837	0.002363
494	0.818673	0.000669	0.001591
495	0.826389	-0.000210	0.004823
496	0.829379	-0.000120	0.001061
497	0.829668	-0.000479	0.000145
498	0.836420	0.002588	0.001495
499	0.835455	0.000952	0.003328
500	0.828318	-0.000008	0.000000
501	0.828414	0.000181	0.001688
502	0.824653	-0.000477	0.003086
503	0.825714	0.002190	-0.000965
504	0.824653	-0.000063	-0.002459
505	0.820602	-0.000583	0.001302
506	0.822627	0.001104	-0.002074
507	0.830247	-0.000404	0.000723
508	0.831308	0.003210	-0.001977
509	0.826871	-0.002054	-0.000820
510	0.828897	0.003279	0.001302
511	0.827836	0.002453	0.002122
512	0.823302	0.000185	-0.002411
513	0.820602	0.000924	-0.001157
514	0.821566	-0.001747	-0.002315
515	0.827064	-0.001793	-0.000965
516	0.819348	-0.000737	-0.000772
517	0.817130	-0.000249	-0.004726
518	0.817226	-0.000116	-0.001447
519	0.824267	0.001160	-0.000627
520	0.824074	-0.000712	-0.005064
521	0.825907	-0.002112	-0.005787
522	0.824556	-0.000937	-0.008584
523	0.829186	-0.000803	-0.008584
524	0.830150	-0.001343	-0.004533
525	0.824460	-0.001042	-0.006028
526	0.829090	0.000974	-0.009597
527	0.829765	0.000465	-0.007137
528	0.831308	0.001344	-0.004967
529	0.832948	-0.000648	-0.003569
530	0.832755	0.001555	-0.002894
531	0.827739	-0.000485	-0.001881
532	0.833140	0.000135	0.000386
533	0.832079	0.000769	0.000530
534	0.837577	0.003384	-0.000627
535	0.832369	0.000879	0.001157
536	0.839120	-0.000155	0.003279
537	0.844618	-0.000839	0.007137
538	0.842014	0.001411	0.007089
539	0.838542	0.000274	0.008005
540	0.840374	-0.001126	0.008005
541	0.844907	0.002573	0.007137
542	0.847704	0.000312	0.004678
543	0.845004	0.001066	0.002894
544	0.841049	0.001912	-0.001254
545	0.833623	0.001399	0.002797
546	0.826582	0.001406	0.003135
547	0.826389	-0.002199	0.005642
548	0.834684	0.000094	0.004871
549	0.825907	-0.000023	0.005691
550	0.829572	-0.000294	0.008102
551	0.827643	-0.000616	0.008005
552	0.828414	0.000137	0.005160
553	0.828607	0.000131	0.008970
554	0.835069	0.000321	0.006559
555	0.833237	-0.001586	0.002749
556	0.830826	0.002666	0.006944
557	0.831308	0.002234	0.003954
558	0.832755	0.001731	0.002894
559	0.824846	-0.000520	0.005353
560	0.819637	0.000382	0.003135
561	0.814043	0.000399	0.002170
562	0.812500	-0.000475	0.004678
563	0.816358	0.001114	0.002074
564	0.825714	-0.000697	0.006173
565	0.824363	0.001106	0.006366
566	0.825424	-0.000052	0.008054
567	0.830826	0.001004	0.008295
568	0.826678	0.002153	0.005594
569	0.830440	0.000730	0.003858
570	0.833140	-0.000434	0.009983
571	0.834298	-0.001118	0.007234
572	0.836709	-0.001532	0.004099
573	0.840471	-0.001034	0.007282
574	0.839410	-0.000531	0.012008
575	0.837288	-0.002950	0.008005
576	0.827836	-0.000587	0.009452
577	0.826968	-0.001163	0.007041
578	0.822917	0.002065	0.005787
579	0.823785	0.002246	0.005883
580	0.825424	0.000847	0.006318
581	0.820313	0.000413	0.005835
582	0.822724	0.001179	0.001013
583	0.826003	0.000349	0.001688
584	0.827450	0.000970	0.003038
585	0.823206	0.000348	0.002170
586	0.819155	-0.001967	0.005064
587	0.825039	0.001369	0.003376
588	0.825521	0.001420	-0.002170
589	0.824749	-0.000272	0.000675
590	0.830150	-0.001050	-0.002411
591	0.832079	0.000079	-0.008391
592	0.829186	-0.003214	-0.008198
593	0.829475	0.000107	-0.006125
594	0.827160	-0.000359	-0.008391
595	0.829765	0.001599	-0.008729
596	0.828414	0.002605	-0.007186
597	0.831983	0.000290	-0.002267
598	0.825810	0.001234	0.001977
599	0.834877	0.001751	0.002267
600	0.831694	-0.000209	0.000868
601	0.832369	-0.001499	-0.001157
602	0.829379	-0.002235	-0.004340
603	0.829379	-0.002179	-0.001206
604	0.831790	0.002121	-0.004485
605	0.833430	0.002974	-0.009259
606	0.834780	-0.000871	-0.008825
607	0.839892	0.000935	-0.005449
608	0.839988	0.003072	-0.007378
609	0.837577	0.001204	-0.009693
610	0.835359	0.001645	-0.008439
611	0.830440	0.000727	-0.009307
612	0.828125	0.001315	-0.009115
613	0.834008	0.001799	-0.009018
614	0.832755	0.000980	-0.008970
615	0.833430	-0.000744	-0.007813
616	0.828125	-0.000676	-0.007523
617	0.827257	-0.001624	-0.005739
618	0.832176	0.001650	-0.006896
619	0.830440	0.001692	-0.011236
620	0.836420	0.000015	-0.007137
621	0.833430	-0.000298	-0.007282
622	0.829958	0.001197	-0.008536
623	0.825424	0.000305	-0.002315
624	0.827353	0.002555	0.000675
625	0.826196	-0.000819	-0.000338
626	0.837867	0.000304	0.001543
627	0.836420	0.001888	0.003520
628	0.837481	0.000084	0.004485
629	0.830633	0.000926	0.004292
630	0.831211	-0.000498	0.002170
631	0.835166	0.002305	0.001640
632	0.830440	0.000230	-0.002025
633	0.838445	0.000299	0.000530
634	0.834780	-0.000600	-0.002556
635	0.832465	-0.000212	-0.000482
636	0.839988	-0.001059	0.001543
637	0.837674	0.003253	-0.000241
638	0.833140	0.001752	-0.001881
639	0.831597	0.000218	-0.005112
640	0.836902	-0.001777	-0.007668
641	0.834491	-0.001914	-0.008632
642	0.834780	-0.001831	-0.003617
643	0.833526	-0.000960	-0.006752
644	0.833816	-0.000886	-0.009838
645	0.829765	0.000884	-0.004437
646	0.832272	0.000174	0.000241
647	0.832851	0.000546	-0.002797
648	0.834394	0.000602	-0.002459
649	0.828800	0.001261	-0.005015
650	0.836709	0.001883	-0.002411
651	0.835745	-0.000042	-0.003569
652	0.835938	0.000508	-0.000145
653	0.833044	0.001494	0.000772
654	0.836998	0.000863	-0.002074
655	0.835552	-0.000629	-0.004871
656	0.837867	-0.000658	-0.001977
657	0.839603	0.000831	-0.009452
658	0.844811	-0.002058	-0.004678
659	0.840085	-0.002251	-0.004774
660	0.837481	-0.000768	-0.001881
661	0.838252	-0.003315	0.002315
662	0.836130	-0.001179	0.000000
663	0.832369	-0.000264	-0.005112
664	0.831887	0.001268	-0.005835
665	0.835552	0.002980	-0.004919
666	0.832079	0.003191	-0.004533
667	0.831887	0.000110	-0.005932
668	0.833623	-0.000232	-0.004099
669	0.830150	0.000034	-0.003858
670	0.830054	-0.000818	-0.002363
671	0.828029	-0.000303	0.001399
672	0.831983	-0.000489	0.001784
673	0.821566	-0.000444	0.002170
674	0.832465	0.000446	0.002508
675	0.836130	0.000406	0.001254
676	0.833333	0.000494	0.001495
677	0.828511	0.000852	0.001688
678	0.825907	0.001608	0.002267
679	0.824074	0.000855	0.004823
680	0.830922	-0.001155	0.003472
681	0.830826	0.000513	0.007620
682	0.829282	0.000746	0.009645
683	0.832948	-0.001267	0.008439
684	0.834298	0.000242	0.009452
685	0.828897	-0.000483	0.006993
686	0.831597	0.000621	0.005980
687	0.831597	-0.002370	0.005015
688	0.826871	0.001226	0.002797
689	0.828414	-0.000460	0.001495
690	0.830247	-0.000529	0.004823
691	0.829958	-0.001055	0.003810
692	0.830826	-0.002699	0.000434
693	0.829186	0.000453	0.004485
694	0.837095	-0.002398	0.004003
695	0.839699	-0.002902	0.009404
696	0.836998	0.000804	0.006462
697	0.837384	-0.001090	0.004003
698	0.845775	-0.000088	0.002411
699	0.849537	-0.000276	0.004244
700	0.849344	0.001798	0.000482
701	0.843171	0.002187	0.002122
702	0.836902	0.001352	0.001784
703	0.830729	0.001018	-0.002074
704	0.827836	0.002342	-0.001543
705	0.826003	0.000752	-0.002990
706	0.832369	0.001301	-0.005498
707	0.832948	-0.000341	-0.005112
708	0.835745	-0.000753	-0.000723
709	0.838349	-0.000988	-0.003810
710	0.839410	-0.000357	-0.006028
711	0.830826	-0.001513	-0.002218
712	0.835262	0.003387	0.001399
713	0.832465	0.000636	-0.001013
714	0.837191	0.000143	0.001447
715	0.834008	-0.002784	0.003906
716	0.828800	-0.000758	0.000338
717	0.833237	-0.001633	-0.003183
718	0.824749	0.000906	0.004630
719	0.828800	0.001284	0.002894
720	0.830054	-0.000664	0.008295
721	0.834780	-0.001680	0.004437
722	0.831983	-0.000652	0.004967
723	0.835166	-0.000950	0.002411
724	0.832369	0.000383	0.000530
725	0.832948	0.000091	-0.001013
726	0.833044	0.000152	-0.002363
727	0.833237	-0.000485	-0.001495
728	0.827836	0.001427	-0.000675
729	0.828607	0.001419	-0.001881
730	0.828414	-0.001000	-0.002749
731	0.828221	-0.000641	-0.000965
732	0.829282	-0.000089	-0.002315
733	0.828897	0.000319	-0.001254
734	0.826003	0.000238	-0.000145
735	0.834008	0.000328	0.004196
736	0.837191	-0.000781	0.005257
737	0.838252	0.001054	0.003376
738	0.839313	0.003863	0.004581
739	0.834684	0.000454	0.001206
740	0.832465	0.000530	0.001495
741	0.833430	0.002530	0.002459
742	0.830247	0.002254	0.000434
743	0.831887	0.000033	0.000916
744	0.837963	0.000798	0.003086
745	0.833912	-0.001805	-0.000965
746	0.834201	-0.000408	-0.006752
747	0.834105	-0.001444	-0.004581
748	0.837674	0.000873	-0.007909
749	0.838638	-0.001986	-0.004292
750	0.835841	-0.000920	-0.003472
751	0.842110	0.004009	-0.004099
752	0.836902	-0.000123	-0.001784
753	0.837577	0.000245	0.001206
754	0.829186	0.000570	0.000916
755	0.824846	-0.001200	0.002604
756	0.826003	-0.001686	0.006269
757	0.829475	-0.003035	0.008825
758	0.826871	0.000203	0.010561
759	0.826485	0.002012	0.008584
760	0.827450	0.000924	0.011526
761	0.823206	-0.001603	0.010079
762	0.824556	-0.001781	0.012876
763	0.823495	-0.001159	0.013551
764	0.823978	0.001752	0.009211
765	0.823592	-0.000785	0.009597
766	0.829958	-0.000329	0.007909
767	0.830247	0.000958	0.006896
768	0.830440	0.000130	0.001929
769	0.825617	-0.000340	0.001109
770	0.822724	0.000957	0.003376
771	0.821181	0.002138	0.007427
772	0.825714	0.002703	0.009742
773	0.831019	0.000782	0.009500
774	0.827257	-0.000280	0.008729
775	0.830826	0.000113	0.006800
776	0.836227	-0.000427	0.005305
777	0.835359	-0.001378	0.006848
778	0.830922	0.002505	0.005401
779	0.826485	0.000804	0.004919
780	0.830343	-0.001358	0.006655
781	0.827450	0.001363	0.005064
782	0.818480	0.000668	0.004003
783	0.820409	-0.001618	0.003424
784	0.817323	-0.001961	0.000627
785	0.822049	0.001116	-0.004871
786	0.817130	0.000071	0.000723
787	0.816069	0.001784	0.000000
788	0.820313	0.000348	0.002556
789	0.820216	-0.000683	0.005160
790	0.820795	-0.001498	0.004340
791	0.822338	-0.001517	0.011092
792	0.826100	0.000017	0.010031
793	0.822145	-0.000234	0.010368
794	0.826582	0.000288	0.010272
795	0.830343	-0.002046	0.007764
796	0.827160	-0.003358	0.005208
797	0.819444	-0.001618	0.004774
798	0.817805	0.000273	0.007282
799	0.820120	-0.001198	0.008054
800	0.826196	-0.000351	0.007668
801	0.826775	-0.000248	0.009307
802	0.821181	-0.001116	0.014226
803	0.820409	-0.002365	0.012587
804	0.820023	-0.000919	0.008391
805	0.814429	-0.000100	0.007668
806	0.817612	0.000428	0.007571
807	0.823110	-0.000665	0.005835
808	0.817708	-0.001479	0.004630
809	0.823110	-0.001865	0.004726
810	0.822820	-0.000181	0.007137
811	0.817226	0.000095	0.005787
812	0.820505	-0.000989	0.003762
813	0.809703	-0.001022	0.001591
814	0.809124	-0.000316	0.002122
815	0.812404	0.001420	-0.002990
816	0.816358	-0.001236	-0.001688
817	0.816937	-0.001117	-0.002556
818	0.818769	-0.000918	0.001013
819	0.823206	-0.000422	-0.000530
820	0.821663	0.000753	0.000579
821	0.822531	-0.000707	0.001302
822	0.823302	-0.000908	0.002267
823	0.820602	-0.000491	0.004147
824	0.823688	-0.000493	0.004919
825	0.824363	0.001195	0.005353
826	0.820023	-0.000838	0.007523
827	0.819252	-0.002194	0.005546
828	0.823785	-0.000078	0.005449
829	0.820795	-0.000632	0.005112
830	0.821181	-0.000881	0.004003
831	0.813368	-0.001037	0.003135
832	0.813079	0.000480	0.000675
833	0.817805	-0.001209	0.000723
834	0.826871	0.000699	-0.000627
835	0.826292	0.000310	0.001254
836	0.816454	-0.000665	-0.005642
837	0.821470	0.000282	-0.006800
838	0.819444	0.000654	-0.004244
839	0.822434	0.002219	-0.002556
840	0.824267	-0.000118	0.001495
841	0.823688	0.001338	0.001206
842	0.830343	0.000904	0.002459
843	0.825521	-0.000389	0.001302
844	0.819734	0.000091	0.005498
845	0.819734	-0.000813	0.006462
846	0.820795	0.000680	0.007957
847	0.826292	0.001088	0.010947
848	0.825617	0.000425	0.003424
849	0.826582	-0.000043	0.000096
850	0.827160	-0.001783	0.001061
851	0.829765	-0.000520	0.001688
852	0.822434	-0.000989	0.002170
853	0.818191	-0.000277	0.002363
854	0.824363	-0.001443	-0.001881
855	0.822724	0.000744	0.000530
856	0.821566	-0.001803	0.004147
857	0.821856	0.000996	0.004726
858	0.821084	0.000505	0.005112
859	0.819155	0.001307	0.007330
860	0.827643	0.000761	0.003665
861	0.823399	-0.000169	0.000338
862	0.812211	-0.001534	0.003086
863	0.822338	0.001128	0.002363
864	0.824074	-0.000158	0.001688
865	0.822820	0.000959	0.002074
866	0.829765	0.000014	0.006221
867	0.830150	-0.000955	0.006703
868	0.822724	-0.002260	0.012153
869	0.824363	-0.000772	0.006703
870	0.831597	-0.001699	0.006510
871	0.831211	-0.002717	0.003472
872	0.836902	-0.000826	0.004099
873	0.835841	-0.001326	0.000000
874	0.840953	0.000189	-0.002122
875	0.844329	0.000477	-0.002749
876	0.838831	-0.000928	0.000289
877	0.841532	-0.002767	-0.000675
878	0.842303	-0.004225	0.005112
879	0.840085	-0.001573	0.001157
880	0.839699	0.001433	-0.003810
881	0.839217	0.000290	-0.001495
882	0.832562	0.000970	-0.000338
883	0.832079	0.000153	-0.001929
884	0.838156	-0.001371	0.005305
885	0.836902	-0.001484	0.004340
886	0.837770	-0.002440	0.006366
887	0.842400	-0.003239	0.003328
888	0.843654	-0.004322	0.004967
889	0.840181	-0.002375	0.003569
890	0.834491	-0.001847	0.004437
891	0.830343	-0.000648	0.001688
892	0.828414	-0.001460	0.001640
893	0.831211	0.000326	0.003617
894	0.827932	-0.000739	0.003086
895	0.828897	-0.001418	0.006414
896	0.833140	-0.002169	0.006655
897	0.828318	0.000907	0.009886
898	0.831983	0.001568	0.006076
899	0.827064	-0.000415	0.008970
900	0.823302	-0.000707	0.010417
901	0.824653	-0.000718	0.010802
902	0.828897	0.000173	0.007475
903	0.822724	-0.000321	0.007813
904	0.825714	0.000101	0.005594
905	0.820602	-0.000932	0.005883
906	0.830922	-0.000240	0.006366
907	0.837288	-0.001291	0.005257
908	0.839120	-0.002192	0.003472
909	0.835552	-0.002051	-0.000579
910	0.831790	0.000534	0.001736
911	0.828704	-0.000317	0.003762
912	0.827836	-0.002001	0.009211
913	0.830440	-0.000303	0.009163
914	0.831019	0.000273	0.011912
915	0.828125	-0.001203	0.010079
916	0.827257	-0.000268	0.007716
917	0.827064	-0.001592	0.006414
918	0.822145	-0.000631	0.004437
919	0.821181	-0.000450	0.003858
920	0.822627	0.001427	0.008536
921	0.826968	0.000596	0.003713
922	0.825521	-0.000077	0.009983
923	0.831597	0.001485	0.009307
924	0.829861	-0.000334	0.006848
925	0.834587	0.001635	0.006510
926	0.843364	0.001320	0.010224
927	0.840664	0.001550	0.005883
928	0.840085	0.001783	0.006269
929	0.836709	-0.000348	0.005980
930	0.831501	-0.000279	0.008439
931	0.833237	0.002844	0.009066
932	0.828125	0.000990	0.009886
933	0.833623	0.003138	0.010802
934	0.834105	0.000746	0.010272
935	0.837674	-0.000104	0.006221
936	0.837867	0.000512	0.008005
937	0.836709	0.000705	0.007668
938	0.833333	-0.001060	0.004051
939	0.828318	0.001092	0.005401
940	0.835841	0.000276	0.001640
941	0.837288	-0.000309	0.001543
942	0.828704	0.001341	0.004437
943	0.823592	0.001401	0.004099
944	0.828029	-0.000032	0.004003
945	0.831790	0.000339	0.005353
946	0.827160	-0.001244	0.000482
947	0.823302	0.000155	0.004099
948	0.826871	-0.001725	0.003279
949	0.826871	-0.000402	0.001833
950	0.823206	0.000031	0.001447
951	0.829668	0.000201	0.001109
952	0.822917	-0.001543	0.001109
953	0.825521	-0.000677	0.000048
954	0.830247	-0.001600	0.002459
955	0.823495	0.000511	0.003520
956	0.821566	0.000000	0.005883
957	0.822820	0.000184	0.000868
958	0.823110	0.002165	0.002170
959	0.824942	-0.000374	0.001157
960	0.827257	0.000998	-0.002845
961	0.830826	0.000482	-0.003472
962	0.830729	0.000577	-0.006848
963	0.830247	0.001034	-0.002363
964	0.827450	0.000275	-0.004437
965	0.831501	-0.001075	-0.005401
966	0.828607	-0.000338	-0.001013
967	0.833333	-0.002108	-0.000675
968	0.829186	-0.001615	-0.007571
969	0.827546	-0.001575	-0.003135
970	0.826100	0.000502	-0.000579
971	0.824556	-0.001135	0.000675
972	0.817130	-0.000523	0.001399
973	0.812886	-0.001187	0.002652
974	0.813947	0.000446	0.000820
975	0.814911	0.000318	0.002122
976	0.820120	-0.000799	0.001447
977	0.825907	0.000217	0.003231
978	0.821277	-0.000540	0.003279
979	0.820602	-0.000647	-0.001447
980	0.820313	0.001170	-0.000820
981	0.820409	-0.001048	-0.002411
982	0.815683	0.000000	-0.004533
983	0.819348	0.000019	-0.001157
984	0.822242	0.000148	-0.005594
985	0.819252	0.000618	-0.000386
986	0.821952	-0.000089	-0.003713
987	0.824363	0.001089	-0.002267
988	0.820313	0.000224	-0.005064
989	0.824749	0.001008	-0.001206
990	0.827064	0.000291	-0.005353
991	0.832079	-0.000388	-0.003183
992	0.832176	-0.001336	-0.005498
993	0.832465	-0.000745	-0.008873
994	0.832658	0.001987	-0.009693
995	0.835552	0.001286	-0.007330
996	0.834008	-0.000132	-0.010079
997	0.828704	0.002741	-0.008536
998	0.823110	-0.000781	-0.005015
999	0.823206	-0.001691	-0.005835
1000	0.824556	-0.000307	-0.004196
1001	0.827836	0.001305	-0.008536
1002	0.828897	-0.000082	-0.006125
1003	0.829475	0.000624	-0.005739
1004	0.826292	0.000302	0.001881
1005	0.822531	-0.001556	0.000000
1006	0.816551	0.000957	0.002894
1007	0.816069	-0.000637	0.003086
1008	0.822242	0.000593	0.001013
1009	0.825521	-0.000797	0.001447
1010	0.827450	-0.001504	0.007234
1011	0.829861	-0.001090	0.002508
1012	0.825039	0.000284	0.002267
1013	0.822917	0.000845	0.000965
1014	0.826968	-0.000341	0.001977
1015	0.824460	0.000385	0.002170
1016	0.825521	0.002760	0.003472
1017	0.826292	-0.000365	0.002025
1018	0.821856	0.000529	0.004051
1019	0.821470	0.000242	0.001833
1020	0.819348	-0.000060	-0.000048
1021	0.820409	-0.002050	0.003038
1022	0.826871	-0.000848	0.003569
1023	0.819637	0.000177	-0.001591
1024	0.815394	0.000318	-0.000386
1025	0.820602	0.000647	-0.001784
1026	0.828029	0.000638	-0.002942
1027	0.823978	-0.001054	-0.000675
1028	0.817130	-0.000155	0.004581
1029	0.816358	-0.000239	-0.000193
1030	0.814622	0.000327	-0.002363
1031	0.817323	0.000015	0.001977
1032	0.818866	-0.000154	-0.002990
1033	0.819059	-0.001781	-0.002652
1034	0.825521	-0.000351	-0.001109
1035	0.824942	0.000372	0.000965
1036	0.821277	0.000721	0.002652
1037	0.819059	-0.002054	0.004244
1038	0.824942	-0.001228	0.009693
1039	0.828318	-0.000836	0.005883
1040	0.830150	0.000364	0.003569
1041	0.832562	-0.000826	0.005642
1042	0.837384	0.000496	0.007089
1043	0.835455	0.000265	0.006462
1044	0.831019	-0.000442	0.007330
1045	0.834684	0.000933	0.004340
1046	0.832948	0.001651	0.001784
1047	0.830633	0.001429	0.001977
1048	0.831887	0.000430	0.001833
1049	0.829572	-0.001710	-0.001977
1050	0.827546	0.000370	-0.005691
1051	0.831694	0.001811	-0.006125
1052	0.830729	0.001101	-0.000193
1053	0.832079	-0.000192	0.000434
1054	0.826582	0.000902	-0.003520
1055	0.828029	0.001017	0.003906
1056	0.825424	-0.000918	-0.000820
1057	0.821759	-0.000025	0.000530
1058	0.825617	-0.001982	-0.001736
1059	0.829572	0.000648	-0.004437
1060	0.825907	-0.000856	-0.001929
1061	0.823495	-0.000195	-0.009163
1062	0.829475	-0.000694	-0.007234
1063	0.831211	0.001041	-0.006462
1064	0.830536	-0.000916	-0.006848
1065	0.831597	0.001811	-0.000579
1066	0.830343	0.002546	-0.000772
1067	0.831790	0.000465	-0.004533
1068	0.832658	-0.001912	-0.002749
1069	0.830343	-0.001246	-0.002845
1070	0.838349	-0.001293	-0.003231
1071	0.836227	-0.002371	-0.004823
1072	0.834587	-0.002040	-0.002074
1073	0.837384	-0.000608	-0.002508
1074	0.839892	-0.004013	-0.003472
1075	0.839603	-0.003840	0.000000
1076	0.840567	0.000587	0.000048
1077	0.838638	-0.002282	0.000000
1078	0.833912	-0.001176	0.001399
1079	0.832176	-0.002065	0.002942
1080	0.837481	-0.001414	0.003713
1081	0.840760	0.000558	0.000868
1082	0.836902	-0.001088	0.004051
1083	0.833237	0.000519	0.000289
1084	0.834780	0.000744	0.000434
1085	0.830729	0.000777	-0.001591
1086	0.821856	-0.000167	-0.002363
1087	0.823495	-0.000453	-0.001736
1088	0.828414	0.000106	-0.001977
1089	0.831404	0.000780	-0.001881
1090	0.828221	0.002859	0.002025
1091	0.829379	-0.000514	-0.003086
1092	0.828125	-0.000997	-0.006125
1093	0.828800	-0.001395	-0.005691
1094	0.822627	-0.000173	-0.009500
1095	0.824460	-0.000367	-0.005932
1096	0.818866	-0.001866	-0.007089
1097	0.821181	0.000585	-0.004147
1098	0.822627	-0.001702	-0.006173
1099	0.833237	-0.000281	-0.005257
1100	0.834491	0.000372	-0.003810
1101	0.838156	0.001321	-0.004244
1102	0.842014	-0.001965	-0.000482
1103	0.838445	-0.000858	0.000096
1104	0.839892	-0.000269	-0.001543
1105	0.839410	0.002002	-0.001495
1106	0.832272	0.000237	-0.005305
1107	0.840567	-0.000921	-0.003086
1108	0.833333	-0.002338	0.000868
1109	0.833140	0.000055	0.001688
1110	0.839024	-0.001019	0.003569
1111	0.835166	-0.002399	0.002894
1112	0.842014	0.000574	0.003279
1113	0.833816	0.000759	0.002363
1114	0.841242	-0.002677	0.005257
1115	0.839024	-0.001373	-0.000530
1116	0.839603	0.000955	-0.001206
1117	0.841339	0.002488	-0.001254
1118	0.843557	0.001032	-0.002845
1119	0.843171	0.001043	-0.001399
1120	0.839024	-0.000517	-0.002556
1121	0.841242	-0.003354	-0.004003
1122	0.840760	0.000097	-0.001688
1123	0.840953	-0.000864	-0.003906
1124	0.835455	-0.002238	-0.003713
1125	0.824749	-0.001190	-0.007620
1126	0.818673	0.000682	-0.007861
1127	0.817515	0.000689	-0.006800
1128	0.816165	-0.001388	-0.004437
1129	0.815876	-0.000236	-0.009452
1130	0.818383	0.001711	-0.010802
1131	0.820602	-0.001409	-0.014612
1132	0.822049	-0.000387	-0.010561
1133	0.823013	-0.001349	-0.008681
1134	0.822049	0.000126	-0.009452
1135	0.823785	0.000631	-0.011381
1136	0.823688	0.001144	-0.008488
1137	0.826100	-0.001435	-0.011863
1138	0.827353	-0.000329	-0.011671
1139	0.825714	-0.001356	-0.006993
1140	0.826582	-0.001560	-0.006752
1141	0.833237	-0.002389	-0.003665
1142	0.832369	-0.001544	-0.009549
1143	0.828993	0.001643	-0.012731
1144	0.826292	-0.000125	-0.013841
1145	0.828897	-0.001272	-0.009211
1146	0.831887	-0.001308	-0.008005
1147	0.837191	0.001623	-0.009790
1148	0.836902	0.001072	-0.011285
1149	0.836034	-0.000866	-0.005691
1150	0.839024	-0.000100	-0.005642
1151	0.838735	-0.000204	-0.005064
1152	0.834394	0.000335	-0.002315
1153	0.833816	-0.000880	-0.004196
1154	0.836323	0.000561	-0.006993
1155	0.834201	0.003633	-0.005112
1156	0.833140	0.000091	-0.007909
1157	0.836323	0.001553	-0.003569
1158	0.833719	0.001439	0.001881
1159	0.834684	0.001312	-0.001495
1160	0.831983	0.001226	0.003183
1161	0.828029	0.001159	0.002170
1162	0.828993	0.002106	0.003520
1163	0.831597	-0.000406	0.007186
1164	0.835841	-0.001333	0.005064
1165	0.827643	0.000224	0.003135
1166	0.826196	-0.001390	0.008777
1167	0.827257	-0.000690	0.010417
1168	0.829861	0.000191	0.011188
1169	0.830826	-0.000642	0.014178
1170	0.828125	-0.001556	0.016204
1171	0.830826	-0.000109	0.016107
1172	0.830440	-0.000398	0.014902
1173	0.821759	-0.000112	0.011140
1174	0.817612	-0.000425	0.010658
1175	0.825231	-0.000794	0.008102
1176	0.820698	-0.001412	0.007620
1177	0.819637	-0.000848	0.007234
1178	0.824846	-0.000980	0.005980
1179	0.826196	0.000385	0.005642
1180	0.821084	0.001058	0.008247
1181	0.820120	0.001678	0.007186
1182	0.826100	0.002037	0.005305
1183	0.820698	0.000677	0.005739
1184	0.816840	0.001365	0.010368
1185	0.822338	-0.000701	0.005498
1186	0.824749	0.001342	0.002556
1187	0.824363	-0.002369	0.005449
1188	0.824653	-0.000127	0.004003
1189	0.819637	0.001374	-0.000241
1190	0.811053	0.000601	-0.001302
1191	0.817033	0.001324	0.001013
1192	0.818383	-0.000116	-0.000338
1193	0.819444	-0.000922	0.001061
1194	0.817419	-0.000733	0.001591
1195	0.822434	0.000166	0.002990
1196	0.823495	-0.000868	0.003328
1197	0.821373	0.000244	0.001399
1198	0.822724	0.001171	0.004437
1199	0.821759	-0.001151	0.006366
1200	0.819444	0.000962	0.003954
1201	0.826196	-0.001356	-0.001640
1202	0.828897	-0.000206	-0.003231
1203	0.829861	-0.000821	-0.000868
1204	0.827353	-0.001053	0.001881
1205	0.833430	0.000007	-0.002845
1206	0.835648	0.001452	-0.001881
1207	0.838831	0.000066	0.003858
1208	0.834008	0.000303	0.004437
1209	0.839988	-0.000328	0.004196
1210	0.832755	-0.000064	0.005883
1211	0.829379	0.001161	0.002990
1212	0.827836	0.001272	0.002749
1213	0.830633	0.000774	0.001399
1214	0.833816	0.001462	0.002267
1215	0.836806	0.002781	-0.000289
1216	0.842496	0.001273	-0.002170
1217	0.833333	-0.000124	0.000338
1218	0.833237	0.001448	0.002797
1219	0.834201	0.002528	0.002797
1220	0.832851	0.000045	0.000096
1221	0.834394	-0.000335	-0.002701
1222	0.833237	0.001552	-0.000386
1223	0.828800	-0.001295	0.000338
1224	0.837095	0.000697	0.002459
1225	0.827643	0.002325	-0.004340
1226	0.828897	0.001270	-0.002845
1227	0.829765	0.001759	0.000289
1228	0.834973	-0.001866	0.002267
1229	0.832562	0.002131	-0.001929
1230	0.831887	0.000373	-0.002170
1231	0.831983	0.000214	-0.003376
1232	0.834973	0.000580	-0.005305
1233	0.836902	0.000344	-0.007137
1234	0.837867	-0.001338	-0.008343
1235	0.839313	0.000733	-0.012201
1236	0.837770	0.001645	-0.007764
1237	0.834587	0.001424	-0.007764
1238	0.840567	0.001642	-0.005546
1239	0.835069	0.001196	-0.005449
1240	0.835166	0.000178	-0.006462
1241	0.827643	0.000432	-0.004678
1242	0.830343	0.002241	-0.003665
1243	0.828125	-0.000896	-0.002990
1244	0.829090	-0.000976	0.000868
1245	0.831404	-0.001128	0.002894
1246	0.838542	-0.001396	0.004485
1247	0.836613	-0.000745	0.009404
1248	0.831694	0.000750	0.005883
1249	0.838059	0.001731	0.003086
1250	0.838156	0.000716	0.000434
1251	0.840664	-0.000689	0.000530
1252	0.838831	0.000900	-0.000627
1253	0.842882	-0.001095	0.000145
1254	0.843075	0.003200	0.001688
1255	0.847897	0.000706	0.004581
1256	0.847415	0.000943	0.000965
1257	0.841242	-0.001303	0.005112
1258	0.837481	0.002548	0.006703
1259	0.829861	0.003462	0.004919
1260	0.835552	0.002250	0.002074
1261	0.835648	0.001407	-0.000193
1262	0.831790	0.000490	0.004389
1263	0.831019	0.001156	0.001833
1264	0.829282	0.001002	0.002459
1265	0.832948	-0.002748	0.001254
1266	0.832851	0.001805	0.006028
1267	0.832851	-0.000635	0.005160
1268	0.834105	-0.000178	0.007475
1269	0.825231	0.000738	0.009404
1270	0.830343	-0.000759	0.006318
1271	0.823592	-0.001088	0.008536
1272	0.830150	0.000107	0.004774
1273	0.832562	0.000253	0.003231
1274	0.834491	-0.002416	0.005257
1275	0.832369	-0.000571	0.004726
1276	0.829090	-0.001617	0.004678
1277	0.835455	-0.000659	0.006125
1278	0.836227	-0.000214	0.005449
1279	0.831211	0.001171	0.011912
1280	0.829379	-0.000932	0.007620
1281	0.832369	-0.001565	0.002508
1282	0.826968	0.000748	0.004774
1283	0.830922	0.001892	0.005160
1284	0.827450	-0.000120	0.009404
1285	0.823110	-0.001241	0.001350
1286	0.826292	0.001866	-0.000675
1287	0.830247	-0.000134	0.006318
1288	0.832079	0.001607	0.003858
1289	0.834684	0.001243	0.002990
1290	0.836709	0.001247	0.000723
1291	0.831308	0.001992	0.000000
1292	0.830729	0.000800	-0.002218
1293	0.833526	0.000291	-0.000723
1294	0.833333	-0.000225	-0.000482
1295	0.831983	0.000164	0.002218
1296	0.833430	-0.000480	0.001495
1297	0.837867	0.000427	0.005160
1298	0.840085	0.001486	-0.001591
1299	0.842593	-0.003014	0.000820
1300	0.840181	-0.001916	0.003376
1301	0.840856	0.001668	0.005498
1302	0.840471	0.000159	0.006221
1303	0.836998	-0.000087	0.005739
1304	0.837963	0.001390	0.002701
1305	0.830536	-0.002338	0.002315
1306	0.825328	-0.001417	0.001591
1307	0.833044	0.000652	-0.001543
1308	0.835552	0.000601	0.002411
1309	0.830536	-0.000411	0.004678
1310	0.828414	-0.000277	0.004003
1311	0.826678	-0.000295	0.002556
1312	0.828993	0.000716	0.004003
1313	0.835069	-0.001593	0.000386
1314	0.833912	0.000664	0.003183
1315	0.831308	-0.000092	0.003086
1316	0.837384	0.002907	0.003231
1317	0.831404	0.000089	-0.002267
1318	0.834684	-0.002473	-0.000241
1319	0.832562	-0.001188	0.001977
1320	0.831983	0.001641	0.006076
1321	0.836420	0.000338	0.005064
1322	0.832755	0.000443	0.003472
1323	0.824942	0.001235	0.001784
1324	0.824171	0.000456	0.006559
1325	0.831597	-0.000299	0.007523
1326	0.833719	-0.000208	0.006414
1327	0.834201	-0.000725	0.009742
1328	0.835069	0.000839	0.010658
1329	0.834877	0.001294	0.010079
1330	0.831983	0.001036	0.010802
1331	0.832562	0.001082	0.012153
1332	0.834298	0.000968	0.011140
1333	0.839120	0.001248	0.010224
1334	0.842496	-0.003380	0.007571
1335	0.837963	0.000843	0.008391
1336	0.839506	0.000849	0.006221
1337	0.837481	0.002104	0.008488
1338	0.838156	0.001961	0.001399
1339	0.834684	-0.000200	0.000820
1340	0.833719	-0.000610	0.003038
1341	0.832465	-0.003368	0.004147
1342	0.829379	-0.000582	0.005015
1343	0.826871	0.000654	0.002170
1344	0.822627	0.003041	0.003231
1345	0.827353	0.000258	0.003038
1346	0.829572	0.003294	0.002508
1347	0.832948	0.002615	0.000916
1348	0.832562	0.000815	0.004340
1349	0.829861	0.003800	0.002315
1350	0.831501	0.004148	0.001206
1351	0.834973	0.002270	0.003713
1352	0.833526	0.001213	0.002122
1353	0.831887	0.000439	0.001061
1354	0.831790	0.001649	0.001399
1355	0.833526	0.000051	0.001206
1356	0.837095	0.001281	0.001013
1357	0.838638	-0.001946	0.003762
1358	0.835745	-0.001103	0.003086
1359	0.834008	0.002835	0.001688
1360	0.831404	0.003277	0.007089
1361	0.824749	0.001071	0.007186
1362	0.835166	0.001678	0.008681
1363	0.830247	-0.000145	0.005257
1364	0.830729	-0.001357	0.006703
1365	0.833719	-0.001596	-0.001109
1366	0.830150	0.001191	0.001688
1367	0.826968	-0.001993	0.000675
1368	0.828125	-0.000513	0.001399
1369	0.830729	0.001235	0.001206
1370	0.833333	0.000848	0.002074
1371	0.836516	-0.000683	0.004003
1372	0.835262	-0.000012	0.002218
1373	0.835745	0.001564	0.006366
1374	0.832465	-0.000946	0.003038
1375	0.829282	-0.000418	0.001254
1376	0.833430	-0.000610	0.003665
1377	0.837770	-0.001835	0.004919
1378	0.832369	0.001051	0.007620
1379	0.832369	0.001151	0.005594
1380	0.835552	-0.002399	0.007041
1381	0.834394	-0.000886	0.002267
1382	0.842400	-0.001999	0.003762
1383	0.838638	-0.000348	0.007089
1384	0.835359	0.000210	0.003954
1385	0.833430	0.000090	-0.001640
1386	0.830536	0.001709	-0.002170
1387	0.833719	0.000744	0.001350
1388	0.835359	-0.000418	0.000820
1389	0.840471	-0.002054	0.001881
1390	0.834684	-0.000853	-0.003183
1391	0.836034	0.002089	0.002459
1392	0.832079	0.001202	0.003569
1393	0.829090	0.001404	0.000386
1394	0.833430	0.001796	0.003135
1395	0.828414	0.002046	-0.003954
1396	0.829186	-0.000941	-0.007041
1397	0.831501	0.001124	-0.003424
1398	0.829958	0.000454	-0.001350
1399	0.822724	0.000809	-0.000530
1400	0.827160	0.000325	0.004533
1401	0.830633	-0.000007	0.000723
1402	0.835841	0.002107	0.001350
1403	0.831694	-0.000099	0.008777
1404	0.830536	-0.002362	0.005401
1405	0.836709	-0.000278	0.002749
1406	0.830826	-0.000734	0.000000
1407	0.822242	0.000829	-0.000289
1408	0.822724	-0.000144	-0.000627
1409	0.826582	-0.000156	0.000338
1410	0.826678	-0.000481	-0.001157
1411	0.827353	-0.000811	0.002845
1412	0.830633	-0.000474	-0.000289
1413	0.839506	0.000546	-0.004340
1414	0.838831	-0.001196	-0.002363
1415	0.843846	-0.000487	0.000772
1416	0.844425	0.000183	-0.001929
1417	0.844618	0.003780	-0.002556
1418	0.837867	0.002084	-0.001206
1419	0.837095	0.000453	-0.004099
1420	0.835648	0.000648	-0.005594
1421	0.834877	0.000129	-0.006510
1422	0.836420	-0.001273	-0.003762
1423	0.843654	-0.001188	-0.004437
1424	0.837288	-0.003016	-0.002267
1425	0.835648	0.001632	-0.002556
1426	0.840664	0.001483	0.000289
1427	0.837963	0.000041	-0.001977
1428	0.836613	0.000638	-0.004485
1429	0.841532	0.000574	-0.000579
1430	0.840085	-0.000056	0.002170
1431	0.840278	0.003622	0.000145
1432	0.843171	0.001068	-0.002942
1433	0.837674	-0.000232	0.001109
1434	0.841242	-0.000679	0.004919
1435	0.847029	-0.001033	0.004437
1436	0.844136	-0.002309	0.003954
1437	0.842785	-0.001857	0.001399
1438	0.849248	0.000186	0.000579
1439	0.845583	-0.000983	-0.000965
1440	0.843364	0.002241	-0.002122
1441	0.839603	-0.001700	-0.000675
1442	0.832176	-0.000599	-0.000193
1443	0.832369	0.001338	-0.000820
1444	0.840471	0.000531	0.001157
1445	0.836709	0.000810	0.000434
1446	0.836130	0.000928	0.001061
1447	0.833044	0.000072	-0.002604
1448	0.827739	0.001293	-0.001206
1449	0.829861	-0.001472	-0.003328
1450	0.828993	-0.000733	-0.002990
1451	0.822917	-0.000359	-0.002122
1452	0.820988	0.000010	-0.008295
1453	0.826871	0.001124	-0.004678
1454	0.825135	0.000727	-0.005015
1455	0.826582	0.001635	-0.005835
1456	0.822724	-0.001407	-0.007041
1457	0.829765	-0.000717	-0.003424
1458	0.827932	0.000029	-0.002701
1459	0.829282	-0.000796	-0.004244
1460	0.829765	-0.001149	-0.003569
1461	0.835262	0.000687	0.002267
1462	0.834298	0.000183	0.001302
1463	0.828993	0.001830	-0.000096
1464	0.832272	-0.001035	-0.001350
1465	0.834105	0.000504	-0.000048
1466	0.835069	0.002819	0.001591
1467	0.835166	0.000748	0.002170
1468	0.833333	0.000389	0.001302
1469	0.834394	-0.000214	0.004244
1470	0.830150	0.002521	0.003038
1471	0.825714	0.000919	0.005064
1472	0.826871	0.000343	0.007764
1473	0.827932	0.001195	0.002942
1474	0.833044	0.000078	0.000000
1475	0.824171	0.000535	-0.003328
1476	0.820891	-0.000605	-0.000193
1477	0.825714	-0.000082	0.000289
1478	0.819637	0.000804	-0.001929
1479	0.818673	-0.000093	-0.003810
1480	0.813272	0.000624	-0.000530
1481	0.817419	-0.001007	-0.006318
1482	0.817612	0.000397	-0.002942
1483	0.817515	-0.000007	-0.007620
1484	0.817323	-0.000019	-0.002990
1485	0.826871	0.001405	-0.001688
1486	0.834491	-0.002036	0.000530
1487	0.828221	-0.001135	-0.000096
1488	0.828607	-0.000328	-0.001688
1489	0.828993	0.001019	-0.000965
1490	0.824942	0.001708	0.001929
1491	0.824749	0.002179	0.001061
1492	0.823206	0.002088	0.000579
1493	0.828993	0.000529	-0.003472
1494	0.824074	0.000148	0.001350
1495	0.830536	-0.000915	-0.000965
1496	0.837095	-0.002052	0.002604
1497	0.833526	-0.000254	0.003906
1498	0.836516	0.001222	0.001543
1499	0.830440	0.001159	0.001591
1500	0.832465	0.001440	0.002990
1501	0.834684	-0.000782	0.002652
1502	0.835069	0.000159	-0.001640
1503	0.836806	0.000761	0.002508
1504	0.829958	0.000960	0.004196
1505	0.832465	0.000510	0.007909
1506	0.834105	0.000393	0.006655
1507	0.832755	-0.000836	0.007475
1508	0.830536	-0.000434	0.006896
1509	0.825039	0.001354	0.004147
1510	0.830440	-0.000922	0.005257
1511	0.823592	0.001358	0.003858
1512	0.826678	-0.001390	0.004967
1513	0.831211	-0.002539	0.003424
1514	0.829958	-0.001187	0.003617
1515	0.830440	0.001990	0.008102
1516	0.831887	-0.000888	0.009018
1517	0.829186	-0.000510	0.007234
1518	0.833430	0.000761	0.010320
1519	0.838735	-0.000506	0.004967
1520	0.839796	-0.002103	0.007957
1521	0.838735	0.000401	0.006221
1522	0.837095	-0.000051	0.000338
1523	0.839313	-0.002025	0.001399
1524	0.844136	-0.001994	-0.000868
1525	0.841821	0.000421	-0.000868
1526	0.835841	-0.000369	-0.001350
1527	0.836323	-0.002314	-0.000096
1528	0.837577	0.000467	0.000386
1529	0.836902	0.001193	0.000723
1530	0.835455	0.001899	0.000627
1531	0.840374	0.000368	0.001061
1532	0.840664	0.000591	0.000916
1533	0.843557	0.005528	-0.003086
1534	0.840278	0.004158	0.004340
1535	0.842689	0.002598	0.001109
1536	0.840085	0.000364	0.002170
1537	0.840567	-0.000636	0.003665
1538	0.837191	0.000375	0.002556
1539	0.838735	-0.000040	0.001302
1540	0.840085	0.000262	0.002894
1541	0.838445	-0.002133	0.000048
1542	0.843075	-0.000385	-0.000916
1543	0.844039	0.001031	-0.000241
1544	0.840567	0.000290	0.000675
1545	0.847319	-0.002298	0.003086
1546	0.847319	0.001719	0.003520
1547	0.845004	0.002366	0.004871
1548	0.844329	0.004522	0.001929
1549	0.841049	0.002345	0.002749
1550	0.849633	0.000382	0.001736
1551	0.845100	0.000296	0.000193
1552	0.841049	0.002924	0.002074
1553	0.835745	0.000195	-0.002652
1554	0.834201	0.002598	-0.001688
1555	0.835262	0.001036	-0.000434
1556	0.835262	0.001638	-0.001302
1557	0.836420	0.000147	-0.004485
1558	0.840085	0.000165	-0.001833
1559	0.838252	0.000369	0.000916
1560	0.835455	0.000319	-0.001784
1561	0.836130	-0.000626	0.005064
1562	0.839506	0.000715	0.005932
1563	0.844039	0.000374	0.002604
1564	0.849055	0.002489	-0.001833
1565	0.845775	0.002102	-0.001109
1566	0.841821	0.004006	-0.002749
1567	0.839410	0.001597	-0.005305
1568	0.833816	0.002050	-0.006173
1569	0.831983	0.002293	-0.000434
1570	0.837770	0.004299	-0.003858
1571	0.830633	0.003521	-0.003858
1572	0.832755	0.001885	-0.003520
1573	0.830054	-0.002248	-0.004003
1574	0.827932	0.000512	-0.001495
1575	0.834877	0.000941	-0.000386
1576	0.832948	0.001223	-0.000627
1577	0.831694	0.002236	-0.000965
1578	0.831501	0.003275	0.000965
1579	0.834491	-0.001155	-0.000145
1580	0.834105	-0.000269	0.001591
1581	0.842496	-0.000133	0.006125
1582	0.841049	-0.000992	0.007861
1583	0.843750	0.003141	0.009356
1584	0.841435	-0.000321	0.009452
1585	0.842689	0.002422	0.008632
1586	0.839988	0.002319	0.008295
1587	0.840471	0.001218	0.002942
1588	0.836420	-0.000158	0.008536
1589	0.831597	0.002215	0.009066
1590	0.832562	0.000679	0.009356
1591	0.836516	0.001273	0.010706
1592	0.837867	0.003714	0.009018
1593	0.844425	0.003936	0.006028
1594	0.839313	0.000661	0.005449
1595	0.836613	-0.000276	0.005208
1596	0.836613	0.000057	0.002894
1597	0.837770	0.000644	0.007186
1598	0.838349	-0.000956	0.003472
1599	0.836227	-0.000420	0.004099
1600	0.838638	-0.000925	0.007137
1601	0.837577	-0.001640	0.011236
1602	0.837577	0.000360	0.011381
1603	0.839699	-0.001205	0.007523
1604	0.839120	-0.001126	0.007378
1605	0.836420	-0.001024	0.002556
1606	0.837674	0.002136	0.007186
1607	0.828704	-0.001181	0.012394
1608	0.831887	-0.000478	0.008198
1609	0.831211	0.001015	0.005015
1610	0.830922	0.001603	0.006607
1611	0.821084	-0.000288	0.012297
1612	0.828414	-0.001286	0.011478
1613	0.826678	0.000855	0.015625
1614	0.829765	-0.000843	0.010368
1615	0.830633	0.001657	0.010802
1616	0.832755	-0.000230	0.011333
1617	0.826389	-0.000819	0.006414
1618	0.825907	-0.000684	0.007330
1619	0.824653	0.001106	0.006221
1620	0.823785	0.001628	0.012249
1621	0.826678	-0.000701	0.012297
1622	0.835166	-0.000592	0.013792
1623	0.838445	-0.000076	0.009500
1624	0.844232	0.000623	0.011044
1625	0.837384	0.000003	0.007571
1626	0.842882	0.000574	0.008247
1627	0.839024	0.000437	0.005980
1628	0.837577	0.000871	0.002122
1629	0.836516	0.001163	0.003231
1630	0.831887	0.000900	0.003183
1631	0.832948	0.001057	0.000579
1632	0.831115	-0.000281	0.001688
1633	0.828221	-0.000881	0.003038
1634	0.829572	-0.002643	0.002267
1635	0.827064	-0.000056	0.001591
1636	0.826582	0.000044	-0.001302
1637	0.825617	-0.001753	0.002556
1638	0.826968	-0.000026	0.002749
1639	0.826582	0.001067	0.004389
1640	0.826485	-0.000320	0.004389
1641	0.823785	0.001677	0.002604
1642	0.825231	-0.001137	-0.001061
1643	0.818191	0.000317	0.001929
1644	0.822338	-0.000577	0.000434
1645	0.818191	-0.000045	0.003762
1646	0.825521	0.000587	0.002315
1647	0.829186	-0.000124	-0.001302
1648	0.830922	0.003013	-0.003376
1649	0.821952	0.001527	0.003135
1650	0.823785	0.000550	0.002556
1651	0.824363	-0.000496	0.002845
1652	0.828318	-0.000539	0.005208
1653	0.824267	0.001717	0.003954
1654	0.828221	0.000910	0.005015
1655	0.832562	-0.000428	0.004196
1656	0.835552	-0.001495	0.004437
1657	0.838638	0.000800	0.004919
1658	0.844425	0.001014	0.003713
1659	0.845486	-0.000078	0.000482
1660	0.837770	0.001045	0.002459
1661	0.840567	0.002181	0.003713
1662	0.834780	0.000731	0.001688
1663	0.829958	0.001118	0.000386
1664	0.827257	-0.000351	-0.006752
1665	0.832465	0.002291	-0.003906
1666	0.826003	-0.000259	-0.002411
1667	0.827643	0.001071	-0.002701
1668	0.832851	0.001362	-0.003810
1669	0.835648	0.002409	-0.006221
1670	0.831115	-0.000605	-0.005883
1671	0.839120	-0.000438	-0.005546
1672	0.830343	-0.000677	-0.006559
1673	0.831404	-0.001197	-0.006800
1674	0.836998	0.000020	-0.004292
1675	0.840567	-0.002106	-0.001977
1676	0.838735	-0.000454	0.001881
1677	0.829186	0.000150	-0.005835
1678	0.831211	0.001141	-0.004533
1679	0.835262	0.001857	-0.000965
1680	0.831790	0.001697	0.001109
1681	0.833912	0.002864	0.002025
1682	0.834394	0.000414	-0.000434
1683	0.836709	0.000647	0.000145
1684	0.835262	-0.001159	0.002508
1685	0.837770	0.001155	0.004292
1686	0.830150	0.000252	0.001929
1687	0.834780	-0.000288	0.000096
1688	0.834877	-0.001716	0.007668
1689	0.832658	0.000217	0.004389
1690	0.828511	-0.001794	0.004099
1691	0.833526	0.000397	0.004099
1692	0.833237	0.001271	0.003665
1693	0.832272	0.000050	0.007475
1694	0.837384	0.000151	0.003424
1695	0.838059	-0.000689	0.002025
1696	0.836998	-0.000975	-0.000916
1697	0.835552	-0.000255	-0.001350
1698	0.839506	-0.000911	-0.001591
1699	0.837674	0.002668	-0.001109
1700	0.840085	0.001887	-0.004485
1701	0.833816	0.000584	-0.001061
1702	0.836420	0.000371	-0.005835
1703	0.836420	0.001206	-0.007186
1704	0.840085	-0.000114	-0.004678
1705	0.845100	0.000863	-0.007041
1706	0.842496	-0.001466	-0.010176
1707	0.845486	-0.000804	-0.010176
1708	0.844618	-0.001478	-0.007234
1709	0.841628	0.000170	-0.006993
1710	0.832176	-0.000109	-0.009645
1711	0.828607	-0.001543	-0.007909
1712	0.822049	0.001587	-0.009115
1713	0.824846	-0.000320	-0.011140
1714	0.828607	0.001504	-0.011285
1715	0.827643	-0.000013	-0.009115
1716	0.830633	-0.001589	-0.006414
1717	0.826003	0.001054	-0.008150
1718	0.827450	0.001062	-0.004292
1719	0.822724	0.002743	-0.004244
1720	0.821084	0.000285	-0.003713
1721	0.817708	0.000905	-0.000434
1722	0.818094	0.000966	-0.004437
1723	0.819444	0.001002	-0.001977
1724	0.822917	0.001301	0.002025
1725	0.814236	-0.000635	0.005642
1726	0.816358	-0.001402	0.002556
1727	0.818866	-0.000110	-0.001109
1728	0.821470	0.000828	-0.006655
1729	0.827064	0.000844	-0.002025
1730	0.826196	0.000791	-0.002604
1731	0.824074	0.000877	-0.004967
1732	0.822531	0.000708	-0.004147
1733	0.832272	-0.000221	-0.005353
1734	0.832948	0.000958	-0.002749
1735	0.829379	-0.001180	-0.004389
1736	0.832272	0.000016	-0.003954
1737	0.831887	-0.000988	-0.003038
1738	0.824267	-0.000595	0.000579
1739	0.826003	-0.001672	-0.002074
1740	0.831887	0.001194	-0.001350
1741	0.825907	0.000117	0.002074
1742	0.832079	-0.000504	0.002508
1743	0.825907	0.001351	-0.000434
1744	0.829668	-0.001370	0.003906
1745	0.824460	-0.002290	0.001640
1746	0.822145	0.000546	0.004485
1747	0.821759	-0.000120	0.006221
1748	0.827546	0.001178	0.001061
1749	0.830826	-0.000702	-0.003038
1750	0.836998	-0.001623	-0.004630
1751	0.833140	-0.001943	-0.002122
1752	0.831694	-0.001671	-0.003086
1753	0.840664	0.001843	-0.000386
1754	0.840374	0.001289	-0.005787
1755	0.830247	0.002907	-0.004726
1756	0.827257	-0.000121	-0.002025
1757	0.833140	0.000616	0.000675
1758	0.833526	-0.001277	0.000916
1759	0.841242	-0.000372	0.001447
1760	0.841049	-0.000832	-0.002942
1761	0.835841	-0.001697	-0.002025
1762	0.836806	-0.000867	-0.003279
1763	0.833430	0.000148	-0.001688
1764	0.835166	-0.000932	-0.004340
1765	0.835069	0.001885	-0.001495
1766	0.833430	-0.000624	-0.000868
1767	0.828993	-0.002278	-0.001302
1768	0.819830	0.000599	0.000289
1769	0.823688	0.001685	0.002315
1770	0.818769	0.001076	0.001736
1771	0.821952	0.002026	-0.003328
1772	0.823206	0.000387	-0.001399
1773	0.825135	-0.000572	-0.002894
1774	0.816358	0.000145	-0.005594
1775	0.816165	0.000412	-0.006318
1776	0.820505	0.000355	-0.004051
1777	0.820505	0.000146	-0.009983
1778	0.820505	0.000105	-0.006800
1779	0.826678	0.000404	-0.006944
1780	0.835552	-0.000018	-0.004389
1781	0.830922	0.003018	-0.006896
1782	0.828221	0.000634	-0.004871
1783	0.826196	-0.000734	-0.003858
1784	0.827257	-0.001087	-0.006366
1785	0.831501	0.002265	-0.005401
1786	0.827739	0.001685	-0.008536
1787	0.825521	0.001223	-0.005835
1788	0.832176	-0.001609	-0.007234
1789	0.841821	-0.001038	-0.009163
1790	0.841628	-0.000422	-0.002604
1791	0.840760	-0.001093	-0.005835
1792	0.837288	-0.001094	-0.004533
1793	0.839313	-0.000409	-0.005691
1794	0.842400	0.001187	-0.006655
1795	0.843846	-0.001624	-0.010127
1796	0.842014	-0.000628	-0.006848
1797	0.846933	0.002646	-0.006028
1798	0.847801	-0.000807	-0.004244
1799	0.849537	-0.004649	-0.001688
1800	0.848283	-0.003169	-0.003472
1801	0.842303	-0.002691	-0.002652
1802	0.844618	0.000181	-0.004630
1803	0.844232	0.000468	-0.005546
1804	0.837963	0.003228	-0.008102
1805	0.834973	0.001505	-0.008102
1806	0.832755	0.003362	-0.006028
1807	0.834394	-0.000135	-0.001833
1808	0.835938	-0.002292	-0.003713
1809	0.833430	0.001255	-0.002845
1810	0.830633	-0.001425	-0.007089
1811	0.830922	-0.000019	-0.003762
1812	0.826678	0.000692	-0.005642
1813	0.824942	-0.002076	-0.004292
1814	0.828993	-0.000369	-0.005160
1815	0.825039	-0.000956	-0.002990
1816	0.830536	-0.001801	-0.004340
1817	0.830729	0.001833	-0.002315
1818	0.828029	0.000720	-0.001447
1819	0.828511	-0.001300	0.000386
1820	0.827353	0.000842	0.002652
1821	0.825231	0.000636	0.000772
1822	0.822531	-0.000568	0.002652
1823	0.825907	-0.001559	0.004823
1824	0.824556	-0.001161	0.002315
1825	0.825135	-0.001267	0.001157
1826	0.828125	-0.001561	0.000530
1827	0.825231	0.000801	0.003954
1828	0.821373	0.000541	-0.002845
1829	0.826775	-0.000510	-0.001881
1830	0.815972	-0.001102	-0.000289
1831	0.821952	-0.002836	0.004340
1832	0.832176	-0.001500	0.004244
1833	0.834394	-0.002333	0.001591
1834	0.840567	-0.000136	0.003713
1835	0.837770	0.000846	0.007668
1836	0.834587	0.001091	0.005064
1837	0.836227	0.000785	0.002508
1838	0.832755	0.001691	0.002315
1839	0.835359	0.000765	0.003135
1840	0.836420	0.001575	-0.001157
1841	0.836323	0.001875	-0.001447
1842	0.838156	0.000638	-0.001543
1843	0.837770	-0.000900	-0.003038
1844	0.839796	-0.000073	-0.004967
1845	0.842496	0.001438	-0.004533
1846	0.843654	0.003422	-0.004726
1847	0.841532	-0.000620	-0.005064
1848	0.848573	-0.000856	-0.004485
1849	0.839892	-0.000261	-0.005498
1850	0.835359	0.000677	-0.003713
1851	0.835455	-0.002143	0.001929
1852	0.837867	-0.000501	-0.001543
1853	0.842014	-0.002218	-0.007813
1854	0.842689	-0.001265	-0.004533
1855	0.835552	-0.000003	-0.004774
1856	0.835262	0.000110	-0.006510
1857	0.841532	0.001570	-0.006076
1858	0.839699	-0.000345	-0.006414
1859	0.841628	0.000156	0.000916
1860	0.839120	-0.000051	-0.005305
1861	0.839217	-0.000878	-0.003086
1862	0.835359	0.001632	0.000241
1863	0.837288	-0.000314	-0.004340
1864	0.838638	0.001384	-0.001350
1865	0.840664	0.000241	-0.004630
1866	0.840278	0.000935	-0.004823
1867	0.841339	0.002004	-0.002894
1868	0.847029	0.004311	-0.001929
1869	0.849923	0.006589	-0.001929
1870	0.846354	0.001649	-0.002218
1871	0.847994	0.002093	-0.000193
1872	0.849248	0.001677	-0.000289
1873	0.853877	0.004086	-0.004437
1874	0.850019	0.002946	-0.002990
1875	0.853395	0.003105	-0.000772
1876	0.852045	0.004806	-0.003135
1877	0.855903	0.003712	-0.002315
1878	0.856385	0.003310	-0.002990
1879	0.849151	0.003204	-0.005980
1880	0.843846	0.003592	-0.003810
1881	0.846933	-0.000136	0.001109
1882	0.852431	0.001168	0.000096
1883	0.844425	-0.001069	0.002942
1884	0.841242	-0.001634	0.003569
1885	0.837191	0.000356	0.002990
1886	0.836709	-0.000264	-0.000289
1887	0.832755	-0.001090	-0.001013
1888	0.828897	-0.001464	0.000289
1889	0.828029	-0.000903	-0.001929
1890	0.832369	-0.000642	0.001302
1891	0.835745	-0.001715	0.000916
1892	0.829090	0.001493	0.000965
1893	0.827546	-0.001341	0.003328
1894	0.826100	-0.000234	0.002701
1895	0.826389	0.000929	0.004244
1896	0.834394	0.000033	0.003954
1897	0.827450	0.001619	0.004726
1898	0.829765	0.001260	0.006221
1899	0.838542	-0.001595	0.005691
1900	0.838542	0.000971	0.008681
1901	0.829958	0.001394	0.003906
1902	0.832176	0.003422	0.006414
1903	0.826871	0.000545	0.001447
1904	0.825135	0.000657	-0.000241
1905	0.831790	0.000331	0.004630
1906	0.832948	0.001867	0.004292
1907	0.830343	0.000873	0.006076
1908	0.830922	0.000960	0.004340
1909	0.824942	0.001412	0.003713
1910	0.829475	0.000970	0.004340
1911	0.824460	0.000951	0.004389
1912	0.824556	-0.000618	0.006559
1913	0.823785	0.001042	0.004823
1914	0.829090	0.001287	0.004292
1915	0.831887	0.003208	0.002074
1916	0.829090	0.001672	0.005691
1917	0.833719	0.001470	0.005257
1918	0.829282	0.001206	0.004726
1919	0.822338	0.001631	0.004967
1920	0.818673	0.001255	0.003183
1921	0.822145	0.001562	0.005594
1922	0.818576	0.000612	0.007764
1923	0.815104	0.001069	0.007475
1924	0.816069	0.000011	0.005546
1925	0.820409	0.000849	0.003569
1926	0.818673	-0.000323	0.000868
1927	0.820120	0.000238	0.000820
1928	0.818383	-0.002074	-0.000193
1929	0.821373	0.001060	-0.000627
1930	0.823110	-0.000701	0.001013
1931	0.828704	0.001277	0.007089
1932	0.819252	-0.000026	0.005739
1933	0.819541	0.000752	0.006366
1934	0.823592	0.000408	0.006896
1935	0.821084	0.000660	0.005208
1936	0.820505	-0.000035	0.000386
1937	0.822145	0.000902	0.003713
1938	0.811921	-0.000464	-0.001302
1939	0.820505	-0.001557	-0.000482
1940	0.821373	0.000400	0.000820
1941	0.820409	0.001325	-0.004244
1942	0.818094	-0.000047	-0.005353
1943	0.820313	0.000957	-0.004003
1944	0.824653	0.000873	-0.003520
1945	0.823013	-0.000546	-0.003472
1946	0.823013	0.000130	-0.004533
1947	0.818191	0.000053	-0.005594
1948	0.824460	0.000732	-0.002797
1949	0.825714	0.000965	0.001350
1950	0.818962	0.000040	0.003376
1951	0.819541	-0.000481	0.001640
1952	0.824556	-0.000129	0.003328
1953	0.829572	-0.000313	0.005064
1954	0.827064	0.001410	-0.000096
1955	0.823495	0.001009	-0.001013
1956	0.828318	0.001438	-0.002074
1957	0.827932	-0.001753	-0.001447
1958	0.824749	-0.002951	-0.005739
1959	0.828125	-0.001281	-0.008102
1960	0.832562	0.000045	-0.003472
1961	0.838252	0.002148	-0.007427
1962	0.827450	-0.002608	-0.009115
1963	0.832562	-0.000460	-0.007137
1964	0.829572	-0.000550	-0.008247
1965	0.831308	-0.000735	-0.005835
1966	0.835745	0.000927	-0.007523
1967	0.835069	0.000140	-0.002894
1968	0.836998	-0.001164	-0.005401
1969	0.839699	-0.000663	-0.001688
1970	0.836806	-0.000326	-0.002363
1971	0.837095	-0.000483	-0.003328
1972	0.838349	-0.000418	-0.000241
1973	0.837963	0.000338	-0.001881
1974	0.834201	-0.001327	-0.000482
1975	0.839217	-0.001185	-0.001109
1976	0.827836	0.000642	-0.002025
1977	0.821952	-0.000734	-0.004389
1978	0.827257	0.000070	-0.003520
1979	0.828704	0.000657	-0.003762
1980	0.825521	-0.000695	-0.003424
1981	0.833719	0.000959	-0.004099
1982	0.833044	-0.001566	-0.000289
1983	0.827450	0.001679	0.000193
1984	0.828414	0.000491	0.000627
1985	0.833140	-0.000954	0.005498
1986	0.838542	-0.000717	0.003279
1987	0.829186	-0.003061	-0.001784
1988	0.830922	0.000342	-0.001736
1989	0.842400	0.001617	-0.001157
1990	0.839699	0.001750	-0.001977
1991	0.839410	0.002694	-0.002459
1992	0.842593	0.000898	-0.000434
1993	0.844811	0.000687	0.001109
1994	0.837963	0.000163	0.006896
1995	0.835648	0.000180	0.001640
1996	0.835841	-0.000020	0.004340
1997	0.841435	0.003025	0.004051
1998	0.838638	0.002846	0.002604
1999	0.831404	0.002698	0.006028
2000	0.830247	-0.000140	0.005160
2001	0.829668	0.000925	0.003906
2002	0.831694	0.000178	0.004871
2003	0.837095	0.001369	0.003713
2004	0.828800	0.002307	0.002025
2005	0.829668	0.001254	0.001254
2006	0.829668	0.001050	0.000386
2007	0.826582	-0.001012	0.001350
2008	0.827160	-0.001654	0.001350
2009	0.821181	-0.000250	-0.000579
2010	0.831019	-0.001366	0.001495
2011	0.828897	-0.000134	0.001157
2012	0.830054	-0.001751	0.002459
2013	0.835262	-0.002235	0.002556
2014	0.830729	-0.000273	0.002508
2015	0.837095	-0.000369	0.005787
2016	0.841435	-0.001235	-0.004389
2017	0.836227	0.001831	-0.003858
2018	0.828993	0.001518	-0.002267
2019	0.825714	0.000774	0.001977
2020	0.828897	0.001729	0.002025
2021	0.828800	0.000394	0.002990
2022	0.829765	0.000740	0.005257
2023	0.830150	0.001979	0.003183
2024	0.824074	0.000293	-0.000868
2025	0.821759	0.000695	0.001302
2026	0.825424	0.000178	-0.001206
2027	0.822434	-0.000489	-0.003086
2028	0.821566	0.000989	-0.004292
2029	0.819541	0.001845	-0.002411
2030	0.821856	0.000782	-0.000482
2031	0.818287	-0.000122	-0.000338
2032	0.818480	0.000557	0.002894
2033	0.814140	-0.000868	0.005546
2034	0.823399	-0.000575	-0.000868
2035	0.825328	0.000680	-0.002701
2036	0.825617	0.000377	-0.001206
2037	0.817901	-0.000501	-0.000530
2038	0.819927	0.001790	-0.003086
2039	0.815876	-0.000108	-0.003810
2040	0.817419	-0.000024	-0.004726
2041	0.817612	0.000293	-0.004244
2042	0.824074	0.001159	-0.007041
2043	0.827450	-0.001263	-0.006800
2044	0.829765	-0.000747	-0.005353
2045	0.828897	-0.000445	-0.002942
2046	0.822049	0.000596	-0.005449
2047	0.821084	-0.001142	-0.005691
2048	0.827160	-0.001038	-0.005257
2049	0.827450	-0.001496	-0.009452
2050	0.827739	-0.000266	-0.014275
2051	0.827353	-0.000424	-0.012635
2052	0.823206	-0.001875	-0.012008
2053	0.826485	-0.003694	-0.008632
2054	0.828221	-0.002805	-0.007137
2055	0.828221	-0.002140	-0.008439
2056	0.828414	-0.001505	-0.008922
2057	0.823881	-0.001232	-0.010031
2058	0.824267	-0.000235	-0.009742
2059	0.827160	0.000942	-0.005015
2060	0.832562	-0.000565	-0.004967
2061	0.831887	0.000321	-0.007764
2062	0.837191	0.001717	-0.004485
2063	0.838542	0.002460	-0.004244
2064	0.842882	-0.002635	-0.003713
2065	0.836034	-0.002584	-0.006896
2066	0.837674	-0.001786	-0.006462
2067	0.832851	-0.000276	-0.007427
2068	0.829282	0.000844	-0.006318
2069	0.828897	-0.000393	-0.005594
2070	0.827643	-0.000710	-0.002074
2071	0.831983	0.001566	-0.002218
2072	0.831887	-0.001077	-0.002267
2073	0.833526	0.001051	-0.005208
2074	0.830440	0.001030	0.002315
2075	0.826582	0.000281	-0.000772
2076	0.828511	0.000384	-0.002508
2077	0.831597	0.003147	-0.000820
2078	0.836034	0.000158	-0.003183
2079	0.838638	0.001452	-0.002411
2080	0.837770	-0.001321	-0.005883
2081	0.833333	-0.002408	-0.004147
2082	0.835648	-0.002992	-0.007282
2083	0.834587	-0.002199	-0.008150
2084	0.834684	-0.000405	-0.006269
2085	0.836420	-0.001441	-0.007041
2086	0.837481	-0.001149	-0.008681
2087	0.832851	-0.002313	-0.003279
2088	0.831790	0.001564	-0.000048
2089	0.823495	-0.000231	-0.000241
2090	0.821952	0.001830	-0.007523
2091	0.820120	0.001430	-0.005064
2092	0.822627	-0.000414	-0.006703
2093	0.822434	0.000261	-0.010610
2094	0.825039	-0.000609	-0.010899
2095	0.826775	-0.000583	-0.007716
2096	0.818673	0.000068	-0.007861
2097	0.820313	-0.000728	-0.007668
2098	0.815201	0.000193	-0.003954
2099	0.814429	0.000376	-0.005498
2100	0.822531	-0.000630	-0.005980
2101	0.816937	-0.000993	-0.008488
2102	0.818673	-0.001571	-0.012056
2103	0.827257	-0.001387	-0.007234
2104	0.830633	0.000870	-0.008488
2105	0.830633	-0.000476	-0.003665
2106	0.830247	0.001109	-0.003279
2107	0.828318	-0.000366	-0.000723
2108	0.823399	0.000269	0.000482
2109	0.830922	0.001355	-0.000386
2110	0.833044	0.003885	-0.003954
2111	0.830729	0.001144	0.000048
2112	0.830150	0.000013	-0.001013
2113	0.828607	0.001329	0.001495
2114	0.826100	-0.001450	-0.001447
2115	0.824653	0.000652	0.001302
2116	0.828221	0.000613	0.000482
2117	0.828511	0.000636	-0.001591
2118	0.820891	0.000918	0.002845
2119	0.827643	0.000538	0.002701
2120	0.830247	-0.000856	0.000193
2121	0.825424	-0.000354	-0.000338
2122	0.828993	0.000297	0.002025
2123	0.831404	0.000517	0.001206
2124	0.833816	-0.000417	0.001447
2125	0.835262	0.001161	0.006703
2126	0.831211	-0.000128	0.002363
2127	0.833140	0.000012	0.000868
2128	0.831983	0.003037	-0.003713
2129	0.836227	0.002982	-0.001350
2130	0.835166	0.001571	-0.001881
2131	0.838059	0.002649	0.000289
2132	0.838156	0.003429	0.001302
2133	0.834684	0.001324	-0.002845
2134	0.834780	-0.000517	-0.001929
2135	0.826678	0.000341	0.002652
2136	0.831501	-0.000078	0.000434
2137	0.827739	0.001025	-0.003472
2138	0.826292	0.000556	-0.003231
2139	0.831115	-0.001168	-0.000193
2140	0.827836	-0.001009	-0.003810
2141	0.828125	0.000949	-0.007909
2142	0.827836	-0.001596	-0.004147
2143	0.827257	-0.000489	-0.005160
2144	0.828511	0.000121	-0.003858
2145	0.833430	0.001315	-0.003954
2146	0.834008	0.000903	-0.004437
2147	0.836516	0.000721	-0.002363
2148	0.843171	0.001260	-0.002074
2149	0.838927	0.001047	0.000675
2150	0.831019	0.000250	-0.000723
2151	0.836323	-0.000430	-0.006462
2152	0.833912	0.000275	-0.003279
2153	0.838445	0.001693	-0.007089
2154	0.842110	0.002361	-0.006462
2155	0.833912	0.001198	-0.010176
2156	0.840181	0.001685	-0.011478
2157	0.837963	0.001137	-0.015480
2158	0.830247	-0.000009	-0.014034
2159	0.828607	-0.001895	-0.009693
2160	0.826100	0.000013	-0.006028
2161	0.825810	0.000449	-0.006173
2162	0.821084	-0.000814	-0.010561
2163	0.827353	0.000189	-0.010465
2164	0.822049	0.000280	-0.009934
2165	0.821277	-0.000791	-0.011285
2166	0.826196	0.000624	-0.008536
2167	0.819059	0.000622	-0.005787
2168	0.824556	-0.000195	-0.000048
2169	0.825039	0.000561	0.003086
2170	0.825424	0.001051	-0.000675
2171	0.823881	0.000093	0.002652
2172	0.826389	-0.001382	0.002074
2173	0.815297	-0.001163	0.003617
2174	0.813368	0.000447	-0.000916
2175	0.821373	0.000180	0.000386
2176	0.826100	0.001016	0.000627
2177	0.828029	0.001296	-0.001399
2178	0.829186	-0.002139	0.001543
2179	0.826678	-0.001008	0.001206
2180	0.823978	-0.001114	0.002315
2181	0.832755	-0.000511	0.002701
2182	0.828125	0.000372	0.001640
2183	0.828318	0.000567	0.004871
2184	0.825424	-0.001446	0.006366
2185	0.827160	-0.001113	0.008777
2186	0.836902	-0.002428	0.006848
2187	0.837191	-0.000980	0.009259
2188	0.842303	0.000056	0.007234
2189	0.837288	-0.001264	0.008970
2190	0.832851	-0.001809	0.006125
2191	0.826196	-0.001356	0.009115
2192	0.830440	0.000796	0.008632
2193	0.826775	-0.000025	0.004726
2194	0.827836	-0.001799	0.003954
2195	0.829958	0.000193	0.005353
2196	0.833333	0.001559	0.005787
2197	0.829958	-0.000739	0.009742
2198	0.830826	0.000201	0.007475
2199	0.832562	0.001532	0.009645
2200	0.833912	0.001772	0.007041
2201	0.835069	0.000849	0.007378
2202	0.841725	-0.003111	0.006607
2203	0.839603	-0.001256	0.003183
2204	0.834973	0.000865	0.002797
2205	0.828318	-0.000017	0.001495
2206	0.828511	-0.001021	0.005498
2207	0.830247	-0.003152	-0.000530
2208	0.824846	-0.001982	-0.001929
2209	0.819541	-0.000345	0.001350
2210	0.822917	0.000815	0.007861
2211	0.822049	-0.000868	0.006993
2212	0.824363	-0.001174	0.008584
2213	0.822049	0.001089	0.008632
2214	0.823592	0.001297	0.004340
2215	0.826100	0.000169	0.006125
2216	0.827546	0.001530	0.002556
2217	0.821373	-0.000328	0.003569
2218	0.823592	0.001644	0.004003
2219	0.831790	-0.000550	0.003617
2220	0.827836	0.001801	0.004919
2221	0.830826	0.000567	0.003279
2222	0.832755	0.000953	0.003135
2223	0.830922	-0.000569	0.004485
2224	0.826196	0.001621	0.002459
2225	0.819830	0.002112	0.003665
2226	0.828800	0.001571	0.003376
2227	0.830440	-0.000992	0.005208
2228	0.828318	0.001044	0.005305
2229	0.829475	0.001725	0.008391
2230	0.830729	0.002439	0.006896
2231	0.834008	0.000298	0.006366
2232	0.841725	0.001370	0.009790
2233	0.842014	0.000052	0.009066
2234	0.837674	0.000955	0.007378
2235	0.834201	0.001505	0.008729
2236	0.828993	0.001314	0.009790
2237	0.831694	0.002675	0.009115
2238	0.839024	0.003534	0.006800
2239	0.833526	0.003019	0.008777
2240	0.830247	0.004680	0.005305
2241	0.831308	0.002495	0.005691
2242	0.831694	0.003691	0.006125
2243	0.833623	-0.000000	0.002942
2244	0.835262	0.000604	0.003135
2245	0.833333	0.003475	0.004967
2246	0.832948	-0.000520	-0.000241
2247	0.838542	0.000675	0.001013
2248	0.825328	-0.000504	0.000096
2249	0.826775	0.001570	-0.002315
2250	0.831501	-0.000758	-0.002363
2251	0.829090	-0.000872	0.003665
2252	0.829475	0.002092	-0.001013
2253	0.823110	0.000754	0.000868
2254	0.824460	0.001119	-0.000916
2255	0.819830	0.000458	-0.000386
2256	0.819927	0.000892	0.003328
2257	0.823592	0.000023	0.002508
2258	0.819637	-0.001022	0.002894
2259	0.814140	-0.000041	0.006800
2260	0.817226	-0.000151	0.006944
2261	0.819444	0.000427	0.007909
2262	0.823688	-0.000426	0.011815
2263	0.820505	-0.001052	0.005546
2264	0.821277	0.000116	0.011815
2265	0.829475	0.001366	0.006221
2266	0.830536	0.001299	0.007475
2267	0.823206	0.000557	0.004726
2268	0.828897	0.000266	0.003376
2269	0.827450	-0.001205	0.000000
2270	0.824749	-0.000432	0.002701
2271	0.829090	0.000097	0.001061
2272	0.827160	0.001036	-0.002845
2273	0.822820	0.001851	-0.001591
2274	0.822627	0.001910	-0.001254
2275	0.822531	0.000699	-0.004485
2276	0.819059	0.000620	-0.005787
2277	0.822434	0.000064	-0.002025
2278	0.822531	0.001262	-0.000772
2279	0.826775	0.000410	-0.007861
2280	0.830343	-0.001234	-0.006269
2281	0.830054	0.001128	-0.007089
2282	0.832176	-0.000470	-0.004485
2283	0.829282	0.001139	0.001929
2284	0.826003	-0.001961	0.002797
2285	0.826100	-0.000786	0.002170
2286	0.825714	0.001659	0.000048
2287	0.828125	0.000459	0.003617
2288	0.823592	0.000523	0.005594
2289	0.828318	-0.000509	0.005932
2290	0.825135	-0.001453	0.008873
2291	0.826582	0.001416	0.005691
2292	0.826582	-0.000029	0.003906
2293	0.825907	0.001566	0.002797
2294	0.831404	-0.000224	-0.002315
2295	0.833237	0.000169	-0.001399
2296	0.836998	0.001764	-0.002652
2297	0.838735	0.002365	-0.002894
2298	0.837095	0.000776	-0.005208
2299	0.840567	0.002192	-0.003762
2300	0.843364	0.001358	-0.000965
2301	0.844232	0.001766	-0.003665
2302	0.844136	0.005973	-0.002025
2303	0.839988	0.000074	-0.002845
2304	0.838156	0.000730	-0.001640
2305	0.840181	0.001840	-0.000916
2306	0.838156	0.001169	-0.003086
2307	0.832079	0.003812	0.002990
2308	0.833140	0.000369	0.003328
2309	0.830633	0.000699	0.002363
2310	0.831115	-0.001795	0.002701
2311	0.826582	-0.002062	0.001013
2312	0.827257	0.000298	0.000820
2313	0.824074	-0.000553	-0.001013
2314	0.825521	-0.000601	-0.000193
2315	0.827160	-0.001510	0.003038
2316	0.826871	-0.000096	0.001784
2317	0.826389	-0.000892	0.002942
2318	0.820602	0.000471	0.002315
2319	0.826775	0.000498	-0.000530
2320	0.824942	-0.000836	-0.000241
2321	0.821084	0.000668	-0.000868
2322	0.828125	0.002532	-0.000386
2323	0.822917	0.001609	-0.004099
2324	0.825617	0.001518	-0.001254
2325	0.823495	0.000766	0.001447
2326	0.823399	0.001642	0.003424
2327	0.829379	-0.000755	0.000434
2328	0.832658	-0.000238	-0.004340
2329	0.829379	0.000469	0.001061
2330	0.835359	-0.000468	-0.000530
2331	0.829765	-0.000592	-0.001688
2332	0.827450	0.000021	-0.001157
2333	0.831790	0.002727	0.000820
2334	0.828704	0.000120	0.001061
2335	0.826775	0.002060	-0.000627
2336	0.829958	0.001977	0.001206
2337	0.832369	-0.000522	0.001736
2338	0.839506	-0.000778	0.000193
2339	0.842882	0.003742	0.002025
2340	0.846836	0.002199	0.000820
2341	0.847897	0.003570	0.000772
2342	0.842496	0.003860	-0.000289
2343	0.841821	0.005662	-0.002025
2344	0.841049	0.001045	-0.003617
2345	0.838349	-0.001771	-0.008488
2346	0.831694	-0.003284	-0.000434
2347	0.829765	-0.002237	0.002267
2348	0.826100	0.000566	0.007041
2349	0.821373	-0.000579	0.003906
2350	0.818191	-0.000498	0.007330
2351	0.823399	0.000479	0.006559
2352	0.823592	0.000015	0.006655
2353	0.821952	-0.000110	0.005257
2354	0.814718	0.001486	0.006510
2355	0.812982	-0.000412	0.006559
2356	0.817708	-0.001463	-0.000241
2357	0.817901	-0.000598	-0.000145
2358	0.818962	-0.000476	0.004630
2359	0.821181	-0.001377	0.007234
2360	0.827160	0.000369	0.003472
2361	0.828125	0.001764	0.002652
2362	0.832465	-0.001463	0.002025
2363	0.833333	-0.002462	0.000868
2364	0.830826	-0.000989	0.000193
2365	0.829572	-0.000862	0.000530
2366	0.827739	-0.000556	0.002074
2367	0.826292	0.001122	0.003424
2368	0.830922	-0.000681	0.002701
2369	0.836130	0.000090	0.003665
2370	0.831019	-0.000174	0.004147
2371	0.831308	-0.000563	0.002411
2372	0.834394	0.000676	0.004099
2373	0.833816	0.001180	0.001833
2374	0.839988	-0.001034	0.001013
2375	0.839892	-0.001557	0.001833
2376	0.841242	-0.001564	0.003279
2377	0.840374	-0.001456	0.004244
2378	0.843461	0.000716	0.005835
2379	0.836806	0.002854	0.003762
2380	0.836613	0.003173	0.003135
2381	0.841725	0.002122	0.002315
2382	0.834298	0.000559	0.003617
2383	0.836034	-0.000831	0.001399
2384	0.840085	-0.001119	-0.000675
2385	0.840374	-0.002559	-0.001254
2386	0.846258	-0.003601	-0.001061
2387	0.841821	0.001021	-0.002990
2388	0.836516	0.000304	-0.010899
2389	0.836130	0.002266	-0.007282
2390	0.829668	-0.000468	-0.006559
2391	0.831983	0.001190	-0.014564
2392	0.825328	-0.000590	-0.011044
2393	0.826003	0.000293	-0.006993
2394	0.826003	-0.000567	-0.005546
2395	0.831887	0.000025	-0.007427
2396	0.826871	-0.001114	-0.014805
2397	0.821952	-0.000036	-0.013648
2398	0.821952	0.000038	-0.015046
2399	0.823592	-0.000329	-0.017554
2400	0.818962	0.000239	-0.014178
2401	0.823110	0.000199	-0.011622
2402	0.818673	0.000693	-0.010754
2403	0.823592	0.000319	-0.006848
2404	0.823399	0.001643	-0.005353
2405	0.817033	-0.001403	-0.005257
2406	0.819637	0.000847	-0.004099
2407	0.828511	-0.000274	-0.007427
2408	0.826582	0.000874	-0.001977
2409	0.832079	-0.000505	-0.003328
2410	0.826871	-0.000801	-0.001109
2411	0.822338	-0.001068	-0.003569
2412	0.823688	-0.001154	-0.003665
2413	0.830922	-0.001080	-0.003762
2414	0.833719	-0.003059	-0.003569
2415	0.830826	-0.001672	-0.001206
2416	0.825039	-0.003398	-0.001688
2417	0.824267	-0.001587	-0.002218
2418	0.827257	-0.002884	-0.002315
2419	0.835455	0.000432	0.002025
2420	0.835359	0.001232	-0.001833
2421	0.838735	0.000668	-0.000530
2422	0.833526	0.000427	0.000627
2423	0.829282	-0.000989	0.002701
2424	0.829475	-0.000442	0.003858
2425	0.829572	-0.000794	0.003954
2426	0.836516	0.001418	0.002508
2427	0.837384	-0.000396	0.001929
2428	0.840085	0.001406	-0.000868
2429	0.839410	0.000231	-0.005642
2430	0.834298	0.001615	0.001833
2431	0.831694	0.000930	-0.002845
2432	0.827643	0.003201	-0.005353
2433	0.829958	0.000897	-0.008632
2434	0.824749	0.000617	-0.002990
2435	0.828897	-0.001602	-0.005353
2436	0.830826	-0.000011	-0.004678
2437	0.831308	-0.000832	-0.004389
2438	0.823206	-0.000309	-0.008681
2439	0.827836	-0.000401	-0.010272
2440	0.831019	-0.002345	-0.008825
2441	0.832755	-0.000376	-0.009211
2442	0.828704	-0.000049	-0.006944
2443	0.826775	0.000702	-0.008198
2444	0.826100	-0.000113	-0.009886
2445	0.824171	-0.001213	-0.008391
2446	0.828704	0.000312	-0.005932
2447	0.834008	0.001379	-0.001640
2448	0.828318	0.001995	-0.002122
2449	0.828125	0.001200	0.000965
2450	0.835455	-0.000455	-0.003713
2451	0.832465	0.001166	-0.001254
2452	0.826871	0.002011	-0.004292
2453	0.832851	0.002380	-0.004003
2454	0.829958	-0.002026	-0.001302
2455	0.832755	-0.000273	-0.002894
2456	0.827257	-0.001132	-0.005401
2457	0.828029	-0.000203	-0.000386
2458	0.836130	-0.000551	0.001977
2459	0.846161	0.001294	-0.004051
2460	0.848958	-0.000060	-0.005739
2461	0.849055	0.002975	-0.006318
2462	0.849923	0.002887	-0.001254
2463	0.846161	0.000172	-0.002459
2464	0.841917	0.000108	-0.003038
2465	0.846547	0.001188	0.000868
2466	0.844618	0.002420	0.002459
2467	0.848669	0.000116	0.002556
2468	0.843075	0.005185	0.001399
2469	0.837577	0.003242	0.000530
2470	0.838638	0.001345	0.000868
2471	0.833237	0.000118	0.000916
2472	0.839699	-0.001119	0.001736
2473	0.838445	0.000006	0.000482
2474	0.845775	0.001905	0.000338
2475	0.836709	0.000947	0.000627
2476	0.833333	-0.000831	0.003617
2477	0.839410	0.000123	0.003810
2478	0.837288	-0.000043	0.004244
2479	0.832465	0.001710	0.004871
2480	0.832272	-0.002468	0.006414
2481	0.836227	0.000227	0.002363
2482	0.836420	-0.002085	0.006944
2483	0.835262	-0.001743	0.002267
2484	0.836709	-0.000909	0.002459
2485	0.837481	-0.002288	0.004147
2486	0.835166	-0.001152	0.001399
2487	0.834298	-0.000592	-0.000096
2488	0.827353	-0.000699	-0.000772
2489	0.828800	-0.000670	0.001254
2490	0.831790	0.000011	0.001543
2491	0.832562	0.000506	0.002701
2492	0.836323	0.001623	-0.001977
2493	0.834298	-0.001534	0.002604
2494	0.836613	-0.000441	0.003569
2495	0.833912	-0.002079	0.004630
2496	0.835745	-0.002514	0.003810
2497	0.833719	-0.002442	0.003810
2498	0.835552	-0.001510	0.008391
2499	0.835648	0.001069	0.011236
2500	0.838542	-0.002292	0.013551
2501	0.836227	0.001089	0.011188
2502	0.826678	-0.001323	0.013310
2503	0.824749	0.000618	0.009838
2504	0.821759	-0.000179	0.003231
2505	0.821566	-0.000046	0.010465
2506	0.829090	0.000895	0.003135
2507	0.829090	0.000579	0.008054
2508	0.835648	0.002313	0.006896
2509	0.834201	-0.001999	0.005160
2510	0.829282	-0.000402	0.004003
2511	0.825521	-0.000873	0.004147
2512	0.830922	0.000770	0.002652
2513	0.832369	-0.000056	0.001157
2514	0.828414	0.000963	0.003279
2515	0.830150	-0.001772	0.003906
2516	0.827932	-0.002942	0.005112
2517	0.831211	-0.000808	0.007716
2518	0.827932	-0.001385	0.006221
2519	0.830054	0.000647	0.007186
2520	0.832369	0.002295	0.009018
2521	0.827932	0.000114	0.008150
2522	0.831983	0.001954	0.008777
2523	0.835552	0.003375	0.008584
2524	0.835359	0.000827	0.004437
2525	0.834394	-0.000635	0.003520
2526	0.838349	-0.000663	0.005305
2527	0.842400	0.000623	0.004147
2528	0.836034	-0.000989	0.001254
2529	0.839217	0.003316	0.000193
2530	0.837577	0.002100	-0.002845
2531	0.839024	0.001736	-0.000386
2532	0.833044	0.002208	0.000096
2533	0.834394	0.004183	0.002025
2534	0.835262	0.001766	0.010127
2535	0.834394	0.002119	0.006221
2536	0.835745	0.000216	0.001543
2537	0.831019	-0.000301	-0.000482
2538	0.829668	0.001005	0.002604
2539	0.829282	0.000224	0.001206
2540	0.822820	0.003795	0.001495
2541	0.826292	0.003270	0.001833
2542	0.828511	-0.001922	0.004485
2543	0.823495	-0.001869	0.000772
2544	0.827450	-0.001599	-0.000530
2545	0.825328	-0.001668	-0.002170
2546	0.827064	-0.001115	-0.006703
2547	0.828993	-0.000982	-0.007378
2548	0.830922	0.001390	-0.005787
2549	0.837288	0.001543	-0.003038
2550	0.831887	-0.000339	-0.006510
2551	0.829379	-0.003347	-0.004485
2552	0.834105	0.000125	-0.004967
2553	0.828125	0.000951	-0.005932
2554	0.834394	0.001468	0.001591
2555	0.835938	0.002427	0.003086
2556	0.835359	0.000188	0.000048
2557	0.836130	-0.002523	-0.001688
2558	0.828897	0.000117	-0.003231
2559	0.829090	0.000484	-0.000916
2560	0.832176	-0.000252	-0.003038
2561	0.830054	0.000818	-0.003858
2562	0.827257	0.000556	-0.004823
2563	0.824074	0.000315	-0.006848
2564	0.825328	-0.001527	-0.006269
2565	0.825231	-0.000640	-0.005401
2566	0.820023	-0.000518	-0.005546
2567	0.819444	0.000411	-0.005257
2568	0.822338	0.001194	-0.000772
2569	0.825810	-0.002186	-0.003231
2570	0.827643	0.000425	-0.001302
2571	0.823302	0.000204	-0.002749
2572	0.821566	-0.000828	-0.007041
2573	0.828800	-0.000856	-0.006559
2574	0.826678	-0.000831	-0.003713
2575	0.827450	0.000033	0.001157
2576	0.829958	-0.001327	-0.000868
2577	0.828607	0.000026	0.000916
2578	0.832755	0.001976	0.003906
2579	0.832658	-0.001333	0.002218
2580	0.824846	-0.000667	0.001543
2581	0.823881	-0.000903	0.002363
2582	0.827257	-0.000580	0.007330
2583	0.831694	0.000413	0.004823
2584	0.832755	0.000079	0.003713
2585	0.826485	0.000915	0.001206
2586	0.823881	0.000197	0.000386
2587	0.829475	0.000284	-0.002701
2588	0.821470	-0.000410	-0.002652
2589	0.823592	0.001993	0.002652
2590	0.825328	-0.001683	0.000386
2591	0.829282	0.002527	-0.005401
2592	0.822434	0.000380	-0.000772
2593	0.820698	0.001047	-0.004389
2594	0.815586	0.002041	-0.005787
2595	0.813079	0.001428	-0.003713
2596	0.812693	-0.000267	-0.001591
2597	0.812114	0.000313	-0.005064
2598	0.812404	-0.000393	-0.005787
2599	0.823592	-0.000210	-0.004630
2600	0.825521	0.000035	-0.005787
2601	0.828029	-0.001184	-0.003279
2602	0.827064	0.000375	-0.003954
2603	0.826485	-0.000718	-0.002894
2604	0.826871	-0.000144	-0.002797
2605	0.824749	0.001000	-0.004340
2606	0.823399	-0.000195	-0.003713
2607	0.833623	-0.001487	-0.002363
2608	0.828221	-0.000049	-0.000386
2609	0.822242	-0.000964	-0.003617
2610	0.819348	0.000222	0.002508
2611	0.817998	-0.002010	0.000145
2612	0.821663	-0.000968	0.000289
2613	0.820120	-0.002092	0.006414
2614	0.818287	-0.000107	0.003231
2615	0.819059	-0.000234	0.001013
2616	0.817515	-0.000051	0.001206
2617	0.823495	-0.000457	0.000675
2618	0.825424	-0.000046	0.000386
2619	0.826485	0.000348	-0.003279
2620	0.832079	-0.000004	0.002556
2621	0.840181	0.000574	0.000338
2622	0.843461	0.000874	0.002797
2623	0.840181	0.000566	0.005160
2624	0.842400	-0.000656	0.006125
2625	0.836420	0.000071	0.005594
2626	0.836998	-0.001425	0.005064
2627	0.841532	0.000174	0.005160
2628	0.841146	0.001595	0.010320
2629	0.839892	0.000724	0.009066
2630	0.834105	0.001670	0.007861
2631	0.838735	0.002573	0.007475
2632	0.831983	0.003436	0.003858
2633	0.836998	0.002298	0.003617
2634	0.842207	0.001647	-0.000145
2635	0.846258	0.001224	0.002315
2636	0.850309	0.000955	0.001929
2637	0.846451	0.001768	0.005353
2638	0.837674	-0.001702	-0.001157
2639	0.833526	0.001244	0.001447
2640	0.831404	0.001458	-0.001833
2641	0.828800	0.002117	-0.005835
2642	0.838735	-0.000011	-0.006607
2643	0.842207	0.001205	-0.005883
2644	0.838927	0.001277	-0.000241
2645	0.838156	0.001723	-0.004630
2646	0.837288	0.002025	-0.000289
2647	0.832079	0.001719	-0.003954
2648	0.831308	0.001858	-0.003086
2649	0.828800	-0.001501	-0.003183
2650	0.831790	0.001819	-0.000530
2651	0.827546	-0.000294	0.003665
2652	0.823688	-0.000237	0.000965
2653	0.831211	-0.000755	0.003086
2654	0.830247	0.002534	0.003038
2655	0.830826	0.000665	0.004244
2656	0.832755	-0.000567	0.004437
2657	0.834587	-0.001550	0.004340
2658	0.834587	0.002303	0.006559
2659	0.826485	0.002326	0.007427
2660	0.833044	0.002161	0.004581
2661	0.825907	0.000996	0.001543
2662	0.828993	-0.000177	0.001591
2663	0.830536	-0.000685	0.000627
2664	0.829668	0.000291	0.000530
2665	0.828125	-0.001894	0.001254
2666	0.832272	-0.000358	0.003376
2667	0.837384	-0.001555	-0.001736
2668	0.839217	-0.000692	-0.000868
2669	0.831404	0.000400	0.006221
2670	0.829572	-0.001949	0.003665
2671	0.827643	-0.001083	0.000289
2672	0.835552	-0.001213	-0.005208
2673	0.828993	-0.000518	-0.003183
2674	0.826775	0.001198	-0.003183
2675	0.824267	0.000128	-0.005305
2676	0.829861	-0.000691	-0.000916
2677	0.830729	-0.002370	-0.004823
2678	0.830150	-0.000400	-0.007716
2679	0.835166	-0.001620	-0.011236
2680	0.835552	-0.002210	-0.005305
2681	0.827160	0.001013	-0.011044
2682	0.832176	-0.001678	-0.012105
2683	0.829958	-0.000765	-0.012346
2684	0.826968	-0.001100	-0.009356
2685	0.829765	0.001033	-0.010851
2686	0.829186	0.001105	-0.007427
2687	0.829958	-0.001608	-0.002556
2688	0.834491	0.002332	-0.002122
2689	0.834973	-0.000344	0.001302
2690	0.827353	0.000141	0.000048
2691	0.824363	0.000459	0.002411
2692	0.823110	-0.000647	0.001688
2693	0.829475	-0.000780	0.003617
2694	0.826775	-0.001359	0.006221
2695	0.826196	-0.001160	0.001013
2696	0.827064	0.000257	0.004485
2697	0.826003	-0.000316	0.005353
2698	0.823206	0.001134	0.004678
2699	0.824171	0.000232	0.005739
2700	0.831211	0.002405	0.007813
2701	0.825135	0.000722	0.006993
2702	0.822434	0.000525	0.006559
2703	0.818769	0.002034	0.006221
2704	0.826100	0.000288	0.006944
2705	0.824556	0.000727	0.005160
2706	0.824267	-0.000064	0.004871
2707	0.827643	-0.000607	0.004099
2708	0.824653	0.000039	0.005015
2709	0.826292	-0.001093	0.002556
2710	0.833912	-0.000516	0.001302
2711	0.838445	0.000137	-0.000530
2712	0.835841	0.000936	-0.001736
2713	0.836227	0.000774	-0.003762
2714	0.839603	0.000939	-0.000675
2715	0.840856	0.002418	-0.004147
2716	0.843750	0.000409	-0.001061
2717	0.837674	-0.000043	-0.002074
2718	0.834587	-0.000435	0.005449
2719	0.839120	0.000546	0.006076
2720	0.836034	0.001406	0.008825
2721	0.835166	0.000770	0.009163
2722	0.831790	0.001720	0.007909
2723	0.834394	-0.000376	0.008247
2724	0.832176	-0.000358	0.009115
2725	0.831597	0.000679	0.012105
2726	0.830536	0.000657	0.010802
2727	0.832658	0.000911	0.010320
2728	0.826196	-0.000710	0.010995
2729	0.825135	0.001207	0.014468
2730	0.828993	0.000867	0.010947
2731	0.833526	0.001104	0.009115
2732	0.833816	-0.000523	0.008102
2733	0.830247	0.002481	0.009307
2734	0.826389	0.000849	0.009790
2735	0.830536	-0.000723	0.009790
2736	0.833333	-0.000394	0.005883
2737	0.829861	-0.000643	0.006655
2738	0.822820	0.001215	0.008922
2739	0.828221	-0.000105	0.003954
2740	0.828125	0.000963	0.009211
2741	0.828511	-0.000633	0.012924
2742	0.821373	-0.001098	0.007813
2743	0.825907	-0.000544	0.007909
2744	0.822338	-0.000888	0.006510
2745	0.824846	-0.001577	0.003617
2746	0.829475	-0.001060	0.000193
2747	0.827546	-0.000752	0.004292
2748	0.826871	-0.000819	0.002894
2749	0.832272	-0.000065	0.004823
2750	0.834973	0.001050	0.003376
2751	0.833719	0.000446	0.000048
2752	0.827160	0.000532	0.001495
2753	0.826678	0.000550	0.001206
2754	0.831694	0.000485	0.007282
2755	0.823302	-0.000168	0.007234
2756	0.826775	0.000781	0.005980
2757	0.826292	-0.001083	-0.000820
2758	0.831115	-0.001152	0.002508
2759	0.821663	-0.001293	0.001736
2760	0.817033	-0.002515	0.005112
2761	0.820602	-0.000839	0.008198
2762	0.827257	-0.001245	0.005401
2763	0.821181	-0.000629	0.004919
2764	0.821373	-0.002530	0.004823
2765	0.825039	0.000001	0.004967
2766	0.837867	-0.001540	0.004389
2767	0.837384	0.003018	0.001736
2768	0.834491	0.002656	0.003906
2769	0.831983	0.001109	0.003906
2770	0.835455	-0.000941	0.000241
2771	0.834491	-0.000669	0.000482
2772	0.834394	-0.000220	0.001350
2773	0.830536	0.001493	-0.003086
2774	0.827739	-0.000596	-0.005112
2775	0.824749	-0.000582	-0.005353
2776	0.824267	-0.000496	-0.005160
2777	0.817901	-0.000441	-0.002315
2778	0.819541	-0.000547	0.000000
2779	0.816551	-0.001092	0.004823
2780	0.818094	0.001132	0.001013
2781	0.816937	0.000184	-0.004967
2782	0.820505	-0.000079	-0.006269
2783	0.819637	0.000403	-0.003183
2784	0.819252	-0.000432	-0.002218
2785	0.818383	0.000908	-0.000096
2786	0.815297	-0.000157	-0.000965
2787	0.818962	-0.000947	-0.002894
2788	0.823013	-0.000549	-0.001688
2789	0.827450	0.001874	-0.001591
2790	0.826389	0.001087	-0.004726
2791	0.830536	-0.000605	-0.002701
2792	0.828607	-0.000636	-0.003665
2793	0.833912	-0.002066	-0.004437
2794	0.834491	-0.001889	-0.003906
2795	0.835938	0.000884	-0.004196
2796	0.829090	0.000745	-0.002025
2797	0.830729	-0.001388	0.000627
2798	0.827064	-0.001883	0.002749
2799	0.826775	-0.000567	0.002170
2800	0.827353	0.001630	-0.001061
2801	0.830826	0.000837	-0.001350
2802	0.832272	0.002494	-0.000723
2803	0.825810	0.000546	-0.002218
2804	0.829572	0.001411	0.000193
2805	0.834298	0.001494	-0.000289
2806	0.833044	0.001463	0.001447
2807	0.833044	0.000328	-0.003858
2808	0.840085	-0.001567	-0.001254
2809	0.835166	-0.001972	0.000386
2810	0.839988	0.001445	-0.005546
2811	0.836323	0.000178	-0.005594
2812	0.831404	-0.000159	-0.001591
2813	0.834201	-0.001290	-0.005594
2814	0.832851	0.000640	0.003954
2815	0.838445	-0.000190	-0.002218
2816	0.837095	-0.001102	-0.001833
2817	0.836806	-0.002044	-0.002459
2818	0.833526	-0.000157	0.000434
2819	0.836902	-0.000210	-0.005064
2820	0.835262	0.000391	-0.007957
2821	0.832465	0.000436	-0.007089
2822	0.833719	0.001294	-0.005160
2823	0.835841	0.003187	-0.001833
2824	0.835552	0.000145	0.001254
2825	0.836516	0.001391	0.000145
2826	0.836323	-0.001626	0.000820
2827	0.840278	-0.002035	0.003858
2828	0.834008	-0.001944	0.000868
2829	0.828607	-0.000137	0.000000
2830	0.827064	0.000036	0.000000
2831	0.821759	-0.000277	-0.003906
2832	0.821856	-0.000495	-0.002122
2833	0.821566	-0.001580	-0.003713
2834	0.829282	-0.000492	-0.004340
2835	0.832755	-0.000245	0.000145
2836	0.835938	0.000190	-0.002363
2837	0.832079	-0.000902	0.000965
2838	0.835166	0.001243	-0.000434
2839	0.837770	-0.000193	-0.002074
2840	0.840181	-0.000558	-0.004485
2841	0.843268	-0.003497	-0.003906
2842	0.838059	-0.000543	-0.004485
2843	0.838927	0.001184	-0.009211
2844	0.836130	0.000977	-0.006028
2845	0.845197	0.001729	-0.007571
2846	0.847319	0.000089	-0.006655
2847	0.843654	-0.000079	-0.006028
2848	0.844329	-0.000482	-0.006269
2849	0.839410	-0.001411	-0.003328
2850	0.833333	-0.001139	-0.003424
2851	0.829572	0.000520	-0.001736
2852	0.830440	-0.001029	-0.004871
2853	0.824749	0.000271	0.002604
2854	0.820409	0.001297	0.001399
2855	0.824556	0.000978	0.000241
2856	0.826582	-0.000556	-0.001302
2857	0.835938	0.001851	-0.002556
2858	0.834587	0.001407	-0.002894
2859	0.828704	0.000368	-0.002315
2860	0.826968	-0.000315	-0.001013
2861	0.824363	0.002302	0.000868
2862	0.830729	0.000453	0.001881
2863	0.836613	-0.000249	0.001640
2864	0.837095	-0.000188	0.001206
2865	0.835552	-0.001579	0.000772
2866	0.829379	0.000138	0.000530
2867	0.827836	-0.000785	-0.005015
2868	0.824460	-0.000257	-0.002508
2869	0.818769	-0.000022	-0.002025
2870	0.817130	0.000117	0.002508
2871	0.822145	-0.000003	0.004967
2872	0.827546	0.000143	0.000530
2873	0.822145	-0.000869	0.010176
2874	0.826968	-0.000442	0.010561
2875	0.825424	-0.001842	0.008102
2876	0.822338	0.000933	0.004485
2877	0.829379	0.000207	0.002218
2878	0.833333	-0.001805	0.004292
2879	0.834105	-0.001145	0.001881
2880	0.836998	-0.001173	-0.001977
2881	0.836034	-0.002865	-0.004003
2882	0.837481	-0.001638	-0.007957
2883	0.836998	-0.000573	-0.007378
2884	0.841532	-0.000557	-0.010224
2885	0.841049	0.002425	-0.012876
2886	0.836806	-0.000307	-0.012153
2887	0.833333	0.000315	-0.009597
2888	0.830150	-0.001938	-0.010947
2889	0.830247	-0.001122	-0.009404
2890	0.828993	0.001573	-0.006752
2891	0.828993	0.001264	-0.009066
2892	0.823013	-0.000134	-0.007668
2893	0.821084	0.000821	-0.009645
2894	0.826871	-0.000210	-0.011912
2895	0.829090	-0.000152	-0.012297
2896	0.831115	-0.001285	-0.011333
2897	0.841242	0.000445	-0.011381
2898	0.836227	-0.001079	-0.008150
2899	0.839313	-0.002142	-0.007861
2900	0.845872	-0.000941	-0.006703
2901	0.844907	-0.000104	-0.007186
2902	0.845293	-0.000400	-0.008439
2903	0.839313	-0.000108	-0.006655
2904	0.832369	0.001199	-0.004774
2905	0.834298	0.000649	-0.006318
2906	0.838735	-0.001694	-0.003713
2907	0.838542	-0.002427	-0.011236
2908	0.834587	-0.000635	-0.006076
2909	0.836227	-0.000026	-0.001447
2910	0.833623	0.000318	-0.003279
2911	0.837674	-0.000708	-0.002459
2912	0.841339	0.000743	0.001254
2913	0.832562	-0.001401	-0.003135
2914	0.832079	-0.000283	0.000965
2915	0.837191	0.000198	-0.001061
2916	0.834298	0.002131	0.000434
2917	0.833140	-0.001291	0.000000
2918	0.833333	-0.000261	0.002797
2919	0.841339	-0.003461	0.000482
2920	0.837384	-0.003817	-0.002170
2921	0.843557	-0.000896	0.001447
2922	0.847512	0.001165	0.000096
2923	0.842593	0.001176	0.001206
2924	0.833719	0.000056	0.005546
2925	0.830247	0.002094	0.009307
2926	0.827450	-0.000942	0.006076
2927	0.823013	-0.000721	0.005787
2928	0.819348	-0.001194	0.002701
2929	0.817226	-0.000024	0.003713
2930	0.819252	-0.000288	0.004581
2931	0.822242	0.000576	0.004823
2932	0.825424	0.000744	0.008198
2933	0.830054	0.000491	0.006993
2934	0.823978	-0.000346	0.004389
2935	0.826871	-0.000135	0.004919
2936	0.816551	-0.000644	0.004533
2937	0.817612	-0.000327	0.008150
2938	0.818673	-0.000585	0.009452
2939	0.821373	0.001058	0.007137
2940	0.822145	-0.002377	0.008681
2941	0.825521	-0.001067	0.008488
2942	0.831211	-0.001145	0.012249
2943	0.828607	-0.002447	0.008343
2944	0.830922	-0.000619	0.002459
2945	0.831404	-0.000995	0.002267
2946	0.832369	-0.000981	0.007475
2947	0.827064	-0.000052	0.010320
2948	0.823688	0.001957	0.008150
2949	0.823495	0.002320	0.007716
2950	0.816454	0.002768	0.009259
2951	0.824363	0.001323	0.009259
2952	0.821663	0.001675	0.006993
2953	0.822531	0.001582	0.008054
2954	0.825424	0.002365	0.009211
2955	0.825135	-0.000259	0.009838
2956	0.831597	-0.001886	0.013744
2957	0.837481	0.000880	0.009452
2958	0.834973	-0.001419	0.011960
2959	0.827064	-0.000504	0.007378
2960	0.827643	0.000251	0.006269
2961	0.827353	0.000185	0.003424
2962	0.827546	0.000320	0.001495
2963	0.831790	0.001670	0.003038
2964	0.827257	-0.000299	0.005691
2965	0.825907	0.000938	0.007861
2966	0.827836	0.001165	0.003858
2967	0.830440	0.000006	0.004244
2968	0.830922	0.000619	0.005015
2969	0.834394	0.001135	0.008198
2970	0.836516	0.000354	0.004919
2971	0.837384	0.003070	0.000627
2972	0.842496	0.000170	0.004051
2973	0.836709	0.000316	0.006028
2974	0.837867	-0.001640	0.006944
2975	0.833430	-0.000286	0.006752
2976	0.827257	0.001164	0.004823
2977	0.822145	0.000597	0.004003
2978	0.821181	0.000610	0.003231
2979	0.819830	0.000744	0.004340
2980	0.822724	0.000544	0.006510
2981	0.826485	-0.001125	0.006125
2982	0.823206	-0.000764	0.006414
2983	0.826871	0.000349	0.003424
2984	0.827450	0.000612	0.003858
2985	0.819541	-0.000376	0.004340
2986	0.824267	0.000632	0.006462
2987	0.829475	0.001436	0.002894
2988	0.829186	0.001859	0.004630
2989	0.836709	0.002474	0.002990
2990	0.839988	0.000510	0.000434
2991	0.838542	0.001787	0.002122
2992	0.834587	0.003215	0.001061
2993	0.831308	0.003692	0.000241
2994	0.836709	0.003251	0.002170
2995	0.831887	0.003037	0.004003
2996	0.830054	0.003560	0.002990
2997	0.831115	0.000953	0.003424
2998	0.832176	0.001265	0.000338
2999	0.832369	0.002953	0.001350
3000	0.831501	0.001444	0.001591
3001	0.829186	0.000937	0.005642
3002	0.836806	-0.000132	0.003279
3003	0.836998	-0.000038	0.006800
3004	0.838735	0.001944	0.005449
3005	0.835745	-0.001915	0.005449
3006	0.835745	-0.001723	0.006366
3007	0.834877	-0.000673	0.002074
3008	0.838927	-0.001609	0.004630
3009	0.839217	0.000327	0.004099
3010	0.836998	-0.001039	0.007909
3011	0.840856	0.000124	0.006752
3012	0.843075	-0.000603	0.007089
3013	0.845390	0.000567	0.004967
3014	0.845390	-0.002348	0.005015
3015	0.841435	-0.004430	0.008005
3016	0.848090	-0.002450	0.003279
3017	0.846258	-0.000135	0.004389
3018	0.842400	-0.000106	0.005401
3019	0.839699	0.000154	0.007137
3020	0.835745	-0.002691	0.001350
3021	0.841242	-0.001094	0.003858
3022	0.845004	-0.000097	0.002170
3023	0.840278	-0.001390	0.002701
3024	0.842496	0.001093	0.002267
3025	0.832948	0.000468	0.005112
3026	0.839313	0.001511	0.000868
3027	0.838927	0.000574	0.000820
3028	0.841146	-0.001430	0.003424
3029	0.841339	-0.000105	-0.000048
3030	0.840760	-0.000742	0.002267
3031	0.841725	0.000561	0.002025
3032	0.836613	0.000866	0.002074
3033	0.835359	0.002064	-0.002170
3034	0.834008	0.001193	-0.003713
3035	0.834394	0.001013	-0.004581
3036	0.832755	0.002525	-0.000386
3037	0.832272	-0.000053	-0.003810
3038	0.839410	0.000994	0.000000
3039	0.840953	0.000626	-0.001929
3040	0.841821	-0.001688	-0.004196
3041	0.833140	-0.000281	-0.003472
3042	0.826100	0.000341	-0.006752
3043	0.822820	0.000660	-0.002170
3044	0.820698	0.001227	-0.000193
3045	0.819541	0.000944	-0.001350
3046	0.822049	-0.000103	-0.002701
3047	0.829282	-0.001879	-0.003858
3048	0.828993	0.000655	-0.005449
3049	0.824556	0.000449	-0.005208
3050	0.831019	-0.001616	-0.006703
3051	0.828125	-0.001121	-0.007137
3052	0.828221	0.000718	-0.004726
3053	0.827932	0.001852	-0.005739
3054	0.822434	0.002336	-0.004871
3055	0.820891	0.001272	-0.002701
3056	0.827450	0.001726	0.001013
3057	0.824171	0.000146	0.003086
3058	0.823399	0.000363	-0.002845
3059	0.823110	0.001196	0.000000
3060	0.824363	0.000042	0.004003
3061	0.824749	-0.000207	0.007861
3062	0.824749	0.000719	0.010899
3063	0.827546	0.001065	0.007282
3064	0.822242	0.000129	0.005642
3065	0.818673	0.001000	0.008391
3066	0.822049	0.000806	0.010561
3067	0.823688	-0.000219	0.009404
3068	0.823592	0.001910	0.014805
3069	0.819830	0.000426	0.008632
3070	0.824846	0.000694	0.012008
3071	0.830536	0.000463	0.010127
3072	0.829572	-0.002289	0.008150
3073	0.829765	-0.000584	0.009790
3074	0.836130	-0.001426	0.005353
3075	0.840856	0.001038	0.006752
3076	0.841725	0.000088	0.008391
3077	0.836516	-0.000876	0.011381
3078	0.835262	0.000244	0.011285
3079	0.832369	0.001053	0.007957
3080	0.831308	-0.000592	0.008247
3081	0.827739	-0.000157	0.006752
3082	0.831019	0.000742	-0.000096
3083	0.829765	-0.000283	0.004437
3084	0.839796	0.000187	0.006848
3085	0.838156	-0.003725	0.006366
3086	0.834008	-0.001750	0.006559
3087	0.828800	-0.002485	0.002122
3088	0.828704	-0.000891	0.000627
3089	0.816647	-0.000767	-0.001157
3090	0.823013	-0.001090	-0.001013
3091	0.816551	0.000062	0.000241
3092	0.825039	0.001010	-0.000530
3093	0.822917	0.000182	0.003569
3094	0.821856	-0.000842	0.001784
3095	0.828318	-0.001313	-0.001157
3096	0.830150	-0.000544	0.000627
3097	0.841435	-0.003512	-0.002459
3098	0.835359	-0.000632	0.000145
3099	0.838445	-0.002888	0.002122
3100	0.837770	-0.000613	0.005691
3101	0.835745	-0.000819	0.007716
3102	0.842207	-0.000893	0.004630
3103	0.839892	-0.000344	0.005787
3104	0.840471	0.000586	0.000916
3105	0.835166	0.001291	0.002025
3106	0.839699	-0.000181	0.002363
3107	0.842785	0.001440	0.004147
3108	0.836516	0.000324	0.003279
3109	0.837577	-0.000212	0.004630
3110	0.836516	0.001828	0.003086
3111	0.839313	-0.000650	0.000772
3112	0.836613	-0.001149	0.002267
3113	0.839796	-0.000729	0.007137
3114	0.846933	0.000710	0.005015
3115	0.849923	0.000410	0.008295
3116	0.849248	0.000160	0.009259
3117	0.842689	-0.000812	0.007523
3118	0.844811	-0.000508	0.008005
3119	0.846740	-0.000070	0.005064
3120	0.844425	-0.002234	0.010079
3121	0.848862	-0.002941	0.008584
3122	0.845679	-0.001875	0.009693
3123	0.834973	0.002654	0.011767
3124	0.836420	0.002974	0.008922
3125	0.849055	0.000960	0.003520
3126	0.843364	-0.000160	0.001640
3127	0.839699	0.000159	0.004099
3128	0.836420	0.000256	0.003858
3129	0.841242	0.002880	0.005739
3130	0.839506	0.000220	0.008054
3131	0.838059	-0.000939	0.006607
3132	0.831790	0.001565	0.010320
3133	0.832369	0.001366	0.008777
3134	0.838831	0.000594	0.006944
3135	0.837481	-0.000713	0.005498
3136	0.833526	0.001480	0.004919
3137	0.833430	-0.001010	0.004630
3138	0.827836	-0.001602	0.006221
3139	0.830729	0.000117	0.002942
3140	0.836902	0.000681	0.001302
3141	0.835166	0.001384	0.001688
3142	0.826196	0.001311	0.002459
3143	0.829379	0.001154	0.000868
3144	0.830247	0.001315	-0.000096
3145	0.839217	0.000249	-0.003810
3146	0.830729	0.000843	-0.002894
3147	0.829475	-0.000462	-0.005064
3148	0.822820	0.000405	-0.007764
3149	0.826582	-0.000775	-0.005835
3150	0.827160	0.000575	-0.007475
3151	0.823978	0.000283	-0.008054
3152	0.815876	0.000332	-0.011381
3153	0.821952	-0.000239	-0.009886
3154	0.819252	-0.000387	-0.006414
3155	0.820409	0.000490	-0.004099
3156	0.820313	0.001706	-0.003376
3157	0.822338	0.000888	0.000145
3158	0.827450	-0.001508	-0.003376
3159	0.825039	0.000420	-0.001784
3160	0.825521	-0.000887	-0.004196
3161	0.820505	-0.001558	-0.006366
3162	0.824556	0.000551	-0.004485
3163	0.833816	0.000026	-0.003279
3164	0.828221	-0.000362	-0.006414
3165	0.832948	0.001769	-0.006173
3166	0.833526	-0.000197	-0.009500
3167	0.830633	0.001125	-0.006414
3168	0.831019	-0.001859	-0.006896
3169	0.829572	-0.000112	-0.006848
3170	0.828029	-0.001359	-0.003810
3171	0.828704	-0.000844	-0.003183
3172	0.829958	-0.001127	-0.007764
3173	0.832755	0.000285	-0.008343
3174	0.830729	0.000133	-0.004485
3175	0.836130	-0.001507	-0.003762
3176	0.837191	-0.001393	-0.004919
3177	0.838927	0.000792	-0.003472
3178	0.836516	0.001309	-0.008247
3179	0.836420	0.001800	-0.004774
3180	0.833526	-0.000120	-0.008439
3181	0.838349	-0.002244	-0.010272
3182	0.838638	0.002054	-0.005691
3183	0.827643	0.002623	-0.009549
3184	0.826582	0.000611	-0.006366
3185	0.830247	-0.001360	-0.006076
3186	0.832658	0.002018	-0.011622
3187	0.831790	0.000922	-0.008825
3188	0.825135	0.001239	-0.006510
3189	0.822531	0.000304	-0.008150
3190	0.825907	-0.000519	-0.005546
3191	0.831887	-0.000067	-0.007668
3192	0.836902	-0.000308	-0.005932
3193	0.834973	-0.000415	-0.004099
3194	0.831211	-0.000737	-0.000193
3195	0.832658	0.000615	-0.002701
3196	0.833333	0.001176	-0.000193
3197	0.833623	-0.001084	-0.000868
3198	0.838349	0.000835	-0.005112
3199	0.834684	0.001739	-0.003376
3200	0.839024	0.001740	-0.003376
3201	0.841146	0.002696	-0.003569
3202	0.835552	-0.000063	-0.004244
3203	0.832948	0.000984	0.000772
3204	0.834973	0.000950	0.003038
3205	0.836902	-0.001064	0.003617
3206	0.833044	-0.000929	-0.000482
3207	0.826775	0.000047	-0.002218
3208	0.832465	-0.002541	-0.000145
3209	0.830922	0.001644	-0.004533
3210	0.825521	-0.000460	0.002797
3211	0.830247	0.000810	0.003183
3212	0.825714	-0.000908	-0.002604
3213	0.827546	-0.001392	-0.000916
3214	0.834298	-0.001594	0.000048
3215	0.833719	0.000737	0.002122
3216	0.840374	0.001742	0.005305
3217	0.839603	0.001424	0.001447
3218	0.842496	0.003116	-0.000289
3219	0.835552	0.001446	0.001013
3220	0.837963	-0.001631	0.002315
3221	0.833816	0.000276	-0.003569
3222	0.831887	-0.000453	-0.001302
3223	0.833140	0.001787	-0.001206
3224	0.832176	0.002272	-0.002315
3225	0.830633	-0.000168	-0.000145
3226	0.823302	0.000624	0.004244
3227	0.825328	-0.001286	0.002411
3228	0.825521	0.001072	0.002556
3229	0.832079	0.003729	0.006462
3230	0.825424	0.002401	0.002701
3231	0.827160	0.000552	0.003906
3232	0.831308	-0.000996	0.002556
3233	0.832079	0.001974	0.004389
3234	0.828221	-0.001131	0.005208
3235	0.824074	0.002056	0.005160
3236	0.829379	-0.000641	0.003424
3237	0.835455	-0.001190	0.003183
3238	0.837963	-0.000055	0.000916
3239	0.836806	0.000571	-0.000723
3240	0.834394	0.001205	-0.003183
3241	0.835648	-0.000509	-0.003376
3242	0.834105	-0.000826	0.000193
3243	0.842303	0.001835	0.000627
3244	0.837770	0.003170	-0.001977
3245	0.837384	0.001353	0.001157
3246	0.845004	-0.000153	-0.001543
3247	0.849151	-0.001797	-0.001543
3248	0.845968	-0.001918	0.001543
3249	0.837577	-0.000073	0.001591
3250	0.842014	0.002952	0.002749
3251	0.837384	0.003296	-0.000675
3252	0.835069	0.000951	0.003183
3253	0.842207	0.000407	0.003762
3254	0.845583	-0.000241	0.001640
3255	0.842014	0.000952	0.001977
3256	0.845968	0.003159	0.000241
3257	0.850309	0.001517	0.002508
3258	0.848573	0.002832	0.003183
3259	0.843943	0.002842	0.005257
3260	0.840374	0.001349	0.000965
3261	0.838349	-0.000040	-0.000193
3262	0.840471	0.000435	-0.001640
3263	0.833044	0.002143	-0.001736
3264	0.832369	0.000578	-0.001591
3265	0.838445	-0.000163	-0.002315
3266	0.837288	0.001601	-0.002267
3267	0.831983	-0.001245	-0.001640
3268	0.826196	-0.000976	0.000386
3269	0.821759	0.000240	-0.002459
3270	0.825328	-0.000839	0.003231
3271	0.831308	-0.000730	-0.000530
3272	0.827932	0.000492	0.003810
3273	0.823302	0.000350	-0.000482
3274	0.818962	0.001181	-0.002459
3275	0.824653	-0.000347	0.002604
3276	0.825424	0.000390	-0.001833
3277	0.824074	0.002405	-0.000193
3278	0.823110	0.004134	-0.000386
3279	0.820988	0.000050	-0.000916
3280	0.823399	-0.000290	0.002170
3281	0.819830	0.000911	-0.004003
3282	0.822724	0.001107	-0.004003
3283	0.820313	-0.000399	-0.003520
3284	0.819252	-0.000812	-0.000289
3285	0.817805	-0.000490	0.000820
3286	0.819444	-0.000524	-0.002170
3287	0.821084	0.000082	-0.001929
3288	0.824942	0.000687	-0.001881
3289	0.824653	0.002929	-0.004630
3290	0.821952	0.001606	-0.006752
3291	0.823399	0.000204	-0.002315
3292	0.826003	0.001439	-0.005883
3293	0.828511	0.001942	-0.001833
3294	0.830054	0.002218	-0.002508
3295	0.832369	0.001148	-0.004244
3296	0.836516	-0.001690	-0.003328
3297	0.839796	-0.001560	0.001109
3298	0.838445	0.000958	-0.002508
3299	0.837191	0.001901	-0.002170
3300	0.838542	0.001338	-0.003569
3301	0.836227	0.000189	-0.005305
3302	0.839506	0.000375	-0.006993
3303	0.835455	0.001873	-0.005305
3304	0.829668	-0.000126	-0.008873
3305	0.831211	-0.000012	-0.005208
3306	0.830343	0.000842	-0.009307
3307	0.828607	-0.001005	-0.007764
3308	0.833140	0.001307	-0.005739
3309	0.831115	-0.000948	-0.005160
3310	0.826968	0.000628	-0.004340
3311	0.828221	0.002376	-0.003038
3312	0.831790	0.001322	-0.004003
3313	0.833816	-0.000106	-0.004389
3314	0.835841	0.000947	-0.004678
3315	0.836130	-0.000200	-0.004823
3316	0.836806	0.000871	-0.004389
3317	0.833526	-0.002197	-0.003086
3318	0.838638	-0.001472	-0.000627
3319	0.834780	0.000621	-0.002025
3320	0.838735	-0.000387	-0.004147
3321	0.835455	-0.000857	0.001833
3322	0.832079	0.000520	-0.000675
3323	0.830826	0.000093	-0.001543
3324	0.831308	0.000354	-0.002701
3325	0.832079	0.001863	0.002218
3326	0.840374	-0.001314	0.002556
3327	0.839603	0.000227	0.002459
3328	0.840085	-0.000613	0.005401
3329	0.844232	-0.001695	0.006221
3330	0.845968	-0.000718	0.008198
3331	0.837191	0.000466	0.007620
3332	0.837095	-0.000734	0.008729
3333	0.838059	-0.000127	0.002363
3334	0.838638	0.002782	0.005305
3335	0.836516	-0.002189	0.005305
3336	0.834877	0.001271	0.000434
3337	0.836034	0.002590	0.002025
3338	0.835938	-0.001486	0.005980
3339	0.834394	-0.000703	0.000048
3340	0.826871	-0.001767	-0.002411
3341	0.829861	-0.000065	0.000338
3342	0.834298	0.001069	-0.002170
3343	0.822724	0.000504	-0.001736
3344	0.823399	-0.000119	-0.004196
3345	0.822917	0.001853	-0.002701
3346	0.822627	0.000997	-0.004099
3347	0.828125	-0.001367	-0.008391
3348	0.825714	-0.003163	0.000193
3349	0.818673	-0.000994	-0.002845
3350	0.815394	0.000730	-0.003810
3351	0.817805	-0.000921	-0.001784
3352	0.819348	0.000009	-0.000048
3353	0.820120	-0.000661	-0.000096
3354	0.821759	0.001330	0.001350
3355	0.820602	-0.000525	0.000386
3356	0.819830	-0.000601	-0.000820
3357	0.817612	0.000733	0.001833
3358	0.823110	0.001273	0.002845
3359	0.827546	-0.000140	0.005353
3360	0.820698	0.001272	0.009693
3361	0.820795	0.000995	0.006510
3362	0.815876	0.000076	0.005015
3363	0.817130	-0.001367	0.005064
3364	0.816069	0.001575	0.004726
3365	0.819348	0.000486	0.005112
3366	0.818576	0.000050	0.009404
3367	0.823495	0.000240	0.006993
3368	0.826871	0.001696	0.007861
3369	0.825521	-0.001637	0.010127
3370	0.825231	0.000330	0.010031
3371	0.821277	-0.001183	0.013407
3372	0.816551	-0.000683	0.006125
3373	0.815394	-0.000892	0.004823
3374	0.816840	-0.000568	0.000916
3375	0.808160	-0.000026	0.006221
3376	0.816358	-0.000789	0.004147
3377	0.818191	-0.001150	0.003617
3378	0.813657	-0.001254	0.005787
3379	0.812018	-0.001648	0.004533
3380	0.815297	-0.000082	0.002556
3381	0.819927	0.001266	0.005064
3382	0.823592	0.000327	0.002459
3383	0.829668	-0.002212	0.000868
3384	0.832948	-0.000275	-0.000289
3385	0.825810	-0.000532	-0.002942
3386	0.830343	0.000332	-0.002942
3387	0.836902	0.000181	-0.004437
3388	0.834298	-0.001639	-0.005739
3389	0.835455	0.001517	-0.002845
3390	0.832658	0.001877	-0.002749
3391	0.832755	-0.000971	-0.000820
3392	0.833719	-0.000951	0.005353
3393	0.826871	-0.001079	0.001350
3394	0.826582	-0.000100	0.004533
3395	0.825617	-0.001181	0.001736
3396	0.824653	-0.000816	0.001784
3397	0.830343	-0.001063	0.002170
3398	0.833623	0.001625	0.002508
3399	0.833526	0.001099	-0.001399
3400	0.834780	-0.000241	-0.001399
3401	0.833430	-0.000035	-0.004244
3402	0.832948	0.000884	-0.006366
3403	0.834394	0.000653	-0.006993
3404	0.832851	0.002368	-0.003520
3405	0.833816	-0.000548	-0.006848
3406	0.834105	0.000808	-0.001929
3407	0.829379	0.000354	-0.001013
3408	0.829861	0.002459	0.005932
3409	0.836613	0.001196	0.007234
3410	0.837191	0.000585	0.003858
3411	0.835455	0.001036	0.001591
3412	0.834201	0.000341	-0.003086
3413	0.835262	0.001375	-0.003472
3414	0.833430	0.001178	-0.003617
3415	0.829958	0.003747	-0.002556
3416	0.834684	0.000977	0.000000
3417	0.833333	0.001874	0.000868
3418	0.841821	0.004580	0.001350
3419	0.833719	-0.001664	0.005594
3420	0.837867	-0.001242	0.003135
3421	0.835745	0.001702	0.002459
3422	0.833719	0.000803	0.003086
3423	0.831694	0.001890	0.003906
3424	0.834201	-0.000214	0.005112
3425	0.834780	0.000324	0.002074
3426	0.839603	0.001341	-0.000145
3427	0.839217	-0.001162	0.000965
3428	0.836420	-0.000840	0.000772
3429	0.837481	0.000411	0.000820
3430	0.837963	0.000229	0.004099
3431	0.832272	0.000208	0.006800
3432	0.838638	-0.000073	0.006703
3433	0.838349	0.000166	0.003376
3434	0.838735	-0.001180	0.004678
3435	0.835648	0.000872	-0.005546
3436	0.836998	-0.000621	-0.003713
3437	0.836806	-0.000103	-0.005449
3438	0.837963	0.000715	-0.006028
3439	0.844522	0.001112	-0.002701
3440	0.834973	-0.000594	-0.000338
3441	0.836516	-0.001717	0.001736
3442	0.830440	0.000343	0.003038
3443	0.830826	-0.000569	0.001784
3444	0.819734	0.000092	-0.000289
3445	0.823302	-0.000777	-0.002411
3446	0.815586	-0.000409	0.002218
3447	0.815876	-0.001545	-0.000772
3448	0.822917	-0.001293	-0.001061
3449	0.827836	0.000701	-0.001109
3450	0.822724	0.001598	-0.003038
3451	0.828221	-0.000042	-0.002074
3452	0.830729	-0.000555	-0.001688
3453	0.828029	-0.002141	-0.003135
3454	0.830343	-0.001849	-0.005064
3455	0.827064	-0.001243	-0.006414
3456	0.816840	-0.001402	-0.006462
3457	0.820120	-0.001666	-0.003858
3458	0.822242	-0.000599	-0.003954
3459	0.828800	-0.002031	-0.007909
3460	0.824846	-0.000736	-0.008729
3461	0.825521	0.000762	-0.009163
3462	0.821470	0.001075	-0.002990
3463	0.818769	-0.000341	-0.004003
3464	0.820409	-0.001439	0.000000
3465	0.817998	0.000537	0.000289
3466	0.823110	0.001814	-0.003038
3467	0.819541	0.002075	0.002556
3468	0.822242	-0.000156	0.000916
3469	0.827160	-0.000629	0.002025
3470	0.829186	-0.001561	0.003713
3471	0.826968	0.000593	0.004871
3472	0.826871	-0.000265	0.001013
3473	0.828800	0.000430	0.000820
3474	0.830247	-0.000019	-0.000193
3475	0.828029	0.002044	0.000096
3476	0.833044	0.000287	0.000338
3477	0.822145	-0.000385	0.006366
3478	0.829379	0.000127	0.004099
3479	0.832079	-0.000834	0.002556
3480	0.824846	0.000113	0.001399
3481	0.831115	-0.001586	0.001447
3482	0.829958	0.000781	0.001157
3483	0.835552	0.000836	0.002363
3484	0.834877	-0.000456	0.006269
3485	0.836227	0.001452	0.009597
3486	0.835745	0.000323	0.010031
3487	0.833044	0.001119	0.011044
3488	0.829282	-0.000269	0.007909
3489	0.831597	0.002876	0.005449
3490	0.825907	0.001533	0.003376
3491	0.828897	0.001331	0.005015
3492	0.825521	0.001741	0.005642
3493	0.812018	0.000650	0.005883
3494	0.813850	0.000244	0.005112
3495	0.814911	0.000643	0.006848
3496	0.813947	0.000164	0.005257
3497	0.820313	0.000956	0.004389
3498	0.820120	0.000707	0.002315
3499	0.820313	-0.000720	0.003376
3500	0.831404	-0.002287	0.002218
3501	0.827160	0.000572	-0.000434
3502	0.839699	0.001269	-0.000675
3503	0.838445	-0.003096	0.001109
3504	0.836227	0.000534	-0.003328
3505	0.831404	-0.000820	-0.002315
3506	0.829958	-0.001358	-0.007330
3507	0.833719	-0.001486	-0.005064
3508	0.831597	0.000838	-0.003954
3509	0.838638	-0.003086	-0.004774
3510	0.836806	-0.001916	-0.003954
3511	0.831597	-0.000880	-0.004823
3512	0.829090	0.000826	-0.007041
3513	0.834008	-0.000982	-0.005353
3514	0.831308	0.002033	-0.009838
3515	0.836902	-0.000801	-0.006366
3516	0.833333	0.000627	-0.002894
3517	0.831019	0.002786	-0.005642
3518	0.827450	0.002275	-0.004292
3519	0.830922	0.000815	0.000193
3520	0.836323	-0.000429	-0.000965
3521	0.836709	0.000232	-0.000434
3522	0.830826	-0.002005	0.000482
3523	0.823495	0.000808	0.006125
3524	0.826582	0.000051	0.003376
3525	0.822820	-0.001358	0.001736
3526	0.822049	-0.000576	0.003713
3527	0.824653	-0.002524	0.002074
3528	0.829186	-0.001090	0.006028
3529	0.824074	-0.000423	0.005642
3530	0.821856	-0.000360	0.002315
3531	0.826389	0.000719	-0.001350
3532	0.819252	0.001389	-0.003376
3533	0.819444	-0.000325	-0.002845
3534	0.820023	-0.000397	-0.001254
3535	0.818576	0.000515	0.002556
3536	0.817515	-0.000886	0.003906
3537	0.817612	0.000681	0.001688
3538	0.823013	-0.000514	0.000386
3539	0.826196	-0.000547	0.000675
3540	0.828607	-0.000873	0.002701
3541	0.830536	0.000271	0.005305
3542	0.826196	0.001049	0.008391
3543	0.818480	0.001677	0.011960
3544	0.824653	-0.000826	0.006703
3545	0.818191	-0.001279	0.006318
3546	0.819734	0.001776	0.004678
3547	0.816262	0.000848	0.001206
3548	0.822049	-0.000676	0.001399
3549	0.817805	0.001322	0.001302
3550	0.822531	-0.000623	0.004919
3551	0.824460	-0.001833	0.003617
3552	0.825617	-0.001945	0.002652
3553	0.822627	0.001123	0.001399
3554	0.827932	0.001155	-0.000289
3555	0.825714	0.001603	-0.001399
3556	0.821663	0.001394	-0.000386
3557	0.819637	0.001027	0.003086
3558	0.819444	-0.000589	0.001543
3559	0.816744	0.001351	0.001061
3560	0.820988	0.000082	-0.001495
3561	0.817515	-0.000728	0.001399
3562	0.819830	0.000301	-0.001833
3563	0.825521	-0.000217	0.000241
3564	0.823013	-0.001143	-0.002363
3565	0.823495	-0.000523	0.000096
3566	0.821470	0.000246	0.000723
3567	0.824653	-0.000167	0.000096
3568	0.826389	-0.000226	0.000965
3569	0.826871	-0.001425	-0.000579
3570	0.829958	-0.001748	0.000627
3571	0.834008	0.000406	0.001929
3572	0.828125	-0.001155	0.004533
3573	0.825328	0.000994	0.002894
3574	0.830247	-0.002253	0.001784
3575	0.835745	-0.000189	0.002701
3576	0.841725	0.001798	-0.001736
3577	0.835552	-0.000006	-0.002122
3578	0.839313	0.000626	-0.001736
3579	0.833623	-0.002923	-0.005112
3580	0.831790	-0.000926	-0.005257
3581	0.833044	-0.000803	-0.000723
3582	0.825810	0.000021	-0.000530
3583	0.831019	0.001086	0.006366
3584	0.828414	-0.000707	0.002411
3585	0.830729	-0.000118	0.000434
3586	0.831308	-0.000282	0.001157
3587	0.833333	0.000979	0.001736
3588	0.827546	-0.000282	-0.000193
3589	0.821277	-0.001644	0.000096
3590	0.824653	0.000010	-0.000241
3591	0.821084	0.001148	0.001591
3592	0.820505	0.001108	0.000434
3593	0.821277	0.001530	-0.001350
3594	0.827450	0.000976	0.000916
3595	0.821470	0.000970	0.002845
3596	0.818094	0.000894	0.008247
3597	0.820795	-0.000385	0.004678
3598	0.832465	-0.000915	0.002894
3599	0.828125	0.000579	0.001399
3600	0.826292	0.000795	0.003569
3601	0.821856	-0.000246	0.000193
3602	0.816165	0.000670	0.002459
3603	0.823302	0.000812	0.000820
3604	0.824460	0.000784	0.000000
3605	0.825714	0.000365	0.001881
3606	0.823592	0.000584	0.003472
3607	0.826100	-0.001038	0.002797
3608	0.822145	-0.001958	0.000627
3609	0.818287	0.000110	0.001495
3610	0.817130	0.001164	-0.001543
3611	0.809799	0.000203	-0.000338
3612	0.810089	0.000149	0.006318
3613	0.817612	-0.000455	0.004485
3614	0.816840	-0.000056	0.001399
3615	0.819155	0.000508	0.001109
3616	0.818094	0.000249	-0.004630
3617	0.822434	0.000725	-0.005835
3618	0.826775	-0.001142	-0.004581
3619	0.829958	0.000693	-0.001833
3620	0.829572	-0.001258	0.001833
3621	0.827932	-0.001184	0.007089
3622	0.827160	-0.002003	0.009404
3623	0.830343	-0.001216	0.008681
3624	0.823978	-0.000260	0.008439
3625	0.823206	-0.000622	0.005883
3626	0.821566	-0.001428	0.010224
3627	0.820891	-0.000892	0.002363
3628	0.814140	-0.002459	-0.000338
3629	0.812886	-0.001032	0.002701
3630	0.819252	-0.000145	-0.004051
3631	0.828125	-0.001502	-0.004340
3632	0.828414	-0.000572	-0.002797
3633	0.832658	-0.000696	-0.001109
3634	0.832658	-0.002593	-0.002267
3635	0.832851	-0.001359	-0.005353
3636	0.828897	0.000404	-0.006607
3637	0.828800	-0.001209	-0.005257
3638	0.825135	0.001318	-0.003906
3639	0.828704	-0.000807	-0.004196
3640	0.829475	0.000081	-0.002459
3641	0.831308	-0.000519	0.001157
3642	0.825424	-0.000129	0.003328
3643	0.830054	0.001189	0.000482
3644	0.829861	0.000329	0.002990
3645	0.834298	-0.000748	0.000193
3646	0.830536	-0.001279	0.001784
3647	0.836516	-0.002041	0.005594
3648	0.838927	-0.000071	0.004051
3649	0.841049	0.002305	0.006076
3650	0.835166	0.001750	0.004196
3651	0.834877	0.001284	0.004099
3652	0.837963	0.001223	0.003858
3653	0.839988	-0.003029	0.003713
3654	0.838059	-0.000527	0.004196
3655	0.829090	-0.001606	0.004485
3656	0.835648	-0.000827	-0.000145
3657	0.831501	0.001010	-0.001833
3658	0.827643	0.002463	0.003038
3659	0.830054	0.002354	-0.002990
3660	0.831790	-0.001110	-0.002025
3661	0.823399	-0.001689	-0.001157
3662	0.825521	-0.000084	-0.002797
3663	0.827739	0.000034	-0.000530
3664	0.825424	0.000007	0.000338
3665	0.823013	-0.000252	-0.001833
3666	0.826582	0.000537	-0.005546
3667	0.823302	0.000706	-0.003810
3668	0.825328	0.000982	-0.000096
3669	0.825328	0.000078	-0.003954
3670	0.826678	0.000469	-0.000772
3671	0.831887	0.000306	0.000000
3672	0.833044	-0.000509	0.002363
3673	0.836709	0.001030	-0.000916
3674	0.837770	-0.000544	0.001157
3675	0.835262	0.000635	0.002652
3676	0.835552	0.000565	-0.000193
3677	0.835166	0.000917	-0.000241
3678	0.837867	0.002927	0.001688
3679	0.836227	0.003085	0.001591
3680	0.835262	0.000702	-0.000530
3681	0.837963	-0.000037	0.002363
3682	0.838252	-0.000591	0.004389
3683	0.837577	-0.000665	-0.000145
3684	0.832176	0.001407	-0.000193
3685	0.830247	0.001075	0.003135
3686	0.832369	-0.002390	0.003472
3687	0.827353	0.000723	0.000579
3688	0.825424	-0.000493	-0.003376
3689	0.822627	-0.000037	-0.002411
3690	0.818383	0.000547	-0.001350
3691	0.813465	0.000610	-0.002025
3692	0.814429	0.001528	-0.001736
3693	0.814622	0.000131	-0.002074
3694	0.817708	-0.001526	-0.004292
3695	0.822434	0.001072	-0.009163
3696	0.822917	0.000295	-0.005883
3697	0.818191	0.000172	-0.002749
3698	0.828704	0.001208	-0.005691
3699	0.833333	-0.000576	-0.002990
3700	0.831983	-0.000489	-0.001784
3701	0.831887	-0.002310	-0.001013
3702	0.833140	-0.001171	0.000000
3703	0.834105	-0.003404	-0.000145
3704	0.837867	-0.000923	0.002797
3705	0.832079	0.000316	0.000868
3706	0.831887	0.000113	0.000820
3707	0.832079	-0.000057	-0.004871
3708	0.835262	0.001191	-0.004340
3709	0.829668	0.000644	-0.009356
3710	0.828125	0.000632	-0.006510
3711	0.829379	0.001228	-0.004485
3712	0.829765	0.001630	-0.008584
3713	0.834394	0.001711	-0.005160
3714	0.831115	0.001187	-0.004485
3715	0.826389	-0.000827	-0.006993
3716	0.830633	0.000577	-0.004147
3717	0.826968	0.000809	-0.003279
3718	0.824267	-0.002285	-0.003038
3719	0.823785	0.000205	-0.002604
3720	0.829282	-0.000534	-0.004967
3721	0.828029	-0.000852	-0.001591
3722	0.826775	0.000241	-0.004967
3723	0.823399	-0.001314	-0.002556
3724	0.819059	-0.000567	0.002122
3725	0.818383	-0.001971	0.005787
3726	0.822242	-0.002400	0.002315
3727	0.818094	-0.000781	0.001688
3728	0.819444	0.001154	0.001736
3729	0.820409	0.002015	0.002556
3730	0.826100	0.000952	-0.000241
3731	0.823110	-0.000567	0.002411
3732	0.821566	-0.000410	0.001591
3733	0.831501	0.002134	0.003086
3734	0.826100	-0.000034	0.002025
3735	0.831597	0.000813	0.001013
3736	0.836902	0.001525	0.003713
3737	0.839699	0.000737	0.003858
3738	0.839796	-0.003344	0.002845
3739	0.835069	-0.000758	-0.001784
3740	0.833526	0.001419	-0.001206
3741	0.832851	-0.000829	-0.000579
3742	0.832176	-0.000792	0.002652
3743	0.834780	0.001233	0.002170
3744	0.833430	-0.000228	0.003376
3745	0.820795	0.000056	0.004196
3746	0.819830	0.002498	0.004678
3747	0.810571	0.002225	0.002363
3748	0.808160	0.001038	0.001109
3749	0.811632	0.000275	0.005160
3750	0.810571	0.000236	0.005642
3751	0.813561	0.000239	0.005835
3752	0.819541	0.000288	0.005835
3753	0.814333	-0.001853	0.003183
3754	0.819734	-0.000398	0.005691
3755	0.820698	-0.000248	0.000241
3756	0.818866	-0.001211	0.000868
3757	0.824942	0.001445	0.000579
3758	0.824942	-0.000723	-0.002797
3759	0.820216	-0.000139	-0.002459
3760	0.822820	-0.000790	-0.002267
3761	0.824749	0.000107	-0.001929
3762	0.824846	-0.000084	-0.003520
3763	0.824556	0.000501	-0.005305
3764	0.825714	0.000722	-0.001688
3765	0.825039	0.000495	-0.001447
3766	0.823302	0.000202	-0.003520
3767	0.828414	-0.000128	-0.006076
3768	0.827643	-0.000098	-0.003472
3769	0.826389	-0.000605	-0.001929
3770	0.825521	-0.000759	-0.008825
3771	0.826485	0.001074	-0.006800
3772	0.822820	0.001339	-0.009549
3773	0.819348	0.000526	-0.006221
3774	0.820988	-0.000070	-0.004533
3775	0.822434	0.000580	-0.005305
3776	0.828704	0.000156	-0.005305
3777	0.828897	-0.000670	-0.004823
3778	0.833719	-0.001332	-0.003038
3779	0.835841	0.001030	-0.001495
3780	0.832079	-0.002037	-0.004726
3781	0.830343	-0.000076	-0.003906
3782	0.837867	0.000413	-0.005835
3783	0.831501	0.000584	-0.006510
3784	0.836902	-0.000365	-0.003328
3785	0.841532	-0.002662	-0.005498
3786	0.841532	0.002207	-0.006848
3787	0.839024	-0.000192	-0.002218
3788	0.833430	-0.001239	-0.002749
3789	0.838252	0.000973	-0.006462
3790	0.846547	0.000641	-0.001061
3791	0.842014	0.000522	-0.003472
3792	0.844715	0.001591	-0.004389
3793	0.844715	0.001327	-0.004485
3794	0.846065	0.003424	-0.004485
3795	0.839120	0.001214	-0.006896
3796	0.838927	0.002165	-0.001881
3797	0.845775	0.000742	-0.003183
3798	0.839892	0.000192	-0.005015
3799	0.841435	-0.000839	-0.003086
3800	0.833816	-0.001158	-0.005546
3801	0.832176	-0.000218	-0.003038
3802	0.831597	0.000563	-0.002556
3803	0.835841	-0.000472	0.000048
3804	0.831404	-0.000706	-0.001640
3805	0.829186	0.000991	-0.003424
3806	0.829861	0.001302	0.003135
3807	0.831694	0.001963	0.000048
3808	0.833623	0.001147	-0.003617
3809	0.837674	0.002332	-0.000723
3810	0.834008	0.000176	-0.001399
3811	0.834008	0.002129	0.000000
3812	0.836709	0.002772	-0.001254
3813	0.833816	0.000407	-0.003231
3814	0.838349	0.001204	0.003713
3815	0.838059	0.001852	0.003954
3816	0.841821	-0.000067	0.002122
3817	0.839217	0.001630	-0.001881
3818	0.836613	-0.000924	-0.003183
3819	0.837867	0.000326	-0.003954
3820	0.835359	0.000602	-0.002845
3821	0.840664	0.001452	0.000772
3822	0.840085	-0.000200	0.002218
3823	0.837095	-0.000682	0.000386
3824	0.840471	0.001927	-0.000916
3825	0.842303	0.000177	-0.002363
3826	0.838349	0.000210	-0.001784
3827	0.840278	0.000340	-0.001591
3828	0.843075	0.001172	0.002267
3829	0.842014	-0.000724	0.001784
3830	0.842785	-0.002226	0.001640
3831	0.842978	-0.000192	-0.001784
3832	0.843075	0.000268	0.001302
3833	0.845872	0.004224	0.001013
3834	0.842496	0.001173	-0.001881
3835	0.837867	0.001279	-0.006703
3836	0.833719	0.003238	-0.004678
3837	0.840278	0.002442	-0.004678
3838	0.841917	0.001371	0.000434
3839	0.842689	-0.000567	-0.002122
3840	0.837867	0.003624	-0.006076
3841	0.838059	0.000835	-0.007089
3842	0.837288	0.000667	-0.005835
3843	0.843364	-0.002347	-0.003665
3844	0.839313	0.000962	-0.002267
3845	0.840567	0.000223	-0.008729
3846	0.835648	0.000232	-0.014371
3847	0.834008	-0.000926	-0.013021
3848	0.832079	-0.000664	-0.014564
3849	0.824074	-0.003653	-0.014998
3850	0.834201	-0.002140	-0.015963
3851	0.839506	-0.002102	-0.013985
3852	0.831501	-0.000830	-0.013069
3853	0.831597	-0.000097	-0.010754
3854	0.826678	-0.000503	-0.008729
3855	0.825135	-0.001161	-0.009790
3856	0.824363	-0.000172	-0.012490
3857	0.833333	-0.001050	-0.011188
3858	0.833044	-0.001617	-0.011526
3859	0.830633	-0.000259	-0.013166
3860	0.831887	0.000067	-0.009452
3861	0.838059	0.001993	-0.008632
3862	0.840856	0.000385	-0.007813
3863	0.838927	-0.000550	-0.009934
3864	0.835069	0.000976	-0.007571
3865	0.833044	0.001997	-0.007861
3866	0.827643	0.001695	-0.002459
3867	0.828607	0.000471	-0.006510
3868	0.834780	-0.000775	-0.008632
3869	0.838252	0.001393	-0.007089
3870	0.836806	0.000924	-0.008054
3871	0.838349	-0.000272	-0.002556
3872	0.839313	0.001474	-0.002990
3873	0.831694	0.001293	-0.002749
3874	0.833623	0.003328	-0.006655
3875	0.826100	0.000896	-0.004244
3876	0.831115	-0.000560	-0.005015
3877	0.830826	-0.000014	-0.004389
3878	0.835841	0.000815	-0.010176
3879	0.836034	0.001106	-0.003328
3880	0.837288	-0.001542	-0.002942
3881	0.836130	0.000928	-0.003231
3882	0.841146	0.000084	-0.006703
3883	0.842496	0.001983	-0.003810
3884	0.837191	0.001977	-0.001833
3885	0.836709	0.001784	-0.003424
3886	0.836902	0.001970	-0.001157
3887	0.831115	-0.000272	-0.002025
3888	0.834780	0.000016	-0.003279
3889	0.830729	0.000109	-0.008922
3890	0.832272	-0.000263	-0.010127
3891	0.831404	0.001092	-0.012008
3892	0.825039	0.000498	-0.011044
3893	0.828221	-0.001236	-0.008488
3894	0.824363	-0.001240	-0.005160
3895	0.824267	0.000878	-0.006896
3896	0.827546	0.000778	-0.005642
3897	0.826968	0.000051	-0.004244
3898	0.828897	-0.000336	-0.004437
3899	0.832272	-0.002214	-0.007378
3900	0.827739	-0.000351	-0.007716
3901	0.827836	-0.000038	-0.005594
3902	0.833430	0.001394	-0.004533
3903	0.832465	0.000766	-0.004147
3904	0.829186	-0.000466	-0.003762
3905	0.826968	-0.000309	-0.003424
3906	0.831790	-0.003292	0.000772
3907	0.827257	0.000057	-0.004389
3908	0.827643	0.001783	-0.003569
3909	0.822338	0.002365	-0.005739
3910	0.823302	0.001389	-0.004630
3911	0.828029	0.000174	-0.003858
3912	0.821759	-0.000072	-0.004630
3913	0.824749	-0.000124	-0.004533
3914	0.828897	-0.000051	-0.006366
3915	0.831790	-0.000802	-0.005835
3916	0.833816	-0.000057	-0.008536
3917	0.842978	-0.001601	-0.004967
3918	0.840374	-0.001548	-0.006318
3919	0.839988	-0.001448	-0.006221
3920	0.832079	-0.000126	-0.005642
3921	0.834008	0.000053	-0.007282
3922	0.830826	0.000534	-0.003569
3923	0.836902	0.002185	-0.002170
3924	0.836227	0.001774	0.001881
3925	0.831019	0.001140	-0.002701
3926	0.830440	-0.002035	-0.002652
3927	0.834973	0.000115	-0.004726
3928	0.837770	0.000375	-0.008439
3929	0.833526	-0.001915	-0.004051
3930	0.831501	0.000958	-0.002025
3931	0.831694	0.000559	-0.002701
3932	0.833044	0.000454	-0.002845
3933	0.827836	0.000056	-0.006076
3934	0.834877	0.000076	-0.006993
3935	0.834973	-0.000152	-0.002845
3936	0.837674	-0.001495	-0.004389
3937	0.830247	0.001280	0.003086
3938	0.823688	0.001451	0.001399
3939	0.834780	0.000340	0.001399
3940	0.836130	-0.000290	0.002025
3941	0.836613	-0.001525	0.006703
3942	0.833333	-0.001708	0.005546
3943	0.835552	-0.001308	0.000434
3944	0.835745	-0.002292	0.003906
3945	0.831983	-0.000129	0.004437
3946	0.834587	0.000550	0.000579
3947	0.831790	-0.000748	0.001350
3948	0.836613	-0.001487	-0.003858
3949	0.830729	-0.000209	-0.006703
3950	0.833333	0.000348	-0.001688
3951	0.835069	-0.001984	0.001061
3952	0.834973	-0.003261	-0.001447
3953	0.834201	-0.000681	-0.000579
3954	0.830826	0.001291	0.000434
3955	0.832079	-0.000011	0.002508
3956	0.830343	0.000549	0.001447
3957	0.828993	0.001048	-0.003231
3958	0.826003	0.001436	-0.001157
3959	0.828125	0.002619	-0.000386
3960	0.826678	0.000880	-0.000723
3961	0.833237	-0.001128	-0.002990
3962	0.831019	0.000595	-0.003231
3963	0.834587	-0.000645	-0.005208
3964	0.835745	0.000872	-0.001929
3965	0.838252	0.001130	0.002942
3966	0.831790	0.002141	0.004244
3967	0.835455	0.001547	0.003472
3968	0.834491	-0.001104	0.004003
3969	0.843171	-0.000778	0.004244
3970	0.841532	-0.001042	0.003520
3971	0.841049	0.001002	0.000579
3972	0.838831	-0.001598	-0.000627
3973	0.840085	0.002552	-0.000096
3974	0.838831	0.001503	-0.002315
3975	0.836516	0.000045	-0.000338
3976	0.843461	0.001109	-0.003810
3977	0.845583	0.001310	-0.001784
3978	0.843557	-0.000786	-0.002894
3979	0.841339	-0.000108	-0.003906
3980	0.841339	-0.001770	-0.001447
3981	0.838831	-0.002361	0.001399
3982	0.837288	0.001209	0.001302
3983	0.840085	-0.002157	0.002749
3984	0.833430	-0.000894	0.002942
3985	0.824653	0.000139	0.002652
3986	0.821084	0.000585	0.001350
3987	0.822242	-0.000586	0.002604
3988	0.822145	0.000149	0.006173
3989	0.823592	0.001442	0.001061
3990	0.819830	0.000740	-0.001447
3991	0.822434	-0.000355	0.001254
3992	0.822434	0.001822	0.001061
3993	0.823785	-0.000438	0.002749
3994	0.821470	-0.000563	0.005883
3995	0.823110	-0.001367	0.003038
3996	0.822049	-0.000480	0.001833
3997	0.824460	-0.001598	-0.000145
3998	0.827643	-0.001712	0.001495
3999	0.828993	-0.000061	0.002701
4000	0.830729	0.002254	0.002122
4001	0.828704	0.001901	0.003135
4002	0.830150	0.001847	0.006076
4003	0.823302	0.000080	0.004533
4004	0.823302	0.002470	0.005787
4005	0.822434	0.001177	0.001061
4006	0.826678	-0.000253	0.003424
4007	0.824942	-0.001149	0.000338
4008	0.826196	-0.000559	-0.001881
4009	0.830633	-0.000045	-0.005160
4010	0.826292	0.001331	-0.005064
4011	0.825231	0.001078	-0.005546
4012	0.827353	-0.000276	-0.002990
4013	0.821084	0.001940	-0.001688
4014	0.825617	0.000253	-0.003279
4015	0.828704	-0.000653	-0.002894
4016	0.831501	-0.001098	-0.004533
4017	0.827836	0.000824	-0.006944
4018	0.830150	-0.000550	-0.002845
4019	0.831501	-0.000997	0.000482
4020	0.829958	0.001675	0.001399
4021	0.830247	0.000424	0.001784
4022	0.827643	0.003359	0.003713
4023	0.835069	0.000798	0.000145
4024	0.831019	-0.000095	-0.000627
4025	0.836323	0.000967	-0.002990
4026	0.829861	0.000494	0.000772
4027	0.828993	0.000654	0.005980
4028	0.824267	0.001337	0.007813
4029	0.831887	-0.000422	0.005594
4030	0.833526	0.000685	0.001399
4031	0.828511	-0.000721	0.003424
4032	0.839313	-0.001727	0.001302
4033	0.842207	-0.000976	0.001591
4034	0.839699	-0.001825	0.001254
4035	0.839120	-0.002984	0.001736
4036	0.827353	-0.001709	0.005257
4037	0.832851	0.000933	0.003135
4038	0.831308	-0.001055	0.004919
4039	0.824363	0.000660	0.005594
4040	0.831308	0.000546	0.003135
4041	0.826678	0.000858	0.000723
4042	0.827643	0.000747	0.001109
4043	0.828318	-0.000834	0.001399
4044	0.826389	0.000956	0.000868
4045	0.828607	0.001646	0.002218
4046	0.830343	0.000213	-0.002556
4047	0.829668	0.000470	0.000193
4048	0.830440	0.001654	0.000965
4049	0.834973	0.005472	-0.000820
4050	0.831308	0.003017	0.002170
4051	0.831501	0.002954	0.004485
4052	0.833140	0.001656	0.004196
4053	0.830922	-0.000808	0.007475
4054	0.834973	-0.001413	0.005787
4055	0.837095	-0.000007	0.002025
4056	0.835359	-0.000246	0.002701
4057	0.830826	-0.001869	0.003086
4058	0.824749	0.000310	0.002267
4059	0.826292	-0.002352	0.001109
4060	0.827257	-0.000045	-0.001736
4061	0.825907	0.001340	-0.000627
4062	0.819927	0.001095	0.001109
4063	0.828607	-0.000014	-0.001109
4064	0.819252	0.000297	-0.002652
4065	0.823206	0.000206	0.002411
4066	0.828704	0.001136	-0.001495
4067	0.820891	0.002875	-0.001784
4068	0.824942	0.000327	0.001399
4069	0.828221	0.001725	0.003762
4070	0.823495	0.001159	0.005160
4071	0.823688	-0.000331	0.002170
4072	0.826196	0.002539	0.004678
4073	0.826100	0.002958	0.003279
4074	0.838542	0.000827	0.003086
4075	0.833237	0.001049	0.002845
4076	0.832755	0.000225	0.002025
4077	0.832176	-0.000112	0.000289
4078	0.838638	-0.003605	0.000482
4079	0.839024	-0.000300	-0.001881
4080	0.839892	-0.001083	0.000772
4081	0.835648	0.000823	0.002170
4082	0.834684	-0.000045	0.000000
4083	0.835552	-0.001007	0.002556
4084	0.834105	-0.001923	0.002170
4085	0.835648	-0.001468	0.003954
4086	0.839796	-0.000720	0.001929
4087	0.834780	0.000504	0.002604
4088	0.836227	0.003239	-0.003858
4089	0.835648	0.003451	-0.004774
4090	0.833237	0.003009	-0.003135
4091	0.833526	0.002643	-0.001399
4092	0.829090	0.002713	0.000916
4093	0.829668	0.001756	0.004051
4094	0.829475	0.000889	0.000000
4095	0.833044	0.000564	0.003810
4096	0.831694	-0.001705	0.003617
4097	0.832562	0.001240	0.002025
4098	0.834105	0.002639	-0.004630
4099	0.831019	0.001078	-0.000096
4100	0.837384	-0.001268	-0.003086
4101	0.839410	0.001243	0.002267
4102	0.836227	0.000388	0.006655
4103	0.835648	-0.000172	0.006221
4104	0.839699	0.000373	0.006944
4105	0.837577	-0.000784	0.002556
4106	0.838927	-0.000158	0.003231
4107	0.836806	0.000786	0.003424
4108	0.834298	0.001058	0.001977
4109	0.834587	0.000492	-0.000386
4110	0.832079	0.003108	0.001350
4111	0.830343	-0.000724	0.000048
4112	0.830150	-0.000628	-0.001591
4113	0.831308	-0.000475	-0.005305
4114	0.833719	0.000708	-0.002604
4115	0.832658	-0.000742	-0.004678
4116	0.830054	-0.001333	-0.005112
4117	0.828221	-0.000640	-0.003424
4118	0.822145	0.001200	-0.005739
4119	0.824942	-0.001263	-0.004967
4120	0.824556	-0.000034	0.001206
4121	0.821952	-0.000028	-0.001109
4122	0.828897	-0.001847	-0.002604
4123	0.822531	-0.002348	0.000048
4124	0.820988	0.000414	-0.002459
4125	0.829475	0.000440	0.002315
4126	0.822145	0.000288	-0.003038
4127	0.828318	0.001927	0.000627
4128	0.834491	0.002064	-0.001447
4129	0.833333	0.002341	0.000338
4130	0.834877	-0.002235	-0.001688
4131	0.835069	0.000043	0.000965
4132	0.833623	0.000104	-0.001013
4133	0.832755	-0.001501	-0.002122
4134	0.831887	-0.002078	-0.002894
4135	0.823785	0.001282	-0.004630
4136	0.828704	0.001179	-0.005208
4137	0.831308	0.001198	-0.006318
4138	0.838542	0.001212	-0.007957
4139	0.839024	-0.002771	-0.000193
4140	0.836227	-0.000704	0.002508
4141	0.837963	0.000117	-0.001254
4142	0.837191	-0.000295	-0.007378
4143	0.833140	-0.001458	-0.005160
4144	0.828607	-0.000959	-0.002267
4145	0.830054	-0.001097	-0.001977
4146	0.830536	-0.000242	-0.002894
4147	0.828318	-0.000895	-0.004871
4148	0.828704	0.000449	0.000193
4149	0.823881	-0.000470	-0.002990
4150	0.827836	0.001680	-0.002459
4151	0.829668	-0.000342	0.001061
4152	0.834394	0.001558	0.000145
4153	0.837674	-0.000185	0.001784
4154	0.829475	-0.001341	0.001591
4155	0.832755	0.000886	0.003038
4156	0.831694	0.002104	0.005835
4157	0.834973	0.001507	0.004726
4158	0.832948	-0.001262	0.005883
4159	0.831115	-0.000859	0.005015
4160	0.831019	0.000448	0.005835
4161	0.831983	-0.000267	0.004196
4162	0.827353	-0.000659	0.003231
4163	0.829282	-0.002103	0.003183
4164	0.832272	-0.001457	-0.000096
4165	0.829090	-0.002703	-0.002218
4166	0.832658	-0.000144	-0.000916
4167	0.833526	0.000884	-0.001447
4168	0.833237	-0.001346	-0.000048
4169	0.827353	-0.000139	-0.000193
4170	0.829186	-0.001833	0.001350
4171	0.826003	-0.001415	-0.000675
4172	0.824846	-0.001060	0.001447
4173	0.821663	-0.002427	-0.001399
4174	0.824749	-0.000917	-0.001447
4175	0.826582	-0.001868	-0.001206
4176	0.823013	-0.001427	-0.004051
4177	0.823110	-0.002812	-0.004967
4178	0.815876	0.000656	-0.000386
4179	0.822627	0.000776	-0.003906
4180	0.831597	-0.001824	-0.001929
4181	0.833623	0.001044	-0.004581
4182	0.833623	0.001114	-0.006993
4183	0.835455	0.002144	-0.003376
4184	0.830826	0.001187	-0.006366
4185	0.829958	-0.000483	-0.006800
4186	0.831501	-0.002480	-0.005257
4187	0.832755	-0.000570	-0.001061
4188	0.828800	0.000744	-0.004533
4189	0.831019	-0.001025	-0.002411
4190	0.825714	-0.000932	-0.004292
4191	0.825617	-0.001038	-0.004051
4192	0.824653	0.000715	-0.004292
4193	0.828800	0.000953	-0.000096
4194	0.830536	0.000930	-0.000482
4195	0.827450	-0.000561	0.000965
4196	0.832658	-0.000091	0.006125
4197	0.832272	-0.000630	0.004823
4198	0.831887	-0.001506	0.003617
4199	0.840181	0.000046	0.000820
4200	0.843461	-0.001962	0.002942
4201	0.845293	0.002427	0.002267
4202	0.845679	0.000104	0.001736
4203	0.832176	0.000814	0.000723
4204	0.829090	0.000073	-0.002797
4205	0.828318	0.002707	0.003328
4206	0.831790	0.001775	-0.001688
4207	0.829668	0.000778	0.001350
4208	0.829186	0.001098	0.001495
4209	0.832369	-0.000308	0.003376
4210	0.831694	0.000448	0.007137
4211	0.830826	-0.000304	0.004389
4212	0.825617	0.001491	0.009790
4213	0.827836	0.000601	0.006318
4214	0.828897	0.001023	0.001206
4215	0.831115	-0.000449	0.005932
4216	0.830247	0.000476	0.001881
4217	0.829186	-0.000269	0.001061
4218	0.821084	0.000221	0.000145
4219	0.821952	0.000471	-0.001543
4220	0.826775	-0.000276	-0.001447
4221	0.825617	-0.000202	0.002990
4222	0.822434	0.000573	0.001833
4223	0.818094	0.000490	0.001591
4224	0.822724	0.000092	-0.000723
4225	0.823110	0.000483	0.001350
4226	0.823399	0.001220	-0.005305
4227	0.825714	0.000503	-0.001977
4228	0.826003	0.000112	-0.004630
4229	0.827836	-0.002062	-0.001302
4230	0.833623	0.001574	-0.006318
4231	0.824074	0.000561	-0.004967
4232	0.834394	0.001646	-0.002459
4233	0.837770	0.001112	-0.001881
4234	0.836709	0.002185	0.000241
4235	0.830633	-0.001881	-0.002025
4236	0.827257	0.000067	-0.006896
4237	0.832658	0.000794	-0.004003
4238	0.829282	0.001285	-0.004630
4239	0.832272	-0.002102	-0.004678
4240	0.838252	-0.002858	-0.006993
4241	0.840471	0.000382	-0.007861
4242	0.842785	0.001280	-0.004774
4243	0.834298	-0.000261	-0.003762
4244	0.839120	-0.000964	-0.005594
4245	0.835938	0.000386	-0.006366
4246	0.840278	0.003513	-0.003713
4247	0.844136	0.002569	-0.006414
4248	0.839217	0.003198	-0.003665
4249	0.838927	0.000619	-0.001881
4250	0.841917	0.000289	-0.000772
4251	0.843268	0.000803	-0.001013
4252	0.841339	-0.001601	0.000241
4253	0.840664	0.001356	-0.000965
4254	0.842207	0.001011	0.000193
4255	0.844618	0.001338	0.002459
4256	0.842978	0.000337	0.001977
4257	0.837288	-0.000671	0.001591
4258	0.838156	-0.000737	0.004389
4259	0.837770	0.000183	-0.000241
4260	0.840278	0.003504	0.000048
4261	0.844136	0.003849	0.003183
4262	0.837867	0.002414	0.000675
4263	0.843654	0.000826	-0.001977
4264	0.843654	-0.000105	0.000145
4265	0.842496	-0.000249	0.001640
4266	0.843075	0.000502	0.003231
4267	0.839699	-0.000602	0.002411
4268	0.838445	0.000560	-0.000482
4269	0.842303	-0.000096	-0.000193
4270	0.837191	-0.000790	0.000675
4271	0.835648	-0.001555	0.000048
4272	0.831694	-0.001745	-0.000434
4273	0.830247	-0.000112	-0.000965
4274	0.827064	0.000917	0.001640
4275	0.822049	0.002491	0.000530
4276	0.818191	0.000791	0.007282
4277	0.819252	0.001563	0.001399
4278	0.813657	0.002048	-0.001206
4279	0.817323	0.001541	0.001061
4280	0.822145	-0.000754	0.005208
4281	0.823592	-0.000615	0.005305
4282	0.826003	0.000048	0.001591
4283	0.824267	-0.000394	0.002074
4284	0.817805	-0.000934	0.002459
4285	0.814718	0.002027	0.001929
4286	0.820313	0.000627	0.002363
4287	0.821663	0.000391	0.005739
4288	0.813272	0.001035	0.006559
4289	0.814429	0.000351	0.005932
4290	0.814718	0.001375	0.004581
4291	0.823110	0.001856	0.007813
4292	0.821566	0.000965	0.009404
4293	0.809124	0.000404	0.008247
4294	0.808835	0.000393	0.005112
4295	0.811439	-0.000582	0.002025
4296	0.810185	0.000501	0.004678
4297	0.814718	0.000330	0.006028
4298	0.813754	0.000884	0.006993
4299	0.813561	-0.000536	0.004678
4300	0.815201	-0.000117	0.002845
4301	0.816744	0.001385	0.001736
4302	0.821856	0.001140	0.006510
4303	0.819155	-0.001125	0.005546
4304	0.815297	-0.001051	0.006944
4305	0.817419	0.000102	0.006221
4306	0.825714	-0.001563	0.008729
4307	0.831211	0.001247	0.007186
4308	0.829572	0.000028	0.010320
4309	0.828511	-0.000342	0.008584
4310	0.836709	0.000778	0.009886
4311	0.836227	-0.000719	0.007186
4312	0.830150	0.000985	0.008343
4313	0.825231	-0.000860	0.010706
4314	0.824749	0.000758	0.008536
4315	0.815876	0.000149	0.012828
4316	0.813079	0.001598	0.010176
4317	0.817226	-0.000927	0.009211
4318	0.822627	0.000823	0.006848
4319	0.831694	-0.001340	0.007620
4320	0.828318	-0.000653	0.004630
4321	0.824653	-0.000417	0.005112
4322	0.827064	-0.000548	0.004871
4323	0.832658	0.002740	0.002797
4324	0.832755	0.000765	0.002122
4325	0.827353	0.001784	0.003954
4326	0.831211	0.001420	0.003954
4327	0.831308	-0.001603	0.001543
4328	0.834780	0.001496	-0.002508
4329	0.835262	-0.001858	-0.001013
4330	0.834973	0.000374	0.000868
4331	0.836613	0.000138	0.002267
4332	0.836420	0.000964	-0.002363
4333	0.830922	0.002387	-0.001206
4334	0.831404	0.001918	-0.000627
4335	0.834684	-0.001133	-0.002845
4336	0.837674	0.001177	-0.003376
4337	0.830633	-0.000019	0.000627
4338	0.830150	-0.000296	-0.005160
4339	0.831983	0.002745	-0.005208
4340	0.826582	0.000321	0.000627
4341	0.830729	0.002609	0.001013
4342	0.834491	0.000286	0.002749
4343	0.831019	0.002806	0.001591
4344	0.833333	0.001760	-0.001495
4345	0.833430	0.001140	-0.000916
4346	0.842593	0.001532	0.001543
4347	0.841725	0.001730	0.003810
4348	0.840760	0.003163	0.002942
4349	0.838156	0.001311	0.005015
4350	0.836709	-0.000481	0.001061
4351	0.840953	-0.002274	-0.002845
4352	0.837191	-0.000752	-0.003906
4353	0.836998	-0.000438	-0.003328
4354	0.832465	-0.000189	-0.002942
4355	0.832755	-0.002469	-0.003279
4356	0.827160	0.000852	-0.001833
4357	0.829861	0.000110	-0.001881
4358	0.830729	0.000257	0.001495
4359	0.830054	-0.000343	0.003279
4360	0.830922	-0.000022	-0.000675
4361	0.828125	0.002964	0.003183
4362	0.828221	0.002554	0.001929
4363	0.827353	0.000404	0.003183
4364	0.833526	-0.001887	0.004581
4365	0.824749	-0.001298	0.005691
4366	0.819830	-0.001049	0.008777
4367	0.824171	0.001397	0.006655
4368	0.825617	0.000168	0.007282
4369	0.829572	0.001571	0.006366
4370	0.829668	-0.000924	0.005160
4371	0.836998	-0.001107	0.005401
4372	0.837770	-0.002398	0.002797
4373	0.844039	0.001748	0.004485
4374	0.847222	-0.001899	0.004485
4375	0.843846	-0.002573	0.005305
4376	0.840374	0.000651	0.004340
4377	0.840856	0.002102	0.001206
4378	0.840085	0.000084	0.003569
4379	0.845486	-0.000936	0.002604
4380	0.843557	-0.001548	0.000627
4381	0.853299	0.000104	-0.000434
4382	0.853684	0.001775	0.000241
4383	0.851948	0.001681	0.000386
4384	0.851852	0.000809	-0.005112
4385	0.848187	0.002801	-0.002604
4386	0.851080	-0.000423	-0.003328
4387	0.847512	0.000544	-0.003520
4388	0.855324	0.000427	-0.005691
4389	0.850116	0.000742	-0.006800
4390	0.844232	-0.001058	-0.004967
4391	0.844232	-0.000017	-0.009115
4392	0.843846	-0.000976	-0.003762
4393	0.847029	0.002295	-0.001399
4394	0.847222	0.001473	-0.003762
4395	0.845004	0.002809	-0.001929
4396	0.843364	0.000164	0.001543
4397	0.837191	0.000323	0.001157
4398	0.837770	0.003997	0.000000
4399	0.833526	0.000913	0.003858
4400	0.828511	0.000017	0.002652
4401	0.826196	0.000965	0.002942
4402	0.826100	0.001535	0.000675
4403	0.828029	-0.000407	-0.002074
4404	0.819155	0.001038	0.000338
4405	0.814622	0.000198	-0.001881
4406	0.818769	-0.000102	-0.000820
4407	0.816358	-0.000043	0.000579
4408	0.818962	0.000895	0.001736
4409	0.824556	-0.001192	0.000048
4410	0.826775	0.000340	-0.000965
4411	0.823978	-0.001828	-0.002652
4412	0.827450	-0.000635	-0.004389
4413	0.826100	-0.001175	-0.002170
4414	0.825907	0.000152	-0.001350
4415	0.826003	-0.000592	-0.000193
4416	0.828897	0.000922	0.001302
4417	0.835938	0.000587	-0.000916
4418	0.834298	-0.001309	-0.000530
4419	0.829765	0.001588	-0.001399
4420	0.831790	0.000103	0.001977
4421	0.830440	0.000761	0.003279
4422	0.827643	-0.000779	0.002701
4423	0.827257	-0.000397	0.005064
4424	0.828897	-0.001785	0.004533
4425	0.819348	0.000214	0.005160
4426	0.824171	0.001160	0.003713
4427	0.825135	-0.000819	0.007427
4428	0.827450	-0.001279	0.007523
4429	0.822049	0.000088	0.000868
4430	0.822049	0.000280	0.004340
4431	0.821663	0.001617	0.004871
4432	0.821470	-0.000441	0.002797
4433	0.818962	0.000142	0.006800
4434	0.822531	-0.000085	0.000338
4435	0.819927	0.000260	0.000965
4436	0.820505	-0.000377	0.002025
4437	0.825039	0.000963	0.004003
4438	0.826389	0.000457	-0.000579
4439	0.827353	-0.000078	-0.000772
4440	0.829475	-0.000897	0.001640
4441	0.822820	0.000085	0.000675
4442	0.823013	0.001280	-0.000627
4443	0.818866	0.000446	-0.000916
4444	0.814622	-0.000330	0.000675
4445	0.818866	-0.001298	0.001350
4446	0.818287	0.000886	-0.003617
4447	0.821566	0.000432	0.000096
4448	0.821277	-0.000390	0.002604
4449	0.825424	-0.002308	0.003713
4450	0.824556	-0.000597	0.002797
4451	0.819927	0.000365	0.006510
4452	0.820891	0.001090	0.005498
4453	0.813368	0.001173	0.004678
4454	0.818094	0.002097	0.002218
4455	0.823110	0.000447	0.004244
4456	0.825714	0.000378	0.007137
4457	0.822820	-0.000719	0.007523
4458	0.817130	0.001247	0.004147
4459	0.820313	0.001723	0.009693
4460	0.824653	0.003119	0.008343
4461	0.824460	0.000814	0.012394
4462	0.826871	0.002166	0.008922
4463	0.828125	0.001420	0.007330
4464	0.833526	-0.000574	0.006752
4465	0.833044	0.001126	0.007234
4466	0.834877	0.000823	0.011140
4467	0.836227	0.000416	0.011912
4468	0.832851	0.000348	0.010995
4469	0.831308	-0.000865	0.010079
4470	0.831115	0.001783	0.009307
4471	0.831308	0.000494	0.005642
4472	0.826871	0.000962	0.002845
4473	0.822531	-0.000101	0.001302
4474	0.826003	-0.000739	0.001206
4475	0.825907	-0.001372	0.005112
4476	0.820988	0.000820	0.002315
4477	0.815297	0.000377	0.000193
4478	0.819927	-0.000510	0.005691
4479	0.818576	-0.000735	0.003617
4480	0.825135	-0.000223	-0.000096
4481	0.819830	-0.001343	-0.002604
4482	0.820313	0.000971	-0.007234
4483	0.818383	0.000140	-0.002749
4484	0.820891	0.000708	-0.000289
4485	0.816358	0.000609	-0.003086
4486	0.816937	0.000071	-0.006559
4487	0.821373	0.002024	-0.000772
4488	0.823013	0.001368	0.000000
4489	0.819444	-0.001004	0.000868
4490	0.816840	0.000383	-0.000386
4491	0.822724	0.000279	-0.003038
4492	0.831019	-0.001241	-0.000241
4493	0.840374	0.000000	-0.002604
4494	0.839796	-0.000388	0.000386
4495	0.835069	0.000355	-0.002363
4496	0.832755	0.000805	0.003328
4497	0.837191	0.000621	0.001013
4498	0.838156	0.000250	0.004871
4499	0.836420	0.000291	0.003617
4500	0.831790	0.001062	0.002749
4501	0.835262	0.000469	0.001784
4502	0.838638	-0.002264	-0.000627
4503	0.834491	0.002488	-0.000675
4504	0.832562	0.000786	0.005112
4505	0.832658	-0.000139	0.005546
4506	0.833816	-0.000650	0.004967
4507	0.835938	-0.001257	0.002749
4508	0.839506	0.001977	-0.000241
4509	0.838638	0.000221	0.001784
4510	0.839699	-0.001256	-0.003183
4511	0.839988	0.000541	0.000096
4512	0.839506	-0.001307	0.000048
4513	0.835552	-0.001278	-0.000289
4514	0.835455	0.001331	-0.005160
4515	0.829379	0.002230	-0.006896
4516	0.828897	-0.001612	-0.005739
4517	0.826582	0.000024	-0.006993
4518	0.829572	0.000688	-0.007620
4519	0.833719	0.000535	-0.004340
4520	0.831211	0.001327	-0.007234
4521	0.837191	0.002275	-0.004533
4522	0.833816	0.001189	-0.006752
4523	0.829572	-0.000359	-0.005015
4524	0.836130	0.000005	-0.002411
4525	0.837674	0.002356	-0.000965
4526	0.842207	0.002149	-0.003038
4527	0.841725	-0.001810	0.002267
4528	0.828704	-0.000201	-0.001013
4529	0.825714	0.001109	-0.002894
4530	0.824074	0.001088	-0.006944
4531	0.824653	0.001334	-0.000193
4532	0.826196	0.001775	-0.003424
4533	0.826100	0.000332	-0.005498
4534	0.825714	0.002320	0.001640
4535	0.824749	0.000017	-0.002845
4536	0.814815	0.000748	-0.004485
4537	0.821277	-0.000148	-0.003762
4538	0.815972	-0.000289	-0.004774
4539	0.815683	0.000062	-0.005498
4540	0.820313	0.000036	-0.004823
4541	0.822724	0.000509	-0.004726
4542	0.827450	0.001914	-0.007330
4543	0.832369	0.000302	-0.009115
4544	0.831019	0.001241	-0.011671
4545	0.830729	0.000651	-0.007957
4546	0.833526	0.001805	-0.005594
4547	0.827546	-0.001207	-0.004919
4548	0.833044	0.000233	-0.006462
4549	0.822242	-0.000151	-0.007957
4550	0.825521	0.002030	-0.008970
4551	0.820216	-0.000853	-0.008247
4552	0.826775	-0.000828	-0.009790
4553	0.827739	0.001700	-0.008488
4554	0.832755	-0.000172	-0.007475
4555	0.837481	-0.001493	-0.005449
4556	0.832272	0.000072	-0.005980
4557	0.832948	0.001186	-0.005835
4558	0.826389	0.000104	-0.004967
4559	0.822820	0.000319	0.000338
4560	0.821856	0.000416	0.004437
4561	0.826100	0.000126	0.003135
4562	0.832658	0.001077	0.004003
4563	0.834877	0.000060	0.003906
4564	0.825907	-0.000314	0.003762
4565	0.824460	-0.001019	0.004485
4566	0.828029	-0.000004	0.002411
4567	0.829958	-0.001982	0.002315
4568	0.826582	-0.000909	0.000868
4569	0.826871	-0.001897	0.003038
4570	0.823013	-0.000426	0.006559
4571	0.826100	0.000305	0.001495
4572	0.828318	-0.000643	0.003762
4573	0.831597	0.001149	0.001302
4574	0.825039	-0.000422	-0.000338
4575	0.828318	-0.000565	0.002845
4576	0.833816	-0.000013	0.000772
4577	0.836420	-0.000858	-0.001350
4578	0.829765	0.000320	0.003135
4579	0.832851	-0.001659	0.003279
4580	0.835745	0.001215	0.006944
4581	0.836323	0.000219	0.000530
4582	0.832755	0.000673	0.000482
4583	0.832658	0.001345	0.002218
4584	0.833237	0.002774	0.002990
4585	0.831115	0.001571	0.006414
4586	0.829379	-0.001582	0.004099
4587	0.825231	0.000430	-0.002508
4588	0.825424	0.000006	0.001736
4589	0.825617	0.001609	0.001302
4590	0.827353	-0.000033	0.003810
4591	0.826968	0.001490	-0.002411
4592	0.825810	0.000199	-0.003569
4593	0.831115	-0.000279	-0.000916
4594	0.829282	-0.000044	0.002508
4595	0.824942	-0.000272	-0.004581
4596	0.823978	0.000538	-0.001061
4597	0.824653	0.000254	0.000627
4598	0.833044	-0.001413	0.002363
4599	0.834201	0.000741	0.004196
4600	0.831115	0.003083	0.005257
4601	0.832272	0.003313	0.007957
4602	0.834105	0.000618	0.004292
4603	0.835069	-0.000802	0.004581
4604	0.833044	-0.001325	0.001302
4605	0.830536	-0.000654	-0.003135
4606	0.830633	0.001695	0.001109
4607	0.834491	0.000753	0.001929
4608	0.829475	0.000304	-0.000482
4609	0.828221	0.001718	0.000675
4610	0.827932	0.000607	0.002990
4611	0.822242	-0.000104	-0.000675
4612	0.823881	0.001652	-0.001543
4613	0.819348	-0.001572	-0.005353
4614	0.824363	-0.000323	-0.004051
4615	0.830826	0.001751	-0.004726
4616	0.827257	0.000481	-0.004871
4617	0.823013	0.003036	-0.001109
4618	0.832658	-0.002027	-0.005064
4619	0.833044	-0.001692	-0.003424
4620	0.834394	-0.000500	-0.004437
4621	0.841917	0.002178	-0.003135
4622	0.842882	-0.001942	0.000000
4623	0.839796	0.000443	-0.000675
4624	0.837674	0.001850	-0.001640
4625	0.838638	-0.000434	0.000772
4626	0.834105	-0.002035	-0.000723
4627	0.833430	-0.001163	-0.002459
4628	0.835648	0.001431	-0.002025
4629	0.832562	0.000234	-0.001977
4630	0.840181	-0.000474	0.000096
4631	0.839410	0.002228	-0.001302
4632	0.838059	0.001277	-0.000772
4633	0.838445	0.001086	-0.003906
4634	0.829958	-0.000926	0.000675
4635	0.827546	0.001567	0.001977
4636	0.828221	0.001904	0.004437
4637	0.825714	-0.001200	0.001929
4638	0.823206	-0.000138	0.000241
4639	0.827932	-0.000527	-0.001302
4640	0.830729	-0.000294	-0.004437
4641	0.831211	0.000543	-0.004533
4642	0.827257	-0.000941	-0.008681
4643	0.829765	0.000261	-0.007764
4644	0.822145	-0.000676	-0.005112
4645	0.823978	-0.000619	-0.000145
4646	0.821952	0.000043	-0.007571
4647	0.820120	0.001091	-0.004630
4648	0.819348	-0.000353	-0.003858
4649	0.821084	-0.001173	-0.006848
4650	0.819637	-0.000592	-0.004292
4651	0.817033	0.001872	-0.004967
4652	0.822338	-0.000146	-0.001881
4653	0.829668	0.000616	-0.006703
4654	0.834587	-0.000836	-0.009597
4655	0.836902	-0.000142	-0.005546
4656	0.833044	0.001289	-0.010658
4657	0.833333	0.002184	-0.010127
4658	0.836323	0.000426	-0.010368
4659	0.833430	-0.000120	-0.006752
4660	0.832562	-0.000790	-0.009934
4661	0.827932	0.001969	-0.003665
4662	0.824942	0.000061	-0.001688
4663	0.822917	-0.000897	0.000820
4664	0.824846	-0.000783	0.003328
4665	0.827353	0.000355	-0.001254
4666	0.825231	0.000531	-0.002701
4667	0.828511	-0.001168	-0.003954
4668	0.828511	-0.000072	0.000241
4669	0.832465	-0.000500	0.000048
4670	0.829186	0.000424	-0.001350
4671	0.826968	0.000568	-0.004389
4672	0.824171	0.000464	-0.002604
4673	0.836130	0.002194	-0.005642
4674	0.833526	0.001833	-0.006559
4675	0.830826	0.000013	-0.004533
4676	0.829958	-0.001861	-0.004774
4677	0.826775	0.000242	-0.004678
4678	0.824846	-0.000014	-0.007861
4679	0.826196	-0.000064	-0.006607
4680	0.827257	0.000027	-0.005160
4681	0.821084	0.001764	-0.005257
4682	0.821470	-0.001401	-0.006800
4683	0.822917	0.000342	-0.012056
4684	0.817323	0.001170	-0.011381
4685	0.819927	0.001933	-0.007716
4686	0.815876	0.000578	-0.008295
4687	0.824653	-0.000954	-0.005498
4688	0.823110	0.000484	-0.004919
4689	0.814043	0.000180	-0.007089
4690	0.817033	0.001205	-0.009597
4691	0.821373	0.001386	-0.009066
4692	0.822724	-0.000897	-0.007137
4693	0.823978	-0.001989	-0.008873
4694	0.823495	-0.001919	-0.009549
4695	0.826196	-0.001046	-0.008198
4696	0.828704	-0.000804	-0.006848
4697	0.821952	-0.002428	-0.005546
4698	0.820891	-0.000484	-0.005980
4699	0.822338	0.000992	-0.010610
4700	0.828029	0.002151	-0.003713
4701	0.834877	0.003375	0.000145
4702	0.830247	0.002064	-0.002459
4703	0.832851	0.001159	-0.004823
4704	0.828318	0.001712	-0.007234
4705	0.827450	-0.001099	-0.006752
4706	0.828414	0.000374	-0.006366
4707	0.827546	-0.001281	-0.007282
4708	0.834394	-0.000269	-0.004919
4709	0.832562	0.000314	-0.002508
4710	0.829475	0.000773	0.000772
4711	0.830536	-0.001176	0.002990
4712	0.826871	-0.002854	-0.001543
4713	0.830054	-0.000105	-0.001591
4714	0.833044	0.000036	0.000386
4715	0.836516	0.000778	-0.000820
4716	0.833430	0.001267	-0.003086
4717	0.829572	0.001840	0.000386
4718	0.825039	0.001127	-0.005642
4719	0.829765	-0.000195	-0.001495
4720	0.829186	-0.001807	-0.000386
4721	0.831404	-0.001647	-0.000965
4722	0.831983	-0.000735	-0.004340
4723	0.829186	0.000655	-0.004389
4724	0.829668	-0.001347	-0.001302
4725	0.828800	0.000940	-0.001640
4726	0.827450	0.000555	-0.001736
4727	0.830247	-0.001093	0.001013
4728	0.825810	-0.000453	0.000048
4729	0.816840	-0.000833	0.000193
4730	0.824846	-0.001186	0.000193
4731	0.831211	-0.001444	-0.001833
4732	0.832465	-0.002028	0.001833
4733	0.831597	0.001327	0.000723
4734	0.830150	-0.001496	0.003231
4735	0.826775	-0.001199	0.004340
4736	0.826775	-0.000776	-0.002701
4737	0.837095	-0.000863	0.000675
4738	0.837191	0.000633	0.003906
4739	0.835552	-0.000123	0.005064
4740	0.839410	0.000171	0.003762
4741	0.833719	0.000456	0.004099
4742	0.833333	0.001151	0.003617
4743	0.831790	-0.000279	0.000868
4744	0.830826	-0.000133	-0.002267
4745	0.825039	0.000576	0.001977
4746	0.824074	-0.001017	0.003617
4747	0.819830	-0.000408	-0.001688
4748	0.825521	0.001241	0.003762
4749	0.828704	0.001249	0.000965
4750	0.826678	0.000890	0.002411
4751	0.830826	-0.000024	0.012346
4752	0.828221	-0.001793	0.009163
4753	0.827643	-0.000644	0.012394
4754	0.834298	0.000551	0.014130
4755	0.831597	-0.000438	0.008439
4756	0.834201	-0.002398	0.007523
4757	0.833623	-0.000226	0.004871
4758	0.826678	-0.001707	0.007523
4759	0.827257	-0.001636	0.004051
4760	0.821759	0.000751	0.006607
4761	0.823881	0.000223	0.008873
4762	0.823206	0.001139	0.004967
4763	0.818094	0.000923	0.006944
4764	0.821181	0.000867	0.005594
4765	0.824363	-0.000619	0.002556
4766	0.822531	-0.000122	0.003665
4767	0.823110	-0.001282	0.003858
4768	0.825521	0.000020	0.003376
4769	0.819927	-0.001083	0.006318
4770	0.825714	0.000180	0.007957
4771	0.830729	-0.002249	0.005546
4772	0.821373	-0.000370	0.002459
4773	0.821759	-0.000097	0.000675
4774	0.823688	-0.001800	0.001350
4775	0.828318	-0.002593	-0.001447
4776	0.827546	-0.000561	0.001591
4777	0.822917	-0.000669	-0.001543
4778	0.824171	-0.001248	-0.001495
4779	0.818866	-0.000649	-0.000482
4780	0.815779	0.000427	0.003183
4781	0.823495	-0.001352	0.002942
4782	0.825521	0.000874	0.001833
4783	0.832562	-0.000252	-0.002411
4784	0.826292	-0.001248	-0.002074
4785	0.825135	0.000787	-0.002749
4786	0.822627	0.000675	0.001302
4787	0.825521	0.000444	-0.000386
4788	0.833816	-0.000644	0.001881
4789	0.833430	0.000128	0.002025
4790	0.831019	0.000328	0.001736
4791	0.831019	-0.000819	0.000048
4792	0.834008	-0.000918	-0.000916
4793	0.837674	0.001285	-0.002170
4794	0.842303	0.000241	-0.002942
4795	0.840664	0.001337	0.000000
4796	0.837577	0.003983	-0.000916
4797	0.839024	0.000165	-0.005498
4798	0.841049	-0.000349	-0.007378
4799	0.834008	0.001785	-0.011574
4800	0.833912	0.000441	-0.007716
4801	0.826871	0.003675	-0.004533
4802	0.825810	0.000290	-0.006993
4803	0.826292	-0.000466	-0.008102
4804	0.834780	-0.001675	-0.009452
4805	0.828221	-0.000349	-0.010947
4806	0.832176	-0.001140	-0.007282
4807	0.830729	-0.000185	-0.006028
4808	0.831019	-0.000362	-0.006607
4809	0.825135	-0.001413	-0.007764
4810	0.822820	-0.000187	-0.007620
4811	0.823206	0.000124	-0.005064
4812	0.819637	0.000784	-0.006125
4813	0.823110	0.000095	-0.002942
4814	0.830440	0.001665	-0.003086
4815	0.831404	0.000257	-0.002218
4816	0.831694	-0.000854	-0.004581
4817	0.835069	-0.001731	-0.000048
4818	0.841532	0.000460	0.000868
4819	0.839313	-0.001044	-0.003665
4820	0.839120	-0.000232	-0.001399
4821	0.836902	-0.000553	-0.003569
4822	0.833237	-0.000739	-0.003906
4823	0.828511	-0.002265	-0.004292
4824	0.836709	-0.000609	-0.003424
4825	0.836420	-0.001649	-0.003713
4826	0.830729	-0.000293	-0.003376
4827	0.832176	-0.000433	0.001447
4828	0.831887	0.001596	-0.000482
4829	0.832176	0.002431	0.000096
4830	0.837770	0.002144	0.000482
4831	0.833623	0.001660	0.000386
4832	0.829282	0.000881	0.000916
4833	0.833140	0.000597	-0.002218
4834	0.825907	0.001761	-0.001640
4835	0.825424	0.000197	-0.002894
4836	0.827064	0.000370	-0.003279
4837	0.822434	0.000237	-0.004726
4838	0.824363	-0.001759	-0.001929
4839	0.826003	-0.003570	0.000868
4840	0.824653	-0.002287	0.001977
4841	0.833237	-0.002180	-0.000772
4842	0.826871	0.000551	-0.003135
4843	0.828414	0.001036	-0.000530
4844	0.828511	-0.002970	0.004003
4845	0.833816	-0.000162	0.000868
4846	0.831308	-0.001515	0.000193
4847	0.830826	-0.000840	0.000772
4848	0.828029	0.000120	0.001061
4849	0.829090	-0.001407	0.004292
4850	0.833816	0.001986	0.005112
4851	0.830729	0.001711	0.007475
4852	0.830150	0.001302	0.003376
4853	0.835262	0.002144	0.008054
4854	0.835745	0.000493	0.005353
4855	0.829379	-0.000159	0.008102
4856	0.828511	-0.000393	0.007668
4857	0.827353	0.001816	0.006366
4858	0.834780	0.003283	0.004340
4859	0.835938	0.001909	0.004823
4860	0.830150	0.001354	0.002894
4861	0.828897	0.000107	0.000772
4862	0.834394	0.000418	0.001206
4863	0.831983	0.000031	-0.000241
4864	0.830054	-0.001536	-0.002218
4865	0.830536	0.000058	-0.003038
4866	0.828511	0.000591	-0.001206
4867	0.829765	-0.000191	0.001206
4868	0.831308	-0.000582	0.003810
4869	0.827160	-0.000487	0.001157
4870	0.828704	-0.000780	-0.001929
4871	0.829379	-0.000147	0.000096
4872	0.826389	-0.000074	-0.004437
4873	0.824171	0.000404	-0.007620
4874	0.819541	-0.001425	-0.003038
4875	0.820795	-0.000183	-0.001543
4876	0.827836	0.000829	0.001013
4877	0.828511	0.000815	0.002604
4878	0.833912	0.001455	0.002218
4879	0.834780	0.000998	-0.001399
4880	0.836998	0.000379	-0.003617
4881	0.834780	0.002579	-0.005449
4882	0.827450	0.000108	-0.006076
4883	0.832369	-0.000288	-0.006800
4884	0.830247	0.000842	-0.005594
4885	0.828318	0.001579	-0.001881
4886	0.827836	0.001511	-0.003713
4887	0.826100	0.000217	-0.001447
4888	0.826968	-0.001929	-0.002122
4889	0.829282	0.001370	-0.004919
4890	0.835262	-0.000595	-0.001784
4891	0.832465	-0.000560	-0.000289
4892	0.831694	0.000317	0.000386
4893	0.832272	0.000959	-0.000868
4894	0.828993	0.001683	-0.002267
4895	0.832465	-0.000059	0.002797
4896	0.829572	-0.000172	-0.001640
4897	0.824846	0.000876	0.000772
4898	0.829668	0.001468	-0.002942
4899	0.834587	-0.000996	0.002411
4900	0.830729	-0.000386	0.004678
4901	0.829090	-0.000867	0.006318
4902	0.831404	-0.001015	0.007330
4903	0.827353	-0.003311	0.005353
4904	0.826775	-0.001824	0.005353
4905	0.834105	-0.000998	0.004244
4906	0.836420	0.000151	0.000868
4907	0.830536	0.001533	-0.000048
4908	0.832176	0.001325	0.000675
4909	0.837095	0.003650	0.008005
4910	0.833237	0.002257	0.004919
4911	0.831694	0.001263	-0.000145
4912	0.825328	-0.000963	0.002267
4913	0.825810	-0.001052	0.001013
4914	0.830440	-0.000080	-0.002267
4915	0.829475	0.000736	-0.001157
4916	0.827160	0.000930	-0.000868
4917	0.821759	-0.000473	0.001929
4918	0.820505	0.000004	0.004003
4919	0.818673	0.000135	0.002315
4920	0.819155	-0.000072	0.004871
4921	0.822724	-0.000685	0.000338
4922	0.821470	-0.000431	-0.002652
4923	0.825424	0.000311	0.002411
4924	0.827064	-0.001111	0.003424
4925	0.832465	-0.001522	0.003858
4926	0.842593	0.000473	0.006366
4927	0.841049	-0.000900	0.009356
4928	0.839699	-0.000152	0.009452
4929	0.826871	0.001061	0.007764
4930	0.833526	0.001076	0.006703
4931	0.831115	0.000230	0.003906
4932	0.837674	0.000794	0.003279
4933	0.837288	-0.000752	0.001495
4934	0.836227	0.001375	0.002459
4935	0.828029	0.001414	-0.002701
4936	0.838156	-0.002334	-0.004099
4937	0.837867	-0.001632	-0.002604
4938	0.839313	-0.000059	0.000675
4939	0.838156	-0.001907	-0.003472
4940	0.836806	-0.001479	-0.000868
4941	0.841917	0.001511	-0.000723
4942	0.832176	0.000131	-0.000482
4943	0.831694	-0.000094	-0.000048
4944	0.839120	-0.001387	0.001688
4945	0.841242	0.000562	0.001591
4946	0.838831	-0.000482	-0.000289
4947	0.841917	0.000989	0.003424
4948	0.845679	0.002544	0.003183
4949	0.846065	0.000107	0.002074
4950	0.845968	0.001931	0.002170
4951	0.841242	0.003615	0.005594
4952	0.842978	0.001010	0.007378
4953	0.842785	0.000526	0.002074
4954	0.844136	0.000672	0.002315
4955	0.836323	-0.000123	0.005208
4956	0.831308	0.001882	0.004678
4957	0.834684	0.002106	0.005835
4958	0.835552	0.001872	0.002122
4959	0.833430	0.003884	0.002845
4960	0.838542	0.000215	0.004196
4961	0.839988	0.000417	0.004823
4962	0.832562	0.001725	0.002701
4963	0.837481	-0.000270	0.005449
4964	0.842689	0.001372	0.005449
4965	0.841917	0.001643	0.007813
4966	0.837095	0.001169	0.006462
4967	0.836130	-0.001652	0.008873
4968	0.837191	-0.001739	0.007571
4969	0.836613	-0.001285	0.009115
4970	0.835938	-0.001417	0.009259
4971	0.832851	-0.003098	0.010851
4972	0.833623	-0.003429	0.009452
4973	0.835745	-0.000674	0.009356
4974	0.841146	-0.000466	0.008295
4975	0.839506	-0.002534	0.010465
4976	0.841339	-0.000319	0.008295
4977	0.841146	0.002480	0.009452
4978	0.841146	0.000825	0.011960
4979	0.836516	-0.000123	0.010995
4980	0.832851	-0.001516	0.010368
4981	0.834491	0.000373	0.013166
4982	0.838445	0.000100	0.010513
4983	0.837770	-0.001268	0.008054
4984	0.835552	0.000757	0.001302
4985	0.839988	-0.000943	-0.002556
4986	0.829765	-0.000683	-0.002797
4987	0.834973	0.000913	-0.002701
4988	0.838252	-0.000629	-0.002604
4989	0.832465	0.001446	-0.004147
4990	0.834877	0.000226	-0.000965
4991	0.832079	0.000485	-0.002459
4992	0.830247	-0.002425	-0.000723
4993	0.831404	-0.001083	-0.004051
4994	0.824171	-0.000512	-0.006221
4995	0.828897	0.000389	-0.002508
4996	0.820313	0.000894	-0.004099
4997	0.816744	0.001121	-0.004678
4998	0.816937	0.000237	-0.004003
4999	0.821181	-0.000834	-0.004919
5000	0.822724	-0.001126	-0.005835
