0	1.000000	1.000000	1.000000
1	0.842530	0.338224	0.853398
2	0.729550	0.170638	0.776979
3	0.640567	0.112171	0.712439
4	0.567981	0.058464	0.655771
5	0.509796	0.038556	0.605308
6	0.456826	0.050488	0.559366
7	0.408864	0.045800	0.516848
8	0.369048	0.029808	0.478942
9	0.333813	0.014490	0.439190
10	0.303646	0.005984	0.408567
11	0.275253	0.012967	0.374190
12	0.247295	0.005418	0.349127
13	0.225178	-0.003267	0.324670
14	0.201518	-0.006451	0.298953
15	0.179052	-0.006720	0.274834
16	0.164838	-0.010950	0.254068
17	0.153977	0.002470	0.235958
18	0.144858	0.002659	0.219648
19	0.133477	0.015118	0.200259
20	0.122590	0.001532	0.186717
21	0.111078	0.004037	0.172864
22	0.102478	-0.011449	0.156423
23	0.099353	-0.003764	0.143305
24	0.094312	-0.004402	0.138680
25	0.083296	0.014709	0.133613
26	0.073177	0.010062	0.130480
27	0.064165	0.013426	0.122977
28	0.061691	0.005589	0.119241
29	0.058096	0.013084	0.114118
30	0.049100	0.020866	0.108642
31	0.041610	0.001659	0.103857
32	0.030720	-0.002298	0.096332
33	0.028108	0.016482	0.087003
34	0.026658	0.017912	0.080573
35	0.026887	0.022531	0.078976
36	0.025517	0.015833	0.074145
37	0.024040	0.015463	0.070206
38	0.020744	0.010258	0.069351
39	0.019756	0.007333	0.064589
40	0.018313	0.014839	0.061142
41	0.015453	0.013346	0.059678
42	0.017765	-0.001681	0.054649
43	0.013900	-0.007864	0.052893
44	0.012610	0.001782	0.048621
45	0.014422	-0.006993	0.039897
46	0.014765	0.000823	0.039218
47	0.013738	-0.004684	0.038648
48	0.020410	-0.001480	0.035096
49	0.023063	-0.002947	0.029408
50	0.023431	0.012304	0.028142
51	0.022543	-0.007114	0.026901
52	0.019034	-0.014494	0.020662
53	0.016762	0.001150	0.017976
54	0.020306	-0.002362	0.015119
55	0.020447	0.001372	0.019243
56	0.025111	-0.000621	0.021754
57	0.031362	0.001432	0.026813
58	0.031308	-0.016783	0.028512
59	0.034774	-0.021776	0.028312
60	0.037068	-0.008483	0.033559
61	0.036137	-0.002559	0.038784
62	0.037476	-0.002979	0.042263
63	0.036368	-0.012972	0.043119
64	0.038702	-0.028359	0.040500
65	0.038109	-0.006940	0.039946
66	0.036257	-0.002986	0.041102
67	0.040394	-0.012872	0.037770
68	0.042288	0.001785	0.037374
69	0.046921	0.010550	0.039473
70	0.049783	-0.007196	0.044677
71	0.047716	-0.010200	0.045900
72	0.045125	-0.021304	0.050550
73	0.038551	-0.013633	0.055603
74	0.034468	-0.006868	0.059978
75	0.030683	0.003940	0.062809
76	0.025165	0.005506	0.064179
77	0.020452	0.003106	0.063568
78	0.014045	-0.009693	0.063567
79	0.011099	-0.008236	0.066458
80	0.008334	0.000182	0.069686
81	0.005212	0.006070	0.069457
82	0.007252	-0.011894	0.071025
83	0.005114	-0.002876	0.066733
84	0.008151	-0.003532	0.068023
85	0.007627	-0.010065	0.067116
86	0.000399	-0.012701	0.061363
87	-0.003020	0.007036	0.057971
88	-0.000821	0.014571	0.053465
89	-0.005776	-0.001023	0.049885
90	-0.009753	-0.016919	0.049194
91	-0.014129	-0.010216	0.043868
92	-0.014452	-0.011189	0.043197
93	-0.015822	-0.017895	0.040061
94	-0.014113	-0.001406	0.039474
95	-0.010530	0.022945	0.035492
96	-0.007718	0.014700	0.030196
97	-0.002979	-0.000620	0.026983
98	-0.000350	-0.004984	0.023041
99	-0.000040	0.008828	0.016414
100	0.000887	0.018025	0.017355
101	0.003260	0.035066	0.019295
102	-0.002056	0.035667	0.021682
103	-0.007749	0.017164	0.022487
104	-0.013518	0.008289	0.024486
105	-0.017967	-0.001303	0.020236
106	-0.019740	-0.003780	0.020402
107	-0.022473	0.017424	0.016727
108	-0.028342	0.019720	0.014574
109	-0.033960	0.008873	0.010373
110	-0.037363	0.001782	0.007508
111	-0.037311	-0.007336	0.009590
112	-0.035315	-0.001008	0.012598
113	-0.034925	0.004065	0.010114
114	-0.035520	0.002479	0.008781
115	-0.035494	0.009497	0.008501
116	-0.036155	0.023064	0.006650
117	-0.037069	0.013261	0.006578
118	-0.030977	0.008250	0.008634
119	-0.028913	0.016603	0.008416
120	-0.027012	0.005704	0.012738
121	-0.024447	-0.003986	0.015662
122	-0.019409	0.007079	0.015976
123	-0.012594	0.003731	0.017966
124	-0.004150	-0.002812	0.019561
125	0.003974	0.009948	0.018613
126	0.011124	0.010178	0.016737
127	0.013102	0.009036	0.015468
128	0.011753	0.010604	0.017508
129	0.010033	0.009930	0.016571
130	0.012683	0.013519	0.016828
131	0.010373	0.008881	0.011095
132	0.005810	-0.001599	0.008230
133	0.001096	-0.011062	0.004767
134	-0.001922	-0.006623	-0.004071
135	-0.007626	0.006807	0.001184
136	-0.009407	0.010781	-0.001226
137	-0.007907	-0.002214	-0.009350
138	-0.007376	-0.004904	-0.015303
139	-0.005163	-0.008584	-0.019401
140	0.004096	0.010271	-0.024286
141	0.010764	-0.006171	-0.026628
142	0.014820	-0.003496	-0.032642
143	0.018436	-0.003668	-0.037157
144	0.023280	-0.001904	-0.041529
145	0.019770	0.000825	-0.042676
146	0.022364	-0.010593	-0.045635
147	0.025422	-0.017392	-0.045701
148	0.026097	0.003906	-0.049103
149	0.022230	0.001420	-0.052347
150	0.021799	-0.001364	-0.053855
151	0.018630	0.010513	-0.052070
152	0.018136	0.025752	-0.049216
153	0.018297	0.018270	-0.043992
154	0.020328	0.028332	-0.037467
155	0.015087	0.002058	-0.033232
156	0.008794	0.000963	-0.029279
157	0.007364	-0.015379	-0.024925
158	0.006228	-0.016494	-0.021137
159	0.007893	-0.017897	-0.018368
160	0.006861	-0.014747	-0.011094
161	0.003797	-0.005468	-0.003913
162	-0.002919	0.002526	-0.002505
163	-0.007049	0.005276	0.001561
164	-0.008085	-0.007195	0.005011
165	-0.006171	-0.019370	0.008081
166	-0.008378	-0.014983	0.006592
167	-0.008125	-0.015573	0.010315
168	-0.012571	-0.023840	0.010109
169	-0.017781	-0.006657	0.005649
170	-0.017546	-0.021278	0.001473
171	-0.022246	-0.005893	0.001535
172	-0.026421	0.005521	-0.004673
173	-0.031845	-0.000873	-0.004541
174	-0.034437	-0.011741	-0.004738
175	-0.037678	0.009675	-0.005917
176	-0.043558	0.015418	-0.006163
177	-0.042107	0.022694	-0.004451
178	-0.041589	0.017791	0.000531
179	-0.043843	0.020951	0.004965
180	-0.043597	0.011342	0.004898
181	-0.041717	0.014002	0.005958
182	-0.037363	0.007853	0.006633
183	-0.033076	-0.003311	0.008777
184	-0.032831	-0.011533	0.011367
185	-0.033644	-0.008793	0.014561
186	-0.038437	-0.012395	0.015867
187	-0.038825	-0.016980	0.012352
188	-0.039222	0.006651	0.010196
189	-0.042280	0.013579	0.008903
190	-0.046256	0.009776	0.010846
191	-0.047233	0.013378	0.006962
192	-0.046133	0.023279	0.008233
193	-0.046863	0.012513	0.014318
194	-0.047185	0.006414	0.015272
195	-0.046957	-0.006342	0.014900
196	-0.050461	-0.006439	0.013625
197	-0.054831	0.006136	0.013405
198	-0.059930	-0.001134	0.014657
199	-0.060702	-0.011171	0.012371
200	-0.061099	-0.002854	0.010819
201	-0.067643	-0.003525	0.006461
202	-0.069382	0.000692	0.007047
203	-0.069492	0.003301	0.007780
204	-0.072051	-0.000918	0.008334
205	-0.072551	-0.006710	0.003572
206	-0.067859	-0.013999	0.000830
207	-0.066435	-0.010259	-0.003898
208	-0.069658	-0.001314	-0.006547
209	-0.070467	0.002519	-0.005068
210	-0.065483	-0.003063	-0.007039
211	-0.060490	-0.000895	-0.010909
212	-0.058204	0.003924	-0.009244
213	-0.054758	0.006156	-0.012299
214	-0.045191	0.001377	-0.011954
215	-0.042244	0.001733	-0.012348
216	-0.041948	-0.008216	-0.011800
217	-0.043348	0.013118	-0.012924
218	-0.042751	0.010921	-0.011640
219	-0.041297	0.016484	-0.010697
220	-0.040149	0.003265	-0.006881
221	-0.032493	0.005505	-0.009884
222	-0.019315	0.011881	-0.005258
223	-0.011964	0.006777	-0.006191
224	-0.009594	0.012396	-0.010989
225	-0.006394	0.017767	-0.009410
226	-0.002812	0.008169	-0.011960
227	0.002326	0.007715	-0.011647
228	0.004517	0.001575	-0.013639
229	0.003627	-0.005594	-0.010545
230	0.006400	-0.008309	-0.007770
231	0.011255	-0.000228	-0.009129
232	0.013342	0.000486	-0.012715
233	0.013482	0.008546	-0.008949
234	0.012610	-0.003509	-0.004759
235	0.009590	0.004242	-0.001053
236	0.005791	0.015580	0.001329
237	0.006363	0.011649	0.001187
238	0.007197	0.016440	-0.000533
239	0.003395	0.005122	0.001814
240	-0.004648	-0.006070	-0.000656
241	-0.002985	-0.004937	0.004089
242	-0.002980	-0.005914	0.005074
243	-0.007101	-0.008634	0.005005
244	-0.009828	-0.004479	0.002813
245	-0.014068	-0.010716	0.002113
246	-0.014526	-0.003598	-0.000539
247	-0.014499	-0.002889	-0.001189
248	-0.019402	-0.019226	0.000551
249	-0.022740	-0.018951	0.001358
250	-0.026694	0.003288	0.002256
251	-0.030978	-0.005935	0.003096
252	-0.034256	-0.000906	-0.001866
253	-0.035849	0.019592	-0.003767
254	-0.037804	0.008607	-0.005372
255	-0.036459	-0.007488	-0.002686
256	-0.031552	-0.001205	-0.002324
257	-0.033412	-0.004248	-0.005736
258	-0.036761	-0.000149	-0.008752
259	-0.037012	-0.003943	-0.014401
260	-0.037077	-0.005714	-0.016796
261	-0.037573	0.001643	-0.015364
262	-0.035313	-0.005836	-0.012771
263	-0.032893	-0.006871	-0.010616
264	-0.028342	-0.003608	-0.006929
265	-0.023914	0.011025	-0.004282
266	-0.020430	0.005419	-0.001304
267	-0.014640	0.016916	0.001117
268	-0.014072	0.014333	0.003619
269	-0.017999	0.007809	0.001789
270	-0.016292	0.022170	-0.000778
271	-0.010931	0.000618	-0.006986
272	-0.009689	-0.000436	-0.012334
273	-0.007975	-0.004726	-0.015612
274	-0.009192	-0.006947	-0.018645
275	-0.008248	0.010630	-0.021348
276	-0.006275	0.015956	-0.028344
277	-0.001558	-0.014603	-0.029306
278	0.000729	0.006208	-0.032320
279	0.000374	0.017923	-0.036576
280	-0.000582	0.016741	-0.040188
281	0.000557	-0.006746	-0.044333
282	-0.000000	-0.013635	-0.046655
283	-0.001659	-0.005638	-0.041287
284	0.000139	-0.007456	-0.040146
285	0.002328	-0.007873	-0.035696
286	-0.001165	-0.014248	-0.030778
287	-0.003707	-0.005020	-0.033735
288	-0.005333	-0.007815	-0.029051
289	-0.008887	-0.005930	-0.031719
290	-0.010478	-0.007294	-0.030607
291	-0.010817	-0.018409	-0.031192
292	-0.012009	-0.020007	-0.029823
293	-0.008859	0.004283	-0.032264
294	-0.006801	0.012690	-0.027685
295	-0.004660	-0.010071	-0.021968
296	-0.003659	-0.017310	-0.017528
297	-0.003291	-0.008012	-0.014468
298	-0.000541	-0.000791	-0.017376
299	0.000555	-0.003196	-0.014797
300	0.001492	-0.002067	-0.014911
301	0.005655	-0.017480	-0.015161
302	0.008913	-0.002070	-0.016583
303	0.008001	-0.002871	-0.020805
304	0.004704	-0.009763	-0.020359
305	0.003780	0.000177	-0.016988
306	0.002204	0.009445	-0.020011
307	0.002716	0.019293	-0.017671
308	-0.002702	0.013807	-0.021037
309	-0.004455	0.001270	-0.022011
310	-0.009494	-0.004967	-0.023790
311	-0.015376	0.001711	-0.021870
312	-0.013818	0.006369	-0.018578
313	-0.013975	0.004916	-0.010827
314	-0.019873	-0.000750	-0.009218
315	-0.027747	0.000877	-0.004340
316	-0.031801	-0.005720	-0.004800
317	-0.036127	0.005334	-0.010599
318	-0.035355	0.007107	-0.011291
319	-0.035314	0.012023	-0.011764
320	-0.034437	0.010677	-0.011504
321	-0.033399	0.015553	-0.011650
322	-0.030747	0.015023	-0.012104
323	-0.028846	0.018001	-0.010725
324	-0.030012	0.001433	-0.007419
325	-0.029893	0.009311	-0.003500
326	-0.025672	0.005932	0.004139
327	-0.024615	0.000335	0.009076
328	-0.026126	-0.003338	0.011292
329	-0.027229	0.011117	0.017401
330	-0.028743	0.000410	0.023612
331	-0.032579	-0.003873	0.023752
332	-0.030080	-0.001934	0.025306
333	-0.029698	-0.003097	0.026152
334	-0.025805	0.001880	0.026302
335	-0.021608	0.007394	0.034138
336	-0.016270	0.004443	0.043105
337	-0.016215	0.006185	0.051081
338	-0.020154	0.006402	0.058235
339	-0.023251	0.001188	0.059347
340	-0.019554	0.011691	0.068170
341	-0.013263	0.022134	0.073381
342	-0.014595	-0.001118	0.076687
343	-0.014479	0.006407	0.083399
344	-0.017137	0.008681	0.083137
345	-0.019989	-0.008778	0.088201
346	-0.016796	-0.002457	0.084602
347	-0.013999	-0.002063	0.083160
348	-0.011416	0.003568	0.082761
349	-0.007332	0.005282	0.080829
350	0.000788	-0.000094	0.081984
351	0.005173	-0.015221	0.082622
352	0.006343	-0.026986	0.081757
353	0.007735	-0.018696	0.082679
354	0.002764	-0.008033	0.076111
355	-0.000412	-0.000522	0.074389
356	0.000828	-0.017005	0.073115
357	-0.002820	-0.008298	0.065924
358	0.001548	0.000891	0.060554
359	-0.000327	0.013842	0.059177
360	-0.001366	0.020922	0.058000
361	-0.000970	0.007852	0.056105
362	0.000686	0.019033	0.056499
363	0.004025	0.002714	0.052351
364	0.005779	0.009742	0.051421
365	0.007861	0.006327	0.050817
366	0.013592	0.006044	0.048788
367	0.016398	0.016807	0.045397
368	0.020687	0.020242	0.041061
369	0.027439	0.024676	0.036347
370	0.030610	0.005077	0.033949
371	0.028931	0.007826	0.032380
372	0.027949	0.017045	0.026031
373	0.023879	-0.003361	0.021609
374	0.029846	0.001796	0.018464
375	0.032832	0.007158	0.018726
376	0.031734	0.001341	0.022117
377	0.029955	0.007104	0.023313
378	0.029689	0.000220	0.026618
379	0.029571	0.018608	0.027266
380	0.030651	0.016523	0.030021
381	0.033645	0.023517	0.031217
382	0.035184	0.003783	0.027368
383	0.034487	0.009914	0.024406
384	0.032145	0.028113	0.024558
385	0.030672	0.011477	0.021096
386	0.029487	0.011298	0.021480
387	0.025127	-0.002757	0.018971
388	0.020988	-0.009871	0.018993
389	0.020338	-0.006512	0.017874
390	0.017935	-0.008434	0.015047
391	0.015202	-0.007484	0.013723
392	0.015376	-0.011289	0.012185
393	0.014321	-0.011796	0.013885
394	0.012711	-0.004758	0.010400
395	0.007682	-0.002695	0.003747
396	0.000700	-0.006475	0.002224
397	-0.001579	-0.011371	0.004635
398	-0.006631	-0.000640	0.002063
399	-0.006153	-0.011842	0.007320
400	-0.005879	-0.009879	0.002917
401	-0.008860	-0.017128	0.007291
402	-0.008119	-0.007346	0.005998
403	-0.008899	0.002383	0.003113
404	-0.008365	0.002633	0.002618
405	-0.011117	-0.002043	0.001354
406	-0.012202	-0.003676	0.003349
407	-0.013360	-0.025541	0.003063
408	-0.012128	-0.029851	0.003869
409	-0.009597	-0.031521	0.002128
410	-0.005991	-0.019856	0.003350
411	-0.007924	-0.019403	-0.001400
412	-0.010723	-0.022717	-0.005504
413	-0.014000	-0.009969	-0.006812
414	-0.014542	-0.001691	-0.012636
415	-0.014249	-0.013316	-0.016057
416	-0.015442	-0.003988	-0.018476
417	-0.011766	-0.017477	-0.018886
418	-0.007780	0.004638	-0.019941
419	-0.008013	-0.004194	-0.014898
420	-0.001659	0.005325	-0.010423
421	0.001800	0.005319	-0.005477
422	0.004077	0.000788	-0.004193
423	0.004033	0.003622	0.000633
424	0.001447	0.005768	0.005594
425	0.002402	0.020557	0.010143
426	-0.002426	0.009334	0.014588
427	-0.001140	-0.006494	0.017158
428	0.001164	0.002708	0.019299
429	0.000459	0.000170	0.022292
430	0.002475	-0.008315	0.024467
431	0.003769	-0.003100	0.028237
432	0.004779	-0.008448	0.028935
433	0.005642	-0.009853	0.029114
434	0.008954	-0.009984	0.027648
435	0.012891	-0.018273	0.029194
436	0.017918	-0.021701	0.027831
437	0.019038	-0.024721	0.026506
438	0.022593	-0.003481	0.019192
439	0.022351	0.002076	0.016331
440	0.017604	-0.018780	0.007320
441	0.019347	0.009736	0.003233
442	0.020724	0.016971	-0.001726
443	0.018013	0.004488	-0.005431
444	0.012939	0.011036	-0.007872
445	0.008669	0.014380	-0.010206
446	0.004036	0.002115	-0.010058
447	0.002137	0.002298	-0.010370
448	0.000084	0.007907	-0.008415
449	-0.000145	0.012829	-0.005814
450	-0.001861	0.001185	-0.009133
451	-0.002710	-0.013515	-0.009911
452	-0.003772	0.001433	-0.005301
453	-0.003275	-0.018182	-0.003288
454	-0.004225	-0.023981	-0.000951
455	-0.006873	-0.014118	-0.000843
456	-0.009524	-0.018315	0.004189
457	-0.007649	-0.024565	0.009825
458	-0.007571	-0.011291	0.008191
459	-0.007324	-0.002125	0.012764
460	-0.003113	-0.005330	0.013485
461	-0.000699	-0.004481	0.018724
462	-0.001726	-0.030830	0.019632
463	-0.003089	-0.022049	0.018074
464	-0.003977	-0.027700	0.016274
465	-0.003100	-0.022073	0.014384
466	-0.004432	-0.012350	0.016423
467	-0.006032	-0.002703	0.017390
468	-0.000674	-0.004649	0.019892
469	0.001248	0.003093	0.021030
470	0.009343	-0.009560	0.026264
471	0.014136	0.004651	0.034256
472	0.013778	0.005672	0.039845
473	0.013439	0.003974	0.045016
474	0.011039	0.006164	0.048189
475	0.011516	0.008871	0.051138
476	0.008859	0.016335	0.051799
477	0.008534	0.042355	0.052123
478	0.010050	0.029018	0.052437
479	0.010492	0.008643	0.050453
480	0.014055	0.013966	0.049349
481	0.020298	0.008312	0.045707
482	0.022325	0.012975	0.041041
483	0.026332	0.002161	0.035340
484	0.032096	0.013550	0.029253
485	0.033373	0.000613	0.023721
486	0.035743	0.004059	0.021151
487	0.039867	0.000671	0.018858
488	0.045910	0.004013	0.014845
489	0.044502	-0.003706	0.006017
490	0.044946	-0.013653	0.001855
491	0.046503	-0.001439	-0.004036
492	0.049063	-0.004208	-0.009828
493	0.047092	0.009048	-0.015244
494	0.048978	0.003080	-0.020060
495	0.046461	0.009133	-0.021064
496	0.040369	0.004018	-0.022736
497	0.035707	-0.002654	-0.020659
498	0.027309	0.002012	-0.027732
499	0.021994	-0.000208	-0.034020
500	0.020689	-0.006105	-0.035781
501	0.023540	-0.003896	-0.041147
502	0.023548	-0.012797	-0.046619
503	0.021170	-0.010469	-0.051049
504	0.018861	-0.030835	-0.052246
505	0.011239	-0.030573	-0.046978
506	0.008033	-0.022058	-0.043569
507	0.001707	-0.019307	-0.044370
508	-0.000059	-0.027084	-0.038682
509	-0.002612	-0.024384	-0.042830
510	0.000850	-0.019149	-0.046182
511	0.003770	-0.004052	-0.053247
512	0.004016	-0.007142	-0.059080
513	0.006697	0.009266	-0.063688
514	0.003781	0.000803	-0.060840
515	0.002368	-0.006151	-0.062686
516	0.002192	-0.012588	-0.059695
517	-0.004232	-0.017851	-0.060980
518	-0.012768	-0.010369	-0.057454
519	-0.023423	0.005212	-0.051967
520	-0.030851	-0.002883	-0.046927
521	-0.035826	0.013731	-0.045978
522	-0.040288	0.013989	-0.044766
523	-0.041410	-0.012175	-0.043816
524	-0.043413	-0.003175	-0.043165
525	-0.051304	-0.017675	-0.045781
526	-0.050793	-0.009589	-0.045048
527	-0.052479	-0.011668	-0.047681
528	-0.049847	-0.008713	-0.040524
529	-0.042405	-0.007794	-0.035511
530	-0.035714	-0.003859	-0.031619
531	-0.031061	-0.013242	-0.025705
532	-0.028458	-0.015742	-0.016993
533	-0.024572	-0.009254	-0.010726
534	-0.021607	-0.000933	0.001343
535	-0.017489	-0.013654	0.009652
536	-0.016862	-0.015683	0.018714
537	-0.013383	-0.013133	0.021428
538	-0.008424	-0.002948	0.026292
539	-0.006697	-0.017236	0.025379
540	-0.005963	-0.015618	0.024395
541	-0.003597	-0.009424	0.021646
542	-0.002746	-0.014738	0.017212
543	-0.003209	-0.010382	0.018431
544	-0.004506	-0.001053	0.020048
545	-0.008528	0.001959	0.020394
546	-0.010341	0.012481	0.021624
547	-0.014861	0.018966	0.022575
548	-0.022238	0.010742	0.021875
549	-0.025875	-0.015224	0.019281
550	-0.027747	-0.004035	0.015121
551	-0.031967	0.006660	0.010362
552	-0.026012	0.004775	0.005514
553	-0.021242	0.009612	0.003769
554	-0.017591	0.016574	0.003039
555	-0.012959	-0.003252	-0.001204
556	-0.012355	-0.000708	0.000987
557	-0.013175	0.000612	-0.000863
558	-0.012319	0.008681	0.000656
559	-0.010899	-0.005356	0.005896
560	-0.008839	-0.009107	0.008987
561	-0.004851	-0.004986	0.008249
562	-0.004934	0.004301	0.007155
563	-0.005489	-0.005575	0.008424
564	-0.009517	0.004102	0.009922
565	-0.014709	-0.004852	0.010659
566	-0.020133	-0.004518	0.003957
567	-0.024245	0.004213	-0.002567
568	-0.027111	0.009770	-0.010126
569	-0.032101	-0.005897	-0.013375
570	-0.033910	-0.022535	-0.017312
571	-0.040436	-0.015997	-0.017659
572	-0.041435	-0.011132	-0.012643
573	-0.040219	-0.005682	-0.012219
574	-0.034847	0.011977	-0.005746
575	-0.029206	0.003211	-0.000739
576	-0.027877	0.005987	0.000328
577	-0.020448	0.004920	0.001366
578	-0.012304	-0.014695	0.004823
579	-0.005033	-0.014998	0.009243
580	0.000892	-0.013136	0.014079
581	0.003925	-0.016305	0.019726
582	0.003180	-0.002535	0.025512
583	0.005325	-0.013200	0.025548
584	0.002913	-0.002378	0.024929
585	0.004266	-0.008004	0.022902
586	0.005010	-0.011333	0.024175
587	0.005070	-0.011902	0.026171
588	0.007370	-0.018387	0.022178
589	0.012148	-0.015694	0.022110
590	0.013241	-0.005741	0.020980
591	0.013330	-0.008694	0.018545
592	0.016976	-0.003890	0.017540
593	0.017586	-0.001706	0.014109
594	0.016523	0.001556	0.016026
595	0.014914	0.017932	0.013716
596	0.016522	0.023572	0.015004
597	0.018230	0.010129	0.013569
598	0.019016	0.001893	0.013895
599	0.020936	-0.006418	0.013690
600	0.017942	0.023545	0.016645
601	0.020718	0.011380	0.020214
602	0.028288	0.004036	0.018236
603	0.027951	-0.004755	0.013858
604	0.022888	-0.011612	0.012020
605	0.019824	0.006528	0.007374
606	0.015557	0.006788	0.005376
607	0.012192	-0.004503	0.000610
608	0.009188	0.001024	-0.003326
609	0.006645	-0.002041	-0.006216
610	0.002718	-0.013248	-0.008601
611	-0.001060	-0.020877	-0.013602
612	-0.000834	-0.010288	-0.017030
613	0.001672	-0.004684	-0.024411
614	0.004564	-0.008070	-0.028525
615	0.003683	-0.007031	-0.034702
616	0.005705	-0.008437	-0.034887
617	0.007877	-0.002499	-0.037031
618	0.010705	-0.009519	-0.035574
619	0.012956	-0.007881	-0.035003
620	0.010710	-0.014951	-0.035220
621	0.005748	-0.002621	-0.033903
622	0.002585	-0.000802	-0.029360
623	0.000444	0.008735	-0.029106
624	0.001951	-0.002846	-0.027559
625	0.002499	-0.001065	-0.031910
626	0.003180	0.006634	-0.031262
627	0.007640	-0.003227	-0.033718
628	0.007643	0.000422	-0.033372
629	0.004461	0.004824	-0.036316
630	-0.002846	0.019079	-0.036119
631	-0.006213	0.016619	-0.033596
632	-0.011078	0.008054	-0.028406
633	-0.017497	0.015992	-0.021761
634	-0.022335	0.007200	-0.018895
635	-0.023024	0.009067	-0.010279
636	-0.022868	-0.015909	-0.002811
637	-0.021058	-0.004219	0.002269
638	-0.011555	0.012446	0.006738
639	-0.009776	0.003060	0.012567
640	-0.009111	0.008182	0.022262
641	-0.007101	0.006401	0.030295
642	-0.004986	0.004854	0.035640
643	-0.004464	-0.017036	0.041144
644	-0.009496	-0.019049	0.043971
645	-0.012563	-0.017886	0.044285
646	-0.018275	-0.019583	0.040336
647	-0.014365	-0.011461	0.037965
648	-0.013578	0.000905	0.038191
649	-0.010835	0.027346	0.038310
650	-0.004139	0.012395	0.036818
651	-0.004759	0.008620	0.035935
652	-0.010305	0.028094	0.034865
653	-0.007737	0.020652	0.030415
654	-0.007339	0.005419	0.021700
655	-0.007715	0.009727	0.019460
656	-0.004264	0.018322	0.017698
657	-0.001707	0.015135	0.017116
658	-0.005496	0.016921	0.013966
659	-0.005379	0.041794	0.007682
660	-0.006316	0.024773	0.004942
661	-0.006380	0.022885	0.004109
662	-0.007511	0.002246	0.001185
663	-0.008510	0.019298	-0.002481
664	-0.010359	0.022437	-0.004748
665	-0.012049	0.019505	-0.006767
666	-0.014601	0.012876	-0.008813
667	-0.012194	0.009611	-0.004163
668	-0.013229	-0.006848	-0.005359
669	-0.020834	-0.012278	-0.005052
670	-0.023619	-0.007455	-0.007232
671	-0.026633	-0.010621	-0.011468
672	-0.028476	-0.013186	-0.012646
673	-0.027838	-0.013224	-0.011766
674	-0.027322	0.010241	-0.012116
675	-0.026570	0.006941	-0.011234
676	-0.017471	0.002971	-0.007962
677	-0.011001	0.007672	-0.006393
678	-0.008090	0.001608	-0.010707
679	-0.009291	0.005868	-0.008630
680	-0.012122	-0.005525	-0.009536
681	-0.014403	-0.002408	-0.012332
682	-0.015751	-0.005793	-0.016955
683	-0.011538	-0.004722	-0.022232
684	-0.007832	-0.013213	-0.022663
685	-0.005607	0.009316	-0.025203
686	-0.008734	0.006463	-0.032202
687	-0.010848	-0.002353	-0.037446
688	-0.010372	-0.010258	-0.039315
689	-0.012254	-0.009930	-0.038477
690	-0.015122	-0.008158	-0.037311
691	-0.015913	-0.005440	-0.033548
692	-0.014712	-0.004954	-0.033276
693	-0.013592	0.007386	-0.026806
694	-0.015766	-0.008540	-0.024017
695	-0.015054	-0.002190	-0.023239
696	-0.013771	0.012005	-0.017498
697	-0.014811	0.019858	-0.008711
698	-0.013165	0.020064	-0.002205
699	-0.005032	0.015623	0.001837
700	-0.001584	0.031491	0.005174
701	0.000636	0.031638	0.012422
702	0.003442	0.015734	0.022611
703	0.002018	0.020524	0.024584
704	0.000634	0.018712	0.029133
705	0.001695	0.011839	0.028715
706	0.000811	0.002514	0.028538
707	0.005951	0.011001	0.030488
708	0.007166	-0.007204	0.031541
709	0.009807	-0.005632	0.026662
710	0.012743	-0.010701	0.021555
711	0.013858	-0.015227	0.018302
712	0.015870	0.000689	0.013342
713	0.014609	0.008385	0.010607
714	0.012342	0.004809	0.010975
715	0.012700	0.000134	0.011131
716	0.011517	0.003646	0.011396
717	0.010854	-0.002222	0.012425
718	0.016467	-0.008120	0.011640
719	0.022273	0.004144	0.011367
720	0.026514	-0.001698	0.010636
721	0.028224	-0.004652	0.011918
722	0.035911	0.008850	0.013640
723	0.039871	-0.000813	0.013221
724	0.042230	-0.005824	0.013018
725	0.042112	0.003139	0.009825
726	0.039367	0.009481	0.005774
727	0.040753	0.008045	0.006115
728	0.037941	0.000723	0.003411
729	0.032480	0.006708	-0.001980
730	0.029116	0.011198	-0.002842
731	0.020073	0.023489	-0.003176
732	0.010021	0.016271	-0.003406
733	0.006221	0.011665	-0.000093
734	0.006196	0.016625	-0.000205
735	0.008621	-0.003487	-0.001581
736	0.007744	-0.002390	0.003082
737	0.003764	-0.010786	-0.000043
738	0.004926	-0.009796	-0.001691
739	0.006527	0.004614	-0.004038
740	0.004553	0.001315	-0.005951
741	0.000873	0.003525	-0.004000
742	-0.001379	-0.002134	-0.001446
743	0.000394	0.006134	-0.005496
744	0.002025	-0.000686	-0.004271
745	0.003768	-0.007245	-0.004237
746	0.003805	0.003955	-0.007362
747	0.003712	0.019026	-0.013562
748	0.010439	0.024029	-0.019065
749	0.011705	0.013298	-0.020115
750	0.016469	0.010994	-0.022698
751	0.021500	0.008280	-0.030446
752	0.021725	0.005846	-0.031613
753	0.020628	0.006244	-0.032315
754	0.026017	-0.007315	-0.031415
755	0.026562	-0.029081	-0.032833
756	0.025909	-0.039052	-0.038331
757	0.029759	-0.011615	-0.040012
758	0.031108	-0.012352	-0.039242
759	0.033911	-0.015341	-0.039406
760	0.034520	-0.011950	-0.038379
761	0.033797	-0.003761	-0.036875
762	0.036692	-0.025761	-0.038142
763	0.034710	-0.017245	-0.036914
764	0.031114	-0.020468	-0.034776
765	0.025404	-0.019903	-0.034419
766	0.020229	0.007184	-0.035443
767	0.020221	0.007916	-0.032714
768	0.023918	0.000876	-0.033462
769	0.025448	0.007242	-0.031279
770	0.024447	-0.007967	-0.031063
771	0.017877	0.004981	-0.027799
772	0.015648	0.000567	-0.021938
773	0.021907	-0.015032	-0.016626
774	0.023982	-0.005235	-0.013559
775	0.023840	0.005459	-0.012705
776	0.018695	0.002130	-0.011558
777	0.015030	0.000649	-0.011162
778	0.008632	0.010805	-0.007742
779	-0.000335	0.011975	-0.004854
780	-0.006257	0.008224	-0.004745
781	-0.006974	0.011706	-0.000066
782	-0.008499	0.009973	0.000558
783	-0.006470	0.017710	0.000452
784	-0.005677	0.006586	0.004671
785	-0.003012	0.002421	0.005412
786	-0.003637	0.003531	0.007947
787	-0.009631	0.006019	0.007966
788	-0.012689	0.011361	0.007379
789	-0.018805	0.006047	0.011377
790	-0.023260	-0.005300	0.008572
791	-0.023614	-0.014136	0.009365
792	-0.022792	-0.010161	0.008713
793	-0.019555	-0.004323	0.007736
794	-0.017169	0.001647	0.007839
795	-0.019673	-0.003488	0.002044
796	-0.019014	0.009911	0.000877
797	-0.021074	-0.004851	0.004073
798	-0.026536	-0.010251	0.005191
799	-0.026437	0.007917	0.012832
800	-0.025636	0.001435	0.013185
801	-0.021826	-0.004601	0.016395
802	-0.022325	-0.014359	0.020630
803	-0.026811	0.011758	0.021282
804	-0.031600	0.011338	0.025997
805	-0.038105	0.002855	0.028331
806	-0.046215	0.012353	0.030903
807	-0.055883	0.006692	0.028347
808	-0.061714	0.001884	0.028910
809	-0.067131	0.015332	0.031228
810	-0.068157	-0.002561	0.029720
811	-0.066820	-0.003758	0.029992
812	-0.064796	0.009498	0.031280
813	-0.063433	0.003476	0.030040
814	-0.066865	0.000562	0.029142
815	-0.068754	-0.005284	0.024382
816	-0.069676	-0.008153	0.025936
817	-0.063883	-0.021463	0.025671
818	-0.059099	-0.021189	0.021741
819	-0.053301	-0.017705	0.017341
820	-0.046443	-0.009127	0.016410
821	-0.043804	-0.003793	0.017845
822	-0.037574	0.001120	0.017002
823	-0.032740	0.004268	0.019199
824	-0.021997	-0.001910	0.019781
825	-0.021293	-0.003778	0.020175
826	-0.022491	0.003799	0.023495
827	-0.026368	0.017232	0.022036
828	-0.028432	0.020401	0.021791
829	-0.028636	-0.003651	0.019501
830	-0.030342	-0.017890	0.020826
831	-0.033949	-0.022762	0.020220
832	-0.039879	-0.018334	0.021072
833	-0.046100	-0.004995	0.015345
834	-0.051984	-0.002317	0.017603
835	-0.053984	-0.017671	0.018154
836	-0.052329	-0.030667	0.020609
837	-0.050847	-0.017509	0.024050
838	-0.047937	-0.020856	0.022526
839	-0.044589	-0.008766	0.020174
840	-0.043435	-0.008387	0.019885
841	-0.039005	-0.002564	0.014695
842	-0.033809	-0.021447	0.018929
843	-0.035035	-0.014079	0.019042
844	-0.042616	-0.004471	0.019687
845	-0.044048	-0.013348	0.018926
846	-0.048156	-0.020160	0.017050
847	-0.051808	-0.016483	0.015196
848	-0.052415	-0.020306	0.010427
849	-0.050553	-0.003559	0.005395
850	-0.046268	0.000295	0.001917
851	-0.040685	0.002691	-0.003304
852	-0.034206	0.004685	-0.005540
853	-0.032995	-0.009143	-0.007224
854	-0.031756	0.010862	-0.006192
855	-0.028612	0.012853	-0.006520
856	-0.026463	0.012571	-0.004970
857	-0.019981	0.010870	-0.001206
858	-0.015554	0.012566	0.004218
859	-0.014287	0.014504	0.007233
860	-0.013279	0.022871	0.014034
861	-0.013715	0.015734	0.021601
862	-0.013524	0.007009	0.026125
863	-0.017095	0.000846	0.031573
864	-0.019328	0.011018	0.035464
865	-0.016978	0.008129	0.035702
866	-0.017316	0.005624	0.036016
867	-0.017711	-0.009346	0.038686
868	-0.019935	-0.003208	0.033641
869	-0.019923	-0.018384	0.035266
870	-0.018806	-0.007919	0.031310
871	-0.019740	-0.015018	0.029894
872	-0.018757	-0.015425	0.026184
873	-0.018991	-0.018311	0.022298
874	-0.021003	-0.002821	0.026581
875	-0.021085	0.001996	0.026201
876	-0.019720	0.014895	0.022514
877	-0.021554	0.001739	0.020534
878	-0.019464	-0.006733	0.019166
879	-0.021800	-0.018263	0.016515
880	-0.025498	-0.005897	0.011554
881	-0.025661	-0.017006	0.010361
882	-0.021141	-0.018020	0.006389
883	-0.017304	-0.000199	0.006345
884	-0.013614	-0.015977	0.001141
885	-0.009655	-0.016322	-0.001781
886	-0.005605	-0.022426	-0.000410
887	-0.003746	-0.031956	0.000669
888	-0.006269	-0.016156	-0.000670
889	-0.012291	-0.012861	-0.001090
890	-0.014364	-0.003134	-0.000432
891	-0.013274	0.007223	0.003436
892	-0.009298	-0.001941	0.002933
893	-0.003320	0.000622	0.001628
894	-0.004202	0.018669	0.004303
895	-0.002174	0.026297	0.008020
896	-0.003408	0.006480	0.010644
897	-0.005288	0.001425	0.010000
898	-0.006484	-0.008501	0.013470
899	-0.010664	-0.003314	0.016505
900	-0.014665	-0.002331	0.017638
901	-0.023743	0.009336	0.020319
902	-0.032284	0.015095	0.019975
903	-0.042654	0.025011	0.014265
904	-0.051853	0.004861	0.011353
905	-0.056265	0.002336	0.010606
906	-0.056497	-0.003078	0.009729
907	-0.059128	-0.001998	0.011776
908	-0.062658	0.006011	0.014838
909	-0.066449	0.017662	0.016361
910	-0.066195	0.016080	0.014987
911	-0.064731	0.016314	0.015500
912	-0.061031	0.006111	0.014701
913	-0.057306	0.020554	0.013361
914	-0.057716	0.008348	0.018990
915	-0.055094	-0.002074	0.024463
916	-0.051864	0.007235	0.028152
917	-0.051948	0.001238	0.032110
918	-0.046475	0.013205	0.033131
919	-0.049693	0.007018	0.032389
920	-0.051165	-0.011714	0.029419
921	-0.045747	0.000976	0.027273
922	-0.038058	-0.005927	0.023356
923	-0.031402	-0.020204	0.023915
924	-0.024512	-0.006696	0.024930
925	-0.020053	0.012394	0.027617
926	-0.010287	0.012332	0.024901
927	-0.004785	0.000127	0.021369
928	-0.002448	-0.008367	0.013850
929	0.003721	-0.006878	0.014007
930	0.004388	-0.006424	0.013450
931	0.002939	-0.009833	0.012375
932	0.001775	-0.005186	0.013837
933	0.002376	-0.010188	0.017871
934	0.003412	-0.017526	0.015912
935	0.006329	0.008026	0.013776
936	0.005337	0.001343	0.014558
937	0.001465	-0.011721	0.012840
938	-0.006573	0.000169	0.012093
939	-0.014043	0.009567	0.011721
940	-0.017520	0.012027	0.010268
941	-0.018882	0.006026	0.009154
942	-0.016974	-0.006935	0.009137
943	-0.012860	0.007704	0.007205
944	-0.011622	0.021750	0.008412
945	-0.007689	-0.003915	0.006054
946	-0.006640	-0.014176	0.002177
947	-0.003064	-0.024163	0.003380
948	-0.002594	-0.013431	0.001599
949	-0.002350	0.000701	0.005747
950	-0.004195	-0.010077	0.000335
951	-0.006351	0.011230	-0.001593
952	-0.005016	0.012502	-0.004315
953	-0.003370	0.001069	-0.001836
954	0.001253	0.003418	-0.002030
955	0.009977	0.003622	-0.006330
956	0.015324	-0.001227	-0.012202
957	0.014233	-0.000919	-0.014373
958	0.008519	0.001201	-0.018393
959	0.001628	0.008163	-0.023995
960	-0.006952	0.005458	-0.028807
961	-0.006182	-0.004665	-0.030953
962	-0.003632	-0.008259	-0.034503
963	-0.002566	-0.004041	-0.038209
964	0.003381	-0.014092	-0.039990
965	0.006749	-0.005762	-0.040497
966	0.009705	-0.003427	-0.038980
967	0.008561	0.001160	-0.035088
968	0.008948	0.008016	-0.031486
969	0.007517	0.016502	-0.029695
970	0.006341	0.003975	-0.030874
971	0.002151	0.010398	-0.025774
972	-0.001580	0.011737	-0.024152
973	-0.001309	-0.001483	-0.020327
974	0.002079	-0.003874	-0.018731
975	0.003212	0.003260	-0.018970
976	0.008073	-0.005840	-0.022335
977	0.011388	-0.002489	-0.018984
978	0.010034	-0.006088	-0.015780
979	0.006721	-0.002522	-0.014268
980	0.006965	-0.004996	-0.013405
981	0.000176	-0.023029	-0.010420
982	-0.003375	-0.016842	-0.004244
983	-0.001524	-0.011909	0.003096
984	-0.001368	-0.009522	0.010071
985	0.000447	-0.021127	0.014747
986	0.002153	-0.031445	0.018714
987	0.004639	-0.029501	0.023946
988	0.003712	-0.015795	0.025968
989	0.004291	-0.021482	0.028179
990	0.003731	-0.006019	0.025107
991	0.002601	-0.002725	0.026010
992	-0.001522	-0.009847	0.029194
993	-0.007114	-0.011050	0.031710
994	-0.007474	-0.017948	0.030838
995	-0.007193	-0.011427	0.038229
996	-0.007092	0.003334	0.039768
997	-0.002684	0.007230	0.045721
998	0.000247	-0.003981	0.048506
999	-0.000587	-0.006312	0.053711
1000	0.002132	-0.011736	0.056570
1001	0.002493	-0.016400	0.057722
1002	0.003905	-0.012823	0.059935
1003	0.007161	0.009607	0.060055
1004	0.010421	0.000587	0.060216
1005	0.013406	0.004801	0.059552
1006	0.016765	0.000679	0.057667
1007	0.016380	-0.010723	0.059316
1008	0.011938	-0.011126	0.057922
1009	0.008887	-0.018764	0.055234
1010	0.006461	0.003118	0.051077
1011	0.002966	-0.006363	0.055870
1012	-0.001247	0.000683	0.054854
1013	-0.006637	-0.008591	0.049865
1014	-0.009096	-0.006114	0.041586
1015	-0.010409	-0.004675	0.038340
1016	-0.012270	0.003144	0.036831
1017	-0.012801	-0.003902	0.035412
1018	-0.013991	0.003277	0.030993
1019	-0.016165	-0.004240	0.024757
1020	-0.016731	0.008348	0.021189
1021	-0.013817	0.018064	0.020681
1022	-0.009392	0.016495	0.018513
1023	-0.009610	0.001998	0.016244
1024	-0.009660	0.014880	0.009587
1025	-0.005339	-0.002575	0.008691
1026	-0.002596	-0.000802	0.006831
1027	0.000527	0.018806	0.007663
1028	0.000081	0.015439	0.011239
1029	-0.003394	0.007236	0.014661
1030	-0.008849	0.014414	0.017288
1031	-0.010205	0.004801	0.016513
1032	-0.008354	0.002813	0.018387
1033	-0.011406	-0.000670	0.019936
1034	-0.011887	-0.009449	0.020376
1035	-0.015724	-0.008174	0.021776
1036	-0.016654	-0.009091	0.019873
1037	-0.020828	-0.005109	0.018695
1038	-0.020293	-0.004023	0.014198
1039	-0.020416	0.003028	0.009911
1040	-0.026138	0.004532	0.002088
1041	-0.026008	-0.004458	-0.002469
1042	-0.029913	-0.013455	-0.008980
1043	-0.026897	-0.000203	-0.011607
1044	-0.023142	0.001534	-0.016219
1045	-0.019784	0.023647	-0.019343
1046	-0.017586	0.007677	-0.021786
1047	-0.013062	0.018263	-0.026350
1048	-0.008671	0.008884	-0.024738
1049	-0.003212	-0.004535	-0.024307
1050	0.001214	-0.020032	-0.024633
1051	0.004440	0.004498	-0.027172
1052	0.009641	0.004475	-0.027786
1053	0.015586	0.012856	-0.027346
1054	0.021848	-0.007830	-0.026950
1055	0.027780	-0.011540	-0.021924
1056	0.035664	-0.014285	-0.022822
1057	0.040716	-0.004951	-0.022039
1058	0.042552	-0.007655	-0.022932
1059	0.044638	0.004271	-0.020799
1060	0.044981	-0.007226	-0.018035
1061	0.043100	0.007110	-0.014541
1062	0.040922	0.000505	-0.010036
1063	0.038980	0.005939	-0.007712
1064	0.039950	0.002780	-0.011102
1065	0.040770	0.009659	-0.011913
1066	0.037215	0.003889	-0.013249
1067	0.037707	-0.001990	-0.008038
1068	0.040218	-0.015138	-0.004894
1069	0.041229	-0.008514	0.004315
1070	0.045580	-0.001367	0.005009
1071	0.049304	0.007201	0.007531
1072	0.050064	0.013251	0.013913
1073	0.051864	0.010194	0.016895
1074	0.052066	-0.005357	0.017471
1075	0.046496	-0.029812	0.014955
1076	0.043731	-0.028388	0.013091
1077	0.045665	-0.006742	0.012854
1078	0.046276	-0.000070	0.010125
1079	0.043857	0.000814	0.009707
1080	0.040046	0.006509	0.010653
1081	0.034341	-0.002350	0.006639
1082	0.026958	-0.002927	0.002249
1083	0.020494	-0.007095	-0.002169
1084	0.016328	0.012770	-0.005502
1085	0.008876	0.014961	-0.012751
1086	0.001693	0.008431	-0.016160
1087	-0.003594	0.016761	-0.020618
1088	-0.009994	0.003301	-0.025173
1089	-0.013364	0.009726	-0.028344
1090	-0.008937	-0.002217	-0.031757
1091	-0.006470	0.010132	-0.039626
1092	-0.000836	-0.002648	-0.049135
1093	0.008689	0.006517	-0.053266
1094	0.013618	-0.014606	-0.055114
1095	0.017075	-0.016628	-0.053087
1096	0.018534	-0.018737	-0.050677
1097	0.018171	-0.018020	-0.048164
1098	0.018629	-0.012555	-0.042395
1099	0.019819	-0.025060	-0.042966
1100	0.021268	-0.012111	-0.038836
1101	0.024870	-0.004488	-0.033946
1102	0.024226	-0.012097	-0.032633
1103	0.022044	0.003160	-0.031852
1104	0.023167	-0.000486	-0.030460
1105	0.023077	0.006748	-0.032514
1106	0.022946	-0.002800	-0.034947
1107	0.023072	0.017700	-0.035570
1108	0.021778	0.005930	-0.040415
1109	0.022935	-0.023978	-0.040839
1110	0.025646	-0.012735	-0.043814
1111	0.028734	0.001651	-0.040050
1112	0.023711	-0.009341	-0.035399
1113	0.021532	-0.000203	-0.036512
1114	0.024167	-0.001261	-0.037603
1115	0.024089	0.001946	-0.040608
1116	0.028098	0.007174	-0.040240
1117	0.029362	-0.012349	-0.043933
1118	0.033163	-0.000956	-0.045505
1119	0.039880	0.016453	-0.044245
1120	0.047221	0.008664	-0.043758
1121	0.050710	-0.009924	-0.046358
1122	0.053205	-0.014469	-0.042620
1123	0.057730	-0.022644	-0.042103
1124	0.060043	-0.010732	-0.042215
1125	0.055198	-0.016318	-0.044423
1126	0.051058	-0.003530	-0.044400
1127	0.048582	0.018196	-0.048254
1128	0.048665	0.010595	-0.048540
1129	0.049940	-0.000357	-0.048422
1130	0.046103	0.013444	-0.044247
1131	0.044430	0.003919	-0.043568
1132	0.040337	0.007397	-0.042065
1133	0.036987	0.018111	-0.046221
1134	0.030538	0.013047	-0.045120
1135	0.024127	0.008265	-0.045875
1136	0.019853	-0.011142	-0.045822
1137	0.019065	-0.019222	-0.045243
1138	0.015347	-0.026241	-0.043845
1139	0.011817	-0.020629	-0.045564
1140	0.009330	-0.005565	-0.046894
1141	0.005860	-0.002967	-0.048773
1142	0.003661	-0.016214	-0.046818
1143	0.002694	-0.023094	-0.044881
1144	-0.003848	-0.008662	-0.043129
1145	-0.008843	0.006383	-0.046861
1146	-0.013948	-0.004382	-0.048524
1147	-0.016829	0.005784	-0.052614
1148	-0.018557	0.018235	-0.057505
1149	-0.019180	-0.003763	-0.065457
1150	-0.022893	-0.011010	-0.071602
1151	-0.016210	-0.013380	-0.071700
1152	-0.014986	0.003836	-0.070915
1153	-0.015000	0.010644	-0.072652
1154	-0.015226	-0.009393	-0.081921
1155	-0.015886	-0.028187	-0.087727
1156	-0.016544	-0.025638	-0.092545
1157	-0.015387	-0.024566	-0.097597
1158	-0.011587	-0.019330	-0.098740
1159	-0.006392	-0.011288	-0.098604
1160	-0.003907	-0.029861	-0.094452
1161	0.001670	-0.019408	-0.095450
1162	0.002443	0.000193	-0.091729
1163	-0.001740	-0.000912	-0.089164
1164	-0.007805	-0.010360	-0.081129
1165	-0.011776	-0.014672	-0.074228
1166	-0.017283	-0.019146	-0.068574
1167	-0.021552	-0.015476	-0.062563
1168	-0.024992	-0.008062	-0.056817
1169	-0.031768	-0.015634	-0.051806
1170	-0.039538	-0.001965	-0.048391
1171	-0.040529	-0.007641	-0.050811
1172	-0.043571	0.006051	-0.048214
1173	-0.051546	0.014178	-0.044837
1174	-0.059298	0.020475	-0.045100
1175	-0.057059	0.007297	-0.043868
1176	-0.056252	-0.015626	-0.049529
1177	-0.050746	0.002062	-0.052689
1178	-0.042908	0.023406	-0.056522
1179	-0.037283	0.006674	-0.052702
1180	-0.029052	0.014611	-0.051961
1181	-0.025532	0.019003	-0.052035
1182	-0.017975	0.012190	-0.043436
1183	-0.017216	0.016520	-0.041028
1184	-0.018764	0.025526	-0.036678
1185	-0.016085	0.031868	-0.037301
1186	-0.014674	0.011334	-0.039092
1187	-0.012779	0.017511	-0.034606
1188	-0.012158	0.012260	-0.029410
1189	-0.012156	0.002932	-0.036604
1190	-0.013460	-0.024488	-0.029685
1191	-0.009939	-0.020620	-0.029554
1192	-0.005649	-0.008672	-0.031192
1193	0.007618	-0.015558	-0.027366
1194	0.016140	-0.000926	-0.025085
1195	0.017666	-0.010826	-0.023725
1196	0.022249	0.004644	-0.018644
1197	0.026893	-0.007202	-0.013885
1198	0.032246	-0.015858	-0.007569
1199	0.039562	-0.009825	-0.005724
1200	0.044513	-0.011362	-0.008130
1201	0.047076	-0.014028	-0.010783
1202	0.044005	-0.003741	-0.011471
1203	0.041174	-0.020423	-0.011798
1204	0.039623	-0.032764	-0.009962
1205	0.041682	-0.012248	-0.012065
1206	0.040861	0.001962	-0.016780
1207	0.035786	0.010133	-0.020797
1208	0.034918	-0.000524	-0.023491
1209	0.029916	-0.010784	-0.024799
1210	0.030283	-0.009709	-0.027523
1211	0.029581	-0.021292	-0.029267
1212	0.025086	-0.008148	-0.032364
1213	0.018084	-0.003264	-0.031384
1214	0.007170	-0.011718	-0.033067
1215	0.002927	-0.012734	-0.035431
1216	-0.001947	-0.010724	-0.032456
1217	-0.001390	-0.019918	-0.031881
1218	0.001430	-0.012658	-0.034942
1219	0.000442	-0.008771	-0.040872
1220	-0.003026	-0.012302	-0.043922
1221	-0.002857	-0.001527	-0.045003
1222	-0.007545	-0.013271	-0.044480
1223	-0.012053	0.001597	-0.041690
1224	-0.012662	0.002107	-0.042720
1225	-0.010546	0.000041	-0.041817
1226	-0.005320	-0.001504	-0.037410
1227	0.002279	-0.012195	-0.031724
1228	0.017210	-0.000047	-0.028904
1229	0.022230	0.002811	-0.028100
1230	0.028535	0.003895	-0.024875
1231	0.031383	0.014424	-0.023964
1232	0.038372	0.017675	-0.022868
1233	0.037088	0.016784	-0.025419
1234	0.032885	0.018371	-0.024696
1235	0.032303	0.007637	-0.022776
1236	0.034377	-0.005889	-0.019869
1237	0.038374	0.001798	-0.018573
1238	0.040572	-0.003184	-0.017720
1239	0.043389	-0.004387	-0.015753
1240	0.044597	-0.008372	-0.013199
1241	0.044065	0.003168	-0.010048
1242	0.042316	-0.010317	-0.010944
1243	0.034066	-0.002765	-0.009725
1244	0.033487	-0.001127	-0.005222
1245	0.030068	0.006777	0.000498
1246	0.026267	-0.013154	-0.002378
1247	0.018423	0.002675	-0.001632
1248	0.014822	0.004750	-0.004740
1249	0.007854	-0.001554	-0.003995
1250	0.002943	-0.005534	-0.005036
1251	0.005042	-0.020985	-0.003814
1252	0.007122	-0.034267	0.000843
1253	0.013951	-0.029892	0.004473
1254	0.016612	-0.021054	0.005148
1255	0.015754	-0.017507	0.004889
1256	0.015870	-0.016971	-0.000220
1257	0.012383	-0.017822	-0.001524
1258	0.009081	-0.005500	-0.004315
1259	0.004114	-0.012514	-0.004642
1260	-0.000040	-0.005175	-0.009787
1261	-0.003371	0.009641	-0.014897
1262	-0.000066	-0.000583	-0.017105
1263	0.002702	-0.011982	-0.021908
1264	0.005708	-0.004086	-0.029723
1265	0.005809	-0.004662	-0.037487
1266	0.004749	-0.001452	-0.040225
1267	0.007470	-0.001948	-0.041384
1268	0.005149	-0.008074	-0.044195
1269	0.004097	0.003384	-0.047423
1270	0.000635	0.005472	-0.050985
1271	-0.003666	0.002891	-0.049132
1272	-0.006528	0.001448	-0.049122
1273	-0.015525	0.009868	-0.046919
1274	-0.021926	0.011850	-0.046344
1275	-0.026104	0.006686	-0.044860
1276	-0.029924	0.010907	-0.043382
1277	-0.030682	0.002812	-0.043320
1278	-0.031463	0.021562	-0.046504
1279	-0.036255	0.010196	-0.041463
1280	-0.038799	0.021125	-0.040883
1281	-0.037912	0.010706	-0.036016
1282	-0.035912	0.001068	-0.033402
1283	-0.035309	0.000564	-0.024638
1284	-0.039201	0.002233	-0.015701
1285	-0.038357	0.011842	-0.010066
1286	-0.034630	0.005268	-0.006065
1287	-0.028877	-0.002962	-0.002332
1288	-0.018056	0.012338	0.000622
1289	-0.015348	-0.000433	0.002809
1290	-0.015011	0.012046	0.002212
1291	-0.019359	0.003647	0.001923
1292	-0.022826	0.000409	0.001725
1293	-0.025557	0.020461	-0.000847
1294	-0.027050	0.028829	-0.006528
1295	-0.030277	0.015868	-0.012576
1296	-0.034097	0.005404	-0.015187
1297	-0.040223	0.005651	-0.014338
1298	-0.039228	0.001898	-0.014148
1299	-0.039145	0.013217	-0.010410
1300	-0.040916	0.020468	-0.010881
1301	-0.034831	0.016637	-0.014187
1302	-0.030138	-0.002558	-0.017986
1303	-0.027006	-0.007811	-0.021842
1304	-0.029924	0.000570	-0.026687
1305	-0.032559	0.014213	-0.034935
1306	-0.033871	0.001970	-0.040142
1307	-0.033168	-0.002265	-0.046993
1308	-0.036549	0.004867	-0.054860
1309	-0.035879	0.010476	-0.061956
1310	-0.037307	0.004026	-0.064410
1311	-0.037655	-0.006444	-0.066501
1312	-0.034193	-0.009608	-0.066188
1313	-0.040881	-0.009315	-0.069253
1314	-0.049112	-0.010215	-0.070076
1315	-0.048775	0.005312	-0.071145
1316	-0.046296	0.003316	-0.070081
1317	-0.046661	-0.009003	-0.069920
1318	-0.051043	-0.009543	-0.066756
1319	-0.059515	-0.005696	-0.065469
1320	-0.062024	-0.007380	-0.061610
1321	-0.060576	-0.000690	-0.060838
1322	-0.061448	-0.002148	-0.058143
1323	-0.057866	0.002667	-0.055389
1324	-0.056477	0.010831	-0.050667
1325	-0.052300	0.014364	-0.047960
1326	-0.044869	0.000140	-0.045522
1327	-0.045246	0.006746	-0.045417
1328	-0.041144	0.019566	-0.046961
1329	-0.037507	0.015933	-0.049356
1330	-0.034293	-0.008581	-0.050207
1331	-0.028683	0.002313	-0.049331
1332	-0.029809	0.004216	-0.049119
1333	-0.029959	-0.008563	-0.043277
1334	-0.024676	-0.004028	-0.040433
1335	-0.022014	0.001636	-0.041130
1336	-0.017467	-0.014602	-0.044428
1337	-0.012032	-0.012406	-0.044590
1338	-0.002908	0.011917	-0.042977
1339	0.004280	0.020669	-0.042612
1340	0.012311	0.012894	-0.037471
1341	0.016925	-0.004729	-0.036366
1342	0.014490	0.007279	-0.028996
1343	0.015525	0.000275	-0.028571
1344	0.010123	-0.000728	-0.023667
1345	0.010545	0.001244	-0.018744
1346	0.011827	-0.007134	-0.010466
1347	0.011607	0.000208	-0.006752
1348	0.010970	-0.008347	0.000226
1349	0.007095	-0.015592	0.003452
1350	0.006171	0.001618	0.007895
1351	0.007598	-0.005260	0.009643
1352	0.012565	-0.006697	0.012375
1353	0.011020	0.005921	0.017297
1354	0.010533	-0.000958	0.017038
1355	0.012501	-0.014303	0.019016
1356	0.012136	0.002785	0.013936
1357	0.015359	0.004189	0.011142
1358	0.024801	-0.014256	0.009234
1359	0.026983	-0.008352	0.010762
1360	0.030002	-0.011345	0.012471
1361	0.030176	-0.005583	0.012807
1362	0.027084	0.011319	0.013434
1363	0.026314	0.025782	0.014272
1364	0.029085	0.007573	0.015893
1365	0.031016	0.002709	0.017506
1366	0.030948	-0.004175	0.015945
1367	0.031956	-0.003375	0.014446
1368	0.031231	-0.024126	0.013549
1369	0.029576	0.000419	0.009204
1370	0.027376	-0.001988	0.005183
1371	0.025218	0.017444	0.000825
1372	0.026138	0.023977	-0.003014
1373	0.024649	0.009965	0.003013
1374	0.028039	0.011252	0.004217
1375	0.033849	0.014006	0.007045
1376	0.038773	0.004847	0.006192
1377	0.038066	-0.000986	0.007522
1378	0.038057	0.004573	0.007964
1379	0.036089	-0.002837	0.005595
1380	0.031677	0.009502	0.004047
1381	0.030481	0.007842	0.013079
1382	0.030220	0.002811	0.016460
1383	0.032102	0.013294	0.024340
1384	0.034188	-0.005152	0.032387
1385	0.029927	-0.009234	0.037867
1386	0.029472	-0.007603	0.041250
1387	0.026027	0.001835	0.042445
1388	0.025096	-0.006210	0.045873
1389	0.024180	0.001421	0.045653
1390	0.020225	0.008793	0.043602
1391	0.014661	-0.008580	0.042417
1392	0.010747	0.007557	0.039496
1393	0.009882	0.010870	0.035857
1394	0.009201	0.002455	0.033970
1395	0.008949	0.008606	0.032145
1396	0.007195	0.016806	0.034195
1397	0.003895	0.016090	0.034055
1398	-0.004041	0.008401	0.035417
1399	-0.007334	0.009677	0.035178
1400	-0.009655	0.024778	0.035425
1401	-0.014199	0.042662	0.034267
1402	-0.015568	0.023011	0.034902
1403	-0.017316	0.012862	0.033640
1404	-0.015887	0.010073	0.030286
1405	-0.013093	0.011139	0.027454
1406	-0.009506	0.006585	0.024974
1407	-0.008984	0.006166	0.019584
1408	-0.009959	0.006146	0.017903
1409	-0.012257	0.002854	0.014372
1410	-0.013475	-0.005384	0.016818
1411	-0.018944	-0.035625	0.017251
1412	-0.021268	-0.033744	0.020544
1413	-0.024397	-0.027607	0.019150
1414	-0.022975	-0.023124	0.020970
1415	-0.023376	-0.025226	0.023875
1416	-0.019511	-0.006809	0.028300
1417	-0.022511	-0.015765	0.033028
1418	-0.019887	-0.012360	0.034432
1419	-0.016136	-0.017594	0.033506
1420	-0.018364	-0.008065	0.034763
1421	-0.022793	-0.020688	0.033346
1422	-0.022671	0.002244	0.037198
1423	-0.023285	-0.002017	0.033786
1424	-0.022532	0.007058	0.032559
1425	-0.018665	0.002062	0.033534
1426	-0.020843	0.014710	0.032644
1427	-0.021930	0.013982	0.027887
1428	-0.022717	-0.001008	0.021595
1429	-0.022821	-0.000754	0.021578
1430	-0.025092	0.003301	0.019986
1431	-0.028816	0.011750	0.019112
1432	-0.028921	0.027826	0.019471
1433	-0.034561	0.023880	0.017894
1434	-0.035194	0.012393	0.017655
1435	-0.029354	0.005712	0.019605
1436	-0.024337	-0.014717	0.015538
1437	-0.022023	-0.005837	0.010455
1438	-0.020035	0.014468	0.008139
1439	-0.021802	0.011318	0.011638
1440	-0.021615	0.013452	0.011656
1441	-0.020420	0.017853	0.007106
1442	-0.018976	0.001887	0.006312
1443	-0.017056	0.001949	0.002410
1444	-0.017107	0.010207	0.003007
1445	-0.020392	0.002135	0.001364
1446	-0.020631	-0.000402	0.000325
1447	-0.021489	0.007765	-0.002480
1448	-0.019639	0.000385	-0.003817
1449	-0.012110	-0.004536	-0.007027
1450	-0.008186	0.004717	-0.007966
1451	-0.004593	-0.000920	-0.014780
1452	-0.002658	-0.007524	-0.012761
1453	0.001308	0.000448	-0.015903
1454	-0.003019	-0.018232	-0.017268
1455	-0.008935	-0.011967	-0.018392
1456	-0.008619	0.006520	-0.018486
1457	-0.014522	0.008419	-0.016440
1458	-0.009215	0.003603	-0.012550
1459	-0.000944	0.003380	-0.010313
1460	0.002562	0.004316	-0.005411
1461	0.006297	-0.015252	-0.000155
1462	0.006049	-0.013543	0.005800
1463	0.004546	-0.003032	0.011479
1464	0.006100	-0.004560	0.013120
1465	0.002588	0.000253	0.023036
1466	0.002489	-0.003237	0.025281
1467	0.001748	0.014347	0.026266
1468	0.003536	-0.002635	0.027564
1469	0.010142	-0.013324	0.025148
1470	0.012652	0.002289	0.022171
1471	0.008258	0.001612	0.018223
1472	0.003931	0.000202	0.014956
1473	0.005498	-0.006692	0.011491
1474	0.013019	-0.000548	0.014603
1475	0.010271	0.006522	0.011016
1476	0.014539	-0.004444	0.009579
1477	0.021605	-0.006002	0.011670
1478	0.030226	-0.011504	0.010286
1479	0.040327	-0.019928	0.012385
1480	0.046448	-0.018474	0.011909
1481	0.048858	-0.024557	0.014636
1482	0.050845	-0.005897	0.020996
1483	0.048367	-0.006250	0.027429
1484	0.046482	-0.016645	0.023303
1485	0.047740	0.008560	0.020024
1486	0.046059	-0.002873	0.012594
1487	0.041690	0.003610	0.010691
1488	0.035450	-0.007682	0.008681
1489	0.032227	-0.004005	0.009838
1490	0.027552	0.006446	0.009612
1491	0.019186	0.001606	0.009554
1492	0.009287	0.002210	0.007703
1493	0.005583	0.003028	0.011503
1494	0.001150	-0.000687	0.014668
1495	-0.004990	0.021480	0.018843
1496	-0.013963	0.021507	0.016898
1497	-0.020580	0.028046	0.020745
1498	-0.026489	0.010494	0.018611
1499	-0.027351	0.016676	0.015807
1500	-0.021891	0.002273	0.013307
1501	-0.019808	0.017027	0.011558
1502	-0.016891	0.016661	0.010384
1503	-0.013022	0.029522	0.010243
1504	-0.011049	0.011862	0.004757
1505	-0.010415	0.001101	0.007231
1506	-0.008780	-0.002562	0.005371
1507	-0.005816	0.003135	0.003420
1508	-0.000196	0.005569	0.002456
1509	0.003683	0.012160	0.005990
1510	0.009015	0.013104	0.004816
1511	0.017174	0.011283	0.001037
1512	0.021603	0.002977	0.000892
1513	0.023375	0.011967	0.002755
1514	0.018945	0.001377	0.005558
1515	0.016871	-0.001771	0.005256
1516	0.013098	0.009587	0.000775
1517	0.005780	0.008600	-0.001082
1518	0.002814	0.000638	-0.001750
1519	-0.004826	-0.006233	-0.000984
1520	-0.010921	-0.001137	0.002267
1521	-0.008919	0.001489	-0.002677
1522	-0.006954	0.000230	-0.003276
1523	-0.004531	-0.010814	-0.000377
1524	-0.003107	-0.011044	-0.002065
1525	-0.004280	0.004657	-0.003973
1526	-0.008013	-0.004177	-0.004463
1527	-0.015404	-0.005901	-0.003701
1528	-0.019460	-0.012388	-0.000498
1529	-0.017641	0.001313	0.000747
1530	-0.016714	0.003574	0.002768
1531	-0.018924	-0.010610	0.008095
1532	-0.024656	0.008837	0.004294
1533	-0.029719	0.006997	0.007573
1534	-0.033307	0.004055	0.006156
1535	-0.033125	-0.002040	0.007039
1536	-0.029407	-0.002742	0.007710
1537	-0.027287	-0.020165	0.010516
1538	-0.021535	-0.028813	0.009872
1539	-0.020013	-0.030865	0.008157
1540	-0.021054	-0.022914	0.005818
1541	-0.018640	-0.014300	0.010540
1542	-0.017475	-0.009005	0.010457
1543	-0.015500	0.002899	0.014462
1544	-0.013858	0.010925	0.018291
1545	-0.012616	0.009346	0.022434
1546	-0.015028	0.003771	0.023501
1547	-0.014169	-0.002215	0.020184
1548	-0.016065	-0.007732	0.014709
1549	-0.014969	-0.007213	0.014879
1550	-0.017999	-0.006588	0.012408
1551	-0.020957	0.009912	0.013152
1552	-0.026158	0.012294	0.016354
1553	-0.028370	0.006376	0.018978
1554	-0.028707	0.020690	0.023066
1555	-0.033410	0.015479	0.022278
1556	-0.036711	0.011561	0.020930
1557	-0.042874	0.006140	0.018786
1558	-0.044777	0.008040	0.019671
1559	-0.045524	0.008986	0.024030
1560	-0.042537	0.000849	0.021238
1561	-0.041039	-0.013814	0.022404
1562	-0.044677	-0.018436	0.017480
1563	-0.046683	-0.022646	0.015608
1564	-0.042669	-0.015144	0.011559
1565	-0.039351	-0.023090	0.008976
1566	-0.038968	-0.002317	0.005544
1567	-0.037565	-0.010730	0.004993
1568	-0.041883	-0.004296	0.006815
1569	-0.040755	-0.011732	0.007663
1570	-0.037011	-0.014382	0.007015
1571	-0.033397	-0.015525	0.008011
1572	-0.029003	-0.007880	0.007390
1573	-0.027198	0.009453	0.009998
1574	-0.023791	0.019210	0.007590
1575	-0.019963	0.018283	0.011543
1576	-0.015281	-0.014949	0.013390
1577	-0.008942	0.000729	0.015824
1578	-0.003544	-0.013080	0.016242
1579	0.001227	-0.015734	0.021704
1580	0.007471	0.003579	0.024923
1581	0.011025	-0.012817	0.030328
1582	0.011370	0.006132	0.031711
1583	0.008013	-0.000870	0.034778
1584	0.004990	0.001558	0.032504
1585	0.007828	0.002604	0.038110
1586	0.009224	0.000652	0.039276
1587	0.006986	-0.021216	0.034713
1588	0.013072	-0.021346	0.032705
1589	0.015410	-0.021326	0.033320
1590	0.019254	-0.017820	0.031168
1591	0.017690	0.004203	0.030288
1592	0.014451	-0.003169	0.031998
1593	0.012056	-0.002621	0.030457
1594	0.011694	-0.019659	0.027041
1595	0.012062	-0.000547	0.028336
1596	0.010229	-0.013082	0.025119
1597	0.004894	-0.003608	0.023093
1598	-0.002280	0.010633	0.020335
1599	-0.003920	0.014433	0.015910
1600	0.000301	0.026909	0.013502
1601	-0.004223	0.003720	0.014136
1602	-0.005000	-0.009832	0.010306
1603	-0.008163	-0.004971	0.012925
1604	-0.008833	0.004797	0.012333
1605	-0.007247	0.010890	0.007583
1606	-0.000005	0.000085	0.009198
1607	0.002682	0.003871	0.008969
1608	-0.001492	0.017154	0.008251
1609	-0.008783	0.007191	0.007437
1610	-0.013672	0.021980	0.011545
1611	-0.011991	0.014290	0.013399
1612	-0.011550	0.008862	0.012781
1613	-0.010787	-0.008382	0.007349
1614	-0.009346	-0.009920	0.006968
1615	-0.008687	-0.000060	0.009104
1616	-0.009941	0.005478	0.010173
1617	-0.010286	0.019430	0.013962
1618	-0.005927	0.014744	0.019339
1619	-0.003703	0.013597	0.024818
1620	-0.000475	-0.004039	0.030890
1621	-0.001060	-0.007061	0.034286
1622	-0.000464	0.002409	0.035911
1623	0.001552	-0.002071	0.039954
1624	0.005998	-0.007512	0.044857
1625	0.009898	0.002273	0.046949
1626	0.006787	0.020561	0.049307
1627	-0.001251	0.007511	0.049947
1628	-0.001161	-0.014746	0.049394
1629	0.002796	0.008032	0.049784
1630	0.010245	0.005410	0.051833
1631	0.019322	0.003977	0.050262
1632	0.023390	-0.002678	0.050435
1633	0.028456	-0.003678	0.053427
1634	0.036334	-0.009555	0.051694
1635	0.045446	-0.014885	0.054222
1636	0.053942	-0.016019	0.055683
1637	0.056272	0.010186	0.054006
1638	0.061740	0.006517	0.049857
1639	0.066013	-0.011371	0.050407
1640	0.068568	0.005680	0.045373
1641	0.070699	0.002585	0.037333
1642	0.066579	-0.006076	0.032038
1643	0.065606	-0.001600	0.029579
1644	0.063968	-0.008799	0.026152
1645	0.060222	-0.027417	0.022078
1646	0.056187	-0.030119	0.019431
1647	0.053456	-0.012365	0.016467
1648	0.048616	-0.014181	0.017305
1649	0.042536	-0.017020	0.019368
1650	0.035472	-0.001164	0.020776
1651	0.030104	0.009340	0.020752
1652	0.027526	0.009590	0.023105
1653	0.027169	0.003146	0.022229
1654	0.032217	0.013037	0.021209
1655	0.034946	0.018543	0.022083
1656	0.031576	0.008442	0.018260
1657	0.031706	0.016905	0.011178
1658	0.030492	0.004951	0.008883
1659	0.027581	0.007038	0.008322
1660	0.027052	0.016849	0.006730
1661	0.026543	0.009095	0.004999
1662	0.019295	0.020352	0.004775
1663	0.016503	-0.003036	-0.000292
1664	0.013627	-0.000800	-0.004960
1665	0.006168	-0.008390	-0.005330
1666	-0.003269	-0.007003	-0.007053
1667	-0.009045	-0.015205	-0.009188
1668	-0.012043	-0.012571	-0.008791
1669	-0.014288	0.000627	-0.009261
1670	-0.016842	0.001900	-0.010803
1671	-0.016612	-0.005000	-0.014654
1672	-0.015606	-0.012826	-0.017483
1673	-0.015650	-0.003027	-0.021550
1674	-0.024246	0.006150	-0.020734
1675	-0.027176	0.009709	-0.020246
1676	-0.028191	0.005376	-0.020198
1677	-0.029053	0.007078	-0.019302
1678	-0.029242	0.009769	-0.016602
1679	-0.034123	0.008344	-0.016151
1680	-0.040730	0.005822	-0.010320
1681	-0.036858	-0.002625	-0.014729
1682	-0.033805	-0.002232	-0.017754
1683	-0.030272	0.008543	-0.018818
1684	-0.027304	0.007121	-0.019080
1685	-0.027200	0.002029	-0.020449
1686	-0.026211	-0.006020	-0.019038
1687	-0.026327	0.004223	-0.020875
1688	-0.023362	-0.015224	-0.017755
1689	-0.013144	-0.005813	-0.019220
1690	-0.009736	-0.018576	-0.018004
1691	0.000004	-0.021489	-0.019568
1692	0.012154	-0.013490	-0.024018
1693	0.018572	-0.014141	-0.025430
1694	0.020006	-0.007916	-0.027439
1695	0.022419	-0.007007	-0.029439
1696	0.026381	-0.001864	-0.026935
1697	0.024783	-0.007605	-0.025447
1698	0.022324	0.000928	-0.020323
1699	0.020856	0.002502	-0.013924
1700	0.024303	0.002812	-0.010750
1701	0.023396	0.002839	-0.009478
1702	0.021457	-0.003160	-0.008462
1703	0.020152	0.010843	-0.006374
1704	0.011943	-0.009637	-0.004250
1705	0.008796	-0.015755	0.004259
1706	0.008873	-0.007568	0.006744
1707	0.005387	0.004640	0.007583
1708	0.001584	-0.014617	0.013369
1709	-0.000470	-0.010198	0.021639
1710	0.000526	0.016091	0.023529
1711	-0.005032	0.003034	0.023107
1712	-0.013984	-0.005862	0.025104
1713	-0.017782	-0.001946	0.032144
1714	-0.024268	-0.010116	0.031121
1715	-0.024053	-0.019442	0.031525
1716	-0.020788	-0.005143	0.031198
1717	-0.016405	-0.008252	0.029108
1718	-0.015145	-0.009990	0.030491
1719	-0.017675	0.012577	0.031165
1720	-0.012686	0.006151	0.026566
1721	-0.011440	-0.007914	0.022154
1722	-0.008295	-0.000982	0.020862
1723	-0.004636	-0.003340	0.024779
1724	0.000813	0.002179	0.027522
1725	0.005200	0.009186	0.031055
1726	0.007957	0.014628	0.036598
1727	0.006802	0.007117	0.043034
1728	0.008611	0.002572	0.044575
1729	0.010463	-0.002970	0.046416
1730	0.011620	0.002979	0.049100
1731	0.010412	0.000216	0.053029
1732	0.008840	-0.004407	0.056982
1733	0.004982	-0.015307	0.060237
1734	0.003785	-0.015736	0.064864
1735	0.001855	-0.018247	0.060599
1736	-0.001692	-0.017134	0.051894
1737	-0.003741	-0.001187	0.044002
1738	-0.004055	0.010067	0.041830
1739	0.001213	-0.008165	0.037464
1740	0.002843	0.001982	0.035653
1741	0.003435	-0.007830	0.033434
1742	0.007483	-0.007850	0.031032
1743	0.008875	0.004018	0.025787
1744	0.008831	-0.004295	0.023647
1745	0.010145	-0.006329	0.019823
1746	0.014053	0.010181	0.019601
1747	0.013965	0.006509	0.021803
1748	0.018277	-0.003388	0.021013
1749	0.019140	0.000181	0.020033
1750	0.021901	-0.002782	0.019893
1751	0.023439	-0.004509	0.018105
1752	0.020593	0.002525	0.018744
1753	0.020417	-0.003040	0.017247
1754	0.016707	0.010114	0.014386
1755	0.016452	-0.003978	0.012421
1756	0.014786	-0.010341	0.009199
1757	0.012209	-0.003592	0.007885
1758	0.011586	0.006424	0.008637
1759	0.008483	-0.005968	0.010445
1760	0.004401	0.008259	0.013083
1761	-0.001725	0.005126	0.012415
1762	-0.012123	-0.001310	0.017705
1763	-0.024655	0.011849	0.016567
1764	-0.033537	0.011411	0.015013
1765	-0.042660	0.011088	0.018491
1766	-0.046187	0.028967	0.017425
1767	-0.055287	0.034175	0.016225
1768	-0.061888	0.014355	0.016167
1769	-0.062489	0.015070	0.016425
1770	-0.055050	0.002030	0.018556
1771	-0.052620	-0.007569	0.020017
1772	-0.051110	-0.012495	0.025246
1773	-0.052305	-0.012209	0.024659
1774	-0.053588	-0.025896	0.024678
1775	-0.054562	-0.034150	0.027234
1776	-0.058123	-0.026325	0.026860
1777	-0.057342	-0.004636	0.024195
1778	-0.049837	0.005143	0.024298
1779	-0.041763	0.013034	0.027034
1780	-0.040431	-0.001992	0.031694
1781	-0.045290	-0.015131	0.037361
1782	-0.050743	-0.011164	0.038973
1783	-0.050733	-0.010516	0.039096
1784	-0.053033	0.001113	0.034709
1785	-0.051327	-0.009288	0.032912
1786	-0.049155	-0.011590	0.031540
1787	-0.050297	0.008087	0.028423
1788	-0.048664	0.001896	0.025369
1789	-0.046924	-0.024204	0.023756
1790	-0.047723	-0.012535	0.024990
1791	-0.051303	-0.001685	0.025093
1792	-0.052023	0.010932	0.026108
1793	-0.052533	0.015059	0.026403
1794	-0.055600	0.007596	0.021887
1795	-0.054108	0.000015	0.022820
1796	-0.050847	-0.000493	0.022250
1797	-0.054689	-0.004879	0.021376
1798	-0.056915	-0.017778	0.020978
1799	-0.053399	-0.020530	0.018671
1800	-0.052084	-0.017837	0.014905
1801	-0.049488	0.001559	0.011620
1802	-0.047022	-0.008275	0.003165
1803	-0.042652	0.003404	0.001172
1804	-0.045725	-0.007026	-0.002257
1805	-0.048171	-0.001138	-0.002630
1806	-0.046524	0.014697	-0.002698
1807	-0.045486	0.014400	-0.004308
1808	-0.047738	0.015464	-0.003250
1809	-0.044422	0.004997	-0.002079
1810	-0.045515	-0.006426	0.003459
1811	-0.045935	0.008000	0.004303
1812	-0.043615	0.008946	0.004498
1813	-0.040332	0.010220	0.004252
1814	-0.035762	0.000657	-0.000064
1815	-0.037031	0.007053	-0.007851
1816	-0.036836	0.006258	-0.009319
1817	-0.029944	-0.000873	-0.012796
1818	-0.020453	0.007243	-0.013948
1819	-0.013102	0.015673	-0.014366
1820	-0.010750	0.017077	-0.013962
1821	-0.010509	-0.004246	-0.013885
1822	-0.004370	-0.006921	-0.009592
1823	-0.003293	-0.010271	-0.007999
1824	-0.004940	-0.009310	-0.008261
1825	-0.001088	-0.007357	-0.012831
1826	0.005132	-0.006611	-0.017020
1827	0.007519	0.005480	-0.019506
1828	0.011115	0.002942	-0.019301
1829	0.011529	-0.003530	-0.022469
1830	0.014210	0.006358	-0.024192
1831	0.014177	0.014578	-0.027279
1832	0.018262	0.027461	-0.029287
1833	0.016307	0.012887	-0.035580
1834	0.012914	0.025680	-0.035231
1835	0.009013	0.037735	-0.036084
1836	-0.000350	0.009073	-0.030491
1837	-0.009326	0.000035	-0.029771
1838	-0.013645	0.010401	-0.031111
1839	-0.016577	-0.000580	-0.031656
1840	-0.016515	-0.002773	-0.028494
1841	-0.017372	0.001381	-0.026747
1842	-0.017725	0.000110	-0.022853
1843	-0.012712	-0.006214	-0.018142
1844	-0.008219	-0.006764	-0.013241
1845	-0.005515	-0.008897	-0.010815
1846	-0.001768	-0.006920	-0.011294
1847	0.000566	-0.010688	-0.011102
1848	0.003248	-0.000798	-0.012581
1849	0.004097	-0.004352	-0.006604
1850	0.008613	-0.008567	-0.009242
1851	0.006133	-0.005974	-0.007396
1852	0.006233	-0.016009	-0.005505
1853	0.006981	-0.009439	-0.002093
1854	0.007193	-0.007002	0.000687
1855	0.009899	-0.012637	0.001613
1856	0.010814	-0.022175	0.000248
1857	0.010914	-0.017991	-0.005672
1858	0.009039	-0.031096	-0.006904
1859	0.006349	-0.028729	-0.008666
1860	0.005565	-0.020357	-0.009057
1861	0.006781	0.005798	-0.010261
1862	0.008008	0.010608	-0.010277
1863	0.014338	-0.010304	-0.010678
1864	0.015253	-0.008000	-0.012989
1865	0.011282	-0.002042	-0.014996
1866	0.009839	0.000525	-0.012598
1867	0.011773	0.000614	-0.010268
1868	0.013108	0.026142	-0.012245
1869	0.017608	-0.003903	-0.007064
1870	0.023017	-0.002732	-0.006070
1871	0.028322	0.001128	-0.003056
1872	0.027773	-0.009921	-0.000415
1873	0.026615	-0.009590	0.003252
1874	0.025636	-0.000509	0.004733
1875	0.017102	0.012421	0.006438
1876	0.013965	0.002392	0.006368
1877	0.019406	-0.015367	0.000229
1878	0.024930	0.007755	0.000269
1879	0.029781	0.021774	0.000879
1880	0.031777	0.017853	0.001971
1881	0.029609	0.014933	0.002963
1882	0.029619	0.014807	0.005126
1883	0.027424	-0.001418	0.003840
1884	0.025755	-0.004814	0.005167
1885	0.021457	-0.003074	0.005479
1886	0.022205	-0.000824	0.007112
1887	0.020826	0.012166	0.011468
1888	0.019041	-0.006006	0.012010
1889	0.012338	-0.007818	0.011804
1890	0.008888	0.004649	0.009468
1891	0.007286	-0.006941	0.005826
1892	0.006028	0.005068	0.004302
1893	0.010399	0.017609	0.008251
1894	0.011417	0.000356	0.012975
1895	0.012712	-0.000074	0.015663
1896	0.013170	-0.003312	0.014250
1897	0.015788	-0.021646	0.017805
1898	0.016981	-0.014490	0.022506
1899	0.017798	-0.000252	0.019031
1900	0.018385	0.000186	0.015878
1901	0.021781	-0.006969	0.011540
1902	0.025262	-0.010290	0.009485
1903	0.027599	-0.016590	0.010902
1904	0.026552	-0.022714	0.007862
1905	0.025099	-0.028735	0.007560
1906	0.023454	-0.017928	0.005378
1907	0.020510	-0.019719	0.006073
1908	0.012016	-0.011976	-0.000140
1909	0.001604	-0.017337	-0.005446
1910	-0.004807	-0.021095	-0.010261
1911	-0.012813	0.000643	-0.011990
1912	-0.019131	-0.025439	-0.017050
1913	-0.027045	-0.001838	-0.020269
1914	-0.032796	-0.003474	-0.026755
1915	-0.041976	-0.001778	-0.030923
1916	-0.044016	0.013937	-0.033987
1917	-0.047660	-0.002851	-0.038161
1918	-0.049443	-0.018771	-0.041650
1919	-0.051544	0.002462	-0.045127
1920	-0.053761	-0.002325	-0.043520
1921	-0.056384	-0.005256	-0.040611
1922	-0.058003	-0.001117	-0.041149
1923	-0.054823	0.014531	-0.041107
1924	-0.058609	-0.008590	-0.038848
1925	-0.059941	-0.003448	-0.034691
1926	-0.061821	-0.013948	-0.031420
1927	-0.061619	-0.010314	-0.029636
1928	-0.061472	0.000738	-0.027052
1929	-0.058508	-0.001346	-0.023529
1930	-0.058341	0.001693	-0.025970
1931	-0.054892	-0.003724	-0.026155
1932	-0.043571	-0.008656	-0.027215
1933	-0.038021	-0.017358	-0.026465
1934	-0.035952	-0.013671	-0.025114
1935	-0.039036	-0.007398	-0.027657
1936	-0.040714	0.007174	-0.023705
1937	-0.041924	0.001504	-0.020063
1938	-0.040033	-0.003697	-0.022427
1939	-0.037291	0.000990	-0.027149
1940	-0.033722	0.000975	-0.027259
1941	-0.032324	0.004183	-0.034535
1942	-0.029221	0.004619	-0.039167
1943	-0.030146	0.004371	-0.044471
1944	-0.032145	0.012362	-0.046623
1945	-0.033127	0.013012	-0.053243
1946	-0.036103	0.007615	-0.054397
1947	-0.037135	0.004914	-0.053579
1948	-0.033934	0.016321	-0.053352
1949	-0.033342	0.007944	-0.054985
1950	-0.029482	-0.008451	-0.058444
1951	-0.031552	-0.017075	-0.057666
1952	-0.026829	-0.029037	-0.059668
1953	-0.020757	-0.018051	-0.062642
1954	-0.020996	0.000547	-0.057419
1955	-0.020712	0.007601	-0.054730
1956	-0.018347	-0.002456	-0.053870
1957	-0.017573	-0.011244	-0.052018
1958	-0.022013	-0.017284	-0.053319
1959	-0.025810	-0.002342	-0.056618
1960	-0.025569	-0.016782	-0.052803
1961	-0.028000	-0.008521	-0.050386
1962	-0.030603	0.002618	-0.049334
1963	-0.024400	0.008775	-0.044393
1964	-0.022165	-0.000980	-0.037963
1965	-0.018936	0.005710	-0.033137
1966	-0.013274	0.008296	-0.031178
1967	-0.007007	0.000084	-0.026966
1968	-0.007788	-0.012223	-0.024917
1969	-0.004409	0.003344	-0.021969
1970	-0.002833	0.021806	-0.022200
1971	0.000373	0.005904	-0.020846
1972	-0.000459	-0.000701	-0.015451
1973	-0.007623	-0.001458	-0.013012
1974	-0.012446	0.009875	-0.009525
1975	-0.019209	0.006837	-0.011032
1976	-0.022394	0.008010	-0.014809
1977	-0.025931	0.008495	-0.017646
1978	-0.028026	0.006260	-0.016532
1979	-0.034685	0.019114	-0.017201
1980	-0.031180	0.016536	-0.020935
1981	-0.022960	0.023371	-0.026659
1982	-0.022371	0.008030	-0.027076
1983	-0.020378	0.014152	-0.030753
1984	-0.023052	0.014839	-0.032937
1985	-0.026771	0.012086	-0.027854
1986	-0.028230	0.009365	-0.034892
1987	-0.028119	0.016194	-0.039664
1988	-0.023159	0.013066	-0.041202
1989	-0.022340	0.006461	-0.044386
1990	-0.020200	0.014530	-0.042724
1991	-0.015683	0.033993	-0.045059
1992	-0.020406	0.009917	-0.047003
1993	-0.023715	0.002902	-0.047944
1994	-0.021985	0.000733	-0.054589
1995	-0.027591	0.017401	-0.051859
1996	-0.034474	0.015278	-0.053786
1997	-0.042451	0.014512	-0.051930
1998	-0.050569	0.020238	-0.051739
1999	-0.054373	0.010863	-0.054543
2000	-0.056905	0.009379	-0.052708
2001	-0.056027	0.013885	-0.053011
2002	-0.051018	0.003789	-0.054334
2003	-0.047736	-0.002732	-0.051507
2004	-0.047822	0.008692	-0.050324
2005	-0.047291	0.008840	-0.045233
2006	-0.049796	0.015771	-0.047484
2007	-0.052924	-0.011990	-0.045623
2008	-0.054524	-0.006340	-0.046955
2009	-0.053496	-0.005726	-0.053041
2010	-0.051923	0.006588	-0.055588
2011	-0.047647	0.012296	-0.060339
2012	-0.044622	-0.008075	-0.066501
2013	-0.038252	-0.008119	-0.070542
2014	-0.030903	-0.020586	-0.077487
2015	-0.030334	-0.013184	-0.079110
2016	-0.029043	0.012854	-0.084249
2017	-0.021839	0.014014	-0.086102
2018	-0.017323	0.018059	-0.090322
2019	-0.013495	0.017005	-0.098755
2020	-0.012108	0.013182	-0.100283
2021	-0.006755	0.017628	-0.098404
2022	-0.001060	0.027014	-0.101067
2023	0.006217	0.015484	-0.102876
2024	0.011884	0.031289	-0.099574
2025	0.018114	0.021167	-0.099479
2026	0.025281	0.012072	-0.096380
2027	0.029120	0.028465	-0.093268
2028	0.028786	0.024854	-0.091194
2029	0.032637	0.020494	-0.087809
2030	0.034808	0.011306	-0.080073
2031	0.037803	0.010267	-0.080000
2032	0.037496	0.015885	-0.083236
2033	0.032139	-0.001256	-0.081540
2034	0.025588	-0.006265	-0.078293
2035	0.018877	-0.006266	-0.081166
2036	0.014859	-0.013186	-0.083620
2037	0.016822	-0.016139	-0.087344
2038	0.017630	-0.003291	-0.084226
2039	0.018123	-0.014996	-0.081400
2040	0.018553	-0.001202	-0.076526
2041	0.015142	0.011122	-0.071292
2042	0.011103	-0.000189	-0.064600
2043	0.004093	0.012730	-0.060966
2044	-0.006285	0.021600	-0.059576
2045	-0.006336	0.014808	-0.054407
2046	-0.005155	0.004116	-0.050593
2047	-0.004598	0.005499	-0.050845
2048	-0.006672	-0.001794	-0.048573
2049	-0.009256	-0.011721	-0.047317
2050	-0.004865	-0.023246	-0.047767
2051	-0.001394	-0.008215	-0.043984
2052	-0.001497	-0.020322	-0.043584
2053	0.001477	-0.018116	-0.048091
2054	0.005785	-0.007169	-0.048504
2055	0.011588	-0.022132	-0.049307
2056	0.016981	-0.013087	-0.047156
2057	0.020571	0.018929	-0.046293
2058	0.022788	-0.005367	-0.045327
2059	0.026519	0.006798	-0.043958
2060	0.031777	0.014385	-0.044819
2061	0.035047	0.005539	-0.041973
2062	0.033337	0.009610	-0.043756
2063	0.036320	0.008085	-0.045133
2064	0.032716	0.016753	-0.041483
2065	0.027231	0.002136	-0.040248
2066	0.025740	0.004880	-0.038670
2067	0.026199	0.001120	-0.035451
2068	0.025317	-0.009391	-0.030804
2069	0.027009	-0.011338	-0.024678
2070	0.028590	0.002476	-0.023594
2071	0.032589	-0.000845	-0.021817
2072	0.034444	0.002063	-0.019868
2073	0.035443	0.002973	-0.020865
2074	0.031655	-0.010072	-0.022631
2075	0.030544	0.001976	-0.019130
2076	0.032969	0.013140	-0.016487
2077	0.036364	0.005884	-0.014166
2078	0.037341	0.002901	-0.011429
2079	0.037295	-0.000173	-0.009183
2080	0.038624	-0.020608	-0.008328
2081	0.033978	-0.007247	-0.009431
2082	0.029287	0.004776	-0.011251
2083	0.026378	0.000370	-0.009834
2084	0.031933	0.004117	-0.011914
2085	0.035067	0.010628	-0.007369
2086	0.043596	0.006404	-0.012329
2087	0.043666	0.012990	-0.009336
2088	0.046455	0.009002	-0.008026
2089	0.043146	0.005469	0.000769
2090	0.043553	0.007009	0.004277
2091	0.043200	0.003125	0.013425
2092	0.038356	0.011757	0.018118
2093	0.036340	0.004342	0.019623
2094	0.038991	0.007334	0.018138
2095	0.040398	0.015185	0.018041
2096	0.046360	0.025481	0.021710
2097	0.043511	0.027541	0.023558
2098	0.043410	0.023441	0.026250
2099	0.041638	0.018675	0.026914
2100	0.042625	0.017805	0.026272
2101	0.045890	0.018788	0.021529
2102	0.048642	0.015038	0.019965
2103	0.047021	0.022299	0.012985
2104	0.046890	0.013069	0.007141
2105	0.041472	0.005446	0.008793
2106	0.042270	0.011760	0.006784
2107	0.037285	0.003962	0.010840
2108	0.033246	-0.001050	0.010043
2109	0.030962	-0.006771	0.011144
2110	0.023065	-0.002313	0.005112
2111	0.019608	-0.018060	0.006286
2112	0.014173	-0.021989	0.001614
2113	0.005499	-0.039573	-0.001622
2114	-0.002614	-0.036340	-0.006218
2115	-0.006957	-0.027489	-0.007489
2116	-0.013770	-0.037235	-0.014697
2117	-0.016791	-0.013649	-0.016105
2118	-0.021350	-0.007567	-0.018105
2119	-0.020598	0.003793	-0.014468
2120	-0.014049	-0.008755	-0.012528
2121	-0.009276	-0.008706	-0.016392
2122	-0.008196	0.007093	-0.020383
2123	-0.005610	0.000513	-0.020342
2124	-0.000398	0.003555	-0.020668
2125	0.010330	0.004369	-0.021416
2126	0.019611	0.001959	-0.018610
2127	0.025582	0.006732	-0.019386
2128	0.034344	0.028685	-0.020776
2129	0.043910	0.007441	-0.022392
2130	0.053147	-0.015267	-0.016823
2131	0.056785	-0.000197	-0.015941
2132	0.059246	0.003022	-0.013623
2133	0.060103	0.004151	-0.011358
2134	0.065603	0.001654	-0.013754
2135	0.074528	0.002818	-0.018389
2136	0.075098	-0.005163	-0.013810
2137	0.071701	0.013343	-0.013271
2138	0.066200	0.005447	-0.013336
2139	0.055789	-0.015962	-0.012947
2140	0.046223	-0.005765	-0.015146
2141	0.046170	-0.010326	-0.013697
2142	0.041056	-0.018012	-0.011767
2143	0.038782	-0.019362	-0.009481
2144	0.036062	0.008442	-0.009601
2145	0.035273	-0.002554	-0.012444
2146	0.032810	0.018815	-0.004134
2147	0.022768	-0.003025	-0.009603
2148	0.019474	-0.010179	-0.011352
2149	0.012345	-0.017898	-0.011979
2150	0.005028	-0.007765	-0.010243
2151	0.002476	0.019967	-0.012726
2152	0.004647	0.009993	-0.012778
2153	0.001734	0.001775	-0.010596
2154	-0.002833	-0.004364	-0.008773
2155	-0.005377	-0.008606	-0.006918
2156	-0.010294	-0.005055	-0.003475
2157	-0.017370	-0.006935	-0.001746
2158	-0.019351	0.006001	0.001466
2159	-0.022761	0.007141	0.006655
2160	-0.024731	0.010723	0.012165
2161	-0.025859	-0.009543	0.013157
2162	-0.027395	-0.013000	0.016668
2163	-0.025623	-0.009031	0.014803
2164	-0.024597	-0.007036	0.012675
2165	-0.020465	-0.003969	0.009854
2166	-0.023238	-0.003873	0.009344
2167	-0.026310	-0.007871	0.011796
2168	-0.031303	-0.000568	0.012335
2169	-0.029644	0.005629	0.012535
2170	-0.023140	0.009838	0.013866
2171	-0.015319	0.007369	0.013303
2172	-0.011439	0.024017	0.014969
2173	-0.006371	0.013444	0.011981
2174	-0.002222	0.004719	0.016223
2175	0.001926	0.011451	0.017634
2176	0.007655	0.005439	0.015489
2177	0.011879	0.005964	0.012496
2178	0.013774	0.005761	0.009444
2179	0.015280	0.004744	0.006827
2180	0.016492	-0.018935	0.005453
2181	0.017549	-0.018400	0.003948
2182	0.018739	-0.010450	0.007666
2183	0.023269	-0.017688	0.011452
2184	0.023233	-0.008680	0.012742
2185	0.026809	-0.012365	0.017502
2186	0.024605	-0.014370	0.020920
2187	0.025660	-0.024676	0.026506
2188	0.023797	-0.013712	0.028106
2189	0.021642	-0.008105	0.033065
2190	0.012141	0.001692	0.036494
2191	0.003313	-0.014033	0.037572
2192	-0.004226	0.001542	0.038788
2193	-0.007086	-0.000655	0.037466
2194	-0.011237	-0.010042	0.038679
2195	-0.014273	0.004634	0.034691
2196	-0.015414	0.012285	0.036906
2197	-0.011688	0.005357	0.039180
2198	-0.010312	0.000046	0.040535
2199	-0.006397	-0.007216	0.048060
2200	-0.003587	-0.025621	0.051185
2201	-0.007246	-0.025679	0.055431
2202	-0.010575	-0.028745	0.057973
2203	-0.012915	-0.025876	0.057243
2204	-0.013086	-0.002482	0.060570
2205	-0.013648	0.003580	0.066974
2206	-0.017383	0.015738	0.066112
2207	-0.018945	0.010417	0.068066
2208	-0.023778	0.005531	0.068532
2209	-0.029985	0.005105	0.066505
2210	-0.034762	0.003543	0.064485
2211	-0.044478	0.006965	0.060758
2212	-0.054655	0.003022	0.061625
2213	-0.054077	0.017899	0.058601
2214	-0.050951	0.010218	0.056324
2215	-0.053890	0.014863	0.058381
2216	-0.059255	0.004818	0.061403
2217	-0.062312	0.006536	0.062215
2218	-0.063620	-0.013734	0.064753
2219	-0.063486	-0.004356	0.065162
2220	-0.059997	-0.024698	0.068961
2221	-0.054416	-0.021363	0.070074
2222	-0.054059	-0.006208	0.073388
2223	-0.050278	-0.013341	0.071425
2224	-0.044612	-0.021906	0.077978
2225	-0.040922	-0.012347	0.080174
2226	-0.033447	-0.005208	0.077522
2227	-0.020496	-0.013629	0.074202
2228	-0.012574	-0.005807	0.070553
2229	-0.016995	-0.003986	0.066411
2230	-0.016867	-0.017412	0.058802
2231	-0.014556	-0.025763	0.058531
2232	-0.010722	0.000339	0.057209
2233	-0.004877	0.001923	0.058213
2234	-0.005074	0.011610	0.061109
2235	-0.001962	0.010308	0.062058
2236	0.006433	0.001834	0.058770
2237	0.013425	0.007537	0.056221
2238	0.021036	0.011264	0.051809
2239	0.026304	0.008749	0.051070
2240	0.026442	-0.004039	0.049397
2241	0.026976	0.004142	0.041703
2242	0.030849	-0.021435	0.039252
2243	0.030385	-0.032499	0.038847
2244	0.028698	-0.010825	0.036422
2245	0.030290	-0.007414	0.026684
2246	0.025616	-0.010783	0.020480
2247	0.022985	-0.006601	0.015064
2248	0.023005	-0.006485	0.010293
2249	0.021619	-0.009345	0.003227
2250	0.017072	-0.009778	0.001443
2251	0.010636	0.004036	-0.005227
2252	0.005212	-0.003647	-0.006137
2253	0.001849	-0.001837	-0.011686
2254	-0.003010	-0.000437	-0.014345
2255	-0.008191	0.003178	-0.015982
2256	-0.011948	-0.014308	-0.014102
2257	-0.012058	-0.006668	-0.017907
2258	-0.013580	-0.008956	-0.023100
2259	-0.010531	0.001396	-0.023652
2260	-0.011546	-0.001138	-0.022802
2261	-0.011488	0.003184	-0.023137
2262	-0.010560	-0.025984	-0.020049
2263	-0.010482	-0.019624	-0.014582
2264	-0.012075	-0.010120	-0.013573
2265	-0.013732	-0.023032	-0.011331
2266	-0.018100	-0.015802	-0.008091
2267	-0.019514	-0.020440	-0.004753
2268	-0.023702	-0.021971	0.001199
2269	-0.026085	-0.023878	0.006030
2270	-0.021663	0.002435	0.007944
2271	-0.021735	0.001337	0.010144
2272	-0.030330	-0.007853	0.013080
2273	-0.031222	0.000924	0.015592
2274	-0.036198	-0.001261	0.020595
2275	-0.040026	-0.017001	0.024820
2276	-0.041489	-0.011965	0.028032
2277	-0.040039	-0.012170	0.024569
2278	-0.040049	0.007090	0.026029
2279	-0.036553	0.002618	0.028015
2280	-0.037518	0.006668	0.027034
2281	-0.038675	0.005189	0.028409
2282	-0.039784	0.007766	0.022747
2283	-0.037328	0.008972	0.020085
2284	-0.034811	0.009190	0.017565
2285	-0.030946	0.019437	0.013678
2286	-0.029662	0.022906	0.009194
2287	-0.030436	0.007413	0.008335
2288	-0.031104	-0.007391	0.009092
2289	-0.029967	-0.007572	0.007125
2290	-0.026480	0.005745	0.008537
2291	-0.028715	0.000380	0.007813
2292	-0.028605	0.000705	0.005239
2293	-0.028311	-0.007295	0.001884
2294	-0.027157	-0.002591	-0.004271
2295	-0.028066	-0.003923	-0.001890
2296	-0.026238	0.005134	-0.003933
2297	-0.028762	0.004147	-0.006574
2298	-0.031520	0.013246	-0.007391
2299	-0.028520	0.004022	-0.011799
2300	-0.023221	0.020908	-0.013390
2301	-0.016332	-0.007134	-0.016429
2302	-0.008898	0.002885	-0.020406
2303	-0.004585	-0.003943	-0.022547
2304	-0.005150	-0.002089	-0.023798
2305	-0.004370	-0.002514	-0.028361
2306	-0.006193	-0.010766	-0.030167
2307	-0.006923	-0.001137	-0.033334
2308	-0.005776	0.021406	-0.032000
2309	-0.007496	0.018966	-0.032586
2310	-0.004613	0.011028	-0.035198
2311	0.002194	0.011425	-0.035378
2312	0.008793	0.007350	-0.034513
2313	0.015108	0.009253	-0.032342
2314	0.010480	0.012379	-0.030830
2315	0.011256	0.011258	-0.034591
2316	0.015149	0.006556	-0.031896
2317	0.017435	0.034919	-0.026535
2318	0.019859	0.029354	-0.026305
2319	0.020477	0.011915	-0.021289
2320	0.016313	0.020691	-0.020423
2321	0.011983	0.015326	-0.017207
2322	0.009616	0.002862	-0.019486
2323	0.008269	0.012863	-0.021943
2324	0.006270	-0.002919	-0.021297
2325	0.009004	-0.000018	-0.022159
2326	0.009008	0.005372	-0.017920
2327	0.012102	0.013300	-0.014461
2328	0.007386	-0.002374	-0.009472
2329	0.009345	0.000381	-0.006504
2330	0.008993	-0.016655	-0.002639
2331	0.009103	-0.003303	0.001248
2332	0.014026	-0.003525	0.002314
2333	0.014015	-0.005216	0.004701
2334	0.014576	0.013947	0.006643
2335	0.012955	0.017604	0.007122
2336	0.010393	0.019891	0.008290
2337	0.009079	0.000378	0.014565
2338	0.005126	0.022257	0.013283
2339	0.005070	0.018654	0.010870
2340	0.003982	0.002717	0.013203
2341	0.004028	0.003429	0.012117
2342	0.004082	0.004326	0.011296
2343	0.000546	-0.014061	0.010274
2344	-0.000993	-0.016885	0.005105
2345	-0.004522	-0.014044	0.006590
2346	-0.006214	-0.011079	0.012748
2347	-0.008253	-0.010149	0.009873
2348	-0.009786	0.011196	0.010503
2349	-0.009455	-0.007343	0.007885
2350	-0.013114	-0.005240	0.009617
2351	-0.018177	-0.007648	0.009570
2352	-0.020769	-0.000093	0.011727
2353	-0.022283	-0.003093	0.014224
2354	-0.027886	-0.017505	0.013640
2355	-0.026534	-0.003301	0.016167
2356	-0.027412	-0.002152	0.022068
2357	-0.025043	0.016707	0.029135
2358	-0.020496	0.015410	0.028352
2359	-0.013360	0.035630	0.032731
2360	-0.016170	0.020629	0.039240
2361	-0.018016	0.021046	0.036409
2362	-0.014753	0.003896	0.034046
2363	-0.009083	-0.013116	0.031651
2364	-0.003099	-0.016209	0.029770
2365	0.000895	-0.026060	0.025761
2366	-0.003194	-0.019497	0.023218
2367	-0.004255	0.003178	0.025949
2368	-0.010040	-0.005739	0.024466
2369	-0.014975	0.015976	0.024740
2370	-0.022752	-0.002963	0.020895
2371	-0.024294	-0.014895	0.017304
2372	-0.018807	-0.029831	0.013602
2373	-0.016205	-0.031135	0.007262
2374	-0.013930	-0.032154	0.000570
2375	-0.016255	-0.018014	-0.001573
2376	-0.016511	-0.012742	-0.006926
2377	-0.017692	-0.000899	-0.010478
2378	-0.022577	0.003489	-0.014386
2379	-0.030204	-0.008325	-0.017493
2380	-0.028523	-0.013736	-0.020981
2381	-0.030099	-0.014522	-0.022008
2382	-0.023999	-0.017971	-0.022737
2383	-0.023768	0.002127	-0.022686
2384	-0.019272	0.015870	-0.020620
2385	-0.017096	0.009537	-0.020047
2386	-0.016759	0.006623	-0.018079
2387	-0.017499	-0.004984	-0.016596
2388	-0.015725	-0.000540	-0.011111
2389	-0.016561	-0.009825	-0.007741
2390	-0.017580	-0.011309	-0.008027
2391	-0.013974	-0.018540	-0.006120
2392	-0.010353	-0.027531	-0.003812
2393	-0.002664	-0.013392	-0.002873
2394	-0.001120	-0.018894	0.000565
2395	-0.004431	-0.012649	-0.000975
2396	-0.004238	-0.011155	0.003516
2397	-0.000860	-0.011570	0.007917
2398	0.003436	-0.009932	0.008008
2399	0.008550	-0.012761	0.009989
2400	0.009576	-0.009636	0.002560
2401	0.010505	-0.008479	0.001098
2402	0.010876	-0.013008	0.000351
2403	0.015826	-0.003007	0.002082
2404	0.009013	0.018966	0.001589
2405	0.003093	0.002478	0.000117
2406	0.003650	0.009236	-0.004101
2407	-0.001039	0.027089	-0.004146
2408	0.002937	0.012912	-0.007441
2409	0.013452	0.011669	-0.010928
2410	0.019809	-0.001319	-0.010072
2411	0.022512	-0.003663	-0.006455
2412	0.021386	0.003889	-0.008759
2413	0.024885	0.007036	-0.008249
2414	0.025160	0.004654	-0.005354
2415	0.021805	0.004768	0.001547
2416	0.020161	0.000395	0.004565
2417	0.020004	-0.003280	0.007975
2418	0.013370	-0.013966	0.008215
2419	0.010223	-0.008674	0.008571
2420	0.006367	-0.001520	0.007747
2421	-0.001523	-0.014493	0.009544
2422	-0.004184	-0.005407	0.007273
2423	-0.012870	-0.004321	0.009409
2424	-0.014041	-0.002903	0.007864
2425	-0.018552	-0.001559	0.003010
2426	-0.019186	0.004031	-0.001755
2427	-0.023312	-0.009669	-0.005011
2428	-0.029419	0.002358	-0.004080
2429	-0.034001	-0.014006	-0.004575
2430	-0.035022	-0.005166	-0.012011
2431	-0.032623	-0.022837	-0.015547
2432	-0.024912	-0.019508	-0.013542
2433	-0.021152	-0.035037	-0.014204
2434	-0.018942	-0.026209	-0.015976
2435	-0.018476	-0.004293	-0.016024
2436	-0.016341	0.001835	-0.019507
2437	-0.011654	-0.012546	-0.019468
2438	-0.011070	-0.007101	-0.018480
2439	-0.017983	-0.008654	-0.020204
2440	-0.021924	-0.004874	-0.020914
2441	-0.022871	-0.014140	-0.015713
2442	-0.016291	-0.004864	-0.014418
2443	-0.015644	0.008309	-0.012423
2444	-0.019301	0.004604	-0.009267
2445	-0.020409	0.017339	-0.004587
2446	-0.022643	0.018631	-0.002800
2447	-0.018473	0.023163	-0.000349
2448	-0.016286	0.012825	-0.004035
2449	-0.011307	-0.000620	-0.001356
2450	-0.012058	-0.012868	-0.003176
2451	-0.010120	-0.026198	-0.003377
2452	-0.005797	-0.024050	-0.001604
2453	-0.002537	-0.020154	-0.000254
2454	0.002638	-0.007536	0.001299
2455	-0.003535	-0.012659	-0.000565
2456	-0.008682	-0.013524	-0.000872
2457	-0.009677	-0.003393	-0.003933
2458	-0.009360	0.007565	-0.007141
2459	-0.004808	-0.015946	-0.011071
2460	0.000643	0.002371	-0.008782
2461	0.006602	0.003260	-0.007724
2462	0.009728	0.023143	-0.005886
2463	0.013608	0.022238	-0.005020
2464	0.016799	0.006968	-0.004221
2465	0.016122	0.019981	-0.002532
2466	0.013988	-0.002318	-0.000111
2467	0.013452	0.008164	0.004254
2468	0.010507	-0.000512	0.009672
2469	0.010379	0.002633	0.018750
2470	0.018178	-0.005742	0.021574
2471	0.020975	0.000266	0.024098
2472	0.025205	0.003096	0.031692
2473	0.027676	0.004464	0.037916
2474	0.027324	0.006908	0.038525
2475	0.023249	0.008236	0.044249
2476	0.017047	-0.010405	0.049306
2477	0.013392	0.000203	0.054954
2478	0.011616	-0.007040	0.054495
2479	0.009466	-0.011758	0.058546
2480	0.007844	-0.026171	0.057213
2481	0.007469	-0.041627	0.057187
2482	0.005858	-0.033271	0.054739
2483	0.009015	-0.009008	0.049066
2484	0.009627	-0.021605	0.043642
2485	0.009788	-0.012280	0.041798
2486	0.012148	0.001319	0.042842
2487	0.012245	-0.002177	0.042766
2488	0.012216	-0.002413	0.039410
2489	0.008138	-0.026132	0.038116
2490	0.005124	-0.013174	0.035484
2491	0.001809	-0.011201	0.035801
2492	-0.003412	0.011482	0.029782
2493	-0.008803	0.009817	0.031154
2494	-0.011108	-0.006751	0.029159
2495	-0.010568	0.009211	0.029036
2496	-0.008937	0.007196	0.027214
2497	-0.009153	0.003668	0.022038
2498	-0.011457	-0.000028	0.023047
2499	-0.016914	-0.002343	0.016669
2500	-0.021761	-0.022304	0.011070
2501	-0.025824	-0.020369	0.007100
2502	-0.026199	-0.023478	0.010719
2503	-0.026565	-0.023213	0.007123
2504	-0.030101	-0.012003	0.006452
2505	-0.031896	-0.012332	-0.000563
2506	-0.027932	-0.000377	-0.000359
2507	-0.027634	0.007045	-0.001154
2508	-0.026108	0.008561	0.003028
2509	-0.022810	0.017946	-0.004461
2510	-0.024939	-0.002996	-0.005842
2511	-0.025227	-0.005035	-0.012792
2512	-0.027892	0.018402	-0.010042
2513	-0.027345	0.023352	-0.008130
2514	-0.030974	-0.014003	-0.006994
2515	-0.037731	-0.004472	-0.004716
2516	-0.040807	-0.009089	-0.002883
2517	-0.041543	-0.006340	0.003801
2518	-0.042732	-0.009078	0.004816
2519	-0.049922	-0.007969	0.006185
2520	-0.052703	-0.007302	0.012343
2521	-0.054976	-0.015870	0.014466
2522	-0.058975	-0.020304	0.018036
2523	-0.061749	-0.001029	0.020465
2524	-0.065213	0.003533	0.024445
2525	-0.067052	-0.008939	0.024781
2526	-0.060707	-0.010896	0.029911
2527	-0.052100	-0.016304	0.031417
2528	-0.046238	-0.005714	0.031900
2529	-0.037831	-0.001463	0.033354
2530	-0.030392	0.005218	0.039849
2531	-0.025068	-0.000165	0.043112
2532	-0.024161	-0.015124	0.046494
2533	-0.015982	-0.012867	0.050053
2534	-0.005813	-0.010822	0.052508
2535	-0.006021	-0.014849	0.053872
2536	-0.011107	-0.016401	0.057970
2537	-0.015245	-0.003608	0.056307
2538	-0.023516	-0.007229	0.058970
2539	-0.028445	0.003090	0.062964
2540	-0.026574	0.011546	0.061639
2541	-0.029272	0.007920	0.057549
2542	-0.034181	0.000520	0.055160
2543	-0.035253	-0.029121	0.053415
2544	-0.037362	-0.004408	0.053458
2545	-0.044351	0.003972	0.054799
2546	-0.046820	-0.001440	0.056837
2547	-0.041753	-0.008638	0.056533
2548	-0.042728	0.014993	0.055071
2549	-0.044585	-0.004129	0.059817
2550	-0.044504	-0.009006	0.064261
2551	-0.039707	-0.003880	0.069647
2552	-0.029850	-0.008112	0.075274
2553	-0.025891	0.001235	0.079838
2554	-0.020093	0.012780	0.080284
2555	-0.012431	-0.003246	0.080061
2556	-0.007478	-0.010143	0.086715
2557	-0.002083	0.012930	0.086012
2558	-0.001684	0.000614	0.084660
2559	-0.002557	0.015360	0.085743
2560	-0.006505	0.016690	0.085167
2561	-0.007391	-0.012484	0.082029
2562	-0.008854	-0.017414	0.077787
2563	-0.006016	-0.016658	0.077650
2564	-0.005710	-0.016956	0.081165
2565	-0.007929	0.007821	0.082487
2566	-0.008377	-0.003129	0.081835
2567	-0.008334	-0.012505	0.081184
2568	-0.003847	-0.017595	0.078279
2569	0.001708	-0.021216	0.083160
2570	0.013482	-0.000120	0.089565
2571	0.024311	-0.018496	0.094275
2572	0.029617	0.000796	0.096497
2573	0.032067	-0.002040	0.090496
2574	0.027498	0.007455	0.090138
2575	0.027999	0.022235	0.084171
2576	0.030475	0.024291	0.084140
2577	0.032844	0.018561	0.084272
2578	0.028707	0.036732	0.081377
2579	0.032479	0.018579	0.086147
2580	0.038257	0.008160	0.089699
2581	0.035892	0.017526	0.086740
2582	0.038806	0.002600	0.085849
2583	0.046486	0.009908	0.080720
2584	0.048492	-0.014729	0.077790
2585	0.045587	-0.021442	0.074972
2586	0.042709	-0.025550	0.073705
2587	0.038692	-0.022064	0.074722
2588	0.038336	0.005934	0.076071
2589	0.037304	-0.006206	0.080846
2590	0.038608	-0.009868	0.081449
2591	0.035718	-0.019440	0.079177
2592	0.033258	-0.000224	0.075642
2593	0.036382	-0.014000	0.071713
2594	0.040163	-0.001122	0.067228
2595	0.041431	-0.002439	0.063266
2596	0.041953	0.008787	0.062883
2597	0.043452	-0.012814	0.063837
2598	0.037368	-0.023899	0.063184
2599	0.029573	-0.016296	0.061417
2600	0.021778	-0.011694	0.059441
2601	0.017528	-0.008093	0.052697
2602	0.014046	-0.006345	0.055103
2603	0.018670	-0.017130	0.050909
2604	0.015748	-0.024598	0.056403
2605	0.019666	-0.025214	0.057429
2606	0.024475	-0.012614	0.056240
2607	0.030002	-0.004484	0.059371
2608	0.033488	-0.024617	0.064257
2609	0.034875	-0.014989	0.070439
2610	0.034725	-0.017365	0.069879
2611	0.037218	-0.010057	0.064958
2612	0.039535	-0.006405	0.061221
2613	0.041056	0.005315	0.059390
2614	0.043516	0.005025	0.064451
2615	0.045429	0.022291	0.065351
2616	0.045394	0.005156	0.060831
2617	0.048793	0.016127	0.064235
2618	0.052332	0.025449	0.061936
2619	0.056015	0.015276	0.059068
2620	0.063761	0.027108	0.048704
2621	0.066585	0.010119	0.045058
2622	0.066506	0.018388	0.038721
2623	0.063706	0.013927	0.033499
2624	0.064057	-0.001636	0.027767
2625	0.062212	0.020208	0.024458
2626	0.055022	0.003438	0.023974
2627	0.045228	0.015011	0.026067
2628	0.042441	0.019309	0.030229
2629	0.043281	0.011129	0.031589
2630	0.040350	-0.000691	0.034051
2631	0.046370	-0.008365	0.032796
2632	0.051862	-0.011991	0.034837
2633	0.046880	0.001041	0.039487
2634	0.051363	-0.000298	0.045640
2635	0.054538	-0.001871	0.051787
2636	0.059351	0.009848	0.058234
2637	0.064377	0.014544	0.059210
2638	0.061257	0.001352	0.056586
2639	0.056786	0.003155	0.057566
2640	0.050834	0.009903	0.059715
2641	0.050058	0.008519	0.060654
2642	0.047993	-0.002623	0.063301
2643	0.041015	0.002196	0.067770
2644	0.034037	0.000541	0.067380
2645	0.034608	-0.011988	0.069187
2646	0.036580	-0.005508	0.067958
2647	0.041985	0.009035	0.063335
2648	0.043316	0.014434	0.058805
2649	0.038750	-0.003611	0.054320
2650	0.029096	0.018537	0.048284
2651	0.019318	-0.006462	0.044550
2652	0.014095	-0.003778	0.039736
2653	0.007524	0.013681	0.037591
2654	-0.002378	0.026651	0.031713
2655	-0.009332	0.009824	0.021786
2656	-0.018193	0.011628	0.019936
2657	-0.019908	0.028375	0.019557
2658	-0.018378	0.023230	0.018187
2659	-0.014079	0.023234	0.012261
2660	-0.012551	0.012370	0.005650
2661	-0.014306	0.010914	0.001295
2662	-0.022116	0.017126	0.002399
2663	-0.022006	0.021474	-0.001009
2664	-0.015624	0.021800	0.000853
2665	-0.013518	0.016189	0.007454
2666	-0.011549	0.016123	0.010259
2667	-0.009636	0.015855	0.014374
2668	-0.003906	0.012018	0.006017
2669	-0.000842	0.012552	0.000933
2670	0.002167	0.014783	0.000135
2671	0.000093	0.000988	-0.000108
2672	-0.005534	-0.008148	0.000644
2673	-0.013576	0.001473	-0.000143
2674	-0.017161	0.013274	-0.001373
2675	-0.021232	0.011572	-0.000727
2676	-0.023438	0.010082	-0.004504
2677	-0.028161	0.016591	-0.004360
2678	-0.029189	0.007381	-0.007758
2679	-0.029160	0.001920	-0.006912
2680	-0.024779	0.002994	-0.012290
2681	-0.018484	-0.010445	-0.013362
2682	-0.019151	0.024484	-0.011765
2683	-0.019043	0.020282	-0.008536
2684	-0.020974	0.017104	-0.008250
2685	-0.023790	0.008792	-0.008118
2686	-0.029068	0.011178	-0.013397
2687	-0.029083	0.003930	-0.017172
2688	-0.030946	-0.003287	-0.019165
2689	-0.036714	-0.008584	-0.021540
2690	-0.041499	0.012003	-0.032386
2691	-0.041826	0.015606	-0.034646
2692	-0.043917	0.007908	-0.036812
2693	-0.038915	0.003892	-0.041209
2694	-0.033816	0.001851	-0.048695
2695	-0.025477	0.004277	-0.055920
2696	-0.017412	0.006393	-0.062516
2697	-0.011381	-0.005345	-0.060174
2698	-0.007318	0.003122	-0.060173
2699	-0.005490	-0.007282	-0.058036
2700	-0.008313	-0.005058	-0.059170
2701	-0.003843	-0.010193	-0.054890
2702	-0.010803	-0.009566	-0.055809
2703	-0.016059	0.000208	-0.066000
2704	-0.012968	-0.000538	-0.073730
2705	-0.006389	0.012325	-0.076673
2706	0.001913	0.013208	-0.080405
2707	0.011753	0.004491	-0.079564
2708	0.017360	0.027866	-0.080876
2709	0.023820	0.016142	-0.076446
2710	0.029417	0.047521	-0.073200
2711	0.032498	0.019963	-0.068353
2712	0.029558	0.013887	-0.058278
2713	0.029037	0.002155	-0.054399
2714	0.036055	0.008236	-0.054998
2715	0.043959	0.012140	-0.051486
2716	0.048696	0.000993	-0.048682
2717	0.050783	0.003013	-0.043940
2718	0.050617	0.004498	-0.038791
2719	0.048778	0.003570	-0.039570
2720	0.043125	-0.002837	-0.039640
2721	0.036988	-0.009471	-0.036522
2722	0.033406	0.006607	-0.038229
2723	0.031300	0.002542	-0.034510
2724	0.022245	-0.011385	-0.030755
2725	0.014513	-0.007213	-0.030281
2726	0.008437	-0.000436	-0.027680
2727	0.003612	0.004788	-0.026830
2728	-0.003613	0.013340	-0.023288
2729	-0.005906	0.008050	-0.022695
2730	-0.011415	0.012429	-0.022433
2731	-0.010188	0.011169	-0.022450
2732	-0.010240	0.023761	-0.017560
2733	-0.007177	0.014201	-0.014595
2734	-0.009699	0.011131	-0.009874
2735	-0.012392	-0.017586	-0.008480
2736	-0.013186	-0.015810	-0.007283
2737	-0.013943	0.002391	-0.004735
2738	-0.013435	-0.012483	0.000125
2739	-0.008427	-0.016546	0.002565
2740	-0.003512	-0.015434	0.005460
2741	-0.001458	-0.006279	0.000591
2742	-0.003418	-0.007941	0.007731
2743	0.000625	-0.007333	0.010261
2744	0.006976	0.003992	0.009708
2745	0.007263	0.014543	0.006526
2746	0.007076	0.004260	0.004615
2747	0.011577	-0.009309	0.005883
2748	0.010765	-0.009361	0.005682
2749	0.009261	-0.027062	0.006190
2750	0.006314	-0.004297	0.007282
2751	0.004859	-0.020758	0.001530
2752	0.006792	0.000280	-0.002648
2753	0.008258	0.006519	-0.007070
2754	0.018360	-0.002434	-0.007296
2755	0.024998	-0.005278	-0.006263
2756	0.031742	0.002437	-0.006851
2757	0.034297	0.002826	-0.007656
2758	0.033803	0.000493	-0.003858
2759	0.029535	0.007328	-0.006013
2760	0.025297	0.006736	-0.009025
2761	0.021084	0.010194	-0.016763
2762	0.026551	0.015274	-0.020401
2763	0.030818	0.015826	-0.020817
2764	0.031612	-0.010631	-0.019219
2765	0.029998	-0.012441	-0.018192
2766	0.030907	0.002637	-0.020664
2767	0.027313	0.011422	-0.021040
2768	0.026732	-0.020300	-0.016670
2769	0.021446	-0.016231	-0.012225
2770	0.012612	-0.008211	-0.009391
2771	0.008112	-0.000467	-0.008740
2772	0.003187	0.005684	-0.009792
2773	0.003280	0.023899	-0.010922
2774	-0.003293	0.019325	-0.011610
2775	-0.004897	0.011338	-0.015277
2776	-0.002857	0.003606	-0.013279
2777	0.002860	0.006269	-0.016281
2778	0.006062	0.009870	-0.019412
2779	0.012346	0.011904	-0.023182
2780	0.009436	0.000483	-0.027929
2781	0.011167	-0.009695	-0.028591
2782	0.010472	-0.003784	-0.031476
2783	0.012078	0.000407	-0.036383
2784	0.014086	-0.002484	-0.039339
2785	0.014772	-0.001282	-0.046905
2786	0.013372	0.004291	-0.049724
2787	0.008055	-0.003431	-0.052210
2788	0.004320	0.005350	-0.055881
2789	0.004024	0.019641	-0.059348
2790	0.002508	0.016009	-0.059879
2791	-0.005189	0.013866	-0.063328
2792	-0.008283	0.010669	-0.070761
2793	-0.003933	0.006339	-0.071635
2794	-0.000625	0.005426	-0.064597
2795	0.005399	0.015424	-0.063571
2796	0.009273	0.015476	-0.062660
2797	0.007816	0.002319	-0.063562
2798	0.006208	-0.011212	-0.061668
2799	0.003066	0.010185	-0.054331
2800	0.008050	0.004135	-0.048924
2801	0.002777	-0.004832	-0.046463
2802	0.007469	0.008766	-0.043084
2803	0.008843	0.035487	-0.036104
2804	0.006082	0.010874	-0.033341
2805	0.011453	0.016905	-0.028042
2806	0.014250	0.008909	-0.023625
2807	0.015118	0.022343	-0.015395
2808	0.015956	0.002708	-0.013433
2809	0.014911	0.006065	-0.009725
2810	0.015194	0.015673	-0.011338
2811	0.018508	-0.000230	-0.010536
2812	0.023146	-0.001254	-0.010574
2813	0.026048	0.004409	-0.007346
2814	0.028107	-0.003220	-0.001216
2815	0.029997	-0.012531	-0.004821
2816	0.032733	-0.017714	-0.007420
2817	0.035823	-0.028223	-0.007347
2818	0.041702	-0.015304	-0.008316
2819	0.048851	-0.015434	-0.004633
2820	0.060078	-0.017950	0.000364
2821	0.067347	-0.036767	0.006963
2822	0.072657	-0.020716	0.010161
2823	0.083126	-0.017451	0.007384
2824	0.089945	-0.002420	0.007805
2825	0.090574	-0.008755	0.009780
2826	0.087947	-0.007408	0.002004
2827	0.083929	-0.006825	0.003987
2828	0.082503	-0.002013	0.006394
2829	0.082735	0.000071	0.009261
2830	0.079249	-0.001858	0.011310
2831	0.076827	0.021144	0.014493
2832	0.079277	0.017664	0.018044
2833	0.077742	0.010028	0.017021
2834	0.081555	-0.002262	0.013602
2835	0.078045	0.009331	0.013093
2836	0.076581	0.004246	0.009979
2837	0.068591	0.006815	0.014181
2838	0.062804	0.030716	0.015904
2839	0.061384	0.021152	0.012136
2840	0.061055	0.011904	0.010849
2841	0.061730	-0.005108	0.006752
2842	0.059380	-0.018007	0.005232
2843	0.056738	-0.010679	0.001560
2844	0.058444	-0.004048	0.002026
2845	0.061201	-0.010314	0.000893
2846	0.058382	-0.002354	0.004011
2847	0.062612	-0.007976	0.009371
2848	0.069582	-0.014077	0.014344
2849	0.066933	-0.008516	0.016769
2850	0.070172	-0.002282	0.016507
2851	0.069062	-0.008922	0.021554
2852	0.064587	-0.016028	0.025400
2853	0.064653	0.000235	0.027008
2854	0.068087	0.019655	0.031296
2855	0.073723	0.014696	0.028033
2856	0.072906	0.008125	0.030609
2857	0.072010	0.009059	0.032554
2858	0.073478	0.021804	0.030370
2859	0.078155	0.011545	0.025073
2860	0.084296	0.003758	0.025261
2861	0.080131	0.000391	0.022696
2862	0.070799	0.011716	0.023990
2863	0.063315	-0.003958	0.022935
2864	0.057197	-0.013896	0.025241
2865	0.047900	-0.017669	0.030895
2866	0.036915	-0.007121	0.036229
2867	0.028610	-0.012803	0.037464
2868	0.020910	-0.003397	0.038089
2869	0.015814	-0.009421	0.036744
2870	0.010469	-0.011826	0.038487
2871	0.005835	0.005330	0.036819
2872	-0.001185	0.014741	0.040361
2873	-0.010489	0.004017	0.039223
2874	-0.015851	0.002418	0.037448
2875	-0.019256	-0.000166	0.036172
2876	-0.018516	-0.008105	0.034133
2877	-0.015864	-0.025065	0.034202
2878	-0.016044	-0.027970	0.032573
2879	-0.020538	-0.013498	0.030829
2880	-0.021906	-0.012402	0.030316
2881	-0.020165	-0.015167	0.029184
2882	-0.015082	-0.016116	0.024493
2883	-0.009778	-0.000317	0.018839
2884	-0.000390	-0.004201	0.013483
2885	-0.000760	0.022658	0.008924
2886	-0.002331	-0.003389	0.000546
2887	-0.005506	-0.018798	0.000312
2888	0.000454	0.014575	-0.002199
2889	0.003267	-0.004526	-0.013250
2890	0.004763	-0.003592	-0.024736
2891	0.002183	0.018779	-0.034337
2892	0.001731	-0.004083	-0.035585
2893	0.001597	-0.004915	-0.035849
2894	-0.006532	0.009917	-0.035161
2895	-0.007254	0.004922	-0.032740
2896	-0.004171	0.002344	-0.027425
2897	-0.000080	-0.002586	-0.028017
2898	0.000388	0.019355	-0.030343
2899	0.002248	0.009734	-0.031914
2900	-0.001171	0.010789	-0.037523
2901	-0.005216	-0.018927	-0.040600
2902	-0.005384	-0.016511	-0.042557
2903	-0.007421	0.011330	-0.045397
2904	-0.007838	0.010483	-0.039639
2905	-0.006310	0.010493	-0.034049
2906	-0.008354	0.004835	-0.032224
2907	-0.012499	0.009546	-0.027738
2908	-0.012236	0.000121	-0.028558
2909	-0.012123	0.008209	-0.024698
2910	-0.009300	0.007069	-0.026629
2911	-0.010401	0.000364	-0.024946
2912	-0.011984	-0.011028	-0.022206
2913	-0.018224	-0.008491	-0.022879
2914	-0.023889	-0.011904	-0.018740
2915	-0.029565	-0.017290	-0.016848
2916	-0.033085	-0.019898	-0.014527
2917	-0.037109	-0.014565	-0.016411
2918	-0.043247	-0.024803	-0.016547
2919	-0.039724	-0.000019	-0.019524
2920	-0.034567	-0.001718	-0.020158
2921	-0.031585	-0.024118	-0.022637
2922	-0.032111	-0.024698	-0.019668
2923	-0.030432	-0.012455	-0.018218
2924	-0.029921	-0.021658	-0.015705
2925	-0.030210	-0.015539	-0.011532
2926	-0.021859	0.001079	-0.012173
2927	-0.016886	-0.001645	-0.008832
2928	-0.011543	-0.008457	-0.005949
2929	-0.001748	-0.016664	-0.002953
2930	0.005925	-0.032469	-0.002816
2931	0.005449	-0.018608	-0.006158
2932	0.010433	-0.013595	-0.002868
2933	0.017585	-0.006684	0.002601
2934	0.019343	0.001076	0.009345
2935	0.024077	0.029422	0.018862
2936	0.025138	0.009599	0.022766
2937	0.029355	0.010135	0.021779
2938	0.035538	0.032994	0.016989
2939	0.039558	0.006376	0.017172
2940	0.040911	0.013063	0.016829
2941	0.039548	0.015365	0.024192
2942	0.034883	0.007837	0.034161
2943	0.030089	-0.003595	0.040517
2944	0.028956	0.018159	0.044273
2945	0.030790	0.005285	0.044323
2946	0.037869	0.009670	0.043195
2947	0.047035	0.005064	0.042374
2948	0.061527	0.018460	0.042058
2949	0.068511	0.022465	0.043724
2950	0.078744	0.018145	0.044439
2951	0.076578	0.015474	0.038800
2952	0.074713	0.014616	0.038040
2953	0.067670	0.012323	0.032423
2954	0.072988	0.019451	0.031930
2955	0.077823	0.024032	0.032625
2956	0.079291	0.022689	0.036898
2957	0.077849	0.018527	0.034551
2958	0.080057	0.001863	0.033076
2959	0.078558	-0.023167	0.032496
2960	0.071187	-0.013379	0.032750
2961	0.068668	-0.004786	0.027057
2962	0.059321	-0.012031	0.025013
2963	0.057524	-0.013873	0.014893
2964	0.052547	-0.009411	0.007244
2965	0.046568	0.000738	0.000902
2966	0.043235	-0.006188	-0.001534
2967	0.038581	-0.016686	-0.004048
2968	0.035871	-0.009743	-0.005782
2969	0.024814	-0.000789	-0.006147
2970	0.022375	-0.028436	-0.005337
2971	0.023320	-0.023465	-0.009937
2972	0.027350	-0.024684	-0.010215
2973	0.031923	-0.023288	-0.017569
2974	0.036771	-0.018947	-0.014261
2975	0.033865	0.000921	-0.015490
2976	0.028650	0.011017	-0.012638
2977	0.030631	-0.021978	-0.010452
2978	0.037831	-0.004494	-0.004918
2979	0.038388	0.005049	-0.001249
2980	0.039437	0.018113	0.004492
2981	0.043378	0.010655	0.004786
2982	0.045917	0.008474	0.000821
2983	0.048767	0.006262	-0.005755
2984	0.047874	0.011146	-0.010547
2985	0.046321	0.000878	-0.014242
2986	0.047032	0.010557	-0.014833
2987	0.051695	-0.009575	-0.021978
2988	0.050218	-0.012593	-0.020454
2989	0.050772	-0.010063	-0.019850
2990	0.053396	0.000375	-0.025988
2991	0.048881	0.003354	-0.035386
2992	0.043097	0.007653	-0.041258
2993	0.034772	0.003145	-0.043380
2994	0.032730	-0.017054	-0.051711
2995	0.029744	-0.006609	-0.058644
2996	0.026121	-0.022258	-0.061686
2997	0.026424	0.002491	-0.063616
2998	0.023966	0.008542	-0.061158
2999	0.023497	-0.002291	-0.061586
3000	0.021780	0.004598	-0.061452
3001	0.020679	0.019240	-0.057822
3002	0.020864	0.011528	-0.062591
3003	0.016880	0.006713	-0.062833
3004	0.012753	-0.004269	-0.062102
3005	0.005876	-0.004833	-0.065787
3006	0.000385	-0.004288	-0.067208
3007	-0.002851	0.002179	-0.067899
3008	-0.008044	-0.001607	-0.070041
3009	-0.015322	-0.004261	-0.066587
3010	-0.021698	-0.024045	-0.067807
3011	-0.025526	-0.023066	-0.067685
3012	-0.024640	0.009242	-0.064678
3013	-0.025386	-0.002744	-0.061692
3014	-0.032172	0.000318	-0.061271
3015	-0.031366	0.003266	-0.067015
3016	-0.031019	0.016009	-0.064866
3017	-0.026342	0.018091	-0.063843
3018	-0.024125	0.017140	-0.063031
3019	-0.025963	0.010519	-0.068660
3020	-0.032842	0.012768	-0.068878
3021	-0.035988	0.000279	-0.072284
3022	-0.037679	0.004678	-0.078111
3023	-0.038457	-0.012287	-0.084838
3024	-0.040610	-0.020082	-0.083294
3025	-0.040368	-0.034377	-0.081696
3026	-0.043144	-0.017659	-0.079343
3027	-0.041828	-0.008660	-0.079387
3028	-0.038430	-0.017982	-0.075292
3029	-0.032942	-0.015609	-0.070787
3030	-0.032335	-0.016523	-0.071858
3031	-0.030495	0.009483	-0.070806
3032	-0.030501	-0.010945	-0.072487
3033	-0.031980	0.000201	-0.068716
3034	-0.030773	-0.010138	-0.066602
3035	-0.030155	-0.001055	-0.069886
3036	-0.030399	-0.010004	-0.070150
3037	-0.032542	-0.006474	-0.074907
3038	-0.034732	-0.022748	-0.075961
3039	-0.030110	-0.015336	-0.077130
3040	-0.033681	0.013413	-0.075641
3041	-0.026358	0.020577	-0.069040
3042	-0.024052	-0.013615	-0.063481
3043	-0.020843	-0.012290	-0.064546
3044	-0.016176	-0.023787	-0.056886
3045	-0.010522	-0.035388	-0.051689
3046	-0.006527	-0.028363	-0.048059
3047	0.000856	-0.016534	-0.047866
3048	0.001218	0.004613	-0.051859
3049	-0.005731	0.007807	-0.059205
3050	-0.003103	0.001871	-0.056241
3051	-0.000432	0.021939	-0.055639
3052	0.002303	0.017615	-0.056781
3053	0.004607	0.020509	-0.053867
3054	0.005974	0.028556	-0.052838
3055	0.000714	0.024965	-0.056324
3056	-0.000154	0.022702	-0.057572
3057	-0.006827	0.020077	-0.058975
3058	-0.010127	0.005793	-0.060691
3059	-0.009867	-0.017317	-0.063027
3060	-0.005440	0.000531	-0.062721
3061	-0.002996	0.012254	-0.061459
3062	-0.003190	0.005990	-0.056839
3063	-0.000450	0.011577	-0.055045
3064	0.003280	0.004292	-0.051156
3065	0.004186	-0.002394	-0.047226
3066	0.006989	-0.006786	-0.041178
3067	0.013162	0.000959	-0.036465
3068	0.009723	-0.018860	-0.030892
3069	0.010026	-0.003649	-0.024474
3070	0.014213	0.003591	-0.025384
3071	0.015410	-0.018582	-0.023064
3072	0.012220	0.009372	-0.017778
3073	0.011949	-0.002760	-0.014703
3074	0.012393	-0.008583	-0.010751
3075	0.014192	-0.003508	-0.012261
3076	0.011101	-0.012315	-0.011187
3077	0.005309	-0.021051	-0.009067
3078	0.005776	-0.015046	-0.010003
3079	0.006085	-0.023077	-0.009753
3080	0.008050	-0.028632	-0.000618
3081	0.015084	-0.008545	0.001686
3082	0.020727	-0.028492	0.007366
3083	0.021732	-0.030290	0.006173
3084	0.017485	-0.043521	0.007950
3085	0.015455	-0.035222	0.007067
3086	0.008245	-0.014820	0.002342
3087	0.006180	-0.014720	-0.006173
3088	-0.002209	-0.001210	-0.012463
3089	-0.007062	0.006911	-0.018623
3090	-0.008494	-0.016921	-0.019599
3091	-0.009061	-0.015006	-0.017664
3092	-0.007506	-0.010421	-0.024393
3093	-0.015576	-0.013033	-0.027518
3094	-0.025675	-0.002869	-0.033541
3095	-0.032255	0.001363	-0.033847
3096	-0.036083	0.005979	-0.037335
3097	-0.040793	0.004759	-0.040932
3098	-0.037141	0.002199	-0.041449
3099	-0.030874	-0.005187	-0.039192
3100	-0.022939	0.002314	-0.039905
3101	-0.019486	-0.007950	-0.040992
3102	-0.020920	0.006946	-0.041438
3103	-0.024609	-0.000064	-0.044765
3104	-0.028150	-0.014485	-0.044671
3105	-0.030137	-0.002268	-0.040269
3106	-0.033601	-0.006035	-0.042998
3107	-0.034941	-0.005679	-0.046308
3108	-0.032533	0.001609	-0.050606
3109	-0.027962	0.002946	-0.051561
3110	-0.017173	-0.008462	-0.046394
3111	-0.010681	0.010139	-0.047801
3112	-0.010950	0.002345	-0.050077
3113	-0.014319	-0.009502	-0.045028
3114	-0.013593	-0.016288	-0.039729
3115	-0.008040	-0.012772	-0.031939
3116	-0.005355	-0.008819	-0.019211
3117	-0.002938	-0.000722	-0.014363
3118	0.005085	-0.009161	-0.016528
3119	0.014622	-0.033260	-0.011490
3120	0.021815	-0.030135	-0.005185
3121	0.027858	-0.018637	-0.001312
3122	0.028898	-0.025914	0.001807
3123	0.032960	-0.032523	0.006017
3124	0.040869	-0.026417	0.008526
3125	0.050552	-0.020698	0.007051
3126	0.053831	-0.008443	0.004223
3127	0.058327	0.005733	0.004535
3128	0.059654	0.011814	-0.000044
3129	0.064438	0.010202	-0.005199
3130	0.064399	0.007594	-0.006893
3131	0.064544	-0.006828	-0.005980
3132	0.067389	0.011674	-0.006450
3133	0.069274	0.005565	-0.007966
3134	0.071614	-0.007860	-0.004127
3135	0.074458	0.005995	-0.000880
3136	0.075868	0.017962	0.001967
3137	0.074347	0.005187	0.004957
3138	0.070208	0.001558	0.008128
3139	0.063164	-0.002474	0.012198
3140	0.054272	-0.007607	0.013092
3141	0.044435	0.002271	0.017119
3142	0.043417	0.006521	0.023678
3143	0.039647	0.013687	0.028764
3144	0.037118	0.010620	0.032889
3145	0.031215	-0.004010	0.034707
3146	0.022115	0.015280	0.037163
3147	0.013277	0.014731	0.037300
3148	0.005863	-0.007108	0.038830
3149	0.005416	-0.002827	0.039231
3150	0.003002	0.003395	0.037764
3151	0.001447	0.015472	0.039400
3152	0.000779	-0.003253	0.040202
3153	-0.003320	-0.009972	0.042714
3154	-0.011349	0.001254	0.043487
3155	-0.016276	0.007161	0.040164
3156	-0.028963	0.001322	0.040893
3157	-0.038402	0.017356	0.039930
3158	-0.042859	0.007707	0.038974
3159	-0.058346	0.003024	0.036486
3160	-0.067146	0.004342	0.033653
3161	-0.069721	0.007323	0.032345
3162	-0.077102	-0.000666	0.032754
3163	-0.083408	-0.008661	0.033071
3164	-0.091868	-0.000103	0.030738
3165	-0.095731	0.004940	0.029899
3166	-0.095810	-0.004687	0.024911
3167	-0.094445	0.004799	0.026316
3168	-0.091649	0.020955	0.027455
3169	-0.087363	0.013787	0.025211
3170	-0.086603	0.009671	0.028746
3171	-0.086036	-0.010664	0.039011
3172	-0.084595	0.000683	0.047543
3173	-0.085725	0.017717	0.053689
3174	-0.088537	0.016725	0.058272
3175	-0.092479	-0.006681	0.063373
3176	-0.094612	0.003466	0.059335
3177	-0.097942	-0.001372	0.055971
3178	-0.098971	-0.023616	0.053062
3179	-0.098099	-0.023745	0.047210
3180	-0.094743	-0.009164	0.045390
3181	-0.092990	-0.001898	0.040753
3182	-0.089570	-0.010653	0.036272
3183	-0.088138	0.007566	0.035043
3184	-0.090902	-0.009150	0.026621
3185	-0.091300	-0.006532	0.019649
3186	-0.088357	-0.022986	0.014269
3187	-0.085348	-0.012215	0.008795
3188	-0.086606	-0.001960	0.003460
3189	-0.085357	0.008382	-0.000006
3190	-0.092297	-0.017073	-0.006103
3191	-0.095223	0.000649	-0.009181
3192	-0.096603	0.002895	-0.008701
3193	-0.094332	-0.000406	-0.004095
3194	-0.087967	0.007052	-0.001525
3195	-0.078864	-0.006113	0.005530
3196	-0.070176	-0.004460	0.009820
3197	-0.061568	-0.010126	0.017540
3198	-0.056311	-0.021300	0.019400
3199	-0.050123	-0.014051	0.024644
3200	-0.048880	-0.036541	0.027378
3201	-0.048100	-0.039964	0.033810
3202	-0.047192	-0.039204	0.036071
3203	-0.051186	-0.018602	0.036269
3204	-0.054329	-0.007045	0.040298
3205	-0.057001	0.014429	0.041216
3206	-0.060437	0.015669	0.038015
3207	-0.062457	0.006943	0.037902
3208	-0.060083	0.005575	0.040762
3209	-0.058751	-0.006251	0.046229
3210	-0.055010	0.015006	0.047514
3211	-0.048405	-0.000337	0.047707
3212	-0.042545	0.011036	0.053367
3213	-0.038640	-0.000763	0.060007
3214	-0.034049	-0.020162	0.064294
3215	-0.029800	-0.023742	0.067061
3216	-0.034799	0.009094	0.061702
3217	-0.034045	0.018392	0.061331
3218	-0.030868	0.009515	0.058570
3219	-0.030165	-0.010970	0.054089
3220	-0.027196	-0.026593	0.050123
3221	-0.025957	-0.029943	0.051264
3222	-0.019849	-0.004371	0.046740
3223	-0.017475	-0.012653	0.044495
3224	-0.015882	0.009171	0.040212
3225	-0.007721	-0.005858	0.038642
3226	-0.010387	-0.018495	0.034529
3227	-0.011519	-0.033877	0.027574
3228	-0.009368	-0.036056	0.027423
3229	-0.012007	-0.019762	0.029545
3230	-0.014055	-0.015115	0.023222
3231	-0.018101	-0.018085	0.023064
3232	-0.020945	-0.028441	0.020425
3233	-0.021646	-0.016661	0.019925
3234	-0.021388	-0.011556	0.016388
3235	-0.023642	-0.016269	0.013098
3236	-0.020015	-0.023214	0.010351
3237	-0.021620	-0.010292	0.006629
3238	-0.021862	-0.000595	0.002580
3239	-0.018791	-0.004652	-0.003172
3240	-0.023026	-0.004573	-0.005441
3241	-0.028511	0.013880	-0.014269
3242	-0.032492	0.003766	-0.019795
3243	-0.034254	0.010297	-0.022273
3244	-0.031599	0.016082	-0.027444
3245	-0.030001	-0.017219	-0.025935
3246	-0.032788	-0.040015	-0.027506
3247	-0.034309	-0.055147	-0.026199
3248	-0.031592	-0.018113	-0.027393
3249	-0.024565	-0.004498	-0.033561
3250	-0.016438	-0.012306	-0.033820
3251	-0.016935	-0.000857	-0.035554
3252	-0.017051	0.005097	-0.037467
3253	-0.016159	0.011929	-0.041078
3254	-0.018492	0.013768	-0.040874
3255	-0.015486	0.020729	-0.031742
3256	-0.016913	0.003161	-0.028672
3257	-0.012141	-0.014663	-0.023850
3258	-0.008789	-0.013349	-0.024376
3259	-0.001525	-0.023753	-0.021474
3260	-0.002717	-0.008381	-0.014586
3261	-0.012042	-0.024197	-0.011723
3262	-0.018267	-0.018085	-0.008797
3263	-0.018306	-0.012403	-0.010143
3264	-0.019857	-0.018522	-0.011862
3265	-0.017014	-0.020303	-0.013292
3266	-0.013529	0.002051	-0.014749
3267	-0.010418	0.014129	-0.017459
3268	-0.012419	0.002359	-0.021670
3269	-0.011626	0.005246	-0.023192
3270	-0.001809	0.002379	-0.026664
3271	0.002834	0.005214	-0.026171
3272	-0.000240	-0.014865	-0.024725
3273	-0.000672	-0.002873	-0.024048
3274	-0.003891	0.010694	-0.018666
3275	-0.007895	0.021687	-0.013386
3276	-0.011400	0.014000	-0.010640
3277	-0.009961	0.001403	-0.008235
3278	-0.011761	0.000468	-0.005882
3279	-0.010147	-0.001673	0.000220
3280	-0.011886	-0.009690	-0.001223
3281	-0.012195	-0.006766	0.000997
3282	-0.012733	0.005434	0.000552
3283	-0.013572	0.013857	-0.004046
3284	-0.016668	-0.002160	0.003971
3285	-0.018182	0.001547	0.003644
3286	-0.015059	-0.009425	0.008381
3287	-0.013964	0.013652	0.017218
3288	-0.011399	0.014730	0.023195
3289	-0.011186	-0.016779	0.029124
3290	-0.014155	-0.017787	0.027371
3291	-0.015092	-0.012001	0.021829
3292	-0.011575	-0.014053	0.021374
3293	-0.011003	-0.029549	0.017238
3294	-0.012309	-0.009518	0.011333
3295	-0.010789	-0.015130	0.011204
3296	-0.009094	0.003175	0.005280
3297	-0.005489	-0.008089	0.000767
3298	-0.002329	-0.019233	0.000186
3299	0.004116	-0.019493	-0.004226
3300	0.002334	-0.013968	-0.013912
3301	0.002137	-0.005841	-0.018139
3302	0.000229	-0.007699	-0.019377
3303	-0.003466	-0.018263	-0.022082
3304	-0.007809	-0.019875	-0.021801
3305	-0.013296	-0.000518	-0.024381
3306	-0.010101	0.002493	-0.021065
3307	-0.005537	0.003841	-0.018231
3308	-0.000335	0.017847	-0.020946
3309	0.005665	0.005378	-0.025770
3310	0.011170	-0.000632	-0.029467
3311	0.012037	0.002743	-0.030392
3312	0.012812	0.011107	-0.033725
3313	0.010845	0.009813	-0.034064
3314	0.006885	0.003867	-0.038280
3315	-0.001197	-0.010681	-0.044290
3316	-0.011503	0.000532	-0.045801
3317	-0.018663	0.008815	-0.048017
3318	-0.025146	0.016288	-0.047309
3319	-0.027412	0.022194	-0.042838
3320	-0.033372	0.019581	-0.043624
3321	-0.040869	0.016725	-0.045447
3322	-0.038165	0.007718	-0.050677
3323	-0.037394	0.016538	-0.052415
3324	-0.035892	0.034630	-0.051637
3325	-0.034475	0.022381	-0.046015
3326	-0.029207	0.006554	-0.048167
3327	-0.030164	-0.024024	-0.049817
3328	-0.025950	-0.018411	-0.047752
3329	-0.021474	0.007488	-0.043897
3330	-0.014025	-0.020871	-0.038605
3331	-0.008019	0.006039	-0.038661
3332	-0.004862	0.005223	-0.032601
3333	0.001679	0.004099	-0.028438
3334	0.002425	-0.013674	-0.022469
3335	0.003777	0.006960	-0.020721
3336	0.002683	0.003009	-0.016815
3337	0.003847	0.019961	-0.015239
3338	0.007615	0.009060	-0.013474
3339	0.014272	-0.006440	-0.013705
3340	0.010178	0.013488	-0.010609
3341	0.011540	0.013712	-0.006079
3342	0.011925	0.013933	-0.000629
3343	0.007816	0.012040	0.002913
3344	-0.005129	-0.009560	0.007596
3345	-0.018707	-0.021037	0.009588
3346	-0.025093	-0.022170	0.010867
3347	-0.026520	-0.016250	0.008066
3348	-0.021784	-0.004447	0.006342
3349	-0.019347	-0.012812	0.005776
3350	-0.023349	0.007368	0.007598
3351	-0.028183	-0.002467	0.006439
3352	-0.031963	0.001552	0.003071
3353	-0.038828	0.011541	-0.001494
3354	-0.039852	-0.008348	-0.002918
3355	-0.039338	-0.006146	-0.009382
3356	-0.032872	0.005612	-0.015644
3357	-0.028789	0.011009	-0.021104
3358	-0.022736	0.018885	-0.019131
3359	-0.017041	0.012404	-0.024522
3360	-0.015084	0.013851	-0.025587
3361	-0.009695	0.018407	-0.032062
3362	-0.009367	0.028283	-0.034736
3363	-0.009096	0.025403	-0.040276
3364	-0.000417	0.011567	-0.043369
3365	0.008815	0.001849	-0.048382
3366	0.014543	0.003362	-0.053698
3367	0.020450	0.012432	-0.058103
3368	0.025221	0.005774	-0.050798
3369	0.029642	0.023425	-0.046868
3370	0.034450	0.016452	-0.042802
3371	0.043371	0.029127	-0.040964
3372	0.053767	0.009349	-0.044742
3373	0.058054	0.002580	-0.046150
3374	0.056532	0.013068	-0.048350
3375	0.054142	0.002472	-0.052839
3376	0.055567	0.007899	-0.056569
3377	0.055311	-0.000594	-0.056230
3378	0.055787	0.002130	-0.059876
3379	0.051129	0.013346	-0.062162
3380	0.051030	0.007092	-0.062029
3381	0.047793	0.018443	-0.061894
3382	0.046708	0.018970	-0.057412
3383	0.045959	0.017210	-0.054940
3384	0.037584	0.018493	-0.054048
3385	0.028145	0.016384	-0.047183
3386	0.020776	0.021231	-0.038936
3387	0.016839	0.012878	-0.036140
3388	0.015880	-0.003787	-0.031514
3389	0.014357	-0.009428	-0.024394
3390	0.007896	-0.005446	-0.016839
3391	0.005502	0.005385	-0.009684
3392	0.002502	-0.014593	-0.006232
3393	-0.001311	-0.012869	-0.005779
3394	-0.007038	-0.007206	-0.009272
3395	-0.011306	-0.007560	-0.004038
3396	-0.013428	-0.001964	-0.002620
3397	-0.013599	0.002128	-0.002545
3398	-0.017684	-0.017599	-0.001477
3399	-0.012910	-0.010631	0.000241
3400	-0.014517	-0.009080	-0.000060
3401	-0.014719	-0.008326	0.005139
3402	-0.017517	-0.009187	0.009501
3403	-0.018926	0.006169	0.010444
3404	-0.024502	0.017540	0.012338
3405	-0.029351	0.014783	0.014308
3406	-0.028988	0.019904	0.014696
3407	-0.026328	0.004924	0.015891
3408	-0.025927	-0.021331	0.010978
3409	-0.025753	0.000536	0.008223
3410	-0.026300	0.000621	0.008270
3411	-0.027699	0.006069	0.007771
3412	-0.029592	0.012492	0.008727
3413	-0.029837	0.014973	0.006115
3414	-0.034437	-0.013076	0.008791
3415	-0.036686	0.004290	0.009041
3416	-0.039620	0.010794	0.003558
3417	-0.037292	-0.000850	0.008002
3418	-0.033878	0.002848	0.005018
3419	-0.029166	0.000858	0.008417
3420	-0.023326	0.014386	0.006671
3421	-0.020743	0.019204	0.003860
3422	-0.016165	0.024957	0.000022
3423	-0.012145	0.020721	-0.004317
3424	-0.006443	-0.006585	-0.008992
3425	-0.003926	-0.010097	-0.014354
3426	-0.001700	0.004296	-0.021903
3427	0.002540	0.001772	-0.027370
3428	-0.000576	-0.014343	-0.030610
3429	0.000006	-0.011525	-0.033560
3430	-0.007355	-0.000079	-0.033760
3431	-0.011420	0.010924	-0.026646
3432	-0.011516	0.021174	-0.022730
3433	-0.005408	0.022769	-0.025513
3434	-0.002230	0.014214	-0.030655
3435	-0.000199	0.014190	-0.032461
3436	0.006039	0.005285	-0.036667
3437	0.017373	-0.003283	-0.043579
3438	0.025014	0.005550	-0.046859
3439	0.034116	0.017228	-0.054145
3440	0.038390	0.017614	-0.050811
3441	0.040316	0.023528	-0.054834
3442	0.040751	-0.003124	-0.057250
3443	0.044616	0.000954	-0.057899
3444	0.046071	0.017598	-0.065823
3445	0.048137	0.005193	-0.072622
3446	0.050626	0.000542	-0.075566
3447	0.047805	0.006450	-0.080724
3448	0.040639	0.011084	-0.084876
3449	0.040817	0.000357	-0.091523
3450	0.040810	0.009745	-0.089939
3451	0.040279	0.000865	-0.093133
3452	0.041251	-0.006389	-0.091373
3453	0.041521	0.008013	-0.092288
3454	0.037521	-0.015142	-0.095952
3455	0.029412	-0.009497	-0.096241
3456	0.026802	0.021980	-0.091831
3457	0.016852	0.020424	-0.087337
3458	0.016089	0.014217	-0.081881
3459	0.014697	0.006733	-0.081223
3460	0.016338	0.010311	-0.074534
3461	0.015265	0.005802	-0.071840
3462	0.014916	0.020531	-0.067872
3463	0.014877	0.012849	-0.067759
3464	0.013797	0.022337	-0.066259
3465	0.010606	0.014831	-0.060856
3466	0.011932	0.029164	-0.055476
3467	0.010883	0.035326	-0.053087
3468	0.005381	0.004639	-0.053119
3469	0.006969	-0.003951	-0.054486
3470	0.010912	-0.010428	-0.051931
3471	0.015074	-0.009791	-0.049176
3472	0.017782	-0.001841	-0.045662
3473	0.019756	-0.002830	-0.043523
3474	0.019608	-0.029811	-0.040073
3475	0.016560	-0.007324	-0.038186
3476	0.016986	-0.002915	-0.036473
3477	0.021687	-0.001395	-0.037742
3478	0.022709	0.003117	-0.033970
3479	0.024168	-0.005658	-0.032727
3480	0.022918	0.002849	-0.031669
3481	0.032325	-0.001241	-0.032819
3482	0.038870	0.003011	-0.029639
3483	0.041287	-0.009180	-0.029792
3484	0.037668	-0.011318	-0.030800
3485	0.028267	0.000129	-0.038634
3486	0.018255	-0.001577	-0.040338
3487	0.008360	-0.009237	-0.046329
3488	0.004671	0.003142	-0.045372
3489	0.008615	0.006736	-0.049464
3490	0.010589	0.000708	-0.047326
3491	0.011996	0.024680	-0.048034
3492	0.007650	0.010979	-0.046692
3493	0.006556	-0.008005	-0.048293
3494	0.003655	-0.006784	-0.048886
3495	0.008591	-0.003967	-0.051726
3496	0.014327	0.012043	-0.051607
3497	0.012796	0.003362	-0.056008
3498	0.015511	0.002530	-0.059738
3499	0.013751	-0.021922	-0.065735
3500	0.011000	-0.016415	-0.068547
3501	0.011985	-0.003626	-0.067897
3502	0.012551	-0.008233	-0.077020
3503	0.011769	-0.013175	-0.079030
3504	0.009372	-0.009121	-0.077475
3505	0.005793	-0.020717	-0.074458
3506	0.002544	-0.015024	-0.068621
3507	0.000315	-0.031030	-0.066405
3508	0.002754	-0.020727	-0.060913
3509	0.008820	-0.013470	-0.057647
3510	0.011942	-0.005725	-0.055901
3511	0.011834	-0.020178	-0.052179
3512	0.013272	-0.010804	-0.051589
3513	0.018633	-0.007615	-0.048331
3514	0.018046	0.005483	-0.046190
3515	0.020048	-0.005530	-0.048219
3516	0.017000	0.000560	-0.044752
3517	0.022224	0.017251	-0.043332
3518	0.028160	0.006451	-0.038875
3519	0.032336	0.015409	-0.041515
3520	0.032994	0.006078	-0.043078
3521	0.036457	0.002417	-0.034591
3522	0.038776	-0.008149	-0.031381
3523	0.042468	0.009274	-0.025704
3524	0.048440	-0.016322	-0.021158
3525	0.054803	-0.010747	-0.016508
3526	0.058772	-0.012535	-0.015811
3527	0.062997	-0.013323	-0.013739
3528	0.062814	0.017124	-0.009112
3529	0.062497	0.006676	-0.008705
3530	0.061182	0.001183	-0.008742
3531	0.063959	0.006603	-0.008193
3532	0.065132	0.020084	-0.009523
3533	0.070295	0.021596	-0.009006
3534	0.068200	0.010385	-0.013927
3535	0.069595	0.009180	-0.014866
3536	0.068196	0.014952	-0.017981
3537	0.071429	0.007653	-0.021636
3538	0.077050	0.003760	-0.023849
3539	0.077363	0.010546	-0.029657
3540	0.081146	-0.002567	-0.033233
3541	0.081011	-0.006516	-0.036004
3542	0.075095	0.011080	-0.029719
3543	0.070163	-0.004225	-0.030928
3544	0.065025	0.010472	-0.026071
3545	0.058978	-0.006882	-0.021691
3546	0.052862	-0.002713	-0.025011
3547	0.053475	-0.006810	-0.025301
3548	0.057729	-0.004563	-0.020338
3549	0.059848	-0.007741	-0.018547
3550	0.059926	-0.002011	-0.020825
3551	0.055019	0.008998	-0.025454
3552	0.053276	-0.001089	-0.020145
3553	0.052615	0.000123	-0.019122
3554	0.049888	0.009087	-0.016853
3555	0.050176	-0.001815	-0.015732
3556	0.046609	0.008195	-0.013314
3557	0.050795	0.013675	-0.016394
3558	0.054960	0.001637	-0.011456
3559	0.057684	0.005595	-0.015246
3560	0.060825	0.006833	-0.014138
3561	0.061530	0.014071	-0.018423
3562	0.057488	0.008595	-0.016130
3563	0.052044	0.002785	-0.017084
3564	0.044534	-0.013823	-0.013856
3565	0.042193	-0.004631	-0.014613
3566	0.039289	0.010175	-0.012598
3567	0.040305	0.003743	-0.012781
3568	0.034926	-0.015818	-0.013144
3569	0.031313	-0.009148	-0.020172
3570	0.029884	-0.000924	-0.025667
3571	0.029919	-0.002421	-0.032562
3572	0.032823	0.010195	-0.034009
3573	0.032930	0.004762	-0.034499
3574	0.024200	0.006278	-0.035862
3575	0.018260	0.016068	-0.041685
3576	0.013849	0.000852	-0.035745
3577	0.007482	0.008110	-0.040327
3578	0.001636	0.028638	-0.036888
3579	-0.005249	0.026465	-0.039182
3580	-0.008978	0.001642	-0.040107
3581	-0.017700	0.004619	-0.036695
3582	-0.024748	0.000468	-0.031659
3583	-0.028402	-0.006148	-0.032269
3584	-0.035299	0.021951	-0.028353
3585	-0.037212	0.034452	-0.022328
3586	-0.037436	0.018628	-0.017822
3587	-0.040347	0.014925	-0.016004
3588	-0.044258	0.010448	-0.009223
3589	-0.047539	0.014287	-0.006251
3590	-0.049598	-0.002532	-0.001695
3591	-0.049169	-0.000555	0.001784
3592	-0.051022	0.007873	0.006471
3593	-0.047436	0.027893	0.008833
3594	-0.043767	0.012905	0.004509
3595	-0.037088	-0.008923	0.006493
3596	-0.028476	-0.012455	0.005206
3597	-0.025889	-0.004747	0.003578
3598	-0.031485	0.003572	-0.001769
3599	-0.030590	0.006444	-0.006090
3600	-0.034933	-0.017869	-0.007865
3601	-0.035747	-0.016338	-0.012147
3602	-0.033630	0.008714	-0.009161
3603	-0.029678	0.014043	-0.006626
3604	-0.021609	0.005755	-0.011943
3605	-0.012498	-0.005548	-0.017524
3606	-0.003312	0.005251	-0.028597
3607	0.004089	-0.014761	-0.032439
3608	0.008405	-0.000358	-0.037022
3609	0.012979	0.014644	-0.045341
3610	0.014928	0.011372	-0.045859
3611	0.020947	0.011234	-0.044716
3612	0.021543	0.018405	-0.051099
3613	0.021353	0.005038	-0.047673
3614	0.025143	-0.004046	-0.045769
3615	0.032211	-0.017156	-0.047190
3616	0.024644	-0.001307	-0.047100
3617	0.016549	-0.002012	-0.051934
3618	0.006989	0.006827	-0.049764
3619	-0.003280	0.007415	-0.041605
3620	-0.008870	0.002817	-0.034538
3621	-0.009489	0.000735	-0.025252
3622	-0.011696	-0.008552	-0.024142
3623	-0.015753	0.020284	-0.028252
3624	-0.014063	-0.004661	-0.028025
3625	-0.009691	-0.015742	-0.024252
3626	-0.011655	-0.005283	-0.022314
3627	-0.016797	-0.002180	-0.020873
3628	-0.017952	0.010878	-0.022076
3629	-0.017997	0.001026	-0.020640
3630	-0.018373	0.002595	-0.023601
3631	-0.017455	-0.002373	-0.027204
3632	-0.018573	-0.005546	-0.029034
3633	-0.016958	-0.005720	-0.032746
3634	-0.016573	-0.003285	-0.034190
3635	-0.013294	0.022027	-0.036487
3636	-0.014992	0.029113	-0.039469
3637	-0.017629	0.027820	-0.036594
3638	-0.020977	0.010155	-0.036379
3639	-0.024382	0.008056	-0.036226
3640	-0.028754	0.005999	-0.037295
3641	-0.029273	0.010371	-0.036144
3642	-0.036886	0.024516	-0.037228
3643	-0.046378	0.023119	-0.038290
3644	-0.050371	0.011293	-0.038099
3645	-0.052183	0.008657	-0.045396
3646	-0.057700	0.002908	-0.048144
3647	-0.061050	-0.003904	-0.058407
3648	-0.063051	-0.017447	-0.062515
3649	-0.060163	0.015692	-0.062768
3650	-0.059596	0.007474	-0.057783
3651	-0.060050	-0.008169	-0.055649
3652	-0.059939	-0.016806	-0.056380
3653	-0.055670	-0.027840	-0.054881
3654	-0.056536	-0.021404	-0.053265
3655	-0.061008	-0.016153	-0.058789
3656	-0.069012	-0.018009	-0.054342
3657	-0.071477	-0.006326	-0.052766
3658	-0.072901	-0.017605	-0.054538
3659	-0.077431	-0.000375	-0.058478
3660	-0.080029	-0.008301	-0.059832
3661	-0.082758	0.004057	-0.066379
3662	-0.079768	0.018043	-0.070263
3663	-0.071718	0.004875	-0.071249
3664	-0.068953	-0.002001	-0.076600
3665	-0.070488	-0.004181	-0.076452
3666	-0.066120	-0.008490	-0.079027
3667	-0.064430	0.004939	-0.082785
3668	-0.066888	-0.007723	-0.079727
3669	-0.073212	-0.005988	-0.080624
3670	-0.069406	-0.011823	-0.073774
3671	-0.071948	-0.010771	-0.076880
3672	-0.076200	-0.024294	-0.076600
3673	-0.069132	-0.004698	-0.071446
3674	-0.060224	-0.011012	-0.069674
3675	-0.053743	-0.016895	-0.074230
3676	-0.049855	-0.016497	-0.076314
3677	-0.046968	-0.003869	-0.075735
3678	-0.043435	-0.006728	-0.073229
3679	-0.041590	0.015304	-0.076031
3680	-0.033685	0.020119	-0.078969
3681	-0.028022	0.036738	-0.075004
3682	-0.027865	0.025713	-0.072691
3683	-0.027064	0.021968	-0.069256
3684	-0.024201	0.014943	-0.071480
3685	-0.019751	0.029102	-0.069634
3686	-0.015572	0.045793	-0.065750
3687	-0.021911	0.014922	-0.063781
3688	-0.022329	0.024483	-0.059666
3689	-0.017827	0.010843	-0.056771
3690	-0.013232	0.008046	-0.052886
3691	-0.005428	-0.005342	-0.052536
3692	-0.004567	0.001579	-0.047783
3693	-0.006820	-0.002892	-0.049437
3694	-0.007372	0.013308	-0.051185
3695	-0.004143	-0.001648	-0.052177
3696	0.000933	0.009030	-0.043383
3697	-0.000510	0.010134	-0.044983
3698	-0.002093	0.009337	-0.044006
3699	-0.009138	-0.001622	-0.046174
3700	-0.013946	0.004454	-0.045578
3701	-0.017469	0.004079	-0.044893
3702	-0.016180	0.003686	-0.041407
3703	-0.022022	0.020748	-0.038294
3704	-0.030679	0.025646	-0.034626
3705	-0.038793	0.014684	-0.034333
3706	-0.046648	0.001799	-0.029792
3707	-0.046940	0.006222	-0.031865
3708	-0.043619	-0.010178	-0.032805
3709	-0.036008	-0.014032	-0.028816
3710	-0.034803	0.009446	-0.030122
3711	-0.034024	0.010789	-0.028826
3712	-0.032747	0.015347	-0.028758
3713	-0.026128	0.006860	-0.031787
3714	-0.022172	0.015210	-0.026788
3715	-0.019516	0.033211	-0.027239
3716	-0.015745	-0.000274	-0.026333
3717	-0.012573	-0.013950	-0.025696
3718	-0.008889	0.001735	-0.027988
3719	-0.006846	-0.016310	-0.030439
3720	-0.003577	-0.010910	-0.027361
3721	-0.000566	-0.001081	-0.024645
3722	0.006550	0.021475	-0.026138
3723	0.011759	0.012363	-0.027401
3724	0.013330	-0.001484	-0.030860
3725	0.014228	-0.015776	-0.032852
3726	0.014341	-0.006578	-0.035993
3727	0.011003	-0.006266	-0.036407
3728	0.008288	0.013640	-0.043096
3729	0.006430	0.014816	-0.048293
3730	0.001403	-0.002273	-0.046121
3731	0.002124	-0.000838	-0.042569
3732	-0.002366	-0.006268	-0.042718
3733	-0.009231	-0.000041	-0.037963
3734	-0.017986	-0.012028	-0.038352
3735	-0.028380	0.000981	-0.044191
3736	-0.034865	-0.017708	-0.047637
3737	-0.039033	-0.009661	-0.048921
3738	-0.042985	0.010534	-0.049666
3739	-0.051135	-0.004983	-0.048117
3740	-0.048563	-0.000141	-0.051148
3741	-0.043550	0.004258	-0.055813
3742	-0.039328	-0.012792	-0.061873
3743	-0.041637	-0.006912	-0.063566
3744	-0.044194	0.005904	-0.059176
3745	-0.051240	-0.015449	-0.061319
3746	-0.054228	-0.013312	-0.058825
3747	-0.059994	-0.005038	-0.053779
3748	-0.058244	-0.017454	-0.048199
3749	-0.059365	-0.029769	-0.044170
3750	-0.062203	-0.006851	-0.038321
3751	-0.057051	-0.003449	-0.029018
3752	-0.054751	-0.019119	-0.022858
3753	-0.059944	-0.008712	-0.018774
3754	-0.066016	-0.006651	-0.015843
3755	-0.063450	-0.002950	-0.008048
3756	-0.063206	0.017759	-0.006521
3757	-0.064208	0.030566	0.003158
3758	-0.062805	0.017377	0.010560
3759	-0.057629	-0.003134	0.010905
3760	-0.054485	0.001840	0.009432
3761	-0.050911	0.002031	0.012158
3762	-0.050634	-0.003676	0.017157
3763	-0.053517	0.011942	0.016100
3764	-0.055793	0.026306	0.014077
3765	-0.051479	0.012348	0.017110
3766	-0.048397	0.003512	0.011467
3767	-0.048518	0.008680	0.010316
3768	-0.052479	0.012436	0.012059
3769	-0.049209	-0.004421	0.012041
3770	-0.045448	0.012349	0.009481
3771	-0.037407	-0.001220	0.007578
3772	-0.034579	-0.035778	0.010547
3773	-0.030477	-0.020564	0.010862
3774	-0.027182	-0.019910	0.013539
3775	-0.018883	-0.019150	0.007935
3776	-0.012144	-0.001791	0.007899
3777	-0.001852	0.010342	0.002623
3778	-0.000668	-0.001683	0.003271
3779	-0.002116	0.000372	0.011489
3780	-0.000931	-0.016537	0.015483
3781	-0.002041	0.004154	0.021219
3782	0.000721	-0.026436	0.021571
3783	0.001566	-0.001023	0.024433
3784	-0.003917	0.013394	0.020904
3785	-0.009351	0.010933	0.020397
3786	-0.020666	-0.017132	0.020669
3787	-0.028828	0.004318	0.014338
3788	-0.032386	0.008575	0.008555
3789	-0.037954	0.003434	0.004095
3790	-0.040487	0.001576	-0.002194
3791	-0.038964	-0.001403	-0.007636
3792	-0.038160	-0.014463	-0.016373
3793	-0.037975	-0.013175	-0.020746
3794	-0.036765	-0.014212	-0.024354
3795	-0.034022	0.002885	-0.025473
3796	-0.028418	-0.012755	-0.026238
3797	-0.029133	-0.007507	-0.032166
3798	-0.030818	0.006663	-0.034023
3799	-0.034946	0.003550	-0.035079
3800	-0.031868	0.002843	-0.038178
3801	-0.027591	0.025308	-0.041384
3802	-0.022950	0.027514	-0.047781
3803	-0.013169	0.026177	-0.047974
3804	-0.009049	0.016510	-0.052249
3805	-0.008355	0.003447	-0.053828
3806	-0.011252	0.021833	-0.051660
3807	-0.008456	0.020107	-0.053539
3808	-0.010936	-0.000281	-0.055405
3809	-0.010355	0.012609	-0.056178
3810	-0.010909	0.017480	-0.056187
3811	-0.010110	0.004920	-0.050949
3812	-0.003801	0.031709	-0.049586
3813	-0.007878	0.015660	-0.046737
3814	-0.014189	0.007186	-0.045306
3815	-0.024030	0.009270	-0.040288
3816	-0.028624	0.004973	-0.036748
3817	-0.028005	0.016817	-0.034745
3818	-0.018896	0.013428	-0.031351
3819	-0.013818	-0.001170	-0.029913
3820	-0.009084	-0.004263	-0.027730
3821	-0.000927	-0.003253	-0.022221
3822	0.005952	0.006428	-0.026432
3823	0.009540	0.018421	-0.024384
3824	0.011824	0.010837	-0.021610
3825	0.017289	0.020123	-0.018980
3826	0.025315	0.002492	-0.017910
3827	0.030695	-0.007716	-0.017846
3828	0.041067	-0.015306	-0.023600
3829	0.044732	0.009990	-0.027588
3830	0.050136	0.013025	-0.032527
3831	0.044352	0.001218	-0.037814
3832	0.035033	0.006666	-0.040734
3833	0.024732	0.003368	-0.048642
3834	0.018290	0.012160	-0.054090
3835	0.016489	0.013555	-0.058043
3836	0.018958	0.006479	-0.062609
3837	0.021462	0.001326	-0.065273
3838	0.020558	0.005538	-0.068474
3839	0.015720	0.024967	-0.068348
3840	0.010800	0.020757	-0.071195
3841	0.014434	0.004177	-0.067973
3842	0.017243	-0.021133	-0.068165
3843	0.017249	-0.016090	-0.068718
3844	0.011258	-0.001688	-0.063234
3845	0.007112	0.015643	-0.063807
3846	0.005822	0.002643	-0.063244
3847	0.005393	-0.003171	-0.066740
3848	0.001120	-0.007278	-0.071147
3849	0.006253	-0.014319	-0.066797
3850	-0.001346	-0.014558	-0.066368
3851	-0.012140	-0.008819	-0.061562
3852	-0.012749	-0.015192	-0.058860
3853	-0.014050	-0.025776	-0.057249
3854	-0.014386	-0.004976	-0.054569
3855	-0.015595	-0.002459	-0.054407
3856	-0.015335	-0.005455	-0.051960
3857	-0.016694	-0.014288	-0.050641
3858	-0.012628	0.006092	-0.045091
3859	-0.008173	0.018701	-0.048063
3860	-0.003492	0.015460	-0.047139
3861	-0.003855	0.017236	-0.047729
3862	-0.003680	0.011277	-0.046901
3863	-0.000510	0.005768	-0.047582
3864	0.002119	0.012714	-0.047633
3865	0.010109	-0.006644	-0.049730
3866	0.016596	0.013966	-0.046342
3867	0.024124	-0.011253	-0.041410
3868	0.032260	-0.026431	-0.037705
3869	0.036112	0.007882	-0.036172
3870	0.038482	-0.004087	-0.029160
3871	0.038376	-0.011906	-0.016881
3872	0.046730	-0.010889	-0.010897
3873	0.056898	-0.013349	-0.003825
3874	0.061375	-0.019507	-0.005807
3875	0.065424	-0.033264	-0.006856
3876	0.066623	-0.007534	-0.003201
3877	0.070883	-0.031985	0.001532
3878	0.076801	-0.015800	0.001570
3879	0.074963	-0.011849	0.005022
3880	0.074885	-0.012396	0.007182
3881	0.071925	-0.010415	0.007482
3882	0.065635	-0.018568	0.006179
3883	0.061069	-0.041554	0.010570
3884	0.053208	-0.042963	0.004622
3885	0.047222	-0.035462	0.008091
3886	0.040600	-0.021671	0.004567
3887	0.032853	-0.015789	0.003297
3888	0.031308	-0.023893	0.000252
3889	0.024904	-0.009672	-0.000528
3890	0.011138	-0.003551	-0.007094
3891	0.005468	0.014075	-0.009109
3892	0.002266	0.020247	-0.009714
3893	-0.001309	0.004095	-0.010922
3894	-0.002739	-0.005968	-0.010587
3895	0.000901	0.000172	-0.013727
3896	0.003646	-0.008305	-0.019162
3897	0.002562	-0.008860	-0.022166
3898	0.000921	-0.019563	-0.022012
3899	-0.002917	-0.031009	-0.024925
3900	-0.008205	-0.019529	-0.030567
3901	-0.008356	-0.011661	-0.035703
3902	-0.008851	-0.012477	-0.041763
3903	-0.006110	-0.009147	-0.047049
3904	-0.002700	0.000623	-0.049998
3905	-0.001311	0.001151	-0.052282
3906	0.005152	-0.009964	-0.059832
3907	0.006186	-0.000995	-0.062230
3908	0.003092	0.012722	-0.057283
3909	0.007444	0.007549	-0.056933
3910	0.006711	-0.001787	-0.054210
3911	0.003870	0.003302	-0.047446
3912	-0.000233	-0.000855	-0.041487
3913	-0.002006	-0.001724	-0.045606
3914	-0.010196	0.001876	-0.044815
3915	-0.010178	0.025498	-0.037733
3916	-0.009499	0.020848	-0.034236
3917	-0.008851	0.019055	-0.034154
3918	-0.012249	0.005732	-0.028679
3919	-0.011020	-0.004895	-0.027766
3920	-0.005153	-0.015434	-0.027326
3921	-0.000208	-0.009117	-0.028216
3922	0.007309	-0.005158	-0.028106
3923	0.020815	-0.026803	-0.033616
3924	0.028688	-0.007793	-0.034314
3925	0.033956	0.010050	-0.032192
3926	0.038099	-0.009158	-0.033611
3927	0.038997	-0.004978	-0.030894
3928	0.030017	-0.026338	-0.030093
3929	0.021708	-0.022640	-0.022384
3930	0.014806	-0.010840	-0.021839
3931	0.007840	-0.021813	-0.022845
3932	-0.003722	-0.022148	-0.019965
3933	-0.012471	-0.018976	-0.014122
3934	-0.018293	-0.017616	-0.012488
3935	-0.022343	-0.010242	-0.015358
3936	-0.023602	-0.018990	-0.012905
3937	-0.014213	0.006496	-0.003120
3938	-0.006868	0.009656	-0.002608
3939	-0.006264	0.015636	0.001526
3940	-0.004583	0.019001	0.006494
3941	-0.005175	0.006777	0.010486
3942	-0.006599	0.011705	0.021312
3943	-0.003355	-0.001328	0.025611
3944	-0.005004	-0.005587	0.033281
3945	-0.011946	-0.018106	0.041639
3946	-0.017953	-0.010710	0.044683
3947	-0.017942	-0.000595	0.046392
3948	-0.012611	-0.014126	0.052201
3949	-0.005300	-0.022954	0.056464
3950	-0.003535	-0.017069	0.057268
3951	0.002242	-0.009393	0.058785
3952	0.003857	0.014547	0.061257
3953	0.004135	0.010060	0.063252
3954	0.005964	-0.002296	0.061972
3955	0.017423	0.007855	0.062649
3956	0.015040	-0.007153	0.063246
3957	0.012750	0.024784	0.054770
3958	0.013425	0.032853	0.050105
3959	0.010297	0.000622	0.046451
3960	0.010660	0.018484	0.038083
3961	0.013182	0.003550	0.028301
3962	0.016536	-0.001338	0.022208
3963	0.021006	-0.006526	0.016959
3964	0.018458	0.016206	0.010856
3965	0.018536	0.018688	0.005362
3966	0.024990	-0.006521	0.001445
3967	0.025640	-0.016822	0.001771
3968	0.024614	-0.010046	-0.000903
3969	0.019455	-0.015110	0.000869
3970	0.017872	-0.000225	0.000760
3971	0.019793	-0.005052	0.001783
3972	0.022909	-0.001340	0.000624
3973	0.031130	0.004599	0.004868
3974	0.033805	-0.010205	0.010740
3975	0.040465	-0.007862	0.014148
3976	0.043267	-0.020982	0.012752
3977	0.047685	-0.009032	0.018531
3978	0.047862	-0.017878	0.026521
3979	0.053636	-0.014468	0.030287
3980	0.048138	-0.022584	0.033786
3981	0.037823	-0.018485	0.041759
3982	0.031607	-0.010601	0.044242
3983	0.029121	-0.008212	0.047135
3984	0.031081	-0.021368	0.052001
3985	0.032140	-0.017605	0.052684
3986	0.026503	-0.012767	0.053495
3987	0.024568	-0.013326	0.047822
3988	0.020245	-0.000474	0.045891
3989	0.022257	-0.008199	0.044083
3990	0.025741	0.012616	0.034795
3991	0.027349	-0.000666	0.033490
3992	0.030050	0.003209	0.032288
3993	0.037349	-0.002078	0.026357
3994	0.035546	-0.020173	0.026967
3995	0.038137	-0.004691	0.024064
3996	0.046311	-0.002558	0.025970
3997	0.053274	-0.029003	0.027593
3998	0.059329	-0.002796	0.022003
3999	0.063808	0.002588	0.025205
4000	0.064447	-0.006725	0.026786
4001	0.057513	0.001367	0.033180
4002	0.053676	0.013207	0.035979
4003	0.061080	0.013703	0.041590
4004	0.060371	0.008991	0.044890
4005	0.057922	-0.005256	0.052300
4006	0.055418	-0.010134	0.061945
4007	0.061909	0.001917	0.060890
4008	0.065753	-0.000153	0.058570
4009	0.072318	0.012447	0.063165
4010	0.078274	0.024806	0.066942
4011	0.080122	0.003850	0.068566
4012	0.079901	0.006155	0.070294
4013	0.081505	0.014412	0.073982
4014	0.078605	-0.008016	0.070246
4015	0.072232	-0.002939	0.071968
4016	0.066123	-0.001363	0.068733
4017	0.060237	0.006681	0.066294
4018	0.056298	0.008109	0.069489
4019	0.060830	0.011236	0.071560
4020	0.058017	0.024240	0.068040
4021	0.065300	0.019697	0.068157
4022	0.067472	0.017763	0.063767
4023	0.065646	0.010474	0.058103
4024	0.056623	-0.000240	0.052405
4025	0.050993	-0.017088	0.050506
4026	0.053517	0.000960	0.046033
4027	0.055041	0.009907	0.039981
4028	0.052074	0.011341	0.031212
4029	0.047578	-0.015753	0.031804
4030	0.037907	-0.015519	0.030661
4031	0.028107	-0.006162	0.032593
4032	0.022759	-0.008085	0.031897
4033	0.020875	0.012005	0.026942
4034	0.019259	0.005346	0.030249
4035	0.018434	-0.006999	0.029434
4036	0.010799	-0.010384	0.028916
4037	0.008303	-0.009789	0.028633
4038	0.004089	0.024120	0.027149
4039	-0.001739	0.011586	0.030017
4040	-0.002514	0.033713	0.030712
4041	-0.002156	0.011050	0.035579
4042	0.000930	-0.002986	0.031201
4043	-0.000679	0.004859	0.028051
4044	-0.001021	0.019860	0.028782
4045	0.006447	0.039183	0.026574
4046	0.002071	0.009317	0.027336
4047	-0.005265	0.016813	0.032840
4048	-0.007802	-0.002212	0.034962
4049	-0.007774	-0.015631	0.036259
4050	0.002519	0.008147	0.037772
4051	0.009003	0.005903	0.039367
4052	0.017937	-0.000663	0.042190
4053	0.023721	0.002863	0.049006
4054	0.024827	-0.013537	0.057387
4055	0.026017	-0.024804	0.059824
4056	0.030781	-0.026298	0.065487
4057	0.026927	0.009002	0.068275
4058	0.022069	0.007331	0.065468
4059	0.016102	-0.007317	0.069126
4060	0.015575	-0.018969	0.072101
4061	0.018405	-0.019791	0.072025
4062	0.008322	0.004820	0.079941
4063	0.008125	0.022716	0.082220
4064	0.008479	0.020126	0.083405
4065	0.009034	0.021625	0.082926
4066	0.008995	0.007482	0.083530
4067	0.011391	0.002175	0.083241
4068	0.007826	0.019102	0.086129
4069	0.007204	0.012117	0.093335
4070	0.001347	0.008028	0.096776
4071	-0.003675	-0.003025	0.095497
4072	-0.012860	0.005465	0.101092
4073	-0.018616	0.005613	0.106318
4074	-0.021432	-0.024319	0.109841
4075	-0.023613	-0.018046	0.106485
4076	-0.030732	-0.000399	0.111327
4077	-0.028262	0.000537	0.110721
4078	-0.028670	-0.002159	0.112657
4079	-0.027758	0.014534	0.111974
4080	-0.022568	0.004352	0.110113
4081	-0.025636	0.005384	0.109819
4082	-0.025052	0.023694	0.107086
4083	-0.019888	0.021778	0.103054
4084	-0.016573	0.007768	0.098515
4085	-0.013044	0.009437	0.085954
4086	-0.013730	0.020168	0.080874
4087	-0.002888	0.035767	0.079041
4088	0.003478	0.021905	0.075601
4089	0.001692	0.006221	0.073052
4090	0.004923	0.020949	0.063767
4091	0.012377	0.020234	0.055485
4092	0.013848	0.017021	0.046435
4093	0.010715	0.018085	0.047728
4094	0.006480	0.038831	0.046807
4095	0.007064	0.025786	0.045954
4096	0.007929	0.003797	0.039340
4097	0.003098	0.001226	0.035393
4098	0.006926	0.014984	0.037965
4099	0.010142	0.001395	0.035011
4100	0.004438	0.014979	0.037108
4101	0.011261	0.024301	0.036893
4102	0.012836	0.024359	0.038835
4103	0.010639	0.012764	0.041189
4104	0.006070	0.004952	0.042680
4105	0.005302	0.008461	0.048626
4106	0.004805	0.016149	0.045628
4107	0.003088	0.018592	0.044706
4108	-0.002752	0.026132	0.049038
4109	0.003933	0.008046	0.053132
4110	0.011126	-0.000602	0.062505
4111	0.014340	-0.020796	0.069304
4112	0.012555	-0.003656	0.077732
4113	0.007313	0.005119	0.081153
4114	0.003766	0.004520	0.082235
4115	0.002169	0.013259	0.083269
4116	-0.002261	0.022680	0.089336
4117	-0.008398	0.028783	0.089592
4118	-0.019950	0.015685	0.089401
4119	-0.021423	0.034778	0.093595
4120	-0.022541	0.018465	0.092254
4121	-0.026233	0.002585	0.091831
4122	-0.029396	0.001407	0.092244
4123	-0.030780	0.015405	0.093327
4124	-0.038609	0.018005	0.094608
4125	-0.040557	0.014530	0.095613
4126	-0.043732	0.007114	0.093821
4127	-0.043883	0.014592	0.097211
4128	-0.046057	0.027808	0.094234
4129	-0.046802	0.000108	0.091991
4130	-0.045629	-0.005026	0.087367
4131	-0.042472	-0.018169	0.088701
4132	-0.040647	-0.016956	0.091090
4133	-0.039064	-0.001499	0.091304
4134	-0.035788	0.011916	0.095341
4135	-0.038326	0.024164	0.094203
4136	-0.043951	0.033937	0.086581
4137	-0.042010	0.018089	0.085333
4138	-0.042284	0.011312	0.079716
4139	-0.044876	0.008926	0.080104
4140	-0.048318	-0.004195	0.081466
4141	-0.054693	0.004114	0.092304
4142	-0.057689	0.009432	0.094479
4143	-0.056922	0.003913	0.093606
4144	-0.058925	0.001130	0.092324
4145	-0.054224	0.000411	0.091129
4146	-0.046471	0.005783	0.092281
4147	-0.046462	0.005396	0.090899
4148	-0.039542	0.001074	0.093138
4149	-0.031989	0.008431	0.090769
4150	-0.020839	0.001007	0.088135
4151	-0.013743	-0.004489	0.088304
4152	-0.008135	0.007104	0.083754
4153	-0.007031	-0.006384	0.077824
4154	-0.006137	-0.006476	0.078471
4155	-0.006677	-0.010845	0.073690
4156	-0.007692	-0.009282	0.077324
4157	-0.002224	-0.009806	0.077829
4158	0.002851	-0.019654	0.074490
4159	0.004887	-0.028267	0.069885
4160	0.003874	-0.019772	0.070298
4161	0.007823	-0.018257	0.065594
4162	0.010097	-0.001307	0.067859
4163	0.015881	0.019215	0.061870
4164	0.019352	0.020066	0.058097
4165	0.028944	0.018214	0.057122
4166	0.032702	-0.000182	0.051300
4167	0.036298	-0.012158	0.048152
4168	0.036208	-0.018496	0.043960
4169	0.032665	-0.012798	0.036835
4170	0.029326	0.010586	0.036626
4171	0.021679	0.006057	0.029587
4172	0.015041	-0.016375	0.026883
4173	0.004818	-0.014576	0.024611
4174	0.001066	0.004153	0.021293
4175	-0.000680	-0.015272	0.019859
4176	0.003894	0.011972	0.020633
4177	0.005997	-0.006846	0.023931
4178	0.000808	-0.008977	0.027604
4179	0.002396	0.012263	0.030345
4180	-0.003881	0.024184	0.037669
4181	-0.004982	0.016730	0.035583
4182	-0.012029	0.029492	0.041973
4183	-0.020702	0.032919	0.042403
4184	-0.027247	0.027469	0.046624
4185	-0.036053	0.016755	0.054641
4186	-0.042330	0.004458	0.058350
4187	-0.045283	0.000887	0.060300
4188	-0.041525	0.005490	0.061786
4189	-0.034604	0.015482	0.066291
4190	-0.026266	-0.028150	0.067642
4191	-0.018393	-0.019840	0.068480
4192	-0.010773	-0.010721	0.069270
4193	-0.001355	-0.015451	0.063813
4194	0.004441	-0.002474	0.066224
4195	0.007959	0.014157	0.064996
4196	0.009694	-0.011252	0.065095
4197	0.004194	-0.002917	0.064927
4198	0.002657	0.004256	0.063795
4199	0.002475	0.008620	0.059639
4200	0.002809	0.013081	0.060176
4201	0.004602	-0.001215	0.055636
4202	0.008012	0.012634	0.049938
4203	0.008797	-0.008479	0.046883
4204	0.013873	0.003830	0.047866
4205	0.018089	-0.001384	0.042578
4206	0.022767	-0.019597	0.041465
4207	0.027495	0.002049	0.038393
4208	0.023039	-0.000594	0.033940
4209	0.019767	0.000327	0.028064
4210	0.018949	0.008834	0.022435
4211	0.018470	0.000192	0.024213
4212	0.021734	-0.012617	0.023459
4213	0.021258	0.014405	0.020815
4214	0.019956	0.003285	0.021204
4215	0.020827	0.007769	0.020414
4216	0.020292	0.011188	0.016966
4217	0.015705	-0.005234	0.014950
4218	0.014577	-0.015355	0.008937
4219	0.010584	-0.011104	0.003056
4220	0.008917	-0.026210	-0.002302
4221	0.004031	-0.021309	-0.004592
4222	-0.001420	-0.026196	-0.006424
4223	-0.003583	-0.002617	-0.015902
4224	-0.006670	-0.018303	-0.019029
4225	-0.001736	0.002246	-0.020550
4226	0.002470	0.007765	-0.021683
4227	0.004145	0.013940	-0.023730
4228	0.008556	0.008787	-0.020752
4229	0.015856	0.012561	-0.012501
4230	0.023301	-0.004030	-0.011452
4231	0.026770	-0.002438	-0.010575
4232	0.027095	0.017352	-0.007421
4233	0.027857	0.016852	-0.006249
4234	0.029998	0.023748	-0.007236
4235	0.035207	0.032123	-0.005171
4236	0.040565	0.035471	-0.008247
4237	0.044228	0.035539	-0.011084
4238	0.041313	0.043078	-0.012856
4239	0.036200	0.030467	-0.017457
4240	0.034220	0.018398	-0.020349
4241	0.029024	-0.004488	-0.017331
4242	0.024578	-0.002111	-0.013596
4243	0.023375	-0.005184	-0.016477
4244	0.022656	0.000415	-0.022237
4245	0.019066	-0.002993	-0.023299
4246	0.016649	0.009179	-0.022304
4247	0.016985	-0.009738	-0.021496
4248	0.012664	-0.017570	-0.019220
4249	0.009417	-0.009846	-0.020423
4250	0.005577	-0.008867	-0.023715
4251	0.000329	0.005737	-0.019874
4252	-0.001547	-0.002284	-0.014802
4253	-0.002598	-0.027053	-0.011536
4254	-0.008334	-0.005868	-0.007544
4255	-0.015035	-0.006130	-0.004323
4256	-0.019834	0.003311	-0.005646
4257	-0.020794	0.020501	-0.005404
4258	-0.026758	0.008509	-0.005982
4259	-0.029324	0.011871	-0.005569
4260	-0.022617	-0.000096	-0.005672
4261	-0.020076	-0.001633	-0.006550
4262	-0.021558	-0.007804	-0.010133
4263	-0.017642	0.000805	-0.010449
4264	-0.012356	-0.015673	-0.011928
4265	-0.005287	-0.023078	-0.011811
4266	0.003507	-0.024483	-0.010384
4267	0.003771	-0.021670	-0.005588
4268	-0.000028	-0.037906	0.001487
4269	-0.004334	-0.050754	0.009683
4270	-0.013754	-0.018750	0.013556
4271	-0.022949	-0.021412	0.012306
4272	-0.025206	-0.031627	0.015662
4273	-0.027435	-0.032111	0.017158
4274	-0.029646	-0.037304	0.013728
4275	-0.025069	0.001494	0.007152
4276	-0.021328	0.013903	0.005727
4277	-0.018303	0.019756	0.009094
4278	-0.022005	0.012460	0.006590
4279	-0.017976	0.010958	0.004536
4280	-0.024983	0.009591	0.006808
4281	-0.029335	0.005981	0.003002
4282	-0.028791	0.001168	0.001024
4283	-0.027231	0.002416	-0.004279
4284	-0.025957	0.010780	-0.009186
4285	-0.028246	0.016893	-0.015924
4286	-0.028842	0.004245	-0.019292
4287	-0.029448	0.001075	-0.023263
4288	-0.029166	0.015552	-0.023319
4289	-0.033845	0.028754	-0.023965
4290	-0.037714	0.020338	-0.026345
4291	-0.039353	0.019762	-0.032155
4292	-0.041961	0.012364	-0.029006
4293	-0.040400	-0.025834	-0.026717
4294	-0.040426	0.000143	-0.029345
4295	-0.043818	0.016825	-0.028398
4296	-0.047066	0.023859	-0.026320
4297	-0.046488	0.032656	-0.020976
4298	-0.046036	0.014188	-0.015391
4299	-0.044014	0.003512	-0.015325
4300	-0.045173	0.014921	-0.013801
4301	-0.044288	0.021087	-0.010738
4302	-0.041523	0.031308	-0.016161
4303	-0.042275	0.015378	-0.015194
4304	-0.039400	0.008621	-0.008310
4305	-0.036505	0.011928	-0.003123
4306	-0.031484	0.013058	0.000086
4307	-0.031145	-0.003968	-0.003443
4308	-0.031813	-0.011071	-0.002210
4309	-0.033263	-0.016374	0.001936
4310	-0.031635	-0.027054	-0.001963
4311	-0.029442	-0.002228	-0.008752
4312	-0.030256	-0.005097	-0.011678
4313	-0.027798	-0.001053	-0.014985
4314	-0.027193	0.022095	-0.013239
4315	-0.025020	0.015231	-0.012371
4316	-0.019525	0.001137	-0.016787
4317	-0.012246	0.000851	-0.017529
4318	-0.004209	-0.002534	-0.015924
4319	0.002605	-0.022762	-0.012945
4320	0.010293	0.004650	-0.011775
4321	0.016102	0.001167	-0.008535
4322	0.021598	0.001964	-0.003831
4323	0.024390	0.010715	-0.003388
4324	0.021457	0.016206	-0.000817
4325	0.018694	0.028250	-0.000586
4326	0.018432	0.015469	0.002276
4327	0.014982	0.013948	-0.002829
4328	0.009831	0.014474	-0.007506
4329	0.010227	0.009675	-0.015529
4330	0.016376	0.011329	-0.019540
4331	0.022339	0.005652	-0.014973
4332	0.026830	0.031845	-0.010112
4333	0.035708	0.030353	-0.008515
4334	0.043411	0.015440	-0.003773
4335	0.047194	0.018075	0.003059
4336	0.048506	0.021206	0.007416
4337	0.042948	0.008943	0.009946
4338	0.035708	0.010655	0.014141
4339	0.029011	0.031481	0.022211
4340	0.028968	0.018688	0.029322
4341	0.025049	0.019689	0.034827
4342	0.024029	0.029262	0.036036
4343	0.020687	0.021819	0.040118
4344	0.015649	0.030445	0.045766
4345	0.011574	0.027137	0.052291
4346	0.002648	0.013051	0.058259
4347	-0.002481	0.027251	0.063007
4348	-0.007893	0.011316	0.063633
4349	-0.012622	-0.018228	0.061912
4350	-0.022121	-0.015945	0.059563
4351	-0.021392	-0.022380	0.060613
4352	-0.027358	-0.021122	0.061801
4353	-0.033028	-0.004328	0.059162
4354	-0.031792	-0.024888	0.053776
4355	-0.040817	-0.030822	0.055117
4356	-0.044341	-0.003594	0.048962
4357	-0.046661	0.002859	0.053795
4358	-0.044051	0.008487	0.051862
4359	-0.037558	0.000549	0.049482
4360	-0.030621	-0.002118	0.038208
4361	-0.025950	0.006008	0.034726
4362	-0.017922	0.009683	0.032982
4363	-0.010331	-0.000257	0.027198
4364	-0.006359	-0.019601	0.024419
4365	-0.003886	-0.017259	0.022016
4366	0.000863	-0.010727	0.023273
4367	-0.005358	-0.023187	0.018659
4368	-0.008800	-0.023864	0.018740
4369	-0.002006	-0.016124	0.019776
4370	0.005508	0.009574	0.021511
4371	0.005559	0.000291	0.021251
4372	0.007493	-0.018177	0.022030
4373	0.010971	-0.012362	0.017588
4374	0.015115	-0.000669	0.017066
4375	0.017717	-0.030943	0.021637
4376	0.022715	-0.018947	0.025539
4377	0.022298	-0.014419	0.031735
4378	0.019625	-0.023469	0.026742
4379	0.022860	0.001432	0.023560
4380	0.025907	-0.004963	0.014475
4381	0.025091	-0.003664	0.013408
4382	0.024872	-0.001644	0.013375
4383	0.024648	0.030481	0.011105
4384	0.024833	0.007241	0.007518
4385	0.020107	0.008382	0.007247
4386	0.013716	-0.002271	0.007836
4387	0.016430	0.008068	0.002707
4388	0.018315	0.025669	-0.001536
4389	0.014454	0.021658	-0.000882
4390	0.025482	0.015455	0.002400
4391	0.026719	0.001852	0.000277
4392	0.025027	-0.012482	-0.007910
4393	0.029031	0.000347	-0.014955
4394	0.028413	-0.003693	-0.016703
4395	0.022151	-0.020172	-0.021332
4396	0.013983	-0.029481	-0.027654
4397	0.012749	-0.031725	-0.029635
4398	0.009775	-0.039279	-0.031110
4399	0.011426	-0.024746	-0.029843
4400	0.005897	-0.038508	-0.024232
4401	-0.000983	-0.004756	-0.019624
4402	-0.005492	0.017957	-0.008271
4403	-0.006307	0.008203	-0.002301
4404	-0.006940	-0.007896	0.005593
4405	-0.008063	0.010347	0.009964
4406	-0.011467	0.012821	0.016378
4407	-0.013840	0.010651	0.025994
4408	-0.007977	0.003070	0.033320
4409	-0.002616	0.010200	0.041806
4410	-0.002768	0.011781	0.042782
4411	0.002683	-0.007291	0.045599
4412	0.001247	0.019247	0.050492
4413	0.001307	0.010566	0.048439
4414	0.004360	0.007093	0.048684
4415	0.004970	0.030177	0.050954
4416	0.002255	0.011605	0.053049
4417	0.000344	0.005917	0.054185
4418	-0.000298	-0.008106	0.056220
4419	-0.001374	-0.017864	0.057060
4420	-0.001791	0.009936	0.059979
4421	-0.003260	0.002079	0.053582
4422	-0.008283	0.006106	0.048228
4423	-0.009201	0.011257	0.045851
4424	-0.010600	0.013866	0.045762
4425	-0.013812	-0.026245	0.052962
4426	-0.014074	-0.013635	0.058103
4427	-0.011055	-0.013462	0.063500
4428	-0.013407	0.007446	0.064574
4429	-0.024666	0.006774	0.061962
4430	-0.033027	0.004694	0.061968
4431	-0.034685	0.021454	0.065083
4432	-0.033130	0.005521	0.062580
4433	-0.026680	0.007166	0.057752
4434	-0.028920	0.008562	0.049980
4435	-0.020585	0.003665	0.039186
4436	-0.014578	0.015832	0.030906
4437	-0.010726	0.003790	0.019754
4438	-0.007056	-0.003806	0.013396
4439	-0.006678	-0.001382	0.009932
4440	-0.005325	0.015588	0.004985
4441	0.001362	-0.007277	0.000026
4442	-0.003014	0.007719	-0.000259
4443	-0.006743	0.006499	-0.005770
4444	-0.010736	-0.001210	-0.005119
4445	-0.016331	0.001508	-0.006976
4446	-0.019548	-0.002568	-0.004877
4447	-0.022429	0.000755	-0.001436
4448	-0.022210	-0.005150	0.000431
4449	-0.022034	0.021646	-0.000906
4450	-0.022262	0.018548	0.002001
4451	-0.020289	0.026526	0.002552
4452	-0.022044	0.012078	-0.001252
4453	-0.014122	0.029493	0.001456
4454	-0.006344	0.038919	-0.002926
4455	0.000787	0.021836	-0.001978
4456	0.003919	0.025700	-0.001079
4457	0.014442	0.000228	0.000034
4458	0.021576	0.006450	0.003955
4459	0.031840	-0.004360	0.009091
4460	0.041110	0.000703	0.014859
4461	0.047806	0.009987	0.018574
4462	0.050694	0.016390	0.019685
4463	0.057091	0.016134	0.023116
4464	0.060082	0.008682	0.023406
4465	0.064191	-0.012526	0.023766
4466	0.069176	-0.008977	0.023365
4467	0.073190	-0.010500	0.023344
4468	0.075430	0.003300	0.018294
4469	0.070409	0.004359	0.020228
4470	0.068997	0.022394	0.018906
4471	0.068925	0.020715	0.017685
4472	0.069259	0.006412	0.016014
4473	0.068961	0.000128	0.011878
4474	0.060530	0.001620	0.013830
4475	0.052068	-0.014780	0.014672
4476	0.042298	-0.008629	0.008423
4477	0.035820	0.006363	0.012237
4478	0.035228	-0.003605	0.006432
4479	0.036842	0.004742	-0.002049
4480	0.036228	-0.005865	-0.006896
4481	0.038650	-0.014214	-0.014149
4482	0.032496	-0.001218	-0.015368
4483	0.029110	0.014790	-0.018245
4484	0.032743	0.021123	-0.022222
4485	0.028923	0.006359	-0.024189
4486	0.030795	0.016094	-0.019756
4487	0.033005	0.026239	-0.012170
4488	0.031611	0.044982	-0.008912
4489	0.036556	0.050862	-0.008109
4490	0.038096	0.027451	-0.005664
4491	0.037540	0.002478	0.001690
4492	0.035957	-0.014728	0.003533
4493	0.030341	-0.002328	0.007860
4494	0.028967	-0.008500	0.008658
4495	0.025524	-0.007273	0.004651
4496	0.021194	0.003649	0.001446
4497	0.019784	-0.007623	0.004864
4498	0.014876	-0.021507	0.007687
4499	0.010416	-0.002825	0.009972
4500	0.006093	-0.018035	0.011319
4501	0.000508	-0.028564	0.015264
4502	-0.000587	-0.016895	0.019553
4503	0.003263	-0.010408	0.022844
4504	0.004001	0.017988	0.019799
4505	0.005005	-0.000118	0.024444
4506	0.000618	0.002759	0.021312
4507	-0.008372	-0.015682	0.027330
4508	-0.013355	-0.023636	0.022690
4509	-0.021266	-0.023234	0.020624
4510	-0.026905	-0.001149	0.018533
4511	-0.038816	0.014576	0.014791
4512	-0.049420	-0.013292	0.013058
4513	-0.057096	-0.015121	0.016358
4514	-0.065185	-0.005706	0.009450
4515	-0.062643	0.005269	0.014381
4516	-0.061247	-0.019420	0.017831
4517	-0.062596	-0.017951	0.017683
4518	-0.062980	0.006020	0.024038
4519	-0.063217	-0.004152	0.026764
4520	-0.057326	0.005304	0.026978
4521	-0.052558	-0.000381	0.034540
4522	-0.045099	-0.003124	0.035441
4523	-0.035089	-0.003864	0.038116
4524	-0.033368	0.010637	0.035247
4525	-0.034160	0.015225	0.029923
4526	-0.030011	-0.001332	0.031128
4527	-0.022995	-0.012291	0.030572
4528	-0.018163	-0.009173	0.033428
4529	-0.013047	-0.012020	0.032507
4530	-0.014042	-0.004197	0.035975
4531	-0.016073	-0.005015	0.034321
4532	-0.015088	-0.027267	0.031983
4533	-0.015246	-0.021060	0.034209
4534	-0.010067	-0.023042	0.036879
4535	-0.010510	-0.016025	0.045834
4536	-0.013954	-0.004121	0.049748
4537	-0.015082	-0.005071	0.054925
4538	-0.019271	-0.022312	0.059528
4539	-0.019795	-0.008641	0.061461
4540	-0.019196	-0.021113	0.064721
4541	-0.021317	-0.016355	0.063533
4542	-0.024465	-0.017694	0.064788
4543	-0.027814	-0.004224	0.069411
4544	-0.033144	-0.009933	0.070870
4545	-0.035940	0.014775	0.069313
4546	-0.037716	-0.007288	0.064856
4547	-0.038170	0.000959	0.061663
4548	-0.037671	-0.012496	0.061626
4549	-0.041866	-0.005894	0.054483
4550	-0.050737	0.008982	0.053777
4551	-0.050017	-0.020530	0.052341
4552	-0.052239	-0.011837	0.044375
4553	-0.046138	-0.011366	0.039015
4554	-0.036922	-0.007728	0.036182
4555	-0.041358	0.013198	0.031359
4556	-0.041896	0.001387	0.029119
4557	-0.045864	-0.006748	0.023227
4558	-0.048821	-0.017998	0.014206
4559	-0.049974	-0.028453	0.014224
4560	-0.043571	-0.012939	0.010786
4561	-0.040194	-0.012712	0.014324
4562	-0.037764	-0.018915	0.012381
4563	-0.035774	-0.017037	0.005917
4564	-0.031633	-0.006363	0.012702
4565	-0.024844	0.001235	0.018481
4566	-0.022425	0.027361	0.014289
4567	-0.025633	-0.002427	0.014614
4568	-0.026921	-0.004080	0.018718
4569	-0.031329	0.006020	0.017379
4570	-0.032250	0.001169	0.014426
4571	-0.033361	-0.010959	0.019189
4572	-0.037458	-0.012365	0.017640
4573	-0.042895	-0.006595	0.022488
4574	-0.041575	-0.003302	0.029133
4575	-0.045215	-0.002405	0.028362
4576	-0.041678	0.003452	0.028180
4577	-0.036501	-0.004162	0.031505
4578	-0.032382	-0.005759	0.030705
4579	-0.027399	-0.004162	0.034653
4580	-0.021268	-0.019488	0.036344
4581	-0.016340	-0.023259	0.040073
4582	-0.007663	-0.008489	0.043024
4583	-0.001944	0.001449	0.041970
4584	0.004449	-0.011151	0.036432
4585	0.003191	-0.014930	0.036638
4586	0.003432	-0.016821	0.034531
4587	0.005106	-0.029885	0.037569
4588	0.008469	-0.036600	0.038127
4589	0.011565	-0.021980	0.039503
4590	0.011976	-0.010565	0.036719
4591	0.006907	-0.005221	0.035889
4592	-0.002463	0.007163	0.032681
4593	-0.004990	-0.000426	0.034184
4594	-0.009068	-0.004650	0.033937
4595	-0.007368	0.020737	0.034135
4596	-0.009334	0.001565	0.028673
4597	-0.006295	-0.007027	0.027094
4598	0.002268	0.015722	0.022645
4599	0.008683	-0.004567	0.019227
4600	0.009185	-0.013280	0.023359
4601	0.012375	-0.014354	0.021806
4602	0.022369	0.005423	0.018870
4603	0.031760	0.001913	0.013232
4604	0.039473	0.005995	0.015309
4605	0.046732	0.026914	0.013004
4606	0.053325	0.027804	0.014662
4607	0.053354	0.020773	0.014996
4608	0.053282	0.017707	0.016398
4609	0.052436	0.004883	0.019283
4610	0.046657	-0.009782	0.026479
4611	0.053793	-0.017852	0.031320
4612	0.056160	0.000865	0.037657
4613	0.059354	0.013001	0.050403
4614	0.055189	0.009971	0.055324
4615	0.052068	0.006620	0.064544
4616	0.045672	-0.005480	0.064393
4617	0.037307	-0.017070	0.066757
4618	0.028332	-0.010942	0.065495
4619	0.025552	-0.004747	0.068115
4620	0.021470	-0.020288	0.060710
4621	0.011618	-0.021381	0.065068
4622	0.013371	-0.019884	0.070996
4623	0.011150	0.004365	0.070161
4624	0.014625	-0.003720	0.065119
4625	0.015382	-0.021723	0.061761
4626	0.013379	-0.022344	0.060026
4627	0.008181	-0.027736	0.060280
4628	0.004071	-0.036625	0.054055
4629	-0.000287	-0.031574	0.048644
4630	-0.004931	-0.013798	0.043348
4631	-0.008039	-0.024171	0.036793
4632	-0.009681	-0.023664	0.029921
4633	-0.010828	-0.013983	0.022577
4634	-0.011152	-0.017013	0.015558
4635	-0.009846	-0.020175	0.007582
4636	-0.009683	-0.011220	-0.000328
4637	-0.005922	-0.013969	-0.006019
4638	-0.007374	0.010430	-0.008372
4639	-0.009470	0.023514	-0.008292
4640	-0.009353	0.025523	-0.012533
4641	-0.009750	0.029573	-0.012743
4642	-0.014029	0.012974	-0.016557
4643	-0.017697	0.011365	-0.017519
4644	-0.023062	-0.000953	-0.019274
4645	-0.024555	-0.010510	-0.024616
4646	-0.024677	-0.008946	-0.028796
4647	-0.022077	-0.000503	-0.031920
4648	-0.021424	-0.006126	-0.032432
4649	-0.017388	-0.002632	-0.035883
4650	-0.009753	-0.016951	-0.037918
4651	-0.007044	-0.011691	-0.034557
4652	-0.004674	0.008688	-0.036782
4653	-0.005075	0.004168	-0.033421
4654	0.000492	-0.014775	-0.029912
4655	0.003861	-0.008034	-0.029071
4656	-0.003051	-0.005615	-0.025644
4657	-0.007395	0.008409	-0.021432
4658	-0.010810	0.009937	-0.015719
4659	-0.012035	0.019281	-0.013955
4660	-0.008719	0.001163	-0.010169
4661	-0.006579	-0.009572	-0.006993
4662	-0.008861	-0.029122	-0.005081
4663	-0.003389	0.010481	-0.002787
4664	-0.000000	0.005569	-0.005190
4665	-0.001478	-0.006604	-0.003771
4666	-0.002877	-0.004552	-0.011094
4667	-0.009792	0.009585	-0.021322
4668	-0.012766	-0.006124	-0.028744
4669	-0.009312	0.015959	-0.036081
4670	-0.009502	0.006509	-0.038116
4671	-0.001509	0.006322	-0.047587
4672	0.000116	-0.014615	-0.053257
4673	0.006208	0.003434	-0.054631
4674	0.012744	-0.004460	-0.051632
4675	0.012436	0.022090	-0.052191
4676	0.015855	-0.011123	-0.047407
4677	0.017566	-0.006103	-0.046937
4678	0.019523	-0.002120	-0.047749
4679	0.022965	-0.020934	-0.052791
4680	0.028445	-0.006426	-0.053629
4681	0.027349	0.005046	-0.058356
4682	0.028168	0.024983	-0.064898
4683	0.026848	-0.000955	-0.066549
4684	0.025326	0.010488	-0.075935
4685	0.023596	-0.007526	-0.083324
4686	0.023140	-0.003562	-0.082433
4687	0.025596	0.003035	-0.081363
4688	0.031897	-0.015521	-0.080726
4689	0.035611	-0.020983	-0.072630
4690	0.038911	-0.031035	-0.066459
4691	0.040053	-0.020281	-0.059065
4692	0.038545	-0.002217	-0.059737
4693	0.032904	-0.012136	-0.066488
4694	0.033142	-0.005948	-0.058504
4695	0.033514	0.008703	-0.054874
4696	0.033822	-0.007718	-0.054966
4697	0.032331	-0.005760	-0.053112
4698	0.028416	-0.001263	-0.051666
4699	0.027035	-0.003083	-0.051494
4700	0.023540	0.008845	-0.045975
4701	0.017609	0.016261	-0.045625
4702	0.017022	0.006210	-0.043690
4703	0.010960	0.027356	-0.043167
4704	0.007578	0.011525	-0.039666
4705	0.010237	-0.000109	-0.039368
4706	0.019429	0.021895	-0.034386
4707	0.021233	-0.006828	-0.038489
4708	0.025847	-0.009208	-0.036206
4709	0.029387	-0.001434	-0.037352
4710	0.030121	-0.006071	-0.041457
4711	0.033358	-0.016894	-0.042013
4712	0.037131	-0.026202	-0.037151
4713	0.034113	-0.014347	-0.033230
4714	0.034352	0.015321	-0.030180
4715	0.030074	0.000736	-0.029039
4716	0.021610	-0.014384	-0.019380
4717	0.012730	-0.003041	-0.009374
4718	0.012075	0.004177	-0.009779
4719	0.003439	-0.004819	-0.003916
4720	-0.007674	0.002570	-0.000656
4721	-0.018047	0.005064	0.001859
4722	-0.025259	0.011377	0.005955
4723	-0.029834	0.009817	0.005135
4724	-0.042454	0.014120	0.004337
4725	-0.040237	0.029532	0.004800
4726	-0.040637	0.034966	0.007896
4727	-0.044320	0.017639	0.014999
4728	-0.039118	0.024467	0.018257
4729	-0.038137	0.022565	0.017166
4730	-0.040731	0.010578	0.023335
4731	-0.041880	-0.005139	0.016473
4732	-0.049051	-0.009691	0.019975
4733	-0.048501	-0.006330	0.023005
4734	-0.044898	0.004285	0.021844
4735	-0.041654	-0.019756	0.017416
4736	-0.037682	0.012596	0.013268
4737	-0.036947	0.005081	0.006705
4738	-0.031638	0.021725	0.005835
4739	-0.034762	-0.014131	0.008727
4740	-0.037493	0.007649	0.007342
4741	-0.037777	0.019597	0.009158
4742	-0.043694	0.025462	0.014670
4743	-0.046953	0.022708	0.014136
4744	-0.046374	-0.001039	0.009820
4745	-0.044605	0.014690	0.009248
4746	-0.044457	0.005414	0.007013
4747	-0.041503	0.016258	0.008187
4748	-0.030637	-0.012379	0.006765
4749	-0.020103	-0.010609	-0.002335
4750	-0.017324	0.022952	-0.005265
4751	-0.011831	0.014666	-0.007462
4752	-0.008722	-0.001122	-0.009638
4753	0.003599	0.005565	-0.016446
4754	0.013337	-0.012907	-0.018795
4755	0.025901	-0.006191	-0.011467
4756	0.036741	-0.001366	-0.010008
4757	0.041708	0.015700	-0.010305
4758	0.041935	0.016621	-0.008533
4759	0.043940	-0.010024	-0.008560
4760	0.050174	-0.021028	-0.009537
4761	0.056705	-0.014873	-0.010657
4762	0.054895	-0.008670	-0.011040
4763	0.048290	-0.007744	-0.010038
4764	0.046469	0.006305	-0.013144
4765	0.048059	-0.007284	-0.010769
4766	0.053426	-0.005166	-0.011314
4767	0.060221	0.007290	-0.012267
4768	0.067895	0.006665	-0.007857
4769	0.069156	0.010266	-0.007683
4770	0.073325	0.009564	-0.008882
4771	0.070557	0.016706	-0.004472
4772	0.072631	0.020731	0.001458
4773	0.076008	0.015513	0.005535
4774	0.074288	0.025497	0.013752
4775	0.062858	0.005351	0.011968
4776	0.057490	0.016544	0.013750
4777	0.052405	0.004852	0.010221
4778	0.049979	-0.010569	0.013412
4779	0.045964	-0.010768	0.017288
4780	0.034269	-0.011840	0.018562
4781	0.022091	-0.009608	0.021247
4782	0.009273	-0.017659	0.022772
4783	-0.000535	0.000854	0.025077
4784	-0.005825	0.012677	0.024803
4785	-0.014299	0.015404	0.025438
4786	-0.024407	0.002673	0.028494
4787	-0.026191	0.004234	0.022949
4788	-0.033743	-0.020947	0.015475
4789	-0.042333	-0.031192	0.010712
4790	-0.043027	-0.039823	0.007601
4791	-0.039957	0.008183	0.001876
4792	-0.039289	-0.014233	-0.003391
4793	-0.031820	-0.015560	-0.003057
4794	-0.029253	0.001385	-0.003054
4795	-0.025289	0.012228	-0.004211
4796	-0.025352	-0.003043	-0.005304
4797	-0.027849	-0.000046	-0.012691
4798	-0.027726	0.003913	-0.019448
4799	-0.029185	-0.008833	-0.025324
4800	-0.031469	-0.011785	-0.035520
4801	-0.030673	-0.007968	-0.037060
4802	-0.032275	-0.015087	-0.039241
4803	-0.035159	-0.017607	-0.041005
4804	-0.037561	-0.004719	-0.038552
4805	-0.041598	0.000089	-0.043528
4806	-0.053840	-0.000513	-0.037374
4807	-0.056937	0.001312	-0.028886
4808	-0.059965	-0.008765	-0.021181
4809	-0.062698	-0.009609	-0.015426
4810	-0.063016	-0.012763	-0.009720
4811	-0.066002	-0.023945	-0.003144
4812	-0.068789	-0.029094	0.011580
4813	-0.062068	-0.010858	0.019067
4814	-0.064805	-0.003127	0.023905
4815	-0.069623	0.007845	0.029141
4816	-0.076008	-0.005336	0.036074
4817	-0.077298	-0.022589	0.036904
4818	-0.075848	-0.023314	0.041889
4819	-0.076109	-0.014968	0.038589
4820	-0.076898	-0.007477	0.037726
4821	-0.074785	0.000760	0.034337
4822	-0.071105	0.003228	0.033928
4823	-0.078311	0.005286	0.034237
4824	-0.082580	-0.005233	0.032191
4825	-0.087036	-0.022663	0.037280
4826	-0.093153	-0.015211	0.037957
4827	-0.098353	-0.020681	0.035352
4828	-0.102429	-0.003592	0.031534
4829	-0.105387	-0.001173	0.034249
4830	-0.103244	0.008416	0.031581
4831	-0.097607	-0.006848	0.031842
4832	-0.093633	0.000554	0.034786
4833	-0.089524	0.004044	0.037355
4834	-0.083740	0.000143	0.043331
4835	-0.078269	0.007182	0.042130
4836	-0.069549	-0.002965	0.045082
4837	-0.059362	-0.013641	0.043479
4838	-0.055028	-0.018947	0.036607
4839	-0.046597	-0.018401	0.035985
4840	-0.038975	-0.014344	0.034228
4841	-0.026363	-0.004460	0.037444
4842	-0.016152	-0.012073	0.041166
4843	-0.011668	-0.002018	0.047693
4844	-0.004712	0.012359	0.046871
4845	-0.001840	-0.023030	0.045691
4846	0.000508	-0.036509	0.036528
4847	0.001114	-0.004208	0.031435
4848	-0.003280	0.014496	0.034716
4849	0.001155	-0.001101	0.033831
4850	0.006759	-0.015249	0.030944
4851	0.006139	-0.015288	0.026955
4852	0.010551	-0.030349	0.025967
4853	0.017483	-0.016949	0.030311
4854	0.015416	-0.006839	0.033136
4855	0.017659	-0.012981	0.039644
4856	0.023169	0.012652	0.040530
4857	0.023591	0.001934	0.044035
4858	0.023394	-0.001682	0.050635
4859	0.013919	0.018146	0.046899
4860	0.008983	0.024035	0.045103
4861	0.002968	0.004023	0.042619
4862	-0.004862	-0.011055	0.037726
4863	-0.017668	-0.002503	0.041432
4864	-0.028039	0.003581	0.037200
4865	-0.037497	0.019922	0.037388
4866	-0.050869	-0.001858	0.033238
4867	-0.062097	-0.005266	0.030177
4868	-0.068397	0.018865	0.023484
4869	-0.072432	0.002285	0.025077
4870	-0.076538	-0.012769	0.022458
4871	-0.077468	-0.016383	0.019931
4872	-0.076645	-0.014621	0.013297
4873	-0.070907	-0.022832	0.016369
4874	-0.064590	-0.018606	0.012750
4875	-0.063256	-0.010433	0.006351
4876	-0.062109	0.001271	-0.000907
4877	-0.065803	-0.001745	-0.005800
4878	-0.065467	-0.001864	-0.004166
4879	-0.055542	-0.012867	-0.000687
4880	-0.044498	0.009701	0.008060
4881	-0.035452	0.014708	0.013365
4882	-0.032645	0.013134	0.014143
4883	-0.031004	0.024825	0.019683
4884	-0.026189	0.012051	0.025317
4885	-0.020391	0.001173	0.025468
4886	-0.016204	0.007403	0.029313
4887	-0.016059	-0.012952	0.032447
4888	-0.011857	0.004339	0.031043
4889	-0.008526	0.008639	0.029524
4890	-0.004877	0.031105	0.029380
4891	-0.004415	0.014336	0.025268
4892	-0.003484	0.048995	0.021975
4893	-0.001617	-0.002214	0.012842
4894	-0.009769	0.008040	0.014083
4895	-0.012473	0.006950	0.010693
4896	-0.009994	0.010997	0.015519
4897	-0.004320	0.012276	0.019376
4898	-0.002676	0.014354	0.024124
4899	-0.007054	-0.003171	0.027858
4900	-0.009522	-0.015242	0.027004
4901	-0.008329	-0.000842	0.024110
4902	-0.006366	-0.009541	0.021152
4903	0.001972	-0.002836	0.017366
4904	0.005896	-0.007168	0.020545
4905	0.003672	0.000942	0.017407
4906	0.009528	0.002350	0.016843
4907	0.008376	-0.000442	0.012168
4908	0.011096	-0.012149	0.006604
4909	0.005294	0.000551	0.006215
4910	0.001793	-0.004788	0.004448
4911	-0.002101	-0.022106	0.001821
4912	-0.003338	-0.030474	-0.004154
4913	-0.010262	-0.010762	-0.008753
4914	-0.010402	-0.000865	-0.006112
4915	-0.017264	0.001307	-0.002804
4916	-0.019001	0.010351	-0.001464
4917	-0.017676	0.016613	0.001464
4918	-0.016628	0.003533	0.001757
4919	-0.010752	-0.002501	-0.000759
4920	0.002091	0.014970	-0.006301
4921	0.013842	-0.003980	-0.008014
4922	0.018928	0.008245	-0.006733
4923	0.025006	0.005104	-0.003426
4924	0.035123	-0.025250	-0.002132
4925	0.046860	-0.017023	-0.002629
4926	0.053458	-0.046083	-0.003500
4927	0.051534	-0.027082	-0.000185
4928	0.055506	-0.014417	-0.001130
4929	0.055604	-0.003165	0.001723
4930	0.057443	-0.022766	0.005531
4931	0.057801	-0.007162	0.008405
4932	0.052837	-0.028128	0.009478
4933	0.051108	-0.028944	0.015080
4934	0.044634	-0.007730	0.020526
4935	0.031850	0.016924	0.018883
4936	0.023653	0.031579	0.021332
4937	0.020489	0.014583	0.023536
4938	0.019075	-0.010478	0.022046
4939	0.020314	-0.019989	0.021445
4940	0.025005	-0.033446	0.026291
4941	0.025745	-0.050324	0.033005
4942	0.022813	-0.020771	0.035762
4943	0.023818	-0.026300	0.033241
4944	0.027655	-0.040911	0.037131
4945	0.029059	-0.016803	0.045121
4946	0.028298	-0.026530	0.042305
4947	0.031253	-0.000445	0.046127
4948	0.027832	0.002738	0.048384
4949	0.033691	0.001798	0.052503
4950	0.038268	0.003493	0.056274
4951	0.044258	0.001428	0.058466
4952	0.053108	0.012996	0.057703
4953	0.060320	0.021292	0.064396
4954	0.069252	0.029519	0.062133
4955	0.074935	0.000782	0.067007
4956	0.069439	0.014947	0.064809
4957	0.055117	0.004566	0.062978
4958	0.044539	0.006846	0.062091
4959	0.033425	0.006633	0.060853
4960	0.024283	0.012593	0.056980
4961	0.023210	-0.006701	0.053043
4962	0.020819	-0.001492	0.056164
4963	0.010680	0.030739	0.054135
4964	0.009541	0.013397	0.053341
4965	0.006556	0.014287	0.050729
4966	0.002924	0.021433	0.046590
4967	-0.004002	0.025919	0.043558
4968	-0.008679	-0.000702	0.035383
4969	-0.007259	-0.012627	0.033254
4970	-0.003090	-0.001438	0.027857
4971	-0.001034	0.002369	0.029089
4972	-0.003966	-0.016672	0.019133
4973	-0.009409	-0.000458	0.011015
4974	-0.008595	-0.013360	0.007447
4975	-0.007096	-0.009794	0.000932
4976	-0.004889	0.012881	-0.007449
4977	-0.006560	0.012316	-0.013014
4978	-0.008790	0.011720	-0.012505
4979	-0.007044	0.004336	-0.011504
4980	-0.009600	-0.005037	-0.014895
4981	-0.012020	0.003283	-0.011222
4982	-0.014829	0.006328	-0.017399
4983	-0.008105	-0.014665	-0.010084
4984	-0.002417	-0.008544	-0.006060
4985	-0.004326	-0.014028	-0.002809
4986	-0.007749	0.011853	-0.000603
4987	-0.001085	-0.005402	0.003073
4988	0.002799	0.006901	0.008578
4989	0.007602	0.008071	0.014270
4990	0.012135	-0.008759	0.017232
4991	0.003275	-0.011041	0.020406
4992	-0.001748	0.020078	0.019539
4993	-0.006153	0.012034	0.017583
4994	-0.010384	0.003041	0.023471
4995	-0.013482	0.017614	0.025045
4996	-0.010234	0.012362	0.033493
4997	-0.005539	0.010702	0.033111
4998	0.002062	0.004359	0.030091
4999	0.009622	0.008553	0.030167
5000	0.017927	0.004157	0.024728
5001	0.030284	0.004498	0.020525
5002	0.031288	0.012867	0.019406
5003	0.036290	0.014795	0.024711
5004	0.038876	0.017983	0.026666
5005	0.038804	0.001323	0.032731
5006	0.038665	-0.004287	0.034737
5007	0.035214	0.011057	0.037402
5008	0.033451	0.007044	0.042915
5009	0.027715	-0.015105	0.042246
5010	0.021158	-0.015171	0.047996
5011	0.019476	-0.006406	0.055157
5012	0.017627	-0.010258	0.061122
5013	0.013158	-0.002551	0.071382
5014	0.008591	-0.012278	0.076280
5015	0.004230	-0.019760	0.072764
5016	-0.002336	-0.008555	0.071523
5017	-0.006142	0.008229	0.068991
5018	-0.008819	0.009173	0.063033
5019	-0.002209	0.001675	0.061693
5020	-0.001198	0.012810	0.058570
5021	0.002559	-0.002401	0.061153
5022	0.013229	0.008972	0.057159
5023	0.017071	0.018565	0.056829
5024	0.024880	0.010223	0.049418
5025	0.036429	0.012376	0.049100
5026	0.041251	-0.008195	0.055342
5027	0.046705	-0.017888	0.057679
5028	0.049626	-0.012749	0.054332
5029	0.054532	-0.008005	0.048636
5030	0.055132	-0.011102	0.042391
5031	0.064504	0.014737	0.036645
5032	0.070246	0.018943	0.026235
5033	0.074160	0.002875	0.013916
5034	0.072177	-0.008229	0.010092
5035	0.073361	-0.005769	0.000105
5036	0.074503	0.012336	-0.005265
5037	0.068499	0.028740	-0.006313
5038	0.062321	0.012817	-0.004326
5039	0.050452	-0.004960	-0.003096
5040	0.047630	-0.006628	-0.008865
5041	0.046569	-0.008041	-0.007739
5042	0.043371	0.005284	-0.000572
5043	0.042685	0.012487	0.005518
5044	0.042545	0.041182	0.001539
5045	0.036480	0.013635	-0.001478
5046	0.037427	0.009608	-0.003467
5047	0.040198	-0.015668	0.004052
5048	0.040560	-0.027005	0.003922
5049	0.040634	-0.019183	0.005768
5050	0.040840	0.006434	0.007352
5051	0.031452	-0.013953	0.010023
5052	0.025640	-0.011669	0.014037
5053	0.016652	-0.020579	0.011580
5054	0.008083	-0.010755	0.013534
5055	0.001228	-0.026322	0.020446
5056	0.000226	-0.025920	0.029624
5057	-0.007926	-0.017966	0.040910
5058	-0.001935	-0.041383	0.049665
5059	-0.001593	-0.048633	0.058832
5060	0.006673	-0.052863	0.061237
5061	0.009089	-0.023212	0.064912
5062	0.013918	-0.018658	0.063250
5063	0.013933	-0.015462	0.062980
5064	0.011903	-0.028131	0.059690
5065	0.009117	-0.009847	0.058305
5066	0.006847	-0.003543	0.055931
5067	0.012281	-0.009750	0.056430
5068	0.012786	-0.003127	0.059244
5069	0.020527	0.006305	0.061676
5070	0.016617	-0.016334	0.062751
5071	0.014318	-0.007197	0.066412
5072	0.015109	-0.000659	0.063526
5073	0.013887	0.033434	0.062449
5074	0.009079	0.020943	0.061760
5075	0.002815	0.022872	0.058287
5076	-0.005578	0.004756	0.054076
5077	-0.005600	0.002332	0.055315
5078	-0.003539	-0.007082	0.054087
5079	-0.005009	-0.010314	0.055533
5080	-0.012422	-0.009186	0.056881
5081	-0.012873	-0.009406	0.056414
5082	-0.011527	0.009262	0.058596
5083	-0.010415	0.017840	0.060035
5084	0.000604	0.022107	0.065586
5085	0.014038	0.026798	0.069181
5086	0.025217	0.021052	0.066194
5087	0.025007	0.011248	0.066767
5088	0.024494	0.010210	0.069101
5089	0.033793	0.013559	0.068297
5090	0.040479	0.013263	0.069274
5091	0.046772	0.011476	0.065493
5092	0.049782	0.007810	0.061298
5093	0.048267	0.008705	0.052705
5094	0.046374	-0.010877	0.039994
5095	0.042073	-0.026210	0.032860
5096	0.043020	-0.021596	0.026902
5097	0.044005	-0.042858	0.021350
5098	0.041388	-0.026026	0.019251
5099	0.042635	-0.027427	0.010961
5100	0.044089	-0.013100	0.002759
5101	0.044549	-0.014217	-0.002385
5102	0.046873	-0.016901	-0.011398
5103	0.045215	-0.015076	-0.016547
5104	0.042732	-0.026772	-0.024729
5105	0.035922	-0.017722	-0.030345
5106	0.035297	-0.031934	-0.041595
5107	0.033705	-0.030921	-0.050393
5108	0.028563	-0.005360	-0.048505
5109	0.023708	-0.003720	-0.044398
5110	0.014872	0.011990	-0.036107
5111	0.003931	-0.003727	-0.029987
5112	-0.005093	-0.006308	-0.016294
5113	-0.009564	-0.002021	-0.015358
5114	-0.009638	-0.011890	-0.010555
5115	-0.013479	-0.024234	-0.001551
5116	-0.020738	0.006074	0.004121
5117	-0.017777	0.037590	0.015847
5118	-0.016225	0.016733	0.023649
5119	-0.008283	0.033098	0.030669
5120	0.002961	0.036410	0.036179
5121	0.009953	0.010228	0.042315
5122	0.010983	-0.010253	0.049264
5123	0.016578	-0.000556	0.053302
5124	0.019197	-0.007379	0.054579
5125	0.023353	-0.007085	0.057392
5126	0.026055	0.003681	0.057111
5127	0.027497	0.001124	0.061875
5128	0.025259	-0.019228	0.062352
5129	0.019106	-0.010633	0.055367
5130	0.016933	-0.009931	0.047751
5131	0.017383	-0.000646	0.047680
5132	0.020035	-0.001811	0.042274
5133	0.014307	-0.021320	0.038879
5134	0.012501	-0.009465	0.031692
5135	0.015598	-0.014016	0.031420
5136	0.012866	0.002099	0.029656
5137	0.016824	-0.004242	0.020995
5138	0.019773	-0.002243	0.013552
5139	0.013490	0.001207	0.010887
5140	0.011914	0.009468	0.007103
5141	0.005134	0.009168	0.005561
5142	-0.006569	-0.012027	-0.004595
5143	-0.009420	-0.007429	-0.010126
5144	-0.009723	-0.001174	-0.007531
5145	-0.013782	0.002143	-0.009622
5146	-0.020432	0.012933	-0.006055
5147	-0.022066	-0.001966	-0.007151
5148	-0.013537	0.023943	-0.008169
5149	-0.019433	0.014544	-0.003957
5150	-0.024504	-0.002104	-0.000400
5151	-0.025532	0.010936	0.008807
5152	-0.027013	0.009818	0.010328
5153	-0.029757	0.012362	0.015656
5154	-0.032296	-0.000459	0.014177
5155	-0.028949	0.004355	0.015816
5156	-0.027819	0.010203	0.012972
5157	-0.029289	0.002549	0.008768
5158	-0.027764	0.007366	0.006197
5159	-0.022414	-0.014404	0.007208
5160	-0.019684	-0.008840	0.003931
5161	-0.010255	-0.020405	0.003695
5162	-0.006238	-0.029535	-0.002272
5163	-0.002859	-0.026001	-0.009085
5164	-0.003223	-0.028132	-0.013091
5165	0.000998	-0.047909	-0.020486
5166	0.006730	-0.014501	-0.025960
5167	0.005286	-0.033621	-0.025804
5168	0.001930	-0.037750	-0.024801
5169	-0.001926	-0.025134	-0.025959
5170	-0.008855	0.016783	-0.024200
5171	-0.012657	0.014259	-0.015729
5172	-0.014405	0.008075	-0.010225
5173	-0.017006	0.003646	-0.007969
5174	-0.015240	-0.013769	-0.002284
5175	-0.017193	-0.019651	0.004800
5176	-0.010350	-0.013782	0.006737
5177	-0.006626	-0.028239	0.012665
5178	-0.001448	-0.026421	0.021100
5179	-0.003465	-0.012618	0.027437
5180	-0.006551	-0.017887	0.035136
5181	-0.001843	-0.022144	0.024752
5182	0.005400	-0.016443	0.025559
5183	0.008248	-0.022032	0.029807
5184	0.012047	-0.025440	0.030937
5185	0.012200	-0.006617	0.028629
5186	0.013053	0.002441	0.029881
5187	0.014722	-0.007001	0.031942
5188	0.012297	0.003470	0.032831
5189	0.021180	0.009216	0.029839
5190	0.024821	0.005680	0.021394
5191	0.024604	0.006771	0.021764
5192	0.026173	0.002688	0.019963
5193	0.025850	0.005336	0.023671
5194	0.024224	0.006877	0.026308
5195	0.023753	0.004101	0.027865
5196	0.021752	-0.006844	0.034544
5197	0.018312	0.007082	0.037393
5198	0.010481	0.011851	0.037836
5199	0.007534	-0.009219	0.041847
5200	-0.003870	-0.027134	0.043222
5201	-0.012179	-0.011589	0.045401
5202	-0.014881	-0.019050	0.041979
5203	-0.010317	0.013045	0.042613
5204	-0.006169	-0.014882	0.042008
5205	-0.001641	-0.015691	0.040778
5206	0.002822	-0.014815	0.037626
5207	0.002742	-0.008292	0.034245
5208	0.002487	-0.019709	0.026568
5209	0.000517	-0.032148	0.023155
5210	-0.000931	-0.025496	0.016578
5211	0.002360	-0.012612	0.018722
5212	0.001986	-0.036266	0.013974
5213	0.000031	-0.015282	0.016252
5214	-0.005242	-0.008968	0.018358
5215	0.001384	0.002952	0.016292
5216	0.008266	0.016504	0.016360
5217	0.010705	0.005381	0.019130
5218	0.012546	0.008972	0.020040
5219	0.016171	0.005365	0.021562
5220	0.021662	0.001138	0.017648
5221	0.023914	0.005824	0.016791
5222	0.025556	0.002321	0.015119
5223	0.014982	-0.001469	0.020155
5224	0.007160	-0.010310	0.021195
5225	0.004600	-0.009568	0.019470
5226	0.013508	-0.019431	0.018630
5227	0.014512	0.019524	0.010685
5228	0.011474	0.020536	0.003115
5229	0.008908	0.014612	-0.009146
5230	0.013887	0.009887	-0.016194
5231	0.017345	-0.004021	-0.027663
5232	0.021453	0.004143	-0.033492
5233	0.023704	0.012544	-0.039833
5234	0.017585	-0.002995	-0.049275
5235	0.011583	0.021154	-0.050788
5236	0.008837	0.028374	-0.057179
5237	0.001862	0.004263	-0.066046
5238	-0.004208	-0.015287	-0.073117
5239	-0.003550	0.010312	-0.083366
5240	-0.003022	0.008209	-0.085577
5241	-0.000197	-0.026886	-0.082410
5242	-0.004300	-0.006172	-0.085340
5243	-0.001127	0.001206	-0.089440
5244	-0.004893	0.003238	-0.089746
5245	-0.016357	-0.007334	-0.086130
5246	-0.022203	-0.006676	-0.080673
5247	-0.024861	-0.005317	-0.077877
5248	-0.033129	-0.007373	-0.073962
5249	-0.025369	-0.018953	-0.076211
5250	-0.029127	-0.014246	-0.078158
5251	-0.026707	-0.005905	-0.078866
5252	-0.019697	-0.010621	-0.075564
5253	-0.017159	-0.010418	-0.072455
5254	-0.014413	-0.008017	-0.070327
5255	-0.020005	-0.007111	-0.068090
5256	-0.022920	-0.009214	-0.065171
5257	-0.025871	-0.010523	-0.066958
5258	-0.032073	-0.018683	-0.068513
5259	-0.031915	-0.008200	-0.068182
5260	-0.033369	-0.011117	-0.068450
5261	-0.033409	0.009242	-0.063443
5262	-0.033351	-0.004353	-0.061887
5263	-0.042169	0.004929	-0.054527
5264	-0.047262	0.000517	-0.047622
5265	-0.053802	0.019655	-0.043410
5266	-0.051852	0.025023	-0.034397
5267	-0.046641	0.022560	-0.029035
5268	-0.049313	0.016151	-0.028430
5269	-0.047391	0.034749	-0.033431
5270	-0.047033	0.034777	-0.036702
5271	-0.047305	0.038751	-0.039208
5272	-0.047613	0.023202	-0.043186
5273	-0.043904	0.018783	-0.041519
5274	-0.043913	0.010963	-0.044821
5275	-0.049784	-0.007856	-0.053454
5276	-0.059814	-0.005914	-0.057132
5277	-0.066357	-0.030632	-0.060844
5278	-0.065073	-0.019528	-0.071037
5279	-0.068183	0.004622	-0.073825
5280	-0.076506	0.000108	-0.075065
5281	-0.073278	-0.016106	-0.070918
5282	-0.071085	0.005791	-0.071028
5283	-0.067781	-0.009212	-0.073370
5284	-0.064492	-0.007138	-0.076716
5285	-0.066159	-0.044203	-0.078193
5286	-0.070152	0.002988	-0.078405
5287	-0.072888	0.000612	-0.087442
5288	-0.066759	0.021350	-0.091747
5289	-0.063581	0.008184	-0.092468
5290	-0.060288	-0.014614	-0.095409
5291	-0.059869	-0.045611	-0.094774
5292	-0.057890	-0.018579	-0.086722
5293	-0.061891	-0.023975	-0.077888
5294	-0.071029	-0.019134	-0.070526
5295	-0.076263	-0.014277	-0.068069
5296	-0.072653	0.012773	-0.060978
5297	-0.071541	0.013304	-0.062932
5298	-0.071077	0.024454	-0.064460
5299	-0.070324	0.003146	-0.063535
5300	-0.076698	0.022012	-0.057990
5301	-0.084856	0.010484	-0.052432
5302	-0.085273	0.017816	-0.043072
5303	-0.084302	0.009145	-0.039068
5304	-0.082840	-0.002029	-0.029998
5305	-0.086081	-0.000469	-0.026355
5306	-0.087252	-0.020021	-0.022671
5307	-0.084631	-0.006490	-0.019779
5308	-0.074718	-0.014016	-0.020845
5309	-0.070940	0.001675	-0.017013
5310	-0.069538	-0.002986	-0.023365
5311	-0.068062	0.024944	-0.031980
5312	-0.066811	-0.002096	-0.039004
5313	-0.059612	-0.012285	-0.044110
5314	-0.055816	-0.002139	-0.045975
5315	-0.051953	-0.001525	-0.049310
5316	-0.042562	-0.009198	-0.053067
5317	-0.033641	-0.008834	-0.053669
5318	-0.028767	-0.009073	-0.052701
5319	-0.027527	0.010973	-0.058206
5320	-0.023416	0.010286	-0.061326
5321	-0.017116	-0.010218	-0.065871
5322	-0.018854	-0.000100	-0.070201
5323	-0.018802	0.022723	-0.077235
5324	-0.018633	0.025416	-0.081564
5325	-0.019225	-0.008249	-0.085594
5326	-0.025501	0.009689	-0.084917
5327	-0.035685	0.022712	-0.086752
5328	-0.039960	0.001909	-0.087478
5329	-0.042533	-0.023015	-0.087939
5330	-0.040166	-0.011182	-0.085904
5331	-0.030331	-0.020084	-0.084601
5332	-0.023819	0.003591	-0.084734
5333	-0.017979	0.026252	-0.089437
5334	-0.016216	0.018361	-0.090301
5335	-0.023097	0.022779	-0.089686
5336	-0.032890	0.037132	-0.090961
5337	-0.041543	0.018015	-0.087603
5338	-0.048341	0.004274	-0.089174
5339	-0.049239	0.010284	-0.091505
5340	-0.053662	0.001814	-0.087311
5341	-0.054750	0.005292	-0.078888
5342	-0.054234	-0.002354	-0.076007
5343	-0.050502	0.004528	-0.068591
5344	-0.048741	0.005479	-0.064996
5345	-0.049969	0.009124	-0.063317
5346	-0.047604	-0.006840	-0.064716
5347	-0.037589	0.003723	-0.068078
5348	-0.030294	0.021907	-0.072568
5349	-0.021006	0.031594	-0.070690
5350	-0.015504	0.015322	-0.069089
5351	-0.005599	0.024329	-0.072523
5352	0.004536	0.033928	-0.075473
5353	0.009498	0.020459	-0.068756
5354	0.014340	0.015182	-0.061922
5355	0.014879	0.031788	-0.051900
5356	0.016443	0.015295	-0.048827
5357	0.015324	0.003160	-0.041981
5358	0.020097	0.014379	-0.035630
5359	0.028624	0.006159	-0.032596
5360	0.023498	-0.005315	-0.030245
5361	0.020729	0.004149	-0.027764
5362	0.016038	0.004246	-0.033805
5363	0.016736	0.020474	-0.036038
5364	0.011666	0.009568	-0.039301
5365	0.008990	0.002744	-0.036746
5366	0.012258	0.010904	-0.033677
5367	0.018033	-0.000115	-0.027950
5368	0.026299	-0.009829	-0.023710
5369	0.021583	-0.014809	-0.023914
5370	0.017320	-0.007965	-0.023867
5371	0.015370	-0.024100	-0.022810
5372	0.017951	0.003848	-0.023096
5373	0.022549	-0.017936	-0.018895
5374	0.023326	-0.021787	-0.019558
5375	0.027641	-0.011495	-0.019382
5376	0.033650	-0.008428	-0.023534
5377	0.031806	-0.017987	-0.026309
5378	0.032384	0.005258	-0.029271
5379	0.031197	-0.018061	-0.027007
5380	0.031925	0.000415	-0.027805
5381	0.031369	0.003475	-0.034348
5382	0.031942	0.015500	-0.039755
5383	0.028804	0.021979	-0.047432
5384	0.029326	0.000731	-0.050921
5385	0.031551	0.016704	-0.055136
5386	0.027226	0.003255	-0.054232
5387	0.026315	-0.006085	-0.051787
5388	0.020246	0.002532	-0.049842
5389	0.021475	0.003541	-0.048267
5390	0.023619	0.007826	-0.052742
5391	0.037224	0.017250	-0.048557
5392	0.045754	-0.013172	-0.051123
5393	0.054324	-0.035509	-0.050021
5394	0.058910	-0.028972	-0.048036
5395	0.062063	0.008967	-0.044885
5396	0.061491	0.031355	-0.041336
5397	0.061754	0.004395	-0.037887
5398	0.058494	-0.004189	-0.032847
5399	0.055022	-0.007619	-0.030214
5400	0.049707	-0.016677	-0.017475
5401	0.050739	0.002836	-0.008838
5402	0.053509	0.018671	0.002613
5403	0.063020	0.004186	0.007403
5404	0.065386	0.018343	0.014279
5405	0.067350	0.002587	0.021949
5406	0.060595	-0.003440	0.024320
5407	0.047834	0.006986	0.033490
5408	0.044034	-0.016455	0.037516
5409	0.046332	-0.020059	0.041998
5410	0.047629	-0.000439	0.044566
5411	0.051156	0.016266	0.051481
5412	0.057545	0.000147	0.059781
5413	0.060362	-0.009476	0.058847
5414	0.057818	0.013647	0.062322
5415	0.055052	0.014520	0.067318
5416	0.048058	0.020148	0.071284
5417	0.046450	-0.003325	0.078387
5418	0.045345	0.003303	0.082964
5419	0.051639	0.015602	0.088640
5420	0.049858	0.009639	0.093771
5421	0.047000	-0.003857	0.101322
5422	0.047330	0.001902	0.106026
5423	0.045754	0.006700	0.109952
5424	0.036843	0.004422	0.114453
5425	0.034865	0.007656	0.124178
5426	0.036827	-0.013561	0.123245
5427	0.034319	-0.020718	0.126754
5428	0.031958	0.003371	0.127888
5429	0.028812	0.009723	0.124898
5430	0.022254	-0.005019	0.128458
5431	0.017340	0.021712	0.132517
5432	0.014642	0.003580	0.134238
5433	0.014096	0.005136	0.141342
5434	0.011768	0.003849	0.141048
5435	0.011101	-0.002844	0.146779
5436	0.012243	0.012915	0.149638
5437	0.020066	-0.004056	0.151122
5438	0.022923	-0.001165	0.153851
5439	0.014183	-0.006329	0.159726
5440	0.005378	0.008463	0.156144
5441	0.004511	-0.003563	0.152328
5442	0.005528	0.002573	0.143093
5443	0.008167	-0.006476	0.140370
5444	0.017406	0.016300	0.137789
5445	0.016435	0.003215	0.133460
5446	0.015711	-0.003004	0.128901
5447	0.018077	0.003745	0.128775
5448	0.019493	-0.002789	0.125287
5449	0.022120	0.008811	0.126872
5450	0.021882	0.034414	0.123392
5451	0.014242	0.034470	0.116199
5452	0.007343	0.006438	0.111036
5453	0.003927	0.012006	0.106475
5454	0.000408	0.011686	0.093460
5455	-0.001296	0.005726	0.080826
5456	-0.004784	-0.007387	0.071934
5457	-0.006723	-0.008511	0.067733
5458	-0.005896	0.003737	0.066205
5459	-0.008482	-0.000419	0.062997
5460	-0.005342	0.015121	0.062623
5461	0.000418	0.006693	0.059803
5462	0.004621	-0.002237	0.058130
5463	0.015506	0.017286	0.057599
5464	0.026939	0.032696	0.060883
5465	0.039860	0.031464	0.067923
5466	0.050746	0.021890	0.070074
5467	0.059890	0.015638	0.070573
5468	0.065506	-0.000980	0.071786
5469	0.069795	0.000075	0.069044
5470	0.073075	0.010898	0.064577
5471	0.076352	-0.001544	0.062759
5472	0.080608	0.019242	0.056790
5473	0.081961	-0.004129	0.052215
5474	0.075494	0.019858	0.051540
5475	0.071378	0.022330	0.046423
5476	0.070802	0.015516	0.047616
5477	0.071702	0.042603	0.045661
5478	0.062741	0.012285	0.046916
5479	0.050019	0.014152	0.055158
5480	0.052019	0.017024	0.054983
5481	0.048507	0.025715	0.058264
5482	0.047313	-0.002022	0.060313
5483	0.044583	-0.010226	0.063883
5484	0.049010	0.000972	0.065398
5485	0.048167	-0.017818	0.062990
5486	0.044231	-0.005114	0.069079
5487	0.044317	0.008491	0.072816
5488	0.037914	-0.013628	0.078972
5489	0.028183	0.006973	0.084552
5490	0.014924	-0.002191	0.087863
5491	0.007736	0.002035	0.093634
5492	0.003868	-0.020262	0.095104
5493	0.003747	-0.010050	0.093465
5494	0.001159	0.001307	0.092869
5495	-0.003013	0.000332	0.090572
5496	-0.009732	-0.021495	0.095154
5497	-0.020598	0.001455	0.100434
5498	-0.025510	0.015359	0.098066
5499	-0.029848	0.017473	0.102833
5500	-0.032419	0.013903	0.103922
5501	-0.031836	0.010003	0.102812
5502	-0.037813	-0.002816	0.099563
5503	-0.036281	-0.013177	0.097687
5504	-0.033623	-0.016598	0.099564
5505	-0.040785	-0.000407	0.100243
5506	-0.044902	-0.010454	0.104648
5507	-0.046482	0.011065	0.096677
5508	-0.049823	0.015501	0.097052
5509	-0.051615	0.009167	0.090659
5510	-0.051355	0.008963	0.088805
5511	-0.046026	0.006053	0.084158
5512	-0.037539	-0.011651	0.078744
5513	-0.022995	-0.003296	0.074158
5514	-0.009108	0.016772	0.078840
5515	-0.001150	0.015881	0.075731
5516	-0.000559	0.042368	0.078282
5517	0.005115	0.042907	0.069142
5518	0.009878	0.044738	0.075433
5519	0.018096	0.001026	0.075933
5520	0.021697	0.009409	0.077029
5521	0.026590	0.021458	0.080257
5522	0.031529	0.027000	0.083527
5523	0.028425	0.046054	0.088013
5524	0.021529	0.047529	0.091614
5525	0.016472	0.039237	0.093991
5526	0.013172	0.014884	0.092256
5527	0.013555	0.010062	0.087429
5528	0.009871	-0.009819	0.081978
5529	0.011802	-0.017209	0.083337
5530	0.017521	0.003055	0.083984
5531	0.026201	-0.016735	0.087804
5532	0.033314	-0.006620	0.087914
5533	0.040572	-0.006296	0.085041
5534	0.047023	0.005066	0.085676
5535	0.055030	0.032140	0.082694
5536	0.061121	0.008821	0.075054
5537	0.064335	-0.011427	0.072620
5538	0.066598	-0.043966	0.075782
5539	0.063148	-0.028919	0.081773
5540	0.061149	-0.050967	0.087363
5541	0.062544	-0.018940	0.083138
5542	0.060570	-0.026791	0.084259
5543	0.057311	-0.040127	0.079485
5544	0.054676	-0.033932	0.077174
5545	0.050810	-0.016219	0.077813
5546	0.039978	-0.028404	0.073608
5547	0.022919	-0.014655	0.072209
5548	0.005674	-0.005372	0.068745
5549	-0.008259	-0.021359	0.066421
5550	-0.017712	-0.012365	0.069451
5551	-0.023692	-0.018275	0.074196
5552	-0.021742	-0.024873	0.074450
5553	-0.022270	-0.018920	0.075354
5554	-0.022221	-0.019416	0.070699
5555	-0.020295	-0.018869	0.059085
5556	-0.014425	-0.023190	0.053060
5557	-0.006760	0.008944	0.041751
5558	-0.002473	0.028592	0.033321
5559	-0.003391	0.000467	0.032362
5560	-0.006019	0.014351	0.030177
5561	-0.006467	0.024513	0.026195
5562	-0.000898	-0.001521	0.015474
5563	0.003534	0.022275	0.011487
5564	0.005986	0.011451	0.002737
5565	0.005482	0.018244	-0.004222
5566	0.005924	0.011936	-0.011987
5567	0.008245	0.019632	-0.020962
5568	0.005614	0.031342	-0.031611
5569	0.005814	0.017959	-0.037918
5570	0.006459	0.002187	-0.042626
5571	0.006526	-0.044735	-0.044580
5572	0.007999	-0.020759	-0.045725
5573	0.007112	-0.013788	-0.056632
5574	0.007362	-0.018934	-0.069007
5575	0.005123	-0.001132	-0.074319
5576	0.004236	0.003483	-0.074821
5577	0.001628	0.016887	-0.073683
5578	0.003764	0.001201	-0.080549
5579	0.005834	0.000092	-0.083454
5580	0.008811	-0.013641	-0.087822
5581	0.013566	-0.024961	-0.090050
5582	0.014907	-0.016789	-0.096124
5583	0.015971	-0.009559	-0.106807
5584	0.016422	-0.007857	-0.121606
5585	0.011099	-0.018544	-0.123625
5586	0.013214	-0.029346	-0.124546
5587	0.015647	-0.023643	-0.125723
5588	0.015768	0.000603	-0.123120
5589	0.015870	-0.000991	-0.122498
5590	0.019432	0.018490	-0.120932
5591	0.024083	0.011733	-0.121492
5592	0.027031	0.014145	-0.115905
5593	0.025254	0.002422	-0.110016
5594	0.020280	0.022510	-0.102657
5595	0.020494	0.037090	-0.099670
5596	0.019841	0.025021	-0.092515
5597	0.012504	-0.008023	-0.086662
5598	0.013573	-0.000001	-0.080686
5599	0.018756	0.011715	-0.077363
5600	0.021157	0.008124	-0.072038
5601	0.022638	0.031586	-0.067161
5602	0.030168	0.041460	-0.058620
5603	0.039316	0.022758	-0.054436
5604	0.042146	0.019331	-0.052627
5605	0.044258	0.017880	-0.051868
5606	0.042064	-0.008646	-0.045124
5607	0.036928	-0.027785	-0.034674
5608	0.035737	0.001143	-0.026079
5609	0.036768	-0.012055	-0.026518
5610	0.039231	-0.003343	-0.025798
5611	0.039266	0.025457	-0.025807
5612	0.035120	0.016108	-0.019766
5613	0.030296	-0.000267	-0.017689
5614	0.027021	-0.003827	-0.011611
5615	0.026025	-0.011409	-0.011642
5616	0.031439	-0.010567	-0.010696
5617	0.022696	0.010988	-0.006944
5618	0.025214	0.021145	-0.006573
5619	0.028149	0.036693	-0.008589
5620	0.028543	0.011899	-0.007760
5621	0.022578	0.001806	-0.005259
5622	0.020094	0.004627	-0.000022
5623	0.017073	0.004587	0.000067
5624	0.017435	0.005599	0.007189
5625	0.012524	-0.003072	0.014435
5626	0.017075	0.009493	0.018540
5627	0.019118	0.021858	0.022709
5628	0.029687	0.022772	0.023118
5629	0.036323	0.050734	0.024602
5630	0.035186	0.049626	0.025314
5631	0.033759	0.042340	0.023331
5632	0.035367	0.036381	0.025354
5633	0.034038	0.018727	0.026276
5634	0.038145	0.017502	0.020330
5635	0.038678	0.026141	0.014592
5636	0.039136	0.016050	0.008573
5637	0.034944	0.018947	0.004514
5638	0.030329	0.026813	-0.004168
5639	0.027712	0.019775	-0.010234
5640	0.025561	0.007381	-0.019615
5641	0.029040	-0.005202	-0.023387
5642	0.024368	-0.005027	-0.018528
5643	0.022243	-0.014640	-0.015111
5644	0.023101	-0.017495	-0.011500
5645	0.022244	-0.005788	-0.006597
5646	0.017953	0.000606	-0.004191
5647	0.016597	-0.010190	-0.002700
5648	0.017280	-0.007982	-0.004720
5649	0.015813	-0.013390	-0.008392
5650	0.010091	-0.008958	-0.013567
5651	0.011259	-0.020675	-0.012069
5652	0.013499	-0.015434	-0.012755
5653	0.014641	-0.007899	-0.012374
5654	0.014216	-0.009152	-0.006433
5655	0.013214	0.001922	-0.001852
5656	0.012163	0.008295	0.001147
5657	0.008217	0.020943	0.011901
5658	0.013277	0.012042	0.021126
5659	0.017871	-0.007473	0.025370
5660	0.021655	-0.000273	0.021439
5661	0.025318	-0.015680	0.025362
5662	0.023526	-0.016412	0.024816
5663	0.025196	0.005120	0.026594
5664	0.025705	-0.000880	0.024835
5665	0.024907	-0.003030	0.021382
5666	0.026695	0.018155	0.017086
5667	0.027307	0.019050	0.013953
5668	0.037161	0.036942	0.007590
5669	0.037962	0.041571	-0.003274
5670	0.036113	0.033092	-0.008109
5671	0.039614	0.033434	-0.007899
5672	0.035280	0.013585	-0.008904
5673	0.031445	-0.013919	-0.014247
5674	0.030578	-0.009252	-0.012237
5675	0.027784	-0.016328	-0.011893
5676	0.028097	-0.002328	-0.015331
5677	0.018782	0.021886	-0.021327
5678	0.015270	-0.014977	-0.027094
5679	0.016441	-0.001412	-0.030189
5680	0.012928	-0.011903	-0.027450
5681	0.012651	-0.006832	-0.023977
5682	0.022740	-0.011450	-0.025182
5683	0.028157	-0.006889	-0.021733
5684	0.035347	0.016862	-0.023756
5685	0.043637	0.014751	-0.036074
5686	0.049524	0.006057	-0.041490
5687	0.054901	0.026972	-0.037831
5688	0.054037	0.009100	-0.039566
5689	0.054253	0.018025	-0.038204
5690	0.052291	0.032746	-0.031132
5691	0.052151	0.022059	-0.025801
5692	0.048913	0.013815	-0.026273
5693	0.042959	0.008322	-0.024953
5694	0.035109	0.033125	-0.024819
5695	0.035794	0.030248	-0.020818
5696	0.028391	0.025279	-0.026733
5697	0.024030	0.028013	-0.035297
5698	0.024095	0.032961	-0.039257
5699	0.030731	0.032717	-0.035907
5700	0.038226	0.032661	-0.035614
5701	0.039674	0.030428	-0.035562
5702	0.042488	0.042911	-0.032998
5703	0.046190	0.032745	-0.029832
5704	0.051057	0.016363	-0.031087
5705	0.060988	0.019434	-0.030018
5706	0.070119	-0.005762	-0.031855
5707	0.074405	-0.002625	-0.030866
5708	0.074271	0.011909	-0.032698
5709	0.074453	0.011021	-0.035311
5710	0.073917	0.010558	-0.038247
5711	0.068315	0.013345	-0.042081
5712	0.057418	0.003421	-0.043522
5713	0.048948	0.006564	-0.045569
5714	0.045698	0.016090	-0.049734
5715	0.041340	-0.006789	-0.051527
5716	0.045213	0.017901	-0.055339
5717	0.042005	0.013616	-0.059040
5718	0.031090	0.015500	-0.060528
5719	0.020652	-0.006650	-0.060648
5720	0.007418	-0.002264	-0.063225
5721	0.006813	-0.011260	-0.074286
5722	0.002234	0.005751	-0.077513
5723	0.002828	0.019439	-0.075561
5724	-0.006153	0.015964	-0.076461
5725	-0.009989	0.015863	-0.075598
5726	-0.015780	0.001766	-0.082987
5727	-0.018629	-0.008789	-0.084032
5728	-0.013243	-0.007901	-0.082639
5729	-0.009722	0.000286	-0.079360
5730	-0.007552	0.009768	-0.075803
5731	-0.008150	0.008868	-0.074590
5732	-0.006620	-0.011269	-0.068870
5733	-0.009353	-0.008940	-0.064759
5734	-0.010626	-0.024408	-0.062865
5735	-0.007596	-0.036416	-0.060941
5736	-0.005488	-0.022547	-0.054471
5737	-0.010847	-0.024337	-0.054483
5738	-0.019018	-0.013143	-0.046786
5739	-0.022873	-0.002323	-0.046947
5740	-0.018163	-0.003299	-0.051025
5741	-0.022450	0.005446	-0.049130
5742	-0.023501	-0.015862	-0.049236
5743	-0.029706	-0.024853	-0.046026
5744	-0.031354	-0.022829	-0.041714
5745	-0.027549	0.001432	-0.042961
5746	-0.022349	0.007217	-0.042136
5747	-0.020690	0.004015	-0.037993
5748	-0.015148	0.009471	-0.033610
5749	-0.012737	0.004250	-0.027463
5750	-0.004955	-0.006289	-0.022426
5751	0.003166	-0.016991	-0.022259
5752	0.014015	-0.033740	-0.014359
5753	0.021366	-0.015529	-0.006713
5754	0.028466	-0.013166	-0.001635
5755	0.035802	-0.021659	0.005286
5756	0.044353	-0.012702	0.008086
5757	0.044116	0.024095	0.012181
5758	0.041852	0.012007	0.013664
5759	0.046422	-0.009772	0.012853
5760	0.053876	-0.019126	0.018048
5761	0.056352	-0.035128	0.028110
5762	0.056173	-0.028192	0.031279
5763	0.059027	-0.028810	0.037931
5764	0.053070	-0.007252	0.044012
5765	0.047595	-0.002832	0.050537
5766	0.044381	-0.012503	0.052635
5767	0.041174	-0.022726	0.056197
5768	0.038468	-0.014497	0.051935
5769	0.035871	0.002129	0.048415
5770	0.041022	0.011805	0.043647
5771	0.044458	0.025903	0.033062
5772	0.042272	0.010357	0.028704
5773	0.040694	-0.002106	0.028527
5774	0.041102	0.009625	0.026778
5775	0.036871	0.003104	0.031419
5776	0.040000	0.003464	0.029342
5777	0.033345	-0.002031	0.031603
5778	0.029269	0.009066	0.033518
5779	0.023775	0.042332	0.036555
5780	0.017418	0.025043	0.044127
5781	0.008876	0.028395	0.056723
5782	-0.001148	0.035998	0.060251
5783	-0.006564	0.032261	0.063405
5784	-0.011038	0.011976	0.065230
5785	-0.017834	-0.004263	0.066080
5786	-0.016539	0.007771	0.066730
5787	-0.018983	0.014677	0.065750
5788	-0.019775	0.009568	0.066053
5789	-0.017448	0.011242	0.068898
5790	-0.019055	-0.002610	0.069368
5791	-0.018569	-0.005002	0.073659
5792	-0.019734	-0.026955	0.080642
5793	-0.020305	0.000355	0.081831
5794	-0.023606	-0.009553	0.078415
5795	-0.029341	-0.008704	0.078836
5796	-0.032497	-0.006932	0.075540
5797	-0.031562	0.006059	0.068433
5798	-0.026945	0.008486	0.055639
5799	-0.024663	0.014868	0.047843
5800	-0.019587	0.041540	0.039271
5801	-0.014517	0.014762	0.032677
5802	-0.009676	-0.003061	0.030821
5803	-0.012617	0.002580	0.030866
5804	-0.012948	0.009818	0.031701
5805	-0.007593	-0.000643	0.028503
5806	-0.000276	0.017637	0.028541
5807	0.005847	0.012009	0.027666
5808	0.014616	0.014377	0.025135
5809	0.024201	-0.005146	0.023086
5810	0.025651	0.013603	0.022235
5811	0.021985	0.014558	0.026705
5812	0.024740	-0.014014	0.028587
5813	0.025838	-0.025445	0.028882
5814	0.023060	-0.023322	0.025528
5815	0.023867	-0.019585	0.023434
5816	0.024595	-0.015215	0.024087
5817	0.017795	-0.037214	0.021809
5818	0.012828	-0.033046	0.019409
5819	0.010129	-0.015538	0.015636
5820	0.001851	-0.001854	0.013828
5821	-0.002693	-0.008921	0.016728
5822	-0.001593	-0.012402	0.016533
5823	0.004078	-0.015469	0.017196
5824	-0.001731	-0.012159	0.019874
5825	0.000178	0.002926	0.017740
5826	0.000269	-0.004114	0.018548
5827	-0.006255	-0.004228	0.023074
5828	-0.012873	-0.029884	0.024564
5829	-0.014713	-0.026533	0.025080
5830	-0.014370	-0.013958	0.021018
5831	-0.014592	-0.012797	0.021831
5832	-0.009282	-0.006531	0.016971
5833	-0.005877	0.009874	0.008917
5834	-0.001468	0.003430	0.006055
5835	0.007167	0.025079	-0.004879
5836	0.009325	0.026761	-0.012156
5837	0.011673	-0.001536	-0.011772
5838	0.004735	-0.031850	-0.011350
5839	-0.000763	-0.023993	-0.018402
5840	-0.003614	-0.021136	-0.021235
5841	-0.010074	-0.001994	-0.027874
5842	-0.015663	-0.018476	-0.025543
5843	-0.010738	-0.003054	-0.030259
5844	-0.004016	0.011677	-0.031031
5845	-0.008016	-0.009524	-0.031604
5846	-0.000223	-0.006788	-0.032602
5847	0.003000	-0.010883	-0.031183
5848	0.005501	0.004640	-0.029317
5849	0.004424	-0.004673	-0.028068
5850	-0.009202	-0.018522	-0.020367
5851	-0.017724	-0.025550	-0.015085
5852	-0.032201	-0.038842	-0.015356
5853	-0.039640	-0.010308	-0.012533
5854	-0.045940	-0.008704	-0.010239
5855	-0.043405	-0.008781	-0.010476
5856	-0.044320	0.013279	-0.012797
5857	-0.042024	0.006448	-0.013042
5858	-0.039756	0.016027	-0.013781
5859	-0.033478	0.009087	-0.009861
5860	-0.034448	-0.001962	-0.007151
5861	-0.037384	-0.002522	-0.004707
5862	-0.039663	-0.030526	-0.005569
5863	-0.036302	-0.007747	-0.002686
5864	-0.045649	-0.002360	0.006308
5865	-0.050415	0.010829	0.010069
5866	-0.047894	0.000484	0.017655
5867	-0.039703	-0.020475	0.018842
5868	-0.033212	-0.035782	0.025193
5869	-0.030792	-0.021456	0.024522
5870	-0.029490	-0.018251	0.025840
5871	-0.034928	-0.009035	0.025132
5872	-0.037588	-0.032846	0.017469
5873	-0.037484	-0.033473	0.016371
5874	-0.038952	-0.014423	0.019269
5875	-0.043303	-0.004348	0.018386
5876	-0.041503	-0.016323	0.015552
5877	-0.037447	-0.010472	0.018242
5878	-0.042725	-0.004167	0.020741
5879	-0.048548	-0.018977	0.020737
5880	-0.051045	-0.014329	0.016347
5881	-0.057217	-0.027053	0.018914
5882	-0.052901	-0.024362	0.010847
5883	-0.050039	-0.013398	0.008850
5884	-0.046430	0.004175	0.004771
5885	-0.047273	-0.003655	0.004903
5886	-0.043341	-0.009377	0.005984
5887	-0.039393	-0.006900	-0.002118
5888	-0.042150	0.039604	0.000609
5889	-0.041917	0.040957	-0.004496
5890	-0.036186	0.011007	-0.005527
5891	-0.031033	0.001195	-0.002975
5892	-0.028132	-0.006018	0.000704
5893	-0.033321	-0.019710	0.004053
5894	-0.030814	-0.006686	0.007375
5895	-0.033456	0.011818	0.008115
5896	-0.033056	0.007033	0.009490
5897	-0.029894	-0.000011	0.008518
5898	-0.023474	-0.004793	0.009271
5899	-0.023862	0.004818	0.006127
5900	-0.022707	0.002365	0.007289
5901	-0.019220	0.014032	0.014427
5902	-0.022307	0.022961	0.012575
5903	-0.028101	0.012521	0.013969
5904	-0.027290	0.004992	0.023143
5905	-0.017220	0.002142	0.028110
5906	-0.005781	-0.016395	0.036062
5907	0.002953	0.002824	0.042373
5908	0.011903	-0.006428	0.046767
5909	0.017800	-0.020594	0.055518
5910	0.013080	-0.008382	0.056300
5911	0.015139	-0.014990	0.056504
5912	0.012067	-0.006467	0.057826
5913	0.010908	-0.004809	0.059254
5914	0.008804	-0.008064	0.053472
5915	0.005934	-0.023910	0.042911
5916	0.003995	-0.029030	0.037769
5917	-0.004351	-0.029769	0.034331
5918	-0.009445	-0.005728	0.031538
5919	-0.023039	0.006726	0.026595
5920	-0.035349	-0.005527	0.014956
5921	-0.038920	-0.002372	0.008117
5922	-0.041456	-0.015570	0.006197
5923	-0.039695	-0.038620	0.000928
5924	-0.041999	-0.037784	-0.002531
5925	-0.051103	-0.015201	-0.001625
5926	-0.059585	-0.014414	-0.005337
5927	-0.063840	-0.005793	-0.004638
5928	-0.067229	0.010099	-0.013453
5929	-0.070764	0.028853	-0.020914
5930	-0.074638	0.025543	-0.029486
5931	-0.073585	0.008232	-0.046236
5932	-0.073139	0.026708	-0.048981
5933	-0.075013	0.023476	-0.062773
5934	-0.077002	-0.027284	-0.068369
5935	-0.079668	-0.012179	-0.083065
5936	-0.081598	-0.002375	-0.094000
5937	-0.082989	-0.000138	-0.096528
5938	-0.092255	-0.009504	-0.097587
5939	-0.102485	0.001098	-0.099279
5940	-0.106709	-0.007695	-0.100893
5941	-0.105934	-0.004283	-0.099979
5942	-0.106162	-0.010346	-0.101742
5943	-0.106762	-0.008758	-0.105433
5944	-0.105248	0.013122	-0.107815
5945	-0.105926	0.002504	-0.106702
5946	-0.102152	0.000938	-0.106702
5947	-0.101102	-0.003581	-0.105390
5948	-0.101789	-0.009243	-0.105403
5949	-0.097626	0.009431	-0.102290
5950	-0.097483	-0.013210	-0.102341
5951	-0.086112	0.005650	-0.106003
5952	-0.079363	-0.014539	-0.113187
5953	-0.068147	-0.023689	-0.107750
5954	-0.056049	-0.033031	-0.107803
5955	-0.044235	-0.024927	-0.106978
5956	-0.035662	-0.040779	-0.097325
5957	-0.033027	-0.025411	-0.091146
5958	-0.025203	0.014251	-0.080859
5959	-0.016559	-0.005711	-0.073404
5960	-0.008679	-0.012999	-0.068680
5961	-0.004536	-0.005516	-0.058362
5962	0.006459	-0.011099	-0.054272
5963	0.002523	0.005767	-0.046788
5964	0.003118	-0.008929	-0.048907
5965	0.002157	-0.021238	-0.050475
5966	0.002927	-0.014730	-0.051747
5967	0.002977	-0.030100	-0.047400
5968	-0.007668	-0.011390	-0.049545
5969	-0.018668	-0.028579	-0.044634
5970	-0.026879	-0.021450	-0.038307
5971	-0.025570	-0.040937	-0.034761
5972	-0.016640	-0.037231	-0.035896
5973	-0.014096	-0.044924	-0.037205
5974	-0.012661	-0.039455	-0.039956
5975	-0.015374	-0.008646	-0.041564
5976	-0.009185	0.004214	-0.040864
5977	-0.006271	-0.014944	-0.032619
5978	-0.004819	-0.013048	-0.027981
5979	-0.002466	0.003944	-0.024574
5980	0.008748	-0.015569	-0.028512
5981	0.014121	0.002307	-0.031023
5982	0.011007	-0.007600	-0.031323
5983	0.008476	0.018661	-0.031865
5984	0.007594	0.005687	-0.035746
5985	0.007361	0.016364	-0.034485
5986	0.000852	0.006248	-0.022949
5987	-0.011612	0.008008	-0.017525
5988	-0.024598	-0.005903	-0.008725
5989	-0.033764	-0.013601	0.000684
5990	-0.041411	-0.041232	0.000994
5991	-0.054177	-0.024715	0.003816
5992	-0.059777	-0.024073	0.004756
5993	-0.061791	-0.025167	-0.003997
5994	-0.064204	-0.034951	-0.004958
5995	-0.070437	-0.035054	-0.008030
5996	-0.075734	-0.015208	-0.003605
5997	-0.077983	-0.012458	-0.004779
5998	-0.082626	0.016111	-0.005952
5999	-0.083105	-0.018370	-0.005713
6000	-0.080406	-0.007965	0.007804
6001	-0.079211	0.011445	0.016044
6002	-0.073350	-0.017220	0.023041
6003	-0.070747	-0.023861	0.030424
6004	-0.070113	-0.002952	0.039180
6005	-0.071574	0.000942	0.045583
6006	-0.074189	0.012983	0.048569
6007	-0.072860	-0.016672	0.055840
6008	-0.066912	-0.011442	0.054850
6009	-0.057134	-0.019790	0.054568
6010	-0.051417	-0.038019	0.058796
6011	-0.050009	-0.016450	0.057908
6012	-0.048892	-0.009838	0.050664
6013	-0.049859	0.026653	0.050336
6014	-0.052582	0.014039	0.037540
6015	-0.057116	0.029280	0.026318
6016	-0.064329	0.033179	0.016287
6017	-0.064446	0.034452	0.002423
6018	-0.065107	0.017958	-0.008951
6019	-0.066249	0.022018	-0.022221
6020	-0.077245	0.036852	-0.035179
6021	-0.080222	0.012483	-0.051815
6022	-0.087801	0.004432	-0.062707
6023	-0.086260	0.001229	-0.077519
6024	-0.086400	-0.001889	-0.084328
6025	-0.090549	-0.025679	-0.089315
6026	-0.087365	-0.013524	-0.095487
6027	-0.087340	-0.013259	-0.095009
6028	-0.086536	-0.031764	-0.102977
6029	-0.087994	-0.024061	-0.104513
6030	-0.082571	-0.022005	-0.105229
6031	-0.082137	-0.024675	-0.098305
6032	-0.074509	-0.033111	-0.103096
6033	-0.062561	-0.030084	-0.105259
6034	-0.058566	-0.010277	-0.104794
6035	-0.054978	-0.013146	-0.100364
6036	-0.050890	-0.008679	-0.103165
6037	-0.052715	-0.015151	-0.106730
6038	-0.054194	-0.005330	-0.109981
6039	-0.053032	-0.013107	-0.112358
6040	-0.055824	0.002617	-0.119866
6041	-0.058731	0.023523	-0.124945
6042	-0.061178	0.019811	-0.123472
6043	-0.065506	0.027324	-0.123383
6044	-0.068897	0.012577	-0.120281
6045	-0.076159	0.007279	-0.114054
6046	-0.076852	0.016639	-0.112576
6047	-0.065928	0.001427	-0.112804
6048	-0.055922	0.001748	-0.110755
6049	-0.048907	0.038030	-0.107900
6050	-0.042641	0.016561	-0.104730
6051	-0.036493	-0.008672	-0.105511
6052	-0.029157	-0.012800	-0.106656
6053	-0.017556	-0.007489	-0.113966
6054	-0.010813	-0.017485	-0.119714
6055	-0.002271	-0.011141	-0.127129
6056	0.003640	-0.006810	-0.133116
6057	0.008505	-0.007290	-0.136715
6058	0.014087	-0.003972	-0.136858
6059	0.015671	-0.014087	-0.136479
6060	0.014912	-0.014117	-0.130619
6061	0.010585	-0.009270	-0.128263
6062	0.008529	-0.001244	-0.125239
6063	0.007705	0.003390	-0.125301
6064	0.010942	-0.009141	-0.126880
6065	0.011102	-0.004611	-0.126863
6066	0.011204	0.001412	-0.124008
6067	0.009723	0.007064	-0.118751
6068	0.008740	0.006785	-0.115464
6069	0.014935	0.015432	-0.109670
6070	0.006512	0.021062	-0.099893
6071	0.004015	0.015862	-0.090944
6072	0.006516	0.013268	-0.082742
6073	0.014409	0.005094	-0.074103
6074	0.015038	-0.006247	-0.068248
6075	0.020199	-0.029480	-0.062808
6076	0.022111	-0.006901	-0.055398
6077	0.021097	0.017960	-0.044620
6078	0.015995	-0.029655	-0.032978
6079	0.014379	0.013440	-0.027359
6080	0.004631	0.022894	-0.017717
6081	0.000262	0.019753	-0.013230
6082	0.005091	0.012777	-0.005482
6083	0.001605	-0.003975	-0.006789
6084	-0.003684	-0.002967	-0.005264
6085	-0.013413	0.010142	0.000798
6086	-0.013043	0.022620	0.012649
6087	-0.020983	0.012855	0.017665
6088	-0.025654	0.004323	0.027610
6089	-0.023685	0.004351	0.031371
6090	-0.022297	0.011891	0.030703
6091	-0.022388	0.010100	0.030709
6092	-0.025014	0.009933	0.025356
6093	-0.020852	0.007522	0.027379
6094	-0.023220	-0.019177	0.028380
6095	-0.021417	-0.022802	0.027437
6096	-0.024354	-0.035186	0.019177
6097	-0.028146	-0.023872	0.016234
6098	-0.027677	-0.002195	0.014249
6099	-0.030766	-0.024586	0.005249
6100	-0.032385	-0.028766	0.000350
6101	-0.031300	-0.027074	0.003296
6102	-0.030386	-0.040977	-0.000085
6103	-0.022685	-0.031847	-0.003047
6104	-0.017254	-0.009239	-0.007907
6105	-0.011977	0.009411	-0.012906
6106	-0.006610	0.004207	-0.017740
6107	-0.000887	0.002010	-0.015760
6108	0.011932	-0.019894	-0.012836
6109	0.027246	-0.009603	-0.007721
6110	0.038498	-0.014207	-0.006758
6111	0.046186	-0.005052	-0.007110
6112	0.056196	0.007952	-0.002763
6113	0.063615	0.006422	-0.000605
6114	0.075626	0.031681	-0.003693
6115	0.082796	0.048636	-0.004844
6116	0.085905	0.039625	-0.004881
6117	0.080486	-0.002992	-0.001362
6118	0.079612	-0.004881	0.004857
6119	0.078821	-0.007723	0.013920
6120	0.081109	0.001405	0.019014
6121	0.087212	0.014845	0.015915
6122	0.095756	0.023433	0.018742
6123	0.093144	0.018735	0.022536
6124	0.100577	0.013898	0.031196
6125	0.102696	0.020395	0.037111
6126	0.104361	0.019775	0.038628
6127	0.095063	0.020232	0.043340
6128	0.088790	-0.011562	0.045262
6129	0.083170	0.009696	0.049612
6130	0.079490	0.017953	0.050794
6131	0.074703	-0.016388	0.051489
6132	0.075548	-0.012979	0.058624
6133	0.077563	-0.004405	0.059922
6134	0.085223	-0.013001	0.055187
6135	0.081920	-0.016938	0.055482
6136	0.080775	0.010128	0.056955
6137	0.083207	-0.000245	0.056597
6138	0.084154	-0.004319	0.053857
6139	0.080861	0.008722	0.048046
6140	0.074650	-0.013311	0.048025
6141	0.068200	0.021177	0.052757
6142	0.064659	0.024160	0.048671
6143	0.062033	0.012254	0.050477
6144	0.059813	0.011643	0.053329
6145	0.056749	-0.002202	0.048617
6146	0.048929	-0.006727	0.047965
6147	0.036072	-0.020698	0.050998
6148	0.030320	0.017456	0.047456
6149	0.021654	0.005902	0.047391
6150	0.012866	0.022135	0.044701
6151	0.002736	0.021374	0.048770
6152	-0.006767	-0.004522	0.049104
6153	-0.018504	-0.021698	0.050494
6154	-0.024860	-0.011315	0.053052
6155	-0.027695	-0.013518	0.048072
6156	-0.034639	-0.011041	0.051212
6157	-0.038555	0.009712	0.052387
6158	-0.045867	0.015341	0.047072
6159	-0.043929	0.031235	0.042576
6160	-0.036950	0.024716	0.033137
6161	-0.037177	0.008211	0.033797
6162	-0.031822	0.018274	0.037961
6163	-0.026979	0.007932	0.036618
6164	-0.030154	0.008075	0.033656
6165	-0.025104	0.005357	0.026561
6166	-0.036450	0.012540	0.026520
6167	-0.044987	0.001613	0.035217
6168	-0.050881	0.000756	0.035981
6169	-0.056801	-0.001687	0.034016
6170	-0.055484	-0.006836	0.023666
6171	-0.059364	-0.001660	0.020160
6172	-0.060543	0.023437	0.014666
6173	-0.062240	0.007117	0.010838
6174	-0.064465	0.011648	0.007997
6175	-0.065813	0.013205	0.004883
6176	-0.062011	0.025180	-0.002955
6177	-0.064119	0.040288	-0.017566
6178	-0.062874	0.035595	-0.027883
6179	-0.060080	0.000800	-0.034287
6180	-0.057300	-0.006292	-0.033843
6181	-0.047749	-0.000715	-0.038830
6182	-0.037338	0.024344	-0.045117
6183	-0.015741	0.007899	-0.048366
6184	0.000390	0.001587	-0.051318
6185	0.007496	0.004015	-0.051752
6186	0.020436	0.000225	-0.058167
6187	0.033449	-0.018501	-0.062224
6188	0.041551	-0.035151	-0.065944
6189	0.045606	-0.039035	-0.063684
6190	0.045768	-0.013633	-0.057651
6191	0.049225	-0.019492	-0.053086
6192	0.053903	-0.014458	-0.049839
6193	0.059772	-0.016650	-0.048152
6194	0.066789	-0.023056	-0.047464
6195	0.073541	-0.007035	-0.040739
6196	0.080850	0.003878	-0.034438
6197	0.087463	0.004571	-0.029163
6198	0.082476	-0.001088	-0.022584
6199	0.077590	-0.004902	-0.019323
6200	0.068386	0.012103	-0.011426
6201	0.056058	0.019582	-0.002593
6202	0.043067	0.004332	0.004740
6203	0.021135	-0.004763	0.009903
6204	0.006195	-0.012956	0.015616
6205	-0.006503	-0.010503	0.018890
6206	-0.021613	-0.031651	0.020396
6207	-0.025046	-0.026850	0.026820
6208	-0.026740	-0.017527	0.033500
6209	-0.026858	-0.016954	0.039296
6210	-0.028000	-0.005914	0.044468
6211	-0.029900	-0.002558	0.048714
6212	-0.037013	-0.007758	0.052377
6213	-0.045285	-0.009575	0.054901
6214	-0.049196	-0.006669	0.055543
6215	-0.053576	-0.007029	0.053618
6216	-0.054320	-0.001816	0.051054
6217	-0.047891	-0.011628	0.048069
6218	-0.036598	-0.015396	0.043946
6219	-0.030511	-0.016780	0.037881
6220	-0.023477	-0.020469	0.025834
6221	-0.021669	-0.023213	0.021502
6222	-0.029842	0.004413	0.017721
6223	-0.035352	0.003827	0.013239
6224	-0.050168	0.019541	0.016812
6225	-0.057163	0.030286	0.017014
6226	-0.070563	-0.004197	0.018450
6227	-0.082162	0.003050	0.014516
6228	-0.094803	0.018657	0.017949
6229	-0.093158	-0.014171	0.021902
6230	-0.087246	-0.013911	0.025243
6231	-0.085452	-0.019368	0.024286
6232	-0.079759	-0.043427	0.017495
6233	-0.074264	-0.045720	0.015182
6234	-0.068837	-0.038603	0.010898
6235	-0.070305	-0.021268	0.002981
6236	-0.073409	-0.021164	-0.000093
6237	-0.069347	-0.009941	0.001251
6238	-0.063601	0.007692	-0.001460
6239	-0.064532	0.011724	0.005759
6240	-0.063066	0.013878	-0.001908
6241	-0.069715	0.009574	0.004533
6242	-0.068842	-0.001806	0.008313
6243	-0.062469	-0.000807	0.008491
6244	-0.063680	-0.005511	0.010984
6245	-0.065621	-0.000930	0.009836
6246	-0.064714	0.016004	0.010993
6247	-0.059746	-0.013507	0.013647
6248	-0.056358	-0.021321	0.021083
6249	-0.049628	-0.032081	0.021401
6250	-0.049013	-0.016095	0.014361
6251	-0.046464	0.017681	0.007289
6252	-0.041388	0.028316	0.001509
6253	-0.042338	0.019851	-0.001817
6254	-0.036756	0.017108	-0.003648
6255	-0.034864	0.020161	-0.005710
6256	-0.026303	0.005027	-0.006377
6257	-0.016575	0.018623	-0.008831
6258	-0.016435	0.047563	-0.013494
6259	-0.013670	0.031986	-0.022859
6260	-0.005911	0.036372	-0.031458
6261	0.002336	0.036249	-0.038864
6262	0.003689	0.004767	-0.042247
6263	0.006254	0.005637	-0.045470
6264	-0.001924	-0.004093	-0.048747
6265	-0.008629	-0.019784	-0.048363
6266	-0.004907	0.008865	-0.057036
6267	0.000001	0.001168	-0.054524
6268	0.001372	0.005721	-0.060002
6269	0.003450	-0.001903	-0.062028
6270	-0.002027	-0.003153	-0.067746
6271	-0.004383	-0.016697	-0.081348
6272	-0.006185	-0.028158	-0.082175
6273	-0.007973	-0.022244	-0.087619
6274	-0.015428	0.000751	-0.092418
6275	-0.023825	0.007442	-0.092775
6276	-0.030208	-0.007178	-0.095430
6277	-0.032301	0.015486	-0.094397
6278	-0.028869	-0.016873	-0.089048
6279	-0.024217	-0.002674	-0.085682
6280	-0.026676	-0.008095	-0.081070
6281	-0.025554	-0.013922	-0.084536
6282	-0.025227	-0.015328	-0.084345
6283	-0.034314	-0.040368	-0.082318
6284	-0.039964	-0.008015	-0.078093
6285	-0.043770	-0.006774	-0.070676
6286	-0.047206	-0.021973	-0.063386
6287	-0.045562	-0.025693	-0.049859
6288	-0.039073	-0.031683	-0.042815
6289	-0.037486	-0.009368	-0.042221
6290	-0.031917	-0.014869	-0.039988
6291	-0.029426	0.008948	-0.040400
6292	-0.030768	0.009881	-0.040464
6293	-0.037224	0.017099	-0.038187
6294	-0.033240	0.007852	-0.034340
6295	-0.033986	-0.006500	-0.036358
6296	-0.036454	-0.010321	-0.028986
6297	-0.036107	-0.016901	-0.023567
6298	-0.040624	0.003376	-0.017767
6299	-0.045958	0.001005	-0.010742
6300	-0.046194	-0.016163	-0.003888
6301	-0.050650	0.003751	-0.000619
6302	-0.050444	0.006803	0.008032
6303	-0.050760	-0.002081	0.012705
6304	-0.043745	0.011183	0.018620
6305	-0.034845	-0.010995	0.023567
6306	-0.024832	0.013231	0.027977
6307	-0.025118	-0.004545	0.021269
6308	-0.028019	-0.011659	0.016433
6309	-0.029643	-0.005628	0.012261
6310	-0.029225	-0.000111	0.010263
6311	-0.028740	-0.006833	0.008130
6312	-0.036559	-0.010333	0.004087
6313	-0.035893	-0.008662	0.006103
6314	-0.036491	-0.001628	0.006912
6315	-0.030858	0.002472	0.004787
6316	-0.030884	0.015402	-0.001261
6317	-0.029456	0.014615	-0.014987
6318	-0.035397	0.035140	-0.022859
6319	-0.043598	0.006358	-0.032868
6320	-0.057921	-0.008045	-0.042645
6321	-0.065172	0.006490	-0.051078
6322	-0.073770	-0.003325	-0.059328
6323	-0.076974	0.012211	-0.058930
6324	-0.086496	0.036519	-0.062090
6325	-0.089890	0.009826	-0.065663
6326	-0.087969	-0.004885	-0.056309
6327	-0.090367	0.000302	-0.048607
6328	-0.093866	-0.018811	-0.047818
6329	-0.098676	-0.005225	-0.045965
6330	-0.099868	0.011680	-0.048232
6331	-0.095462	0.017999	-0.040141
6332	-0.080363	0.018972	-0.037510
6333	-0.075449	0.005909	-0.040279
6334	-0.065127	-0.015438	-0.039993
6335	-0.057698	-0.011882	-0.041336
6336	-0.050702	-0.023621	-0.038453
6337	-0.037095	-0.029530	-0.034650
6338	-0.019443	-0.011116	-0.030634
6339	-0.010824	-0.018305	-0.027553
6340	-0.007681	-0.029434	-0.020234
6341	-0.000897	0.000209	-0.016440
6342	0.004256	-0.004188	-0.009780
6343	0.003508	-0.014547	-0.005139
6344	-0.002194	-0.027383	0.002113
6345	-0.013142	-0.025604	0.006909
6346	-0.015936	-0.026946	0.005243
6347	-0.022728	-0.006101	0.008026
6348	-0.018576	-0.024439	0.017827
6349	-0.018308	0.009708	0.020356
6350	-0.010614	0.001001	0.031214
6351	-0.004124	0.022190	0.032537
6352	-0.007942	0.002643	0.040477
6353	-0.011934	0.013443	0.045742
6354	-0.016046	0.004712	0.050058
6355	-0.012809	0.026782	0.044922
6356	-0.017368	0.009803	0.049355
6357	-0.022741	0.005175	0.049587
6358	-0.018738	0.016000	0.042779
6359	-0.011027	0.007919	0.034471
6360	-0.007710	0.020935	0.035184
6361	-0.004121	0.011401	0.030664
6362	-0.003828	0.021317	0.033695
6363	0.002125	-0.001979	0.034540
6364	0.003814	-0.011233	0.026705
6365	0.004306	-0.033822	0.024043
6366	0.000208	-0.029306	0.029387
6367	-0.003568	-0.036031	0.030684
6368	-0.012765	-0.048343	0.029932
6369	-0.013365	-0.021033	0.028213
6370	-0.013115	-0.024214	0.024750
6371	-0.016511	-0.026590	0.023466
6372	-0.015060	-0.012779	0.028517
6373	-0.015998	-0.021325	0.023431
6374	-0.015891	-0.014163	0.023952
6375	-0.020910	-0.017866	0.021969
6376	-0.025206	0.019795	0.020919
6377	-0.032141	0.035258	0.010314
6378	-0.028717	0.003647	0.002529
6379	-0.020536	0.041753	-0.002370
6380	-0.013731	0.032452	-0.010040
6381	-0.016008	0.012451	-0.019092
6382	-0.009225	0.014227	-0.024824
6383	-0.007494	-0.005276	-0.037789
6384	-0.014264	0.004072	-0.047051
6385	-0.022301	0.003881	-0.056284
6386	-0.021469	-0.023551	-0.063584
6387	-0.025126	-0.008606	-0.069415
6388	-0.026853	-0.005580	-0.071969
6389	-0.022257	0.010386	-0.068771
6390	-0.020027	0.023215	-0.077179
6391	-0.016921	0.000672	-0.077299
6392	-0.011120	-0.014660	-0.084930
6393	-0.003692	-0.007784	-0.087235
6394	-0.001430	-0.018366	-0.097041
6395	-0.000147	-0.019917	-0.108394
6396	-0.004548	-0.011987	-0.121039
6397	-0.005535	0.006625	-0.124797
6398	-0.005630	0.010392	-0.127361
6399	-0.005133	0.003151	-0.131402
6400	-0.009676	0.024495	-0.134110
6401	-0.009535	0.023173	-0.136646
6402	-0.003467	0.011338	-0.132331
6403	0.009313	0.010323	-0.131517
6404	0.013397	0.020756	-0.127262
6405	0.014040	0.017322	-0.129122
6406	0.015402	-0.016511	-0.128379
6407	0.021680	-0.002235	-0.132775
6408	0.031930	-0.012496	-0.135708
6409	0.044311	-0.005982	-0.133870
6410	0.058820	0.007906	-0.136325
6411	0.066235	0.016630	-0.134183
6412	0.073573	0.026590	-0.127159
6413	0.071306	0.031116	-0.125532
6414	0.072820	0.018129	-0.118222
6415	0.074751	0.011951	-0.119524
6416	0.074953	0.012809	-0.113717
6417	0.079875	0.028712	-0.112343
6418	0.076111	0.032561	-0.108096
6419	0.076731	0.005471	-0.116112
6420	0.080643	0.032161	-0.119955
6421	0.078402	0.039166	-0.121826
6422	0.080912	0.021321	-0.123040
6423	0.074050	0.020704	-0.118702
6424	0.073065	0.026008	-0.115599
6425	0.075226	0.019440	-0.111587
6426	0.067298	0.001549	-0.111306
6427	0.065802	0.000855	-0.116467
6428	0.066856	0.011569	-0.115725
6429	0.065528	-0.001586	-0.112877
6430	0.068258	-0.002419	-0.105285
6431	0.069501	-0.014951	-0.097717
6432	0.072141	-0.009478	-0.083101
6433	0.074145	0.007014	-0.071763
6434	0.070096	0.013073	-0.065222
6435	0.069453	0.010409	-0.056380
6436	0.070556	0.001756	-0.050340
6437	0.078177	-0.002129	-0.048993
6438	0.082686	0.018895	-0.047756
6439	0.083542	0.011435	-0.043846
6440	0.070244	-0.000504	-0.046291
6441	0.067414	0.013693	-0.035536
6442	0.057020	0.016275	-0.035962
6443	0.050749	-0.009674	-0.035951
6444	0.043760	-0.002932	-0.036391
6445	0.029527	-0.008516	-0.038628
6446	0.013715	0.013708	-0.030871
6447	0.007051	0.006780	-0.038073
6448	0.000279	0.016333	-0.038034
6449	-0.000252	0.021034	-0.048024
6450	0.000640	0.001943	-0.049691
6451	0.000942	-0.012030	-0.044798
6452	-0.002480	-0.009788	-0.044251
6453	-0.010010	-0.008099	-0.046234
6454	-0.015324	-0.011697	-0.048255
6455	-0.022302	-0.016865	-0.055014
6456	-0.022947	-0.004279	-0.057298
6457	-0.023893	-0.022790	-0.062021
6458	-0.031624	-0.014867	-0.061228
6459	-0.031081	-0.032926	-0.063329
6460	-0.027724	-0.018251	-0.063514
6461	-0.024041	-0.011287	-0.063529
6462	-0.017448	-0.031112	-0.061833
6463	-0.014224	-0.026673	-0.060184
6464	-0.007807	-0.021579	-0.051070
6465	-0.000789	-0.002427	-0.040324
6466	0.001840	0.035655	-0.030034
6467	0.000954	0.025197	-0.021579
6468	0.001199	0.005537	-0.010774
6469	0.004146	-0.008332	-0.007705
6470	0.008218	0.023146	0.001925
6471	0.009150	0.006845	0.007031
6472	0.019044	0.009323	0.014845
6473	0.015358	-0.011983	0.024286
6474	0.011637	0.006944	0.026347
6475	0.014334	-0.002266	0.031152
6476	0.011562	-0.000857	0.030787
6477	0.014811	-0.015133	0.032516
6478	0.017824	-0.012117	0.031485
6479	0.021247	-0.021047	0.031810
6480	0.022327	-0.028771	0.032418
6481	0.021347	-0.003178	0.029776
6482	0.021537	-0.026298	0.026577
6483	0.024764	-0.028316	0.025534
6484	0.031858	-0.011787	0.028488
6485	0.040066	0.001731	0.030519
6486	0.045495	-0.032936	0.037647
6487	0.044989	-0.050210	0.039994
6488	0.049105	-0.033090	0.045596
6489	0.053018	-0.012051	0.040554
6490	0.057955	-0.026188	0.038044
6491	0.064201	-0.005510	0.035614
6492	0.067014	0.007656	0.035440
6493	0.070523	0.006050	0.030597
6494	0.069640	0.009444	0.035701
6495	0.063998	0.006464	0.036914
6496	0.066028	0.027025	0.031716
6497	0.062701	0.036488	0.032535
6498	0.063727	0.025681	0.037691
6499	0.063346	0.004313	0.031544
6500	0.056974	-0.028852	0.028382
6501	0.048733	-0.025204	0.030064
6502	0.041232	-0.020499	0.035694
6503	0.030822	-0.031673	0.033331
6504	0.020675	-0.019558	0.029786
6505	0.015038	0.006562	0.024266
6506	0.008869	-0.038901	0.019794
6507	0.008069	-0.003545	0.023003
6508	0.003915	-0.008115	0.026284
6509	0.005945	-0.019709	0.027184
6510	0.011736	0.001007	0.025954
6511	0.010932	0.009182	0.022531
6512	0.001592	0.002419	0.021281
6513	-0.001263	-0.010964	0.014500
6514	0.007623	-0.012845	0.016491
6515	0.011174	-0.011032	0.007497
6516	0.018065	-0.022085	0.005288
6517	0.016822	0.031340	0.005084
6518	0.016318	0.048313	-0.003759
6519	0.016569	0.008935	-0.008774
6520	0.016453	0.030690	-0.014519
6521	0.017468	0.034398	-0.023028
6522	0.011621	0.022401	-0.023172
6523	0.010325	-0.002827	-0.026636
6524	0.005205	-0.044963	-0.029808
6525	0.004004	-0.026526	-0.032036
6526	0.004226	-0.025534	-0.027772
6527	0.002113	-0.000989	-0.025414
6528	-0.004175	0.004151	-0.023849
6529	-0.009447	0.004116	-0.022934
6530	-0.018362	0.009228	-0.022602
6531	-0.023738	-0.006973	-0.025760
6532	-0.035899	-0.009963	-0.031701
6533	-0.043084	0.006272	-0.032653
6534	-0.047570	0.007760	-0.030812
6535	-0.055698	-0.003093	-0.030554
6536	-0.056494	0.014029	-0.031374
6537	-0.050056	0.004201	-0.029507
6538	-0.052549	0.001500	-0.021793
6539	-0.058063	0.000834	-0.016786
6540	-0.060052	0.001712	-0.015801
6541	-0.055492	-0.014485	-0.010461
6542	-0.062446	-0.010972	-0.006985
6543	-0.061101	-0.010785	-0.006881
6544	-0.050520	-0.024212	-0.000769
6545	-0.037415	-0.007504	0.007356
6546	-0.035616	-0.016129	0.016525
6547	-0.028218	-0.012515	0.020407
6548	-0.021421	-0.022025	0.029933
6549	-0.019978	0.003838	0.038814
6550	-0.023166	0.016114	0.047403
6551	-0.027654	0.002340	0.051991
6552	-0.031512	-0.010117	0.052986
6553	-0.038207	-0.001326	0.056777
6554	-0.038774	-0.001103	0.061928
6555	-0.044085	-0.027616	0.059293
6556	-0.046311	-0.042720	0.057727
6557	-0.050230	-0.032696	0.054156
6558	-0.049032	-0.021145	0.054808
6559	-0.048551	-0.025846	0.055502
6560	-0.047758	-0.024355	0.048883
6561	-0.038256	0.002258	0.045368
6562	-0.033720	-0.039567	0.038980
6563	-0.031114	-0.028657	0.039308
6564	-0.028074	-0.022219	0.034347
6565	-0.030542	-0.018087	0.025464
6566	-0.033263	-0.010569	0.029125
6567	-0.038188	-0.007092	0.028709
6568	-0.044240	-0.010867	0.029660
6569	-0.037798	-0.012755	0.032465
6570	-0.023807	-0.013395	0.029558
6571	-0.019290	-0.011634	0.028324
6572	-0.020411	0.007552	0.026005
6573	-0.011548	-0.006783	0.020875
6574	-0.008993	0.003632	0.016375
6575	-0.009579	0.003662	0.013067
6576	-0.006997	-0.018553	0.006646
6577	-0.011874	0.008545	0.002242
6578	-0.013323	0.019719	-0.001195
6579	-0.012692	-0.002847	0.005087
6580	-0.006857	-0.006874	0.000801
6581	-0.006693	-0.018473	-0.001564
6582	-0.009020	-0.004554	-0.004809
6583	-0.009867	-0.011433	-0.012047
6584	-0.006789	0.035358	-0.024197
6585	0.002799	0.005189	-0.032450
6586	0.006651	-0.005492	-0.034340
6587	0.006356	-0.015328	-0.045871
6588	-0.002292	-0.006996	-0.047027
6589	-0.000816	-0.019101	-0.047447
6590	0.001442	-0.012402	-0.052662
6591	0.000797	-0.032954	-0.056371
6592	0.009816	-0.027133	-0.058637
6593	0.018894	-0.008760	-0.063421
6594	0.027406	-0.027828	-0.060257
6595	0.022291	-0.031492	-0.057792
6596	0.022248	-0.018086	-0.054771
6597	0.025881	-0.029776	-0.060467
6598	0.023864	-0.033049	-0.058994
6599	0.020882	-0.025163	-0.053160
6600	0.022200	-0.030262	-0.047572
6601	0.026379	-0.053686	-0.041955
6602	0.020274	-0.063791	-0.041582
6603	0.013255	-0.036043	-0.044401
6604	0.007370	-0.051341	-0.050299
6605	0.000711	-0.041325	-0.054469
6606	-0.003158	-0.019870	-0.058119
6607	-0.005089	-0.033332	-0.063308
6608	-0.011118	-0.023907	-0.064669
6609	-0.005205	-0.029492	-0.056598
6610	-0.006446	-0.041671	-0.048686
6611	-0.001007	-0.019818	-0.040312
6612	0.007370	-0.023302	-0.031329
6613	0.018233	-0.025029	-0.030350
6614	0.021098	-0.010313	-0.024238
6615	0.018687	-0.008976	-0.019180
6616	0.006610	-0.001803	-0.014502
6617	-0.006976	0.022247	-0.011985
6618	-0.017009	0.029354	-0.004543
6619	-0.021756	0.000489	0.001086
6620	-0.022166	0.004753	0.005384
6621	-0.019187	0.006234	0.004917
6622	-0.016656	0.009978	0.002353
6623	-0.023623	0.011956	0.004252
6624	-0.028998	0.004209	0.006898
6625	-0.032091	0.014620	0.010449
6626	-0.036357	0.027066	0.014912
6627	-0.038110	0.009409	0.020379
6628	-0.040522	0.030238	0.031385
6629	-0.045202	0.005413	0.042689
6630	-0.042329	0.005216	0.046249
6631	-0.034956	-0.048370	0.049262
6632	-0.020309	-0.018971	0.053682
6633	-0.016234	-0.030035	0.056927
6634	-0.019031	-0.024631	0.059243
6635	-0.017686	0.002690	0.053264
6636	-0.013320	-0.003092	0.052602
6637	-0.012792	-0.019507	0.051943
6638	-0.008367	-0.015246	0.060134
6639	-0.013717	-0.006332	0.052715
6640	-0.020615	0.005870	0.054377
6641	-0.021653	0.008026	0.047040
6642	-0.019979	0.019789	0.042359
6643	-0.017808	0.008773	0.039273
6644	-0.011467	-0.000685	0.039247
6645	-0.010529	-0.012103	0.038886
6646	-0.018220	-0.016151	0.042451
6647	-0.019460	-0.000127	0.047086
6648	-0.024242	-0.029657	0.046222
6649	-0.030736	0.003885	0.057717
6650	-0.033307	-0.017973	0.060308
6651	-0.027368	-0.030030	0.059938
6652	-0.021396	-0.015868	0.066500
6653	-0.026953	-0.017667	0.081791
6654	-0.032281	-0.012498	0.086267
6655	-0.040650	-0.015815	0.093559
6656	-0.041126	0.003248	0.095920
6657	-0.037521	-0.009885	0.097748
6658	-0.038670	-0.009284	0.095004
6659	-0.037313	0.038932	0.092083
6660	-0.033124	0.014913	0.086510
6661	-0.037898	0.031172	0.086249
6662	-0.033111	0.002834	0.075314
6663	-0.033205	-0.016023	0.072438
6664	-0.036939	-0.011126	0.066764
6665	-0.040909	-0.006699	0.061189
6666	-0.036553	-0.011549	0.060706
6667	-0.032678	-0.047192	0.063282
6668	-0.023745	-0.012811	0.060798
6669	-0.019950	-0.022537	0.061955
6670	-0.019351	0.009577	0.056771
6671	-0.015662	-0.009603	0.056861
6672	-0.007028	-0.004537	0.052453
6673	-0.004741	-0.013253	0.046369
6674	-0.003525	0.001315	0.042752
6675	-0.003202	-0.023853	0.031104
6676	-0.000180	-0.012133	0.029790
6677	0.008150	-0.044130	0.023369
6678	0.013564	-0.039017	0.019566
6679	0.018241	-0.013964	0.021632
6680	0.019834	0.002360	0.022977
6681	0.021091	-0.001292	0.027124
6682	0.023128	-0.022405	0.023968
6683	0.017602	0.022426	0.020937
6684	0.014488	-0.010641	0.019370
6685	0.022673	-0.027948	0.021789
6686	0.029337	-0.033122	0.020425
6687	0.026366	-0.027989	0.021131
6688	0.014899	-0.026111	0.021574
6689	0.001694	-0.025755	0.008511
6690	-0.012589	-0.029487	0.007279
6691	-0.016392	-0.034844	0.009537
6692	-0.015869	-0.013831	0.015634
6693	-0.023482	0.007550	0.021425
6694	-0.027169	-0.002374	0.025828
6695	-0.030027	0.003398	0.028915
6696	-0.030012	-0.002357	0.024661
6697	-0.031621	0.002045	0.022424
6698	-0.036882	0.000306	0.028828
6699	-0.042212	0.005186	0.027876
6700	-0.044789	0.037018	0.020992
6701	-0.044833	0.010044	0.013080
6702	-0.046724	0.025434	0.018244
6703	-0.047714	-0.003873	0.020322
6704	-0.045624	-0.016759	0.027422
6705	-0.047719	-0.030900	0.031059
6706	-0.044040	-0.022778	0.036194
6707	-0.041659	-0.020581	0.044583
6708	-0.040082	-0.016000	0.046795
6709	-0.042106	-0.014315	0.052523
6710	-0.040615	-0.001910	0.053693
6711	-0.046640	0.002110	0.056202
6712	-0.053850	-0.004027	0.057880
6713	-0.063725	0.000444	0.062307
6714	-0.068115	-0.015071	0.057659
6715	-0.063090	-0.010225	0.052993
6716	-0.047006	-0.010309	0.047598
6717	-0.043794	-0.003686	0.046028
6718	-0.040608	0.000558	0.041630
6719	-0.038479	0.031606	0.032821
6720	-0.026048	0.013044	0.033892
6721	-0.014110	0.001618	0.034218
6722	-0.011085	0.020263	0.032202
6723	-0.020190	0.031010	0.026494
6724	-0.028381	0.014213	0.028259
6725	-0.026988	0.000326	0.022446
6726	-0.018280	-0.011866	0.020460
6727	-0.010689	-0.017815	0.018138
6728	-0.005532	-0.025265	0.017313
6729	-0.002154	0.005057	0.020633
6730	-0.001533	0.024384	0.021105
6731	-0.000242	0.005040	0.017723
6732	0.005106	-0.004951	0.013218
6733	0.014542	-0.017240	0.008071
6734	0.019874	-0.028965	0.005981
6735	0.017632	0.003450	0.006068
6736	0.025727	-0.009061	0.009437
6737	0.029217	-0.033210	0.009798
6738	0.033433	-0.012298	0.014054
6739	0.037988	-0.016323	0.018463
6740	0.044940	-0.009012	0.023321
6741	0.042213	-0.011680	0.029442
6742	0.042247	0.008057	0.034611
6743	0.052977	0.012267	0.036152
6744	0.056672	0.023769	0.033659
6745	0.061692	0.006202	0.034685
6746	0.051049	0.030359	0.036023
6747	0.044170	0.013812	0.032222
6748	0.039244	0.028811	0.029584
6749	0.029841	0.022641	0.025268
6750	0.020502	0.020250	0.027770
6751	0.021062	0.016134	0.019581
6752	0.017126	-0.000059	0.008828
6753	0.009049	0.000302	0.004885
6754	0.002647	0.002985	-0.002598
6755	-0.000081	0.019621	-0.006936
6756	-0.003406	-0.004328	-0.017279
6757	-0.003313	-0.003117	-0.031798
6758	0.005899	0.019746	-0.041339
6759	0.013581	-0.000412	-0.048931
6760	0.022435	0.002986	-0.058407
6761	0.030081	0.004663	-0.062108
6762	0.035910	-0.007533	-0.070392
6763	0.042974	-0.006993	-0.076203
6764	0.046729	0.009308	-0.080850
6765	0.042934	0.014292	-0.076864
6766	0.039277	-0.023523	-0.084808
6767	0.034115	0.006096	-0.084739
6768	0.029935	-0.009697	-0.080798
6769	0.025144	0.015387	-0.079054
6770	0.025232	0.032620	-0.079282
6771	0.021433	0.013171	-0.076223
6772	0.021182	0.035987	-0.071660
6773	0.024472	0.022567	-0.065860
6774	0.024711	0.018201	-0.068612
6775	0.032747	0.029084	-0.057083
6776	0.035395	0.017444	-0.051063
6777	0.035599	0.011758	-0.040847
6778	0.040919	0.020380	-0.032126
6779	0.035388	0.040406	-0.025608
6780	0.026894	0.018659	-0.024388
6781	0.018375	-0.010453	-0.017792
6782	0.017958	-0.014457	-0.019501
6783	0.017780	-0.001024	-0.017722
6784	0.023923	0.002089	-0.020914
6785	0.036999	0.023656	-0.016797
6786	0.042596	-0.022941	-0.012403
6787	0.045101	-0.012898	-0.014571
6788	0.040928	-0.002068	-0.013718
6789	0.035123	-0.000944	-0.009715
6790	0.026230	0.024467	-0.004695
6791	0.019239	0.027361	0.000671
6792	0.020889	0.032195	0.000477
6793	0.010332	0.008982	-0.002660
6794	0.002181	-0.007596	-0.003653
6795	-0.002663	0.013104	-0.014800
6796	-0.004930	0.047078	-0.028822
6797	-0.006720	0.052471	-0.033685
6798	-0.005236	0.050850	-0.040645
6799	-0.004455	0.028960	-0.040415
6800	0.007665	-0.008405	-0.046704
6801	0.013031	0.019597	-0.059822
6802	0.019401	0.030372	-0.058779
6803	0.028128	0.031327	-0.056776
6804	0.028368	0.042189	-0.056101
6805	0.024148	0.026750	-0.056435
6806	0.017840	-0.005580	-0.052094
6807	0.019670	-0.005263	-0.053076
6808	0.021391	0.006176	-0.053691
6809	0.021347	0.003829	-0.053185
6810	0.027783	0.031499	-0.050316
6811	0.024997	0.012430	-0.041689
6812	0.036638	-0.015177	-0.037149
6813	0.051036	-0.001817	-0.032536
6814	0.057878	-0.009423	-0.022241
6815	0.063064	0.008905	-0.016449
6816	0.066688	-0.021511	-0.013128
6817	0.058259	-0.054097	-0.009351
6818	0.042618	-0.002187	-0.011122
6819	0.041487	-0.006552	-0.007288
6820	0.042015	-0.004108	-0.006549
6821	0.044744	-0.012283	-0.008811
6822	0.048240	-0.000463	-0.008985
6823	0.054967	-0.028350	0.000233
6824	0.068592	-0.007347	0.014738
6825	0.079786	-0.009915	0.025615
6826	0.091424	-0.005844	0.037839
6827	0.113848	0.001602	0.041822
6828	0.125520	0.005282	0.049795
6829	0.130617	-0.008372	0.045455
6830	0.122287	-0.000337	0.044451
6831	0.120037	-0.032574	0.044587
6832	0.120041	-0.026115	0.046418
6833	0.131656	-0.040650	0.049136
6834	0.134438	-0.050147	0.048570
6835	0.134811	-0.032821	0.048602
6836	0.131352	-0.010781	0.042375
6837	0.127818	-0.016150	0.040818
6838	0.118990	-0.018004	0.038028
6839	0.105931	-0.023151	0.028947
6840	0.098715	-0.000930	0.015563
6841	0.081260	-0.017834	0.004543
6842	0.062651	-0.010878	-0.002457
6843	0.054202	-0.006658	-0.007894
6844	0.047935	-0.017015	-0.017320
6845	0.043179	-0.007433	-0.023907
6846	0.039651	-0.008532	-0.031143
6847	0.037970	-0.021114	-0.036731
6848	0.040952	-0.020997	-0.046599
6849	0.033379	-0.030419	-0.048487
6850	0.032821	-0.016302	-0.042594
6851	0.033982	0.006967	-0.042569
6852	0.037027	0.014728	-0.042916
6853	0.039519	0.048812	-0.042148
6854	0.038779	0.033336	-0.046383
6855	0.035513	-0.006894	-0.042422
6856	0.034923	0.016362	-0.051932
6857	0.041290	0.002269	-0.066789
6858	0.039935	-0.008111	-0.071499
6859	0.043517	0.004324	-0.074107
6860	0.047731	-0.000984	-0.085081
6861	0.047898	-0.008995	-0.091372
6862	0.047477	0.000102	-0.101905
6863	0.043118	-0.004430	-0.102429
6864	0.040638	-0.033383	-0.111119
6865	0.034361	-0.031104	-0.105756
6866	0.026707	-0.022447	-0.104239
6867	0.021965	-0.043938	-0.106978
6868	0.014624	-0.028443	-0.114744
6869	0.010835	-0.018610	-0.116223
6870	0.013406	-0.034504	-0.119437
6871	0.015234	0.004184	-0.121151
6872	0.022347	-0.017832	-0.120965
6873	0.034617	0.021759	-0.128150
6874	0.048441	0.006813	-0.122385
6875	0.052959	-0.006780	-0.129939
6876	0.046844	-0.013080	-0.139540
6877	0.048309	-0.001856	-0.144499
6878	0.040481	0.001899	-0.143918
6879	0.034370	0.022690	-0.135725
6880	0.024027	0.030176	-0.138761
6881	0.018404	0.026865	-0.135060
6882	0.017078	-0.011159	-0.135875
6883	0.009574	-0.021735	-0.134974
6884	0.002063	-0.005508	-0.138161
6885	-0.006055	-0.006517	-0.134888
6886	-0.008759	0.022043	-0.129658
6887	-0.009974	0.033444	-0.127046
6888	-0.011302	0.009750	-0.120727
6889	-0.021114	0.013022	-0.116909
6890	-0.023944	-0.005381	-0.115415
6891	-0.024684	0.000229	-0.111560
6892	-0.030164	0.030819	-0.113722
6893	-0.031033	0.032856	-0.111422
6894	-0.040210	0.020885	-0.099935
6895	-0.040360	0.012571	-0.094465
6896	-0.035496	0.009481	-0.085682
6897	-0.026082	0.023681	-0.079751
6898	-0.021909	0.036106	-0.068840
6899	-0.014804	0.021863	-0.058895
6900	-0.018008	0.020912	-0.051665
6901	-0.027686	0.044634	-0.042648
6902	-0.033349	-0.003120	-0.029050
6903	-0.033265	-0.003604	-0.018126
6904	-0.026702	-0.009525	-0.008991
6905	-0.021403	-0.036918	-0.006580
6906	-0.016456	-0.009441	0.001380
6907	-0.011426	-0.001220	0.011122
6908	-0.010476	-0.025295	0.024853
6909	-0.017028	-0.012449	0.029968
6910	-0.013654	0.032275	0.039181
6911	-0.006461	0.009647	0.051857
6912	-0.004263	-0.002456	0.054548
6913	-0.001334	0.004148	0.054638
6914	0.003238	0.015156	0.055720
6915	0.003500	0.002381	0.055474
6916	0.011606	0.013118	0.060938
6917	0.008846	0.019855	0.056882
6918	0.002897	0.012073	0.061512
6919	0.003323	0.023421	0.056367
6920	-0.000846	0.000091	0.052539
6921	-0.008542	-0.003971	0.049792
6922	-0.017241	-0.010374	0.048646
6923	-0.026492	-0.008914	0.038822
6924	-0.033779	0.000753	0.034104
6925	-0.040421	-0.016631	0.037824
6926	-0.049161	0.007242	0.037148
6927	-0.051125	0.017483	0.041382
6928	-0.050892	-0.017438	0.044997
6929	-0.054133	-0.052900	0.054912
6930	-0.057499	-0.031537	0.055501
6931	-0.068558	-0.005936	0.050142
6932	-0.077879	-0.030493	0.053975
6933	-0.075053	-0.004284	0.051748
6934	-0.071612	-0.031282	0.055467
6935	-0.065812	-0.013791	0.054530
6936	-0.063448	-0.019800	0.054248
6937	-0.069778	-0.037409	0.049482
6938	-0.066151	-0.024306	0.048964
6939	-0.061577	-0.044109	0.047962
6940	-0.059125	-0.043558	0.053548
6941	-0.056780	-0.018486	0.059859
6942	-0.054208	-0.032112	0.059362
6943	-0.050339	-0.045067	0.064615
6944	-0.047622	-0.005054	0.062379
6945	-0.036492	-0.014090	0.062885
6946	-0.028107	-0.006601	0.067006
6947	-0.016471	-0.023541	0.070744
6948	-0.014682	-0.023334	0.066635
6949	-0.018248	-0.020639	0.059961
6950	-0.018470	-0.015911	0.051198
6951	-0.010553	-0.007419	0.044861
6952	-0.012473	0.005429	0.029645
6953	-0.006736	0.003656	0.016665
6954	0.000486	0.028853	0.012180
6955	0.003225	0.038120	0.013555
6956	0.010651	0.017495	0.012786
6957	0.017036	0.016034	-0.000477
6958	0.015374	0.013631	-0.010296
6959	0.019554	0.006741	-0.020935
6960	0.017875	0.006738	-0.034006
6961	0.014201	0.024040	-0.044116
6962	0.021869	0.005967	-0.056187
6963	0.027164	0.002965	-0.069062
6964	0.031106	0.017068	-0.074275
6965	0.033245	0.023980	-0.081286
6966	0.026133	0.033948	-0.085147
6967	0.025611	0.052773	-0.093384
6968	0.017616	0.042898	-0.094100
6969	0.005368	0.040501	-0.099882
6970	0.001204	0.030412	-0.105587
6971	-0.003393	0.018515	-0.106430
6972	-0.013678	0.003037	-0.113523
6973	-0.019608	0.018654	-0.113123
6974	-0.018974	-0.002287	-0.115530
6975	-0.019106	-0.006898	-0.114448
6976	-0.019697	0.019761	-0.112541
6977	-0.018844	-0.000916	-0.112316
6978	-0.020492	-0.013443	-0.110384
6979	-0.018921	-0.004597	-0.103476
6980	-0.007825	0.002188	-0.094622
6981	0.001927	0.027979	-0.078943
6982	0.010393	0.035555	-0.073587
6983	0.008445	0.001442	-0.059911
6984	0.013488	-0.004597	-0.045740
6985	0.007385	0.001249	-0.031978
6986	-0.000203	0.013520	-0.023948
6987	-0.002316	0.012263	-0.018481
6988	0.001756	0.036385	-0.016535
6989	0.004098	0.042809	-0.012506
6990	0.002196	0.030743	0.000262
6991	0.003381	0.035692	0.005031
6992	0.007139	0.027563	0.005914
6993	0.012297	0.011396	0.012171
6994	0.019171	0.042654	0.021519
6995	0.021982	0.037507	0.030331
6996	0.026939	0.028026	0.033528
6997	0.028145	0.004899	0.032841
6998	0.036267	0.020176	0.036565
6999	0.041557	0.011532	0.044760
7000	0.059994	-0.014656	0.042998
7001	0.069666	-0.006344	0.040361
7002	0.075015	0.009231	0.040021
7003	0.072922	-0.024423	0.039557
7004	0.066914	-0.016713	0.037088
7005	0.061198	-0.011970	0.044682
7006	0.057600	0.005497	0.049940
7007	0.055626	-0.007186	0.052513
7008	0.056709	0.022717	0.058293
7009	0.054472	0.016265	0.059112
7010	0.052860	0.029908	0.058154
7011	0.051457	0.030642	0.063622
7012	0.049495	0.025758	0.071697
7013	0.046535	-0.008308	0.068069
7014	0.037081	-0.001553	0.069668
7015	0.031707	0.000151	0.066217
7016	0.032485	0.030354	0.067968
7017	0.037873	0.007321	0.071622
7018	0.042351	0.045414	0.072736
7019	0.048785	0.046143	0.066583
7020	0.040704	0.044721	0.063926
7021	0.035468	0.022222	0.049873
7022	0.040163	0.018847	0.045105
7023	0.035433	0.032259	0.039738
7024	0.032426	-0.003110	0.037411
7025	0.023239	-0.022334	0.039091
7026	0.020470	-0.000174	0.034470
7027	0.013768	-0.029439	0.027013
7028	0.003706	0.009115	0.028521
7029	-0.003817	0.010450	0.031378
7030	-0.004326	-0.017724	0.033696
7031	-0.002775	-0.018855	0.026635
7032	-0.008463	-0.013685	0.028573
7033	-0.014457	-0.003340	0.028509
7034	-0.020177	-0.005861	0.026231
7035	-0.022873	-0.010394	0.024413
7036	-0.020051	0.001546	0.019761
7037	-0.008317	0.009306	0.009545
7038	0.008941	0.012612	0.001169
7039	0.011165	-0.008387	-0.007124
7040	0.013356	0.003830	-0.016767
7041	0.019099	-0.004086	-0.023251
7042	0.022944	0.028422	-0.027685
7043	0.021828	0.030632	-0.030681
7044	0.019897	0.013201	-0.042816
7045	0.022778	0.005526	-0.045854
7046	0.022111	-0.000912	-0.045377
7047	0.020399	-0.015548	-0.040822
7048	0.017696	-0.011638	-0.035510
7049	0.011403	-0.025679	-0.033371
7050	0.011879	0.002294	-0.030774
7051	0.016576	-0.007445	-0.032788
7052	0.020316	0.007021	-0.048315
7053	0.021042	-0.032004	-0.054405
7054	0.027490	-0.015332	-0.057850
7055	0.040608	0.018981	-0.056286
7056	0.044973	0.005016	-0.057229
7057	0.045288	-0.006132	-0.061814
7058	0.055121	-0.006377	-0.057334
7059	0.050185	-0.028385	-0.051501
7060	0.049937	-0.021131	-0.041806
7061	0.053374	-0.007366	-0.032901
7062	0.059786	-0.004893	-0.027705
7063	0.055443	-0.002954	-0.036209
7064	0.054273	0.020802	-0.032661
7065	0.040946	0.026225	-0.033612
7066	0.026351	0.007354	-0.029660
7067	0.021988	0.009398	-0.029780
7068	0.014055	-0.020108	-0.022662
7069	0.006564	-0.018928	-0.018297
7070	-0.000348	0.004656	-0.017929
7071	-0.006336	0.015014	-0.024753
7072	-0.007011	0.032279	-0.024627
7073	-0.003986	0.014828	-0.020440
7074	0.010466	0.031287	-0.011968
7075	0.016178	0.004032	0.000059
7076	0.015228	0.002361	0.021857
7077	0.027049	0.015328	0.035468
7078	0.028796	0.015791	0.042591
7079	0.032678	0.009974	0.055878
7080	0.043239	0.013272	0.060430
7081	0.049136	0.017906	0.055839
7082	0.046928	-0.013374	0.054645
7083	0.043820	-0.026344	0.055865
7084	0.041609	0.002193	0.054726
7085	0.035291	0.005372	0.054301
7086	0.035794	-0.019964	0.056333
7087	0.040392	-0.033208	0.060389
7088	0.047343	-0.016236	0.062837
7089	0.044884	0.014510	0.071652
7090	0.048487	0.014910	0.081111
7091	0.050316	0.033832	0.094255
7092	0.056141	-0.009816	0.099008
7093	0.053660	0.005753	0.100457
7094	0.048191	0.015846	0.089052
7095	0.051171	0.015849	0.083992
7096	0.048407	-0.011120	0.071577
7097	0.042027	0.018551	0.061427
7098	0.036885	0.058556	0.050452
7099	0.025747	0.050070	0.038163
7100	0.023362	0.016494	0.026499
7101	0.026958	0.027224	0.021253
7102	0.027329	0.040025	0.009408
7103	0.023052	0.037615	-0.001708
7104	0.029341	0.049408	-0.008101
7105	0.023051	0.040474	-0.002983
7106	0.017133	0.029114	-0.000907
7107	0.015699	0.038677	0.003014
7108	0.015028	-0.011264	0.017664
7109	0.015408	0.000145	0.027888
7110	0.021731	0.001617	0.030591
7111	0.023874	0.004154	0.037879
7112	0.026191	0.020170	0.038947
7113	0.031389	0.018531	0.035895
7114	0.032758	0.030179	0.029496
7115	0.024027	0.025853	0.030739
7116	0.018638	-0.003202	0.028229
7117	0.013792	0.018414	0.029995
7118	0.007916	0.036387	0.017260
7119	0.001471	0.016526	0.010246
7120	0.000593	0.022862	0.011091
7121	-0.007177	0.020373	0.003969
7122	-0.012649	-0.005818	-0.001230
7123	-0.013806	-0.038829	-0.011758
7124	-0.018991	-0.006767	-0.017154
7125	-0.024829	-0.004494	-0.017873
7126	-0.019334	0.003226	-0.021884
7127	-0.026086	0.009638	-0.027620
7128	-0.027810	-0.016125	-0.032670
7129	-0.027974	0.008987	-0.036387
7130	-0.029992	0.009391	-0.032718
7131	-0.029020	0.028598	-0.039093
7132	-0.031780	0.021715	-0.048634
7133	-0.034906	0.018010	-0.049947
7134	-0.039444	0.030958	-0.054167
7135	-0.049386	0.050026	-0.052598
7136	-0.058052	0.021261	-0.055007
7137	-0.057601	-0.008801	-0.062913
7138	-0.057643	-0.007108	-0.068724
7139	-0.053260	-0.034209	-0.076024
7140	-0.049816	-0.029663	-0.082194
7141	-0.055090	0.002814	-0.080067
7142	-0.043020	0.007977	-0.083989
7143	-0.036399	0.034366	-0.087055
7144	-0.029141	0.005532	-0.092981
7145	-0.032104	0.051628	-0.097155
7146	-0.037115	0.036426	-0.087710
7147	-0.042272	0.024462	-0.088194
7148	-0.043281	0.001006	-0.082897
7149	-0.052518	-0.003690	-0.079565
7150	-0.059475	0.000661	-0.071320
7151	-0.065254	0.006828	-0.063610
7152	-0.067470	-0.013107	-0.054965
7153	-0.066659	-0.014252	-0.042736
7154	-0.069057	0.007363	-0.024567
7155	-0.073923	-0.038192	-0.012544
7156	-0.080997	-0.044493	-0.005586
7157	-0.083903	-0.052595	-0.008215
7158	-0.092637	-0.071184	0.005384
7159	-0.095239	-0.050856	0.008915
7160	-0.100399	-0.003802	0.011583
7161	-0.102429	-0.019859	0.013445
7162	-0.111683	-0.003266	0.019922
7163	-0.113064	0.015252	0.029671
7164	-0.113174	0.004553	0.037616
7165	-0.107681	-0.011164	0.041443
7166	-0.094528	-0.037643	0.046438
7167	-0.085555	-0.021835	0.048137
7168	-0.076531	0.021502	0.052401
7169	-0.063129	-0.001131	0.055461
7170	-0.054061	0.010564	0.057824
7171	-0.049585	0.027479	0.065265
7172	-0.045564	0.038504	0.066915
7173	-0.029327	0.036846	0.071855
7174	-0.013992	0.021283	0.075994
7175	0.003394	0.015736	0.079681
7176	0.016386	0.007561	0.072411
7177	0.030117	0.005055	0.075840
7178	0.034949	0.001529	0.071359
7179	0.042326	0.004600	0.074281
7180	0.047682	0.006823	0.077436
7181	0.050234	-0.014008	0.075030
7182	0.044371	0.016440	0.069789
7183	0.042326	0.021473	0.067748
7184	0.034069	-0.006257	0.066553
7185	0.022733	-0.018920	0.066150
7186	0.012968	-0.010997	0.061809
7187	0.011325	-0.014612	0.058282
7188	0.000909	-0.018139	0.053636
7189	-0.007640	-0.017130	0.050060
7190	0.000041	0.012654	0.045221
7191	-0.005866	-0.003318	0.042475
7192	-0.010060	0.003688	0.043267
7193	-0.010272	0.004592	0.042481
7194	-0.006537	-0.000052	0.029199
7195	0.000261	-0.007420	0.020878
7196	0.005747	0.014883	0.021045
7197	0.004144	0.018732	0.025123
7198	0.012957	0.034519	0.020047
7199	0.015883	0.003174	0.014943
7200	0.013549	0.016421	0.008902
7201	0.003680	0.020211	0.010325
7202	0.000316	-0.004393	0.011362
7203	-0.009948	0.006833	0.012754
7204	-0.004050	-0.011099	0.013485
7205	-0.010334	-0.028002	0.000549
7206	-0.018823	-0.018811	-0.007391
7207	-0.034577	-0.024545	-0.013652
7208	-0.042263	-0.036492	-0.030936
7209	-0.056702	-0.029857	-0.043861
7210	-0.062774	-0.028149	-0.038420
7211	-0.065002	-0.033826	-0.039399
7212	-0.072579	-0.026690	-0.038998
7213	-0.081617	0.006204	-0.038255
7214	-0.082759	0.021140	-0.034232
7215	-0.085138	-0.003163	-0.024943
7216	-0.090392	0.001656	-0.025499
7217	-0.094237	0.015018	-0.029929
7218	-0.090012	-0.006320	-0.030978
7219	-0.092339	0.009712	-0.035868
7220	-0.087945	0.017103	-0.037276
7221	-0.076255	0.024533	-0.040266
7222	-0.068155	0.012295	-0.052710
7223	-0.061263	0.025110	-0.057553
7224	-0.058382	-0.002829	-0.064868
7225	-0.056477	-0.012162	-0.071364
7226	-0.071084	-0.005949	-0.076485
7227	-0.082885	0.003544	-0.085927
7228	-0.100394	-0.003144	-0.081000
7229	-0.099955	-0.009381	-0.082935
7230	-0.092507	-0.025500	-0.076988
7231	-0.090428	-0.061509	-0.066790
7232	-0.090211	-0.051646	-0.060594
7233	-0.081641	-0.008524	-0.054001
7234	-0.067487	0.013201	-0.049898
7235	-0.047780	-0.001916	-0.041316
7236	-0.040906	-0.011967	-0.031508
7237	-0.031075	-0.000982	-0.038207
7238	-0.016989	-0.020666	-0.046777
7239	-0.013201	-0.024469	-0.052856
7240	-0.002417	0.007251	-0.056159
7241	0.009419	-0.005854	-0.058978
7242	0.012972	0.017150	-0.073953
7243	0.018036	0.018996	-0.085035
7244	0.021345	0.031945	-0.085117
7245	0.025873	0.035408	-0.086282
7246	0.023896	0.010350	-0.082766
7247	0.032406	0.000518	-0.070669
7248	0.038325	0.004846	-0.053892
7249	0.053474	-0.004998	-0.045303
7250	0.063349	-0.025106	-0.041351
7251	0.060621	-0.041026	-0.039825
7252	0.064579	-0.010653	-0.034757
7253	0.055034	-0.006815	-0.022867
7254	0.047474	0.009809	-0.010070
7255	0.039329	0.004599	-0.006017
7256	0.036432	-0.002700	0.008975
7257	0.035411	-0.017973	0.014859
7258	0.034445	-0.031995	0.027736
7259	0.024090	-0.017839	0.036567
7260	0.018992	-0.030553	0.039299
7261	0.025081	-0.017586	0.044270
7262	0.032229	-0.039116	0.054434
7263	0.033421	-0.011741	0.062552
7264	0.021766	-0.035156	0.054641
7265	0.014915	-0.026704	0.049896
7266	0.018994	-0.008817	0.046248
7267	0.013981	-0.013405	0.040651
7268	0.012651	-0.018048	0.033053
7269	0.003668	-0.022474	0.035898
7270	-0.004672	0.003164	0.035426
7271	-0.012882	-0.024657	0.034692
7272	-0.020552	-0.031289	0.029727
7273	-0.025559	0.014811	0.025555
7274	-0.022280	-0.006150	0.016296
7275	-0.015932	0.022937	0.015987
7276	-0.015733	0.003497	0.022428
7277	-0.019931	0.026893	0.016530
7278	-0.028889	0.029621	0.025559
7279	-0.031511	0.014364	0.029541
7280	-0.035985	-0.020679	0.028232
7281	-0.040702	0.002080	0.030524
7282	-0.044612	0.009860	0.034333
7283	-0.044694	-0.019859	0.032462
7284	-0.050213	-0.015431	0.034075
7285	-0.047377	-0.009423	0.032611
7286	-0.038482	-0.024279	0.036732
7287	-0.043983	-0.019023	0.040511
7288	-0.049212	-0.024177	0.031998
7289	-0.048490	0.002555	0.032388
7290	-0.056926	0.011892	0.024841
7291	-0.057892	0.019482	0.028996
7292	-0.055193	0.003017	0.028175
7293	-0.050392	0.033097	0.025248
7294	-0.051641	0.027341	0.025865
7295	-0.049546	0.021841	0.022871
7296	-0.055447	-0.012165	0.019313
7297	-0.053363	0.012611	0.016643
7298	-0.062430	0.015373	0.012285
7299	-0.065978	0.012453	0.015759
7300	-0.061782	-0.011451	0.013299
7301	-0.057874	-0.033440	0.011139
7302	-0.054439	-0.030487	0.006182
7303	-0.056337	-0.019817	-0.001018
7304	-0.050057	-0.035962	-0.001734
7305	-0.040035	-0.026716	-0.004095
7306	-0.038756	-0.002834	-0.013573
7307	-0.042003	-0.023904	-0.018811
7308	-0.040416	-0.009497	-0.035637
7309	-0.042761	-0.034336	-0.052888
7310	-0.037667	-0.048706	-0.055546
7311	-0.037015	-0.031304	-0.059747
7312	-0.034421	-0.046294	-0.069803
7313	-0.033301	-0.023367	-0.063027
7314	-0.034494	-0.003878	-0.061536
7315	-0.034362	0.028069	-0.058054
7316	-0.030242	0.029344	-0.068603
7317	-0.023747	0.014576	-0.076367
7318	-0.024440	0.005875	-0.087279
7319	-0.027035	-0.028139	-0.100452
7320	-0.011911	-0.055237	-0.111031
7321	-0.000833	-0.022410	-0.120064
7322	0.006279	-0.002037	-0.120458
7323	0.017884	0.012176	-0.117180
7324	0.018162	0.024930	-0.116917
7325	0.012151	0.024995	-0.115760
7326	0.005280	0.022433	-0.104166
7327	0.000367	0.009391	-0.096977
7328	-0.002885	0.000173	-0.095381
7329	-0.010229	0.012491	-0.096260
7330	-0.006154	0.008355	-0.098248
7331	0.000782	0.020489	-0.090657
7332	-0.007607	0.002787	-0.090319
7333	-0.015101	-0.017698	-0.089930
7334	-0.019089	-0.028643	-0.085508
7335	-0.021949	-0.003062	-0.078406
7336	-0.028233	-0.025659	-0.076800
7337	-0.021591	-0.040618	-0.074883
7338	-0.015833	-0.041613	-0.070478
7339	-0.012215	-0.051056	-0.064919
7340	-0.007905	-0.052499	-0.056123
7341	-0.016079	-0.056450	-0.055817
7342	-0.020248	-0.040538	-0.045981
7343	-0.019617	-0.024809	-0.042710
7344	-0.011535	0.001577	-0.036215
7345	-0.000751	0.006840	-0.037062
7346	0.010496	0.000199	-0.033320
7347	0.020428	-0.056892	-0.032836
7348	0.036785	-0.033985	-0.027981
7349	0.046239	-0.012700	-0.027882
7350	0.050980	-0.020703	-0.020552
7351	0.051393	0.032390	-0.016141
7352	0.039139	0.032584	-0.001219
7353	0.017412	0.023229	0.007215
7354	-0.001409	0.027850	0.002337
7355	-0.017895	0.041510	0.005716
7356	-0.029556	0.067977	0.005708
7357	-0.040656	0.069825	0.005146
7358	-0.047212	0.032505	0.001170
7359	-0.043816	0.045412	0.002071
7360	-0.049578	0.021679	0.006672
7361	-0.044077	0.030816	0.011046
7362	-0.033083	0.035776	0.009324
7363	-0.033374	0.004301	0.004357
7364	-0.031042	0.019388	0.001481
7365	-0.027655	0.020227	0.007007
7366	-0.027007	-0.024353	0.002855
7367	-0.022754	-0.018748	-0.007509
7368	-0.018043	-0.019722	-0.019411
7369	-0.018399	-0.002832	-0.036784
7370	-0.016490	0.001556	-0.045093
7371	-0.005168	0.006403	-0.051087
7372	0.003014	0.010744	-0.060095
7373	0.002257	0.017333	-0.060937
7374	0.001439	-0.001216	-0.064681
7375	0.003649	-0.028396	-0.062944
7376	0.003655	-0.032190	-0.061065
7377	-0.000272	-0.002997	-0.058599
7378	-0.012998	0.001870	-0.067094
7379	-0.027282	-0.000575	-0.069029
7380	-0.044311	-0.002338	-0.078807
7381	-0.055369	-0.007019	-0.083246
7382	-0.067797	0.000470	-0.095067
7383	-0.083982	-0.001759	-0.099866
7384	-0.096947	-0.017760	-0.101053
7385	-0.110712	0.001060	-0.103125
7386	-0.116251	-0.008900	-0.094991
7387	-0.112728	0.021966	-0.090696
7388	-0.112202	0.018266	-0.086141
7389	-0.106893	0.013168	-0.076140
7390	-0.091715	0.042536	-0.069553
7391	-0.092344	-0.001817	-0.066127
7392	-0.083900	0.015844	-0.067131
7393	-0.078078	0.041016	-0.060437
7394	-0.069157	0.021534	-0.056247
7395	-0.060564	0.023081	-0.057475
7396	-0.056799	0.028471	-0.063543
7397	-0.060917	0.006657	-0.071495
7398	-0.066135	0.026297	-0.085521
7399	-0.066426	0.021521	-0.090088
7400	-0.072790	0.030404	-0.093231
7401	-0.076626	0.011678	-0.100363
7402	-0.072562	-0.003934	-0.111157
7403	-0.076184	-0.018984	-0.105310
7404	-0.072300	0.001221	-0.103747
7405	-0.056925	0.019165	-0.100504
7406	-0.053496	0.021233	-0.089571
7407	-0.050974	0.025924	-0.088923
7408	-0.052163	0.001469	-0.088456
7409	-0.058240	0.024099	-0.086440
7410	-0.066891	0.031625	-0.088796
7411	-0.074312	0.006806	-0.084225
7412	-0.087175	0.006632	-0.079510
7413	-0.091191	-0.004097	-0.072030
7414	-0.080489	-0.006839	-0.069619
7415	-0.071243	-0.012314	-0.058284
7416	-0.062754	-0.035486	-0.047343
7417	-0.061246	-0.068979	-0.038817
7418	-0.053644	-0.033257	-0.027289
7419	-0.047872	-0.011361	-0.017400
7420	-0.051114	0.027058	-0.007985
7421	-0.048466	0.025402	-0.002754
7422	-0.035851	-0.001805	0.005272
7423	-0.038475	-0.024561	0.000968
7424	-0.043504	-0.008743	-0.000220
7425	-0.039210	0.005176	-0.000246
7426	-0.040056	-0.028110	-0.004622
7427	-0.037780	-0.027153	-0.001191
7428	-0.036639	-0.014551	-0.006239
7429	-0.038758	-0.006082	-0.007977
7430	-0.047183	-0.002635	-0.009733
7431	-0.052882	-0.010499	-0.018561
7432	-0.043658	0.009162	-0.022471
7433	-0.032705	0.011272	-0.031003
7434	-0.030112	0.000003	-0.035135
7435	-0.029999	-0.005339	-0.041239
7436	-0.020981	0.006254	-0.049353
7437	-0.009617	0.004747	-0.046800
7438	-0.003163	-0.000735	-0.061021
7439	-0.001838	0.001804	-0.063559
7440	-0.000572	0.024546	-0.067670
7441	-0.003418	0.015887	-0.072322
7442	-0.008561	0.008050	-0.079785
7443	-0.014932	0.035029	-0.086049
7444	-0.013603	0.043425	-0.094940
7445	-0.009252	0.030385	-0.108586
7446	-0.001255	0.035131	-0.110395
7447	-0.003485	0.016337	-0.118780
7448	-0.006599	0.030632	-0.124970
7449	-0.006444	0.017156	-0.132604
7450	-0.008256	0.004419	-0.136969
7451	-0.009262	0.037072	-0.140610
7452	-0.003749	0.004162	-0.138436
7453	-0.002287	0.021478	-0.134254
7454	-0.000527	-0.010550	-0.133889
7455	0.002872	-0.015230	-0.129015
7456	0.005504	-0.034236	-0.125322
7457	0.004033	-0.027864	-0.115650
7458	0.004127	-0.004147	-0.120048
7459	0.002449	0.011153	-0.124652
7460	0.006558	0.027235	-0.120756
7461	0.009493	0.009042	-0.127712
7462	0.024822	0.014591	-0.131917
7463	0.027974	0.004121	-0.123598
7464	0.034327	0.010848	-0.122843
7465	0.034875	-0.016599	-0.120623
7466	0.036382	0.013696	-0.116286
7467	0.037045	-0.011776	-0.110746
7468	0.038815	-0.004283	-0.106183
7469	0.037028	0.019003	-0.099956
7470	0.039711	-0.005650	-0.092943
7471	0.043460	0.023109	-0.077763
7472	0.042965	-0.027792	-0.070914
7473	0.043276	-0.020763	-0.068197
7474	0.049303	-0.005416	-0.064363
7475	0.048935	-0.000078	-0.057797
7476	0.049138	0.008845	-0.052894
7477	0.039103	-0.004682	-0.051753
7478	0.042459	0.006862	-0.042151
7479	0.044052	0.019679	-0.035434
7480	0.046401	0.023517	-0.034786
7481	0.042777	0.009497	-0.025259
7482	0.038844	0.010994	-0.027365
7483	0.032346	0.015054	-0.028081
7484	0.021802	0.015249	-0.024038
7485	0.013755	0.044629	-0.022743
7486	-0.000385	0.030520	-0.019817
7487	-0.006781	0.028050	-0.006633
7488	-0.011400	0.010303	-0.003272
7489	-0.008263	0.045667	0.000678
7490	-0.015381	0.013536	0.004612
7491	-0.021449	0.012586	0.011497
7492	-0.018127	-0.008669	0.015214
7493	-0.005383	-0.019947	0.017519
7494	0.006088	-0.007664	0.014911
7495	0.010589	-0.011110	0.012360
7496	0.013887	-0.007094	0.007623
7497	0.021962	-0.020265	0.001201
7498	0.019837	-0.027460	-0.003270
7499	0.022014	-0.029571	-0.009174
7500	0.022137	-0.029975	-0.012014
7501	0.023950	0.020428	-0.008031
7502	0.033794	-0.013907	-0.016600
7503	0.044629	0.000187	-0.014611
7504	0.054516	-0.006522	-0.012667
7505	0.063751	0.017577	-0.013241
7506	0.068898	0.002968	-0.020037
7507	0.075922	0.011511	-0.025355
7508	0.072822	-0.008076	-0.030428
7509	0.068832	0.004443	-0.041030
7510	0.064875	-0.023932	-0.049695
7511	0.057383	-0.003956	-0.048417
7512	0.056922	-0.008771	-0.058599
7513	0.053640	-0.016956	-0.061680
7514	0.040969	-0.028307	-0.062545
7515	0.032739	0.009009	-0.072666
7516	0.034254	-0.007797	-0.079585
7517	0.034457	-0.003280	-0.084092
7518	0.036414	-0.003392	-0.096876
7519	0.035522	0.028492	-0.100168
7520	0.032028	0.011929	-0.107953
7521	0.024386	0.013863	-0.109697
7522	0.027541	0.012973	-0.114360
7523	0.032852	0.015312	-0.124780
7524	0.032944	0.003902	-0.131355
7525	0.018547	-0.005063	-0.134113
7526	0.018723	-0.004193	-0.141059
7527	0.015250	-0.021764	-0.139840
7528	0.018176	-0.014313	-0.140606
7529	0.016510	-0.010839	-0.133624
7530	0.006134	0.030260	-0.118471
7531	0.005129	-0.000045	-0.113506
7532	0.012152	-0.017041	-0.109256
7533	0.016126	-0.019959	-0.099082
7534	0.030951	-0.057588	-0.098968
7535	0.040621	-0.044004	-0.087788
7536	0.052135	-0.026934	-0.077758
7537	0.053637	-0.031291	-0.071131
7538	0.061886	-0.021129	-0.072540
7539	0.067413	-0.017215	-0.067684
7540	0.071276	0.003736	-0.055859
7541	0.068129	0.015668	-0.040272
7542	0.061274	0.002911	-0.031421
7543	0.053883	-0.026153	-0.017283
7544	0.049211	0.014335	-0.002914
7545	0.047294	-0.014729	0.008337
7546	0.046801	-0.011300	0.018340
7547	0.037247	0.015446	0.029497
7548	0.034770	0.006995	0.044297
7549	0.041317	-0.004885	0.057301
7550	0.039486	0.019775	0.063695
7551	0.035991	0.015328	0.073531
7552	0.027074	0.003044	0.079303
7553	0.016537	-0.014757	0.074964
7554	0.008723	-0.009492	0.080967
7555	0.001771	-0.017062	0.088218
7556	-0.004906	0.010506	0.087238
7557	-0.014061	-0.010192	0.088103
7558	-0.012946	-0.005711	0.063165
7559	-0.009319	0.001935	0.050346
7560	-0.020171	0.007281	0.035303
7561	-0.019663	0.004090	0.030325
7562	-0.012205	-0.022260	0.026389
7563	-0.010937	-0.029078	0.022290
7564	-0.004790	-0.039109	0.024003
7565	-0.013357	-0.048065	0.019270
7566	-0.022654	-0.029398	0.020204
7567	-0.037244	-0.022440	0.019184
7568	-0.045581	-0.013554	0.012941
7569	-0.051597	-0.015126	0.018543
7570	-0.058494	-0.017453	0.017698
7571	-0.063260	-0.024143	0.018068
7572	-0.055855	-0.050897	0.021029
7573	-0.048151	0.005709	0.014866
7574	-0.049435	0.017815	0.009192
7575	-0.055531	0.017094	-0.001522
7576	-0.050888	0.028835	-0.000648
7577	-0.050456	0.009191	-0.005910
7578	-0.047916	-0.006835	-0.018854
7579	-0.036653	-0.002801	-0.017833
7580	-0.037721	-0.000084	-0.026392
7581	-0.049643	0.007815	-0.029947
7582	-0.064413	0.044076	-0.037132
7583	-0.069318	0.026647	-0.027099
7584	-0.069450	0.036123	-0.028276
7585	-0.071818	0.020310	-0.025217
7586	-0.070845	0.038258	-0.023088
7587	-0.073096	0.005184	-0.012164
7588	-0.069462	0.006325	-0.008524
7589	-0.070776	0.013513	-0.010915
7590	-0.064660	0.037408	-0.008254
7591	-0.064300	0.025787	-0.007529
7592	-0.065719	0.004020	-0.001065
7593	-0.060857	0.001873	0.008319
7594	-0.061445	0.028048	0.006988
7595	-0.061221	0.028832	0.007367
7596	-0.063147	0.035641	0.018013
7597	-0.062368	0.033033	0.026146
7598	-0.050515	-0.006593	0.036923
7599	-0.041451	-0.012182	0.048718
7600	-0.032228	0.006856	0.043417
7601	-0.019294	0.035294	0.051455
7602	-0.012108	0.027489	0.051660
7603	-0.004368	-0.016239	0.052531
7604	0.009067	-0.022272	0.051255
7605	0.013737	-0.031751	0.043618
7606	0.012184	-0.025655	0.036348
7607	0.007766	-0.021234	0.036400
7608	0.006098	-0.019855	0.033312
7609	0.008427	-0.016712	0.024968
7610	-0.005763	0.000998	0.019911
7611	-0.027626	0.009328	0.016355
7612	-0.038431	0.010034	0.021509
7613	-0.045144	0.007575	0.019824
7614	-0.041587	0.021103	0.014593
7615	-0.035608	0.008215	0.010855
7616	-0.028067	0.012036	0.010224
7617	-0.025655	0.024047	0.011962
7618	-0.012533	0.062546	0.004840
7619	0.008881	0.063235	-0.005507
7620	0.017263	0.062044	-0.019984
7621	0.030103	0.067941	-0.028317
7622	0.027778	0.070502	-0.029775
7623	0.026079	0.067902	-0.027956
7624	0.031764	0.065872	-0.030828
7625	0.026461	0.063376	-0.032972
7626	0.023269	0.047533	-0.027596
7627	0.015813	0.012120	-0.019221
7628	0.018372	-0.000024	-0.020977
7629	0.017012	0.005509	-0.011101
7630	0.022112	-0.013443	-0.009099
7631	0.013812	0.022748	-0.002241
7632	0.007329	0.029144	0.003278
7633	0.018292	0.003001	0.005653
7634	0.024219	-0.013131	0.010929
7635	0.023761	-0.043228	0.014815
7636	0.021849	-0.035736	0.031200
7637	0.015859	-0.022675	0.035174
7638	0.010195	-0.008514	0.041468
7639	0.009163	-0.006049	0.052732
7640	0.005526	0.003734	0.060190
7641	0.001651	-0.014740	0.072672
7642	-0.000325	-0.039398	0.080283
7643	0.004702	-0.017735	0.083746
7644	0.006802	-0.028696	0.082906
7645	0.000988	-0.002674	0.086319
7646	-0.005487	0.021193	0.087614
7647	0.003280	-0.005795	0.084280
7648	-0.005799	-0.018271	0.079387
7649	-0.005135	-0.001409	0.077623
7650	-0.003457	0.023602	0.074572
7651	-0.011651	0.000439	0.069912
7652	-0.017247	0.003101	0.068789
7653	-0.020736	0.011998	0.063079
7654	-0.025245	0.003203	0.058862
7655	-0.031530	0.067868	0.057926
7656	-0.032936	0.059226	0.058161
7657	-0.037156	0.064550	0.053637
7658	-0.035736	0.066948	0.038205
7659	-0.054035	0.038229	0.029532
7660	-0.057134	0.045148	0.023829
7661	-0.068563	0.046597	0.022430
7662	-0.076328	0.053610	0.018076
7663	-0.080582	0.021276	0.023939
7664	-0.077701	0.029851	0.019531
7665	-0.076152	0.044345	0.009820
7666	-0.071176	0.027205	0.007721
7667	-0.068432	0.043711	0.006157
7668	-0.074418	0.058170	0.003884
7669	-0.067840	0.030132	-0.000016
7670	-0.051396	0.041557	-0.000586
7671	-0.034109	0.021992	-0.007631
7672	-0.020528	-0.000218	-0.013597
7673	-0.013693	-0.001847	-0.013423
7674	-0.004177	-0.030202	-0.012996
7675	-0.001375	-0.003771	-0.021060
7676	0.001189	0.005428	-0.035400
7677	-0.000809	0.004555	-0.043424
7678	0.000333	-0.012608	-0.054875
7679	-0.005756	-0.017263	-0.069521
7680	-0.015623	-0.017876	-0.079918
7681	-0.021098	0.005792	-0.088229
7682	-0.036459	-0.005890	-0.096404
7683	-0.052202	-0.018277	-0.103062
7684	-0.063461	-0.011448	-0.107824
7685	-0.075362	0.019465	-0.128609
7686	-0.077753	0.026872	-0.136742
7687	-0.085832	-0.006445	-0.141193
7688	-0.093994	-0.007632	-0.137290
7689	-0.093990	0.004027	-0.132009
7690	-0.093350	0.014566	-0.116516
7691	-0.089925	0.026810	-0.099022
7692	-0.088827	0.019275	-0.074319
7693	-0.083602	0.050230	-0.061023
7694	-0.079726	0.072937	-0.057148
7695	-0.070273	0.069995	-0.057689
7696	-0.068180	0.058509	-0.060727
7697	-0.069557	0.015330	-0.051215
7698	-0.062913	0.042815	-0.053717
7699	-0.054556	0.048164	-0.050165
7700	-0.046256	0.024180	-0.055086
7701	-0.032542	0.011192	-0.049125
7702	-0.024333	0.000299	-0.046883
7703	-0.008466	-0.001420	-0.047231
7704	0.000852	0.002151	-0.048093
7705	0.012305	0.007001	-0.046364
7706	0.017463	0.006405	-0.044542
7707	0.026173	-0.008894	-0.030942
7708	0.034353	-0.019775	-0.015600
7709	0.043522	-0.030839	-0.002554
7710	0.056191	-0.004280	0.005571
7711	0.061476	0.008149	0.016987
7712	0.063409	-0.003080	0.020856
7713	0.064175	-0.009496	0.028978
7714	0.062703	-0.031059	0.029607
7715	0.060375	0.004997	0.040618
7716	0.073437	0.001913	0.040704
7717	0.070102	-0.001840	0.034408
7718	0.072196	0.001462	0.034048
7719	0.064499	0.019151	0.028114
7720	0.068248	0.031880	0.025425
7721	0.064107	0.032640	0.028866
7722	0.062231	-0.002560	0.027409
7723	0.071932	0.007716	0.029049
7724	0.080725	-0.001192	0.029767
7725	0.076219	-0.010462	0.028347
7726	0.076559	-0.024820	0.027255
7727	0.071142	0.037546	0.031073
7728	0.068831	0.015598	0.039561
7729	0.065222	0.010839	0.048197
7730	0.068278	0.007616	0.065799
7731	0.079169	0.024178	0.072786
7732	0.087964	-0.020270	0.082362
7733	0.098038	0.001010	0.095796
7734	0.102377	-0.010618	0.099316
7735	0.101826	-0.046442	0.103368
7736	0.085145	0.023909	0.120065
7737	0.076400	-0.003165	0.126008
7738	0.072786	-0.005137	0.120344
7739	0.057973	0.016301	0.119298
7740	0.058637	0.009039	0.114124
7741	0.064620	0.038659	0.109003
7742	0.070485	0.025017	0.098773
7743	0.073172	0.001720	0.087900
7744	0.066435	-0.001243	0.075521
7745	0.060349	0.018220	0.059567
7746	0.063970	-0.000435	0.038781
7747	0.057610	0.025161	0.024493
7748	0.052588	0.045641	0.013740
7749	0.044005	0.037222	0.003457
7750	0.042366	0.017693	-0.001344
7751	0.046887	0.013032	-0.022806
7752	0.039280	-0.004877	-0.032896
7753	0.030972	-0.010001	-0.045944
7754	0.024378	0.007023	-0.052612
7755	0.020403	0.000764	-0.060439
7756	0.018667	-0.013066	-0.060892
7757	0.018530	0.001595	-0.063364
7758	0.019293	0.005806	-0.065095
7759	0.016804	0.026105	-0.068050
7760	0.010946	0.011291	-0.070665
7761	0.003588	-0.021856	-0.082453
7762	-0.004277	0.001232	-0.077274
7763	-0.015117	0.009730	-0.078445
7764	-0.016501	-0.012775	-0.080033
7765	-0.014135	-0.015766	-0.094971
7766	-0.010851	-0.006965	-0.101885
7767	-0.007966	0.009673	-0.111210
7768	-0.007529	-0.021344	-0.108439
7769	0.006986	0.001611	-0.109634
7770	0.018947	-0.008893	-0.113913
7771	0.013675	0.001240	-0.112229
7772	0.014758	-0.023376	-0.104374
7773	0.016452	0.002563	-0.110126
7774	0.012869	0.025133	-0.109705
7775	0.006223	-0.004694	-0.115127
7776	0.003038	0.017405	-0.114935
7777	0.003763	0.000834	-0.119576
7778	0.009523	-0.010029	-0.119309
7779	0.015538	-0.020249	-0.126082
7780	0.019666	-0.005639	-0.136439
7781	0.020965	-0.009721	-0.148152
7782	0.020909	-0.044518	-0.160441
7783	0.030818	-0.031850	-0.168683
7784	0.036781	-0.038830	-0.170444
7785	0.046631	-0.019264	-0.167334
7786	0.051382	0.024264	-0.167188
7787	0.053898	0.029271	-0.161029
7788	0.051567	-0.006712	-0.166492
7789	0.042343	0.018658	-0.177433
7790	0.040865	0.023976	-0.175811
7791	0.037099	0.027308	-0.173333
7792	0.036049	0.015450	-0.169054
7793	0.041168	-0.004968	-0.166213
7794	0.042392	0.017012	-0.164784
7795	0.049467	0.029442	-0.166860
7796	0.053760	0.007246	-0.164677
7797	0.058022	0.025075	-0.156662
7798	0.052241	0.041297	-0.149579
7799	0.047320	0.028520	-0.142093
7800	0.051530	0.025406	-0.133314
7801	0.056691	0.038641	-0.132563
7802	0.060617	-0.014979	-0.139814
7803	0.065066	0.008358	-0.145684
7804	0.065410	-0.012731	-0.159192
7805	0.057777	-0.004322	-0.160905
7806	0.045008	-0.015408	-0.161888
7807	0.033024	-0.031106	-0.164017
7808	0.025344	-0.017435	-0.169406
7809	0.007645	0.024027	-0.182341
7810	-0.009740	0.030101	-0.175905
7811	-0.012955	0.025847	-0.174095
7812	-0.008600	0.023752	-0.169576
7813	-0.009612	-0.004728	-0.158002
7814	-0.015544	0.006279	-0.149190
7815	-0.006463	-0.023652	-0.142652
7816	0.000839	-0.012988	-0.119943
7817	0.000877	-0.026140	-0.114768
7818	-0.008111	-0.013796	-0.107707
7819	-0.005610	0.022707	-0.090258
7820	-0.007978	0.036036	-0.074986
7821	-0.008021	-0.006026	-0.059887
7822	-0.002882	0.023120	-0.042704
7823	-0.005815	0.021622	-0.042767
7824	-0.010883	0.002039	-0.046836
7825	-0.013838	-0.005025	-0.049858
7826	-0.008185	0.014084	-0.052705
7827	-0.014790	-0.006387	-0.050481
7828	-0.018884	0.040961	-0.050410
7829	-0.010307	0.011674	-0.051108
7830	-0.013816	-0.027544	-0.055259
7831	0.005690	-0.006921	-0.056224
7832	0.023330	-0.023046	-0.042489
7833	0.030593	-0.019366	-0.031055
7834	0.030360	-0.041217	-0.021350
7835	0.029432	-0.001836	-0.018208
7836	0.033677	0.002637	-0.014495
7837	0.041756	-0.016046	-0.005142
7838	0.049104	-0.009181	-0.011107
7839	0.055909	-0.012368	-0.028708
7840	0.059077	0.008851	-0.035968
7841	0.057551	-0.006045	-0.043255
7842	0.055384	-0.011676	-0.050836
7843	0.059267	0.033108	-0.051050
7844	0.055734	0.011901	-0.064999
7845	0.046035	0.020140	-0.070504
7846	0.049314	0.060777	-0.079103
7847	0.057594	0.023837	-0.087503
7848	0.056318	0.012940	-0.086268
7849	0.047080	0.040434	-0.093303
7850	0.032691	0.019067	-0.097847
7851	0.016605	-0.010515	-0.102887
7852	0.010185	-0.027861	-0.105311
7853	0.007831	-0.032589	-0.104833
7854	0.005069	-0.047038	-0.104246
7855	0.005451	-0.048814	-0.111801
7856	0.007275	-0.053573	-0.106344
7857	0.013664	-0.024769	-0.100541
7858	0.020372	-0.013979	-0.094532
7859	0.029953	-0.036725	-0.090949
7860	0.041061	-0.039094	-0.085344
7861	0.060277	0.000414	-0.077509
7862	0.074396	0.017594	-0.071551
7863	0.076039	0.001987	-0.064301
7864	0.077205	-0.001264	-0.066323
7865	0.082618	-0.002629	-0.075270
7866	0.075847	-0.017947	-0.078525
7867	0.069006	-0.010482	-0.078077
7868	0.056983	-0.015269	-0.079891
7869	0.042291	-0.013947	-0.082909
7870	0.025329	-0.005335	-0.084979
7871	0.012003	-0.040663	-0.086733
7872	0.005893	-0.028189	-0.083214
7873	-0.010557	0.001500	-0.085375
7874	-0.027078	0.030308	-0.091415
7875	-0.031869	0.065269	-0.100022
7876	-0.030498	0.048230	-0.098623
7877	-0.039119	0.039229	-0.100918
7878	-0.039654	0.022275	-0.101971
7879	-0.039421	-0.000408	-0.103948
7880	-0.034721	-0.012236	-0.102207
7881	-0.026920	0.004650	-0.102789
7882	-0.018780	0.002164	-0.102448
7883	-0.020928	0.011140	-0.107815
7884	-0.024482	0.021400	-0.107817
7885	-0.021843	0.030507	-0.107062
7886	-0.013115	-0.006150	-0.109643
7887	-0.007399	-0.007486	-0.109773
7888	-0.008645	-0.028321	-0.110638
7889	-0.013386	-0.027859	-0.106092
7890	-0.018530	-0.010857	-0.101011
7891	-0.021627	-0.029590	-0.087019
7892	-0.029023	-0.010094	-0.071632
7893	-0.038005	0.023390	-0.057389
7894	-0.037859	0.017052	-0.052238
7895	-0.043741	-0.022542	-0.039821
7896	-0.041312	0.000614	-0.022605
7897	-0.045275	0.021413	-0.011798
7898	-0.046485	0.044394	0.002526
7899	-0.043409	0.061763	0.011738
7900	-0.044984	0.069420	0.028247
7901	-0.043939	0.055999	0.038392
7902	-0.048874	0.032169	0.037829
7903	-0.041378	0.032955	0.036505
7904	-0.026551	0.016591	0.035078
7905	-0.016451	0.014224	0.025691
7906	-0.011466	0.018415	0.019464
7907	-0.009976	0.025022	0.012256
7908	-0.020732	0.020663	0.006877
7909	-0.025533	0.021116	0.001204
7910	-0.026586	-0.017534	-0.013406
7911	-0.039799	0.030273	-0.010439
7912	-0.050776	0.006696	-0.016091
7913	-0.052269	-0.002211	-0.016925
7914	-0.060681	-0.014887	-0.015732
7915	-0.067298	-0.011087	-0.024513
7916	-0.073559	-0.029636	-0.031280
7917	-0.077739	-0.001239	-0.032755
7918	-0.079100	-0.006217	-0.045672
7919	-0.085608	0.003389	-0.060156
7920	-0.088959	0.033518	-0.081980
7921	-0.090892	0.017554	-0.101814
7922	-0.094015	0.006998	-0.107103
7923	-0.086862	0.052156	-0.112371
7924	-0.088867	0.024504	-0.121560
7925	-0.083249	0.032261	-0.123594
7926	-0.080394	0.041085	-0.126017
7927	-0.075966	0.027946	-0.130550
7928	-0.078336	0.055499	-0.131114
7929	-0.076246	0.080434	-0.125490
7930	-0.063657	0.086398	-0.121173
7931	-0.065249	0.055292	-0.121891
7932	-0.061093	0.044750	-0.127256
7933	-0.055793	-0.000207	-0.128305
7934	-0.053121	-0.012298	-0.127672
7935	-0.046325	0.007224	-0.118860
7936	-0.040006	0.005026	-0.116160
7937	-0.032800	0.027176	-0.104812
7938	-0.017529	0.025774	-0.091271
7939	-0.002414	0.009330	-0.076780
7940	0.006039	0.004975	-0.066980
7941	0.005281	0.015746	-0.067221
7942	0.000158	0.013842	-0.055642
7943	0.000958	-0.014744	-0.047661
7944	0.002415	-0.002691	-0.056206
7945	0.003317	-0.031767	-0.064465
7946	0.005920	-0.036770	-0.079015
7947	-0.000718	-0.061863	-0.085820
7948	-0.005657	-0.039970	-0.096767
7949	-0.004892	-0.032840	-0.104806
7950	-0.010953	0.009254	-0.113311
7951	-0.029197	-0.032416	-0.117045
7952	-0.043856	-0.045641	-0.115853
7953	-0.051061	-0.028588	-0.111959
7954	-0.053686	-0.028627	-0.112777
7955	-0.046885	0.004759	-0.112442
7956	-0.048366	0.002779	-0.106032
7957	-0.047604	-0.023163	-0.106238
7958	-0.054608	-0.031709	-0.108555
7959	-0.058211	-0.028510	-0.108059
7960	-0.067408	-0.033663	-0.111201
7961	-0.074730	-0.022684	-0.115114
7962	-0.085381	-0.004784	-0.116448
7963	-0.086548	-0.025305	-0.109928
7964	-0.093870	-0.006150	-0.099958
7965	-0.096684	-0.031762	-0.092034
7966	-0.105265	-0.023470	-0.080869
7967	-0.105860	-0.017359	-0.076231
7968	-0.098350	-0.015185	-0.072902
7969	-0.091837	-0.000942	-0.079875
7970	-0.089568	-0.010619	-0.081684
7971	-0.089604	-0.018810	-0.077484
7972	-0.087290	-0.025520	-0.071230
7973	-0.077827	-0.050443	-0.069022
7974	-0.074196	-0.020608	-0.065190
7975	-0.081311	-0.021764	-0.060068
7976	-0.086388	-0.035849	-0.044035
7977	-0.089225	-0.014056	-0.038119
7978	-0.096372	-0.012916	-0.018314
7979	-0.100725	0.003545	-0.003424
7980	-0.099275	0.034166	0.012569
7981	-0.100008	0.003251	0.018042
7982	-0.106179	-0.003025	0.028771
7983	-0.107170	-0.014493	0.045715
7984	-0.097357	-0.036703	0.055207
7985	-0.089679	0.020938	0.073686
7986	-0.089654	-0.005893	0.084399
7987	-0.083011	-0.003624	0.092615
7988	-0.066906	0.005411	0.090661
7989	-0.053043	0.039244	0.083827
7990	-0.046589	-0.013334	0.076993
7991	-0.046875	-0.007927	0.076624
7992	-0.045910	0.030737	0.068318
7993	-0.044269	0.036316	0.075545
7994	-0.050553	0.024494	0.069680
7995	-0.055085	0.014855	0.064857
7996	-0.058916	-0.020834	0.068446
7997	-0.062320	-0.022141	0.071410
7998	-0.054448	-0.040649	0.075194
7999	-0.046194	-0.031008	0.075202
8000	-0.036759	-0.058899	0.072638
8001	-0.036687	-0.075876	0.068926
8002	-0.029453	-0.033162	0.059987
8003	-0.024901	-0.015261	0.056298
8004	-0.025963	-0.021319	0.058120
8005	-0.020028	-0.004183	0.056118
8006	-0.011400	-0.002548	0.052581
8007	-0.000755	-0.026983	0.056210
8008	0.012586	-0.001490	0.054516
8009	0.015045	-0.005355	0.057262
8010	0.020823	-0.006695	0.047754
8011	0.028561	0.024075	0.042884
8012	0.034501	0.047770	0.041056
8013	0.039865	0.006979	0.035039
8014	0.045081	0.013376	0.036966
8015	0.051391	0.045835	0.039067
8016	0.054033	0.067212	0.041250
8017	0.052010	0.055546	0.046938
8018	0.054762	0.037909	0.045047
8019	0.057207	0.031554	0.042622
8020	0.051716	0.033379	0.043952
8021	0.044411	0.028864	0.043165
8022	0.049959	0.019378	0.039518
8023	0.050969	0.051376	0.032010
8024	0.050195	0.069850	0.024635
8025	0.052468	0.068381	0.027199
8026	0.054549	0.028768	0.019607
8027	0.049077	0.002806	0.023463
8028	0.052789	0.021740	0.038482
8029	0.050482	0.003891	0.048695
8030	0.048920	0.007346	0.048598
8031	0.049606	-0.005917	0.052485
8032	0.052358	-0.019385	0.051504
8033	0.050013	-0.005396	0.049216
8034	0.043073	0.013931	0.051597
8035	0.031573	-0.018476	0.054045
8036	0.020927	-0.015722	0.053944
8037	0.015089	-0.028128	0.056539
8038	0.004050	-0.006672	0.054812
8039	-0.003561	-0.012874	0.054545
8040	-0.009280	-0.020192	0.054894
8041	-0.017570	-0.015623	0.054632
8042	-0.022863	0.001873	0.051317
8043	-0.019912	0.005240	0.041599
8044	0.000406	-0.007335	0.025329
8045	0.008099	0.013919	0.016470
8046	0.007281	0.049408	0.010155
8047	0.008185	0.034821	0.015925
8048	0.011245	0.019940	0.005484
8049	0.013490	0.025843	0.000257
8050	0.026032	-0.012645	-0.015343
8051	0.025474	0.027501	-0.020980
8052	0.025144	0.038617	-0.037185
8053	0.032164	0.043989	-0.046330
8054	0.018778	0.069937	-0.057266
8055	0.001622	0.055127	-0.055049
8056	-0.007791	0.012691	-0.055113
8057	-0.012811	0.018576	-0.060589
8058	-0.016888	0.053457	-0.051228
8059	-0.023706	0.042636	-0.046057
8060	-0.026004	0.009182	-0.030312
8061	-0.021917	0.013828	-0.021028
8062	-0.015016	0.004956	0.002330
8063	-0.008155	0.009275	0.008258
8064	0.008541	0.031034	0.004577
8065	0.014030	0.038867	0.006332
8066	0.028410	0.026044	0.007242
8067	0.048942	-0.046381	0.012067
8068	0.051800	-0.020898	0.026398
8069	0.050795	-0.007694	0.028940
8070	0.048737	-0.015728	0.037693
8071	0.041037	-0.002504	0.046101
8072	0.042343	0.007741	0.053203
8073	0.048734	0.006630	0.073211
8074	0.061685	0.018507	0.075110
8075	0.069718	0.028429	0.086078
8076	0.074980	0.024049	0.086846
8077	0.070593	0.019882	0.091815
8078	0.063019	0.002018	0.097707
8079	0.062245	-0.026591	0.103493
8080	0.048627	-0.027348	0.110782
8081	0.048035	-0.012744	0.098046
8082	0.052425	-0.019976	0.088431
8083	0.044272	-0.003754	0.092806
8084	0.033085	-0.012651	0.085769
8085	0.022363	0.027083	0.091992
8086	0.017212	0.004129	0.089257
8087	0.020384	-0.016189	0.090631
8088	0.022219	-0.022161	0.087355
8089	0.024310	0.022437	0.080097
8090	0.032378	-0.020161	0.078599
8091	0.034047	-0.058828	0.065226
8092	0.031562	-0.046775	0.065672
8093	0.027883	-0.025107	0.058219
8094	0.034897	-0.008961	0.055085
8095	0.034342	0.010495	0.051487
8096	0.033798	0.012202	0.048445
8097	0.034780	0.017285	0.044073
8098	0.025638	0.026933	0.043594
8099	0.016968	0.033127	0.039958
8100	0.001417	-0.010606	0.038319
8101	-0.008228	-0.000028	0.045819
8102	-0.031362	0.009995	0.050966
8103	-0.047350	0.026159	0.049198
8104	-0.057597	0.049173	0.048656
8105	-0.068106	0.010326	0.048083
8106	-0.071092	0.003488	0.040951
8107	-0.075930	-0.006263	0.031530
8108	-0.089520	0.010845	0.016469
8109	-0.093319	0.023826	0.014797
8110	-0.097255	0.013769	0.010528
8111	-0.106048	0.010320	0.003848
8112	-0.106568	0.006969	0.005892
8113	-0.109093	-0.027303	0.010665
8114	-0.105967	0.014834	0.009507
8115	-0.099175	-0.010779	0.011316
8116	-0.088535	-0.029232	0.015598
8117	-0.079166	-0.026237	0.008558
8118	-0.065220	-0.006561	0.006767
8119	-0.062101	-0.028403	0.002266
8120	-0.054693	-0.020505	-0.004551
8121	-0.051536	-0.029496	0.002303
8122	-0.053826	0.000328	-0.006412
8123	-0.054034	0.015218	-0.000705
8124	-0.052718	-0.011127	-0.007490
8125	-0.042715	0.008899	-0.011525
8126	-0.047935	-0.011597	-0.013997
8127	-0.052988	0.005656	-0.010697
8128	-0.049103	-0.013022	-0.012399
8129	-0.051190	-0.001784	-0.015103
8130	-0.069432	-0.032421	-0.019322
8131	-0.075705	-0.008647	-0.009791
8132	-0.065899	-0.012062	-0.006853
8133	-0.050727	0.003975	-0.007550
8134	-0.041189	0.034641	-0.006201
8135	-0.018482	0.021684	-0.007905
8136	0.004002	0.011102	-0.003562
8137	0.016938	0.009233	0.001283
8138	0.019134	0.021915	-0.000815
8139	0.018168	0.053475	-0.005079
8140	0.006471	0.037253	-0.013935
8141	0.002287	0.081449	-0.024207
8142	-0.002295	0.047382	-0.028092
8143	-0.003943	0.036500	-0.020644
8144	-0.002908	0.021246	-0.028803
8145	0.005553	-0.002927	-0.035520
8146	0.008755	-0.016342	-0.032668
8147	0.003692	-0.002462	-0.043721
8148	-0.009690	0.027525	-0.051048
8149	-0.029723	0.025503	-0.056702
8150	-0.051821	0.019086	-0.060640
8151	-0.063684	0.023620	-0.079407
8152	-0.068271	0.024461	-0.085344
8153	-0.077138	-0.001786	-0.084321
8154	-0.075544	0.005505	-0.095771
8155	-0.068804	-0.011448	-0.103700
8156	-0.062617	-0.020742	-0.113241
8157	-0.061043	-0.025581	-0.118047
8158	-0.066755	-0.006787	-0.128434
8159	-0.068054	0.004516	-0.126616
8160	-0.068295	-0.020614	-0.130869
8161	-0.061868	-0.018083	-0.135714
8162	-0.053839	-0.012070	-0.136166
8163	-0.057523	-0.017956	-0.141992
8164	-0.061845	-0.005807	-0.137182
8165	-0.058785	-0.001784	-0.126286
8166	-0.057977	-0.011998	-0.126289
8167	-0.057322	-0.019326	-0.126221
8168	-0.050406	0.001285	-0.130239
8169	-0.038360	-0.017984	-0.127147
8170	-0.030427	0.009796	-0.124857
8171	-0.032328	0.024594	-0.114802
8172	-0.023936	0.016120	-0.109083
8173	-0.013998	0.011663	-0.103773
8174	-0.004683	0.003172	-0.103512
8175	0.005126	0.043889	-0.103424
8176	0.008217	0.020677	-0.109025
8177	0.002101	0.049561	-0.107862
8178	-0.008994	0.024606	-0.097126
8179	-0.006016	-0.016586	-0.092117
8180	0.000159	-0.012910	-0.091045
8181	0.010234	-0.030742	-0.081622
8182	0.017699	0.013879	-0.085555
8183	0.017009	0.008649	-0.091557
8184	0.010258	0.022969	-0.088527
8185	0.008726	0.043735	-0.090620
8186	0.001144	0.037115	-0.084069
8187	-0.007135	0.013125	-0.082153
8188	-0.013835	-0.006113	-0.075616
8189	-0.008396	-0.008567	-0.070696
8190	-0.014320	0.006932	-0.073518
8191	-0.006496	0.010342	-0.074066
8192	-0.006640	0.066590	-0.069163
8193	-0.022095	0.013461	-0.063179
8194	-0.032600	0.026450	-0.067740
8195	-0.045850	-0.026810	-0.079439
8196	-0.067695	-0.026146	-0.082205
8197	-0.084514	-0.023604	-0.079657
8198	-0.084186	-0.077761	-0.069712
8199	-0.072280	-0.062563	-0.073546
8200	-0.067757	-0.050808	-0.080955
8201	-0.056499	-0.076806	-0.076900
8202	-0.045483	-0.064611	-0.071742
8203	-0.035860	-0.020306	-0.065535
8204	-0.029315	-0.032188	-0.070797
8205	-0.030355	-0.006988	-0.072218
8206	-0.038798	-0.016972	-0.077700
8207	-0.035230	-0.037488	-0.078988
8208	-0.032215	-0.032243	-0.078677
8209	-0.034577	-0.027061	-0.085552
8210	-0.036881	-0.043355	-0.098857
8211	-0.032526	-0.008757	-0.107851
8212	-0.018766	0.008834	-0.115007
8213	-0.006768	-0.032855	-0.118398
8214	-0.007994	0.020354	-0.128244
8215	-0.006886	0.035176	-0.125946
8216	-0.002156	0.021965	-0.126436
8217	0.005034	0.067017	-0.130850
8218	0.020086	0.052405	-0.132133
8219	0.025797	0.025083	-0.139651
8220	0.026446	0.014054	-0.150728
8221	0.035461	0.002263	-0.147385
8222	0.042737	0.018913	-0.154877
8223	0.047584	0.024924	-0.159883
8224	0.046253	0.004868	-0.165991
8225	0.036032	-0.003458	-0.172235
8226	0.028282	-0.015890	-0.173705
8227	0.011155	-0.012829	-0.181786
8228	-0.005313	-0.005195	-0.189389
8229	-0.016108	-0.038846	-0.186447
8230	-0.025315	-0.034628	-0.185421
8231	-0.031792	-0.051956	-0.182767
8232	-0.030194	-0.044483	-0.176427
8233	-0.031232	-0.053754	-0.174986
8234	-0.035057	-0.018728	-0.163910
8235	-0.040063	-0.032592	-0.148576
8236	-0.048889	-0.040540	-0.134495
8237	-0.042208	-0.039344	-0.125217
8238	-0.037564	-0.058156	-0.116946
8239	-0.042562	-0.065093	-0.101498
8240	-0.038367	-0.095799	-0.089207
8241	-0.031323	-0.055213	-0.081363
8242	-0.031531	0.023218	-0.072006
8243	-0.032396	-0.008638	-0.064555
8244	-0.017308	0.012482	-0.041921
8245	-0.006380	-0.024659	-0.044053
8246	0.002310	-0.026510	-0.040114
8247	0.015554	0.002964	-0.032177
8248	0.014847	-0.000718	-0.028510
8249	0.020835	0.042045	-0.020408
8250	0.027367	0.028334	-0.021996
8251	0.041441	0.011958	-0.017445
8252	0.036729	0.029234	-0.009634
8253	0.015016	0.019679	-0.015553
8254	-0.003733	-0.011930	-0.011711
8255	-0.036526	-0.002918	-0.003603
8256	-0.045528	-0.006936	0.002481
8257	-0.050818	-0.007123	0.007577
8258	-0.055254	0.001352	0.008421
8259	-0.056634	-0.001157	0.008113
8260	-0.070048	0.011518	0.003564
8261	-0.069053	-0.006487	-0.002741
8262	-0.071310	0.000483	-0.015676
8263	-0.063203	-0.008141	-0.022755
8264	-0.052235	-0.023581	-0.028148
8265	-0.067409	-0.022442	-0.022320
8266	-0.060885	-0.017871	-0.023706
8267	-0.063931	-0.012280	-0.021788
8268	-0.063789	-0.007035	-0.013629
8269	-0.056342	0.005893	-0.013410
8270	-0.054215	0.019778	-0.008861
8271	-0.054796	0.003238	-0.006697
8272	-0.054953	-0.009826	0.001662
8273	-0.046478	-0.007754	0.012542
8274	-0.048036	0.010121	0.012467
8275	-0.047369	0.021798	0.007063
8276	-0.043109	-0.012738	0.007510
8277	-0.033725	-0.014906	0.015787
8278	-0.032863	0.018325	0.026012
8279	-0.044011	0.014850	0.019177
8280	-0.045228	-0.001776	0.014802
8281	-0.054374	0.002533	0.013666
8282	-0.056488	0.004218	0.023369
8283	-0.058293	0.007833	0.027968
8284	-0.073800	0.006014	0.027597
8285	-0.075550	0.032557	0.032369
8286	-0.055525	0.011988	0.035777
8287	-0.048220	0.081024	0.043329
8288	-0.046683	0.075948	0.049571
8289	-0.042750	0.034226	0.057539
8290	-0.045616	0.057516	0.066851
8291	-0.041931	0.035162	0.063509
8292	-0.039492	0.017524	0.065243
8293	-0.025297	-0.001638	0.068973
8294	-0.005251	-0.006750	0.079854
8295	0.010504	-0.024264	0.096052
8296	0.026003	-0.023905	0.098636
8297	0.042722	-0.028837	0.105171
8298	0.047645	-0.031465	0.107603
8299	0.051213	0.008821	0.113455
8300	0.065995	0.004844	0.118635
8301	0.074437	0.024838	0.111989
8302	0.069442	-0.005852	0.112045
8303	0.078278	0.002495	0.107110
8304	0.078770	0.035664	0.101140
8305	0.085793	0.019968	0.095562
8306	0.089959	0.018849	0.095669
8307	0.090260	-0.014075	0.086613
8308	0.080528	-0.038099	0.078762
8309	0.085906	-0.060887	0.075810
8310	0.077609	-0.033810	0.069862
8311	0.076645	-0.030415	0.059249
8312	0.068705	-0.015754	0.028945
8313	0.060328	0.005624	0.014110
8314	0.050519	-0.011753	-0.000807
8315	0.037449	-0.018502	-0.010580
8316	0.024406	-0.009412	-0.011869
8317	0.021165	-0.012969	-0.015497
8318	0.023121	0.005032	-0.029072
8319	0.025481	-0.007480	-0.018055
8320	0.038408	-0.002059	-0.019273
8321	0.052029	-0.003139	-0.009974
8322	0.064219	0.000433	-0.029799
8323	0.071160	0.042422	-0.029971
8324	0.067279	0.036138	-0.026931
8325	0.069557	0.014050	-0.033612
8326	0.068659	-0.025014	-0.040685
8327	0.070022	-0.023729	-0.046356
8328	0.069662	-0.017043	-0.049456
8329	0.070428	0.004294	-0.047257
8330	0.068926	-0.011475	-0.030003
8331	0.071845	-0.013950	-0.020035
8332	0.072464	-0.064159	-0.005966
8333	0.069486	-0.043229	0.012314
8334	0.064183	-0.009435	0.026601
8335	0.065093	-0.069648	0.048497
8336	0.069061	-0.015219	0.064492
8337	0.054740	-0.009779	0.076308
8338	0.030846	-0.025691	0.077185
8339	0.021716	-0.011929	0.073756
8340	0.013829	-0.003202	0.069090
8341	0.004637	-0.019834	0.077420
8342	0.006694	-0.005741	0.080727
8343	0.003218	-0.002500	0.073322
8344	-0.016204	0.011592	0.067418
8345	-0.023318	0.023024	0.068770
8346	-0.022078	0.005675	0.074401
8347	-0.035321	-0.024104	0.082548
8348	-0.044328	-0.007049	0.091446
8349	-0.048772	-0.023817	0.086851
8350	-0.051780	-0.024565	0.086013
8351	-0.045568	0.002026	0.083822
8352	-0.045007	-0.013569	0.084871
8353	-0.046655	0.016540	0.083571
8354	-0.049649	-0.007633	0.093661
8355	-0.059417	-0.015427	0.089727
8356	-0.077786	-0.024762	0.093911
8357	-0.085608	-0.015714	0.098343
8358	-0.080125	-0.069051	0.107842
8359	-0.067452	-0.045503	0.109258
8360	-0.058457	-0.019862	0.115565
8361	-0.062167	-0.042354	0.113581
8362	-0.055195	-0.041412	0.121341
8363	-0.041448	-0.015373	0.120231
8364	-0.033004	-0.020407	0.115972
8365	-0.022449	-0.017529	0.118149
8366	-0.013712	-0.022595	0.119533
8367	-0.009319	-0.031716	0.123240
8368	-0.007159	-0.036636	0.127743
8369	-0.002171	-0.033990	0.129792
8370	0.007864	-0.026955	0.129347
8371	0.017557	-0.036566	0.134689
8372	0.030590	-0.037804	0.145414
8373	0.033032	-0.001670	0.136181
8374	0.048708	0.008866	0.133545
8375	0.059917	0.025918	0.132173
8376	0.069081	0.028498	0.140144
8377	0.085163	-0.004724	0.140087
8378	0.093590	0.013860	0.139139
8379	0.092727	0.011657	0.133885
8380	0.087550	-0.009414	0.129446
8381	0.089582	-0.025180	0.118111
8382	0.078517	-0.007201	0.116537
8383	0.070042	-0.023688	0.102045
8384	0.067193	0.004198	0.095947
8385	0.061498	0.019575	0.082253
8386	0.049777	-0.005963	0.066574
8387	0.025146	0.024174	0.053289
8388	0.011473	-0.002897	0.038016
8389	-0.008341	-0.021631	0.013703
8390	-0.032156	-0.025335	0.001652
8391	-0.049043	-0.039166	-0.007886
8392	-0.060676	-0.033063	-0.007269
8393	-0.069581	-0.015092	-0.010021
8394	-0.085020	-0.004503	-0.010689
8395	-0.091841	0.011592	-0.010877
8396	-0.095928	0.019671	-0.011171
8397	-0.092935	0.027677	-0.011479
8398	-0.081532	0.027344	-0.026794
8399	-0.071247	-0.016668	-0.035129
8400	-0.061476	0.019232	-0.035262
8401	-0.047935	0.039947	-0.016092
8402	-0.027837	0.008067	-0.015490
8403	-0.007130	0.020864	-0.006657
8404	0.009837	0.035163	-0.014525
8405	0.012349	0.013156	-0.009787
8406	0.008669	0.030901	-0.006603
8407	0.002842	0.052066	-0.003882
8408	-0.003542	0.050473	0.001443
8409	-0.014542	0.022090	0.000579
8410	-0.030646	-0.016700	0.005591
8411	-0.041882	0.016122	0.000844
8412	-0.070314	0.047529	0.001873
8413	-0.095119	0.028315	0.006783
8414	-0.097788	0.010120	0.001197
8415	-0.105468	0.025639	0.014848
8416	-0.115870	-0.006709	0.024138
8417	-0.122618	-0.038408	0.035926
8418	-0.120606	0.007354	0.036907
8419	-0.116561	0.017701	0.026027
8420	-0.110229	0.002203	0.022327
8421	-0.111631	0.020491	0.023334
8422	-0.108303	0.027055	0.023592
8423	-0.109725	0.006818	0.031563
8424	-0.109726	0.047438	0.030690
8425	-0.110650	0.013087	0.030288
8426	-0.110019	0.032092	0.035570
8427	-0.108017	0.012757	0.047630
8428	-0.087422	0.038506	0.060692
8429	-0.072332	-0.012866	0.061668
8430	-0.069956	-0.017621	0.056687
8431	-0.060993	-0.019376	0.053749
8432	-0.043322	-0.014253	0.041821
8433	-0.033303	0.040334	0.040023
8434	-0.016292	0.012120	0.030841
8435	-0.002017	-0.009673	0.027543
8436	0.007968	0.011181	0.020118
8437	0.000736	0.023428	0.010312
8438	0.003326	0.005998	0.016233
8439	-0.003642	0.025351	0.013942
8440	0.006752	0.030607	0.005969
8441	0.029926	0.073389	0.003594
8442	0.041479	0.040869	0.005252
8443	0.044867	0.000272	-0.004177
8444	0.044932	0.001093	-0.014733
8445	0.042119	-0.015689	-0.018586
8446	0.047102	-0.005300	-0.016066
8447	0.053482	-0.021262	-0.014492
8448	0.061622	-0.001124	-0.015383
8449	0.062739	-0.007114	-0.014164
8450	0.066370	-0.014671	-0.025945
8451	0.079688	-0.005008	-0.032984
8452	0.080271	-0.014334	-0.036928
8453	0.087167	-0.008044	-0.039394
8454	0.087155	-0.038678	-0.031386
8455	0.086432	-0.050678	-0.036322
8456	0.070466	-0.010195	-0.045199
8457	0.055235	-0.041209	-0.045926
8458	0.054258	-0.012312	-0.048888
8459	0.052297	-0.007736	-0.040362
8460	0.068634	0.007953	-0.036343
8461	0.074252	0.023676	-0.027559
8462	0.088492	0.028237	-0.031684
8463	0.103272	0.016458	-0.024015
8464	0.116831	0.040501	-0.023851
8465	0.118084	-0.010116	-0.025416
8466	0.114518	-0.016616	-0.007604
8467	0.115672	-0.007201	-0.006397
8468	0.124446	0.004252	-0.002213
8469	0.127568	0.011020	-0.010132
8470	0.129642	0.015411	-0.013658
8471	0.146066	0.011121	-0.019792
8472	0.139144	0.000019	-0.014332
8473	0.142877	0.027226	-0.009122
8474	0.146514	0.002565	-0.000650
8475	0.145717	0.006813	0.000462
8476	0.153747	-0.014777	-0.004327
8477	0.151697	0.006361	-0.005080
8478	0.147539	-0.020315	-0.004067
8479	0.151071	0.008089	-0.007899
8480	0.148454	0.014685	0.001796
8481	0.134682	-0.005881	-0.003303
8482	0.118908	0.012882	-0.003936
8483	0.105675	0.024518	-0.007860
8484	0.097866	0.056205	-0.016655
8485	0.095663	0.035934	-0.022730
8486	0.098011	0.023085	-0.025315
8487	0.092458	0.043437	-0.030836
8488	0.090957	0.013370	-0.048003
8489	0.086804	0.032479	-0.054243
8490	0.071493	0.020352	-0.056291
8491	0.070253	-0.019372	-0.075177
8492	0.071293	-0.013972	-0.085506
8493	0.074749	-0.026845	-0.087750
8494	0.081961	0.000746	-0.088988
8495	0.086182	-0.036721	-0.092911
8496	0.098403	-0.018686	-0.105195
8497	0.102347	-0.008912	-0.121726
8498	0.107328	0.016425	-0.128743
8499	0.110143	0.036073	-0.135838
8500	0.114834	0.010473	-0.133712
8501	0.105746	-0.023540	-0.144275
8502	0.106854	-0.029874	-0.151317
8503	0.102716	-0.002333	-0.155198
8504	0.106680	-0.044877	-0.156623
8505	0.115346	-0.038451	-0.161477
8506	0.120552	-0.045110	-0.167227
8507	0.115723	-0.018899	-0.183239
8508	0.119847	-0.044667	-0.185659
8509	0.110153	-0.016734	-0.181565
8510	0.104725	0.006900	-0.178273
8511	0.091051	-0.030751	-0.179133
8512	0.091200	-0.048034	-0.173021
8513	0.087857	-0.003987	-0.167507
8514	0.079158	-0.023777	-0.165017
8515	0.075962	-0.019131	-0.164357
8516	0.068052	-0.036819	-0.167374
8517	0.066718	-0.018901	-0.169437
8518	0.081363	-0.023928	-0.165957
8519	0.093329	-0.040110	-0.165886
8520	0.090132	-0.050829	-0.169252
8521	0.077395	-0.020587	-0.165544
8522	0.063244	-0.004949	-0.147878
8523	0.045634	-0.017855	-0.143527
8524	0.032679	-0.021010	-0.140775
8525	0.027216	-0.003712	-0.135590
8526	0.019902	0.006766	-0.142897
8527	0.014307	-0.019439	-0.142551
8528	0.021639	0.007419	-0.142279
8529	0.034466	0.001099	-0.128884
8530	0.053834	-0.004231	-0.115904
8531	0.074009	-0.003261	-0.108676
8532	0.088894	0.026240	-0.101645
8533	0.100159	-0.015039	-0.091598
8534	0.104611	-0.044750	-0.092444
8535	0.111388	-0.000344	-0.079275
8536	0.117069	0.013425	-0.071971
8537	0.111089	0.028386	-0.058981
8538	0.109119	0.008612	-0.053465
8539	0.109853	-0.024726	-0.042877
8540	0.096547	0.001200	-0.037575
8541	0.082235	0.012059	-0.015320
8542	0.074053	-0.031227	-0.007569
8543	0.053088	-0.000713	0.002027
8544	0.037466	-0.011467	0.007768
8545	0.025910	-0.043836	0.009672
8546	0.018543	-0.035835	0.009221
8547	0.014595	-0.057875	0.007813
8548	0.022318	-0.019459	0.006223
8549	0.006961	-0.038102	-0.002403
8550	0.001499	-0.062223	-0.000462
8551	-0.000529	-0.016993	0.007302
8552	-0.011267	-0.003587	0.008481
8553	-0.028431	0.028865	0.018132
8554	-0.042316	0.011462	0.022288
8555	-0.049788	0.011728	0.043000
8556	-0.047321	0.002495	0.056833
8557	-0.056309	-0.031800	0.051387
8558	-0.050999	-0.015655	0.055893
8559	-0.045778	-0.018067	0.052644
8560	-0.038128	-0.035800	0.049169
8561	-0.023956	-0.055551	0.051217
8562	-0.005381	-0.039692	0.051750
8563	0.005872	-0.010167	0.052249
8564	0.016236	0.026075	0.038692
8565	0.030595	0.016416	0.032114
8566	0.039878	-0.003853	0.025387
8567	0.046914	-0.004718	0.013630
8568	0.048972	-0.013185	0.000638
8569	0.050600	-0.006591	-0.004774
8570	0.054873	0.032715	-0.011770
8571	0.047803	0.025685	-0.013103
8572	0.033525	0.032320	-0.018652
8573	0.032173	0.015132	-0.023591
8574	0.032129	0.000927	-0.024597
8575	0.033122	0.018416	-0.031322
8576	0.036495	0.052757	-0.034115
8577	0.036294	-0.022993	-0.046997
8578	0.026343	-0.031859	-0.047781
8579	0.020069	-0.017605	-0.051473
8580	0.018007	-0.053607	-0.051180
8581	0.006134	-0.036792	-0.051474
8582	0.001766	-0.027464	-0.061526
8583	0.001146	-0.048432	-0.070267
8584	-0.001840	-0.087350	-0.075869
8585	-0.001754	-0.032334	-0.069603
8586	0.009621	-0.029803	-0.070964
8587	0.019190	-0.022858	-0.068374
8588	0.025848	0.013541	-0.063451
8589	0.025143	-0.030935	-0.061425
8590	0.020533	-0.001240	-0.049590
8591	0.012441	0.001250	-0.043899
8592	0.010029	-0.006992	-0.035021
8593	-0.000106	0.009640	-0.052022
8594	-0.005400	0.025833	-0.052228
8595	-0.002413	-0.016171	-0.070644
8596	-0.000504	-0.017558	-0.081252
8597	-0.001279	0.002586	-0.082418
8598	0.015190	0.036159	-0.085974
8599	0.032020	0.029671	-0.086515
8600	0.054285	0.010330	-0.099979
8601	0.055515	0.010403	-0.100184
8602	0.057115	-0.007008	-0.108048
8603	0.051609	-0.040426	-0.111768
8604	0.050427	-0.016978	-0.113156
8605	0.052817	-0.037686	-0.104329
8606	0.061324	-0.028548	-0.081729
8607	0.071085	-0.038364	-0.063346
8608	0.065147	-0.009392	-0.065540
8609	0.054696	0.028931	-0.047531
8610	0.032735	0.004214	-0.026931
8611	0.014923	0.000099	-0.013109
8612	0.001822	0.002335	-0.011421
8613	-0.004503	0.007028	-0.012749
8614	-0.017267	-0.020648	-0.018743
8615	-0.025972	-0.007023	-0.005855
8616	-0.031989	0.030727	-0.006551
8617	-0.023730	0.037885	-0.008738
8618	-0.016707	0.026367	-0.000200
8619	-0.005747	0.052088	0.002991
8620	-0.004932	0.030300	0.015209
8621	-0.002837	0.016329	0.026586
8622	0.006369	0.027241	0.036190
8623	0.022166	0.027691	0.035941
8624	0.025831	0.013977	0.043298
8625	0.037114	0.005201	0.053031
8626	0.049516	-0.035252	0.061376
8627	0.057523	-0.042261	0.060637
8628	0.048522	-0.017412	0.059936
8629	0.035351	-0.031130	0.050365
8630	0.026112	-0.029509	0.033976
8631	0.015829	-0.015179	0.026645
8632	0.009284	-0.043052	0.018411
8633	0.000398	-0.003222	0.020143
8634	-0.004433	-0.005325	0.029573
8635	-0.002462	-0.008228	0.037479
8636	0.010821	-0.001479	0.054269
8637	0.012820	-0.006768	0.063788
8638	0.003768	0.020415	0.070270
8639	-0.013683	0.021095	0.066317
8640	-0.017516	0.000243	0.061607
8641	-0.026426	-0.010709	0.054728
8642	-0.042491	0.014136	0.059732
8643	-0.052574	-0.007028	0.061563
8644	-0.048959	0.015045	0.049113
8645	-0.036225	0.027833	0.057592
8646	-0.032399	0.029474	0.062549
8647	-0.042266	0.013719	0.067941
8648	-0.041537	0.037254	0.076573
8649	-0.045868	-0.014064	0.077336
8650	-0.048822	-0.021022	0.082255
8651	-0.068667	-0.009800	0.078567
8652	-0.071838	-0.038745	0.066912
8653	-0.065723	0.016706	0.058789
8654	-0.057038	-0.010017	0.049507
8655	-0.042246	-0.032190	0.030878
8656	-0.020819	-0.054763	0.010377
8657	-0.008104	-0.075901	-0.002899
8658	0.007019	-0.040730	-0.017637
8659	0.021616	-0.016406	-0.021128
8660	0.023717	0.012086	-0.031476
8661	0.035632	0.010974	-0.038377
8662	0.056067	0.009031	-0.044278
8663	0.063194	0.033015	-0.051451
8664	0.066700	0.004304	-0.057406
8665	0.069139	-0.006049	-0.065152
8666	0.068177	0.006600	-0.073792
8667	0.049561	-0.019260	-0.081837
8668	0.020111	-0.010534	-0.106269
8669	0.019156	0.007128	-0.107422
8670	0.016085	0.017824	-0.126131
8671	0.005416	0.044636	-0.131948
8672	0.003505	0.018212	-0.138932
8673	-0.004214	0.018090	-0.151365
8674	-0.011984	0.051731	-0.151819
8675	-0.030698	-0.045222	-0.146012
8676	-0.043714	-0.066761	-0.139831
8677	-0.049616	-0.016141	-0.140306
8678	-0.055332	0.014796	-0.127368
8679	-0.065283	-0.033050	-0.114980
8680	-0.058345	0.003407	-0.090120
8681	-0.060455	-0.011063	-0.074802
8682	-0.057291	-0.020923	-0.075400
8683	-0.072503	-0.001841	-0.070234
8684	-0.087439	-0.042121	-0.066623
8685	-0.095814	-0.034426	-0.067431
8686	-0.091827	-0.022034	-0.061769
8687	-0.103109	-0.014195	-0.057344
8688	-0.115942	0.002089	-0.050762
8689	-0.118418	0.035154	-0.035168
8690	-0.117070	-0.009818	-0.037582
8691	-0.106613	-0.010723	-0.033160
8692	-0.103119	-0.018226	-0.026950
8693	-0.093757	-0.043079	-0.020120
8694	-0.099408	-0.010270	-0.011133
8695	-0.095113	-0.000138	0.000126
8696	-0.099011	-0.086459	0.010836
8697	-0.103151	-0.065950	0.015009
8698	-0.097072	-0.023013	0.018324
8699	-0.070408	-0.005094	0.022187
8700	-0.055969	-0.057041	0.026553
8701	-0.046997	-0.043795	0.045351
8702	-0.036328	-0.076913	0.047641
8703	-0.029315	-0.053508	0.058678
8704	-0.035213	0.004717	0.056095
8705	-0.040443	0.013866	0.062653
8706	-0.040412	0.001296	0.059115
8707	-0.043654	-0.017796	0.060641
8708	-0.040648	0.009957	0.079336
8709	-0.044637	0.003134	0.093921
8710	-0.033272	-0.002054	0.111068
8711	-0.019574	-0.027516	0.118183
8712	-0.022496	-0.046801	0.141938
8713	-0.033454	-0.005190	0.150544
8714	-0.032568	0.017417	0.152210
8715	-0.010161	0.006811	0.166836
8716	0.007948	-0.021703	0.186266
8717	0.016635	-0.008129	0.208763
8718	0.028738	0.006566	0.223560
8719	0.026861	0.018248	0.230916
8720	0.033901	0.000087	0.234150
8721	0.043407	-0.013760	0.236159
8722	0.046023	-0.025795	0.239341
8723	0.050154	-0.039998	0.262765
8724	0.063574	-0.016380	0.264237
8725	0.057023	0.001392	0.279355
8726	0.051660	0.005113	0.277213
8727	0.044902	0.042726	0.278584
8728	0.055256	0.004369	0.284143
8729	0.063831	0.031706	0.294833
8730	0.074946	0.015039	0.297006
8731	0.083086	0.009506	0.291972
8732	0.086292	-0.027686	0.280600
8733	0.080551	-0.006777	0.267165
8734	0.087568	0.023971	0.248412
8735	0.104624	0.009576	0.233220
8736	0.109507	-0.019038	0.218826
8737	0.104868	0.028189	0.204164
8738	0.072411	0.013947	0.195583
8739	0.048101	-0.014470	0.194149
8740	0.021081	-0.032755	0.185744
8741	0.008753	-0.035687	0.181579
8742	0.004056	-0.026148	0.165319
8743	-0.001603	-0.058559	0.160971
8744	-0.015037	-0.031012	0.156789
8745	-0.008982	-0.015484	0.150417
8746	-0.000962	-0.008200	0.142842
8747	0.018504	-0.029820	0.129426
8748	0.036565	-0.013419	0.112460
8749	0.025429	0.022983	0.100746
8750	0.000539	0.024311	0.065301
8751	-0.004963	0.018023	0.033442
8752	0.000550	-0.011031	0.008695
8753	-0.005297	-0.010578	-0.011691
8754	0.000874	0.033713	-0.022643
8755	0.003087	0.028213	-0.034979
8756	0.013913	0.029046	-0.051376
8757	0.018852	0.023181	-0.067209
8758	0.027468	0.018342	-0.069485
8759	0.036693	0.024944	-0.079364
8760	0.039882	0.004899	-0.077629
8761	0.043764	-0.010233	-0.075524
8762	0.035553	0.009514	-0.091974
8763	0.031262	-0.001282	-0.090716
8764	0.031457	0.032676	-0.084138
8765	0.032992	0.037444	-0.077867
8766	0.035715	0.009689	-0.076922
8767	0.034503	0.004497	-0.081761
8768	0.035337	0.024222	-0.092683
8769	0.046561	-0.028678	-0.100016
8770	0.051155	-0.026277	-0.094907
8771	0.048602	0.022822	-0.092633
8772	0.048206	-0.014358	-0.097623
8773	0.052890	0.017339	-0.099600
8774	0.048825	-0.016440	-0.099525
8775	0.033080	-0.025269	-0.092039
8776	0.023320	0.014622	-0.091376
8777	0.021832	-0.018870	-0.096018
8778	0.021318	0.002153	-0.088197
8779	0.026118	0.025367	-0.084885
8780	0.036593	0.005295	-0.097234
8781	0.049174	0.024173	-0.101835
8782	0.052976	0.030591	-0.110246
8783	0.056279	0.020123	-0.111610
8784	0.061573	0.009368	-0.112565
8785	0.048060	0.019805	-0.112652
8786	0.028994	-0.012573	-0.112580
8787	0.019317	0.018932	-0.119740
8788	0.008722	0.029192	-0.133032
8789	0.005094	0.018391	-0.133494
8790	0.021814	0.026260	-0.129685
8791	0.023938	0.023859	-0.126383
8792	0.035053	0.001586	-0.117568
8793	0.033317	-0.044669	-0.119626
8794	0.029969	-0.003054	-0.121781
8795	0.035751	-0.003797	-0.118103
8796	0.043117	0.050829	-0.124546
8797	0.051579	0.005508	-0.134264
8798	0.040885	0.009418	-0.159578
8799	0.020751	0.033925	-0.167127
8800	0.016823	0.043901	-0.173993
8801	0.009474	0.089544	-0.175111
8802	0.013138	0.119089	-0.182042
8803	0.012169	0.054220	-0.186575
8804	0.016827	-0.026592	-0.182801
8805	0.004835	0.017231	-0.173875
8806	0.009087	-0.014893	-0.160786
8807	-0.002006	0.004823	-0.146541
8808	-0.005546	0.007942	-0.132439
8809	-0.008088	-0.056721	-0.123967
8810	-0.009728	-0.064809	-0.108224
8811	-0.001701	-0.035326	-0.102713
8812	0.003828	-0.023335	-0.107090
8813	0.018832	-0.022605	-0.110398
8814	0.028246	0.023721	-0.102954
8815	0.035665	0.004293	-0.090715
8816	0.036865	0.051956	-0.079039
8817	0.032351	0.043783	-0.066912
8818	0.030659	0.022105	-0.060315
8819	0.027056	-0.003661	-0.044698
8820	0.012081	-0.004826	-0.027886
8821	0.008169	-0.037213	-0.007011
8822	0.005052	-0.008593	0.001879
8823	0.005561	-0.015174	0.008158
8824	0.011651	-0.007558	0.008415
8825	0.010814	0.027337	0.016205
8826	0.015771	0.010523	0.011964
8827	0.007684	-0.010615	0.009831
8828	-0.004379	-0.015763	-0.002431
8829	-0.005437	0.008474	0.015961
8830	0.002251	-0.010597	0.007725
8831	0.012817	-0.042128	0.003713
8832	0.014164	-0.020156	-0.005449
8833	0.019163	-0.057530	-0.016930
8834	0.026334	0.007873	-0.022101
8835	0.016749	-0.022408	-0.023489
8836	0.009312	0.007190	-0.027099
8837	0.004683	0.017038	-0.023876
8838	-0.011378	-0.012024	-0.009018
8839	-0.016587	-0.011019	0.007856
8840	-0.015586	-0.002144	0.031751
8841	0.009459	0.021269	0.046765
8842	0.023512	0.001946	0.059976
8843	0.030242	-0.009471	0.074076
8844	0.028892	0.059406	0.070178
8845	0.019609	0.053699	0.070930
8846	0.015795	0.014046	0.071477
8847	0.013021	0.047060	0.066266
8848	0.001837	0.001832	0.064714
8849	0.003915	0.030919	0.058677
8850	0.004368	0.029706	0.049919
8851	0.008741	0.039507	0.048008
8852	0.012512	0.106088	0.045789
8853	0.008752	0.065051	0.038463
8854	0.012230	0.014122	0.047547
8855	0.020930	-0.021758	0.045913
8856	0.028954	-0.013472	0.044278
8857	0.039812	0.002180	0.038486
8858	0.034470	0.031704	0.035768
8859	0.027747	-0.018298	0.048572
8860	0.031636	-0.009589	0.048026
8861	0.039615	-0.039155	0.044977
8862	0.051346	-0.070905	0.038841
8863	0.059627	-0.038729	0.020991
8864	0.061348	-0.029763	-0.000680
8865	0.068287	-0.054921	-0.015430
8866	0.075276	-0.018999	-0.025693
8867	0.064668	0.001416	-0.024615
8868	0.057495	-0.017129	-0.027251
8869	0.045554	0.002317	-0.028225
8870	0.038851	-0.022559	-0.043142
8871	0.042681	-0.010077	-0.048470
8872	0.037339	0.013433	-0.066150
8873	0.030886	-0.001573	-0.075360
8874	0.035880	-0.029243	-0.078343
8875	0.041482	0.039742	-0.089065
8876	0.048549	0.018031	-0.083962
8877	0.039375	-0.018233	-0.093632
8878	0.007455	0.014991	-0.109662
8879	0.001311	-0.015790	-0.107487
8880	-0.006898	0.022899	-0.107967
8881	-0.013927	0.014450	-0.114368
8882	-0.024153	0.031049	-0.106509
8883	-0.020380	0.031483	-0.098358
8884	-0.016322	0.005763	-0.079307
8885	-0.019091	0.004544	-0.070741
8886	-0.007425	0.008329	-0.062395
8887	0.005745	0.003662	-0.056325
8888	0.024017	-0.047465	-0.055651
8889	0.039925	0.015615	-0.046496
8890	0.040337	0.013409	-0.026273
8891	0.054872	-0.008033	-0.015216
8892	0.063093	-0.024909	-0.008064
8893	0.067491	-0.039655	-0.015365
8894	0.069257	-0.057467	-0.017706
8895	0.056115	-0.051146	-0.016987
8896	0.053358	-0.066078	-0.002216
8897	0.046539	-0.017605	0.008919
8898	0.040171	0.001395	0.018842
8899	0.045204	-0.001566	0.028687
8900	0.049435	-0.031073	0.044053
8901	0.059312	-0.000382	0.056796
8902	0.069847	0.019525	0.063000
8903	0.085360	-0.008310	0.094196
8904	0.083264	-0.045500	0.099518
8905	0.096216	-0.030418	0.104519
8906	0.098824	-0.028784	0.104804
8907	0.097231	-0.021072	0.095140
8908	0.093104	0.010030	0.092786
8909	0.077933	0.017447	0.089374
8910	0.080172	0.041292	0.084255
8911	0.081417	0.001045	0.075514
8912	0.072967	-0.022640	0.063959
8913	0.082090	-0.009996	0.042787
8914	0.094672	-0.027607	0.027279
8915	0.096369	-0.037522	0.013707
8916	0.111989	0.001506	0.002170
8917	0.112005	0.032423	-0.013455
8918	0.116742	0.009316	-0.039711
8919	0.117037	-0.011908	-0.053018
8920	0.112427	0.001268	-0.076230
8921	0.115067	0.003858	-0.083170
8922	0.113922	-0.012214	-0.090921
8923	0.111562	-0.007604	-0.090828
8924	0.108718	-0.008049	-0.101592
8925	0.098790	0.024979	-0.106490
8926	0.103740	0.006748	-0.119558
8927	0.100143	0.024448	-0.125811
8928	0.085444	-0.010887	-0.131464
8929	0.073817	0.009270	-0.135250
8930	0.066057	0.029440	-0.132608
8931	0.047085	0.008770	-0.119062
8932	0.025044	0.040271	-0.122314
8933	0.016209	0.028235	-0.116049
8934	0.008423	0.006932	-0.116661
8935	0.000397	-0.035173	-0.108366
8936	-0.002997	-0.013415	-0.117148
8937	0.006083	-0.000700	-0.102109
8938	0.014755	0.008760	-0.097106
8939	0.015478	0.048999	-0.092338
8940	0.027631	-0.028481	-0.091953
8941	0.034780	-0.004174	-0.081188
8942	0.028310	0.000384	-0.080606
8943	0.021896	-0.031589	-0.066936
8944	0.024193	-0.000842	-0.053244
8945	0.030803	-0.016289	-0.041788
8946	0.029945	-0.023278	-0.024799
8947	0.032839	-0.039664	-0.000377
8948	0.042873	0.016473	-0.004262
8949	0.047362	-0.019124	-0.008821
8950	0.043098	-0.039204	0.000024
8951	0.048266	-0.007220	0.013987
8952	0.045394	0.008315	0.009953
8953	0.039074	0.021284	0.001655
8954	0.017488	0.057977	-0.000453
8955	0.000011	0.065675	-0.007020
8956	-0.012103	0.041692	-0.018250
8957	-0.019776	0.040912	-0.025636
8958	-0.001066	-0.011435	-0.036726
8959	0.024603	0.039806	-0.030399
8960	0.024293	0.046343	-0.027192
8961	0.018335	0.012484	-0.034587
8962	0.024553	0.055800	-0.033066
8963	0.024126	0.008872	-0.015525
8964	0.014051	0.030375	-0.021259
8965	-0.000206	0.025365	-0.005604
8966	-0.012288	-0.018103	0.032923
8967	-0.027757	0.007392	0.042573
8968	-0.034058	-0.010440	0.059995
8969	-0.044407	-0.023993	0.062874
8970	-0.052221	0.001571	0.066884
8971	-0.055940	0.010897	0.068959
8972	-0.062648	-0.020910	0.076941
8973	-0.063733	-0.045674	0.068133
8974	-0.068454	0.002847	0.081031
8975	-0.066874	-0.068366	0.080516
8976	-0.058849	-0.016820	0.086547
8977	-0.046632	-0.011074	0.078596
8978	-0.041970	0.021695	0.068133
8979	-0.046354	0.003365	0.065866
8980	-0.057048	0.030647	0.072997
8981	-0.057676	0.017650	0.071933
8982	-0.067231	0.058916	0.076682
8983	-0.063804	0.071390	0.080460
8984	-0.053180	0.065168	0.069348
8985	-0.050852	0.048893	0.065853
8986	-0.038139	0.047599	0.051127
8987	-0.031238	-0.016624	0.038525
8988	-0.032125	-0.012477	0.022090
8989	-0.032725	0.033720	0.002517
8990	-0.036110	0.017194	-0.008757
8991	-0.039909	0.004969	-0.013270
8992	-0.051801	-0.008503	-0.028729
8993	-0.045750	0.025830	-0.036342
8994	-0.044259	-0.025031	-0.056406
8995	-0.030133	0.024546	-0.073347
8996	-0.013283	-0.008789	-0.082694
8997	0.004366	0.061267	-0.106071
8998	0.015430	0.014530	-0.116356
8999	0.021678	0.009053	-0.142373
9000	0.023357	0.011027	-0.142986
9001	0.019549	-0.008014	-0.161940
9002	0.027855	-0.059144	-0.167018
9003	0.030754	0.041549	-0.174023
9004	0.037259	0.026121	-0.161356
9005	0.035973	-0.002729	-0.150473
9006	0.043632	-0.051110	-0.150293
9007	0.062819	-0.068289	-0.154321
9008	0.079485	-0.008200	-0.161490
9009	0.081213	0.006577	-0.158233
9010	0.089243	-0.023276	-0.155859
9011	0.086305	-0.037753	-0.149423
9012	0.075843	-0.001881	-0.144061
9013	0.069239	0.005210	-0.136175
9014	0.079393	0.051590	-0.125019
9015	0.070691	0.007054	-0.110277
9016	0.063771	0.037948	-0.092832
9017	0.050693	0.061338	-0.081005
9018	0.035400	0.008684	-0.073637
9019	0.028487	-0.020392	-0.064580
9020	0.025852	0.086247	-0.054944
9021	0.029719	0.065360	-0.060347
9022	0.034639	0.004353	-0.057939
9023	0.049583	0.016644	-0.060125
9024	0.036895	0.047014	-0.058072
9025	0.039653	0.013149	-0.039282
9026	0.036866	0.046243	-0.023411
9027	0.031245	0.040114	-0.012817
9028	0.022227	0.003436	-0.001622
9029	0.013605	-0.003115	0.005546
9030	0.011504	-0.024109	0.002851
9031	0.006565	-0.012250	0.001681
9032	0.000609	0.021372	-0.005244
9033	0.006349	0.008130	-0.012491
9034	0.007107	0.014183	-0.017553
9035	-0.016833	-0.004854	-0.020999
9036	-0.026507	-0.008039	-0.021829
9037	-0.052662	0.014730	-0.049916
9038	-0.080854	-0.012411	-0.056555
9039	-0.102361	0.008421	-0.061141
9040	-0.110176	0.005861	-0.068281
9041	-0.110087	0.014906	-0.073035
9042	-0.101020	0.035068	-0.080661
9043	-0.088177	0.004388	-0.076675
9044	-0.057615	-0.037448	-0.073040
9045	-0.033794	-0.045205	-0.063549
9046	-0.021034	-0.018142	-0.055349
9047	-0.004192	0.010352	-0.058684
9048	0.005850	0.001658	-0.034158
9049	0.000721	-0.010637	-0.018730
9050	-0.005401	-0.024121	-0.023136
9051	-0.001908	-0.009152	-0.008743
9052	-0.000517	0.001131	-0.007709
9053	-0.001789	0.003536	0.004360
9054	0.004785	-0.022146	0.004949
9055	0.015027	-0.022955	0.017408
9056	0.021724	-0.014960	0.021183
9057	0.039768	-0.011537	0.031052
9058	0.052802	-0.024498	0.035911
9059	0.065259	-0.014237	0.041634
9060	0.062294	-0.011640	0.049796
9061	0.076639	-0.005704	0.066861
9062	0.085111	0.022855	0.071263
9063	0.090318	-0.012535	0.081472
9064	0.095473	0.022667	0.095690
9065	0.095623	-0.014760	0.099822
9066	0.069694	0.017581	0.116917
9067	0.045286	-0.007125	0.128383
9068	0.042911	-0.036633	0.137434
9069	0.038124	-0.001526	0.146592
9070	0.032047	0.036876	0.152342
9071	0.053578	0.016446	0.152878
9072	0.058282	0.024843	0.136561
9073	0.062230	0.028792	0.131213
9074	0.070996	0.010243	0.126824
9075	0.075177	0.006315	0.121568
9076	0.076606	0.006649	0.116107
9077	0.072609	-0.010690	0.122075
9078	0.059985	0.007554	0.103651
9079	0.060790	-0.050500	0.095140
9080	0.064475	-0.062619	0.075402
9081	0.074162	0.007424	0.068542
9082	0.070895	0.028621	0.065531
9083	0.068428	0.029217	0.047877
9084	0.055617	0.000707	0.039934
9085	0.049693	-0.004173	0.036396
9086	0.056874	0.003032	0.033380
9087	0.069205	-0.001048	0.028924
9088	0.085683	-0.019342	0.013715
9089	0.092212	0.006824	0.016684
9090	0.094848	0.021005	0.027332
9091	0.083672	-0.030987	0.011219
9092	0.087702	0.000727	-0.009314
9093	0.095888	0.005459	-0.043942
9094	0.097928	-0.005482	-0.045601
9095	0.093384	-0.004093	-0.050084
9096	0.079661	0.019653	-0.045494
9097	0.062100	-0.019498	-0.070349
9098	0.071618	-0.038378	-0.068501
9099	0.084179	-0.037772	-0.066564
9100	0.092630	-0.024041	-0.070077
9101	0.097705	-0.032246	-0.075307
9102	0.093365	-0.008577	-0.065295
9103	0.085031	-0.006566	-0.081998
9104	0.074910	-0.044151	-0.088223
9105	0.063818	-0.010822	-0.092218
9106	0.046192	-0.038270	-0.094941
9107	0.042833	0.013221	-0.089511
9108	0.023198	0.020906	-0.076183
9109	0.020160	-0.018049	-0.063393
9110	0.014136	0.026954	-0.049727
9111	0.007449	-0.000911	-0.041414
9112	-0.024908	0.043055	-0.030906
9113	-0.043544	0.078440	-0.042261
9114	-0.068629	0.030974	-0.044225
9115	-0.097692	0.051435	-0.052875
9116	-0.104520	0.026650	-0.053984
9117	-0.084403	0.032383	-0.066246
9118	-0.047938	-0.034613	-0.076126
9119	-0.028279	0.026130	-0.086031
9120	-0.030568	0.008488	-0.092943
9121	-0.023512	-0.025483	-0.090089
9122	-0.034428	0.018087	-0.111527
9123	-0.043889	0.052790	-0.120915
9124	-0.053585	0.003969	-0.117526
9125	-0.054894	-0.014856	-0.108606
9126	-0.070370	-0.037952	-0.103055
9127	-0.068802	-0.023675	-0.094040
9128	-0.057612	-0.006872	-0.088639
9129	-0.027940	-0.044694	-0.095992
9130	-0.005569	-0.024385	-0.072894
9131	0.013648	-0.000999	-0.058986
9132	0.026941	-0.008553	-0.056195
9133	0.035066	0.039847	-0.048618
9134	0.040455	0.026762	-0.059120
9135	0.048101	-0.023446	-0.063179
9136	0.048181	-0.002802	-0.067692
9137	0.054547	-0.039485	-0.072304
9138	0.058984	0.026973	-0.087371
9139	0.043196	0.020137	-0.093482
9140	0.032468	-0.032848	-0.084528
9141	0.016258	-0.017398	-0.094959
9142	0.011845	-0.006810	-0.107240
9143	0.027476	0.006901	-0.130190
9144	0.038040	-0.017024	-0.146152
9145	0.049494	-0.025462	-0.156442
9146	0.058464	-0.018608	-0.160585
9147	0.088011	-0.031658	-0.164267
9148	0.102798	-0.036607	-0.174906
9149	0.094536	-0.065685	-0.180846
9150	0.080974	-0.040253	-0.184898
9151	0.070651	-0.015446	-0.180220
9152	0.056661	-0.019791	-0.170616
9153	0.058741	-0.021658	-0.158199
9154	0.062675	-0.099225	-0.154315
9155	0.076340	-0.043713	-0.138681
9156	0.077470	0.003454	-0.131422
9157	0.072587	-0.017170	-0.135723
9158	0.054784	-0.014609	-0.137812
9159	0.053250	-0.023530	-0.137752
9160	0.050526	-0.048731	-0.137000
9161	0.041181	-0.001472	-0.141285
9162	0.035967	0.056353	-0.139444
9163	0.015952	0.029057	-0.144821
9164	0.006935	-0.003005	-0.149049
9165	0.002780	0.030511	-0.146071
9166	-0.007547	0.056197	-0.152569
9167	-0.018329	0.057199	-0.135948
9168	-0.026048	0.044580	-0.137691
9169	-0.042732	0.008327	-0.113405
9170	-0.069478	-0.028499	-0.105125
9171	-0.097017	0.002122	-0.081802
9172	-0.116443	-0.006792	-0.064706
9173	-0.143412	-0.020384	-0.054976
9174	-0.154144	-0.004400	-0.033799
9175	-0.163294	-0.019845	-0.007654
9176	-0.162999	0.016445	0.008830
9177	-0.158295	0.007025	0.012163
9178	-0.144333	-0.040722	0.003208
9179	-0.127223	-0.033568	0.004513
9180	-0.116273	-0.025629	0.012093
9181	-0.109253	0.017049	0.033980
9182	-0.095545	-0.010354	0.048381
9183	-0.075962	-0.011180	0.070595
9184	-0.044428	-0.008896	0.095364
9185	-0.029921	0.033411	0.111038
9186	-0.024074	0.060021	0.117031
9187	-0.019579	-0.003820	0.121788
9188	-0.001371	-0.025662	0.134448
9189	0.027289	-0.037423	0.141134
9190	0.060371	-0.053856	0.142624
9191	0.072415	-0.019157	0.143522
9192	0.096815	0.043587	0.135639
9193	0.113811	0.033579	0.129852
9194	0.127675	-0.028665	0.124190
9195	0.120323	-0.082482	0.107331
9196	0.110033	0.034790	0.107324
9197	0.093663	0.026247	0.091379
9198	0.077091	0.005099	0.081864
9199	0.063656	0.017160	0.076754
9200	0.034829	0.021394	0.067020
9201	0.045287	0.000321	0.047968
9202	0.045857	0.014460	0.044537
9203	0.046631	0.003740	0.028083
9204	0.045545	0.020700	0.022929
9205	0.048636	-0.007378	0.021402
9206	0.041902	-0.030381	0.008625
9207	0.032649	-0.019594	-0.015471
9208	0.013457	-0.021653	-0.035910
9209	-0.003234	0.009041	-0.055350
9210	-0.018632	-0.006347	-0.058596
9211	-0.032465	-0.037027	-0.075193
9212	-0.040551	0.005225	-0.091574
9213	-0.041582	-0.072195	-0.095157
9214	-0.045998	-0.036308	-0.100733
9215	-0.026359	-0.020613	-0.089403
9216	-0.010440	-0.067051	-0.087887
9217	-0.010361	-0.023131	-0.099992
9218	-0.005912	0.014742	-0.099566
9219	0.006522	-0.028095	-0.106709
9220	0.019449	-0.008084	-0.110390
9221	0.015444	0.006609	-0.115545
9222	-0.000560	-0.006467	-0.112857
9223	-0.034600	-0.014822	-0.120498
9224	-0.046560	-0.036538	-0.113244
9225	-0.052058	0.000511	-0.114442
9226	-0.043400	-0.010124	-0.113790
9227	-0.039122	-0.034667	-0.109659
9228	-0.028316	0.006730	-0.116740
9229	-0.006603	-0.045219	-0.134902
9230	0.005083	-0.042610	-0.136316
9231	0.008205	-0.074254	-0.130140
9232	0.004076	-0.038853	-0.123480
9233	0.002168	-0.012829	-0.133698
9234	0.000877	-0.079358	-0.140825
9235	0.012249	-0.014637	-0.149658
9236	0.034818	-0.015736	-0.158983
9237	0.054490	0.004472	-0.162218
9238	0.064280	0.032698	-0.157666
9239	0.095993	0.032138	-0.150499
9240	0.117994	-0.023292	-0.146103
9241	0.112443	-0.055085	-0.139787
9242	0.090824	-0.055031	-0.135551
9243	0.059755	-0.082197	-0.131005
9244	0.051377	-0.024017	-0.128694
9245	0.037400	-0.053069	-0.109261
9246	0.032061	-0.052838	-0.077459
9247	0.026160	0.014919	-0.074460
9248	0.007223	0.032688	-0.054712
9249	-0.012458	0.006094	-0.036454
9250	-0.023754	0.010050	-0.029726
9251	-0.036718	0.029984	-0.012460
9252	-0.042689	-0.076138	0.008496
9253	-0.056836	-0.049711	0.030450
9254	-0.060875	-0.039584	0.043439
9255	-0.051609	-0.056152	0.067187
9256	-0.047429	-0.038774	0.077965
9257	-0.057933	-0.003769	0.067329
9258	-0.068724	-0.028423	0.082177
9259	-0.075324	-0.035468	0.091279
9260	-0.085876	-0.061698	0.100382
9261	-0.086862	-0.024051	0.089870
9262	-0.086402	-0.030149	0.095876
9263	-0.082903	-0.063850	0.098755
9264	-0.080598	-0.023638	0.087480
9265	-0.077783	-0.011847	0.098733
9266	-0.089503	-0.037190	0.100140
9267	-0.110550	0.025650	0.109973
9268	-0.150803	0.002129	0.114145
9269	-0.178419	-0.009251	0.102959
9270	-0.193476	-0.003994	0.115225
9271	-0.186746	0.012111	0.114701
9272	-0.171035	0.011763	0.097988
9273	-0.167487	0.017181	0.102475
9274	-0.142058	-0.043458	0.089795
9275	-0.102671	-0.018140	0.103066
9276	-0.069563	-0.066677	0.090056
9277	-0.045015	-0.106521	0.087969
9278	-0.024563	0.004717	0.091664
9279	-0.025491	0.048177	0.090472
9280	-0.020702	0.010257	0.086834
9281	0.001054	-0.012398	0.077137
9282	0.008063	-0.045553	0.071100
9283	0.006951	-0.019945	0.075698
9284	0.022954	-0.044985	0.080685
9285	0.046615	-0.041480	0.069853
9286	0.055668	-0.007637	0.063291
9287	0.043150	-0.031676	0.073264
9288	0.038193	-0.004127	0.074630
9289	0.034966	0.013569	0.091027
9290	0.022901	0.009316	0.101173
9291	0.019922	-0.021410	0.106429
9292	0.011065	0.003846	0.130548
9293	-0.002756	0.066935	0.144392
9294	-0.009071	0.045579	0.154337
9295	-0.005877	0.013307	0.161205
9296	0.004525	-0.019888	0.163936
9297	-0.002723	-0.034728	0.173324
9298	0.002074	-0.055327	0.162505
9299	-0.005166	-0.060038	0.158604
9300	0.008728	-0.074718	0.162214
9301	0.002264	0.010884	0.154095
9302	-0.003074	-0.039348	0.139469
9303	-0.019039	-0.007847	0.135264
9304	-0.030874	0.019892	0.128566
9305	-0.035670	-0.053228	0.110622
9306	-0.041625	0.016918	0.098851
9307	-0.046734	0.007439	0.081431
9308	-0.050057	-0.017808	0.054601
9309	-0.046761	-0.047537	0.049607
9310	-0.058982	-0.000491	0.054986
9311	-0.071333	0.004331	0.067778
9312	-0.082118	-0.002743	0.060469
9313	-0.089677	-0.005410	0.059924
9314	-0.087886	-0.019568	0.058739
9315	-0.078543	-0.040339	0.054828
9316	-0.075873	0.024782	0.058205
9317	-0.085110	-0.009780	0.066902
9318	-0.077622	-0.036244	0.052811
9319	-0.061274	0.008765	0.042139
9320	-0.048365	0.052453	0.032231
9321	-0.035222	0.053952	0.016075
9322	-0.023290	0.070427	0.017475
9323	-0.019771	0.098897	0.014994
9324	-0.007345	0.050841	0.020380
9325	0.004397	0.062980	0.021646
9326	0.009426	-0.015458	0.019552
9327	0.022727	-0.003566	0.013964
9328	0.025726	-0.026134	0.022719
9329	0.024670	-0.101793	0.029101
9330	0.030738	-0.096218	0.036685
9331	0.039662	-0.063122	0.041312
9332	0.044550	-0.042337	0.032787
9333	0.051683	-0.013587	0.035001
9334	0.061978	0.008051	0.023368
9335	0.076087	0.005739	0.008678
9336	0.078537	-0.003581	-0.001860
9337	0.077876	-0.008341	-0.012325
9338	0.076979	-0.088704	-0.028025
9339	0.079109	-0.009913	-0.032297
9340	0.047742	-0.008275	-0.034696
9341	0.029358	-0.044330	-0.026345
9342	0.021630	-0.024863	-0.036512
9343	-0.009318	0.042382	-0.038493
9344	-0.005498	0.035170	-0.033472
9345	-0.011155	0.028796	-0.018896
9346	-0.021236	0.065805	-0.014455
9347	-0.050164	0.006638	-0.015654
9348	-0.054084	0.017113	-0.033151
9349	-0.058749	-0.039304	-0.037609
9350	-0.053908	-0.032651	-0.049089
9351	-0.076141	0.006181	-0.055600
9352	-0.094932	-0.009138	-0.059823
9353	-0.125113	-0.034491	-0.059118
9354	-0.124409	-0.059397	-0.055142
9355	-0.151104	0.021991	-0.054865
9356	-0.175651	-0.011145	-0.046812
9357	-0.186998	-0.025888	-0.033611
9358	-0.174504	0.025858	-0.035360
9359	-0.154717	0.044329	-0.034516
9360	-0.105009	0.010369	-0.025953
9361	-0.080259	-0.088607	-0.017116
9362	-0.043930	-0.040970	-0.011505
9363	-0.002281	-0.054961	-0.017772
9364	0.020906	-0.025731	-0.036062
9365	0.033396	-0.056743	-0.046374
9366	0.053099	-0.027820	-0.052008
9367	0.058905	-0.020564	-0.047926
9368	0.072264	-0.064064	-0.050587
9369	0.085092	0.054002	-0.038599
9370	0.085758	0.000535	-0.033406
9371	0.081456	-0.055690	-0.035360
9372	0.072064	-0.094315	-0.047332
9373	0.079068	-0.065650	-0.049004
9374	0.094140	-0.001089	-0.035003
9375	0.097391	0.038867	-0.027598
9376	0.088533	0.037440	-0.007214
9377	0.092301	0.024702	-0.014464
9378	0.095327	0.027425	-0.003555
9379	0.098620	-0.033892	0.000066
9380	0.103865	0.009500	0.013674
9381	0.120649	0.041057	0.007684
9382	0.103747	0.020366	0.021339
9383	0.100523	-0.002377	0.031422
9384	0.115975	-0.084975	0.037767
9385	0.128895	-0.032485	0.037667
9386	0.133222	-0.020372	0.047207
9387	0.148856	-0.005773	0.042747
9388	0.144270	-0.001475	0.035604
9389	0.145676	0.032601	0.048726
9390	0.120789	0.063408	0.038646
9391	0.106101	-0.011276	0.042740
9392	0.096295	0.001088	0.042371
9393	0.077939	0.014768	0.033358
9394	0.056649	-0.004477	0.004765
9395	0.043814	-0.026510	-0.000845
9396	0.024612	0.000985	-0.000680
9397	0.005764	-0.000166	0.006417
9398	-0.009522	0.041555	-0.005759
9399	-0.007455	0.012468	-0.003929
9400	-0.034434	0.015103	-0.015369
9401	-0.066539	0.019148	-0.031404
9402	-0.090100	0.042376	-0.041704
9403	-0.127472	0.008255	-0.049379
9404	-0.126569	-0.039600	-0.033130
9405	-0.135739	0.013758	-0.020713
9406	-0.134013	-0.062835	-0.021234
9407	-0.131302	-0.095640	-0.019389
9408	-0.121824	0.009956	-0.016253
9409	-0.107675	0.008915	-0.023829
9410	-0.098410	-0.058353	-0.038556
9411	-0.105095	-0.027819	-0.046460
9412	-0.110889	-0.003837	-0.057287
9413	-0.097924	0.012155	-0.071281
9414	-0.101670	-0.010470	-0.082733
9415	-0.125752	-0.005563	-0.109236
9416	-0.144608	0.028170	-0.114165
9417	-0.151772	0.022645	-0.123214
9418	-0.157302	-0.012829	-0.112588
9419	-0.138827	0.007601	-0.099233
9420	-0.110703	-0.033604	-0.102850
9421	-0.099606	-0.016050	-0.119175
9422	-0.091030	-0.028612	-0.114534
9423	-0.084721	-0.033603	-0.119757
9424	-0.081378	0.019775	-0.127360
9425	-0.095799	-0.043991	-0.128476
9426	-0.090169	-0.004600	-0.123732
9427	-0.101496	0.044950	-0.126630
9428	-0.110928	0.055827	-0.134377
9429	-0.096239	0.017252	-0.146473
9430	-0.080904	0.021679	-0.144853
9431	-0.047395	0.073418	-0.145985
9432	-0.010837	0.067277	-0.149138
9433	0.025927	0.065736	-0.139351
9434	0.044992	0.011032	-0.142204
9435	0.020780	-0.037616	-0.142171
9436	0.031011	-0.034651	-0.126907
9437	0.027988	-0.060039	-0.112949
9438	0.023797	-0.052461	-0.114866
9439	0.007661	-0.075481	-0.108922
9440	0.009428	-0.068799	-0.121233
9441	0.006995	-0.105677	-0.125987
9442	-0.000510	-0.055964	-0.126426
9443	-0.003746	-0.017499	-0.118141
9444	-0.013130	-0.060697	-0.138704
9445	-0.008805	-0.044373	-0.137470
9446	0.000562	0.055635	-0.131558
9447	-0.006644	0.058808	-0.112338
9448	-0.021050	-0.082628	-0.106355
9449	-0.036869	0.005929	-0.088849
9450	-0.035991	0.024867	-0.078408
9451	-0.037546	-0.025289	-0.078881
9452	-0.051356	0.051688	-0.077645
9453	-0.052826	0.046789	-0.050427
9454	-0.066738	-0.011818	-0.043462
9455	-0.098636	0.005861	-0.023084
9456	-0.107386	0.046302	-0.021401
9457	-0.103836	-0.046660	-0.013760
9458	-0.095242	0.058696	-0.031911
9459	-0.076257	0.064021	-0.045796
9460	-0.069182	-0.053163	-0.045642
9461	-0.054187	0.040965	-0.039192
9462	-0.032905	0.093676	-0.030587
9463	-0.017983	-0.006355	-0.018129
9464	-0.013641	-0.005704	-0.016375
9465	-0.009099	0.015211	-0.011591
9466	-0.002057	-0.017031	-0.032216
9467	-0.003708	-0.007205	-0.028040
9468	0.002566	-0.037578	-0.022184
9469	0.028753	-0.049414	-0.034632
9470	0.023289	-0.022721	-0.036966
9471	0.014573	-0.035538	-0.032377
9472	0.009038	-0.105443	-0.026124
9473	0.003650	-0.012295	-0.025297
9474	-0.008948	0.047057	-0.027800
9475	-0.024671	0.025862	-0.041463
9476	-0.037106	0.031071	-0.065513
9477	-0.050517	0.012900	-0.070014
9478	-0.060265	-0.008097	-0.092448
9479	-0.074786	-0.037740	-0.108768
9480	-0.087142	-0.083174	-0.113602
9481	-0.084161	-0.075043	-0.122461
9482	-0.065044	0.005334	-0.131778
9483	-0.046796	-0.047956	-0.133545
9484	-0.028014	-0.055273	-0.127625
9485	-0.030469	0.024048	-0.135399
9486	-0.030580	0.023886	-0.155101
9487	-0.042795	0.011910	-0.144959
9488	-0.049507	-0.040720	-0.140063
9489	-0.060078	-0.017772	-0.138694
9490	-0.067960	0.018463	-0.137629
9491	-0.051818	-0.043958	-0.147207
9492	-0.046951	-0.034337	-0.149581
9493	-0.040632	-0.043215	-0.160616
9494	-0.037197	-0.080142	-0.159212
9495	-0.048417	-0.080704	-0.164440
9496	-0.033446	-0.027044	-0.135614
9497	-0.033297	0.045077	-0.119982
9498	-0.030204	0.050889	-0.109842
9499	-0.036541	-0.017833	-0.093646
9500	-0.035078	0.011666	-0.086626
9501	-0.047310	0.030529	-0.072665
9502	-0.047121	0.013002	-0.073218
9503	-0.046895	0.022221	-0.063541
9504	-0.022142	0.063900	-0.060354
9505	-0.019681	0.016016	-0.042199
9506	-0.015783	-0.012468	-0.038335
9507	-0.003785	0.013044	-0.040301
9508	-0.015075	-0.005580	-0.024821
9509	-0.031946	-0.015290	-0.011231
9510	-0.026394	-0.071718	0.015253
9511	-0.010072	-0.054428	0.023216
9512	0.016113	-0.005363	0.044533
9513	0.027628	-0.028737	0.045346
9514	0.023617	0.005140	0.051952
9515	0.027077	0.074340	0.055303
9516	0.021881	-0.032463	0.061519
9517	0.031445	-0.088891	0.059855
9518	0.048784	-0.033507	0.055190
9519	0.080463	0.005035	0.051863
9520	0.101617	-0.090398	0.051023
9521	0.116300	-0.043089	0.036159
9522	0.124711	-0.069736	0.039555
9523	0.125584	-0.090220	0.065134
9524	0.105491	-0.125104	0.094583
9525	0.095030	-0.070251	0.120682
9526	0.069779	-0.013973	0.137344
9527	0.044434	0.010494	0.166521
9528	0.036881	0.011712	0.189496
9529	0.035734	-0.032783	0.191746
9530	0.039696	-0.005502	0.210339
9531	0.054140	-0.027009	0.225051
9532	0.056405	-0.041650	0.224354
9533	0.078030	0.026431	0.223336
9534	0.093811	0.020485	0.225207
9535	0.100287	0.017991	0.206851
9536	0.096918	-0.058163	0.210179
9537	0.091636	-0.004250	0.212125
9538	0.071066	-0.032279	0.211773
9539	0.047060	-0.039245	0.215890
9540	0.024003	-0.060758	0.225636
9541	0.017756	-0.034313	0.200184
9542	0.007482	-0.018431	0.197407
9543	0.009711	-0.102509	0.195617
9544	-0.006780	-0.146093	0.203212
9545	-0.051147	-0.156452	0.215178
9546	-0.086844	-0.103381	0.223723
9547	-0.110020	-0.018625	0.222878
9548	-0.120372	0.007129	0.233663
9549	-0.122289	-0.020093	0.243187
9550	-0.137213	-0.056188	0.237437
9551	-0.149931	-0.029801	0.231324
9552	-0.148153	-0.060679	0.236289
9553	-0.135220	0.001491	0.243345
9554	-0.120488	0.003217	0.241118
9555	-0.089186	-0.040310	0.249924
9556	-0.033445	-0.040467	0.261347
9557	0.011940	-0.005125	0.259600
9558	0.059621	-0.019967	0.258903
9559	0.105071	-0.044237	0.261002
9560	0.143190	-0.032820	0.247403
9561	0.173911	-0.041788	0.270818
9562	0.185135	-0.046980	0.285888
9563	0.195847	-0.051231	0.279482
9564	0.215281	-0.058793	0.265531
9565	0.226145	-0.052044	0.259844
9566	0.245672	0.021913	0.248884
9567	0.257445	-0.026949	0.214455
9568	0.269295	-0.021342	0.216257
9569	0.259925	0.027457	0.200563
9570	0.245506	-0.002733	0.171031
9571	0.231701	0.044757	0.150006
9572	0.220278	0.014283	0.126902
9573	0.179569	-0.052915	0.131699
9574	0.169784	0.008812	0.088669
9575	0.157287	-0.067933	0.085419
9576	0.148281	-0.094063	0.071228
9577	0.137789	-0.023793	0.045523
9578	0.106355	-0.005652	0.023219
9579	0.094221	-0.071352	-0.000946
9580	0.085414	-0.090227	-0.018674
9581	0.049876	0.050136	-0.061229
9582	-0.008732	-0.007342	-0.068333
9583	-0.055849	0.041974	-0.070989
9584	-0.080343	0.060569	-0.077405
9585	-0.096240	0.034399	-0.086124
9586	-0.096662	0.089652	-0.093643
9587	-0.060247	0.031335	-0.092937
9588	-0.028090	-0.016208	-0.111960
9589	0.004285	-0.031911	-0.114977
9590	0.047631	0.001739	-0.111840
9591	0.090023	-0.074026	-0.106317
9592	0.121958	-0.018362	-0.090352
9593	0.161171	-0.034123	-0.084163
9594	0.180179	-0.014831	-0.103659
9595	0.182771	-0.036916	-0.120217
9596	0.173655	-0.103466	-0.134502
9597	0.156072	-0.079699	-0.156525
9598	0.139493	-0.073651	-0.176563
9599	0.140184	-0.090635	-0.185699
9600	0.109590	-0.034382	-0.191896
9601	0.113938	-0.074063	-0.203503
9602	0.110290	-0.118093	-0.215355
9603	0.098922	-0.127632	-0.219681
9604	0.108055	-0.059070	-0.220460
9605	0.098665	-0.045491	-0.227083
9606	0.101546	0.048036	-0.234346
9607	0.085910	0.001852	-0.238720
9608	0.081111	-0.027482	-0.210977
9609	0.081255	0.028598	-0.201303
9610	0.099959	0.115487	-0.180772
9611	0.094874	0.018800	-0.170014
9612	0.069732	0.011892	-0.169360
9613	0.037639	-0.003865	-0.163154
9614	0.039102	-0.018812	-0.170985
9615	0.025335	-0.013242	-0.196878
9616	0.034926	0.005608	-0.208159
9617	0.023217	0.014146	-0.241311
9618	0.013846	-0.020307	-0.228740
9619	-0.002060	-0.004393	-0.227867
9620	-0.009072	-0.045179	-0.227314
9621	-0.014545	0.003798	-0.206816
9622	-0.018506	0.099360	-0.216205
9623	-0.015903	0.086926	-0.212171
9624	-0.015476	0.022530	-0.184689
9625	0.001142	0.059031	-0.186779
9626	0.030605	0.023181	-0.177427
9627	0.021251	0.025321	-0.158921
9628	0.018705	0.000066	-0.136403
9629	0.027713	0.038747	-0.124233
9630	0.035328	-0.046947	-0.121437
9631	0.019961	-0.087872	-0.095232
9632	-0.013862	-0.060479	-0.065806
9633	-0.031745	-0.066484	-0.047162
9634	-0.038291	-0.012165	-0.014012
9635	-0.027782	-0.055347	0.010722
9636	-0.014650	-0.075780	0.026335
9637	-0.006608	-0.004083	0.027399
9638	0.006031	-0.054831	0.039766
9639	-0.002541	-0.044543	0.053751
9640	-0.008420	0.002558	0.059499
9641	0.009141	-0.009431	0.049098
9642	0.008184	0.016313	0.053225
9643	-0.004407	0.014741	0.034949
9644	-0.028972	0.087129	0.037007
9645	-0.044248	0.059627	0.036370
9646	-0.038548	0.030052	0.063229
9647	-0.019797	-0.011163	0.059689
9648	0.013392	0.030387	0.086848
9649	0.023919	0.071551	0.096286
9650	0.050051	0.066699	0.083347
9651	0.081198	0.012267	0.069794
9652	0.073156	0.066239	0.057327
9653	0.072851	0.036660	0.050507
9654	0.060238	-0.003871	0.041093
9655	0.080229	0.048064	0.019344
9656	0.087964	0.048220	-0.003021
9657	0.085911	0.023119	-0.036113
9658	0.084753	0.079162	-0.051557
9659	0.117279	0.061748	-0.087906
9660	0.174395	0.015599	-0.107051
9661	0.226269	0.020628	-0.116319
9662	0.257554	0.064197	-0.122472
9663	0.263726	0.104908	-0.156172
9664	0.269862	0.016414	-0.180165
9665	0.275130	-0.020104	-0.190227
9666	0.284778	0.016086	-0.197081
9667	0.287566	0.001652	-0.217145
9668	0.238776	-0.057144	-0.233598
9669	0.183720	0.040833	-0.230951
9670	0.141537	-0.006090	-0.247662
9671	0.112227	-0.025844	-0.270260
9672	0.092460	0.016148	-0.281387
9673	0.086215	0.004237	-0.280286
9674	0.087141	-0.020251	-0.266347
9675	0.113954	-0.001794	-0.275973
9676	0.131003	-0.005821	-0.258580
9677	0.116799	-0.048104	-0.261773
9678	0.110884	0.093011	-0.266050
9679	0.079544	0.064467	-0.272806
9680	0.063239	0.034036	-0.289767
9681	0.058248	0.064662	-0.266969
9682	0.060355	0.113779	-0.273152
9683	0.072825	0.024067	-0.261282
9684	0.084203	-0.012068	-0.246643
9685	0.086680	0.087252	-0.234782
9686	0.107307	0.121031	-0.206814
9687	0.109078	0.019425	-0.170555
9688	0.107402	-0.046633	-0.168564
9689	0.067091	0.029769	-0.153267
9690	0.044415	0.014212	-0.160903
9691	0.017269	-0.000493	-0.145076
9692	0.011402	0.059197	-0.151259
9693	0.020960	0.076053	-0.143381
9694	0.040598	0.054954	-0.140312
9695	0.069889	0.018166	-0.147976
9696	0.084348	0.038628	-0.153881
9697	0.095396	0.081672	-0.148183
9698	0.104307	0.019383	-0.114648
9699	0.085894	0.040040	-0.092996
9700	0.062395	-0.014595	-0.090463
9701	0.058485	0.000402	-0.056828
9702	0.038259	-0.091542	-0.039756
9703	0.013840	-0.069453	-0.033082
9704	-0.017953	-0.092604	-0.030193
9705	-0.041172	0.029152	-0.033421
9706	-0.061413	0.017562	-0.033141
9707	-0.096653	-0.085012	-0.041149
9708	-0.123988	0.002391	-0.041925
9709	-0.159412	0.002211	-0.022223
9710	-0.161208	-0.029018	-0.008077
9711	-0.161407	-0.065848	-0.000790
9712	-0.155454	0.061369	0.029557
9713	-0.116962	0.034314	0.037052
9714	-0.076403	-0.055423	0.045817
9715	-0.038858	0.036551	0.066930
9716	-0.015433	0.120428	0.061538
9717	-0.021077	0.088069	0.058945
9718	-0.016898	0.104566	0.059291
9719	-0.021919	0.108133	0.053846
9720	-0.004823	0.169976	0.061578
9721	0.032904	0.077584	0.055932
9722	0.071932	0.055071	0.073166
9723	0.072150	0.007155	0.081621
9724	0.064709	0.029350	0.094405
9725	0.080631	-0.053424	0.105943
9726	0.099891	0.086825	0.111793
9727	0.122369	-0.025851	0.110405
9728	0.122271	0.012888	0.102269
9729	0.082503	0.160777	0.106014
9730	0.072993	0.003283	0.097150
9731	0.076173	0.028757	0.074103
9732	0.103693	0.070863	0.056130
9733	0.100686	-0.012314	0.043727
9734	0.100528	-0.044724	0.005653
9735	0.113634	-0.037444	-0.009857
9736	0.125834	-0.068683	-0.052373
9737	0.128506	0.015713	-0.099179
9738	0.115210	-0.014037	-0.130193
9739	0.117611	0.031399	-0.125808
9740	0.111460	-0.012498	-0.151604
9741	0.106149	-0.014792	-0.180210
9742	0.106073	-0.012624	-0.204149
9743	0.098645	-0.129292	-0.240672
9744	0.078550	-0.070579	-0.276548
9745	0.067543	0.013092	-0.298569
9746	0.055568	-0.013373	-0.273651
9747	0.073456	-0.010912	-0.269806
9748	0.097386	0.023986	-0.269157
9749	0.108815	0.082567	-0.238128
9750	0.117445	0.008979	-0.215434
9751	0.112149	0.057040	-0.198778
9752	0.094892	-0.013162	-0.165759
9753	0.078064	-0.084630	-0.150057
9754	0.055199	-0.054561	-0.107998
9755	0.042323	-0.018810	-0.083485
9756	0.037501	-0.082907	-0.052914
9757	0.029611	-0.055248	-0.046120
9758	0.064862	0.045669	-0.025235
9759	0.113116	0.022599	0.005236
9760	0.135010	0.080069	0.046307
9761	0.139178	-0.006614	0.062323
9762	0.128258	0.074244	0.082941
9763	0.132153	0.038568	0.088627
9764	0.132687	-0.056006	0.110597
9765	0.116374	0.002814	0.117665
9766	0.113550	-0.004389	0.149514
9767	0.113082	-0.079133	0.170137
9768	0.089460	0.025014	0.195387
9769	0.075955	0.048650	0.203666
9770	0.067571	0.072052	0.214281
9771	0.055683	0.101452	0.233987
9772	0.058697	0.105281	0.230951
9773	0.038393	0.048088	0.235217
9774	0.003181	0.064107	0.230633
9775	-0.020872	-0.014392	0.252613
9776	-0.054614	-0.079669	0.254762
9777	-0.076484	-0.001780	0.277442
9778	-0.089853	-0.032826	0.280613
9779	-0.103263	-0.051582	0.253382
9780	-0.105890	-0.060385	0.246618
9781	-0.070193	0.055016	0.218465
9782	-0.035560	0.155127	0.210711
9783	-0.014064	0.103389	0.194333
9784	-0.023214	0.040565	0.194650
9785	-0.027630	0.108402	0.206420
9786	-0.011668	0.062188	0.196939
9787	-0.000283	-0.076298	0.201601
9788	0.007723	0.036541	0.201381
9789	0.005703	0.168604	0.211323
9790	0.038692	-0.103708	0.201635
9791	0.093420	-0.066263	0.194758
9792	0.143784	0.031047	0.222530
9793	0.178349	0.056727	0.243117
9794	0.146033	0.061496	0.230240
9795	0.147307	0.040978	0.243788
9796	0.133449	0.009244	0.220527
9797	0.094676	0.026492	0.209277
9798	0.066399	0.042663	0.215212
9799	0.036167	0.030153	0.176001
9800	0.009794	-0.046180	0.141262
9801	-0.002757	0.008674	0.097361
9802	-0.013942	0.058470	0.082736
9803	-0.022763	0.002745	0.031831
9804	-0.018286	0.077353	-0.003433
9805	-0.012230	0.123237	-0.029823
9806	-0.013976	-0.058635	-0.043508
9807	0.026618	-0.031215	-0.062432
9808	0.053692	0.107104	-0.100953
9809	0.054920	-0.010056	-0.081562
9810	0.048459	-0.059448	-0.094982
9811	0.026194	-0.028844	-0.111720
9812	0.001023	-0.034396	-0.091621
9813	-0.024088	0.029811	-0.099743
9814	-0.040351	0.033406	-0.103545
9815	-0.033916	0.106665	-0.098948
9816	-0.007601	0.085620	-0.107367
9817	-0.004513	0.043211	-0.122745
9818	-0.008114	0.066743	-0.096229
9819	0.035082	0.069928	-0.099411
9820	0.081654	0.011724	-0.128578
9821	0.095787	0.002799	-0.155631
9822	0.122923	-0.006281	-0.189210
9823	0.150337	-0.000161	-0.199352
9824	0.191450	-0.021396	-0.207154
9825	0.209755	0.057725	-0.196849
9826	0.211058	-0.064932	-0.190950
9827	0.192216	-0.027170	-0.155574
9828	0.176646	-0.008504	-0.141132
9829	0.148266	-0.170049	-0.132908
9830	0.070563	-0.070177	-0.085203
9831	0.051515	-0.066446	-0.091420
9832	0.056135	-0.111353	-0.094674
9833	0.057840	-0.154873	-0.069207
9834	0.038562	0.049258	-0.072259
9835	0.019468	-0.107975	-0.062411
9836	0.004456	0.057405	-0.067468
9837	0.006618	0.064063	-0.060495
9838	-0.018079	0.042071	-0.068345
9839	-0.043535	0.021116	-0.043445
9840	-0.028808	0.005920	-0.001526
9841	-0.042977	0.075738	0.035098
9842	-0.051376	0.124803	0.062838
9843	-0.046044	-0.037240	0.076476
9844	-0.064674	0.090661	0.101654
9845	-0.079810	0.018888	0.126653
9846	-0.079914	0.085544	0.140296
9847	-0.099438	0.041899	0.172163
9848	-0.106197	0.058348	0.185968
9849	-0.114004	0.062688	0.185637
9850	-0.139844	0.042874	0.144669
9851	-0.150480	0.119539	0.141243
9852	-0.104771	0.081255	0.086264
9853	-0.060736	-0.011757	0.033182
9854	-0.042693	-0.024743	0.001964
9855	0.014937	-0.019253	-0.038556
9856	0.046911	-0.001762	-0.085645
9857	0.080374	0.081185	-0.152155
9858	0.110308	0.009911	-0.204766
9859	0.066977	-0.040905	-0.237343
9860	0.044893	0.040376	-0.250410
9861	0.046154	-0.050597	-0.284645
9862	0.077725	-0.192249	-0.287993
9863	0.089370	-0.115609	-0.292609
9864	0.120500	-0.091492	-0.320759
9865	0.125328	-0.070547	-0.335610
9866	0.118030	-0.219197	-0.375623
9867	0.128016	-0.079456	-0.418356
9868	0.116743	-0.095470	-0.458491
9869	0.081051	0.057302	-0.479113
9870	0.084078	0.184053	-0.507997
9871	0.047919	0.119399	-0.490258
9872	0.027284	0.131833	-0.489742
9873	0.011161	0.098237	-0.521030
9874	0.015214	0.119660	-0.523918
9875	0.015258	0.040563	-0.517967
9876	0.009896	0.024515	-0.486339
9877	0.049766	0.078327	-0.469294
9878	0.107442	0.114611	-0.414452
9879	0.141367	0.071561	-0.379269
9880	0.112716	0.051218	-0.332841
9881	0.094111	0.178421	-0.324001
9882	0.078422	0.076323	-0.317299
9883	0.069241	-0.043414	-0.264921
9884	0.037035	0.072884	-0.239574
9885	0.004456	-0.048064	-0.187200
9886	-0.046861	-0.019199	-0.109333
9887	-0.019519	-0.154910	-0.089905
9888	0.016134	-0.151231	-0.027723
9889	0.041158	-0.058118	0.023441
9890	0.081638	-0.104158	0.057963
9891	0.059290	-0.119060	0.116541
9892	0.044851	0.035237	0.196419
9893	0.046038	0.032217	0.288525
9894	0.018847	0.054345	0.316825
9895	-0.028135	0.027894	0.351428
9896	-0.108333	-0.002246	0.394558
9897	-0.115176	0.003316	0.383716
9898	-0.089668	-0.164172	0.420386
9899	-0.056139	-0.066526	0.464083
9900	-0.090512	0.036945	0.515570
9901	-0.145767	-0.122384	0.546135
9902	-0.179824	-0.059572	0.517927
9903	-0.177068	0.038668	0.500646
9904	-0.182837	0.162181	0.436728
9905	-0.184265	0.209296	0.418205
9906	-0.202374	-0.081228	0.413167
9907	-0.137046	0.147554	0.412136
9908	-0.077994	0.106101	0.397653
9909	-0.043088	0.208227	0.401898
9910	-0.071636	0.087644	0.401307
9911	-0.078558	0.141716	0.361355
9912	-0.096725	0.139897	0.339937
9913	-0.046506	0.195455	0.355848
9914	-0.028554	0.145183	0.375390
9915	0.001562	0.056913	0.389400
9916	0.031634	0.006382	0.373263
9917	0.070686	0.143471	0.307460
9918	0.030907	0.039344	0.249015
9919	0.016100	0.070620	0.170144
9920	-0.002517	0.005762	0.112300
9921	0.025289	-0.165632	0.105967
9922	0.039977	0.116171	0.073288
9923	0.100117	0.038701	0.056677
9924	0.101925	-0.124278	0.039231
9925	0.115907	-0.087842	0.008631
9926	0.066257	-0.011005	-0.028971
9927	0.037457	-0.193813	-0.100679
9928	0.032091	-0.064980	-0.099148
9929	0.014390	0.055561	-0.136365
9930	-0.048481	-0.038755	-0.163355
9931	-0.090076	-0.165658	-0.216921
9932	-0.071708	-0.093332	-0.299646
9933	-0.104263	0.036965	-0.362404
9934	-0.100917	0.133670	-0.447976
9935	-0.166251	-0.124414	-0.488999
9936	-0.209350	0.114021	-0.539652
9937	-0.178138	-0.011856	-0.579898
9938	-0.125871	0.109504	-0.638734
9939	-0.151567	0.063034	-0.714904
9940	-0.115669	0.004883	-0.713831
9941	-0.095177	0.014720	-0.767003
9942	-0.054218	-0.048402	-0.770202
9943	-0.009673	0.081372	-0.797638
9944	0.001660	0.159911	-0.826951
9945	-0.028739	0.352564	-0.764588
9946	-0.000481	0.379095	-0.785637
9947	0.012401	0.184675	-0.762678
9948	0.035241	0.137039	-0.777487
9949	0.070322	0.381780	-0.770297
9950	0.112590	0.142267	-0.726096
9951	0.113139	-0.065961	-0.704856
9952	0.182946	0.082758	-0.655071
9953	0.214878	-0.027619	-0.590570
9954	0.232799	-0.039796	-0.527501
9955	0.156365	0.070435	-0.430027
9956	0.080612	0.007768	-0.344074
9957	0.054895	0.053020	-0.308683
9958	0.140384	-0.185017	-0.279938
9959	0.152515	0.075643	-0.164437
9960	0.072459	-0.070451	-0.094138
9961	0.071561	-0.145566	-0.017778
9962	0.096632	-0.172757	0.079625
9963	0.109009	-0.545321	0.110256
9964	0.134150	-0.354054	0.194756
9965	0.089433	-0.234209	0.234636
9966	0.072379	-0.107470	0.356799
9967	0.071960	0.150235	0.430283
9968	0.012330	-0.094140	0.447797
9969	-0.019778	0.018940	0.496363
9970	0.030871	0.272849	0.496959
9971	0.025541	0.180462	0.528429
9972	-0.011073	-0.005218	0.560956
9973	-0.000153	-0.177233	0.619165
9974	0.013990	-0.163101	0.745858
9975	-0.111533	0.138114	0.806468
9976	-0.140976	-0.132239	0.879013
9977	-0.179519	-0.203758	0.951193
9978	-0.214538	0.148806	0.869474
9979	-0.227687	0.157871	0.853207
9980	-0.266738	0.568886	0.843508
9981	-0.337456	0.646808	0.842768
9982	-0.225392	0.474759	0.844112
9983	-0.181361	0.140648	0.819237
9984	-0.312598	-0.038006	0.892243
9985	-0.307696	0.309907	0.839773
9986	-0.296929	-0.082914	0.865055
9987	-0.129236	-0.064708	0.939075
9988	0.016115	-0.007069	0.921031
9989	0.130395	-0.175513	1.022417
9990	0.055567	0.458720	1.114405
9991	0.003977	0.751296	1.215899
9992	-0.078104	0.391137	1.191700
9993	-0.257055	0.144935	0.983532
9994	-0.380659	0.457904	0.944798
9995	-0.126571	0.032670	0.778465
9996	0.224710	-0.695942	0.788000
9997	0.716851	-0.421106	0.821715
9998	1.006940	-2.390992	0.462411
9999	0.585836	-4.904992	1.037902
