0	1.000000	1.000000	1.000000
1	0.852657	0.341844	0.854172
2	0.748853	0.185277	0.777452
3	0.663833	0.114112	0.708824
4	0.597075	0.073976	0.649226
5	0.538730	0.050354	0.594941
6	0.488422	0.048397	0.546106
7	0.444005	0.026118	0.498161
8	0.407578	0.020769	0.456057
9	0.371731	0.007402	0.422463
10	0.343695	0.006237	0.385459
11	0.318894	0.010771	0.353996
12	0.293321	0.002545	0.323799
13	0.269084	0.015974	0.291922
14	0.245948	0.006131	0.268948
15	0.223688	-0.010655	0.248031
16	0.201857	-0.011374	0.228233
17	0.184219	-0.012640	0.212856
18	0.168396	-0.034473	0.196079
19	0.157490	-0.016583	0.181107
20	0.147023	-0.023759	0.166588
21	0.141695	-0.025476	0.150996
22	0.130868	-0.016739	0.137271
23	0.123753	-0.010232	0.122777
24	0.116678	-0.015495	0.114425
25	0.113161	-0.004428	0.104239
26	0.103691	0.007525	0.092093
27	0.094335	0.017355	0.081323
28	0.087900	0.032935	0.074560
29	0.086187	0.020850	0.068709
30	0.086833	0.010913	0.064287
31	0.083761	-0.001727	0.063215
32	0.080670	0.007777	0.066123
33	0.078716	0.008837	0.068940
34	0.072296	0.007624	0.070457
35	0.067705	0.009080	0.070812
36	0.069894	-0.007918	0.070508
37	0.068589	-0.000187	0.062473
38	0.069030	-0.003703	0.058928
39	0.068934	-0.011962	0.055605
40	0.065869	-0.016980	0.057111
41	0.063959	-0.001647	0.054786
42	0.057958	-0.011270	0.060403
43	0.053134	0.008882	0.058879
44	0.046896	-0.005941	0.056373
45	0.041479	0.006629	0.052021
46	0.036268	-0.000342	0.045459
47	0.028334	-0.006846	0.041260
48	0.024661	-0.003438	0.038856
49	0.018080	-0.004909	0.035056
50	0.014508	-0.008839	0.032059
51	0.011332	-0.011740	0.031267
52	0.008169	-0.024657	0.029838
53	0.002669	-0.026917	0.031997
54	-0.002735	-0.021722	0.035738
55	-0.006566	-0.015217	0.039436
56	-0.010637	-0.007455	0.044036
57	-0.011254	-0.016818	0.047591
58	-0.011616	-0.016988	0.050198
59	-0.014478	0.003913	0.051346
60	-0.016260	0.004705	0.055758
61	-0.016566	0.001616	0.057382
62	-0.016780	-0.007911	0.061992
63	-0.018406	-0.006615	0.061890
64	-0.018233	0.010863	0.060888
65	-0.016373	0.008576	0.059832
66	-0.014183	0.007565	0.062318
67	-0.012648	0.009117	0.062038
68	-0.011134	0.012572	0.063273
69	-0.010958	0.009777	0.060437
70	-0.011075	0.014235	0.059175
71	-0.009779	0.013530	0.058971
72	-0.014087	0.008479	0.055667
73	-0.020652	0.009787	0.052869
74	-0.018147	0.004220	0.052354
75	-0.019436	-0.005145	0.050146
76	-0.018028	-0.006894	0.049505
77	-0.014205	-0.004541	0.046526
78	-0.013189	0.012947	0.048757
79	-0.015875	0.017941	0.047803
80	-0.018470	0.006727	0.050563
81	-0.014049	-0.003298	0.049909
82	-0.006178	0.000259	0.050242
83	-0.000636	-0.016780	0.048711
84	0.001818	-0.019550	0.044561
85	0.006408	-0.008411	0.041635
86	0.001456	-0.007610	0.040891
87	-0.003820	0.012343	0.043958
88	-0.001535	0.000714	0.046202
89	-0.000327	0.000692	0.047497
90	-0.000610	-0.001294	0.048601
91	-0.002684	-0.000183	0.050138
92	-0.003649	-0.002288	0.051276
93	-0.007481	-0.009554	0.054595
94	-0.010942	-0.007673	0.057778
95	-0.012872	-0.005098	0.062769
96	-0.012107	0.001397	0.065927
97	-0.011634	-0.004977	0.067364
98	-0.017639	0.002886	0.069018
99	-0.018038	0.017271	0.068008
100	-0.023483	0.007530	0.066263
101	-0.030050	0.024909	0.067240
102	-0.032896	0.010301	0.070802
103	-0.035647	0.009317	0.066595
104	-0.036484	0.001607	0.066668
105	-0.035707	-0.004278	0.060517
106	-0.034024	0.000883	0.059677
107	-0.031814	-0.011562	0.060486
108	-0.025109	-0.021490	0.060838
109	-0.021034	-0.002549	0.056633
110	-0.020138	0.000395	0.055168
111	-0.020360	-0.017231	0.055123
112	-0.022872	0.017783	0.053813
113	-0.026249	0.011149	0.050533
114	-0.026877	0.003568	0.047067
115	-0.026934	0.009764	0.044683
116	-0.025530	-0.013080	0.042069
117	-0.026400	-0.005071	0.043013
118	-0.030006	-0.005227	0.039539
119	-0.029837	-0.014011	0.038543
120	-0.032137	-0.015406	0.038453
121	-0.033544	-0.018488	0.036479
122	-0.029567	-0.019217	0.031749
123	-0.022075	-0.005520	0.028565
124	-0.019609	-0.009608	0.028405
125	-0.019963	0.001005	0.030483
126	-0.019858	-0.000092	0.032680
127	-0.019129	-0.001714	0.033647
128	-0.019185	0.006070	0.033351
129	-0.016164	0.013789	0.034159
130	-0.017887	0.005797	0.039672
131	-0.020587	0.013006	0.042492
132	-0.024583	0.007382	0.040922
133	-0.026023	-0.005221	0.038143
134	-0.026583	-0.008963	0.035525
135	-0.030884	-0.017512	0.033563
136	-0.032824	-0.018850	0.031261
137	-0.032332	-0.013075	0.031115
138	-0.031830	-0.013043	0.033409
139	-0.030878	-0.007639	0.034230
140	-0.031608	-0.003641	0.034939
141	-0.030161	0.009375	0.033122
142	-0.028818	-0.007773	0.030791
143	-0.026281	-0.013535	0.027484
144	-0.025572	-0.024280	0.024783
145	-0.026824	-0.024747	0.023365
146	-0.026856	-0.027739	0.019900
147	-0.025922	-0.029760	0.015727
148	-0.024541	-0.036457	0.009004
149	-0.023760	-0.022317	0.006617
150	-0.026307	-0.028023	-0.000419
151	-0.030798	-0.012915	-0.002896
152	-0.030172	-0.001540	-0.005800
153	-0.030414	-0.007259	-0.006355
154	-0.030432	-0.014595	-0.007326
155	-0.031365	-0.016521	-0.008244
156	-0.035129	0.000394	-0.007090
157	-0.038522	-0.001556	-0.003723
158	-0.044883	0.016313	-0.008891
159	-0.045333	0.008902	-0.009017
160	-0.040904	-0.004449	-0.008666
161	-0.041572	-0.007062	-0.004570
162	-0.046478	-0.006574	-0.002384
163	-0.047956	-0.001824	0.002539
164	-0.052468	0.007477	0.007855
165	-0.057666	0.017197	0.009186
166	-0.061517	0.016038	0.009419
167	-0.062588	-0.000480	0.010578
168	-0.064513	-0.006201	0.011025
169	-0.067308	0.020183	0.010179
170	-0.066837	0.002564	0.008381
171	-0.065144	-0.003639	0.007930
172	-0.068012	0.003557	0.008137
173	-0.067956	-0.002563	0.009098
174	-0.070915	-0.001668	0.006005
175	-0.065606	-0.015679	0.005158
176	-0.059079	-0.009604	0.005051
177	-0.059867	-0.001810	-0.001474
178	-0.063510	-0.014727	-0.003548
179	-0.061351	-0.005901	-0.007409
180	-0.065059	-0.004978	-0.009589
181	-0.063518	-0.026913	-0.015566
182	-0.061350	-0.034341	-0.017314
183	-0.060297	-0.026628	-0.019165
184	-0.059886	-0.017799	-0.022376
185	-0.055337	-0.023051	-0.027165
186	-0.049528	-0.007414	-0.026875
187	-0.041871	-0.014707	-0.031129
188	-0.037825	-0.015918	-0.033804
189	-0.036650	0.001603	-0.035104
190	-0.030816	0.006036	-0.034570
191	-0.023294	0.015982	-0.035406
192	-0.017469	0.000165	-0.036431
193	-0.014974	0.010527	-0.035990
194	-0.013221	0.010067	-0.032488
195	-0.014857	-0.018110	-0.027097
196	-0.017691	0.006773	-0.024393
197	-0.020698	0.008947	-0.018679
198	-0.023325	0.000757	-0.012544
199	-0.024216	0.002240	-0.006549
200	-0.025103	-0.002552	-0.007761
201	-0.026298	-0.004574	-0.003935
202	-0.030008	0.011104	-0.004093
203	-0.028685	0.006389	-0.003065
204	-0.028361	0.008460	-0.003201
205	-0.026495	0.009182	-0.002553
206	-0.026908	-0.001700	-0.002048
207	-0.027683	0.007159	-0.005172
208	-0.026128	0.010595	-0.002220
209	-0.024732	0.008419	-0.004584
210	-0.022213	-0.014840	-0.006000
211	-0.021398	-0.006671	-0.009670
212	-0.019745	-0.011577	-0.012471
213	-0.023128	-0.007606	-0.013018
214	-0.027372	-0.010527	-0.015511
215	-0.026977	-0.022848	-0.013126
216	-0.025768	-0.017652	-0.014869
217	-0.025181	-0.006744	-0.015264
218	-0.023940	-0.004874	-0.013814
219	-0.021637	0.001410	-0.013111
220	-0.023774	-0.011063	-0.013228
221	-0.029903	-0.023039	-0.016055
222	-0.034969	-0.022879	-0.017290
223	-0.038842	-0.016455	-0.016478
224	-0.036387	-0.027220	-0.014093
225	-0.029777	-0.026088	-0.013650
226	-0.024374	-0.008045	-0.014598
227	-0.026241	-0.019419	-0.014057
228	-0.024492	-0.000199	-0.008276
229	-0.019312	0.006968	-0.005861
230	-0.015443	0.020110	-0.006354
231	-0.009984	-0.001067	-0.009055
232	-0.006974	0.010227	-0.006289
233	-0.005864	0.007428	-0.002283
234	-0.003259	0.009294	0.004975
235	-0.002539	-0.003323	0.009098
236	-0.003088	0.009619	0.009851
237	-0.001243	0.014870	0.008646
238	-0.003243	0.016868	0.010533
239	-0.005303	0.020340	0.013951
240	-0.011868	0.010622	0.015475
241	-0.018214	0.012246	0.015775
242	-0.022275	0.003259	0.017403
243	-0.023683	0.010002	0.017897
244	-0.023885	0.002803	0.012004
245	-0.020987	0.004907	0.008912
246	-0.019885	0.011668	0.003869
247	-0.019662	0.003117	-0.002196
248	-0.017575	-0.005808	-0.005653
249	-0.016458	-0.017251	-0.012160
250	-0.017067	-0.004094	-0.016023
251	-0.016589	-0.004477	-0.018603
252	-0.016111	0.008822	-0.020811
253	-0.013965	0.000867	-0.022497
254	-0.013728	0.010907	-0.021919
255	-0.013040	0.009645	-0.023305
256	-0.012650	0.025521	-0.022945
257	-0.012976	0.000829	-0.021276
258	-0.009606	0.002634	-0.019088
259	-0.010417	0.010456	-0.015626
260	-0.009827	-0.013877	-0.008792
261	-0.008903	0.001563	-0.005961
262	-0.007844	0.014118	-0.001847
263	-0.008416	0.011723	0.002275
264	-0.012620	0.017931	0.001296
265	-0.016074	0.000552	0.003265
266	-0.018838	-0.009292	0.000389
267	-0.019161	-0.009996	0.001495
268	-0.022194	-0.004848	0.003966
269	-0.022629	0.001096	0.001987
270	-0.021253	-0.004143	-0.001549
271	-0.021983	0.011161	-0.003153
272	-0.016204	0.002893	-0.005748
273	-0.010285	0.007428	-0.009330
274	-0.006045	0.017882	-0.011904
275	-0.001307	0.022941	-0.013170
276	0.005046	0.006504	-0.017009
277	0.009266	0.008740	-0.020278
278	0.012508	0.016056	-0.024860
279	0.011079	0.001905	-0.024402
280	0.009715	0.000426	-0.022495
281	0.010140	0.005423	-0.022028
282	0.010820	0.003908	-0.020106
283	0.010760	0.002241	-0.019801
284	0.010236	-0.007658	-0.021745
285	0.006862	-0.008145	-0.023927
286	0.006378	-0.011563	-0.029004
287	0.009569	-0.000006	-0.032768
288	0.011902	0.004904	-0.037595
289	0.015019	0.005271	-0.042183
290	0.014186	0.003174	-0.049026
291	0.012921	0.007998	-0.053111
292	0.011834	0.004514	-0.055423
293	0.014106	-0.016852	-0.054596
294	0.013708	-0.006901	-0.053521
295	0.015152	-0.003029	-0.058674
296	0.021329	0.007562	-0.056819
297	0.027804	-0.005724	-0.057222
298	0.033738	0.001969	-0.057769
299	0.033938	-0.006955	-0.057726
300	0.034844	0.001417	-0.056346
301	0.035398	0.004454	-0.051830
302	0.033842	0.010264	-0.047686
303	0.034609	0.008282	-0.040595
304	0.031084	0.012233	-0.038202
305	0.033214	0.002473	-0.039447
306	0.029293	0.010199	-0.041543
307	0.027720	0.021395	-0.040827
308	0.032333	0.016147	-0.045470
309	0.031268	0.009921	-0.050294
310	0.026571	0.009874	-0.057130
311	0.021859	0.001858	-0.059127
312	0.014692	0.005096	-0.059736
313	0.013369	0.006419	-0.063720
314	0.013975	0.000487	-0.061773
315	0.013138	0.003777	-0.061604
316	0.014203	-0.009965	-0.057256
317	0.018100	0.008513	-0.054683
318	0.019206	0.005768	-0.048254
319	0.019669	0.014722	-0.045480
320	0.021381	0.004379	-0.042015
321	0.020179	-0.018426	-0.040891
322	0.021046	-0.022170	-0.037841
323	0.023238	-0.012454	-0.031186
324	0.022487	-0.002063	-0.030865
325	0.021720	0.003279	-0.022951
326	0.022640	0.006941	-0.017554
327	0.023379	0.008001	-0.011045
328	0.024554	0.001973	-0.008962
329	0.023746	-0.001838	-0.001381
330	0.022851	-0.004939	0.003492
331	0.025033	-0.012380	0.009728
332	0.027637	-0.025219	0.013409
333	0.029179	-0.016625	0.013068
334	0.029891	-0.004355	0.013983
335	0.030550	0.009388	0.016646
336	0.032769	-0.003168	0.016269
337	0.034355	-0.000583	0.018185
338	0.036142	-0.013416	0.018081
339	0.035169	-0.021158	0.017329
340	0.038604	-0.014863	0.013593
341	0.039132	-0.000968	0.007745
342	0.037136	0.005270	-0.000469
343	0.036004	0.004455	-0.004594
344	0.032178	-0.011246	-0.011493
345	0.029365	-0.008338	-0.012212
346	0.022750	-0.001138	-0.015417
347	0.018330	0.002899	-0.021155
348	0.017859	-0.004855	-0.025020
349	0.016897	-0.027594	-0.025323
350	0.011159	-0.014645	-0.026474
351	0.003417	-0.013276	-0.032566
352	-0.002560	-0.020427	-0.037682
353	-0.002898	-0.020687	-0.042646
354	-0.006855	-0.008617	-0.041461
355	-0.007520	-0.013186	-0.041489
356	-0.007916	-0.018785	-0.038560
357	-0.008721	-0.018236	-0.039998
358	-0.005010	-0.026806	-0.036367
359	0.003419	-0.019695	-0.031226
360	0.014051	-0.011433	-0.028085
361	0.020459	-0.017678	-0.026940
362	0.022561	-0.025557	-0.025196
363	0.023438	-0.033115	-0.019673
364	0.024972	-0.027723	-0.016067
365	0.027226	-0.012968	-0.008848
366	0.029004	-0.006884	-0.008355
367	0.030244	-0.000000	-0.004850
368	0.032586	0.006881	-0.005355
369	0.032782	0.012966	-0.003815
370	0.030910	0.016039	0.001156
371	0.028714	0.009451	0.003130
372	0.029781	0.007578	-0.001682
373	0.031723	0.020811	-0.001969
374	0.030410	0.021927	-0.001485
375	0.027565	0.027587	-0.001675
376	0.021331	0.015610	0.000127
377	0.012454	-0.001301	-0.001159
378	0.007947	-0.013620	-0.002876
379	0.006613	-0.010912	-0.001939
380	0.002126	-0.001122	-0.003232
381	-0.000648	0.009826	-0.002437
382	-0.005883	-0.001637	-0.000401
383	-0.010624	0.016582	-0.000518
384	-0.012476	-0.005671	-0.000030
385	-0.010143	0.005596	-0.000245
386	-0.008524	0.010849	-0.004648
387	-0.008723	0.007231	-0.010326
388	-0.009415	0.013260	-0.014078
389	-0.010017	0.005779	-0.018541
390	-0.009181	0.002084	-0.022356
391	-0.002487	-0.013836	-0.023314
392	0.004022	-0.007787	-0.023644
393	0.003751	-0.004615	-0.028186
394	0.003296	-0.003774	-0.029413
395	0.001053	0.003761	-0.026420
396	-0.004605	0.005787	-0.028263
397	-0.010366	0.013361	-0.025695
398	-0.016043	-0.003530	-0.021384
399	-0.013982	0.000082	-0.017895
400	-0.014963	0.005667	-0.008921
401	-0.012047	0.004265	-0.002818
402	-0.011974	0.005968	0.001944
403	-0.008666	-0.012287	0.007291
404	-0.004315	-0.013754	0.011735
405	-0.000555	-0.016700	0.014768
406	-0.000295	0.006434	0.011329
407	-0.001171	0.017045	0.009281
408	-0.002651	0.009205	0.008199
409	-0.000626	-0.007153	0.003559
410	0.003540	-0.009206	0.003541
411	0.004766	-0.012312	0.003911
412	0.002763	-0.012488	0.005890
413	0.001939	0.000768	0.002907
414	0.002199	0.006472	0.000304
415	0.001465	0.003037	-0.004358
416	0.009551	0.022481	-0.008638
417	0.014378	0.001136	-0.010305
418	0.017765	0.001254	-0.018452
419	0.026559	-0.001075	-0.022418
420	0.033578	0.007987	-0.024061
421	0.038527	0.021468	-0.024985
422	0.045283	0.011115	-0.025877
423	0.049187	-0.001497	-0.025891
424	0.050468	0.006300	-0.024805
425	0.053565	0.010723	-0.024698
426	0.050583	0.016460	-0.024189
427	0.053062	0.007853	-0.024152
428	0.054682	-0.013262	-0.021401
429	0.051193	-0.005719	-0.017768
430	0.049833	0.001899	-0.014591
431	0.051826	-0.006965	-0.013700
432	0.052815	-0.003773	-0.009927
433	0.055374	-0.002924	-0.000078
434	0.058198	-0.011656	0.007837
435	0.057005	-0.010383	0.015516
436	0.055280	-0.014686	0.020207
437	0.058773	-0.010332	0.031718
438	0.059441	-0.008938	0.039556
439	0.059757	-0.011630	0.043647
440	0.056858	-0.003877	0.043912
441	0.052567	-0.022092	0.044662
442	0.050141	-0.012957	0.037296
443	0.044663	-0.020160	0.038442
444	0.036669	-0.018420	0.041651
445	0.031389	-0.016218	0.040664
446	0.030433	-0.006651	0.037915
447	0.024818	0.005361	0.034638
448	0.019684	0.002459	0.032145
449	0.014084	0.005719	0.026690
450	0.009433	0.009211	0.024169
451	0.005663	-0.010610	0.019668
452	0.000378	-0.006591	0.018340
453	-0.003831	-0.007003	0.016293
454	-0.007780	-0.013129	0.007394
455	-0.008317	0.000248	0.003424
456	-0.006834	-0.017362	-0.000915
457	-0.006684	-0.020800	-0.004620
458	-0.011965	-0.014643	-0.003466
459	-0.016405	-0.004687	-0.004205
460	-0.016064	0.000589	-0.004085
461	-0.020373	-0.011421	-0.002100
462	-0.024102	-0.026558	-0.004017
463	-0.024185	-0.007572	-0.004395
464	-0.020970	-0.006250	0.000330
465	-0.022713	0.010660	0.005139
466	-0.022537	0.009166	0.011198
467	-0.024166	0.009111	0.014473
468	-0.023650	0.021463	0.019912
469	-0.020475	0.012967	0.025754
470	-0.017056	0.028209	0.027184
471	-0.015589	0.015504	0.028135
472	-0.012596	0.002369	0.031500
473	-0.011408	-0.011825	0.033482
474	-0.012066	-0.002284	0.036186
475	-0.011379	0.006516	0.039102
476	-0.016179	0.011710	0.036748
477	-0.021985	0.005700	0.035758
478	-0.026055	-0.014948	0.039011
479	-0.024103	-0.020743	0.041924
480	-0.025780	-0.007097	0.040752
481	-0.030763	-0.015705	0.036515
482	-0.035692	-0.000751	0.033170
483	-0.043253	-0.009909	0.029943
484	-0.043530	-0.011767	0.031968
485	-0.043006	0.006906	0.025204
486	-0.043875	-0.001791	0.025675
487	-0.045517	-0.011805	0.028304
488	-0.046412	-0.006640	0.028790
489	-0.044122	-0.020857	0.029964
490	-0.042699	-0.017860	0.026648
491	-0.037483	-0.001445	0.025135
492	-0.033818	-0.008009	0.024401
493	-0.032350	0.004134	0.021690
494	-0.034468	-0.004898	0.020235
495	-0.035108	-0.018715	0.019677
496	-0.037173	-0.006224	0.019370
497	-0.038479	0.001226	0.016929
498	-0.040657	0.003312	0.017564
499	-0.040948	-0.001955	0.021416
500	-0.038946	-0.009959	0.025075
501	-0.032791	-0.021332	0.028007
502	-0.030900	-0.007496	0.035209
503	-0.029581	0.004668	0.037039
504	-0.031616	0.004800	0.038977
505	-0.030650	0.002733	0.040809
506	-0.033168	0.007263	0.041741
507	-0.035207	-0.008000	0.046496
508	-0.035113	0.009250	0.048818
509	-0.032452	0.010993	0.046506
510	-0.034344	0.003132	0.044243
511	-0.038309	-0.000026	0.042552
512	-0.040436	0.010540	0.039200
513	-0.037339	0.005173	0.039425
514	-0.035060	-0.014548	0.036609
515	-0.035666	-0.003788	0.031468
516	-0.034154	0.000010	0.025928
517	-0.033407	-0.004395	0.026139
518	-0.033847	-0.015866	0.027545
519	-0.037587	-0.011002	0.029652
520	-0.041444	0.004848	0.029403
521	-0.046685	-0.000269	0.031598
522	-0.045792	-0.008940	0.036777
523	-0.049516	-0.007637	0.035306
524	-0.049527	-0.017014	0.033962
525	-0.050572	0.003745	0.033483
526	-0.052038	0.007221	0.033873
527	-0.052161	-0.009218	0.033269
528	-0.053914	0.003941	0.031133
529	-0.055753	-0.006713	0.022250
530	-0.053131	-0.004325	0.020555
531	-0.052864	0.006644	0.014954
532	-0.050478	-0.009153	0.011663
533	-0.050211	0.001376	0.008189
534	-0.049761	0.012263	0.007334
535	-0.051421	0.023608	0.011499
536	-0.054285	0.015892	0.009690
537	-0.056861	0.002202	0.012810
538	-0.061028	0.005254	0.008236
539	-0.063753	0.018932	0.007568
540	-0.065760	0.005814	0.008896
541	-0.068675	0.010121	0.008578
542	-0.069196	0.010132	0.011826
543	-0.068762	0.009172	0.014400
544	-0.072670	-0.006309	0.015830
545	-0.075120	0.008090	0.016643
546	-0.077265	0.018820	0.015151
547	-0.074361	0.010291	0.013372
548	-0.070341	0.013934	0.009779
549	-0.066685	0.007660	0.010075
550	-0.056627	0.005763	0.005777
551	-0.050716	0.002842	-0.000676
552	-0.046124	0.006862	-0.005166
553	-0.045165	0.006221	-0.003597
554	-0.038979	0.013021	-0.001528
555	-0.030291	0.021259	0.005934
556	-0.023147	0.014490	0.010966
557	-0.018978	0.012360	0.011219
558	-0.015975	0.007304	0.012001
559	-0.012816	-0.003711	0.013930
560	-0.014897	-0.015357	0.011615
561	-0.018121	-0.013623	0.008278
562	-0.015431	-0.010101	0.003682
563	-0.013890	-0.005664	-0.003679
564	-0.015549	0.002606	-0.010714
565	-0.014672	0.015189	-0.012877
566	-0.010220	0.026203	-0.016373
567	-0.007815	0.002629	-0.015633
568	-0.008529	-0.005363	-0.008905
569	-0.007783	0.003680	-0.004936
570	-0.006386	0.000361	-0.005384
571	0.000713	0.005453	-0.006320
572	0.004575	-0.000066	-0.005796
573	0.003220	0.001116	-0.011336
574	0.000653	-0.001037	-0.009591
575	-0.000569	-0.002656	-0.004934
576	-0.002072	-0.001318	-0.001740
577	-0.001428	-0.007604	0.003326
578	-0.002667	0.002850	0.009262
579	-0.000099	0.012749	0.010571
580	0.006534	0.010008	0.014363
581	0.013685	0.017658	0.013241
582	0.018947	0.005347	0.012917
583	0.023470	0.002742	0.011325
584	0.025998	0.012493	0.010381
585	0.025723	0.031718	0.007847
586	0.027875	0.036415	0.008446
587	0.025977	0.015020	0.007022
588	0.019499	0.020508	0.004982
589	0.014278	0.017772	-0.003697
590	0.012243	0.011255	-0.006014
591	0.010603	0.018832	-0.012359
592	0.004579	0.015094	-0.016831
593	-0.001859	0.007882	-0.021239
594	-0.006738	-0.003206	-0.027158
595	-0.008353	0.000690	-0.034681
596	-0.009791	-0.003113	-0.038834
597	-0.012507	-0.008630	-0.036957
598	-0.013044	-0.005304	-0.035187
599	-0.016185	-0.029066	-0.031273
600	-0.013370	-0.013346	-0.030816
601	-0.015218	-0.013390	-0.029450
602	-0.017822	-0.010453	-0.029180
603	-0.016147	-0.008213	-0.028998
604	-0.012052	-0.013229	-0.026729
605	-0.010847	-0.013679	-0.025512
606	-0.011124	-0.002274	-0.027483
607	-0.014129	-0.013841	-0.028728
608	-0.015711	-0.026316	-0.028118
609	-0.014245	-0.010365	-0.027208
610	-0.013830	-0.007272	-0.021917
611	-0.012564	0.001759	-0.021234
612	-0.010289	-0.009735	-0.020574
613	-0.011094	-0.012139	-0.023686
614	-0.010220	-0.008857	-0.028000
615	-0.009062	-0.014393	-0.026210
616	-0.003968	-0.011597	-0.030057
617	-0.000730	-0.001205	-0.030188
618	0.001571	0.003051	-0.032489
619	0.001412	0.010887	-0.033005
620	0.003559	-0.001869	-0.032366
621	0.005454	-0.004199	-0.031747
622	0.008031	-0.008751	-0.033988
623	0.011118	0.000812	-0.035716
624	0.015219	0.002213	-0.037709
625	0.019741	-0.001247	-0.041363
626	0.020649	0.001462	-0.047115
627	0.022001	-0.019021	-0.050236
628	0.024472	-0.010027	-0.050975
629	0.022933	0.010737	-0.050462
630	0.019814	-0.009060	-0.050170
631	0.016647	-0.016326	-0.050845
632	0.016239	-0.009889	-0.050103
633	0.015353	-0.000782	-0.049732
634	0.009136	0.016930	-0.047825
635	0.005685	0.011954	-0.047336
636	0.005984	0.002566	-0.044388
637	0.009063	-0.007619	-0.039368
638	0.009091	-0.005165	-0.037809
639	0.011111	-0.018819	-0.035077
640	0.012399	-0.011680	-0.035178
641	0.014291	-0.025872	-0.027426
642	0.018661	-0.016458	-0.024981
643	0.013764	-0.014899	-0.022752
644	0.009583	-0.019860	-0.020729
645	0.010407	-0.027064	-0.019082
646	0.013724	-0.010450	-0.021012
647	0.013349	-0.007817	-0.027570
648	0.017817	-0.022375	-0.025083
649	0.016077	-0.014914	-0.026497
650	0.017438	-0.018727	-0.023614
651	0.018168	-0.011668	-0.023812
652	0.015612	-0.010590	-0.020908
653	0.012293	0.004018	-0.018395
654	0.007030	0.010454	-0.015885
655	0.004601	0.016938	-0.019051
656	0.002617	0.023744	-0.018619
657	0.002283	0.017525	-0.018445
658	-0.000633	0.012384	-0.018769
659	-0.009020	0.009049	-0.021371
660	-0.016092	0.000341	-0.019737
661	-0.018839	-0.006900	-0.020334
662	-0.019130	0.008489	-0.022923
663	-0.018981	0.005173	-0.022788
664	-0.020109	-0.005034	-0.023244
665	-0.024329	0.003322	-0.019289
666	-0.023859	0.002201	-0.015092
667	-0.026334	0.000758	-0.008676
668	-0.023492	0.000044	-0.003430
669	-0.022331	-0.000017	-0.001053
670	-0.021302	0.011114	0.003710
671	-0.025129	0.017550	0.004142
672	-0.025988	0.031865	0.003993
673	-0.026278	0.002676	0.002292
674	-0.027481	0.001687	0.001381
675	-0.028763	-0.001401	-0.003039
676	-0.024365	0.008440	-0.003234
677	-0.017266	0.013598	-0.001328
678	-0.014530	0.008896	-0.002574
679	-0.011428	-0.000116	-0.003088
680	-0.007641	-0.009281	-0.001398
681	-0.000778	-0.010665	-0.002145
682	0.004058	-0.000279	-0.004255
683	0.010212	-0.019679	-0.003681
684	0.010721	-0.007750	-0.001662
685	0.007679	-0.001422	0.002892
686	0.006551	-0.014294	0.006455
687	0.007515	-0.016277	0.004011
688	0.011421	-0.007443	-0.003172
689	0.012811	-0.014451	-0.008073
690	0.012119	-0.009018	-0.012585
691	0.014037	-0.014137	-0.015399
692	0.013529	-0.012961	-0.020154
693	0.016093	-0.008275	-0.024212
694	0.017783	-0.017382	-0.022174
695	0.021916	-0.016107	-0.024016
696	0.021923	-0.001254	-0.024611
697	0.021404	0.005329	-0.023174
698	0.017416	0.007891	-0.024741
699	0.017598	0.002477	-0.025089
700	0.017798	-0.006103	-0.027733
701	0.012456	-0.001312	-0.028263
702	0.007254	-0.015386	-0.026996
703	0.005032	-0.003427	-0.023518
704	0.006430	-0.005513	-0.022289
705	0.007367	-0.016462	-0.023177
706	0.010546	-0.014574	-0.020670
707	0.012439	-0.016275	-0.023950
708	0.013252	-0.019155	-0.017905
709	0.019927	-0.025329	-0.017191
710	0.027217	-0.001316	-0.012479
711	0.031291	-0.006172	-0.010946
712	0.031067	0.004967	-0.002139
713	0.026050	-0.006771	0.002891
714	0.021725	0.010657	0.003428
715	0.015641	0.005834	0.001269
716	0.009057	-0.000057	-0.000925
717	0.004378	-0.009699	0.000499
718	0.002482	-0.012009	0.001899
719	0.002573	-0.030628	0.005258
720	0.001489	-0.017036	0.008942
721	0.004189	-0.019529	0.010239
722	0.006524	-0.011383	0.008148
723	0.011298	-0.011658	0.011810
724	0.014975	-0.012280	0.008198
725	0.012712	-0.009960	0.005502
726	0.011966	-0.023498	0.000017
727	0.008470	-0.016512	-0.003339
728	0.001245	0.002223	-0.001657
729	-0.001891	-0.002569	-0.004428
730	-0.008685	-0.007780	-0.007392
731	-0.013966	0.013215	-0.007700
732	-0.015004	0.012938	-0.006090
733	-0.018731	0.013998	-0.009353
734	-0.014952	0.006479	-0.012424
735	-0.013660	-0.002462	-0.013429
736	-0.011076	-0.004933	-0.015266
737	-0.011677	-0.016613	-0.016123
738	-0.011154	-0.006406	-0.017486
739	-0.008965	0.003528	-0.023777
740	-0.008039	-0.004170	-0.033486
741	-0.002368	0.009058	-0.038443
742	0.003797	0.018889	-0.050254
743	0.007769	0.017185	-0.052671
744	0.013414	0.019448	-0.058295
745	0.019663	0.012892	-0.060608
746	0.019446	-0.001556	-0.065546
747	0.029427	-0.012495	-0.069357
748	0.037061	-0.010240	-0.071861
749	0.037139	-0.007250	-0.075754
750	0.042052	0.001597	-0.082613
751	0.043246	-0.003570	-0.084807
752	0.041415	0.002882	-0.089105
753	0.041236	-0.011801	-0.094886
754	0.039378	-0.013502	-0.094140
755	0.037218	-0.013246	-0.092015
756	0.033492	-0.021014	-0.090306
757	0.028969	-0.010016	-0.092069
758	0.029625	-0.001054	-0.096047
759	0.027099	0.007145	-0.096311
760	0.026113	0.008672	-0.096952
761	0.024900	0.012621	-0.094190
762	0.025115	-0.004336	-0.091661
763	0.018182	-0.005470	-0.086639
764	0.017615	-0.024141	-0.080727
765	0.019327	-0.026728	-0.074896
766	0.022288	-0.027377	-0.071497
767	0.021661	-0.027694	-0.064597
768	0.020300	-0.033655	-0.056032
769	0.024475	-0.033498	-0.051709
770	0.021884	-0.022106	-0.041039
771	0.020382	-0.009438	-0.034322
772	0.019776	-0.003991	-0.030860
773	0.020467	-0.007181	-0.026297
774	0.020398	-0.015097	-0.024123
775	0.021450	0.000541	-0.021408
776	0.020673	-0.001192	-0.013237
777	0.019975	-0.007997	-0.015742
778	0.016355	-0.017724	-0.013978
779	0.009910	-0.011569	-0.012435
780	0.007413	0.008929	-0.012136
781	-0.000675	0.003729	-0.014683
782	-0.005336	0.006102	-0.014420
783	-0.008696	0.009265	-0.018419
784	-0.013812	0.008449	-0.024771
785	-0.013575	-0.001713	-0.032516
786	-0.013700	-0.006088	-0.041450
787	-0.007782	0.018683	-0.044648
788	-0.006749	0.017040	-0.047644
789	-0.007311	0.022492	-0.050578
790	-0.006320	0.011518	-0.054324
791	-0.006302	0.006884	-0.062894
792	-0.005766	-0.000367	-0.065849
793	-0.000074	0.022378	-0.071466
794	0.001033	0.027869	-0.073727
795	-0.000779	0.028611	-0.073382
796	-0.001740	0.012121	-0.074871
797	-0.005568	0.005063	-0.074974
798	-0.010586	-0.004745	-0.072735
799	-0.013800	-0.010383	-0.069189
800	-0.018484	0.001232	-0.075431
801	-0.019832	0.009399	-0.077726
802	-0.021875	-0.001288	-0.079322
803	-0.021048	0.013395	-0.078529
804	-0.019208	0.004054	-0.075675
805	-0.015767	0.017399	-0.075405
806	-0.010655	0.012744	-0.071699
807	-0.007645	0.019426	-0.069656
808	-0.008842	0.018043	-0.071543
809	-0.009360	0.009449	-0.070107
810	-0.014129	0.019692	-0.069514
811	-0.018387	0.018507	-0.072133
812	-0.020965	0.000226	-0.071410
813	-0.025958	0.003408	-0.072517
814	-0.028198	-0.000973	-0.066244
815	-0.025474	0.014693	-0.059084
816	-0.021300	0.018856	-0.052031
817	-0.015366	0.022066	-0.047704
818	-0.011651	0.008410	-0.044021
819	-0.009769	0.027058	-0.043691
820	-0.007370	0.006271	-0.043364
821	-0.007534	0.004419	-0.044257
822	-0.008282	0.008048	-0.048099
823	-0.010039	0.010396	-0.047044
824	-0.010724	-0.005201	-0.043462
825	-0.017252	-0.003837	-0.045638
826	-0.016915	-0.010111	-0.048510
827	-0.018274	-0.007927	-0.048324
828	-0.018560	-0.007558	-0.055148
829	-0.018109	-0.005611	-0.053984
830	-0.019227	0.008818	-0.059826
831	-0.024469	0.000444	-0.061513
832	-0.028819	0.011329	-0.064777
833	-0.031539	-0.004234	-0.064936
834	-0.031578	-0.010667	-0.064085
835	-0.030034	-0.002735	-0.068098
836	-0.031132	-0.010777	-0.070598
837	-0.032302	-0.012207	-0.073795
838	-0.030824	-0.015616	-0.070939
839	-0.028105	0.000496	-0.066463
840	-0.029243	-0.001167	-0.059581
841	-0.028672	0.006403	-0.054312
842	-0.029699	0.014828	-0.053076
843	-0.029831	0.020695	-0.048237
844	-0.031747	0.015762	-0.045290
845	-0.032638	0.014254	-0.039809
846	-0.037737	0.010939	-0.042162
847	-0.039022	0.005202	-0.039328
848	-0.038722	0.005931	-0.037139
849	-0.039445	-0.006736	-0.035901
850	-0.038419	-0.008415	-0.032585
851	-0.037902	0.000041	-0.032895
852	-0.040189	-0.007981	-0.036519
853	-0.038301	0.006256	-0.033903
854	-0.033741	0.009925	-0.034443
855	-0.033211	0.008471	-0.033514
856	-0.027621	-0.003296	-0.032875
857	-0.021773	-0.009345	-0.035766
858	-0.016636	0.002905	-0.034293
859	-0.010514	0.002401	-0.031132
860	-0.005755	0.004396	-0.034297
861	-0.003660	-0.006953	-0.035159
862	-0.003150	-0.001665	-0.036132
863	-0.002020	-0.002554	-0.035214
864	0.003593	-0.006173	-0.036126
865	0.001820	0.009994	-0.037861
866	-0.002265	0.013000	-0.038598
867	-0.003604	0.005797	-0.041609
868	-0.006706	-0.011349	-0.044936
869	-0.006579	-0.014546	-0.046332
870	-0.009561	-0.013339	-0.049741
871	-0.013771	-0.009447	-0.052696
872	-0.017862	-0.014731	-0.049524
873	-0.025149	-0.001057	-0.049366
874	-0.032540	-0.009930	-0.051015
875	-0.037980	-0.012228	-0.052106
876	-0.041519	-0.002989	-0.049885
877	-0.045180	-0.004255	-0.048048
878	-0.047862	-0.007630	-0.047820
879	-0.049793	-0.002736	-0.044611
880	-0.053970	-0.002223	-0.042529
881	-0.058892	-0.002042	-0.040205
882	-0.058463	-0.004240	-0.034292
883	-0.059060	0.002550	-0.030109
884	-0.057670	-0.000567	-0.024331
885	-0.059020	0.001506	-0.021694
886	-0.057831	-0.010775	-0.019533
887	-0.059987	0.003981	-0.020140
888	-0.060729	0.006291	-0.022603
889	-0.064445	0.013064	-0.025076
890	-0.066764	0.013113	-0.031363
891	-0.068249	0.001068	-0.035956
892	-0.074429	0.001765	-0.040893
893	-0.078634	0.002235	-0.047840
894	-0.080615	0.005034	-0.050319
895	-0.077415	0.003791	-0.051996
896	-0.074284	0.001269	-0.055809
897	-0.071407	-0.018195	-0.059009
898	-0.067147	-0.012586	-0.058734
899	-0.063493	-0.010536	-0.057669
900	-0.062779	-0.013055	-0.055296
901	-0.060178	-0.003418	-0.052840
902	-0.055258	-0.027153	-0.049358
903	-0.051218	-0.010429	-0.043223
904	-0.045602	0.002091	-0.035787
905	-0.040511	-0.007745	-0.032044
906	-0.039553	0.005498	-0.031670
907	-0.037909	0.005329	-0.032510
908	-0.035257	0.019606	-0.036025
909	-0.030828	0.011760	-0.035802
910	-0.028827	0.004563	-0.036934
911	-0.025246	0.021611	-0.038034
912	-0.022867	0.011909	-0.035724
913	-0.021734	-0.000599	-0.035472
914	-0.020547	-0.001772	-0.034858
915	-0.021085	0.002318	-0.038815
916	-0.020858	0.012235	-0.042430
917	-0.016079	0.013584	-0.046454
918	-0.011272	0.003313	-0.046652
919	-0.002833	-0.000888	-0.043201
920	-0.001479	0.000750	-0.042534
921	-0.000235	-0.004677	-0.037688
922	-0.001926	-0.014280	-0.034002
923	-0.007572	-0.022270	-0.030109
924	-0.008935	-0.026661	-0.028067
925	-0.012120	-0.018886	-0.018851
926	-0.014096	-0.014772	-0.015253
927	-0.015383	-0.013238	-0.010474
928	-0.016315	-0.004912	-0.009246
929	-0.017166	-0.009482	-0.006099
930	-0.017740	-0.010955	-0.004769
931	-0.019376	-0.002853	-0.005148
932	-0.020135	0.001203	-0.008950
933	-0.024981	0.001177	-0.008536
934	-0.025035	0.016952	-0.007816
935	-0.029141	0.013339	-0.002942
936	-0.030758	0.010592	-0.000362
937	-0.031574	0.002602	0.008335
938	-0.029197	0.011973	0.013452
939	-0.031973	-0.009976	0.019090
940	-0.032774	-0.002147	0.029208
941	-0.031347	-0.007611	0.028812
942	-0.026980	-0.001948	0.034177
943	-0.021991	0.001086	0.037943
944	-0.016029	0.004406	0.039769
945	-0.012086	0.006875	0.039954
946	-0.009652	-0.004759	0.045130
947	-0.007859	-0.012432	0.049512
948	-0.008340	-0.018853	0.052166
949	-0.014479	-0.010143	0.051442
950	-0.018771	-0.022906	0.050827
951	-0.019588	-0.030638	0.047366
952	-0.024345	-0.019844	0.046199
953	-0.023173	-0.015082	0.046378
954	-0.025398	-0.016535	0.049203
955	-0.027861	-0.027868	0.050236
956	-0.029056	-0.014542	0.045854
957	-0.030732	0.000906	0.045404
958	-0.027843	-0.009349	0.043437
959	-0.024099	0.003596	0.041251
960	-0.021252	0.010002	0.039293
961	-0.020459	0.032180	0.040323
962	-0.019464	0.016739	0.036965
963	-0.020519	0.000363	0.038427
964	-0.017604	-0.001790	0.033112
965	-0.013932	-0.006309	0.030295
966	-0.015565	-0.005127	0.023127
967	-0.023255	0.009675	0.022679
968	-0.022902	0.014169	0.018162
969	-0.023850	0.005917	0.012549
970	-0.023566	0.000376	0.011461
971	-0.023856	-0.007062	0.009422
972	-0.022036	0.003973	0.008874
973	-0.021758	0.009608	0.004924
974	-0.024957	0.003676	0.003843
975	-0.031114	0.008205	0.005315
976	-0.033196	0.002756	0.002889
977	-0.036445	0.006622	0.001514
978	-0.038993	0.017620	-0.000165
979	-0.035854	0.012525	-0.003721
980	-0.034345	0.012963	-0.006320
981	-0.032666	0.004738	-0.011066
982	-0.035193	0.016822	-0.018254
983	-0.041722	0.010012	-0.024243
984	-0.044475	0.013578	-0.031443
985	-0.044637	0.008237	-0.036553
986	-0.045674	0.012979	-0.043297
987	-0.044374	0.006606	-0.051477
988	-0.043199	0.006725	-0.053947
989	-0.043704	0.006766	-0.057151
990	-0.041476	0.011573	-0.056873
991	-0.040201	0.003912	-0.057920
992	-0.038935	-0.003146	-0.058194
993	-0.041823	-0.000632	-0.058368
994	-0.038832	0.006074	-0.060851
995	-0.035387	0.005966	-0.063283
996	-0.025986	0.004053	-0.065359
997	-0.017335	-0.003382	-0.065178
998	-0.013485	-0.009244	-0.069344
999	-0.007962	-0.004976	-0.067376
1000	-0.002555	-0.015592	-0.062884
1001	0.005834	-0.004710	-0.059024
1002	0.015804	0.015606	-0.056032
1003	0.018431	0.010557	-0.056451
1004	0.021328	0.008047	-0.052300
1005	0.021551	0.006044	-0.048081
1006	0.025762	0.001753	-0.043732
1007	0.028128	0.009450	-0.043005
1008	0.027357	0.003998	-0.039651
1009	0.028879	0.002535	-0.037128
1010	0.029637	0.000375	-0.027539
1011	0.030334	0.011097	-0.020112
1012	0.024523	0.004697	-0.015553
1013	0.024118	0.005594	-0.007224
1014	0.025622	-0.004043	0.002122
1015	0.029452	-0.001699	0.008790
1016	0.028353	-0.010245	0.015695
1017	0.028609	-0.013544	0.024512
1018	0.024289	0.004964	0.022929
1019	0.017862	-0.002828	0.027726
1020	0.016494	-0.008160	0.027564
1021	0.015982	-0.007833	0.029978
1022	0.010845	-0.017557	0.029468
1023	0.008180	0.001297	0.028312
1024	0.001380	0.000006	0.027578
1025	0.003116	0.001687	0.024694
1026	0.005803	0.007648	0.021316
1027	0.011921	0.003539	0.020620
1028	0.013340	-0.003653	0.014844
1029	0.012399	0.000018	0.012648
1030	0.012322	0.009690	0.014760
1031	0.014605	0.022722	0.017440
1032	0.016838	0.012317	0.017349
1033	0.019518	-0.004031	0.016138
1034	0.016887	0.003676	0.017514
1035	0.013716	-0.016624	0.020383
1036	0.012936	-0.014388	0.021449
1037	0.009372	-0.021523	0.017344
1038	0.002961	-0.002571	0.015086
1039	-0.000677	-0.003399	0.013341
1040	0.001765	0.005204	0.009981
1041	0.003780	0.000747	0.009682
1042	0.007813	-0.004713	0.010368
1043	0.005821	-0.001589	0.008477
1044	0.001945	0.003056	0.007603
1045	-0.001858	0.011725	0.008316
1046	0.001456	0.013825	0.011480
1047	0.003330	0.003238	0.008645
1048	0.003151	-0.003212	0.008674
1049	0.003579	0.003654	0.012675
1050	0.005563	0.024034	0.014065
1051	0.005230	0.029970	0.013137
1052	-0.000135	0.008010	0.013947
1053	-0.002666	0.010789	0.017108
1054	-0.006694	0.004923	0.016065
1055	-0.005276	0.020244	0.018421
1056	-0.003774	0.011263	0.021483
1057	-0.004368	0.014562	0.025003
1058	-0.001257	0.012654	0.030856
1059	0.001786	0.013077	0.036270
1060	0.001006	0.001713	0.038987
1061	0.003965	0.003366	0.040518
1062	0.002404	0.009474	0.041948
1063	0.000474	-0.004087	0.039373
1064	-0.003222	-0.000177	0.035360
1065	-0.002462	-0.010733	0.030529
1066	-0.003670	-0.006962	0.026259
1067	-0.001086	-0.001200	0.024814
1068	-0.001666	-0.003444	0.022089
1069	0.000311	-0.008612	0.021614
1070	0.003263	-0.001812	0.027309
1071	0.004409	-0.002995	0.023266
1072	0.003955	0.004764	0.020152
1073	0.004351	0.006449	0.010127
1074	0.003812	0.015438	0.008961
1075	-0.000618	0.029259	0.006408
1076	-0.003042	0.026542	0.002615
1077	-0.006324	0.021729	0.001570
1078	-0.008644	0.031342	-0.001895
1079	-0.008744	0.015707	-0.000611
1080	-0.009746	-0.005574	0.001462
1081	-0.010235	-0.010318	0.001388
1082	-0.005650	-0.011771	0.002706
1083	-0.000754	0.000591	0.001641
1084	0.002580	0.002906	0.001061
1085	0.005835	0.001667	0.001029
1086	-0.000364	0.013141	0.000379
1087	0.000355	-0.000040	0.002415
1088	0.003055	-0.002685	0.005505
1089	0.001169	-0.005904	0.010391
1090	-0.000745	-0.003137	0.012419
1091	-0.003720	-0.019302	0.009320
1092	-0.005033	-0.010123	0.011000
1093	-0.009584	-0.002426	0.008778
1094	-0.012564	-0.015637	0.011355
1095	-0.011875	-0.020350	0.008236
1096	-0.011382	-0.004239	0.003282
1097	-0.013235	0.002653	-0.000327
1098	-0.010458	0.020173	-0.001202
1099	-0.011642	0.016835	-0.003631
1100	-0.013313	0.011238	-0.004721
1101	-0.013421	0.005195	-0.001605
1102	-0.014278	0.003457	-0.000086
1103	-0.015681	0.014382	0.002716
1104	-0.016554	0.019523	0.006058
1105	-0.015484	0.023659	0.006708
1106	-0.018522	0.007424	0.005691
1107	-0.019852	0.009887	0.006166
1108	-0.019529	-0.007244	0.005493
1109	-0.019803	0.008245	0.002563
1110	-0.014501	0.008458	-0.001125
1111	-0.012092	0.010291	-0.005157
1112	-0.009559	0.002452	-0.005714
1113	-0.001991	-0.012311	-0.005667
1114	0.002584	-0.004965	-0.001072
1115	0.007776	-0.023700	0.002621
1116	0.006215	-0.014537	0.005017
1117	0.006491	-0.028864	0.004278
1118	0.012142	-0.015836	0.005223
1119	0.014726	-0.003351	-0.000683
1120	0.022546	0.006172	-0.005752
1121	0.030025	0.002790	-0.006337
1122	0.034131	-0.000020	-0.008742
1123	0.028391	0.000248	-0.010048
1124	0.022292	0.016255	-0.008213
1125	0.016468	0.009458	-0.009731
1126	0.012952	0.001318	-0.012947
1127	0.014239	0.002023	-0.019017
1128	0.014619	-0.000523	-0.022332
1129	0.013236	-0.008914	-0.022510
1130	0.018245	-0.002145	-0.027524
1131	0.016893	0.005650	-0.032786
1132	0.016455	0.001279	-0.033060
1133	0.015436	-0.002730	-0.036041
1134	0.012617	-0.011425	-0.035622
1135	0.010364	0.001608	-0.035475
1136	0.007203	0.002062	-0.036011
1137	0.005596	-0.003602	-0.036539
1138	0.003465	-0.003202	-0.035085
1139	0.000572	-0.035716	-0.040002
1140	-0.004746	-0.016469	-0.037212
1141	-0.012981	-0.009818	-0.039248
1142	-0.018714	-0.004587	-0.043221
1143	-0.013956	-0.014534	-0.044526
1144	-0.010366	-0.001696	-0.043593
1145	-0.006447	-0.002622	-0.046417
1146	-0.003147	-0.001495	-0.043304
1147	-0.004864	-0.003189	-0.042579
1148	-0.006102	-0.030081	-0.039634
1149	-0.007563	-0.028480	-0.034349
1150	-0.007441	-0.019812	-0.031863
1151	-0.002308	-0.028223	-0.033794
1152	0.001060	-0.037402	-0.029644
1153	0.003439	-0.027239	-0.025038
1154	0.005662	-0.026889	-0.025050
1155	0.012779	-0.024491	-0.019767
1156	0.019741	-0.016796	-0.015476
1157	0.022357	-0.017913	-0.012982
1158	0.024785	-0.008116	-0.010272
1159	0.029020	-0.017573	-0.009262
1160	0.032396	-0.005355	-0.007602
1161	0.036026	-0.005590	-0.007334
1162	0.030780	0.015096	-0.008473
1163	0.027273	0.010498	-0.012044
1164	0.024575	0.009598	-0.017433
1165	0.021441	0.003652	-0.019484
1166	0.016697	0.000082	-0.018559
1167	0.014847	-0.000358	-0.020663
1168	0.009238	0.009260	-0.021590
1169	0.002325	-0.001974	-0.025125
1170	-0.004061	0.007423	-0.025499
1171	-0.012275	-0.001981	-0.023130
1172	-0.022828	-0.003153	-0.020281
1173	-0.027440	-0.010431	-0.017460
1174	-0.032431	0.001661	-0.013052
1175	-0.033733	-0.000087	-0.011359
1176	-0.038760	-0.013903	-0.009672
1177	-0.040531	-0.006389	-0.008970
1178	-0.040428	-0.005870	-0.004072
1179	-0.043286	-0.003134	-0.001888
1180	-0.043323	-0.012573	0.000755
1181	-0.045754	0.000226	0.003107
1182	-0.048153	-0.009229	0.003889
1183	-0.047570	-0.014466	0.008873
1184	-0.043435	-0.012511	0.011966
1185	-0.037915	-0.023049	0.015138
1186	-0.038456	-0.008672	0.013001
1187	-0.039709	-0.003037	0.013500
1188	-0.039861	-0.002970	0.013147
1189	-0.043859	-0.006105	0.006600
1190	-0.045661	-0.004087	0.008898
1191	-0.044541	0.001046	0.010522
1192	-0.047188	-0.001086	0.009365
1193	-0.051260	-0.016774	0.001878
1194	-0.052479	-0.020999	-0.004387
1195	-0.053882	-0.011646	-0.011375
1196	-0.050431	0.001060	-0.015149
1197	-0.052035	0.010992	-0.017536
1198	-0.050371	0.019348	-0.017583
1199	-0.049723	0.008916	-0.019909
1200	-0.050139	0.004508	-0.019534
1201	-0.051669	0.011698	-0.020704
1202	-0.052956	0.004428	-0.022852
1203	-0.054600	0.015916	-0.025042
1204	-0.053487	0.008238	-0.021652
1205	-0.058006	0.009832	-0.021367
1206	-0.059916	-0.003295	-0.020958
1207	-0.060373	-0.014264	-0.019268
1208	-0.063867	0.012654	-0.019310
1209	-0.063970	0.001492	-0.012950
1210	-0.064506	-0.015880	-0.013244
1211	-0.064424	0.014798	-0.009918
1212	-0.064828	0.003414	-0.004965
1213	-0.059676	-0.008117	-0.005223
1214	-0.050861	0.005852	-0.003974
1215	-0.048147	0.003365	-0.002249
1216	-0.047145	0.004464	-0.000478
1217	-0.044968	-0.002902	0.000774
1218	-0.045262	0.009279	0.004179
1219	-0.044683	-0.003719	0.004681
1220	-0.045098	-0.008991	0.003864
1221	-0.044513	-0.016939	0.005238
1222	-0.041698	-0.018401	0.001478
1223	-0.043924	-0.021440	-0.001123
1224	-0.046168	0.000632	-0.001530
1225	-0.047406	-0.003135	-0.002978
1226	-0.046206	0.002214	-0.004791
1227	-0.043126	-0.000626	-0.007174
1228	-0.035249	0.001037	-0.008648
1229	-0.031692	0.004509	-0.010133
1230	-0.033590	-0.006029	-0.016077
1231	-0.034856	0.005706	-0.021604
1232	-0.035466	0.009954	-0.024201
1233	-0.033866	-0.026100	-0.028311
1234	-0.033611	-0.010134	-0.027797
1235	-0.034815	-0.001477	-0.031556
1236	-0.036694	-0.007698	-0.030320
1237	-0.040786	0.004318	-0.034071
1238	-0.042965	0.007549	-0.034277
1239	-0.043905	0.011885	-0.034095
1240	-0.042331	0.006940	-0.029373
1241	-0.044472	0.003745	-0.030590
1242	-0.042448	-0.007436	-0.031850
1243	-0.041334	0.002109	-0.031176
1244	-0.036811	0.014149	-0.034164
1245	-0.037781	0.001698	-0.035060
1246	-0.034257	0.007498	-0.038640
1247	-0.030470	-0.015151	-0.039115
1248	-0.029033	0.001074	-0.041049
1249	-0.028560	-0.010999	-0.042424
1250	-0.031893	0.005124	-0.041296
1251	-0.030065	-0.011112	-0.040761
1252	-0.024396	-0.023404	-0.036532
1253	-0.020336	-0.025746	-0.032200
1254	-0.016702	-0.030688	-0.022644
1255	-0.011010	-0.009957	-0.012092
1256	-0.013547	-0.009469	-0.005378
1257	-0.013477	0.003023	0.002934
1258	-0.015998	-0.011377	0.010198
1259	-0.015089	-0.002540	0.014674
1260	-0.016970	0.002319	0.020629
1261	-0.009275	0.006598	0.024845
1262	-0.006819	-0.009940	0.023721
1263	-0.007280	0.025439	0.020607
1264	-0.001030	0.007782	0.023291
1265	0.006851	-0.001947	0.020341
1266	0.014718	-0.014420	0.020190
1267	0.025309	0.001774	0.019606
1268	0.030852	-0.004550	0.019378
1269	0.038724	-0.006237	0.025715
1270	0.039065	-0.000600	0.031277
1271	0.032582	-0.013665	0.032000
1272	0.031168	-0.011161	0.031164
1273	0.032377	-0.013404	0.031882
1274	0.035644	-0.007026	0.026815
1275	0.037235	-0.005296	0.024614
1276	0.036856	-0.001820	0.017881
1277	0.036673	0.001313	0.013835
1278	0.040365	-0.010572	0.011228
1279	0.044487	-0.007880	0.005280
1280	0.046303	-0.018227	-0.000217
1281	0.048450	-0.024199	-0.001550
1282	0.044789	-0.029770	-0.005731
1283	0.040024	-0.000246	-0.008325
1284	0.037323	-0.010954	-0.012437
1285	0.030608	-0.000184	-0.020600
1286	0.027873	-0.007451	-0.021350
1287	0.028194	0.009464	-0.026947
1288	0.030486	-0.002903	-0.031566
1289	0.027221	0.013371	-0.033077
1290	0.026812	0.008504	-0.036208
1291	0.025093	0.013270	-0.039958
1292	0.023700	-0.001339	-0.041738
1293	0.022498	-0.003524	-0.042760
1294	0.017251	-0.003277	-0.047351
1295	0.016907	-0.011881	-0.053601
1296	0.015983	-0.007167	-0.057620
1297	0.015324	-0.017777	-0.057260
1298	0.015800	-0.020337	-0.058716
1299	0.015235	-0.027929	-0.060323
1300	0.011316	-0.015448	-0.062002
1301	0.009658	-0.017033	-0.067793
1302	0.003553	-0.011248	-0.068966
1303	-0.004932	-0.015048	-0.069326
1304	-0.008028	-0.014427	-0.064834
1305	-0.007203	-0.010062	-0.065111
1306	0.000275	-0.001803	-0.062089
1307	0.010848	0.000999	-0.062794
1308	0.016320	-0.004655	-0.061090
1309	0.025079	0.005911	-0.053952
1310	0.028527	0.008124	-0.053209
1311	0.026138	-0.008965	-0.047315
1312	0.023403	-0.027317	-0.043120
1313	0.026039	-0.017139	-0.040663
1314	0.027525	-0.005727	-0.041387
1315	0.029927	0.005724	-0.046164
1316	0.027621	-0.014524	-0.049289
1317	0.025097	-0.005554	-0.049910
1318	0.021985	0.003426	-0.046879
1319	0.021614	-0.000194	-0.044700
1320	0.022230	0.000189	-0.041064
1321	0.019886	0.005269	-0.037185
1322	0.019241	-0.000496	-0.032124
1323	0.022662	-0.020540	-0.025777
1324	0.024707	-0.019550	-0.022485
1325	0.025978	-0.007817	-0.016160
1326	0.024916	0.010444	-0.016350
1327	0.024771	0.003836	-0.013185
1328	0.029959	0.027029	-0.007656
1329	0.034936	0.017604	-0.002323
1330	0.041589	0.033441	-0.000883
1331	0.048466	0.008558	0.000737
1332	0.053447	-0.018254	-0.001349
1333	0.055065	-0.002805	-0.003913
1334	0.056635	0.004776	-0.004450
1335	0.057852	0.012271	-0.007177
1336	0.054383	0.015007	-0.014994
1337	0.057037	0.028670	-0.016185
1338	0.062945	0.008080	-0.016035
1339	0.066379	0.002410	-0.016180
1340	0.066895	0.000598	-0.016241
1341	0.065385	-0.002225	-0.019826
1342	0.060306	-0.001015	-0.017272
1343	0.061024	-0.002528	-0.016468
1344	0.060943	-0.002690	-0.013874
1345	0.060724	-0.023791	-0.016751
1346	0.062629	-0.019115	-0.018251
1347	0.062052	-0.014238	-0.015671
1348	0.060171	-0.008270	-0.015044
1349	0.059856	-0.005524	-0.015776
1350	0.057211	0.006024	-0.016799
1351	0.054148	-0.006833	-0.010921
1352	0.051429	0.002147	-0.008390
1353	0.049751	0.009725	-0.007714
1354	0.044550	-0.001166	-0.002462
1355	0.039525	0.011414	-0.005252
1356	0.031892	0.013404	-0.001661
1357	0.029481	0.012381	0.000924
1358	0.029557	0.004355	0.004010
1359	0.028246	0.001126	0.004526
1360	0.020897	-0.008971	0.005573
1361	0.011732	0.009459	0.002551
1362	0.006369	0.021938	-0.001351
1363	0.001805	0.013672	-0.002139
1364	-0.006274	0.012578	-0.000651
1365	-0.008765	0.018337	0.002350
1366	-0.012029	0.005630	0.008148
1367	-0.017387	0.012248	0.007962
1368	-0.023701	0.004679	0.006254
1369	-0.028434	0.006904	0.006125
1370	-0.028425	-0.000129	0.009074
1371	-0.030164	0.004773	0.009389
1372	-0.034365	-0.008539	0.006759
1373	-0.036989	-0.016574	0.007638
1374	-0.038278	-0.013462	0.007823
1375	-0.041714	-0.010052	0.012758
1376	-0.040081	0.004506	0.011538
1377	-0.037207	0.008091	0.012879
1378	-0.033137	0.003606	0.014407
1379	-0.035339	-0.004812	0.012152
1380	-0.034014	0.012856	0.015663
1381	-0.030199	-0.004559	0.012578
1382	-0.024015	-0.001857	0.014964
1383	-0.021830	0.007487	0.011122
1384	-0.024878	0.015267	0.011910
1385	-0.029299	0.012247	0.013994
1386	-0.032719	0.003904	0.013990
1387	-0.036493	0.005882	0.010180
1388	-0.040514	0.019498	0.010051
1389	-0.044840	-0.007698	0.007443
1390	-0.041168	-0.013865	0.004596
1391	-0.034233	0.000069	0.005803
1392	-0.029017	0.017553	0.003607
1393	-0.021202	0.006566	-0.000625
1394	-0.012201	0.026046	-0.004057
1395	-0.004605	0.010608	-0.008708
1396	0.000709	0.010783	-0.015447
1397	0.002909	0.005067	-0.024082
1398	0.007268	0.010220	-0.021876
1399	0.010939	-0.010207	-0.018881
1400	0.011601	0.000354	-0.015962
1401	0.015846	0.019291	-0.015119
1402	0.016528	0.009778	-0.017432
1403	0.017170	-0.006338	-0.018071
1404	0.015482	0.007224	-0.022506
1405	0.014832	0.010424	-0.024710
1406	0.015112	0.008793	-0.029051
1407	0.016160	0.003154	-0.034283
1408	0.016337	0.007628	-0.039273
1409	0.016484	-0.005023	-0.042917
1410	0.013800	-0.018642	-0.051102
1411	0.016057	-0.009599	-0.056272
1412	0.016336	-0.000179	-0.060021
1413	0.017481	0.001882	-0.066084
1414	0.017833	0.003696	-0.066227
1415	0.018477	0.012747	-0.065585
1416	0.019454	-0.000524	-0.062071
1417	0.015735	0.001504	-0.056806
1418	0.017194	-0.012536	-0.054278
1419	0.024458	0.005054	-0.053114
1420	0.033933	-0.004484	-0.055459
1421	0.039000	-0.008677	-0.056490
1422	0.041467	-0.013718	-0.048832
1423	0.044114	-0.013557	-0.044312
1424	0.042277	-0.001213	-0.040249
1425	0.039177	-0.001433	-0.032539
1426	0.033875	0.005766	-0.026340
1427	0.029261	0.010353	-0.022008
1428	0.027658	0.019573	-0.019276
1429	0.025329	0.027063	-0.014970
1430	0.021422	0.017403	-0.012715
1431	0.019801	0.001507	-0.005775
1432	0.017312	0.004412	-0.003122
1433	0.016892	-0.013468	0.000842
1434	0.021025	-0.011006	0.006225
1435	0.019248	-0.006841	0.013864
1436	0.021377	-0.004584	0.015670
1437	0.016968	-0.004522	0.017917
1438	0.015031	0.002779	0.017283
1439	0.014674	0.003649	0.019923
1440	0.011418	0.005755	0.025482
1441	0.009041	0.005775	0.030927
1442	0.003217	0.004265	0.038018
1443	0.002800	0.020559	0.044091
1444	0.006129	0.003850	0.045917
1445	0.006244	-0.011516	0.048534
1446	0.007541	-0.006564	0.050663
1447	0.009807	0.002896	0.057688
1448	0.009349	0.006716	0.058374
1449	0.010237	0.009137	0.064322
1450	0.008009	0.006620	0.066547
1451	0.007916	-0.004342	0.069491
1452	0.004331	-0.003119	0.069349
1453	0.001170	0.002963	0.074543
1454	0.005320	0.004260	0.075834
1455	0.005044	-0.014537	0.079122
1456	0.003607	-0.005987	0.078901
1457	0.003275	0.001146	0.075972
1458	0.006320	-0.002313	0.074537
1459	0.009311	0.004299	0.071213
1460	0.011914	0.003721	0.075673
1461	0.013380	-0.003536	0.073983
1462	0.011515	0.000085	0.069610
1463	0.007389	-0.011965	0.066152
1464	0.006082	-0.024865	0.062350
1465	0.006909	-0.000650	0.056977
1466	0.006741	-0.016880	0.054958
1467	0.001527	-0.004794	0.052035
1468	0.000646	-0.006017	0.048116
1469	0.002733	-0.015629	0.048076
1470	0.002014	-0.016259	0.048035
1471	0.004095	-0.007820	0.044167
1472	0.005129	-0.009471	0.043451
1473	0.005627	0.022721	0.042762
1474	0.001147	-0.002436	0.043313
1475	-0.003144	0.003371	0.044390
1476	-0.004404	0.000012	0.043007
1477	-0.002323	-0.005036	0.042536
1478	-0.000618	-0.006439	0.037896
1479	-0.000713	0.014071	0.035778
1480	-0.003991	0.004587	0.033444
1481	-0.002682	0.002089	0.032208
1482	-0.002403	-0.003990	0.033969
1483	-0.002944	-0.004351	0.038730
1484	-0.005169	0.000673	0.048338
1485	-0.004787	0.012602	0.057217
1486	0.000184	0.010562	0.059791
1487	0.002524	0.005399	0.062770
1488	0.007457	-0.003216	0.063461
1489	0.008954	-0.012134	0.062397
1490	0.008438	-0.013295	0.059757
1491	0.005758	0.002544	0.060913
1492	0.002445	0.008688	0.064018
1493	0.000979	0.014946	0.066428
1494	0.000218	0.006078	0.068906
1495	0.000322	0.002032	0.070924
1496	-0.000209	0.011251	0.071385
1497	-0.003645	0.010008	0.068673
1498	-0.004239	-0.007376	0.063970
1499	-0.003211	-0.004004	0.060860
1500	-0.002804	0.000873	0.062830
1501	-0.001495	0.012848	0.062459
1502	-0.004516	0.000341	0.064029
1503	-0.007142	-0.007512	0.067393
1504	-0.004925	0.012041	0.069216
1505	-0.001008	0.001936	0.073609
1506	-0.000772	0.014625	0.075343
1507	-0.002023	-0.000061	0.079150
1508	-0.005832	-0.003306	0.082464
1509	-0.006753	0.008368	0.086917
1510	-0.008856	-0.016715	0.083998
1511	-0.013674	0.004321	0.083312
1512	-0.015649	-0.007932	0.076111
1513	-0.018740	0.003477	0.068372
1514	-0.019360	0.003643	0.063211
1515	-0.020609	-0.003001	0.057495
1516	-0.017936	-0.008539	0.052432
1517	-0.016383	-0.001458	0.052422
1518	-0.010165	-0.003364	0.050991
1519	-0.000795	0.012065	0.050160
1520	0.001373	0.020752	0.051965
1521	0.000618	0.019667	0.053032
1522	0.001618	0.015720	0.049836
1523	-0.002370	0.019006	0.047474
1524	-0.001336	0.012323	0.050131
1525	0.001874	-0.002574	0.050117
1526	-0.001833	0.009560	0.046822
1527	-0.002493	0.006366	0.047804
1528	0.000500	0.011684	0.048406
1529	0.008085	0.019041	0.055462
1530	0.016798	0.008903	0.055755
1531	0.024889	0.009747	0.051312
1532	0.026074	0.016612	0.049772
1533	0.027185	0.000094	0.050881
1534	0.023257	0.003927	0.050547
1535	0.025182	0.008547	0.052938
1536	0.025929	0.003658	0.051547
1537	0.023806	-0.026542	0.056149
1538	0.026966	-0.010076	0.056332
1539	0.024456	0.000852	0.058044
1540	0.020758	-0.007994	0.060231
1541	0.018776	0.006778	0.063070
1542	0.019013	0.004827	0.063228
1543	0.021291	0.000890	0.063111
1544	0.020579	0.014808	0.063146
1545	0.020750	0.005332	0.061044
1546	0.025389	-0.007735	0.057777
1547	0.028055	0.004977	0.053441
1548	0.024960	0.015465	0.047409
1549	0.025628	0.012489	0.041454
1550	0.025521	0.009961	0.036362
1551	0.024438	0.005267	0.030318
1552	0.024275	0.011348	0.025657
1553	0.026877	0.024117	0.025486
1554	0.036378	0.018083	0.028109
1555	0.036935	0.005452	0.027846
1556	0.038500	-0.000417	0.030011
1557	0.038007	0.004578	0.032560
1558	0.031936	0.016549	0.031843
1559	0.030975	0.010006	0.030516
1560	0.034427	0.008280	0.025646
1561	0.031391	-0.003268	0.019749
1562	0.028964	0.010155	0.016244
1563	0.027193	0.031239	0.013124
1564	0.021766	0.023788	0.006358
1565	0.015400	0.013469	-0.001842
1566	0.010916	0.008823	-0.005377
1567	0.008306	0.013535	-0.010719
1568	0.007061	-0.011499	-0.014000
1569	0.006186	-0.001076	-0.017741
1570	0.009318	-0.008860	-0.027243
1571	0.011061	-0.010948	-0.028967
1572	0.012876	-0.004177	-0.028668
1573	0.012728	-0.005472	-0.025891
1574	0.014042	-0.005243	-0.024295
1575	0.013254	0.002447	-0.023131
1576	0.012117	-0.010806	-0.023214
1577	0.011024	0.000736	-0.028973
1578	0.011953	0.005193	-0.034068
1579	0.011874	-0.003571	-0.038593
1580	0.010216	0.006208	-0.043105
1581	0.008279	-0.000890	-0.046910
1582	0.007990	-0.005477	-0.052606
1583	0.010538	-0.001214	-0.057642
1584	0.012643	-0.010620	-0.062476
1585	0.012560	0.001323	-0.067416
1586	0.014318	-0.002666	-0.068815
1587	0.018592	-0.003049	-0.073566
1588	0.019680	-0.003184	-0.071834
1589	0.012044	-0.000161	-0.073666
1590	0.007660	0.005173	-0.071745
1591	0.003828	0.010319	-0.072332
1592	0.002811	0.010690	-0.067147
1593	0.004950	0.027057	-0.062777
1594	0.004313	0.021697	-0.058582
1595	0.006589	0.013933	-0.055050
1596	0.006732	0.008333	-0.047244
1597	0.008693	0.000980	-0.043341
1598	0.007586	0.012583	-0.038498
1599	0.006544	0.003707	-0.032789
1600	0.005094	0.002925	-0.029838
1601	0.001663	-0.019393	-0.026525
1602	-0.002913	-0.010155	-0.020237
1603	-0.010826	-0.002832	-0.023060
1604	-0.015299	-0.006314	-0.019720
1605	-0.022790	0.011391	-0.017085
1606	-0.025084	-0.002239	-0.015752
1607	-0.024684	0.000413	-0.012162
1608	-0.020154	0.006723	-0.005814
1609	-0.019272	0.003207	-0.000361
1610	-0.021474	0.010870	0.004854
1611	-0.026133	0.005663	0.009328
1612	-0.026024	0.012757	0.007991
1613	-0.022529	0.006363	0.012276
1614	-0.017207	-0.005796	0.009237
1615	-0.012071	-0.002560	0.012580
1616	-0.007850	0.010309	0.015439
1617	-0.003090	0.001012	0.021163
1618	-0.001356	0.030934	0.021408
1619	-0.002042	0.009040	0.015484
1620	0.001181	0.002892	0.015315
1621	0.007810	0.011023	0.018311
1622	0.011590	0.002185	0.020331
1623	0.009927	-0.010068	0.025313
1624	0.010812	0.010248	0.026273
1625	0.014787	-0.010962	0.026394
1626	0.019380	0.014635	0.028952
1627	0.022266	-0.015373	0.030569
1628	0.024479	-0.005287	0.029506
1629	0.026096	-0.007953	0.033292
1630	0.029704	-0.007108	0.034394
1631	0.031940	-0.006898	0.037567
1632	0.028628	0.008025	0.032676
1633	0.031110	0.016539	0.030778
1634	0.027826	-0.001743	0.029222
1635	0.026550	0.005012	0.022026
1636	0.024023	0.007344	0.018764
1637	0.023576	0.013053	0.021492
1638	0.029713	0.020923	0.016727
1639	0.032079	0.025828	0.014502
1640	0.033988	0.027173	0.013662
1641	0.034371	0.032965	0.008671
1642	0.036014	0.014937	0.010591
1643	0.033656	0.007282	0.008234
1644	0.034082	0.019827	0.004992
1645	0.030606	0.031430	-0.003089
1646	0.030598	0.025553	-0.006691
1647	0.029501	0.017689	-0.012517
1648	0.028681	0.007196	-0.014035
1649	0.026335	-0.001718	-0.013726
1650	0.020884	-0.017108	-0.013739
1651	0.011712	-0.029746	-0.016059
1652	0.006958	-0.023707	-0.017671
1653	0.006873	-0.025363	-0.016593
1654	0.006760	-0.027718	-0.015330
1655	0.006761	-0.013595	-0.014506
1656	0.006736	-0.015340	-0.014055
1657	0.006891	-0.008843	-0.017939
1658	0.010349	-0.014533	-0.017146
1659	0.011895	-0.010951	-0.016040
1660	0.011132	-0.013152	-0.014188
1661	0.010239	-0.016806	-0.018907
1662	0.007563	-0.026430	-0.019342
1663	0.006972	-0.022374	-0.019819
1664	0.005408	-0.011622	-0.022240
1665	0.007774	-0.005068	-0.027569
1666	0.003197	-0.003442	-0.035895
1667	-0.002818	0.016299	-0.041371
1668	-0.007252	-0.000804	-0.046727
1669	-0.009240	-0.004962	-0.056095
1670	-0.011759	-0.008941	-0.063922
1671	-0.012425	-0.001325	-0.069044
1672	-0.016400	-0.003375	-0.070780
1673	-0.020460	-0.000115	-0.066338
1674	-0.022335	-0.004021	-0.062237
1675	-0.021169	0.001017	-0.056198
1676	-0.020137	0.011825	-0.057562
1677	-0.024826	-0.006285	-0.054896
1678	-0.023066	-0.015771	-0.053526
1679	-0.017161	-0.019642	-0.049580
1680	-0.011758	-0.018394	-0.044657
1681	-0.008673	-0.021268	-0.042706
1682	-0.004825	-0.017854	-0.041090
1683	0.003288	-0.017656	-0.033024
1684	0.005251	-0.007250	-0.026671
1685	0.008274	-0.002430	-0.024731
1686	0.007319	-0.007627	-0.026135
1687	0.008175	-0.009336	-0.024874
1688	0.013345	-0.006028	-0.027528
1689	0.018953	0.003879	-0.032625
1690	0.020715	0.031393	-0.034827
1691	0.020675	0.012330	-0.038644
1692	0.023647	0.014402	-0.042181
1693	0.026468	0.009283	-0.040505
1694	0.029673	0.010086	-0.036603
1695	0.032383	0.013068	-0.039191
1696	0.027734	0.015049	-0.042421
1697	0.025738	0.003423	-0.042477
1698	0.027754	-0.009167	-0.039839
1699	0.023612	0.000171	-0.039002
1700	0.014917	-0.013996	-0.032228
1701	0.009003	-0.019862	-0.033889
1702	0.007656	-0.006551	-0.035904
1703	0.008628	0.003166	-0.039406
1704	0.006776	-0.012056	-0.037502
1705	0.004308	-0.007574	-0.035616
1706	0.003286	-0.015461	-0.032933
1707	0.002982	-0.019842	-0.031263
1708	0.005070	-0.013840	-0.028245
1709	0.006385	0.004167	-0.032342
1710	0.008697	-0.005644	-0.033636
1711	0.014110	-0.014809	-0.034601
1712	0.019182	-0.022929	-0.035704
1713	0.022234	-0.013312	-0.033993
1714	0.020599	0.003784	-0.037572
1715	0.019105	0.008008	-0.033800
1716	0.019855	0.002624	-0.030572
1717	0.019422	0.011170	-0.033210
1718	0.025460	0.006907	-0.034931
1719	0.032497	0.005306	-0.035967
1720	0.036444	0.002428	-0.036044
1721	0.039986	0.011707	-0.041475
1722	0.035073	0.011776	-0.044084
1723	0.030662	0.012054	-0.047320
1724	0.029108	0.007384	-0.055213
1725	0.029896	0.007827	-0.057390
1726	0.030651	-0.007647	-0.059318
1727	0.032024	-0.005652	-0.059762
1728	0.028430	0.003392	-0.058204
1729	0.023401	-0.005420	-0.051596
1730	0.020392	-0.000636	-0.047155
1731	0.017054	0.001875	-0.050371
1732	0.012902	-0.014082	-0.051471
1733	0.009489	-0.017233	-0.049067
1734	0.011603	-0.003574	-0.042413
1735	0.011136	-0.012733	-0.044462
1736	0.010696	-0.002036	-0.038286
1737	0.008359	0.000467	-0.039227
1738	0.007550	0.008606	-0.039209
1739	0.008348	0.000939	-0.038144
1740	0.007956	-0.013898	-0.039772
1741	0.012394	-0.012460	-0.041904
1742	0.010333	0.005609	-0.042642
1743	0.008854	0.009286	-0.043687
1744	0.007357	0.006967	-0.043418
1745	0.006559	0.002688	-0.044273
1746	0.008106	-0.005240	-0.044556
1747	0.011693	0.005492	-0.040850
1748	0.015054	0.002187	-0.037827
1749	0.022695	0.006101	-0.036884
1750	0.027153	0.003606	-0.036587
1751	0.032390	-0.004276	-0.036728
1752	0.036225	-0.009381	-0.039674
1753	0.036761	-0.029021	-0.041639
1754	0.036992	-0.010248	-0.041783
1755	0.032317	0.006654	-0.043794
1756	0.024917	0.013370	-0.042771
1757	0.019039	0.008198	-0.038887
1758	0.014469	0.015305	-0.040537
1759	0.011306	0.007924	-0.039647
1760	0.004827	0.016944	-0.043802
1761	0.007023	0.010344	-0.040274
1762	0.009418	-0.006292	-0.036460
1763	0.007928	0.001183	-0.035231
1764	0.009346	0.003423	-0.035705
1765	0.009417	-0.002773	-0.040128
1766	0.012027	-0.011287	-0.041487
1767	0.018200	-0.011415	-0.042496
1768	0.027718	-0.014515	-0.044125
1769	0.037714	-0.000997	-0.045014
1770	0.040831	-0.013861	-0.045844
1771	0.046114	-0.004233	-0.046493
1772	0.047904	-0.013657	-0.047393
1773	0.050290	0.002194	-0.051753
1774	0.045873	0.002238	-0.052172
1775	0.046267	0.010070	-0.050529
1776	0.041873	0.000545	-0.050934
1777	0.043415	0.005517	-0.049392
1778	0.045452	-0.000976	-0.049123
1779	0.051463	-0.001095	-0.053958
1780	0.052695	-0.004286	-0.055162
1781	0.060370	-0.014837	-0.059140
1782	0.063955	-0.007006	-0.059807
1783	0.066855	0.004812	-0.062047
1784	0.067356	0.026131	-0.064851
1785	0.066129	0.025575	-0.067756
1786	0.063458	0.024818	-0.063297
1787	0.060186	0.015927	-0.057874
1788	0.057920	0.017146	-0.053168
1789	0.054011	0.004463	-0.047584
1790	0.049095	0.006253	-0.041119
1791	0.047224	0.007793	-0.038330
1792	0.044806	0.003866	-0.032106
1793	0.038801	0.005078	-0.028642
1794	0.038772	0.014632	-0.027542
1795	0.034255	0.013114	-0.022865
1796	0.028362	0.016590	-0.017707
1797	0.021494	0.007502	-0.016346
1798	0.017459	0.022224	-0.011604
1799	0.017300	0.016599	-0.007088
1800	0.016365	0.034099	-0.002837
1801	0.015237	0.021643	-0.002605
1802	0.011817	0.010200	-0.002583
1803	0.006101	0.006859	-0.000314
1804	0.001826	0.011549	0.001241
1805	-0.000401	0.008519	0.002666
1806	-0.000162	-0.003828	0.003602
1807	0.001282	0.004424	0.002747
1808	0.001256	0.001064	0.003898
1809	0.000188	0.002233	0.004920
1810	-0.000302	0.011955	0.008062
1811	0.001352	0.017194	0.007837
1812	0.000064	0.025633	0.008897
1813	-0.000687	0.003809	0.009939
1814	-0.002124	0.005852	0.014662
1815	-0.002532	0.010266	0.012847
1816	-0.006703	0.008769	0.013632
1817	-0.006688	0.004149	0.013060
1818	-0.003706	0.002494	0.011163
1819	0.005077	-0.001234	0.009966
1820	0.011562	-0.006204	0.009125
1821	0.010608	-0.004744	0.000903
1822	0.004900	0.002384	-0.000887
1823	0.000630	-0.005602	-0.003288
1824	0.003560	-0.000956	-0.006188
1825	0.003184	-0.003732	-0.009895
1826	0.004531	0.005444	-0.008192
1827	0.001862	-0.000763	-0.012404
1828	0.000305	-0.005702	-0.013847
1829	0.000896	-0.006636	-0.010765
1830	-0.002205	-0.019994	-0.012975
1831	-0.005149	-0.009925	-0.012049
1832	-0.008293	-0.003927	-0.014209
1833	-0.004074	0.004684	-0.020074
1834	-0.004304	0.006361	-0.028484
1835	-0.003101	0.003232	-0.033513
1836	0.003957	0.001200	-0.038752
1837	0.011706	0.003495	-0.040314
1838	0.019168	0.010336	-0.045122
1839	0.028135	0.015506	-0.047551
1840	0.033803	0.005412	-0.044792
1841	0.034746	0.000723	-0.044603
1842	0.031812	0.003712	-0.044432
1843	0.031808	-0.004068	-0.044540
1844	0.032379	-0.009552	-0.039645
1845	0.034029	0.000986	-0.042535
1846	0.031108	0.000661	-0.035763
1847	0.027976	-0.027299	-0.032330
1848	0.024074	-0.010090	-0.028973
1849	0.023057	-0.017184	-0.031394
1850	0.025524	-0.011799	-0.026401
1851	0.027173	-0.022666	-0.022905
1852	0.025804	-0.035941	-0.021635
1853	0.022809	-0.047400	-0.019758
1854	0.021933	-0.022905	-0.022602
1855	0.023453	-0.021488	-0.023290
1856	0.026576	-0.005896	-0.024873
1857	0.032183	-0.022736	-0.025530
1858	0.037293	-0.019499	-0.024468
1859	0.037342	-0.014136	-0.028110
1860	0.036034	-0.016347	-0.033995
1861	0.035559	-0.005227	-0.035620
1862	0.039803	-0.006637	-0.033813
1863	0.036471	0.004357	-0.035967
1864	0.039734	0.005991	-0.037190
1865	0.039892	0.006308	-0.035836
1866	0.041960	-0.006076	-0.040742
1867	0.040830	-0.001725	-0.042153
1868	0.034954	0.012642	-0.042685
1869	0.028626	0.003238	-0.040467
1870	0.028032	-0.001001	-0.042568
1871	0.025858	-0.000221	-0.043498
1872	0.027466	0.005753	-0.045637
1873	0.023284	0.016686	-0.047499
1874	0.021835	0.044351	-0.050126
1875	0.023620	0.025292	-0.049420
1876	0.023215	0.012460	-0.050239
1877	0.021069	-0.014177	-0.045729
1878	0.021962	0.014048	-0.046902
1879	0.019602	0.000414	-0.040927
1880	0.015605	0.001848	-0.038116
1881	0.012191	-0.008107	-0.036522
1882	0.008012	-0.015019	-0.032425
1883	0.006498	-0.010004	-0.028003
1884	0.003960	-0.005672	-0.020474
1885	0.002512	-0.001644	-0.014004
1886	-0.004311	-0.001001	-0.005451
1887	-0.009922	0.000091	-0.004169
1888	-0.013683	-0.013205	0.003670
1889	-0.016609	0.001820	0.010459
1890	-0.012245	-0.008053	0.016727
1891	-0.008559	-0.011028	0.022730
1892	-0.004086	-0.024936	0.025627
1893	-0.004562	-0.007971	0.029490
1894	-0.010887	-0.005983	0.033146
1895	-0.012820	-0.007168	0.036977
1896	-0.011946	-0.007209	0.037333
1897	-0.012299	-0.004223	0.041109
1898	-0.014561	-0.019008	0.041933
1899	-0.025181	-0.015039	0.039462
1900	-0.028314	0.005602	0.035343
1901	-0.034547	0.016427	0.034734
1902	-0.041318	0.010867	0.030399
1903	-0.046173	0.012570	0.034741
1904	-0.046137	0.012296	0.033591
1905	-0.045869	0.001942	0.032946
1906	-0.045833	-0.000933	0.032798
1907	-0.044740	0.000738	0.030191
1908	-0.043594	-0.010106	0.026624
1909	-0.043725	-0.011294	0.025858
1910	-0.040198	0.000282	0.023070
1911	-0.036240	-0.001174	0.022160
1912	-0.038107	-0.003531	0.016876
1913	-0.034744	0.010819	0.014203
1914	-0.025099	0.007573	0.011341
1915	-0.015499	0.021398	0.009113
1916	-0.009229	0.010678	0.007339
1917	-0.003297	0.006135	0.005479
1918	-0.004163	-0.006095	0.008855
1919	-0.006444	-0.002968	0.009236
1920	-0.014215	-0.003987	0.010010
1921	-0.014890	0.005025	0.011310
1922	-0.013794	0.010346	0.014831
1923	-0.009298	0.027185	0.014103
1924	-0.007866	-0.000762	0.017818
1925	-0.006607	-0.009379	0.019356
1926	-0.004746	-0.002711	0.019872
1927	-0.003247	-0.005380	0.015770
1928	0.001624	0.012212	0.017530
1929	0.004395	0.016925	0.018179
1930	0.001533	0.003200	0.021056
1931	-0.009095	0.010995	0.022934
1932	-0.019183	-0.006329	0.024953
1933	-0.025581	-0.005281	0.028270
1934	-0.031233	-0.014343	0.029915
1935	-0.037034	-0.004735	0.028425
1936	-0.043690	-0.009421	0.021893
1937	-0.045300	-0.009801	0.018019
1938	-0.037681	-0.001352	0.009021
1939	-0.034613	0.014657	0.010483
1940	-0.033104	0.009088	0.007200
1941	-0.030785	0.017428	0.013068
1942	-0.032931	0.010535	0.019030
1943	-0.035737	0.011901	0.024780
1944	-0.036109	-0.001209	0.028767
1945	-0.037799	-0.000501	0.032260
1946	-0.038187	0.008164	0.028959
1947	-0.037807	0.003641	0.028855
1948	-0.037582	-0.001317	0.026791
1949	-0.033639	-0.004590	0.025736
1950	-0.034089	0.001020	0.025212
1951	-0.035794	0.003719	0.024220
1952	-0.032192	-0.005797	0.022406
1953	-0.032271	0.014998	0.023266
1954	-0.027065	-0.007284	0.022098
1955	-0.020458	-0.009691	0.024537
1956	-0.017046	-0.007533	0.028361
1957	-0.013749	-0.007285	0.037539
1958	-0.007893	-0.016946	0.043047
1959	-0.004170	-0.008473	0.048142
1960	0.004422	-0.002069	0.050709
1961	0.011207	-0.003793	0.054270
1962	0.014387	0.009602	0.058814
1963	0.019552	0.006738	0.055952
1964	0.025863	0.012258	0.057088
1965	0.027489	0.005203	0.055807
1966	0.028954	-0.003755	0.052744
1967	0.029099	-0.008330	0.057002
1968	0.030035	-0.020693	0.056884
1969	0.028801	-0.018531	0.058386
1970	0.031501	-0.016168	0.055912
1971	0.034997	-0.016070	0.051028
1972	0.036724	-0.022676	0.051134
1973	0.038281	-0.023084	0.052148
1974	0.040593	-0.019610	0.048449
1975	0.043383	-0.021077	0.049779
1976	0.045450	-0.030806	0.051051
1977	0.046135	-0.024377	0.049617
1978	0.048577	-0.029586	0.049033
1979	0.054421	-0.030350	0.049715
1980	0.061999	-0.023172	0.049733
1981	0.067290	0.003851	0.049661
1982	0.069812	0.002091	0.050326
1983	0.067379	0.004783	0.048578
1984	0.069153	-0.011068	0.049627
1985	0.068240	0.001028	0.052395
1986	0.073533	0.013081	0.052570
1987	0.076638	0.013213	0.054424
1988	0.074547	0.022257	0.059142
1989	0.070655	0.019873	0.063125
1990	0.063516	0.012930	0.067321
1991	0.059699	0.017430	0.068071
1992	0.052693	0.017936	0.072524
1993	0.048864	0.016526	0.069375
1994	0.048943	0.022201	0.066147
1995	0.045193	0.012248	0.058686
1996	0.041687	0.003207	0.055710
1997	0.041207	0.007223	0.051656
1998	0.037871	0.016149	0.047888
1999	0.041787	0.025230	0.043016
2000	0.043125	-0.003347	0.036316
2001	0.041251	0.020330	0.032618
2002	0.038472	0.008304	0.034151
2003	0.034792	0.017075	0.032873
2004	0.033577	0.009329	0.034897
2005	0.032761	0.010249	0.036025
2006	0.031841	0.011850	0.035952
2007	0.034765	0.014481	0.039056
2008	0.033233	0.008632	0.037995
2009	0.032645	0.013735	0.041965
2010	0.022474	0.000130	0.043988
2011	0.015544	0.026621	0.038869
2012	0.015244	0.036216	0.039584
2013	0.009881	0.021792	0.043416
2014	0.005183	0.028491	0.044462
2015	0.002590	0.027339	0.043734
2016	0.004021	0.018526	0.046898
2017	0.003336	0.008584	0.044887
2018	-0.001019	0.023441	0.043750
2019	-0.006862	0.007524	0.042940
2020	-0.009390	0.005382	0.041168
2021	-0.010584	0.002823	0.038497
2022	-0.009852	0.003720	0.041344
2023	-0.005686	-0.006431	0.046948
2024	-0.004649	-0.004378	0.052277
2025	-0.005920	-0.009960	0.055446
2026	-0.010113	-0.012031	0.056018
2027	-0.006792	-0.004237	0.057722
2028	-0.011096	0.010834	0.058876
2029	-0.015810	0.015976	0.060700
2030	-0.019496	0.006812	0.067163
2031	-0.020003	-0.013717	0.065468
2032	-0.016204	0.006537	0.065960
2033	-0.016272	0.014850	0.068940
2034	-0.014114	0.008775	0.066483
2035	-0.014576	0.018191	0.063593
2036	-0.013384	0.007536	0.059028
2037	-0.014274	0.002378	0.061173
2038	-0.010169	0.003081	0.063287
2039	-0.007607	0.006999	0.062769
2040	-0.006446	0.018153	0.061471
2041	-0.008240	0.003312	0.059125
2042	-0.013214	0.002361	0.059682
2043	-0.013609	-0.000821	0.057503
2044	-0.011954	-0.010219	0.052259
2045	-0.015534	-0.019719	0.052013
2046	-0.016158	-0.014878	0.051221
2047	-0.017368	-0.004162	0.047828
2048	-0.014362	-0.007762	0.045161
2049	-0.007522	-0.003206	0.040395
2050	-0.005050	0.003981	0.038227
2051	-0.005667	-0.002234	0.036889
2052	-0.006716	0.000756	0.039123
2053	-0.012756	-0.005171	0.039891
2054	-0.017808	-0.002970	0.046433
2055	-0.021636	-0.017481	0.043758
2056	-0.029470	-0.009812	0.041929
2057	-0.028482	0.003550	0.039065
2058	-0.026561	0.013875	0.034458
2059	-0.022714	-0.000758	0.034800
2060	-0.018338	0.000243	0.037179
2061	-0.018091	0.015982	0.043086
2062	-0.020973	0.025621	0.046623
2063	-0.020950	0.026854	0.054336
2064	-0.013636	0.011710	0.057931
2065	-0.011719	0.010478	0.067300
2066	-0.008452	-0.010510	0.077630
2067	0.001477	-0.015144	0.080248
2068	0.009644	0.008072	0.083790
2069	0.016099	0.001684	0.084060
2070	0.014824	0.003267	0.086052
2071	0.010662	0.018717	0.087958
2072	0.007065	0.004173	0.087576
2073	0.011279	0.002911	0.078517
2074	0.013384	-0.003396	0.073856
2075	0.012954	-0.010836	0.071154
2076	0.014520	-0.012649	0.068541
2077	0.015489	-0.011668	0.064032
2078	0.010905	-0.006198	0.061022
2079	0.008086	0.007452	0.059150
2080	0.000982	0.015833	0.057624
2081	-0.004403	0.002827	0.055741
2082	-0.006215	0.007058	0.053792
2083	-0.009446	0.009109	0.052157
2084	-0.005499	-0.009995	0.051785
2085	-0.005083	0.007547	0.051127
2086	-0.008703	-0.001524	0.051988
2087	-0.009650	0.002106	0.051517
2088	-0.010605	-0.020800	0.049168
2089	-0.011550	-0.008380	0.047251
2090	-0.014072	-0.001654	0.045515
2091	-0.020443	-0.003946	0.042058
2092	-0.026555	-0.013030	0.038457
2093	-0.030606	-0.013487	0.032518
2094	-0.037153	-0.002981	0.033049
2095	-0.040549	-0.000214	0.028300
2096	-0.040619	0.006939	0.028190
2097	-0.039289	0.010056	0.028890
2098	-0.041350	0.019595	0.026140
2099	-0.044026	-0.008456	0.025750
2100	-0.046796	-0.008120	0.023519
2101	-0.045561	-0.004718	0.015645
2102	-0.041260	0.006671	0.013444
2103	-0.038375	-0.004107	0.013278
2104	-0.032672	0.002597	0.012254
2105	-0.028239	0.000213	0.010762
2106	-0.030074	0.022387	0.010433
2107	-0.031866	0.013719	0.007459
2108	-0.036554	0.005405	0.006782
2109	-0.035795	0.014889	0.000012
2110	-0.035309	0.014364	-0.008590
2111	-0.032420	0.008364	-0.011587
2112	-0.032964	0.000229	-0.014724
2113	-0.032241	0.009430	-0.017026
2114	-0.036374	0.018930	-0.020489
2115	-0.035742	0.036937	-0.022906
2116	-0.033569	0.014626	-0.027418
2117	-0.033281	0.027608	-0.023139
2118	-0.027883	0.014173	-0.015890
2119	-0.023797	0.010415	-0.018898
2120	-0.022218	-0.001581	-0.013689
2121	-0.024036	-0.019918	-0.008960
2122	-0.023840	0.001832	-0.002613
2123	-0.021959	0.009220	-0.001949
2124	-0.019570	0.017551	0.001974
2125	-0.021056	-0.005576	-0.004096
2126	-0.021353	0.005579	-0.005662
2127	-0.027824	-0.003107	-0.003643
2128	-0.030830	0.002844	-0.004289
2129	-0.035182	0.005854	0.000188
2130	-0.045239	0.010815	0.000515
2131	-0.051809	-0.011670	0.003742
2132	-0.058932	-0.016809	0.006443
2133	-0.066145	-0.016791	0.006694
2134	-0.067306	-0.016462	0.005790
2135	-0.068277	-0.004713	-0.002006
2136	-0.066748	-0.001144	0.000513
2137	-0.066370	0.000613	-0.001250
2138	-0.070904	-0.017376	-0.002721
2139	-0.077162	-0.013217	-0.002043
2140	-0.083813	-0.013982	0.001611
2141	-0.086363	-0.013895	0.004561
2142	-0.085868	-0.006974	0.005788
2143	-0.083547	-0.003763	0.004315
2144	-0.084303	0.000192	-0.000917
2145	-0.088020	-0.000347	-0.002409
2146	-0.086737	0.002719	0.000534
2147	-0.086987	-0.009523	-0.002722
2148	-0.090559	-0.021107	-0.000869
2149	-0.091306	-0.017429	0.001945
2150	-0.089722	-0.020473	0.002885
2151	-0.093253	-0.019498	0.003613
2152	-0.092442	0.009356	-0.000319
2153	-0.091435	-0.004016	0.000840
2154	-0.086955	-0.008387	0.003895
2155	-0.082308	-0.004179	0.004574
2156	-0.079380	-0.018349	0.001737
2157	-0.075736	-0.019881	-0.000593
2158	-0.066292	-0.009146	0.001848
2159	-0.055522	-0.016458	0.004606
2160	-0.045374	-0.009962	0.005898
2161	-0.040353	-0.000552	0.003741
2162	-0.036244	-0.015860	0.004422
2163	-0.031753	0.000160	0.006802
2164	-0.026579	-0.010289	0.013252
2165	-0.024760	0.002500	0.014020
2166	-0.023992	-0.014347	0.018813
2167	-0.018944	-0.020479	0.021737
2168	-0.019886	-0.016941	0.021827
2169	-0.022713	-0.011020	0.021010
2170	-0.029497	-0.023156	0.018802
2171	-0.032865	0.000302	0.016393
2172	-0.030265	0.011940	0.013002
2173	-0.026967	0.000108	0.012620
2174	-0.031010	0.002147	0.014762
2175	-0.030015	-0.006569	0.013677
2176	-0.030575	0.006669	0.013018
2177	-0.030940	-0.005765	0.008903
2178	-0.033625	-0.010183	0.006323
2179	-0.039061	0.004030	-0.000182
2180	-0.038722	-0.002649	-0.006292
2181	-0.039475	0.008564	-0.014163
2182	-0.036819	-0.000345	-0.018989
2183	-0.035129	0.009018	-0.021550
2184	-0.031588	0.014918	-0.025812
2185	-0.028405	0.029938	-0.026614
2186	-0.023522	0.008551	-0.026597
2187	-0.020280	0.012859	-0.023927
2188	-0.014947	0.005613	-0.028280
2189	-0.015002	0.001343	-0.033286
2190	-0.018176	0.012769	-0.035048
2191	-0.023753	0.013109	-0.036179
2192	-0.021104	-0.008227	-0.038299
2193	-0.018851	-0.003731	-0.038041
2194	-0.017029	-0.006106	-0.040369
2195	-0.018488	0.002662	-0.038653
2196	-0.019412	-0.007570	-0.041018
2197	-0.020759	-0.007732	-0.039404
2198	-0.020530	0.010995	-0.032063
2199	-0.024884	0.005395	-0.028515
2200	-0.023523	0.010854	-0.028430
2201	-0.025507	0.018968	-0.025996
2202	-0.027824	0.008253	-0.019264
2203	-0.030679	-0.006793	-0.021103
2204	-0.036727	0.000211	-0.015482
2205	-0.039343	0.000652	-0.016208
2206	-0.038669	0.001036	-0.019321
2207	-0.042054	-0.002051	-0.017739
2208	-0.048201	-0.015300	-0.012970
2209	-0.053987	-0.003873	-0.008124
2210	-0.058436	-0.011262	-0.004886
2211	-0.056746	-0.013586	-0.004067
2212	-0.052258	-0.006321	-0.001963
2213	-0.048076	0.000444	-0.003208
2214	-0.045386	-0.005428	-0.000400
2215	-0.044650	-0.013439	-0.002406
2216	-0.046223	-0.004908	-0.002792
2217	-0.044525	-0.005718	-0.002418
2218	-0.045875	-0.004149	-0.002829
2219	-0.038916	0.010912	-0.003915
2220	-0.038128	0.002448	-0.009280
2221	-0.033219	0.018551	-0.010807
2222	-0.033348	0.015646	-0.011008
2223	-0.033565	-0.006133	-0.012063
2224	-0.031621	0.005578	-0.016794
2225	-0.027111	-0.001603	-0.018030
2226	-0.020668	-0.001949	-0.024600
2227	-0.014267	-0.013154	-0.025753
2228	-0.012091	-0.007646	-0.025357
2229	-0.012617	-0.015874	-0.023958
2230	-0.013352	-0.016720	-0.021003
2231	-0.010197	-0.015613	-0.018865
2232	-0.008865	-0.007147	-0.013938
2233	-0.007857	-0.006391	-0.009288
2234	-0.003979	-0.030329	-0.009868
2235	-0.004555	-0.026637	-0.012177
2236	-0.006147	-0.012039	-0.011158
2237	-0.004957	-0.007430	-0.013923
2238	0.003223	-0.014987	-0.012492
2239	0.006609	-0.029424	-0.017294
2240	0.007212	-0.026348	-0.020327
2241	0.007553	-0.018655	-0.021975
2242	0.012454	-0.007614	-0.026957
2243	0.018279	-0.007748	-0.031536
2244	0.018538	0.005273	-0.036149
2245	0.021286	0.015023	-0.046927
2246	0.015619	0.003496	-0.056890
2247	0.008044	-0.004311	-0.060614
2248	0.004441	0.002015	-0.064669
2249	0.007234	-0.000914	-0.071813
2250	0.009334	0.006452	-0.078378
2251	0.011580	0.009134	-0.084537
2252	0.014858	0.000811	-0.087431
2253	0.020812	-0.008538	-0.086332
2254	0.026291	0.004352	-0.088857
2255	0.027071	0.012003	-0.085487
2256	0.026035	0.011953	-0.083564
2257	0.029001	0.004227	-0.085264
2258	0.030751	0.007401	-0.083184
2259	0.030130	-0.000761	-0.077412
2260	0.033459	-0.012175	-0.075223
2261	0.037670	-0.020867	-0.067601
2262	0.046532	-0.009169	-0.062084
2263	0.055134	-0.009371	-0.063683
2264	0.060503	0.000266	-0.065100
2265	0.065483	-0.004969	-0.062418
2266	0.071501	-0.003101	-0.062745
2267	0.075765	0.001449	-0.061822
2268	0.074682	-0.001578	-0.061092
2269	0.078668	-0.001088	-0.056782
2270	0.082963	0.014121	-0.051886
2271	0.081627	0.020755	-0.045851
2272	0.080615	0.016396	-0.044085
2273	0.074007	0.016309	-0.040910
2274	0.066419	-0.008153	-0.037415
2275	0.065847	0.014348	-0.031198
2276	0.068031	0.006888	-0.024980
2277	0.066677	0.000253	-0.022199
2278	0.074381	-0.001663	-0.022898
2279	0.074771	0.004702	-0.024737
2280	0.077227	0.001977	-0.023966
2281	0.076600	0.011547	-0.026524
2282	0.078371	0.002640	-0.031368
2283	0.083407	-0.010533	-0.034632
2284	0.086722	-0.018049	-0.037005
2285	0.082531	-0.037897	-0.036426
2286	0.080727	-0.005885	-0.043316
2287	0.078917	-0.003226	-0.045449
2288	0.075604	0.000549	-0.043174
2289	0.073987	-0.009045	-0.033656
2290	0.068875	-0.016364	-0.030762
2291	0.062550	-0.001610	-0.025696
2292	0.055221	-0.002015	-0.015000
2293	0.048128	0.007753	-0.011037
2294	0.041996	0.017115	-0.005999
2295	0.037804	0.003584	-0.002871
2296	0.033133	0.007703	-0.000245
2297	0.030501	-0.008973	0.001944
2298	0.026462	-0.018976	0.002186
2299	0.029377	-0.000255	-0.004058
2300	0.022757	0.012190	-0.008659
2301	0.017649	0.006783	-0.014060
2302	0.009142	0.004893	-0.025191
2303	0.008790	0.007163	-0.039260
2304	0.006210	0.005363	-0.047328
2305	0.003891	-0.003495	-0.055081
2306	0.000198	0.011865	-0.056464
2307	-0.005481	-0.003149	-0.059485
2308	-0.005478	0.009661	-0.064004
2309	-0.003727	0.007294	-0.071179
2310	-0.000081	0.001514	-0.075767
2311	-0.001612	0.002819	-0.081148
2312	0.000837	-0.006696	-0.084988
2313	0.002490	-0.019389	-0.089462
2314	-0.001414	0.011839	-0.095698
2315	-0.005266	0.012697	-0.099101
2316	-0.004342	0.032842	-0.098345
2317	-0.009702	0.004721	-0.095402
2318	-0.013519	0.003761	-0.093383
2319	-0.022386	0.002511	-0.083565
2320	-0.029095	0.006046	-0.083129
2321	-0.032977	-0.010657	-0.080930
2322	-0.035952	-0.006017	-0.076744
2323	-0.041296	0.006826	-0.070432
2324	-0.041509	0.015999	-0.066371
2325	-0.040925	0.001433	-0.063156
2326	-0.043473	-0.002458	-0.059389
2327	-0.046762	-0.017130	-0.056815
2328	-0.054421	-0.000321	-0.053095
2329	-0.057542	-0.009628	-0.045517
2330	-0.054719	-0.004994	-0.042270
2331	-0.057861	-0.013576	-0.038533
2332	-0.064054	-0.002819	-0.037343
2333	-0.070440	-0.000919	-0.039385
2334	-0.074533	0.003894	-0.039480
2335	-0.072667	0.002805	-0.038142
2336	-0.072662	0.025683	-0.037243
2337	-0.078643	0.003751	-0.038512
2338	-0.081404	0.001520	-0.041988
2339	-0.083107	0.003501	-0.043952
2340	-0.079580	-0.005153	-0.045047
2341	-0.074585	0.004924	-0.047624
2342	-0.071886	0.013698	-0.047533
2343	-0.075112	0.006982	-0.051199
2344	-0.074829	-0.008545	-0.053284
2345	-0.075286	-0.008489	-0.055440
2346	-0.070977	-0.004472	-0.063256
2347	-0.066709	-0.016946	-0.065278
2348	-0.061883	-0.001713	-0.069242
2349	-0.053413	0.004743	-0.070115
2350	-0.044482	0.002494	-0.072635
2351	-0.037174	-0.007374	-0.073467
2352	-0.032576	-0.006804	-0.077558
2353	-0.024483	0.002499	-0.079053
2354	-0.019166	-0.013298	-0.076856
2355	-0.013075	-0.009563	-0.075555
2356	-0.010863	0.001121	-0.073995
2357	-0.007409	0.006884	-0.076304
2358	-0.006239	-0.016052	-0.072986
2359	-0.006674	-0.010012	-0.071850
2360	0.000447	0.000022	-0.076243
2361	0.007976	0.006721	-0.075450
2362	0.011983	-0.002793	-0.073346
2363	0.017166	-0.023873	-0.074745
2364	0.018527	-0.008092	-0.073164
2365	0.019600	-0.010028	-0.070988
2366	0.022988	-0.005211	-0.069972
2367	0.027074	-0.016252	-0.067661
2368	0.025461	-0.009288	-0.069705
2369	0.019099	-0.001215	-0.067159
2370	0.013086	0.019122	-0.062751
2371	0.005534	0.003911	-0.060039
2372	0.004001	0.002303	-0.048701
2373	0.000438	0.006939	-0.044851
2374	0.001012	0.007610	-0.036929
2375	0.000778	-0.005406	-0.036973
2376	0.000010	-0.003208	-0.038854
2377	-0.001190	0.006302	-0.041200
2378	-0.005357	0.009908	-0.039772
2379	-0.007627	0.005778	-0.036881
2380	-0.009965	0.001401	-0.036581
2381	-0.012717	0.010943	-0.035775
2382	-0.019239	0.014110	-0.040180
2383	-0.019623	0.001009	-0.043369
2384	-0.022863	0.013574	-0.042513
2385	-0.029201	0.004754	-0.044548
2386	-0.037357	0.010633	-0.046497
2387	-0.038040	0.006674	-0.044110
2388	-0.039695	0.010836	-0.044433
2389	-0.033772	0.001926	-0.044564
2390	-0.037593	-0.011386	-0.042294
2391	-0.032857	-0.012012	-0.037068
2392	-0.028395	-0.017293	-0.031500
2393	-0.026397	-0.022162	-0.024341
2394	-0.021360	-0.006921	-0.022727
2395	-0.015936	-0.013695	-0.025783
2396	-0.017457	-0.020645	-0.022510
2397	-0.009443	-0.031302	-0.018879
2398	-0.003819	-0.019472	-0.015092
2399	0.000318	-0.008401	-0.010312
2400	0.007446	-0.013553	-0.005239
2401	0.007595	-0.022083	-0.000530
2402	0.016335	-0.022743	0.003873
2403	0.021350	-0.015510	0.008201
2404	0.025999	-0.017409	0.008579
2405	0.027364	-0.001367	0.012046
2406	0.021832	-0.002602	0.009177
2407	0.020262	0.011960	0.010940
2408	0.019815	0.007058	0.010467
2409	0.022228	0.000233	0.008729
2410	0.021078	0.010022	0.007166
2411	0.021214	-0.011395	0.002990
2412	0.018797	-0.020156	0.003804
2413	0.022651	-0.000307	0.002546
2414	0.021699	-0.001821	0.004192
2415	0.017824	-0.009253	0.004094
2416	0.017769	-0.000450	0.005210
2417	0.019367	0.007139	0.005583
2418	0.015868	-0.003387	0.004656
2419	0.013707	-0.003444	0.005045
2420	0.011245	-0.019382	0.001665
2421	0.005242	-0.012387	0.000369
2422	0.000501	-0.010580	-0.001548
2423	-0.001431	-0.029333	-0.000644
2424	0.001262	-0.033997	-0.001871
2425	0.000951	-0.035791	-0.002008
2426	0.001354	-0.023885	0.001114
2427	0.005218	0.006988	0.000645
2428	0.005894	0.008152	0.001721
2429	0.004231	0.004128	0.000124
2430	0.004282	0.005178	0.000274
2431	0.002027	0.003100	0.005284
2432	0.002997	-0.006951	0.005412
2433	0.005168	-0.006272	0.009486
2434	0.000163	-0.007289	0.007420
2435	-0.001821	0.024335	0.007142
2436	-0.005401	0.003949	0.005476
2437	-0.000813	0.003750	0.006937
2438	-0.000283	-0.012189	0.009599
2439	0.000855	-0.032396	0.007035
2440	0.002562	-0.014924	0.005894
2441	0.003120	-0.026773	0.003172
2442	0.002564	-0.019377	-0.000092
2443	0.002367	-0.026972	-0.001572
2444	0.000664	-0.036868	-0.003799
2445	0.001564	-0.019800	-0.003424
2446	-0.004269	-0.007522	-0.001715
2447	-0.005846	-0.009203	0.004080
2448	-0.011266	-0.008538	0.005615
2449	-0.012781	-0.001442	0.008492
2450	-0.014759	-0.017033	0.008168
2451	-0.014767	-0.005063	0.005209
2452	-0.012578	-0.007008	0.013732
2453	-0.012064	-0.000164	0.015812
2454	-0.012373	-0.003020	0.015207
2455	-0.008444	0.001783	0.017157
2456	-0.013153	0.015754	0.021845
2457	-0.016209	-0.006087	0.029005
2458	-0.020089	-0.004928	0.030076
2459	-0.018541	0.005529	0.027789
2460	-0.018783	-0.007685	0.025474
2461	-0.013787	-0.011061	0.023845
2462	-0.012651	0.002792	0.024668
2463	-0.013714	-0.005302	0.019367
2464	-0.015767	0.002445	0.017199
2465	-0.012618	-0.008085	0.016846
2466	-0.013670	-0.012559	0.013334
2467	-0.020726	-0.029571	0.015089
2468	-0.021333	-0.013845	0.015891
2469	-0.022262	0.004351	0.013498
2470	-0.021303	0.001372	0.012181
2471	-0.025837	0.003596	0.010381
2472	-0.026598	0.000167	0.010550
2473	-0.021932	-0.010868	0.006682
2474	-0.019583	-0.002363	0.007417
2475	-0.019525	0.006635	0.005666
2476	-0.019989	-0.008731	0.008456
2477	-0.025949	-0.008466	0.004330
2478	-0.024722	0.010227	0.003418
2479	-0.023109	-0.000023	0.000369
2480	-0.021281	0.004329	0.001147
2481	-0.016286	0.014598	-0.001855
2482	-0.011899	-0.011402	-0.003779
2483	-0.005246	0.007553	-0.003574
2484	-0.008023	-0.020404	-0.005132
2485	-0.012680	-0.027692	-0.001654
2486	-0.015332	-0.016119	-0.006782
2487	-0.016904	0.000779	-0.003829
2488	-0.021450	-0.016453	-0.009234
2489	-0.024923	-0.000754	-0.011022
2490	-0.023568	0.008054	-0.011737
2491	-0.021330	0.004498	-0.011429
2492	-0.018325	-0.018082	-0.013346
2493	-0.019258	-0.021751	-0.017184
2494	-0.014042	-0.022086	-0.017480
2495	-0.003914	-0.032125	-0.014718
2496	0.007160	-0.013964	-0.008163
2497	0.011983	0.002134	-0.005813
2498	0.010983	0.019369	-0.001647
2499	0.009559	0.015788	0.004483
2500	0.004290	0.014575	0.014910
2501	0.003700	0.016791	0.019494
2502	0.003848	-0.001194	0.025321
2503	0.000608	0.015047	0.030274
2504	0.003955	0.008631	0.038132
2505	0.006492	0.009397	0.039069
2506	0.004897	-0.011901	0.040236
2507	-0.001195	0.013481	0.040992
2508	-0.003878	-0.006040	0.032524
2509	-0.006807	0.001285	0.032987
2510	-0.004181	-0.004263	0.030600
2511	-0.006640	0.014000	0.027509
2512	-0.004216	0.007894	0.028070
2513	0.000604	0.009404	0.030909
2514	0.004007	0.013353	0.031251
2515	0.014553	0.016766	0.033747
2516	0.018358	0.011017	0.036769
2517	0.024342	0.009883	0.038856
2518	0.025132	0.019017	0.036823
2519	0.024196	0.017832	0.035307
2520	0.024776	0.010438	0.030058
2521	0.030591	-0.006433	0.028255
2522	0.028579	-0.001200	0.024797
2523	0.026053	-0.029201	0.017693
2524	0.022587	-0.009182	0.008641
2525	0.016856	-0.014080	0.002741
2526	0.014265	-0.006001	-0.001007
2527	0.012689	-0.008179	-0.006328
2528	0.010035	-0.011864	-0.010589
2529	0.006547	-0.038897	-0.011777
2530	0.002458	-0.041464	-0.014122
2531	-0.001500	-0.021404	-0.012071
2532	-0.009815	-0.015780	-0.007291
2533	-0.013786	-0.003353	-0.008688
2534	-0.015297	0.011100	-0.003667
2535	-0.014707	0.009381	0.004186
2536	-0.013535	0.013216	0.003222
2537	-0.015530	-0.003845	0.009969
2538	-0.019954	-0.006935	0.014170
2539	-0.016748	-0.002569	0.020081
2540	-0.017765	-0.020180	0.025916
2541	-0.016641	-0.030311	0.032113
2542	-0.006266	-0.019713	0.032796
2543	-0.003455	-0.010984	0.036355
2544	-0.004354	0.011414	0.038741
2545	-0.001290	0.018941	0.043032
2546	0.003307	0.022420	0.043401
2547	0.008303	0.011674	0.049993
2548	0.013380	0.022025	0.047466
2549	0.018121	0.017407	0.048079
2550	0.026673	0.026024	0.044819
2551	0.035986	0.007569	0.040678
2552	0.038914	0.004182	0.041460
2553	0.041802	-0.000095	0.036306
2554	0.042336	0.002102	0.033268
2555	0.042929	0.015802	0.028223
2556	0.042099	0.014706	0.028739
2557	0.042013	0.020709	0.029454
2558	0.042344	0.009259	0.030764
2559	0.043098	0.015643	0.031794
2560	0.047646	0.019788	0.033718
2561	0.050656	0.013846	0.036895
2562	0.050174	0.018586	0.034528
2563	0.046753	-0.013949	0.038415
2564	0.045065	0.001204	0.037895
2565	0.045124	-0.002184	0.041356
2566	0.049542	0.004132	0.043182
2567	0.052092	0.001651	0.047295
2568	0.053640	0.011420	0.043860
2569	0.054570	-0.008934	0.045035
2570	0.052192	-0.005131	0.045672
2571	0.052137	-0.008892	0.050648
2572	0.054465	0.003968	0.045631
2573	0.048733	0.002151	0.044440
2574	0.045982	0.021607	0.047146
2575	0.042828	0.012138	0.046336
2576	0.041008	0.008430	0.046553
2577	0.036196	0.018107	0.043926
2578	0.025533	0.018165	0.044910
2579	0.022599	0.024319	0.046627
2580	0.023613	0.018120	0.045985
2581	0.024685	0.030553	0.041311
2582	0.021261	0.038805	0.037972
2583	0.015426	0.050454	0.037275
2584	0.013007	0.038630	0.035322
2585	0.009094	0.049361	0.033935
2586	0.006208	0.032513	0.028799
2587	0.009009	0.035585	0.029048
2588	0.007321	0.008382	0.027965
2589	0.007208	0.001247	0.025082
2590	0.006648	-0.000459	0.015641
2591	0.009569	-0.001229	0.011267
2592	0.014611	0.006753	0.012316
2593	0.023794	0.017711	0.007299
2594	0.025659	0.017668	0.004570
2595	0.025222	0.004992	0.000864
2596	0.027733	0.013988	-0.006552
2597	0.026121	-0.011250	-0.018029
2598	0.025914	0.014201	-0.020844
2599	0.035029	0.002434	-0.023609
2600	0.038062	0.012475	-0.029245
2601	0.038908	0.012245	-0.035179
2602	0.042260	0.016487	-0.034355
2603	0.050113	0.034807	-0.036195
2604	0.052709	0.044726	-0.039299
2605	0.055455	0.039513	-0.046405
2606	0.058966	0.031282	-0.051003
2607	0.063181	0.027968	-0.051778
2608	0.063379	0.016423	-0.055312
2609	0.059110	0.025147	-0.054392
2610	0.060762	0.005401	-0.051945
2611	0.059974	0.006516	-0.046312
2612	0.061104	0.006889	-0.044460
2613	0.057287	-0.004732	-0.041828
2614	0.058238	-0.004257	-0.037506
2615	0.053755	-0.000254	-0.035428
2616	0.051235	0.004335	-0.032052
2617	0.049045	0.006571	-0.027337
2618	0.047767	0.028006	-0.022129
2619	0.041327	0.023548	-0.017224
2620	0.034336	0.010634	-0.009934
2621	0.030954	0.003883	-0.004661
2622	0.025772	-0.000616	-0.002939
2623	0.023321	-0.005244	0.003213
2624	0.019425	-0.005674	0.002097
2625	0.015503	-0.003128	0.002935
2626	0.013418	-0.002240	0.007640
2627	0.012415	-0.012056	0.010953
2628	0.010793	0.005083	0.010969
2629	0.009869	0.013544	0.009891
2630	0.005050	-0.013687	0.009265
2631	0.000895	-0.015533	0.006971
2632	-0.001933	-0.030371	0.002657
2633	-0.004062	-0.017352	-0.001874
2634	-0.007262	-0.010694	-0.001204
2635	-0.008354	-0.009430	-0.003061
2636	-0.008832	-0.016138	-0.004695
2637	-0.007761	-0.020363	-0.007032
2638	-0.009164	-0.002548	-0.008807
2639	-0.003280	0.009174	-0.016625
2640	0.000120	-0.002297	-0.016773
2641	0.004725	-0.021957	-0.015378
2642	0.004387	-0.016571	-0.017648
2643	0.005774	-0.005625	-0.011198
2644	0.004832	0.001261	-0.008577
2645	0.003365	0.003351	-0.011598
2646	0.002194	-0.008274	-0.006460
2647	-0.000032	-0.012269	-0.003817
2648	-0.001698	-0.001411	-0.000245
2649	-0.001359	0.009528	-0.005980
2650	-0.000149	0.003358	-0.014965
2651	0.005547	0.015574	-0.019533
2652	0.003732	0.013155	-0.021888
2653	0.001246	0.007279	-0.019615
2654	-0.005010	-0.006564	-0.020108
2655	-0.007228	0.002588	-0.016463
2656	-0.012236	0.020516	-0.010331
2657	-0.018166	-0.003073	-0.008013
2658	-0.016780	-0.011518	-0.000892
2659	-0.013950	-0.012016	0.002796
2660	-0.013266	-0.025172	0.003524
2661	-0.015148	-0.015341	0.003521
2662	-0.016492	-0.015599	0.002137
2663	-0.024076	-0.003051	0.003394
2664	-0.025801	0.003418	0.004839
2665	-0.022879	-0.002275	0.009408
2666	-0.023239	0.004407	0.012723
2667	-0.027530	0.008796	0.012745
2668	-0.033782	0.003457	0.013604
2669	-0.041113	-0.002772	0.012908
2670	-0.043082	0.015972	0.007839
2671	-0.048223	0.017931	0.003109
2672	-0.049788	0.004917	-0.005702
2673	-0.048381	0.004859	-0.008877
2674	-0.048757	0.001866	-0.012674
2675	-0.047538	-0.005386	-0.012949
2676	-0.049752	0.006549	-0.013616
2677	-0.052658	-0.003824	-0.010604
2678	-0.054554	-0.009027	-0.011051
2679	-0.062015	-0.020399	-0.016801
2680	-0.066686	-0.011540	-0.016243
2681	-0.065156	-0.005100	-0.022509
2682	-0.065204	-0.011002	-0.023987
2683	-0.062387	0.006042	-0.026159
2684	-0.060743	0.001417	-0.030045
2685	-0.058457	0.006719	-0.028491
2686	-0.055901	-0.008035	-0.026334
2687	-0.055645	-0.008356	-0.030112
2688	-0.054422	-0.004306	-0.033372
2689	-0.049183	0.007376	-0.035960
2690	-0.044858	-0.000341	-0.034355
2691	-0.035797	-0.000951	-0.033429
2692	-0.028397	-0.001248	-0.031534
2693	-0.023073	-0.010334	-0.033620
2694	-0.021787	0.012625	-0.040355
2695	-0.021586	0.008593	-0.045037
2696	-0.018408	0.001945	-0.041442
2697	-0.016950	0.012642	-0.040946
2698	-0.017384	0.006811	-0.037794
2699	-0.018411	-0.017353	-0.036369
2700	-0.015028	-0.021255	-0.030102
2701	-0.022006	-0.043586	-0.023030
2702	-0.023372	-0.024331	-0.020051
2703	-0.024181	-0.005239	-0.022477
2704	-0.031000	-0.003429	-0.023994
2705	-0.029654	-0.007988	-0.026656
2706	-0.032754	-0.026273	-0.025493
2707	-0.037335	-0.006407	-0.027492
2708	-0.039448	-0.006086	-0.025178
2709	-0.034501	-0.006069	-0.023745
2710	-0.033089	-0.026118	-0.018815
2711	-0.035855	-0.028599	-0.010777
2712	-0.040987	-0.035882	-0.002754
2713	-0.039081	-0.033908	0.000686
2714	-0.040742	-0.033275	0.007558
2715	-0.032942	-0.012619	0.007994
2716	-0.028126	-0.011637	0.009513
2717	-0.029121	-0.016401	0.014923
2718	-0.027209	-0.004167	0.015613
2719	-0.028878	-0.012687	0.021184
2720	-0.031498	-0.006798	0.029792
2721	-0.033035	0.007983	0.038030
2722	-0.031905	-0.002152	0.045561
2723	-0.032414	-0.009577	0.048793
2724	-0.035843	-0.003988	0.054931
2725	-0.034543	-0.011837	0.056537
2726	-0.027842	-0.000459	0.059005
2727	-0.024328	-0.003248	0.058100
2728	-0.024142	-0.010538	0.058160
2729	-0.020901	-0.011156	0.057394
2730	-0.012448	-0.005808	0.060380
2731	-0.002726	-0.026155	0.056817
2732	0.001280	-0.025843	0.053306
2733	0.005611	-0.024755	0.049011
2734	0.009572	-0.013601	0.047764
2735	0.013158	-0.014314	0.050699
2736	0.016870	0.006470	0.051603
2737	0.015174	-0.005732	0.048404
2738	0.011941	-0.013422	0.044867
2739	0.011961	-0.018824	0.041495
2740	0.011334	-0.008157	0.035868
2741	0.010004	-0.010328	0.030903
2742	0.003061	-0.030292	0.030158
2743	0.002505	-0.004702	0.032213
2744	-0.000528	0.004135	0.033062
2745	0.002428	0.009993	0.035051
2746	0.003119	0.015085	0.036544
2747	0.005356	0.003332	0.038864
2748	0.011879	-0.007114	0.040110
2749	0.013705	0.004926	0.043611
2750	0.009452	0.004253	0.044298
2751	0.005756	-0.009944	0.046521
2752	0.008000	0.006191	0.047955
2753	0.011177	0.011941	0.046607
2754	0.012794	0.023697	0.046032
2755	0.015808	0.019218	0.043087
2756	0.013091	0.006042	0.043175
2757	0.007872	0.017805	0.043690
2758	0.000599	0.005182	0.045705
2759	-0.003556	-0.022027	0.043269
2760	-0.003635	-0.029396	0.040363
2761	-0.010526	-0.022701	0.038675
2762	-0.015990	-0.013480	0.035644
2763	-0.018718	-0.018196	0.032816
2764	-0.017603	-0.022798	0.030359
2765	-0.021711	-0.031799	0.027208
2766	-0.026632	-0.041612	0.027192
2767	-0.033573	-0.047803	0.027303
2768	-0.034921	-0.028133	0.027441
2769	-0.037550	-0.025355	0.024408
2770	-0.039693	-0.024541	0.019570
2771	-0.039692	-0.004379	0.011077
2772	-0.043809	-0.020225	0.004583
2773	-0.044502	-0.020668	-0.001988
2774	-0.048571	-0.007825	-0.009665
2775	-0.051058	-0.008742	-0.009851
2776	-0.049505	0.009234	-0.011824
2777	-0.048950	-0.005831	-0.011251
2778	-0.043777	-0.000600	-0.006728
2779	-0.038316	-0.003745	-0.003920
2780	-0.039858	-0.003251	-0.002091
2781	-0.037342	0.000323	-0.002202
2782	-0.032627	0.002311	0.004074
2783	-0.025872	0.005592	0.005674
2784	-0.020806	-0.004735	0.013998
2785	-0.012646	-0.000895	0.016775
2786	-0.010567	0.000886	0.021120
2787	-0.007210	-0.008150	0.022528
2788	-0.001934	0.002238	0.026680
2789	0.001601	-0.004634	0.034284
2790	0.002984	0.012781	0.039433
2791	0.002685	0.001475	0.043358
2792	0.004219	0.003945	0.049082
2793	0.004342	-0.003944	0.050134
2794	0.002875	0.011445	0.052845
2795	-0.006542	0.013717	0.049864
2796	-0.007605	0.000361	0.042344
2797	-0.011420	-0.011638	0.045510
2798	-0.015518	0.000336	0.046648
2799	-0.016824	0.000554	0.044827
2800	-0.015741	0.007836	0.044837
2801	-0.014051	0.012754	0.041005
2802	-0.012649	0.016133	0.039993
2803	-0.015644	0.018691	0.039111
2804	-0.013160	0.013591	0.036309
2805	-0.009353	0.013187	0.035279
2806	-0.011012	0.024582	0.032419
2807	-0.020025	0.015075	0.030840
2808	-0.022575	0.023839	0.034541
2809	-0.021389	0.014220	0.037392
2810	-0.022339	-0.019512	0.039407
2811	-0.020439	-0.019679	0.037611
2812	-0.020633	-0.037792	0.035429
2813	-0.019315	-0.008888	0.031873
2814	-0.010299	-0.002148	0.032208
2815	-0.000169	-0.018422	0.033440
2816	0.004957	-0.003962	0.032436
2817	0.008945	0.001225	0.036398
2818	0.011061	0.006133	0.038427
2819	0.014441	-0.002747	0.034547
2820	0.016050	-0.004559	0.029589
2821	0.016088	0.014144	0.025480
2822	0.016408	0.026305	0.023120
2823	0.017027	0.043174	0.018627
2824	0.022604	0.013735	0.008430
2825	0.028400	0.000686	-0.000508
2826	0.033077	0.004921	-0.001617
2827	0.036757	-0.006613	-0.005293
2828	0.038324	0.004896	-0.006866
2829	0.040216	0.004904	-0.009883
2830	0.044034	0.006153	-0.012106
2831	0.041952	-0.016101	-0.012486
2832	0.036461	-0.003377	-0.010126
2833	0.027832	-0.017677	-0.004881
2834	0.019518	0.002269	0.003521
2835	0.018771	-0.005638	0.001158
2836	0.021546	-0.000905	0.006553
2837	0.023680	-0.000612	0.012221
2838	0.021389	-0.017640	0.016532
2839	0.012776	-0.010713	0.017998
2840	0.006693	-0.010160	0.016234
2841	0.002932	-0.008183	0.021002
2842	0.002822	0.015093	0.018948
2843	0.000657	0.000846	0.019950
2844	0.001339	0.030622	0.016234
2845	-0.001685	0.023604	0.013419
2846	-0.005149	0.011019	0.011850
2847	-0.010307	0.023725	0.008525
2848	-0.010429	0.003883	0.009047
2849	-0.008675	0.011897	0.006648
2850	-0.010633	0.008361	0.006454
2851	-0.012295	-0.012370	0.005737
2852	-0.014273	-0.007525	0.010106
2853	-0.015640	-0.006886	0.007329
2854	-0.010906	0.002064	0.009408
2855	-0.010099	-0.010118	0.012988
2856	-0.005938	0.012690	0.007439
2857	-0.005505	0.024459	0.004982
2858	-0.007824	0.019508	0.001495
2859	-0.011669	0.011243	-0.002982
2860	-0.014986	-0.010042	-0.004134
2861	-0.016816	-0.012464	-0.006954
2862	-0.014181	-0.011245	-0.007272
2863	-0.016260	0.000848	-0.012051
2864	-0.017113	-0.016960	-0.015377
2865	-0.018490	-0.029383	-0.016940
2866	-0.018614	-0.019854	-0.017218
2867	-0.018885	-0.019361	-0.016736
2868	-0.019972	-0.012591	-0.015342
2869	-0.018488	0.010121	-0.013572
2870	-0.013515	-0.009741	-0.015527
2871	-0.012790	-0.032462	-0.020966
2872	-0.012195	-0.005674	-0.017813
2873	-0.014759	-0.003435	-0.021466
2874	-0.019709	-0.008189	-0.022268
2875	-0.021522	-0.000196	-0.023432
2876	-0.023235	-0.001252	-0.027890
2877	-0.025108	0.001997	-0.027639
2878	-0.025445	-0.004718	-0.028948
2879	-0.022197	-0.003867	-0.027344
2880	-0.026158	-0.006801	-0.034312
2881	-0.030655	0.011480	-0.036660
2882	-0.028087	0.028534	-0.039037
2883	-0.027059	0.010612	-0.042735
2884	-0.025760	0.012244	-0.042329
2885	-0.022798	0.023850	-0.039887
2886	-0.023158	0.024759	-0.034790
2887	-0.022380	0.032684	-0.030259
2888	-0.027430	0.023435	-0.026480
2889	-0.031775	0.024736	-0.023441
2890	-0.032424	0.005328	-0.026296
2891	-0.033045	0.008326	-0.024416
2892	-0.031485	0.011163	-0.023272
2893	-0.028540	0.013014	-0.024367
2894	-0.027817	0.002921	-0.021070
2895	-0.028359	-0.002215	-0.021540
2896	-0.022735	0.009153	-0.016593
2897	-0.022970	0.007101	-0.010729
2898	-0.029982	-0.007564	-0.005158
2899	-0.038881	0.004963	-0.002425
2900	-0.048077	-0.002378	-0.003189
2901	-0.049135	-0.005597	-0.002381
2902	-0.051580	0.005153	-0.004193
2903	-0.055775	0.011534	-0.005860
2904	-0.063481	0.011079	-0.007956
2905	-0.068055	0.029777	-0.013298
2906	-0.068748	0.009624	-0.015098
2907	-0.069622	0.009081	-0.016945
2908	-0.065562	-0.015397	-0.020437
2909	-0.061060	-0.027050	-0.019944
2910	-0.059824	-0.012495	-0.016416
2911	-0.053075	-0.015247	-0.014742
2912	-0.041583	0.012070	-0.011364
2913	-0.033139	-0.004216	-0.013472
2914	-0.032585	0.002612	-0.014892
2915	-0.030294	0.023396	-0.017236
2916	-0.027840	0.021146	-0.023508
2917	-0.023082	0.024526	-0.029353
2918	-0.020190	0.029335	-0.038074
2919	-0.019532	0.033136	-0.042603
2920	-0.019334	0.044892	-0.044540
2921	-0.026640	0.027150	-0.045564
2922	-0.034140	0.020795	-0.046189
2923	-0.039640	0.017376	-0.050561
2924	-0.045529	0.011354	-0.050992
2925	-0.048582	0.012079	-0.049937
2926	-0.047051	0.026705	-0.051229
2927	-0.051383	0.010170	-0.051508
2928	-0.050359	0.016064	-0.048366
2929	-0.050785	0.012984	-0.042486
2930	-0.050732	0.005811	-0.038124
2931	-0.052720	-0.002587	-0.035141
2932	-0.050053	-0.002941	-0.029866
2933	-0.047016	-0.000396	-0.025892
2934	-0.040260	0.010268	-0.020502
2935	-0.039554	0.022445	-0.016731
2936	-0.039839	0.013675	-0.011548
2937	-0.036497	-0.001911	-0.013567
2938	-0.032390	-0.008215	-0.011822
2939	-0.029600	-0.010519	-0.006872
2940	-0.025517	-0.011221	-0.007137
2941	-0.023908	-0.010581	-0.003760
2942	-0.025181	-0.003475	-0.001580
2943	-0.029413	-0.001350	-0.001345
2944	-0.028280	-0.011785	-0.001173
2945	-0.027297	-0.002592	-0.001707
2946	-0.026648	-0.002918	-0.001993
2947	-0.026037	-0.006221	0.001055
2948	-0.024864	-0.007198	0.006772
2949	-0.019643	-0.008971	0.010695
2950	-0.017877	-0.006479	0.012942
2951	-0.020125	-0.018880	0.012926
2952	-0.023872	-0.006128	0.022176
2953	-0.027271	-0.020197	0.026546
2954	-0.026807	-0.015829	0.026791
2955	-0.025080	-0.021903	0.025104
2956	-0.026495	-0.021080	0.028231
2957	-0.036242	0.001455	0.027566
2958	-0.044609	0.017666	0.028736
2959	-0.040404	0.015375	0.033969
2960	-0.042868	-0.008797	0.037186
2961	-0.046686	0.011207	0.032894
2962	-0.052832	0.006015	0.032348
2963	-0.055845	0.006075	0.029573
2964	-0.056332	-0.007237	0.027952
2965	-0.055758	-0.002005	0.026910
2966	-0.055236	0.014754	0.030659
2967	-0.047579	-0.002476	0.029235
2968	-0.043389	-0.003636	0.030282
2969	-0.038063	0.000918	0.030395
2970	-0.032759	-0.005048	0.030099
2971	-0.026890	0.002367	0.030517
2972	-0.021550	0.014448	0.034053
2973	-0.020641	0.003356	0.033711
2974	-0.020150	0.016513	0.038641
2975	-0.016998	0.018065	0.041403
2976	-0.013917	0.031749	0.038646
2977	-0.014329	0.026052	0.045663
2978	-0.011806	0.012743	0.046460
2979	-0.005047	0.009763	0.047095
2980	0.000039	0.001079	0.046621
2981	0.008124	-0.004599	0.048576
2982	0.011397	-0.000647	0.051413
2983	0.009624	0.009498	0.055782
2984	0.009727	0.003234	0.064308
2985	0.014331	0.018268	0.059684
2986	0.018787	0.040931	0.064644
2987	0.022767	0.005224	0.066982
2988	0.033229	0.018898	0.067792
2989	0.036062	0.008863	0.064759
2990	0.038218	0.026391	0.063425
2991	0.038572	0.022969	0.066346
2992	0.041152	0.018000	0.065013
2993	0.045536	0.018588	0.072188
2994	0.048132	0.028931	0.076093
2995	0.051942	0.029406	0.075026
2996	0.057816	0.019482	0.076024
2997	0.061943	0.010244	0.074875
2998	0.063146	0.014910	0.070556
2999	0.059740	0.025682	0.066270
3000	0.058348	0.014825	0.062291
3001	0.057762	0.010656	0.056538
3002	0.051896	0.010164	0.052468
3003	0.050840	0.017289	0.053007
3004	0.051300	0.017740	0.053941
3005	0.048285	0.028432	0.051861
3006	0.053994	0.019626	0.052103
3007	0.057083	0.014819	0.048551
3008	0.063523	0.005468	0.046178
3009	0.065863	0.001192	0.047012
3010	0.064134	-0.005179	0.040144
3011	0.064841	0.003049	0.036960
3012	0.061674	0.003127	0.034961
3013	0.062414	-0.005604	0.035331
3014	0.063572	0.000000	0.036793
3015	0.065867	-0.009646	0.037345
3016	0.059193	-0.008202	0.037519
3017	0.052078	-0.014047	0.038113
3018	0.050092	-0.024570	0.036747
3019	0.051183	-0.010476	0.036273
3020	0.053142	0.001355	0.032417
3021	0.048827	0.005502	0.029399
3022	0.050161	-0.004615	0.024337
3023	0.053035	-0.011717	0.020759
3024	0.052877	-0.009924	0.021068
3025	0.050840	0.014515	0.020029
3026	0.048906	-0.005553	0.023479
3027	0.045502	0.008081	0.027325
3028	0.046305	-0.002271	0.030808
3029	0.043853	-0.010647	0.032090
3030	0.040940	-0.034495	0.030016
3031	0.037766	-0.021448	0.032570
3032	0.035906	0.011502	0.034073
3033	0.034909	0.018908	0.032614
3034	0.030848	0.001856	0.027480
3035	0.024783	0.001802	0.026332
3036	0.024299	0.002680	0.023421
3037	0.023901	-0.007632	0.017581
3038	0.018928	0.025046	0.011979
3039	0.010459	0.017963	0.003721
3040	0.005594	0.015434	-0.004436
3041	0.001862	0.004938	-0.014559
3042	0.004576	-0.001075	-0.024855
3043	0.004693	-0.009420	-0.031971
3044	0.003648	-0.005490	-0.038526
3045	0.006991	-0.007793	-0.042135
3046	0.007142	-0.005245	-0.042383
3047	0.012251	-0.008510	-0.041497
3048	0.011987	-0.012302	-0.038276
3049	0.016072	-0.007905	-0.037656
3050	0.022609	-0.010948	-0.037364
3051	0.018321	-0.004468	-0.038224
3052	0.013760	-0.008687	-0.038367
3053	0.008060	-0.004478	-0.040312
3054	0.002486	-0.004707	-0.042857
3055	-0.004983	-0.017278	-0.039251
3056	-0.007296	-0.006757	-0.038914
3057	-0.006621	-0.029127	-0.034190
3058	-0.003814	-0.025944	-0.033054
3059	-0.007829	-0.013853	-0.027678
3060	-0.013226	-0.017077	-0.017457
3061	-0.011964	-0.019832	-0.010291
3062	-0.006887	-0.007824	-0.002535
3063	-0.006107	0.004213	0.002670
3064	-0.010753	0.009362	0.007619
3065	-0.014747	0.010467	0.016031
3066	-0.013811	0.000426	0.020977
3067	-0.014918	0.011397	0.025643
3068	-0.013939	0.010164	0.030134
3069	-0.016728	-0.004468	0.038041
3070	-0.025169	-0.004424	0.040216
3071	-0.025617	0.006460	0.045445
3072	-0.024610	0.000268	0.046931
3073	-0.025993	-0.004078	0.052749
3074	-0.024761	-0.000466	0.056003
3075	-0.024050	0.009717	0.057208
3076	-0.025741	0.019316	0.057636
3077	-0.020726	0.023065	0.061859
3078	-0.012268	0.013200	0.064343
3079	-0.005936	-0.009163	0.061703
3080	-0.003379	-0.018724	0.061332
3081	-0.003129	-0.011065	0.061585
3082	-0.004409	-0.021088	0.061218
3083	-0.005140	-0.026113	0.057541
3084	-0.005146	-0.009015	0.059397
3085	-0.004253	-0.018544	0.060870
3086	-0.003752	-0.011693	0.062462
3087	-0.008591	-0.017960	0.066061
3088	-0.010853	-0.003005	0.063627
3089	-0.007451	0.006947	0.061215
3090	-0.005910	-0.005291	0.061920
3091	-0.008533	0.009898	0.063011
3092	-0.008066	0.014800	0.058891
3093	-0.010530	0.004319	0.059262
3094	-0.010702	-0.001090	0.058254
3095	-0.018709	0.019139	0.059365
3096	-0.021531	0.005091	0.059495
3097	-0.025170	0.000880	0.063475
3098	-0.023498	0.007607	0.061094
3099	-0.020874	0.001038	0.062990
3100	-0.017626	0.000075	0.061627
3101	-0.012292	-0.012025	0.062508
3102	-0.007327	-0.012423	0.060231
3103	-0.006701	0.005236	0.051168
3104	-0.005694	0.002740	0.045635
3105	-0.006830	0.008532	0.041445
3106	-0.001981	0.012218	0.039735
3107	0.010856	-0.006327	0.034024
3108	0.021850	-0.033218	0.027807
3109	0.024915	-0.004196	0.025973
3110	0.031163	-0.015189	0.019680
3111	0.036519	0.007390	0.013023
3112	0.042031	0.002520	0.006277
3113	0.041070	0.001107	0.000800
3114	0.043666	-0.000769	-0.002451
3115	0.043932	-0.006180	-0.003158
3116	0.042434	-0.017020	-0.000038
3117	0.043175	-0.009610	0.003478
3118	0.044927	-0.008411	0.006276
3119	0.053179	0.014710	0.006233
3120	0.061381	0.002268	0.004264
3121	0.063390	0.013230	0.001406
3122	0.062319	0.021827	0.005889
3123	0.063724	0.014750	0.008211
3124	0.062212	-0.002368	0.011698
3125	0.058793	0.016602	0.012092
3126	0.055410	0.008578	0.014531
3127	0.047347	0.003005	0.013790
3128	0.043799	0.010039	0.017276
3129	0.039679	0.010659	0.015191
3130	0.041366	0.011027	0.012540
3131	0.038557	0.026144	0.007120
3132	0.043002	0.022460	-0.000303
3133	0.041012	0.016669	-0.003014
3134	0.040225	0.005191	-0.000654
3135	0.037945	-0.004120	0.000142
3136	0.035544	0.008259	-0.009458
3137	0.032099	0.008242	-0.007096
3138	0.031760	0.006289	-0.004720
3139	0.033478	0.022148	0.000206
3140	0.030723	-0.000923	-0.002035
3141	0.022653	0.016602	-0.001567
3142	0.018298	-0.002720	-0.003170
3143	0.017283	0.005638	-0.004512
3144	0.017472	0.012198	-0.002976
3145	0.018974	0.009212	-0.002844
3146	0.018539	0.001212	-0.007127
3147	0.023863	0.012968	-0.008537
3148	0.024733	0.018117	-0.004313
3149	0.026725	0.010570	-0.007669
3150	0.026632	0.006556	-0.010600
3151	0.027669	-0.006846	-0.009011
3152	0.029428	0.004753	-0.011824
3153	0.029092	-0.007316	-0.012319
3154	0.027108	-0.017903	-0.010596
3155	0.024527	-0.006583	-0.007712
3156	0.017598	-0.019376	-0.009872
3157	0.018213	-0.006917	-0.008848
3158	0.015333	-0.003063	-0.008672
3159	0.012596	0.003351	-0.004707
3160	0.009930	0.011360	-0.001617
3161	0.001694	0.011516	0.000552
3162	-0.004735	0.007691	0.004647
3163	-0.008965	0.002126	0.009713
3164	-0.010621	-0.010404	0.014973
3165	-0.014068	-0.005850	0.015892
3166	-0.018623	-0.004207	0.015161
3167	-0.019535	-0.001037	0.013946
3168	-0.015725	0.026173	0.015150
3169	-0.007316	0.016454	0.019275
3170	-0.004754	0.016459	0.027072
3171	-0.003310	0.010965	0.032242
3172	-0.002884	0.002768	0.034310
3173	-0.001436	0.008716	0.037422
3174	0.003762	0.005955	0.035912
3175	0.006390	-0.012751	0.034778
3176	0.003006	-0.007289	0.036019
3177	-0.000802	-0.004039	0.035979
3178	-0.004291	-0.003985	0.031330
3179	-0.006435	0.005730	0.029650
3180	-0.009809	0.005053	0.031712
3181	-0.020649	-0.016390	0.030282
3182	-0.026583	-0.031037	0.030100
3183	-0.031340	-0.020637	0.027369
3184	-0.036487	-0.002853	0.026430
3185	-0.033701	-0.012827	0.021787
3186	-0.039656	-0.033634	0.017604
3187	-0.040401	-0.026277	0.011115
3188	-0.037569	-0.026839	0.012064
3189	-0.034916	-0.005427	0.005944
3190	-0.030877	0.003106	0.003818
3191	-0.032377	0.024862	-0.002082
3192	-0.037071	0.023241	-0.005789
3193	-0.033389	0.017602	-0.009650
3194	-0.026136	0.014748	-0.012540
3195	-0.018406	0.013409	-0.014533
3196	-0.013232	-0.001864	-0.016208
3197	-0.005311	-0.011316	-0.018087
3198	-0.003120	-0.011018	-0.022287
3199	-0.004495	0.005297	-0.017963
3200	-0.007305	0.001958	-0.021663
3201	-0.011179	0.006840	-0.021391
3202	-0.013716	-0.005357	-0.025834
3203	-0.010487	0.017434	-0.026507
3204	-0.008110	0.023634	-0.024870
3205	-0.009194	0.002810	-0.034671
3206	-0.011079	-0.004519	-0.040786
3207	-0.009472	-0.005686	-0.049833
3208	-0.012525	-0.016549	-0.055235
3209	-0.012606	-0.024894	-0.065783
3210	-0.010975	-0.008849	-0.073006
3211	-0.008801	0.000314	-0.081847
3212	-0.012731	0.004183	-0.085085
3213	-0.010963	-0.006860	-0.083461
3214	-0.011225	-0.016044	-0.082264
3215	-0.008999	0.009542	-0.081247
3216	-0.012944	0.001552	-0.083920
3217	-0.014332	-0.013761	-0.079934
3218	-0.017691	-0.008860	-0.076046
3219	-0.019835	-0.011884	-0.074467
3220	-0.022482	0.008279	-0.072762
3221	-0.023772	-0.005760	-0.072221
3222	-0.030202	-0.011172	-0.065088
3223	-0.030399	0.007112	-0.053162
3224	-0.033009	0.006772	-0.047356
3225	-0.035990	0.001408	-0.039116
3226	-0.038320	-0.018610	-0.033019
3227	-0.041717	-0.001764	-0.031591
3228	-0.037604	0.007283	-0.020718
3229	-0.038622	0.020226	-0.016874
3230	-0.043963	0.030463	-0.014539
3231	-0.049864	0.007537	-0.012871
3232	-0.050132	0.018070	-0.006738
3233	-0.049977	0.005045	-0.002340
3234	-0.047105	-0.002147	0.006395
3235	-0.042831	-0.010978	0.012470
3236	-0.045030	-0.009946	0.018542
3237	-0.043853	0.003872	0.022214
3238	-0.045765	0.005830	0.028131
3239	-0.043101	0.000372	0.032583
3240	-0.042379	0.020656	0.032396
3241	-0.040211	-0.004631	0.033142
3242	-0.040854	-0.001517	0.029105
3243	-0.042065	-0.014268	0.024152
3244	-0.039672	-0.004563	0.020388
3245	-0.038248	-0.022491	0.020952
3246	-0.038680	-0.010944	0.022121
3247	-0.037538	0.004231	0.019698
3248	-0.033807	0.008677	0.016025
3249	-0.026127	0.009944	0.008796
3250	-0.025041	-0.006529	0.002158
3251	-0.023520	-0.001023	-0.006376
3252	-0.020644	-0.000698	-0.012642
3253	-0.023395	0.006599	-0.016088
3254	-0.020022	-0.014106	-0.020137
3255	-0.019346	-0.019609	-0.023695
3256	-0.011061	-0.024024	-0.025073
3257	-0.002056	-0.007736	-0.025001
3258	0.004564	-0.003236	-0.024520
3259	0.004326	-0.016938	-0.023777
3260	0.006836	-0.012977	-0.029960
3261	0.008306	0.005563	-0.032842
3262	0.008888	-0.004472	-0.039976
3263	0.005174	-0.007022	-0.044710
3264	0.000746	-0.015836	-0.048467
3265	-0.004547	-0.018217	-0.051208
3266	-0.012700	-0.022303	-0.053360
3267	-0.015724	-0.017637	-0.049879
3268	-0.014198	-0.014659	-0.051884
3269	-0.013958	-0.010007	-0.052276
3270	-0.018079	-0.005484	-0.048642
3271	-0.014997	-0.000144	-0.043122
3272	-0.008892	0.013529	-0.039122
3273	0.002433	-0.006723	-0.034176
3274	0.010967	-0.005711	-0.032970
3275	0.013661	0.001403	-0.031042
3276	0.012327	0.000448	-0.025168
3277	0.012417	0.000432	-0.027044
3278	0.013284	-0.003220	-0.032363
3279	0.013234	-0.008792	-0.032535
3280	0.017084	0.003037	-0.029251
3281	0.020569	-0.014977	-0.030763
3282	0.024975	-0.014187	-0.028170
3283	0.023705	-0.016251	-0.034450
3284	0.026548	-0.018386	-0.034110
3285	0.030705	-0.015394	-0.036409
3286	0.031913	-0.018863	-0.032655
3287	0.038100	-0.028312	-0.035532
3288	0.041925	-0.015380	-0.033364
3289	0.049298	-0.017467	-0.027153
3290	0.048775	-0.007234	-0.022217
3291	0.046133	-0.001964	-0.015312
3292	0.040776	-0.008876	-0.011270
3293	0.039590	0.004724	-0.006291
3294	0.030040	0.003259	-0.003040
3295	0.023016	0.000725	-0.002912
3296	0.015802	0.004793	0.000913
3297	0.011896	0.017175	0.001104
3298	0.005996	0.006631	0.005445
3299	0.002100	0.029913	0.011146
3300	-0.003112	0.022652	0.015405
3301	-0.005371	0.008799	0.019775
3302	-0.007046	0.018441	0.028550
3303	-0.008359	0.021477	0.032369
3304	-0.007215	0.013022	0.035952
3305	-0.007099	0.009202	0.034909
3306	-0.006720	0.010498	0.035773
3307	-0.013245	0.006781	0.034612
3308	-0.019622	-0.005310	0.037736
3309	-0.018442	-0.000634	0.032798
3310	-0.015350	-0.013228	0.032280
3311	-0.007797	0.007615	0.033633
3312	0.001053	0.003131	0.035427
3313	0.002301	-0.005851	0.031936
3314	0.002095	0.000667	0.028983
3315	0.001176	-0.008890	0.024985
3316	0.002877	-0.005510	0.021186
3317	0.003009	-0.002456	0.018229
3318	-0.001176	-0.003609	0.011113
3319	-0.002586	-0.001678	0.000650
3320	-0.003143	-0.000293	-0.007429
3321	-0.001003	-0.000147	-0.013220
3322	0.002025	-0.005682	-0.021445
3323	0.009943	-0.008431	-0.021897
3324	0.015677	-0.008281	-0.025000
3325	0.016918	-0.000936	-0.029221
3326	0.018088	0.013218	-0.034171
3327	0.022125	0.014463	-0.038754
3328	0.022887	0.000168	-0.046826
3329	0.022711	0.028620	-0.047765
3330	0.018411	-0.003760	-0.055568
3331	0.012182	0.009303	-0.058131
3332	0.009792	0.022303	-0.060161
3333	0.009410	0.012312	-0.056611
3334	0.005402	0.009301	-0.051034
3335	0.003017	0.015894	-0.046044
3336	0.003597	0.011201	-0.035347
3337	0.005147	-0.010248	-0.029032
3338	0.007971	-0.006332	-0.020664
3339	0.013890	-0.005617	-0.017661
3340	0.023583	0.004061	-0.010867
3341	0.032123	0.009261	-0.007187
3342	0.034805	0.020816	0.002157
3343	0.041344	0.011157	0.007282
3344	0.044354	0.003733	0.010437
3345	0.049802	-0.004165	0.010084
3346	0.051724	-0.021156	0.010543
3347	0.052252	-0.024975	0.015931
3348	0.048709	-0.021614	0.017274
3349	0.048586	-0.009114	0.017076
3350	0.047507	-0.009852	0.019600
3351	0.050250	-0.008630	0.022987
3352	0.045928	-0.008071	0.023320
3353	0.040866	-0.019810	0.022115
3354	0.038283	0.000565	0.018300
3355	0.035113	-0.016802	0.014683
3356	0.028841	-0.008255	0.012149
3357	0.026985	0.000624	0.008651
3358	0.022269	-0.005051	0.009993
3359	0.017767	-0.008066	0.013025
3360	0.013609	-0.002991	0.013696
3361	0.009507	-0.002624	0.014258
3362	0.008637	0.006281	0.017332
3363	0.004904	0.000039	0.012685
3364	-0.001139	-0.002940	0.012565
3365	-0.004194	0.014363	0.008755
3366	-0.003137	0.014918	0.004569
3367	-0.005059	0.001822	0.004604
3368	-0.006128	0.014369	-0.000647
3369	-0.005032	0.016455	0.000278
3370	-0.008356	0.018415	-0.008268
3371	-0.007718	0.004555	-0.013987
3372	-0.007738	0.002417	-0.017593
3373	-0.010822	-0.006144	-0.022221
3374	-0.013026	-0.005142	-0.024427
3375	-0.016173	0.000862	-0.035114
3376	-0.013571	-0.015327	-0.038406
3377	-0.013117	-0.017178	-0.043252
3378	-0.009924	-0.008521	-0.043606
3379	-0.011034	0.011435	-0.043077
3380	-0.013958	0.012174	-0.044250
3381	-0.011297	0.016302	-0.049105
3382	-0.005895	0.003195	-0.050225
3383	0.002189	0.012284	-0.052222
3384	0.003879	-0.000630	-0.056997
3385	0.002943	-0.017599	-0.060996
3386	0.006648	-0.009533	-0.061396
3387	0.004542	0.009803	-0.061157
3388	0.009076	0.011875	-0.057768
3389	0.005817	0.019938	-0.056452
3390	-0.000635	0.023326	-0.057776
3391	-0.006886	0.016161	-0.056149
3392	-0.013227	0.032557	-0.053897
3393	-0.018970	0.019293	-0.050274
3394	-0.022040	0.031669	-0.042522
3395	-0.027767	0.020699	-0.040459
3396	-0.036644	0.011167	-0.036506
3397	-0.038333	0.013729	-0.029196
3398	-0.038365	-0.002764	-0.021146
3399	-0.032856	-0.005324	-0.017545
3400	-0.027692	0.008241	-0.014718
3401	-0.022058	-0.022869	-0.016320
3402	-0.020725	0.018006	-0.021718
3403	-0.020011	0.001413	-0.021880
3404	-0.022015	-0.001458	-0.021844
3405	-0.020041	0.002029	-0.015890
3406	-0.016365	0.008931	-0.013717
3407	-0.014183	0.016092	-0.017137
3408	-0.011929	0.022938	-0.019296
3409	-0.007768	0.036434	-0.019104
3410	-0.004734	0.017195	-0.014533
3411	-0.000643	0.021240	-0.016709
3412	0.001094	0.026339	-0.014070
3413	0.001712	0.042073	-0.017438
3414	0.004389	0.004432	-0.015255
3415	0.009484	0.010187	-0.012110
3416	0.011132	0.005074	-0.003475
3417	0.017060	-0.003030	-0.005553
3418	0.013650	0.000994	-0.003776
3419	0.015122	-0.004789	-0.000762
3420	0.019503	-0.004495	0.003494
3421	0.015772	-0.009011	0.008526
3422	0.013124	-0.013675	0.007904
3423	0.007702	-0.002222	0.007652
3424	0.003421	0.011081	0.009559
3425	-0.000337	0.006149	0.009774
3426	-0.001857	-0.001033	0.007599
3427	-0.003934	0.009144	0.010149
3428	-0.005787	0.016476	0.007907
3429	-0.006353	0.003345	0.007692
3430	-0.014473	0.010025	0.008820
3431	-0.018078	-0.002151	0.020092
3432	-0.024412	0.018237	0.027274
3433	-0.024342	-0.001533	0.033792
3434	-0.019206	-0.022022	0.036921
3435	-0.018243	-0.010499	0.033308
3436	-0.014041	-0.014787	0.034730
3437	-0.015359	-0.003366	0.037630
3438	-0.013522	-0.009182	0.038466
3439	-0.013443	-0.005784	0.034923
3440	-0.016234	-0.011057	0.040035
3441	-0.020990	-0.001209	0.034600
3442	-0.026770	-0.003545	0.040390
3443	-0.028783	-0.018755	0.041135
3444	-0.027071	-0.017281	0.036706
3445	-0.024991	-0.022312	0.034727
3446	-0.021686	-0.018660	0.032504
3447	-0.013371	-0.014882	0.028981
3448	-0.011044	0.006614	0.021635
3449	-0.009928	-0.012018	0.015271
3450	-0.007008	-0.001764	0.012815
3451	-0.003723	0.005802	0.004739
3452	-0.001927	-0.009585	0.005242
3453	0.003910	-0.005785	0.005763
3454	-0.001214	0.003498	0.009510
3455	-0.002534	0.002380	0.016170
3456	-0.009030	-0.002831	0.019506
3457	-0.012846	-0.000015	0.029116
3458	-0.019357	0.000036	0.027956
3459	-0.025988	-0.009778	0.030535
3460	-0.030406	-0.016506	0.034706
3461	-0.035285	-0.010255	0.038968
3462	-0.044871	-0.013057	0.038663
3463	-0.053696	-0.015267	0.036966
3464	-0.063919	-0.021897	0.031802
3465	-0.072411	-0.006679	0.030232
3466	-0.075773	0.002636	0.031152
3467	-0.078418	0.002001	0.031936
3468	-0.073427	0.009502	0.032405
3469	-0.074332	-0.001602	0.034432
3470	-0.074264	0.009098	0.040426
3471	-0.074814	-0.006235	0.046665
3472	-0.071510	-0.005736	0.053082
3473	-0.071747	-0.018561	0.053332
3474	-0.072107	0.001550	0.054800
3475	-0.079989	-0.033213	0.061132
3476	-0.085123	-0.020222	0.064098
3477	-0.088896	-0.016659	0.070741
3478	-0.085388	-0.003156	0.075690
3479	-0.089522	0.001033	0.078639
3480	-0.092654	-0.001360	0.081390
3481	-0.095453	-0.004164	0.079926
3482	-0.095609	-0.008635	0.086391
3483	-0.088030	0.009089	0.083252
3484	-0.083090	0.008587	0.084865
3485	-0.075000	0.023664	0.084067
3486	-0.073914	0.016324	0.083902
3487	-0.074458	0.014747	0.087026
3488	-0.072533	0.007028	0.089466
3489	-0.075743	-0.004707	0.086156
3490	-0.079662	-0.005813	0.086996
3491	-0.087308	0.004365	0.077288
3492	-0.093265	0.003309	0.071217
3493	-0.088363	0.011191	0.066198
3494	-0.089486	-0.001602	0.061279
3495	-0.088012	-0.014705	0.054318
3496	-0.084502	-0.027351	0.049792
3497	-0.085374	-0.023705	0.050976
3498	-0.082349	0.007623	0.050218
3499	-0.080589	0.001004	0.051614
3500	-0.071408	-0.001237	0.053938
3501	-0.063337	0.005837	0.055282
3502	-0.051416	0.019103	0.060536
3503	-0.043268	0.004031	0.054206
3504	-0.032698	0.006098	0.043274
3505	-0.023767	0.000768	0.030854
3506	-0.019227	-0.022679	0.026737
3507	-0.016603	-0.012866	0.022669
3508	-0.017545	-0.016528	0.018912
3509	-0.021457	-0.012636	0.014460
3510	-0.020889	-0.017288	0.011301
3511	-0.020945	-0.000299	0.011174
3512	-0.017936	-0.003503	0.009090
3513	-0.018401	0.004023	0.007192
3514	-0.017102	0.008632	0.011734
3515	-0.013957	0.011196	0.014007
3516	-0.017070	-0.007437	0.020782
3517	-0.017739	-0.001069	0.023523
3518	-0.011933	-0.000867	0.027510
3519	-0.007785	0.016330	0.031529
3520	-0.003537	0.012072	0.032575
3521	-0.001565	0.018744	0.036699
3522	0.004424	-0.001084	0.038783
3523	0.006362	-0.022052	0.038608
3524	0.006432	-0.030409	0.032696
3525	0.006324	-0.016749	0.029577
3526	0.009509	-0.015926	0.027560
3527	0.004885	-0.014949	0.027624
3528	0.003295	0.015048	0.024103
3529	-0.002865	0.011367	0.021605
3530	-0.007756	0.019468	0.018859
3531	-0.004796	0.015463	0.021244
3532	-0.002541	0.004094	0.018994
3533	-0.002012	-0.013438	0.021140
3534	-0.005426	0.000777	0.021883
3535	-0.007945	-0.005573	0.024312
3536	-0.006724	-0.009966	0.021277
3537	-0.000082	-0.008595	0.017597
3538	0.006036	-0.016560	0.012548
3539	0.005432	-0.018003	0.008052
3540	0.005817	-0.013515	0.005950
3541	0.011579	0.008271	0.004926
3542	0.014272	0.005285	-0.000128
3543	0.013762	-0.004594	-0.010173
3544	0.004481	0.007242	-0.015636
3545	0.002451	0.010453	-0.025337
3546	-0.000902	0.012614	-0.028760
3547	-0.002540	0.025914	-0.033951
3548	-0.003709	0.006979	-0.041245
3549	-0.008842	-0.005240	-0.038916
3550	-0.009683	0.009960	-0.040473
3551	-0.012217	-0.008394	-0.041577
3552	-0.017518	0.002416	-0.040643
3553	-0.024158	-0.003422	-0.043012
3554	-0.024408	0.024175	-0.045783
3555	-0.023676	0.008055	-0.051389
3556	-0.022094	0.024293	-0.049807
3557	-0.019203	0.010346	-0.053834
3558	-0.013899	0.015819	-0.052623
3559	-0.009331	0.018238	-0.051960
3560	-0.005773	0.026503	-0.052862
3561	-0.002605	0.029231	-0.053427
3562	0.000355	0.018719	-0.052428
3563	0.009688	0.013026	-0.050632
3564	0.017920	0.016626	-0.053392
3565	0.025949	0.010606	-0.052247
3566	0.028207	0.000723	-0.049789
3567	0.026412	-0.003042	-0.049160
3568	0.024551	0.005416	-0.046425
3569	0.024614	0.025180	-0.045555
3570	0.034289	-0.001459	-0.040283
3571	0.046086	0.010714	-0.038773
3572	0.053130	-0.000826	-0.039856
3573	0.053455	0.005047	-0.034071
3574	0.054765	0.010230	-0.032403
3575	0.053152	0.022594	-0.029381
3576	0.050693	0.003006	-0.029938
3577	0.055251	0.033295	-0.026648
3578	0.060808	0.011138	-0.027054
3579	0.067109	0.030312	-0.029315
3580	0.073766	0.030469	-0.034152
3581	0.072561	0.027466	-0.039858
3582	0.075007	0.017106	-0.039019
3583	0.070452	-0.000900	-0.033555
3584	0.065042	-0.008579	-0.028923
3585	0.061151	-0.004205	-0.024163
3586	0.056944	0.021473	-0.021934
3587	0.049419	0.020610	-0.029066
3588	0.049240	0.022510	-0.033878
3589	0.050514	0.009727	-0.040266
3590	0.047182	0.007943	-0.044287
3591	0.040819	0.028283	-0.048801
3592	0.039493	0.007037	-0.047985
3593	0.038779	-0.003354	-0.046915
3594	0.038710	-0.013562	-0.047341
3595	0.038126	-0.003988	-0.050123
3596	0.043275	-0.008372	-0.045521
3597	0.047283	-0.000579	-0.041239
3598	0.046280	-0.001714	-0.038647
3599	0.042086	-0.005351	-0.034972
3600	0.038072	-0.000298	-0.040237
3601	0.037973	-0.002755	-0.040414
3602	0.039660	-0.006493	-0.036867
3603	0.043823	-0.000628	-0.037190
3604	0.043962	-0.006754	-0.038719
3605	0.043638	0.009419	-0.032654
3606	0.037616	0.006523	-0.027141
3607	0.036342	0.015658	-0.021837
3608	0.034107	-0.000833	-0.020124
3609	0.035272	0.006258	-0.014409
3610	0.037553	0.002086	-0.015903
3611	0.038641	0.010429	-0.009334
3612	0.037535	-0.004858	-0.012717
3613	0.034884	0.002959	-0.015072
3614	0.032223	0.012439	-0.017785
3615	0.029545	0.008299	-0.017248
3616	0.030911	0.002025	-0.020494
3617	0.028723	0.005391	-0.027082
3618	0.026231	-0.009220	-0.025991
3619	0.022063	0.002586	-0.028853
3620	0.022438	0.006770	-0.029819
3621	0.017289	0.011689	-0.039294
3622	0.015610	-0.016208	-0.044475
3623	0.011783	-0.013203	-0.050050
3624	0.008206	-0.016980	-0.054727
3625	0.001654	-0.008594	-0.060287
3626	-0.003337	-0.016846	-0.062613
3627	-0.006188	0.006545	-0.062783
3628	-0.006676	-0.002043	-0.063104
3629	-0.003833	0.000916	-0.061115
3630	-0.003870	0.013387	-0.061018
3631	0.000538	0.002008	-0.059775
3632	0.007026	0.003903	-0.057720
3633	0.016696	0.011560	-0.052454
3634	0.026113	0.034434	-0.049052
3635	0.027408	0.004944	-0.046193
3636	0.026564	-0.000035	-0.040451
3637	0.024994	-0.017251	-0.033903
3638	0.021969	-0.004684	-0.032305
3639	0.020019	-0.013658	-0.026949
3640	0.022130	-0.005226	-0.018214
3641	0.019849	-0.018080	-0.007910
3642	0.022866	-0.000643	-0.006624
3643	0.025562	0.009931	-0.005508
3644	0.029457	0.013062	-0.003231
3645	0.034282	0.023517	-0.001739
3646	0.035783	0.005548	-0.001401
3647	0.037908	0.000060	0.004665
3648	0.045775	0.003741	0.000866
3649	0.050882	-0.000167	-0.001636
3650	0.054710	-0.009027	-0.003984
3651	0.052716	-0.017886	0.001377
3652	0.045232	-0.031125	-0.004936
3653	0.037187	-0.018682	-0.007976
3654	0.035030	-0.012800	-0.012186
3655	0.026514	-0.025479	-0.011760
3656	0.021180	-0.005751	-0.010832
3657	0.010130	0.005268	-0.013773
3658	0.000934	0.018892	-0.018253
3659	-0.009031	0.014451	-0.023706
3660	-0.019388	0.014339	-0.026505
3661	-0.023531	0.005446	-0.022357
3662	-0.029526	-0.000843	-0.013722
3663	-0.034560	-0.007465	-0.011705
3664	-0.041606	0.008767	-0.011449
3665	-0.044168	-0.011967	-0.014885
3666	-0.047871	-0.030617	-0.016916
3667	-0.055481	-0.011121	-0.017410
3668	-0.062707	0.007181	-0.017854
3669	-0.067339	0.006826	-0.024921
3670	-0.069509	0.011334	-0.028465
3671	-0.072113	0.018576	-0.029510
3672	-0.074915	-0.003500	-0.032573
3673	-0.074653	0.010298	-0.025654
3674	-0.077944	0.007712	-0.020617
3675	-0.076052	0.002714	-0.017125
3676	-0.080118	0.002290	-0.013275
3677	-0.081698	0.017925	-0.003935
3678	-0.080367	0.006506	0.005886
3679	-0.075776	0.021312	0.014667
3680	-0.075281	0.011096	0.014054
3681	-0.072613	0.002677	0.022664
3682	-0.066086	-0.010310	0.023313
3683	-0.061912	-0.011078	0.023912
3684	-0.060691	-0.001772	0.021977
3685	-0.056750	0.001096	0.024152
3686	-0.055527	0.013129	0.019883
3687	-0.056512	0.011407	0.021846
3688	-0.056866	0.016806	0.023214
3689	-0.057038	0.004343	0.017055
3690	-0.056118	-0.024934	0.011311
3691	-0.051943	-0.025500	0.010596
3692	-0.048665	-0.030681	0.009511
3693	-0.048130	-0.042465	0.009828
3694	-0.041866	-0.009337	0.007496
3695	-0.035258	-0.013971	0.004806
3696	-0.024988	-0.010370	0.009714
3697	-0.015473	-0.014159	0.015830
3698	-0.006774	-0.009482	0.022423
3699	0.002997	-0.010209	0.019067
3700	0.009377	-0.010114	0.018109
3701	0.013642	-0.005826	0.014355
3702	0.017396	-0.003397	0.009942
3703	0.017919	-0.015908	0.004945
3704	0.023090	-0.005737	-0.000724
3705	0.024237	-0.003999	-0.005614
3706	0.027779	-0.016439	-0.011073
3707	0.036756	-0.009016	-0.008675
3708	0.040099	-0.019239	-0.012440
3709	0.038390	-0.019866	-0.014852
3710	0.036428	-0.011239	-0.017082
3711	0.039975	-0.023008	-0.021594
3712	0.045490	-0.024012	-0.026260
3713	0.048720	-0.024312	-0.026930
3714	0.054252	-0.025230	-0.027642
3715	0.057857	-0.035757	-0.028517
3716	0.059463	-0.028508	-0.031036
3717	0.055031	-0.015346	-0.028571
3718	0.046274	-0.005692	-0.031037
3719	0.046165	-0.011931	-0.038640
3720	0.046565	-0.006728	-0.042872
3721	0.041981	-0.010681	-0.044412
3722	0.036011	0.007337	-0.044447
3723	0.031715	0.012909	-0.043362
3724	0.027389	0.008412	-0.047277
3725	0.020845	-0.014791	-0.046769
3726	0.019258	-0.009570	-0.048662
3727	0.017513	-0.009431	-0.054082
3728	0.016627	0.011483	-0.053697
3729	0.015180	0.014308	-0.055707
3730	0.013531	0.007210	-0.055473
3731	0.009911	-0.001770	-0.055575
3732	0.007794	-0.006045	-0.055712
3733	0.011365	-0.012490	-0.058330
3734	0.009172	-0.022805	-0.063444
3735	0.007613	-0.009040	-0.067496
3736	0.009831	-0.016645	-0.070726
3737	0.011917	-0.010181	-0.074254
3738	0.011523	0.003395	-0.074493
3739	0.005454	0.013914	-0.073107
3740	0.001598	0.006043	-0.070439
3741	-0.001520	-0.022507	-0.068608
3742	-0.001742	-0.028392	-0.066515
3743	-0.004800	-0.011845	-0.062933
3744	-0.008237	-0.019032	-0.064522
3745	-0.015758	-0.008684	-0.061691
3746	-0.019820	0.005781	-0.058289
3747	-0.020354	0.003683	-0.052390
3748	-0.020727	0.017278	-0.053316
3749	-0.017869	0.007495	-0.046257
3750	-0.016738	0.015742	-0.044226
3751	-0.019839	-0.013955	-0.041556
3752	-0.022258	-0.021668	-0.047619
3753	-0.028955	-0.010306	-0.050278
3754	-0.030627	-0.004030	-0.049488
3755	-0.032020	-0.030364	-0.051820
3756	-0.033890	-0.027544	-0.053961
3757	-0.026024	-0.026655	-0.050307
3758	-0.017279	-0.009299	-0.046068
3759	-0.018686	-0.009497	-0.033266
3760	-0.018870	-0.004774	-0.027528
3761	-0.018156	0.001557	-0.018889
3762	-0.009160	-0.000419	-0.012472
3763	-0.007201	-0.004415	-0.009392
3764	-0.010964	0.008967	-0.011315
3765	-0.015493	0.006725	-0.014772
3766	-0.020003	0.009543	-0.020509
3767	-0.025317	-0.000121	-0.024124
3768	-0.033230	-0.020176	-0.025325
3769	-0.041202	-0.035640	-0.026832
3770	-0.045545	-0.023474	-0.030577
3771	-0.047991	-0.034929	-0.032102
3772	-0.049296	-0.023771	-0.028438
3773	-0.047788	-0.014542	-0.021995
3774	-0.047209	-0.003653	-0.021677
3775	-0.047128	0.008019	-0.020457
3776	-0.035519	0.001043	-0.015035
3777	-0.033497	0.008967	-0.014574
3778	-0.035112	-0.006211	-0.012674
3779	-0.038281	-0.003019	-0.007845
3780	-0.034366	-0.006347	-0.011207
3781	-0.031399	-0.001010	-0.009082
3782	-0.030289	0.014778	-0.012459
3783	-0.025966	0.012332	-0.010673
3784	-0.023665	0.026859	-0.013478
3785	-0.021388	0.010783	-0.016003
3786	-0.017569	-0.001121	-0.021019
3787	-0.016342	-0.017831	-0.025392
3788	-0.012334	-0.007852	-0.038039
3789	-0.014772	-0.004712	-0.045450
3790	-0.015273	-0.006622	-0.054597
3791	-0.015267	0.000148	-0.058769
3792	-0.018962	-0.022361	-0.064659
3793	-0.024366	-0.000767	-0.066353
3794	-0.018747	-0.003214	-0.068959
3795	-0.010731	0.002514	-0.070614
3796	-0.003363	0.021782	-0.072467
3797	-0.006155	0.001619	-0.076903
3798	-0.005626	-0.004690	-0.078795
3799	-0.009877	0.005543	-0.080347
3800	-0.007457	-0.018084	-0.081323
3801	-0.009245	-0.003160	-0.079513
3802	-0.008523	-0.015650	-0.076340
3803	-0.004906	0.007878	-0.071010
3804	-0.001641	0.012913	-0.064554
3805	0.000665	0.020545	-0.062503
3806	0.002166	-0.000234	-0.057060
3807	0.001440	0.011936	-0.057493
3808	-0.002660	0.025768	-0.051694
3809	-0.011648	0.016136	-0.044342
3810	-0.020255	-0.005060	-0.041947
3811	-0.021742	-0.000578	-0.041093
3812	-0.025488	0.006010	-0.039808
3813	-0.022880	0.007229	-0.040187
3814	-0.025861	-0.014845	-0.037852
3815	-0.029289	-0.016604	-0.028422
3816	-0.031876	-0.004865	-0.020335
3817	-0.036082	-0.011555	-0.016400
3818	-0.040506	0.006966	-0.009711
3819	-0.039102	0.028764	-0.005976
3820	-0.042327	0.038517	-0.005317
3821	-0.043388	0.020546	-0.006111
3822	-0.048002	0.013250	-0.005632
3823	-0.047667	0.001731	-0.011004
3824	-0.045655	-0.010050	-0.016476
3825	-0.038842	-0.003154	-0.019585
3826	-0.034752	-0.005035	-0.022312
3827	-0.028497	0.007391	-0.023708
3828	-0.026710	-0.003031	-0.026726
3829	-0.026406	0.005748	-0.028071
3830	-0.021777	-0.001089	-0.033855
3831	-0.017805	0.017453	-0.035451
3832	-0.016938	0.010381	-0.038537
3833	-0.017791	0.004367	-0.038076
3834	-0.019446	0.012122	-0.040055
3835	-0.020900	0.018545	-0.036425
3836	-0.017938	0.000739	-0.042471
3837	-0.019808	-0.004991	-0.046282
3838	-0.017839	-0.006951	-0.043532
3839	-0.016324	-0.010561	-0.044742
3840	-0.017795	-0.016955	-0.039804
3841	-0.019364	-0.024354	-0.040108
3842	-0.022550	-0.017626	-0.037725
3843	-0.019516	-0.017704	-0.035044
3844	-0.015468	-0.005449	-0.037185
3845	-0.010310	-0.023042	-0.037882
3846	-0.004376	-0.017630	-0.042714
3847	0.004189	-0.014231	-0.043855
3848	0.009292	-0.014537	-0.046161
3849	0.016105	-0.021844	-0.048661
3850	0.015545	0.003985	-0.052441
3851	0.018773	-0.000090	-0.054737
3852	0.019935	-0.002101	-0.058796
3853	0.018445	0.010635	-0.059583
3854	0.014676	0.012826	-0.055952
3855	0.015307	0.009043	-0.059077
3856	0.018676	-0.007622	-0.058544
3857	0.018561	0.017594	-0.055421
3858	0.019323	-0.019008	-0.054388
3859	0.014495	-0.025012	-0.059207
3860	0.013688	-0.013866	-0.063460
3861	0.014438	0.017511	-0.061571
3862	0.009573	0.014093	-0.067834
3863	0.007543	0.017045	-0.073606
3864	0.006090	0.006815	-0.076819
3865	0.007320	0.013732	-0.080925
3866	0.010497	0.022781	-0.087718
3867	0.008704	0.018587	-0.091084
3868	0.008844	0.019129	-0.099209
3869	0.002431	-0.002705	-0.102393
3870	-0.000331	-0.001167	-0.102842
3871	0.002304	-0.020677	-0.102327
3872	-0.000238	-0.016623	-0.100630
3873	-0.000577	-0.010949	-0.100031
3874	-0.000723	0.004603	-0.096931
3875	0.003619	0.009755	-0.093274
3876	0.007529	0.004461	-0.087626
3877	0.009785	0.009408	-0.086152
3878	0.009956	0.004470	-0.085464
3879	0.013789	0.001676	-0.081233
3880	0.020762	0.001585	-0.081532
3881	0.021382	0.021789	-0.080492
3882	0.018962	0.006552	-0.077234
3883	0.024846	0.008877	-0.074284
3884	0.027417	0.008351	-0.076407
3885	0.025175	0.019856	-0.073763
3886	0.023802	0.021291	-0.068875
3887	0.020466	0.037749	-0.065940
3888	0.016339	0.017810	-0.069520
3889	0.011192	-0.000243	-0.067727
3890	0.005938	0.008590	-0.062158
3891	0.004041	0.008111	-0.059988
3892	0.001774	0.014267	-0.056540
3893	0.000499	-0.012240	-0.053160
3894	0.001060	-0.010422	-0.049203
3895	0.000562	0.001919	-0.046745
3896	-0.000961	-0.012246	-0.038143
3897	0.002599	0.002201	-0.036432
3898	0.008549	-0.007742	-0.025158
3899	0.007322	-0.002449	-0.018627
3900	0.005913	0.012013	-0.013618
3901	0.000566	0.006252	-0.009387
3902	-0.008013	-0.007481	-0.009119
3903	-0.011586	0.000206	-0.011070
3904	-0.011078	-0.000116	-0.007508
3905	-0.014454	0.006610	-0.008678
3906	-0.016229	0.008775	-0.008381
3907	-0.012583	-0.008564	-0.008953
3908	-0.012774	0.011994	-0.004699
3909	-0.007973	-0.008023	-0.008686
3910	-0.002967	-0.016130	-0.009227
3911	-0.006845	-0.014484	-0.006241
3912	-0.005371	-0.012894	-0.005419
3913	-0.002525	-0.018744	-0.006096
3914	0.004812	-0.010653	-0.006965
3915	0.004862	-0.001566	-0.008523
3916	0.001883	-0.009937	-0.002141
3917	-0.000572	-0.016113	-0.002134
3918	-0.008910	-0.012236	-0.000305
3919	-0.004712	0.002135	0.001069
3920	-0.006631	-0.005155	0.001958
3921	-0.005759	-0.006527	0.004665
3922	-0.007125	0.021362	0.003241
3923	-0.009487	0.001304	0.008666
3924	-0.006200	-0.017411	0.006810
3925	-0.004062	-0.021157	0.005495
3926	-0.008843	-0.013969	0.007152
3927	-0.013079	-0.022602	0.010687
3928	-0.017886	0.000525	0.007045
3929	-0.020499	-0.008112	0.005031
3930	-0.015236	-0.008914	0.001876
3931	-0.015747	-0.018145	0.000684
3932	-0.018459	0.001126	0.000786
3933	-0.011299	0.009471	-0.001182
3934	-0.006582	0.004110	-0.000424
3935	-0.002276	0.019531	-0.000398
3936	-0.004228	0.018745	0.004137
3937	-0.002948	0.004671	0.005657
3938	0.003509	-0.010709	0.012546
3939	0.003488	-0.000096	0.011118
3940	0.009625	-0.003144	0.017818
3941	0.018328	0.003479	0.023592
3942	0.026335	-0.005437	0.028253
3943	0.034029	-0.028114	0.026859
3944	0.039787	-0.012754	0.026137
3945	0.049180	-0.025404	0.024169
3946	0.058100	0.006860	0.024991
3947	0.064424	0.006405	0.029031
3948	0.066112	0.013414	0.028412
3949	0.069698	0.012856	0.031161
3950	0.067639	0.024609	0.034705
3951	0.069572	0.018730	0.032657
3952	0.071591	0.013215	0.035668
3953	0.069525	0.009614	0.036800
3954	0.062475	0.012510	0.039469
3955	0.058514	0.001780	0.043857
3956	0.050625	0.004129	0.051113
3957	0.046166	-0.014918	0.053782
3958	0.038312	-0.001217	0.058878
3959	0.033240	-0.011374	0.070629
3960	0.027823	-0.012612	0.077307
3961	0.020817	-0.003505	0.083918
3962	0.022832	-0.004824	0.082226
3963	0.023218	0.013870	0.078370
3964	0.019415	0.014376	0.072441
3965	0.019477	0.010891	0.067461
3966	0.017515	0.008510	0.063958
3967	0.019899	-0.013475	0.060517
3968	0.019775	-0.002874	0.054759
3969	0.019447	0.004248	0.057318
3970	0.019964	-0.012689	0.049532
3971	0.023768	0.005900	0.046461
3972	0.015057	-0.012778	0.041099
3973	0.012389	-0.010054	0.033814
3974	0.013201	-0.009603	0.035283
3975	0.016978	-0.004256	0.037144
3976	0.018531	-0.011710	0.037316
3977	0.020119	-0.013514	0.038800
3978	0.014361	-0.004820	0.035962
3979	0.011146	0.008885	0.034849
3980	0.005737	0.002453	0.032843
3981	0.006137	-0.009816	0.031691
3982	0.007933	0.005245	0.031526
3983	0.013941	0.002259	0.025413
3984	0.020886	0.012901	0.023708
3985	0.017169	0.020646	0.017594
3986	0.010422	0.011869	0.012344
3987	0.002800	0.012912	0.004663
3988	0.004123	0.010951	-0.000034
3989	-0.003249	0.008609	0.000561
3990	-0.011461	0.025294	-0.002913
3991	-0.019464	0.010935	-0.002950
3992	-0.024115	0.025148	-0.002881
3993	-0.030569	0.027167	-0.002720
3994	-0.038701	0.031206	-0.000811
3995	-0.042482	0.024444	0.000576
3996	-0.040340	0.015885	0.006222
3997	-0.040635	0.012279	0.010974
3998	-0.039764	0.017326	0.012212
3999	-0.040951	0.010378	0.014639
4000	-0.041234	0.035139	0.014338
4001	-0.047673	0.026569	0.013593
4002	-0.048138	0.013653	0.017643
4003	-0.052191	0.020928	0.019184
4004	-0.050451	0.012689	0.021184
4005	-0.046260	-0.011650	0.024128
4006	-0.035256	-0.005764	0.019927
4007	-0.029797	-0.023918	0.020801
4008	-0.027340	-0.031775	0.020933
4009	-0.024584	-0.003665	0.022853
4010	-0.022823	-0.002004	0.028541
4011	-0.014284	-0.002677	0.035521
4012	-0.011494	0.003219	0.036873
4013	-0.010708	0.012296	0.040898
4014	-0.017918	0.013151	0.042731
4015	-0.017278	0.005983	0.041565
4016	-0.014279	-0.010531	0.041936
4017	-0.016410	0.005211	0.042839
4018	-0.021493	-0.009542	0.048460
4019	-0.028309	-0.008550	0.052444
4020	-0.034622	-0.013846	0.053939
4021	-0.031014	0.005976	0.062650
4022	-0.028982	-0.007099	0.068218
4023	-0.025896	-0.007290	0.073651
4024	-0.017771	-0.008990	0.075428
4025	-0.013313	-0.022449	0.074980
4026	-0.012595	-0.014411	0.075072
4027	-0.008344	-0.002686	0.077481
4028	-0.006297	0.002208	0.083193
4029	-0.006543	-0.001924	0.085556
4030	-0.007762	-0.020713	0.084245
4031	-0.011677	-0.008647	0.083089
4032	-0.012293	-0.009701	0.076079
4033	-0.002348	-0.004047	0.069518
4034	0.006835	-0.014788	0.059031
4035	0.013563	0.006088	0.052367
4036	0.017339	-0.020925	0.047011
4037	0.022875	-0.022775	0.049572
4038	0.030071	0.001404	0.049286
4039	0.048106	-0.002819	0.049353
4040	0.064307	0.000144	0.046907
4041	0.071219	-0.001992	0.044732
4042	0.072463	-0.019679	0.048215
4043	0.075589	-0.008891	0.046217
4044	0.081072	-0.009941	0.040905
4045	0.080806	0.002028	0.040123
4046	0.079237	0.005779	0.039360
4047	0.076767	0.009772	0.039601
4048	0.077475	-0.010824	0.037758
4049	0.069255	-0.022043	0.039795
4050	0.069939	-0.003040	0.031775
4051	0.070416	-0.022310	0.025183
4052	0.076464	-0.024700	0.022377
4053	0.077533	-0.009158	0.012546
4054	0.078906	-0.004315	0.007308
4055	0.075832	0.000455	0.006336
4056	0.070239	0.006274	0.001586
4057	0.070172	0.013057	-0.000485
4058	0.065147	0.018142	-0.001852
4059	0.063431	0.005851	-0.003408
4060	0.057933	-0.006270	-0.005027
4061	0.051276	-0.020810	-0.008191
4062	0.048559	-0.021722	-0.011735
4063	0.041247	0.008581	-0.010283
4064	0.038533	0.029627	-0.007057
4065	0.036656	0.021331	-0.007884
4066	0.031207	0.030973	-0.004797
4067	0.031998	0.014963	-0.010762
4068	0.029000	0.006192	-0.016356
4069	0.024258	0.003369	-0.018523
4070	0.018910	0.011058	-0.016061
4071	0.017098	0.012720	-0.018338
4072	0.017290	0.014033	-0.014182
4073	0.017740	-0.015784	-0.009937
4074	0.022162	0.005435	-0.010821
4075	0.028271	-0.017064	-0.008927
4076	0.037582	-0.012738	-0.009442
4077	0.042147	0.002893	-0.006965
4078	0.044750	0.025572	-0.004156
4079	0.044271	0.005497	0.001899
4080	0.046863	0.024938	0.002753
4081	0.052919	0.017727	0.010772
4082	0.055794	0.006273	0.013335
4083	0.060566	0.027140	0.012595
4084	0.062860	0.024502	0.018133
4085	0.059527	-0.009926	0.017961
4086	0.056054	-0.005725	0.017721
4087	0.046090	-0.005566	0.018267
4088	0.038981	-0.004599	0.021727
4089	0.034671	-0.014168	0.018626
4090	0.031009	-0.002240	0.013352
4091	0.035473	0.006093	0.012373
4092	0.039971	-0.029420	0.009380
4093	0.044208	-0.014696	0.002499
4094	0.045202	-0.003593	-0.001511
4095	0.044379	-0.005151	-0.006745
4096	0.044862	-0.025596	-0.006844
4097	0.036911	-0.016231	-0.009766
4098	0.036910	-0.042286	-0.014897
4099	0.033647	-0.025047	-0.015932
4100	0.030678	-0.009812	-0.018395
4101	0.026392	-0.034939	-0.017183
4102	0.022681	-0.022294	-0.019863
4103	0.021579	-0.006296	-0.020246
4104	0.017532	0.000976	-0.030194
4105	0.020908	-0.020787	-0.032400
4106	0.017349	-0.021487	-0.035614
4107	0.010132	-0.000480	-0.033684
4108	0.002257	-0.000865	-0.032985
4109	-0.006031	0.004941	-0.024713
4110	-0.014794	0.004863	-0.021477
4111	-0.016936	0.006293	-0.018824
4112	-0.023294	0.014149	-0.015461
4113	-0.026286	0.027451	-0.014824
4114	-0.030831	0.006313	-0.017512
4115	-0.037407	0.000812	-0.021851
4116	-0.039263	-0.004487	-0.023409
4117	-0.032090	-0.013949	-0.023436
4118	-0.028057	-0.022471	-0.023404
4119	-0.027565	0.006071	-0.022451
4120	-0.027434	-0.004895	-0.015126
4121	-0.032933	-0.013849	-0.015808
4122	-0.032043	-0.009126	-0.018426
4123	-0.028364	0.012887	-0.020915
4124	-0.024654	0.019342	-0.020279
4125	-0.023480	0.001282	-0.024402
4126	-0.024082	-0.015182	-0.028019
4127	-0.025801	-0.000727	-0.030218
4128	-0.023675	-0.004560	-0.029405
4129	-0.023020	-0.011601	-0.026732
4130	-0.023801	-0.021414	-0.025205
4131	-0.027161	-0.010694	-0.025035
4132	-0.026257	-0.018015	-0.026877
4133	-0.028155	-0.010393	-0.025978
4134	-0.026709	-0.017997	-0.028476
4135	-0.023233	-0.006402	-0.036185
4136	-0.013452	0.008630	-0.039083
4137	-0.013423	0.003959	-0.041938
4138	-0.009983	0.020693	-0.037870
4139	-0.009842	0.008512	-0.038027
4140	-0.012117	-0.010343	-0.035303
4141	-0.011552	0.003679	-0.031158
4142	-0.009585	0.008488	-0.027898
4143	-0.001600	0.004675	-0.017299
4144	0.005070	0.021962	-0.014871
4145	0.008514	0.016419	-0.015091
4146	0.014250	-0.000800	-0.015204
4147	0.017471	0.003749	-0.016386
4148	0.020344	0.004187	-0.015604
4149	0.022430	0.004174	-0.016594
4150	0.030282	0.006624	-0.012526
4151	0.031176	-0.000720	-0.009178
4152	0.028581	0.001638	-0.005584
4153	0.029612	0.009626	0.001174
4154	0.031996	0.001358	0.006009
4155	0.029330	0.012925	0.014935
4156	0.023574	0.015982	0.023894
4157	0.022939	0.000131	0.025066
4158	0.020601	-0.010835	0.029208
4159	0.024662	-0.006963	0.031215
4160	0.021371	-0.005570	0.035244
4161	0.021064	-0.021267	0.039773
4162	0.015831	-0.012000	0.046151
4163	0.014041	-0.029191	0.046623
4164	0.012779	-0.019338	0.051123
4165	0.004823	-0.002317	0.059034
4166	0.000432	-0.016460	0.064787
4167	-0.001153	0.005491	0.070869
4168	-0.003807	-0.017619	0.075198
4169	-0.011811	-0.017331	0.079841
4170	-0.019722	0.007874	0.081546
4171	-0.025711	-0.021350	0.084054
4172	-0.032797	-0.009938	0.080652
4173	-0.041528	-0.008604	0.078540
4174	-0.048527	-0.012116	0.076087
4175	-0.051816	-0.014722	0.074913
4176	-0.051272	-0.004583	0.077014
4177	-0.056259	-0.004831	0.078788
4178	-0.064252	0.001014	0.075873
4179	-0.070266	0.023507	0.067570
4180	-0.070409	0.021299	0.060753
4181	-0.066844	0.012106	0.060568
4182	-0.071788	0.017013	0.050482
4183	-0.074406	0.006870	0.049748
4184	-0.073670	-0.002237	0.047494
4185	-0.078231	-0.019460	0.045331
4186	-0.083492	-0.019600	0.046030
4187	-0.091501	-0.000530	0.048906
4188	-0.093695	-0.016924	0.051950
4189	-0.091927	-0.020893	0.053863
4190	-0.095119	-0.017217	0.051709
4191	-0.092472	-0.020522	0.043754
4192	-0.091385	-0.013455	0.036806
4193	-0.087225	0.000687	0.032254
4194	-0.085074	0.008269	0.030203
4195	-0.080711	-0.010451	0.027858
4196	-0.075145	-0.012913	0.024666
4197	-0.073399	-0.007148	0.019569
4198	-0.074747	-0.002451	0.020729
4199	-0.071801	-0.003242	0.015021
4200	-0.066266	-0.003974	0.011163
4201	-0.066525	0.000620	0.006531
4202	-0.065131	0.011866	-0.000503
4203	-0.064470	0.020460	-0.004923
4204	-0.061032	-0.000085	-0.004626
4205	-0.057560	-0.003338	-0.001054
4206	-0.058631	-0.004599	-0.000478
4207	-0.056257	0.008649	-0.005552
4208	-0.051195	-0.007271	-0.016698
4209	-0.045623	0.019046	-0.017664
4210	-0.037450	0.009029	-0.023563
4211	-0.030135	0.009149	-0.033266
4212	-0.029460	0.005955	-0.041807
4213	-0.032377	0.006889	-0.046981
4214	-0.031659	0.003095	-0.052880
4215	-0.030767	0.003532	-0.051976
4216	-0.031477	-0.005049	-0.055123
4217	-0.032740	-0.007330	-0.057831
4218	-0.037663	-0.008187	-0.059092
4219	-0.041592	0.001303	-0.059651
4220	-0.041655	-0.003448	-0.057596
4221	-0.038796	-0.006928	-0.058004
4222	-0.031418	0.010355	-0.050657
4223	-0.027369	0.002782	-0.043293
4224	-0.024828	0.004769	-0.041808
4225	-0.021962	-0.003949	-0.040837
4226	-0.021267	-0.011588	-0.038649
4227	-0.023310	-0.018473	-0.040183
4228	-0.020871	-0.021013	-0.042896
4229	-0.016654	-0.006757	-0.043349
4230	-0.016878	0.007697	-0.046595
4231	-0.022845	-0.009292	-0.047448
4232	-0.023834	-0.010938	-0.049568
4233	-0.020991	-0.009196	-0.052142
4234	-0.015964	-0.009782	-0.052987
4235	-0.016018	-0.001379	-0.049661
4236	-0.010801	0.007953	-0.049049
4237	-0.009606	0.008123	-0.046758
4238	-0.007770	-0.007130	-0.049469
4239	-0.011414	-0.015224	-0.043457
4240	-0.010886	-0.017163	-0.040716
4241	-0.008792	-0.001985	-0.037379
4242	-0.004281	0.008357	-0.039124
4243	0.002751	0.021534	-0.038898
4244	0.008057	0.011598	-0.038286
4245	0.009409	0.005109	-0.034003
4246	0.016980	0.010302	-0.036064
4247	0.026881	0.016093	-0.035662
4248	0.030031	0.000400	-0.037105
4249	0.033712	0.016896	-0.037440
4250	0.036713	0.001744	-0.034359
4251	0.041148	-0.004854	-0.032751
4252	0.047190	-0.001598	-0.026917
4253	0.051574	-0.020493	-0.018349
4254	0.048736	-0.028823	-0.011512
4255	0.049611	-0.042763	-0.004947
4256	0.042840	-0.031769	0.004099
4257	0.032170	-0.019108	0.015132
4258	0.025976	-0.028507	0.022923
4259	0.024809	-0.015322	0.025387
4260	0.024065	-0.014877	0.030668
4261	0.021496	-0.010837	0.039120
4262	0.021304	-0.015237	0.036782
4263	0.020944	-0.012310	0.037920
4264	0.021919	-0.025156	0.042760
4265	0.025669	-0.027247	0.044080
4266	0.027341	-0.038199	0.041787
4267	0.031198	-0.027020	0.041170
4268	0.024872	-0.020768	0.037395
4269	0.027071	-0.004177	0.039893
4270	0.029658	-0.012899	0.036466
4271	0.029652	-0.015406	0.030060
4272	0.027422	-0.017852	0.021556
4273	0.021941	0.013908	0.017152
4274	0.020087	0.027245	0.002045
4275	0.018038	0.024221	-0.011260
4276	0.016650	0.025290	-0.019466
4277	0.017907	0.010309	-0.023883
4278	0.013458	-0.014217	-0.030447
4279	0.013986	-0.018245	-0.036199
4280	0.013295	-0.018985	-0.047666
4281	0.013755	-0.002818	-0.050937
4282	0.016628	0.020400	-0.055373
4283	0.018486	0.001994	-0.063197
4284	0.017888	-0.007542	-0.065865
4285	0.019249	-0.012069	-0.067650
4286	0.018429	-0.036453	-0.066381
4287	0.023076	-0.022989	-0.068054
4288	0.027627	-0.013990	-0.066746
4289	0.030843	-0.023651	-0.071489
4290	0.035246	-0.022596	-0.071603
4291	0.036634	-0.048042	-0.073203
4292	0.036082	-0.036230	-0.075291
4293	0.035690	-0.025410	-0.073449
4294	0.032367	-0.018502	-0.076244
4295	0.033125	-0.031617	-0.073864
4296	0.030368	-0.018327	-0.070236
4297	0.028726	-0.018199	-0.070199
4298	0.027663	-0.020999	-0.065491
4299	0.020791	-0.027669	-0.063772
4300	0.017891	-0.016514	-0.060563
4301	0.009606	-0.004381	-0.058141
4302	0.003948	0.003505	-0.058541
4303	0.004197	0.014722	-0.057621
4304	0.002702	0.004330	-0.059888
4305	0.003510	0.006544	-0.058207
4306	0.006508	0.013293	-0.055545
4307	0.003119	0.013911	-0.057037
4308	0.002902	0.012062	-0.055659
4309	-0.001759	0.011249	-0.052418
4310	-0.002297	0.028674	-0.055197
4311	-0.000976	0.014849	-0.057662
4312	0.000173	0.018786	-0.067643
4313	-0.000620	0.016119	-0.076293
4314	0.000433	0.013835	-0.086087
4315	-0.001958	0.016543	-0.096579
4316	-0.002399	0.002505	-0.095918
4317	-0.003174	-0.004998	-0.095022
4318	-0.005370	-0.010587	-0.092940
4319	-0.002115	0.000070	-0.091852
4320	0.000840	-0.006783	-0.094151
4321	0.008065	-0.005960	-0.093482
4322	0.011118	0.006520	-0.089004
4323	0.012273	0.014235	-0.088626
4324	0.012913	-0.007910	-0.088833
4325	0.005686	-0.012513	-0.089207
4326	-0.000245	-0.022334	-0.087081
4327	-0.003920	-0.024639	-0.087820
4328	-0.008623	-0.024579	-0.084963
4329	-0.011128	0.003444	-0.080880
4330	-0.011023	-0.014028	-0.076619
4331	-0.008836	0.000745	-0.066997
4332	-0.009801	-0.008332	-0.066515
4333	-0.006728	-0.016101	-0.067041
4334	-0.003439	-0.016493	-0.067656
4335	0.003612	-0.007108	-0.065706
4336	0.006265	0.011616	-0.068840
4337	0.010987	-0.005715	-0.067310
4338	0.013328	-0.004065	-0.068734
4339	0.017905	0.003709	-0.071075
4340	0.016205	-0.005168	-0.073005
4341	0.017920	-0.017979	-0.070280
4342	0.020012	-0.020879	-0.066432
4343	0.023452	-0.018351	-0.065032
4344	0.029511	-0.013784	-0.065006
4345	0.030081	-0.020132	-0.065371
4346	0.032262	-0.012838	-0.068540
4347	0.038837	-0.008719	-0.068637
4348	0.041384	-0.005223	-0.067148
4349	0.045705	-0.017371	-0.070133
4350	0.044498	-0.013754	-0.075155
4351	0.042332	-0.008718	-0.074045
4352	0.039671	-0.009801	-0.071895
4353	0.035724	-0.003223	-0.067318
4354	0.043875	0.000663	-0.061371
4355	0.049381	-0.004221	-0.065770
4356	0.059989	-0.002400	-0.067226
4357	0.066000	-0.006080	-0.070941
4358	0.071173	0.017053	-0.072303
4359	0.069827	0.005264	-0.065956
4360	0.068390	0.006210	-0.060394
4361	0.069012	0.017470	-0.053228
4362	0.072774	0.013077	-0.046413
4363	0.071963	0.004588	-0.038197
4364	0.065081	0.007096	-0.028859
4365	0.060484	0.011848	-0.025368
4366	0.058748	0.006719	-0.020454
4367	0.055468	0.020279	-0.015533
4368	0.057919	0.020112	-0.016359
4369	0.060449	0.018314	-0.020558
4370	0.058313	0.018411	-0.027063
4371	0.061611	0.009380	-0.032678
4372	0.067754	0.002314	-0.039375
4373	0.068268	0.025424	-0.041984
4374	0.068733	0.018289	-0.041224
4375	0.067567	0.013509	-0.044922
4376	0.069367	0.021958	-0.050618
4377	0.068415	0.021391	-0.054259
4378	0.069102	0.018040	-0.053096
4379	0.075868	0.004025	-0.057635
4380	0.080647	-0.014071	-0.063363
4381	0.080365	-0.010867	-0.069511
4382	0.080389	0.001181	-0.070870
4383	0.072416	-0.000395	-0.068872
4384	0.061739	0.004204	-0.064663
4385	0.054448	0.013412	-0.065105
4386	0.045820	0.029548	-0.069284
4387	0.049338	0.010098	-0.074969
4388	0.053386	0.010272	-0.074624
4389	0.061348	0.011792	-0.077441
4390	0.065564	0.019525	-0.084793
4391	0.071411	0.014771	-0.088171
4392	0.073562	0.006434	-0.092519
4393	0.071344	0.023380	-0.099838
4394	0.066781	0.027941	-0.098008
4395	0.063648	0.008249	-0.098500
4396	0.053356	0.007823	-0.099286
4397	0.046222	-0.001018	-0.095799
4398	0.042086	0.015954	-0.092668
4399	0.046451	0.031367	-0.085186
4400	0.046283	0.030903	-0.082544
4401	0.047220	0.000547	-0.077986
4402	0.046823	0.000171	-0.073064
4403	0.049386	-0.002855	-0.067361
4404	0.054416	-0.001848	-0.068708
4405	0.052392	-0.006633	-0.068066
4406	0.050454	-0.001093	-0.067486
4407	0.044946	0.007438	-0.062636
4408	0.045534	-0.004334	-0.061921
4409	0.043905	-0.008376	-0.056655
4410	0.041258	0.005413	-0.055635
4411	0.037936	0.013572	-0.059254
4412	0.036786	0.010940	-0.059623
4413	0.039734	0.009523	-0.060235
4414	0.040618	0.000012	-0.056909
4415	0.042133	-0.006182	-0.053420
4416	0.042939	0.023642	-0.051679
4417	0.044020	0.007646	-0.045387
4418	0.042563	0.008074	-0.045605
4419	0.039216	0.016325	-0.040750
4420	0.042857	0.037465	-0.034639
4421	0.044543	0.030684	-0.030552
4422	0.040640	0.037249	-0.028587
4423	0.038670	0.035406	-0.025619
4424	0.039727	0.015272	-0.023199
4425	0.041073	-0.009091	-0.018904
4426	0.035372	-0.001968	-0.008105
4427	0.031949	-0.009826	-0.001319
4428	0.031567	-0.012880	-0.000635
4429	0.029340	-0.010288	0.004446
4430	0.023291	0.001700	0.009068
4431	0.020500	0.002616	0.014137
4432	0.018496	0.001837	0.023205
4433	0.011783	0.010549	0.029432
4434	0.011165	0.008533	0.037797
4435	0.006741	0.004128	0.038420
4436	0.007667	-0.016882	0.040820
4437	0.008638	-0.035560	0.043431
4438	0.010467	0.004108	0.043770
4439	0.013332	0.021481	0.043445
4440	0.008567	0.027456	0.043632
4441	0.006814	0.017733	0.042327
4442	0.004319	-0.010192	0.042258
4443	0.002520	-0.007853	0.040126
4444	-0.000059	-0.018699	0.037958
4445	-0.002765	-0.014858	0.032324
4446	-0.002912	0.011962	0.029235
4447	-0.001376	0.002510	0.025294
4448	-0.000692	-0.009095	0.019682
4449	0.005911	-0.000944	0.017030
4450	0.011605	0.008370	0.015616
4451	0.015198	0.012235	0.019232
4452	0.016033	0.012331	0.014088
4453	0.016239	-0.001214	0.007805
4454	0.015905	0.001770	0.002467
4455	0.013517	-0.007418	0.001837
4456	0.010010	-0.019687	0.004061
4457	0.005214	-0.005711	0.006521
4458	0.006571	0.006075	0.002663
4459	0.002527	-0.009443	0.001440
4460	0.004656	0.005879	0.004518
4461	0.004230	0.022957	0.008677
4462	0.005501	-0.000769	0.006513
4463	0.002560	0.015682	0.007425
4464	0.011859	0.026483	0.003008
4465	0.017924	0.019174	0.004915
4466	0.027647	0.020258	0.006077
4467	0.039599	0.026933	0.002979
4468	0.050490	0.026541	0.002880
4469	0.052640	0.003567	0.004742
4470	0.055931	0.003701	-0.000255
4471	0.054464	0.015281	-0.004923
4472	0.055186	0.003125	-0.008118
4473	0.053432	-0.025891	-0.007862
4474	0.044390	-0.011883	-0.009481
4475	0.031383	-0.023485	-0.017879
4476	0.026025	-0.004562	-0.017716
4477	0.025879	-0.010999	-0.011058
4478	0.016375	0.015123	-0.007891
4479	0.008197	0.006247	-0.006742
4480	0.004423	0.026586	-0.007613
4481	0.000752	0.020273	-0.011450
4482	-0.009101	0.004191	-0.015156
4483	-0.019588	-0.009629	-0.021998
4484	-0.020005	-0.017427	-0.028540
4485	-0.019581	-0.003679	-0.029891
4486	-0.026504	-0.009445	-0.035371
4487	-0.028320	0.000122	-0.039039
4488	-0.030093	-0.008797	-0.045302
4489	-0.031254	0.007166	-0.044255
4490	-0.033106	0.005764	-0.047183
4491	-0.033707	-0.016500	-0.050679
4492	-0.039622	-0.011111	-0.049341
4493	-0.044690	-0.004745	-0.048760
4494	-0.051972	0.013316	-0.042301
4495	-0.061443	0.008060	-0.037048
4496	-0.068445	-0.028447	-0.031288
4497	-0.065890	-0.014199	-0.024948
4498	-0.064987	-0.006074	-0.019469
4499	-0.065480	0.008362	-0.011184
4500	-0.064699	-0.025538	-0.010976
4501	-0.060213	-0.012039	-0.008666
4502	-0.056061	-0.044334	-0.006123
4503	-0.050909	-0.017112	-0.007119
4504	-0.044969	-0.008074	-0.004021
4505	-0.041901	-0.006921	-0.003568
4506	-0.039902	-0.024626	-0.000952
4507	-0.038278	-0.020261	-0.005410
4508	-0.034309	-0.011492	-0.005831
4509	-0.034152	0.006844	-0.004925
4510	-0.027666	-0.006955	-0.002955
4511	-0.028305	-0.015906	-0.003744
4512	-0.032465	-0.015789	-0.001130
4513	-0.030770	0.004205	-0.000972
4514	-0.032476	0.005583	-0.001158
4515	-0.036012	-0.009786	-0.000663
4516	-0.034628	-0.010521	0.003182
4517	-0.038900	-0.004177	0.008360
4518	-0.037388	-0.009339	0.005929
4519	-0.039440	0.011937	0.001490
4520	-0.041731	0.017391	0.000630
4521	-0.037101	0.018777	0.003421
4522	-0.030733	-0.006682	0.004596
4523	-0.031844	-0.008326	0.003895
4524	-0.029904	0.016025	0.009477
4525	-0.030301	0.023210	0.010435
4526	-0.028284	0.003978	0.007273
4527	-0.024611	-0.012169	0.009142
4528	-0.025682	-0.039531	0.012613
4529	-0.024162	-0.030536	0.015930
4530	-0.024532	-0.015071	0.009802
4531	-0.025021	-0.018593	0.011082
4532	-0.022302	0.001330	0.016503
4533	-0.016449	0.001101	0.022628
4534	-0.012810	-0.015862	0.022008
4535	-0.016272	-0.005649	0.018609
4536	-0.020533	0.006945	0.016929
4537	-0.020345	-0.001637	0.019523
4538	-0.026560	-0.006740	0.023682
4539	-0.025753	-0.008701	0.023520
4540	-0.025051	0.012594	0.025252
4541	-0.025521	0.010511	0.034970
4542	-0.018454	-0.014778	0.036995
4543	-0.017177	-0.011126	0.037512
4544	-0.021441	-0.004838	0.042704
4545	-0.024032	-0.016804	0.043172
4546	-0.029676	-0.017387	0.043606
4547	-0.036166	-0.016966	0.048232
4548	-0.040981	-0.007625	0.051811
4549	-0.040866	-0.000072	0.059534
4550	-0.038310	-0.012454	0.060912
4551	-0.033358	-0.005359	0.059663
4552	-0.030709	-0.005280	0.060285
4553	-0.027681	0.001355	0.060363
4554	-0.024086	0.007777	0.059998
4555	-0.018733	0.014546	0.054427
4556	-0.015674	-0.017628	0.051466
4557	-0.015926	-0.024563	0.054786
4558	-0.012653	-0.029447	0.048295
4559	-0.014053	-0.014913	0.043397
4560	-0.019616	-0.015000	0.040503
4561	-0.023218	-0.014810	0.037401
4562	-0.030061	-0.010782	0.034871
4563	-0.034370	0.007798	0.027233
4564	-0.042624	0.001131	0.022695
4565	-0.051373	0.004643	0.021719
4566	-0.047654	0.000555	0.021953
4567	-0.038389	-0.000393	0.016862
4568	-0.033470	0.025889	0.015388
4569	-0.025905	0.034504	0.015567
4570	-0.019852	0.007583	0.015452
4571	-0.016514	0.014625	0.013840
4572	-0.011596	0.016679	0.017114
4573	-0.010849	0.007378	0.015758
4574	-0.011906	-0.001011	0.013104
4575	-0.013200	0.016248	0.006183
4576	-0.015552	0.023363	0.008066
4577	-0.016494	0.013674	0.011266
4578	-0.017177	0.013487	0.003110
4579	-0.015445	0.013627	0.001478
4580	-0.004659	0.002836	-0.000987
4581	0.002564	-0.000606	0.002577
4582	0.006416	0.001489	0.002723
4583	0.004125	-0.003723	-0.000765
4584	0.004212	-0.003911	-0.001283
4585	-0.000561	-0.022963	-0.006143
4586	-0.011792	-0.010143	-0.001454
4587	-0.021862	-0.010697	-0.000756
4588	-0.028574	0.006586	-0.000940
4589	-0.034165	-0.001411	0.005378
4590	-0.040166	0.006728	0.007056
4591	-0.039314	0.001987	0.005622
4592	-0.033803	0.022169	0.005955
4593	-0.026684	-0.006712	0.009356
4594	-0.027017	-0.007944	0.007494
4595	-0.026888	0.013657	0.007553
4596	-0.024926	-0.004515	0.007984
4597	-0.022142	-0.000658	0.000776
4598	-0.021649	-0.018563	0.000825
4599	-0.019577	-0.018349	0.000845
4600	-0.014571	-0.018375	-0.001416
4601	-0.021509	-0.031530	-0.003232
4602	-0.028155	-0.025332	0.002111
4603	-0.026539	-0.020123	0.002571
4604	-0.030855	0.002272	0.002700
4605	-0.030347	-0.018217	0.000796
4606	-0.029856	-0.005745	0.000630
4607	-0.028799	0.009486	-0.002341
4608	-0.027858	-0.000903	0.000423
4609	-0.028641	0.024240	-0.005304
4610	-0.029863	-0.000391	-0.003431
4611	-0.023848	0.002968	-0.001978
4612	-0.024615	0.008474	0.001848
4613	-0.025217	-0.003998	0.003149
4614	-0.024993	0.013011	0.003692
4615	-0.023542	0.004115	0.000545
4616	-0.021875	0.024820	0.005317
4617	-0.025245	0.034704	0.006926
4618	-0.029594	0.036765	0.007214
4619	-0.024566	0.017915	0.014033
4620	-0.019513	0.027837	0.015826
4621	-0.015678	0.006077	0.018160
4622	-0.016888	-0.009942	0.020137
4623	-0.020965	-0.015967	0.024684
4624	-0.022100	-0.001380	0.023143
4625	-0.029557	-0.007455	0.025195
4626	-0.031121	0.001016	0.026567
4627	-0.038251	0.001993	0.025652
4628	-0.042339	-0.002023	0.028649
4629	-0.044906	0.010852	0.029576
4630	-0.040010	0.002761	0.025171
4631	-0.039851	-0.009178	0.025672
4632	-0.040799	0.010764	0.029853
4633	-0.030974	0.007559	0.033084
4634	-0.021158	-0.003359	0.032790
4635	-0.017850	-0.003575	0.035372
4636	-0.016941	-0.008337	0.037926
4637	-0.014415	-0.003379	0.040481
4638	-0.009836	-0.008597	0.038921
4639	-0.005770	-0.003250	0.035883
4640	-0.004424	0.013819	0.037253
4641	-0.000925	0.007362	0.030840
4642	-0.003461	0.011229	0.029103
4643	-0.003402	0.006946	0.030790
4644	-0.005366	0.001678	0.026393
4645	-0.001030	-0.004437	0.022715
4646	0.003917	-0.019801	0.021113
4647	0.001226	-0.009535	0.016911
4648	-0.000194	-0.002807	0.015780
4649	-0.003622	-0.002858	0.008579
4650	-0.006625	0.022514	0.007142
4651	-0.006374	0.018999	0.000528
4652	-0.011433	-0.007345	-0.002784
4653	-0.014189	-0.004340	-0.008878
4654	-0.014390	0.002935	-0.018508
4655	-0.008647	0.004417	-0.019363
4656	-0.006727	-0.007237	-0.020831
4657	0.002149	0.020123	-0.024529
4658	0.008816	0.013155	-0.025531
4659	0.009628	0.023308	-0.023291
4660	0.009945	-0.005261	-0.026869
4661	0.005296	-0.002226	-0.027502
4662	0.005208	0.012059	-0.028609
4663	0.006253	0.001326	-0.027640
4664	0.011957	0.015410	-0.026131
4665	0.012550	0.012723	-0.024578
4666	0.015739	0.030606	-0.023798
4667	0.020100	0.022750	-0.024658
4668	0.020584	0.019495	-0.019309
4669	0.021554	-0.008594	-0.016114
4670	0.023161	-0.009589	-0.013966
4671	0.027744	-0.028506	-0.010350
4672	0.025614	0.002384	-0.003961
4673	0.018547	-0.005758	0.005214
4674	0.012157	-0.014108	0.018492
4675	0.008964	-0.010318	0.024561
4676	0.010056	-0.009860	0.030547
4677	0.011828	-0.016450	0.031496
4678	0.009371	0.008900	0.040138
4679	0.008016	0.000781	0.044540
4680	0.006953	0.003858	0.046869
4681	0.008593	0.011961	0.055650
4682	0.008752	0.028994	0.055625
4683	0.005388	0.035960	0.048888
4684	0.002752	0.037343	0.041116
4685	-0.001264	0.054873	0.037580
4686	-0.003685	0.019791	0.032346
4687	-0.009398	-0.004995	0.025024
4688	-0.011694	0.031112	0.026392
4689	-0.008926	0.028955	0.029496
4690	-0.009291	0.023136	0.035363
4691	-0.012686	0.027370	0.034830
4692	-0.011528	0.003802	0.041221
4693	-0.013372	-0.014472	0.044266
4694	-0.010159	-0.000287	0.050278
4695	-0.009378	-0.001915	0.048556
4696	-0.010004	0.032104	0.043201
4697	-0.011418	0.027211	0.039153
4698	-0.013217	0.017224	0.041638
4699	-0.013464	0.002667	0.044411
4700	-0.016084	0.020223	0.043307
4701	-0.013776	0.005551	0.048549
4702	-0.009921	-0.006338	0.049658
4703	-0.005201	-0.025816	0.050380
4704	-0.007725	-0.021064	0.045183
4705	-0.011743	-0.028415	0.033588
4706	-0.015337	-0.026331	0.026987
4707	-0.016589	-0.019020	0.025002
4708	-0.015252	-0.029448	0.023946
4709	-0.011850	-0.010642	0.021435
4710	-0.012915	0.001927	0.019652
4711	-0.018681	-0.012350	0.017482
4712	-0.027685	-0.001852	0.014188
4713	-0.033175	0.007459	0.012952
4714	-0.040258	-0.002813	0.011745
4715	-0.041214	-0.007875	0.008868
4716	-0.028951	0.000792	0.008718
4717	-0.018615	0.004087	0.006782
4718	-0.004651	0.014523	0.008749
4719	0.001753	0.008405	0.002894
4720	0.008185	0.015978	0.002050
4721	0.013919	0.004398	0.000465
4722	0.025838	0.007394	-0.001206
4723	0.035693	0.021610	-0.000724
4724	0.036938	0.021119	-0.005970
4725	0.039800	-0.008283	-0.005837
4726	0.041484	-0.001723	-0.007771
4727	0.044908	0.005488	-0.005971
4728	0.044435	0.015488	-0.008441
4729	0.045739	0.011403	-0.012602
4730	0.042733	0.000531	-0.014583
4731	0.041819	-0.004515	-0.011400
4732	0.045062	0.011895	-0.010936
4733	0.047893	0.040777	-0.005842
4734	0.053495	0.028348	0.001661
4735	0.056440	0.005911	0.004307
4736	0.052722	0.011105	0.004229
4737	0.046680	0.008052	0.010520
4738	0.036755	-0.025909	0.008727
4739	0.032510	-0.008902	0.009590
4740	0.033431	-0.024936	0.008724
4741	0.025588	0.005616	0.007705
4742	0.019310	0.020347	0.006434
4743	0.018119	0.019454	0.008051
4744	0.018092	0.006658	0.009478
4745	0.017745	0.026188	0.015305
4746	0.016240	0.028379	0.019253
4747	0.016141	0.043103	0.017194
4748	0.016324	0.022849	0.011599
4749	0.014727	0.000337	0.012081
4750	0.010382	0.006731	0.004511
4751	-0.001554	0.004037	0.002500
4752	-0.015626	-0.002674	0.000693
4753	-0.025782	-0.005158	-0.002586
4754	-0.029266	-0.025004	-0.004829
4755	-0.033198	0.003898	-0.007388
4756	-0.035158	-0.015163	-0.011643
4757	-0.029177	0.002255	-0.010320
4758	-0.025366	0.004131	-0.011104
4759	-0.024460	0.001036	-0.007842
4760	-0.023609	-0.009395	-0.009920
4761	-0.023351	-0.007598	-0.015386
4762	-0.025274	-0.008195	-0.018888
4763	-0.023579	0.000924	-0.017196
4764	-0.021723	-0.012439	-0.017950
4765	-0.023088	-0.005510	-0.012751
4766	-0.023415	-0.013175	-0.014087
4767	-0.025172	-0.021783	-0.016550
4768	-0.022628	-0.028129	-0.020451
4769	-0.018261	-0.023389	-0.027371
4770	-0.016827	0.000419	-0.021547
4771	-0.015861	-0.023371	-0.025307
4772	-0.014210	-0.013034	-0.027020
4773	-0.015600	-0.004337	-0.027587
4774	-0.016623	-0.017863	-0.028386
4775	-0.017370	-0.024275	-0.023181
4776	-0.017037	-0.011646	-0.019650
4777	-0.016415	0.000298	-0.017798
4778	-0.017770	0.021288	-0.012378
4779	-0.015836	0.010685	-0.009833
4780	-0.014557	0.023745	-0.009813
4781	-0.013640	0.005726	-0.006592
4782	-0.015347	-0.006163	-0.004210
4783	-0.014597	-0.003805	-0.003564
4784	-0.007286	0.001855	-0.001529
4785	0.001853	0.017898	0.002637
4786	0.005940	0.017755	0.005137
4787	0.011058	-0.000713	0.000021
4788	0.011477	0.016480	-0.008015
4789	0.005169	0.006371	-0.012047
4790	-0.002802	0.008400	-0.012939
4791	-0.002110	0.008612	-0.013710
4792	-0.006863	0.011658	-0.007103
4793	-0.004110	0.001118	-0.005787
4794	0.001637	0.006358	-0.000230
4795	0.006276	0.010966	0.001789
4796	0.011532	-0.002413	0.013841
4797	0.007903	-0.003646	0.023746
4798	0.006214	0.019840	0.028196
4799	0.006397	0.005861	0.041850
4800	0.010992	0.009087	0.050388
4801	0.011604	0.004674	0.061148
4802	0.008463	-0.012651	0.064885
4803	0.008454	-0.029342	0.068263
4804	0.007507	-0.006371	0.065462
4805	0.016436	0.005660	0.060405
4806	0.020718	0.011440	0.060793
4807	0.024508	0.020686	0.058375
4808	0.028196	0.027284	0.057739
4809	0.031841	0.020527	0.054600
4810	0.034870	-0.004702	0.053533
4811	0.039548	0.012692	0.056875
4812	0.045253	-0.006334	0.051860
4813	0.046318	0.009910	0.047324
4814	0.046292	0.010326	0.042441
4815	0.044173	0.026203	0.035074
4816	0.039138	0.006846	0.027529
4817	0.039074	-0.007739	0.021236
4818	0.036702	-0.004752	0.016407
4819	0.028165	0.001680	0.012771
4820	0.016008	0.002040	0.011485
4821	0.006709	-0.001372	0.012649
4822	-0.003188	0.006636	0.018477
4823	-0.016934	0.010873	0.014394
4824	-0.029928	-0.003489	0.013088
4825	-0.044853	0.012403	0.014017
4826	-0.055423	0.006565	0.010974
4827	-0.060957	-0.007675	0.012500
4828	-0.057821	-0.027676	0.013690
4829	-0.054736	-0.018749	0.014868
4830	-0.052563	-0.029564	0.016145
4831	-0.048217	-0.015414	0.015959
4832	-0.041912	-0.012400	0.022958
4833	-0.033695	0.005253	0.027847
4834	-0.028992	-0.003292	0.031768
4835	-0.026129	0.013527	0.041821
4836	-0.028583	0.009715	0.049972
4837	-0.030220	-0.003494	0.051071
4838	-0.034223	0.005651	0.053320
4839	-0.034312	0.008228	0.056662
4840	-0.034363	0.022724	0.049408
4841	-0.032499	0.015565	0.049795
4842	-0.029211	-0.000943	0.045617
4843	-0.027584	-0.000435	0.042991
4844	-0.031508	-0.011891	0.042877
4845	-0.032449	-0.002710	0.037564
4846	-0.028023	-0.008273	0.036097
4847	-0.026455	-0.008521	0.038305
4848	-0.028196	0.011207	0.036796
4849	-0.033031	0.006999	0.031601
4850	-0.034969	0.025876	0.023024
4851	-0.036076	0.027867	0.012895
4852	-0.031138	0.002278	0.004442
4853	-0.026066	0.007271	-0.002503
4854	-0.021776	0.008892	-0.005159
4855	-0.017693	0.000732	-0.009137
4856	-0.009429	0.020004	-0.004758
4857	-0.008662	0.008399	-0.004580
4858	-0.008032	0.013994	-0.002372
4859	-0.007171	0.021362	-0.008267
4860	-0.005324	0.017021	-0.013020
4861	-0.003717	0.004268	-0.009327
4862	-0.002836	-0.003087	-0.015917
4863	-0.001318	-0.005234	-0.010124
4864	-0.003809	0.007773	-0.009192
4865	-0.003331	0.005392	-0.006195
4866	-0.003513	0.000253	0.000032
4867	-0.003529	0.016770	0.000999
4868	-0.004858	-0.004937	0.005286
4869	-0.002680	-0.002043	0.007369
4870	-0.002032	0.031419	0.002846
4871	0.003575	0.002546	0.002884
4872	0.012762	-0.023645	0.001499
4873	0.018763	-0.005677	0.004846
4874	0.017765	-0.026415	0.002202
4875	0.013416	-0.006816	0.008679
4876	0.010986	-0.018907	0.018958
4877	0.009945	-0.019300	0.022972
4878	0.012978	-0.006044	0.030615
4879	0.012494	0.001960	0.038593
4880	0.005614	0.012225	0.042993
4881	-0.000190	0.003235	0.048534
4882	-0.004186	-0.002617	0.047691
4883	-0.010474	-0.008658	0.043962
4884	-0.016210	0.001788	0.041116
4885	-0.022718	0.002976	0.036150
4886	-0.023867	0.018642	0.033065
4887	-0.028198	0.013612	0.030508
4888	-0.031057	0.017166	0.029745
4889	-0.030921	0.015696	0.031750
4890	-0.031073	0.022017	0.027510
4891	-0.033318	0.013273	0.028663
4892	-0.031285	0.022256	0.021243
4893	-0.025843	0.021013	0.019077
4894	-0.019818	0.018241	0.011255
4895	-0.018081	0.015780	-0.000065
4896	-0.015845	0.016995	-0.004999
4897	-0.012822	0.023407	-0.007443
4898	-0.008137	0.006582	-0.009814
4899	-0.006621	-0.001898	-0.012513
4900	-0.006637	-0.014197	-0.010462
4901	-0.006000	0.004103	-0.009050
4902	-0.001666	-0.022013	-0.004244
4903	-0.002450	-0.011288	0.000251
4904	0.002951	-0.000317	0.004992
4905	0.007554	0.005380	0.005640
4906	0.009038	0.002244	0.010444
4907	0.007659	0.008030	0.014213
4908	0.009450	0.006707	0.017206
4909	0.011045	0.014013	0.023115
4910	0.011877	0.027502	0.024638
4911	0.017983	0.016033	0.024799
4912	0.019069	0.003074	0.024493
4913	0.016184	-0.010400	0.028039
4914	0.012997	0.005506	0.032707
4915	0.014559	0.011105	0.038632
4916	0.016223	0.035656	0.043835
4917	0.020213	0.035401	0.055916
4918	0.022765	0.040119	0.061017
4919	0.025041	0.025840	0.070705
4920	0.023595	0.006455	0.072607
4921	0.025178	0.009986	0.079371
4922	0.027852	0.010575	0.081409
4923	0.024589	0.022722	0.082416
4924	0.021496	0.025145	0.082568
4925	0.016571	0.017628	0.081699
4926	0.013459	0.035177	0.083958
4927	0.007663	0.010277	0.082630
4928	0.001734	0.023108	0.083505
4929	-0.001508	0.024047	0.082317
4930	-0.003973	0.006618	0.073921
4931	-0.013855	0.015707	0.066405
4932	-0.021512	0.015744	0.057679
4933	-0.032042	-0.008932	0.054079
4934	-0.031830	0.005130	0.048783
4935	-0.036037	0.005128	0.043324
4936	-0.048803	0.007430	0.037873
4937	-0.056995	0.012117	0.040433
4938	-0.068218	0.022515	0.042257
4939	-0.075655	0.027595	0.039258
4940	-0.074033	0.025425	0.036990
4941	-0.070679	0.021434	0.036328
4942	-0.071216	0.022830	0.034890
4943	-0.072258	0.019768	0.029197
4944	-0.069170	0.004942	0.026216
4945	-0.070802	0.014477	0.023344
4946	-0.075090	0.017804	0.020297
4947	-0.071531	0.013900	0.018181
4948	-0.070440	-0.000444	0.013459
4949	-0.067668	-0.004308	0.007172
4950	-0.071909	0.001543	0.003240
4951	-0.069772	0.001112	0.004984
4952	-0.065934	-0.000364	0.007891
4953	-0.067371	-0.003565	0.009492
4954	-0.064108	-0.012325	0.016428
4955	-0.064225	-0.015775	0.022209
4956	-0.060944	-0.014720	0.020126
4957	-0.065087	-0.012448	0.023695
4958	-0.067027	-0.004689	0.028625
4959	-0.064629	-0.009478	0.028969
4960	-0.059364	-0.001973	0.033532
4961	-0.050580	-0.007476	0.045378
4962	-0.041601	-0.007629	0.057878
4963	-0.032227	-0.011555	0.067365
4964	-0.024382	0.000081	0.075105
4965	-0.021286	-0.015242	0.072412
4966	-0.015252	-0.004115	0.078625
4967	-0.015332	-0.002762	0.076991
4968	-0.014747	-0.022223	0.078112
4969	-0.012116	-0.009922	0.079752
4970	-0.006187	-0.013856	0.080371
4971	-0.001035	-0.007394	0.078121
4972	0.004744	0.005250	0.079333
4973	0.001682	0.003008	0.081015
4974	0.003355	0.009937	0.084425
4975	0.005830	0.003521	0.094257
4976	0.017747	-0.007846	0.096780
4977	0.022434	-0.006129	0.102302
4978	0.028902	0.012597	0.104950
4979	0.036738	0.020363	0.108789
4980	0.039423	0.003033	0.098344
4981	0.041355	-0.016352	0.093856
4982	0.047510	0.009257	0.092548
4983	0.054320	-0.025078	0.084837
4984	0.057058	-0.009425	0.073811
4985	0.058635	-0.003185	0.077467
4986	0.065339	0.002816	0.081564
4987	0.072001	0.014664	0.083636
4988	0.077778	0.016924	0.079090
4989	0.077135	0.013359	0.072863
4990	0.073691	0.026358	0.061008
4991	0.074820	0.040196	0.062823
4992	0.071318	0.024111	0.059915
4993	0.068860	-0.005439	0.064194
4994	0.065461	0.009462	0.063794
4995	0.063256	0.013254	0.059754
4996	0.056895	0.003416	0.064489
4997	0.057634	-0.003135	0.066933
4998	0.059358	-0.016992	0.064447
4999	0.058757	-0.015710	0.056989
5000	0.061536	-0.011829	0.051225
5001	0.062193	-0.001411	0.047941
5002	0.065516	0.006752	0.047705
5003	0.069517	0.001251	0.042931
5004	0.075588	0.004922	0.038819
5005	0.080142	0.013465	0.034530
5006	0.083956	0.009416	0.031152
5007	0.082043	0.018246	0.024341
5008	0.091809	0.002334	0.024345
5009	0.094051	0.002398	0.016713
5010	0.092175	0.003901	0.007623
5011	0.084179	0.004539	0.003098
5012	0.078467	-0.005411	-0.008727
5013	0.070113	-0.010162	-0.014216
5014	0.063386	0.005968	-0.021694
5015	0.060471	0.010791	-0.029322
5016	0.059468	-0.005809	-0.026988
5017	0.057080	-0.015006	-0.023250
5018	0.052276	-0.019920	-0.019618
5019	0.054076	-0.016891	-0.007290
5020	0.050993	-0.001738	0.005858
5021	0.045993	0.007521	0.018268
5022	0.042794	0.017234	0.028769
5023	0.037856	0.002849	0.034819
5024	0.037126	0.021527	0.037381
5025	0.035371	0.026166	0.039043
5026	0.035158	0.002736	0.033668
5027	0.034999	-0.011121	0.034279
5028	0.028977	0.009597	0.036965
5029	0.021130	-0.001143	0.038084
5030	0.014621	-0.000078	0.036531
5031	0.014336	-0.022474	0.034067
5032	0.015121	0.011776	0.036633
5033	0.013611	0.015795	0.037960
5034	0.010191	0.017837	0.039184
5035	0.011423	0.009200	0.038215
5036	0.011881	-0.004099	0.044925
5037	0.011785	-0.011693	0.040780
5038	0.010039	-0.031752	0.040055
5039	0.006158	-0.009424	0.042975
5040	0.007607	-0.012027	0.044384
5041	0.007528	-0.013870	0.047504
5042	0.009641	-0.022153	0.050794
5043	0.019742	-0.030477	0.051881
5044	0.029517	-0.017527	0.055510
5045	0.032223	-0.016284	0.062971
5046	0.038728	-0.011233	0.061993
5047	0.036890	0.002885	0.059315
5048	0.038129	0.004935	0.053115
5049	0.042198	0.007926	0.051942
5050	0.044276	-0.007169	0.043633
5051	0.041718	-0.001215	0.039123
5052	0.039720	0.003727	0.031264
5053	0.039880	-0.002421	0.027924
5054	0.042810	0.017432	0.027752
5055	0.045295	0.009145	0.017926
5056	0.046761	0.022890	0.018202
5057	0.048205	0.012028	0.014180
5058	0.052985	-0.001213	0.008503
5059	0.055382	0.014231	0.010284
5060	0.057508	0.008113	0.010347
5061	0.057009	0.004612	0.007382
5062	0.052838	-0.008780	0.002431
5063	0.048404	-0.030091	-0.004460
5064	0.044863	-0.032957	-0.008781
5065	0.043359	-0.009371	-0.008491
5066	0.041986	-0.022313	-0.011972
5067	0.046074	-0.027158	-0.017052
5068	0.050308	-0.017116	-0.019329
5069	0.050720	-0.023127	-0.022612
5070	0.045521	-0.016461	-0.027021
5071	0.041836	-0.038932	-0.028313
5072	0.039927	-0.033886	-0.037898
5073	0.037773	-0.040359	-0.039652
5074	0.031764	-0.045231	-0.042295
5075	0.027815	-0.032201	-0.050956
5076	0.023934	-0.041434	-0.050061
5077	0.017049	-0.042112	-0.050590
5078	0.014568	-0.037002	-0.049245
5079	0.010028	-0.030466	-0.046988
5080	0.011935	-0.027452	-0.040568
5081	0.010422	-0.014748	-0.040428
5082	0.010185	-0.007830	-0.039689
5083	0.010483	-0.014668	-0.038846
5084	0.005629	-0.007826	-0.036704
5085	0.001266	-0.031194	-0.036024
5086	-0.007770	-0.018341	-0.033204
5087	-0.018666	-0.006012	-0.027110
5088	-0.029093	-0.020122	-0.018228
5089	-0.035229	-0.005497	-0.015937
5090	-0.036657	0.016874	-0.010497
5091	-0.038351	-0.021164	-0.009941
5092	-0.035943	0.003713	-0.004296
5093	-0.028590	-0.018145	-0.003576
5094	-0.013537	0.005755	-0.003816
5095	-0.001257	-0.011347	-0.006916
5096	0.002975	-0.003582	-0.010322
5097	0.009260	-0.010421	-0.011869
5098	0.015486	0.004966	-0.010964
5099	0.014865	0.012092	-0.006804
5100	0.011104	0.030562	-0.011016
5101	0.013839	0.022334	-0.008350
5102	0.019838	0.014967	-0.002347
5103	0.014964	0.037378	0.004438
5104	0.010866	0.013567	0.009036
5105	0.016464	-0.000252	0.012134
5106	0.014582	-0.007110	0.012422
5107	0.009025	-0.002489	0.008870
5108	0.014478	-0.008918	0.007802
5109	0.017188	-0.006627	0.004484
5110	0.023510	-0.002025	0.000398
5111	0.033457	0.008987	0.004432
5112	0.042771	0.016001	0.000964
5113	0.046008	-0.003895	-0.000652
5114	0.049530	0.020028	-0.006200
5115	0.045396	0.019878	-0.000095
5116	0.043869	0.025085	0.004209
5117	0.046499	0.016629	0.006918
5118	0.054627	-0.002856	0.009435
5119	0.058575	-0.007910	0.008465
5120	0.065606	0.018284	0.006731
5121	0.064769	0.015446	0.003268
5122	0.067106	0.021175	-0.006550
5123	0.066373	0.007765	-0.007633
5124	0.067501	0.008843	-0.008729
5125	0.063019	0.016537	-0.013918
5126	0.065440	0.025038	-0.010511
5127	0.063444	0.023387	-0.006808
5128	0.062468	0.000480	-0.006876
5129	0.061956	-0.005512	-0.003679
5130	0.066200	0.002321	-0.002687
5131	0.069014	0.004976	0.001352
5132	0.074591	-0.016419	0.007945
5133	0.070977	0.003416	0.012470
5134	0.070618	0.010864	0.019690
5135	0.074317	-0.003533	0.018924
5136	0.073275	-0.014440	0.016991
5137	0.070321	-0.013359	0.018080
5138	0.069103	0.004622	0.016041
5139	0.070905	-0.007600	0.015881
5140	0.073638	-0.003136	0.020675
5141	0.070814	-0.005774	0.019223
5142	0.068844	-0.003008	0.017646
5143	0.065854	-0.019373	0.016205
5144	0.060414	-0.015994	0.021391
5145	0.056375	-0.030401	0.026803
5146	0.045728	-0.015491	0.034859
5147	0.037763	-0.026164	0.036581
5148	0.026397	-0.009439	0.039805
5149	0.023314	-0.005053	0.042441
5150	0.018510	-0.007540	0.045210
5151	0.019996	-0.016449	0.048206
5152	0.018471	-0.045838	0.048952
5153	0.019401	-0.027232	0.048705
5154	0.020706	-0.026936	0.049567
5155	0.020211	0.005227	0.047654
5156	0.012343	-0.002825	0.042134
5157	0.007672	0.000166	0.039492
5158	0.002017	-0.002815	0.036490
5159	0.000338	0.017067	0.033911
5160	-0.001573	0.015359	0.035627
5161	0.000133	0.032813	0.035001
5162	-0.000754	0.023598	0.036385
5163	0.009554	0.012980	0.034592
5164	0.012021	0.011601	0.025222
5165	0.014425	0.007155	0.024087
5166	0.019063	0.027452	0.017435
5167	0.020520	0.014289	0.011252
5168	0.021090	0.019994	0.005229
5169	0.013380	0.008584	0.000921
5170	0.009336	0.003344	-0.000145
5171	0.001564	0.019792	-0.002923
5172	-0.003169	-0.006615	-0.000442
5173	-0.006242	0.000206	0.000410
5174	-0.009516	0.010571	0.004339
5175	-0.015868	0.001720	0.002194
5176	-0.019244	-0.001998	0.003676
5177	-0.024784	-0.009259	0.004744
5178	-0.027755	0.001191	0.004362
5179	-0.029092	-0.001056	0.002635
5180	-0.034712	0.002393	0.004062
5181	-0.040493	0.007528	0.010852
5182	-0.049474	0.007821	0.018966
5183	-0.057317	0.024319	0.021402
5184	-0.068177	-0.011241	0.020976
5185	-0.072541	-0.012552	0.016464
5186	-0.075431	-0.011168	0.013117
5187	-0.076233	0.003577	0.018061
5188	-0.076373	0.005534	0.013760
5189	-0.077929	-0.016029	0.009111
5190	-0.079557	0.032316	0.008426
5191	-0.077682	0.024936	0.009923
5192	-0.080407	0.009186	0.010629
5193	-0.086349	0.035571	0.011790
5194	-0.088945	0.008662	0.011988
5195	-0.087122	0.003420	0.017541
5196	-0.077542	-0.006773	0.021588
5197	-0.071281	-0.028227	0.025587
5198	-0.067595	-0.037774	0.036254
5199	-0.065173	-0.029944	0.041698
5200	-0.066686	-0.019239	0.048301
5201	-0.062257	0.011489	0.056126
5202	-0.057100	0.015447	0.062849
5203	-0.047853	0.010320	0.065116
5204	-0.038742	0.010481	0.069195
5205	-0.034271	0.032421	0.067374
5206	-0.027961	0.020939	0.071997
5207	-0.019064	0.024021	0.077991
5208	-0.014120	0.008951	0.084638
5209	-0.008498	0.020930	0.091490
5210	-0.008664	0.023264	0.094522
5211	-0.009310	0.016851	0.094297
5212	-0.007893	0.026085	0.084503
5213	-0.006319	0.035160	0.077816
5214	-0.003436	0.027900	0.075415
5215	-0.004240	0.003273	0.074971
5216	-0.007193	0.000727	0.068640
5217	-0.002879	-0.001977	0.070133
5218	0.002760	-0.010183	0.070674
5219	0.006435	-0.016270	0.067096
5220	0.015525	-0.011681	0.064260
5221	0.024130	0.022002	0.056321
5222	0.022732	0.008357	0.056259
5223	0.017573	0.016561	0.054763
5224	0.009638	0.008266	0.046743
5225	0.004659	-0.014609	0.040903
5226	0.006363	-0.002727	0.038520
5227	0.010475	0.000376	0.032460
5228	0.017816	0.014481	0.024284
5229	0.018599	-0.026420	0.015637
5230	0.018470	-0.001944	0.008569
5231	0.017054	-0.009157	0.001568
5232	0.017922	-0.006391	-0.001640
5233	0.016246	0.003108	-0.001251
5234	0.012138	-0.008400	-0.000147
5235	0.013096	-0.015432	-0.000841
5236	0.008617	-0.020812	0.007326
5237	0.010221	-0.019491	0.009822
5238	0.017768	-0.002576	0.007158
5239	0.021376	-0.007212	0.003588
5240	0.020844	-0.007442	0.001640
5241	0.017630	-0.019627	0.005265
5242	0.017257	-0.010852	0.005500
5243	0.014052	-0.002676	-0.001034
5244	0.009213	-0.014040	-0.001804
5245	0.006410	-0.017239	-0.001885
5246	0.006499	-0.029813	-0.000590
5247	-0.001826	-0.009705	0.002108
5248	-0.008583	-0.014366	0.002427
5249	-0.015568	-0.000076	0.005653
5250	-0.021713	-0.006543	0.008331
5251	-0.020532	0.015672	0.011211
5252	-0.024190	0.019184	0.004076
5253	-0.018177	0.032347	0.000721
5254	-0.012410	0.025566	-0.009882
5255	-0.014326	0.011815	-0.019606
5256	-0.022063	0.005127	-0.022380
5257	-0.025138	-0.005746	-0.023233
5258	-0.022597	0.022801	-0.024070
5259	-0.017205	0.002891	-0.030731
5260	-0.018865	0.005645	-0.022914
5261	-0.021253	-0.005053	-0.026898
5262	-0.022959	-0.000413	-0.030317
5263	-0.026876	-0.002663	-0.033526
5264	-0.035190	-0.004196	-0.034648
5265	-0.043195	-0.007073	-0.029713
5266	-0.044823	-0.008565	-0.022793
5267	-0.050129	-0.001032	-0.018106
5268	-0.051749	-0.004115	-0.012994
5269	-0.057013	0.011291	-0.008308
5270	-0.066361	-0.006865	-0.003648
5271	-0.074749	-0.004956	0.004369
5272	-0.078872	-0.007106	0.003574
5273	-0.079223	-0.027683	0.002814
5274	-0.074464	-0.006697	-0.004590
5275	-0.073128	-0.003010	-0.011610
5276	-0.071834	0.006086	-0.020481
5277	-0.068363	0.004851	-0.033108
5278	-0.062854	0.003965	-0.034528
5279	-0.052550	0.005212	-0.038082
5280	-0.048184	0.003066	-0.035830
5281	-0.049822	-0.003709	-0.037484
5282	-0.055745	0.008827	-0.040992
5283	-0.062412	-0.000603	-0.040436
5284	-0.055639	-0.005906	-0.031063
5285	-0.049810	0.001456	-0.022428
5286	-0.045601	0.015334	-0.013187
5287	-0.042375	-0.021181	-0.014167
5288	-0.048844	-0.007022	-0.012040
5289	-0.052912	-0.014580	-0.006110
5290	-0.048744	-0.027364	0.003096
5291	-0.045252	-0.009356	0.005681
5292	-0.036401	0.005162	0.011709
5293	-0.032570	-0.010742	0.019764
5294	-0.031209	-0.021209	0.021744
5295	-0.029137	-0.032863	0.018744
5296	-0.022465	-0.014072	0.019506
5297	-0.022172	-0.026035	0.014388
5298	-0.021019	-0.026319	0.011071
5299	-0.026593	-0.012016	0.011841
5300	-0.032942	-0.018330	0.015065
5301	-0.037823	-0.028770	0.021131
5302	-0.041210	-0.013964	0.021729
5303	-0.039604	0.003270	0.022416
5304	-0.045262	0.002434	0.029397
5305	-0.052433	0.014729	0.031880
5306	-0.054076	-0.002957	0.033445
5307	-0.061948	-0.008019	0.032642
5308	-0.069881	-0.009958	0.032081
5309	-0.071987	-0.026874	0.028021
5310	-0.080001	-0.021830	0.026215
5311	-0.084944	-0.014835	0.020312
5312	-0.084892	-0.002456	0.014361
5313	-0.085954	0.005744	0.010720
5314	-0.082856	-0.008575	0.008356
5315	-0.085102	0.004224	-0.000531
5316	-0.078102	-0.006075	-0.006072
5317	-0.068937	-0.021411	-0.011226
5318	-0.078231	-0.012868	-0.013753
5319	-0.085701	-0.013028	-0.019880
5320	-0.084896	0.014737	-0.029534
5321	-0.082106	-0.005476	-0.028310
5322	-0.081851	-0.017812	-0.023261
5323	-0.078723	-0.012242	-0.022082
5324	-0.071539	-0.015085	-0.015734
5325	-0.069475	-0.006434	-0.015622
5326	-0.066748	-0.011734	-0.012842
5327	-0.058930	-0.015365	-0.005154
5328	-0.052741	-0.016412	0.008202
5329	-0.050792	-0.018085	0.011474
5330	-0.044428	-0.034357	0.012124
5331	-0.038692	-0.031268	0.015669
5332	-0.030524	-0.031491	0.017263
5333	-0.024801	-0.032277	0.017219
5334	-0.018356	-0.014352	0.015806
5335	-0.018111	-0.009118	0.010053
5336	-0.014380	-0.025247	0.004717
5337	-0.013252	-0.022490	-0.003189
5338	-0.013359	-0.027128	-0.009854
5339	-0.017016	-0.010810	-0.013152
5340	-0.015931	-0.009757	-0.018097
5341	-0.006831	-0.008159	-0.022853
5342	-0.004584	0.003527	-0.028080
5343	0.001909	0.009397	-0.030415
5344	0.009910	-0.003407	-0.035254
5345	0.019418	-0.028954	-0.038651
5346	0.024588	-0.028613	-0.042551
5347	0.021784	0.013332	-0.045415
5348	0.024790	0.011196	-0.047916
5349	0.027511	-0.017951	-0.050357
5350	0.031384	-0.009964	-0.052723
5351	0.034662	-0.011882	-0.056193
5352	0.028631	0.012746	-0.056430
5353	0.030208	0.015328	-0.059295
5354	0.025259	0.000054	-0.056961
5355	0.021265	0.005049	-0.049913
5356	0.014738	0.018861	-0.042535
5357	0.012864	0.024530	-0.041401
5358	0.015677	0.011017	-0.038992
5359	0.011486	-0.000486	-0.033557
5360	0.006519	-0.026250	-0.029053
5361	0.006800	-0.043446	-0.027255
5362	0.009832	-0.050108	-0.022800
5363	0.010572	-0.032621	-0.019776
5364	0.015836	-0.026955	-0.019192
5365	0.017137	-0.034966	-0.019984
5366	0.022065	-0.036807	-0.018258
5367	0.024267	-0.002741	-0.015112
5368	0.030098	0.001587	-0.011419
5369	0.037319	-0.012944	-0.011486
5370	0.041101	-0.018936	-0.015589
5371	0.046146	-0.022201	-0.013928
5372	0.052364	-0.010986	-0.011850
5373	0.046930	-0.015896	-0.012912
5374	0.043067	-0.023863	-0.011275
5375	0.040637	-0.012289	-0.010709
5376	0.037030	0.005413	-0.011320
5377	0.033898	-0.012677	-0.003255
5378	0.031540	-0.002946	0.000657
5379	0.031224	0.016932	0.007585
5380	0.031194	-0.000427	0.007459
5381	0.029891	-0.012698	0.014113
5382	0.031618	-0.009760	0.015964
5383	0.032299	-0.004491	0.016010
5384	0.030226	0.020736	0.022062
5385	0.031007	0.018904	0.026001
5386	0.028205	0.001279	0.021414
5387	0.029343	-0.020237	0.019752
5388	0.026578	-0.024831	0.022642
5389	0.025000	-0.010052	0.023013
5390	0.024838	-0.001864	0.029183
5391	0.027280	-0.006607	0.038906
5392	0.031924	-0.005552	0.039976
5393	0.035996	0.026286	0.047851
5394	0.032440	0.034470	0.050849
5395	0.034082	0.006593	0.044169
5396	0.040826	-0.001790	0.042142
5397	0.039815	-0.006932	0.033458
5398	0.044959	0.001393	0.035515
5399	0.049534	0.009714	0.035134
5400	0.043930	0.012859	0.032454
5401	0.043175	0.008358	0.033156
5402	0.047603	0.002078	0.033555
5403	0.046969	-0.000302	0.035658
5404	0.046859	-0.002125	0.035423
5405	0.043384	-0.002348	0.036128
5406	0.037332	0.021752	0.033063
5407	0.033453	0.021700	0.028257
5408	0.035100	0.008847	0.022948
5409	0.036644	0.027074	0.017145
5410	0.035441	0.000565	0.017699
5411	0.038858	0.003001	0.015215
5412	0.047408	0.010726	0.014602
5413	0.055841	0.022298	0.015994
5414	0.059589	0.032579	0.017140
5415	0.062225	0.012751	0.015310
5416	0.061917	0.014657	0.019859
5417	0.059761	0.018566	0.022767
5418	0.064156	0.003874	0.022614
5419	0.063882	0.021655	0.023871
5420	0.060555	0.026841	0.023632
5421	0.061967	0.033467	0.018143
5422	0.067299	0.025527	0.012819
5423	0.065580	0.000617	0.007357
5424	0.063174	0.011758	0.007364
5425	0.059503	0.008862	0.001087
5426	0.058525	0.006019	0.001446
5427	0.056817	0.010582	-0.003573
5428	0.056751	0.012334	-0.009817
5429	0.059199	0.006244	-0.016178
5430	0.059766	0.013984	-0.017462
5431	0.061746	0.005069	-0.015531
5432	0.061208	0.000685	-0.017341
5433	0.074514	0.003254	-0.019510
5434	0.076631	-0.001573	-0.024510
5435	0.080543	-0.019748	-0.021771
5436	0.081010	-0.015412	-0.016909
5437	0.079809	-0.010000	-0.014648
5438	0.081198	-0.014154	-0.022167
5439	0.081582	-0.020062	-0.027227
5440	0.080447	-0.020046	-0.026534
5441	0.079224	0.012222	-0.025823
5442	0.081160	0.018771	-0.027360
5443	0.078631	0.025174	-0.024990
5444	0.068382	0.032786	-0.020217
5445	0.065151	0.015114	-0.017678
5446	0.057073	-0.007864	-0.014643
5447	0.050468	0.027135	-0.011916
5448	0.038872	0.002957	-0.008995
5449	0.023602	0.015471	-0.007807
5450	0.015278	0.006775	-0.004819
5451	0.008628	0.008951	-0.001708
5452	0.001252	-0.006936	0.003879
5453	-0.007706	-0.022915	0.012167
5454	-0.007287	-0.011167	0.016370
5455	-0.014165	0.005920	0.019530
5456	-0.019082	-0.010290	0.019759
5457	-0.023186	0.017694	0.024943
5458	-0.030268	0.007826	0.023483
5459	-0.045773	0.012105	0.026881
5460	-0.055260	0.015906	0.020012
5461	-0.062551	0.025855	0.020817
5462	-0.076972	0.035058	0.021947
5463	-0.086542	0.001546	0.021549
5464	-0.088079	-0.022336	0.029131
5465	-0.088263	-0.002794	0.028179
5466	-0.083345	-0.027042	0.034573
5467	-0.080040	-0.035512	0.031320
5468	-0.078081	-0.009515	0.028442
5469	-0.069244	-0.021594	0.036597
5470	-0.061264	0.002334	0.041233
5471	-0.052256	-0.003829	0.047480
5472	-0.051842	0.009229	0.049269
5473	-0.052401	0.015041	0.052747
5474	-0.050779	-0.017148	0.048299
5475	-0.052093	0.021865	0.048070
5476	-0.052223	0.040852	0.048959
5477	-0.046397	0.009712	0.046175
5478	-0.040236	-0.000153	0.043819
5479	-0.029390	0.014882	0.040590
5480	-0.026954	0.010056	0.041767
5481	-0.025172	0.006686	0.038739
5482	-0.027105	0.006786	0.035138
5483	-0.028122	0.011594	0.030934
5484	-0.020810	0.034147	0.034321
5485	-0.018294	0.052673	0.032427
5486	-0.021016	0.034538	0.033268
5487	-0.016201	0.009215	0.027353
5488	-0.017544	-0.014223	0.027579
5489	-0.018007	-0.001747	0.023773
5490	-0.017212	-0.007975	0.023145
5491	-0.017285	0.001231	0.028020
5492	-0.023309	0.014655	0.027610
5493	-0.025387	-0.004248	0.029752
5494	-0.034516	-0.000483	0.028903
5495	-0.038575	0.005631	0.029941
5496	-0.039670	0.017575	0.031443
5497	-0.044406	0.027343	0.038608
5498	-0.049081	0.044888	0.042287
5499	-0.058234	0.026523	0.046288
5500	-0.065596	0.023607	0.055808
5501	-0.069079	0.003158	0.058572
5502	-0.077019	-0.007112	0.059197
5503	-0.084423	0.007854	0.067415
5504	-0.087231	-0.002724	0.071869
5505	-0.090431	-0.005538	0.073933
5506	-0.087897	-0.008168	0.075962
5507	-0.090549	0.007655	0.071713
5508	-0.096109	0.031470	0.072534
5509	-0.104546	0.014908	0.081748
5510	-0.108655	0.034755	0.080065
5511	-0.106822	0.021388	0.073083
5512	-0.096269	0.025522	0.069623
5513	-0.092007	0.036903	0.068642
5514	-0.097002	0.027841	0.066972
5515	-0.100438	0.001229	0.068044
5516	-0.104442	0.015961	0.076612
5517	-0.110055	0.007464	0.073920
5518	-0.114966	0.000232	0.080824
5519	-0.116238	0.006769	0.085193
5520	-0.121437	-0.005752	0.080773
5521	-0.119944	0.000049	0.083264
5522	-0.121936	-0.001272	0.077369
5523	-0.114432	-0.004275	0.071232
5524	-0.101316	0.006058	0.058947
5525	-0.094173	0.008393	0.049643
5526	-0.092326	0.011914	0.045531
5527	-0.084553	-0.006975	0.042877
5528	-0.086452	-0.014094	0.041826
5529	-0.085373	-0.024513	0.045057
5530	-0.084090	-0.021591	0.044035
5531	-0.082011	-0.024685	0.045201
5532	-0.080932	-0.020043	0.041960
5533	-0.080318	-0.014572	0.040757
5534	-0.080963	-0.039729	0.039690
5535	-0.074604	-0.043798	0.042809
5536	-0.068227	-0.023474	0.039019
5537	-0.061373	-0.007473	0.040671
5538	-0.057934	-0.008165	0.047222
5539	-0.057214	0.010811	0.044611
5540	-0.056848	0.001825	0.043491
5541	-0.052053	-0.005406	0.040540
5542	-0.042281	0.010036	0.039486
5543	-0.036788	0.006984	0.040249
5544	-0.030852	0.002435	0.037981
5545	-0.029656	0.010399	0.032378
5546	-0.034735	-0.005284	0.029592
5547	-0.036833	0.009770	0.030561
5548	-0.044230	0.000777	0.030460
5549	-0.053713	0.008018	0.022532
5550	-0.063124	0.019140	0.019605
5551	-0.069346	0.023122	0.017320
5552	-0.066077	0.009099	0.010869
5553	-0.062383	0.020132	0.002915
5554	-0.057085	0.005566	-0.001161
5555	-0.051236	0.000604	-0.012504
5556	-0.047139	0.014366	-0.015711
5557	-0.038543	0.028096	-0.019885
5558	-0.030461	0.012737	-0.019388
5559	-0.020433	-0.005624	-0.024621
5560	-0.015666	0.007221	-0.029935
5561	-0.014624	0.009071	-0.035822
5562	-0.001140	0.017878	-0.038589
5563	0.009205	0.043461	-0.035782
5564	0.017561	0.020196	-0.042002
5565	0.019874	0.016726	-0.039625
5566	0.019471	0.014403	-0.040439
5567	0.023134	0.004358	-0.035194
5568	0.030180	-0.001779	-0.046230
5569	0.040410	-0.028397	-0.043822
5570	0.046257	-0.002007	-0.050439
5571	0.052562	0.021903	-0.050388
5572	0.063469	0.012882	-0.046493
5573	0.072498	-0.001212	-0.043516
5574	0.078922	0.003961	-0.040442
5575	0.088368	0.006407	-0.040411
5576	0.091410	0.039833	-0.032357
5577	0.097411	0.025979	-0.029679
5578	0.101501	0.030765	-0.024032
5579	0.107441	0.025843	-0.014697
5580	0.106149	0.010943	-0.006074
5581	0.106260	0.002848	-0.000387
5582	0.108507	0.013237	0.005791
5583	0.112314	-0.023636	0.009665
5584	0.114475	-0.010690	0.019798
5585	0.115444	0.014090	0.018240
5586	0.116700	-0.006527	0.023351
5587	0.116856	0.013389	0.030927
5588	0.116657	-0.017311	0.033738
5589	0.110915	-0.010919	0.030521
5590	0.107584	-0.003735	0.041463
5591	0.097240	-0.013388	0.040780
5592	0.087455	-0.005522	0.043037
5593	0.074812	0.004984	0.044028
5594	0.063686	0.003761	0.039288
5595	0.061357	0.003149	0.042478
5596	0.051507	0.011524	0.045237
5597	0.047421	-0.006896	0.046714
5598	0.048039	0.001109	0.046001
5599	0.045649	0.024932	0.045382
5600	0.047460	0.011419	0.039974
5601	0.043894	0.008584	0.038246
5602	0.045956	0.001743	0.031022
5603	0.048583	-0.003321	0.027574
5604	0.051599	-0.020657	0.023216
5605	0.057192	-0.034670	0.017163
5606	0.055715	-0.018700	0.018512
5607	0.050035	-0.018880	0.020416
5608	0.038413	0.004074	0.016204
5609	0.033766	-0.001424	0.015817
5610	0.022988	0.005199	0.010924
5611	0.017247	0.026663	0.008623
5612	0.013156	-0.003116	0.008127
5613	0.015407	0.005571	0.009814
5614	0.018111	-0.009109	0.005098
5615	0.023663	-0.021524	0.006540
5616	0.021863	-0.035032	0.005126
5617	0.018970	-0.032340	-0.000728
5618	0.016694	-0.042276	-0.001480
5619	0.012234	-0.033626	-0.005337
5620	0.013865	-0.019677	-0.001941
5621	0.018057	-0.001854	0.001203
5622	0.028473	0.003244	-0.002279
5623	0.030039	-0.001154	0.004253
5624	0.034739	-0.001880	0.008084
5625	0.037000	0.018871	0.010429
5626	0.030940	0.018185	0.012490
5627	0.033372	0.013576	0.012552
5628	0.035263	0.017265	0.006822
5629	0.036988	-0.003232	0.001684
5630	0.044664	-0.012545	-0.002614
5631	0.046004	-0.016023	-0.001907
5632	0.046528	-0.038309	-0.001371
5633	0.043803	-0.045961	-0.003310
5634	0.040563	-0.045991	-0.005507
5635	0.034550	-0.031733	-0.004452
5636	0.023586	-0.036056	-0.005738
5637	0.012501	-0.017664	-0.008671
5638	0.008571	-0.007354	-0.012632
5639	0.004898	0.013712	-0.006208
5640	-0.000036	-0.004794	-0.003106
5641	0.000106	0.017105	0.004303
5642	0.001611	-0.002016	0.010457
5643	0.006606	0.003105	0.006346
5644	0.007294	0.000095	0.010000
5645	0.012158	0.003579	0.009674
5646	0.018134	-0.007034	0.012240
5647	0.018461	-0.013383	0.009987
5648	0.017081	-0.012905	0.016112
5649	0.021184	-0.014361	0.019641
5650	0.022802	0.027754	0.016146
5651	0.019829	0.035994	0.013050
5652	0.022644	-0.005305	0.017674
5653	0.022689	-0.013213	0.023117
5654	0.028499	0.009371	0.026575
5655	0.032983	-0.013429	0.026360
5656	0.032563	-0.011631	0.030436
5657	0.026251	-0.020998	0.030167
5658	0.024069	-0.010911	0.033387
5659	0.018044	-0.012864	0.036561
5660	0.014629	-0.021021	0.040671
5661	0.009918	-0.017393	0.039347
5662	0.005362	-0.012166	0.035453
5663	-0.001213	-0.029437	0.030095
5664	-0.005152	-0.031710	0.025659
5665	-0.000929	-0.037314	0.024342
5666	0.006465	-0.007576	0.017400
5667	0.015281	-0.005429	0.013325
5668	0.024643	-0.011823	0.004288
5669	0.032114	-0.026422	-0.005123
5670	0.040624	-0.011744	-0.011024
5671	0.046808	-0.009656	-0.022631
5672	0.051785	-0.006997	-0.030733
5673	0.052417	-0.013103	-0.033418
5674	0.056481	-0.001701	-0.034382
5675	0.055563	-0.006025	-0.035065
5676	0.053944	0.019776	-0.037225
5677	0.054193	0.035551	-0.033518
5678	0.053429	0.019142	-0.039152
5679	0.055296	0.010666	-0.047156
5680	0.051305	0.002838	-0.049261
5681	0.048974	0.010528	-0.054194
5682	0.050539	0.006005	-0.056588
5683	0.056946	0.032343	-0.056352
5684	0.057738	0.035771	-0.059397
5685	0.059942	0.025944	-0.056640
5686	0.059636	0.038845	-0.047925
5687	0.057809	0.019161	-0.046261
5688	0.053275	0.026276	-0.044083
5689	0.052120	0.021839	-0.036770
5690	0.054467	0.026872	-0.032715
5691	0.050911	0.019189	-0.029765
5692	0.048797	0.012005	-0.027748
5693	0.045307	0.021641	-0.028847
5694	0.046796	-0.005163	-0.022879
5695	0.048382	-0.018185	-0.019740
5696	0.054679	-0.010016	-0.020271
5697	0.054232	-0.026014	-0.017937
5698	0.052143	-0.023929	-0.016193
5699	0.046636	-0.016782	-0.018372
5700	0.044464	-0.034871	-0.020614
5701	0.043601	-0.036780	-0.016612
5702	0.043948	-0.019804	-0.010349
5703	0.040028	-0.019580	-0.004680
5704	0.038737	-0.015827	-0.000939
5705	0.039411	0.005701	0.009434
5706	0.043150	0.011782	0.016484
5707	0.038362	0.003482	0.020843
5708	0.026100	-0.015033	0.022805
5709	0.016690	-0.009437	0.021915
5710	0.006025	-0.002401	0.027077
5711	0.000827	0.002142	0.025801
5712	-0.006459	-0.000667	0.021925
5713	-0.005557	0.010501	0.015650
5714	-0.008639	-0.013437	0.010666
5715	-0.003353	0.003043	0.006160
5716	-0.000560	0.009858	0.003329
5717	0.006066	0.002680	-0.000681
5718	0.011835	0.010199	-0.001986
5719	0.023014	0.011943	-0.007725
5720	0.028778	-0.014700	-0.014950
5721	0.030320	0.005917	-0.019778
5722	0.032694	0.018369	-0.011172
5723	0.037134	0.021973	-0.015343
5724	0.039731	0.011334	-0.014291
5725	0.035884	0.002031	-0.013169
5726	0.033734	0.014413	-0.005900
5727	0.031450	0.003770	-0.006182
5728	0.026776	-0.018340	-0.002877
5729	0.022973	-0.009275	-0.002550
5730	0.024319	-0.000542	0.003489
5731	0.019481	-0.010308	0.006505
5732	0.018060	-0.009989	0.006377
5733	0.010943	-0.015415	0.011419
5734	0.005389	-0.005260	0.015587
5735	0.004196	-0.000445	0.013057
5736	0.002425	-0.006690	0.013592
5737	-0.004644	-0.013028	0.016005
5738	-0.003617	-0.000514	0.020986
5739	-0.011803	-0.011851	0.024990
5740	-0.014252	-0.016749	0.027043
5741	-0.016038	-0.020569	0.020731
5742	-0.017894	-0.039014	0.018039
5743	-0.016478	-0.027974	0.013076
5744	-0.012701	-0.015328	0.015813
5745	-0.015345	-0.036949	0.011799
5746	-0.016509	-0.035712	0.004536
5747	-0.021696	-0.022736	-0.001016
5748	-0.030450	-0.006222	-0.003188
5749	-0.032693	0.015710	-0.006111
5750	-0.028235	0.005177	-0.008620
5751	-0.028712	0.030707	-0.010304
5752	-0.032057	-0.000261	-0.014363
5753	-0.037043	-0.000471	-0.017342
5754	-0.041026	-0.004092	-0.024298
5755	-0.044512	-0.005048	-0.027077
5756	-0.047990	-0.008228	-0.030211
5757	-0.056496	0.002094	-0.035703
5758	-0.063542	-0.014407	-0.040324
5759	-0.071132	0.000688	-0.047306
5760	-0.066292	0.002419	-0.052979
5761	-0.069646	-0.004914	-0.055585
5762	-0.066722	-0.009300	-0.060920
5763	-0.062790	-0.023307	-0.067470
5764	-0.059847	-0.011671	-0.068676
5765	-0.056150	-0.002214	-0.070049
5766	-0.054171	0.012607	-0.073446
5767	-0.054159	-0.001785	-0.072820
5768	-0.053131	0.007521	-0.074123
5769	-0.053793	-0.002252	-0.070143
5770	-0.054673	-0.018880	-0.073219
5771	-0.046276	-0.001158	-0.072373
5772	-0.043504	-0.004035	-0.072908
5773	-0.040363	-0.014671	-0.067321
5774	-0.039777	0.003028	-0.072099
5775	-0.034023	-0.004222	-0.077140
5776	-0.028448	-0.018458	-0.085703
5777	-0.017967	-0.010399	-0.088450
5778	-0.010349	-0.003205	-0.094447
5779	-0.009802	0.008264	-0.092756
5780	-0.008122	-0.004517	-0.096539
5781	-0.010864	-0.020160	-0.096133
5782	-0.011276	0.001081	-0.091604
5783	-0.012474	0.004975	-0.094770
5784	-0.016668	-0.007104	-0.092889
5785	-0.016575	-0.012000	-0.086873
5786	-0.016247	-0.002033	-0.086251
5787	-0.018364	-0.009974	-0.085165
5788	-0.012990	0.004025	-0.081479
5789	-0.012890	-0.010424	-0.081712
5790	-0.010652	-0.014591	-0.079632
5791	-0.005781	-0.018526	-0.075001
5792	-0.012278	-0.014173	-0.074565
5793	-0.013545	0.004433	-0.070026
5794	-0.012325	0.018669	-0.066800
5795	-0.012669	0.026828	-0.067449
5796	-0.013803	0.016981	-0.062472
5797	-0.012521	0.020970	-0.061441
5798	-0.010455	-0.001185	-0.056617
5799	-0.008817	-0.001411	-0.053556
5800	-0.014074	0.020803	-0.050740
5801	-0.011751	0.018942	-0.044045
5802	-0.011530	0.026697	-0.037597
5803	-0.006222	0.030963	-0.024305
5804	0.003818	0.029435	-0.023145
5805	0.012220	0.021951	-0.015012
5806	0.019999	0.014680	-0.009793
5807	0.032174	0.019476	-0.001206
5808	0.044989	0.043470	0.003559
5809	0.060707	0.014064	0.001105
5810	0.069590	0.011341	0.001664
5811	0.073488	0.018624	0.009114
5812	0.081398	0.005751	0.007562
5813	0.082886	-0.001542	0.005992
5814	0.086596	0.025683	0.006012
5815	0.089609	0.020672	0.010422
5816	0.093107	0.005219	0.010943
5817	0.097322	0.015217	0.014796
5818	0.095087	0.007984	0.014303
5819	0.090295	0.036323	0.012408
5820	0.088905	-0.004630	0.010768
5821	0.093889	-0.017571	0.007656
5822	0.095358	-0.009898	0.003708
5823	0.098769	0.001921	-0.003097
5824	0.094544	-0.011685	-0.008843
5825	0.090118	0.001918	-0.013180
5826	0.085346	0.011248	-0.014768
5827	0.077846	0.014162	-0.016479
5828	0.077524	0.025837	-0.022447
5829	0.075546	0.009393	-0.024423
5830	0.071223	0.017637	-0.032134
5831	0.067611	0.006453	-0.035609
5832	0.060008	-0.003264	-0.039761
5833	0.054006	0.014826	-0.054637
5834	0.051617	0.009967	-0.067016
5835	0.054509	0.001109	-0.075087
5836	0.047659	-0.014359	-0.080724
5837	0.044780	-0.026473	-0.093924
5838	0.044166	-0.011266	-0.096791
5839	0.037806	0.009272	-0.104720
5840	0.027415	0.027085	-0.110974
5841	0.014145	0.006873	-0.108659
5842	0.007287	0.002352	-0.117682
5843	-0.000250	0.012237	-0.117762
5844	-0.000066	-0.001069	-0.124331
5845	-0.007568	0.003237	-0.127533
5846	-0.005719	0.000744	-0.127547
5847	-0.002676	0.007094	-0.118131
5848	-0.002245	0.010517	-0.119449
5849	0.000546	0.003088	-0.112111
5850	0.008676	-0.006796	-0.107651
5851	0.007342	0.004653	-0.101705
5852	0.005459	0.009923	-0.092294
5853	0.002366	0.001627	-0.086293
5854	-0.005631	-0.006078	-0.081968
5855	-0.008980	-0.000150	-0.079918
5856	-0.017946	-0.000778	-0.076860
5857	-0.029477	-0.006758	-0.076131
5858	-0.033153	0.014310	-0.075690
5859	-0.037081	0.004975	-0.072297
5860	-0.034312	-0.024325	-0.069529
5861	-0.034153	-0.009159	-0.067889
5862	-0.026896	0.007794	-0.069292
5863	-0.021975	-0.007509	-0.064822
5864	-0.011892	-0.024977	-0.065918
5865	-0.008027	-0.023857	-0.068828
5866	-0.012047	-0.024139	-0.072992
5867	-0.013883	-0.007380	-0.080602
5868	-0.014017	-0.009782	-0.071987
5869	-0.015523	-0.000091	-0.062209
5870	-0.018790	-0.009749	-0.061425
5871	-0.028462	-0.030267	-0.053636
5872	-0.034095	-0.037960	-0.046540
5873	-0.034094	-0.038087	-0.043071
5874	-0.039982	-0.042790	-0.037315
5875	-0.050584	-0.022280	-0.029673
5876	-0.063529	-0.010461	-0.029718
5877	-0.071374	0.025282	-0.025083
5878	-0.078471	0.011075	-0.024586
5879	-0.080136	0.006880	-0.023921
5880	-0.084586	0.004276	-0.022829
5881	-0.087421	0.016459	-0.014004
5882	-0.098231	0.018585	-0.013257
5883	-0.100381	0.035936	0.003167
5884	-0.104032	0.014398	0.009721
5885	-0.103689	0.008009	0.017273
5886	-0.109356	0.006163	0.020773
5887	-0.112571	-0.013606	0.027339
5888	-0.102941	-0.001601	0.029373
5889	-0.099746	0.022498	0.033486
5890	-0.096748	0.013977	0.034157
5891	-0.096217	0.001936	0.029178
5892	-0.096605	-0.009130	0.032735
5893	-0.091253	0.000112	0.031051
5894	-0.086843	-0.030155	0.030745
5895	-0.086712	-0.032969	0.036977
5896	-0.087427	-0.020964	0.036459
5897	-0.086027	-0.009516	0.028406
5898	-0.078834	-0.011887	0.017137
5899	-0.071233	-0.015598	0.014705
5900	-0.063525	-0.012146	0.014028
5901	-0.054141	-0.024080	0.013535
5902	-0.050928	-0.020454	0.013454
5903	-0.041992	-0.013568	0.017043
5904	-0.032024	-0.037733	0.023782
5905	-0.020162	-0.009384	0.027758
5906	-0.015782	0.000802	0.023170
5907	-0.012776	0.020925	0.024199
5908	-0.016942	0.006345	0.026539
5909	-0.015014	0.002292	0.027319
5910	-0.021179	-0.003939	0.032931
5911	-0.022419	-0.028112	0.031144
5912	-0.012741	-0.026396	0.030039
5913	-0.013377	0.010678	0.024638
5914	-0.013673	0.020875	0.022153
5915	-0.016351	0.020456	0.014976
5916	-0.017594	0.006890	0.015794
5917	-0.015165	-0.008853	0.016006
5918	-0.018180	0.015957	0.013621
5919	-0.027922	0.002864	0.012948
5920	-0.031688	0.026462	0.010645
5921	-0.035242	0.010805	0.011143
5922	-0.033437	0.018209	0.008092
5923	-0.031299	0.015624	0.011575
5924	-0.032521	0.019580	0.006426
5925	-0.026291	0.034887	0.009271
5926	-0.018800	0.021995	0.006303
5927	-0.020827	0.013541	0.006141
5928	-0.018033	0.020386	0.005801
5929	-0.018273	0.021019	0.004613
5930	-0.018651	-0.016886	-0.001605
5931	-0.018630	-0.003845	-0.008934
5932	-0.009699	-0.022835	-0.010069
5933	-0.010564	-0.022275	-0.013272
5934	-0.010216	-0.026832	-0.014504
5935	-0.007147	0.007927	-0.018585
5936	-0.009177	-0.004602	-0.012972
5937	-0.011089	-0.017164	-0.008848
5938	-0.012019	-0.013581	-0.010461
5939	-0.011851	0.006103	-0.002831
5940	-0.013897	-0.006172	-0.000820
5941	-0.013841	-0.007335	-0.008218
5942	-0.011547	-0.035534	-0.011149
5943	-0.008437	-0.036674	-0.011477
5944	-0.004058	-0.012333	-0.016493
5945	-0.001323	0.021995	-0.020143
5946	-0.001494	0.007749	-0.024558
5947	-0.005817	0.012145	-0.032210
5948	-0.003912	0.037880	-0.037661
5949	-0.006915	0.029538	-0.048504
5950	-0.006232	0.008354	-0.051367
5951	-0.010476	0.009012	-0.059214
5952	-0.013172	0.004070	-0.061720
5953	-0.014745	-0.003194	-0.065001
5954	-0.017939	-0.009137	-0.071899
5955	-0.022892	0.001102	-0.075936
5956	-0.033349	0.011454	-0.077782
5957	-0.046754	0.018155	-0.079114
5958	-0.056935	0.005016	-0.082066
5959	-0.066783	-0.009748	-0.085448
5960	-0.076829	-0.017264	-0.087650
5961	-0.084665	-0.001083	-0.085044
5962	-0.082723	-0.003631	-0.081857
5963	-0.077766	0.016272	-0.075182
5964	-0.069350	0.019526	-0.067195
5965	-0.063405	-0.001306	-0.065377
5966	-0.065462	0.003073	-0.060715
5967	-0.065072	0.009556	-0.058750
5968	-0.060682	0.009163	-0.060692
5969	-0.052904	0.003264	-0.064439
5970	-0.047151	-0.013234	-0.061555
5971	-0.043866	-0.016607	-0.052096
5972	-0.040445	-0.023557	-0.040602
5973	-0.037140	-0.002202	-0.032956
5974	-0.031691	0.014576	-0.024170
5975	-0.028222	-0.000120	-0.021765
5976	-0.028565	-0.019248	-0.021181
5977	-0.028056	0.000507	-0.022355
5978	-0.024984	-0.017198	-0.023509
5979	-0.027467	-0.025876	-0.019281
5980	-0.023340	-0.029850	-0.018684
5981	-0.023456	-0.012561	-0.014517
5982	-0.015712	-0.012732	-0.007930
5983	-0.008009	-0.019584	0.000141
5984	-0.005227	-0.001431	0.002283
5985	-0.004850	0.000606	0.008770
5986	-0.006480	-0.014067	0.008060
5987	-0.008586	-0.001025	0.012040
5988	-0.007895	-0.004827	0.012130
5989	-0.001127	-0.026874	0.011390
5990	0.003769	-0.022059	0.009325
5991	0.011062	0.018490	0.012391
5992	0.017289	0.005781	0.013289
5993	0.023477	0.016853	0.014103
5994	0.022008	0.029780	0.012447
5995	0.022218	0.017911	0.001066
5996	0.023655	0.021798	0.000032
5997	0.028726	0.018700	-0.000594
5998	0.026513	0.007140	-0.000332
5999	0.028314	-0.002892	-0.003762
6000	0.029485	-0.010139	-0.010654
6001	0.030604	0.003305	-0.020733
6002	0.032575	-0.002436	-0.023449
6003	0.033744	0.006120	-0.028964
6004	0.037359	-0.019227	-0.032816
6005	0.041597	-0.004851	-0.038323
6006	0.035544	-0.014353	-0.040348
6007	0.032269	-0.025139	-0.038768
6008	0.030947	-0.032255	-0.038575
6009	0.036382	-0.010141	-0.044753
6010	0.038779	0.018724	-0.049047
6011	0.042245	-0.006692	-0.052450
6012	0.042699	0.015409	-0.061180
6013	0.041222	0.009918	-0.062563
6014	0.044931	-0.007491	-0.060906
6015	0.050597	0.009717	-0.060633
6016	0.058467	-0.000375	-0.061428
6017	0.064399	0.006718	-0.058043
6018	0.063204	0.031624	-0.047636
6019	0.065388	0.021117	-0.044773
6020	0.070951	0.001273	-0.041665
6021	0.078458	0.005744	-0.039659
6022	0.088936	0.015330	-0.031287
6023	0.095826	0.000510	-0.030963
6024	0.101655	0.004478	-0.030182
6025	0.102562	0.013653	-0.029185
6026	0.098212	0.016347	-0.030248
6027	0.092014	0.004169	-0.028078
6028	0.085765	0.011487	-0.024137
6029	0.085054	0.003596	-0.019906
6030	0.079643	-0.012064	-0.024243
6031	0.073459	-0.017237	-0.022925
6032	0.063426	-0.019579	-0.016684
6033	0.064476	0.001981	-0.020684
6034	0.057831	0.001339	-0.024711
6035	0.044046	-0.033372	-0.020850
6036	0.030272	-0.025876	-0.016073
6037	0.023097	-0.019676	-0.012123
6038	0.017803	-0.011252	-0.005397
6039	0.014646	-0.041608	-0.006433
6040	0.015976	-0.057622	-0.000095
6041	0.019878	-0.035020	0.006028
6042	0.020157	-0.040939	0.013251
6043	0.026320	-0.045700	0.009850
6044	0.031276	-0.035100	0.008973
6045	0.031085	-0.033522	0.008531
6046	0.036644	-0.027639	0.007608
6047	0.035500	-0.009433	0.006831
6048	0.037437	0.007587	-0.000708
6049	0.040125	-0.004914	-0.001945
6050	0.042810	0.001953	-0.004533
6051	0.039052	0.007162	0.003815
6052	0.035600	0.005874	0.010013
6053	0.035736	0.010749	0.023548
6054	0.035874	0.003030	0.034828
6055	0.033657	-0.014374	0.038486
6056	0.033458	-0.012355	0.052501
6057	0.027382	-0.002418	0.057502
6058	0.027688	-0.038611	0.064421
6059	0.023764	-0.025811	0.077243
6060	0.020576	-0.019215	0.086911
6061	0.019336	-0.011491	0.095812
6062	0.021042	-0.017559	0.102860
6063	0.013858	-0.030156	0.108226
6064	0.015997	-0.024122	0.110287
6065	0.024371	-0.010304	0.119126
6066	0.032390	0.011597	0.121814
6067	0.039793	0.017344	0.125721
6068	0.044811	0.013460	0.132265
6069	0.050939	-0.001331	0.129502
6070	0.052639	0.023323	0.123432
6071	0.056683	-0.011077	0.116415
6072	0.062996	0.008933	0.114501
6073	0.062769	-0.003044	0.111143
6074	0.058942	0.002384	0.110721
6075	0.060468	0.005181	0.101440
6076	0.068983	0.033811	0.093213
6077	0.078353	0.020469	0.088150
6078	0.079569	0.029334	0.082857
6079	0.082704	0.035206	0.074051
6080	0.081507	0.028064	0.068609
6081	0.080303	0.023352	0.063327
6082	0.082364	0.018790	0.054653
6083	0.068436	0.033997	0.045783
6084	0.057358	0.018039	0.035431
6085	0.050279	0.008308	0.028190
6086	0.046060	0.010944	0.023644
6087	0.041424	-0.005974	0.027269
6088	0.033794	0.013831	0.025522
6089	0.032474	0.012002	0.026825
6090	0.030159	0.015274	0.031992
6091	0.032883	0.005528	0.035805
6092	0.040095	-0.004621	0.034439
6093	0.047713	0.001918	0.038375
6094	0.055780	0.018001	0.040019
6095	0.053054	-0.014658	0.040059
6096	0.051061	-0.000099	0.037772
6097	0.044951	0.006555	0.031615
6098	0.038170	0.016084	0.028731
6099	0.035373	0.007940	0.024642
6100	0.031895	-0.011087	0.022963
6101	0.027126	-0.025930	0.020114
6102	0.029845	-0.007818	0.014017
6103	0.028425	-0.018309	0.009763
6104	0.027512	0.001523	0.001321
6105	0.019638	0.000260	0.000562
6106	0.016412	-0.002928	-0.003432
6107	0.019115	0.012036	-0.011991
6108	0.023555	0.017543	-0.011823
6109	0.026207	-0.009097	-0.007884
6110	0.033884	-0.000341	-0.003990
6111	0.033416	-0.018480	-0.000896
6112	0.028791	-0.011588	-0.003233
6113	0.027814	-0.002691	-0.007511
6114	0.030863	-0.028924	-0.008785
6115	0.033504	0.005376	-0.003713
6116	0.036286	-0.006147	-0.003156
6117	0.037788	-0.009869	-0.004932
6118	0.046533	-0.001727	-0.007639
6119	0.048610	0.001311	-0.012216
6120	0.051445	-0.000638	-0.016190
6121	0.048704	-0.006654	-0.023341
6122	0.047550	-0.014169	-0.031414
6123	0.048468	0.000329	-0.031078
6124	0.049111	-0.013160	-0.041636
6125	0.055669	-0.011023	-0.047282
6126	0.059196	0.000928	-0.050974
6127	0.062117	0.012550	-0.057659
6128	0.059515	-0.016289	-0.058582
6129	0.061171	-0.034382	-0.059937
6130	0.065445	-0.028491	-0.056876
6131	0.069466	-0.022400	-0.057475
6132	0.062609	-0.007394	-0.059791
6133	0.055542	-0.037300	-0.057493
6134	0.051085	-0.026329	-0.053569
6135	0.038814	0.005126	-0.049212
6136	0.036183	0.007823	-0.048826
6137	0.036015	-0.000241	-0.046592
6138	0.040080	0.004604	-0.041757
6139	0.042673	0.003952	-0.038466
6140	0.050092	-0.014316	-0.031965
6141	0.052174	-0.008976	-0.029601
6142	0.047260	0.002322	-0.024128
6143	0.049535	-0.002619	-0.017671
6144	0.052617	-0.013363	-0.017582
6145	0.051489	-0.004589	-0.013660
6146	0.056471	-0.029383	-0.003537
6147	0.056136	0.020841	0.000570
6148	0.054767	0.033397	0.013066
6149	0.056229	0.014827	0.026071
6150	0.057748	0.010694	0.035098
6151	0.058887	0.010636	0.033917
6152	0.058702	0.028502	0.033773
6153	0.053437	0.029253	0.035117
6154	0.051885	0.047879	0.037939
6155	0.051369	0.014044	0.042521
6156	0.045312	0.009735	0.043126
6157	0.041517	0.011613	0.044997
6158	0.032167	0.011987	0.044830
6159	0.028126	0.021914	0.053024
6160	0.033118	0.002473	0.054605
6161	0.038473	-0.012209	0.059877
6162	0.041807	-0.020918	0.069661
6163	0.049001	-0.007509	0.075924
6164	0.048036	0.001955	0.072570
6165	0.046349	-0.002842	0.066621
6166	0.043871	-0.006855	0.056805
6167	0.041008	-0.036012	0.053926
6168	0.037861	-0.012739	0.045648
6169	0.040832	-0.005156	0.041246
6170	0.048348	-0.015868	0.039153
6171	0.046934	-0.025813	0.031594
6172	0.047465	-0.039639	0.025583
6173	0.040129	-0.030419	0.016754
6174	0.025503	-0.031774	0.013185
6175	0.017348	-0.012275	0.009118
6176	0.011830	-0.004574	0.003200
6177	0.007114	0.051941	-0.001575
6178	-0.000814	0.024156	0.000084
6179	-0.009168	0.013779	0.000576
6180	-0.018770	-0.000967	-0.006611
6181	-0.023700	-0.011321	-0.003165
6182	-0.024962	0.010731	-0.004056
6183	-0.026736	-0.016805	-0.000166
6184	-0.036492	0.007409	0.001377
6185	-0.046760	0.027893	0.004886
6186	-0.059832	0.027899	0.004747
6187	-0.064269	0.040307	0.001903
6188	-0.065188	0.002050	0.003969
6189	-0.073155	0.033852	-0.003382
6190	-0.073766	0.025000	-0.003332
6191	-0.082028	0.015712	-0.006457
6192	-0.086404	0.027326	-0.010328
6193	-0.083857	0.026296	-0.013881
6194	-0.087095	0.011992	-0.017217
6195	-0.089966	0.010588	-0.016654
6196	-0.087830	0.017593	-0.014997
6197	-0.089959	-0.003114	-0.010108
6198	-0.088960	-0.022747	-0.012823
6199	-0.081038	-0.011955	-0.014837
6200	-0.075914	-0.025618	-0.013793
6201	-0.063577	-0.011235	-0.013189
6202	-0.047868	-0.018707	-0.008418
6203	-0.034772	-0.004000	-0.006788
6204	-0.025630	-0.022589	-0.000355
6205	-0.017835	-0.047651	0.001784
6206	-0.020125	-0.033842	0.005043
6207	-0.020648	-0.030309	0.006200
6208	-0.013445	-0.037583	0.015278
6209	-0.011039	0.001480	0.017560
6210	-0.009347	0.009435	0.019108
6211	-0.003090	-0.020329	0.017121
6212	0.000796	-0.002768	0.020148
6213	0.008109	-0.011967	0.019902
6214	0.013322	0.000799	0.025929
6215	0.019480	-0.012000	0.023263
6216	0.020149	-0.012352	0.015714
6217	0.019433	-0.000379	0.012591
6218	0.017338	-0.005687	0.004250
6219	0.029241	0.004033	0.005672
6220	0.034030	0.002008	0.002799
6221	0.031834	-0.007897	0.001672
6222	0.033668	-0.001352	0.002467
6223	0.035728	0.003682	0.000925
6224	0.034670	0.003914	-0.004628
6225	0.037228	0.019766	-0.004880
6226	0.031625	0.012308	-0.003684
6227	0.026107	0.003909	-0.003391
6228	0.016245	-0.000579	-0.000350
6229	0.012375	-0.016862	0.003990
6230	0.009221	-0.017073	0.004717
6231	0.003685	-0.011441	0.004484
6232	0.006301	-0.000219	0.013289
6233	0.011395	0.010988	0.022223
6234	0.014092	-0.003920	0.030038
6235	0.018968	0.028753	0.032384
6236	0.020544	0.042327	0.041064
6237	0.027381	0.032440	0.040560
6238	0.036060	0.037032	0.037356
6239	0.037961	0.027820	0.041307
6240	0.035762	0.008155	0.038693
6241	0.036289	0.016059	0.034858
6242	0.027269	-0.006328	0.030911
6243	0.019453	-0.017167	0.030566
6244	0.014729	-0.014746	0.022165
6245	0.016728	-0.014681	0.015698
6246	0.014623	-0.036179	0.013408
6247	0.006686	-0.019964	0.005361
6248	-0.001253	0.000940	0.003633
6249	-0.002798	-0.017195	0.003495
6250	-0.006998	-0.006176	0.009044
6251	-0.010464	-0.003976	0.009671
6252	-0.009329	-0.003908	0.017142
6253	-0.005106	0.000812	0.018169
6254	0.002969	-0.002661	0.019796
6255	0.009988	-0.008952	0.019759
6256	0.010042	0.018018	0.013294
6257	0.008566	0.021087	0.017734
6258	0.009353	0.030380	0.014290
6259	0.009732	-0.002907	0.004926
6260	0.014943	0.002574	0.008135
6261	0.017236	0.001148	0.011177
6262	0.026017	0.014162	0.003058
6263	0.034064	-0.003221	-0.001931
6264	0.040042	0.023770	-0.003439
6265	0.046061	0.028678	-0.006720
6266	0.045202	0.024135	-0.004763
6267	0.038029	-0.003588	-0.009395
6268	0.031013	0.002458	-0.012746
6269	0.028662	-0.007423	-0.018591
6270	0.026910	-0.016149	-0.016417
6271	0.021300	-0.002747	-0.019278
6272	0.014401	-0.012024	-0.024927
6273	0.008313	-0.003139	-0.031997
6274	-0.000454	-0.006221	-0.039528
6275	-0.006315	-0.036038	-0.039637
6276	-0.016859	-0.029533	-0.044053
6277	-0.018812	-0.020633	-0.044795
6278	-0.017473	-0.017703	-0.051809
6279	-0.012454	-0.010249	-0.049420
6280	-0.016052	-0.023318	-0.055578
6281	-0.024892	-0.002338	-0.068541
6282	-0.028652	-0.011885	-0.077809
6283	-0.030575	0.005148	-0.085301
6284	-0.034856	0.004649	-0.098024
6285	-0.037483	0.000999	-0.104556
6286	-0.033287	-0.015417	-0.107304
6287	-0.035981	-0.027874	-0.108334
6288	-0.043787	-0.017758	-0.111235
6289	-0.053736	-0.007010	-0.107667
6290	-0.064619	-0.008094	-0.111757
6291	-0.073417	-0.024328	-0.114800
6292	-0.085526	-0.017082	-0.115449
6293	-0.083659	-0.010448	-0.114533
6294	-0.083059	-0.003928	-0.106194
6295	-0.084835	-0.008272	-0.098537
6296	-0.084528	-0.006006	-0.092457
6297	-0.085369	0.004831	-0.092256
6298	-0.087414	-0.012059	-0.091863
6299	-0.084395	0.029903	-0.085089
6300	-0.071015	0.019722	-0.080522
6301	-0.061302	-0.008292	-0.081195
6302	-0.050643	-0.008325	-0.075989
6303	-0.047335	-0.021973	-0.074043
6304	-0.038782	-0.022981	-0.074308
6305	-0.031814	-0.018492	-0.077089
6306	-0.031225	-0.008406	-0.072864
6307	-0.022499	-0.010223	-0.066901
6308	-0.024785	0.012126	-0.062366
6309	-0.030209	0.030058	-0.062740
6310	-0.025219	0.003876	-0.057485
6311	-0.019182	-0.012225	-0.059751
6312	-0.017394	-0.005808	-0.059752
6313	-0.020571	-0.007973	-0.061813
6314	-0.027236	-0.000052	-0.060675
6315	-0.032643	0.002838	-0.058024
6316	-0.040072	-0.005889	-0.053156
6317	-0.038079	-0.025842	-0.065197
6318	-0.036120	-0.015863	-0.063197
6319	-0.032761	-0.035451	-0.063582
6320	-0.035293	-0.028014	-0.058678
6321	-0.035569	-0.017081	-0.055497
6322	-0.031766	-0.019339	-0.047656
6323	-0.022758	-0.027225	-0.047387
6324	-0.021221	-0.001046	-0.048102
6325	-0.021875	0.002313	-0.046487
6326	-0.018255	0.015893	-0.046041
6327	-0.014738	0.001731	-0.046914
6328	-0.010947	0.021967	-0.050428
6329	-0.012354	-0.005493	-0.053776
6330	-0.009011	0.004388	-0.059899
6331	-0.001160	0.013845	-0.058433
6332	0.000498	0.019726	-0.063578
6333	0.005264	0.006732	-0.062784
6334	0.016742	0.005299	-0.070164
6335	0.017998	0.022855	-0.075673
6336	0.015158	0.031769	-0.079366
6337	0.016076	0.022997	-0.091012
6338	0.015188	0.021522	-0.097951
6339	0.016561	0.015384	-0.104237
6340	0.008761	-0.000584	-0.114731
6341	0.006954	-0.018466	-0.117838
6342	0.012795	-0.012564	-0.122736
6343	0.023444	0.012014	-0.123079
6344	0.027309	0.005901	-0.129983
6345	0.035756	0.005914	-0.130961
6346	0.035749	0.012814	-0.145395
6347	0.038407	-0.007895	-0.150582
6348	0.040222	-0.043362	-0.151830
6349	0.047685	-0.021307	-0.160069
6350	0.045896	-0.016990	-0.166842
6351	0.047096	-0.007927	-0.175665
6352	0.040477	0.001378	-0.180663
6353	0.038277	0.000874	-0.183144
6354	0.032450	-0.019321	-0.180815
6355	0.022550	-0.006942	-0.179560
6356	0.015253	-0.002816	-0.175023
6357	0.008174	-0.011133	-0.158302
6358	-0.002954	0.021779	-0.150893
6359	-0.005363	-0.009673	-0.145953
6360	-0.003821	-0.028322	-0.140689
6361	-0.013082	-0.007114	-0.133907
6362	-0.011771	-0.032491	-0.127137
6363	-0.008033	-0.008811	-0.114184
6364	0.013200	-0.014839	-0.104160
6365	0.029139	0.031343	-0.104383
6366	0.040604	0.025954	-0.099638
6367	0.046507	0.036875	-0.089686
6368	0.048677	0.044517	-0.078643
6369	0.056115	0.033570	-0.075662
6370	0.054171	0.014824	-0.070463
6371	0.046456	0.028635	-0.068387
6372	0.041688	0.016528	-0.064816
6373	0.037897	0.018321	-0.057880
6374	0.036836	0.022449	-0.041632
6375	0.039548	0.007078	-0.031449
6376	0.037947	-0.005801	-0.015264
6377	0.027441	-0.001640	-0.003141
6378	0.021888	-0.003975	0.002809
6379	0.021999	-0.004202	0.004694
6380	0.024357	-0.002552	0.000973
6381	0.034200	0.021207	-0.008147
6382	0.038275	0.022111	-0.013050
6383	0.042272	0.024975	-0.020161
6384	0.041188	0.041421	-0.035462
6385	0.034875	0.016782	-0.045926
6386	0.030834	0.012832	-0.063250
6387	0.026239	-0.003579	-0.066090
6388	0.024385	0.024685	-0.072991
6389	0.021129	0.032169	-0.082400
6390	0.020438	0.011248	-0.092892
6391	0.020344	0.008770	-0.098695
6392	0.021154	-0.019932	-0.108483
6393	0.023373	0.000381	-0.109333
6394	0.023181	0.015723	-0.109079
6395	0.020669	0.031272	-0.118400
6396	0.014486	0.005617	-0.116548
6397	0.007547	-0.013796	-0.119130
6398	0.010232	-0.017580	-0.112287
6399	0.013601	-0.015173	-0.107985
6400	0.013824	0.001942	-0.110060
6401	0.017054	-0.014662	-0.113117
6402	0.022562	-0.021651	-0.108242
6403	0.027661	0.009188	-0.103874
6404	0.027778	0.010052	-0.105604
6405	0.030184	-0.019100	-0.109141
6406	0.039736	-0.014833	-0.115204
6407	0.052620	-0.025726	-0.122394
6408	0.068278	-0.006154	-0.121426
6409	0.074144	-0.023036	-0.119176
6410	0.074487	-0.044547	-0.116428
6411	0.071817	-0.024726	-0.120941
6412	0.071904	-0.041312	-0.118085
6413	0.077086	-0.050817	-0.114341
6414	0.076792	-0.018947	-0.112474
6415	0.069993	-0.037346	-0.111120
6416	0.070364	-0.025457	-0.112780
6417	0.072547	-0.002303	-0.113305
6418	0.073182	0.002868	-0.112773
6419	0.072546	0.018665	-0.112910
6420	0.061307	-0.005886	-0.111422
6421	0.051100	-0.003167	-0.115574
6422	0.040533	0.006816	-0.108015
6423	0.031161	0.012297	-0.106531
6424	0.018717	0.020207	-0.098852
6425	0.007989	0.049361	-0.103190
6426	-0.003442	0.007578	-0.102342
6427	-0.010156	0.033108	-0.095529
6428	-0.015262	0.012654	-0.094623
6429	-0.023462	0.003335	-0.092882
6430	-0.023113	0.002915	-0.080486
6431	-0.025913	0.020282	-0.065860
6432	-0.029620	-0.005821	-0.053121
6433	-0.030181	0.014770	-0.040729
6434	-0.030939	0.003550	-0.036519
6435	-0.027030	-0.024590	-0.026302
6436	-0.031412	-0.031879	-0.016143
6437	-0.031159	-0.005461	-0.013548
6438	-0.036557	-0.018532	-0.007110
6439	-0.033671	-0.043094	-0.004042
6440	-0.037907	-0.010781	-0.002485
6441	-0.036481	-0.035964	-0.006908
6442	-0.034456	-0.037157	-0.009458
6443	-0.030554	-0.025300	-0.012061
6444	-0.022559	-0.018105	-0.014819
6445	-0.016656	-0.012007	-0.017248
6446	-0.017513	0.014583	-0.012861
6447	-0.013819	0.026897	-0.010819
6448	-0.005310	0.020584	-0.012364
6449	0.004740	0.025698	-0.008983
6450	0.011623	0.020369	-0.014780
6451	0.016282	0.020618	-0.010215
6452	0.024005	0.011254	-0.007586
6453	0.032521	0.029452	-0.008316
6454	0.046111	0.009430	-0.011218
6455	0.051168	0.021599	-0.024600
6456	0.055145	0.029154	-0.031694
6457	0.055758	0.002374	-0.036533
6458	0.051456	-0.004767	-0.038591
6459	0.055636	0.005417	-0.039392
6460	0.057853	0.006416	-0.043435
6461	0.057290	0.006173	-0.048217
6462	0.046800	0.017945	-0.048446
6463	0.032263	0.021184	-0.043645
6464	0.026985	0.045622	-0.040141
6465	0.018505	0.030624	-0.033198
6466	0.006782	0.035401	-0.028752
6467	0.005699	0.055431	-0.027227
6468	0.001369	0.026739	-0.027568
6469	-0.003829	0.000334	-0.023124
6470	-0.012894	0.007745	-0.020043
6471	-0.015460	0.021244	-0.006059
6472	-0.010394	0.020502	-0.001038
6473	-0.007076	0.041180	0.006327
6474	-0.008879	0.040937	0.010481
6475	-0.004371	0.021802	0.030489
6476	-0.004224	0.022276	0.045912
6477	-0.009553	0.012472	0.049157
6478	-0.013431	-0.003176	0.048154
6479	-0.016256	-0.003634	0.053277
6480	-0.023006	0.011009	0.054652
6481	-0.028765	-0.000407	0.062296
6482	-0.043269	0.003426	0.063230
6483	-0.047306	0.027469	0.064769
6484	-0.051098	0.032665	0.064863
6485	-0.056506	-0.013234	0.067214
6486	-0.058028	-0.002625	0.070209
6487	-0.055332	-0.009646	0.063083
6488	-0.052991	0.016269	0.060744
6489	-0.045421	0.004382	0.056427
6490	-0.037782	0.024910	0.056576
6491	-0.038249	0.032783	0.047542
6492	-0.034440	0.018717	0.046058
6493	-0.036391	0.032077	0.049275
6494	-0.030120	0.023332	0.058971
6495	-0.025958	0.024997	0.063839
6496	-0.026400	0.003654	0.066520
6497	-0.018704	0.004956	0.071295
6498	-0.006322	-0.011241	0.069668
6499	-0.007357	0.001779	0.062723
6500	-0.007494	-0.021155	0.061904
6501	-0.009713	0.016579	0.049508
6502	-0.007688	0.000725	0.042626
6503	-0.015544	0.008121	0.033541
6504	-0.021902	0.015036	0.026725
6505	-0.021608	-0.003680	0.022366
6506	-0.026731	0.023158	0.028274
6507	-0.031518	0.002590	0.032487
6508	-0.039606	-0.015771	0.029666
6509	-0.046579	-0.022681	0.027800
6510	-0.054065	-0.015306	0.018206
6511	-0.067653	-0.035749	0.019689
6512	-0.072088	-0.021552	0.016725
6513	-0.082245	-0.030308	0.014549
6514	-0.087729	-0.017883	0.014705
6515	-0.092387	-0.036305	0.011458
6516	-0.088691	-0.007679	0.003064
6517	-0.088194	-0.014134	-0.002575
6518	-0.086524	0.011824	-0.008737
6519	-0.082994	-0.008330	-0.017038
6520	-0.088125	-0.004521	-0.014501
6521	-0.080114	-0.024657	-0.013895
6522	-0.073412	0.004128	-0.010322
6523	-0.070291	0.004808	-0.010118
6524	-0.080403	0.000999	-0.013282
6525	-0.085562	-0.007296	-0.017419
6526	-0.078943	0.013192	-0.012586
6527	-0.071451	0.019351	-0.011264
6528	-0.074831	0.001655	-0.005197
6529	-0.074021	0.003919	0.003002
6530	-0.066977	0.020932	0.015334
6531	-0.058766	0.009485	0.023552
6532	-0.057470	0.020649	0.030488
6533	-0.055136	0.025855	0.036771
6534	-0.051728	0.000178	0.047460
6535	-0.050370	0.010052	0.057331
6536	-0.046941	0.027026	0.059757
6537	-0.036874	0.033922	0.057415
6538	-0.029294	0.024029	0.057977
6539	-0.025393	0.030414	0.058400
6540	-0.027078	0.034682	0.060324
6541	-0.018904	0.022416	0.063705
6542	-0.012235	0.015668	0.065126
6543	-0.005566	0.012294	0.066472
6544	0.001708	0.020302	0.070591
6545	-0.000929	-0.005873	0.068689
6546	-0.003082	0.015727	0.069374
6547	-0.005061	0.004777	0.066114
6548	-0.011390	-0.002895	0.060499
6549	-0.011871	-0.001257	0.062328
6550	-0.018643	-0.010992	0.062613
6551	-0.020128	-0.028499	0.061053
6552	-0.021023	0.008274	0.054620
6553	-0.026507	0.016777	0.044442
6554	-0.032975	0.050646	0.037597
6555	-0.041207	0.055322	0.033898
6556	-0.044995	0.019196	0.023890
6557	-0.041546	0.031364	0.014956
6558	-0.034339	0.028528	0.003861
6559	-0.033101	0.031037	-0.010080
6560	-0.020795	0.023152	-0.014277
6561	-0.018927	0.007208	-0.020716
6562	-0.017575	-0.005046	-0.017847
6563	-0.021960	0.007762	-0.023035
6564	-0.016362	-0.012647	-0.015452
6565	-0.019414	0.014748	-0.014542
6566	-0.015975	-0.010910	-0.014198
6567	-0.011612	-0.027953	-0.012256
6568	-0.003292	-0.001900	-0.009812
6569	0.000875	-0.002857	-0.007813
6570	-0.007004	0.005141	-0.008664
6571	-0.019440	-0.000390	-0.000429
6572	-0.027104	-0.018746	-0.007379
6573	-0.028713	-0.015295	-0.008643
6574	-0.032572	-0.014643	-0.015530
6575	-0.035253	-0.003669	-0.017935
6576	-0.037845	-0.018324	-0.011938
6577	-0.039521	-0.036795	-0.003112
6578	-0.041648	-0.027658	-0.003196
6579	-0.043577	0.005114	0.006701
6580	-0.046871	-0.005035	0.010462
6581	-0.053463	-0.006434	0.015252
6582	-0.061401	0.005961	0.016025
6583	-0.059032	0.015060	0.013821
6584	-0.054135	0.025884	0.016131
6585	-0.048519	0.033545	0.014359
6586	-0.046355	0.008409	0.018360
6587	-0.049362	0.017944	0.022927
6588	-0.051585	-0.006802	0.029181
6589	-0.045403	0.008625	0.031908
6590	-0.048275	0.003829	0.036061
6591	-0.049556	0.003868	0.033591
6592	-0.049290	-0.039438	0.038059
6593	-0.049487	-0.041694	0.040316
6594	-0.045872	-0.045930	0.038948
6595	-0.048987	-0.029372	0.043156
6596	-0.052622	-0.023202	0.046809
6597	-0.045786	0.000734	0.051532
6598	-0.041752	0.001202	0.055038
6599	-0.028966	-0.021443	0.053700
6600	-0.005106	-0.020358	0.057565
6601	0.010477	-0.009089	0.054629
6602	0.020306	-0.011078	0.060046
6603	0.030007	0.015072	0.065668
6604	0.036747	0.020378	0.063998
6605	0.037930	-0.003212	0.055276
6606	0.042641	-0.012839	0.048470
6607	0.036777	0.017725	0.048005
6608	0.026081	-0.012747	0.044074
6609	0.016035	-0.031711	0.046272
6610	0.014106	-0.032825	0.047761
6611	0.006572	0.012604	0.046715
6612	0.005602	0.001392	0.043140
6613	0.003206	-0.009420	0.036598
6614	0.001560	-0.009659	0.030526
6615	0.001257	-0.013434	0.025622
6616	-0.004959	-0.035400	0.025279
6617	-0.016235	-0.023177	0.022829
6618	-0.015175	0.007589	0.025041
6619	-0.020072	0.015025	0.023805
6620	-0.014706	0.015861	0.021181
6621	-0.014668	0.014229	0.013017
6622	-0.016724	0.022905	0.016876
6623	-0.020346	0.017369	0.013363
6624	-0.016191	0.019948	0.010715
6625	-0.014061	0.021842	0.008699
6626	-0.017106	0.000508	0.002221
6627	-0.013432	-0.017814	0.001748
6628	-0.011795	-0.014377	0.008965
6629	-0.015066	-0.003631	0.004690
6630	-0.015183	-0.018130	0.001899
6631	-0.012519	-0.012428	0.000499
6632	-0.008643	-0.016400	0.000318
6633	-0.002848	-0.000519	0.002692
6634	-0.007952	-0.004589	-0.001658
6635	-0.009831	-0.014567	-0.001482
6636	-0.007205	0.007619	0.001231
6637	-0.017536	-0.012911	0.016258
6638	-0.029675	-0.009116	0.025457
6639	-0.029713	0.017476	0.025483
6640	-0.030894	0.017459	0.029395
6641	-0.025669	-0.013544	0.033712
6642	-0.019444	-0.005637	0.037034
6643	-0.011455	0.006144	0.037652
6644	-0.003087	-0.005932	0.030676
6645	0.001129	0.016539	0.031280
6646	0.006941	0.005005	0.025288
6647	0.005604	0.014448	0.011561
6648	-0.002133	0.006116	0.004882
6649	-0.009562	0.008537	-0.002736
6650	-0.017605	0.008954	-0.005666
6651	-0.023742	-0.006747	-0.003691
6652	-0.030995	-0.012504	-0.001278
6653	-0.034980	0.000260	0.006059
6654	-0.036061	-0.026310	0.001632
6655	-0.032674	-0.004164	0.001788
6656	-0.031551	0.000774	0.005325
6657	-0.030666	-0.006152	0.011047
6658	-0.027432	-0.016699	0.012219
6659	-0.030074	0.003837	0.022060
6660	-0.030201	-0.005654	0.029288
6661	-0.031603	-0.019330	0.041112
6662	-0.028766	-0.000870	0.047432
6663	-0.026754	-0.019666	0.046652
6664	-0.024134	-0.032035	0.045232
6665	-0.018259	-0.007648	0.057762
6666	-0.012156	-0.004129	0.065057
6667	-0.010550	-0.007383	0.069577
6668	-0.010210	-0.014364	0.074711
6669	-0.017066	0.005791	0.069558
6670	-0.022821	0.020362	0.073383
6671	-0.024613	-0.009831	0.072007
6672	-0.024894	0.008045	0.063590
6673	-0.022715	-0.000708	0.052303
6674	-0.009539	-0.004347	0.040904
6675	-0.000328	-0.034775	0.034114
6676	0.003054	-0.026162	0.030643
6677	0.005197	-0.000013	0.025217
6678	0.000684	-0.009181	0.019117
6679	0.000926	-0.004163	0.010450
6680	0.002018	0.012215	0.002446
6681	0.003807	0.022267	-0.007689
6682	0.008461	0.020005	-0.015851
6683	0.014479	0.002405	-0.015580
6684	0.010654	0.007420	-0.016141
6685	0.019246	0.015208	-0.018256
6686	0.032437	0.004325	-0.025277
6687	0.044764	0.015548	-0.027571
6688	0.051951	0.001102	-0.029125
6689	0.058049	0.008561	-0.035220
6690	0.071577	-0.008583	-0.042245
6691	0.073572	-0.040370	-0.038606
6692	0.079587	-0.030938	-0.041835
6693	0.082565	-0.023611	-0.046689
6694	0.082748	-0.030443	-0.048047
6695	0.086121	-0.026236	-0.042886
6696	0.089666	-0.022404	-0.042491
6697	0.099731	-0.000467	-0.041784
6698	0.110318	-0.019064	-0.034969
6699	0.116243	0.004226	-0.034394
6700	0.120400	0.019592	-0.037609
6701	0.121555	0.019148	-0.037560
6702	0.124299	-0.017388	-0.031049
6703	0.128987	0.000574	-0.018565
6704	0.133489	-0.011909	-0.006047
6705	0.131303	-0.040431	-0.001009
6706	0.128951	-0.033099	-0.000864
6707	0.125414	-0.035245	0.007541
6708	0.124968	-0.015263	0.009038
6709	0.118464	-0.003972	0.018100
6710	0.117326	-0.020435	0.026691
6711	0.118304	-0.026916	0.031473
6712	0.118695	-0.007199	0.030009
6713	0.119178	-0.019433	0.034925
6714	0.112396	-0.027218	0.035804
6715	0.108644	-0.012574	0.038383
6716	0.102815	-0.023722	0.047808
6717	0.099543	-0.048742	0.045275
6718	0.099918	-0.033414	0.049519
6719	0.106093	-0.045395	0.049892
6720	0.099738	-0.038993	0.047605
6721	0.091257	-0.019695	0.040633
6722	0.089672	-0.010816	0.035113
6723	0.080907	-0.006196	0.024722
6724	0.072164	0.023878	0.014299
6725	0.063216	0.011173	0.003686
6726	0.064966	0.009562	-0.004549
6727	0.061883	-0.008186	-0.002461
6728	0.060210	-0.009944	0.000849
6729	0.056881	0.002248	-0.005395
6730	0.052664	-0.005275	-0.011710
6731	0.047591	-0.004615	-0.012580
6732	0.043668	-0.012204	-0.011320
6733	0.049355	-0.033493	-0.002575
6734	0.052613	0.005961	0.001689
6735	0.061961	0.005455	0.005332
6736	0.064973	0.023470	0.008142
6737	0.058320	0.016178	0.002062
6738	0.052177	0.016032	-0.007120
6739	0.055600	0.008932	-0.005589
6740	0.057660	-0.000471	-0.001918
6741	0.054995	-0.002425	0.004719
6742	0.060964	0.006324	0.009755
6743	0.065937	-0.021311	0.012575
6744	0.068651	0.014736	0.015927
6745	0.077107	0.009272	0.021111
6746	0.086623	0.002949	0.016884
6747	0.087802	0.001862	0.020963
6748	0.087383	-0.002354	0.015035
6749	0.084198	0.022984	0.014140
6750	0.084937	0.013108	0.019644
6751	0.081685	0.012403	0.015457
6752	0.081591	-0.000053	0.013716
6753	0.075282	0.000758	0.017998
6754	0.073910	0.002325	0.023650
6755	0.074042	0.013048	0.025595
6756	0.075375	0.010486	0.030251
6757	0.072112	0.013236	0.041332
6758	0.060335	-0.016095	0.048354
6759	0.056567	-0.012842	0.057076
6760	0.054693	-0.007857	0.056089
6761	0.052953	-0.000072	0.069213
6762	0.052528	0.029437	0.072556
6763	0.044071	0.034529	0.082471
6764	0.038831	0.052560	0.086048
6765	0.035206	0.016998	0.088706
6766	0.035067	0.002223	0.089344
6767	0.043501	-0.009431	0.089933
6768	0.051035	0.010123	0.092182
6769	0.050017	0.018148	0.096916
6770	0.058904	0.001079	0.096232
6771	0.069071	0.017011	0.093412
6772	0.067785	-0.003103	0.095695
6773	0.068654	0.001404	0.094379
6774	0.059934	0.005089	0.101575
6775	0.049431	-0.003849	0.109332
6776	0.050843	-0.018724	0.108982
6777	0.043383	-0.018644	0.108129
6778	0.042524	-0.045734	0.114851
6779	0.045610	-0.027915	0.122237
6780	0.042926	-0.015131	0.121736
6781	0.033607	0.005379	0.122317
6782	0.023163	0.002199	0.123625
6783	0.007769	-0.012760	0.122418
6784	0.002077	-0.008761	0.123161
6785	-0.001843	-0.006384	0.115806
6786	-0.005050	-0.020500	0.111262
6787	-0.009113	-0.017475	0.100958
6788	-0.008305	-0.004824	0.092362
6789	-0.005497	-0.006704	0.081463
6790	-0.008474	-0.016005	0.073232
6791	-0.003947	-0.007129	0.058929
6792	0.007493	-0.021598	0.048757
6793	0.015741	-0.016880	0.033603
6794	0.029493	0.006025	0.029213
6795	0.032594	-0.005466	0.019078
6796	0.029560	0.005986	0.021472
6797	0.022340	0.018667	0.017610
6798	0.008169	0.027559	0.023055
6799	-0.002866	0.004313	0.019060
6800	-0.010186	0.010356	0.013087
6801	-0.012944	0.007985	0.009673
6802	-0.016054	-0.007460	0.001132
6803	-0.010401	-0.034192	-0.006838
6804	-0.015567	-0.034368	-0.020872
6805	-0.013946	-0.019316	-0.027753
6806	-0.018359	-0.011042	-0.032708
6807	-0.024226	-0.003848	-0.039108
6808	-0.032424	0.014194	-0.039310
6809	-0.033026	0.002659	-0.042103
6810	-0.034139	-0.006817	-0.038913
6811	-0.041569	0.014829	-0.034894
6812	-0.042315	0.010209	-0.034246
6813	-0.041519	0.024617	-0.036922
6814	-0.042255	0.017468	-0.037444
6815	-0.042480	-0.005497	-0.031209
6816	-0.039123	-0.001528	-0.026915
6817	-0.028393	-0.021349	-0.026250
6818	-0.025599	0.021034	-0.029399
6819	-0.016104	0.023926	-0.034301
6820	-0.003045	0.022725	-0.036952
6821	0.004475	0.017562	-0.042484
6822	0.009485	-0.000083	-0.048071
6823	0.011569	-0.013028	-0.058466
6824	0.010536	0.008144	-0.058110
6825	0.003652	-0.012958	-0.060559
6826	0.003321	0.003936	-0.056554
6827	0.004914	0.004703	-0.053767
6828	0.006028	0.017317	-0.063532
6829	0.006272	0.008867	-0.061357
6830	0.007485	-0.005062	-0.061475
6831	0.006646	-0.015794	-0.057976
6832	0.005458	-0.029486	-0.046396
6833	0.000553	-0.005050	-0.041068
6834	0.006081	-0.007871	-0.039054
6835	0.010280	-0.008741	-0.038288
6836	0.015664	-0.029737	-0.030523
6837	0.015929	-0.007157	-0.022198
6838	0.012404	-0.014078	-0.018553
6839	0.019587	-0.024279	-0.012351
6840	0.026238	-0.010185	-0.002736
6841	0.026839	0.004442	0.013674
6842	0.025640	-0.016604	0.016148
6843	0.016553	-0.008500	0.020016
6844	0.021084	-0.025225	0.025218
6845	0.024844	-0.014360	0.018372
6846	0.035580	-0.012774	0.025958
6847	0.038423	-0.028508	0.027172
6848	0.035403	-0.034320	0.029443
6849	0.029254	0.000769	0.031126
6850	0.034870	-0.009935	0.033708
6851	0.040949	-0.001535	0.043375
6852	0.051875	-0.022204	0.053063
6853	0.068657	-0.002934	0.054352
6854	0.077854	0.019796	0.051476
6855	0.090568	0.017226	0.051754
6856	0.094695	0.020534	0.046996
6857	0.089304	0.018786	0.045754
6858	0.084392	0.004654	0.044189
6859	0.080309	0.027227	0.045086
6860	0.075641	0.010393	0.039891
6861	0.074767	-0.005747	0.031922
6862	0.080459	-0.019111	0.030242
6863	0.080488	-0.002806	0.026860
6864	0.082817	-0.008296	0.029422
6865	0.087118	-0.002706	0.035248
6866	0.089087	-0.016653	0.034318
6867	0.082016	0.011546	0.038871
6868	0.067632	-0.006798	0.038598
6869	0.064735	0.003360	0.036226
6870	0.065099	0.014175	0.041594
6871	0.064951	0.001799	0.043463
6872	0.059530	-0.012602	0.031648
6873	0.053009	-0.011094	0.034299
6874	0.049501	-0.022569	0.027502
6875	0.040519	-0.030235	0.026369
6876	0.038585	-0.005514	0.025436
6877	0.038189	-0.008591	0.025261
6878	0.037166	0.007048	0.020010
6879	0.037106	-0.002642	0.019623
6880	0.030626	0.012999	0.016933
6881	0.034339	0.024859	0.017992
6882	0.037984	0.000641	0.023392
6883	0.047776	-0.002787	0.017719
6884	0.056381	-0.010804	0.011281
6885	0.056683	0.002688	0.012028
6886	0.055595	-0.004064	0.004552
6887	0.053037	0.001121	0.007849
6888	0.046311	0.020493	0.016763
6889	0.042746	-0.000289	0.009176
6890	0.038932	-0.005253	-0.000008
6891	0.041098	0.000431	-0.003453
6892	0.030060	0.009222	-0.012054
6893	0.028073	-0.007554	-0.016863
6894	0.034165	-0.014436	-0.014452
6895	0.026957	0.002485	-0.019204
6896	0.022816	-0.009082	-0.017209
6897	0.015507	-0.003381	-0.017431
6898	0.006635	-0.007268	-0.020014
6899	-0.007065	-0.013001	-0.021820
6900	-0.009589	-0.005107	-0.019086
6901	-0.013055	-0.018627	-0.021621
6902	-0.009204	-0.032606	-0.020513
6903	-0.011045	-0.037539	-0.023895
6904	-0.018493	-0.043546	-0.030974
6905	-0.021922	-0.025314	-0.038253
6906	-0.026492	-0.011728	-0.033396
6907	-0.026929	0.011244	-0.033913
6908	-0.022021	0.018823	-0.032943
6909	-0.021349	-0.001988	-0.032085
6910	-0.017842	0.021400	-0.027641
6911	-0.005569	0.016175	-0.016816
6912	0.003319	-0.006344	-0.019066
6913	0.010162	0.014074	-0.005968
6914	0.013077	0.008483	0.001111
6915	0.008893	0.016326	0.002786
6916	0.006281	0.020784	0.003894
6917	0.000716	0.010599	0.017498
6918	-0.002089	0.014945	0.018106
6919	-0.002316	-0.004786	0.027242
6920	0.000234	0.040570	0.036926
6921	0.003448	0.036623	0.041135
6922	0.007172	0.046683	0.045116
6923	0.013111	0.048387	0.046450
6924	0.013646	0.024592	0.048260
6925	0.012069	0.035068	0.054555
6926	0.003344	0.040840	0.052631
6927	-0.000933	0.041782	0.055085
6928	-0.012029	0.023792	0.047464
6929	-0.020583	0.036294	0.043022
6930	-0.022052	0.044469	0.039505
6931	-0.024812	0.031124	0.030266
6932	-0.027320	0.058629	0.023898
6933	-0.025020	0.057892	0.015904
6934	-0.025315	0.043331	0.003250
6935	-0.035149	0.021790	-0.001626
6936	-0.035866	-0.006490	-0.003468
6937	-0.035290	0.027931	-0.010425
6938	-0.036115	0.035217	-0.014741
6939	-0.039867	0.015241	-0.019982
6940	-0.050331	0.000159	-0.024322
6941	-0.055291	0.020233	-0.021243
6942	-0.063469	-0.034043	-0.022617
6943	-0.062737	-0.025731	-0.021077
6944	-0.061963	-0.038242	-0.014990
6945	-0.064124	-0.067430	-0.004843
6946	-0.061426	-0.035268	0.001363
6947	-0.060709	-0.029474	0.005563
6948	-0.065226	-0.037938	0.002489
6949	-0.061817	-0.015514	-0.000056
6950	-0.058065	0.004036	0.003293
6951	-0.064812	0.003849	0.008861
6952	-0.070482	0.001679	0.003883
6953	-0.069005	0.035213	0.002757
6954	-0.072479	0.013279	-0.001085
6955	-0.067905	0.023584	-0.001264
6956	-0.071019	0.011499	-0.003601
6957	-0.075646	0.024650	0.005873
6958	-0.078662	0.030750	0.012470
6959	-0.068928	0.041914	0.021979
6960	-0.057181	0.033683	0.021490
6961	-0.045772	0.052465	0.023031
6962	-0.038029	0.033789	0.015888
6963	-0.027803	0.025656	0.011943
6964	-0.017895	0.003909	0.012095
6965	-0.005207	0.027169	0.016552
6966	0.007143	0.019514	0.012721
6967	0.012395	0.015682	0.014163
6968	0.011994	0.021987	0.018594
6969	0.007945	0.022135	0.021104
6970	0.004381	0.006828	0.019373
6971	0.006857	0.016692	0.019796
6972	0.014481	0.005277	0.019508
6973	0.018038	0.000252	0.020628
6974	0.019868	-0.014976	0.022008
6975	0.023113	-0.026857	0.024447
6976	0.025699	-0.001103	0.021984
6977	0.022498	0.005769	0.019416
6978	0.024475	0.002936	0.029317
6979	0.024593	-0.003119	0.036063
6980	0.026441	-0.014486	0.043567
6981	0.032562	-0.025130	0.052679
6982	0.031635	-0.013652	0.057083
6983	0.030620	-0.027831	0.060566
6984	0.039494	-0.015858	0.071191
6985	0.045565	0.014782	0.076241
6986	0.043299	0.021072	0.095645
6987	0.044552	0.008973	0.108309
6988	0.051624	-0.000648	0.117951
6989	0.062937	-0.012228	0.123282
6990	0.065913	-0.003551	0.126064
6991	0.067289	-0.013091	0.130206
6992	0.067836	0.008807	0.128368
6993	0.069996	0.011395	0.130155
6994	0.070844	0.002802	0.134888
6995	0.070454	-0.004854	0.137170
6996	0.068139	0.030239	0.134336
6997	0.063893	0.038674	0.138370
6998	0.056068	0.023707	0.147147
6999	0.051600	0.007675	0.159125
7000	0.044256	0.029753	0.161997
7001	0.031028	0.013377	0.165964
7002	0.016032	0.032542	0.166488
7003	-0.001196	0.032557	0.166797
7004	-0.016419	0.034179	0.163828
7005	-0.028442	0.038144	0.162185
7006	-0.032536	0.027265	0.154579
7007	-0.042318	0.040064	0.149211
7008	-0.051554	0.003500	0.155266
7009	-0.055204	-0.005702	0.159169
7010	-0.060409	-0.013022	0.155590
7011	-0.062472	-0.003089	0.146331
7012	-0.067811	0.019325	0.142677
7013	-0.071177	0.001654	0.133789
7014	-0.077095	0.020844	0.132198
7015	-0.079015	-0.018086	0.134073
7016	-0.079203	-0.025161	0.129358
7017	-0.080803	-0.030401	0.128407
7018	-0.088644	-0.028800	0.123112
7019	-0.095224	-0.006342	0.116953
7020	-0.096434	-0.012717	0.104782
7021	-0.088783	-0.011701	0.096842
7022	-0.085701	0.015424	0.090901
7023	-0.079234	0.025391	0.079763
7024	-0.074153	0.035876	0.073272
7025	-0.067624	0.028559	0.062836
7026	-0.063122	0.023811	0.052028
7027	-0.059409	0.008288	0.044274
7028	-0.056539	0.022762	0.035422
7029	-0.057052	0.001606	0.026761
7030	-0.056407	-0.017452	0.025782
7031	-0.050935	-0.004815	0.018580
7032	-0.049311	-0.011140	0.015066
7033	-0.046612	0.002117	0.014579
7034	-0.042173	-0.005487	0.012383
7035	-0.040741	-0.004629	0.007641
7036	-0.037671	-0.011440	0.000081
7037	-0.033137	-0.016431	-0.003489
7038	-0.029571	-0.007331	-0.012316
7039	-0.029317	0.018790	-0.017543
7040	-0.028140	0.015174	-0.017964
7041	-0.034994	-0.000274	-0.019527
7042	-0.039683	0.031022	-0.025385
7043	-0.047051	0.028796	-0.020303
7044	-0.052410	0.020893	-0.016222
7045	-0.056198	0.027764	-0.008531
7046	-0.058441	0.025838	-0.007888
7047	-0.064424	0.034203	-0.004917
7048	-0.069091	0.008996	0.002051
7049	-0.070020	0.031535	-0.004211
7050	-0.072655	0.015521	-0.001256
7051	-0.076770	0.017604	0.001627
7052	-0.078434	0.036969	0.001116
7053	-0.075467	0.018006	0.006213
7054	-0.071647	-0.003821	0.001970
7055	-0.062328	-0.015903	0.001756
7056	-0.056058	-0.016231	0.001795
7057	-0.054856	-0.006356	0.002245
7058	-0.049029	0.011811	-0.004692
7059	-0.042382	0.008793	-0.008581
7060	-0.032137	-0.004562	-0.011327
7061	-0.021031	-0.005149	-0.014810
7062	-0.021347	-0.025962	-0.016274
7063	-0.018278	-0.006933	-0.016490
7064	-0.012380	-0.019264	-0.030603
7065	-0.014052	-0.000719	-0.038761
7066	-0.012173	-0.007313	-0.044220
7067	-0.010552	0.007839	-0.043388
7068	-0.015462	-0.004078	-0.037403
7069	-0.009550	0.001496	-0.034955
7070	-0.011481	-0.024237	-0.034698
7071	-0.012980	-0.012109	-0.039724
7072	-0.019168	0.014413	-0.038053
7073	-0.011387	-0.014648	-0.034679
7074	-0.008384	-0.040706	-0.037373
7075	-0.009384	-0.043528	-0.034503
7076	-0.007295	-0.046843	-0.035815
7077	-0.005791	-0.037329	-0.035507
7078	-0.005491	-0.064602	-0.038834
7079	-0.000208	-0.054548	-0.039545
7080	-0.006720	-0.029756	-0.038114
7081	-0.004153	-0.012488	-0.039521
7082	0.001899	-0.029913	-0.045955
7083	0.007518	-0.029876	-0.049415
7084	0.016415	-0.025182	-0.051965
7085	0.014435	-0.006029	-0.054779
7086	0.007430	-0.013877	-0.049422
7087	0.004622	-0.049611	-0.046811
7088	0.009621	-0.020416	-0.044263
7089	0.007746	-0.025233	-0.039937
7090	0.019068	-0.035746	-0.027611
7091	0.018968	-0.034268	-0.019456
7092	0.028128	-0.044033	-0.010993
7093	0.034254	-0.016978	-0.003947
7094	0.039072	-0.002897	0.001951
7095	0.044509	-0.033161	0.018789
7096	0.041061	-0.016926	0.026380
7097	0.037752	-0.001167	0.038113
7098	0.038122	-0.016349	0.047201
7099	0.042701	-0.005092	0.059230
7100	0.041035	-0.013715	0.071694
7101	0.035912	-0.005714	0.080782
7102	0.032415	0.010761	0.088752
7103	0.030486	-0.025007	0.088597
7104	0.036554	-0.007518	0.095087
7105	0.038994	-0.026949	0.094618
7106	0.036962	-0.028463	0.093066
7107	0.042711	-0.025626	0.095052
7108	0.041377	-0.020876	0.100769
7109	0.038432	-0.045541	0.098017
7110	0.032227	-0.011535	0.095846
7111	0.023933	-0.020726	0.094295
7112	0.013887	-0.018820	0.089753
7113	0.007945	-0.039466	0.089646
7114	-0.004565	-0.009225	0.080608
7115	-0.026685	0.001309	0.079819
7116	-0.040185	0.019535	0.080340
7117	-0.042145	0.009595	0.078425
7118	-0.037491	0.014783	0.073811
7119	-0.033713	0.028369	0.076669
7120	-0.026723	0.010419	0.077787
7121	-0.026200	0.005634	0.080815
7122	-0.027213	0.001929	0.075268
7123	-0.026999	-0.000487	0.061161
7124	-0.031020	0.013672	0.048105
7125	-0.032023	-0.003058	0.042254
7126	-0.032558	-0.001449	0.032734
7127	-0.038510	0.021785	0.028852
7128	-0.029125	0.031402	0.027560
7129	-0.026274	0.040000	0.021146
7130	-0.021581	0.006029	0.018313
7131	-0.014969	-0.006966	0.012707
7132	-0.006974	-0.011859	0.001850
7133	-0.010701	-0.015875	-0.001256
7134	-0.002665	-0.007420	-0.009949
7135	0.007183	-0.010220	-0.011182
7136	0.019366	-0.002562	-0.007206
7137	0.031720	0.024634	0.001799
7138	0.036741	0.006612	0.000910
7139	0.038243	-0.025534	0.006532
7140	0.040266	-0.034462	0.007960
7141	0.041185	-0.017950	0.003619
7142	0.040338	-0.040628	-0.000927
7143	0.040861	-0.034162	-0.001474
7144	0.036417	-0.021230	-0.003759
7145	0.030142	-0.001389	-0.007948
7146	0.018061	-0.039175	-0.020149
7147	0.007277	-0.019774	-0.020527
7148	-0.006382	-0.041331	-0.017281
7149	-0.011469	-0.042629	-0.020441
7150	-0.021071	-0.024300	-0.022222
7151	-0.023172	-0.053004	-0.023748
7152	-0.023979	0.012511	-0.028359
7153	-0.022536	0.011666	-0.026984
7154	-0.022830	0.026363	-0.029267
7155	-0.022858	0.018990	-0.023838
7156	-0.014295	0.007466	-0.021651
7157	-0.016932	-0.015409	-0.011844
7158	-0.017832	-0.028108	-0.013156
7159	-0.021314	0.007072	-0.003804
7160	-0.014041	-0.002874	-0.002679
7161	-0.001129	0.017062	0.003559
7162	0.012000	0.003229	0.002974
7163	0.025194	0.014214	0.001839
7164	0.035157	0.013040	0.004476
7165	0.032933	0.005639	0.012753
7166	0.029715	0.022034	0.012214
7167	0.027428	-0.012487	0.008899
7168	0.022250	-0.005978	0.004450
7169	0.018706	0.024790	0.007108
7170	0.014496	0.010023	0.005371
7171	0.016588	0.011725	0.001403
7172	0.021786	-0.002936	-0.000771
7173	0.024946	-0.009641	0.000329
7174	0.026996	-0.029798	-0.001516
7175	0.022737	0.007651	-0.000032
7176	0.019267	0.019241	0.001373
7177	0.009775	0.019588	0.005753
7178	-0.000691	0.021935	0.011393
7179	-0.005692	0.045261	0.024743
7180	-0.012494	-0.011949	0.033250
7181	-0.011422	-0.029961	0.041307
7182	-0.009950	-0.026916	0.046503
7183	-0.007911	0.007892	0.059745
7184	0.000494	-0.012795	0.063770
7185	0.004264	-0.023358	0.071037
7186	0.008003	0.006189	0.074245
7187	0.013074	-0.028474	0.077445
7188	0.008977	-0.005789	0.075708
7189	-0.001072	-0.008659	0.075816
7190	-0.012713	-0.033326	0.073799
7191	-0.028653	-0.034783	0.073785
7192	-0.031051	-0.009893	0.074180
7193	-0.040379	-0.025840	0.080906
7194	-0.055308	0.001444	0.090097
7195	-0.071035	0.015230	0.095320
7196	-0.087968	0.019291	0.093775
7197	-0.101669	0.028045	0.098838
7198	-0.117165	0.027225	0.101623
7199	-0.117603	0.035140	0.102735
7200	-0.121292	0.016229	0.108553
7201	-0.122703	0.038634	0.109011
7202	-0.119507	0.009557	0.111317
7203	-0.111090	0.014081	0.113665
7204	-0.101428	0.010618	0.103916
7205	-0.097751	0.007507	0.092698
7206	-0.090013	0.003182	0.089174
7207	-0.078750	0.014331	0.087414
7208	-0.074906	0.040845	0.078557
7209	-0.070957	0.036023	0.070866
7210	-0.062689	0.014888	0.063873
7211	-0.061737	0.041017	0.047645
7212	-0.055763	0.019470	0.035341
7213	-0.043464	0.032697	0.018437
7214	-0.029950	0.027515	0.008859
7215	-0.018385	0.024602	-0.003439
7216	-0.014216	0.015816	-0.002249
7217	-0.011006	0.000738	-0.000502
7218	-0.013024	-0.005293	-0.004248
7219	-0.005616	-0.034831	-0.001344
7220	-0.004405	-0.023024	0.000877
7221	-0.002435	-0.061038	-0.001703
7222	0.003717	-0.029983	-0.007542
7223	0.000246	-0.033793	-0.005621
7224	-0.005146	-0.000523	-0.013142
7225	-0.006556	-0.005138	-0.009164
7226	-0.004758	0.024204	-0.020182
7227	-0.009205	-0.010415	-0.020837
7228	-0.014665	-0.009670	-0.027270
7229	-0.024385	-0.040214	-0.024788
7230	-0.031265	-0.031717	-0.036469
7231	-0.028468	-0.022168	-0.039122
7232	-0.027230	-0.000609	-0.047672
7233	-0.029987	0.010908	-0.042729
7234	-0.030730	0.036137	-0.041387
7235	-0.044346	0.041104	-0.036348
7236	-0.053873	0.019967	-0.033218
7237	-0.052023	0.001318	-0.031089
7238	-0.056452	-0.010017	-0.032311
7239	-0.068965	0.003292	-0.030953
7240	-0.069016	0.015078	-0.027400
7241	-0.074316	0.018230	-0.021277
7242	-0.074325	0.038352	-0.013437
7243	-0.078340	0.012389	-0.002293
7244	-0.080631	0.008695	0.006180
7245	-0.072937	0.009185	0.004597
7246	-0.063885	0.010581	0.013402
7247	-0.053502	0.008770	0.015205
7248	-0.042714	-0.010485	0.020475
7249	-0.042671	-0.026413	0.022016
7250	-0.032892	-0.014995	0.030403
7251	-0.026647	0.002103	0.047998
7252	-0.013578	-0.019777	0.059766
7253	-0.007408	-0.026308	0.070169
7254	-0.011680	-0.039672	0.081768
7255	-0.008255	-0.038598	0.090757
7256	-0.006245	-0.006452	0.092926
7257	-0.012575	0.012121	0.090527
7258	-0.010746	0.004589	0.091225
7259	-0.018671	-0.019663	0.091902
7260	-0.018164	-0.016516	0.094485
7261	-0.019402	0.006453	0.101439
7262	-0.011670	-0.008687	0.102888
7263	-0.015835	-0.017626	0.119426
7264	-0.018060	-0.052344	0.122618
7265	-0.022981	-0.046846	0.128323
7266	-0.021079	0.003327	0.128724
7267	-0.020521	0.011802	0.135056
7268	-0.025090	0.027321	0.135067
7269	-0.025083	-0.007085	0.136354
7270	-0.019111	0.003525	0.142793
7271	-0.012655	-0.015574	0.146027
7272	-0.012392	-0.046782	0.140269
7273	-0.004560	-0.025700	0.138373
7274	-0.005617	-0.000709	0.131150
7275	-0.010067	0.004122	0.129916
7276	-0.011294	-0.020429	0.132274
7277	-0.018036	-0.022113	0.134551
7278	-0.019071	0.004549	0.132126
7279	-0.029859	0.002888	0.123382
7280	-0.031746	-0.001157	0.115766
7281	-0.026713	-0.018929	0.100366
7282	-0.032600	-0.018695	0.094757
7283	-0.040053	-0.020530	0.083775
7284	-0.044262	-0.009912	0.068122
7285	-0.046678	0.016456	0.056743
7286	-0.049375	-0.008862	0.043591
7287	-0.048812	-0.019525	0.039547
7288	-0.050782	-0.029085	0.035275
7289	-0.048973	-0.030211	0.026045
7290	-0.050109	-0.020912	0.016848
7291	-0.052793	-0.020375	0.004929
7292	-0.038024	-0.024251	0.003133
7293	-0.036478	-0.012460	-0.005773
7294	-0.033798	0.008694	-0.006545
7295	-0.026477	-0.005458	-0.010218
7296	-0.018191	0.019729	0.004001
7297	-0.014366	0.013297	0.002414
7298	-0.004659	0.005756	0.005545
7299	-0.004774	-0.010258	0.011552
7300	-0.013945	-0.012702	0.010230
7301	-0.029286	0.006272	0.006843
7302	-0.049370	0.010457	0.002902
7303	-0.057829	-0.015511	0.005642
7304	-0.061434	-0.004630	0.001965
7305	-0.073743	0.019656	-0.002416
7306	-0.088127	0.017546	-0.001268
7307	-0.103179	0.012905	-0.010701
7308	-0.110505	0.010104	-0.013720
7309	-0.112099	-0.004464	-0.014272
7310	-0.109381	0.038793	-0.014362
7311	-0.105367	0.030954	-0.012665
7312	-0.101277	-0.006602	-0.018084
7313	-0.101433	-0.000944	-0.017012
7314	-0.103585	0.020861	-0.014484
7315	-0.102212	0.037380	-0.011764
7316	-0.097777	0.004022	-0.002385
7317	-0.089994	-0.028672	0.002611
7318	-0.086146	-0.027354	0.012196
7319	-0.082626	-0.038142	0.022630
7320	-0.090404	-0.012382	0.032850
7321	-0.097379	-0.005668	0.040860
7322	-0.099111	-0.003636	0.043714
7323	-0.092208	-0.000848	0.045475
7324	-0.094511	-0.009596	0.049608
7325	-0.090502	-0.008843	0.051997
7326	-0.083673	-0.017624	0.059161
7327	-0.076246	-0.007189	0.055432
7328	-0.067683	-0.037092	0.059854
7329	-0.058894	-0.020966	0.047608
7330	-0.054259	-0.051711	0.041220
7331	-0.057217	-0.027519	0.043398
7332	-0.060155	-0.047907	0.041658
7333	-0.050060	-0.034023	0.047596
7334	-0.048472	0.001851	0.041199
7335	-0.048020	0.024032	0.042946
7336	-0.035002	0.003180	0.046751
7337	-0.023445	0.016503	0.049270
7338	-0.018970	0.023702	0.049868
7339	-0.017670	0.027879	0.043699
7340	-0.026540	0.017371	0.043815
7341	-0.038723	-0.006402	0.042852
7342	-0.055841	-0.046592	0.037606
7343	-0.066060	-0.022035	0.027362
7344	-0.079676	-0.031208	0.022670
7345	-0.091373	-0.040520	0.011488
7346	-0.105758	-0.019947	0.002829
7347	-0.106384	-0.016697	-0.000503
7348	-0.112869	-0.009024	-0.002051
7349	-0.118034	-0.008821	-0.002096
7350	-0.114622	-0.004401	-0.007040
7351	-0.108756	-0.045895	-0.009938
7352	-0.109799	-0.013755	-0.020372
7353	-0.108819	0.008125	-0.031312
7354	-0.099051	-0.000107	-0.028699
7355	-0.093723	-0.018261	-0.029301
7356	-0.084738	0.016492	-0.030536
7357	-0.078489	0.034396	-0.032302
7358	-0.074062	0.036990	-0.024126
7359	-0.064955	0.033442	-0.022522
7360	-0.055932	0.016430	-0.017121
7361	-0.049352	0.012779	-0.010447
7362	-0.039018	-0.006019	-0.006185
7363	-0.023892	0.006284	-0.004777
7364	-0.018432	-0.000144	-0.002837
7365	-0.017047	0.004929	0.001898
7366	-0.004804	0.027965	0.009595
7367	0.006677	0.020557	0.013987
7368	0.019023	-0.011404	0.012874
7369	0.035387	-0.047026	0.014690
7370	0.047197	-0.052687	0.018479
7371	0.060223	-0.017846	0.021296
7372	0.064942	0.005537	0.011088
7373	0.066982	0.014973	0.004466
7374	0.062778	-0.009352	-0.005984
7375	0.043755	0.012929	-0.013374
7376	0.028058	0.008874	-0.018615
7377	0.020498	-0.008515	-0.027965
7378	0.015856	-0.011434	-0.024747
7379	0.003970	-0.030475	-0.029513
7380	-0.004863	0.001496	-0.037055
7381	-0.012273	0.008910	-0.041190
7382	-0.013263	0.048460	-0.046676
7383	-0.011273	0.023445	-0.052497
7384	-0.002351	0.018923	-0.051288
7385	0.001167	0.019634	-0.056982
7386	0.002120	0.043207	-0.051857
7387	0.003518	0.009194	-0.051315
7388	0.000704	0.020726	-0.045716
7389	0.001282	0.008042	-0.034205
7390	0.001903	0.001296	-0.021761
7391	-0.001581	-0.009776	-0.019217
7392	0.000202	0.010749	-0.006008
7393	0.000583	0.006799	-0.000760
7394	0.006083	0.003223	0.000597
7395	0.014048	-0.007976	0.011613
7396	0.022706	-0.033126	0.012211
7397	0.030359	0.004475	0.002057
7398	0.042808	0.015897	0.007086
7399	0.058995	-0.010416	0.007237
7400	0.064172	-0.001732	0.010704
7401	0.073053	-0.012877	0.018657
7402	0.076765	-0.020760	0.024310
7403	0.084090	-0.011433	0.021015
7404	0.090216	0.003514	0.022432
7405	0.095610	-0.016129	0.013637
7406	0.096763	0.002755	0.007342
7407	0.094720	0.011151	-0.004900
7408	0.091442	-0.005018	-0.016115
7409	0.092536	0.027539	-0.018796
7410	0.098595	0.018351	-0.015487
7411	0.096402	0.028536	-0.018927
7412	0.092352	0.013548	-0.022387
7413	0.090595	-0.002915	-0.016946
7414	0.077799	0.020932	-0.019670
7415	0.069956	0.019408	-0.020104
7416	0.066660	0.022507	-0.017667
7417	0.063333	0.002545	-0.021674
7418	0.066238	0.014772	-0.020785
7419	0.071194	0.001501	-0.011486
7420	0.061162	-0.031746	0.001264
7421	0.063592	-0.005036	0.008462
7422	0.062453	0.009944	0.016039
7423	0.061469	0.012160	0.020445
7424	0.066594	-0.007290	0.035560
7425	0.063477	0.010180	0.040460
7426	0.062307	0.007813	0.044888
7427	0.052795	0.010628	0.045504
7428	0.047489	0.004695	0.046287
7429	0.041318	0.003097	0.047489
7430	0.035076	-0.029593	0.046050
7431	0.031814	-0.008516	0.046189
7432	0.018817	0.006081	0.047998
7433	0.005774	-0.006277	0.047922
7434	-0.006589	-0.025400	0.054890
7435	-0.009109	0.024492	0.058357
7436	-0.009324	0.020464	0.063983
7437	-0.005445	0.035057	0.070606
7438	-0.006677	0.019230	0.076310
7439	-0.001358	0.009193	0.082485
7440	0.004989	0.015854	0.088551
7441	0.006566	0.016696	0.083261
7442	0.007072	0.061825	0.071808
7443	0.005766	0.014831	0.058354
7444	0.002603	0.026805	0.047465
7445	0.015437	-0.000385	0.030179
7446	0.016811	-0.017817	0.016851
7447	0.015820	-0.018897	0.007440
7448	0.019048	-0.022881	-0.006489
7449	0.017669	-0.028814	-0.019632
7450	0.012511	-0.017719	-0.038571
7451	0.005645	-0.029516	-0.046715
7452	0.005864	-0.003697	-0.061255
7453	0.006421	0.022118	-0.068005
7454	0.000994	0.029878	-0.079334
7455	-0.011647	-0.020645	-0.084373
7456	-0.006799	-0.025172	-0.094455
7457	-0.003699	-0.042973	-0.097390
7458	-0.009089	-0.040392	-0.094408
7459	-0.011160	-0.028947	-0.089776
7460	-0.010314	0.012115	-0.085534
7461	-0.002371	0.011048	-0.083461
7462	-0.002787	0.031018	-0.085491
7463	0.008383	0.007697	-0.086669
7464	0.010029	-0.007390	-0.091096
7465	0.008708	0.011042	-0.099711
7466	0.003165	0.006313	-0.106593
7467	-0.000485	0.019496	-0.109259
7468	-0.004864	0.002345	-0.114047
7469	-0.006574	0.020180	-0.110433
7470	-0.006156	0.029323	-0.103094
7471	0.001478	0.020514	-0.097801
7472	0.005993	0.025443	-0.094115
7473	0.005645	0.023986	-0.095205
7474	0.002503	0.063762	-0.098820
7475	-0.006077	0.010112	-0.102681
7476	-0.022162	0.029521	-0.103088
7477	-0.024186	0.035544	-0.102678
7478	-0.031645	0.043566	-0.099281
7479	-0.032957	0.039219	-0.100393
7480	-0.039010	0.007697	-0.094070
7481	-0.031313	-0.025004	-0.085112
7482	-0.022461	-0.029462	-0.068410
7483	-0.015256	-0.029691	-0.054845
7484	-0.007381	-0.015031	-0.054468
7485	-0.009591	-0.010788	-0.040656
7486	0.002151	-0.000055	-0.036554
7487	0.011676	0.021160	-0.036915
7488	0.017262	0.011407	-0.042581
7489	0.018923	0.007991	-0.044543
7490	0.016267	-0.008870	-0.051655
7491	0.016399	0.014364	-0.055147
7492	0.021169	-0.021084	-0.049154
7493	0.029835	-0.008802	-0.045989
7494	0.034696	-0.009606	-0.036064
7495	0.034710	0.011484	-0.031042
7496	0.042723	0.026592	-0.021363
7497	0.048368	0.033227	-0.012280
7498	0.054789	-0.002407	-0.001612
7499	0.051657	0.001132	-0.000021
7500	0.055685	-0.020732	0.001692
7501	0.054383	-0.009489	0.005555
7502	0.065198	0.003399	0.005683
7503	0.074877	0.019606	0.005613
7504	0.083245	0.044462	0.001135
7505	0.088247	0.018580	-0.006753
7506	0.077547	-0.003436	-0.008488
7507	0.073756	0.031834	-0.007495
7508	0.063174	0.032626	-0.004870
7509	0.051084	0.000797	-0.013555
7510	0.040871	0.000545	-0.013873
7511	0.038952	-0.017346	-0.013473
7512	0.035959	0.003130	-0.012863
7513	0.042027	0.021770	-0.009916
7514	0.040161	0.017272	-0.017794
7515	0.038425	0.016576	-0.023150
7516	0.032065	0.022393	-0.023849
7517	0.022384	0.003440	-0.022019
7518	0.020325	0.002169	-0.016691
7519	0.014711	-0.006991	-0.015554
7520	0.005935	-0.006095	-0.021835
7521	-0.001703	-0.012640	-0.018490
7522	-0.003787	0.014615	-0.012831
7523	0.000878	0.005966	-0.002129
7524	-0.000637	-0.003747	-0.000743
7525	-0.002368	-0.011312	0.005549
7526	0.000160	-0.002134	0.012707
7527	0.004323	0.011932	0.023107
7528	0.012372	-0.007144	0.023834
7529	0.021477	0.025994	0.027063
7530	0.034435	0.015149	0.022695
7531	0.047946	-0.004677	0.021685
7532	0.051524	-0.001965	0.025306
7533	0.056161	-0.025927	0.024810
7534	0.057805	-0.025786	0.026158
7535	0.055698	-0.006283	0.025554
7536	0.046452	-0.030911	0.029452
7537	0.035519	-0.020151	0.031366
7538	0.026227	-0.030112	0.033306
7539	0.031836	-0.006419	0.038838
7540	0.034139	0.002394	0.042727
7541	0.034278	0.019893	0.045640
7542	0.031071	0.023085	0.051044
7543	0.031511	0.055793	0.053620
7544	0.033236	0.052128	0.058566
7545	0.039081	0.032630	0.059411
7546	0.043995	0.013306	0.058241
7547	0.048071	-0.003026	0.054223
7548	0.062671	0.018136	0.055752
7549	0.070315	0.027183	0.056963
7550	0.076380	0.013214	0.042017
7551	0.077754	0.023911	0.030788
7552	0.076451	0.027291	0.024899
7553	0.081351	0.026436	0.014500
7554	0.082840	0.047977	0.004894
7555	0.085654	0.030294	-0.002438
7556	0.088029	0.027086	-0.008066
7557	0.073262	0.044713	-0.011460
7558	0.065135	-0.002932	-0.020045
7559	0.070138	-0.019884	-0.025659
7560	0.062088	-0.032357	-0.029276
7561	0.058417	-0.016867	-0.032481
7562	0.054841	-0.034321	-0.035770
7563	0.054535	-0.040783	-0.040681
7564	0.056383	-0.062007	-0.040689
7565	0.056390	-0.056236	-0.029487
7566	0.048476	-0.024438	-0.016766
7567	0.045099	-0.034679	-0.010267
7568	0.039927	-0.031058	0.003634
7569	0.038816	0.007882	0.003550
7570	0.044217	-0.000376	0.007574
7571	0.052634	-0.005454	0.009394
7572	0.059180	0.009585	0.013166
7573	0.057194	0.006923	0.011336
7574	0.062566	0.005253	0.010681
7575	0.070374	0.008414	-0.000157
7576	0.073372	-0.014137	-0.014453
7577	0.079017	-0.008524	-0.013526
7578	0.081535	0.004047	-0.028716
7579	0.085535	-0.007608	-0.034949
7580	0.084531	-0.003167	-0.046956
7581	0.079206	-0.001803	-0.047601
7582	0.066080	-0.011732	-0.058913
7583	0.054951	0.005723	-0.058441
7584	0.038255	-0.017698	-0.062284
7585	0.031152	0.018920	-0.062166
7586	0.021578	0.015929	-0.059803
7587	0.011304	0.006220	-0.055291
7588	0.001748	0.013477	-0.053456
7589	-0.007530	0.023813	-0.047031
7590	-0.016305	0.009005	-0.047167
7591	-0.025863	0.015435	-0.043627
7592	-0.032698	0.014980	-0.044983
7593	-0.029562	0.005803	-0.035309
7594	-0.030262	0.007314	-0.028182
7595	-0.023883	-0.005945	-0.023013
7596	-0.020322	-0.024601	-0.012569
7597	-0.023960	-0.032866	-0.005508
7598	-0.034730	-0.055562	-0.004697
7599	-0.042595	-0.045865	-0.004825
7600	-0.039684	-0.004289	0.004127
7601	-0.035229	-0.025177	0.002116
7602	-0.038429	-0.001998	0.009048
7603	-0.040546	-0.009540	0.023427
7604	-0.044340	-0.001723	0.032918
7605	-0.046743	-0.002970	0.037073
7606	-0.040903	-0.024587	0.041091
7607	-0.029074	-0.024569	0.038245
7608	-0.018897	0.006175	0.049853
7609	-0.006145	0.010153	0.044554
7610	0.008362	-0.020047	0.040275
7611	0.017629	-0.005587	0.035383
7612	0.027730	0.019095	0.033448
7613	0.031619	-0.006230	0.028768
7614	0.025671	0.041785	0.033112
7615	0.027869	0.057797	0.036580
7616	0.031037	0.039995	0.038107
7617	0.027010	0.009072	0.036137
7618	0.021878	-0.004790	0.031414
7619	0.014194	0.002524	0.038310
7620	0.010473	0.003240	0.042762
7621	0.006865	-0.013736	0.040087
7622	-0.001180	0.003023	0.043217
7623	-0.014885	-0.007683	0.045888
7624	-0.024919	-0.001429	0.045791
7625	-0.041787	-0.019271	0.051354
7626	-0.055539	-0.018289	0.046648
7627	-0.064523	-0.000391	0.048605
7628	-0.079423	0.007387	0.051053
7629	-0.086076	0.005343	0.065036
7630	-0.091864	0.024372	0.077923
7631	-0.088240	0.010541	0.088783
7632	-0.084583	-0.011010	0.089420
7633	-0.077793	-0.015350	0.082435
7634	-0.072051	0.009649	0.085584
7635	-0.077914	0.011980	0.081272
7636	-0.070814	0.002818	0.081066
7637	-0.066402	-0.035201	0.082299
7638	-0.058046	0.004201	0.085721
7639	-0.059507	0.018634	0.089373
7640	-0.056149	0.000766	0.095526
7641	-0.051994	-0.016964	0.095484
7642	-0.048240	-0.004320	0.082751
7643	-0.039836	-0.023724	0.072328
7644	-0.034961	-0.009260	0.070456
7645	-0.028178	-0.030791	0.066525
7646	-0.023388	-0.030051	0.055302
7647	-0.021695	-0.032670	0.051748
7648	-0.012373	-0.017119	0.041950
7649	-0.011186	0.000322	0.033000
7650	-0.000059	-0.002244	0.031444
7651	-0.000948	-0.017112	0.025001
7652	0.004972	-0.040056	0.023678
7653	0.002917	-0.038059	0.017004
7654	-0.007543	-0.043744	0.012823
7655	-0.011875	-0.057926	0.016600
7656	-0.014577	-0.053631	0.014911
7657	-0.011674	-0.039087	0.010671
7658	-0.015283	-0.009282	0.012504
7659	-0.009759	-0.014688	0.014332
7660	-0.005370	-0.010064	0.012214
7661	0.002607	-0.003189	0.007755
7662	0.006618	0.013202	0.000744
7663	0.009334	0.049791	-0.000811
7664	0.009616	0.043158	-0.002414
7665	0.010458	0.048840	0.000288
7666	0.012522	0.004415	0.002031
7667	0.011004	-0.008973	0.010857
7668	0.014613	0.032742	0.015343
7669	0.012364	0.039506	0.020743
7670	0.015391	-0.010793	0.020250
7671	0.024276	0.011650	0.019502
7672	0.027652	0.012666	0.025929
7673	0.038720	0.029551	0.027391
7674	0.044768	0.028496	0.032818
7675	0.038300	0.017377	0.033155
7676	0.036911	-0.001679	0.035794
7677	0.029537	0.015303	0.037236
7678	0.028779	-0.017839	0.035832
7679	0.034604	-0.004272	0.034285
7680	0.033083	-0.004913	0.031848
7681	0.035047	-0.003105	0.018051
7682	0.033781	-0.000313	0.010506
7683	0.037391	-0.000997	0.006358
7684	0.041026	0.014240	-0.000453
7685	0.034131	0.006858	0.000126
7686	0.025231	-0.032860	0.002524
7687	0.019840	-0.025859	0.010681
7688	0.013435	-0.036668	0.013011
7689	0.016755	-0.050380	0.013370
7690	0.027505	-0.049676	0.011956
7691	0.038707	-0.042462	0.010851
7692	0.042030	-0.027808	0.005662
7693	0.047599	-0.005967	0.004335
7694	0.038422	0.008500	0.006512
7695	0.021046	0.005247	0.007417
7696	-0.003835	-0.032751	0.004144
7697	-0.029788	-0.046244	0.016114
7698	-0.040219	-0.035643	0.020630
7699	-0.053638	-0.038079	0.028236
7700	-0.051713	0.001666	0.037105
7701	-0.047096	-0.002710	0.049490
7702	-0.048740	-0.039522	0.059417
7703	-0.047454	-0.056715	0.060284
7704	-0.033097	-0.000248	0.063326
7705	-0.025078	-0.016142	0.063370
7706	-0.019424	-0.023663	0.069775
7707	-0.016512	-0.016663	0.075617
7708	-0.012327	0.022191	0.079879
7709	-0.019552	0.001718	0.082418
7710	-0.026734	0.018616	0.077156
7711	-0.037390	0.013932	0.074465
7712	-0.040228	0.028399	0.071983
7713	-0.050993	0.015447	0.060432
7714	-0.045739	0.025320	0.060269
7715	-0.045306	0.012582	0.058229
7716	-0.050799	0.029593	0.051825
7717	-0.059375	0.047021	0.044661
7718	-0.055171	0.063720	0.034420
7719	-0.039480	0.014401	0.038041
7720	-0.033414	0.011941	0.037100
7721	-0.037773	0.002514	0.047516
7722	-0.024591	0.025014	0.055087
7723	-0.010195	0.064558	0.065699
7724	0.000634	0.048035	0.065544
7725	0.002900	0.042288	0.066753
7726	0.011573	0.050478	0.072884
7727	0.015576	0.039773	0.081309
7728	0.014549	0.015413	0.086029
7729	0.020065	0.025397	0.080888
7730	0.019635	0.000507	0.072498
7731	0.022188	0.019432	0.064869
7732	0.030822	0.023617	0.047852
7733	0.037890	0.012462	0.043528
7734	0.051101	-0.003784	0.021702
7735	0.054978	-0.005345	0.006373
7736	0.054816	0.001645	0.002547
7737	0.051083	-0.014303	-0.003493
7738	0.044350	-0.008954	-0.007645
7739	0.032830	-0.002342	-0.010019
7740	0.030584	-0.002611	-0.003755
7741	0.023467	0.010671	0.000487
7742	0.020549	0.010953	0.006728
7743	0.012866	-0.002539	0.015634
7744	0.008065	-0.030903	0.021239
7745	0.005489	-0.006367	0.027588
7746	-0.000273	-0.023265	0.029035
7747	-0.007063	0.005145	0.034111
7748	-0.007329	0.015647	0.032375
7749	-0.015466	-0.001144	0.023602
7750	-0.021421	-0.009031	0.016052
7751	-0.023622	0.012451	0.015683
7752	-0.038137	0.030222	0.010492
7753	-0.048739	0.002586	0.012775
7754	-0.060762	0.030332	0.011077
7755	-0.070196	0.021014	0.013771
7756	-0.074149	0.034857	0.019789
7757	-0.075023	0.029112	0.017844
7758	-0.080388	0.006906	0.017691
7759	-0.079488	-0.018163	0.013614
7760	-0.079312	-0.031978	0.015421
7761	-0.075592	-0.004377	0.016884
7762	-0.080254	0.007657	0.018630
7763	-0.088053	-0.014707	0.020128
7764	-0.090357	-0.005168	0.020072
7765	-0.077542	0.018398	0.027720
7766	-0.068692	0.013355	0.023165
7767	-0.060463	0.042252	0.025596
7768	-0.051250	-0.005464	0.012745
7769	-0.040451	-0.008536	0.010436
7770	-0.032720	-0.004066	0.004553
7771	-0.025486	-0.011137	0.008916
7772	-0.028243	0.001761	0.007187
7773	-0.028653	0.012636	0.001179
7774	-0.025528	0.001551	-0.005101
7775	-0.033545	-0.004741	-0.004618
7776	-0.032218	-0.017443	-0.003318
7777	-0.041320	-0.027432	-0.008935
7778	-0.037487	-0.010654	-0.003068
7779	-0.048719	0.003672	-0.005369
7780	-0.060609	0.015921	0.004998
7781	-0.069728	0.017698	0.007564
7782	-0.067804	0.034046	0.002911
7783	-0.069272	0.032341	-0.002566
7784	-0.067457	0.019556	-0.009703
7785	-0.062442	0.017434	-0.016713
7786	-0.069273	0.052436	-0.026151
7787	-0.082823	0.044957	-0.036773
7788	-0.088645	0.021538	-0.039216
7789	-0.079596	0.001153	-0.047549
7790	-0.056862	0.003293	-0.051050
7791	-0.041824	-0.022207	-0.063366
7792	-0.032565	0.006205	-0.065966
7793	-0.027005	-0.004225	-0.073815
7794	-0.025595	-0.007193	-0.075699
7795	-0.024070	0.004725	-0.086164
7796	-0.022829	0.019363	-0.094654
7797	-0.025519	0.005550	-0.094650
7798	-0.034558	-0.014988	-0.085406
7799	-0.046091	0.022873	-0.085643
7800	-0.051863	0.025337	-0.083125
7801	-0.060395	0.037203	-0.081045
7802	-0.063800	0.022401	-0.077228
7803	-0.065712	0.021801	-0.073502
7804	-0.073170	-0.010641	-0.072208
7805	-0.074330	0.004711	-0.071442
7806	-0.076796	-0.020090	-0.068532
7807	-0.074474	-0.009834	-0.059169
7808	-0.076986	0.009044	-0.053554
7809	-0.076109	-0.007160	-0.050647
7810	-0.084173	-0.024571	-0.046034
7811	-0.082499	-0.000553	-0.044709
7812	-0.075501	0.017006	-0.051664
7813	-0.067174	0.042216	-0.051128
7814	-0.059817	0.013415	-0.051552
7815	-0.059092	0.010314	-0.049523
7816	-0.063691	0.008009	-0.052117
7817	-0.061427	-0.018427	-0.052107
7818	-0.062937	-0.049436	-0.054137
7819	-0.057947	-0.020622	-0.051006
7820	-0.056133	-0.025537	-0.046347
7821	-0.059348	-0.040886	-0.046670
7822	-0.063167	0.003270	-0.041885
7823	-0.071941	-0.010071	-0.034287
7824	-0.071339	-0.000648	-0.035554
7825	-0.081542	0.005885	-0.039272
7826	-0.079821	0.032264	-0.061009
7827	-0.085309	0.046976	-0.056543
7828	-0.077186	0.041132	-0.051160
7829	-0.071628	0.055818	-0.047746
7830	-0.071860	0.074074	-0.057012
7831	-0.060200	0.058974	-0.056312
7832	-0.046800	0.070702	-0.062268
7833	-0.024508	0.025319	-0.067758
7834	-0.013486	0.006836	-0.062013
7835	-0.014666	0.012548	-0.057002
7836	-0.016565	0.022296	-0.052040
7837	-0.020141	-0.006902	-0.059125
7838	-0.017961	-0.009915	-0.059408
7839	-0.021498	0.000680	-0.054844
7840	-0.019553	-0.014685	-0.046092
7841	-0.023554	0.009568	-0.057643
7842	-0.013200	0.001545	-0.065601
7843	-0.009477	0.011133	-0.074523
7844	-0.007412	0.036513	-0.084096
7845	-0.002535	0.014861	-0.084911
7846	0.003085	-0.002495	-0.091443
7847	0.002825	0.016509	-0.101220
7848	0.003524	0.019718	-0.106281
7849	0.001016	0.008807	-0.115382
7850	-0.000980	-0.019700	-0.120215
7851	-0.007773	0.013720	-0.106479
7852	-0.008016	-0.016979	-0.106810
7853	-0.004651	0.008773	-0.107397
7854	-0.003995	-0.007321	-0.102013
7855	0.000799	0.003881	-0.107629
7856	-0.002097	0.001980	-0.104392
7857	-0.004240	0.044635	-0.098255
7858	-0.006811	0.031950	-0.095832
7859	-0.004656	0.004165	-0.094914
7860	-0.001776	-0.007897	-0.090910
7861	0.009601	0.011633	-0.097590
7862	0.016168	0.026329	-0.098215
7863	0.022927	-0.002004	-0.086000
7864	0.022446	-0.009956	-0.080455
7865	0.019080	-0.062719	-0.071989
7866	0.018252	-0.023909	-0.066067
7867	0.030324	-0.045652	-0.063685
7868	0.039905	-0.002398	-0.051167
7869	0.042164	-0.002560	-0.040648
7870	0.041059	-0.020509	-0.027225
7871	0.036127	-0.038037	-0.012286
7872	0.033067	-0.041811	-0.002673
7873	0.029085	-0.037406	0.012847
7874	0.024212	-0.009452	0.018969
7875	0.023629	-0.006541	0.033233
7876	0.015367	-0.011685	0.054538
7877	0.005349	0.007530	0.071113
7878	0.006343	0.028006	0.079453
7879	0.003484	-0.011438	0.082923
7880	0.003504	-0.008161	0.087785
7881	0.004528	-0.006398	0.082022
7882	0.011339	-0.013298	0.082480
7883	0.016211	-0.002575	0.071282
7884	0.021324	-0.001484	0.062289
7885	0.027418	-0.005999	0.059208
7886	0.027173	0.011891	0.049515
7887	0.027375	0.016979	0.038801
7888	0.029815	0.017199	0.034307
7889	0.028767	-0.002989	0.031396
7890	0.023847	0.014001	0.021319
7891	0.020787	0.028113	0.010453
7892	0.015852	0.013671	0.000709
7893	0.020908	-0.005839	-0.006869
7894	0.027597	-0.004000	-0.017097
7895	0.030447	-0.007412	-0.026735
7896	0.033088	-0.007990	-0.041743
7897	0.034020	0.008935	-0.037436
7898	0.032510	0.001750	-0.043920
7899	0.030853	-0.044778	-0.047870
7900	0.019944	-0.010414	-0.051322
7901	0.009425	-0.031660	-0.052504
7902	-0.005313	-0.051672	-0.055207
7903	-0.013522	-0.020734	-0.052589
7904	-0.018294	0.004631	-0.050851
7905	-0.019448	-0.018249	-0.054190
7906	-0.023325	-0.037221	-0.054538
7907	-0.032550	-0.026771	-0.057477
7908	-0.032348	-0.018663	-0.061585
7909	-0.029576	-0.043740	-0.049398
7910	-0.028456	-0.029648	-0.046691
7911	-0.033402	-0.024179	-0.040658
7912	-0.037916	0.006644	-0.041903
7913	-0.036479	0.010412	-0.043803
7914	-0.037543	-0.022302	-0.048877
7915	-0.041279	-0.011213	-0.053773
7916	-0.052180	-0.012679	-0.052266
7917	-0.057454	0.034278	-0.056776
7918	-0.065130	0.029266	-0.056276
7919	-0.056622	0.005846	-0.052608
7920	-0.050708	0.013826	-0.039207
7921	-0.040600	0.010094	-0.033537
7922	-0.044455	-0.023349	-0.027295
7923	-0.040736	-0.018536	-0.012108
7924	-0.047230	-0.009532	-0.005034
7925	-0.052094	0.003334	-0.001374
7926	-0.061573	-0.009240	0.002286
7927	-0.076249	0.001965	0.004246
7928	-0.081905	-0.004536	-0.005047
7929	-0.082870	0.008819	-0.012832
7930	-0.080387	-0.007105	-0.020093
7931	-0.079542	0.030339	-0.018789
7932	-0.080286	0.003244	-0.018522
7933	-0.085690	-0.014406	-0.025908
7934	-0.092969	-0.011771	-0.033478
7935	-0.097316	-0.044909	-0.030310
7936	-0.110140	-0.083892	-0.042335
7937	-0.113814	-0.057971	-0.037368
7938	-0.102230	-0.033233	-0.034397
7939	-0.095070	-0.045592	-0.030538
7940	-0.078666	-0.042052	-0.026413
7941	-0.062152	-0.015548	-0.028112
7942	-0.059685	0.000764	-0.029970
7943	-0.057760	0.006399	-0.033898
7944	-0.057203	0.024002	-0.036268
7945	-0.064894	0.022268	-0.037499
7946	-0.061728	0.012557	-0.032911
7947	-0.069849	-0.008764	-0.027450
7948	-0.083860	0.036106	-0.020098
7949	-0.089076	-0.012335	-0.007097
7950	-0.087300	-0.004804	-0.009242
7951	-0.080995	-0.031008	-0.010017
7952	-0.062445	-0.033894	-0.010182
7953	-0.039580	-0.024561	-0.017726
7954	-0.014936	0.015184	-0.022572
7955	-0.008103	-0.034592	-0.016562
7956	-0.014627	0.030006	-0.006708
7957	-0.022450	0.005925	0.003710
7958	-0.032704	-0.015654	0.014969
7959	-0.043306	0.002122	0.022596
7960	-0.045238	0.002554	0.024234
7961	-0.040625	0.000407	0.018326
7962	-0.033589	-0.013524	0.019183
7963	-0.025856	0.040940	0.024964
7964	-0.019743	0.024889	0.024355
7965	-0.024391	-0.019085	0.026737
7966	-0.022089	-0.012380	0.033433
7967	-0.018558	-0.009550	0.035818
7968	-0.017917	0.003851	0.037458
7969	-0.013920	0.010384	0.041642
7970	-0.013350	0.005549	0.046025
7971	-0.011748	-0.007697	0.052977
7972	-0.005818	-0.015027	0.063449
7973	-0.006179	-0.014223	0.067832
7974	0.004203	-0.031397	0.070186
7975	0.010055	0.007358	0.080980
7976	0.018635	0.040103	0.080225
7977	0.023958	0.036728	0.088468
7978	0.025114	0.018853	0.092798
7979	0.027093	-0.005671	0.092374
7980	0.025394	-0.011749	0.093250
7981	0.036396	0.019542	0.101858
7982	0.046702	0.025754	0.109866
7983	0.059523	-0.002570	0.115340
7984	0.073181	-0.000980	0.119228
7985	0.077480	0.026111	0.122221
7986	0.080896	0.031706	0.130730
7987	0.085399	0.036192	0.128258
7988	0.088534	0.023441	0.128314
7989	0.090371	0.007307	0.125961
7990	0.089814	-0.024434	0.128128
7991	0.088027	0.017003	0.124290
7992	0.097699	0.028241	0.116378
7993	0.099402	0.005086	0.113277
7994	0.103196	-0.025621	0.101039
7995	0.105481	0.024314	0.091899
7996	0.107711	-0.030927	0.085035
7997	0.108123	-0.035077	0.079973
7998	0.104257	-0.059768	0.071002
7999	0.105358	0.002715	0.068588
8000	0.103096	-0.016167	0.076559
8001	0.099135	-0.029156	0.067692
8002	0.098025	-0.024950	0.067726
8003	0.102224	0.005448	0.068030
8004	0.098432	-0.003459	0.068724
8005	0.096685	0.001862	0.070226
8006	0.107071	0.011164	0.066556
8007	0.110269	0.025926	0.075422
8008	0.119771	0.009102	0.075059
8009	0.130564	-0.006048	0.067518
8010	0.139468	-0.000172	0.062638
8011	0.144355	0.032133	0.061184
8012	0.144420	0.068503	0.049356
8013	0.146674	0.049894	0.038978
8014	0.140754	0.060531	0.032197
8015	0.138178	0.032819	0.027388
8016	0.134915	0.036803	0.027036
8017	0.129966	0.021104	0.024909
8018	0.120053	0.042262	0.025270
8019	0.109908	0.050394	0.025826
8020	0.105673	0.060437	0.027076
8021	0.101038	-0.001597	0.022171
8022	0.097383	-0.012402	0.026686
8023	0.100788	0.011968	0.028744
8024	0.095311	0.025858	0.023779
8025	0.088752	0.036346	0.020664
8026	0.077165	0.041674	0.027524
8027	0.071406	0.082741	0.018963
8028	0.066146	0.032638	0.018191
8029	0.072018	0.010303	0.015648
8030	0.067590	0.020697	0.016124
8031	0.070897	0.002284	0.023924
8032	0.072254	0.017120	0.028081
8033	0.058968	0.012614	0.027868
8034	0.047829	0.019405	0.026293
8035	0.032343	0.010800	0.035569
8036	0.013252	0.002725	0.031788
8037	0.001936	-0.017440	0.031435
8038	0.001646	0.013910	0.033120
8039	-0.005249	-0.020985	0.031230
8040	-0.007668	0.010922	0.037905
8041	-0.011276	0.008218	0.053770
8042	-0.011957	0.023432	0.059988
8043	-0.002985	0.006421	0.071085
8044	-0.010355	-0.030737	0.081234
8045	-0.020951	0.001449	0.091343
8046	-0.021317	-0.001825	0.096783
8047	-0.024665	-0.045472	0.098507
8048	-0.027777	-0.047183	0.100248
8049	-0.025918	-0.030765	0.096008
8050	-0.022105	-0.015917	0.101983
8051	-0.016536	-0.034168	0.104039
8052	-0.014677	-0.009667	0.109266
8053	-0.012884	0.014486	0.100744
8054	-0.010697	0.021946	0.095575
8055	-0.016956	0.066215	0.082399
8056	-0.025125	0.037763	0.073173
8057	-0.026780	0.045481	0.060464
8058	-0.028991	0.040474	0.056810
8059	-0.038333	0.019825	0.048623
8060	-0.046660	0.066008	0.046352
8061	-0.063280	0.036661	0.038104
8062	-0.073496	0.044141	0.033957
8063	-0.078007	-0.003785	0.045853
8064	-0.092417	0.006996	0.055646
8065	-0.104156	0.011357	0.058829
8066	-0.111435	0.018101	0.054031
8067	-0.115765	-0.035168	0.060198
8068	-0.122940	-0.018859	0.063475
8069	-0.121105	-0.062189	0.058718
8070	-0.123624	-0.045536	0.060267
8071	-0.122080	-0.039477	0.060835
8072	-0.117176	-0.007191	0.056116
8073	-0.109754	-0.021695	0.050482
8074	-0.105266	0.005735	0.041479
8075	-0.109459	-0.006855	0.042262
8076	-0.115982	-0.021731	0.048660
8077	-0.112240	-0.031118	0.047493
8078	-0.108222	-0.033504	0.051546
8079	-0.103864	-0.022289	0.069348
8080	-0.098530	-0.045222	0.084278
8081	-0.086438	-0.000808	0.087049
8082	-0.076844	0.010851	0.091807
8083	-0.063977	0.029177	0.099198
8084	-0.050667	0.011075	0.103354
8085	-0.034493	0.012526	0.107982
8086	-0.023263	-0.006360	0.106776
8087	-0.013600	-0.001125	0.102408
8088	-0.010877	0.005245	0.097582
8089	-0.001722	0.025870	0.086833
8090	0.002497	0.039605	0.079668
8091	0.004457	0.060464	0.070518
8092	0.001106	0.033049	0.073777
8093	0.005718	0.021197	0.067153
8094	0.008813	0.068700	0.071975
8095	0.004770	0.054042	0.063589
8096	-0.001297	0.030358	0.057537
8097	-0.019554	0.067286	0.050556
8098	-0.014233	0.041760	0.047240
8099	-0.014398	0.039924	0.029727
8100	-0.002446	0.049282	0.009691
8101	0.007008	0.018015	-0.007106
8102	0.014164	-0.033932	-0.019498
8103	0.008415	-0.037619	-0.022403
8104	0.010632	-0.048965	-0.019458
8105	0.005193	-0.028346	-0.016940
8106	0.002848	-0.008390	-0.017451
8107	-0.010614	0.011017	-0.012648
8108	-0.020029	0.003511	-0.003308
8109	-0.023943	0.025085	-0.001159
8110	-0.032260	0.002602	0.005358
8111	-0.033226	-0.004752	0.005582
8112	-0.042689	-0.015971	0.016417
8113	-0.046503	0.000868	0.027288
8114	-0.045164	-0.000297	0.045541
8115	-0.046484	-0.009433	0.057646
8116	-0.046102	-0.026976	0.063927
8117	-0.029393	-0.040594	0.068613
8118	-0.028786	-0.059376	0.073986
8119	-0.030248	-0.028273	0.077767
8120	-0.031544	-0.018017	0.081973
8121	-0.034918	0.013946	0.086404
8122	-0.032974	0.018370	0.093389
8123	-0.033646	-0.048112	0.101359
8124	-0.036290	-0.006517	0.106596
8125	-0.043322	0.024835	0.114142
8126	-0.047376	0.029312	0.120047
8127	-0.044503	0.031766	0.127587
8128	-0.042254	0.033675	0.134715
8129	-0.033247	0.016802	0.132551
8130	-0.021065	-0.018658	0.131847
8131	-0.011003	-0.053910	0.128833
8132	-0.009973	-0.002518	0.130895
8133	-0.012147	0.002775	0.124469
8134	0.001459	-0.007492	0.118387
8135	0.014481	-0.035627	0.104316
8136	0.017735	-0.022486	0.093559
8137	0.019900	-0.036114	0.090993
8138	0.026198	-0.001890	0.098094
8139	0.030795	0.024225	0.115617
8140	0.038435	0.044745	0.126052
8141	0.037726	0.025576	0.126824
8142	0.032597	0.052984	0.135038
8143	0.027271	0.016001	0.149202
8144	0.019466	-0.001294	0.150486
8145	0.022177	-0.000235	0.155578
8146	0.021944	0.000938	0.157217
8147	0.023091	0.016509	0.159418
8148	0.020000	-0.006859	0.156876
8149	0.011313	-0.013002	0.157710
8150	0.007039	-0.001306	0.155749
8151	0.004240	0.019965	0.151616
8152	-0.002186	0.003655	0.155311
8153	-0.003014	-0.027074	0.147485
8154	-0.012842	-0.049136	0.146148
8155	-0.009518	-0.013603	0.141114
8156	-0.006983	-0.019827	0.123665
8157	-0.001997	-0.048186	0.117753
8158	-0.002727	-0.027681	0.112476
8159	0.002319	-0.041337	0.112603
8160	0.021038	-0.059090	0.104078
8161	0.029421	-0.043009	0.103221
8162	0.029891	-0.041956	0.100296
8163	0.028900	-0.065281	0.094457
8164	0.026147	-0.030213	0.085823
8165	0.021610	-0.042667	0.084299
8166	0.019095	-0.027038	0.086470
8167	0.017687	-0.008480	0.082375
8168	0.014539	0.046640	0.070042
8169	0.012965	0.029930	0.059500
8170	0.014789	0.062988	0.040641
8171	0.017807	0.007458	0.031363
8172	0.018772	-0.015485	0.027680
8173	0.000235	0.006593	0.022298
8174	-0.002035	-0.005864	0.015722
8175	-0.000313	0.003197	0.016897
8176	0.005561	-0.020115	0.018282
8177	0.013303	0.000245	0.021968
8178	0.016020	-0.014057	0.022678
8179	0.023485	-0.017742	0.018920
8180	0.035271	-0.034058	0.030009
8181	0.038829	0.032148	0.028817
8182	0.045462	0.020195	0.027487
8183	0.049632	0.049802	0.036047
8184	0.047602	0.010666	0.043635
8185	0.051974	-0.013398	0.042805
8186	0.055388	-0.009404	0.042928
8187	0.063020	-0.011900	0.031298
8188	0.067205	-0.037886	0.020748
8189	0.077870	0.000003	0.004344
8190	0.089245	-0.024232	-0.010416
8191	0.084227	-0.018839	-0.021756
8192	0.075413	-0.046325	-0.032334
8193	0.070906	-0.002239	-0.043089
8194	0.064368	0.022354	-0.031037
8195	0.059570	0.003293	-0.024283
8196	0.048998	0.011346	-0.022105
8197	0.042397	0.003870	-0.022450
8198	0.030886	-0.008184	-0.013080
8199	0.026731	-0.025057	-0.005827
8200	0.022643	-0.002171	0.005202
8201	0.021678	-0.013947	0.013997
8202	0.012356	-0.045722	0.022039
8203	-0.001117	-0.026231	0.013748
8204	-0.018645	0.018375	0.010295
8205	-0.025319	0.023570	0.026594
8206	-0.032453	0.007719	0.035347
8207	-0.034833	0.006346	0.037566
8208	-0.043614	-0.024801	0.041678
8209	-0.059408	0.002834	0.046004
8210	-0.065129	-0.019509	0.069080
8211	-0.075890	-0.006342	0.082037
8212	-0.077780	-0.018010	0.089443
8213	-0.079659	0.013820	0.097203
8214	-0.084452	-0.024087	0.098044
8215	-0.092171	-0.015077	0.103595
8216	-0.098106	-0.033100	0.107737
8217	-0.108164	-0.013923	0.115334
8218	-0.098910	-0.036260	0.126374
8219	-0.096315	-0.036786	0.129491
8220	-0.095652	-0.012188	0.136168
8221	-0.099560	-0.010176	0.140587
8222	-0.091019	0.018893	0.140564
8223	-0.079523	-0.016271	0.140937
8224	-0.076632	-0.055005	0.136778
8225	-0.072173	-0.005666	0.133030
8226	-0.070922	-0.010771	0.117256
8227	-0.076660	-0.019020	0.112719
8228	-0.061445	0.001772	0.113493
8229	-0.043142	0.003579	0.112730
8230	-0.051577	0.005340	0.104246
8231	-0.057013	0.013826	0.101475
8232	-0.060336	-0.003251	0.098178
8233	-0.069662	-0.022889	0.087776
8234	-0.063816	-0.008520	0.080470
8235	-0.070475	-0.043574	0.074866
8236	-0.073127	-0.050349	0.068474
8237	-0.081488	-0.023556	0.058409
8238	-0.081760	-0.007239	0.045813
8239	-0.087161	0.001163	0.041092
8240	-0.092661	-0.013434	0.041645
8241	-0.092406	-0.004548	0.041093
8242	-0.086917	0.003863	0.038216
8243	-0.078857	0.024781	0.042248
8244	-0.079581	-0.003280	0.040235
8245	-0.077521	0.032053	0.036515
8246	-0.075399	0.030018	0.037946
8247	-0.070044	0.063170	0.022110
8248	-0.062855	0.040380	0.003787
8249	-0.048965	-0.018463	-0.007807
8250	-0.034529	-0.000215	-0.012397
8251	-0.030356	0.009764	-0.009481
8252	-0.020479	-0.001915	-0.004435
8253	-0.011942	-0.010446	0.000873
8254	0.005115	0.001450	0.004878
8255	0.004284	0.019231	0.013907
8256	0.009358	-0.043053	0.010689
8257	0.012562	0.000107	0.014928
8258	0.012896	-0.018756	0.020599
8259	0.008193	-0.000032	0.027081
8260	0.005747	0.022068	0.018757
8261	0.007818	0.003950	0.014639
8262	0.010562	0.009092	0.017211
8263	0.008312	-0.014836	0.023151
8264	0.016220	-0.002378	0.023517
8265	0.022521	-0.004294	0.033254
8266	0.025517	-0.017498	0.032409
8267	0.019452	-0.015690	0.034259
8268	0.027658	-0.001333	0.045423
8269	0.030382	0.031938	0.049216
8270	0.017556	0.034532	0.039677
8271	0.010677	0.013971	0.026362
8272	0.001357	0.041752	0.018069
8273	0.000159	0.048646	0.010200
8274	0.000599	0.032767	0.006002
8275	0.016012	0.028827	0.011156
8276	0.010034	0.001480	0.007745
8277	0.017382	0.001716	0.015484
8278	0.011632	-0.013176	0.020973
8279	0.008054	-0.045698	0.028637
8280	-0.005556	-0.058718	0.040102
8281	-0.019890	-0.039717	0.041428
8282	-0.029504	-0.015768	0.044960
8283	-0.031009	0.001861	0.038468
8284	-0.034153	-0.010857	0.050163
8285	-0.036367	0.006220	0.047801
8286	-0.043200	-0.049275	0.051855
8287	-0.046408	-0.037676	0.059741
8288	-0.043303	-0.010862	0.078014
8289	-0.028917	0.001850	0.088062
8290	-0.012836	0.010880	0.092539
8291	0.006519	0.012452	0.094104
8292	0.022437	-0.006042	0.091084
8293	0.034179	0.029388	0.088054
8294	0.044244	-0.000090	0.076810
8295	0.057712	-0.007272	0.067699
8296	0.060321	-0.001552	0.066400
8297	0.051957	0.010035	0.070967
8298	0.057501	0.006360	0.077272
8299	0.060155	0.047451	0.076467
8300	0.062112	0.022718	0.079696
8301	0.063598	0.039368	0.080475
8302	0.058237	0.055578	0.076516
8303	0.060478	0.023826	0.075749
8304	0.070583	0.029169	0.074958
8305	0.084738	0.022056	0.071934
8306	0.098087	0.012532	0.075492
8307	0.094918	-0.023232	0.074479
8308	0.088220	-0.008124	0.070776
8309	0.098730	-0.053428	0.066868
8310	0.099238	-0.051203	0.060235
8311	0.088384	-0.026866	0.068517
8312	0.078659	-0.008011	0.069578
8313	0.068578	-0.033016	0.064186
8314	0.063252	-0.007141	0.061639
8315	0.053157	-0.030481	0.059245
8316	0.049288	-0.035145	0.053406
8317	0.054355	-0.044356	0.043017
8318	0.051511	0.010945	0.040596
8319	0.055037	0.014207	0.028003
8320	0.061179	0.028059	0.030333
8321	0.068684	0.023626	0.029938
8322	0.068486	-0.022817	0.035041
8323	0.073756	-0.033391	0.040442
8324	0.068013	-0.027664	0.035035
8325	0.077022	-0.034784	0.042496
8326	0.083447	-0.050901	0.063464
8327	0.088192	-0.037938	0.073661
8328	0.104434	-0.030814	0.080353
8329	0.107217	-0.045700	0.088031
8330	0.115224	-0.046631	0.079826
8331	0.123266	-0.032171	0.068328
8332	0.130673	0.014844	0.062903
8333	0.130325	0.028935	0.065386
8334	0.129450	0.028557	0.052621
8335	0.123582	-0.007255	0.031555
8336	0.117434	-0.007101	0.018899
8337	0.114430	-0.035990	0.003240
8338	0.105475	-0.012451	-0.003183
8339	0.098928	0.028735	-0.022340
8340	0.095992	0.005681	-0.022465
8341	0.096313	0.012730	-0.028319
8342	0.099828	0.026982	-0.022638
8343	0.108286	-0.000960	-0.016502
8344	0.094313	0.022853	-0.000566
8345	0.079309	0.020326	0.007228
8346	0.064717	0.031478	0.002233
8347	0.057820	0.034486	0.007293
8348	0.059729	0.032171	0.018874
8349	0.049851	0.015904	0.021753
8350	0.043765	0.005451	0.024637
8351	0.043550	-0.025336	0.039676
8352	0.052617	-0.013039	0.044633
8353	0.046567	-0.024420	0.041689
8354	0.040147	0.001074	0.031860
8355	0.027974	0.018622	0.035245
8356	0.025660	-0.010042	0.029556
8357	0.018913	-0.033733	0.031612
8358	0.007308	-0.032977	0.027279
8359	0.001788	-0.018001	0.018911
8360	0.000881	0.040931	0.019419
8361	0.002686	0.042497	0.015386
8362	0.002961	0.019146	0.010426
8363	0.006419	0.015628	0.003673
8364	-0.004687	0.017077	-0.004499
8365	-0.004863	-0.039306	-0.012925
8366	-0.006553	-0.030729	-0.021711
8367	-0.007378	0.003870	-0.016455
8368	-0.001154	-0.008004	-0.023845
8369	-0.005098	0.001222	-0.020573
8370	-0.013469	0.038773	-0.017345
8371	-0.011194	0.038325	-0.011952
8372	-0.005665	0.049980	-0.006585
8373	-0.003799	0.016954	-0.003148
8374	0.000401	0.030918	-0.004863
8375	0.002175	0.001318	-0.013070
8376	0.001494	-0.000711	-0.008357
8377	0.006894	0.028034	-0.013369
8378	0.011090	0.017569	-0.007785
8379	0.010277	0.045056	0.000005
8380	0.022475	0.072326	0.000288
8381	0.021043	0.016562	0.001120
8382	0.017036	0.038602	-0.000179
8383	0.028927	0.028671	-0.005576
8384	0.038977	0.029337	0.000226
8385	0.036048	0.022039	0.015636
8386	0.040367	0.026111	0.020414
8387	0.043375	0.026395	0.018899
8388	0.056943	0.011932	0.021663
8389	0.069280	-0.019300	0.014994
8390	0.074090	-0.016115	0.013113
8391	0.082583	-0.031042	0.019252
8392	0.078776	-0.050417	0.023332
8393	0.067049	-0.025998	0.022975
8394	0.061261	-0.002248	0.018796
8395	0.048686	0.013037	0.027787
8396	0.031684	0.028347	0.034281
8397	0.014271	0.040577	0.050489
8398	-0.004390	0.039567	0.051634
8399	-0.020895	0.045094	0.062341
8400	-0.028710	0.057076	0.071973
8401	-0.034385	0.050590	0.081822
8402	-0.033761	0.032822	0.073796
8403	-0.034593	0.045241	0.069102
8404	-0.037947	0.004153	0.056506
8405	-0.032224	0.003248	0.041417
8406	-0.030467	-0.027338	0.025188
8407	-0.021787	0.010414	0.017644
8408	-0.018720	-0.016811	0.010932
8409	-0.011943	-0.000825	-0.004663
8410	-0.003250	-0.015208	-0.004625
8411	0.005339	0.015852	-0.016143
8412	0.002123	-0.020560	-0.016152
8413	0.006018	0.013076	-0.029276
8414	0.009921	0.056037	-0.036099
8415	0.015354	-0.012637	-0.045351
8416	0.024417	-0.003334	-0.056144
8417	0.029244	-0.013708	-0.075060
8418	0.037278	-0.059388	-0.084684
8419	0.053167	-0.033319	-0.095256
8420	0.058113	-0.014894	-0.095694
8421	0.049843	-0.030646	-0.101554
8422	0.054269	0.003503	-0.108950
8423	0.039240	0.018011	-0.116306
8424	0.026801	0.019454	-0.123080
8425	0.015523	-0.004540	-0.120987
8426	0.008845	0.032163	-0.118690
8427	-0.006435	0.007216	-0.121821
8428	-0.016983	-0.019788	-0.121426
8429	-0.031583	0.012294	-0.119641
8430	-0.037962	0.007755	-0.123783
8431	-0.048269	-0.003140	-0.128266
8432	-0.046146	-0.057523	-0.132578
8433	-0.042450	-0.023540	-0.129663
8434	-0.040812	0.013562	-0.123188
8435	-0.044526	-0.016169	-0.120784
8436	-0.044370	0.007641	-0.121512
8437	-0.039480	-0.026067	-0.121964
8438	-0.039485	-0.041269	-0.122334
8439	-0.042606	0.004070	-0.120971
8440	-0.052479	-0.042584	-0.115022
8441	-0.058272	-0.003520	-0.103415
8442	-0.067119	0.008685	-0.096112
8443	-0.075469	0.017504	-0.088916
8444	-0.075560	-0.000939	-0.072372
8445	-0.078261	0.004314	-0.067142
8446	-0.081933	0.020715	-0.057080
8447	-0.085987	-0.037040	-0.058252
8448	-0.077774	-0.052527	-0.039299
8449	-0.060976	-0.083538	-0.032897
8450	-0.053395	-0.059790	-0.021039
8451	-0.050274	-0.069568	-0.009894
8452	-0.050666	-0.056479	0.005803
8453	-0.043776	-0.064301	0.017068
8454	-0.031691	-0.046960	0.027598
8455	-0.028411	-0.025162	0.032014
8456	-0.032261	-0.034805	0.031325
8457	-0.039663	-0.018142	0.034347
8458	-0.049033	-0.026462	0.035673
8459	-0.049300	0.011478	0.042459
8460	-0.043494	-0.020715	0.041031
8461	-0.048106	-0.003273	0.038934
8462	-0.055107	0.031553	0.033854
8463	-0.065492	0.008492	0.035191
8464	-0.076289	0.051917	0.033540
8465	-0.072774	0.045803	0.037995
8466	-0.070525	-0.011298	0.029820
8467	-0.071757	-0.029854	0.016318
8468	-0.079956	-0.015860	0.018521
8469	-0.084322	0.009591	0.018257
8470	-0.096657	0.002432	0.014870
8471	-0.096720	0.020249	0.013857
8472	-0.104375	0.039262	0.010124
8473	-0.102134	0.062610	-0.001349
8474	-0.109869	0.029434	-0.007527
8475	-0.113928	0.050515	0.006280
8476	-0.098786	-0.003668	0.007604
8477	-0.069768	-0.014700	-0.004959
8478	-0.057224	-0.014927	0.001392
8479	-0.054849	-0.012624	0.007296
8480	-0.042684	0.008421	0.024059
8481	-0.033427	0.059911	0.027342
8482	-0.027119	0.080860	0.029987
8483	-0.017694	0.065709	0.024424
8484	-0.008447	0.065503	0.024990
8485	0.005501	0.053425	0.025413
8486	0.005476	0.033864	0.021435
8487	-0.007212	0.021567	0.018709
8488	-0.002287	-0.013421	0.019383
8489	-0.013319	0.001959	0.006334
8490	-0.022736	-0.026137	0.008676
8491	-0.022684	-0.037576	0.000780
8492	-0.025204	-0.028818	-0.004723
8493	-0.036174	-0.048458	-0.001382
8494	-0.033170	-0.070002	0.009345
8495	-0.017104	-0.040671	0.010597
8496	-0.005681	-0.042973	0.018334
8497	0.003359	-0.016598	0.023556
8498	0.006189	-0.016774	0.019977
8499	0.006964	-0.060724	0.019872
8500	-0.001619	-0.023634	0.019816
8501	-0.011767	-0.019005	0.015393
8502	-0.027129	-0.006811	0.003182
8503	-0.029383	0.044806	-0.003218
8504	-0.033175	0.040514	-0.010522
8505	-0.038684	0.012131	-0.026121
8506	-0.038696	-0.005384	-0.044110
8507	-0.041387	-0.014188	-0.065308
8508	-0.057059	0.033694	-0.078333
8509	-0.062960	0.024808	-0.093457
8510	-0.067070	0.049121	-0.106717
8511	-0.068614	0.066991	-0.126330
8512	-0.066034	0.067152	-0.140869
8513	-0.061182	0.041764	-0.157423
8514	-0.057273	0.021571	-0.163643
8515	-0.055351	-0.019442	-0.178941
8516	-0.051191	0.002020	-0.178861
8517	-0.046505	-0.026863	-0.171760
8518	-0.052344	-0.011442	-0.164203
8519	-0.058228	-0.008999	-0.161209
8520	-0.059740	-0.039696	-0.146009
8521	-0.052189	-0.024317	-0.118568
8522	-0.051528	-0.030648	-0.112790
8523	-0.038386	0.005610	-0.109170
8524	-0.030182	0.005148	-0.092415
8525	-0.032718	0.009633	-0.076037
8526	-0.029841	-0.004784	-0.061640
8527	-0.032487	-0.034728	-0.043501
8528	-0.033530	-0.000656	-0.031200
8529	-0.031974	0.011051	-0.026654
8530	-0.037896	-0.000009	-0.020048
8531	-0.036365	-0.012547	-0.009724
8532	-0.038675	-0.014181	-0.004191
8533	-0.026534	0.002609	0.002785
8534	-0.021334	-0.010013	0.001110
8535	-0.028354	0.012214	0.005357
8536	-0.050588	0.002201	0.000597
8537	-0.066583	0.036301	0.010881
8538	-0.078639	0.008590	-0.000002
8539	-0.092765	-0.003758	-0.007007
8540	-0.108331	-0.003012	-0.013745
8541	-0.115815	0.000889	-0.022601
8542	-0.133486	0.013137	-0.017623
8543	-0.144684	0.005736	-0.002364
8544	-0.145463	-0.011030	0.015876
8545	-0.143808	-0.006445	0.017585
8546	-0.149836	0.002343	0.027235
8547	-0.153911	0.026095	0.019552
8548	-0.155689	0.044622	0.016398
8549	-0.157404	-0.003178	0.019724
8550	-0.151475	-0.007195	0.018842
8551	-0.154419	0.038962	-0.001136
8552	-0.158841	0.025081	-0.017131
8553	-0.164295	0.085947	-0.026749
8554	-0.171237	0.077851	-0.030531
8555	-0.173397	0.027430	-0.040268
8556	-0.168293	0.004743	-0.051795
8557	-0.168172	0.028404	-0.053277
8558	-0.169155	0.016607	-0.071242
8559	-0.165422	0.014130	-0.073035
8560	-0.168095	-0.006192	-0.073701
8561	-0.172943	-0.022194	-0.072513
8562	-0.172447	-0.040052	-0.067265
8563	-0.171413	-0.005426	-0.066165
8564	-0.169859	0.014356	-0.069802
8565	-0.150448	-0.003657	-0.074975
8566	-0.130309	0.006856	-0.083818
8567	-0.120302	0.006506	-0.092529
8568	-0.106880	-0.025605	-0.102319
8569	-0.087283	0.006322	-0.107445
8570	-0.084787	0.030206	-0.117336
8571	-0.078099	0.054592	-0.121962
8572	-0.067643	0.064190	-0.128027
8573	-0.058681	0.066539	-0.143799
8574	-0.049077	0.065947	-0.156190
8575	-0.050158	0.020502	-0.161004
8576	-0.052664	0.024809	-0.165609
8577	-0.057901	0.040784	-0.165100
8578	-0.063853	-0.037153	-0.158906
8579	-0.067500	-0.008202	-0.167912
8580	-0.058524	-0.008576	-0.163576
8581	-0.051529	-0.009973	-0.165857
8582	-0.047423	-0.012746	-0.162540
8583	-0.042289	-0.016812	-0.161162
8584	-0.043793	-0.039625	-0.166457
8585	-0.039038	-0.036252	-0.165917
8586	-0.034199	-0.060912	-0.153044
8587	-0.033611	-0.037726	-0.155271
8588	-0.027642	-0.024312	-0.148524
8589	-0.034185	0.007725	-0.142843
8590	-0.033281	0.004651	-0.129957
8591	-0.027774	-0.030051	-0.123669
8592	-0.019623	-0.047669	-0.108911
8593	-0.012938	-0.009763	-0.106215
8594	-0.005146	-0.033725	-0.095121
8595	-0.007553	-0.006119	-0.093566
8596	0.000214	0.005324	-0.100119
8597	-0.002052	0.045694	-0.102326
8598	0.008389	0.028163	-0.093850
8599	0.011395	-0.025411	-0.099247
8600	0.000646	-0.005422	-0.102595
8601	-0.002613	0.023780	-0.091676
8602	-0.003705	0.024573	-0.089429
8603	-0.003976	0.057378	-0.091192
8604	-0.006819	0.044672	-0.089461
8605	-0.001806	0.029392	-0.088543
8606	0.006851	0.005886	-0.095833
8607	-0.000527	-0.002271	-0.082697
8608	-0.002860	-0.014302	-0.068757
8609	0.002399	-0.005384	-0.061232
8610	0.008242	0.001263	-0.041576
8611	-0.001250	-0.029095	-0.039207
8612	0.000475	0.004801	-0.034726
8613	0.004072	0.005685	-0.037593
8614	0.006910	0.012156	-0.042926
8615	0.020893	0.025076	-0.040570
8616	0.026784	0.031654	-0.044139
8617	0.036586	-0.027865	-0.043785
8618	0.048424	-0.032068	-0.048647
8619	0.056588	-0.048387	-0.043730
8620	0.063863	-0.020665	-0.053783
8621	0.070236	-0.058425	-0.060359
8622	0.066375	-0.064179	-0.073424
8623	0.062788	-0.051277	-0.095238
8624	0.058648	-0.069075	-0.113819
8625	0.056921	-0.047333	-0.119070
8626	0.057770	-0.065006	-0.123099
8627	0.050843	-0.074453	-0.122953
8628	0.045650	-0.036598	-0.119332
8629	0.032531	-0.039571	-0.111282
8630	0.028410	-0.025988	-0.099116
8631	0.019917	-0.014693	-0.093009
8632	0.019568	-0.005957	-0.079203
8633	0.029443	0.027197	-0.080543
8634	0.030115	0.017299	-0.070951
8635	0.041231	0.015604	-0.067066
8636	0.056216	0.021870	-0.059489
8637	0.068831	-0.008501	-0.059821
8638	0.078303	0.023946	-0.059006
8639	0.074550	0.010614	-0.059316
8640	0.079449	0.015296	-0.059649
8641	0.084389	0.080051	-0.062574
8642	0.086682	0.086820	-0.065711
8643	0.083818	0.075097	-0.065479
8644	0.083857	0.084660	-0.067054
8645	0.080138	0.048924	-0.066984
8646	0.072689	0.045699	-0.066517
8647	0.065583	0.003927	-0.075553
8648	0.071303	-0.004592	-0.075532
8649	0.071747	0.026302	-0.068830
8650	0.059114	0.002572	-0.068081
8651	0.053965	0.027988	-0.064729
8652	0.063899	0.024005	-0.059500
8653	0.076327	0.010046	-0.050448
8654	0.087605	-0.019097	-0.042349
8655	0.079511	-0.026523	-0.040923
8656	0.070540	-0.066048	-0.050418
8657	0.057035	-0.083852	-0.053881
8658	0.057386	-0.033361	-0.049124
8659	0.057841	-0.037758	-0.060471
8660	0.062106	-0.049842	-0.060739
8661	0.068290	-0.001967	-0.050051
8662	0.072495	-0.019985	-0.049557
8663	0.075197	-0.012803	-0.042190
8664	0.090087	-0.038548	-0.046500
8665	0.106773	-0.033145	-0.039985
8666	0.116347	-0.018234	-0.044076
8667	0.123548	-0.019593	-0.045722
8668	0.133336	0.001439	-0.049071
8669	0.144969	0.003972	-0.054490
8670	0.141219	-0.019702	-0.062244
8671	0.144850	-0.011414	-0.071907
8672	0.148326	-0.022601	-0.081057
8673	0.152257	-0.040584	-0.087872
8674	0.156311	-0.011036	-0.082791
8675	0.150572	0.028709	-0.085894
8676	0.141002	0.064798	-0.083483
8677	0.136167	0.031877	-0.087074
8678	0.120174	0.024961	-0.086883
8679	0.110911	0.013723	-0.084250
8680	0.107929	-0.000557	-0.079398
8681	0.110235	-0.010106	-0.088939
8682	0.126422	-0.005353	-0.098390
8683	0.135265	0.009002	-0.096264
8684	0.135928	-0.032363	-0.093665
8685	0.147254	0.001075	-0.084321
8686	0.148162	-0.021157	-0.081459
8687	0.147380	-0.030746	-0.078044
8688	0.156696	0.005588	-0.082031
8689	0.159011	0.004725	-0.078387
8690	0.159329	-0.016059	-0.079797
8691	0.173221	-0.017560	-0.077344
8692	0.180614	0.022717	-0.084118
8693	0.185048	0.006645	-0.085607
8694	0.190979	-0.048425	-0.081198
8695	0.191119	-0.047628	-0.082626
8696	0.182111	-0.039066	-0.078407
8697	0.166800	-0.066571	-0.079116
8698	0.145266	-0.061777	-0.078716
8699	0.130682	-0.044279	-0.077867
8700	0.123317	-0.018640	-0.071607
8701	0.097888	-0.006245	-0.065427
8702	0.095435	0.022523	-0.045183
8703	0.088678	-0.030265	-0.039078
8704	0.085351	-0.047216	-0.034665
8705	0.074677	-0.037273	-0.027730
8706	0.053402	-0.081692	-0.014562
8707	0.033804	-0.080982	-0.015699
8708	0.027104	-0.034379	-0.013171
8709	0.012237	-0.054983	-0.016051
8710	0.014176	-0.015610	-0.013884
8711	0.010037	-0.039001	-0.018915
8712	0.008019	0.000766	-0.022702
8713	0.007466	0.015034	-0.035101
8714	0.010610	-0.002532	-0.054459
8715	0.012435	0.033006	-0.071811
8716	0.008676	-0.000447	-0.097638
8717	0.016188	-0.001863	-0.108227
8718	0.012994	-0.008509	-0.122318
8719	0.013179	-0.014383	-0.133517
8720	0.013465	-0.004408	-0.136068
8721	0.015533	0.016392	-0.140856
8722	0.019190	0.031653	-0.133425
8723	0.012548	0.034040	-0.122429
8724	0.009023	0.012856	-0.113750
8725	0.006838	-0.021902	-0.101766
8726	0.020011	-0.012691	-0.095574
8727	0.023715	-0.013046	-0.080174
8728	0.026502	0.009219	-0.066248
8729	0.034902	-0.028043	-0.063384
8730	0.028091	0.007154	-0.058240
8731	0.044320	0.007674	-0.049834
8732	0.053524	-0.049600	-0.031416
8733	0.061115	-0.063830	-0.020747
8734	0.062945	-0.033996	-0.021914
8735	0.059143	-0.006680	-0.017352
8736	0.049844	0.026652	-0.013878
8737	0.045007	0.050022	-0.006550
8738	0.036608	0.009238	-0.004529
8739	0.017177	0.015559	0.001278
8740	0.004806	0.016303	-0.003482
8741	-0.005568	-0.019003	-0.006054
8742	-0.001488	-0.029249	-0.011739
8743	0.000846	-0.003386	-0.014914
8744	-0.001682	0.013008	-0.019577
8745	-0.026395	0.045254	-0.020199
8746	-0.051793	0.026062	-0.021999
8747	-0.060181	0.015861	-0.037326
8748	-0.073926	0.011545	-0.044284
8749	-0.090586	-0.025599	-0.050710
8750	-0.080680	-0.010343	-0.050646
8751	-0.076170	-0.022735	-0.059390
8752	-0.070601	-0.062315	-0.080468
8753	-0.053361	-0.011260	-0.080323
8754	-0.045563	-0.031380	-0.086978
8755	-0.047588	-0.009210	-0.079269
8756	-0.053053	0.018455	-0.074542
8757	-0.059100	0.024574	-0.065000
8758	-0.065125	0.020912	-0.066838
8759	-0.055707	0.032026	-0.063741
8760	-0.060953	0.009705	-0.053229
8761	-0.071543	0.031817	-0.043829
8762	-0.066963	0.017432	-0.042489
8763	-0.064327	0.017008	-0.037350
8764	-0.068925	0.032356	-0.019787
8765	-0.067676	-0.017604	-0.014245
8766	-0.055274	-0.002864	-0.006669
8767	-0.059797	-0.006701	0.009653
8768	-0.066637	-0.042079	0.010851
8769	-0.066247	0.000407	-0.000103
8770	-0.036618	0.051859	0.001693
8771	-0.034353	0.057404	-0.004444
8772	-0.035954	0.070313	-0.015471
8773	-0.042023	0.043817	-0.012140
8774	-0.041700	0.016339	-0.018963
8775	-0.041166	-0.012519	-0.031398
8776	-0.046198	-0.006171	-0.040944
8777	-0.030913	-0.034376	-0.040107
8778	-0.032691	-0.054862	-0.055087
8779	-0.021695	-0.030709	-0.053790
8780	-0.002543	0.019000	-0.063165
8781	0.021883	-0.009040	-0.066032
8782	0.032286	0.004972	-0.049444
8783	0.039889	-0.014483	-0.039229
8784	0.047723	-0.010684	-0.049326
8785	0.060508	-0.059521	-0.048634
8786	0.067951	0.005225	-0.056941
8787	0.060720	0.034220	-0.071575
8788	0.063395	0.007914	-0.068843
8789	0.054042	0.011385	-0.071771
8790	0.028205	-0.012399	-0.082195
8791	0.012957	-0.046073	-0.088803
8792	-0.006788	-0.015331	-0.095310
8793	-0.023240	-0.036143	-0.108413
8794	-0.035521	-0.050030	-0.121730
8795	-0.054209	-0.021753	-0.128695
8796	-0.057573	-0.013933	-0.131480
8797	-0.054635	0.014593	-0.143189
8798	-0.052121	0.004112	-0.148115
8799	-0.052092	0.042198	-0.150443
8800	-0.054084	0.078973	-0.156447
8801	-0.048039	0.076895	-0.159083
8802	-0.038810	0.068785	-0.153554
8803	-0.039079	0.009745	-0.150934
8804	-0.040297	0.037711	-0.139919
8805	-0.035157	0.027981	-0.121742
8806	-0.033785	0.035658	-0.106276
8807	-0.030069	0.041079	-0.086060
8808	-0.023676	0.005094	-0.070106
8809	-0.013563	0.027533	-0.065861
8810	-0.004714	0.034259	-0.060680
8811	-0.001320	0.046810	-0.047695
8812	0.009250	-0.004655	-0.037332
8813	0.010570	-0.029860	-0.029126
8814	0.018728	-0.046180	-0.024540
8815	0.006123	-0.023481	-0.007283
8816	0.003893	-0.005792	-0.005156
8817	0.007185	-0.014346	0.009999
8818	0.013916	-0.030027	0.011755
8819	0.025233	-0.032598	0.003832
8820	0.024188	-0.033539	0.008406
8821	0.024230	-0.054519	0.012604
8822	0.033411	-0.083807	0.010198
8823	0.042493	-0.039670	0.013608
8824	0.043571	-0.006853	0.029861
8825	0.042693	-0.022973	0.040108
8826	0.035338	-0.035400	0.032272
8827	0.036069	0.001311	0.029896
8828	0.042739	-0.036427	0.030456
8829	0.049477	0.014183	0.032743
8830	0.049095	0.021773	0.027248
8831	0.041377	0.009432	0.020809
8832	0.029894	-0.040994	0.009136
8833	-0.000679	0.004177	0.001398
8834	-0.017258	-0.053003	-0.005728
8835	-0.028263	-0.004849	-0.010009
8836	-0.048753	-0.000405	-0.007038
8837	-0.064648	0.003517	-0.012581
8838	-0.062649	0.006328	-0.013399
8839	-0.064819	-0.008068	-0.027117
8840	-0.059505	0.044401	-0.031805
8841	-0.055881	0.027391	-0.037752
8842	-0.040781	0.066005	-0.068510
8843	-0.033430	0.079589	-0.076906
8844	-0.024648	0.069840	-0.089247
8845	-0.022518	0.066963	-0.096962
8846	-0.025360	0.046121	-0.097536
8847	-0.019729	0.041896	-0.111993
8848	-0.017268	0.033840	-0.134226
8849	-0.021639	0.005039	-0.140214
8850	-0.029958	0.039615	-0.146707
8851	-0.045356	0.053586	-0.149064
8852	-0.051702	0.061858	-0.135895
8853	-0.051984	0.040932	-0.132673
8854	-0.053721	0.046542	-0.131218
8855	-0.041418	0.017300	-0.113259
8856	-0.032248	-0.013061	-0.093353
8857	-0.030921	-0.014013	-0.090658
8858	-0.020324	-0.004587	-0.079956
8859	-0.006646	-0.004758	-0.081188
8860	0.005284	-0.001719	-0.082675
8861	-0.000912	-0.055553	-0.092511
8862	0.001576	-0.059306	-0.082887
8863	-0.007105	-0.115543	-0.079688
8864	-0.010693	-0.115591	-0.068580
8865	-0.017949	-0.082771	-0.049212
8866	-0.028454	-0.082126	-0.049700
8867	-0.042588	-0.069213	-0.050547
8868	-0.061942	-0.032012	-0.062818
8869	-0.088430	-0.068289	-0.051341
8870	-0.098334	-0.039694	-0.042759
8871	-0.104971	-0.002303	-0.051594
8872	-0.123654	0.012977	-0.055859
8873	-0.131864	-0.034181	-0.066501
8874	-0.147644	-0.044079	-0.073321
8875	-0.156413	-0.047688	-0.079635
8876	-0.164508	-0.020982	-0.087183
8877	-0.170630	-0.004787	-0.090795
8878	-0.165997	0.077457	-0.077777
8879	-0.159469	0.090473	-0.073572
8880	-0.153734	0.084774	-0.065554
8881	-0.146596	0.081159	-0.067451
8882	-0.133808	0.067915	-0.078799
8883	-0.143422	0.038442	-0.084794
8884	-0.151719	0.063234	-0.091728
8885	-0.157587	0.058695	-0.102234
8886	-0.160357	0.035257	-0.110468
8887	-0.159309	0.031896	-0.102148
8888	-0.160890	0.014416	-0.115595
8889	-0.148873	0.067799	-0.124253
8890	-0.138961	0.000239	-0.132415
8891	-0.143822	0.042072	-0.150872
8892	-0.149388	0.032256	-0.163555
8893	-0.148034	-0.011029	-0.191634
8894	-0.145494	0.023652	-0.208772
8895	-0.151437	-0.019377	-0.211130
8896	-0.149841	-0.059127	-0.216065
8897	-0.156337	-0.012933	-0.215513
8898	-0.160274	0.012899	-0.206568
8899	-0.154799	0.001299	-0.195527
8900	-0.161342	-0.003113	-0.184789
8901	-0.149228	0.009349	-0.181280
8902	-0.149049	0.048411	-0.169951
8903	-0.154604	-0.009304	-0.167237
8904	-0.164512	-0.045117	-0.158224
8905	-0.171388	-0.025873	-0.153250
8906	-0.168461	-0.031812	-0.145276
8907	-0.162017	-0.032809	-0.130589
8908	-0.157345	-0.045693	-0.115898
8909	-0.154717	-0.039655	-0.095793
8910	-0.159464	-0.019296	-0.098921
8911	-0.155782	0.017005	-0.097661
8912	-0.166485	-0.006464	-0.098973
8913	-0.178758	-0.010740	-0.096962
8914	-0.179697	0.002920	-0.097689
8915	-0.183440	-0.000665	-0.111000
8916	-0.178224	-0.016925	-0.120001
8917	-0.172981	-0.033361	-0.144473
8918	-0.161034	-0.007311	-0.155077
8919	-0.149197	-0.001811	-0.155389
8920	-0.146662	-0.037715	-0.165952
8921	-0.158823	-0.006575	-0.158351
8922	-0.171048	-0.016372	-0.168781
8923	-0.176534	0.001448	-0.162736
8924	-0.173271	-0.013187	-0.171910
8925	-0.158187	-0.009558	-0.174347
8926	-0.137690	-0.042641	-0.171695
8927	-0.131436	0.002847	-0.169975
8928	-0.130719	0.040595	-0.165395
8929	-0.122218	0.031155	-0.161291
8930	-0.108511	0.045313	-0.153412
8931	-0.103527	0.018651	-0.141433
8932	-0.102538	-0.024415	-0.138794
8933	-0.098024	-0.006810	-0.130332
8934	-0.086146	-0.012308	-0.128494
8935	-0.063268	-0.023952	-0.110298
8936	-0.049729	-0.001395	-0.105351
8937	-0.038284	-0.012450	-0.094019
8938	-0.023131	-0.008923	-0.089847
8939	-0.028256	0.086663	-0.103210
8940	-0.023364	0.026956	-0.117481
8941	0.009230	0.011624	-0.118609
8942	0.032219	-0.007392	-0.125096
8943	0.046451	0.013203	-0.118794
8944	0.047773	0.033469	-0.122075
8945	0.068561	0.061937	-0.119552
8946	0.084613	0.023793	-0.126629
8947	0.096624	0.004446	-0.132930
8948	0.090583	-0.025595	-0.131709
8949	0.088582	-0.027348	-0.144128
8950	0.082788	0.031991	-0.150820
8951	0.084145	0.011321	-0.158603
8952	0.087904	0.001816	-0.174761
8953	0.083786	0.011581	-0.190953
8954	0.080634	0.009758	-0.192896
8955	0.079324	0.045648	-0.208071
8956	0.092669	0.041476	-0.219710
8957	0.102072	0.004813	-0.223284
8958	0.120794	-0.009648	-0.242568
8959	0.135810	-0.071853	-0.240219
8960	0.138049	-0.040286	-0.245229
8961	0.137497	-0.027980	-0.240297
8962	0.146295	-0.042162	-0.243377
8963	0.141459	-0.044629	-0.240959
8964	0.120609	-0.032005	-0.247362
8965	0.112358	-0.018955	-0.238810
8966	0.099083	-0.055186	-0.232155
8967	0.084187	-0.019027	-0.232613
8968	0.079228	0.004221	-0.231276
8969	0.069098	-0.010621	-0.222586
8970	0.081119	0.062084	-0.223165
8971	0.088329	0.051149	-0.211516
8972	0.097671	0.005538	-0.196637
8973	0.106242	0.023385	-0.199616
8974	0.119382	-0.038814	-0.209939
8975	0.124167	-0.007653	-0.228813
8976	0.123847	-0.010013	-0.247808
8977	0.124283	-0.001014	-0.253697
8978	0.137933	-0.013466	-0.255884
8979	0.137753	0.026551	-0.264469
8980	0.133211	0.015647	-0.258219
8981	0.124379	-0.011629	-0.250208
8982	0.122674	-0.004671	-0.259198
8983	0.112881	0.001245	-0.239227
8984	0.113583	0.021292	-0.224992
8985	0.100481	-0.005165	-0.217531
8986	0.090648	0.026516	-0.218761
8987	0.075225	0.043042	-0.230328
8988	0.079179	0.026333	-0.223629
8989	0.088566	0.014597	-0.221214
8990	0.085100	-0.028848	-0.212612
8991	0.095332	-0.027995	-0.211642
8992	0.115110	-0.051113	-0.192151
8993	0.143083	-0.064992	-0.174610
8994	0.145158	-0.042956	-0.146229
8995	0.138960	-0.002349	-0.136791
8996	0.117325	-0.049824	-0.129032
8997	0.087006	-0.067599	-0.114182
8998	0.072965	-0.038448	-0.102056
8999	0.067871	-0.024559	-0.085040
9000	0.063117	-0.011124	-0.067042
9001	0.065656	-0.016171	-0.045741
9002	0.066018	-0.016611	-0.038238
9003	0.082743	-0.037661	-0.022524
9004	0.086269	-0.059746	-0.012929
9005	0.091871	-0.087724	-0.007203
9006	0.083875	-0.057464	0.001419
9007	0.071492	-0.093840	0.003922
9008	0.057742	-0.041865	-0.007615
9009	0.057822	0.012223	-0.013539
9010	0.059376	-0.002767	-0.019793
9011	0.064226	0.024880	-0.021788
9012	0.059512	0.018049	-0.025874
9013	0.066906	-0.044601	-0.024585
9014	0.067308	-0.015191	-0.028205
9015	0.060820	-0.034902	-0.034588
9016	0.069686	0.000466	-0.048592
9017	0.079092	0.017847	-0.064209
9018	0.072735	-0.012852	-0.082652
9019	0.065024	-0.006547	-0.087577
9020	0.056776	0.037373	-0.101425
9021	0.041011	0.006758	-0.113266
9022	0.019827	0.027858	-0.122689
9023	-0.002783	0.027636	-0.149599
9024	-0.022503	-0.005937	-0.166467
9025	-0.028776	-0.015938	-0.180265
9026	-0.036135	-0.007458	-0.195521
9027	-0.052562	-0.019891	-0.207258
9028	-0.055141	-0.011287	-0.207747
9029	-0.058584	-0.012965	-0.222364
9030	-0.079865	-0.017119	-0.235526
9031	-0.084975	-0.006393	-0.242780
9032	-0.084646	-0.038592	-0.247480
9033	-0.073204	-0.036364	-0.251505
9034	-0.055494	-0.055264	-0.249818
9035	-0.044029	-0.007629	-0.249688
9036	-0.045697	0.038438	-0.258728
9037	-0.071138	-0.042745	-0.266878
9038	-0.086322	-0.054780	-0.272434
9039	-0.087164	-0.003552	-0.261006
9040	-0.079857	0.023433	-0.271800
9041	-0.098312	-0.012601	-0.276288
9042	-0.118546	0.054513	-0.266637
9043	-0.117786	0.032886	-0.264159
9044	-0.112984	0.023950	-0.256514
9045	-0.114149	0.013934	-0.252807
9046	-0.113578	0.029687	-0.247806
9047	-0.097402	0.004601	-0.231268
9048	-0.079055	0.014581	-0.225644
9049	-0.067220	0.040667	-0.211187
9050	-0.059563	0.036437	-0.202207
9051	-0.052830	0.044811	-0.191388
9052	-0.046174	0.069020	-0.190022
9053	-0.041976	0.062599	-0.168666
9054	-0.038483	0.044522	-0.162097
9055	-0.026761	0.025304	-0.149483
9056	-0.041855	0.088317	-0.136080
9057	-0.050176	0.081509	-0.120257
9058	-0.038940	0.063775	-0.110473
9059	-0.021736	0.050169	-0.117238
9060	-0.004814	0.023190	-0.121301
9061	-0.000023	-0.031899	-0.139648
9062	0.002254	0.010127	-0.147236
9063	-0.003035	-0.005698	-0.151827
9064	0.005996	-0.007715	-0.150512
9065	0.003647	-0.006851	-0.149329
9066	0.009979	-0.001736	-0.159380
9067	0.018111	0.006694	-0.159530
9068	0.026206	0.002310	-0.156128
9069	0.025844	-0.016010	-0.141456
9070	0.009712	0.052766	-0.140616
9071	-0.004057	0.000945	-0.124671
9072	-0.014616	-0.029646	-0.112764
9073	-0.018549	0.011310	-0.103318
9074	-0.008332	-0.002569	-0.116924
9075	0.003361	0.009476	-0.111034
9076	0.000287	0.056471	-0.115540
9077	-0.008098	0.030727	-0.115470
9078	-0.027591	0.025346	-0.124437
9079	-0.035572	0.007112	-0.127655
9080	-0.036793	0.009121	-0.122019
9081	-0.039465	-0.003675	-0.128024
9082	-0.035410	0.058999	-0.129657
9083	-0.024261	0.077720	-0.130214
9084	-0.013237	0.004103	-0.117526
9085	-0.005598	0.007504	-0.129421
9086	-0.005905	-0.043950	-0.134861
9087	-0.012734	-0.014182	-0.136738
9088	-0.014925	-0.005886	-0.133976
9089	-0.008435	0.026622	-0.135971
9090	0.014628	-0.003870	-0.134778
9091	0.033711	0.012234	-0.128134
9092	0.047989	0.015728	-0.116927
9093	0.047608	0.016964	-0.113614
9094	0.042229	-0.027681	-0.121326
9095	0.038946	-0.024076	-0.132913
9096	0.028022	-0.020312	-0.134781
9097	0.016451	-0.092956	-0.141777
9098	0.009204	-0.016417	-0.136368
9099	0.013076	-0.006989	-0.130977
9100	0.015663	-0.000061	-0.133072
9101	0.031761	0.054459	-0.132028
9102	0.052722	0.015368	-0.113467
9103	0.071508	-0.054477	-0.120701
9104	0.080979	-0.041295	-0.127121
9105	0.094720	-0.037986	-0.113888
9106	0.095652	-0.000910	-0.110321
9107	0.105159	0.021883	-0.113670
9108	0.100985	0.025183	-0.121072
9109	0.090390	-0.002338	-0.117149
9110	0.100821	-0.031321	-0.128758
9111	0.100795	-0.045266	-0.132049
9112	0.098709	-0.013385	-0.151081
9113	0.096707	0.009615	-0.151802
9114	0.076329	-0.004162	-0.156438
9115	0.066100	0.030662	-0.158453
9116	0.057545	0.000989	-0.178202
9117	0.045161	0.024583	-0.185204
9118	0.030058	0.041027	-0.192685
9119	0.031903	0.026914	-0.205607
9120	0.025434	0.000898	-0.221055
9121	0.024823	0.012388	-0.240506
9122	0.038307	-0.011527	-0.251220
9123	0.044089	-0.026323	-0.263584
9124	0.041222	-0.017542	-0.267763
9125	0.029676	-0.009350	-0.258355
9126	0.025853	-0.028402	-0.255883
9127	0.020782	-0.029268	-0.265596
9128	0.026333	-0.005616	-0.263668
9129	0.021547	0.011005	-0.270222
9130	0.019162	0.036859	-0.280444
9131	0.026297	0.044585	-0.287397
9132	0.031297	0.029767	-0.294248
9133	0.049887	-0.075785	-0.300268
9134	0.065290	-0.000202	-0.298398
9135	0.071173	0.017571	-0.301369
9136	0.075627	0.034517	-0.309037
9137	0.095635	0.070233	-0.288609
9138	0.105506	0.095533	-0.280206
9139	0.100224	0.078857	-0.274120
9140	0.095293	0.067339	-0.259579
9141	0.083827	0.060206	-0.230223
9142	0.081693	0.067089	-0.226270
9143	0.088582	0.091169	-0.211406
9144	0.081370	0.089692	-0.179102
9145	0.072851	0.021262	-0.150203
9146	0.046681	0.027357	-0.118517
9147	0.028823	0.039356	-0.085180
9148	0.020688	0.028311	-0.076424
9149	0.030018	0.000320	-0.059898
9150	0.028998	0.029251	-0.035976
9151	0.033700	0.038017	-0.045581
9152	0.040963	0.023286	-0.054964
9153	0.052647	0.070158	-0.068765
9154	0.060651	0.065318	-0.079561
9155	0.065506	0.065333	-0.076920
9156	0.066457	0.053068	-0.079180
9157	0.055652	0.036858	-0.100630
9158	0.038491	0.040085	-0.106480
9159	0.010878	0.055374	-0.110008
9160	-0.017535	0.016621	-0.118309
9161	-0.034933	0.034518	-0.112692
9162	-0.044703	-0.012062	-0.102229
9163	-0.037070	-0.025238	-0.082696
9164	-0.035990	-0.016785	-0.081859
9165	-0.045871	-0.028165	-0.074612
9166	-0.049535	-0.076113	-0.068320
9167	-0.067692	-0.030494	-0.060585
9168	-0.092848	-0.039960	-0.063369
9169	-0.095790	-0.008197	-0.058774
9170	-0.089462	0.020415	-0.062504
9171	-0.087134	0.022654	-0.061679
9172	-0.078204	-0.002282	-0.046463
9173	-0.073339	-0.011968	-0.050095
9174	-0.082738	-0.007122	-0.050341
9175	-0.092719	-0.031413	-0.054507
9176	-0.094718	-0.041570	-0.052079
9177	-0.103736	-0.032480	-0.050150
9178	-0.098329	0.010803	-0.048113
9179	-0.089435	0.061588	-0.035180
9180	-0.080180	0.072279	-0.041898
9181	-0.073580	0.028351	-0.036338
9182	-0.076326	0.068658	-0.037736
9183	-0.075903	0.076298	-0.030739
9184	-0.087047	0.014444	-0.021004
9185	-0.090616	0.038841	-0.025479
9186	-0.095954	0.041264	-0.026866
9187	-0.083094	0.067975	-0.013545
9188	-0.058532	0.061803	0.000606
9189	-0.038671	0.090163	0.009472
9190	-0.031345	0.045488	0.019732
9191	-0.047308	0.005931	0.013642
9192	-0.053883	-0.059052	0.007573
9193	-0.062994	-0.060427	-0.009831
9194	-0.074829	-0.021179	-0.023740
9195	-0.089465	-0.000666	-0.036206
9196	-0.088828	-0.036434	-0.052470
9197	-0.077564	-0.021367	-0.062481
9198	-0.075130	-0.002717	-0.072370
9199	-0.068604	-0.038893	-0.074700
9200	-0.075080	-0.080844	-0.076699
9201	-0.076691	-0.092173	-0.087380
9202	-0.082088	-0.080948	-0.097449
9203	-0.091410	-0.109634	-0.098433
9204	-0.081123	-0.054685	-0.120247
9205	-0.076540	-0.066012	-0.142334
9206	-0.089890	-0.089688	-0.158957
9207	-0.079493	-0.032332	-0.173829
9208	-0.064383	0.010804	-0.179428
9209	-0.055300	-0.065881	-0.189674
9210	-0.056163	-0.056226	-0.195833
9211	-0.049016	-0.047482	-0.190615
9212	-0.066572	-0.049161	-0.175408
9213	-0.079815	0.015910	-0.170645
9214	-0.102291	0.014198	-0.162637
9215	-0.116121	0.007185	-0.157403
9216	-0.117718	0.048518	-0.135668
9217	-0.123075	-0.004993	-0.114549
9218	-0.117397	0.038908	-0.091270
9219	-0.096984	0.090840	-0.056815
9220	-0.095041	0.020989	-0.041531
9221	-0.085302	0.066573	-0.045676
9222	-0.080734	0.053491	-0.039056
9223	-0.077508	0.059842	-0.042571
9224	-0.081245	0.070763	-0.067583
9225	-0.077871	0.093152	-0.092587
9226	-0.073034	0.082233	-0.120266
9227	-0.072633	0.101724	-0.130343
9228	-0.079636	0.055150	-0.136101
9229	-0.089651	0.005793	-0.121231
9230	-0.085368	-0.013147	-0.095080
9231	-0.091499	-0.001696	-0.080033
9232	-0.102133	-0.020124	-0.062109
9233	-0.112601	-0.046970	-0.044192
9234	-0.129286	-0.083266	-0.033007
9235	-0.145256	-0.033529	-0.020592
9236	-0.157308	-0.115140	0.001812
9237	-0.163893	-0.059446	0.017697
9238	-0.139874	-0.033810	0.010811
9239	-0.121951	-0.062479	0.027787
9240	-0.112504	-0.050219	0.028762
9241	-0.103688	-0.086127	0.036356
9242	-0.106761	-0.053844	0.057787
9243	-0.114641	-0.031592	0.060929
9244	-0.103533	-0.099401	0.057836
9245	-0.094762	-0.106568	0.048681
9246	-0.091710	-0.077330	0.046743
9247	-0.084071	-0.059219	0.056120
9248	-0.091110	-0.041720	0.067717
9249	-0.098149	0.031253	0.064101
9250	-0.086024	0.004172	0.044168
9251	-0.072750	0.028119	0.048892
9252	-0.054003	0.013490	0.049031
9253	-0.041628	0.008028	0.027699
9254	-0.030220	0.041212	0.019940
9255	-0.013573	0.011263	0.023978
9256	-0.014825	0.089133	0.032069
9257	-0.028101	0.067463	0.039891
9258	-0.037752	0.052699	0.049966
9259	-0.051853	0.019299	0.046199
9260	-0.047841	-0.008146	0.047021
9261	-0.033562	0.031849	0.038565
9262	-0.018469	0.047568	0.028811
9263	-0.011825	-0.046571	0.031012
9264	-0.003508	0.012192	0.031070
9265	0.005780	0.036339	0.023818
9266	0.003851	0.012125	0.001236
9267	-0.006224	0.029870	0.002639
9268	-0.017323	0.027544	-0.013005
9269	-0.017352	0.092704	-0.012975
9270	-0.018427	0.052114	-0.005266
9271	0.010744	0.028168	-0.007827
9272	0.026568	-0.004604	-0.017860
9273	0.044602	-0.080889	-0.019770
9274	0.049777	-0.089769	-0.010519
9275	0.069100	-0.038640	0.007200
9276	0.070210	-0.029828	0.006230
9277	0.093052	-0.051190	0.020006
9278	0.095345	-0.100964	0.045369
9279	0.096882	-0.120938	0.045775
9280	0.090924	-0.109452	0.041485
9281	0.101357	-0.063088	0.052401
9282	0.115676	-0.094738	0.069543
9283	0.120160	-0.119545	0.072204
9284	0.125633	-0.028662	0.085990
9285	0.130065	-0.057397	0.093412
9286	0.134863	-0.036152	0.108036
9287	0.132383	-0.055980	0.105045
9288	0.128072	-0.022301	0.111261
9289	0.114645	-0.032134	0.124977
9290	0.098805	-0.045456	0.131846
9291	0.094651	-0.041588	0.130368
9292	0.078596	-0.047651	0.130996
9293	0.076592	-0.065361	0.122692
9294	0.084400	-0.088965	0.108060
9295	0.089914	-0.048284	0.104100
9296	0.085476	0.048607	0.073749
9297	0.072284	0.071888	0.048038
9298	0.077092	0.072567	0.011073
9299	0.084376	0.031157	-0.013686
9300	0.089438	-0.029695	-0.019873
9301	0.105519	-0.038770	-0.019965
9302	0.093905	-0.117519	-0.026448
9303	0.074377	-0.036988	-0.019837
9304	0.054270	-0.060633	-0.013248
9305	0.051511	0.010851	-0.001803
9306	0.042534	-0.027462	0.005198
9307	0.034972	-0.047081	0.001078
9308	0.003955	-0.015880	-0.010912
9309	-0.012846	0.021275	-0.005141
9310	-0.027939	0.083662	0.002801
9311	-0.053345	0.033066	0.010590
9312	-0.061731	0.022328	0.011991
9313	-0.052758	0.034629	0.006833
9314	-0.051056	0.014749	0.002697
9315	-0.045860	-0.014827	0.011713
9316	-0.038527	0.010076	0.005893
9317	-0.031148	0.066046	0.004053
9318	-0.022088	0.044102	-0.020495
9319	-0.012815	-0.059508	-0.031419
9320	0.011291	0.021485	-0.049220
9321	0.055016	-0.002048	-0.068330
9322	0.089042	-0.005644	-0.083725
9323	0.099041	-0.028277	-0.068288
9324	0.106342	-0.050798	-0.053453
9325	0.094010	-0.004380	-0.036712
9326	0.076053	-0.015121	-0.028721
9327	0.070527	-0.057351	-0.016139
9328	0.049597	0.011814	-0.012437
9329	0.023570	-0.010409	0.003789
9330	-0.000338	-0.011756	0.025341
9331	-0.010788	-0.018192	0.046998
9332	-0.008192	-0.077138	0.068652
9333	0.008284	-0.069963	0.077927
9334	0.007823	-0.102656	0.094762
9335	-0.006420	-0.073776	0.112580
9336	0.000599	-0.033786	0.111325
9337	0.017507	-0.041406	0.117271
9338	0.026879	-0.139704	0.123009
9339	0.031947	-0.094515	0.145273
9340	0.024012	-0.025161	0.157562
9341	0.032122	-0.025068	0.164358
9342	0.036429	0.003332	0.181651
9343	0.022058	-0.020457	0.180138
9344	0.016626	-0.008277	0.186473
9345	0.020526	0.025429	0.205209
9346	0.014161	-0.014167	0.226637
9347	-0.014711	0.095869	0.233541
9348	-0.021575	0.053678	0.249347
9349	-0.021743	-0.019668	0.252471
9350	-0.030290	0.012712	0.251004
9351	-0.039821	0.044059	0.254220
9352	-0.041490	0.066471	0.242160
9353	-0.041125	0.036274	0.231156
9354	-0.022906	0.048135	0.221700
9355	-0.023411	0.071469	0.187567
9356	-0.022995	0.029771	0.170186
9357	-0.012910	0.059564	0.157174
9358	-0.010036	0.059907	0.143216
9359	-0.006004	0.042497	0.141787
9360	-0.007125	-0.013969	0.144068
9361	-0.022076	-0.045586	0.140375
9362	-0.045050	-0.057168	0.145904
9363	-0.055530	-0.076605	0.149689
9364	-0.064809	0.000529	0.150274
9365	-0.053920	0.007846	0.156460
9366	-0.048535	-0.025046	0.129386
9367	-0.041622	-0.052107	0.126853
9368	-0.033070	0.004949	0.119983
9369	-0.006086	0.046875	0.097660
9370	0.010728	0.047559	0.073328
9371	0.018654	0.016744	0.065415
9372	0.039082	-0.032387	0.030117
9373	0.047639	-0.047007	0.045906
9374	0.066152	-0.060303	0.067268
9375	0.078400	-0.097630	0.085552
9376	0.083624	0.022127	0.121829
9377	0.070878	0.060433	0.129212
9378	0.068136	-0.005670	0.139276
9379	0.073661	0.002856	0.145325
9380	0.064561	-0.037314	0.165137
9381	0.073585	-0.033908	0.163678
9382	0.072360	-0.029135	0.187015
9383	0.079830	0.063508	0.184071
9384	0.062592	0.072196	0.206968
9385	0.044988	0.036556	0.230046
9386	0.028680	-0.025974	0.249528
9387	0.024520	0.034148	0.269150
9388	0.023972	-0.000660	0.273903
9389	0.032423	0.010796	0.272182
9390	0.039631	0.026222	0.255212
9391	0.025417	-0.013176	0.249012
9392	0.023589	0.068457	0.237958
9393	0.019177	0.077563	0.215875
9394	0.004985	0.043237	0.194451
9395	0.017699	0.041880	0.176335
9396	-0.000217	0.055037	0.152657
9397	-0.021011	-0.011884	0.131652
9398	-0.011938	-0.037385	0.138952
9399	-0.002511	-0.075308	0.121844
9400	0.008239	-0.091732	0.089976
9401	0.027167	-0.129719	0.050661
9402	0.027600	-0.048919	0.038176
9403	0.021549	-0.101036	0.025287
9404	0.009739	-0.083900	0.014862
9405	-0.008750	-0.109337	0.038622
9406	-0.036757	-0.085308	0.033815
9407	-0.060108	0.013441	0.038654
9408	-0.062292	0.040750	0.042829
9409	-0.056282	0.060798	0.056792
9410	-0.051101	0.014361	0.066683
9411	-0.043788	0.022742	0.069540
9412	-0.026661	0.043347	0.078557
9413	-0.013788	0.007391	0.068988
9414	0.013749	-0.022447	0.074169
9415	0.041023	-0.063043	0.083896
9416	0.073806	-0.012520	0.105563
9417	0.090658	0.032695	0.109048
9418	0.100342	0.077137	0.140093
9419	0.102973	0.117479	0.156700
9420	0.117519	0.009003	0.160615
9421	0.115398	0.014785	0.173092
9422	0.112152	0.118809	0.187664
9423	0.112169	0.048896	0.205080
9424	0.104152	0.047296	0.209410
9425	0.091429	0.047249	0.218628
9426	0.086281	0.051114	0.204759
9427	0.072343	0.063983	0.207140
9428	0.057804	0.066184	0.191372
9429	0.060677	0.023727	0.193825
9430	0.045406	0.020426	0.199935
9431	0.069775	-0.039786	0.187852
9432	0.064917	0.003852	0.190361
9433	0.072604	0.004757	0.202264
9434	0.086367	0.025533	0.202831
9435	0.087755	0.033816	0.204468
9436	0.105429	0.059302	0.205105
9437	0.097892	0.027378	0.212146
9438	0.104885	0.019528	0.220007
9439	0.106644	-0.029035	0.207473
9440	0.099335	-0.040820	0.196820
9441	0.094421	-0.037291	0.187380
9442	0.093109	-0.020208	0.198015
9443	0.098937	-0.026232	0.204103
9444	0.103375	-0.067380	0.199166
9445	0.092521	-0.101449	0.191321
9446	0.063114	-0.051014	0.174913
9447	0.058144	-0.035194	0.164872
9448	0.056558	0.027682	0.143264
9449	0.051770	0.028272	0.130316
9450	0.069910	-0.001130	0.118991
9451	0.078256	0.013396	0.112957
9452	0.083862	0.000144	0.102199
9453	0.082871	0.037457	0.100738
9454	0.097105	0.070525	0.110131
9455	0.104552	0.002627	0.120801
9456	0.106744	0.073375	0.120413
9457	0.110221	0.061327	0.121615
9458	0.122433	0.051181	0.129168
9459	0.120320	0.061383	0.136914
9460	0.129994	0.086270	0.129564
9461	0.121407	0.042133	0.109531
9462	0.112699	0.032099	0.090230
9463	0.121236	0.051131	0.081540
9464	0.106938	-0.019486	0.070073
9465	0.094596	0.010414	0.060177
9466	0.089940	0.044432	0.077364
9467	0.096479	0.053807	0.092994
9468	0.085828	0.088705	0.086380
9469	0.090248	0.060095	0.097265
9470	0.112622	0.089874	0.108054
9471	0.119937	0.064855	0.084120
9472	0.113122	0.042482	0.114986
9473	0.088955	0.091538	0.141373
9474	0.054164	0.063063	0.162190
9475	0.041948	0.057489	0.191463
9476	0.027371	0.074532	0.210437
9477	0.035932	0.091280	0.251083
9478	0.032034	0.010012	0.289023
9479	0.015356	-0.003049	0.325962
9480	0.012781	0.023652	0.352292
9481	0.002283	0.007940	0.351837
9482	0.009365	0.049708	0.369258
9483	-0.008156	0.022324	0.351811
9484	-0.023203	-0.002126	0.355894
9485	-0.028058	-0.051997	0.353609
9486	-0.010369	-0.001445	0.363625
9487	0.002269	-0.054464	0.368091
9488	0.010221	-0.028492	0.370042
9489	0.003970	-0.001131	0.357614
9490	-0.015122	-0.001622	0.352479
9491	-0.022738	-0.052465	0.315868
9492	-0.019295	-0.081383	0.292052
9493	-0.008113	-0.060535	0.259875
9494	-0.014466	-0.048083	0.233443
9495	-0.025480	-0.001438	0.217589
9496	-0.047504	0.108413	0.200119
9497	-0.056127	0.027313	0.185433
9498	-0.065663	0.026450	0.170213
9499	-0.080792	0.030488	0.173603
9500	-0.096676	-0.004790	0.149515
9501	-0.102533	0.047572	0.144992
9502	-0.102170	0.055190	0.154738
9503	-0.096654	0.029901	0.157300
9504	-0.083328	0.069562	0.158459
9505	-0.088177	0.072166	0.162327
9506	-0.089346	0.066074	0.168529
9507	-0.091180	0.035089	0.182541
9508	-0.093982	0.048813	0.181090
9509	-0.104948	-0.048876	0.180752
9510	-0.108546	-0.086651	0.186433
9511	-0.118601	-0.066249	0.190943
9512	-0.105995	-0.045521	0.197850
9513	-0.090361	-0.044869	0.188588
9514	-0.081010	0.047847	0.190049
9515	-0.073246	0.034403	0.189082
9516	-0.076651	0.015557	0.161975
9517	-0.091476	0.011271	0.151241
9518	-0.096643	-0.011633	0.139924
9519	-0.102803	-0.032173	0.131936
9520	-0.122123	-0.004418	0.120171
9521	-0.133535	0.016573	0.113677
9522	-0.146299	-0.051585	0.113468
9523	-0.157557	-0.026551	0.101229
9524	-0.147601	0.022102	0.084017
9525	-0.145251	0.068581	0.069313
9526	-0.132989	-0.025370	0.045347
9527	-0.125893	0.064124	-0.001830
9528	-0.114178	0.024384	-0.012319
9529	-0.093589	-0.011710	-0.020419
9530	-0.063757	-0.074032	-0.056147
9531	-0.048689	0.060293	-0.073005
9532	-0.015696	0.004717	-0.079897
9533	0.023196	0.049063	-0.103111
9534	0.034953	0.074615	-0.143685
9535	0.063779	0.086934	-0.180792
9536	0.072211	0.086620	-0.176813
9537	0.084536	0.045037	-0.170035
9538	0.090943	-0.028617	-0.161831
9539	0.086658	0.041092	-0.149401
9540	0.070223	-0.040562	-0.125661
9541	0.050346	-0.033081	-0.112296
9542	0.033113	-0.071574	-0.099915
9543	0.009115	-0.028687	-0.063012
9544	0.000039	-0.023409	-0.038743
9545	-0.020182	-0.056178	-0.005651
9546	-0.040417	-0.151682	-0.003435
9547	-0.055747	-0.009499	0.026665
9548	-0.057048	-0.040868	0.056323
9549	-0.053169	-0.103638	0.094227
9550	-0.059189	0.025817	0.140670
9551	-0.066262	0.029468	0.153361
9552	-0.082410	-0.026512	0.181719
9553	-0.103080	-0.021442	0.207502
9554	-0.126076	-0.023082	0.218527
9555	-0.144034	-0.013018	0.249871
9556	-0.171507	-0.023788	0.241553
9557	-0.190524	-0.048403	0.232701
9558	-0.192212	0.012576	0.233105
9559	-0.180511	0.017432	0.243541
9560	-0.153109	0.004778	0.245831
9561	-0.125233	0.145202	0.263058
9562	-0.088684	0.171231	0.282681
9563	-0.077233	0.121271	0.308409
9564	-0.078008	0.069383	0.341523
9565	-0.086841	0.115390	0.371391
9566	-0.106700	0.202444	0.403381
9567	-0.118800	0.059186	0.429746
9568	-0.117751	0.119211	0.434908
9569	-0.139773	0.150291	0.442745
9570	-0.143052	0.093676	0.454284
9571	-0.139296	-0.027522	0.464552
9572	-0.139703	-0.000609	0.457754
9573	-0.161243	-0.021242	0.428006
9574	-0.155521	-0.039514	0.405794
9575	-0.150488	-0.036702	0.378703
9576	-0.123868	0.024835	0.347962
9577	-0.099201	-0.047682	0.341255
9578	-0.089091	-0.048734	0.319959
9579	-0.063045	-0.024219	0.280318
9580	-0.039389	0.021722	0.251482
9581	-0.030381	0.047427	0.238269
9582	-0.007082	-0.026630	0.209463
9583	0.011542	0.028049	0.199417
9584	0.043652	0.055440	0.179628
9585	0.038326	0.037222	0.169376
9586	0.032348	0.004792	0.166520
9587	0.037910	-0.008119	0.148444
9588	0.028977	-0.015232	0.132963
9589	0.027554	-0.103333	0.103881
9590	0.019057	-0.060525	0.088789
9591	0.006173	-0.044393	0.072173
9592	0.010898	-0.051071	0.053077
9593	-0.005533	-0.043480	0.047187
9594	-0.020919	-0.087108	0.042936
9595	-0.030353	0.041875	0.046664
9596	-0.022203	0.057221	0.021258
9597	-0.025766	0.068718	0.015302
9598	0.000130	0.079209	-0.001784
9599	0.031697	0.043105	-0.036430
9600	0.051558	-0.008370	-0.034821
9601	0.066267	0.008125	-0.042533
9602	0.049943	0.010225	-0.046447
9603	0.019203	0.064664	-0.054462
9604	0.010417	-0.005878	-0.065909
9605	0.007106	0.084508	-0.069525
9606	0.001936	0.111569	-0.087466
9607	0.000352	0.027827	-0.093186
9608	0.003243	0.022222	-0.109111
9609	-0.016273	-0.029903	-0.101492
9610	-0.017505	0.042915	-0.101535
9611	-0.039084	0.021562	-0.085675
9612	-0.062290	-0.021539	-0.062510
9613	-0.075706	-0.028381	-0.049573
9614	-0.101590	-0.096252	-0.046312
9615	-0.103892	-0.109359	-0.027497
9616	-0.087093	-0.146633	-0.025566
9617	-0.073532	-0.142746	-0.015675
9618	-0.061572	-0.106451	-0.014568
9619	-0.039056	-0.151432	0.008837
9620	-0.033605	-0.051505	0.009086
9621	-0.034071	-0.042125	0.013917
9622	-0.053306	-0.033331	0.021081
9623	-0.091838	-0.062830	0.005429
9624	-0.119559	0.017616	0.002134
9625	-0.139644	-0.042260	-0.005095
9626	-0.131534	-0.073535	0.004659
9627	-0.129133	-0.003326	0.014498
9628	-0.134070	-0.009583	0.020727
9629	-0.137918	-0.011775	0.019524
9630	-0.115217	-0.056390	0.010532
9631	-0.108502	-0.031577	-0.003524
9632	-0.129933	-0.074622	-0.025618
9633	-0.122984	-0.084398	-0.011890
9634	-0.128698	-0.053747	0.005204
9635	-0.145322	0.092463	0.035190
9636	-0.158712	0.005070	0.052377
9637	-0.191981	-0.018201	0.071229
9638	-0.208419	-0.094039	0.068210
9639	-0.205359	-0.004157	0.090145
9640	-0.230655	0.059137	0.087663
9641	-0.209796	-0.003558	0.080494
9642	-0.199704	0.026498	0.088701
9643	-0.207806	0.012246	0.084198
9644	-0.222191	-0.024243	0.099782
9645	-0.241849	-0.004789	0.091177
9646	-0.236287	0.010989	0.078096
9647	-0.198165	-0.117841	0.058084
9648	-0.150080	-0.085235	0.041840
9649	-0.095636	-0.135947	0.025795
9650	-0.054972	-0.122590	0.011879
9651	-0.031291	-0.045942	0.028201
9652	-0.011988	-0.081744	0.024386
9653	-0.016427	-0.052432	0.053607
9654	-0.037272	-0.014838	0.067979
9655	-0.015618	0.026466	0.080956
9656	0.013904	0.071198	0.085402
9657	0.007238	0.050705	0.090421
9658	0.000280	0.046862	0.089408
9659	-0.005250	0.010878	0.093932
9660	-0.039997	0.032759	0.102549
9661	-0.058437	-0.039285	0.079708
9662	-0.082111	0.030140	0.079276
9663	-0.104876	0.061989	0.056317
9664	-0.104923	0.092559	0.038772
9665	-0.111358	0.131993	0.024934
9666	-0.113498	0.119055	0.020504
9667	-0.094883	0.083249	0.019647
9668	-0.066861	0.043498	0.050662
9669	-0.067676	-0.002210	0.079019
9670	-0.083009	0.099509	0.108390
9671	-0.115294	0.135372	0.125950
9672	-0.117255	0.091273	0.139942
9673	-0.146986	0.108007	0.149792
9674	-0.167281	0.034292	0.138484
9675	-0.161468	0.109898	0.134989
9676	-0.141122	0.037449	0.130375
9677	-0.114483	-0.117538	0.136274
9678	-0.124743	-0.001386	0.128313
9679	-0.121786	-0.037359	0.132279
9680	-0.134746	-0.061388	0.145028
9681	-0.142433	-0.131488	0.136352
9682	-0.151784	-0.018414	0.135092
9683	-0.153051	-0.003924	0.134111
9684	-0.163626	-0.010243	0.119656
9685	-0.176405	0.051694	0.147783
9686	-0.187681	-0.001708	0.156117
9687	-0.191299	-0.028975	0.182751
9688	-0.175021	-0.015634	0.185790
9689	-0.155373	-0.033402	0.182396
9690	-0.144572	0.054938	0.174144
9691	-0.112850	0.005746	0.166755
9692	-0.105037	-0.044280	0.159761
9693	-0.099716	-0.043431	0.164497
9694	-0.090966	-0.011114	0.167416
9695	-0.095012	0.003138	0.143870
9696	-0.074658	-0.029046	0.134014
9697	-0.054178	-0.029122	0.117249
9698	-0.030000	0.016139	0.096190
9699	-0.039456	-0.065993	0.072166
9700	-0.039585	-0.060183	0.033406
9701	-0.065651	-0.030223	0.011980
9702	-0.090554	-0.045820	-0.014967
9703	-0.094568	-0.032326	-0.031586
9704	-0.098259	0.010816	-0.048416
9705	-0.056650	-0.011367	-0.040679
9706	-0.036947	-0.077454	-0.058108
9707	-0.030841	0.065951	-0.047106
9708	-0.018045	-0.080438	-0.023095
9709	-0.037127	-0.047508	0.010494
9710	-0.054322	-0.062103	0.039361
9711	-0.082037	-0.036786	0.048919
9712	-0.121221	-0.021994	0.073760
9713	-0.130768	-0.026110	0.090332
9714	-0.113189	-0.082503	0.096025
9715	-0.091737	-0.080772	0.120237
9716	-0.060079	-0.088266	0.135248
9717	-0.065619	-0.007845	0.130347
9718	-0.055968	-0.099448	0.115388
9719	-0.052002	-0.054847	0.095713
9720	-0.059859	-0.026090	0.069964
9721	-0.060032	-0.051848	0.050915
9722	-0.054299	-0.067066	0.017338
9723	-0.023390	0.013423	0.018678
9724	0.029374	-0.020461	0.019557
9725	0.074668	-0.070496	0.044710
9726	0.077442	-0.053948	0.075803
9727	0.070583	0.005385	0.085881
9728	0.061953	-0.032507	0.106209
9729	0.030459	-0.010199	0.075710
9730	0.032327	0.037614	0.054449
9731	0.037716	0.025448	0.016966
9732	0.072808	0.038967	-0.007135
9733	0.089957	0.078339	-0.025973
9734	0.112964	0.161051	-0.048759
9735	0.112864	0.012530	-0.032167
9736	0.136520	0.188097	-0.063587
9737	0.135248	0.134487	-0.100644
9738	0.133810	0.035585	-0.144274
9739	0.135483	-0.011610	-0.173493
9740	0.146570	-0.034941	-0.172681
9741	0.165031	-0.079013	-0.178435
9742	0.171170	-0.029415	-0.179885
9743	0.173940	-0.111667	-0.160824
9744	0.199351	-0.060625	-0.149374
9745	0.219823	-0.073895	-0.138225
9746	0.197350	-0.061072	-0.120050
9747	0.205867	-0.061408	-0.083711
9748	0.200547	-0.009058	-0.092085
9749	0.181849	-0.026569	-0.063637
9750	0.139169	-0.012645	-0.012664
9751	0.128621	0.008112	0.012762
9752	0.118403	0.017438	0.008508
9753	0.134533	-0.006848	0.003363
9754	0.152035	0.122698	-0.005974
9755	0.157214	0.057055	0.015174
9756	0.142193	-0.024365	0.008012
9757	0.122135	-0.016386	0.009516
9758	0.114776	0.027036	0.006646
9759	0.092729	-0.001117	-0.011807
9760	0.090985	-0.002479	-0.025691
9761	0.066355	0.041233	0.021878
9762	0.049952	0.097932	0.050138
9763	0.031626	0.117788	0.072850
9764	0.025558	0.111703	0.084053
9765	0.028328	0.151909	0.107828
9766	0.021877	0.214258	0.155096
9767	-0.011164	0.135186	0.177953
9768	-0.023448	0.137737	0.257591
9769	-0.058046	0.146808	0.297680
9770	-0.099970	0.131905	0.325780
9771	-0.144049	0.120137	0.334406
9772	-0.176022	0.123494	0.345578
9773	-0.169572	0.041596	0.359940
9774	-0.151523	0.079241	0.316881
9775	-0.141853	0.071268	0.304818
9776	-0.107517	0.073439	0.310034
9777	-0.080112	0.055043	0.306776
9778	-0.081179	0.029778	0.312823
9779	-0.080868	0.021784	0.315716
9780	-0.074776	-0.044618	0.328120
9781	-0.083528	-0.039376	0.312545
9782	-0.059858	-0.088295	0.316386
9783	-0.027505	-0.095259	0.330434
9784	-0.013469	-0.127772	0.333224
9785	-0.023474	-0.163885	0.327927
9786	-0.042135	-0.306043	0.326423
9787	-0.025903	-0.133784	0.323046
9788	-0.005253	-0.186342	0.296266
9789	-0.008748	-0.193741	0.276284
9790	-0.002970	-0.118506	0.259443
9791	-0.017184	-0.028678	0.282124
9792	-0.022232	-0.084389	0.265876
9793	-0.035128	-0.074147	0.247739
9794	-0.046739	-0.012609	0.246569
9795	-0.036953	0.087562	0.251675
9796	-0.024263	0.040714	0.259639
9797	-0.028255	-0.008789	0.240334
9798	-0.026629	0.007351	0.253370
9799	-0.041102	0.091128	0.275712
9800	-0.062212	-0.046034	0.316966
9801	-0.092485	-0.052563	0.311023
9802	-0.095274	0.095789	0.333783
9803	-0.099728	0.102229	0.325107
9804	-0.092584	-0.059524	0.294412
9805	-0.104449	-0.066384	0.269497
9806	-0.117532	0.010826	0.229209
9807	-0.147590	-0.102705	0.194633
9808	-0.189967	-0.043683	0.173311
9809	-0.174753	0.066736	0.187837
9810	-0.141658	-0.051289	0.166442
9811	-0.084405	-0.196654	0.137784
9812	-0.017014	-0.090425	0.101415
9813	0.030266	-0.025792	0.121517
9814	0.044250	0.057668	0.104092
9815	0.073475	-0.013987	0.103952
9816	0.036922	0.015058	0.067123
9817	-0.005271	-0.040383	0.052240
9818	-0.046117	-0.047723	0.024742
9819	-0.092252	-0.081658	0.015703
9820	-0.107839	-0.066840	0.007611
9821	-0.121341	-0.099026	-0.000138
9822	-0.133381	-0.090565	-0.032448
9823	-0.156196	-0.114544	-0.066021
9824	-0.192117	0.018102	-0.094313
9825	-0.243290	-0.054630	-0.096156
9826	-0.250641	-0.113920	-0.117448
9827	-0.253062	-0.064232	-0.115745
9828	-0.251159	0.001357	-0.099892
9829	-0.227290	0.012548	-0.095188
9830	-0.210450	-0.017796	-0.094451
9831	-0.152869	-0.051373	-0.124896
9832	-0.111458	0.037315	-0.116142
9833	-0.083016	0.041713	-0.100778
9834	-0.036989	0.014854	-0.109503
9835	-0.010336	0.134468	-0.099254
9836	0.026657	0.142250	-0.039849
9837	0.070868	0.016356	-0.005809
9838	0.101484	-0.032019	0.024361
9839	0.140423	0.163120	0.035654
9840	0.174687	0.196637	0.073012
9841	0.140888	0.181319	0.105375
9842	0.114177	0.173869	0.143410
9843	0.103785	0.190072	0.217487
9844	0.061834	0.158774	0.264902
9845	0.024491	0.088918	0.308551
9846	0.018201	0.074835	0.340079
9847	0.032722	0.128222	0.386589
9848	0.050393	0.181738	0.406624
9849	0.087626	0.237406	0.455932
9850	0.118891	0.265694	0.482652
9851	0.176861	0.105596	0.482181
9852	0.224561	-0.082024	0.475853
9853	0.294944	-0.042853	0.480132
9854	0.335629	-0.062957	0.521301
9855	0.340272	-0.247831	0.593886
9856	0.319555	-0.161414	0.632797
9857	0.289733	-0.071332	0.682050
9858	0.270638	-0.143853	0.725444
9859	0.266028	0.001622	0.770199
9860	0.264489	0.075769	0.754683
9861	0.274713	0.139005	0.768534
9862	0.274724	0.129866	0.758838
9863	0.241205	0.070984	0.770102
9864	0.217583	0.090170	0.730486
9865	0.190034	-0.031007	0.643409
9866	0.157572	-0.115721	0.586617
9867	0.155159	-0.059944	0.498624
9868	0.185066	-0.026454	0.474652
9869	0.194812	-0.035242	0.446811
9870	0.221763	-0.189087	0.402845
9871	0.254980	-0.172322	0.344697
9872	0.326573	-0.047010	0.337177
9873	0.369468	-0.049700	0.362698
9874	0.378045	-0.056516	0.368212
9875	0.381698	-0.048912	0.396706
9876	0.357221	-0.028730	0.405972
9877	0.349913	-0.074193	0.438983
9878	0.324605	0.056282	0.415401
9879	0.337806	0.120541	0.341771
9880	0.346385	0.020330	0.302917
9881	0.347092	0.003694	0.262628
9882	0.324816	0.051272	0.255938
9883	0.273275	0.067075	0.235225
9884	0.215345	0.122426	0.214033
9885	0.173260	-0.061390	0.211540
9886	0.118349	0.023275	0.166499
9887	0.118727	-0.077611	0.158928
9888	0.126590	-0.095533	0.158304
9889	0.162828	-0.112711	0.174183
9890	0.182223	-0.091879	0.198313
9891	0.168138	0.037441	0.270947
9892	0.141059	-0.024545	0.321533
9893	0.134481	-0.033654	0.358727
9894	0.112749	0.089302	0.387431
9895	0.115353	-0.044281	0.420377
9896	0.121647	-0.126730	0.471536
9897	0.122283	-0.065112	0.477524
9898	0.094512	0.084274	0.459469
9899	0.059985	-0.054215	0.441417
9900	0.040385	-0.184725	0.438381
9901	0.046666	-0.107923	0.452482
9902	0.034967	-0.149639	0.480055
9903	0.034591	-0.096562	0.490070
9904	0.067827	0.044156	0.490245
9905	0.031429	-0.001113	0.489819
9906	0.009741	0.032710	0.458170
9907	-0.009398	-0.005309	0.408785
9908	0.011562	0.098349	0.376153
9909	0.042255	0.113016	0.329977
9910	0.039828	0.091845	0.318060
9911	0.051257	0.091394	0.310267
9912	0.005577	-0.089196	0.266144
9913	-0.034148	-0.113711	0.294083
9914	-0.101192	-0.125547	0.245021
9915	-0.109850	-0.138436	0.235852
9916	-0.080360	-0.079666	0.218548
9917	-0.053681	-0.267607	0.257343
9918	-0.056633	-0.188182	0.303067
9919	-0.082857	-0.088835	0.343823
9920	-0.108211	-0.142488	0.384126
9921	-0.121397	-0.090428	0.383460
9922	-0.163149	0.140915	0.392004
9923	-0.205833	0.219578	0.403867
9924	-0.252871	0.095423	0.380688
9925	-0.325784	0.053978	0.392556
9926	-0.350998	0.207593	0.412318
9927	-0.353753	0.193546	0.448724
9928	-0.329658	0.187867	0.428601
9929	-0.284445	0.083910	0.474849
9930	-0.255703	0.174315	0.438443
9931	-0.293416	0.226878	0.429425
9932	-0.387450	0.031145	0.452052
9933	-0.472728	0.021523	0.445267
9934	-0.531870	-0.067185	0.420795
9935	-0.548576	-0.207409	0.404778
9936	-0.452725	-0.138574	0.434325
9937	-0.369718	-0.100386	0.411106
9938	-0.301307	-0.052463	0.354209
9939	-0.287417	0.025874	0.289329
9940	-0.282777	0.127833	0.274890
9941	-0.314777	0.222742	0.283340
9942	-0.342724	0.342906	0.277523
9943	-0.306886	0.345107	0.260632
9944	-0.199586	0.101507	0.222587
9945	-0.127704	0.163988	0.232120
9946	-0.040937	0.076116	0.177290
9947	0.046269	-0.027405	0.185334
9948	0.060034	-0.047571	0.154634
9949	0.092502	0.235114	0.153458
9950	0.128007	0.150673	0.130120
9951	0.132413	-0.019184	0.189442
9952	0.165370	0.043340	0.198783
9953	0.205955	0.090297	0.149997
9954	0.237045	-0.358142	0.124641
9955	0.276979	-0.176611	0.126519
9956	0.251273	-0.202647	0.042347
9957	0.270959	0.018307	0.007887
9958	0.312552	-0.089919	-0.000373
9959	0.363462	-0.064603	0.013122
9960	0.378727	-0.064005	0.076795
9961	0.323072	0.083428	0.070181
9962	0.229724	-0.018555	0.101255
9963	0.132389	0.139046	0.163048
9964	0.180214	-0.028075	0.189706
9965	0.246472	0.157358	0.224047
9966	0.324991	-0.149266	0.289422
9967	0.422809	0.056703	0.372174
9968	0.537801	-0.409224	0.477705
9969	0.576179	-0.487272	0.541699
9970	0.597070	-0.337062	0.548560
9971	0.614563	-0.131638	0.543141
9972	0.671677	-0.341528	0.564321
9973	0.737873	-0.040387	0.631697
9974	0.886756	-0.059920	0.741445
9975	0.922824	0.090930	0.711907
9976	0.917897	-0.332104	0.817222
9977	0.930123	-0.174767	0.841433
9978	0.914324	-0.368307	0.893593
9979	0.837237	-0.240388	0.920585
9980	0.787569	-0.123674	0.977865
9981	0.722672	0.012524	0.992771
9982	0.645677	-0.147559	1.068534
9983	0.621444	0.049204	1.030194
9984	0.478978	0.030516	1.081025
9985	0.409982	0.211453	1.239932
9986	0.258662	-0.180707	1.401690
9987	0.069515	-0.421265	1.460299
9988	0.035266	-0.612226	1.439068
9989	-0.110942	-0.475319	1.537147
9990	-0.247967	-0.193162	1.512581
9991	-0.320400	0.089306	1.306005
9992	-0.285826	0.336099	1.132055
9993	-0.194709	0.273450	1.137786
9994	-0.105621	-0.090814	1.122091
9995	-0.164186	-0.674735	1.315583
9996	0.147328	-1.217280	1.519368
9997	0.329769	-1.479651	1.553916
9998	1.107345	-1.274847	1.417642
9999	1.834511	-1.432680	1.080640
