0	1.000000	1.000000	1.000000
1	0.843835	0.315383	0.831456
2	0.736105	0.158120	0.738764
3	0.652174	0.097808	0.658095
4	0.575487	0.066308	0.593778
5	0.513152	0.044027	0.534262
6	0.458870	0.039699	0.484059
7	0.416657	0.015163	0.433955
8	0.377501	0.007229	0.391354
9	0.345793	0.002790	0.356114
10	0.317200	-0.003873	0.327484
11	0.288136	0.016321	0.302604
12	0.264064	0.017005	0.280003
13	0.243057	0.004199	0.259441
14	0.220394	0.002848	0.236893
15	0.199352	0.014323	0.220458
16	0.178377	0.007204	0.201986
17	0.159401	0.006146	0.183381
18	0.145000	0.021928	0.165934
19	0.132751	0.018516	0.154462
20	0.116771	0.010543	0.144564
21	0.104638	0.015887	0.136009
22	0.094552	0.000411	0.122927
23	0.083887	-0.008426	0.112583
24	0.073978	-0.016183	0.104681
25	0.068766	-0.008856	0.093920
26	0.060157	-0.012013	0.087027
27	0.053507	-0.009410	0.085594
28	0.048596	0.007627	0.082249
29	0.041614	-0.002904	0.081251
30	0.037370	-0.013740	0.080929
31	0.035089	0.007002	0.079534
32	0.038781	0.013928	0.076634
33	0.041023	0.008228	0.071362
34	0.034847	0.002662	0.067163
35	0.029143	0.005766	0.056789
36	0.025212	-0.005172	0.052974
37	0.021163	-0.002058	0.045632
38	0.015806	0.002425	0.039779
39	0.017715	0.009705	0.031843
40	0.023062	0.002868	0.024824
41	0.028316	-0.001158	0.026085
42	0.030674	-0.008881	0.027723
43	0.032776	0.005202	0.027515
44	0.035220	-0.000188	0.029153
45	0.035143	-0.008702	0.026683
46	0.040517	-0.004371	0.023578
47	0.043841	-0.012500	0.021685
48	0.051380	0.001119	0.018678
49	0.058791	-0.004112	0.016496
50	0.062416	0.009771	0.017401
51	0.063936	-0.001118	0.014067
52	0.060053	-0.000073	0.014946
53	0.052225	0.013195	0.016155
54	0.041275	0.011546	0.020521
55	0.036626	0.003434	0.023147
56	0.029905	-0.005778	0.023912
57	0.021503	-0.003450	0.020967
58	0.017245	-0.011383	0.020938
59	0.009348	-0.010082	0.023931
60	0.007631	-0.000618	0.023794
61	0.003818	-0.006722	0.021798
62	0.003933	-0.014515	0.021217
63	0.004773	0.004511	0.023248
64	0.003259	0.014652	0.025513
65	0.003210	0.019769	0.035168
66	0.007878	0.000793	0.035643
67	0.009343	-0.009841	0.043908
68	0.007300	0.007381	0.045868
69	0.005752	0.009498	0.046879
70	0.005906	-0.000699	0.048402
71	0.000433	-0.005624	0.049898
72	0.000144	0.001376	0.048372
73	-0.000182	0.000274	0.049287
74	0.001527	-0.016840	0.048425
75	0.004286	-0.001500	0.046234
76	0.004626	-0.005477	0.037672
77	0.000320	-0.012148	0.030132
78	0.000394	-0.002627	0.027430
79	-0.000929	-0.001855	0.027628
80	-0.003693	-0.001041	0.024647
81	-0.004797	0.002158	0.021475
82	-0.002407	0.010172	0.016144
83	-0.004289	-0.004419	0.011119
84	-0.002591	-0.004831	0.010056
85	-0.005741	-0.006071	0.008724
86	-0.008389	-0.004772	0.008632
87	-0.011280	-0.023693	0.005576
88	-0.011585	-0.015414	0.003056
89	-0.014328	-0.008770	-0.000578
90	-0.018783	-0.004809	-0.002071
91	-0.020347	-0.023633	-0.004892
92	-0.021239	-0.015243	-0.004097
93	-0.022823	-0.009054	-0.003123
94	-0.021153	-0.007617	-0.003564
95	-0.023467	0.009033	-0.001065
96	-0.020803	0.001748	0.000794
97	-0.010787	0.010463	0.005207
98	-0.010926	0.017542	0.008010
99	-0.010846	0.011906	0.007404
100	-0.012732	0.006706	0.007380
101	-0.014041	0.005825	0.005634
102	-0.015871	0.002000	0.006081
103	-0.019319	0.017533	0.009645
104	-0.022562	0.011561	0.008993
105	-0.021950	-0.000897	0.008603
106	-0.023723	0.003512	0.009803
107	-0.025944	0.006128	0.005760
108	-0.026036	0.000986	-0.000525
109	-0.022293	-0.004445	-0.009067
110	-0.014808	0.001049	-0.014801
111	-0.009704	-0.001913	-0.022629
112	-0.005407	-0.008649	-0.029307
113	-0.003759	-0.000528	-0.038967
114	-0.004088	0.009529	-0.044837
115	0.001003	0.010601	-0.051541
116	0.005154	0.013110	-0.047752
117	0.006560	0.013244	-0.047459
118	0.008926	0.006175	-0.047753
119	0.013202	0.006934	-0.044427
120	0.017498	-0.001653	-0.044875
121	0.014718	0.006956	-0.041172
122	0.013499	0.005988	-0.039563
123	0.010563	0.013693	-0.038226
124	0.008494	0.006990	-0.034489
125	0.010447	0.008502	-0.032199
126	0.008921	0.005388	-0.026950
127	0.009715	-0.001670	-0.020278
128	0.011196	0.012475	-0.014314
129	0.007492	0.012992	-0.008698
130	0.006669	0.020495	-0.007807
131	0.004190	0.016959	-0.003074
132	0.009609	0.012812	-0.007798
133	0.010729	0.007323	-0.008521
134	0.007971	-0.000080	-0.008578
135	0.005836	0.002284	-0.006661
136	0.000489	0.007353	-0.000898
137	-0.004745	0.012517	0.004048
138	-0.006639	0.010713	0.001616
139	-0.003961	0.015386	0.002281
140	-0.000280	0.009699	0.006541
141	0.001714	-0.004525	0.005194
142	0.004626	-0.001861	0.002777
143	0.008778	-0.010758	0.000372
144	0.013762	-0.029140	0.000953
145	0.012614	-0.015361	0.001672
146	0.013478	-0.003899	-0.001048
147	0.016121	0.003974	-0.009911
148	0.022959	0.012493	-0.014064
149	0.027168	-0.002494	-0.015498
150	0.029390	0.006736	-0.017565
151	0.029162	0.002338	-0.021699
152	0.026195	0.005869	-0.018373
153	0.023858	0.017448	-0.024897
154	0.022016	0.014243	-0.025676
155	0.023328	0.008620	-0.032086
156	0.024710	-0.015234	-0.037024
157	0.018915	-0.003958	-0.035310
158	0.014681	-0.016641	-0.032411
159	0.009347	-0.012300	-0.031598
160	0.008620	0.000874	-0.029177
161	0.007309	0.010404	-0.031411
162	0.005542	-0.000577	-0.030743
163	0.008123	-0.018345	-0.030276
164	0.008141	0.003509	-0.027990
165	0.006228	0.004608	-0.028199
166	0.002650	-0.005005	-0.025678
167	0.003096	-0.003908	-0.024053
168	0.007152	-0.000847	-0.022090
169	0.005384	0.011424	-0.025033
170	0.001572	-0.006415	-0.023899
171	-0.003459	-0.010141	-0.020000
172	-0.004825	-0.000926	-0.019651
173	-0.010029	-0.019960	-0.015123
174	-0.006164	-0.023654	-0.016081
175	-0.010480	-0.002698	-0.017235
176	-0.011691	-0.006565	-0.019838
177	-0.018158	-0.010200	-0.022034
178	-0.021397	-0.004389	-0.027742
179	-0.019439	-0.004073	-0.034371
180	-0.021765	0.007960	-0.042896
181	-0.020336	0.001621	-0.052980
182	-0.023969	-0.014076	-0.055900
183	-0.022735	-0.002737	-0.063907
184	-0.027305	-0.003131	-0.067260
185	-0.029225	-0.018548	-0.073421
186	-0.032305	-0.005109	-0.075556
187	-0.039270	-0.013083	-0.080756
188	-0.047751	-0.015512	-0.084898
189	-0.048388	-0.006009	-0.087164
190	-0.046240	-0.001602	-0.085011
191	-0.041635	-0.012640	-0.088798
192	-0.042972	0.004800	-0.087363
193	-0.035390	0.014799	-0.091077
194	-0.028860	0.007517	-0.085481
195	-0.026873	-0.002342	-0.088538
196	-0.027034	0.010216	-0.085196
197	-0.023309	0.015877	-0.083196
198	-0.014721	-0.000485	-0.078472
199	-0.005986	0.004977	-0.078629
200	0.003936	-0.002245	-0.076193
201	0.010515	-0.000460	-0.074786
202	0.018805	-0.004222	-0.071018
203	0.028865	-0.004300	-0.070305
204	0.032456	-0.001713	-0.064575
205	0.036226	0.004625	-0.061630
206	0.042294	-0.001827	-0.054603
207	0.040965	-0.004941	-0.052317
208	0.038529	-0.001997	-0.050107
209	0.036006	-0.001238	-0.046564
210	0.029360	-0.006300	-0.044546
211	0.028947	0.006930	-0.042626
212	0.033735	-0.000390	-0.040976
213	0.033034	-0.012155	-0.037805
214	0.031929	-0.001010	-0.041116
215	0.026311	0.009863	-0.038977
216	0.022288	0.004720	-0.038813
217	0.021208	-0.000205	-0.040639
218	0.018462	-0.001890	-0.041888
219	0.013760	-0.004891	-0.041902
220	0.005771	-0.004619	-0.043498
221	0.002853	0.002307	-0.048780
222	0.001773	0.000366	-0.052031
223	0.000993	-0.004287	-0.052715
224	0.000631	-0.002217	-0.049686
225	0.000394	-0.001192	-0.046976
226	-0.000254	-0.017871	-0.042040
227	-0.001207	-0.020627	-0.039952
228	-0.000194	-0.025993	-0.035388
229	-0.004205	-0.010964	-0.036796
230	-0.008891	-0.014925	-0.033322
231	-0.012361	-0.009658	-0.031688
232	-0.015249	0.008815	-0.028524
233	-0.020234	0.013260	-0.021928
234	-0.027007	0.025375	-0.024395
235	-0.033940	0.000832	-0.022560
236	-0.038850	-0.002435	-0.017783
237	-0.040182	0.003166	-0.017195
238	-0.044399	-0.008246	-0.015308
239	-0.047192	0.002344	-0.015892
240	-0.046998	-0.003551	-0.017453
241	-0.041446	-0.005031	-0.016191
242	-0.043589	-0.021977	-0.015295
243	-0.043633	-0.024650	-0.016892
244	-0.038677	-0.017691	-0.016411
245	-0.041455	-0.006362	-0.016074
246	-0.042644	0.001175	-0.015234
247	-0.048641	0.003718	-0.012776
248	-0.052404	-0.003004	-0.011062
249	-0.048144	-0.011902	-0.007317
250	-0.045641	-0.008300	-0.008230
251	-0.043767	0.002533	-0.013574
252	-0.040923	-0.007472	-0.011435
253	-0.040688	-0.017264	-0.010696
254	-0.044330	-0.007497	-0.018665
255	-0.046623	-0.013266	-0.018896
256	-0.046179	-0.008679	-0.013669
257	-0.045717	0.007514	-0.011848
258	-0.047462	0.004633	-0.012794
259	-0.046738	0.000218	-0.007311
260	-0.048146	0.000510	-0.003504
261	-0.044886	-0.006765	0.005028
262	-0.045363	0.005250	0.004985
263	-0.047932	-0.000687	0.011477
264	-0.047570	0.001044	0.014519
265	-0.041621	0.012231	0.015753
266	-0.037262	0.015066	0.016199
267	-0.033600	-0.004039	0.019162
268	-0.028777	0.000255	0.018873
269	-0.028692	0.008836	0.023523
270	-0.031342	-0.004985	0.025893
271	-0.034634	-0.010287	0.027777
272	-0.036165	0.001775	0.025803
273	-0.036174	-0.018793	0.025849
274	-0.037817	0.009098	0.025289
275	-0.033387	0.011115	0.024619
276	-0.028083	0.012532	0.022284
277	-0.023486	-0.001586	0.023680
278	-0.025951	-0.007488	0.023766
279	-0.024588	0.003686	0.031108
280	-0.022740	0.002803	0.033255
281	-0.021810	0.009482	0.033986
282	-0.021052	0.003304	0.033310
283	-0.022034	0.014920	0.038167
284	-0.028072	0.013297	0.037915
285	-0.033701	0.023708	0.042599
286	-0.037226	0.009647	0.042692
287	-0.037956	0.003995	0.041774
288	-0.034328	0.012402	0.040716
289	-0.033929	0.011286	0.037075
290	-0.030694	0.016664	0.038451
291	-0.029918	-0.000382	0.039483
292	-0.030368	0.001249	0.040124
293	-0.030470	0.002429	0.037028
294	-0.032603	0.009876	0.037744
295	-0.033402	0.021435	0.033098
296	-0.034397	0.006121	0.037886
297	-0.036808	0.021355	0.038941
298	-0.039923	0.006222	0.042236
299	-0.042388	0.002323	0.042244
300	-0.046249	0.000065	0.043870
301	-0.046743	-0.016186	0.048807
302	-0.047451	-0.015580	0.043207
303	-0.045972	-0.003128	0.038992
304	-0.038651	-0.013024	0.036487
305	-0.031687	-0.018456	0.036089
306	-0.026530	-0.026544	0.037183
307	-0.015103	-0.016429	0.037483
308	-0.006584	-0.001487	0.031193
309	0.002900	-0.006799	0.027832
310	0.006354	-0.006291	0.024868
311	0.007618	-0.020425	0.019767
312	0.008549	-0.000779	0.017935
313	0.011172	0.002462	0.018397
314	0.011526	0.004977	0.009329
315	0.013859	0.000936	0.004529
316	0.018821	-0.013599	-0.000905
317	0.021718	-0.013575	-0.005988
318	0.027408	-0.000207	-0.011606
319	0.032402	-0.019720	-0.019793
320	0.031018	-0.019039	-0.020586
321	0.029531	-0.013457	-0.019893
322	0.027513	-0.004483	-0.021856
323	0.032463	-0.010381	-0.019916
324	0.031753	-0.013168	-0.017432
325	0.028745	-0.018091	-0.015767
326	0.026952	-0.017856	-0.018294
327	0.031011	-0.007573	-0.014036
328	0.032361	0.005336	-0.012893
329	0.029536	0.000486	-0.010585
330	0.026735	-0.019765	-0.008634
331	0.021633	-0.016583	-0.003989
332	0.019131	-0.002292	-0.001587
333	0.019382	-0.017491	-0.001155
334	0.021630	-0.014802	0.006068
335	0.017277	-0.015925	0.009863
336	0.010322	-0.015370	0.008760
337	0.003558	-0.002622	0.007885
338	-0.001642	-0.007879	0.009794
339	-0.005198	-0.003266	0.005532
340	-0.011294	-0.005187	0.005640
341	-0.013136	-0.000072	-0.001240
342	-0.011880	-0.006317	-0.006040
343	-0.008222	0.023451	-0.011875
344	-0.007860	0.016330	-0.007881
345	-0.011055	0.014524	-0.004766
346	-0.016107	0.004196	-0.003777
347	-0.021332	0.006356	-0.007659
348	-0.026724	-0.020425	-0.009516
349	-0.029697	-0.015020	-0.010192
350	-0.033059	-0.001932	-0.016495
351	-0.036286	-0.002357	-0.022907
352	-0.030663	-0.010225	-0.029494
353	-0.025990	-0.015156	-0.032344
354	-0.020862	-0.007139	-0.038907
355	-0.014063	0.001635	-0.041034
356	-0.005873	-0.010751	-0.042747
357	0.000979	-0.009859	-0.040136
358	0.002446	0.012486	-0.035371
359	0.009990	0.012437	-0.031004
360	0.012171	0.011655	-0.028482
361	0.013110	0.008675	-0.029272
362	0.018417	0.013702	-0.029288
363	0.021580	0.009248	-0.031028
364	0.024444	0.007743	-0.031058
365	0.023043	0.016559	-0.023746
366	0.016913	0.014834	-0.015672
367	0.008427	0.005423	-0.014641
368	0.000001	0.004074	-0.010552
369	-0.005750	-0.029486	-0.005851
370	-0.013280	-0.027311	-0.000431
371	-0.014308	-0.024581	0.000446
372	-0.015225	-0.020722	0.008744
373	-0.015488	-0.018193	0.013752
374	-0.016207	-0.000254	0.016172
375	-0.014861	-0.010046	0.016457
376	-0.012287	-0.012795	0.021547
377	-0.015388	0.000729	0.028003
378	-0.017346	0.010069	0.030276
379	-0.018829	0.007120	0.028486
380	-0.024019	0.012637	0.026326
381	-0.020259	0.014346	0.025304
382	-0.018948	0.002341	0.019679
383	-0.017633	0.008008	0.017321
384	-0.010973	0.007809	0.016266
385	-0.003680	0.008210	0.013505
386	0.003421	0.004512	0.011411
387	0.002557	-0.019272	0.006276
388	0.001303	-0.013813	-0.001252
389	0.002017	-0.020071	-0.007375
390	0.001327	-0.022018	-0.010180
391	0.001807	-0.013455	-0.014086
392	0.001353	-0.003971	-0.015394
393	0.005166	0.012611	-0.018534
394	0.004749	-0.003533	-0.021265
395	0.004055	0.012091	-0.022614
396	0.003927	-0.003409	-0.023390
397	0.001206	0.015445	-0.026508
398	-0.005216	0.005455	-0.024632
399	-0.008278	0.003206	-0.031472
400	-0.009015	0.008660	-0.034457
401	-0.007600	0.009904	-0.036290
402	-0.005470	0.008471	-0.033881
403	-0.008345	0.003026	-0.029070
404	-0.005609	0.010962	-0.026938
405	-0.000466	0.016006	-0.025708
406	-0.001137	0.011705	-0.027568
407	0.002263	0.007712	-0.025284
408	0.005065	0.009210	-0.019618
409	0.009196	-0.001795	-0.012531
410	0.007871	0.011677	-0.008531
411	0.009199	0.023750	-0.005625
412	0.014506	0.037142	-0.006364
413	0.011316	0.020783	-0.007291
414	0.012197	0.014088	-0.005187
415	0.012088	0.027892	-0.002450
416	0.008582	0.029432	-0.001850
417	0.004095	0.016871	-0.005206
418	0.002408	0.011717	-0.008053
419	-0.000990	0.013534	-0.012720
420	-0.005025	0.022006	-0.010968
421	-0.007799	0.021432	-0.017612
422	-0.010049	0.028159	-0.023986
423	-0.015014	0.021104	-0.028877
424	-0.018649	0.007270	-0.032168
425	-0.023780	0.014931	-0.031208
426	-0.024698	0.016096	-0.026449
427	-0.024065	0.019926	-0.024188
428	-0.026033	0.023397	-0.018739
429	-0.024686	0.029362	-0.010490
430	-0.026187	0.029589	-0.005021
431	-0.023378	0.022564	-0.004277
432	-0.022916	0.010095	0.003160
433	-0.020149	0.012577	0.004512
434	-0.015042	0.019275	0.007666
435	-0.010407	-0.005266	0.009414
436	-0.007349	0.011870	0.011848
437	-0.010106	0.000588	0.012215
438	-0.006341	-0.006265	0.013582
439	-0.004544	-0.003905	0.019020
440	0.000266	0.010275	0.020161
441	0.002157	0.003778	0.021352
442	0.003387	0.000498	0.021213
443	0.009340	0.012042	0.021196
444	0.015203	0.009205	0.013039
445	0.017885	0.011049	0.006449
446	0.018619	0.007394	0.006858
447	0.018943	0.005272	0.006500
448	0.016995	-0.002298	0.010116
449	0.014048	-0.005626	0.011022
450	0.011102	-0.005096	0.012389
451	0.017682	-0.010496	0.015971
452	0.026086	-0.004625	0.017061
453	0.026933	-0.006596	0.019171
454	0.028024	-0.004230	0.014947
455	0.029122	0.007393	0.011077
456	0.030312	0.015349	0.009345
457	0.031790	-0.007030	0.008766
458	0.031137	0.001536	0.011600
459	0.032313	-0.001532	0.011091
460	0.028532	0.002982	0.015634
461	0.030728	-0.000418	0.015617
462	0.031299	-0.004739	0.008580
463	0.028766	-0.009691	0.008604
464	0.026353	-0.008466	0.010006
465	0.023896	0.005713	0.009937
466	0.020651	-0.006091	0.006465
467	0.017581	-0.002928	0.004377
468	0.015476	-0.015886	0.001865
469	0.014543	-0.007138	0.000703
470	0.015969	-0.002465	-0.000580
471	0.018970	0.004171	-0.001766
472	0.018931	0.009814	0.003437
473	0.019103	0.015124	0.010884
474	0.022194	-0.002063	0.009016
475	0.021778	0.008370	0.011974
476	0.026148	0.016244	0.022085
477	0.027021	-0.002697	0.031502
478	0.031213	0.010663	0.032078
479	0.035277	0.007506	0.037264
480	0.039037	0.017427	0.042635
481	0.044263	0.017705	0.043678
482	0.050010	0.014026	0.050010
483	0.058535	-0.001792	0.058836
484	0.066170	0.007573	0.061933
485	0.069193	-0.020020	0.061090
486	0.068770	-0.028578	0.067013
487	0.073443	-0.031106	0.067158
488	0.072810	-0.042074	0.067707
489	0.072738	-0.014720	0.064384
490	0.071591	0.008897	0.055541
491	0.070866	0.007976	0.044859
492	0.067849	0.006387	0.040156
493	0.064321	0.013978	0.038065
494	0.067312	0.018275	0.032190
495	0.068622	0.014266	0.030092
496	0.067015	0.021253	0.024615
497	0.066630	0.033731	0.023274
498	0.065742	0.017613	0.023018
499	0.057873	0.010047	0.023848
500	0.052094	0.001959	0.018824
501	0.049421	-0.001940	0.008148
502	0.048317	0.002737	0.008120
503	0.042587	-0.010584	0.005241
504	0.041451	-0.009109	0.008354
505	0.040307	0.002806	0.005804
506	0.038211	0.007462	0.002330
507	0.035358	-0.002779	0.003564
508	0.029495	0.009252	0.006893
509	0.027906	0.000277	0.006275
510	0.028313	-0.003057	0.007523
511	0.027587	0.012343	0.008832
512	0.023993	0.019658	0.007187
513	0.019130	0.006755	0.008876
514	0.009969	-0.008081	0.010842
515	0.002357	0.006090	0.005232
516	-0.003012	0.005077	0.006899
517	-0.007504	-0.015356	0.006664
518	-0.009134	-0.006464	0.006295
519	-0.009477	-0.000122	0.004910
520	-0.007446	-0.004696	0.004421
521	-0.004633	-0.002027	0.004361
522	-0.005228	-0.004661	-0.000178
523	-0.005000	-0.006036	-0.002593
524	-0.006008	0.007776	-0.006344
525	-0.006209	-0.004386	-0.010971
526	-0.007930	0.013176	-0.013377
527	-0.011532	-0.003344	-0.021001
528	-0.014507	0.001838	-0.026400
529	-0.017075	0.010822	-0.028908
530	-0.024252	0.020222	-0.037996
531	-0.029703	0.013931	-0.040780
532	-0.030774	-0.001201	-0.041218
533	-0.027886	-0.002400	-0.045182
534	-0.025142	0.013903	-0.050598
535	-0.021285	0.018158	-0.053885
536	-0.013860	0.004042	-0.053340
537	-0.006243	-0.012183	-0.053933
538	-0.006068	-0.006398	-0.050403
539	-0.002748	-0.003954	-0.046727
540	0.004155	-0.002120	-0.037240
541	0.012461	-0.007334	-0.031988
542	0.018024	0.001824	-0.028787
543	0.020815	0.000069	-0.027413
544	0.022971	-0.008772	-0.029538
545	0.025612	-0.006175	-0.030115
546	0.021131	-0.023020	-0.030179
547	0.017849	-0.014342	-0.029682
548	0.010988	-0.003993	-0.024339
549	0.003815	-0.006287	-0.022102
550	-0.002614	-0.017647	-0.024142
551	-0.010744	-0.032133	-0.023583
552	-0.023408	-0.020318	-0.025558
553	-0.034073	-0.001305	-0.026015
554	-0.040283	-0.005087	-0.022719
555	-0.039408	-0.001607	-0.023303
556	-0.037822	0.004529	-0.024024
557	-0.030832	0.014553	-0.020520
558	-0.027339	0.005317	-0.018892
559	-0.029934	0.005568	-0.021849
560	-0.026606	0.003318	-0.020872
561	-0.027138	0.007435	-0.018428
562	-0.026953	-0.006937	-0.021145
563	-0.035424	-0.015026	-0.019675
564	-0.041119	-0.001492	-0.020231
565	-0.043804	-0.008595	-0.022331
566	-0.049412	0.013942	-0.021067
567	-0.054171	0.002266	-0.016703
568	-0.056824	0.013325	-0.018103
569	-0.055325	0.016920	-0.014293
570	-0.052023	0.012862	-0.006152
571	-0.053392	0.003473	-0.005429
572	-0.053848	-0.004977	-0.003236
573	-0.054412	-0.003262	-0.001827
574	-0.056719	0.007834	-0.004927
575	-0.057218	0.015683	-0.005840
576	-0.059348	0.012522	-0.007401
577	-0.059811	0.009448	-0.007396
578	-0.064900	0.022333	-0.010150
579	-0.068148	0.018417	-0.012690
580	-0.071283	0.021145	-0.012452
581	-0.075536	0.010923	-0.017871
582	-0.076069	-0.008959	-0.017153
583	-0.073444	0.001396	-0.017482
584	-0.066739	0.003412	-0.017212
585	-0.062597	-0.014126	-0.023319
586	-0.049852	-0.019937	-0.026770
587	-0.045796	-0.016726	-0.029020
588	-0.040148	-0.005218	-0.029352
589	-0.032175	-0.003471	-0.030500
590	-0.028797	-0.007875	-0.029410
591	-0.025230	-0.021017	-0.031679
592	-0.021990	-0.012953	-0.030051
593	-0.022417	-0.008628	-0.033289
594	-0.028746	0.007648	-0.029412
595	-0.029018	-0.007630	-0.029860
596	-0.024490	-0.012274	-0.028814
597	-0.017384	0.006191	-0.022165
598	-0.013861	0.003291	-0.019809
599	-0.010646	0.003622	-0.019029
600	-0.010048	-0.008877	-0.019682
601	-0.007466	-0.009576	-0.017608
602	-0.002308	-0.008264	-0.021115
603	-0.000338	0.010901	-0.021841
604	0.001437	-0.003815	-0.019997
605	0.001018	-0.015418	-0.017406
606	0.005028	0.001903	-0.017023
607	0.009267	-0.000832	-0.019661
608	0.011318	-0.003378	-0.025938
609	0.015243	-0.003431	-0.035521
610	0.018627	-0.019879	-0.035426
611	0.020512	-0.013032	-0.040164
612	0.019240	-0.001334	-0.040755
613	0.014634	0.006766	-0.038801
614	0.019303	0.001612	-0.033939
615	0.025507	0.013963	-0.030765
616	0.025827	-0.001772	-0.023590
617	0.030228	-0.006201	-0.017057
618	0.029950	0.004616	-0.015462
619	0.026334	0.005700	-0.011110
620	0.027016	-0.002318	-0.010723
621	0.026631	0.000770	-0.008206
622	0.026024	-0.004180	-0.003119
623	0.025857	-0.016554	0.001585
624	0.024099	-0.011080	0.002674
625	0.025262	-0.010466	0.008709
626	0.024368	0.008630	0.012393
627	0.020709	-0.003177	0.012133
628	0.014767	-0.023090	0.011590
629	0.007861	-0.010868	0.006877
630	0.009506	0.012471	0.004602
631	0.008964	0.009201	0.005695
632	0.005345	0.003029	0.005277
633	0.004710	-0.003734	0.007537
634	0.006140	-0.007192	0.006900
635	0.003810	0.023649	0.006611
636	0.003608	0.009468	0.009039
637	0.003269	0.010720	0.008178
638	0.005271	0.009571	0.009091
639	0.005549	-0.007739	0.007141
640	0.005498	0.007139	0.007806
641	0.005013	0.013665	0.004092
642	0.007159	0.013688	-0.003337
643	0.010770	0.023574	-0.014029
644	0.009853	0.022035	-0.015762
645	0.008746	-0.005082	-0.017734
646	0.013272	0.000569	-0.024215
647	0.012118	0.003727	-0.029422
648	0.012816	-0.009094	-0.030892
649	0.012943	-0.019474	-0.037839
650	0.021036	-0.017393	-0.040250
651	0.024778	-0.007826	-0.040759
652	0.029868	-0.012161	-0.039293
653	0.033981	-0.000249	-0.040532
654	0.034614	-0.002800	-0.037116
655	0.037991	0.002368	-0.033575
656	0.040080	0.002119	-0.031756
657	0.039012	-0.002493	-0.031461
658	0.043366	-0.008139	-0.032546
659	0.046549	-0.006406	-0.035101
660	0.042433	-0.018165	-0.035247
661	0.040174	-0.007576	-0.037416
662	0.035115	-0.004452	-0.039175
663	0.031239	-0.003461	-0.043604
664	0.025651	-0.016910	-0.044212
665	0.023032	-0.010963	-0.044849
666	0.029882	0.004073	-0.047418
667	0.034400	0.009881	-0.048602
668	0.038234	0.002250	-0.050465
669	0.041678	-0.003638	-0.052029
670	0.044789	-0.000207	-0.048677
671	0.044784	-0.011711	-0.044463
672	0.047067	-0.010099	-0.046208
673	0.047748	-0.014233	-0.049846
674	0.045703	-0.003836	-0.049455
675	0.040743	-0.012135	-0.050178
676	0.037980	0.000775	-0.046488
677	0.038510	-0.006095	-0.045577
678	0.035150	0.008573	-0.044467
679	0.033751	0.001081	-0.053445
680	0.034576	-0.002166	-0.058003
681	0.036841	-0.000204	-0.056615
682	0.040500	-0.016036	-0.055621
683	0.048619	-0.016103	-0.054235
684	0.050074	-0.003381	-0.053166
685	0.055051	-0.004963	-0.056562
686	0.055625	-0.009050	-0.057481
687	0.052732	-0.001438	-0.056001
688	0.059225	0.000834	-0.057260
689	0.062147	-0.010608	-0.055612
690	0.062986	0.004436	-0.057407
691	0.058576	0.009684	-0.063633
692	0.054580	-0.010946	-0.061331
693	0.053926	-0.007362	-0.063001
694	0.057629	-0.013232	-0.061740
695	0.060827	0.002646	-0.062565
696	0.055606	0.015049	-0.058599
697	0.053801	0.011555	-0.058000
698	0.053961	0.005274	-0.058349
699	0.052219	0.022246	-0.058532
700	0.056776	0.006472	-0.062260
701	0.056118	-0.013722	-0.063533
702	0.055500	-0.009681	-0.063608
703	0.056334	0.001490	-0.054538
704	0.057465	-0.003237	-0.055116
705	0.052870	0.004967	-0.053852
706	0.044780	0.021852	-0.052685
707	0.039156	0.007322	-0.053950
708	0.035298	-0.000215	-0.047798
709	0.032689	0.011027	-0.044986
710	0.031077	-0.012971	-0.039727
711	0.026531	-0.009681	-0.036153
712	0.022421	-0.009674	-0.037883
713	0.023161	-0.014811	-0.037807
714	0.023354	-0.012867	-0.032744
715	0.015040	-0.015609	-0.028987
716	0.008849	-0.021592	-0.028499
717	0.000371	0.000957	-0.020715
718	-0.003229	-0.000445	-0.014000
719	-0.013813	-0.002116	0.001277
720	-0.019034	0.007886	0.004952
721	-0.024111	0.001722	0.014683
722	-0.027580	-0.007628	0.017192
723	-0.031493	-0.004737	0.020358
724	-0.035006	-0.001325	0.020728
725	-0.036635	0.008416	0.023143
726	-0.039496	0.005208	0.023880
727	-0.039269	-0.008146	0.023575
728	-0.037530	0.010944	0.018228
729	-0.042672	-0.002541	0.014672
730	-0.041641	0.003636	0.013624
731	-0.041905	-0.004218	0.014390
732	-0.042030	-0.003742	0.013624
733	-0.043271	-0.018694	0.014577
734	-0.044428	-0.024671	0.008858
735	-0.041060	-0.021633	0.007500
736	-0.033549	-0.018167	0.001838
737	-0.030476	-0.014554	0.002147
738	-0.028769	0.002958	0.002924
739	-0.028129	-0.011305	0.001941
740	-0.028861	-0.010306	0.002044
741	-0.025478	-0.003602	0.005004
742	-0.026412	-0.010166	0.009741
743	-0.028573	-0.010852	0.012121
744	-0.032217	-0.012994	0.012106
745	-0.034722	-0.033723	0.011880
746	-0.036084	-0.021669	0.011669
747	-0.033894	-0.024148	0.006413
748	-0.032848	-0.015575	0.003484
749	-0.031598	-0.020784	0.002482
750	-0.024336	-0.011896	0.000953
751	-0.024287	-0.026849	0.000574
752	-0.025794	-0.023982	0.001103
753	-0.022856	-0.015705	-0.000839
754	-0.023194	-0.019501	-0.001910
755	-0.023888	-0.013210	-0.001110
756	-0.024680	0.001631	0.000085
757	-0.024186	0.015463	0.003942
758	-0.023893	0.018311	-0.000964
759	-0.024550	0.003374	-0.002444
760	-0.018811	0.014164	-0.005493
761	-0.014453	0.000747	-0.003386
762	-0.011553	-0.022468	-0.002656
763	-0.006455	-0.010009	-0.003271
764	-0.005286	-0.018101	0.001403
765	-0.009731	-0.017912	0.005866
766	-0.009993	-0.019475	0.008236
767	-0.009890	-0.019405	0.009141
768	-0.012757	0.005355	0.010802
769	-0.017903	0.015172	0.013379
770	-0.017679	-0.006762	0.013685
771	-0.020792	-0.005348	0.012183
772	-0.020500	0.009706	0.012937
773	-0.021056	-0.009354	0.012078
774	-0.019908	0.000094	0.006896
775	-0.021969	0.004388	-0.000337
776	-0.019275	0.007454	0.001905
777	-0.015821	0.019407	0.003747
778	-0.011269	0.004429	0.003380
779	-0.010034	-0.002177	-0.002968
780	-0.005257	-0.003804	-0.009067
781	-0.006670	0.011191	-0.012195
782	-0.007037	0.001359	-0.011793
783	-0.006607	-0.002776	-0.014996
784	-0.012656	-0.011180	-0.011821
785	-0.013894	-0.004649	-0.007514
786	-0.005067	-0.011236	-0.007530
787	-0.002557	-0.005700	-0.006968
788	0.005729	0.016693	0.000084
789	0.007516	0.001371	0.005367
790	0.009948	0.003570	0.008440
791	0.007852	-0.008602	0.004436
792	0.003916	-0.005834	0.005053
793	0.001075	-0.016064	0.005287
794	0.001914	-0.006569	0.000885
795	0.001347	-0.013116	-0.002521
796	0.001530	-0.007841	0.001384
797	-0.002320	-0.003255	0.004627
798	0.001064	-0.010217	0.012079
799	0.004757	-0.008041	0.014815
800	0.010488	0.000590	0.021403
801	0.016362	0.000394	0.023893
802	0.019871	-0.001289	0.019304
803	0.025286	-0.006349	0.017621
804	0.026126	0.017977	0.015458
805	0.026087	0.014014	0.014963
806	0.032527	-0.000065	0.013620
807	0.033855	0.008417	0.012992
808	0.035164	0.011396	0.014827
809	0.037556	0.029842	0.016165
810	0.043315	0.015216	0.021235
811	0.041022	0.003199	0.023211
812	0.035550	0.010947	0.020877
813	0.027644	0.001998	0.023685
814	0.025324	-0.021738	0.020932
815	0.028331	-0.005163	0.020851
816	0.029278	-0.006886	0.015911
817	0.033742	-0.007824	0.012018
818	0.031837	0.001227	0.012684
819	0.031104	0.011744	0.012188
820	0.030480	0.006274	0.012241
821	0.029528	0.000219	0.007694
822	0.028728	-0.000048	0.007172
823	0.026780	0.007250	0.008287
824	0.026844	-0.007086	0.007223
825	0.028865	0.002816	0.006218
826	0.029183	0.004370	0.004261
827	0.030528	0.001846	0.004173
828	0.030441	-0.003002	0.001862
829	0.028761	-0.007266	0.003592
830	0.033032	-0.005726	0.002989
831	0.033656	0.000623	0.001482
832	0.031386	-0.008744	-0.000405
833	0.039245	0.008546	-0.002306
834	0.042006	-0.001334	-0.004609
835	0.040688	-0.006574	-0.004053
836	0.040018	0.000905	-0.004258
837	0.041802	0.012363	-0.007439
838	0.044710	0.023214	-0.012232
839	0.045821	0.009549	-0.019423
840	0.046384	0.016637	-0.023179
841	0.048745	0.016751	-0.027825
842	0.051520	0.006516	-0.026154
843	0.051897	-0.011036	-0.028766
844	0.048348	-0.011067	-0.027029
845	0.046263	-0.010792	-0.029092
846	0.044324	-0.010517	-0.027425
847	0.037807	-0.010827	-0.024359
848	0.037431	0.002319	-0.020030
849	0.034079	0.001140	-0.020094
850	0.032388	0.009990	-0.017702
851	0.032634	0.015642	-0.016694
852	0.031652	0.012230	-0.013401
853	0.030433	0.005045	-0.010348
854	0.028970	0.008373	-0.009679
855	0.029648	0.011007	-0.009473
856	0.032237	0.011824	-0.006162
857	0.032802	0.020024	-0.004833
858	0.031373	0.019494	0.001091
859	0.031153	0.015235	-0.004356
860	0.029128	0.023567	-0.005980
861	0.025393	-0.009542	-0.012010
862	0.021458	-0.009359	-0.011567
863	0.017685	0.000750	-0.011970
864	0.019753	0.005328	-0.017410
865	0.016952	-0.014173	-0.020928
866	0.014970	-0.017340	-0.025082
867	0.014796	0.000660	-0.027945
868	0.011796	-0.005187	-0.028378
869	0.004951	0.007491	-0.027045
870	-0.001076	0.008630	-0.026165
871	-0.009184	0.012923	-0.026848
872	-0.010667	0.022535	-0.028085
873	-0.012901	0.019890	-0.029889
874	-0.014603	0.015382	-0.026021
875	-0.015363	0.012207	-0.027434
876	-0.015017	0.014022	-0.028672
877	-0.014012	0.018899	-0.030018
878	-0.013257	0.045016	-0.026424
879	-0.017782	0.027508	-0.028101
880	-0.021211	0.005997	-0.028661
881	-0.023382	0.001583	-0.032327
882	-0.024102	0.000155	-0.033789
883	-0.022238	-0.007982	-0.032030
884	-0.018326	-0.011859	-0.039085
885	-0.014639	-0.014105	-0.041686
886	-0.017290	-0.005903	-0.039600
887	-0.018438	-0.001182	-0.039198
888	-0.018248	-0.012214	-0.037595
889	-0.022177	0.002210	-0.038792
890	-0.026974	0.000866	-0.038448
891	-0.031174	0.003049	-0.041479
892	-0.032460	0.011893	-0.036838
893	-0.036331	0.000146	-0.033672
894	-0.038135	-0.006434	-0.028987
895	-0.039704	-0.003064	-0.025159
896	-0.043256	-0.002600	-0.025192
897	-0.045615	0.009586	-0.019398
898	-0.046100	0.018773	-0.011535
899	-0.045851	-0.000537	-0.006918
900	-0.040812	-0.005942	-0.007390
901	-0.042764	0.006194	-0.009287
902	-0.042964	0.011956	-0.004948
903	-0.038323	0.021979	-0.005386
904	-0.039730	-0.010879	-0.012184
905	-0.040160	-0.032233	-0.017504
906	-0.038260	-0.017665	-0.019937
907	-0.033881	0.000355	-0.021298
908	-0.033596	-0.017120	-0.023153
909	-0.034835	-0.019099	-0.025045
910	-0.038312	-0.014269	-0.030174
911	-0.045609	-0.026459	-0.035000
912	-0.053637	-0.005274	-0.038657
913	-0.061348	-0.013118	-0.042458
914	-0.065867	-0.005537	-0.046532
915	-0.074208	-0.014444	-0.052425
916	-0.078570	-0.014846	-0.056879
917	-0.083822	-0.003962	-0.061112
918	-0.080853	0.011802	-0.065051
919	-0.075232	0.019378	-0.060174
920	-0.070175	0.013640	-0.058386
921	-0.063865	0.021672	-0.056486
922	-0.055229	0.010897	-0.050148
923	-0.050297	-0.008310	-0.045210
924	-0.049344	-0.016888	-0.037537
925	-0.051501	-0.001052	-0.031397
926	-0.053138	0.004816	-0.026903
927	-0.051395	0.021546	-0.019762
928	-0.046879	0.002657	-0.014886
929	-0.048043	-0.016131	-0.008284
930	-0.042848	-0.001151	0.000145
931	-0.037036	-0.009554	0.002612
932	-0.034188	-0.009736	0.005753
933	-0.027022	-0.003596	0.005290
934	-0.023370	-0.003386	0.007837
935	-0.020804	0.011943	0.015648
936	-0.018139	0.012688	0.018418
937	-0.017245	0.016905	0.023552
938	-0.013537	0.023937	0.018673
939	-0.009623	0.014837	0.018108
940	-0.008952	0.020311	0.015214
941	-0.005202	0.008581	0.013233
942	-0.006509	-0.006328	0.012127
943	-0.006542	-0.007266	0.005030
944	-0.006050	-0.011638	0.002458
945	-0.006677	-0.012165	-0.000410
946	-0.004690	-0.025960	-0.001480
947	-0.003620	-0.013247	-0.004385
948	-0.001486	-0.021845	-0.007856
949	-0.004179	-0.006259	-0.013070
950	-0.004728	-0.010007	-0.010988
951	-0.001953	-0.012017	-0.013332
952	-0.008575	0.002942	-0.015709
953	-0.011746	0.017222	-0.015375
954	-0.005649	0.023696	-0.019051
955	-0.005906	0.019579	-0.015006
956	-0.001577	0.014529	-0.012376
957	0.001004	0.013007	-0.008082
958	0.001690	0.017447	-0.008906
959	-0.001000	-0.002439	-0.011358
960	-0.002765	-0.012269	-0.010061
961	-0.007447	-0.001582	-0.004882
962	-0.014985	0.002052	-0.005372
963	-0.015152	0.004003	0.000294
964	-0.017137	0.002769	0.004849
965	-0.016783	0.019362	0.010481
966	-0.015596	-0.004893	0.013399
967	-0.013324	-0.018763	0.016335
968	-0.019374	-0.020215	0.019304
969	-0.020169	-0.001617	0.021325
970	-0.018101	-0.017296	0.020103
971	-0.013004	-0.001418	0.017909
972	-0.011854	-0.007627	0.018512
973	-0.005006	-0.003253	0.019303
974	-0.009644	-0.016579	0.018812
975	-0.011577	-0.022969	0.022582
976	-0.011784	-0.008291	0.020411
977	-0.011018	-0.006341	0.016032
978	-0.015933	-0.013137	0.014609
979	-0.014051	-0.009669	0.014626
980	-0.015880	0.011665	0.014995
981	-0.017799	0.015609	0.011756
982	-0.016158	-0.005576	0.010717
983	-0.020494	0.012234	0.008175
984	-0.022223	0.016169	0.007219
985	-0.021842	0.019980	0.002136
986	-0.020464	0.013123	0.004905
987	-0.022271	0.024296	0.010180
988	-0.025336	0.021994	0.011028
989	-0.021653	0.004615	0.013097
990	-0.016138	-0.001967	0.015472
991	-0.012584	0.008503	0.013602
992	-0.009977	-0.002908	0.006910
993	-0.006005	-0.004764	0.007506
994	-0.003212	-0.012825	0.004745
995	0.000638	-0.018066	0.002595
996	0.002198	-0.008404	-0.001307
997	0.001697	-0.017145	0.002314
998	-0.003644	-0.007529	-0.001736
999	-0.010487	-0.010182	-0.001722
1000	-0.011766	0.016710	-0.001125
1001	-0.010912	0.012508	0.001692
1002	-0.013465	0.006481	0.009269
1003	-0.015007	0.010847	0.007436
1004	-0.014425	0.009381	0.012513
1005	-0.011463	0.019936	0.011800
1006	-0.006733	0.030213	0.013749
1007	-0.001126	-0.001488	0.006688
1008	-0.004506	0.021156	0.008387
1009	-0.001689	0.015458	0.009423
1010	0.000184	-0.007972	0.013707
1011	0.000152	-0.013231	0.011952
1012	0.000082	-0.014614	0.008054
1013	-0.004850	-0.024112	0.003487
1014	-0.013114	-0.026576	-0.002190
1015	-0.014447	-0.009570	-0.002111
1016	-0.013164	-0.002862	-0.002540
1017	-0.014441	0.016990	-0.003227
1018	-0.014199	0.011481	-0.004315
1019	-0.012191	0.013605	-0.009055
1020	-0.013053	0.015373	-0.012477
1021	-0.016024	0.006359	-0.016262
1022	-0.014140	0.016401	-0.019526
1023	-0.016351	0.005390	-0.024453
1024	-0.017018	0.021698	-0.026634
1025	-0.025855	0.000746	-0.028011
1026	-0.026438	0.007441	-0.023525
1027	-0.026220	0.004518	-0.024194
1028	-0.026365	0.005585	-0.021746
1029	-0.019598	-0.001292	-0.016721
1030	-0.012173	-0.017286	-0.009713
1031	-0.008398	-0.021334	-0.008641
1032	-0.005868	-0.019043	-0.007592
1033	-0.003858	-0.007130	-0.005847
1034	-0.009231	-0.012441	-0.002989
1035	-0.018733	-0.003369	-0.000329
1036	-0.026998	-0.006550	0.003988
1037	-0.031203	0.002027	0.004734
1038	-0.036250	0.002081	0.006175
1039	-0.040846	0.002044	0.002618
1040	-0.047156	-0.004548	0.002914
1041	-0.049626	0.006361	0.001289
1042	-0.049903	0.013014	0.003755
1043	-0.047264	0.016113	0.000528
1044	-0.046005	-0.003605	-0.003204
1045	-0.043363	-0.004326	-0.004435
1046	-0.042274	0.011654	-0.005219
1047	-0.040962	0.010889	-0.004938
1048	-0.037260	0.000342	-0.005272
1049	-0.035294	0.000184	-0.003929
1050	-0.035723	-0.001970	-0.009179
1051	-0.034159	0.013769	-0.015771
1052	-0.029815	0.010576	-0.016202
1053	-0.025491	0.021075	-0.016924
1054	-0.020995	0.026940	-0.013423
1055	-0.019170	0.027733	-0.010681
1056	-0.012104	0.008584	-0.007350
1057	-0.006204	0.008622	-0.015179
1058	-0.000780	0.009719	-0.020369
1059	0.007707	0.016472	-0.024060
1060	0.009347	-0.004011	-0.018628
1061	0.012986	-0.009006	-0.017891
1062	0.017376	0.001175	-0.012062
1063	0.023896	-0.013557	-0.008241
1064	0.029026	-0.005274	-0.003896
1065	0.029371	0.001927	0.000141
1066	0.031574	-0.013206	0.007487
1067	0.033187	0.003526	0.006965
1068	0.032664	-0.017384	0.009232
1069	0.033159	-0.015958	0.009122
1070	0.038255	-0.020799	0.009549
1071	0.042963	0.007786	0.012604
1072	0.041141	0.002956	0.013552
1073	0.042756	0.008674	0.012830
1074	0.042603	0.008475	0.007643
1075	0.034540	0.001469	0.002262
1076	0.030249	-0.016270	-0.003350
1077	0.026531	-0.007680	-0.005584
1078	0.024627	0.002142	-0.005289
1079	0.018857	0.003067	-0.002226
1080	0.011834	-0.002024	0.003307
1081	0.010246	-0.011691	0.009766
1082	0.006044	-0.001486	0.007485
1083	0.007359	0.007373	0.008670
1084	0.004194	-0.000774	0.011631
1085	0.001345	0.010555	0.015386
1086	0.000570	0.000078	0.021676
1087	0.001016	0.015435	0.030846
1088	-0.003533	0.004556	0.028789
1089	-0.002185	-0.003283	0.029331
1090	-0.001669	0.005445	0.026629
1091	0.001939	0.008144	0.028160
1092	0.000948	0.006176	0.029431
1093	0.001749	-0.000159	0.027914
1094	-0.000766	0.006565	0.031175
1095	-0.000571	-0.000427	0.025117
1096	-0.000290	-0.001551	0.025188
1097	0.003281	-0.000972	0.024784
1098	0.005976	-0.020675	0.029732
1099	0.012016	-0.007573	0.030726
1100	0.014661	-0.016644	0.034216
1101	0.010501	-0.013924	0.035759
1102	0.011495	-0.003583	0.034682
1103	0.011363	0.002247	0.029439
1104	0.016204	-0.001007	0.024680
1105	0.022106	0.005531	0.026723
1106	0.024639	0.002475	0.024351
1107	0.027496	0.002675	0.021245
1108	0.024623	0.026436	0.018877
1109	0.023794	0.013949	0.014886
1110	0.022060	0.005927	0.011736
1111	0.018371	0.008397	0.006443
1112	0.017324	0.005004	0.003149
1113	0.020161	-0.006947	0.002540
1114	0.025463	-0.002223	0.007532
1115	0.026763	-0.001667	0.013217
1116	0.029256	0.003437	0.017568
1117	0.030395	-0.005891	0.021302
1118	0.028112	0.008374	0.022495
1119	0.027120	0.013736	0.017383
1120	0.023156	0.012638	0.014747
1121	0.025504	0.016858	0.020312
1122	0.032096	0.031054	0.017775
1123	0.036418	0.026610	0.019005
1124	0.039222	0.035165	0.023556
1125	0.042773	0.037182	0.025528
1126	0.044115	0.028728	0.022572
1127	0.046513	0.032767	0.022697
1128	0.045490	0.023980	0.020581
1129	0.049360	-0.009220	0.015973
1130	0.052432	-0.014344	0.011953
1131	0.056966	-0.015858	0.010974
1132	0.058578	-0.002979	0.007345
1133	0.060375	-0.002133	0.002180
1134	0.058917	0.004091	-0.003398
1135	0.056277	0.011881	-0.002547
1136	0.051743	0.018736	-0.005699
1137	0.045683	0.018613	-0.005834
1138	0.036351	-0.000792	-0.004565
1139	0.030232	-0.011143	-0.003666
1140	0.022737	-0.005688	-0.006434
1141	0.017340	0.006344	-0.005627
1142	0.017315	0.006322	-0.008527
1143	0.017042	0.031356	-0.011404
1144	0.016728	0.009786	-0.010506
1145	0.015670	-0.001178	-0.012578
1146	0.012972	-0.013287	-0.011706
1147	0.014401	-0.019617	-0.010601
1148	0.014939	-0.003166	-0.008842
1149	0.018662	0.005038	-0.010098
1150	0.021607	0.003414	-0.012454
1151	0.029237	-0.005400	-0.015792
1152	0.036861	-0.010571	-0.024779
1153	0.042598	-0.019400	-0.032469
1154	0.048820	0.010787	-0.035477
1155	0.053236	0.011907	-0.039896
1156	0.054499	-0.000954	-0.042507
1157	0.052125	-0.017881	-0.040989
1158	0.047380	-0.007023	-0.039128
1159	0.045313	-0.012856	-0.038023
1160	0.044858	-0.002329	-0.037966
1161	0.046908	-0.006367	-0.034473
1162	0.049194	0.016451	-0.033494
1163	0.049926	0.005046	-0.034661
1164	0.048274	0.012377	-0.036100
1165	0.049466	0.002917	-0.037823
1166	0.042380	-0.002154	-0.032863
1167	0.036671	-0.016641	-0.031068
1168	0.027139	-0.011639	-0.033690
1169	0.023093	-0.010646	-0.035970
1170	0.022714	-0.022141	-0.028558
1171	0.026779	-0.027701	-0.019887
1172	0.030039	-0.025825	-0.014315
1173	0.032495	-0.013087	-0.011416
1174	0.030724	-0.027447	-0.012688
1175	0.038076	-0.025648	-0.009880
1176	0.040303	-0.018711	-0.009922
1177	0.044484	-0.003887	-0.016997
1178	0.042866	-0.011909	-0.021809
1179	0.049099	-0.018401	-0.019846
1180	0.052946	-0.017234	-0.017973
1181	0.052563	-0.008794	-0.011782
1182	0.059358	-0.017142	-0.010118
1183	0.059448	-0.008778	-0.009444
1184	0.062898	-0.018568	-0.009328
1185	0.070185	-0.033079	-0.011376
1186	0.069654	-0.003163	-0.011023
1187	0.067744	-0.012921	-0.004117
1188	0.063829	-0.008800	-0.007009
1189	0.064311	-0.008438	-0.013578
1190	0.060265	-0.018758	-0.016283
1191	0.061901	-0.005450	-0.012721
1192	0.066716	-0.001230	-0.015949
1193	0.069054	0.010836	-0.020670
1194	0.072973	-0.012914	-0.017134
1195	0.077488	-0.040574	-0.012091
1196	0.081951	-0.035628	-0.009303
1197	0.080715	-0.009888	-0.010005
1198	0.081985	-0.020648	-0.006437
1199	0.082565	-0.020066	-0.008434
1200	0.080555	-0.006772	-0.007446
1201	0.082402	-0.011167	-0.011416
1202	0.086424	-0.013170	-0.013588
1203	0.086161	-0.009626	-0.012499
1204	0.081999	-0.008753	-0.012485
1205	0.077330	0.016604	-0.018261
1206	0.069769	0.022598	-0.019840
1207	0.061335	0.012707	-0.020741
1208	0.059102	0.004896	-0.025260
1209	0.053688	0.007819	-0.027816
1210	0.049197	0.014050	-0.025111
1211	0.049486	0.010257	-0.031365
1212	0.054287	0.006926	-0.034297
1213	0.061269	-0.001776	-0.039185
1214	0.058733	-0.003531	-0.044762
1215	0.058961	0.010777	-0.045705
1216	0.061041	0.006118	-0.044455
1217	0.056878	-0.007893	-0.044131
1218	0.051291	-0.008019	-0.038195
1219	0.051500	0.008906	-0.042964
1220	0.049124	0.020456	-0.045227
1221	0.044500	0.007317	-0.042493
1222	0.043064	0.015063	-0.042516
1223	0.039333	0.016793	-0.040736
1224	0.039581	0.008478	-0.038745
1225	0.037576	0.021659	-0.033107
1226	0.041294	0.005952	-0.034045
1227	0.044683	-0.001801	-0.032876
1228	0.044423	-0.018828	-0.027611
1229	0.039964	-0.023003	-0.025389
1230	0.038505	-0.005639	-0.020682
1231	0.031462	0.000682	-0.018854
1232	0.026072	-0.002810	-0.017471
1233	0.020998	0.011236	-0.016241
1234	0.013501	0.008210	-0.016256
1235	0.007977	0.009902	-0.012783
1236	0.005374	0.001634	-0.013676
1237	0.007010	0.012301	-0.007551
1238	0.009182	0.026111	-0.007841
1239	0.009182	0.007749	-0.001292
1240	0.009094	0.001913	-0.001992
1241	0.010342	0.003808	0.001318
1242	0.012496	-0.011883	-0.000781
1243	0.020707	-0.003881	0.000325
1244	0.022011	0.000408	0.000176
1245	0.028247	-0.006340	0.004498
1246	0.034733	0.012562	0.006807
1247	0.039000	0.000399	0.003909
1248	0.041180	-0.008475	0.004247
1249	0.039301	-0.007350	0.004550
1250	0.044076	0.000667	0.003107
1251	0.040168	0.006027	0.000641
1252	0.039510	0.013123	-0.000373
1253	0.037667	0.006936	-0.002239
1254	0.026639	-0.004068	0.000709
1255	0.024258	0.009275	0.002824
1256	0.017392	0.022096	0.004972
1257	0.012757	0.014937	0.000194
1258	0.006705	0.018348	-0.003492
1259	0.007080	0.025962	-0.005702
1260	0.006068	0.014654	-0.009350
1261	0.005136	0.016162	-0.009392
1262	0.006352	0.022345	-0.011244
1263	0.007784	0.007475	-0.020311
1264	0.011355	-0.000588	-0.026686
1265	0.014804	0.007224	-0.033986
1266	0.015349	0.022062	-0.031428
1267	0.014933	0.000946	-0.036514
1268	0.014943	0.016645	-0.037704
1269	0.011747	0.004300	-0.037131
1270	0.011248	-0.004986	-0.036136
1271	0.011889	-0.001272	-0.034904
1272	0.010114	0.000695	-0.029911
1273	0.008375	-0.004152	-0.026558
1274	0.012317	-0.004496	-0.026128
1275	0.010144	0.007081	-0.024851
1276	0.007733	0.015326	-0.017853
1277	0.008660	0.017765	-0.012431
1278	0.009995	0.009953	-0.003969
1279	0.007209	0.024248	-0.001122
1280	0.003589	0.031844	-0.000449
1281	0.001834	0.024442	0.002431
1282	0.003852	0.031057	0.004701
1283	0.003944	0.025586	0.008261
1284	-0.000742	0.028975	0.006181
1285	-0.002081	0.016092	0.006650
1286	0.000764	0.014760	0.003355
1287	0.006290	0.027926	-0.002131
1288	0.006405	0.014324	-0.009212
1289	-0.000060	0.004364	-0.013029
1290	-0.000932	0.000431	-0.013795
1291	-0.002984	0.005863	-0.013492
1292	-0.004843	-0.010087	-0.008433
1293	-0.001802	-0.011462	-0.002711
1294	-0.003959	0.000721	-0.000532
1295	-0.002793	0.002662	0.005935
1296	-0.000877	0.006833	0.006970
1297	0.003662	-0.012686	0.008110
1298	0.010567	-0.002267	0.008560
1299	0.022313	-0.005751	0.006818
1300	0.032942	-0.009505	0.001751
1301	0.041835	0.000142	0.000170
1302	0.045921	0.001857	0.005299
1303	0.050307	0.014291	0.005016
1304	0.052999	0.004230	0.002780
1305	0.056127	0.008630	0.000889
1306	0.056399	0.014036	-0.003527
1307	0.055458	-0.007835	-0.008022
1308	0.050045	-0.015559	-0.014163
1309	0.046812	-0.007365	-0.018019
1310	0.046356	-0.011956	-0.018607
1311	0.042135	-0.001017	-0.025558
1312	0.042791	0.014947	-0.026289
1313	0.039181	0.013080	-0.022906
1314	0.037256	0.002628	-0.020972
1315	0.033623	-0.001856	-0.018701
1316	0.030691	0.014259	-0.017946
1317	0.027959	0.005818	-0.021351
1318	0.026846	0.004137	-0.026646
1319	0.034577	-0.009477	-0.035263
1320	0.040305	-0.015615	-0.045058
1321	0.044466	-0.015889	-0.052699
1322	0.047243	-0.013917	-0.054508
1323	0.054630	0.012592	-0.055827
1324	0.057612	0.012655	-0.061938
1325	0.058691	0.013616	-0.062621
1326	0.057808	0.010543	-0.059545
1327	0.053833	-0.002291	-0.060126
1328	0.049852	-0.004612	-0.057592
1329	0.050574	-0.005187	-0.051177
1330	0.050832	0.003802	-0.049700
1331	0.050545	0.012866	-0.042051
1332	0.048455	0.014496	-0.041252
1333	0.045456	0.013698	-0.036984
1334	0.043612	-0.000695	-0.032919
1335	0.044446	0.010986	-0.031835
1336	0.039216	-0.001891	-0.031152
1337	0.038513	0.001606	-0.030010
1338	0.038237	0.007700	-0.031377
1339	0.040359	0.007406	-0.031082
1340	0.037958	0.001262	-0.028926
1341	0.033764	0.001204	-0.025357
1342	0.031811	-0.009875	-0.023250
1343	0.029463	-0.002816	-0.020334
1344	0.026991	-0.000344	-0.018916
1345	0.018217	-0.001937	-0.016960
1346	0.015993	-0.022173	-0.013647
1347	0.016143	-0.027479	-0.013381
1348	0.012788	-0.039166	-0.011145
1349	0.012176	-0.030275	-0.014500
1350	0.010463	-0.031278	-0.013820
1351	0.009192	-0.015282	-0.016394
1352	0.009310	-0.038772	-0.017375
1353	0.007650	-0.028128	-0.019433
1354	0.006017	-0.029315	-0.022999
1355	0.003596	-0.006531	-0.026975
1356	0.001211	-0.002840	-0.029584
1357	-0.002852	-0.023770	-0.031939
1358	-0.004315	-0.007398	-0.030000
1359	-0.009269	0.001246	-0.028665
1360	-0.014814	0.011094	-0.029600
1361	-0.019780	0.006909	-0.031250
1362	-0.018502	0.008924	-0.030079
1363	-0.018480	0.002259	-0.031908
1364	-0.019521	-0.011820	-0.031023
1365	-0.020474	-0.015729	-0.027934
1366	-0.022020	0.011090	-0.025879
1367	-0.026787	0.008741	-0.019719
1368	-0.025874	0.011963	-0.019389
1369	-0.028058	-0.002434	-0.020549
1370	-0.032829	-0.004871	-0.012125
1371	-0.037715	0.004534	-0.008871
1372	-0.037937	0.003829	-0.010684
1373	-0.045210	-0.009959	-0.012669
1374	-0.052363	-0.008882	-0.015515
1375	-0.055219	-0.006942	-0.018584
1376	-0.054963	-0.011349	-0.021447
1377	-0.057048	-0.002530	-0.019934
1378	-0.057277	0.003692	-0.015504
1379	-0.051522	0.006728	-0.008643
1380	-0.047269	-0.000745	-0.002826
1381	-0.045144	-0.011275	0.006511
1382	-0.042984	-0.010758	0.014829
1383	-0.039325	-0.004205	0.021811
1384	-0.043254	-0.004248	0.018923
1385	-0.040005	-0.007368	0.020785
1386	-0.036638	-0.007857	0.021295
1387	-0.031504	-0.007179	0.020881
1388	-0.026467	0.000773	0.021771
1389	-0.025592	-0.001616	0.021419
1390	-0.023080	-0.009528	0.018133
1391	-0.019475	-0.004169	0.009234
1392	-0.012612	-0.010110	0.002812
1393	-0.009473	0.006660	-0.003310
1394	-0.005599	0.015700	-0.009828
1395	-0.002287	0.006277	-0.009757
1396	0.000311	-0.001345	-0.013233
1397	0.002499	0.006054	-0.020532
1398	0.005150	0.007285	-0.026319
1399	0.002221	0.030126	-0.027213
1400	-0.004595	0.030808	-0.027327
1401	-0.010861	0.029793	-0.023582
1402	-0.014319	0.009963	-0.014298
1403	-0.015491	0.028960	-0.013557
1404	-0.014315	0.024142	-0.013280
1405	-0.009523	0.011582	-0.011868
1406	-0.008480	0.020294	-0.013146
1407	-0.014408	0.009827	-0.010615
1408	-0.013091	0.010982	-0.009214
1409	-0.017265	0.018358	-0.007696
1410	-0.021784	0.022883	-0.009375
1411	-0.028555	0.018609	-0.012064
1412	-0.033085	0.002488	-0.016377
1413	-0.036278	0.005834	-0.013980
1414	-0.038807	0.000808	-0.011260
1415	-0.038340	0.010200	-0.009373
1416	-0.037215	0.017854	-0.007762
1417	-0.035482	0.006671	-0.008881
1418	-0.041136	0.007556	-0.008788
1419	-0.040978	0.008514	-0.010466
1420	-0.040965	0.016447	-0.012356
1421	-0.038741	0.005012	-0.012986
1422	-0.035413	-0.014304	-0.010974
1423	-0.034040	-0.019939	-0.007478
1424	-0.033066	-0.018946	-0.002140
1425	-0.031697	-0.004749	0.000943
1426	-0.032412	-0.004536	0.002336
1427	-0.031363	-0.016457	0.002981
1428	-0.030552	-0.034873	0.002410
1429	-0.026757	-0.039814	0.002401
1430	-0.023587	-0.022557	0.003730
1431	-0.021855	-0.003387	0.003571
1432	-0.021026	0.011120	0.000970
1433	-0.022204	-0.014527	0.002339
1434	-0.024539	-0.001587	-0.000187
1435	-0.030773	-0.015571	-0.002486
1436	-0.029911	0.002820	-0.000652
1437	-0.034452	-0.002703	-0.002732
1438	-0.036843	-0.009851	-0.002576
1439	-0.042566	-0.015616	0.001858
1440	-0.047567	-0.024105	0.006892
1441	-0.047554	-0.037281	0.010287
1442	-0.047081	-0.034770	0.006871
1443	-0.051220	-0.026430	0.007567
1444	-0.051310	-0.016854	0.007115
1445	-0.048033	-0.007880	0.007396
1446	-0.045391	-0.017574	0.010579
1447	-0.045438	-0.012015	0.013075
1448	-0.040981	-0.007245	0.014380
1449	-0.032745	-0.007085	0.016433
1450	-0.024919	-0.027796	0.016639
1451	-0.019560	-0.019821	0.017920
1452	-0.014231	-0.005662	0.020031
1453	-0.014405	-0.002828	0.022576
1454	-0.010439	-0.007765	0.024238
1455	-0.004381	0.011972	0.024433
1456	0.005729	0.005479	0.026200
1457	0.012766	-0.001271	0.025740
1458	0.016127	-0.005469	0.028423
1459	0.022672	0.000217	0.025924
1460	0.025155	0.005965	0.018721
1461	0.025381	-0.004257	0.010793
1462	0.026526	0.011213	0.003740
1463	0.028654	0.017751	0.000277
1464	0.034127	0.001720	0.001702
1465	0.035877	-0.004261	0.004026
1466	0.035588	-0.000784	0.003340
1467	0.034107	0.009672	0.007629
1468	0.035870	-0.002828	0.010415
1469	0.032393	-0.003665	0.014473
1470	0.032918	-0.021568	0.012680
1471	0.037543	-0.015795	0.011721
1472	0.035709	-0.027930	0.011128
1473	0.038942	-0.020594	0.007959
1474	0.041215	-0.019527	0.008954
1475	0.043766	-0.002777	0.012898
1476	0.043340	0.007161	0.010281
1477	0.042258	0.010376	0.011720
1478	0.037352	0.010658	0.012571
1479	0.028504	-0.000770	0.010132
1480	0.025971	-0.010169	0.003942
1481	0.024485	-0.004060	-0.000076
1482	0.022739	-0.015257	-0.003310
1483	0.018628	-0.020811	-0.009347
1484	0.012520	-0.012583	-0.017627
1485	0.004263	0.000510	-0.028015
1486	-0.003890	-0.009393	-0.032488
1487	-0.013651	-0.003120	-0.037569
1488	-0.017018	-0.004729	-0.035695
1489	-0.017248	-0.008331	-0.034079
1490	-0.020221	-0.003126	-0.030761
1491	-0.020500	-0.001344	-0.032390
1492	-0.023520	-0.007535	-0.028813
1493	-0.027224	0.012014	-0.030032
1494	-0.027763	-0.017363	-0.029641
1495	-0.028098	-0.000208	-0.029697
1496	-0.027000	0.001608	-0.028543
1497	-0.026731	0.000343	-0.031935
1498	-0.026553	-0.012639	-0.034032
1499	-0.026445	0.005116	-0.030157
1500	-0.025075	0.008289	-0.032984
1501	-0.026658	0.015170	-0.033825
1502	-0.027457	0.005092	-0.032395
1503	-0.027187	-0.004750	-0.026044
1504	-0.024962	-0.011094	-0.022276
1505	-0.023012	-0.005651	-0.018825
1506	-0.021751	-0.010700	-0.012820
1507	-0.022768	0.000095	-0.004993
1508	-0.021418	0.001496	0.000457
1509	-0.018863	-0.006090	0.006617
1510	-0.014189	-0.018581	0.014556
1511	-0.009930	-0.010236	0.019727
1512	-0.005888	-0.010236	0.027552
1513	-0.000833	-0.007738	0.032570
1514	0.003899	0.010373	0.035728
1515	0.008088	0.008123	0.035515
1516	0.013930	0.013476	0.036643
1517	0.017374	0.032425	0.032830
1518	0.021086	0.028770	0.032642
1519	0.022358	0.032898	0.035637
1520	0.020929	0.020850	0.033504
1521	0.016349	0.007394	0.030342
1522	0.011923	0.014463	0.027906
1523	0.011514	-0.000633	0.021543
1524	0.009373	0.016618	0.020300
1525	0.005128	0.014687	0.018608
1526	0.005896	0.010288	0.014986
1527	0.003410	0.011937	0.016008
1528	-0.000207	0.015332	0.018385
1529	-0.005146	0.007242	0.026069
1530	-0.009278	-0.006024	0.031878
1531	-0.016704	-0.006842	0.043000
1532	-0.022187	-0.008794	0.047013
1533	-0.025676	-0.007092	0.056187
1534	-0.027310	0.008924	0.060793
1535	-0.025728	-0.000546	0.061729
1536	-0.024369	0.020347	0.064625
1537	-0.020886	0.019246	0.063664
1538	-0.013575	0.008697	0.059988
1539	-0.005749	0.000170	0.055833
1540	-0.003922	0.016206	0.060859
1541	-0.004155	0.017951	0.057712
1542	-0.011078	-0.014257	0.063135
1543	-0.007905	-0.011245	0.064538
1544	-0.007621	-0.011217	0.067501
1545	-0.008802	-0.006183	0.067543
1546	-0.005542	-0.013045	0.063888
1547	0.000154	0.002643	0.060655
1548	0.001135	0.008818	0.056954
1549	0.002006	0.013986	0.046491
1550	0.000353	0.022532	0.041060
1551	0.008916	0.002111	0.037270
1552	0.014920	-0.015461	0.033892
1553	0.017296	-0.015596	0.033617
1554	0.016608	-0.004348	0.031960
1555	0.016819	-0.003456	0.027411
1556	0.015389	-0.012637	0.024994
1557	0.018484	0.001203	0.024967
1558	0.019422	-0.025518	0.026063
1559	0.014195	-0.006145	0.025894
1560	0.013564	-0.012696	0.028265
1561	0.015341	-0.014794	0.028173
1562	0.012898	0.013112	0.026805
1563	0.007901	0.001039	0.019833
1564	0.004103	0.004043	0.016490
1565	0.004776	0.029062	0.009158
1566	0.006063	0.009248	0.009560
1567	0.005473	0.002807	0.005842
1568	0.005710	-0.000818	0.006937
1569	0.008073	-0.005457	-0.001867
1570	0.006075	0.003909	-0.003496
1571	0.004833	-0.005157	-0.004668
1572	0.005264	0.003860	-0.011869
1573	0.000380	-0.010487	-0.011675
1574	-0.007032	-0.015618	-0.008162
1575	-0.016804	-0.008823	-0.003744
1576	-0.020406	-0.011598	-0.000286
1577	-0.022427	-0.006050	0.007510
1578	-0.027942	-0.005524	0.015298
1579	-0.037092	-0.012222	0.020071
1580	-0.042888	-0.004162	0.021253
1581	-0.052294	0.002768	0.024358
1582	-0.057273	-0.005126	0.022864
1583	-0.063395	0.014075	0.020122
1584	-0.064160	0.004745	0.022013
1585	-0.071615	0.012483	0.020021
1586	-0.074435	0.004332	0.021531
1587	-0.073396	-0.011449	0.021650
1588	-0.071690	-0.028627	0.019860
1589	-0.065285	-0.010723	0.019223
1590	-0.058362	0.000377	0.018611
1591	-0.048203	-0.004884	0.021004
1592	-0.041418	-0.004065	0.022867
1593	-0.036710	-0.018999	0.023540
1594	-0.029439	-0.012342	0.022452
1595	-0.026551	-0.008930	0.026795
1596	-0.025177	-0.002185	0.031691
1597	-0.021243	-0.002276	0.038744
1598	-0.020726	0.001336	0.039830
1599	-0.019593	0.007589	0.041786
1600	-0.019253	0.002605	0.044895
1601	-0.016873	-0.010033	0.043412
1602	-0.018257	-0.019435	0.039074
1603	-0.020006	-0.019719	0.040611
1604	-0.019221	-0.016200	0.039087
1605	-0.018247	-0.012868	0.039718
1606	-0.015290	0.000157	0.036265
1607	-0.010404	-0.013950	0.040419
1608	-0.007798	-0.015300	0.044376
1609	-0.007356	-0.014675	0.044217
1610	-0.007485	-0.029314	0.043153
1611	-0.004217	-0.038689	0.043498
1612	-0.004718	-0.032135	0.043131
1613	0.002055	-0.028602	0.043686
1614	0.010534	-0.020643	0.045446
1615	0.013860	-0.001136	0.048415
1616	0.020867	-0.002556	0.047246
1617	0.022939	-0.006355	0.038664
1618	0.024849	0.004692	0.034057
1619	0.022709	0.001816	0.031107
1620	0.023989	0.009384	0.033326
1621	0.022791	0.008875	0.031893
1622	0.018753	-0.002161	0.029831
1623	0.017030	-0.005075	0.027644
1624	0.011683	0.014998	0.023258
1625	0.005728	0.011141	0.015931
1626	0.000575	-0.002370	0.013622
1627	-0.004324	0.011674	0.014330
1628	-0.005807	-0.007058	0.010434
1629	-0.005650	-0.014702	0.005720
1630	-0.009146	0.009880	0.002691
1631	-0.009621	-0.000009	0.001156
1632	-0.010796	0.003521	0.000817
1633	-0.014791	0.005771	-0.001728
1634	-0.013705	0.003738	-0.004025
1635	-0.012888	0.013989	-0.003241
1636	-0.007761	0.006458	-0.011100
1637	-0.000525	-0.006939	-0.019847
1638	-0.000240	0.000575	-0.020153
1639	0.002927	0.018132	-0.026862
1640	0.004998	0.015210	-0.034648
1641	0.005301	0.006170	-0.039752
1642	0.005666	0.002481	-0.039608
1643	0.003142	-0.005011	-0.035756
1644	0.001393	-0.008759	-0.036055
1645	-0.002522	-0.024078	-0.036276
1646	-0.006231	-0.016269	-0.035951
1647	-0.008529	-0.008602	-0.040878
1648	-0.006068	-0.021558	-0.038792
1649	-0.003460	-0.007613	-0.040399
1650	-0.001474	-0.007745	-0.038945
1651	-0.000625	-0.026883	-0.036079
1652	-0.004832	-0.019355	-0.035554
1653	-0.014686	-0.000110	-0.030038
1654	-0.020502	0.005032	-0.025537
1655	-0.021063	-0.002190	-0.021093
1656	-0.018796	0.013637	-0.018892
1657	-0.019416	0.000598	-0.018233
1658	-0.016439	0.007208	-0.012625
1659	-0.012226	0.002690	-0.004614
1660	-0.004200	0.029127	0.001259
1661	0.004640	0.023699	0.005340
1662	0.014534	-0.009338	0.008014
1663	0.019684	0.002677	0.016732
1664	0.026418	-0.000060	0.027158
1665	0.029684	0.008699	0.034107
1666	0.029037	0.013918	0.038819
1667	0.033889	0.014597	0.044405
1668	0.032749	0.027680	0.046560
1669	0.033751	0.021541	0.046972
1670	0.035012	0.013152	0.048251
1671	0.037857	0.020645	0.057324
1672	0.036428	0.020072	0.058967
1673	0.037380	0.016326	0.058811
1674	0.049778	-0.018978	0.060133
1675	0.055356	0.018077	0.056593
1676	0.059951	0.009388	0.054850
1677	0.062042	0.010754	0.048852
1678	0.060625	0.014478	0.046242
1679	0.061699	0.003037	0.043660
1680	0.062953	0.000688	0.040433
1681	0.059943	-0.000322	0.031081
1682	0.059108	0.007989	0.024185
1683	0.060804	0.024733	0.022330
1684	0.059187	0.032310	0.017896
1685	0.053709	0.011339	0.013886
1686	0.046357	-0.005834	0.015479
1687	0.039523	-0.009875	0.019288
1688	0.037216	0.000489	0.023261
1689	0.033739	-0.000999	0.023571
1690	0.032227	0.003032	0.021946
1691	0.025684	0.005096	0.016389
1692	0.019260	0.011267	0.008374
1693	0.010467	-0.002232	0.006197
1694	-0.000281	0.019316	0.008795
1695	-0.002477	0.005367	0.006507
1696	-0.008588	-0.002639	-0.000323
1697	-0.011871	0.011292	-0.007527
1698	-0.019551	0.007090	-0.015370
1699	-0.025542	0.007858	-0.022248
1700	-0.027433	0.003031	-0.026614
1701	-0.030196	-0.022605	-0.026948
1702	-0.033252	0.000298	-0.028455
1703	-0.040195	-0.010723	-0.028872
1704	-0.037587	-0.000338	-0.033131
1705	-0.039628	-0.005246	-0.029946
1706	-0.040252	-0.012215	-0.026027
1707	-0.039347	-0.022082	-0.024387
1708	-0.043552	-0.023531	-0.015431
1709	-0.046169	-0.000333	-0.014090
1710	-0.048751	0.001437	-0.008106
1711	-0.047372	0.004992	-0.012361
1712	-0.048086	0.007091	-0.010245
1713	-0.051600	-0.005936	-0.010648
1714	-0.050472	-0.019946	-0.010005
1715	-0.049728	0.003453	-0.011254
1716	-0.050369	-0.001183	-0.014622
1717	-0.045450	0.012127	-0.018464
1718	-0.048785	0.000535	-0.020749
1719	-0.052173	-0.000534	-0.020816
1720	-0.051381	0.000136	-0.016287
1721	-0.049066	0.011544	-0.013037
1722	-0.042367	0.013998	-0.013292
1723	-0.042019	0.019565	-0.013806
1724	-0.041892	0.008619	-0.015416
1725	-0.041090	0.016487	-0.010211
1726	-0.038848	0.010419	-0.010534
1727	-0.042781	0.005128	-0.005380
1728	-0.043200	0.005196	-0.003917
1729	-0.048867	0.010763	-0.007582
1730	-0.054223	0.009574	-0.014210
1731	-0.054326	0.004467	-0.020932
1732	-0.054521	-0.012216	-0.017370
1733	-0.050079	-0.014461	-0.022091
1734	-0.044063	-0.007014	-0.023446
1735	-0.043944	-0.014234	-0.026166
1736	-0.044959	-0.006707	-0.028173
1737	-0.039330	0.000502	-0.026516
1738	-0.041297	0.002979	-0.024382
1739	-0.040809	0.001748	-0.020858
1740	-0.040179	0.007748	-0.015731
1741	-0.035476	0.005553	-0.014020
1742	-0.029762	-0.002689	-0.010724
1743	-0.027677	0.004795	-0.000028
1744	-0.029381	-0.007633	0.007766
1745	-0.029528	-0.003676	0.016286
1746	-0.031545	-0.005554	0.020137
1747	-0.032226	-0.009065	0.016799
1748	-0.033402	-0.000490	0.021017
1749	-0.028370	0.001130	0.023683
1750	-0.022356	0.005588	0.020057
1751	-0.021298	-0.001905	0.026068
1752	-0.020350	0.004695	0.022111
1753	-0.018998	-0.000993	0.018898
1754	-0.019619	-0.006364	0.020592
1755	-0.016182	0.001948	0.027771
1756	-0.015048	0.000204	0.032067
1757	-0.012827	-0.002651	0.032024
1758	-0.003254	0.017502	0.029337
1759	0.001204	0.004015	0.028441
1760	0.001257	0.011868	0.025177
1761	0.003759	0.032962	0.022795
1762	0.002087	0.021090	0.018655
1763	0.003153	0.006450	0.019842
1764	0.004381	0.002763	0.017261
1765	0.002476	0.009504	0.017152
1766	0.001425	0.000442	0.019169
1767	-0.000354	-0.010990	0.017760
1768	-0.000519	-0.029181	0.014649
1769	0.004386	-0.027946	0.010474
1770	0.003734	-0.016304	0.009418
1771	0.009393	0.000528	0.009585
1772	0.009110	-0.019349	0.003490
1773	0.007717	0.009322	-0.000525
1774	0.004117	-0.019116	-0.009871
1775	0.002477	-0.003332	-0.013539
1776	-0.001532	0.005227	-0.023283
1777	0.000281	0.009051	-0.027735
1778	-0.003519	0.002276	-0.031442
1779	-0.014959	-0.003282	-0.034999
1780	-0.022417	-0.008010	-0.039621
1781	-0.019313	0.008260	-0.037310
1782	-0.018636	0.005433	-0.034230
1783	-0.020197	0.021143	-0.036621
1784	-0.018487	0.011807	-0.041619
1785	-0.019495	0.017925	-0.045691
1786	-0.023890	0.004192	-0.042403
1787	-0.022326	-0.012066	-0.037094
1788	-0.018283	-0.003153	-0.031404
1789	-0.020430	0.017039	-0.028914
1790	-0.017848	-0.002052	-0.022325
1791	-0.017583	-0.011813	-0.020530
1792	-0.017717	-0.010634	-0.015846
1793	-0.016714	-0.012977	-0.014231
1794	-0.013974	-0.008816	-0.012668
1795	-0.011605	-0.005227	-0.013531
1796	-0.011227	-0.006773	-0.016804
1797	-0.008943	-0.020938	-0.009458
1798	-0.007668	-0.013736	-0.010149
1799	-0.005930	0.001610	-0.002322
1800	-0.004730	0.002153	0.002603
1801	-0.001296	-0.014055	0.003484
1802	-0.006302	-0.012223	0.005854
1803	-0.004356	-0.009849	0.009533
1804	-0.009873	-0.014096	0.010325
1805	-0.012053	-0.003405	0.004893
1806	-0.015768	-0.007760	0.003860
1807	-0.013994	-0.019986	-0.000693
1808	-0.015151	-0.034540	-0.009480
1809	-0.011530	-0.014076	-0.015983
1810	-0.007112	-0.027955	-0.014050
1811	0.001391	-0.012822	-0.020479
1812	0.006472	-0.022404	-0.023671
1813	0.012322	-0.013981	-0.023351
1814	0.014748	0.007328	-0.028520
1815	0.018357	0.015173	-0.031645
1816	0.026974	0.017411	-0.032363
1817	0.032761	0.004851	-0.033888
1818	0.034695	-0.008999	-0.034758
1819	0.042384	-0.012007	-0.030857
1820	0.051341	-0.033054	-0.029748
1821	0.057289	0.014817	-0.031267
1822	0.059895	0.007637	-0.035423
1823	0.061700	0.012403	-0.034017
1824	0.064202	0.013271	-0.034930
1825	0.062685	0.000612	-0.029260
1826	0.055091	-0.025802	-0.030869
1827	0.059451	-0.018316	-0.029523
1828	0.065356	-0.024848	-0.029709
1829	0.067228	-0.005308	-0.029640
1830	0.072715	-0.005585	-0.027741
1831	0.074674	-0.005775	-0.020802
1832	0.074317	0.003142	-0.021159
1833	0.074293	0.004685	-0.018263
1834	0.077322	0.019268	-0.015994
1835	0.073912	0.013940	-0.008738
1836	0.069281	0.015022	-0.010232
1837	0.067367	0.016553	-0.005702
1838	0.066675	0.001059	-0.003505
1839	0.069188	0.002771	-0.001297
1840	0.065999	-0.000890	-0.003847
1841	0.063132	-0.004017	-0.002527
1842	0.062388	0.000317	-0.004943
1843	0.064125	0.004698	-0.006546
1844	0.068911	0.004088	-0.006784
1845	0.068189	0.002903	-0.007082
1846	0.069393	0.018537	-0.006834
1847	0.065532	0.002549	-0.007799
1848	0.061613	-0.001965	-0.007973
1849	0.057515	0.008475	-0.009399
1850	0.049251	0.002552	-0.009363
1851	0.038912	-0.018368	-0.007440
1852	0.030485	-0.000116	-0.006770
1853	0.024124	-0.005537	-0.007079
1854	0.014862	-0.017895	-0.004484
1855	0.008643	-0.005870	-0.006622
1856	0.005465	-0.016098	-0.004992
1857	0.006427	-0.000368	-0.003566
1858	-0.002146	0.001568	-0.010579
1859	-0.009001	0.011129	-0.009878
1860	-0.013398	0.016099	-0.011240
1861	-0.015909	0.008041	-0.017335
1862	-0.019350	-0.002596	-0.020563
1863	-0.022063	-0.003484	-0.020685
1864	-0.026448	0.000315	-0.023566
1865	-0.028443	-0.002939	-0.020249
1866	-0.027985	-0.017658	-0.020422
1867	-0.022028	-0.020565	-0.014239
1868	-0.018327	-0.018771	-0.007562
1869	-0.012446	-0.024165	-0.004024
1870	-0.003966	-0.032728	-0.006570
1871	-0.005967	-0.030306	-0.006716
1872	-0.008056	-0.012618	-0.004786
1873	-0.008261	-0.011542	-0.004841
1874	-0.006156	-0.011054	-0.006067
1875	-0.005686	-0.002572	-0.010520
1876	-0.003473	-0.003482	-0.006756
1877	-0.002946	-0.007390	-0.002358
1878	0.001469	-0.001848	0.002786
1879	0.010387	0.004026	0.003608
1880	0.019123	0.005959	-0.000463
1881	0.019092	-0.002348	-0.005098
1882	0.017479	-0.019373	-0.008658
1883	0.021234	-0.011897	-0.012770
1884	0.020022	-0.010132	-0.011010
1885	0.021089	-0.016611	-0.011173
1886	0.016614	-0.022218	-0.016011
1887	0.013035	-0.013923	-0.019033
1888	0.007546	-0.018489	-0.022947
1889	0.006221	-0.030287	-0.025242
1890	0.003261	0.000528	-0.024843
1891	-0.001718	-0.009202	-0.017191
1892	-0.010624	-0.012092	-0.011271
1893	-0.013759	-0.004786	-0.006302
1894	-0.017718	-0.006859	-0.005279
1895	-0.019125	-0.020623	-0.004294
1896	-0.021874	-0.004969	-0.006639
1897	-0.024730	0.010575	-0.008121
1898	-0.020943	0.007307	-0.010933
1899	-0.021093	0.006083	-0.003804
1900	-0.017310	0.010311	0.002201
1901	-0.015723	-0.003771	0.008253
1902	-0.009573	0.006859	0.014546
1903	-0.008647	0.016398	0.017219
1904	-0.007438	0.005784	0.019196
1905	-0.004204	0.014576	0.021620
1906	-0.006892	0.009485	0.026496
1907	-0.004960	0.003982	0.024710
1908	-0.007602	-0.015274	0.023428
1909	-0.005687	-0.006129	0.020068
1910	-0.002647	-0.004245	0.020820
1911	0.003271	-0.003157	0.014616
1912	0.008024	0.013260	0.014123
1913	0.006059	0.001633	0.015725
1914	0.008022	-0.006622	0.011058
1915	0.007903	0.009998	0.009614
1916	0.014479	-0.002561	0.008667
1917	0.018095	-0.005271	0.004160
1918	0.018854	0.005535	0.000485
1919	0.014388	0.010244	-0.000242
1920	0.010393	-0.006870	0.003817
1921	0.009551	-0.012493	0.007340
1922	0.006522	-0.007924	0.006844
1923	0.004839	-0.014284	0.010320
1924	0.001793	-0.012821	0.015381
1925	0.000075	-0.000501	0.017045
1926	-0.000275	0.000644	0.019256
1927	0.005255	-0.004280	0.020500
1928	0.010711	-0.003808	0.028478
1929	0.012992	0.001805	0.034691
1930	0.010993	0.014704	0.034785
1931	0.011435	0.021362	0.036826
1932	0.016781	0.005173	0.043915
1933	0.020224	0.001849	0.048270
1934	0.028079	-0.000851	0.050953
1935	0.027961	0.005262	0.050531
1936	0.029341	0.010821	0.054475
1937	0.027784	0.007975	0.057460
1938	0.022670	0.004542	0.059785
1939	0.019277	-0.019307	0.060947
1940	0.018678	-0.008699	0.058869
1941	0.022850	0.005099	0.054094
1942	0.020514	0.011503	0.047464
1943	0.021464	0.010558	0.049532
1944	0.022575	0.000786	0.052381
1945	0.022375	0.012618	0.049290
1946	0.021204	0.000762	0.039909
1947	0.017228	0.003171	0.034878
1948	0.011017	-0.008487	0.031101
1949	0.010600	-0.001002	0.028326
1950	0.009894	-0.015634	0.026298
1951	0.009343	-0.019188	0.016595
1952	0.010676	-0.010702	0.008263
1953	0.021055	-0.013267	0.003281
1954	0.022040	-0.002188	-0.000939
1955	0.024618	-0.003097	0.001169
1956	0.030606	0.005209	0.002284
1957	0.037091	0.012892	0.000179
1958	0.036856	0.016802	0.002668
1959	0.037183	-0.008821	0.003732
1960	0.036843	-0.006197	0.004912
1961	0.040683	0.003478	0.000030
1962	0.049787	0.005823	-0.003605
1963	0.054301	0.005730	-0.006065
1964	0.055955	0.004331	-0.010143
1965	0.060955	0.016804	-0.012318
1966	0.063486	0.006681	-0.013555
1967	0.061115	-0.013225	-0.013226
1968	0.059453	-0.002696	-0.010425
1969	0.058380	0.009035	-0.006387
1970	0.057501	-0.017873	-0.001076
1971	0.057877	-0.001913	0.006322
1972	0.058410	0.005483	0.016810
1973	0.063892	0.018240	0.025365
1974	0.065865	0.015806	0.029964
1975	0.066340	0.013563	0.030299
1976	0.065913	-0.002555	0.029622
1977	0.064815	-0.012658	0.028834
1978	0.065644	-0.027755	0.018462
1979	0.056901	-0.021050	0.015148
1980	0.047437	-0.016859	0.011982
1981	0.044291	-0.005818	0.008710
1982	0.041103	-0.008969	-0.000239
1983	0.036350	0.001073	-0.007998
1984	0.028871	0.004200	-0.017103
1985	0.023265	-0.003253	-0.020403
1986	0.021151	-0.016491	-0.025136
1987	0.018194	-0.004666	-0.022067
1988	0.010942	-0.028961	-0.020629
1989	0.006786	-0.033235	-0.019083
1990	0.002341	-0.030348	-0.022462
1991	-0.002443	-0.027414	-0.018234
1992	0.000490	-0.030322	-0.017702
1993	0.000957	0.002560	-0.013420
1994	0.002706	-0.002205	-0.012130
1995	-0.000918	0.002595	-0.009826
1996	-0.003330	0.002984	-0.007669
1997	-0.001416	0.013876	-0.003693
1998	0.000340	-0.012201	-0.004440
1999	0.007842	-0.019155	-0.004540
2000	0.010989	0.002330	0.001395
2001	0.007885	-0.008324	0.005529
2002	0.010861	-0.022282	0.004720
2003	0.013317	-0.016354	0.006728
2004	0.014855	-0.006854	0.008995
2005	0.016784	-0.019499	0.011578
2006	0.019477	-0.020256	0.014726
2007	0.020838	-0.019760	0.016852
2008	0.016214	-0.016827	0.022155
2009	0.010148	0.003188	0.019675
2010	0.005001	-0.002855	0.021498
2011	-0.002496	-0.005656	0.023665
2012	-0.005910	0.013002	0.029113
2013	-0.001960	-0.014280	0.029205
2014	-0.004566	-0.004075	0.026162
2015	-0.009190	0.006063	0.020583
2016	-0.011514	-0.006982	0.016015
2017	-0.017061	-0.009438	0.016589
2018	-0.019092	0.002607	0.015975
2019	-0.018838	0.010707	0.019142
2020	-0.017635	0.009135	0.017107
2021	-0.017736	0.006963	0.016354
2022	-0.013959	0.007491	0.011707
2023	-0.008042	-0.003776	0.014167
2024	0.000580	0.000309	0.018325
2025	0.006832	-0.008779	0.019414
2026	0.009153	0.008576	0.018871
2027	0.013675	0.001189	0.013007
2028	0.018898	-0.003902	0.009071
2029	0.020590	-0.015483	0.008812
2030	0.018155	-0.006905	0.005009
2031	0.017986	-0.008651	0.000894
2032	0.019684	-0.007743	-0.009707
2033	0.020922	0.009024	-0.010716
2034	0.022087	0.011170	-0.016835
2035	0.023974	0.013195	-0.016429
2036	0.023175	0.002433	-0.014839
2037	0.024994	-0.003593	-0.014164
2038	0.028573	0.021051	-0.016014
2039	0.025926	0.013921	-0.016533
2040	0.023587	0.030455	-0.013306
2041	0.026969	0.018787	-0.003336
2042	0.027202	0.000865	0.000431
2043	0.026967	-0.001356	0.007516
2044	0.023089	-0.001003	0.012314
2045	0.020992	0.009957	0.016087
2046	0.019862	0.007960	0.016264
2047	0.021890	0.001462	0.019852
2048	0.021669	-0.014748	0.016434
2049	0.019951	-0.013144	0.013165
2050	0.018483	0.006832	0.014037
2051	0.017081	-0.000262	0.012044
2052	0.009036	-0.007986	0.010985
2053	0.007005	-0.020762	0.011616
2054	0.007227	-0.016072	0.014029
2055	0.005950	-0.007323	0.012193
2056	0.006131	0.011722	0.010707
2057	-0.000418	0.009371	0.005594
2058	-0.004021	0.015859	0.005993
2059	-0.006397	-0.000971	0.000217
2060	-0.004431	-0.009368	-0.000979
2061	-0.007450	0.016077	-0.006684
2062	-0.009839	0.029929	-0.010698
2063	-0.012182	0.023537	-0.015664
2064	-0.015380	0.025390	-0.021044
2065	-0.019401	0.013797	-0.026208
2066	-0.023123	-0.003499	-0.028810
2067	-0.025171	0.006342	-0.034379
2068	-0.026651	0.010658	-0.037544
2069	-0.026894	-0.002186	-0.035052
2070	-0.027925	-0.009489	-0.033446
2071	-0.027533	-0.009102	-0.029012
2072	-0.029267	-0.002259	-0.028920
2073	-0.031461	0.005643	-0.027828
2074	-0.033547	-0.013954	-0.024049
2075	-0.033413	0.003610	-0.022027
2076	-0.030163	-0.010967	-0.022057
2077	-0.027316	-0.016131	-0.022185
2078	-0.022882	-0.011244	-0.019745
2079	-0.019787	-0.001891	-0.017203
2080	-0.010849	-0.000767	-0.013147
2081	-0.001289	0.001794	-0.007422
2082	0.003318	-0.004829	-0.005559
2083	0.006587	0.025579	-0.006041
2084	0.006883	0.004907	-0.003198
2085	0.008698	-0.001525	-0.000105
2086	0.008533	-0.004856	-0.000295
2087	0.006678	-0.018144	-0.004081
2088	0.008122	-0.004436	-0.013192
2089	0.010777	0.013482	-0.020768
2090	0.007862	0.014115	-0.030673
2091	0.001925	-0.008610	-0.025209
2092	-0.000080	-0.006770	-0.026771
2093	-0.003777	-0.013862	-0.027197
2094	-0.007294	-0.008962	-0.022868
2095	-0.012676	0.020098	-0.021776
2096	-0.010128	0.008167	-0.018842
2097	-0.006582	0.020265	-0.018418
2098	-0.005489	0.004392	-0.019158
2099	-0.008948	0.003131	-0.017044
2100	-0.014453	-0.000622	-0.018179
2101	-0.015016	-0.004772	-0.019740
2102	-0.012842	-0.011173	-0.018501
2103	-0.010123	-0.010807	-0.015735
2104	-0.007362	0.003007	-0.005397
2105	-0.004663	0.001212	-0.003934
2106	-0.011912	0.013664	-0.003723
2107	-0.016867	0.018055	0.000302
2108	-0.022546	0.010635	-0.000012
2109	-0.029251	0.010452	0.000599
2110	-0.029223	-0.001931	0.002063
2111	-0.030583	0.007022	0.001069
2112	-0.031243	-0.001544	0.005783
2113	-0.031827	0.000596	0.008432
2114	-0.040323	0.004032	0.014924
2115	-0.044306	0.000778	0.021448
2116	-0.047061	0.016896	0.024828
2117	-0.047131	-0.007048	0.026426
2118	-0.043738	-0.016290	0.018850
2119	-0.038191	-0.026410	0.010697
2120	-0.034133	-0.013172	0.007155
2121	-0.030047	0.000095	0.000527
2122	-0.026352	-0.000586	-0.002448
2123	-0.026323	-0.012720	-0.002872
2124	-0.029249	-0.001991	-0.005650
2125	-0.033408	-0.003890	-0.011832
2126	-0.030801	-0.019097	-0.011962
2127	-0.034634	-0.014582	-0.013170
2128	-0.036876	-0.017162	-0.015968
2129	-0.037389	-0.010465	-0.016813
2130	-0.037578	-0.003558	-0.021037
2131	-0.039250	-0.013517	-0.020956
2132	-0.039319	0.001502	-0.019892
2133	-0.039013	0.000843	-0.019329
2134	-0.036716	-0.021358	-0.019077
2135	-0.034328	-0.018477	-0.016830
2136	-0.031088	-0.017020	-0.016818
2137	-0.031036	0.000397	-0.013150
2138	-0.030990	-0.002816	-0.016142
2139	-0.032088	-0.006598	-0.018624
2140	-0.028567	-0.012315	-0.014673
2141	-0.028630	-0.000915	-0.004394
2142	-0.025215	-0.002845	-0.004242
2143	-0.023807	0.018207	-0.001842
2144	-0.019180	0.006873	-0.003697
2145	-0.016255	0.003922	-0.012417
2146	-0.013181	-0.001467	-0.011184
2147	-0.006472	0.004239	-0.008153
2148	-0.002922	0.012105	-0.002890
2149	-0.000839	0.013574	-0.000399
2150	0.008162	-0.002550	0.005768
2151	0.007816	0.003464	0.011381
2152	0.009616	-0.006945	0.022097
2153	0.012244	-0.012987	0.030135
2154	0.012031	-0.001750	0.036807
2155	0.015355	0.003685	0.038179
2156	0.017475	0.001260	0.036904
2157	0.020573	-0.006163	0.033038
2158	0.022789	0.008406	0.034369
2159	0.016189	-0.006089	0.039346
2160	0.015363	0.009554	0.040279
2161	0.018509	0.018180	0.039434
2162	0.026075	0.032470	0.040664
2163	0.036888	0.024120	0.036515
2164	0.039156	0.026873	0.034944
2165	0.037019	0.022044	0.031615
2166	0.039848	0.016340	0.032879
2167	0.041714	0.008466	0.037693
2168	0.041684	0.004699	0.039762
2169	0.043588	0.002301	0.044905
2170	0.037726	0.000450	0.050748
2171	0.033667	-0.020662	0.052244
2172	0.031494	-0.008958	0.052969
2173	0.029843	-0.005991	0.058933
2174	0.021831	0.006070	0.062591
2175	0.021011	0.017324	0.064806
2176	0.018841	0.021028	0.061696
2177	0.013178	0.007723	0.062065
2178	0.007281	0.012478	0.062121
2179	0.003750	0.019274	0.062404
2180	-0.001297	0.026930	0.062035
2181	-0.010990	0.024195	0.063041
2182	-0.022510	0.008410	0.061543
2183	-0.028975	0.010282	0.059258
2184	-0.034451	0.014465	0.061622
2185	-0.036554	0.002338	0.070433
2186	-0.030992	0.010547	0.071203
2187	-0.028132	0.034199	0.071983
2188	-0.026143	0.028959	0.067455
2189	-0.030595	0.024280	0.068854
2190	-0.035837	0.016302	0.062635
2191	-0.038660	-0.002072	0.062452
2192	-0.045230	0.015330	0.059127
2193	-0.048958	0.020400	0.054201
2194	-0.055229	0.002714	0.049959
2195	-0.056206	0.022973	0.042929
2196	-0.054421	0.027811	0.039165
2197	-0.048285	0.013638	0.038439
2198	-0.044775	0.004210	0.030553
2199	-0.040985	-0.001691	0.022793
2200	-0.045058	-0.011690	0.019322
2201	-0.051939	0.003193	0.012546
2202	-0.055480	0.015928	0.018560
2203	-0.057579	0.013181	0.019520
2204	-0.057619	0.006579	0.016723
2205	-0.056292	0.003952	0.017777
2206	-0.053575	-0.006216	0.017103
2207	-0.054262	-0.018233	0.014759
2208	-0.058278	-0.015392	0.017447
2209	-0.058937	-0.014590	0.013547
2210	-0.059005	0.000278	0.009789
2211	-0.054757	-0.006956	0.001472
2212	-0.045210	-0.015957	-0.001062
2213	-0.037351	-0.006410	-0.001315
2214	-0.034868	0.013833	0.001182
2215	-0.028131	0.008309	0.001536
2216	-0.023275	-0.004569	0.001146
2217	-0.022618	-0.004765	-0.004202
2218	-0.022122	0.009993	-0.000998
2219	-0.020517	-0.002402	-0.001818
2220	-0.018433	0.006254	-0.003584
2221	-0.016867	-0.011140	0.000346
2222	-0.015679	-0.013112	0.001349
2223	-0.018170	-0.003903	0.006493
2224	-0.022980	-0.015339	0.006755
2225	-0.023726	-0.014697	0.007782
2226	-0.027710	-0.011681	0.004799
2227	-0.028503	0.009986	0.005985
2228	-0.025064	-0.002203	0.009584
2229	-0.029826	-0.010128	0.022060
2230	-0.036774	-0.025279	0.030740
2231	-0.045300	-0.004251	0.036564
2232	-0.047388	-0.009161	0.044238
2233	-0.050069	0.004626	0.050932
2234	-0.052969	0.019209	0.052584
2235	-0.053435	0.015994	0.052352
2236	-0.051959	0.003742	0.048462
2237	-0.053668	0.004920	0.041936
2238	-0.056447	-0.001535	0.040001
2239	-0.053316	0.003516	0.044616
2240	-0.052869	0.000050	0.042028
2241	-0.054029	0.007453	0.042052
2242	-0.059563	0.012086	0.036915
2243	-0.061966	0.024829	0.040627
2244	-0.061567	0.022552	0.043478
2245	-0.061332	0.024369	0.049403
2246	-0.057162	0.011908	0.047974
2247	-0.049746	-0.008756	0.042866
2248	-0.049773	-0.011440	0.033138
2249	-0.050649	-0.018132	0.029404
2250	-0.053735	-0.017030	0.029350
2251	-0.056467	0.001370	0.027631
2252	-0.054797	-0.001148	0.025287
2253	-0.052399	0.019406	0.021990
2254	-0.043885	-0.005569	0.020721
2255	-0.039516	-0.012482	0.021258
2256	-0.040790	-0.006853	0.023042
2257	-0.042655	-0.010332	0.024920
2258	-0.041164	0.001672	0.026334
2259	-0.043353	-0.005807	0.026468
2260	-0.041922	0.001993	0.027210
2261	-0.037559	0.008536	0.027649
2262	-0.030086	0.012808	0.025392
2263	-0.025147	-0.001060	0.022853
2264	-0.022591	0.006971	0.027176
2265	-0.017998	0.011720	0.029388
2266	-0.012172	-0.012498	0.028496
2267	-0.013076	-0.010396	0.028813
2268	-0.012281	-0.018010	0.029821
2269	-0.011444	-0.019885	0.024830
2270	-0.013437	-0.002700	0.025138
2271	-0.015434	-0.001261	0.024689
2272	-0.013929	0.003225	0.020069
2273	-0.019465	0.000546	0.020079
2274	-0.024073	-0.011696	0.016761
2275	-0.021853	-0.022035	0.018129
2276	-0.021692	-0.025257	0.022335
2277	-0.020714	-0.016300	0.029545
2278	-0.027051	-0.002190	0.034017
2279	-0.029910	0.001293	0.035684
2280	-0.030132	-0.001499	0.032916
2281	-0.028769	-0.011023	0.035938
2282	-0.031754	0.008421	0.031965
2283	-0.031853	-0.015104	0.029994
2284	-0.029548	-0.022464	0.029790
2285	-0.027875	0.001628	0.030152
2286	-0.022747	-0.005273	0.027809
2287	-0.019541	-0.015075	0.022685
2288	-0.019614	-0.024099	0.020480
2289	-0.024827	-0.013178	0.024718
2290	-0.027201	-0.002642	0.020904
2291	-0.021926	-0.017448	0.012551
2292	-0.017796	-0.008130	0.010045
2293	-0.017943	0.018456	0.006397
2294	-0.008328	0.017986	-0.000956
2295	-0.001464	-0.004174	-0.011899
2296	0.005711	0.009839	-0.018618
2297	0.012196	0.016407	-0.022303
2298	0.018917	-0.001051	-0.024520
2299	0.021884	-0.014892	-0.025780
2300	0.025086	0.001797	-0.030744
2301	0.026769	-0.006946	-0.035224
2302	0.028244	-0.027428	-0.035232
2303	0.028136	-0.015481	-0.030165
2304	0.028739	-0.016224	-0.030878
2305	0.028426	-0.005530	-0.032752
2306	0.024727	-0.026491	-0.035102
2307	0.020513	-0.037678	-0.037597
2308	0.015449	-0.014728	-0.032190
2309	0.015951	-0.019594	-0.032839
2310	0.014136	-0.007803	-0.028770
2311	0.014638	-0.009211	-0.024599
2312	0.009774	-0.005332	-0.025448
2313	0.006254	0.018742	-0.023332
2314	0.004989	0.016911	-0.019910
2315	-0.001152	0.027859	-0.018718
2316	-0.000695	0.011016	-0.013664
2317	0.004157	0.006908	-0.014333
2318	0.008529	0.017873	-0.016696
2319	0.010096	0.009127	-0.017692
2320	0.009666	-0.005939	-0.018227
2321	0.008866	-0.002519	-0.021739
2322	0.003495	-0.014095	-0.028389
2323	-0.004385	-0.012154	-0.033535
2324	-0.011051	0.001209	-0.033123
2325	-0.016081	-0.006817	-0.036472
2326	-0.017896	0.016747	-0.033179
2327	-0.014497	0.008033	-0.030485
2328	-0.011122	0.003670	-0.034992
2329	-0.005002	-0.004865	-0.037410
2330	-0.000743	0.004789	-0.037626
2331	0.002903	0.004745	-0.034410
2332	0.006930	0.001682	-0.027706
2333	0.009451	0.021735	-0.028514
2334	0.013846	0.022218	-0.030984
2335	0.017530	0.014454	-0.031309
2336	0.011794	-0.001113	-0.030687
2337	0.007352	-0.000178	-0.031867
2338	0.009222	-0.011897	-0.035280
2339	0.007037	-0.002374	-0.035769
2340	0.003477	-0.003663	-0.036947
2341	0.001013	0.002519	-0.040500
2342	-0.001795	0.004814	-0.036809
2343	-0.002762	0.001141	-0.036171
2344	-0.002935	-0.001368	-0.037983
2345	-0.002091	-0.007300	-0.040095
2346	-0.000363	-0.005917	-0.040560
2347	0.001170	-0.006347	-0.038773
2348	0.000460	-0.020838	-0.034312
2349	-0.003563	0.000238	-0.033296
2350	0.001276	-0.009311	-0.036223
2351	0.000115	0.000580	-0.031774
2352	-0.001057	-0.007531	-0.026862
2353	-0.005852	-0.000229	-0.024555
2354	-0.002867	0.005725	-0.024193
2355	-0.002151	0.003874	-0.031171
2356	0.005876	-0.009771	-0.037295
2357	0.014844	0.012828	-0.039022
2358	0.019101	0.025187	-0.035986
2359	0.023455	0.019687	-0.037480
2360	0.027641	0.003425	-0.035736
2361	0.032832	-0.012419	-0.031850
2362	0.039550	-0.005730	-0.030742
2363	0.041327	0.007287	-0.031067
2364	0.046991	0.008355	-0.026335
2365	0.049999	-0.001993	-0.024987
2366	0.048399	-0.010272	-0.018489
2367	0.055003	-0.015139	-0.016234
2368	0.059849	-0.012176	-0.008790
2369	0.064302	-0.011363	-0.007906
2370	0.056498	-0.008216	-0.005085
2371	0.051649	-0.026710	-0.001576
2372	0.044421	-0.011182	-0.002834
2373	0.037536	-0.006867	-0.000480
2374	0.035685	-0.001047	-0.003370
2375	0.035094	-0.012770	-0.007074
2376	0.026818	-0.015825	-0.001298
2377	0.021250	-0.000552	0.000791
2378	0.027784	0.005296	0.003822
2379	0.032971	-0.007378	0.007078
2380	0.037808	-0.010307	0.009806
2381	0.037451	-0.004100	0.018712
2382	0.032144	-0.008994	0.021917
2383	0.024290	-0.018662	0.021866
2384	0.019512	-0.010491	0.022446
2385	0.019961	0.002905	0.026242
2386	0.014250	-0.003213	0.027331
2387	0.013360	-0.017970	0.024959
2388	0.015274	-0.023780	0.022314
2389	0.015181	-0.014934	0.026535
2390	0.018791	-0.005741	0.025460
2391	0.016096	-0.011030	0.028835
2392	0.014606	-0.018659	0.033080
2393	0.015285	-0.014131	0.035016
2394	0.016369	-0.009447	0.029816
2395	0.013461	-0.008924	0.029689
2396	0.010277	0.003900	0.029984
2397	0.009525	-0.004494	0.029216
2398	0.007086	-0.005122	0.027496
2399	0.004842	-0.004308	0.020746
2400	0.005374	-0.008526	0.015743
2401	0.004255	-0.010441	0.007479
2402	0.007530	-0.004722	0.002819
2403	0.009601	-0.000083	-0.001996
2404	0.014338	-0.009359	0.000116
2405	0.014732	-0.011087	0.003219
2406	0.011851	0.003780	0.002824
2407	0.013446	-0.011880	-0.001129
2408	0.016190	-0.017057	-0.002639
2409	0.015869	-0.013040	-0.004203
2410	0.018964	-0.018093	-0.002346
2411	0.023820	-0.003473	-0.000064
2412	0.023905	-0.002398	-0.002240
2413	0.024791	0.000966	-0.004533
2414	0.023432	0.002607	-0.007719
2415	0.026359	0.020853	-0.010283
2416	0.030134	0.008426	-0.016479
2417	0.034947	0.016879	-0.021572
2418	0.039224	0.005032	-0.030124
2419	0.040817	0.004763	-0.034339
2420	0.041513	0.007935	-0.029889
2421	0.048525	0.005974	-0.029599
2422	0.055867	0.015267	-0.028600
2423	0.056025	-0.001066	-0.024798
2424	0.054594	0.015520	-0.032798
2425	0.055634	0.007019	-0.035860
2426	0.057555	0.017465	-0.038757
2427	0.056131	0.014135	-0.040175
2428	0.057956	0.005112	-0.044444
2429	0.057927	0.012975	-0.047136
2430	0.062399	0.011856	-0.049650
2431	0.063703	-0.018550	-0.051264
2432	0.062352	-0.002173	-0.052472
2433	0.054162	-0.007693	-0.050323
2434	0.044229	-0.013051	-0.052778
2435	0.041645	-0.002962	-0.054824
2436	0.038126	-0.003650	-0.054289
2437	0.036356	-0.012247	-0.055549
2438	0.036548	-0.002044	-0.054588
2439	0.036344	-0.001287	-0.057626
2440	0.035455	-0.005073	-0.056508
2441	0.035637	-0.013239	-0.054249
2442	0.034091	0.016716	-0.053448
2443	0.030726	0.016933	-0.049149
2444	0.029418	0.004508	-0.040873
2445	0.026770	-0.007685	-0.038502
2446	0.025495	-0.005927	-0.043242
2447	0.029246	-0.000943	-0.045085
2448	0.026167	-0.006125	-0.047846
2449	0.023109	0.001669	-0.057099
2450	0.022265	-0.000053	-0.065087
2451	0.020915	-0.005794	-0.067833
2452	0.017686	-0.009433	-0.065249
2453	0.016509	0.005849	-0.061533
2454	0.019980	0.004018	-0.056937
2455	0.024936	0.012059	-0.052953
2456	0.030540	0.009734	-0.048377
2457	0.032152	0.006068	-0.042181
2458	0.029583	0.011118	-0.032918
2459	0.030135	0.012170	-0.033049
2460	0.031905	0.014073	-0.028940
2461	0.030776	0.016160	-0.024574
2462	0.028725	0.002723	-0.024915
2463	0.026965	-0.006696	-0.025748
2464	0.021483	-0.003106	-0.024421
2465	0.017385	0.010198	-0.023549
2466	0.015137	-0.003209	-0.020765
2467	0.010104	0.005326	-0.015442
2468	0.002833	0.016341	-0.013932
2469	-0.005599	0.026245	-0.014032
2470	-0.010915	-0.012209	-0.015885
2471	-0.011779	-0.013121	-0.011905
2472	-0.012326	-0.012461	-0.015963
2473	-0.010050	0.000385	-0.016054
2474	-0.007088	0.001642	-0.014632
2475	-0.004740	-0.010393	-0.013341
2476	-0.003381	-0.015174	-0.012102
2477	0.002567	-0.022076	-0.000641
2478	0.008968	-0.022978	0.004335
2479	0.012341	-0.001823	0.009729
2480	0.016126	0.018831	0.015741
2481	0.018326	0.009753	0.014126
2482	0.016795	0.001825	0.016217
2483	0.016891	-0.024301	0.017459
2484	0.014018	-0.004285	0.020973
2485	0.010761	-0.006898	0.021142
2486	0.012544	-0.013277	0.024781
2487	0.012434	0.014260	0.026251
2488	0.006472	0.019242	0.028686
2489	0.002914	-0.016082	0.027505
2490	0.000759	0.008199	0.029656
2491	-0.002835	0.002145	0.027527
2492	-0.007657	0.000228	0.027304
2493	-0.006371	0.007702	0.026293
2494	-0.009061	-0.005379	0.022159
2495	-0.012188	-0.014280	0.016301
2496	-0.014099	-0.023616	0.008073
2497	-0.014887	-0.006577	0.005397
2498	-0.016314	-0.020260	0.004941
2499	-0.018320	0.008756	0.002385
2500	-0.015355	-0.021728	-0.001207
2501	-0.012207	-0.020191	-0.005202
2502	-0.008881	-0.008744	-0.004178
2503	-0.004072	0.004193	-0.008140
2504	0.003552	-0.000351	-0.013227
2505	0.012639	0.000351	-0.018451
2506	0.013708	0.003257	-0.023769
2507	0.022945	-0.007113	-0.030889
2508	0.026262	-0.004216	-0.036544
2509	0.027724	-0.010195	-0.036780
2510	0.029013	-0.016029	-0.036304
2511	0.029502	-0.001851	-0.038461
2512	0.035827	-0.007143	-0.037653
2513	0.040460	-0.001431	-0.032892
2514	0.043470	0.007001	-0.029851
2515	0.044662	0.009744	-0.038451
2516	0.045665	0.007052	-0.042780
2517	0.040419	0.015621	-0.046065
2518	0.030410	0.020895	-0.041930
2519	0.028172	0.040559	-0.042693
2520	0.026870	0.020888	-0.041569
2521	0.026409	0.001745	-0.039733
2522	0.028873	0.019697	-0.044915
2523	0.038352	0.012396	-0.052544
2524	0.042298	0.018735	-0.055447
2525	0.050687	0.018729	-0.056654
2526	0.060449	0.001003	-0.060642
2527	0.061655	0.020140	-0.062251
2528	0.061738	0.031432	-0.057758
2529	0.062185	0.008186	-0.056912
2530	0.058069	0.026665	-0.054187
2531	0.057149	0.013054	-0.048592
2532	0.059905	0.028727	-0.047724
2533	0.062370	0.020103	-0.041553
2534	0.063166	0.031297	-0.033536
2535	0.065265	0.023617	-0.025462
2536	0.063853	0.012350	-0.024679
2537	0.062979	0.004281	-0.022865
2538	0.057872	0.012198	-0.027246
2539	0.057482	0.015437	-0.028095
2540	0.050101	0.019083	-0.028327
2541	0.046887	0.025751	-0.028489
2542	0.038789	0.036679	-0.027940
2543	0.028858	0.037004	-0.027276
2544	0.024135	0.017187	-0.025394
2545	0.021201	0.010766	-0.021699
2546	0.008446	0.008716	-0.014976
2547	-0.001624	0.006875	-0.012696
2548	-0.003803	0.024148	-0.013797
2549	-0.003461	0.005686	-0.017048
2550	-0.004916	0.020462	-0.020189
2551	-0.002585	0.022446	-0.014801
2552	-0.003359	0.010818	-0.010861
2553	-0.007825	0.019158	-0.011732
2554	-0.017658	0.009198	-0.010472
2555	-0.025413	0.008223	-0.006018
2556	-0.038975	-0.003009	-0.002227
2557	-0.047207	0.002299	0.003385
2558	-0.055566	0.001483	0.006325
2559	-0.061043	0.005749	0.006469
2560	-0.060350	0.002693	0.006019
2561	-0.058901	0.010392	0.001120
2562	-0.054060	0.012109	-0.002544
2563	-0.053892	0.013864	0.000274
2564	-0.052205	0.009028	0.007824
2565	-0.049896	-0.001376	0.011222
2566	-0.056131	-0.002674	0.013655
2567	-0.055144	-0.017692	0.011408
2568	-0.056533	-0.010425	0.012355
2569	-0.057785	-0.011938	0.010927
2570	-0.056126	-0.007733	0.006689
2571	-0.051123	-0.006087	0.000714
2572	-0.045812	-0.010967	-0.006815
2573	-0.044607	-0.005924	-0.008876
2574	-0.046364	0.009653	-0.009770
2575	-0.041018	0.006273	-0.011025
2576	-0.041189	0.007247	-0.015321
2577	-0.037913	0.008037	-0.023269
2578	-0.031975	0.003327	-0.028347
2579	-0.028306	0.014146	-0.030644
2580	-0.025754	0.021572	-0.035547
2581	-0.020144	0.013256	-0.044638
2582	-0.022850	0.015345	-0.054688
2583	-0.019571	0.001620	-0.060640
2584	-0.010166	-0.005903	-0.065924
2585	-0.008036	-0.001266	-0.072588
2586	-0.010072	-0.008338	-0.081683
2587	-0.009456	0.011508	-0.085634
2588	-0.004134	0.007698	-0.086596
2589	-0.003570	0.009529	-0.084296
2590	-0.002573	0.008904	-0.079803
2591	0.000097	0.006885	-0.078191
2592	-0.000501	0.017778	-0.083655
2593	0.003734	-0.009797	-0.084370
2594	0.002408	0.002525	-0.088011
2595	-0.000122	0.004054	-0.085023
2596	0.001378	0.010096	-0.083485
2597	-0.001820	-0.004519	-0.086688
2598	-0.006325	0.009172	-0.083934
2599	-0.009450	0.008997	-0.080187
2600	-0.017490	-0.004149	-0.071357
2601	-0.021383	0.010134	-0.063976
2602	-0.022061	0.003689	-0.052608
2603	-0.021246	0.029560	-0.043583
2604	-0.021596	0.010169	-0.035039
2605	-0.022023	0.004961	-0.033141
2606	-0.022470	-0.001762	-0.030443
2607	-0.018692	-0.004018	-0.030640
2608	-0.016092	0.005857	-0.034592
2609	-0.015163	0.003093	-0.035556
2610	-0.017210	-0.008637	-0.036494
2611	-0.012809	0.007628	-0.036501
2612	-0.009451	0.003880	-0.038812
2613	-0.011414	0.008594	-0.041449
2614	-0.015677	0.017547	-0.042363
2615	-0.013141	0.003278	-0.044898
2616	-0.014535	0.010829	-0.047511
2617	-0.013732	-0.010743	-0.043127
2618	-0.012745	0.020403	-0.042234
2619	-0.014388	0.013526	-0.042091
2620	-0.009246	0.007259	-0.038680
2621	-0.003327	0.022588	-0.039713
2622	0.001427	0.010816	-0.037498
2623	0.002557	0.003620	-0.027315
2624	0.004536	0.006505	-0.024156
2625	0.007880	0.003075	-0.013916
2626	0.011115	0.012365	-0.009858
2627	0.013457	0.003948	-0.007519
2628	0.020660	-0.007027	-0.005401
2629	0.029956	0.012478	-0.008582
2630	0.041029	0.004711	-0.006247
2631	0.048443	-0.009396	-0.000128
2632	0.047577	-0.007702	-0.001231
2633	0.048775	-0.004435	0.001973
2634	0.054049	-0.009266	0.008577
2635	0.048449	-0.010848	0.014850
2636	0.043909	0.008813	0.019624
2637	0.039880	0.005968	0.026312
2638	0.035184	-0.001177	0.027195
2639	0.029139	0.030474	0.033163
2640	0.026662	0.017286	0.035098
2641	0.024207	0.011360	0.035105
2642	0.023025	-0.006548	0.036170
2643	0.019668	-0.001614	0.034566
2644	0.022501	0.010625	0.030195
2645	0.028444	-0.003271	0.031361
2646	0.029349	0.002165	0.031170
2647	0.032551	-0.009705	0.026864
2648	0.035203	-0.016721	0.028247
2649	0.038668	-0.013771	0.033646
2650	0.041013	-0.016198	0.035451
2651	0.041475	-0.011683	0.038893
2652	0.036592	-0.002727	0.038779
2653	0.035180	-0.003968	0.037124
2654	0.033278	0.001918	0.036526
2655	0.033238	0.007250	0.038679
2656	0.029826	0.018816	0.039308
2657	0.028900	0.032275	0.036001
2658	0.027192	0.014973	0.037040
2659	0.026281	0.019679	0.033982
2660	0.020751	0.002683	0.028774
2661	0.018782	0.008910	0.030937
2662	0.019048	0.011263	0.033720
2663	0.022407	0.012686	0.035851
2664	0.018170	-0.009582	0.037148
2665	0.015805	-0.020881	0.041249
2666	0.012521	-0.042775	0.040303
2667	0.013470	-0.025460	0.036212
2668	0.014923	-0.027474	0.033446
2669	0.014193	-0.024496	0.032637
2670	0.014991	-0.034962	0.032240
2671	0.007841	-0.022461	0.025305
2672	0.005053	-0.012659	0.015424
2673	0.004671	0.004994	0.010160
2674	0.001780	0.018098	0.005747
2675	-0.004184	0.018881	0.008511
2676	-0.007468	0.014483	0.015840
2677	-0.003336	0.014452	0.013631
2678	0.001788	0.016834	0.014023
2679	0.001562	-0.008415	0.013011
2680	0.007029	0.005907	0.012683
2681	0.011949	0.008736	0.014659
2682	0.020052	0.010228	0.017131
2683	0.018211	0.005910	0.016165
2684	0.013151	0.017314	0.008968
2685	0.007010	0.003590	0.007576
2686	-0.001030	0.004747	0.002187
2687	-0.009959	0.003912	-0.005269
2688	-0.014262	-0.029149	-0.008139
2689	-0.014012	-0.021227	-0.013508
2690	-0.013179	-0.026602	-0.020793
2691	-0.011527	-0.004321	-0.024432
2692	-0.008646	-0.013829	-0.023827
2693	-0.004371	0.010067	-0.026304
2694	0.000581	0.014740	-0.029254
2695	0.005917	-0.009831	-0.029123
2696	0.007446	-0.013840	-0.028198
2697	0.007130	-0.027037	-0.025113
2698	0.003286	-0.009606	-0.025361
2699	0.005186	-0.019156	-0.027341
2700	0.008185	-0.018966	-0.029483
2701	0.004849	-0.005556	-0.024274
2702	-0.000361	-0.013311	-0.019081
2703	-0.001955	-0.008533	-0.018824
2704	0.000618	-0.019938	-0.016063
2705	-0.001506	-0.002509	-0.014395
2706	0.001189	-0.001601	-0.013079
2707	0.002180	-0.001945	-0.014160
2708	0.000086	-0.004729	-0.017390
2709	-0.003259	-0.021006	-0.021936
2710	-0.003907	-0.015805	-0.024404
2711	-0.002548	-0.001741	-0.029102
2712	0.001802	0.000846	-0.029234
2713	0.005645	-0.002172	-0.030984
2714	0.005660	0.006400	-0.028560
2715	0.001263	0.013550	-0.029229
2716	0.000457	0.008623	-0.027475
2717	-0.004832	0.013200	-0.028081
2718	-0.001220	0.007576	-0.026212
2719	0.001020	0.001727	-0.024815
2720	-0.003110	-0.023462	-0.023874
2721	-0.004150	0.002799	-0.022197
2722	-0.003227	-0.003219	-0.029128
2723	0.000022	-0.008518	-0.033086
2724	-0.000795	-0.000743	-0.031745
2725	-0.006113	-0.011554	-0.026296
2726	-0.008628	0.008224	-0.025979
2727	-0.009035	0.023538	-0.022833
2728	-0.008037	0.000759	-0.020946
2729	-0.008831	-0.005475	-0.012245
2730	-0.011324	-0.006090	-0.009006
2731	-0.008395	-0.015162	0.001024
2732	-0.003798	-0.020152	0.006406
2733	-0.003716	-0.022083	0.009419
2734	-0.003542	-0.012177	0.016625
2735	-0.002334	0.003221	0.017684
2736	-0.003458	0.001899	0.017664
2737	-0.003031	0.021674	0.017594
2738	0.000645	0.011182	0.017683
2739	0.002872	0.000351	0.017271
2740	0.008018	0.012031	0.015408
2741	0.011059	0.021984	0.013764
2742	0.017887	0.012540	0.008034
2743	0.023267	0.024685	0.006370
2744	0.034802	0.027222	0.005224
2745	0.046129	0.009751	0.000814
2746	0.055618	-0.007705	-0.005817
2747	0.063691	-0.016163	-0.002802
2748	0.073997	-0.008279	-0.000060
2749	0.079974	0.001242	0.007157
2750	0.082270	0.009809	0.011023
2751	0.089422	-0.014031	0.014530
2752	0.093262	-0.027932	0.017011
2753	0.095947	-0.015031	0.015445
2754	0.102307	-0.026673	0.020603
2755	0.102976	-0.017839	0.019776
2756	0.101868	-0.002656	0.014975
2757	0.097899	-0.021031	0.012838
2758	0.086326	-0.023685	0.011313
2759	0.073139	-0.015778	0.009718
2760	0.062710	-0.012254	0.005877
2761	0.053656	-0.011851	0.005007
2762	0.043094	-0.006744	0.006517
2763	0.039134	-0.009977	0.006731
2764	0.034982	0.001755	-0.000003
2765	0.030802	-0.017816	-0.001354
2766	0.028432	-0.016232	0.001833
2767	0.022482	-0.033872	0.006455
2768	0.014827	-0.032527	0.007957
2769	0.014310	-0.008115	0.010500
2770	0.014528	-0.022066	0.009933
2771	0.011166	-0.021809	0.013021
2772	0.008871	-0.022978	0.017706
2773	0.000822	-0.011475	0.020366
2774	-0.001928	-0.016339	0.021675
2775	-0.007152	0.000847	0.025565
2776	-0.008627	0.000574	0.027525
2777	-0.014116	-0.004424	0.031942
2778	-0.013418	-0.017339	0.033326
2779	-0.010270	-0.006109	0.039846
2780	-0.009861	-0.006593	0.034564
2781	-0.011025	0.000610	0.037256
2782	-0.007138	0.005452	0.032572
2783	-0.005491	0.003176	0.036697
2784	-0.004070	-0.004634	0.033543
2785	0.002819	-0.021685	0.036338
2786	0.003877	-0.022081	0.029945
2787	0.002970	0.003841	0.032008
2788	0.006663	-0.005792	0.027711
2789	0.012306	0.000298	0.030648
2790	0.016617	0.009323	0.029038
2791	0.015877	0.016527	0.027429
2792	0.013133	0.007224	0.032204
2793	0.015892	0.020791	0.032419
2794	0.017554	0.015994	0.033345
2795	0.018046	-0.010663	0.027314
2796	0.016094	-0.005293	0.029479
2797	0.010089	-0.000371	0.023697
2798	0.006363	0.000852	0.020211
2799	-0.003901	-0.006038	0.016242
2800	-0.011208	0.012423	0.015837
2801	-0.015072	0.008525	0.015019
2802	-0.016436	0.015036	0.010927
2803	-0.015182	0.014040	0.007482
2804	-0.015737	0.004491	0.010751
2805	-0.018585	0.007611	0.007256
2806	-0.022460	0.015700	0.006295
2807	-0.023677	0.011756	0.013645
2808	-0.026679	0.022969	0.019997
2809	-0.028122	0.019623	0.018603
2810	-0.028126	0.022043	0.012839
2811	-0.031160	-0.002493	0.009919
2812	-0.032370	0.008503	0.008564
2813	-0.031091	-0.005978	0.007010
2814	-0.027856	0.005545	0.003363
2815	-0.032706	-0.003971	0.004453
2816	-0.034724	-0.022460	-0.001882
2817	-0.032723	-0.019105	-0.012429
2818	-0.036656	-0.026295	-0.019466
2819	-0.040375	-0.017621	-0.022435
2820	-0.039067	-0.007112	-0.028881
2821	-0.031540	-0.012405	-0.033529
2822	-0.027209	0.004040	-0.038314
2823	-0.027859	0.000639	-0.043017
2824	-0.032005	-0.003670	-0.051650
2825	-0.038315	0.016486	-0.051645
2826	-0.040994	0.002420	-0.047812
2827	-0.043802	0.004393	-0.049425
2828	-0.043807	0.015356	-0.048655
2829	-0.045355	0.002222	-0.050001
2830	-0.044331	0.012154	-0.050923
2831	-0.042481	0.013607	-0.052671
2832	-0.044050	0.019087	-0.053790
2833	-0.046825	0.014659	-0.054686
2834	-0.041253	-0.009736	-0.050931
2835	-0.039370	0.001392	-0.046791
2836	-0.039436	0.001380	-0.041604
2837	-0.037491	0.005506	-0.030636
2838	-0.040138	0.000747	-0.021677
2839	-0.037435	-0.000997	-0.020851
2840	-0.034099	0.017523	-0.022385
2841	-0.030572	0.017365	-0.023408
2842	-0.027534	-0.003188	-0.023717
2843	-0.029601	-0.008415	-0.027978
2844	-0.029612	0.012024	-0.036873
2845	-0.029929	0.015013	-0.039748
2846	-0.028659	0.011485	-0.041018
2847	-0.027076	0.010569	-0.044014
2848	-0.027724	0.003793	-0.041912
2849	-0.030474	-0.007410	-0.044379
2850	-0.030312	-0.010607	-0.038122
2851	-0.030387	-0.010888	-0.035650
2852	-0.035390	0.003639	-0.029949
2853	-0.039140	0.012760	-0.026541
2854	-0.045849	0.003707	-0.022547
2855	-0.051963	-0.002598	-0.020723
2856	-0.049461	-0.023291	-0.013872
2857	-0.048004	-0.037883	-0.012248
2858	-0.044236	-0.027482	-0.004675
2859	-0.038842	-0.028725	-0.001024
2860	-0.031499	-0.024114	-0.002091
2861	-0.021666	-0.008581	-0.002290
2862	-0.014624	-0.032043	-0.000835
2863	-0.009627	-0.008615	0.002351
2864	-0.004448	-0.017464	0.001986
2865	-0.002020	-0.007294	0.004848
2866	0.001617	0.009441	0.005065
2867	0.001178	0.001471	0.004460
2868	0.002559	0.011813	-0.006101
2869	0.005174	0.002406	-0.008841
2870	0.004631	0.006986	-0.013767
2871	0.004151	0.009361	-0.012620
2872	0.002085	0.005360	-0.014074
2873	0.002227	0.006813	-0.014194
2874	0.007386	-0.001757	-0.009956
2875	0.005967	-0.006276	-0.005749
2876	0.002892	-0.003539	-0.002095
2877	-0.002383	-0.013197	-0.004916
2878	-0.006239	-0.016153	-0.006049
2879	-0.004750	-0.012280	-0.010060
2880	-0.002275	-0.001835	-0.007673
2881	-0.003014	-0.008219	-0.002323
2882	-0.004909	-0.037205	-0.003959
2883	-0.007591	-0.018574	-0.008485
2884	-0.010656	-0.016849	-0.011160
2885	-0.013625	-0.021006	-0.021902
2886	-0.015689	-0.020054	-0.028735
2887	-0.018430	-0.025581	-0.033338
2888	-0.020376	-0.007797	-0.047307
2889	-0.021806	-0.023305	-0.052233
2890	-0.020078	-0.004858	-0.058115
2891	-0.019344	-0.006116	-0.062505
2892	-0.019684	0.010632	-0.066323
2893	-0.018586	0.011598	-0.067856
2894	-0.013153	0.008604	-0.063977
2895	-0.006938	0.010608	-0.059648
2896	-0.004755	0.031563	-0.057908
2897	-0.000226	0.004111	-0.055156
2898	0.006278	0.031311	-0.058106
2899	0.001845	0.012378	-0.053398
2900	-0.004384	-0.001065	-0.050966
2901	-0.002467	0.004090	-0.052727
2902	-0.003805	0.006340	-0.049132
2903	-0.006672	0.004011	-0.050408
2904	-0.008501	-0.007366	-0.046897
2905	-0.011592	-0.008117	-0.039258
2906	-0.008293	-0.021106	-0.036113
2907	-0.002616	-0.005754	-0.033784
2908	0.005756	0.012021	-0.030665
2909	0.008536	0.011975	-0.034733
2910	0.008724	0.007132	-0.034212
2911	0.011652	0.013110	-0.029306
2912	0.008335	0.008542	-0.020581
2913	0.011207	-0.002418	-0.018372
2914	0.009778	0.003359	-0.020959
2915	0.005966	0.009532	-0.026251
2916	0.007439	0.015212	-0.025904
2917	0.008131	0.001483	-0.027412
2918	0.005999	0.002953	-0.029593
2919	0.003789	0.008779	-0.029842
2920	0.003383	0.012550	-0.043182
2921	-0.001608	0.010190	-0.046716
2922	0.003728	0.011775	-0.053476
2923	0.003809	-0.000920	-0.055824
2924	0.009441	0.004061	-0.054029
2925	0.010847	0.008558	-0.050542
2926	0.018560	0.007247	-0.053851
2927	0.020883	0.009243	-0.053572
2928	0.022071	-0.013081	-0.056638
2929	0.022866	-0.018607	-0.057386
2930	0.024004	-0.006033	-0.060377
2931	0.022823	-0.000061	-0.055410
2932	0.022436	-0.020421	-0.055433
2933	0.022401	-0.013589	-0.053901
2934	0.020608	-0.004003	-0.058938
2935	0.019856	-0.031888	-0.062438
2936	0.020178	-0.011239	-0.064985
2937	0.015393	-0.001485	-0.063092
2938	0.010754	-0.004270	-0.059784
2939	0.002124	-0.003675	-0.056086
2940	-0.006822	0.006761	-0.055523
2941	-0.011320	-0.000475	-0.050926
2942	-0.021764	0.001979	-0.044962
2943	-0.025952	0.003580	-0.044011
2944	-0.027538	-0.001325	-0.039174
2945	-0.025968	0.000429	-0.034492
2946	-0.022944	-0.015536	-0.027670
2947	-0.020275	-0.016151	-0.022132
2948	-0.012013	0.004994	-0.017345
2949	-0.011377	0.014274	-0.011352
2950	-0.010740	0.001106	-0.009853
2951	-0.015100	-0.003155	-0.008904
2952	-0.019473	0.001875	-0.006617
2953	-0.018808	0.010071	-0.006898
2954	-0.016830	0.000765	-0.005201
2955	-0.019401	0.016451	-0.008927
2956	-0.021822	0.012939	-0.015766
2957	-0.012144	-0.013504	-0.019927
2958	-0.005581	0.009442	-0.024565
2959	-0.006255	0.018916	-0.027088
2960	-0.004540	0.022772	-0.031087
2961	-0.001249	0.020256	-0.032615
2962	-0.004040	0.018550	-0.033590
2963	-0.002923	0.011805	-0.032528
2964	0.000468	0.029409	-0.032920
2965	0.004979	0.004507	-0.029855
2966	0.006356	0.020373	-0.027147
2967	0.007978	0.009157	-0.020254
2968	0.010084	0.006206	-0.018385
2969	0.012915	-0.010612	-0.015208
2970	0.012822	-0.002312	-0.010864
2971	0.013375	-0.002105	-0.010190
2972	0.016624	-0.010542	-0.010885
2973	0.017540	-0.007135	-0.013874
2974	0.014582	-0.015444	-0.020272
2975	0.010496	0.009513	-0.021682
2976	0.012698	0.003286	-0.023974
2977	0.022124	0.007427	-0.023522
2978	0.029907	-0.013498	-0.025234
2979	0.033135	-0.024246	-0.027462
2980	0.036124	-0.007403	-0.030222
2981	0.032307	0.003520	-0.029413
2982	0.026227	0.001618	-0.026387
2983	0.028764	-0.000745	-0.024589
2984	0.029317	0.030311	-0.021497
2985	0.031518	0.009331	-0.014103
2986	0.030890	0.009390	-0.001895
2987	0.027213	-0.010035	0.004668
2988	0.028894	-0.022668	0.008096
2989	0.029653	0.001155	0.009249
2990	0.028210	-0.013693	0.009036
2991	0.023150	-0.005312	0.004224
2992	0.019225	-0.002113	0.006039
2993	0.017181	0.016135	0.008751
2994	0.015120	0.003818	0.011193
2995	0.017178	0.027791	0.017080
2996	0.015543	0.031531	0.015866
2997	0.016889	0.015234	0.017405
2998	0.016860	0.014660	0.022208
2999	0.018289	0.004281	0.020367
3000	0.019503	0.013601	0.022535
3001	0.021238	0.008857	0.030451
3002	0.021251	0.007376	0.037555
3003	0.021760	0.019343	0.042585
3004	0.022132	0.000862	0.048362
3005	0.018465	-0.016478	0.048653
3006	0.012386	-0.018712	0.051434
3007	0.010195	-0.024200	0.053105
3008	0.008130	-0.022701	0.054781
3009	0.002910	-0.023376	0.060189
3010	-0.003860	-0.027380	0.063383
3011	-0.006707	-0.015253	0.072507
3012	-0.006387	-0.027283	0.077585
3013	-0.001097	-0.018465	0.082953
3014	0.006134	-0.026497	0.076629
3015	0.010966	-0.012439	0.073290
3016	0.018418	0.005416	0.071387
3017	0.025861	-0.005403	0.073266
3018	0.021793	0.005138	0.069183
3019	0.019217	-0.000336	0.062754
3020	0.012542	-0.001016	0.051848
3021	0.012065	0.016648	0.044932
3022	0.014526	0.014062	0.035662
3023	0.013221	0.009448	0.031729
3024	0.013557	0.016062	0.029342
3025	0.012008	0.015034	0.025565
3026	0.008069	0.002756	0.025006
3027	0.011133	0.015631	0.024483
3028	0.014508	0.014099	0.026720
3029	0.016047	0.008459	0.025653
3030	0.012398	-0.004130	0.024886
3031	0.007796	-0.018870	0.018579
3032	0.006276	-0.006330	0.013154
3033	0.006153	-0.014486	0.006101
3034	0.005199	-0.016411	0.006460
3035	0.005163	0.004953	0.009842
3036	0.004810	0.017783	0.007732
3037	-0.001717	0.008661	0.006628
3038	-0.005889	0.011770	0.003223
3039	-0.009619	0.025318	0.002512
3040	-0.012381	0.025296	0.003260
3041	-0.017584	0.028432	0.002615
3042	-0.021056	-0.002123	0.001708
3043	-0.021787	0.006701	-0.000863
3044	-0.028625	0.007493	-0.001209
3045	-0.025573	-0.002218	-0.003496
3046	-0.018153	0.003280	-0.003640
3047	-0.015417	-0.004729	-0.003998
3048	-0.012264	0.024749	-0.004981
3049	-0.017490	0.010749	-0.007371
3050	-0.024190	0.014739	-0.010333
3051	-0.031279	-0.006888	-0.009791
3052	-0.035160	0.016002	-0.009156
3053	-0.036517	0.015284	-0.001969
3054	-0.038238	0.016636	0.003153
3055	-0.038255	-0.004799	0.004722
3056	-0.036606	-0.002526	0.006080
3057	-0.040747	-0.003306	0.010192
3058	-0.042685	0.008462	0.009884
3059	-0.044994	-0.009546	0.006845
3060	-0.047785	-0.005694	0.010497
3061	-0.048191	-0.000389	0.013912
3062	-0.045125	0.014099	0.019459
3063	-0.039835	-0.017001	0.018638
3064	-0.029955	-0.017557	0.016410
3065	-0.022747	-0.011830	0.018286
3066	-0.018092	-0.016984	0.021782
3067	-0.014183	-0.009602	0.020587
3068	-0.014651	0.008150	0.015646
3069	-0.012867	0.013196	0.011824
3070	-0.009102	0.007599	0.000876
3071	-0.005265	-0.001397	-0.000389
3072	0.003686	-0.003710	-0.002257
3073	0.008135	0.006326	-0.003531
3074	0.008458	0.010667	-0.001990
3075	0.005861	-0.022189	0.005238
3076	0.002179	-0.014465	0.010384
3077	0.000282	-0.005400	0.010332
3078	-0.000370	-0.023536	0.014885
3079	-0.002741	-0.003764	0.022300
3080	0.000997	-0.016048	0.020844
3081	0.001990	-0.011136	0.022452
3082	0.002851	0.009371	0.022378
3083	0.001630	0.003387	0.027378
3084	-0.005708	0.019908	0.033402
3085	-0.012049	0.018332	0.032112
3086	-0.017577	0.006000	0.032466
3087	-0.018456	0.009274	0.035062
3088	-0.018872	-0.011809	0.037005
3089	-0.016948	-0.007549	0.041182
3090	-0.017029	-0.005060	0.043719
3091	-0.019024	0.022311	0.051289
3092	-0.016747	0.000220	0.057541
3093	-0.012218	0.002289	0.053449
3094	-0.006936	-0.008366	0.056785
3095	-0.010678	-0.005437	0.057465
3096	-0.009494	0.007394	0.054537
3097	-0.004427	-0.020817	0.059643
3098	0.001120	-0.001706	0.058448
3099	0.000762	0.001196	0.061307
3100	0.000854	0.008304	0.059287
3101	0.000397	0.011496	0.059803
3102	-0.002067	0.001091	0.052097
3103	-0.003147	0.005619	0.049391
3104	-0.010258	-0.008920	0.047853
3105	-0.010545	0.012664	0.038159
3106	-0.008257	-0.007621	0.031755
3107	-0.004502	-0.021285	0.024675
3108	-0.003561	-0.028358	0.022369
3109	-0.005667	-0.007442	0.022216
3110	-0.008294	-0.018040	0.017204
3111	-0.010565	-0.003256	0.019317
3112	-0.010013	0.002996	0.020013
3113	-0.007960	-0.016482	0.022291
3114	-0.008288	-0.023916	0.024712
3115	-0.008134	-0.017410	0.029698
3116	-0.009029	0.016002	0.033123
3117	-0.009076	0.011781	0.041036
3118	-0.007477	0.006768	0.037434
3119	-0.009094	-0.000307	0.036297
3120	-0.002654	0.017540	0.032170
3121	-0.000350	0.031811	0.032373
3122	-0.002980	0.027524	0.032284
3123	-0.009769	0.038055	0.036098
3124	-0.013569	0.023403	0.040150
3125	-0.016523	0.013830	0.045800
3126	-0.011963	0.010673	0.049731
3127	-0.007441	0.019541	0.049915
3128	-0.002551	0.015463	0.055807
3129	0.002543	0.019437	0.060608
3130	0.005769	0.007091	0.066809
3131	0.009649	-0.006767	0.076735
3132	0.010287	0.016135	0.089046
3133	0.011413	-0.004883	0.100843
3134	0.012767	0.007036	0.115688
3135	0.017433	0.012045	0.128653
3136	0.022412	-0.009836	0.137102
3137	0.034121	0.007778	0.141740
3138	0.041491	-0.013273	0.150401
3139	0.052458	-0.019855	0.152307
3140	0.060927	-0.028381	0.145601
3141	0.067212	-0.004382	0.143505
3142	0.072043	-0.006265	0.143799
3143	0.067790	-0.011186	0.138684
3144	0.062476	0.000231	0.137879
3145	0.055484	-0.002559	0.136940
3146	0.048805	-0.000856	0.135182
3147	0.046530	-0.011495	0.133338
3148	0.046086	0.001676	0.123249
3149	0.044045	0.022424	0.116871
3150	0.051309	-0.003152	0.111324
3151	0.053133	-0.008283	0.101971
3152	0.055592	-0.000990	0.096958
3153	0.056875	0.008973	0.095039
3154	0.059703	0.026095	0.093005
3155	0.060296	0.027014	0.089109
3156	0.054377	0.020469	0.080265
3157	0.046023	0.003692	0.071602
3158	0.041534	0.015371	0.072510
3159	0.040629	-0.000310	0.070455
3160	0.043942	0.019391	0.064170
3161	0.042935	0.021859	0.059317
3162	0.039975	-0.001081	0.059416
3163	0.040394	-0.004698	0.057794
3164	0.037220	-0.006012	0.055260
3165	0.029966	0.002721	0.056508
3166	0.024373	0.000568	0.054979
3167	0.021646	-0.003565	0.054510
3168	0.020017	-0.011290	0.059856
3169	0.018850	-0.030974	0.062888
3170	0.017152	-0.019354	0.057263
3171	0.013463	-0.017062	0.053646
3172	0.004960	-0.002016	0.044422
3173	-0.001639	0.004194	0.041979
3174	-0.004574	-0.006284	0.035236
3175	-0.006792	-0.000402	0.033117
3176	-0.011800	-0.007525	0.028378
3177	-0.007684	-0.006749	0.022486
3178	-0.005674	-0.011378	0.017813
3179	0.003475	-0.018226	0.017241
3180	0.006837	-0.015055	0.015897
3181	0.011084	-0.013451	0.013846
3182	0.009130	0.005224	0.015338
3183	0.008663	0.019002	0.019048
3184	0.008488	0.020583	0.019212
3185	0.013253	0.007237	0.015730
3186	0.022428	-0.002342	0.009481
3187	0.032883	0.012424	0.005752
3188	0.039395	0.007045	0.006399
3189	0.044129	0.016677	-0.003613
3190	0.047545	0.012171	-0.009616
3191	0.051051	0.006705	-0.016146
3192	0.054827	0.000031	-0.020749
3193	0.056992	0.009189	-0.030157
3194	0.057098	0.009315	-0.034641
3195	0.055213	-0.009616	-0.040965
3196	0.051864	0.001683	-0.038369
3197	0.044522	-0.002481	-0.035749
3198	0.035668	-0.005429	-0.035608
3199	0.035249	0.001764	-0.033529
3200	0.032214	0.004729	-0.036295
3201	0.025973	-0.005606	-0.038015
3202	0.028121	-0.012097	-0.037467
3203	0.034876	-0.012200	-0.035817
3204	0.033067	-0.015342	-0.033917
3205	0.032989	0.001977	-0.028844
3206	0.035352	-0.005353	-0.026150
3207	0.037146	0.009530	-0.024724
3208	0.034648	0.007882	-0.025340
3209	0.029039	-0.005154	-0.019094
3210	0.026485	0.010353	-0.019530
3211	0.014286	0.002250	-0.014068
3212	0.002723	-0.018749	-0.003536
3213	-0.006478	-0.023404	-0.002707
3214	-0.013931	-0.025963	-0.000827
3215	-0.016549	-0.016415	0.001178
3216	-0.022166	0.000799	0.002532
3217	-0.023934	0.004090	-0.000691
3218	-0.022522	0.014021	0.005838
3219	-0.022924	-0.007300	0.011894
3220	-0.020475	-0.005873	0.015807
3221	-0.016565	-0.008442	0.016483
3222	-0.017874	0.010393	0.021188
3223	-0.014144	-0.012656	0.020272
3224	-0.015822	-0.009365	0.026219
3225	-0.017327	-0.014324	0.027932
3226	-0.020244	-0.032684	0.027265
3227	-0.024476	-0.021374	0.020554
3228	-0.023627	-0.030333	0.018556
3229	-0.018068	-0.012161	0.018367
3230	-0.020547	-0.018663	0.022553
3231	-0.023471	-0.001262	0.025136
3232	-0.030824	0.000539	0.027305
3233	-0.031139	0.022163	0.027937
3234	-0.027866	0.027008	0.031275
3235	-0.019709	0.007246	0.036927
3236	-0.010975	-0.007096	0.039690
3237	-0.002267	0.001643	0.037041
3238	0.001097	0.007462	0.036346
3239	0.009639	0.000730	0.041972
3240	0.020138	-0.000729	0.046587
3241	0.028088	0.006644	0.051470
3242	0.033985	0.004567	0.051992
3243	0.039612	-0.010008	0.054259
3244	0.038712	-0.012761	0.047963
3245	0.037228	-0.003904	0.045109
3246	0.036547	-0.011164	0.046383
3247	0.038915	-0.000058	0.042563
3248	0.036334	0.002658	0.038388
3249	0.032139	-0.004951	0.030793
3250	0.029012	-0.003087	0.029855
3251	0.022448	0.024505	0.030956
3252	0.020444	0.009671	0.030371
3253	0.019110	0.004649	0.028926
3254	0.019038	0.001132	0.027148
3255	0.017270	-0.000488	0.021786
3256	0.012154	-0.007276	0.015469
3257	0.005153	-0.009313	0.012254
3258	0.000863	-0.013777	0.008516
3259	-0.010528	-0.008911	0.006720
3260	-0.021433	-0.001543	0.001176
3261	-0.028872	0.002149	0.006681
3262	-0.038580	-0.009729	0.006965
3263	-0.046662	-0.008535	0.001532
3264	-0.058779	-0.017144	-0.007149
3265	-0.059706	-0.009370	-0.009279
3266	-0.059706	-0.003400	-0.008307
3267	-0.058630	-0.018993	-0.008989
3268	-0.057128	-0.039337	-0.003381
3269	-0.049390	-0.009572	-0.007000
3270	-0.046877	-0.012570	-0.010358
3271	-0.049611	-0.002596	-0.012771
3272	-0.049794	-0.012838	-0.004678
3273	-0.050265	-0.006898	-0.000302
3274	-0.048126	-0.004651	0.007214
3275	-0.041081	-0.013325	0.008814
3276	-0.034238	-0.025502	0.018192
3277	-0.035735	-0.019188	0.024208
3278	-0.034512	-0.021483	0.033094
3279	-0.036895	-0.021260	0.029975
3280	-0.038802	-0.004352	0.030140
3281	-0.036946	-0.011967	0.028504
3282	-0.042562	-0.013857	0.020168
3283	-0.049525	-0.015457	0.012118
3284	-0.052355	-0.014590	0.004857
3285	-0.056947	-0.012696	0.000626
3286	-0.056170	-0.016760	-0.002096
3287	-0.053711	-0.014367	0.001432
3288	-0.044877	-0.008594	0.002588
3289	-0.041812	-0.002172	0.001390
3290	-0.038975	-0.002045	0.003542
3291	-0.033591	0.004398	0.007277
3292	-0.026699	0.010594	0.005884
3293	-0.017383	0.011481	0.008570
3294	-0.014098	-0.001936	0.010460
3295	-0.005976	-0.021695	0.013784
3296	-0.000960	-0.002595	0.012730
3297	0.006305	-0.014530	0.006118
3298	0.011466	-0.000995	0.002294
3299	0.016479	0.007425	0.000169
3300	0.019373	0.014887	-0.008079
3301	0.022861	0.000692	-0.010870
3302	0.022874	0.011911	-0.007399
3303	0.025944	0.011850	-0.001677
3304	0.026693	0.005228	-0.003445
3305	0.033857	0.009203	-0.005853
3306	0.039974	0.026988	-0.005146
3307	0.038843	0.005701	-0.002180
3308	0.038774	-0.007096	-0.002887
3309	0.029317	-0.007061	-0.003020
3310	0.022613	-0.013515	-0.000368
3311	0.025234	-0.012865	0.004840
3312	0.021381	0.011083	0.000432
3313	0.019204	0.005919	-0.001170
3314	0.011159	-0.010560	-0.006884
3315	0.011580	0.003384	-0.008705
3316	0.005744	0.005048	-0.017390
3317	-0.001861	0.007090	-0.023076
3318	-0.006321	-0.001958	-0.024762
3319	-0.011590	0.003708	-0.021384
3320	-0.012492	0.016770	-0.023606
3321	-0.008997	0.025554	-0.019973
3322	-0.004776	0.023529	-0.021343
3323	-0.010259	0.009975	-0.022887
3324	-0.011862	0.015207	-0.027951
3325	-0.012718	0.014639	-0.029278
3326	-0.018624	0.014248	-0.031749
3327	-0.026167	0.005268	-0.037007
3328	-0.033318	0.003825	-0.040023
3329	-0.035127	-0.000773	-0.051701
3330	-0.040915	0.002616	-0.062922
3331	-0.043947	0.000310	-0.068558
3332	-0.045678	0.009566	-0.072079
3333	-0.042119	0.002354	-0.064849
3334	-0.043518	-0.020594	-0.074682
3335	-0.043278	-0.011715	-0.078722
3336	-0.042807	-0.003596	-0.082626
3337	-0.048591	-0.003074	-0.081978
3338	-0.048903	0.002148	-0.092414
3339	-0.048556	0.009260	-0.094100
3340	-0.048499	-0.004107	-0.087822
3341	-0.044740	0.008353	-0.081762
3342	-0.041705	0.001017	-0.075642
3343	-0.042747	-0.009686	-0.076566
3344	-0.039816	0.000072	-0.073703
3345	-0.037993	-0.009036	-0.073313
3346	-0.032431	-0.023397	-0.070960
3347	-0.029151	-0.002606	-0.072190
3348	-0.023577	-0.022656	-0.067059
3349	-0.017134	-0.040892	-0.068430
3350	-0.010835	-0.029822	-0.062222
3351	-0.001619	-0.019276	-0.059105
3352	0.003531	-0.011619	-0.056671
3353	0.004031	-0.020269	-0.056665
3354	0.006352	-0.026718	-0.053187
3355	0.008496	-0.022579	-0.050830
3356	0.003132	-0.018707	-0.043386
3357	-0.000493	-0.001014	-0.036837
3358	0.000275	-0.023302	-0.036276
3359	-0.000540	-0.024496	-0.035193
3360	-0.004490	-0.024248	-0.030745
3361	-0.010759	-0.013519	-0.033086
3362	-0.010230	-0.000802	-0.033628
3363	-0.005742	0.005261	-0.033183
3364	-0.002741	-0.002875	-0.031161
3365	-0.004293	-0.014329	-0.033004
3366	-0.003897	-0.020162	-0.034376
3367	-0.010066	-0.018642	-0.039894
3368	-0.005838	0.007324	-0.042231
3369	-0.004480	0.004801	-0.046965
3370	0.000838	0.000776	-0.042592
3371	0.006254	-0.011475	-0.034854
3372	0.009040	-0.003773	-0.029046
3373	0.007114	-0.042119	-0.023196
3374	0.004157	-0.030628	-0.022990
3375	0.002225	-0.015751	-0.020332
3376	-0.001275	-0.022114	-0.011738
3377	-0.000034	-0.020448	-0.008234
3378	0.000016	-0.017172	-0.002859
3379	0.000396	0.001565	-0.000449
3380	0.001097	-0.000233	0.004130
3381	0.001663	0.019533	0.009935
3382	0.007242	0.018750	0.016579
3383	0.007015	0.012659	0.019339
3384	0.004856	0.004352	0.021699
3385	0.008500	-0.015314	0.018510
3386	0.008095	0.013784	0.017295
3387	0.009000	0.001200	0.008721
3388	0.011290	0.003462	0.005188
3389	0.011430	0.005511	0.000304
3390	0.013518	-0.013719	-0.007259
3391	0.024600	-0.017901	-0.006791
3392	0.030321	-0.017626	-0.006832
3393	0.036801	-0.005630	-0.010466
3394	0.039474	0.007863	-0.010875
3395	0.037976	0.010493	-0.012217
3396	0.030736	-0.002417	-0.013582
3397	0.019942	-0.000365	-0.011173
3398	0.012723	-0.004730	-0.011973
3399	0.004762	0.002934	-0.013877
3400	-0.001377	0.005904	-0.013662
3401	-0.010083	0.004784	-0.013501
3402	-0.017387	-0.023826	-0.015254
3403	-0.016369	-0.028461	-0.015585
3404	-0.018645	-0.016543	-0.016664
3405	-0.019735	-0.013999	-0.017349
3406	-0.025191	0.001197	-0.018639
3407	-0.033596	0.008204	-0.018643
3408	-0.027650	-0.006665	-0.022730
3409	-0.019815	-0.023050	-0.026918
3410	-0.016471	-0.031854	-0.027673
3411	-0.012751	-0.009087	-0.027183
3412	-0.011332	0.001275	-0.023608
3413	-0.012970	-0.000885	-0.020624
3414	-0.011032	0.008904	-0.015941
3415	-0.015119	0.009636	-0.010010
3416	-0.014578	0.005242	-0.005198
3417	-0.014500	0.019822	-0.007294
3418	-0.008874	0.015702	-0.009222
3419	-0.009202	0.008894	-0.020181
3420	-0.011788	0.037893	-0.021557
3421	-0.007323	0.030951	-0.026252
3422	-0.004341	0.036685	-0.026247
3423	-0.001514	0.032091	-0.030928
3424	0.002796	0.015362	-0.026957
3425	0.002529	0.020548	-0.021045
3426	0.007801	0.008562	-0.017776
3427	0.005147	0.004491	-0.015982
3428	0.006308	0.007309	-0.019907
3429	0.002714	-0.005840	-0.027597
3430	-0.001952	0.015681	-0.026557
3431	-0.006980	0.002599	-0.026552
3432	-0.011147	0.006394	-0.024736
3433	-0.013229	0.009303	-0.022654
3434	-0.023229	0.019539	-0.026804
3435	-0.025762	-0.011689	-0.026532
3436	-0.028025	0.000568	-0.024371
3437	-0.028040	-0.001844	-0.027223
3438	-0.025384	-0.013937	-0.022063
3439	-0.026410	0.000805	-0.016875
3440	-0.027919	-0.005404	-0.018367
3441	-0.025773	0.019234	-0.023243
3442	-0.027697	0.027056	-0.028703
3443	-0.026533	0.023883	-0.031748
3444	-0.031429	0.025693	-0.034256
3445	-0.032314	0.005179	-0.030293
3446	-0.037017	0.022161	-0.025969
3447	-0.043792	0.015845	-0.022338
3448	-0.044594	0.013479	-0.016052
3449	-0.045403	0.018667	-0.008045
3450	-0.047314	0.014913	-0.003454
3451	-0.049897	0.015652	0.005911
3452	-0.049974	0.020863	0.016728
3453	-0.053577	0.000523	0.024067
3454	-0.055300	-0.004202	0.025859
3455	-0.053554	0.004681	0.023107
3456	-0.046117	0.013646	0.024753
3457	-0.040806	0.000269	0.018419
3458	-0.034800	0.001550	0.014527
3459	-0.028836	-0.000262	0.011929
3460	-0.023539	-0.001430	0.011025
3461	-0.019933	0.014841	0.006581
3462	-0.021629	0.020356	-0.000548
3463	-0.023380	-0.003914	-0.003240
3464	-0.029472	0.003361	0.000575
3465	-0.035959	0.003525	0.000394
3466	-0.042155	-0.000204	0.005068
3467	-0.046479	-0.005640	0.002757
3468	-0.047919	-0.003348	0.009383
3469	-0.049624	0.012647	0.013434
3470	-0.048696	0.006571	0.016759
3471	-0.046939	0.008206	0.016621
3472	-0.039325	0.018933	0.013549
3473	-0.029400	0.004310	0.013191
3474	-0.021345	0.000472	0.014429
3475	-0.011064	0.005904	0.015854
3476	-0.008202	0.028743	0.017400
3477	-0.014780	0.009310	0.021485
3478	-0.019001	0.015832	0.019921
3479	-0.021695	0.006504	0.018400
3480	-0.026132	-0.002147	0.014559
3481	-0.029051	0.010564	0.013045
3482	-0.031770	0.017300	0.011537
3483	-0.025200	0.018169	0.010599
3484	-0.016982	0.014702	0.003819
3485	-0.019399	-0.004958	0.002771
3486	-0.018312	0.006544	0.001479
3487	-0.019962	0.005154	-0.003236
3488	-0.023120	-0.003230	-0.012512
3489	-0.025240	-0.003566	-0.020906
3490	-0.023373	0.003241	-0.027175
3491	-0.026991	-0.021317	-0.036138
3492	-0.025101	-0.022775	-0.039840
3493	-0.022201	-0.003551	-0.044423
3494	-0.022800	-0.032526	-0.048232
3495	-0.030409	-0.025223	-0.050814
3496	-0.031133	-0.016025	-0.055785
3497	-0.034860	-0.007012	-0.059324
3498	-0.032531	-0.004494	-0.067966
3499	-0.031136	0.009444	-0.061896
3500	-0.027734	-0.012238	-0.054451
3501	-0.029553	-0.003870	-0.057147
3502	-0.030956	-0.007366	-0.060653
3503	-0.031337	-0.020934	-0.059278
3504	-0.028192	-0.020821	-0.062307
3505	-0.020621	-0.011237	-0.063495
3506	-0.013859	-0.003143	-0.058484
3507	-0.012128	-0.012645	-0.056745
3508	-0.006222	-0.021555	-0.055738
3509	-0.004935	-0.021028	-0.056680
3510	-0.003909	-0.023766	-0.052246
3511	-0.002544	0.006274	-0.044040
3512	-0.001938	-0.005101	-0.041902
3513	-0.001210	-0.014595	-0.037192
3514	0.003980	-0.006834	-0.035893
3515	0.007036	0.008251	-0.026320
3516	0.006032	0.004135	-0.021039
3517	0.003005	0.013468	-0.016595
3518	0.004223	0.010635	-0.012702
3519	0.008297	0.019399	-0.011333
3520	0.012113	0.008597	-0.006542
3521	0.008094	0.014067	-0.005808
3522	0.005768	0.006837	-0.003671
3523	0.003344	0.003454	-0.000123
3524	-0.002167	0.002926	0.004088
3525	-0.007056	0.002915	0.006909
3526	-0.011921	-0.005647	0.010590
3527	-0.015515	0.001839	0.016366
3528	-0.024003	0.005544	0.020182
3529	-0.029136	-0.013644	0.020291
3530	-0.031157	-0.023382	0.021459
3531	-0.036719	0.002226	0.021400
3532	-0.047644	0.006228	0.023508
3533	-0.054009	0.002610	0.021691
3534	-0.053260	0.009963	0.021813
3535	-0.054813	-0.006354	0.014965
3536	-0.054726	-0.000505	0.013475
3537	-0.056795	-0.001742	0.015504
3538	-0.057789	-0.004074	0.013815
3539	-0.063361	0.001211	0.021943
3540	-0.065442	0.007099	0.022339
3541	-0.072281	0.000804	0.021745
3542	-0.076167	-0.033636	0.021954
3543	-0.076447	-0.005778	0.023909
3544	-0.067803	-0.005824	0.021564
3545	-0.062351	-0.021462	0.020998
3546	-0.052465	0.002512	0.020367
3547	-0.045210	-0.005304	0.016513
3548	-0.039165	-0.018591	0.018715
3549	-0.032066	-0.006941	0.016440
3550	-0.023851	0.009238	0.014966
3551	-0.021532	0.012004	0.015357
3552	-0.019079	0.007217	0.019631
3553	-0.019622	-0.018212	0.020055
3554	-0.019848	0.002559	0.015328
3555	-0.016433	-0.010711	0.016288
3556	-0.016099	0.024224	0.020439
3557	-0.013453	0.004626	0.018537
3558	-0.015099	0.011402	0.018096
3559	-0.010299	0.008473	0.019867
3560	-0.004695	0.008300	0.019232
3561	-0.003674	-0.002727	0.018482
3562	-0.005421	0.014476	0.013627
3563	-0.004643	0.007121	0.002711
3564	-0.002579	0.021097	0.002945
3565	-0.008416	0.036033	-0.000329
3566	-0.018528	0.033619	-0.002256
3567	-0.027732	0.019442	-0.006250
3568	-0.035634	0.026279	-0.008874
3569	-0.040251	0.031028	-0.009857
3570	-0.039541	0.016069	-0.008665
3571	-0.042279	0.010699	-0.014048
3572	-0.039402	0.005384	-0.014349
3573	-0.038858	-0.009160	-0.020329
3574	-0.035826	0.014139	-0.021583
3575	-0.042863	0.012209	-0.021495
3576	-0.052352	0.015258	-0.019253
3577	-0.050114	0.006808	-0.020439
3578	-0.046752	0.004806	-0.020899
3579	-0.043836	0.024264	-0.020862
3580	-0.045676	-0.010590	-0.022176
3581	-0.047555	-0.016441	-0.022207
3582	-0.041027	0.007705	-0.021467
3583	-0.042826	0.009645	-0.015939
3584	-0.036537	0.004203	-0.002879
3585	-0.032390	0.009945	0.001550
3586	-0.032466	-0.005241	0.006118
3587	-0.036817	-0.002331	0.009454
3588	-0.035251	0.005711	0.014031
3589	-0.035285	0.003355	0.015780
3590	-0.036836	-0.006366	0.013335
3591	-0.033652	-0.023700	0.007650
3592	-0.035017	0.000616	0.010915
3593	-0.030262	-0.008505	0.008579
3594	-0.022474	-0.004445	0.007593
3595	-0.020175	-0.002888	0.003380
3596	-0.014595	0.007920	0.000395
3597	-0.011385	0.020692	-0.004577
3598	-0.010349	0.012493	-0.007949
3599	-0.008247	0.009928	-0.006846
3600	-0.000615	-0.002805	-0.013979
3601	0.003391	0.003425	-0.011064
3602	0.004039	0.021581	-0.008150
3603	0.006016	-0.002770	-0.003646
3604	0.008139	0.004739	-0.004383
3605	0.008553	-0.012986	0.001158
3606	0.002954	-0.012257	0.003771
3607	0.002733	-0.016654	0.007237
3608	-0.000668	-0.016079	0.006622
3609	-0.002801	0.001026	0.007327
3610	-0.007998	0.006895	0.007287
3611	-0.009456	-0.002003	0.006386
3612	-0.007816	0.010213	0.005889
3613	-0.009355	0.004595	0.001317
3614	-0.008352	0.006473	0.001448
3615	-0.003448	0.004802	-0.000813
3616	0.003322	-0.001865	-0.002760
3617	0.008553	0.002946	-0.009330
3618	0.012494	-0.009907	-0.004897
3619	0.013315	-0.012266	-0.001539
3620	0.013870	-0.013795	0.006450
3621	0.013460	-0.016286	0.009910
3622	0.011338	-0.011708	0.011232
3623	0.009051	0.015087	0.014057
3624	0.013987	0.010076	0.016419
3625	0.011974	-0.011653	0.017035
3626	0.017306	-0.009429	0.018042
3627	0.018456	-0.016300	0.026421
3628	0.019144	-0.013920	0.029401
3629	0.013469	0.014888	0.036277
3630	0.013061	0.010326	0.035385
3631	0.017821	-0.001911	0.042620
3632	0.015894	-0.017534	0.043856
3633	0.016066	-0.010442	0.043013
3634	0.018989	-0.019035	0.045225
3635	0.019983	-0.001069	0.044880
3636	0.015973	0.001704	0.038242
3637	0.019094	-0.017940	0.032237
3638	0.027358	-0.006177	0.029838
3639	0.031846	-0.003712	0.029474
3640	0.037853	-0.005797	0.024769
3641	0.040317	-0.000689	0.019835
3642	0.036192	-0.005316	0.014362
3643	0.037004	-0.027934	0.013567
3644	0.038447	-0.023158	0.012663
3645	0.037444	0.001283	0.017138
3646	0.029937	-0.012902	0.023332
3647	0.022853	-0.012418	0.020392
3648	0.014210	-0.010034	0.024182
3649	0.008020	-0.023192	0.022729
3650	0.004060	-0.038166	0.020756
3651	-0.000293	-0.015655	0.024267
3652	0.002221	-0.006233	0.021405
3653	-0.002869	-0.018856	0.017214
3654	-0.005749	-0.007496	0.010403
3655	-0.004789	-0.002386	0.008156
3656	-0.005823	-0.000655	0.007159
3657	-0.010600	0.014131	0.007045
3658	-0.010891	-0.001080	0.004489
3659	-0.016936	-0.014801	0.005072
3660	-0.018767	-0.000817	0.007515
3661	-0.014573	-0.000982	0.003252
3662	-0.007894	0.009360	0.006046
3663	-0.008347	0.003812	0.008332
3664	-0.003885	0.005364	0.007594
3665	-0.008870	-0.002470	0.007106
3666	-0.007922	-0.002772	0.008160
3667	-0.004206	0.004794	0.007766
3668	0.002003	0.020328	0.005937
3669	0.002405	-0.002220	0.003247
3670	0.003067	-0.006235	-0.002473
3671	0.004243	-0.017338	-0.006006
3672	0.002909	-0.016240	-0.006181
3673	0.002545	-0.022593	-0.005422
3674	-0.001055	-0.016279	-0.008974
3675	-0.005764	-0.015491	-0.012161
3676	-0.012653	0.002107	-0.014317
3677	-0.011170	0.005688	-0.018761
3678	-0.009646	0.003336	-0.025420
3679	-0.003472	0.026089	-0.019944
3680	-0.004859	0.033889	-0.020754
3681	-0.004963	0.033541	-0.011965
3682	-0.002974	0.029080	-0.009614
3683	-0.001136	0.011656	-0.005101
3684	-0.001430	-0.000673	0.003052
3685	-0.004050	-0.004203	0.006462
3686	-0.001574	0.010239	0.012341
3687	0.001836	0.004200	0.011069
3688	0.003253	0.001406	0.014843
3689	0.004053	0.000032	0.019647
3690	0.004135	-0.015243	0.018509
3691	0.003107	-0.011085	0.018358
3692	0.005362	-0.009016	0.020333
3693	0.008506	-0.004255	0.018351
3694	0.014031	-0.005515	0.023562
3695	0.013865	0.002554	0.026742
3696	0.015299	-0.006067	0.024411
3697	0.016082	-0.011111	0.023730
3698	0.020260	-0.012791	0.025943
3699	0.028766	-0.000305	0.024157
3700	0.030576	-0.002652	0.022081
3701	0.034107	-0.000960	0.026386
3702	0.039204	-0.000549	0.024196
3703	0.042522	0.021650	0.023175
3704	0.052304	0.010777	0.021621
3705	0.060550	0.005169	0.025352
3706	0.062705	0.013099	0.028609
3707	0.063088	-0.003818	0.031015
3708	0.062538	0.005787	0.027211
3709	0.056119	-0.001408	0.030910
3710	0.051029	-0.000978	0.030436
3711	0.047878	-0.006164	0.027312
3712	0.051237	-0.023916	0.027766
3713	0.048283	-0.017138	0.029013
3714	0.048413	-0.019846	0.031351
3715	0.050089	-0.001322	0.030797
3716	0.044956	-0.006782	0.032217
3717	0.047665	-0.015988	0.037588
3718	0.046066	-0.004658	0.038299
3719	0.040619	-0.002792	0.037656
3720	0.039253	-0.001617	0.035755
3721	0.036547	-0.001204	0.031443
3722	0.034779	-0.004634	0.031165
3723	0.035853	-0.007658	0.032420
3724	0.040646	0.009416	0.031374
3725	0.041850	-0.017311	0.027080
3726	0.046655	-0.012037	0.020520
3727	0.053403	-0.000673	0.023978
3728	0.059658	-0.002807	0.027495
3729	0.063137	0.001841	0.034755
3730	0.065604	0.015268	0.038007
3731	0.066267	0.015536	0.040672
3732	0.065882	-0.007884	0.041778
3733	0.066895	-0.017776	0.036444
3734	0.064879	-0.006062	0.034519
3735	0.055991	-0.017358	0.032403
3736	0.057975	0.009975	0.035414
3737	0.065222	0.009083	0.038900
3738	0.063222	0.000922	0.047563
3739	0.064667	0.007797	0.057881
3740	0.067260	0.021454	0.059032
3741	0.066981	0.018467	0.056493
3742	0.064818	0.008877	0.052499
3743	0.062046	0.011230	0.045332
3744	0.060449	0.003099	0.037322
3745	0.052918	-0.001444	0.026249
3746	0.048668	0.005450	0.020559
3747	0.046365	-0.002192	0.008975
3748	0.042154	-0.012285	0.008253
3749	0.040322	0.017296	0.011737
3750	0.039478	0.009832	0.013391
3751	0.037470	0.005048	0.017576
3752	0.036344	0.029294	0.020857
3753	0.037267	0.023561	0.022904
3754	0.036654	-0.002018	0.023668
3755	0.033439	-0.000481	0.023674
3756	0.032447	-0.016415	0.026019
3757	0.029460	-0.016935	0.023968
3758	0.024996	0.000972	0.020557
3759	0.021259	-0.001913	0.020935
3760	0.021741	-0.003707	0.026986
3761	0.019353	-0.006001	0.031999
3762	0.017862	0.004402	0.035331
3763	0.026728	0.002703	0.040928
3764	0.035911	0.010999	0.039958
3765	0.042707	0.023463	0.037535
3766	0.042926	-0.008164	0.036124
3767	0.044835	0.013634	0.038341
3768	0.043963	-0.006496	0.039264
3769	0.037799	-0.029293	0.041711
3770	0.032348	-0.021400	0.049375
3771	0.023999	-0.019998	0.048031
3772	0.018065	-0.026622	0.047707
3773	0.013908	-0.037202	0.041420
3774	0.007674	-0.042380	0.044933
3775	0.004718	-0.048697	0.048720
3776	0.003929	-0.054207	0.058183
3777	0.006025	-0.042530	0.049623
3778	0.001813	-0.027464	0.044903
3779	0.001445	-0.007269	0.039687
3780	0.007988	-0.010006	0.038428
3781	0.013957	-0.005416	0.039201
3782	0.014309	-0.005513	0.034608
3783	0.020123	-0.004992	0.032465
3784	0.024429	0.010836	0.034887
3785	0.028785	0.008347	0.037929
3786	0.035327	0.001828	0.043547
3787	0.042484	-0.006552	0.042981
3788	0.047101	-0.010702	0.039108
3789	0.043690	-0.022922	0.035611
3790	0.046492	-0.003559	0.027378
3791	0.042967	-0.012346	0.028253
3792	0.036963	-0.021553	0.024008
3793	0.029511	-0.011681	0.022872
3794	0.026424	-0.010691	0.020540
3795	0.024314	-0.000819	0.015812
3796	0.021273	-0.013974	0.011146
3797	0.018397	-0.020994	0.008009
3798	0.014423	-0.006525	0.005579
3799	0.009457	-0.005446	-0.001136
3800	0.007725	-0.002622	0.000018
3801	0.007005	0.004218	0.001421
3802	0.012548	0.006513	0.002846
3803	0.017221	-0.030172	0.003264
3804	0.015819	-0.021402	0.004982
3805	0.023431	0.002587	0.010001
3806	0.027131	-0.001628	0.018385
3807	0.025075	-0.013963	0.019333
3808	0.021561	0.004510	0.015825
3809	0.024471	0.009803	0.016393
3810	0.025535	0.006746	0.010556
3811	0.027851	-0.008068	0.008521
3812	0.025986	-0.012378	0.010057
3813	0.026082	-0.020866	0.008050
3814	0.027483	-0.025418	0.008762
3815	0.027386	-0.015178	0.005956
3816	0.030920	-0.009396	0.005312
3817	0.036388	0.005092	0.004080
3818	0.041249	0.014617	0.001210
3819	0.043411	0.016171	0.003771
3820	0.046653	0.010136	0.002095
3821	0.044957	0.004949	0.001381
3822	0.043932	0.016049	-0.002341
3823	0.047003	0.027063	0.003459
3824	0.049667	-0.009479	0.004998
3825	0.049016	0.004047	0.010074
3826	0.047199	0.006823	0.010752
3827	0.052804	0.010172	0.010882
3828	0.051761	0.011448	0.007292
3829	0.050899	0.002385	0.006576
3830	0.053529	0.000323	0.008649
3831	0.053353	0.010050	0.009169
3832	0.054175	0.001509	0.001029
3833	0.055109	0.026386	-0.005311
3834	0.056655	0.031881	-0.017042
3835	0.059975	0.017865	-0.026355
3836	0.070155	0.015094	-0.027560
3837	0.075460	0.026025	-0.023464
3838	0.087447	0.003326	-0.031436
3839	0.091739	-0.021792	-0.037665
3840	0.090976	-0.002942	-0.039563
3841	0.089789	0.020003	-0.038252
3842	0.090890	0.001662	-0.042240
3843	0.091062	-0.023495	-0.043838
3844	0.092360	0.004628	-0.044930
3845	0.091957	-0.012954	-0.038437
3846	0.094000	-0.005014	-0.038409
3847	0.094223	0.007263	-0.033848
3848	0.092349	0.019948	-0.034635
3849	0.088183	0.003028	-0.027876
3850	0.080163	-0.002513	-0.022568
3851	0.073034	-0.000227	-0.016758
3852	0.073539	0.006591	-0.011794
3853	0.071560	0.026195	-0.011086
3854	0.072964	0.028076	-0.011327
3855	0.077360	0.014901	-0.015231
3856	0.080277	0.002753	-0.014185
3857	0.082679	0.010261	-0.017868
3858	0.083021	0.007746	-0.019677
3859	0.080598	0.030476	-0.023482
3860	0.076776	0.016384	-0.017838
3861	0.074151	0.003994	-0.009741
3862	0.077786	0.005308	-0.005977
3863	0.080543	-0.006382	-0.005155
3864	0.079930	-0.007234	-0.004054
3865	0.077606	-0.012559	-0.002157
3866	0.073673	-0.024310	0.000942
3867	0.072761	-0.012306	-0.001394
3868	0.068915	-0.016008	0.003641
3869	0.065631	-0.010508	0.007479
3870	0.067668	-0.024064	0.000717
3871	0.067960	-0.006770	-0.003213
3872	0.064981	-0.009300	-0.001813
3873	0.065849	-0.000650	0.003627
3874	0.062941	0.002603	0.010181
3875	0.064791	-0.008627	0.007702
3876	0.070174	-0.023176	0.009598
3877	0.071136	-0.015688	0.008716
3878	0.070332	0.008903	0.003459
3879	0.070905	-0.000633	0.006757
3880	0.074809	0.003625	0.008893
3881	0.075597	0.005760	0.009702
3882	0.066824	-0.010152	0.008540
3883	0.058158	0.008671	0.000152
3884	0.049853	-0.002267	-0.001791
3885	0.032926	0.014991	-0.001101
3886	0.018569	-0.005166	-0.009603
3887	0.005795	0.021660	-0.017243
3888	-0.004654	-0.019591	-0.020249
3889	-0.012615	-0.025605	-0.026107
3890	-0.017641	-0.021128	-0.032113
3891	-0.021282	-0.029580	-0.034144
3892	-0.023751	-0.008458	-0.032854
3893	-0.026915	-0.025586	-0.034770
3894	-0.036328	-0.009446	-0.032607
3895	-0.035899	-0.003536	-0.024617
3896	-0.039228	0.002560	-0.023709
3897	-0.038075	-0.008562	-0.025620
3898	-0.041437	-0.006980	-0.029521
3899	-0.041408	0.011161	-0.035691
3900	-0.040083	0.004489	-0.036850
3901	-0.043323	-0.001047	-0.038143
3902	-0.041002	0.012478	-0.031543
3903	-0.036982	-0.000378	-0.029006
3904	-0.035006	-0.006911	-0.024458
3905	-0.036333	-0.009492	-0.020606
3906	-0.036581	-0.009247	-0.016174
3907	-0.031965	-0.012731	-0.014056
3908	-0.023194	-0.024141	-0.010184
3909	-0.022680	-0.035193	-0.008574
3910	-0.027141	-0.017977	-0.005235
3911	-0.028272	-0.020037	-0.000012
3912	-0.027243	-0.006369	0.003010
3913	-0.024756	0.003441	0.000466
3914	-0.027396	0.008013	0.000298
3915	-0.027729	-0.017397	0.000659
3916	-0.027455	-0.011138	0.003285
3917	-0.028428	0.010782	0.003836
3918	-0.031348	0.016918	0.001479
3919	-0.032924	0.004073	-0.001460
3920	-0.027030	0.028980	-0.005159
3921	-0.022916	0.011562	-0.006931
3922	-0.022888	0.014703	-0.004614
3923	-0.018717	0.003902	-0.004098
3924	-0.018800	-0.004241	0.000344
3925	-0.017989	-0.003481	-0.000738
3926	-0.021588	0.005280	-0.000463
3927	-0.015525	-0.002619	-0.005079
3928	-0.015176	0.000783	-0.009064
3929	-0.017996	0.005592	-0.009056
3930	-0.018573	0.005947	-0.013418
3931	-0.017020	0.004619	-0.023029
3932	-0.013724	0.003273	-0.025043
3933	-0.010304	0.017918	-0.029382
3934	-0.006932	-0.016259	-0.029200
3935	-0.005300	-0.012712	-0.018900
3936	-0.003922	0.003078	-0.009680
3937	-0.003911	-0.001560	-0.002791
3938	-0.000727	0.020318	0.000769
3939	0.001202	0.022526	0.003847
3940	0.003666	0.013012	0.004898
3941	0.004610	0.025624	-0.000941
3942	0.003870	0.016833	-0.003817
3943	0.004432	0.009631	-0.004572
3944	0.004862	0.007966	-0.011796
3945	0.005641	0.015862	-0.016128
3946	0.007599	0.009304	-0.019301
3947	0.002968	0.030460	-0.019701
3948	0.002037	0.037501	-0.018702
3949	0.001917	0.031646	-0.025609
3950	0.000782	0.029674	-0.021224
3951	0.000706	0.036234	-0.018693
3952	-0.003563	0.032542	-0.016772
3953	-0.007270	0.037824	-0.012861
3954	-0.010832	0.018276	-0.009192
3955	-0.009010	0.011819	-0.005853
3956	-0.003974	0.000633	-0.006475
3957	-0.000659	0.015861	-0.006685
3958	-0.002020	0.010334	-0.005165
3959	-0.001110	0.005265	-0.001355
3960	-0.002115	0.027553	-0.006707
3961	-0.002481	0.005289	-0.009198
3962	-0.010421	0.028685	-0.008995
3963	-0.021249	0.035550	-0.011812
3964	-0.024557	0.009429	-0.008089
3965	-0.026172	0.008676	-0.012349
3966	-0.022449	-0.014034	-0.013339
3967	-0.018539	-0.013945	-0.014723
3968	-0.018356	-0.001959	-0.010805
3969	-0.013919	0.000257	-0.007623
3970	-0.003863	0.007649	-0.009665
3971	-0.000724	-0.008415	-0.012520
3972	-0.006875	-0.023590	-0.007833
3973	-0.011017	-0.007967	-0.000736
3974	-0.011158	-0.001887	0.003296
3975	-0.014687	0.013217	0.003565
3976	-0.020146	0.022095	0.004358
3977	-0.027622	-0.009990	0.004708
3978	-0.028575	-0.038572	0.003128
3979	-0.030775	-0.029597	0.001977
3980	-0.026464	-0.010628	0.003644
3981	-0.023327	-0.009766	0.004850
3982	-0.017015	-0.003782	0.004871
3983	-0.004795	0.008185	0.008412
3984	0.001354	0.003259	0.012660
3985	0.007764	-0.013002	0.014892
3986	0.014451	-0.019557	0.015960
3987	0.019340	-0.005972	0.020859
3988	0.023178	0.015131	0.022056
3989	0.026591	0.002714	0.020434
3990	0.029371	0.022449	0.014298
3991	0.030674	0.019682	0.013750
3992	0.031660	0.009537	0.016827
3993	0.029932	-0.009942	0.014268
3994	0.026914	-0.005784	0.011130
3995	0.022693	-0.004705	0.008602
3996	0.022604	-0.018493	0.010149
3997	0.021997	-0.008342	0.019942
3998	0.022777	0.002423	0.023738
3999	0.025356	0.026150	0.028958
4000	0.026747	-0.015303	0.029808
4001	0.030255	0.000511	0.022790
4002	0.034909	-0.003528	0.021075
4003	0.037016	-0.004812	0.020093
4004	0.034138	0.005794	0.022631
4005	0.035327	-0.001558	0.015774
4006	0.034216	-0.005665	0.011538
4007	0.028727	0.003223	0.004355
4008	0.027271	-0.005895	-0.001690
4009	0.027204	0.002446	-0.007547
4010	0.027577	-0.016120	-0.016045
4011	0.026974	-0.017385	-0.016166
4012	0.027637	-0.010641	-0.021217
4013	0.025972	-0.001220	-0.016810
4014	0.024229	-0.021318	-0.014706
4015	0.014663	-0.036164	-0.016597
4016	0.010964	-0.029898	-0.021299
4017	0.009954	-0.020538	-0.025215
4018	0.009037	0.000430	-0.025458
4019	0.004838	0.019087	-0.026971
4020	0.007167	-0.005562	-0.026675
4021	0.007501	0.004252	-0.026073
4022	0.002673	-0.007791	-0.026722
4023	-0.007088	0.009770	-0.026671
4024	-0.015809	0.020905	-0.025083
4025	-0.022423	0.014357	-0.020032
4026	-0.029820	0.020839	-0.014903
4027	-0.040184	0.013604	-0.013006
4028	-0.052407	0.002542	-0.014094
4029	-0.054410	-0.010769	-0.011019
4030	-0.055499	-0.011866	-0.011591
4031	-0.050616	-0.000258	-0.007528
4032	-0.050025	-0.029999	0.001212
4033	-0.049589	-0.006482	0.007809
4034	-0.051816	-0.018434	0.008406
4035	-0.054818	-0.013105	0.003774
4036	-0.052491	-0.017651	0.006305
4037	-0.056913	-0.022022	0.010927
4038	-0.059509	-0.023362	0.014126
4039	-0.058914	-0.008089	0.018752
4040	-0.061716	-0.003117	0.014437
4041	-0.058786	-0.004835	0.023414
4042	-0.056115	-0.005829	0.021482
4043	-0.052970	-0.007767	0.015942
4044	-0.052298	0.005699	0.011335
4045	-0.042531	-0.003072	0.010290
4046	-0.036571	-0.012209	0.007986
4047	-0.031139	0.014392	0.009273
4048	-0.026932	0.000939	0.010419
4049	-0.022369	0.018358	0.003560
4050	-0.019810	0.007902	-0.008066
4051	-0.014277	-0.001982	-0.016924
4052	-0.010353	0.016951	-0.020441
4053	-0.010864	0.007698	-0.020084
4054	-0.006445	0.010365	-0.022483
4055	0.000231	0.005917	-0.024690
4056	0.005546	0.012531	-0.024063
4057	0.010142	-0.008356	-0.020767
4058	0.018651	0.007895	-0.020400
4059	0.026495	-0.005901	-0.019088
4060	0.032374	-0.013707	-0.023385
4061	0.036778	-0.016248	-0.030815
4062	0.039358	-0.018326	-0.029877
4063	0.039082	-0.006900	-0.035675
4064	0.041916	-0.026048	-0.032089
4065	0.039727	-0.015154	-0.033970
4066	0.030818	-0.012614	-0.028923
4067	0.030613	-0.004827	-0.027568
4068	0.022776	-0.011189	-0.024294
4069	0.017507	-0.020870	-0.022491
4070	0.010423	-0.023039	-0.012677
4071	0.006123	-0.040688	-0.005864
4072	0.004135	-0.042545	0.004186
4073	-0.009022	-0.017319	-0.001596
4074	-0.017047	-0.017407	0.005548
4075	-0.026208	-0.008786	0.008775
4076	-0.026810	0.001549	0.009767
4077	-0.025418	0.016692	0.011977
4078	-0.020746	0.034707	0.020587
4079	-0.017834	0.021667	0.025294
4080	-0.018342	0.018570	0.029357
4081	-0.022736	0.017866	0.032888
4082	-0.021635	0.033010	0.037348
4083	-0.017890	-0.002552	0.036183
4084	-0.010733	0.003824	0.036496
4085	-0.003400	-0.000145	0.028159
4086	-0.000042	0.006313	0.020461
4087	-0.000117	-0.001371	0.019288
4088	0.001402	-0.003658	0.017868
4089	-0.001101	0.005556	0.016858
4090	-0.006029	0.004398	0.012040
4091	-0.007331	0.000889	0.016387
4092	-0.012334	0.009066	0.014667
4093	-0.012248	0.008234	0.010023
4094	-0.016595	0.008916	0.008198
4095	-0.018490	0.006020	0.008639
4096	-0.021444	0.000834	0.006266
4097	-0.025150	-0.017066	0.008913
4098	-0.026840	-0.000070	0.009983
4099	-0.029173	0.021953	0.020795
4100	-0.030527	0.014234	0.025691
4101	-0.029004	0.014795	0.027380
4102	-0.031921	-0.005036	0.034047
4103	-0.037166	-0.005836	0.032993
4104	-0.041042	-0.007995	0.031877
4105	-0.046692	0.014073	0.029013
4106	-0.049243	0.003456	0.024402
4107	-0.048675	0.018095	0.016686
4108	-0.050809	0.016303	0.014461
4109	-0.044961	0.003664	0.014325
4110	-0.038311	-0.006311	0.020427
4111	-0.032718	-0.002343	0.020488
4112	-0.029501	-0.003278	0.023994
4113	-0.023372	-0.003496	0.023774
4114	-0.026414	-0.018122	0.023590
4115	-0.029937	-0.010368	0.032088
4116	-0.033001	-0.005559	0.035948
4117	-0.039316	0.010389	0.042630
4118	-0.034764	0.010383	0.047259
4119	-0.035552	0.010463	0.041089
4120	-0.034200	0.006040	0.044571
4121	-0.030835	-0.004585	0.051361
4122	-0.031544	-0.005577	0.052847
4123	-0.027958	-0.007535	0.053676
4124	-0.024113	0.002918	0.057687
4125	-0.018374	0.000556	0.055963
4126	-0.012486	-0.000081	0.054103
4127	-0.005602	-0.004322	0.051249
4128	-0.001029	0.009817	0.044050
4129	-0.001295	0.014832	0.036327
4130	-0.001017	0.003211	0.027539
4131	-0.001647	0.002191	0.017898
4132	0.000699	0.005712	0.009489
4133	0.003960	-0.008025	0.016065
4134	0.003910	0.003401	0.019237
4135	0.003381	0.001932	0.025450
4136	-0.001155	0.006232	0.027168
4137	-0.005838	0.005373	0.029453
4138	-0.005456	0.004328	0.029193
4139	-0.001802	0.006064	0.023913
4140	0.002666	0.007181	0.017382
4141	0.006494	0.004479	0.011515
4142	0.004835	0.016099	0.006347
4143	0.002671	0.000955	0.001616
4144	0.004928	0.004499	0.008799
4145	0.005387	-0.019295	0.009285
4146	0.013809	0.001035	0.010511
4147	0.007723	0.008911	0.005548
4148	0.003351	0.001013	-0.000095
4149	0.003297	0.016525	0.008060
4150	0.009616	-0.009173	0.006793
4151	0.008440	-0.008577	0.004600
4152	0.007380	-0.001649	0.000165
4153	0.005871	-0.017490	-0.002499
4154	0.000719	-0.027065	-0.004968
4155	-0.008550	-0.037658	0.002037
4156	-0.013134	-0.035313	0.004647
4157	-0.017382	-0.020765	0.004565
4158	-0.027807	0.006416	-0.001458
4159	-0.036596	0.012688	-0.005593
4160	-0.047254	0.013135	-0.009558
4161	-0.046567	0.005080	-0.020499
4162	-0.054090	0.000486	-0.028066
4163	-0.057751	0.005671	-0.029582
4164	-0.060043	-0.019508	-0.033536
4165	-0.068833	-0.013439	-0.033931
4166	-0.075828	-0.021477	-0.040088
4167	-0.082523	-0.033079	-0.043476
4168	-0.086922	-0.028754	-0.044457
4169	-0.080604	-0.019702	-0.047329
4170	-0.074602	-0.002819	-0.040152
4171	-0.072971	-0.010888	-0.035199
4172	-0.067724	0.001400	-0.033761
4173	-0.062871	0.005943	-0.034003
4174	-0.060425	-0.009734	-0.038671
4175	-0.061775	-0.005449	-0.047648
4176	-0.056775	0.007805	-0.049181
4177	-0.052741	-0.000467	-0.049235
4178	-0.051680	-0.001169	-0.049679
4179	-0.049571	-0.008691	-0.052403
4180	-0.047506	0.018926	-0.057436
4181	-0.038369	0.024449	-0.053457
4182	-0.027906	0.023937	-0.051893
4183	-0.021350	0.013040	-0.049789
4184	-0.015244	0.017132	-0.051232
4185	-0.008610	-0.009355	-0.046933
4186	-0.003472	-0.000031	-0.044900
4187	-0.006717	-0.011896	-0.047316
4188	-0.002328	-0.017990	-0.044747
4189	0.004423	-0.028709	-0.041197
4190	0.002505	-0.008215	-0.045433
4191	0.004109	-0.005947	-0.050842
4192	0.001956	-0.008880	-0.052788
4193	-0.000079	-0.009854	-0.053888
4194	0.000844	-0.006436	-0.058311
4195	0.001750	-0.003570	-0.062983
4196	0.002292	0.007217	-0.060427
4197	0.008918	0.002375	-0.062492
4198	0.009895	-0.011991	-0.060287
4199	0.013030	0.022243	-0.059700
4200	0.016929	0.020679	-0.058114
4201	0.017151	0.017798	-0.052547
4202	0.015688	0.024400	-0.043792
4203	0.017092	0.030374	-0.039976
4204	0.019654	0.022575	-0.040317
4205	0.021367	0.030552	-0.039674
4206	0.017584	0.011956	-0.040052
4207	0.016921	-0.004711	-0.041955
4208	0.015472	-0.003861	-0.045659
4209	0.010670	-0.005926	-0.041706
4210	0.013620	0.000399	-0.043943
4211	0.012290	0.003022	-0.040269
4212	0.011412	-0.009305	-0.044552
4213	0.011930	-0.030263	-0.048366
4214	0.011067	-0.015706	-0.049998
4215	0.013353	-0.012057	-0.042854
4216	0.020661	-0.002782	-0.036220
4217	0.018877	-0.027136	-0.036723
4218	0.014083	-0.004053	-0.029764
4219	0.012845	-0.001698	-0.034420
4220	0.015895	-0.008118	-0.034564
4221	0.009130	-0.020683	-0.037956
4222	-0.003218	-0.012112	-0.035471
4223	-0.008382	-0.025292	-0.031513
4224	-0.013282	-0.011376	-0.032364
4225	-0.009579	-0.001540	-0.031944
4226	-0.009431	-0.011846	-0.028544
4227	-0.007993	-0.012161	-0.018965
4228	-0.005277	-0.018772	-0.015414
4229	-0.000292	-0.018591	-0.014656
4230	-0.003358	-0.000577	-0.007056
4231	-0.011032	-0.004801	-0.009491
4232	-0.014199	-0.008601	-0.009552
4233	-0.009366	-0.004600	-0.006739
4234	-0.014359	0.012908	-0.006652
4235	-0.017311	0.005360	-0.005843
4236	-0.018317	0.013937	-0.003069
4237	-0.021832	-0.000285	-0.001550
4238	-0.020093	0.021490	0.000453
4239	-0.018890	0.014348	0.004611
4240	-0.019513	0.008093	0.005283
4241	-0.015470	0.008490	0.007641
4242	-0.014388	0.023077	0.011196
4243	-0.016691	0.035010	0.012558
4244	-0.023117	0.006660	0.013456
4245	-0.020075	0.023782	0.013262
4246	-0.022824	0.033624	0.016481
4247	-0.020732	-0.000565	0.021760
4248	-0.017478	0.003330	0.030046
4249	-0.020828	0.001021	0.042758
4250	-0.020528	0.005520	0.047953
4251	-0.017583	0.001593	0.051576
4252	-0.010080	-0.008137	0.061843
4253	-0.007573	0.009710	0.067381
4254	-0.003965	0.027236	0.072266
4255	-0.001254	0.029676	0.071713
4256	-0.010612	0.002779	0.069734
4257	-0.021016	0.029251	0.062505
4258	-0.021153	0.021572	0.057966
4259	-0.014405	0.026654	0.044408
4260	-0.011292	0.031792	0.036331
4261	-0.009414	0.019589	0.032965
4262	-0.004849	-0.003302	0.026930
4263	-0.007437	-0.015715	0.026763
4264	-0.008170	0.012158	0.027441
4265	-0.004719	0.013973	0.031021
4266	0.004912	-0.017921	0.025689
4267	0.016716	-0.014059	0.023888
4268	0.028165	-0.029484	0.018620
4269	0.031700	-0.039346	0.012725
4270	0.034125	-0.017653	0.012869
4271	0.030328	-0.016785	0.007847
4272	0.028048	-0.000240	-0.000894
4273	0.026503	-0.002608	-0.009665
4274	0.032388	0.001195	-0.011829
4275	0.028801	-0.001248	-0.014471
4276	0.027684	0.000290	-0.017466
4277	0.025613	-0.002843	-0.021160
4278	0.022582	-0.003388	-0.023082
4279	0.019946	-0.005813	-0.029920
4280	0.012541	0.001635	-0.040044
4281	0.000163	-0.018080	-0.042866
4282	-0.006794	0.001688	-0.048089
4283	-0.013248	-0.006286	-0.043525
4284	-0.018786	0.013957	-0.032370
4285	-0.023107	-0.004921	-0.026004
4286	-0.026716	-0.017775	-0.021295
4287	-0.036558	-0.011249	-0.018947
4288	-0.042799	-0.003984	-0.015390
4289	-0.054651	0.003139	-0.015541
4290	-0.064530	0.001825	-0.011448
4291	-0.071777	-0.005030	-0.011342
4292	-0.072576	-0.004039	-0.017212
4293	-0.070458	0.002257	-0.024595
4294	-0.067199	-0.022458	-0.034138
4295	-0.070180	-0.037208	-0.040996
4296	-0.069920	-0.022130	-0.046130
4297	-0.067120	-0.004076	-0.046494
4298	-0.063625	-0.012649	-0.046021
4299	-0.062860	-0.011413	-0.043507
4300	-0.059961	0.000087	-0.046808
4301	-0.054826	-0.009977	-0.043713
4302	-0.052236	-0.009544	-0.045489
4303	-0.046851	0.002922	-0.045800
4304	-0.042847	-0.000886	-0.043402
4305	-0.044681	-0.018191	-0.038922
4306	-0.049528	-0.010597	-0.036806
4307	-0.055304	-0.011944	-0.032337
4308	-0.056755	-0.005451	-0.022330
4309	-0.054895	0.019807	-0.015908
4310	-0.053632	-0.004313	-0.014485
4311	-0.051061	-0.004144	-0.012204
4312	-0.045399	0.000104	-0.005158
4313	-0.039991	-0.000493	-0.001735
4314	-0.033981	-0.001385	-0.000921
4315	-0.036628	0.006636	-0.001174
4316	-0.037171	0.011074	-0.010500
4317	-0.033314	0.018919	-0.010466
4318	-0.025524	0.015260	-0.017648
4319	-0.031855	0.003146	-0.028384
4320	-0.028037	0.011959	-0.034118
4321	-0.029488	0.004423	-0.038998
4322	-0.027983	-0.024851	-0.040673
4323	-0.032868	-0.010439	-0.042381
4324	-0.029820	-0.020102	-0.049425
4325	-0.024826	-0.021038	-0.051374
4326	-0.013699	-0.006377	-0.053037
4327	-0.012248	-0.016743	-0.052133
4328	-0.016475	0.010202	-0.049763
4329	-0.017003	-0.005505	-0.045959
4330	-0.016381	-0.003487	-0.043212
4331	-0.019064	-0.018894	-0.043272
4332	-0.022174	-0.026908	-0.045353
4333	-0.022834	-0.020671	-0.041777
4334	-0.021576	-0.001037	-0.041707
4335	-0.016550	-0.006313	-0.039038
4336	-0.018734	-0.022596	-0.041232
4337	-0.016498	-0.034350	-0.034052
4338	-0.013660	-0.021760	-0.030304
4339	-0.009710	-0.018835	-0.027833
4340	-0.004212	-0.027508	-0.023402
4341	-0.003570	-0.012935	-0.022910
4342	-0.001542	-0.021530	-0.030366
4343	0.001370	-0.012382	-0.030871
4344	0.005232	-0.013000	-0.030645
4345	0.016522	-0.030920	-0.028897
4346	0.022887	-0.038080	-0.022349
4347	0.025766	-0.024216	-0.017186
4348	0.029244	-0.014503	-0.019007
4349	0.031938	-0.020929	-0.010851
4350	0.036294	-0.015598	-0.010745
4351	0.042518	-0.007870	-0.010619
4352	0.051157	-0.005890	-0.013640
4353	0.060267	0.002586	-0.008372
4354	0.069903	0.009871	-0.008548
4355	0.077813	-0.002240	-0.004912
4356	0.085345	0.007284	-0.003661
4357	0.082385	0.004079	0.001052
4358	0.082400	-0.000632	0.001189
4359	0.079241	0.002300	0.004695
4360	0.078194	-0.013429	0.006571
4361	0.072312	0.002436	0.004107
4362	0.069460	0.013848	0.003614
4363	0.064833	-0.011781	-0.003953
4364	0.060661	0.002187	-0.012397
4365	0.066396	0.012315	-0.019406
4366	0.071467	-0.007399	-0.024717
4367	0.080012	0.012401	-0.036488
4368	0.087964	0.015745	-0.037335
4369	0.086677	0.022093	-0.043834
4370	0.084553	0.002479	-0.035572
4371	0.079143	0.008630	-0.026577
4372	0.073481	0.014841	-0.021126
4373	0.062141	0.003140	-0.017650
4374	0.054605	0.019333	-0.014994
4375	0.050926	0.028834	-0.011460
4376	0.049284	0.043216	-0.004081
4377	0.040435	0.029980	0.001462
4378	0.027875	0.042525	0.001245
4379	0.020793	0.026645	0.005688
4380	0.016024	0.028854	0.008163
4381	0.014525	0.015801	0.002955
4382	0.017747	0.017330	0.006571
4383	0.015889	0.036172	0.007991
4384	0.011394	0.041095	0.011117
4385	0.007836	0.019622	0.012354
4386	0.007759	0.012751	0.014462
4387	0.006352	0.010119	0.019379
4388	0.009234	-0.008167	0.020571
4389	0.015034	-0.015727	0.020499
4390	0.020033	-0.008912	0.025252
4391	0.019203	-0.014374	0.030310
4392	0.017569	-0.007804	0.039049
4393	0.015645	0.006412	0.048786
4394	0.021417	-0.004225	0.063875
4395	0.025826	0.003861	0.071233
4396	0.020319	0.002962	0.072501
4397	0.017092	0.002749	0.074150
4398	0.011202	-0.015947	0.077927
4399	0.009764	-0.002211	0.073205
4400	0.009431	-0.003798	0.071998
4401	0.003011	-0.025802	0.068271
4402	0.001085	-0.024383	0.065505
4403	-0.003368	0.005244	0.065687
4404	-0.004139	-0.008944	0.065322
4405	-0.008675	-0.030171	0.070153
4406	-0.012258	-0.027826	0.072436
4407	-0.015707	0.004147	0.076836
4408	-0.017626	-0.004645	0.080363
4409	-0.022122	-0.004626	0.072235
4410	-0.026322	0.006420	0.067706
4411	-0.030135	0.010920	0.060616
4412	-0.031513	0.018497	0.069166
4413	-0.039455	0.005069	0.074165
4414	-0.034888	0.016711	0.075514
4415	-0.031153	0.021686	0.073248
4416	-0.025701	0.012682	0.073282
4417	-0.023609	0.010899	0.071609
4418	-0.021593	0.004211	0.068650
4419	-0.018428	-0.011433	0.075343
4420	-0.014452	-0.009392	0.077909
4421	-0.013541	0.004325	0.074860
4422	-0.008118	-0.008285	0.075640
4423	-0.010011	0.004005	0.072164
4424	-0.011029	0.006424	0.068565
4425	-0.010710	-0.003082	0.061843
4426	-0.015247	-0.023840	0.061813
4427	-0.013213	-0.007072	0.065622
4428	-0.007503	-0.002462	0.067308
4429	-0.008654	-0.005713	0.065806
4430	-0.013412	-0.005998	0.055316
4431	-0.016858	-0.018986	0.046775
4432	-0.011941	-0.013473	0.031531
4433	-0.009786	-0.004313	0.016709
4434	-0.010014	0.002554	0.009216
4435	-0.014934	-0.010439	-0.000870
4436	-0.016631	-0.008119	-0.005630
4437	-0.012826	0.013180	-0.007892
4438	-0.011777	0.009893	-0.017778
4439	-0.008630	0.007822	-0.026991
4440	-0.010099	0.006790	-0.031805
4441	-0.006269	0.000042	-0.035260
4442	-0.000438	0.013772	-0.034805
4443	-0.001766	0.022510	-0.031470
4444	-0.000895	0.014206	-0.031235
4445	-0.002659	-0.017532	-0.036067
4446	-0.008462	-0.000112	-0.032829
4447	-0.015369	-0.000507	-0.031404
4448	-0.021610	0.019316	-0.032487
4449	-0.026390	0.019459	-0.033873
4450	-0.028292	-0.014775	-0.032760
4451	-0.024281	-0.008310	-0.028464
4452	-0.024666	0.007167	-0.026450
4453	-0.024037	0.009037	-0.026841
4454	-0.022823	-0.005114	-0.038211
4455	-0.017111	0.004247	-0.040130
4456	-0.013083	0.013247	-0.042955
4457	-0.016073	0.007372	-0.036269
4458	-0.020680	-0.009055	-0.031407
4459	-0.025484	-0.023059	-0.032054
4460	-0.026258	0.013275	-0.033635
4461	-0.025420	0.014179	-0.037210
4462	-0.021732	0.016414	-0.036672
4463	-0.024378	-0.010712	-0.037243
4464	-0.024459	0.005007	-0.037208
4465	-0.024894	0.000537	-0.043377
4466	-0.025037	0.007690	-0.051470
4467	-0.023576	0.009120	-0.054155
4468	-0.019770	0.007294	-0.058820
4469	-0.004643	-0.004242	-0.065744
4470	0.004092	0.003564	-0.069666
4471	0.004920	0.006867	-0.080911
4472	0.003465	-0.008563	-0.087671
4473	0.009176	-0.007665	-0.092514
4474	0.009666	-0.014243	-0.099750
4475	0.000662	-0.002230	-0.095861
4476	-0.008960	-0.012209	-0.097590
4477	-0.004678	-0.015348	-0.102489
4478	-0.001795	-0.015549	-0.106334
4479	-0.001378	-0.005218	-0.101569
4480	-0.000621	0.002598	-0.092283
4481	-0.004613	-0.010158	-0.089486
4482	-0.006359	-0.019477	-0.084362
4483	-0.009683	-0.011876	-0.081506
4484	-0.015815	0.003444	-0.084112
4485	-0.014732	0.002207	-0.084100
4486	-0.013783	-0.014201	-0.080201
4487	-0.007911	0.000565	-0.079967
4488	0.001967	0.014104	-0.081681
4489	0.006377	0.023383	-0.082539
4490	0.013173	0.036064	-0.081422
4491	0.013585	0.008971	-0.069749
4492	0.014385	0.017353	-0.064982
4493	0.018732	0.026608	-0.065421
4494	0.021379	0.011059	-0.058721
4495	0.019034	-0.001543	-0.053891
4496	0.009976	-0.003792	-0.055000
4497	0.007033	-0.014895	-0.055457
4498	0.002438	-0.026281	-0.057813
4499	-0.012105	-0.004521	-0.058255
4500	-0.019194	0.000987	-0.063794
4501	-0.024427	-0.000476	-0.059467
4502	-0.025586	0.006817	-0.050501
4503	-0.023132	0.003139	-0.045755
4504	-0.017658	0.013969	-0.050823
4505	-0.016536	0.024305	-0.048313
4506	-0.015181	0.022812	-0.047915
4507	-0.008901	0.011370	-0.044088
4508	-0.011156	0.019058	-0.037347
4509	-0.010985	0.024624	-0.034807
4510	-0.008343	0.005743	-0.041148
4511	-0.005654	0.002026	-0.036231
4512	-0.003878	0.001421	-0.026562
4513	0.003044	-0.023806	-0.019185
4514	0.006218	-0.012117	-0.012668
4515	0.012202	0.005560	-0.014088
4516	0.015279	0.009689	-0.010087
4517	0.017177	-0.004256	-0.002559
4518	0.015733	-0.012559	0.003996
4519	0.016400	0.002566	0.009049
4520	0.014298	0.018839	0.010575
4521	0.013968	0.018050	0.012504
4522	0.015252	0.007172	0.021264
4523	0.015441	0.029722	0.021695
4524	0.016622	0.024380	0.024231
4525	0.021471	0.018938	0.022830
4526	0.029674	0.013180	0.019294
4527	0.034434	-0.000785	0.018767
4528	0.032560	0.013880	0.020949
4529	0.024037	-0.001079	0.025016
4530	0.025419	-0.009861	0.019446
4531	0.021535	0.012989	0.015145
4532	0.015528	0.010216	0.021312
4533	0.004538	0.009679	0.026155
4534	-0.002843	-0.030002	0.028750
4535	-0.006990	-0.027415	0.031383
4536	-0.014466	-0.011706	0.032481
4537	-0.024072	-0.002947	0.029539
4538	-0.023985	-0.003837	0.029085
4539	-0.022072	0.015147	0.029013
4540	-0.017916	-0.004246	0.028237
4541	-0.014013	-0.023932	0.023569
4542	-0.007394	-0.021329	0.016191
4543	-0.002159	0.001263	0.011757
4544	0.004129	0.015317	0.006286
4545	0.014052	-0.009205	0.007585
4546	0.019355	-0.008668	0.009793
4547	0.026677	-0.006411	0.015054
4548	0.031839	0.014329	0.025311
4549	0.037386	0.006853	0.034439
4550	0.045166	-0.011425	0.041995
4551	0.036697	-0.013533	0.043563
4552	0.032265	-0.021448	0.038753
4553	0.033062	-0.032095	0.038278
4554	0.033220	-0.020402	0.035769
4555	0.025503	0.002875	0.036048
4556	0.018596	-0.025745	0.034045
4557	0.019033	-0.003098	0.031419
4558	0.020572	0.024742	0.025776
4559	0.024362	0.035320	0.020556
4560	0.023611	0.019410	0.017140
4561	0.022361	0.016392	0.013420
4562	0.023303	0.027441	0.012807
4563	0.023815	0.024719	0.011763
4564	0.022700	0.010340	0.007633
4565	0.016700	-0.000417	0.008789
4566	0.018404	-0.017343	0.016146
4567	0.021399	-0.006582	0.022123
4568	0.020151	-0.007526	0.025460
4569	0.020248	-0.005935	0.017021
4570	0.014448	-0.031065	0.012809
4571	0.010777	-0.034882	0.010004
4572	0.012218	-0.022941	0.009890
4573	0.015721	-0.005117	0.004339
4574	0.021799	0.000021	0.001151
4575	0.028731	0.006390	0.000703
4576	0.031609	0.016382	0.001786
4577	0.028478	0.003735	0.001138
4578	0.019609	0.015799	0.002868
4579	0.023693	0.005389	0.002565
4580	0.018993	-0.001786	-0.004843
4581	0.014414	-0.034194	-0.009375
4582	0.009436	-0.024577	-0.007943
4583	0.005889	-0.008732	-0.007027
4584	-0.001029	-0.014059	-0.005144
4585	-0.001975	-0.010746	-0.007670
4586	-0.003165	-0.017416	-0.004637
4587	-0.013759	-0.017228	-0.000172
4588	-0.023439	-0.003648	-0.000034
4589	-0.031812	-0.015434	-0.001504
4590	-0.040941	-0.001949	-0.009629
4591	-0.038812	-0.005052	-0.016185
4592	-0.041578	0.019285	-0.018707
4593	-0.039007	0.024557	-0.021545
4594	-0.034926	0.023577	-0.021130
4595	-0.037681	-0.009632	-0.020005
4596	-0.039105	-0.012411	-0.018850
4597	-0.029838	-0.009896	-0.014105
4598	-0.028025	0.001620	-0.005631
4599	-0.029275	-0.015763	-0.002691
4600	-0.029546	-0.021251	-0.002797
4601	-0.029340	-0.000546	0.000235
4602	-0.025426	0.003936	0.000528
4603	-0.027043	0.008749	-0.000030
4604	-0.028991	0.011448	0.001413
4605	-0.032666	0.017423	-0.002415
4606	-0.037659	0.001064	-0.005758
4607	-0.037729	0.006563	-0.006153
4608	-0.039569	0.024824	-0.003039
4609	-0.040662	0.014377	0.000046
4610	-0.038654	0.006049	0.002991
4611	-0.035783	0.006263	-0.000232
4612	-0.028433	-0.019542	0.001943
4613	-0.027768	0.000393	0.006229
4614	-0.030835	-0.015608	0.010132
4615	-0.030381	-0.024806	0.011920
4616	-0.024763	-0.010302	0.009826
4617	-0.027746	0.012317	0.002853
4618	-0.026458	-0.001079	-0.003976
4619	-0.029334	-0.015104	-0.010307
4620	-0.034881	-0.025132	-0.007949
4621	-0.040670	-0.012693	-0.000730
4622	-0.040175	-0.009049	0.007466
4623	-0.035905	0.010023	0.001954
4624	-0.039786	-0.010675	0.001947
4625	-0.039031	0.001141	0.006093
4626	-0.043977	-0.014783	0.011802
4627	-0.037789	-0.004466	0.014082
4628	-0.033307	-0.016057	0.016829
4629	-0.031707	-0.016565	0.015267
4630	-0.032197	-0.019640	0.006691
4631	-0.030803	-0.005376	0.005527
4632	-0.036779	-0.025214	-0.000056
4633	-0.040267	-0.018700	0.001163
4634	-0.038852	-0.021814	-0.007872
4635	-0.036226	-0.024663	-0.008272
4636	-0.039873	0.001512	-0.015097
4637	-0.034198	-0.012034	-0.013795
4638	-0.031492	-0.008585	-0.014998
4639	-0.036618	0.015387	-0.018537
4640	-0.043113	0.003947	-0.019250
4641	-0.042991	0.010881	-0.025493
4642	-0.051068	0.021181	-0.029766
4643	-0.056763	0.005264	-0.035307
4644	-0.058089	0.004162	-0.037701
4645	-0.057820	-0.011446	-0.038851
4646	-0.060156	0.001867	-0.042955
4647	-0.062189	-0.001721	-0.047808
4648	-0.061847	0.008893	-0.052407
4649	-0.068335	-0.000271	-0.055084
4650	-0.072536	-0.014163	-0.058609
4651	-0.078836	-0.025534	-0.059693
4652	-0.086741	-0.001825	-0.062316
4653	-0.092147	0.001971	-0.067455
4654	-0.101962	0.000616	-0.070002
4655	-0.105053	0.008371	-0.072742
4656	-0.100590	0.005476	-0.067708
4657	-0.102097	0.029919	-0.064353
4658	-0.105864	0.024816	-0.059688
4659	-0.099782	0.024740	-0.050770
4660	-0.098916	0.015454	-0.054801
4661	-0.099353	0.011158	-0.049180
4662	-0.104475	0.019331	-0.040813
4663	-0.100400	0.006825	-0.036993
4664	-0.099008	-0.000935	-0.034170
4665	-0.096927	-0.004565	-0.024765
4666	-0.104763	0.015967	-0.027997
4667	-0.108152	0.018878	-0.024902
4668	-0.106550	0.028781	-0.022949
4669	-0.098315	0.006723	-0.010682
4670	-0.089707	0.013203	-0.003617
4671	-0.079851	0.015997	0.001009
4672	-0.077423	-0.001317	0.001662
4673	-0.077282	0.013019	0.010315
4674	-0.067975	0.007804	0.018108
4675	-0.059085	0.008498	0.028247
4676	-0.054436	-0.023398	0.037497
4677	-0.046167	0.006516	0.048027
4678	-0.034432	0.011109	0.056652
4679	-0.026623	0.009351	0.060631
4680	-0.018743	0.010164	0.057630
4681	-0.015268	-0.007370	0.061206
4682	-0.018244	-0.006375	0.060892
4683	-0.020430	-0.013525	0.064154
4684	-0.019628	-0.007540	0.062688
4685	-0.013371	-0.008655	0.061699
4686	-0.012927	0.010783	0.054811
4687	-0.011555	0.020958	0.057468
4688	-0.007943	-0.003656	0.052837
4689	-0.008103	-0.002219	0.051929
4690	-0.007967	-0.000185	0.046355
4691	-0.003246	0.005787	0.045411
4692	-0.007666	-0.002316	0.041445
4693	-0.011062	-0.016621	0.042924
4694	-0.011312	0.000719	0.040465
4695	-0.011571	0.014684	0.045454
4696	-0.011594	0.005666	0.040489
4697	-0.010704	-0.013923	0.037091
4698	-0.013351	-0.010595	0.028864
4699	-0.011709	-0.008247	0.027461
4700	-0.012731	0.000931	0.027557
4701	-0.008760	0.001648	0.015470
4702	-0.003258	-0.003066	0.002433
4703	-0.004227	-0.020443	-0.000531
4704	-0.005076	-0.008856	-0.001805
4705	-0.004729	0.009163	-0.001823
4706	-0.001525	0.011600	-0.002205
4707	-0.002450	0.026198	0.005152
4708	-0.008071	0.040519	0.006325
4709	-0.008742	0.033387	-0.000735
4710	-0.004471	0.017041	-0.003403
4711	-0.006864	0.034473	0.000888
4712	-0.006558	0.026944	0.007444
4713	-0.002433	0.014468	0.011890
4714	0.002880	-0.002855	0.015901
4715	0.002123	0.006364	0.020803
4716	-0.004541	-0.004110	0.025960
4717	-0.008243	-0.016076	0.029099
4718	-0.013400	-0.014275	0.032027
4719	-0.019406	-0.012951	0.035876
4720	-0.024904	0.000520	0.032377
4721	-0.031831	-0.003726	0.028707
4722	-0.039977	0.016307	0.029105
4723	-0.046313	-0.005450	0.029148
4724	-0.048990	0.007196	0.026838
4725	-0.048573	0.016303	0.021565
4726	-0.042329	0.010272	0.023844
4727	-0.040665	0.008711	0.024576
4728	-0.037192	-0.005992	0.026809
4729	-0.029190	-0.022755	0.028853
4730	-0.020733	0.001554	0.030670
4731	-0.019598	0.000519	0.025241
4732	-0.018631	0.026238	0.021699
4733	-0.017647	0.009818	0.011063
4734	-0.024092	-0.004445	-0.000413
4735	-0.026581	-0.010382	-0.003026
4736	-0.029049	-0.006042	-0.009012
4737	-0.041106	0.002744	-0.013016
4738	-0.047218	0.016069	-0.018383
4739	-0.047810	0.016844	-0.022024
4740	-0.056095	0.007269	-0.029353
4741	-0.059218	-0.009894	-0.028363
4742	-0.060782	0.007484	-0.028474
4743	-0.062968	0.000313	-0.026066
4744	-0.061163	0.000158	-0.021289
4745	-0.059796	0.024359	-0.020230
4746	-0.050766	0.000085	-0.017387
4747	-0.034979	0.007277	-0.016462
4748	-0.023327	0.000905	-0.024992
4749	-0.015200	-0.016617	-0.025296
4750	-0.010326	0.011199	-0.021742
4751	-0.003771	0.010931	-0.016619
4752	-0.006398	0.010309	-0.006724
4753	-0.006245	-0.022217	-0.000208
4754	-0.007830	-0.014273	0.009017
4755	-0.010193	0.001427	0.009312
4756	-0.005897	0.025435	0.017732
4757	0.002009	0.016556	0.018145
4758	0.006299	0.000143	0.027180
4759	0.010590	0.014854	0.030315
4760	0.023015	0.004098	0.037858
4761	0.031956	-0.006028	0.041863
4762	0.039787	-0.003940	0.054100
4763	0.043365	-0.017302	0.056186
4764	0.045309	-0.023503	0.060871
4765	0.036049	-0.017801	0.063678
4766	0.032278	-0.024047	0.066407
4767	0.023302	-0.026021	0.064303
4768	0.019061	-0.026492	0.066550
4769	0.013564	-0.016195	0.064703
4770	0.014652	-0.015207	0.062174
4771	0.012991	-0.002458	0.058557
4772	0.010897	0.009313	0.062294
4773	0.003997	0.007590	0.062423
4774	0.002549	0.006550	0.058794
4775	-0.007657	0.003412	0.054120
4776	-0.010469	0.010724	0.049405
4777	-0.012891	0.022776	0.047826
4778	-0.009280	0.010768	0.041520
4779	-0.002504	0.012291	0.030826
4780	-0.004357	0.006703	0.030682
4781	-0.008038	0.013440	0.028660
4782	-0.014342	0.015703	0.026187
4783	-0.019391	0.028266	0.019245
4784	-0.025837	0.027744	0.015663
4785	-0.031448	0.022836	0.012719
4786	-0.033301	-0.003571	0.012813
4787	-0.033982	-0.007755	0.017427
4788	-0.036816	0.019320	0.017866
4789	-0.043445	0.001584	0.015446
4790	-0.046356	0.003997	0.015120
4791	-0.047207	0.002807	0.013056
4792	-0.049915	-0.010103	0.015384
4793	-0.044851	-0.000285	0.012527
4794	-0.046742	0.010543	0.008453
4795	-0.042412	0.020118	0.014349
4796	-0.037941	0.023896	0.011852
4797	-0.025134	0.010115	0.014633
4798	-0.015432	0.011329	0.020339
4799	-0.005999	0.015752	0.014212
4800	0.002050	0.020717	0.009894
4801	0.011117	0.022511	0.012001
4802	0.017955	0.041436	0.011764
4803	0.024825	0.018369	0.016828
4804	0.033603	0.006077	0.020824
4805	0.032489	0.009054	0.024999
4806	0.028557	0.000130	0.027302
4807	0.025322	0.025341	0.023170
4808	0.020187	0.024119	0.019652
4809	0.019797	0.006961	0.022492
4810	0.022721	0.004353	0.033015
4811	0.023379	-0.002174	0.040812
4812	0.021364	0.015165	0.047820
4813	0.016349	0.004377	0.052695
4814	0.010306	0.022773	0.053661
4815	0.008512	0.004509	0.055532
4816	0.007218	0.014710	0.057988
4817	0.008071	0.018541	0.060149
4818	0.003770	0.012956	0.064459
4819	0.000001	0.000613	0.068606
4820	0.004717	0.001673	0.070612
4821	0.003488	0.005229	0.076655
4822	-0.000633	-0.006669	0.076383
4823	0.000972	0.018005	0.076572
4824	0.006848	0.025377	0.079267
4825	0.011417	0.001100	0.082347
4826	0.012081	-0.005955	0.082763
4827	0.019154	-0.001015	0.079764
4828	0.021425	-0.013588	0.072881
4829	0.024118	-0.017939	0.074245
4830	0.022963	-0.026340	0.069622
4831	0.022982	-0.028746	0.069194
4832	0.015719	0.001117	0.070746
4833	0.007593	-0.020942	0.078289
4834	0.002616	-0.015032	0.087944
4835	0.000019	-0.029976	0.097460
4836	-0.007928	-0.016101	0.100545
4837	-0.004433	-0.012418	0.101124
4838	-0.004447	0.009497	0.103395
4839	-0.005701	0.011444	0.101358
4840	-0.011677	0.010261	0.104313
4841	-0.019419	0.009131	0.112479
4842	-0.027367	-0.010897	0.110577
4843	-0.027269	0.015231	0.105027
4844	-0.023082	-0.010323	0.097815
4845	-0.020379	0.015117	0.092420
4846	-0.017465	0.016816	0.088842
4847	-0.012021	0.014430	0.095598
4848	-0.006954	0.015458	0.098716
4849	-0.006071	0.014177	0.105783
4850	-0.003695	0.014644	0.107046
4851	-0.001257	-0.006848	0.105951
4852	-0.000909	-0.001150	0.107975
4853	0.001564	-0.022772	0.110485
4854	0.000476	-0.014480	0.114783
4855	-0.002908	-0.014942	0.119334
4856	-0.008632	-0.004154	0.126909
4857	-0.013246	0.004042	0.130476
4858	-0.020161	0.012636	0.129432
4859	-0.018043	0.025238	0.117807
4860	-0.015296	0.015462	0.110092
4861	-0.018329	0.019061	0.105882
4862	-0.024629	-0.014364	0.101626
4863	-0.026626	-0.031054	0.102754
4864	-0.028550	-0.017807	0.092756
4865	-0.034129	-0.003698	0.082165
4866	-0.032652	-0.018059	0.075341
4867	-0.035300	0.009079	0.072848
4868	-0.031978	0.005811	0.073403
4869	-0.028203	-0.011794	0.070054
4870	-0.024879	-0.006383	0.066847
4871	-0.021336	0.000884	0.060216
4872	-0.023152	0.003111	0.056043
4873	-0.017879	0.027197	0.048531
4874	-0.015776	0.024717	0.036062
4875	-0.018927	0.017321	0.033662
4876	-0.013398	0.002098	0.024578
4877	-0.010582	0.030013	0.019692
4878	-0.009876	0.010750	0.017948
4879	-0.002046	-0.017568	0.021222
4880	-0.004615	-0.006730	0.020916
4881	-0.015541	-0.027192	0.021031
4882	-0.017945	0.004857	0.023894
4883	-0.019016	-0.001423	0.026661
4884	-0.023322	-0.022033	0.026630
4885	-0.031239	-0.002463	0.037699
4886	-0.032386	0.006273	0.033706
4887	-0.031930	0.019418	0.042764
4888	-0.034835	0.004254	0.040132
4889	-0.033951	0.003150	0.051859
4890	-0.032802	0.014727	0.059932
4891	-0.032259	0.018990	0.065303
4892	-0.027228	-0.003160	0.069842
4893	-0.027953	-0.008976	0.074940
4894	-0.024016	-0.010323	0.077408
4895	-0.019907	0.003255	0.079206
4896	-0.017676	-0.004409	0.078688
4897	-0.014200	-0.016835	0.077254
4898	-0.010584	-0.026972	0.067952
4899	-0.006953	-0.035123	0.071731
4900	-0.007188	-0.026896	0.069748
4901	-0.009454	-0.017130	0.073659
4902	-0.005408	-0.005561	0.065000
4903	-0.005788	0.002971	0.060505
4904	-0.003108	-0.019614	0.057599
4905	-0.001465	0.006139	0.059534
4906	0.003074	-0.002600	0.061218
4907	0.002704	-0.009343	0.062875
4908	0.006006	-0.010897	0.060293
4909	0.013229	-0.005620	0.054864
4910	0.012231	-0.012445	0.059024
4911	0.019784	-0.009504	0.064361
4912	0.025175	0.004602	0.068677
4913	0.032309	-0.025223	0.067502
4914	0.028389	-0.027104	0.067504
4915	0.023654	-0.030168	0.061280
4916	0.018291	-0.004316	0.059871
4917	0.015447	-0.008067	0.053664
4918	0.014662	0.000155	0.039774
4919	0.018411	0.000417	0.030428
4920	0.020011	0.011602	0.028518
4921	0.022138	-0.005259	0.026657
4922	0.023413	-0.001836	0.024479
4923	0.023837	-0.025202	0.023923
4924	0.023699	-0.000623	0.014612
4925	0.019547	0.014519	0.015620
4926	0.025939	0.016592	0.018695
4927	0.030257	0.005372	0.023600
4928	0.029314	-0.005320	0.026580
4929	0.029517	0.003778	0.023682
4930	0.026698	-0.015676	0.020342
4931	0.031334	-0.010241	0.016668
4932	0.032248	-0.012397	0.015989
4933	0.031066	0.007559	0.021301
4934	0.027430	-0.005700	0.028345
4935	0.026727	-0.011018	0.034898
4936	0.022272	-0.000998	0.043805
4937	0.014014	0.000624	0.040704
4938	0.011937	0.018861	0.040508
4939	0.012059	0.018940	0.038223
4940	0.013047	-0.006379	0.038577
4941	0.011227	-0.008170	0.037908
4942	0.023124	-0.005210	0.037456
4943	0.029170	-0.015917	0.033361
4944	0.030932	-0.006848	0.028340
4945	0.033910	0.007031	0.022217
4946	0.034944	0.008586	0.012788
4947	0.034600	-0.003822	0.006871
4948	0.026014	-0.009319	0.005608
4949	0.023656	0.010908	-0.001235
4950	0.018900	-0.009309	-0.013337
4951	0.017059	-0.004225	-0.020855
4952	0.017914	-0.004408	-0.022194
4953	0.018830	0.001813	-0.032542
4954	0.015502	0.009757	-0.035191
4955	0.015269	0.018455	-0.037510
4956	0.009928	0.026693	-0.043731
4957	0.014138	-0.010194	-0.038339
4958	0.015296	-0.013142	-0.040163
4959	0.017910	0.003860	-0.039577
4960	0.017884	0.031916	-0.031356
4961	0.017662	0.004234	-0.036279
4962	0.022035	-0.004596	-0.030916
4963	0.020979	0.022367	-0.035750
4964	0.020433	-0.002908	-0.034448
4965	0.031345	-0.028754	-0.037282
4966	0.036619	-0.031906	-0.029500
4967	0.035941	-0.004121	-0.030543
4968	0.033166	0.016100	-0.025935
4969	0.027341	-0.007823	-0.025639
4970	0.023807	0.012872	-0.027781
4971	0.016934	0.031286	-0.030148
4972	0.017886	0.017701	-0.031393
4973	0.014204	0.008975	-0.041519
4974	0.006057	0.001398	-0.044230
4975	-0.005740	-0.000916	-0.041622
4976	-0.010759	0.024103	-0.048478
4977	-0.016820	0.034448	-0.054613
4978	-0.027966	0.012018	-0.050848
4979	-0.031019	0.007973	-0.055389
4980	-0.035530	-0.004133	-0.060978
4981	-0.040852	-0.009183	-0.068011
4982	-0.049930	-0.003450	-0.069909
4983	-0.050518	-0.012023	-0.072271
4984	-0.050225	0.019606	-0.080960
4985	-0.054488	0.007858	-0.088212
4986	-0.051622	-0.001904	-0.087066
4987	-0.054926	0.011017	-0.087813
4988	-0.061706	0.012997	-0.095869
4989	-0.068193	0.007580	-0.095053
4990	-0.069604	0.020194	-0.096639
4991	-0.070763	0.020855	-0.094165
4992	-0.070838	0.009198	-0.099714
4993	-0.070317	0.001992	-0.093776
4994	-0.071283	-0.002804	-0.091549
4995	-0.071972	0.001506	-0.086456
4996	-0.072300	0.036562	-0.075617
4997	-0.073479	0.005915	-0.073611
4998	-0.067437	0.030672	-0.071785
4999	-0.067723	0.022855	-0.067054
5000	-0.062696	0.013352	-0.068832
5001	-0.061391	0.019581	-0.061495
5002	-0.058645	0.014894	-0.055699
5003	-0.052961	0.007590	-0.060758
5004	-0.060128	-0.008417	-0.059887
5005	-0.062892	0.007413	-0.064498
5006	-0.057892	0.016714	-0.065817
5007	-0.056479	-0.000212	-0.066739
5008	-0.048755	-0.004929	-0.065035
5009	-0.036245	0.013291	-0.064403
5010	-0.022844	0.013443	-0.059298
5011	-0.011331	0.005537	-0.052481
5012	-0.003410	0.007303	-0.045465
5013	0.004829	0.002373	-0.038130
5014	0.014612	0.010337	-0.040310
5015	0.023347	0.002678	-0.044237
5016	0.033342	0.004286	-0.037989
5017	0.032397	-0.006145	-0.030917
5018	0.034534	-0.001756	-0.027853
5019	0.037159	-0.011425	-0.031634
5020	0.035832	0.001645	-0.038499
5021	0.033335	-0.010778	-0.045064
5022	0.023841	0.006156	-0.047728
5023	0.016453	-0.005937	-0.044302
5024	0.013352	-0.002983	-0.041547
5025	0.012293	-0.019529	-0.043567
5026	0.011603	-0.040552	-0.048501
5027	0.013326	-0.024700	-0.046209
5028	0.016595	-0.008370	-0.043266
5029	0.020264	-0.020035	-0.040396
5030	0.023605	-0.023243	-0.044596
5031	0.019833	-0.023268	-0.040587
5032	0.020200	-0.018266	-0.036029
5033	0.019437	-0.007487	-0.023846
5034	0.021567	-0.002893	-0.015518
5035	0.019303	0.000050	-0.010682
5036	0.009692	-0.006460	-0.000892
5037	0.004109	-0.009895	0.008855
5038	0.002535	-0.010632	0.007516
5039	-0.000963	-0.005293	0.009463
5040	0.001806	-0.001751	0.004746
5041	-0.001398	0.012609	0.000420
5042	-0.002299	0.002698	-0.002245
5043	-0.003822	-0.005533	-0.002136
5044	-0.009157	-0.010767	-0.007466
5045	-0.018378	-0.004073	-0.007452
5046	-0.022467	0.002413	-0.018988
5047	-0.022929	0.009795	-0.021008
5048	-0.021707	0.009305	-0.022193
5049	-0.012521	0.006453	-0.026278
5050	-0.005348	-0.010043	-0.031175
5051	-0.004321	-0.015718	-0.032805
5052	-0.002345	-0.009988	-0.035337
5053	-0.002279	-0.028877	-0.036614
5054	-0.006927	-0.001784	-0.035084
5055	-0.006865	0.002876	-0.042838
5056	-0.009734	0.016407	-0.044261
5057	-0.010550	0.012971	-0.051586
5058	-0.010778	0.007349	-0.052170
5059	-0.006324	-0.006585	-0.051680
5060	-0.001230	-0.002171	-0.048276
5061	0.000034	0.003421	-0.043015
5062	0.006091	-0.010132	-0.037801
5063	0.010321	0.004577	-0.030103
5064	0.010521	0.000048	-0.023676
5065	0.013930	0.001557	-0.012378
5066	0.021446	0.022283	-0.009001
5067	0.023830	0.026172	-0.000106
5068	0.029632	0.018800	0.009910
5069	0.029242	0.012978	0.014780
5070	0.038170	0.003716	0.017688
5071	0.048068	-0.013619	0.027580
5072	0.050956	0.001803	0.031222
5073	0.050192	0.013633	0.030265
5074	0.053262	0.031532	0.031005
5075	0.058571	0.023812	0.023760
5076	0.064237	0.013489	0.023581
5077	0.069244	0.015718	0.020621
5078	0.064691	0.016817	0.017776
5079	0.060237	0.010359	0.015227
5080	0.057181	-0.001263	0.004316
5081	0.045699	0.003404	0.008999
5082	0.036950	0.022618	-0.001563
5083	0.040272	0.016257	-0.006938
5084	0.043791	0.032213	-0.009018
5085	0.041624	0.012760	-0.010965
5086	0.044032	0.040269	-0.012117
5087	0.035885	0.034848	-0.018681
5088	0.027773	0.030032	-0.023973
5089	0.026434	0.016331	-0.029229
5090	0.022050	0.013421	-0.040493
5091	0.015963	-0.007065	-0.046216
5092	0.020297	0.006642	-0.054348
5093	0.019533	0.016296	-0.066428
5094	0.015704	0.005900	-0.078421
5095	0.012179	-0.005592	-0.092496
5096	0.004753	-0.011131	-0.104037
5097	-0.000079	0.006933	-0.106872
5098	-0.002999	0.003307	-0.111376
5099	-0.008053	-0.005713	-0.114207
5100	-0.009789	0.006132	-0.115954
5101	-0.017590	-0.000193	-0.119054
5102	-0.023799	0.004419	-0.111311
5103	-0.029206	0.010174	-0.108612
5104	-0.035686	0.000572	-0.103229
5105	-0.038309	-0.002532	-0.099899
5106	-0.049359	0.001085	-0.101284
5107	-0.057642	-0.000800	-0.100578
5108	-0.062887	0.023772	-0.099023
5109	-0.066934	0.002045	-0.095398
5110	-0.073486	-0.007771	-0.089539
5111	-0.084280	-0.033557	-0.078462
5112	-0.088436	-0.002742	-0.067099
5113	-0.091227	-0.004982	-0.058512
5114	-0.090860	-0.007405	-0.053865
5115	-0.085557	-0.012830	-0.048948
5116	-0.080792	-0.020491	-0.045929
5117	-0.074231	-0.003062	-0.045880
5118	-0.072596	0.004607	-0.044683
5119	-0.078490	0.003951	-0.040243
5120	-0.072183	-0.010679	-0.035199
5121	-0.069434	-0.007215	-0.033430
5122	-0.071168	-0.003677	-0.027143
5123	-0.062325	0.009499	-0.021518
5124	-0.057491	-0.000968	-0.020321
5125	-0.046245	0.003723	-0.020976
5126	-0.035367	-0.005879	-0.012601
5127	-0.032896	0.010946	-0.009495
5128	-0.023906	-0.000976	-0.009859
5129	-0.022038	-0.013059	-0.012216
5130	-0.020069	-0.012461	-0.010053
5131	-0.024416	-0.021008	-0.012673
5132	-0.023974	-0.020359	-0.010986
5133	-0.024917	-0.011381	-0.015931
5134	-0.026835	-0.026031	-0.021698
5135	-0.017532	-0.012820	-0.022809
5136	-0.006247	-0.005727	-0.026779
5137	-0.005741	-0.000016	-0.025891
5138	-0.010129	0.006515	-0.023844
5139	-0.014262	0.016181	-0.015741
5140	-0.019813	0.013723	-0.014027
5141	-0.019504	0.030020	-0.008337
5142	-0.018160	0.032847	-0.003067
5143	-0.015671	0.020463	0.002873
5144	-0.010090	0.018905	0.006591
5145	-0.002869	0.026624	0.013682
5146	0.003177	0.035685	0.026845
5147	0.001241	0.036215	0.035750
5148	-0.000584	0.012444	0.041675
5149	-0.003360	-0.006264	0.039768
5150	0.002582	-0.013129	0.043925
5151	0.006531	0.009940	0.040498
5152	0.008827	0.009182	0.035637
5153	0.012602	0.034376	0.040462
5154	0.014378	0.023198	0.047058
5155	0.018228	0.021016	0.051715
5156	0.020288	0.015134	0.058466
5157	0.022392	0.017037	0.055239
5158	0.023457	-0.000202	0.054531
5159	0.023928	0.014396	0.058967
5160	0.030521	0.008674	0.063289
5161	0.033395	0.033720	0.060540
5162	0.035178	0.021529	0.066813
5163	0.037801	0.026986	0.072073
5164	0.042773	0.027307	0.083622
5165	0.046433	-0.003524	0.082538
5166	0.048447	0.008874	0.078607
5167	0.044310	-0.003109	0.072101
5168	0.045026	-0.004873	0.065972
5169	0.051965	-0.015040	0.063778
5170	0.059226	-0.007347	0.067698
5171	0.058761	0.005445	0.071790
5172	0.060780	-0.003661	0.078946
5173	0.055955	-0.032014	0.084921
5174	0.056080	-0.031634	0.078322
5175	0.053681	-0.040022	0.079068
5176	0.056426	-0.046509	0.083806
5177	0.059473	-0.051105	0.078253
5178	0.061721	-0.037429	0.072893
5179	0.067516	-0.023320	0.073869
5180	0.073068	-0.019364	0.074921
5181	0.073193	0.004229	0.072573
5182	0.079459	0.003414	0.068467
5183	0.097257	-0.018155	0.067486
5184	0.106283	-0.025321	0.064229
5185	0.112830	-0.001250	0.062221
5186	0.119084	-0.000271	0.058972
5187	0.114300	0.004272	0.062884
5188	0.108310	-0.006839	0.063808
5189	0.101712	-0.006198	0.068281
5190	0.099403	0.012705	0.075558
5191	0.093560	0.021985	0.078212
5192	0.093039	0.003721	0.075582
5193	0.093717	-0.006510	0.074549
5194	0.089939	-0.028319	0.068320
5195	0.081068	0.007407	0.073380
5196	0.080774	-0.004994	0.073342
5197	0.073710	-0.016134	0.071423
5198	0.065516	-0.006761	0.066377
5199	0.060374	0.017503	0.061511
5200	0.055603	0.014901	0.056788
5201	0.049774	0.004994	0.054508
5202	0.051986	0.014167	0.055453
5203	0.051638	-0.005990	0.052379
5204	0.049882	0.016215	0.049866
5205	0.048882	0.023222	0.051079
5206	0.048165	0.017378	0.052952
5207	0.041431	0.006451	0.059932
5208	0.030498	0.005079	0.060709
5209	0.021531	0.013503	0.054041
5210	0.018706	0.016494	0.059165
5211	0.016323	0.006797	0.057010
5212	0.012434	0.011215	0.052944
5213	0.005300	-0.000571	0.049058
5214	0.000329	-0.001523	0.041833
5215	-0.000989	-0.000777	0.039552
5216	0.002125	0.021948	0.042018
5217	-0.000450	0.023679	0.043388
5218	-0.004450	0.009955	0.045089
5219	-0.006671	0.008924	0.049640
5220	-0.006876	0.009979	0.051841
5221	-0.009485	0.003294	0.051656
5222	-0.011818	0.012673	0.050107
5223	-0.014822	0.001955	0.055351
5224	-0.018131	0.010976	0.049589
5225	-0.008001	0.024020	0.045994
5226	-0.001338	0.017563	0.039750
5227	0.009845	0.026414	0.040032
5228	0.013571	0.023644	0.041956
5229	0.014413	0.027691	0.039921
5230	0.015150	-0.005543	0.031407
5231	0.016719	-0.000164	0.034398
5232	0.018212	0.007765	0.037414
5233	0.028078	-0.002485	0.038922
5234	0.035186	0.016779	0.040424
5235	0.046043	0.010941	0.048148
5236	0.051369	0.009355	0.049693
5237	0.047307	0.017017	0.043920
5238	0.045077	0.004332	0.038164
5239	0.044332	-0.009289	0.039314
5240	0.045902	-0.025155	0.046609
5241	0.040269	-0.006036	0.051835
5242	0.043234	0.011648	0.057021
5243	0.038945	0.002087	0.067527
5244	0.037041	0.011844	0.066519
5245	0.036176	-0.003617	0.077396
5246	0.025555	-0.008948	0.073869
5247	0.019503	-0.020258	0.066379
5248	0.013189	0.005953	0.067214
5249	0.009944	-0.011652	0.077235
5250	-0.000300	-0.016055	0.079592
5251	-0.007207	0.002354	0.081367
5252	-0.000517	-0.013504	0.083828
5253	-0.000498	-0.004080	0.079368
5254	-0.005415	0.021005	0.080142
5255	-0.006495	0.015050	0.077677
5256	-0.011437	0.021169	0.077639
5257	-0.015354	0.029116	0.074547
5258	-0.012256	0.023182	0.066160
5259	-0.016172	-0.002491	0.059738
5260	-0.010249	0.007984	0.057747
5261	-0.003765	-0.003824	0.051024
5262	-0.001532	-0.009969	0.050009
5263	-0.001268	0.005108	0.051538
5264	-0.004461	-0.002706	0.044367
5265	-0.007679	0.009902	0.049930
5266	-0.014318	0.007601	0.049271
5267	-0.015337	0.039526	0.050566
5268	-0.019315	0.024986	0.046718
5269	-0.021351	0.015826	0.050057
5270	-0.024889	0.017006	0.058659
5271	-0.024614	0.010716	0.059111
5272	-0.022860	0.005485	0.055236
5273	-0.024775	-0.002951	0.057059
5274	-0.019260	-0.000010	0.049920
5275	-0.015332	0.012389	0.049855
5276	-0.005002	0.001344	0.047434
5277	0.000558	-0.005110	0.040817
5278	0.001547	-0.001707	0.041460
5279	-0.004435	0.007303	0.038094
5280	-0.009632	-0.004993	0.033193
5281	-0.021298	0.002504	0.036710
5282	-0.034189	-0.035006	0.035600
5283	-0.040121	-0.013863	0.039687
5284	-0.044794	-0.003476	0.043242
5285	-0.046169	-0.005921	0.043847
5286	-0.039721	-0.007616	0.041027
5287	-0.046003	-0.002192	0.040364
5288	-0.042208	0.026146	0.037178
5289	-0.028957	0.027835	0.031535
5290	-0.025366	0.010723	0.036254
5291	-0.021989	-0.007189	0.036688
5292	-0.024637	0.005038	0.034946
5293	-0.022267	-0.019503	0.035528
5294	-0.026829	-0.012848	0.034491
5295	-0.023732	-0.040260	0.030444
5296	-0.021701	-0.022137	0.030973
5297	-0.020644	-0.022212	0.029215
5298	-0.018398	-0.015252	0.022645
5299	-0.013423	-0.002182	0.023265
5300	-0.013954	-0.015938	0.020647
5301	-0.015793	-0.006496	0.020376
5302	-0.019642	-0.016809	0.018295
5303	-0.026009	-0.029837	0.014612
5304	-0.024529	-0.036716	0.012347
5305	-0.023916	-0.022986	0.016559
5306	-0.027897	-0.012953	0.019602
5307	-0.027858	-0.009217	0.018559
5308	-0.026009	-0.029198	0.014344
5309	-0.032265	-0.030028	0.019007
5310	-0.041231	-0.022748	0.023312
5311	-0.038856	-0.025662	0.024320
5312	-0.042246	-0.032896	0.025842
5313	-0.045123	-0.006067	0.017799
5314	-0.047547	-0.011062	0.015508
5315	-0.051145	-0.020645	0.017456
5316	-0.053893	-0.011924	0.019605
5317	-0.056621	-0.019151	0.030015
5318	-0.060229	-0.034961	0.032744
5319	-0.059411	-0.027243	0.035388
5320	-0.055823	0.003740	0.043138
5321	-0.047904	0.018575	0.055114
5322	-0.044714	0.002303	0.055585
5323	-0.049716	-0.011614	0.060077
5324	-0.056176	-0.011638	0.062537
5325	-0.059981	-0.008247	0.055095
5326	-0.060615	0.015935	0.046129
5327	-0.056696	0.005691	0.047359
5328	-0.048324	-0.009044	0.042878
5329	-0.044062	-0.016583	0.047348
5330	-0.036684	0.000372	0.051432
5331	-0.036034	-0.022990	0.055083
5332	-0.033665	0.005656	0.057174
5333	-0.031803	0.004753	0.061026
5334	-0.034919	-0.000079	0.063222
5335	-0.035812	0.014575	0.063578
5336	-0.034954	-0.004886	0.069074
5337	-0.034231	-0.001778	0.076127
5338	-0.034688	-0.014237	0.079924
5339	-0.036818	0.015919	0.080706
5340	-0.032932	0.018173	0.084001
5341	-0.029672	0.011514	0.081690
5342	-0.031611	0.016014	0.074028
5343	-0.037696	-0.015991	0.078186
5344	-0.037685	-0.016713	0.082315
5345	-0.043314	-0.013581	0.081312
5346	-0.047730	-0.011256	0.076308
5347	-0.049141	0.000227	0.073764
5348	-0.045758	0.003887	0.066051
5349	-0.041595	0.013473	0.064402
5350	-0.036138	0.012082	0.058674
5351	-0.039712	0.022858	0.053129
5352	-0.038636	0.019761	0.052107
5353	-0.037238	-0.018842	0.047316
5354	-0.038904	-0.012973	0.037906
5355	-0.037437	-0.001181	0.038444
5356	-0.041968	-0.015222	0.038152
5357	-0.042147	-0.017611	0.034613
5358	-0.044233	-0.004378	0.025076
5359	-0.041827	-0.003310	0.016540
5360	-0.042433	-0.000350	0.002529
5361	-0.047790	0.004229	-0.006918
5362	-0.046980	0.016231	-0.014227
5363	-0.046117	-0.000699	-0.019068
5364	-0.050222	0.015863	-0.024830
5365	-0.053221	0.003033	-0.026742
5366	-0.057334	0.006969	-0.033410
5367	-0.061555	-0.006176	-0.038248
5368	-0.065490	0.013208	-0.037393
5369	-0.074561	0.018112	-0.032744
5370	-0.080328	-0.009984	-0.032378
5371	-0.083322	0.003702	-0.034513
5372	-0.086111	-0.005387	-0.028639
5373	-0.083931	-0.009793	-0.021428
5374	-0.080713	-0.004409	-0.019667
5375	-0.071971	-0.024528	-0.022307
5376	-0.063874	-0.010404	-0.015334
5377	-0.054556	-0.004322	-0.004073
5378	-0.046589	-0.000479	-0.001120
5379	-0.042003	0.009058	-0.000421
5380	-0.042703	0.030084	-0.004232
5381	-0.041523	0.008149	-0.008844
5382	-0.040672	0.008032	-0.008472
5383	-0.040350	0.017847	-0.003136
5384	-0.032428	0.009856	-0.010590
5385	-0.023507	0.023416	-0.008638
5386	-0.021500	0.009224	-0.011556
5387	-0.017365	0.016834	-0.017627
5388	-0.009647	0.005169	-0.027521
5389	-0.002608	0.011288	-0.028911
5390	0.002090	-0.027864	-0.037280
5391	0.010434	-0.015336	-0.041661
5392	0.015835	-0.020995	-0.042713
5393	0.022718	-0.024989	-0.049681
5394	0.022353	-0.029526	-0.034739
5395	0.018125	-0.007735	-0.030849
5396	0.012214	-0.007512	-0.028892
5397	0.012063	-0.021332	-0.026733
5398	0.003836	-0.016502	-0.023761
5399	0.000406	-0.022006	-0.019568
5400	0.001741	-0.019156	-0.024894
5401	0.011236	-0.001302	-0.025712
5402	0.019677	0.012982	-0.019268
5403	0.028598	-0.007397	-0.014946
5404	0.030236	-0.014006	-0.019503
5405	0.030719	-0.014491	-0.019837
5406	0.025682	0.008412	-0.018065
5407	0.022495	-0.015372	-0.020591
5408	0.022554	-0.010852	-0.022483
5409	0.021495	-0.024644	-0.013747
5410	0.025017	-0.030688	-0.010699
5411	0.024707	-0.032853	0.003445
5412	0.023558	-0.023187	0.011758
5413	0.016890	-0.028941	0.017448
5414	0.015344	-0.018087	0.023100
5415	0.012335	-0.006983	0.034757
5416	0.020183	0.001472	0.045770
5417	0.019139	0.000612	0.051597
5418	0.020831	0.028277	0.057264
5419	0.018474	0.018948	0.053483
5420	0.015619	0.009129	0.050299
5421	0.020029	0.022109	0.039585
5422	0.014061	0.013133	0.033377
5423	0.009473	0.008971	0.021875
5424	0.009056	0.001454	0.012545
5425	0.004200	-0.009132	-0.000082
5426	-0.007575	-0.000330	-0.006819
5427	-0.013855	0.000025	-0.003554
5428	-0.018118	0.022756	0.000915
5429	-0.024760	-0.008947	-0.006710
5430	-0.036587	-0.021403	-0.009199
5431	-0.043186	-0.007675	-0.009478
5432	-0.053891	-0.044769	-0.014941
5433	-0.056328	-0.030343	-0.016003
5434	-0.061728	-0.017744	-0.020254
5435	-0.068631	-0.011128	-0.022602
5436	-0.078517	-0.014666	-0.025687
5437	-0.080241	0.009506	-0.033245
5438	-0.087714	-0.013539	-0.037529
5439	-0.093197	-0.018622	-0.037538
5440	-0.100769	-0.003079	-0.036384
5441	-0.104821	-0.029322	-0.040084
5442	-0.115768	-0.006861	-0.043143
5443	-0.123177	0.002192	-0.041402
5444	-0.128367	0.010884	-0.044641
5445	-0.138022	0.009167	-0.045072
5446	-0.134591	0.022862	-0.049684
5447	-0.138164	0.007823	-0.043765
5448	-0.135531	-0.021797	-0.038238
5449	-0.132086	-0.001475	-0.027382
5450	-0.129209	-0.007093	-0.018781
5451	-0.118979	0.004959	-0.009882
5452	-0.110261	0.000209	-0.004202
5453	-0.103662	-0.011063	-0.003618
5454	-0.097659	-0.009415	-0.009682
5455	-0.094275	-0.000775	-0.007549
5456	-0.096656	-0.011403	-0.019459
5457	-0.098285	-0.022723	-0.018328
5458	-0.106179	0.014722	-0.029246
5459	-0.105476	-0.001212	-0.031757
5460	-0.099440	-0.010325	-0.034915
5461	-0.094940	0.031914	-0.035638
5462	-0.094702	0.031356	-0.038214
5463	-0.095006	0.008702	-0.044447
5464	-0.085019	0.010234	-0.054681
5465	-0.082678	0.016282	-0.057719
5466	-0.088941	0.022447	-0.062620
5467	-0.090737	0.017923	-0.077309
5468	-0.088064	-0.004502	-0.085021
5469	-0.080844	-0.006009	-0.083443
5470	-0.069951	-0.007228	-0.083380
5471	-0.062774	-0.000094	-0.088342
5472	-0.055421	-0.016439	-0.089151
5473	-0.047256	-0.020769	-0.088968
5474	-0.044847	-0.029236	-0.090813
5475	-0.042085	-0.010031	-0.089459
5476	-0.041688	-0.011005	-0.087358
5477	-0.044831	-0.003415	-0.087943
5478	-0.049856	-0.003671	-0.094524
5479	-0.053444	0.008251	-0.100761
5480	-0.052574	0.028452	-0.099058
5481	-0.049408	0.012139	-0.086404
5482	-0.048119	0.027891	-0.079184
5483	-0.047213	0.022176	-0.066887
5484	-0.046637	0.024790	-0.055433
5485	-0.044610	0.014544	-0.039264
5486	-0.045333	0.009806	-0.030734
5487	-0.044993	0.014463	-0.024310
5488	-0.035723	0.000778	-0.018072
5489	-0.033892	-0.009357	-0.012052
5490	-0.036625	0.012133	-0.010985
5491	-0.040578	-0.015083	-0.011920
5492	-0.047535	-0.011863	-0.015778
5493	-0.047915	-0.032057	-0.018785
5494	-0.047132	-0.008280	-0.027851
5495	-0.047557	0.001313	-0.032109
5496	-0.044416	-0.008388	-0.031441
5497	-0.036301	-0.021191	-0.029260
5498	-0.029435	-0.014460	-0.033882
5499	-0.020522	0.002726	-0.032792
5500	-0.015391	0.010476	-0.032389
5501	-0.015235	0.005105	-0.032251
5502	-0.013871	0.035908	-0.030925
5503	-0.017328	0.010429	-0.028739
5504	-0.014595	0.030998	-0.024786
5505	-0.010944	0.007400	-0.025231
5506	-0.014054	-0.009845	-0.029082
5507	-0.012855	-0.000958	-0.032623
5508	-0.017019	0.004810	-0.033743
5509	-0.020832	0.028410	-0.040985
5510	-0.016051	0.020551	-0.047838
5511	-0.021427	0.015583	-0.045301
5512	-0.021450	0.028133	-0.045151
5513	-0.019679	0.029187	-0.042937
5514	-0.020735	0.023148	-0.045502
5515	-0.027695	0.008444	-0.042535
5516	-0.030448	0.023322	-0.047985
5517	-0.030215	0.043365	-0.049174
5518	-0.034400	-0.003971	-0.051988
5519	-0.036658	0.000638	-0.052045
5520	-0.029664	0.002913	-0.050393
5521	-0.023915	-0.025603	-0.052860
5522	-0.019375	-0.022597	-0.058695
5523	-0.015588	-0.018899	-0.059664
5524	-0.020891	-0.008566	-0.061859
5525	-0.030490	0.003878	-0.067807
5526	-0.031329	0.022469	-0.078715
5527	-0.038054	0.011181	-0.080366
5528	-0.038171	0.004006	-0.081042
5529	-0.039289	0.019023	-0.080999
5530	-0.042167	0.018691	-0.080635
5531	-0.046328	0.021425	-0.079737
5532	-0.050533	0.018460	-0.072960
5533	-0.051500	-0.011858	-0.071853
5534	-0.051667	-0.031519	-0.073345
5535	-0.050274	0.001111	-0.073669
5536	-0.052214	0.001278	-0.078312
5537	-0.052242	0.002901	-0.078939
5538	-0.052812	0.006370	-0.093028
5539	-0.049880	-0.023949	-0.095112
5540	-0.048158	-0.009804	-0.093923
5541	-0.045121	-0.005032	-0.090837
5542	-0.039617	-0.011400	-0.089973
5543	-0.031719	0.027554	-0.091077
5544	-0.029998	0.048611	-0.091113
5545	-0.026180	0.031668	-0.093832
5546	-0.018964	0.004451	-0.091048
5547	-0.015600	0.000125	-0.090698
5548	-0.009775	-0.003876	-0.091932
5549	-0.004838	-0.013195	-0.093253
5550	0.002108	-0.014670	-0.093589
5551	0.014221	-0.029973	-0.088704
5552	0.020020	-0.026434	-0.083552
5553	0.022778	-0.051337	-0.082699
5554	0.017399	-0.029289	-0.082336
5555	0.012949	0.007872	-0.077024
5556	0.012635	0.006015	-0.068179
5557	0.011942	-0.016424	-0.057434
5558	0.012847	-0.019670	-0.049884
5559	0.008395	-0.001649	-0.041870
5560	0.005603	-0.005602	-0.042201
5561	0.009014	-0.011871	-0.045063
5562	0.005003	-0.009670	-0.044893
5563	0.002993	-0.027604	-0.046749
5564	0.001005	-0.002861	-0.048742
5565	-0.007337	0.000650	-0.048437
5566	-0.012287	0.011675	-0.050746
5567	-0.013090	0.014227	-0.052728
5568	-0.009755	0.012393	-0.051834
5569	0.000278	0.002480	-0.046943
5570	-0.000328	-0.002815	-0.042237
5571	0.004217	0.000121	-0.040426
5572	0.008022	-0.018648	-0.047756
5573	0.003946	0.025176	-0.047962
5574	0.004673	0.017920	-0.044185
5575	0.001617	0.017217	-0.043829
5576	-0.002265	0.028460	-0.043823
5577	-0.000214	0.011520	-0.041028
5578	0.002937	0.021688	-0.048456
5579	0.011563	0.032049	-0.050287
5580	0.016664	0.021939	-0.049020
5581	0.026494	0.019081	-0.045270
5582	0.027628	0.038971	-0.040773
5583	0.025212	0.042331	-0.037346
5584	0.033845	0.050539	-0.036204
5585	0.039317	0.034606	-0.035034
5586	0.040539	0.030532	-0.039524
5587	0.047424	0.005987	-0.044862
5588	0.049101	-0.006096	-0.039312
5589	0.048017	-0.008172	-0.038721
5590	0.043529	-0.003345	-0.037295
5591	0.037738	-0.021577	-0.036262
5592	0.035096	-0.030497	-0.039008
5593	0.029838	-0.035364	-0.039053
5594	0.022218	-0.012036	-0.030618
5595	0.016432	-0.028580	-0.023777
5596	0.011141	-0.004442	-0.023550
5597	0.017936	-0.003795	-0.028293
5598	0.026238	-0.004833	-0.040117
5599	0.025071	0.008819	-0.050517
5600	0.021771	-0.003304	-0.053104
5601	0.016901	0.002648	-0.055190
5602	0.013628	0.016785	-0.059811
5603	0.012297	0.007500	-0.059611
5604	0.012412	-0.010532	-0.063467
5605	0.011944	-0.021395	-0.061918
5606	0.007020	-0.002811	-0.063064
5607	0.006713	-0.023528	-0.066453
5608	0.007879	-0.026719	-0.070104
5609	0.007494	-0.006286	-0.066969
5610	0.010350	-0.014707	-0.065565
5611	0.011859	-0.011311	-0.069021
5612	0.017021	-0.014762	-0.066706
5613	0.023673	0.004127	-0.066058
5614	0.025668	0.021923	-0.060895
5615	0.029013	0.027416	-0.056331
5616	0.032595	0.017801	-0.054195
5617	0.042409	0.042348	-0.053730
5618	0.050796	0.024922	-0.052979
5619	0.050826	0.011263	-0.047426
5620	0.054602	0.020276	-0.040540
5621	0.058950	-0.016779	-0.043855
5622	0.051093	-0.002727	-0.029834
5623	0.045497	0.010821	-0.023365
5624	0.044935	-0.007386	-0.011544
5625	0.045453	-0.006027	-0.013004
5626	0.045142	0.016209	-0.012396
5627	0.043956	0.013168	-0.008253
5628	0.035753	0.007446	-0.003085
5629	0.033142	0.007350	0.005795
5630	0.026151	0.014647	0.020116
5631	0.021832	0.010788	0.023448
5632	0.018282	0.018671	0.031793
5633	0.019153	0.023344	0.033458
5634	0.016773	0.026910	0.034537
5635	0.010917	0.041732	0.045900
5636	0.009594	0.028711	0.045404
5637	0.008129	0.016160	0.045609
5638	0.005156	0.000022	0.044533
5639	-0.003929	-0.000305	0.052426
5640	-0.009947	0.003808	0.050437
5641	-0.018656	0.008723	0.049372
5642	-0.024210	0.020680	0.051056
5643	-0.031251	0.019856	0.054020
5644	-0.037124	0.038729	0.059057
5645	-0.039282	0.001275	0.054378
5646	-0.040325	-0.005796	0.051488
5647	-0.038743	0.019299	0.042393
5648	-0.040062	0.024442	0.038818
5649	-0.039019	0.022980	0.035854
5650	-0.037994	0.017647	0.031089
5651	-0.038829	0.020148	0.028938
5652	-0.044666	0.015311	0.028353
5653	-0.049302	0.012596	0.024307
5654	-0.051965	0.009573	0.021681
5655	-0.049024	0.012697	0.023051
5656	-0.048904	-0.006948	0.020590
5657	-0.052789	0.006924	0.020694
5658	-0.053944	0.014043	0.022172
5659	-0.055525	0.020751	0.020333
5660	-0.052298	0.025219	0.020644
5661	-0.049954	0.007196	0.023797
5662	-0.045095	-0.004914	0.025031
5663	-0.043507	0.007274	0.031111
5664	-0.042737	0.006611	0.030850
5665	-0.036002	0.021468	0.032199
5666	-0.029766	0.012937	0.026750
5667	-0.022407	0.008806	0.021240
5668	-0.015138	-0.000064	0.020411
5669	-0.009206	-0.004251	0.019343
5670	-0.002471	0.008541	0.018565
5671	-0.001331	0.027691	0.011812
5672	0.007484	0.024040	0.003969
5673	0.007418	-0.001148	-0.003101
5674	0.005041	0.004104	-0.011739
5675	0.003452	-0.007137	-0.016001
5676	0.004863	0.019197	-0.019506
5677	0.007040	0.023194	-0.026777
5678	0.010141	0.010209	-0.033223
5679	0.009825	-0.007962	-0.031565
5680	0.015933	0.010822	-0.026498
5681	0.022246	-0.003770	-0.022268
5682	0.023348	-0.005928	-0.021816
5683	0.021277	0.011607	-0.009402
5684	0.016912	0.009342	0.002662
5685	0.014697	0.001698	0.005830
5686	0.021227	0.003459	0.010095
5687	0.022875	0.000735	0.016970
5688	0.013338	-0.044439	0.016933
5689	0.003764	-0.043999	0.024491
5690	0.003023	-0.010202	0.020636
5691	-0.000152	-0.019809	0.017763
5692	-0.002615	-0.013391	0.017191
5693	0.002811	-0.014234	0.024076
5694	0.000922	-0.009396	0.024784
5695	0.002286	-0.006569	0.022625
5696	0.011610	0.030546	0.023690
5697	0.020129	0.045998	0.027231
5698	0.027266	0.050828	0.020360
5699	0.029875	0.041885	0.025175
5700	0.026860	0.004098	0.028603
5701	0.027259	0.012854	0.030913
5702	0.023729	0.010091	0.031993
5703	0.023887	-0.010574	0.028989
5704	0.028019	-0.025711	0.028330
5705	0.034476	-0.015325	0.031896
5706	0.034366	-0.011032	0.030858
5707	0.039701	-0.020435	0.025218
5708	0.036110	-0.024948	0.021547
5709	0.036153	-0.005948	0.018120
5710	0.029417	-0.016109	0.019764
5711	0.031023	-0.015508	0.014151
5712	0.033772	0.011552	0.012303
5713	0.027846	0.021113	0.008602
5714	0.019398	0.011953	0.011266
5715	0.017116	0.003027	0.010093
5716	0.020828	0.028460	0.011061
5717	0.021622	0.014330	0.007523
5718	0.019757	-0.001120	0.003409
5719	0.013510	0.005621	0.005108
5720	0.010181	-0.005252	0.004264
5721	0.012623	0.024414	0.001560
5722	0.011661	-0.008321	-0.003914
5723	0.016543	-0.001096	-0.008600
5724	0.013059	0.013978	-0.018806
5725	0.006156	0.014066	-0.019310
5726	0.005464	-0.000009	-0.023966
5727	0.003018	-0.005295	-0.036357
5728	0.003754	-0.001399	-0.048049
5729	0.006516	-0.009924	-0.049312
5730	0.010863	0.005049	-0.051867
5731	0.001900	-0.000862	-0.059009
5732	0.004943	-0.011435	-0.059427
5733	0.005012	0.004569	-0.067785
5734	0.000593	-0.008895	-0.077207
5735	-0.004995	-0.000902	-0.087259
5736	-0.005283	0.002824	-0.083679
5737	-0.002806	-0.007187	-0.088758
5738	-0.006207	-0.018952	-0.093076
5739	-0.017328	-0.015049	-0.093028
5740	-0.030857	-0.011712	-0.103547
5741	-0.032370	0.001801	-0.114716
5742	-0.038106	-0.004013	-0.113240
5743	-0.032169	-0.014797	-0.104761
5744	-0.037267	-0.013615	-0.102644
5745	-0.044238	-0.009140	-0.098721
5746	-0.042962	0.000072	-0.095768
5747	-0.040912	0.003675	-0.090537
5748	-0.031092	-0.009513	-0.082643
5749	-0.035719	-0.027690	-0.074465
5750	-0.041455	0.000112	-0.074956
5751	-0.041823	0.005181	-0.071482
5752	-0.042836	0.019759	-0.062993
5753	-0.044280	0.013671	-0.055669
5754	-0.044529	0.010422	-0.056099
5755	-0.048064	-0.009209	-0.057519
5756	-0.045759	0.009445	-0.055188
5757	-0.048654	-0.004078	-0.061809
5758	-0.048718	-0.024821	-0.065149
5759	-0.048750	0.000301	-0.069379
5760	-0.048769	-0.010343	-0.063385
5761	-0.047058	0.002926	-0.057906
5762	-0.040739	0.013528	-0.055537
5763	-0.041320	-0.013975	-0.045253
5764	-0.039046	0.009837	-0.036490
5765	-0.040093	0.046573	-0.031497
5766	-0.046298	0.050917	-0.027187
5767	-0.048632	0.030236	-0.024633
5768	-0.042222	0.032773	-0.022600
5769	-0.039780	0.009743	-0.028598
5770	-0.037226	0.014556	-0.036714
5771	-0.030960	0.011472	-0.047670
5772	-0.021628	0.021352	-0.061180
5773	-0.017891	0.012015	-0.060373
5774	-0.015067	0.039933	-0.069644
5775	-0.013967	0.018808	-0.070428
5776	-0.012503	0.010744	-0.083829
5777	-0.010128	0.017062	-0.085689
5778	-0.006186	0.018794	-0.087899
5779	-0.007645	0.025622	-0.085143
5780	0.001822	0.020465	-0.075066
5781	0.000334	0.030703	-0.065181
5782	0.001755	0.023846	-0.055602
5783	0.004594	0.018049	-0.052695
5784	0.003386	0.020412	-0.042670
5785	0.000969	0.011115	-0.034453
5786	0.004686	0.009979	-0.025542
5787	0.002931	-0.009181	-0.016370
5788	0.008987	-0.007071	-0.009480
5789	0.005442	-0.004925	0.001176
5790	0.003402	-0.002900	0.009276
5791	0.001168	-0.010477	0.006145
5792	0.002231	-0.009460	0.004714
5793	0.006689	-0.008976	0.008099
5794	0.006395	-0.006255	0.015139
5795	0.008217	-0.019254	0.017153
5796	0.006320	-0.008620	0.016791
5797	0.002411	-0.019682	0.013515
5798	-0.004578	-0.006132	0.020519
5799	-0.008078	0.025500	0.009995
5800	-0.006714	-0.001840	0.001682
5801	-0.007620	0.001844	-0.005576
5802	-0.005792	-0.002426	-0.011223
5803	-0.008539	-0.025101	-0.022146
5804	-0.005938	0.005680	-0.020426
5805	-0.006641	0.029653	-0.022901
5806	-0.006937	-0.001655	-0.028209
5807	-0.012202	-0.007689	-0.029636
5808	-0.016749	-0.027213	-0.026817
5809	-0.025383	-0.034222	-0.025780
5810	-0.023793	-0.005154	-0.024112
5811	-0.021648	-0.019175	-0.023054
5812	-0.019259	-0.008406	-0.026760
5813	-0.011908	-0.028959	-0.020683
5814	-0.003782	-0.029709	-0.020301
5815	-0.003384	-0.034198	-0.015923
5816	-0.001938	-0.021136	-0.018788
5817	-0.002188	-0.023462	-0.018400
5818	0.002075	-0.033216	-0.018042
5819	0.004624	-0.046240	-0.024116
5820	0.014214	-0.021751	-0.024781
5821	0.019732	-0.014574	-0.026532
5822	0.021273	-0.015770	-0.030892
5823	0.018311	-0.006542	-0.030334
5824	0.015642	-0.036348	-0.029655
5825	0.013821	-0.031754	-0.032261
5826	0.011450	-0.046789	-0.033804
5827	0.018326	-0.024686	-0.044624
5828	0.018511	-0.000035	-0.053135
5829	0.018338	0.001853	-0.045965
5830	0.015774	-0.002179	-0.052861
5831	0.014199	-0.024927	-0.054531
5832	0.017648	-0.026807	-0.060520
5833	0.017442	-0.028420	-0.071382
5834	0.011353	-0.017261	-0.081662
5835	0.007343	-0.011560	-0.086464
5836	0.018720	-0.004533	-0.093809
5837	0.028967	-0.020104	-0.097766
5838	0.027875	-0.015598	-0.101359
5839	0.017224	-0.040063	-0.112159
5840	0.009558	-0.029771	-0.121649
5841	0.004313	-0.020666	-0.126756
5842	-0.005207	-0.035241	-0.126814
5843	-0.011484	-0.027351	-0.121247
5844	-0.012643	-0.006475	-0.118852
5845	-0.018715	-0.010584	-0.105524
5846	-0.017521	-0.014536	-0.101600
5847	-0.023249	0.008129	-0.102359
5848	-0.029308	-0.000607	-0.098165
5849	-0.028317	0.006374	-0.091215
5850	-0.029395	0.020516	-0.083526
5851	-0.037753	0.021420	-0.071046
5852	-0.047471	-0.001684	-0.062226
5853	-0.054575	-0.026574	-0.052898
5854	-0.058997	-0.014770	-0.046472
5855	-0.061697	0.004485	-0.043271
5856	-0.059709	0.022725	-0.043328
5857	-0.059637	-0.007931	-0.052648
5858	-0.068716	-0.006032	-0.051201
5859	-0.068727	0.010795	-0.054223
5860	-0.067339	0.019772	-0.052438
5861	-0.065650	-0.001628	-0.050383
5862	-0.061393	-0.012465	-0.045794
5863	-0.063803	0.002368	-0.043888
5864	-0.066996	0.008372	-0.041925
5865	-0.065086	0.010708	-0.032436
5866	-0.053666	-0.007581	-0.016514
5867	-0.054072	0.003770	-0.010503
5868	-0.050990	0.032022	-0.003479
5869	-0.041582	0.026395	0.006110
5870	-0.037467	0.024762	0.017766
5871	-0.044394	0.008949	0.029677
5872	-0.052096	-0.016487	0.032838
5873	-0.049818	0.000520	0.033961
5874	-0.053629	0.016982	0.026162
5875	-0.053922	0.016784	0.015887
5876	-0.055449	0.020672	0.018255
5877	-0.049822	0.001556	0.016757
5878	-0.034283	-0.010059	0.010509
5879	-0.023747	-0.015564	0.007595
5880	-0.015333	0.006444	0.004471
5881	-0.008146	0.008094	0.003192
5882	-0.006784	0.028222	0.001846
5883	-0.006249	-0.011585	0.001944
5884	-0.000259	-0.036109	0.000924
5885	0.005300	-0.030863	-0.002463
5886	0.010144	-0.034431	-0.016220
5887	0.016642	-0.019877	-0.023311
5888	0.018234	-0.017510	-0.028932
5889	0.016554	-0.023964	-0.033442
5890	0.020016	-0.017510	-0.034875
5891	0.021874	-0.006040	-0.026006
5892	0.028867	0.012273	-0.023976
5893	0.032668	0.008250	-0.033123
5894	0.035422	0.032964	-0.033776
5895	0.036840	0.021173	-0.036119
5896	0.039320	0.003100	-0.039380
5897	0.034171	0.000558	-0.037489
5898	0.037893	0.009025	-0.033340
5899	0.038269	0.002790	-0.039255
5900	0.028052	-0.006383	-0.041923
5901	0.021222	0.009956	-0.037311
5902	0.014134	-0.005972	-0.042344
5903	0.011515	-0.001773	-0.039430
5904	0.010588	-0.007515	-0.032763
5905	0.015803	-0.010584	-0.021721
5906	0.017149	-0.046908	-0.024415
5907	0.016205	-0.034759	-0.026501
5908	0.015548	-0.046506	-0.024869
5909	0.010328	-0.015427	-0.023871
5910	0.006860	0.012486	-0.015616
5911	0.003827	0.034831	-0.012949
5912	0.000164	-0.009975	-0.005276
5913	-0.005567	0.009136	-0.001209
5914	-0.010409	0.009728	0.000156
5915	-0.018043	-0.010921	0.005092
5916	-0.021224	0.008467	0.020399
5917	-0.028420	0.022240	0.028925
5918	-0.039366	0.020091	0.037876
5919	-0.041263	0.016092	0.043162
5920	-0.051031	0.012065	0.050822
5921	-0.056388	0.005787	0.061482
5922	-0.058476	-0.004909	0.069567
5923	-0.062159	-0.001255	0.072854
5924	-0.060949	-0.001939	0.075666
5925	-0.068144	0.022109	0.076687
5926	-0.066243	0.005958	0.075999
5927	-0.069370	-0.017239	0.083942
5928	-0.066342	-0.014929	0.082952
5929	-0.071210	-0.003617	0.084034
5930	-0.071308	-0.005785	0.079738
5931	-0.071428	-0.003284	0.083526
5932	-0.071187	0.006197	0.085945
5933	-0.066581	0.005313	0.090710
5934	-0.064545	0.013572	0.092492
5935	-0.057657	0.005290	0.094567
5936	-0.057299	0.008903	0.094202
5937	-0.053735	-0.010327	0.102548
5938	-0.047427	-0.016171	0.103250
5939	-0.048597	-0.019126	0.106219
5940	-0.047407	-0.034393	0.104896
5941	-0.046582	-0.005230	0.107919
5942	-0.041692	0.007826	0.106722
5943	-0.038771	-0.012335	0.110786
5944	-0.039539	0.011515	0.102171
5945	-0.039827	0.022784	0.095407
5946	-0.037527	0.024792	0.091892
5947	-0.031108	0.003161	0.091495
5948	-0.028792	0.017051	0.088838
5949	-0.018980	0.003030	0.084989
5950	-0.018111	-0.023436	0.080248
5951	-0.019828	-0.026702	0.072481
5952	-0.020711	-0.041542	0.065572
5953	-0.019195	-0.014667	0.064609
5954	-0.021900	-0.030596	0.057823
5955	-0.021009	-0.017229	0.052152
5956	-0.024259	-0.012907	0.046765
5957	-0.024620	0.029643	0.043035
5958	-0.028823	0.000765	0.036656
5959	-0.025836	-0.004046	0.041526
5960	-0.021951	0.011461	0.040170
5961	-0.022225	0.001793	0.038887
5962	-0.011155	0.016027	0.042609
5963	-0.008682	0.016538	0.043768
5964	-0.019085	0.022423	0.039671
5965	-0.022070	-0.004380	0.032709
5966	-0.021389	0.007787	0.027455
5967	-0.026029	0.016686	0.022667
5968	-0.026755	0.006311	0.019695
5969	-0.024465	-0.015559	0.019072
5970	-0.029411	-0.013506	0.014371
5971	-0.037032	-0.017647	0.018687
5972	-0.041015	-0.018793	0.029942
5973	-0.044766	-0.005041	0.038158
5974	-0.043549	-0.012237	0.045108
5975	-0.047864	-0.012863	0.041991
5976	-0.047806	-0.015534	0.038731
5977	-0.047789	0.000646	0.036405
5978	-0.050343	-0.030724	0.028417
5979	-0.053128	-0.009014	0.020676
5980	-0.055725	0.006738	0.008874
5981	-0.055418	0.004199	-0.000015
5982	-0.053630	0.031182	-0.005858
5983	-0.058027	0.014219	-0.017383
5984	-0.063775	0.017735	-0.020479
5985	-0.070042	0.008797	-0.036324
5986	-0.068067	-0.006442	-0.047178
5987	-0.074197	-0.009967	-0.059386
5988	-0.067035	-0.002343	-0.064184
5989	-0.056201	0.001480	-0.065852
5990	-0.045834	-0.016055	-0.066664
5991	-0.039953	-0.018552	-0.058688
5992	-0.037401	-0.010481	-0.052142
5993	-0.031632	0.014323	-0.046482
5994	-0.026782	0.019360	-0.048439
5995	-0.028178	0.023831	-0.046687
5996	-0.026114	0.029408	-0.046971
5997	-0.035047	0.027469	-0.037537
5998	-0.041902	0.020998	-0.034418
5999	-0.043589	0.026842	-0.035594
6000	-0.041396	-0.007977	-0.034338
6001	-0.039663	0.021489	-0.028948
6002	-0.039391	0.020004	-0.025096
6003	-0.038684	0.012303	-0.025717
6004	-0.039631	0.006254	-0.020349
6005	-0.033136	-0.025744	-0.017947
6006	-0.034900	-0.000948	-0.013312
6007	-0.041454	0.009164	-0.008721
6008	-0.042503	-0.000588	0.004100
6009	-0.046209	0.004693	0.003562
6010	-0.045566	0.017906	0.007071
6011	-0.041694	0.016507	0.011991
6012	-0.045592	0.005612	0.009661
6013	-0.039091	0.022602	0.016296
6014	-0.037179	0.036644	0.022188
6015	-0.044559	0.018917	0.025651
6016	-0.042229	0.002108	0.033228
6017	-0.036317	-0.019981	0.041818
6018	-0.034149	0.000480	0.041178
6019	-0.030782	-0.003170	0.035686
6020	-0.028101	0.000678	0.039580
6021	-0.022885	0.025173	0.040020
6022	-0.021315	0.000442	0.039325
6023	-0.014255	-0.023212	0.026960
6024	-0.005511	-0.003821	0.017695
6025	0.006965	0.019674	0.005746
6026	0.016244	-0.002783	-0.003402
6027	0.016601	0.012982	-0.007836
6028	0.019293	0.003570	0.001914
6029	0.024990	-0.011080	-0.001173
6030	0.035647	-0.018642	-0.001389
6031	0.045300	-0.024309	-0.006987
6032	0.050825	-0.025820	-0.010265
6033	0.053949	-0.026263	-0.008606
6034	0.058239	-0.022563	-0.008110
6035	0.062409	-0.014211	-0.003561
6036	0.069398	-0.009785	-0.007992
6037	0.067826	0.006347	-0.009582
6038	0.069721	0.043504	-0.016320
6039	0.073959	0.051823	-0.014596
6040	0.075475	0.044705	-0.023210
6041	0.074981	0.029823	-0.023695
6042	0.069495	0.019839	-0.023329
6043	0.066298	0.025167	-0.016999
6044	0.061615	0.007785	-0.016884
6045	0.059204	0.020214	-0.013539
6046	0.055182	0.015596	-0.017028
6047	0.039384	0.005818	-0.014134
6048	0.024378	-0.008102	-0.016967
6049	0.004026	0.030528	-0.014943
6050	0.001460	0.003038	-0.016171
6051	-0.006496	0.012669	-0.017293
6052	-0.012972	0.022442	-0.018953
6053	-0.022394	0.019476	-0.014284
6054	-0.037148	-0.004966	-0.008328
6055	-0.043122	0.010195	-0.008133
6056	-0.039917	0.004927	-0.007985
6057	-0.037492	0.027497	-0.007730
6058	-0.037917	0.003209	-0.003954
6059	-0.034635	0.000371	-0.006031
6060	-0.031707	0.002039	0.001430
6061	-0.028714	0.020363	0.000289
6062	-0.028760	0.011100	-0.003436
6063	-0.026568	0.006984	-0.014108
6064	-0.027186	0.023665	-0.020728
6065	-0.037279	0.025080	-0.017828
6066	-0.047584	0.030228	-0.019756
6067	-0.055400	0.018040	-0.026903
6068	-0.062311	0.002003	-0.039758
6069	-0.070563	0.001793	-0.052068
6070	-0.083080	0.012367	-0.059898
6071	-0.076035	0.013573	-0.070046
6072	-0.071425	-0.007553	-0.076524
6073	-0.072482	0.013813	-0.081890
6074	-0.072263	0.024724	-0.085910
6075	-0.073429	0.022338	-0.090268
6076	-0.073586	0.000479	-0.093639
6077	-0.064938	-0.005099	-0.099988
6078	-0.060765	0.021316	-0.089424
6079	-0.058915	0.018085	-0.088485
6080	-0.064296	0.034247	-0.080238
6081	-0.065285	0.014170	-0.070683
6082	-0.061419	0.019455	-0.061100
6083	-0.060966	-0.001241	-0.054977
6084	-0.062896	0.008599	-0.050084
6085	-0.065332	0.022093	-0.051804
6086	-0.062289	-0.011105	-0.060608
6087	-0.049714	-0.019913	-0.059785
6088	-0.041880	-0.012314	-0.059954
6089	-0.036583	-0.005204	-0.059095
6090	-0.031540	-0.020504	-0.057741
6091	-0.027411	-0.023936	-0.057331
6092	-0.026779	-0.002569	-0.063171
6093	-0.022857	-0.008805	-0.067753
6094	-0.021857	0.006813	-0.066884
6095	-0.015058	-0.018228	-0.060120
6096	-0.009542	0.001754	-0.063449
6097	-0.009328	-0.002532	-0.065977
6098	0.002550	0.017487	-0.068155
6099	0.012644	0.009732	-0.073937
6100	0.016292	-0.004180	-0.068650
6101	0.017307	0.017893	-0.067384
6102	0.014922	0.022777	-0.063949
6103	0.013603	0.017086	-0.065464
6104	0.009878	0.010527	-0.070493
6105	0.015674	0.018676	-0.073282
6106	0.016874	0.028936	-0.081242
6107	0.016787	-0.013578	-0.082022
6108	0.014051	0.014793	-0.079745
6109	0.012819	0.020869	-0.084616
6110	0.014029	0.013246	-0.083912
6111	0.016791	-0.001311	-0.083383
6112	0.015548	-0.003457	-0.086315
6113	0.004485	-0.007260	-0.089746
6114	-0.004612	0.018634	-0.087657
6115	-0.016023	-0.019787	-0.089458
6116	-0.024306	-0.009433	-0.095014
6117	-0.029833	0.018603	-0.091493
6118	-0.035966	0.021477	-0.082442
6119	-0.042253	0.011411	-0.079680
6120	-0.045420	0.009347	-0.075457
6121	-0.043268	-0.019696	-0.076254
6122	-0.040949	-0.012247	-0.073348
6123	-0.038634	-0.003222	-0.068370
6124	-0.040128	-0.027600	-0.064951
6125	-0.035326	0.009663	-0.063329
6126	-0.037077	0.011773	-0.063513
6127	-0.031150	0.018819	-0.060140
6128	-0.030188	0.035043	-0.059240
6129	-0.027562	0.003409	-0.060465
6130	-0.026409	0.000004	-0.065129
6131	-0.028194	0.005564	-0.063086
6132	-0.026983	-0.000277	-0.061716
6133	-0.033555	0.009017	-0.065849
6134	-0.037520	-0.001310	-0.062608
6135	-0.047961	-0.014974	-0.068127
6136	-0.056240	-0.008065	-0.070584
6137	-0.059665	-0.003960	-0.071915
6138	-0.056045	-0.020192	-0.070288
6139	-0.046255	0.016005	-0.067193
6140	-0.038954	0.011344	-0.058581
6141	-0.039755	0.009581	-0.041788
6142	-0.035914	0.025591	-0.030294
6143	-0.034724	0.035636	-0.018793
6144	-0.034879	0.046881	-0.019826
6145	-0.039823	0.050481	-0.017340
6146	-0.049253	0.025297	-0.017006
6147	-0.054625	0.007715	-0.012032
6148	-0.063170	0.010596	-0.012710
6149	-0.077017	0.022301	-0.011143
6150	-0.090185	0.010165	-0.014976
6151	-0.104781	-0.001902	-0.015472
6152	-0.112779	-0.027152	-0.012829
6153	-0.117956	-0.021847	-0.003519
6154	-0.119696	-0.009840	0.000706
6155	-0.118318	0.002665	0.004960
6156	-0.113007	0.004462	0.002641
6157	-0.099775	0.011209	0.003850
6158	-0.097703	-0.007522	0.006791
6159	-0.089744	-0.002222	0.011684
6160	-0.091947	-0.004303	0.011580
6161	-0.091872	-0.000822	0.015073
6162	-0.094557	-0.006004	0.012820
6163	-0.098619	0.014561	0.011427
6164	-0.104748	0.008948	0.008640
6165	-0.106532	0.005043	0.011209
6166	-0.104979	-0.024682	0.011000
6167	-0.098676	0.006056	0.003308
6168	-0.097028	-0.007351	0.000756
6169	-0.092391	-0.017576	-0.008111
6170	-0.083067	0.006326	-0.006724
6171	-0.077429	-0.000613	-0.008648
6172	-0.073924	0.009793	-0.015914
6173	-0.070373	0.030280	-0.019884
6174	-0.064206	0.013551	-0.031165
6175	-0.054733	0.002474	-0.034691
6176	-0.047665	0.009796	-0.039453
6177	-0.043392	0.004199	-0.044395
6178	-0.044457	-0.015061	-0.042931
6179	-0.045252	-0.015436	-0.048264
6180	-0.052907	-0.029453	-0.044717
6181	-0.055128	-0.040211	-0.053230
6182	-0.048011	-0.007406	-0.046113
6183	-0.041590	0.015647	-0.038021
6184	-0.031827	-0.014777	-0.040099
6185	-0.031049	-0.021570	-0.033452
6186	-0.030248	-0.024200	-0.028958
6187	-0.026165	-0.002272	-0.020263
6188	-0.022988	-0.018941	-0.020741
6189	-0.015023	-0.011328	-0.018438
6190	-0.008450	-0.019186	-0.016600
6191	-0.006403	0.000606	-0.010186
6192	-0.003542	-0.001527	0.008800
6193	-0.007354	-0.006525	0.024178
6194	-0.005171	-0.016662	0.029667
6195	-0.005257	-0.028964	0.042524
6196	0.001590	-0.019561	0.047653
6197	-0.001270	-0.022215	0.055509
6198	-0.001938	-0.020417	0.055481
6199	0.000059	-0.001960	0.054157
6200	0.001672	0.028774	0.054495
6201	-0.001498	0.004060	0.047167
6202	-0.000002	0.010535	0.040763
6203	0.002649	0.008524	0.035339
6204	0.006869	0.007489	0.034356
6205	0.008638	0.013454	0.039019
6206	0.012575	0.030506	0.041891
6207	0.018729	0.034471	0.056248
6208	0.025048	0.055092	0.069094
6209	0.030128	0.008874	0.085129
6210	0.031697	-0.008322	0.093431
6211	0.039919	0.011292	0.097756
6212	0.049025	-0.016256	0.104654
6213	0.048702	-0.014355	0.103329
6214	0.057797	0.015441	0.100560
6215	0.068513	0.008222	0.102836
6216	0.067684	-0.012084	0.103695
6217	0.064851	-0.005389	0.096961
6218	0.058659	-0.004775	0.101906
6219	0.055921	-0.028720	0.104537
6220	0.057663	-0.030650	0.101308
6221	0.052070	-0.036875	0.105303
6222	0.055807	-0.016086	0.107306
6223	0.059550	-0.025914	0.104163
6224	0.058700	-0.066225	0.097237
6225	0.057355	-0.029612	0.092716
6226	0.055764	-0.008717	0.085907
6227	0.059485	0.015505	0.080852
6228	0.053452	0.015692	0.083970
6229	0.049183	0.011760	0.086683
6230	0.042785	-0.016708	0.087403
6231	0.042249	-0.019478	0.086685
6232	0.052226	0.005024	0.084545
6233	0.056924	0.030329	0.079824
6234	0.054359	-0.005203	0.074839
6235	0.048727	-0.009292	0.071432
6236	0.044125	-0.032495	0.063790
6237	0.044108	0.001463	0.068180
6238	0.031597	-0.003700	0.066903
6239	0.020229	-0.009746	0.068225
6240	0.009546	-0.001482	0.066906
6241	0.004418	-0.027919	0.066301
6242	0.004745	-0.023963	0.064804
6243	0.000580	-0.000514	0.067038
6244	-0.005169	-0.013562	0.062729
6245	-0.008668	-0.042948	0.061908
6246	-0.012228	-0.041764	0.063716
6247	-0.013254	-0.033295	0.064955
6248	-0.012493	-0.039967	0.056691
6249	-0.014787	-0.017860	0.058155
6250	-0.016238	-0.011600	0.052103
6251	-0.011810	-0.028761	0.055157
6252	-0.009654	-0.022501	0.055780
6253	-0.008411	-0.012379	0.054815
6254	-0.002574	-0.007307	0.063677
6255	0.001730	0.018864	0.056749
6256	0.009357	0.009440	0.044261
6257	0.019191	0.000007	0.037276
6258	0.032453	0.003799	0.034088
6259	0.040935	-0.016005	0.037559
6260	0.039772	-0.012665	0.040471
6261	0.038934	0.004576	0.043929
6262	0.042500	-0.036957	0.048473
6263	0.037642	-0.009412	0.053166
6264	0.032990	0.006639	0.060621
6265	0.031218	-0.017268	0.064329
6266	0.030244	-0.024124	0.063276
6267	0.036467	0.015721	0.065189
6268	0.042877	-0.010122	0.066076
6269	0.050109	-0.002042	0.060821
6270	0.053329	0.022031	0.057913
6271	0.056561	0.019732	0.059119
6272	0.056007	0.037658	0.065200
6273	0.051483	0.015009	0.067033
6274	0.049065	-0.000991	0.073018
6275	0.043347	0.020131	0.076499
6276	0.047116	0.032673	0.067933
6277	0.049020	0.013616	0.067478
6278	0.054023	0.007422	0.075387
6279	0.055493	-0.003543	0.072314
6280	0.054174	-0.012314	0.070917
6281	0.046609	0.014002	0.066086
6282	0.039677	0.001250	0.053185
6283	0.035337	0.010416	0.036258
6284	0.031001	0.006098	0.029395
6285	0.036003	0.006452	0.021572
6286	0.040334	0.028418	0.016260
6287	0.041492	0.016683	0.007543
6288	0.044716	-0.017067	0.010871
6289	0.043476	-0.008573	0.014178
6290	0.049846	0.004165	0.018472
6291	0.043529	-0.000702	0.023494
6292	0.037279	-0.021556	0.018995
6293	0.027971	-0.014094	0.019485
6294	0.007537	-0.039381	0.023714
6295	-0.002781	-0.025081	0.020348
6296	-0.006281	-0.012922	0.020555
6297	-0.009462	-0.034663	0.020851
6298	-0.011893	-0.029704	0.016885
6299	-0.007235	-0.055334	0.012707
6300	0.001031	-0.036495	0.013690
6301	0.014593	-0.027082	0.012840
6302	0.022659	-0.030230	0.008761
6303	0.028764	-0.024529	0.009573
6304	0.024629	-0.012445	0.012197
6305	0.014815	-0.022761	0.015804
6306	0.015218	-0.013980	0.020053
6307	0.012140	-0.021083	0.024420
6308	0.015981	-0.048133	0.024136
6309	0.019926	-0.007719	0.029023
6310	0.012812	-0.010705	0.018985
6311	0.012301	-0.015679	0.012601
6312	0.014641	-0.014682	0.004386
6313	0.018153	0.005177	-0.007671
6314	0.017042	0.004559	-0.007781
6315	0.013927	0.014425	-0.011342
6316	0.017707	0.000552	-0.016994
6317	0.017534	-0.010101	-0.022511
6318	0.020113	-0.023518	-0.021372
6319	0.013281	-0.010068	-0.017422
6320	0.011628	-0.008508	-0.013785
6321	0.011307	-0.004904	-0.014104
6322	0.014130	0.011871	-0.009023
6323	0.020051	-0.009647	-0.002988
6324	0.013063	0.002299	-0.001879
6325	0.011991	0.014746	-0.003881
6326	0.006257	0.017845	-0.009328
6327	0.000356	-0.013675	-0.012367
6328	-0.007127	-0.014745	-0.018207
6329	-0.017130	-0.030183	-0.021242
6330	-0.026548	-0.036150	-0.023112
6331	-0.035020	-0.024736	-0.026115
6332	-0.043079	-0.002299	-0.032550
6333	-0.053086	-0.005399	-0.035462
6334	-0.057293	-0.004833	-0.037217
6335	-0.063800	-0.009501	-0.035539
6336	-0.071882	-0.012866	-0.039652
6337	-0.082079	-0.002309	-0.035425
6338	-0.087463	-0.003003	-0.034699
6339	-0.080675	0.019732	-0.038661
6340	-0.077735	0.027786	-0.041137
6341	-0.071953	0.004890	-0.040960
6342	-0.067117	0.022681	-0.044842
6343	-0.063993	0.002898	-0.038682
6344	-0.062706	-0.000039	-0.044414
6345	-0.067940	0.011862	-0.046703
6346	-0.080218	-0.012721	-0.046407
6347	-0.080135	-0.014174	-0.041231
6348	-0.071668	-0.008764	-0.041873
6349	-0.061373	-0.005363	-0.034952
6350	-0.049671	0.027300	-0.024871
6351	-0.030933	-0.000836	-0.007695
6352	-0.020753	-0.005289	-0.002745
6353	-0.005783	-0.007428	0.002385
6354	0.001848	0.013200	-0.004842
6355	0.014250	-0.021936	0.000071
6356	0.019725	-0.024700	-0.001245
6357	0.025272	-0.033090	0.006076
6358	0.028504	-0.044881	0.009485
6359	0.028810	-0.024067	0.026618
6360	0.029399	-0.029574	0.027012
6361	0.029311	-0.015116	0.025328
6362	0.026635	-0.008549	0.018699
6363	0.032294	-0.014094	0.014886
6364	0.043820	0.010114	0.008260
6365	0.046465	0.035189	0.006518
6366	0.049280	0.022192	0.002922
6367	0.057240	0.008007	0.002623
6368	0.064505	0.000611	0.001967
6369	0.064693	-0.010876	0.000056
6370	0.065802	-0.036800	-0.005120
6371	0.066981	-0.022319	-0.008066
6372	0.067553	-0.002796	-0.012345
6373	0.063479	0.007552	-0.017028
6374	0.068205	-0.001274	-0.021598
6375	0.066760	-0.019272	-0.034256
6376	0.065241	0.006074	-0.054123
6377	0.057640	-0.000111	-0.058411
6378	0.052170	0.003045	-0.067874
6379	0.048252	0.018801	-0.065701
6380	0.035670	0.014657	-0.063286
6381	0.030678	0.000795	-0.060524
6382	0.031307	0.005460	-0.055502
6383	0.028904	0.006349	-0.054819
6384	0.027050	-0.003659	-0.051948
6385	0.023998	-0.013144	-0.044881
6386	0.014898	-0.004987	-0.052437
6387	0.017680	-0.013850	-0.039325
6388	0.021283	-0.007025	-0.034073
6389	0.031052	-0.006250	-0.032544
6390	0.038888	-0.014509	-0.031388
6391	0.045076	-0.022629	-0.025829
6392	0.047247	0.015438	-0.020959
6393	0.042687	-0.004858	-0.017098
6394	0.049186	0.005071	-0.010971
6395	0.056568	-0.034390	-0.002454
6396	0.073189	-0.047212	-0.007228
6397	0.082142	-0.017247	-0.016719
6398	0.095704	-0.035724	-0.027843
6399	0.096109	-0.023461	-0.036108
6400	0.098687	-0.033996	-0.038754
6401	0.089133	-0.036068	-0.040525
6402	0.078665	-0.017856	-0.040172
6403	0.068153	-0.015616	-0.041084
6404	0.058664	0.008755	-0.043684
6405	0.048061	-0.001210	-0.043079
6406	0.049488	0.002797	-0.040277
6407	0.049566	0.000294	-0.038686
6408	0.042486	0.013556	-0.039273
6409	0.044740	-0.006763	-0.049387
6410	0.051445	-0.019092	-0.054614
6411	0.057508	-0.015929	-0.059568
6412	0.052264	-0.002547	-0.064732
6413	0.047178	-0.017876	-0.068639
6414	0.038191	-0.023419	-0.068920
6415	0.037717	0.005074	-0.059793
6416	0.041549	0.008271	-0.057569
6417	0.042501	0.020690	-0.056641
6418	0.039957	0.013533	-0.048055
6419	0.036172	0.005487	-0.034880
6420	0.031329	0.001420	-0.023793
6421	0.029296	0.020309	-0.011752
6422	0.032851	0.033719	-0.001790
6423	0.038241	0.014156	0.006582
6424	0.044718	-0.004529	0.012571
6425	0.055551	-0.003408	0.024490
6426	0.066185	-0.020645	0.036399
6427	0.072184	-0.032440	0.044551
6428	0.077439	-0.060573	0.049924
6429	0.075753	-0.033084	0.055986
6430	0.083036	-0.033101	0.051947
6431	0.086951	-0.032400	0.050897
6432	0.094660	-0.026683	0.054506
6433	0.095775	-0.017148	0.049143
6434	0.089668	-0.018417	0.041249
6435	0.088296	-0.025346	0.037841
6436	0.090794	-0.014794	0.028393
6437	0.083802	0.014999	0.018381
6438	0.078107	-0.001474	0.010628
6439	0.075900	0.028246	0.008642
6440	0.067587	0.017941	0.005299
6441	0.060826	-0.003594	0.010698
6442	0.055967	0.034965	0.005346
6443	0.057950	0.008842	0.004000
6444	0.056551	0.014283	-0.005434
6445	0.049583	0.006263	-0.006093
6446	0.053878	-0.036119	-0.010317
6447	0.055379	-0.017299	-0.014625
6448	0.068154	-0.000683	-0.017949
6449	0.067912	-0.022866	-0.017375
6450	0.065182	-0.031057	-0.023623
6451	0.066965	-0.006532	-0.031179
6452	0.065924	-0.008087	-0.025063
6453	0.061244	-0.000858	-0.026133
6454	0.053484	-0.009720	-0.030106
6455	0.049591	-0.008636	-0.029849
6456	0.040368	-0.016440	-0.024208
6457	0.036898	0.013900	-0.021658
6458	0.039147	-0.018736	-0.027471
6459	0.036264	-0.012890	-0.031185
6460	0.028442	-0.004267	-0.035755
6461	0.022241	-0.004710	-0.034345
6462	0.013658	-0.007695	-0.040518
6463	-0.001657	0.025802	-0.039285
6464	-0.003849	0.008604	-0.035002
6465	-0.009631	0.010637	-0.033894
6466	-0.006482	0.019559	-0.038741
6467	-0.009682	0.020124	-0.037816
6468	-0.014869	0.034542	-0.039808
6469	-0.023092	-0.000063	-0.045953
6470	-0.031907	0.001775	-0.044353
6471	-0.024821	0.009243	-0.035161
6472	-0.017591	0.012602	-0.030382
6473	-0.011041	0.032863	-0.030892
6474	-0.006687	0.016670	-0.031721
6475	0.003204	-0.002029	-0.034358
6476	0.015961	0.012750	-0.037221
6477	0.011426	0.020838	-0.031747
6478	0.010792	-0.022136	-0.027138
6479	0.016001	-0.004716	-0.028188
6480	0.024632	0.006874	-0.033809
6481	0.037303	-0.007365	-0.037093
6482	0.036954	0.034262	-0.037476
6483	0.043635	0.032177	-0.038126
6484	0.051956	0.009596	-0.041845
6485	0.058467	0.035526	-0.045929
6486	0.063072	0.042157	-0.040282
6487	0.069684	0.024445	-0.037713
6488	0.075562	0.012491	-0.028276
6489	0.076908	-0.008424	-0.025390
6490	0.080379	0.024331	-0.019006
6491	0.090577	0.021677	-0.017292
6492	0.094605	0.029747	-0.013763
6493	0.094210	0.010446	-0.009010
6494	0.094624	0.004022	-0.000708
6495	0.095985	-0.002586	-0.000128
6496	0.092287	0.001854	0.000603
6497	0.090265	-0.016187	0.004171
6498	0.088893	-0.024761	0.007564
6499	0.088291	-0.017854	0.018216
6500	0.089179	-0.018931	0.026968
6501	0.088219	0.005089	0.035656
6502	0.088596	-0.027291	0.043038
6503	0.089234	-0.017617	0.046713
6504	0.079915	0.026521	0.051945
6505	0.069242	0.023065	0.050959
6506	0.055849	-0.012005	0.052667
6507	0.050809	-0.016076	0.053169
6508	0.047501	-0.005346	0.053753
6509	0.044404	-0.015968	0.055737
6510	0.033812	-0.024103	0.050173
6511	0.022007	-0.005772	0.046005
6512	0.011075	-0.012573	0.043480
6513	0.005577	-0.009111	0.037514
6514	-0.000560	-0.000472	0.029812
6515	0.010059	-0.019173	0.028632
6516	0.011762	-0.001645	0.016680
6517	0.015174	-0.023615	0.017187
6518	0.021532	-0.011661	0.017522
6519	0.024320	-0.048203	0.015918
6520	0.026215	-0.006235	0.021258
6521	0.023549	-0.019434	0.024312
6522	0.022966	-0.022200	0.026179
6523	0.025161	-0.004252	0.024678
6524	0.029792	-0.010061	0.018283
6525	0.033571	-0.001130	0.011977
6526	0.045164	-0.022323	0.004512
6527	0.045610	-0.022554	0.003041
6528	0.039071	-0.004042	-0.000479
6529	0.045451	-0.005074	-0.007151
6530	0.044518	-0.011513	-0.008225
6531	0.041283	0.003830	-0.002076
6532	0.041178	0.005367	-0.000327
6533	0.038257	0.009599	0.008358
6534	0.039815	0.006818	0.003228
6535	0.035644	0.009664	-0.000819
6536	0.035190	0.002249	-0.000188
6537	0.033075	0.018727	-0.003461
6538	0.032532	-0.000469	-0.000530
6539	0.036389	-0.018338	0.002503
6540	0.029605	0.009212	0.002331
6541	0.029904	-0.001445	0.007848
6542	0.032436	-0.006693	0.012369
6543	0.031027	0.005356	0.017027
6544	0.023490	0.015127	0.017482
6545	0.013616	0.005166	0.017258
6546	0.009953	0.019417	0.014942
6547	-0.002096	0.009757	0.010855
6548	-0.006281	0.003285	0.001251
6549	-0.019670	0.019005	-0.007977
6550	-0.025927	0.008413	-0.017781
6551	-0.025156	0.028221	-0.034111
6552	-0.029490	0.015476	-0.047787
6553	-0.034613	-0.007585	-0.049467
6554	-0.033642	0.001967	-0.057967
6555	-0.031960	0.020700	-0.053587
6556	-0.040576	-0.011134	-0.061834
6557	-0.043611	-0.014074	-0.059308
6558	-0.035972	-0.025040	-0.061038
6559	-0.033683	-0.008156	-0.057911
6560	-0.033856	0.003072	-0.059308
6561	-0.033505	-0.015871	-0.057774
6562	-0.041214	0.001686	-0.054154
6563	-0.041177	0.014317	-0.054186
6564	-0.041823	-0.009493	-0.057151
6565	-0.037332	0.001457	-0.061468
6566	-0.034960	-0.006618	-0.066354
6567	-0.037267	0.016308	-0.071478
6568	-0.033696	0.002073	-0.068292
6569	-0.033399	0.009850	-0.064603
6570	-0.037473	0.005376	-0.059981
6571	-0.040129	0.034256	-0.057672
6572	-0.039801	0.037697	-0.046188
6573	-0.037179	0.033833	-0.049709
6574	-0.022152	0.010449	-0.038112
6575	-0.003415	0.000176	-0.038048
6576	0.010485	-0.023967	-0.032834
6577	0.018760	-0.011553	-0.033566
6578	0.028119	-0.015450	-0.026650
6579	0.031921	0.026054	-0.025641
6580	0.036160	-0.014062	-0.028378
6581	0.047110	-0.022839	-0.030635
6582	0.044371	0.000123	-0.042400
6583	0.046591	0.004792	-0.051888
6584	0.040234	-0.008616	-0.059949
6585	0.038423	0.011242	-0.065039
6586	0.036831	0.007631	-0.069727
6587	0.032318	0.006410	-0.068619
6588	0.018611	0.015299	-0.076675
6589	0.000240	0.003209	-0.081931
6590	-0.016495	0.002503	-0.073095
6591	-0.025740	-0.021750	-0.066554
6592	-0.031495	-0.024225	-0.061459
6593	-0.032304	-0.025036	-0.050436
6594	-0.035281	-0.034271	-0.040198
6595	-0.038163	-0.026755	-0.032280
6596	-0.033493	-0.035735	-0.034920
6597	-0.039230	-0.009891	-0.034489
6598	-0.044584	0.013597	-0.033936
6599	-0.050247	0.012766	-0.031016
6600	-0.049636	0.011963	-0.029839
6601	-0.042989	0.022893	-0.024049
6602	-0.044560	0.004714	-0.024643
6603	-0.040052	-0.005724	-0.027798
6604	-0.036332	0.004465	-0.026973
6605	-0.042475	0.015880	-0.024385
6606	-0.048663	-0.000245	-0.018629
6607	-0.057590	-0.023973	-0.015276
6608	-0.061683	-0.011214	-0.012727
6609	-0.061972	-0.001148	-0.017684
6610	-0.063544	0.004547	-0.021929
6611	-0.066306	-0.009383	-0.029661
6612	-0.077883	-0.028909	-0.035954
6613	-0.086406	-0.030068	-0.038290
6614	-0.096471	-0.013079	-0.029656
6615	-0.106009	-0.002120	-0.025179
6616	-0.108230	-0.011756	-0.025713
6617	-0.112245	-0.011129	-0.029143
6618	-0.111840	-0.017866	-0.026729
6619	-0.121733	-0.023732	-0.028959
6620	-0.121730	-0.023761	-0.038242
6621	-0.121874	-0.041965	-0.034732
6622	-0.119828	-0.043717	-0.026108
6623	-0.111944	0.010979	-0.016239
6624	-0.110214	-0.014787	-0.010520
6625	-0.114193	-0.017232	-0.007333
6626	-0.111572	-0.007745	-0.001990
6627	-0.107093	0.005483	-0.003420
6628	-0.101349	0.017005	-0.008424
6629	-0.100315	-0.000486	-0.006215
6630	-0.093453	-0.006329	-0.020009
6631	-0.085977	0.010805	-0.013650
6632	-0.077433	0.026789	-0.018953
6633	-0.065715	0.004056	-0.019587
6634	-0.064619	0.003266	-0.020767
6635	-0.059538	0.020171	-0.023285
6636	-0.059302	-0.001746	-0.021089
6637	-0.057689	0.015396	-0.022150
6638	-0.068036	0.003935	-0.010939
6639	-0.082985	0.003398	-0.007338
6640	-0.088367	-0.014033	-0.008515
6641	-0.091073	-0.027448	-0.017103
6642	-0.095084	-0.034946	-0.019023
6643	-0.091910	-0.017282	-0.029676
6644	-0.079353	-0.012126	-0.034166
6645	-0.080688	-0.023681	-0.034651
6646	-0.083774	-0.056252	-0.039327
6647	-0.079069	-0.017739	-0.055596
6648	-0.075199	0.002507	-0.060725
6649	-0.074287	-0.016788	-0.058476
6650	-0.078413	-0.011030	-0.049504
6651	-0.079682	-0.008807	-0.039046
6652	-0.078690	0.010458	-0.027760
6653	-0.087148	0.007792	-0.034649
6654	-0.092721	0.031912	-0.039702
6655	-0.095973	0.025516	-0.037362
6656	-0.098048	-0.004695	-0.036747
6657	-0.100511	-0.015188	-0.038773
6658	-0.113586	0.004283	-0.032106
6659	-0.120661	-0.009524	-0.031939
6660	-0.126342	0.001874	-0.030118
6661	-0.136044	-0.009633	-0.033768
6662	-0.138751	-0.015957	-0.028725
6663	-0.141379	0.002680	-0.026481
6664	-0.143705	-0.002340	-0.028396
6665	-0.143863	-0.014735	-0.021077
6666	-0.139532	0.002180	-0.020348
6667	-0.139032	-0.010392	-0.024443
6668	-0.144800	0.026249	-0.027128
6669	-0.147778	0.021876	-0.026266
6670	-0.152670	0.017129	-0.027715
6671	-0.153977	0.005698	-0.031899
6672	-0.154349	-0.002929	-0.030255
6673	-0.155786	-0.008943	-0.034262
6674	-0.159154	-0.009312	-0.040910
6675	-0.162474	-0.021938	-0.037565
6676	-0.155104	0.001849	-0.033999
6677	-0.140287	-0.006914	-0.045871
6678	-0.132914	-0.008157	-0.039986
6679	-0.127137	-0.002863	-0.039329
6680	-0.120330	0.009874	-0.034238
6681	-0.120903	0.016854	-0.027514
6682	-0.122139	0.028785	-0.006665
6683	-0.116473	0.004571	0.010788
6684	-0.105004	0.012902	0.030825
6685	-0.097544	-0.013731	0.038040
6686	-0.094793	-0.018827	0.044194
6687	-0.093776	-0.018453	0.042529
6688	-0.090374	0.000265	0.051001
6689	-0.086532	0.001998	0.058355
6690	-0.082760	-0.047305	0.070448
6691	-0.074556	-0.032344	0.079386
6692	-0.069515	-0.013758	0.083557
6693	-0.059215	-0.006549	0.086872
6694	-0.044016	-0.003569	0.088047
6695	-0.040128	-0.022229	0.088207
6696	-0.033680	-0.051806	0.084623
6697	-0.030711	-0.003663	0.083738
6698	-0.024846	0.006674	0.076420
6699	-0.020146	0.000446	0.071159
6700	-0.010744	0.003018	0.062667
6701	-0.005494	0.011288	0.056507
6702	0.004863	0.005227	0.054780
6703	0.016344	-0.018287	0.046809
6704	0.024766	-0.013683	0.047096
6705	0.028122	0.022853	0.034544
6706	0.023769	0.022714	0.029647
6707	0.021606	0.025481	0.027602
6708	0.020670	0.032589	0.024000
6709	0.020350	0.024898	0.025260
6710	0.017427	0.030606	0.018486
6711	0.005785	0.016101	0.017133
6712	-0.005182	-0.011452	0.011962
6713	-0.009416	-0.011591	0.004276
6714	-0.009347	-0.022186	-0.007856
6715	-0.006308	-0.039687	-0.023848
6716	0.001813	-0.043907	-0.041482
6717	0.004860	0.012149	-0.047983
6718	0.005871	-0.001866	-0.051623
6719	0.007432	0.022712	-0.060336
6720	0.007784	0.029557	-0.052798
6721	0.004684	0.003958	-0.052978
6722	0.006492	-0.003944	-0.056491
6723	0.009682	-0.018690	-0.054495
6724	0.013535	0.005586	-0.047750
6725	0.019642	0.014646	-0.038103
6726	0.023696	0.020811	-0.031187
6727	0.028641	0.018562	-0.026125
6728	0.029615	-0.009133	-0.029666
6729	0.042349	-0.005047	-0.032587
6730	0.050197	-0.023853	-0.023925
6731	0.059906	-0.011422	-0.013980
6732	0.069043	-0.008220	-0.005925
6733	0.083281	-0.017803	-0.008266
6734	0.097275	0.023905	-0.012257
6735	0.104010	-0.004896	-0.011854
6736	0.110679	-0.006942	-0.012268
6737	0.114707	-0.004442	-0.006238
6738	0.114090	0.018924	0.000975
6739	0.107384	0.015270	0.001837
6740	0.098941	0.026073	0.005478
6741	0.095686	0.013135	0.006903
6742	0.097537	0.024614	0.006505
6743	0.094506	-0.002098	0.001327
6744	0.096939	-0.002751	-0.001657
6745	0.093866	0.033935	-0.002236
6746	0.086869	0.013879	-0.006181
6747	0.072945	0.026343	0.000978
6748	0.054775	0.041192	0.006363
6749	0.053212	0.035018	-0.002557
6750	0.046763	0.044910	-0.003886
6751	0.040088	0.042075	-0.003828
6752	0.036634	0.057995	0.002574
6753	0.021657	0.029525	0.011166
6754	0.024296	0.022058	0.015514
6755	0.035110	0.008860	0.017362
6756	0.038890	-0.016457	0.016339
6757	0.032491	-0.004153	0.017594
6758	0.023651	-0.005670	0.025548
6759	0.011309	-0.026512	0.027886
6760	0.011745	-0.035327	0.027891
6761	0.013563	-0.009579	0.031069
6762	0.007144	0.018704	0.032938
6763	-0.001698	0.008370	0.037249
6764	-0.006029	-0.003699	0.042239
6765	-0.013812	0.002638	0.041251
6766	-0.014238	0.002237	0.046143
6767	-0.010535	-0.000231	0.048612
6768	-0.011134	0.008017	0.064178
6769	-0.006969	-0.009554	0.068539
6770	-0.002936	-0.006239	0.069944
6771	0.003263	-0.001597	0.064860
6772	0.005066	0.014337	0.070844
6773	0.008090	-0.001497	0.075434
6774	0.016305	-0.010082	0.073006
6775	0.019506	-0.017994	0.068732
6776	0.023257	-0.012022	0.070538
6777	0.034100	0.008194	0.068534
6778	0.044394	-0.017165	0.076781
6779	0.051435	-0.032112	0.083262
6780	0.064442	-0.014749	0.091994
6781	0.074050	-0.009115	0.099319
6782	0.076210	0.011565	0.105836
6783	0.077004	0.013929	0.116403
6784	0.078319	0.026535	0.116911
6785	0.077019	0.045295	0.129267
6786	0.064607	0.023521	0.129716
6787	0.058170	0.012675	0.134303
6788	0.052389	0.006412	0.141926
6789	0.042327	0.016929	0.150334
6790	0.033900	-0.001426	0.153728
6791	0.034121	0.002759	0.159272
6792	0.031852	-0.027470	0.161176
6793	0.028961	-0.042886	0.168547
6794	0.028988	-0.020206	0.175358
6795	0.023567	0.006325	0.179012
6796	0.011316	-0.011522	0.174763
6797	0.004914	0.012129	0.168123
6798	0.001925	-0.006647	0.168416
6799	0.006504	-0.025179	0.172460
6800	0.007642	-0.033448	0.182927
6801	0.013946	-0.025597	0.185630
6802	0.021637	-0.014757	0.190633
6803	0.025260	-0.024327	0.186136
6804	0.027755	-0.034271	0.175519
6805	0.031192	-0.008533	0.166751
6806	0.041251	-0.004758	0.162655
6807	0.046259	-0.015060	0.159754
6808	0.046157	-0.008845	0.148969
6809	0.046555	-0.032075	0.132440
6810	0.043481	-0.057404	0.120041
6811	0.047530	-0.053738	0.109588
6812	0.054311	-0.039391	0.104082
6813	0.063237	-0.004174	0.087686
6814	0.071746	-0.024480	0.066784
6815	0.066810	-0.022018	0.054841
6816	0.056404	-0.029794	0.040657
6817	0.041225	-0.008438	0.036277
6818	0.020379	-0.016734	0.028480
6819	0.005042	0.008221	0.029043
6820	-0.003095	0.033107	0.025022
6821	-0.018362	0.016988	0.023340
6822	-0.032708	0.040440	0.023455
6823	-0.050152	0.046867	0.023633
6824	-0.069398	0.003558	0.024095
6825	-0.078300	0.002662	0.015268
6826	-0.078203	-0.025625	0.009359
6827	-0.077868	-0.009282	0.009745
6828	-0.090573	-0.024559	0.010369
6829	-0.094910	-0.021362	0.007204
6830	-0.093167	-0.030367	0.005860
6831	-0.089086	-0.038640	0.003553
6832	-0.086948	-0.027489	-0.002538
6833	-0.081277	-0.006296	0.002789
6834	-0.070946	0.025163	-0.001322
6835	-0.068323	0.016165	-0.006045
6836	-0.060616	0.006979	-0.011949
6837	-0.058654	0.034053	-0.010681
6838	-0.054194	0.010014	-0.010220
6839	-0.059018	0.020224	-0.011306
6840	-0.064189	0.014168	-0.013404
6841	-0.068973	0.008678	-0.011212
6842	-0.077527	-0.022518	-0.001345
6843	-0.078368	-0.021275	0.010457
6844	-0.072392	0.003327	0.012018
6845	-0.061328	-0.013860	0.016058
6846	-0.056772	-0.001929	0.016715
6847	-0.046130	-0.017558	0.014923
6848	-0.040820	0.008714	0.010306
6849	-0.032747	-0.006563	0.015824
6850	-0.029195	-0.029714	0.017514
6851	-0.017333	-0.003593	0.023670
6852	0.002972	0.001314	0.019337
6853	0.013106	-0.009768	0.024156
6854	0.023464	-0.006795	0.031537
6855	0.036133	0.020537	0.036420
6856	0.030419	0.016311	0.036664
6857	0.029120	0.032498	0.035833
6858	0.026106	0.026600	0.035546
6859	0.015455	0.011518	0.037677
6860	0.015412	0.001395	0.046656
6861	0.012570	0.007998	0.054416
6862	0.009623	0.022738	0.054136
6863	0.001688	0.038599	0.050033
6864	-0.006509	0.022601	0.061205
6865	-0.011715	-0.011212	0.057133
6866	-0.010084	0.022597	0.062495
6867	-0.009411	-0.007697	0.077384
6868	-0.007429	-0.008121	0.081649
6869	-0.010424	0.023735	0.087094
6870	-0.006136	0.040068	0.092622
6871	-0.014068	-0.005000	0.093463
6872	-0.019834	-0.019897	0.096670
6873	-0.024360	-0.013944	0.098258
6874	-0.027673	-0.016874	0.098776
6875	-0.027340	0.019517	0.111415
6876	-0.025362	0.004293	0.113626
6877	-0.012883	-0.031650	0.113935
6878	-0.005811	-0.004246	0.121498
6879	0.001673	0.002306	0.122180
6880	0.001646	-0.008399	0.128008
6881	0.008606	0.017968	0.130594
6882	0.022692	0.007055	0.127132
6883	0.025694	0.010530	0.119466
6884	0.033844	-0.001509	0.117158
6885	0.042885	-0.010651	0.120739
6886	0.045333	-0.021049	0.119035
6887	0.043118	-0.002775	0.119771
6888	0.047227	0.003796	0.120030
6889	0.048060	-0.004138	0.113889
6890	0.045701	0.008179	0.102872
6891	0.046996	0.000820	0.104285
6892	0.055909	-0.012483	0.099216
6893	0.073611	-0.027565	0.095679
6894	0.081277	-0.007629	0.087394
6895	0.083283	0.011136	0.070762
6896	0.089958	-0.007204	0.051589
6897	0.092248	0.027347	0.043910
6898	0.095667	0.015790	0.043178
6899	0.099579	0.024592	0.035760
6900	0.106820	0.032015	0.029982
6901	0.112661	0.022554	0.022187
6902	0.117827	0.050776	0.017992
6903	0.127379	0.041413	0.011209
6904	0.132411	0.004592	0.011462
6905	0.138383	0.024794	0.017447
6906	0.140674	0.036602	0.024821
6907	0.132945	0.019141	0.030601
6908	0.130189	-0.014385	0.040627
6909	0.120528	0.000371	0.042314
6910	0.119051	-0.007885	0.053950
6911	0.115700	0.009887	0.058393
6912	0.105100	-0.002576	0.067848
6913	0.093739	0.000648	0.069321
6914	0.085372	0.012493	0.078253
6915	0.074552	0.014300	0.080188
6916	0.066642	0.013908	0.087800
6917	0.058850	0.024194	0.082864
6918	0.052034	0.052636	0.087085
6919	0.048354	0.023299	0.089301
6920	0.050383	0.006975	0.090075
6921	0.043877	0.002803	0.083288
6922	0.029201	0.006587	0.078753
6923	0.020798	0.012608	0.062421
6924	0.013233	-0.007039	0.049745
6925	0.006685	-0.040583	0.041666
6926	-0.003835	-0.000061	0.028658
6927	-0.006401	-0.019821	0.014015
6928	-0.003010	-0.032790	0.002513
6929	0.004385	-0.007354	-0.003613
6930	-0.000125	-0.019728	-0.008666
6931	-0.004184	-0.012420	-0.014224
6932	-0.002143	-0.002745	-0.021066
6933	-0.004831	0.008668	-0.032803
6934	-0.012031	0.001384	-0.032689
6935	-0.022134	0.008586	-0.035957
6936	-0.023351	0.004281	-0.031177
6937	-0.017016	0.015605	-0.027832
6938	-0.023606	-0.009326	-0.018501
6939	-0.028480	-0.002346	-0.011333
6940	-0.038212	-0.014729	-0.002781
6941	-0.049215	-0.014357	-0.002500
6942	-0.048176	0.009020	0.001896
6943	-0.045579	0.004710	0.006275
6944	-0.044532	0.004012	0.009827
6945	-0.042262	0.029503	0.007925
6946	-0.042252	0.031708	0.006597
6947	-0.041193	0.030156	0.005502
6948	-0.044053	0.025811	-0.001404
6949	-0.040436	-0.003123	0.000023
6950	-0.041751	-0.001675	0.000780
6951	-0.040874	0.009332	-0.008628
6952	-0.046556	0.012362	-0.016276
6953	-0.058886	-0.029930	-0.014747
6954	-0.065229	-0.022916	-0.024708
6955	-0.063910	-0.041832	-0.033639
6956	-0.064878	-0.022681	-0.038749
6957	-0.070935	-0.010325	-0.043931
6958	-0.082396	-0.020159	-0.055973
6959	-0.081375	-0.002995	-0.059020
6960	-0.080066	0.012202	-0.056836
6961	-0.081040	-0.017106	-0.051043
6962	-0.075860	-0.035348	-0.048602
6963	-0.083753	0.006211	-0.036480
6964	-0.085912	-0.015031	-0.022511
6965	-0.087414	-0.007032	-0.008298
6966	-0.083841	-0.016907	-0.009029
6967	-0.076957	-0.006062	-0.011152
6968	-0.072993	-0.028947	-0.020301
6969	-0.064869	-0.047461	-0.024115
6970	-0.060725	-0.040765	-0.026784
6971	-0.056022	-0.020180	-0.029896
6972	-0.056994	0.007007	-0.030275
6973	-0.047148	0.012369	-0.035136
6974	-0.042264	0.036882	-0.041734
6975	-0.039722	0.039990	-0.048253
6976	-0.039878	0.013634	-0.043514
6977	-0.037154	0.023673	-0.042635
6978	-0.031686	0.005735	-0.036058
6979	-0.025513	0.006239	-0.028031
6980	-0.023379	0.025440	-0.024516
6981	-0.022190	0.027920	-0.021245
6982	-0.019398	0.026476	-0.016593
6983	-0.008780	0.047810	0.003541
6984	0.005520	0.025067	0.015812
6985	0.020560	0.021328	0.032652
6986	0.036257	0.034203	0.043202
6987	0.056095	0.019061	0.045809
6988	0.056831	0.003416	0.044685
6989	0.046732	-0.012731	0.053212
6990	0.047808	-0.035540	0.055903
6991	0.032981	0.013703	0.063585
6992	0.021500	0.018277	0.078685
6993	0.015314	0.009379	0.090439
6994	0.011060	0.021212	0.092778
6995	0.008027	0.035989	0.098080
6996	0.003460	0.030722	0.104693
6997	-0.001936	0.002276	0.107980
6998	-0.005654	0.016983	0.100582
6999	-0.007699	0.026882	0.091130
7000	-0.003787	-0.007331	0.076157
7001	-0.009962	0.002880	0.065870
7002	-0.020736	0.020551	0.047126
7003	-0.026406	0.019361	0.035400
7004	-0.033791	0.018549	0.024467
7005	-0.035368	0.012950	0.024567
7006	-0.043902	-0.021473	0.023119
7007	-0.050629	-0.017739	0.030308
7008	-0.048737	-0.000944	0.033318
7009	-0.057926	0.008846	0.029559
7010	-0.061057	0.031169	0.043461
7011	-0.067584	-0.004889	0.059476
7012	-0.065328	0.004817	0.062056
7013	-0.063606	-0.019941	0.060718
7014	-0.077024	-0.051740	0.050526
7015	-0.078521	0.001724	0.056555
7016	-0.074182	-0.010407	0.056177
7017	-0.062007	-0.015720	0.058975
7018	-0.060994	-0.024624	0.059553
7019	-0.055554	-0.004599	0.064390
7020	-0.041810	0.003529	0.060935
7021	-0.026863	0.001983	0.059719
7022	-0.025656	-0.022019	0.064374
7023	-0.011763	-0.012991	0.063470
7024	-0.005742	0.001761	0.064862
7025	-0.005164	-0.026314	0.050356
7026	-0.003786	-0.027139	0.050294
7027	-0.004305	-0.010686	0.051394
7028	-0.000616	-0.006971	0.036349
7029	-0.000023	-0.000431	0.024344
7030	0.002637	-0.017106	0.022654
7031	-0.006088	0.000290	0.026041
7032	-0.005396	-0.002924	0.022243
7033	-0.005253	-0.033772	0.017562
7034	-0.002103	-0.040432	0.007594
7035	-0.002882	-0.029676	0.003520
7036	-0.006118	0.001119	-0.004522
7037	-0.004079	-0.030991	-0.008075
7038	0.002493	-0.007116	-0.013387
7039	0.012295	-0.013265	-0.009061
7040	0.025892	-0.022627	-0.004942
7041	0.026142	-0.003883	0.003271
7042	0.033367	-0.005714	-0.002039
7043	0.031648	0.024550	0.002964
7044	0.028450	0.033786	0.004954
7045	0.027087	0.018462	0.012527
7046	0.023701	0.000320	0.013512
7047	0.015758	-0.006050	0.023514
7048	0.019492	-0.006671	0.036623
7049	0.038291	0.004935	0.048490
7050	0.046006	-0.027481	0.051455
7051	0.039402	-0.024004	0.054799
7052	0.040384	-0.005885	0.057746
7053	0.041307	0.000517	0.053743
7054	0.039142	-0.012855	0.051310
7055	0.034346	-0.002078	0.040807
7056	0.030185	0.000989	0.034537
7057	0.041371	0.001737	0.030717
7058	0.041560	-0.019218	0.032776
7059	0.053264	-0.000861	0.025809
7060	0.053800	0.020483	0.028290
7061	0.046480	0.032015	0.023744
7062	0.050761	0.005604	0.024899
7063	0.055403	0.011353	0.023864
7064	0.061023	-0.018458	0.019122
7065	0.059563	-0.030285	0.022625
7066	0.061782	-0.028511	0.024076
7067	0.070616	-0.012123	0.030078
7068	0.070188	-0.019300	0.034396
7069	0.059732	-0.020737	0.033679
7070	0.050412	-0.027291	0.038315
7071	0.037130	-0.035758	0.043260
7072	0.028815	-0.020452	0.041428
7073	0.017186	-0.009938	0.034626
7074	0.007124	0.006979	0.024878
7075	-0.003237	-0.004431	0.019966
7076	-0.012274	-0.015752	0.018537
7077	-0.024371	-0.021553	0.007833
7078	-0.026466	-0.026912	0.004621
7079	-0.026430	-0.018457	0.001880
7080	-0.031268	-0.023764	0.004225
7081	-0.033159	0.025342	-0.002899
7082	-0.038790	-0.000271	0.006618
7083	-0.045573	-0.009288	0.004543
7084	-0.049144	0.003753	0.005042
7085	-0.052722	0.014377	0.002256
7086	-0.053547	0.004810	-0.001583
7087	-0.061412	-0.008977	-0.011333
7088	-0.069469	-0.030840	-0.009075
7089	-0.070593	-0.027692	-0.004663
7090	-0.068508	-0.027739	0.004407
7091	-0.074411	-0.029236	0.014502
7092	-0.076666	-0.023608	0.031130
7093	-0.082711	-0.014654	0.042953
7094	-0.083785	0.016250	0.046138
7095	-0.073750	0.016564	0.056640
7096	-0.060393	-0.014449	0.051809
7097	-0.058527	-0.000759	0.046279
7098	-0.046133	-0.019056	0.037623
7099	-0.024814	-0.012035	0.027501
7100	-0.011300	-0.005644	0.024341
7101	-0.002719	-0.002203	0.017833
7102	0.002861	0.005703	0.012214
7103	0.009356	0.015540	0.003769
7104	0.014537	-0.006082	0.004544
7105	0.013807	-0.000099	-0.009821
7106	0.019262	-0.000407	-0.034377
7107	0.025589	0.003529	-0.044201
7108	0.032676	-0.011419	-0.046490
7109	0.027984	0.019560	-0.055636
7110	0.032363	0.043916	-0.056187
7111	0.042615	0.023311	-0.059323
7112	0.039685	0.037025	-0.058563
7113	0.025856	-0.015018	-0.061327
7114	0.018967	-0.033853	-0.054165
7115	0.013284	-0.054353	-0.048577
7116	0.000132	-0.045805	-0.046961
7117	-0.009815	-0.026842	-0.048777
7118	-0.019609	-0.013260	-0.047603
7119	-0.024863	-0.046066	-0.041999
7120	-0.024620	-0.013148	-0.039572
7121	-0.027825	-0.020976	-0.033605
7122	-0.026708	0.000615	-0.018685
7123	-0.028324	0.012713	-0.009415
7124	-0.031232	-0.006863	0.006284
7125	-0.039354	-0.011950	0.015451
7126	-0.051916	0.011292	0.022921
7127	-0.056778	0.022970	0.021582
7128	-0.050855	0.041851	0.034155
7129	-0.058301	0.028654	0.035792
7130	-0.061890	0.014782	0.035048
7131	-0.062758	0.030858	0.039242
7132	-0.070471	0.022342	0.036951
7133	-0.079918	-0.006389	0.036479
7134	-0.084138	0.021280	0.036910
7135	-0.090213	0.025407	0.035777
7136	-0.091511	0.009716	0.032555
7137	-0.089223	0.000671	0.031032
7138	-0.086294	-0.005103	0.040637
7139	-0.087305	-0.009152	0.038945
7140	-0.094263	-0.012516	0.035252
7141	-0.092553	-0.009937	0.025459
7142	-0.087260	-0.026510	0.016143
7143	-0.083249	-0.034927	0.011266
7144	-0.080385	-0.000960	0.009179
7145	-0.081074	0.010114	0.011610
7146	-0.085774	0.000343	0.014246
7147	-0.091526	0.037505	0.014442
7148	-0.092776	0.020293	0.015387
7149	-0.100613	0.011343	0.020690
7150	-0.104671	0.031944	0.018086
7151	-0.103286	0.013189	0.025101
7152	-0.103453	-0.005344	0.024294
7153	-0.108164	0.022566	0.025673
7154	-0.108303	-0.009509	0.014419
7155	-0.108149	-0.009656	0.025104
7156	-0.104554	0.000724	0.031413
7157	-0.100186	-0.003397	0.042767
7158	-0.094665	-0.004778	0.048452
7159	-0.098839	-0.013777	0.046349
7160	-0.094070	-0.008888	0.045043
7161	-0.085218	-0.005308	0.036972
7162	-0.080549	0.000412	0.038866
7163	-0.076259	0.010105	0.040189
7164	-0.073837	0.028960	0.040316
7165	-0.072241	0.028096	0.038458
7166	-0.080160	0.008133	0.044786
7167	-0.091382	0.020823	0.054741
7168	-0.093312	-0.012489	0.071657
7169	-0.094052	-0.010038	0.076259
7170	-0.097419	-0.003117	0.083403
7171	-0.096573	0.003300	0.094308
7172	-0.088456	0.009001	0.103360
7173	-0.068705	0.003906	0.113387
7174	-0.055574	-0.002480	0.121708
7175	-0.052525	-0.019608	0.126616
7176	-0.047031	0.011153	0.131212
7177	-0.045524	-0.006630	0.133135
7178	-0.038734	-0.004740	0.145246
7179	-0.036981	0.003605	0.141903
7180	-0.039554	-0.001840	0.138405
7181	-0.038118	0.011875	0.126875
7182	-0.041806	0.020560	0.108370
7183	-0.041459	0.027722	0.106978
7184	-0.041144	0.031168	0.105307
7185	-0.030797	0.039447	0.091620
7186	-0.024484	-0.001602	0.087175
7187	-0.024900	0.001879	0.079925
7188	-0.016276	-0.009895	0.083842
7189	-0.000188	0.024486	0.080704
7190	0.017151	0.013105	0.074109
7191	0.028653	0.008619	0.076970
7192	0.044181	0.035150	0.060977
7193	0.063662	0.007417	0.053962
7194	0.062569	-0.016762	0.045057
7195	0.058365	-0.039238	0.039061
7196	0.054832	-0.040743	0.029122
7197	0.045778	-0.026214	0.028091
7198	0.045397	0.003516	0.031278
7199	0.045860	-0.004885	0.033591
7200	0.041317	0.005517	0.025662
7201	0.038060	-0.003994	0.023995
7202	0.021741	0.005726	0.023377
7203	0.009571	-0.025573	0.018638
7204	-0.002326	-0.004894	0.015798
7205	-0.013557	-0.004302	0.021115
7206	-0.013820	-0.011941	0.017797
7207	-0.022662	-0.022823	0.018156
7208	-0.020165	-0.023332	0.015599
7209	-0.019409	-0.032192	0.023808
7210	-0.018053	-0.015117	0.019092
7211	-0.014150	-0.034386	0.013122
7212	-0.008753	-0.025362	0.014801
7213	0.004873	0.012721	0.014393
7214	0.011741	0.003476	0.009725
7215	0.005963	-0.037097	0.008856
7216	0.005582	-0.029955	0.008340
7217	0.000197	-0.020487	0.017024
7218	0.000271	-0.031334	0.019882
7219	0.001406	-0.017959	0.016212
7220	0.002908	-0.009092	0.025716
7221	0.011075	0.002945	0.029913
7222	0.021915	-0.017024	0.033243
7223	0.024125	-0.031920	0.022238
7224	0.028351	-0.009411	0.019879
7225	0.034329	-0.034122	0.022965
7226	0.033002	-0.012172	0.028082
7227	0.030135	-0.027385	0.024277
7228	0.034552	-0.025574	0.018011
7229	0.037385	-0.031381	0.021712
7230	0.034503	-0.013244	0.022698
7231	0.032184	-0.017932	0.024617
7232	0.025557	-0.017413	0.026102
7233	0.026740	-0.023869	0.037029
7234	0.030028	-0.018400	0.035667
7235	0.019965	-0.039011	0.035968
7236	0.016257	-0.021855	0.045088
7237	0.002597	-0.015681	0.044657
7238	-0.002128	-0.035521	0.048322
7239	0.002678	-0.027477	0.052773
7240	0.001624	-0.001112	0.044722
7241	0.006495	0.002817	0.040700
7242	0.019939	0.030255	0.042131
7243	0.025257	0.031879	0.042867
7244	0.023641	0.030086	0.027674
7245	0.017280	0.003469	0.028375
7246	0.022435	-0.022307	0.017631
7247	0.020018	-0.008052	0.011170
7248	0.016452	-0.017375	0.010956
7249	0.019179	0.013646	0.013214
7250	0.006218	0.005319	0.013504
7251	-0.007572	0.010383	0.015381
7252	-0.008458	0.025712	0.010925
7253	-0.016022	-0.004672	0.016771
7254	-0.016975	0.007694	0.023020
7255	-0.019389	0.000745	0.028517
7256	-0.023037	-0.029018	0.038253
7257	-0.031762	-0.041197	0.046729
7258	-0.035995	-0.017255	0.056248
7259	-0.042602	-0.011148	0.064887
7260	-0.047618	-0.005270	0.070745
7261	-0.036871	-0.004654	0.070205
7262	-0.025654	0.016615	0.076121
7263	-0.012489	0.012864	0.081704
7264	-0.007896	0.012360	0.081305
7265	-0.007692	0.010236	0.081989
7266	-0.008511	0.000136	0.081078
7267	-0.004849	0.032116	0.074650
7268	-0.009860	0.010451	0.070058
7269	-0.024688	0.016020	0.062986
7270	-0.036234	0.025117	0.056304
7271	-0.044457	-0.004446	0.043531
7272	-0.049934	-0.024847	0.047088
7273	-0.050050	-0.000655	0.035876
7274	-0.053599	0.001352	0.025437
7275	-0.060246	-0.002997	0.012585
7276	-0.064621	0.010602	0.011386
7277	-0.069408	0.011583	0.003756
7278	-0.083198	0.028826	0.004829
7279	-0.096015	0.023639	0.005268
7280	-0.115776	0.052190	0.013707
7281	-0.118100	0.045289	0.016750
7282	-0.123149	-0.002462	0.021616
7283	-0.131863	-0.007394	0.024258
7284	-0.140263	0.018154	0.032412
7285	-0.148424	0.024211	0.029562
7286	-0.151859	0.014165	0.025076
7287	-0.151791	-0.024843	0.027263
7288	-0.153544	-0.027945	0.019852
7289	-0.148968	0.010104	0.014749
7290	-0.139949	0.012756	0.014112
7291	-0.130401	0.022774	0.008376
7292	-0.123420	0.033989	0.005671
7293	-0.111847	-0.006950	0.002258
7294	-0.106886	-0.016283	0.003738
7295	-0.096881	0.046287	-0.000107
7296	-0.094589	0.020545	0.001602
7297	-0.100649	-0.005063	0.004011
7298	-0.097347	0.015777	0.000369
7299	-0.100946	0.001343	-0.004241
7300	-0.101260	0.003344	-0.003776
7301	-0.094190	0.017372	-0.003521
7302	-0.095153	0.036253	-0.009154
7303	-0.088245	0.039189	-0.015792
7304	-0.087002	0.014888	-0.021630
7305	-0.088288	-0.009800	-0.027596
7306	-0.089836	0.008754	-0.038058
7307	-0.094761	0.018514	-0.037603
7308	-0.099505	-0.019440	-0.049971
7309	-0.094716	-0.003693	-0.052226
7310	-0.102650	-0.007898	-0.045357
7311	-0.095954	0.011111	-0.047996
7312	-0.093816	0.014764	-0.051141
7313	-0.091223	-0.004044	-0.064340
7314	-0.083238	0.004167	-0.063544
7315	-0.082989	0.015793	-0.067822
7316	-0.091797	0.017475	-0.075633
7317	-0.094451	0.033671	-0.078596
7318	-0.085082	0.004764	-0.069794
7319	-0.088184	0.016988	-0.068031
7320	-0.089883	0.021637	-0.056206
7321	-0.085540	-0.011837	-0.062427
7322	-0.090148	-0.013805	-0.061843
7323	-0.097286	0.006392	-0.065168
7324	-0.098070	-0.000598	-0.066304
7325	-0.093160	0.009774	-0.074208
7326	-0.095549	0.012224	-0.070468
7327	-0.093856	-0.022812	-0.067791
7328	-0.089954	-0.018156	-0.051807
7329	-0.099450	-0.013922	-0.052129
7330	-0.101516	-0.006375	-0.046256
7331	-0.096772	0.003897	-0.052509
7332	-0.098139	0.002787	-0.052452
7333	-0.094137	0.019899	-0.058042
7334	-0.087103	0.023718	-0.057260
7335	-0.082137	-0.023458	-0.061097
7336	-0.075908	0.006287	-0.062428
7337	-0.075642	0.021200	-0.068395
7338	-0.078362	0.003012	-0.076963
7339	-0.075920	0.006413	-0.089988
7340	-0.074050	0.016527	-0.098420
7341	-0.068478	0.022365	-0.106627
7342	-0.069414	0.039420	-0.116741
7343	-0.070483	-0.003522	-0.133000
7344	-0.066564	-0.006340	-0.136689
7345	-0.069041	0.013114	-0.149759
7346	-0.067977	0.022234	-0.155651
7347	-0.076203	-0.022615	-0.165364
7348	-0.072374	0.007303	-0.165414
7349	-0.059929	-0.010680	-0.168989
7350	-0.059544	-0.004556	-0.164187
7351	-0.063839	0.026324	-0.164591
7352	-0.068057	0.009523	-0.164271
7353	-0.061380	-0.009099	-0.169231
7354	-0.054336	0.010942	-0.171731
7355	-0.040313	0.004916	-0.165316
7356	-0.030947	0.017705	-0.150861
7357	-0.021975	-0.015143	-0.141792
7358	-0.022536	-0.035620	-0.140681
7359	-0.020120	0.001018	-0.133648
7360	-0.011109	0.010796	-0.124591
7361	-0.013647	0.022144	-0.113666
7362	-0.023543	0.004482	-0.106632
7363	-0.027507	0.003246	-0.103156
7364	-0.020135	0.022037	-0.095192
7365	-0.020530	0.014066	-0.087248
7366	-0.022433	-0.008780	-0.083575
7367	-0.020286	-0.010582	-0.082056
7368	-0.030057	-0.036973	-0.089927
7369	-0.033793	-0.007598	-0.091929
7370	-0.044426	-0.017196	-0.080763
7371	-0.050150	-0.015899	-0.088480
7372	-0.048694	-0.034984	-0.095058
7373	-0.048581	-0.021221	-0.111834
7374	-0.050647	-0.004522	-0.120157
7375	-0.043577	0.026071	-0.117623
7376	-0.035887	-0.023139	-0.118419
7377	-0.029908	0.001004	-0.110410
7378	-0.029264	-0.015144	-0.110484
7379	-0.030671	-0.039002	-0.110248
7380	-0.025778	-0.007458	-0.105102
7381	-0.030573	-0.027050	-0.113324
7382	-0.031428	0.000340	-0.115370
7383	-0.025443	-0.000522	-0.117531
7384	-0.023877	0.002945	-0.119477
7385	-0.012939	0.014680	-0.120353
7386	-0.009924	-0.016508	-0.124015
7387	0.002828	-0.006330	-0.115912
7388	0.013378	0.043858	-0.109508
7389	0.025489	0.040945	-0.096995
7390	0.027115	0.002596	-0.082813
7391	0.028830	0.028306	-0.069524
7392	0.030941	0.030356	-0.061352
7393	0.026677	0.021610	-0.048984
7394	0.029156	0.011256	-0.046722
7395	0.024645	-0.006534	-0.029759
7396	0.019561	0.004494	-0.031527
7397	0.019951	0.009710	-0.024282
7398	0.028620	0.029240	-0.025675
7399	0.029146	0.014789	-0.014697
7400	0.021963	0.023650	-0.012802
7401	0.012166	0.024602	-0.014699
7402	0.009404	0.010871	-0.025876
7403	0.000370	0.003159	-0.021659
7404	-0.007152	0.013684	-0.023854
7405	-0.011741	0.030149	-0.028699
7406	-0.015478	0.035813	-0.042139
7407	-0.026395	0.028849	-0.048280
7408	-0.035289	0.017818	-0.053548
7409	-0.039306	0.021882	-0.061088
7410	-0.045758	0.001017	-0.066146
7411	-0.053679	-0.019299	-0.071865
7412	-0.065008	-0.016480	-0.085677
7413	-0.070731	-0.014267	-0.098209
7414	-0.079566	-0.029004	-0.111384
7415	-0.088017	0.000165	-0.119596
7416	-0.093481	0.000911	-0.113876
7417	-0.099911	-0.016207	-0.116434
7418	-0.097524	0.003024	-0.118018
7419	-0.090358	0.017016	-0.129608
7420	-0.086624	0.013621	-0.126382
7421	-0.082717	0.015042	-0.110766
7422	-0.070605	-0.010685	-0.092434
7423	-0.062615	0.001150	-0.083338
7424	-0.056557	0.015637	-0.056546
7425	-0.052550	-0.007209	-0.031718
7426	-0.042314	0.007797	-0.011795
7427	-0.028435	0.004123	0.004122
7428	-0.007378	-0.012790	0.019837
7429	0.008337	-0.022022	0.033746
7430	0.022316	-0.041648	0.041359
7431	0.032019	-0.027992	0.036667
7432	0.030271	-0.021064	0.041631
7433	0.038358	-0.040770	0.036892
7434	0.034564	-0.041862	0.031308
7435	0.025572	-0.009734	0.024626
7436	0.019367	-0.006077	0.020690
7437	0.012291	0.029479	0.019555
7438	0.009044	0.022000	0.008826
7439	0.013173	0.029065	0.003255
7440	0.023755	0.034507	-0.001521
7441	0.028633	0.022017	-0.002863
7442	0.035750	-0.002563	-0.013438
7443	0.038376	-0.013719	-0.022819
7444	0.040416	-0.004185	-0.026627
7445	0.032961	-0.013392	-0.029354
7446	0.023667	-0.015834	-0.042569
7447	0.017042	0.005119	-0.046307
7448	0.004396	-0.008616	-0.053016
7449	-0.003160	-0.009490	-0.045484
7450	-0.008182	-0.021736	-0.048371
7451	-0.005430	-0.015264	-0.052302
7452	-0.009844	-0.028500	-0.050559
7453	-0.004021	-0.019782	-0.047613
7454	0.002948	-0.036038	-0.045325
7455	0.010633	-0.044922	-0.046187
7456	0.007042	-0.035860	-0.048411
7457	0.010311	-0.037369	-0.051239
7458	0.011598	-0.032565	-0.039855
7459	0.009144	0.013439	-0.038400
7460	0.010204	-0.006949	-0.041128
7461	0.014658	-0.013027	-0.033767
7462	0.012819	-0.063780	-0.032294
7463	0.014923	-0.073904	-0.031297
7464	0.018733	-0.046629	-0.031405
7465	0.023204	-0.063036	-0.035622
7466	0.017424	-0.052910	-0.035484
7467	0.020485	-0.036805	-0.054701
7468	0.025293	-0.057049	-0.059653
7469	0.020202	-0.028676	-0.058074
7470	0.017843	-0.001004	-0.054732
7471	0.011142	-0.014276	-0.058030
7472	0.010588	-0.002558	-0.060304
7473	0.006945	0.002501	-0.052975
7474	0.015679	-0.013444	-0.048376
7475	0.022351	0.012120	-0.043759
7476	0.022446	0.017064	-0.043059
7477	0.010417	0.018149	-0.048721
7478	-0.008263	-0.004692	-0.042672
7479	-0.027250	-0.028693	-0.044701
7480	-0.043513	-0.039679	-0.042684
7481	-0.051110	0.005765	-0.037688
7482	-0.053434	0.001473	-0.041366
7483	-0.058281	-0.020094	-0.047985
7484	-0.065356	-0.033511	-0.055530
7485	-0.070273	-0.013047	-0.066072
7486	-0.075724	0.001225	-0.069684
7487	-0.083111	-0.011431	-0.077635
7488	-0.071440	-0.003716	-0.077983
7489	-0.072286	0.018139	-0.074509
7490	-0.076982	0.003735	-0.068786
7491	-0.080818	-0.022558	-0.064813
7492	-0.070988	-0.032716	-0.059252
7493	-0.065497	-0.037288	-0.055936
7494	-0.052931	-0.041672	-0.053644
7495	-0.034852	-0.030318	-0.045938
7496	-0.019472	-0.015200	-0.034258
7497	-0.001969	-0.046321	-0.031539
7498	0.004471	-0.037754	-0.040767
7499	0.005210	-0.004025	-0.042714
7500	0.008697	-0.001885	-0.034226
7501	0.000319	0.038837	-0.035577
7502	-0.001027	-0.005387	-0.039211
7503	-0.004918	-0.010293	-0.035259
7504	0.004297	-0.011356	-0.032632
7505	0.013083	-0.003108	-0.022254
7506	0.022109	0.002162	-0.013831
7507	0.037914	-0.027400	-0.014621
7508	0.054619	-0.031176	-0.013037
7509	0.063168	0.012827	-0.005189
7510	0.075613	0.017889	0.000447
7511	0.083180	-0.013880	0.006472
7512	0.073549	-0.007407	0.007300
7513	0.066044	-0.001429	0.005293
7514	0.055002	0.009812	0.003025
7515	0.041848	0.001477	0.005188
7516	0.033441	0.034058	0.007791
7517	0.035987	0.021352	-0.003650
7518	0.030815	-0.013968	-0.008620
7519	0.030548	-0.029507	-0.010034
7520	0.041951	-0.030427	-0.002373
7521	0.055499	-0.016420	0.004795
7522	0.057385	-0.027637	0.004976
7523	0.056509	-0.010175	0.003184
7524	0.052952	-0.032052	0.016728
7525	0.050549	-0.010344	0.030035
7526	0.043704	-0.007914	0.052688
7527	0.040591	-0.030369	0.059474
7528	0.045747	0.021758	0.057577
7529	0.055524	-0.011724	0.062681
7530	0.054154	0.020284	0.067969
7531	0.051342	0.018135	0.076599
7532	0.040382	0.016776	0.075044
7533	0.039893	-0.012722	0.074470
7534	0.035657	-0.001921	0.066121
7535	0.040922	-0.004637	0.057198
7536	0.041165	-0.000671	0.055740
7537	0.036767	-0.022666	0.044114
7538	0.034889	0.001765	0.049493
7539	0.041220	0.048081	0.038149
7540	0.035733	0.013209	0.023540
7541	0.041119	-0.004672	0.011849
7542	0.044865	0.010199	0.008059
7543	0.050832	-0.022595	0.010730
7544	0.067613	-0.006617	0.013495
7545	0.080912	-0.020284	0.016353
7546	0.097133	-0.049982	0.013343
7547	0.104104	-0.026263	0.012607
7548	0.107253	-0.029606	0.008927
7549	0.119544	-0.026589	-0.000040
7550	0.140459	-0.015474	0.006874
7551	0.154821	0.003282	0.004486
7552	0.163373	-0.013210	-0.003067
7553	0.168046	-0.009869	0.001579
7554	0.174615	0.006191	0.006273
7555	0.191945	0.014068	0.002734
7556	0.197928	-0.006532	0.008190
7557	0.202482	0.002480	0.014735
7558	0.203767	-0.011449	0.014670
7559	0.202575	-0.001103	0.012371
7560	0.197369	-0.018395	0.013098
7561	0.205741	-0.035176	0.009356
7562	0.212417	-0.003329	0.006791
7563	0.220601	-0.002056	0.002579
7564	0.222021	-0.005696	0.004834
7565	0.220605	0.026845	0.002586
7566	0.224621	0.014454	-0.002615
7567	0.211995	0.023816	-0.000864
7568	0.199871	-0.007203	-0.001414
7569	0.186037	0.007169	-0.000306
7570	0.179957	-0.017181	0.006301
7571	0.172937	0.019346	0.012479
7572	0.164519	-0.008982	0.014865
7573	0.155930	0.004337	0.019918
7574	0.153279	-0.006630	0.017603
7575	0.144201	0.009481	0.019653
7576	0.144347	0.018439	0.013444
7577	0.143377	0.018860	0.013311
7578	0.131941	-0.005604	0.001274
7579	0.128543	-0.008808	-0.009397
7580	0.128622	-0.007552	-0.019971
7581	0.119929	-0.001901	-0.024998
7582	0.121205	0.000319	-0.030930
7583	0.124477	-0.019555	-0.033708
7584	0.109742	-0.043090	-0.036705
7585	0.104319	0.011839	-0.042606
7586	0.095297	0.014352	-0.043404
7587	0.093482	0.027413	-0.037361
7588	0.089474	0.047754	-0.028435
7589	0.084921	0.030324	-0.018397
7590	0.080336	0.015343	-0.006131
7591	0.090054	0.021661	-0.006017
7592	0.086494	0.010397	-0.005464
7593	0.082914	0.024816	-0.016671
7594	0.087910	0.003561	-0.019410
7595	0.089545	-0.015876	-0.024287
7596	0.090372	-0.010624	-0.021131
7597	0.092193	-0.030009	-0.013783
7598	0.086184	-0.025783	-0.006222
7599	0.081112	0.001605	-0.004058
7600	0.079818	-0.023613	-0.002548
7601	0.082436	-0.014352	0.004458
7602	0.092051	0.014918	0.017719
7603	0.088641	0.006123	0.026922
7604	0.096202	0.006638	0.027284
7605	0.106125	0.013671	0.028135
7606	0.094388	0.016691	0.022374
7607	0.099768	0.020142	0.021239
7608	0.106082	0.009635	0.024237
7609	0.107172	0.009232	0.024442
7610	0.102430	0.005189	0.023700
7611	0.093385	-0.011408	0.020616
7612	0.080989	0.010008	0.028111
7613	0.068355	-0.014331	0.024576
7614	0.050972	0.003926	0.014173
7615	0.038462	-0.038343	0.005006
7616	0.019140	-0.023731	-0.000054
7617	0.013229	0.001716	-0.001415
7618	0.001345	-0.017211	0.000638
7619	-0.012627	-0.042195	-0.000264
7620	-0.022371	-0.020869	0.005164
7621	-0.029442	0.002340	0.011433
7622	-0.034587	-0.026182	0.004872
7623	-0.042837	-0.003244	0.006965
7624	-0.039195	-0.032336	0.014767
7625	-0.039939	-0.001746	0.016703
7626	-0.052671	0.018511	0.018598
7627	-0.069773	0.006126	0.020562
7628	-0.080937	0.016618	0.029500
7629	-0.086570	0.010274	0.030056
7630	-0.087160	0.007594	0.028140
7631	-0.089089	-0.009693	0.034679
7632	-0.077742	0.016114	0.040256
7633	-0.062873	-0.001143	0.052440
7634	-0.061196	-0.039353	0.056909
7635	-0.066131	-0.052834	0.065180
7636	-0.071459	-0.036475	0.076896
7637	-0.071426	-0.033611	0.086248
7638	-0.069815	-0.004213	0.075082
7639	-0.057451	-0.001050	0.067013
7640	-0.038858	-0.028582	0.059407
7641	-0.030108	-0.015425	0.057643
7642	-0.026845	0.016929	0.051790
7643	-0.019035	0.000245	0.044947
7644	-0.009987	-0.004525	0.035124
7645	-0.011368	0.008924	0.013658
7646	-0.006440	0.005283	-0.001002
7647	-0.008815	-0.018302	-0.013246
7648	-0.003129	-0.034640	-0.013901
7649	-0.006341	-0.052296	-0.015811
7650	-0.005728	-0.021287	-0.017125
7651	-0.001959	-0.018834	-0.020551
7652	-0.010916	-0.017222	-0.020501
7653	-0.019114	-0.012402	-0.027594
7654	-0.017277	-0.005847	-0.035599
7655	-0.011475	-0.047979	-0.039966
7656	-0.000821	-0.062186	-0.037345
7657	0.017055	-0.048631	-0.035843
7658	0.033825	-0.048916	-0.047201
7659	0.036710	-0.044119	-0.051224
7660	0.048525	-0.041885	-0.044523
7661	0.058950	-0.043386	-0.046620
7662	0.054088	-0.040860	-0.044970
7663	0.046145	-0.013517	-0.030215
7664	0.041077	-0.004702	-0.022753
7665	0.049037	0.000785	-0.016835
7666	0.051894	-0.043936	-0.012067
7667	0.051902	-0.064014	-0.014332
7668	0.053879	-0.040040	-0.006504
7669	0.046958	-0.014781	-0.015378
7670	0.047080	0.005266	-0.013222
7671	0.036745	0.006906	-0.016088
7672	0.015996	-0.047931	-0.013480
7673	0.012761	-0.029893	-0.020027
7674	0.016631	-0.015277	-0.013978
7675	0.013613	0.004400	-0.013138
7676	0.016587	-0.009017	-0.000773
7677	0.014641	-0.003573	0.003794
7678	0.015022	0.020814	0.011076
7679	0.020580	0.005949	0.018394
7680	0.033124	-0.003930	0.017125
7681	0.025802	0.018260	0.018140
7682	0.026441	0.048351	0.028030
7683	0.027860	0.011036	0.017407
7684	0.023592	0.018299	0.011093
7685	0.023711	0.007775	-0.000267
7686	0.022261	0.000918	0.000869
7687	0.021896	0.025212	0.008421
7688	0.022138	0.000878	0.017227
7689	0.020568	-0.009426	0.009573
7690	0.017908	0.017681	-0.002442
7691	0.016742	0.027962	-0.010878
7692	0.014004	0.051744	-0.016326
7693	0.020790	0.018272	-0.015259
7694	0.026317	0.020191	-0.019855
7695	0.039174	0.027561	-0.012890
7696	0.050900	0.014693	-0.017598
7697	0.064998	0.018871	-0.015578
7698	0.076588	0.036814	-0.023427
7699	0.081691	0.022991	-0.021086
7700	0.088653	0.009669	-0.025364
7701	0.091827	-0.001623	-0.016008
7702	0.087222	-0.004672	-0.004010
7703	0.084117	0.016733	-0.013811
7704	0.071172	0.018629	-0.004655
7705	0.063046	0.033195	0.004774
7706	0.061369	0.060253	0.005873
7707	0.057614	0.029441	0.004366
7708	0.060179	-0.002283	0.003603
7709	0.071736	-0.006266	0.004980
7710	0.087892	-0.010486	0.007140
7711	0.104040	0.010252	0.013187
7712	0.106943	-0.027111	0.006679
7713	0.105987	-0.050822	-0.006547
7714	0.111476	-0.024247	-0.010448
7715	0.109648	-0.001643	-0.011170
7716	0.103970	0.008200	-0.007105
7717	0.095416	0.006097	-0.010671
7718	0.093515	-0.016007	-0.011864
7719	0.098996	-0.019656	-0.015981
7720	0.096336	-0.031657	-0.021532
7721	0.098699	-0.036530	-0.019781
7722	0.094441	0.021342	-0.021288
7723	0.089689	0.005865	-0.011591
7724	0.072527	0.001564	-0.016971
7725	0.065651	0.044640	-0.014428
7726	0.058753	0.028933	-0.009121
7727	0.038186	0.037849	-0.005207
7728	0.025282	0.033602	-0.005023
7729	0.019853	-0.015314	0.001303
7730	0.018029	-0.013320	0.009633
7731	0.017851	0.002948	0.023696
7732	0.010334	0.010581	0.024366
7733	0.004337	0.014563	0.020103
7734	0.000293	0.002385	0.012456
7735	0.008071	0.017814	0.002983
7736	0.003961	0.032718	0.005096
7737	0.007253	-0.011271	0.000222
7738	0.013841	-0.037497	0.009354
7739	0.009577	-0.044679	0.009597
7740	0.010329	-0.010864	0.002785
7741	0.004066	-0.031971	-0.002522
7742	-0.002064	-0.019526	-0.007609
7743	-0.013979	0.002159	-0.009871
7744	-0.026323	0.000634	-0.009158
7745	-0.045846	-0.037388	-0.017426
7746	-0.060600	-0.025550	-0.040491
7747	-0.067912	0.005441	-0.049017
7748	-0.067808	0.022756	-0.052916
7749	-0.066493	-0.004595	-0.051821
7750	-0.056205	-0.004803	-0.046361
7751	-0.041668	-0.029487	-0.060128
7752	-0.044698	-0.021494	-0.068721
7753	-0.038390	-0.014515	-0.074881
7754	-0.034622	-0.016334	-0.071596
7755	-0.036794	0.024540	-0.063994
7756	-0.039537	0.031943	-0.062088
7757	-0.044527	0.009312	-0.060429
7758	-0.041363	0.010210	-0.063625
7759	-0.048641	-0.020985	-0.078731
7760	-0.053906	0.015267	-0.080706
7761	-0.044773	-0.011455	-0.093177
7762	-0.024122	-0.008768	-0.085743
7763	-0.009188	-0.020248	-0.083030
7764	-0.016264	-0.024099	-0.085608
7765	-0.011421	-0.004020	-0.089920
7766	-0.000336	-0.012102	-0.091560
7767	0.007771	-0.039643	-0.100534
7768	0.012074	-0.046567	-0.105082
7769	0.000350	-0.012758	-0.107343
7770	-0.001533	-0.009856	-0.103314
7771	-0.004551	0.020742	-0.107006
7772	-0.010474	-0.003574	-0.106501
7773	-0.010525	0.007138	-0.100682
7774	-0.012870	-0.000126	-0.097679
7775	-0.018329	0.006508	-0.089981
7776	-0.034076	-0.015975	-0.078963
7777	-0.048702	-0.027300	-0.081829
7778	-0.063773	-0.007752	-0.083828
7779	-0.076443	0.047696	-0.084778
7780	-0.081638	0.019927	-0.086785
7781	-0.085936	0.014088	-0.087930
7782	-0.092144	0.023209	-0.093521
7783	-0.096312	-0.010764	-0.095769
7784	-0.098819	-0.004429	-0.097704
7785	-0.092770	0.013228	-0.104447
7786	-0.098704	0.022501	-0.107802
7787	-0.103341	-0.028858	-0.110322
7788	-0.095981	-0.039807	-0.110612
7789	-0.087510	-0.039976	-0.109628
7790	-0.085135	-0.046608	-0.102233
7791	-0.086588	-0.034447	-0.093567
7792	-0.104853	0.037255	-0.091479
7793	-0.110041	0.043281	-0.095862
7794	-0.119496	-0.016196	-0.091909
7795	-0.124445	-0.008620	-0.097160
7796	-0.126225	0.036905	-0.099356
7797	-0.142085	0.016361	-0.093262
7798	-0.145677	0.040727	-0.093457
7799	-0.157213	0.017045	-0.090733
7800	-0.167180	0.044569	-0.085229
7801	-0.174805	0.037254	-0.079572
7802	-0.181844	0.003699	-0.079917
7803	-0.183652	0.008883	-0.071832
7804	-0.183339	0.023075	-0.068987
7805	-0.185075	0.035634	-0.062978
7806	-0.183538	0.013257	-0.046821
7807	-0.176692	0.035416	-0.040090
7808	-0.175402	0.050398	-0.025764
7809	-0.180953	0.009691	-0.007555
7810	-0.182072	0.006674	0.007421
7811	-0.188659	-0.003131	0.016027
7812	-0.193671	-0.001520	0.021267
7813	-0.212672	0.000923	0.030948
7814	-0.222127	-0.010319	0.042754
7815	-0.218926	-0.034676	0.048116
7816	-0.215997	-0.017820	0.050904
7817	-0.214288	-0.007846	0.053457
7818	-0.215187	0.009222	0.056024
7819	-0.215817	-0.015928	0.043337
7820	-0.222452	0.008105	0.031418
7821	-0.230169	0.020933	0.024450
7822	-0.237593	0.027513	0.011410
7823	-0.232990	0.030270	0.010391
7824	-0.229153	0.032850	0.005969
7825	-0.221595	0.026219	0.001409
7826	-0.209137	-0.007614	-0.006373
7827	-0.204304	-0.024941	-0.004383
7828	-0.188897	0.007903	-0.007138
7829	-0.170758	0.026535	-0.011120
7830	-0.165857	0.009035	-0.013271
7831	-0.149475	0.015132	-0.031262
7832	-0.135740	0.009967	-0.044675
7833	-0.124817	0.018357	-0.045509
7834	-0.125308	-0.000707	-0.058469
7835	-0.126082	-0.017574	-0.064270
7836	-0.134457	-0.007754	-0.065980
7837	-0.137320	0.009394	-0.081672
7838	-0.124872	0.015335	-0.082967
7839	-0.115703	0.023193	-0.073158
7840	-0.101390	0.023686	-0.063121
7841	-0.096060	0.036107	-0.063608
7842	-0.094579	0.016425	-0.063389
7843	-0.098164	0.019159	-0.062905
7844	-0.103362	0.041536	-0.064584
7845	-0.107838	0.025421	-0.066598
7846	-0.108117	0.020413	-0.064375
7847	-0.106086	0.013581	-0.070932
7848	-0.102900	0.012221	-0.072221
7849	-0.097093	-0.008679	-0.072033
7850	-0.095060	-0.008651	-0.067648
7851	-0.085497	-0.033744	-0.066476
7852	-0.080826	-0.038371	-0.063400
7853	-0.076058	-0.042346	-0.064782
7854	-0.075368	-0.033253	-0.058422
7855	-0.074099	-0.018685	-0.053416
7856	-0.069268	-0.044783	-0.048872
7857	-0.072564	-0.056466	-0.049830
7858	-0.086738	-0.062989	-0.052417
7859	-0.093590	-0.001165	-0.042254
7860	-0.092447	-0.005055	-0.038473
7861	-0.093747	0.007294	-0.039955
7862	-0.097112	-0.004256	-0.042141
7863	-0.102063	-0.012887	-0.044608
7864	-0.084120	-0.000067	-0.051670
7865	-0.079602	-0.033015	-0.059018
7866	-0.080719	-0.009820	-0.058403
7867	-0.077474	0.011279	-0.068219
7868	-0.073274	0.028719	-0.068547
7869	-0.060125	0.015169	-0.061224
7870	-0.053808	-0.008309	-0.050619
7871	-0.054026	-0.010099	-0.045825
7872	-0.044383	-0.015155	-0.046683
7873	-0.033610	0.005460	-0.035924
7874	-0.021742	-0.010517	-0.030899
7875	-0.020414	0.003236	-0.021353
7876	-0.026808	0.032523	-0.006872
7877	-0.033570	-0.000579	0.007762
7878	-0.030348	-0.011232	0.021518
7879	-0.036071	0.000742	0.025153
7880	-0.033242	-0.022290	0.029446
7881	-0.024798	-0.020364	0.042866
7882	-0.015996	-0.012677	0.045838
7883	-0.008358	-0.005785	0.049613
7884	0.003780	0.009311	0.041769
7885	0.017325	-0.002663	0.041697
7886	0.013507	0.022439	0.028158
7887	0.005813	0.025933	0.022610
7888	-0.003367	0.005128	0.017855
7889	-0.012900	-0.012956	0.017552
7890	-0.018326	-0.002187	0.015275
7891	-0.030784	-0.015127	0.009939
7892	-0.043777	-0.059001	0.003237
7893	-0.050809	-0.020271	0.005630
7894	-0.060058	0.000891	0.006647
7895	-0.065904	-0.008229	0.020441
7896	-0.078671	-0.012988	0.017066
7897	-0.077824	-0.028808	0.027734
7898	-0.065423	-0.006629	0.040110
7899	-0.064327	-0.003030	0.050812
7900	-0.062673	0.022331	0.061189
7901	-0.061864	0.005827	0.064275
7902	-0.063972	0.006367	0.062312
7903	-0.074299	0.003590	0.064250
7904	-0.074080	-0.017952	0.072321
7905	-0.078054	-0.020959	0.074057
7906	-0.076298	-0.033379	0.068017
7907	-0.068034	-0.052336	0.070382
7908	-0.060824	-0.040498	0.077975
7909	-0.058033	-0.030149	0.088502
7910	-0.050529	-0.014818	0.095996
7911	-0.040417	-0.000098	0.097782
7912	-0.030911	-0.002847	0.092898
7913	-0.034363	0.026039	0.086196
7914	-0.034650	0.023674	0.081014
7915	-0.026670	0.024688	0.076159
7916	-0.008759	0.005645	0.085766
7917	0.000246	0.010242	0.069982
7918	0.005360	-0.017235	0.058702
7919	0.001411	0.005101	0.047519
7920	0.002247	0.014712	0.045115
7921	-0.000313	-0.022007	0.044453
7922	-0.002897	0.012951	0.041452
7923	-0.005307	-0.045817	0.035663
7924	-0.011765	-0.050851	0.041400
7925	-0.015075	-0.040336	0.043724
7926	-0.014019	-0.010320	0.031677
7927	-0.013354	-0.002011	0.029024
7928	-0.028175	-0.012000	0.021872
7929	-0.038020	-0.034853	0.022987
7930	-0.043263	-0.008618	0.020463
7931	-0.044900	-0.010200	0.012286
7932	-0.049755	0.019480	0.008009
7933	-0.065685	0.008348	-0.002067
7934	-0.065483	-0.028649	0.000812
7935	-0.064021	-0.009521	0.000521
7936	-0.067919	-0.018276	0.011078
7937	-0.064088	-0.019604	0.013609
7938	-0.061454	0.012654	0.020004
7939	-0.059758	0.033581	0.024089
7940	-0.050084	0.049092	0.030796
7941	-0.044986	0.031018	0.038796
7942	-0.044280	0.030305	0.049327
7943	-0.037870	0.033863	0.066784
7944	-0.030037	0.046228	0.073875
7945	-0.023161	0.047723	0.073153
7946	-0.019847	0.038283	0.077876
7947	-0.008055	0.003117	0.088241
7948	0.002869	0.012726	0.103744
7949	0.014618	-0.004434	0.107477
7950	0.013204	0.012397	0.109691
7951	0.022799	0.039061	0.115124
7952	0.028159	0.009126	0.122995
7953	0.029680	0.032549	0.118397
7954	0.019058	0.006416	0.121571
7955	-0.001525	-0.010512	0.123221
7956	-0.005105	-0.027935	0.111557
7957	-0.003096	0.002765	0.106299
7958	-0.015550	-0.039128	0.095516
7959	-0.026829	-0.003441	0.076693
7960	-0.036929	-0.002181	0.067703
7961	-0.048843	-0.004518	0.055708
7962	-0.050518	-0.021062	0.050077
7963	-0.054697	-0.028316	0.038851
7964	-0.043623	-0.011382	0.036241
7965	-0.042224	0.004342	0.032510
7966	-0.036430	0.003701	0.044385
7967	-0.023590	-0.029660	0.048800
7968	-0.021200	-0.001773	0.072538
7969	-0.033058	0.001119	0.072566
7970	-0.049413	-0.024680	0.080253
7971	-0.066022	-0.019480	0.080848
7972	-0.075736	0.016701	0.085067
7973	-0.083916	-0.018907	0.082774
7974	-0.085030	-0.047663	0.084601
7975	-0.088683	-0.079570	0.076712
7976	-0.086169	-0.037390	0.081263
7977	-0.083906	-0.021436	0.085535
7978	-0.083327	0.007503	0.088828
7979	-0.084355	0.009059	0.096651
7980	-0.086324	0.054873	0.108575
7981	-0.097791	0.036024	0.111544
7982	-0.105339	0.039492	0.117700
7983	-0.110937	0.024238	0.127679
7984	-0.117333	0.010000	0.126714
7985	-0.121729	0.026033	0.123624
7986	-0.118804	0.011100	0.125181
7987	-0.112056	-0.017656	0.121106
7988	-0.100635	-0.012194	0.111958
7989	-0.090649	-0.001553	0.106209
7990	-0.072383	-0.002366	0.086895
7991	-0.056545	0.013668	0.073891
7992	-0.045581	0.045212	0.067971
7993	-0.031349	0.007677	0.059395
7994	-0.034259	-0.002158	0.056197
7995	-0.032176	0.002488	0.050847
7996	-0.030546	0.006496	0.049293
7997	-0.017216	0.031028	0.047174
7998	-0.008944	0.035303	0.049091
7999	0.003892	0.022922	0.041760
8000	0.020924	0.013883	0.041172
8001	0.032999	0.008488	0.024959
8002	0.039206	-0.028098	0.025039
8003	0.048138	-0.010853	0.022697
8004	0.049464	0.000706	0.024675
8005	0.049668	-0.020474	0.025508
8006	0.047316	-0.028979	0.030614
8007	0.048391	0.013278	0.030881
8008	0.050919	0.029468	0.027353
8009	0.058870	0.011488	0.023713
8010	0.060772	-0.000039	0.017151
8011	0.048319	-0.013249	0.009893
8012	0.034686	-0.006230	-0.003171
8013	0.021993	-0.028241	-0.007323
8014	0.016180	-0.019661	-0.006932
8015	0.013830	-0.025281	0.006535
8016	0.021411	-0.000065	0.002649
8017	0.025322	-0.021390	0.002004
8018	0.035853	-0.011939	0.011443
8019	0.044132	-0.013721	0.019955
8020	0.037005	-0.016472	0.022581
8021	0.012665	-0.015623	0.019972
8022	-0.011665	-0.007886	0.023485
8023	-0.019687	-0.030677	0.027566
8024	-0.034139	-0.001786	0.031383
8025	-0.046279	0.037466	0.034044
8026	-0.056085	0.004303	0.038066
8027	-0.067931	-0.054655	0.037308
8028	-0.067489	-0.059273	0.042689
8029	-0.055409	-0.041025	0.035934
8030	-0.051195	-0.035253	0.031691
8031	-0.052653	-0.006844	0.022563
8032	-0.033409	-0.003469	0.024751
8033	-0.015521	-0.021433	0.029373
8034	0.005766	-0.041964	0.037128
8035	0.013745	-0.024693	0.031214
8036	0.013881	-0.017802	0.026198
8037	0.017003	0.021372	0.040303
8038	0.003361	-0.000533	0.038599
8039	0.005397	0.005788	0.046923
8040	0.011094	-0.007422	0.051333
8041	0.014150	0.000757	0.054206
8042	0.021752	-0.008696	0.044562
8043	0.026176	0.014890	0.024240
8044	0.035387	0.008920	0.003542
8045	0.049677	-0.007753	0.004571
8046	0.060675	0.011056	0.003085
8047	0.062992	-0.012301	0.010533
8048	0.076849	0.014250	0.002753
8049	0.095241	0.015085	0.011776
8050	0.118682	0.019408	0.006896
8051	0.119561	-0.019659	0.012634
8052	0.131005	-0.018797	0.015457
8053	0.145543	-0.019813	0.021570
8054	0.157700	-0.007355	0.030250
8055	0.165647	-0.025489	0.038397
8056	0.165691	-0.035456	0.038611
8057	0.168218	-0.007594	0.042230
8058	0.176140	-0.011157	0.043732
8059	0.191826	0.002006	0.028680
8060	0.188066	-0.013752	0.029759
8061	0.179113	-0.006788	0.040315
8062	0.164542	-0.014858	0.037807
8063	0.136210	0.013747	0.034143
8064	0.120371	0.015827	0.025318
8065	0.117276	0.021539	0.021739
8066	0.113567	0.015428	0.015791
8067	0.113010	0.003212	0.004417
8068	0.105760	0.003993	0.010948
8069	0.096722	0.000520	0.001732
8070	0.071279	-0.005344	-0.009545
8071	0.067166	-0.022256	-0.012684
8072	0.066350	-0.007095	-0.020080
8073	0.063388	-0.061263	-0.023093
8074	0.056706	-0.026104	-0.019886
8075	0.044624	0.008322	-0.015278
8076	0.037556	-0.048971	-0.017884
8077	0.030733	-0.057170	-0.014237
8078	0.026637	-0.027119	-0.010764
8079	0.017948	0.008556	0.001945
8080	-0.000539	-0.015875	0.005367
8081	0.003771	0.006849	0.008029
8082	-0.008798	0.020432	0.000196
8083	-0.019050	0.005394	-0.004945
8084	-0.020879	-0.044391	-0.013527
8085	-0.021137	-0.024516	-0.008034
8086	-0.016626	-0.025882	-0.008433
8087	-0.024135	-0.007697	-0.007268
8088	-0.035802	-0.019321	-0.000401
8089	-0.051768	-0.013208	0.003568
8090	-0.073424	0.024108	-0.008804
8091	-0.083324	0.014751	-0.013823
8092	-0.086902	0.028388	-0.016837
8093	-0.085032	0.003593	-0.019220
8094	-0.079336	-0.014722	-0.021487
8095	-0.083113	-0.037750	-0.027158
8096	-0.084801	-0.063775	-0.031680
8097	-0.075322	-0.065876	-0.030594
8098	-0.061489	-0.022875	-0.017704
8099	-0.046340	-0.002854	-0.018188
8100	-0.027349	0.005337	-0.019864
8101	0.001814	0.006174	-0.015937
8102	0.007221	0.045408	-0.019361
8103	0.030200	0.056299	-0.034039
8104	0.036434	-0.005145	-0.047767
8105	0.038793	0.002828	-0.060419
8106	0.056590	-0.011285	-0.069363
8107	0.064674	0.024120	-0.071759
8108	0.077182	0.042008	-0.069958
8109	0.074813	0.010181	-0.070160
8110	0.077578	0.032830	-0.056092
8111	0.064203	-0.008124	-0.061463
8112	0.049228	0.011677	-0.055299
8113	0.053048	0.008543	-0.044648
8114	0.044489	0.056840	-0.027797
8115	0.041581	0.029724	-0.012630
8116	0.049205	0.043430	0.009268
8117	0.045085	0.032566	0.006957
8118	0.040956	0.041454	0.002195
8119	0.034722	0.041322	-0.008401
8120	0.023308	0.045599	-0.015939
8121	0.015874	0.042836	-0.015740
8122	0.014720	-0.003290	-0.021597
8123	0.019177	0.032955	-0.023936
8124	0.017717	-0.005432	-0.037984
8125	0.002712	0.022940	-0.045035
8126	-0.001930	0.000506	-0.057444
8127	-0.016930	-0.004852	-0.081623
8128	-0.020262	0.012166	-0.081391
8129	-0.026854	0.019420	-0.100714
8130	-0.029081	-0.018797	-0.110871
8131	-0.027484	-0.015264	-0.122915
8132	-0.020740	-0.009797	-0.124601
8133	-0.010711	-0.023135	-0.136527
8134	-0.004287	-0.012409	-0.131509
8135	-0.018727	-0.012576	-0.135248
8136	-0.034400	-0.008747	-0.131346
8137	-0.046855	-0.021674	-0.123239
8138	-0.060339	-0.010277	-0.125955
8139	-0.064584	-0.054655	-0.129015
8140	-0.067990	-0.019280	-0.126502
8141	-0.071724	-0.039134	-0.115825
8142	-0.073952	-0.044390	-0.100287
8143	-0.070490	-0.032821	-0.084662
8144	-0.065229	-0.011106	-0.064576
8145	-0.066303	-0.012816	-0.067908
8146	-0.060942	0.007761	-0.060157
8147	-0.056500	0.011958	-0.065086
8148	-0.051521	-0.020176	-0.050667
8149	-0.032946	-0.005872	-0.050042
8150	-0.009812	-0.026296	-0.053295
8151	-0.002952	0.005982	-0.058293
8152	0.005632	-0.019439	-0.052772
8153	0.012887	-0.054808	-0.054352
8154	0.019260	-0.048167	-0.053437
8155	0.026279	-0.032111	-0.051407
8156	0.024580	-0.000100	-0.050348
8157	0.021271	0.024416	-0.041036
8158	0.023018	0.010192	-0.047256
8159	0.036143	-0.020680	-0.043716
8160	0.037339	-0.014058	-0.034260
8161	0.030618	-0.007607	-0.035736
8162	0.023729	-0.007690	-0.033440
8163	0.020969	0.019561	-0.044755
8164	0.021801	0.017069	-0.037592
8165	0.033999	0.014282	-0.030796
8166	0.041725	0.003570	-0.022103
8167	0.046890	0.031340	-0.017561
8168	0.048775	0.012681	-0.002989
8169	0.045185	-0.005115	0.005407
8170	0.040567	0.003282	0.010311
8171	0.049364	0.008611	0.015785
8172	0.049525	0.005107	0.023924
8173	0.055551	0.003235	0.022646
8174	0.060759	0.030704	0.031953
8175	0.072001	-0.027799	0.029524
8176	0.073564	0.009511	0.019816
8177	0.083434	0.011006	0.017648
8178	0.083737	-0.015489	0.012955
8179	0.075940	-0.000955	-0.000780
8180	0.078209	-0.006034	-0.005734
8181	0.080513	0.002297	-0.010538
8182	0.090211	-0.007398	-0.014213
8183	0.091334	0.006481	-0.018818
8184	0.089989	0.008002	-0.013521
8185	0.084178	0.032859	-0.033128
8186	0.071560	0.026959	-0.031086
8187	0.055391	0.006479	-0.043004
8188	0.045854	-0.007497	-0.056022
8189	0.038344	-0.013162	-0.070232
8190	0.029588	-0.003931	-0.066063
8191	0.023664	-0.010524	-0.072620
8192	0.016493	-0.007714	-0.070705
8193	0.020197	0.006113	-0.079959
8194	0.032847	-0.027247	-0.072285
8195	0.038648	-0.016378	-0.065088
8196	0.034198	-0.013869	-0.050921
8197	0.040879	-0.015685	-0.050268
8198	0.039891	0.015410	-0.035994
8199	0.039210	-0.017309	-0.027809
8200	0.049269	0.015357	-0.032929
8201	0.060614	0.043406	-0.038689
8202	0.077229	0.031828	-0.036231
8203	0.083786	-0.010400	-0.032991
8204	0.080740	-0.031333	-0.023484
8205	0.079442	-0.005073	-0.013510
8206	0.081070	0.019127	-0.010653
8207	0.067576	0.002902	-0.000459
8208	0.058689	0.006477	0.007890
8209	0.057449	-0.002392	0.002959
8210	0.048813	-0.010923	0.009029
8211	0.035954	-0.010633	0.009302
8212	0.025166	-0.026118	0.001376
8213	0.011726	0.008453	0.003453
8214	0.002510	-0.042396	0.008378
8215	-0.008320	0.005591	0.011113
8216	-0.020170	-0.008427	0.010776
8217	-0.023559	0.022776	0.012310
8218	-0.028225	0.041606	0.018929
8219	-0.030791	0.004642	0.012837
8220	-0.026562	-0.025812	0.017777
8221	-0.009210	-0.014341	0.016879
8222	0.002480	0.006793	0.025950
8223	0.007361	0.001661	0.030629
8224	0.014963	0.032036	0.030642
8225	0.025192	0.017973	0.032522
8226	0.026887	0.028835	0.031902
8227	0.023168	0.035874	0.037068
8228	0.022542	0.035830	0.046304
8229	0.034893	0.076480	0.050242
8230	0.044749	0.064032	0.049012
8231	0.061530	0.036364	0.048676
8232	0.060227	0.002520	0.039161
8233	0.066064	0.015426	0.036472
8234	0.078094	0.021162	0.043051
8235	0.096756	0.029559	0.053912
8236	0.107112	0.019647	0.068281
8237	0.114948	0.027494	0.076903
8238	0.106409	0.010675	0.079575
8239	0.097667	-0.000023	0.084312
8240	0.090583	0.011298	0.087818
8241	0.084633	0.009801	0.080468
8242	0.082749	-0.023776	0.081247
8243	0.084308	0.006476	0.078892
8244	0.095262	0.000254	0.071108
8245	0.101066	-0.014639	0.056381
8246	0.103762	-0.010384	0.038785
8247	0.105856	0.011909	0.033227
8248	0.095176	-0.023694	0.031361
8249	0.087112	-0.023887	0.040467
8250	0.083856	-0.030098	0.033593
8251	0.073704	-0.031941	0.029589
8252	0.063649	-0.017873	0.031761
8253	0.059795	-0.012874	0.037048
8254	0.056794	0.039475	0.025250
8255	0.058242	0.016888	0.019136
8256	0.052372	0.033198	0.012083
8257	0.056346	-0.005207	0.003524
8258	0.057630	0.034212	-0.004138
8259	0.059908	0.001518	-0.009309
8260	0.063641	0.012729	-0.014589
8261	0.060236	0.025333	-0.019407
8262	0.068926	0.035486	-0.017934
8263	0.068659	-0.010482	-0.016561
8264	0.066558	-0.000090	-0.001027
8265	0.061615	-0.021460	0.013947
8266	0.051268	0.014030	0.019756
8267	0.043029	0.032152	0.026054
8268	0.037789	-0.015688	0.030272
8269	0.025544	-0.009932	0.033010
8270	0.010695	-0.013655	0.029403
8271	0.003581	-0.008586	0.018250
8272	0.015002	0.025945	0.015766
8273	0.013758	-0.012829	0.011710
8274	0.017775	-0.017923	-0.002752
8275	0.017712	-0.005032	-0.011544
8276	0.024807	-0.011051	-0.027399
8277	0.031896	-0.008181	-0.040528
8278	0.032310	-0.033545	-0.049216
8279	0.026022	-0.031163	-0.054959
8280	0.021289	-0.019261	-0.056417
8281	0.004061	-0.007212	-0.052834
8282	-0.005149	-0.002189	-0.051807
8283	-0.016095	-0.024956	-0.054136
8284	-0.023292	-0.012622	-0.050266
8285	-0.016536	-0.041194	-0.057046
8286	-0.010137	-0.002238	-0.052755
8287	-0.008575	-0.016089	-0.055130
8288	-0.027689	-0.035180	-0.047331
8289	-0.049817	-0.000698	-0.032392
8290	-0.066601	-0.010265	-0.016823
8291	-0.057366	0.001516	-0.010975
8292	-0.060754	-0.036083	0.001913
8293	-0.060956	-0.062242	0.019396
8294	-0.052326	-0.017782	0.044820
8295	-0.055452	0.028538	0.056703
8296	-0.054751	-0.028657	0.060868
8297	-0.052493	0.009629	0.066553
8298	-0.047784	0.011760	0.068593
8299	-0.046380	-0.002684	0.065674
8300	-0.037447	0.029662	0.064641
8301	-0.039961	-0.002085	0.057961
8302	-0.051690	-0.055486	0.057523
8303	-0.062849	-0.056345	0.054848
8304	-0.081067	-0.023171	0.046967
8305	-0.083114	-0.031719	0.038704
8306	-0.092307	-0.017511	0.025893
8307	-0.090545	0.017010	0.021082
8308	-0.085333	0.000753	0.017724
8309	-0.074442	-0.006353	0.010546
8310	-0.072091	0.024521	0.003432
8311	-0.067271	0.003070	0.014972
8312	-0.067742	-0.008035	0.017532
8313	-0.060372	-0.010046	0.015230
8314	-0.062107	-0.007851	0.021361
8315	-0.063729	0.040147	0.024571
8316	-0.063327	0.034123	0.036444
8317	-0.060514	0.035473	0.040142
8318	-0.053025	-0.002337	0.036088
8319	-0.049710	0.049972	0.034128
8320	-0.042715	0.006246	0.045992
8321	-0.040051	0.003123	0.044145
8322	-0.039165	0.011517	0.049548
8323	-0.037358	-0.010559	0.057635
8324	-0.035100	0.015072	0.073408
8325	-0.017266	-0.007802	0.081078
8326	-0.008735	0.020244	0.096658
8327	0.013533	0.027742	0.110016
8328	0.030371	-0.012273	0.125097
8329	0.039702	-0.046609	0.133419
8330	0.044086	-0.087221	0.131087
8331	0.027819	-0.049758	0.131919
8332	0.013158	-0.034923	0.140537
8333	0.008976	-0.037986	0.137109
8334	-0.001787	-0.042643	0.138433
8335	-0.012085	-0.031393	0.133549
8336	-0.015384	-0.015612	0.124420
8337	-0.021028	0.043939	0.102342
8338	-0.024463	0.017810	0.092519
8339	-0.031829	0.056793	0.083419
8340	-0.026723	0.012842	0.074879
8341	-0.029149	-0.006172	0.069060
8342	-0.034257	0.009728	0.056978
8343	-0.037088	-0.018429	0.050573
8344	-0.033673	-0.028231	0.042269
8345	-0.033050	-0.009813	0.033668
8346	-0.027097	-0.022355	0.038990
8347	-0.027037	-0.033064	0.028215
8348	-0.036088	-0.053126	0.033799
8349	-0.033356	-0.015733	0.030864
8350	-0.022545	-0.013220	0.037861
8351	-0.016784	-0.062917	0.032831
8352	-0.002621	-0.071394	0.031856
8353	0.000480	-0.014590	0.030079
8354	-0.001373	0.011904	0.029665
8355	-0.008384	-0.026043	0.025527
8356	-0.011687	-0.034601	0.028433
8357	-0.013166	-0.023093	0.023633
8358	-0.017032	-0.018465	0.030547
8359	-0.016022	-0.016934	0.050504
8360	-0.013068	0.024934	0.058476
8361	-0.007659	-0.027204	0.067276
8362	-0.020141	-0.006951	0.073075
8363	-0.036784	0.017516	0.081765
8364	-0.044465	0.023352	0.103584
8365	-0.044332	0.003432	0.106398
8366	-0.041747	0.023422	0.113370
8367	-0.027627	0.026649	0.117002
8368	-0.021297	0.012587	0.115314
8369	0.002936	-0.001460	0.110637
8370	0.012547	0.023120	0.088010
8371	0.023373	0.011980	0.073500
8372	0.028369	-0.023901	0.069603
8373	0.037646	0.006382	0.052300
8374	0.046019	0.001870	0.049883
8375	0.042490	0.011850	0.047584
8376	0.042830	0.019444	0.034115
8377	0.048385	0.017191	0.030596
8378	0.055072	0.059569	0.033498
8379	0.057465	0.017893	0.027214
8380	0.037364	-0.005258	0.033401
8381	0.030837	0.003800	0.033145
8382	0.031240	0.029353	0.029372
8383	0.044498	0.029820	0.013970
8384	0.043699	0.018104	0.008674
8385	0.054471	0.019156	0.009328
8386	0.067578	0.021051	0.011533
8387	0.072606	-0.000357	0.013549
8388	0.086829	0.030213	0.015892
8389	0.087863	-0.004679	0.022448
8390	0.093967	0.040152	0.022471
8391	0.098417	0.008583	0.016017
8392	0.118592	0.030600	0.010695
8393	0.133773	-0.009921	0.010401
8394	0.129441	-0.027932	0.016804
8395	0.130279	0.021118	0.009829
8396	0.125178	-0.012078	0.013400
8397	0.116346	0.007345	0.004701
8398	0.126670	-0.001739	0.019492
8399	0.124881	0.014599	0.024564
8400	0.113201	-0.024256	0.036404
8401	0.105895	-0.035173	0.049476
8402	0.102452	0.014657	0.064000
8403	0.096911	-0.021716	0.071796
8404	0.086083	-0.011764	0.077918
8405	0.085733	-0.043596	0.092344
8406	0.078861	-0.026106	0.081961
8407	0.064487	-0.007983	0.090253
8408	0.056960	0.013217	0.103460
8409	0.061568	0.036998	0.108365
8410	0.057642	0.040432	0.097033
8411	0.057354	0.060846	0.097600
8412	0.046838	0.043502	0.091553
8413	0.030437	0.046655	0.088833
8414	0.016484	0.015764	0.082192
8415	0.000390	-0.004709	0.074721
8416	-0.021835	-0.009783	0.059505
8417	-0.045124	0.019532	0.045858
8418	-0.055960	-0.012826	0.036517
8419	-0.059631	-0.014850	0.032110
8420	-0.065785	-0.028408	0.034866
8421	-0.050295	-0.018220	0.049570
8422	-0.040485	-0.000082	0.054260
8423	-0.030450	-0.019398	0.057318
8424	-0.023588	0.015728	0.062469
8425	-0.011865	0.016405	0.061306
8426	0.004588	0.048280	0.072149
8427	0.004979	0.005496	0.076063
8428	0.006164	0.051207	0.091299
8429	-0.011084	-0.020231	0.106517
8430	-0.017000	-0.051249	0.110986
8431	-0.020229	-0.032531	0.129297
8432	-0.033899	-0.030538	0.133390
8433	-0.044156	-0.030704	0.143306
8434	-0.054732	-0.001959	0.157383
8435	-0.061995	-0.003116	0.161594
8436	-0.074365	0.007019	0.166089
8437	-0.087656	-0.019059	0.168966
8438	-0.094073	-0.038567	0.156662
8439	-0.107497	-0.052606	0.144349
8440	-0.115307	-0.023446	0.128177
8441	-0.116804	-0.015894	0.115846
8442	-0.112700	0.012316	0.095157
8443	-0.096857	0.028088	0.080101
8444	-0.091994	-0.000074	0.059545
8445	-0.087532	-0.023797	0.038625
8446	-0.081931	0.000820	0.029044
8447	-0.076037	0.029883	0.020325
8448	-0.059164	-0.021152	0.012984
8449	-0.048167	-0.034513	-0.001258
8450	-0.037734	-0.025143	-0.002981
8451	-0.030180	-0.040746	-0.000867
8452	-0.032971	-0.008666	0.002192
8453	-0.034069	-0.005967	0.018356
8454	-0.031000	0.014090	0.017138
8455	-0.030963	0.012944	0.034371
8456	-0.027660	0.041968	0.043770
8457	-0.030215	0.019053	0.063838
8458	-0.015975	0.025008	0.069098
8459	-0.006857	0.042932	0.078641
8460	-0.011036	0.032628	0.091544
8461	0.002022	0.016198	0.102284
8462	0.008532	0.063333	0.092738
8463	0.015615	0.017151	0.085891
8464	-0.001355	0.053676	0.071740
8465	-0.014615	-0.020802	0.070753
8466	-0.020977	-0.051899	0.074358
8467	-0.035444	-0.029720	0.069604
8468	-0.040392	-0.032109	0.073493
8469	-0.052493	-0.016849	0.059256
8470	-0.070365	-0.005556	0.043846
8471	-0.077381	-0.077250	0.039626
8472	-0.079155	-0.042287	0.032162
8473	-0.080968	-0.033901	0.015591
8474	-0.088270	0.018635	0.003037
8475	-0.090865	0.006177	0.005544
8476	-0.094019	0.019897	0.006613
8477	-0.097006	0.027082	0.012546
8478	-0.106533	0.003402	0.017816
8479	-0.114282	-0.007506	0.010587
8480	-0.131847	-0.027018	-0.007494
8481	-0.147119	-0.016924	-0.007010
8482	-0.167214	-0.024390	-0.001713
8483	-0.181957	-0.030882	0.001749
8484	-0.201124	-0.088110	-0.003079
8485	-0.208987	-0.054068	-0.018302
8486	-0.199664	-0.048036	-0.035056
8487	-0.195990	-0.015524	-0.052028
8488	-0.176118	0.001299	-0.061348
8489	-0.149881	-0.047891	-0.081200
8490	-0.134066	-0.038167	-0.101355
8491	-0.124982	0.004250	-0.104654
8492	-0.116710	-0.037464	-0.114455
8493	-0.100589	-0.028800	-0.114697
8494	-0.076854	0.011311	-0.106622
8495	-0.064289	0.020279	-0.110394
8496	-0.059145	0.009766	-0.110311
8497	-0.059243	-0.021525	-0.100473
8498	-0.057160	-0.057860	-0.102950
8499	-0.052110	-0.059453	-0.104280
8500	-0.038052	-0.017130	-0.085847
8501	-0.021324	-0.032806	-0.074968
8502	-0.017255	-0.028601	-0.076347
8503	-0.007363	-0.005680	-0.074609
8504	-0.003522	-0.031713	-0.082329
8505	-0.003628	-0.006115	-0.079000
8506	-0.011642	0.030762	-0.081699
8507	-0.020793	0.038785	-0.090291
8508	-0.027896	0.041388	-0.096997
8509	-0.043343	0.009346	-0.095244
8510	-0.061681	0.003512	-0.086898
8511	-0.078631	0.034984	-0.085620
8512	-0.083538	0.057762	-0.095846
8513	-0.080330	0.003353	-0.112031
8514	-0.075784	0.005495	-0.110428
8515	-0.081324	0.016498	-0.104523
8516	-0.087976	-0.004481	-0.106583
8517	-0.097319	0.002650	-0.100221
8518	-0.096436	-0.005969	-0.084797
8519	-0.093593	0.013559	-0.072570
8520	-0.101361	0.015453	-0.067599
8521	-0.106056	0.022299	-0.064683
8522	-0.104558	0.004019	-0.052052
8523	-0.104777	0.053747	-0.051948
8524	-0.114871	0.023401	-0.046471
8525	-0.136460	0.020220	-0.053484
8526	-0.150900	0.008248	-0.055526
8527	-0.151128	0.001146	-0.054860
8528	-0.140970	0.015824	-0.034317
8529	-0.136404	0.029151	-0.030755
8530	-0.134414	0.025436	-0.030436
8531	-0.143640	0.013239	-0.035305
8532	-0.143879	0.009619	-0.020476
8533	-0.140521	-0.016689	-0.027184
8534	-0.140132	-0.023154	-0.024463
8535	-0.140304	-0.045405	-0.023998
8536	-0.139899	-0.043564	-0.022052
8537	-0.122378	-0.017726	-0.020569
8538	-0.105988	-0.025209	-0.010237
8539	-0.083124	-0.030126	-0.001669
8540	-0.058874	-0.047054	-0.000710
8541	-0.040659	-0.023024	0.007946
8542	-0.017531	0.007556	0.014758
8543	0.001803	-0.008373	0.009346
8544	0.018111	0.014283	0.011371
8545	0.035589	0.034134	-0.003617
8546	0.051206	0.014924	-0.012551
8547	0.054749	0.000774	-0.016708
8548	0.050062	0.013594	-0.009798
8549	0.028976	-0.010831	-0.007798
8550	0.016101	0.015307	-0.006029
8551	0.009107	-0.024018	-0.003415
8552	0.004590	-0.073159	-0.009781
8553	0.010530	-0.049280	-0.007974
8554	0.010733	-0.043409	-0.011985
8555	0.038379	-0.007385	-0.021161
8556	0.053870	0.019880	-0.030082
8557	0.045247	0.035911	-0.058259
8558	0.055439	0.000474	-0.071853
8559	0.043570	-0.016907	-0.092463
8560	0.029599	0.024610	-0.100416
8561	0.024920	0.016507	-0.112199
8562	0.034089	-0.013881	-0.116437
8563	0.038586	0.017361	-0.118691
8564	0.039020	0.035719	-0.127642
8565	0.037773	0.016570	-0.126576
8566	0.023685	0.034270	-0.124177
8567	0.019236	0.028783	-0.127090
8568	0.024199	0.052574	-0.130127
8569	0.024054	0.042757	-0.134392
8570	0.024263	0.014156	-0.144026
8571	0.028298	0.016569	-0.137091
8572	0.031681	0.024435	-0.151409
8573	0.032812	0.001456	-0.145686
8574	0.033374	-0.003031	-0.131616
8575	0.026748	-0.017577	-0.129225
8576	0.008466	-0.031073	-0.120249
8577	0.012437	-0.029289	-0.120487
8578	0.018613	-0.003975	-0.118753
8579	0.023943	0.002001	-0.120327
8580	0.017961	0.039804	-0.121785
8581	0.018008	0.039140	-0.116572
8582	0.007131	0.028877	-0.109389
8583	0.001272	0.040774	-0.111578
8584	0.001634	0.045354	-0.103997
8585	-0.009129	0.055907	-0.098359
8586	-0.011451	0.064313	-0.091512
8587	-0.022105	0.036302	-0.081218
8588	-0.009438	-0.042370	-0.081747
8589	0.004259	-0.007164	-0.086808
8590	0.018875	-0.022065	-0.096835
8591	0.028943	0.003182	-0.114442
8592	0.028278	-0.021265	-0.109954
8593	0.035299	0.010219	-0.112313
8594	0.047700	0.025593	-0.120021
8595	0.057229	-0.005717	-0.118184
8596	0.067005	0.043368	-0.122798
8597	0.070171	0.026546	-0.117724
8598	0.077851	0.044670	-0.113931
8599	0.081106	-0.011586	-0.108231
8600	0.080124	0.000585	-0.105832
8601	0.072924	0.053764	-0.118332
8602	0.074423	0.015766	-0.119904
8603	0.066031	0.015564	-0.119248
8604	0.064954	0.015029	-0.112030
8605	0.058837	0.022619	-0.108596
8606	0.060928	-0.006801	-0.113225
8607	0.054460	0.022814	-0.098252
8608	0.032912	0.005277	-0.094114
8609	0.003989	-0.004089	-0.110399
8610	-0.002352	-0.016225	-0.117418
8611	-0.001240	0.008079	-0.132653
8612	-0.005809	0.011501	-0.126840
8613	-0.015888	0.040452	-0.130069
8614	-0.014719	0.008353	-0.119447
8615	-0.020328	-0.003531	-0.113335
8616	-0.019205	-0.016675	-0.113782
8617	-0.020206	0.025799	-0.114689
8618	-0.019792	0.007874	-0.120087
8619	-0.015493	0.018968	-0.112430
8620	-0.009572	-0.020496	-0.106959
8621	-0.011145	0.002534	-0.105628
8622	-0.014718	0.022692	-0.115599
8623	-0.022181	0.032081	-0.120435
8624	-0.030480	0.023940	-0.117700
8625	-0.041517	-0.014261	-0.108044
8626	-0.051528	-0.022544	-0.100524
8627	-0.058800	-0.039008	-0.101753
8628	-0.070784	-0.029415	-0.090137
8629	-0.078280	0.026493	-0.094445
8630	-0.087567	-0.032403	-0.090463
8631	-0.101975	-0.012390	-0.088674
8632	-0.135169	-0.002486	-0.080801
8633	-0.161212	0.010485	-0.071762
8634	-0.163150	0.003434	-0.066694
8635	-0.157402	-0.017570	-0.053823
8636	-0.142553	0.020883	-0.060559
8637	-0.129787	-0.025103	-0.065291
8638	-0.129875	-0.043937	-0.055854
8639	-0.128420	-0.029513	-0.050153
8640	-0.143424	0.001651	-0.052508
8641	-0.142971	-0.039584	-0.050982
8642	-0.150251	-0.006388	-0.055887
8643	-0.146976	-0.021677	-0.067289
8644	-0.138010	0.022723	-0.078518
8645	-0.133414	0.001151	-0.082096
8646	-0.130505	0.011545	-0.065054
8647	-0.115823	0.031495	-0.066113
8648	-0.105921	0.014217	-0.063146
8649	-0.092889	0.013318	-0.063653
8650	-0.079829	0.034112	-0.053519
8651	-0.057364	0.019504	-0.048602
8652	-0.040207	0.032455	-0.044692
8653	-0.041647	0.008757	-0.048382
8654	-0.033800	0.000869	-0.036323
8655	-0.021536	-0.015946	-0.039906
8656	-0.013318	-0.029301	-0.047223
8657	-0.007380	-0.013398	-0.038827
8658	-0.003097	0.034553	-0.036091
8659	0.004008	0.044085	-0.023769
8660	0.011753	0.057440	-0.018317
8661	0.002010	0.032828	-0.024985
8662	-0.003425	0.063853	-0.031520
8663	0.000233	0.029898	-0.020787
8664	-0.010789	0.021664	-0.022265
8665	-0.012925	0.008449	-0.017216
8666	-0.011339	0.020191	-0.028923
8667	-0.007272	0.042701	-0.036117
8668	-0.007809	0.015918	-0.047714
8669	-0.017928	-0.001138	-0.046086
8670	-0.013169	0.008324	-0.040544
8671	0.003542	0.033377	-0.035258
8672	0.018139	0.025083	-0.033997
8673	0.016077	0.019257	-0.031686
8674	0.003431	0.012278	-0.028662
8675	-0.010783	0.021610	-0.022872
8676	-0.014421	0.047934	-0.027984
8677	-0.022611	-0.003874	-0.029390
8678	-0.036778	0.016635	-0.042255
8679	-0.058664	0.006064	-0.038566
8680	-0.064812	0.001427	-0.040660
8681	-0.078358	0.003617	-0.044060
8682	-0.094090	0.011177	-0.038126
8683	-0.099388	0.025077	-0.048527
8684	-0.092764	0.005872	-0.047429
8685	-0.100568	0.018451	-0.046004
8686	-0.107658	-0.009549	-0.037410
8687	-0.104544	0.053859	-0.041517
8688	-0.098801	0.014506	-0.039538
8689	-0.085601	-0.037722	-0.053110
8690	-0.065977	-0.043038	-0.056341
8691	-0.043732	-0.022126	-0.052592
8692	-0.026068	0.033637	-0.046568
8693	-0.016789	0.024057	-0.043115
8694	-0.012080	0.005053	-0.048426
8695	0.000470	0.047450	-0.052201
8696	0.008332	0.072325	-0.049432
8697	-0.010835	0.076916	-0.057527
8698	-0.016329	0.031953	-0.051003
8699	-0.004192	0.058951	-0.044479
8700	0.007860	0.037919	-0.026979
8701	0.018756	0.052408	-0.014769
8702	0.034999	0.018270	-0.013427
8703	0.055497	-0.005913	0.001234
8704	0.073049	0.000822	0.007067
8705	0.078969	0.017095	0.017084
8706	0.086518	-0.006612	0.034931
8707	0.094825	-0.003475	0.039998
8708	0.098737	-0.026950	0.041867
8709	0.104558	-0.014711	0.052908
8710	0.100951	0.017274	0.057595
8711	0.096583	-0.012936	0.056882
8712	0.092977	-0.004751	0.067875
8713	0.096255	-0.018944	0.083193
8714	0.106624	0.013425	0.084604
8715	0.113295	-0.000882	0.077982
8716	0.114195	-0.021067	0.071291
8717	0.117564	0.008521	0.073475
8718	0.121634	-0.023190	0.081594
8719	0.125195	-0.003411	0.062775
8720	0.132292	0.026135	0.061881
8721	0.129807	0.010533	0.073637
8722	0.117815	0.046741	0.082054
8723	0.116467	0.010184	0.090716
8724	0.110921	0.009329	0.089079
8725	0.096310	-0.008155	0.084419
8726	0.097869	0.020906	0.097221
8727	0.101274	0.001141	0.095433
8728	0.105483	-0.005380	0.093370
8729	0.104193	-0.044851	0.093370
8730	0.114541	-0.023356	0.084014
8731	0.125467	0.006587	0.088576
8732	0.127003	-0.032920	0.097413
8733	0.124006	-0.016337	0.110880
8734	0.127172	-0.012945	0.115092
8735	0.123038	-0.018666	0.110794
8736	0.127625	0.013873	0.116746
8737	0.116768	-0.019375	0.117099
8738	0.108141	0.033622	0.124189
8739	0.101856	0.003038	0.120311
8740	0.105694	0.004899	0.095798
8741	0.104324	-0.033956	0.077631
8742	0.105771	-0.026882	0.074017
8743	0.094705	-0.016540	0.054264
8744	0.086484	-0.033695	0.053313
8745	0.096677	-0.024913	0.052680
8746	0.100082	-0.021439	0.042274
8747	0.103713	-0.012040	0.030368
8748	0.093087	0.026703	0.026299
8749	0.085573	0.023447	0.032727
8750	0.083089	0.005178	0.026960
8751	0.078282	-0.017320	0.033901
8752	0.060874	-0.041607	0.020429
8753	0.040565	-0.002244	0.030642
8754	0.051925	-0.022960	0.011683
8755	0.050908	0.016796	0.001024
8756	0.050727	0.043963	0.007156
8757	0.058077	0.034635	0.014967
8758	0.058310	0.009613	0.016880
8759	0.057651	-0.036970	0.019664
8760	0.042364	0.015190	0.017002
8761	0.015842	-0.026127	0.014224
8762	0.001917	0.002374	0.007295
8763	-0.003420	-0.000726	0.006954
8764	-0.011740	0.027219	0.013400
8765	-0.021936	0.071428	0.017284
8766	-0.034117	0.057247	0.039310
8767	-0.036551	-0.020789	0.039143
8768	-0.043275	-0.033072	0.055156
8769	-0.053518	0.038340	0.046401
8770	-0.063042	0.014301	0.040687
8771	-0.068059	-0.021078	0.041142
8772	-0.078974	-0.014352	0.039195
8773	-0.088662	-0.061099	0.023289
8774	-0.093463	-0.068666	0.009165
8775	-0.093791	-0.095294	0.001011
8776	-0.082483	-0.027309	-0.013917
8777	-0.077592	-0.030338	-0.020211
8778	-0.082101	-0.008475	-0.014043
8779	-0.082078	-0.027776	-0.007242
8780	-0.069652	-0.051188	0.000520
8781	-0.064782	-0.034711	-0.001967
8782	-0.048115	-0.014861	0.003212
8783	-0.027979	-0.026050	0.017653
8784	-0.018932	-0.064904	0.016080
8785	-0.012535	-0.041573	0.019038
8786	0.002837	-0.042010	0.003108
8787	0.008968	-0.046415	-0.001521
8788	0.005889	-0.018634	-0.001772
8789	0.008458	-0.006096	-0.012089
8790	0.004432	0.007853	-0.022521
8791	0.003424	-0.020323	-0.029943
8792	0.003322	-0.054167	-0.030174
8793	0.004222	-0.001796	-0.022737
8794	-0.003051	0.003934	-0.011109
8795	0.005228	0.012301	-0.011111
8796	0.014162	-0.007946	-0.010446
8797	0.021797	0.018857	0.000541
8798	0.022986	0.001106	0.010724
8799	0.021678	-0.008121	0.032009
8800	0.018723	0.003266	0.040725
8801	0.006936	0.025513	0.047707
8802	-0.009313	0.059739	0.049144
8803	-0.020205	0.051011	0.059578
8804	-0.019988	0.012727	0.073251
8805	-0.023893	0.034748	0.089005
8806	-0.036217	0.041459	0.097295
8807	-0.041662	0.025032	0.103288
8808	-0.056199	0.012080	0.097117
8809	-0.068445	0.045234	0.104998
8810	-0.078890	-0.017947	0.108665
8811	-0.086592	-0.003955	0.110548
8812	-0.071614	-0.041195	0.114729
8813	-0.065978	-0.054084	0.101182
8814	-0.063326	-0.009353	0.090826
8815	-0.063081	-0.018271	0.070899
8816	-0.067531	-0.020333	0.063677
8817	-0.074608	-0.016884	0.071935
8818	-0.087349	0.001045	0.077889
8819	-0.096855	0.054182	0.087929
8820	-0.093608	0.029369	0.087166
8821	-0.078751	0.013743	0.073640
8822	-0.068053	0.034061	0.064277
8823	-0.050830	0.026832	0.067629
8824	-0.034042	0.001951	0.075408
8825	-0.037773	0.033141	0.081035
8826	-0.046079	0.007887	0.085035
8827	-0.053619	-0.008451	0.070804
8828	-0.051468	-0.004386	0.058650
8829	-0.048045	-0.020756	0.042191
8830	-0.047579	0.006817	0.023822
8831	-0.055770	-0.000429	0.020498
8832	-0.051934	0.006529	0.011427
8833	-0.055783	0.036707	-0.000028
8834	-0.058411	0.028560	0.004995
8835	-0.062570	-0.002954	0.009353
8836	-0.075121	0.004190	0.016197
8837	-0.076575	-0.005925	0.018782
8838	-0.068455	0.066966	0.022245
8839	-0.063016	0.025968	0.037268
8840	-0.073027	0.050668	0.043218
8841	-0.066852	0.068288	0.048559
8842	-0.071535	0.017927	0.051603
8843	-0.094572	-0.035163	0.052600
8844	-0.107010	-0.023737	0.061755
8845	-0.100340	-0.037638	0.066053
8846	-0.108369	-0.049283	0.054560
8847	-0.107932	-0.008306	0.055776
8848	-0.104610	-0.002341	0.053722
8849	-0.094807	-0.016500	0.053819
8850	-0.080482	0.025017	0.044968
8851	-0.081418	-0.004300	0.043631
8852	-0.085728	0.007694	0.034554
8853	-0.079638	0.015168	0.025343
8854	-0.072812	0.009283	0.022778
8855	-0.063165	0.023697	0.023132
8856	-0.050346	-0.032707	0.002548
8857	-0.034250	0.031453	-0.015214
8858	-0.023165	0.021700	-0.029832
8859	-0.019262	0.010773	-0.052761
8860	-0.008886	0.023521	-0.073088
8861	0.004010	0.007878	-0.103112
8862	0.025175	0.000159	-0.123880
8863	0.036139	0.015416	-0.110535
8864	0.049513	-0.021935	-0.110598
8865	0.077345	-0.035025	-0.101239
8866	0.091283	-0.008393	-0.099779
8867	0.110207	0.030784	-0.083287
8868	0.104212	0.011590	-0.082403
8869	0.095349	-0.022648	-0.069740
8870	0.101387	-0.013348	-0.069791
8871	0.110038	-0.050440	-0.076014
8872	0.111864	-0.027854	-0.068720
8873	0.112003	-0.036306	-0.088525
8874	0.104569	-0.004822	-0.092364
8875	0.099408	-0.029334	-0.103738
8876	0.096616	-0.016281	-0.116545
8877	0.091713	-0.017925	-0.137273
8878	0.073273	-0.016556	-0.150978
8879	0.066113	-0.004363	-0.166845
8880	0.072820	-0.032243	-0.175431
8881	0.063077	0.006218	-0.180632
8882	0.073692	-0.048449	-0.188090
8883	0.080803	-0.014846	-0.195959
8884	0.092746	0.006584	-0.200508
8885	0.111069	-0.020285	-0.185472
8886	0.119302	-0.037258	-0.179552
8887	0.125412	-0.020021	-0.167069
8888	0.134334	0.006731	-0.156365
8889	0.138866	-0.007216	-0.130687
8890	0.161026	0.026171	-0.122903
8891	0.153373	0.034859	-0.114367
8892	0.146109	0.045025	-0.112970
8893	0.156069	0.028562	-0.117355
8894	0.154234	-0.004775	-0.118986
8895	0.164477	0.009294	-0.117176
8896	0.180887	-0.021195	-0.129635
8897	0.194020	0.020863	-0.146472
8898	0.211680	0.073777	-0.143547
8899	0.203309	0.028428	-0.145274
8900	0.199991	0.000137	-0.147205
8901	0.195439	0.042624	-0.154290
8902	0.189274	0.015912	-0.156386
8903	0.193173	0.013505	-0.170462
8904	0.194661	-0.013585	-0.180281
8905	0.192335	0.004480	-0.178748
8906	0.180538	0.014404	-0.196833
8907	0.172922	0.008893	-0.210486
8908	0.169189	0.033912	-0.211161
8909	0.157484	-0.000750	-0.213009
8910	0.145512	-0.018986	-0.214495
8911	0.148464	-0.006166	-0.202465
8912	0.151333	0.025718	-0.201388
8913	0.145280	0.016550	-0.188950
8914	0.143883	-0.010662	-0.187225
8915	0.141697	-0.039228	-0.164464
8916	0.137969	-0.021667	-0.136819
8917	0.142826	-0.014892	-0.109317
8918	0.133873	-0.013669	-0.094198
8919	0.113475	0.011523	-0.077187
8920	0.079765	0.011147	-0.059255
8921	0.049742	-0.031790	-0.048007
8922	0.026848	-0.023340	-0.042619
8923	0.004071	-0.048761	-0.045586
8924	-0.006739	-0.018615	-0.061870
8925	-0.018446	-0.026617	-0.051689
8926	-0.022706	-0.019805	-0.038849
8927	-0.024061	-0.071027	-0.037754
8928	-0.027708	-0.047103	-0.047606
8929	-0.034292	-0.043151	-0.055086
8930	-0.039882	0.044632	-0.048291
8931	-0.037533	0.005896	-0.046990
8932	-0.020815	-0.026123	-0.033863
8933	0.000924	0.000165	-0.026631
8934	0.007449	0.013785	-0.022092
8935	0.009384	-0.010603	-0.011270
8936	0.014275	0.008480	-0.004418
8937	0.020801	0.017506	-0.003807
8938	0.015719	-0.003238	0.000850
8939	0.010219	-0.001493	0.011726
8940	0.003472	-0.040117	0.022285
8941	-0.004401	0.026061	0.039709
8942	-0.011321	0.023775	0.064543
8943	-0.005720	0.016893	0.081038
8944	0.001318	-0.016666	0.091756
8945	-0.001086	0.062114	0.105981
8946	-0.006067	0.056813	0.112533
8947	-0.011989	0.041891	0.115995
8948	-0.009993	0.024269	0.116239
8949	0.001422	-0.025503	0.116887
8950	0.010495	-0.028302	0.128360
8951	0.017957	-0.031560	0.121082
8952	0.010204	0.000004	0.115354
8953	0.001881	-0.024330	0.106767
8954	-0.008737	-0.043092	0.108213
8955	-0.018650	-0.012339	0.104285
8956	-0.007181	0.001963	0.110295
8957	0.002925	-0.015938	0.119360
8958	0.006317	-0.000078	0.117492
8959	0.014555	-0.005014	0.119762
8960	0.021703	-0.027725	0.135543
8961	0.026240	0.016111	0.138390
8962	0.014634	0.037480	0.139767
8963	0.002427	-0.000322	0.145394
8964	0.007958	0.011023	0.145549
8965	0.000789	-0.029993	0.144723
8966	-0.010133	-0.011051	0.161251
8967	-0.009816	0.015897	0.158275
8968	-0.003859	0.023032	0.155508
8969	-0.003203	0.006185	0.151045
8970	-0.010136	0.060691	0.166287
8971	-0.009008	0.001036	0.172615
8972	-0.028297	0.034859	0.177635
8973	-0.058451	0.056220	0.172797
8974	-0.064668	-0.021814	0.161697
8975	-0.081581	-0.032974	0.148757
8976	-0.110042	-0.033721	0.158129
8977	-0.126441	-0.017718	0.153253
8978	-0.142800	0.031883	0.151629
8979	-0.170686	0.018592	0.145962
8980	-0.180337	-0.003477	0.140350
8981	-0.178842	0.025545	0.123450
8982	-0.173303	-0.017349	0.114848
8983	-0.171691	-0.045718	0.099661
8984	-0.161512	-0.008503	0.102618
8985	-0.156043	0.050981	0.110370
8986	-0.161761	0.045266	0.109364
8987	-0.175231	0.043257	0.110458
8988	-0.187459	0.022765	0.105594
8989	-0.201859	-0.005277	0.075895
8990	-0.210038	0.014381	0.065008
8991	-0.214512	0.006411	0.057932
8992	-0.216353	-0.032832	0.072564
8993	-0.217767	-0.016445	0.062632
8994	-0.215795	0.023191	0.054335
8995	-0.224986	0.043062	0.035756
8996	-0.234708	0.012874	0.023803
8997	-0.235348	0.006829	0.023757
8998	-0.233667	0.004146	0.015466
8999	-0.227590	0.033264	0.013609
9000	-0.218899	0.030213	0.014148
9001	-0.188864	0.018764	0.020863
9002	-0.170781	0.017291	0.026791
9003	-0.155496	-0.016437	0.025859
9004	-0.149143	0.012679	0.024026
9005	-0.145674	0.018213	0.028267
9006	-0.138046	-0.007865	0.031353
9007	-0.115450	-0.035183	0.033183
9008	-0.099030	-0.027056	0.057956
9009	-0.083904	-0.034585	0.063046
9010	-0.053972	-0.039326	0.068448
9011	-0.020602	-0.052233	0.063073
9012	-0.002055	0.026075	0.056328
9013	0.027064	-0.029858	0.051370
9014	0.035626	-0.028136	0.056790
9015	0.025285	-0.008167	0.051242
9016	0.019689	0.033398	0.058160
9017	0.015684	0.042755	0.042074
9018	0.009532	-0.025351	0.027102
9019	-0.002037	-0.065352	0.027742
9020	-0.013177	-0.040568	0.018939
9021	-0.037486	-0.036437	0.018800
9022	-0.057296	-0.041068	0.008570
9023	-0.073327	-0.039965	0.014431
9024	-0.069797	-0.048275	0.025144
9025	-0.075918	-0.008330	0.022073
9026	-0.078918	0.006947	0.051839
9027	-0.088457	0.030913	0.063272
9028	-0.097809	-0.004345	0.069855
9029	-0.099906	0.006177	0.077008
9030	-0.101035	-0.012015	0.101229
9031	-0.108550	-0.002974	0.109660
9032	-0.109572	-0.043090	0.115111
9033	-0.111149	-0.036104	0.121385
9034	-0.107496	-0.040476	0.135508
9035	-0.083788	-0.016890	0.157017
9036	-0.051970	-0.009345	0.192672
9037	-0.031471	-0.001593	0.207683
9038	-0.024550	0.004868	0.237602
9039	-0.003297	-0.016468	0.248628
9040	-0.000933	0.004721	0.269554
9041	0.015644	0.048875	0.266235
9042	0.019470	0.020574	0.261136
9043	0.014292	0.069763	0.266993
9044	0.012112	-0.010130	0.252827
9045	0.013364	-0.013996	0.258934
9046	0.009847	-0.029559	0.252768
9047	-0.011205	-0.021022	0.234996
9048	-0.005088	0.005339	0.224935
9049	-0.012633	-0.069807	0.226938
9050	-0.041761	-0.019941	0.225508
9051	-0.063361	-0.045883	0.241483
9052	-0.086551	-0.041057	0.242845
9053	-0.105773	-0.000904	0.238073
9054	-0.119146	-0.017386	0.237676
9055	-0.133417	-0.037698	0.228410
9056	-0.128032	-0.014561	0.224885
9057	-0.137885	-0.028363	0.238185
9058	-0.128974	0.009232	0.256398
9059	-0.128504	0.054925	0.255587
9060	-0.136088	-0.005953	0.267022
9061	-0.133985	-0.018600	0.273115
9062	-0.118419	-0.005314	0.274171
9063	-0.113999	-0.016130	0.256677
9064	-0.114796	-0.022973	0.265721
9065	-0.102946	0.009327	0.251563
9066	-0.099498	0.002970	0.247018
9067	-0.095547	0.040703	0.245798
9068	-0.095225	0.023694	0.227368
9069	-0.097912	-0.035341	0.224959
9070	-0.113317	-0.081516	0.221754
9071	-0.121033	-0.070118	0.220274
9072	-0.117784	-0.092001	0.211184
9073	-0.118350	-0.065588	0.205619
9074	-0.125982	-0.128491	0.159899
9075	-0.153250	-0.069659	0.136677
9076	-0.167007	-0.019801	0.128017
9077	-0.174676	-0.033334	0.102245
9078	-0.182713	-0.010998	0.073607
9079	-0.177549	-0.002871	0.057610
9080	-0.171908	-0.023754	0.032210
9081	-0.167863	0.001198	0.006747
9082	-0.178050	-0.030835	-0.010311
9083	-0.186013	-0.005861	-0.022896
9084	-0.195507	0.001994	-0.022089
9085	-0.207007	0.008452	-0.015913
9086	-0.221045	-0.032840	-0.025844
9087	-0.240956	-0.024311	-0.048668
9088	-0.255591	0.006724	-0.057691
9089	-0.262930	-0.017256	-0.051798
9090	-0.253352	0.075455	-0.042850
9091	-0.255469	0.086037	-0.038625
9092	-0.267962	0.089287	-0.021186
9093	-0.275615	0.061141	-0.016315
9094	-0.283420	0.091564	-0.019702
9095	-0.304197	0.109811	-0.018658
9096	-0.319709	0.017190	-0.018287
9097	-0.324492	0.012987	-0.018917
9098	-0.323083	0.068301	-0.044361
9099	-0.319457	0.078118	-0.051512
9100	-0.313584	0.074899	-0.075558
9101	-0.307267	0.075587	-0.080272
9102	-0.286932	0.050287	-0.081107
9103	-0.270572	0.015756	-0.090207
9104	-0.247864	0.025002	-0.087797
9105	-0.225637	0.017443	-0.087526
9106	-0.198539	-0.023972	-0.081306
9107	-0.164205	0.016027	-0.061700
9108	-0.153838	0.024057	-0.052132
9109	-0.138959	0.042806	-0.055129
9110	-0.124587	0.032920	-0.046416
9111	-0.109179	0.008517	-0.027704
9112	-0.096621	-0.003817	-0.008934
9113	-0.074445	-0.027466	-0.021448
9114	-0.051424	-0.020614	-0.042033
9115	-0.043399	0.019757	-0.055242
9116	-0.033388	0.104923	-0.054233
9117	-0.022196	0.069098	-0.052400
9118	-0.020168	-0.067618	-0.039234
9119	-0.003885	-0.030053	-0.023989
9120	0.008513	-0.053000	-0.027496
9121	0.007883	-0.002118	-0.033830
9122	0.008363	-0.016532	-0.033511
9123	0.021285	-0.003530	-0.043238
9124	0.031500	-0.006604	-0.035900
9125	0.027355	0.015972	-0.054104
9126	0.020635	0.037057	-0.056400
9127	-0.001882	0.013216	-0.069414
9128	-0.014149	0.010486	-0.076160
9129	-0.019295	-0.024055	-0.085244
9130	-0.019668	-0.040248	-0.093280
9131	-0.021119	0.006510	-0.091772
9132	-0.014933	-0.036953	-0.096493
9133	-0.016867	-0.039810	-0.097762
9134	-0.031296	-0.023829	-0.088699
9135	-0.035827	-0.040284	-0.087238
9136	-0.035394	-0.013910	-0.076247
9137	-0.045925	-0.036158	-0.075381
9138	-0.038829	-0.044150	-0.061493
9139	-0.026086	-0.048768	-0.063556
9140	-0.019129	-0.037294	-0.068601
9141	-0.013380	-0.075292	-0.088192
9142	0.006796	-0.036572	-0.093979
9143	0.011574	-0.052016	-0.085354
9144	0.015282	-0.050080	-0.078227
9145	0.017024	-0.050122	-0.047954
9146	0.014775	-0.111971	-0.026592
9147	0.017526	-0.047348	-0.022168
9148	0.024032	-0.030107	-0.002024
9149	0.022671	-0.038262	0.008262
9150	0.029350	-0.058011	0.014733
9151	0.022951	-0.077005	0.014641
9152	0.017894	-0.052072	0.011015
9153	0.020332	-0.042122	0.013959
9154	0.031225	-0.024566	0.012573
9155	0.044637	-0.013427	0.021027
9156	0.064571	-0.002067	0.022810
9157	0.081767	0.007850	0.030301
9158	0.082425	-0.033042	0.029794
9159	0.086017	-0.029724	0.029584
9160	0.100125	-0.022489	0.018415
9161	0.105556	-0.055778	0.003208
9162	0.124658	0.004294	-0.007731
9163	0.126334	0.025614	-0.017992
9164	0.123133	0.041385	0.017931
9165	0.136093	0.006163	0.034250
9166	0.126208	0.014257	0.040828
9167	0.103103	0.066544	0.043845
9168	0.087028	0.015322	0.050026
9169	0.073079	0.010844	0.049153
9170	0.062841	0.023862	0.067632
9171	0.050345	0.026363	0.048106
9172	0.041522	0.008567	0.047690
9173	0.043228	-0.014339	0.022652
9174	0.035670	0.027989	0.028554
9175	0.023930	-0.031040	0.022811
9176	0.018238	-0.012729	0.014970
9177	0.018006	-0.006617	-0.002958
9178	0.024311	-0.049264	0.008590
9179	0.027304	-0.050221	0.011205
9180	0.045720	-0.034516	0.015267
9181	0.046049	-0.018398	0.034789
9182	0.035304	-0.031650	0.044355
9183	0.028899	-0.075762	0.066341
9184	0.021801	-0.015042	0.062744
9185	0.023769	0.050028	0.062219
9186	0.026435	0.081581	0.074409
9187	0.041778	0.018564	0.070772
9188	0.061370	0.042436	0.074363
9189	0.066276	0.065309	0.082192
9190	0.070616	0.017947	0.078414
9191	0.077106	-0.001014	0.086934
9192	0.081263	0.025493	0.094023
9193	0.096717	0.045433	0.073564
9194	0.108127	0.052536	0.075257
9195	0.112798	0.091159	0.061793
9196	0.118616	0.038886	0.062428
9197	0.121401	-0.006738	0.052619
9198	0.139935	0.016320	0.044976
9199	0.135969	0.011923	0.036580
9200	0.122096	0.039365	0.026501
9201	0.111029	0.029957	0.010787
9202	0.106519	0.016140	0.004037
9203	0.106377	0.003703	0.003181
9204	0.106925	-0.005617	-0.002676
9205	0.127355	-0.035468	0.004198
9206	0.140248	0.000502	-0.008585
9207	0.129991	-0.002049	-0.049254
9208	0.124219	-0.055506	-0.072804
9209	0.110077	-0.012181	-0.071758
9210	0.100919	-0.084220	-0.083038
9211	0.104059	-0.029813	-0.087017
9212	0.120801	-0.063380	-0.098194
9213	0.130610	-0.095124	-0.116519
9214	0.132990	-0.096921	-0.107887
9215	0.127004	-0.059445	-0.100694
9216	0.144583	-0.006337	-0.093971
9217	0.147516	0.009926	-0.095378
9218	0.134606	-0.010478	-0.079122
9219	0.122266	0.021174	-0.077161
9220	0.115537	0.004087	-0.068704
9221	0.089518	-0.044529	-0.068067
9222	0.075831	-0.043185	-0.061988
9223	0.057964	-0.020816	-0.058640
9224	0.038952	0.034709	-0.054685
9225	0.042809	0.024902	-0.035223
9226	0.038092	0.032123	-0.009871
9227	0.030288	0.024820	-0.013405
9228	0.026768	0.031651	-0.013026
9229	0.025555	-0.004432	0.007257
9230	0.036096	0.001421	0.022963
9231	0.055570	-0.001423	0.021944
9232	0.077190	0.016462	0.025627
9233	0.082628	0.045311	0.040556
9234	0.069854	0.043547	0.039758
9235	0.068826	0.071422	0.027342
9236	0.060961	0.083335	0.030683
9237	0.061694	0.081760	0.024814
9238	0.076274	0.031249	0.020869
9239	0.074379	0.005259	0.007701
9240	0.068000	0.057524	0.016951
9241	0.073035	-0.016726	0.004465
9242	0.067765	0.025846	0.020542
9243	0.056193	-0.015083	0.020747
9244	0.028848	-0.003979	0.026779
9245	0.007732	0.039861	0.017033
9246	-0.007838	0.016879	0.004439
9247	-0.014483	0.015339	0.002442
9248	-0.016503	0.010358	-0.000139
9249	-0.015035	-0.036014	-0.001399
9250	-0.016689	-0.065641	-0.015365
9251	-0.024789	-0.042311	-0.025206
9252	-0.034667	0.036844	-0.039186
9253	-0.044375	0.068630	-0.041076
9254	-0.051063	0.057536	-0.051491
9255	-0.055245	0.027177	-0.039809
9256	-0.049509	0.041889	-0.029250
9257	-0.036531	0.011871	-0.022970
9258	-0.026902	-0.031736	-0.020539
9259	-0.020131	0.003802	-0.010071
9260	-0.007208	0.024502	0.013460
9261	0.007508	-0.004541	0.043261
9262	0.010870	0.049495	0.066536
9263	-0.000039	0.068900	0.083713
9264	-0.003618	0.096449	0.106630
9265	-0.008410	0.022775	0.111488
9266	-0.011049	-0.005398	0.135234
9267	-0.005505	-0.009992	0.138152
9268	-0.000297	0.048752	0.124807
9269	-0.002844	-0.003480	0.104071
9270	-0.005772	-0.034729	0.100449
9271	-0.008036	-0.071560	0.088118
9272	-0.020814	-0.033442	0.069014
9273	-0.028837	-0.026216	0.035875
9274	-0.032442	-0.029555	0.015326
9275	-0.038045	-0.000776	-0.005026
9276	-0.044521	0.050131	-0.016645
9277	-0.045156	-0.002517	-0.039981
9278	-0.044000	-0.062508	-0.061039
9279	-0.058997	-0.022279	-0.062497
9280	-0.055800	0.059124	-0.082966
9281	-0.055975	0.043266	-0.098214
9282	-0.066964	0.011485	-0.077200
9283	-0.061626	-0.069182	-0.056820
9284	-0.069544	-0.034827	-0.044186
9285	-0.075706	-0.018231	-0.040028
9286	-0.083143	-0.035716	-0.034622
9287	-0.069642	-0.020468	-0.030930
9288	-0.062691	0.036040	-0.037715
9289	-0.054907	-0.005406	-0.034435
9290	-0.043692	-0.028893	-0.033227
9291	-0.050653	0.029885	-0.049233
9292	-0.045019	0.043553	-0.035220
9293	-0.036628	-0.000644	-0.029079
9294	-0.039134	-0.011852	-0.014996
9295	-0.049561	-0.006780	-0.002041
9296	-0.052552	-0.025892	-0.000004
9297	-0.054189	-0.028697	0.014186
9298	-0.056153	0.024208	0.015250
9299	-0.071288	0.025193	0.027425
9300	-0.060229	0.017219	0.028900
9301	-0.056561	-0.036482	0.024692
9302	-0.062356	-0.050214	-0.008018
9303	-0.063037	-0.026970	-0.036444
9304	-0.075174	-0.035234	-0.042391
9305	-0.087729	-0.025922	-0.062558
9306	-0.098638	-0.012783	-0.075868
9307	-0.103456	-0.014192	-0.090472
9308	-0.105422	-0.033791	-0.097749
9309	-0.116203	-0.049385	-0.097183
9310	-0.125603	-0.024407	-0.107797
9311	-0.129872	-0.049932	-0.105423
9312	-0.150740	-0.037082	-0.121786
9313	-0.167246	0.024959	-0.124546
9314	-0.181352	0.026577	-0.128479
9315	-0.207611	-0.003174	-0.130528
9316	-0.211147	-0.023522	-0.138372
9317	-0.207993	0.003560	-0.149274
9318	-0.213582	-0.049083	-0.185120
9319	-0.226539	-0.007538	-0.200645
9320	-0.223674	-0.017529	-0.223076
9321	-0.214055	-0.045032	-0.226985
9322	-0.182194	0.002264	-0.241293
9323	-0.169571	-0.008498	-0.233653
9324	-0.149459	0.010995	-0.227639
9325	-0.122454	-0.000969	-0.215879
9326	-0.099992	-0.002354	-0.202041
9327	-0.081589	0.002873	-0.182734
9328	-0.062807	0.029802	-0.161654
9329	-0.044447	0.060860	-0.137239
9330	-0.023087	0.047328	-0.094783
9331	-0.006560	0.095950	-0.057145
9332	0.009306	0.105102	-0.023737
9333	0.031555	0.094113	0.005910
9334	0.056827	0.085227	0.029295
9335	0.074616	0.001038	0.058625
9336	0.081012	-0.008015	0.078018
9337	0.084554	0.009545	0.092502
9338	0.095872	0.038222	0.096271
9339	0.095065	0.031032	0.083842
9340	0.089316	0.006074	0.087680
9341	0.100902	0.046045	0.079260
9342	0.099851	0.040294	0.066270
9343	0.090498	-0.000958	0.072015
9344	0.095833	-0.038810	0.038374
9345	0.108485	-0.013476	0.010838
9346	0.136610	0.017610	-0.001233
9347	0.138788	-0.037101	-0.003689
9348	0.143461	-0.011756	-0.006354
9349	0.141181	0.024300	0.002149
9350	0.146559	-0.005386	0.000899
9351	0.173271	-0.016848	-0.006872
9352	0.181033	-0.042689	-0.007506
9353	0.191345	-0.000581	0.006897
9354	0.197866	0.068043	0.045565
9355	0.193764	0.009651	0.066039
9356	0.202177	0.002810	0.072896
9357	0.200226	0.001937	0.078445
9358	0.222180	0.019696	0.108605
9359	0.235530	-0.018988	0.114766
9360	0.220959	-0.025711	0.135238
9361	0.201488	-0.000060	0.119919
9362	0.187459	0.019230	0.122501
9363	0.162187	0.057765	0.121089
9364	0.122774	0.003865	0.123570
9365	0.101304	-0.029789	0.118935
9366	0.102682	0.022378	0.104720
9367	0.098860	0.029865	0.083728
9368	0.107443	-0.029660	0.077798
9369	0.107642	-0.051564	0.055178
9370	0.098960	-0.010815	0.047488
9371	0.095889	0.028719	0.021500
9372	0.095020	-0.006654	-0.003626
9373	0.096463	-0.083186	-0.000686
9374	0.110910	-0.018308	-0.006726
9375	0.094169	0.009986	-0.022007
9376	0.078243	-0.049565	-0.018717
9377	0.079365	-0.040348	-0.008531
9378	0.087860	0.009355	-0.011953
9379	0.103801	0.051495	-0.041949
9380	0.102898	0.040734	-0.040099
9381	0.107078	0.026116	-0.055563
9382	0.099229	0.002925	-0.070911
9383	0.101479	-0.011248	-0.089522
9384	0.101041	-0.024415	-0.110386
9385	0.084186	-0.006706	-0.120570
9386	0.093503	0.004801	-0.147926
9387	0.081361	0.004927	-0.176757
9388	0.073035	0.051156	-0.203907
9389	0.069259	0.033048	-0.197961
9390	0.061134	0.040974	-0.184536
9391	0.059002	0.049819	-0.164664
9392	0.065305	0.034906	-0.140585
9393	0.069230	0.076892	-0.131419
9394	0.050334	0.059186	-0.103020
9395	0.026104	0.039637	-0.098907
9396	0.034173	0.038807	-0.086815
9397	0.051801	0.050439	-0.084016
9398	0.082354	0.069059	-0.053899
9399	0.119541	0.064627	-0.059080
9400	0.158275	0.140999	-0.066448
9401	0.194812	0.109719	-0.088992
9402	0.230125	0.071570	-0.107894
9403	0.248071	0.041477	-0.100715
9404	0.280296	0.048017	-0.099419
9405	0.307911	0.020997	-0.100964
9406	0.325745	-0.001685	-0.095386
9407	0.340583	-0.038266	-0.087638
9408	0.336122	-0.000131	-0.059592
9409	0.329952	0.032181	-0.053483
9410	0.330485	0.014779	-0.056255
9411	0.335076	0.008883	-0.059439
9412	0.322200	0.015063	-0.085663
9413	0.320183	0.028975	-0.111700
9414	0.308599	0.026780	-0.131949
9415	0.291659	-0.038858	-0.145268
9416	0.282123	-0.045053	-0.163990
9417	0.269994	-0.035809	-0.177647
9418	0.246382	-0.030677	-0.194819
9419	0.216228	-0.078584	-0.206159
9420	0.206545	-0.119283	-0.202694
9421	0.201210	-0.091177	-0.188619
9422	0.213246	-0.047365	-0.173430
9423	0.230811	-0.021872	-0.166253
9424	0.245545	0.030842	-0.128010
9425	0.250326	0.014481	-0.109045
9426	0.252941	0.015270	-0.127664
9427	0.255867	0.044363	-0.127774
9428	0.262234	-0.020350	-0.114350
9429	0.280152	-0.055358	-0.098735
9430	0.291314	-0.084186	-0.074991
9431	0.279444	-0.046200	-0.059478
9432	0.297118	-0.026446	-0.068184
9433	0.307827	-0.040540	-0.040635
9434	0.304458	-0.012778	-0.035693
9435	0.296283	0.029908	-0.017926
9436	0.271589	0.020181	-0.015788
9437	0.271104	-0.036106	-0.021780
9438	0.269540	-0.064402	-0.032089
9439	0.259406	-0.101383	-0.037333
9440	0.247047	-0.071667	-0.040673
9441	0.230891	-0.030445	-0.032832
9442	0.216297	-0.031760	-0.026944
9443	0.197102	-0.011116	-0.007916
9444	0.178776	0.030104	0.015738
9445	0.180272	0.032661	0.020081
9446	0.186632	0.050347	0.009718
9447	0.188112	0.029015	0.006859
9448	0.177086	0.000665	-0.010519
9449	0.156110	0.008753	-0.010120
9450	0.145844	0.023463	-0.010022
9451	0.113026	-0.027831	-0.007956
9452	0.093860	0.028633	-0.011284
9453	0.097469	0.017830	-0.011278
9454	0.101292	0.014127	-0.021724
9455	0.100966	-0.014297	-0.030477
9456	0.097847	0.005686	-0.025797
9457	0.096822	-0.088306	-0.025433
9458	0.085067	0.006606	-0.012247
9459	0.056957	0.030069	0.017660
9460	0.027232	0.080132	0.029891
9461	0.001868	0.105275	0.050699
9462	-0.020020	0.082157	0.059273
9463	-0.042680	0.097305	0.066603
9464	-0.081462	0.061718	0.085278
9465	-0.106402	0.103837	0.093408
9466	-0.121802	0.010147	0.103204
9467	-0.141102	0.070584	0.097543
9468	-0.154991	0.039487	0.099175
9469	-0.169019	0.090985	0.101832
9470	-0.170633	0.130829	0.117430
9471	-0.173076	0.080396	0.118109
9472	-0.175040	-0.015264	0.130008
9473	-0.159285	0.008319	0.123724
9474	-0.149395	0.004115	0.146130
9475	-0.137331	-0.016005	0.168529
9476	-0.140043	-0.043855	0.173995
9477	-0.127726	-0.042033	0.171850
9478	-0.093026	-0.034459	0.152552
9479	-0.076720	0.007401	0.157324
9480	-0.059396	-0.036332	0.126460
9481	-0.029066	0.006402	0.110264
9482	-0.006434	0.070645	0.092908
9483	0.015453	0.041763	0.081135
9484	0.038685	0.032156	0.053115
9485	0.028644	-0.012701	0.030111
9486	0.017263	-0.027310	0.015743
9487	0.005373	-0.103772	-0.025040
9488	-0.013252	-0.114758	-0.029703
9489	-0.021368	-0.129018	-0.026023
9490	-0.027876	-0.141302	-0.013645
9491	-0.029940	-0.061607	0.007791
9492	-0.052618	-0.074755	0.041864
9493	-0.075977	-0.070323	0.057989
9494	-0.081092	-0.026632	0.090588
9495	-0.098682	-0.042088	0.086224
9496	-0.126070	-0.038839	0.071256
9497	-0.153031	-0.035154	0.064541
9498	-0.161489	-0.061381	0.050051
9499	-0.172753	-0.018951	0.049268
9500	-0.173416	0.009137	0.018209
9501	-0.172719	0.001206	-0.000421
9502	-0.182200	-0.038616	-0.021916
9503	-0.170386	0.023759	-0.019018
9504	-0.156255	0.005330	-0.027187
9505	-0.141999	-0.023526	-0.031386
9506	-0.139211	-0.035485	-0.067292
9507	-0.129421	-0.029011	-0.067246
9508	-0.106215	-0.007829	-0.086415
9509	-0.075913	0.055585	-0.109363
9510	-0.057582	0.005280	-0.148582
9511	-0.041997	0.024114	-0.166699
9512	-0.027791	0.021966	-0.207050
9513	-0.012722	0.022813	-0.223764
9514	0.010623	0.049577	-0.239571
9515	0.011741	-0.001239	-0.236668
9516	0.003763	-0.009615	-0.224425
9517	-0.014989	-0.023885	-0.219405
9518	-0.011187	0.000011	-0.199426
9519	0.005389	-0.019400	-0.168837
9520	-0.008479	-0.006083	-0.149526
9521	-0.009359	0.138906	-0.130201
9522	0.020412	0.148906	-0.126260
9523	0.035428	0.131727	-0.113796
9524	0.056703	0.072756	-0.081662
9525	0.060900	0.092228	-0.052988
9526	0.080698	0.104813	-0.009279
9527	0.092520	0.091268	0.024959
9528	0.092924	0.013163	0.042808
9529	0.111437	0.055017	0.045603
9530	0.121101	0.062553	0.057313
9531	0.131111	0.130132	0.044406
9532	0.167360	0.042444	0.047473
9533	0.158063	0.125590	0.053865
9534	0.144577	0.076741	0.053174
9535	0.149256	0.046809	0.035444
9536	0.163587	0.042371	0.046614
9537	0.155354	0.059909	0.028324
9538	0.121330	0.132116	0.028595
9539	0.097636	0.132668	0.034563
9540	0.087579	-0.005944	0.052536
9541	0.077738	-0.119191	0.026715
9542	0.068371	-0.015595	0.041714
9543	0.027213	-0.047018	0.048907
9544	-0.013065	-0.043357	0.059902
9545	-0.010765	-0.103815	0.061544
9546	-0.007071	-0.041063	0.068545
9547	-0.006610	0.018187	0.067788
9548	0.001563	0.056150	0.088766
9549	0.009002	0.083893	0.105292
9550	0.026072	0.044477	0.141690
9551	0.025607	-0.007925	0.148845
9552	0.027020	-0.087621	0.167496
9553	0.039963	-0.105690	0.188462
9554	0.052534	-0.076529	0.189968
9555	0.084517	-0.103177	0.167946
9556	0.101824	-0.055458	0.147112
9557	0.124333	-0.024551	0.142158
9558	0.144548	-0.091365	0.144351
9559	0.172223	-0.028035	0.123550
9560	0.182487	-0.004027	0.117971
9561	0.163437	0.076101	0.107353
9562	0.151780	-0.034543	0.118206
9563	0.121354	-0.041970	0.098257
9564	0.095259	0.018204	0.070068
9565	0.106344	0.038118	0.056102
9566	0.092348	-0.023111	0.053569
9567	0.070836	-0.090639	0.055707
9568	0.061121	-0.093635	0.065201
9569	0.026038	0.010524	0.086804
9570	0.004380	-0.030980	0.129394
9571	-0.022323	-0.091249	0.159572
9572	-0.051116	-0.068050	0.186705
9573	-0.063446	-0.057100	0.211350
9574	-0.064211	0.011963	0.223126
9575	-0.051948	-0.076373	0.246395
9576	-0.080279	-0.080741	0.231845
9577	-0.096082	-0.056778	0.215528
9578	-0.107204	0.029579	0.192227
9579	-0.127919	0.053243	0.188884
9580	-0.129906	0.012400	0.183217
9581	-0.131528	0.011867	0.165795
9582	-0.135445	-0.017937	0.156358
9583	-0.124553	-0.025929	0.125388
9584	-0.123358	-0.024461	0.118781
9585	-0.143401	0.017237	0.098396
9586	-0.150682	0.045230	0.080660
9587	-0.149911	0.083659	0.059935
9588	-0.162352	0.025574	0.066173
9589	-0.203855	0.049890	0.081748
9590	-0.192394	0.073613	0.084037
9591	-0.189794	-0.011664	0.059936
9592	-0.180624	-0.017930	0.037232
9593	-0.187078	-0.066452	0.044512
9594	-0.187763	-0.050242	0.012885
9595	-0.199237	0.064927	0.010513
9596	-0.220078	0.069185	0.029990
9597	-0.226596	0.068584	0.026654
9598	-0.223946	0.038115	0.022672
9599	-0.222933	0.015978	0.024463
9600	-0.216054	0.028944	0.020854
9601	-0.190906	0.021954	0.035986
9602	-0.161133	-0.001268	0.010363
9603	-0.140642	0.045307	-0.013697
9604	-0.150785	-0.040960	-0.013615
9605	-0.142907	-0.041229	-0.034732
9606	-0.126660	-0.048070	-0.054243
9607	-0.107328	0.053933	-0.053326
9608	-0.116547	-0.092262	-0.083892
9609	-0.148297	-0.095112	-0.083928
9610	-0.136447	-0.136908	-0.056040
9611	-0.145464	-0.070755	-0.017905
9612	-0.161662	-0.093383	0.008266
9613	-0.172181	-0.018026	0.016110
9614	-0.176912	-0.105161	0.013206
9615	-0.175908	-0.032669	0.017958
9616	-0.154748	0.017246	-0.008298
9617	-0.152891	0.077214	-0.015229
9618	-0.147688	0.079784	-0.028939
9619	-0.138779	0.042101	-0.051286
9620	-0.149180	0.062425	-0.036669
9621	-0.167668	0.093904	-0.034676
9622	-0.164314	0.113581	-0.031424
9623	-0.134017	0.072288	-0.012470
9624	-0.109592	0.048532	-0.008369
9625	-0.084759	0.048614	-0.010844
9626	-0.014495	0.056152	-0.014149
9627	0.039065	-0.025628	-0.019524
9628	0.070132	0.023049	-0.021881
9629	0.078065	0.041174	-0.030840
9630	0.078784	0.035478	-0.050363
9631	0.076619	-0.080073	-0.038972
9632	0.099761	0.038173	-0.047797
9633	0.123237	-0.030501	-0.043030
9634	0.147167	-0.060849	-0.033445
9635	0.162376	-0.022728	-0.034852
9636	0.147400	-0.054128	-0.036534
9637	0.121078	-0.017007	-0.027124
9638	0.101668	-0.069081	-0.044871
9639	0.060248	-0.013084	-0.051085
9640	0.033509	0.011445	-0.053861
9641	0.017827	-0.026526	-0.045143
9642	0.003645	-0.058520	-0.036542
9643	-0.019190	-0.100703	-0.026221
9644	-0.042517	-0.100442	-0.026046
9645	-0.039331	0.002018	-0.030876
9646	-0.067797	-0.071801	-0.012955
9647	-0.090130	-0.012138	-0.000734
9648	-0.122232	-0.034464	0.025840
9649	-0.129285	-0.092166	0.048373
9650	-0.123633	-0.021915	0.071731
9651	-0.112454	-0.033343	0.065805
9652	-0.103683	-0.049572	0.058824
9653	-0.086288	-0.000244	0.051128
9654	-0.069531	-0.025695	0.051015
9655	-0.057234	0.016951	0.044133
9656	-0.036305	-0.003579	0.028705
9657	-0.018936	-0.004364	-0.014610
9658	-0.006666	0.007076	-0.046871
9659	0.046006	0.019725	-0.060485
9660	0.085576	0.058917	-0.086524
9661	0.099806	0.057367	-0.102699
9662	0.129421	0.056733	-0.133738
9663	0.128203	0.086955	-0.150967
9664	0.144963	0.085573	-0.151167
9665	0.159052	0.043079	-0.138918
9666	0.168188	0.005139	-0.140975
9667	0.201946	0.039805	-0.128871
9668	0.247216	0.098313	-0.082839
9669	0.250722	0.065013	-0.041959
9670	0.255040	0.028316	-0.024576
9671	0.266578	0.018798	-0.005341
9672	0.289603	0.046232	-0.031868
9673	0.300170	0.008570	-0.029238
9674	0.299171	-0.053914	-0.016230
9675	0.298213	0.028955	-0.026171
9676	0.270916	0.045220	-0.000834
9677	0.302778	-0.092454	0.029113
9678	0.330136	-0.017866	0.040872
9679	0.339139	-0.007925	0.040935
9680	0.317483	-0.025338	0.038333
9681	0.325941	-0.059577	0.005262
9682	0.311446	-0.070901	-0.004204
9683	0.303997	0.019906	-0.021472
9684	0.297421	0.055707	-0.036757
9685	0.287211	0.021335	-0.062682
9686	0.277716	0.012523	-0.069116
9687	0.271067	-0.047796	-0.046366
9688	0.248700	-0.053940	-0.074756
9689	0.237509	-0.102337	-0.099954
9690	0.238616	-0.051427	-0.114871
9691	0.243065	-0.029469	-0.117283
9692	0.238293	0.057210	-0.127583
9693	0.225713	0.087498	-0.123406
9694	0.225518	-0.038351	-0.135320
9695	0.228776	-0.031671	-0.131702
9696	0.227856	-0.051970	-0.135970
9697	0.247395	-0.021981	-0.115629
9698	0.273042	-0.002226	-0.094020
9699	0.302316	-0.094277	-0.104389
9700	0.316203	-0.048717	-0.123471
9701	0.321021	0.067142	-0.124171
9702	0.346282	0.017980	-0.153434
9703	0.349028	0.071742	-0.142366
9704	0.352025	0.033744	-0.178206
9705	0.353967	0.009485	-0.199859
9706	0.342155	-0.006688	-0.215960
9707	0.314930	-0.098861	-0.226113
9708	0.287291	0.075646	-0.249639
9709	0.245531	0.035288	-0.254095
9710	0.201938	0.038610	-0.294964
9711	0.149518	-0.042565	-0.321985
9712	0.098880	-0.023966	-0.357422
9713	0.057091	-0.121910	-0.341335
9714	0.012789	-0.068687	-0.326261
9715	0.002057	-0.069328	-0.343596
9716	-0.021841	0.037174	-0.364589
9717	-0.051852	-0.044369	-0.340220
9718	-0.051935	0.021319	-0.311992
9719	-0.033949	0.157790	-0.299062
9720	-0.034577	0.226441	-0.278949
9721	-0.033793	0.136756	-0.267416
9722	-0.007680	0.055528	-0.252870
9723	0.030710	0.014887	-0.221803
9724	0.037304	0.049887	-0.211432
9725	0.056263	0.011224	-0.195178
9726	0.079846	-0.070804	-0.233616
9727	0.112834	-0.015985	-0.253387
9728	0.122354	-0.043820	-0.280587
9729	0.139175	0.078052	-0.297370
9730	0.157755	-0.024675	-0.333097
9731	0.161685	-0.048451	-0.342067
9732	0.190865	0.032825	-0.366503
9733	0.173740	-0.042501	-0.380926
9734	0.144859	0.062012	-0.415419
9735	0.152496	0.032376	-0.443211
9736	0.166455	0.028300	-0.468368
9737	0.141360	0.096896	-0.484258
9738	0.138147	-0.058338	-0.461683
9739	0.147309	-0.119638	-0.454234
9740	0.164614	-0.114244	-0.433971
9741	0.163012	-0.043408	-0.438289
9742	0.162676	0.001799	-0.420750
9743	0.169578	-0.028696	-0.403619
9744	0.177403	-0.078675	-0.371876
9745	0.155456	-0.155854	-0.365384
9746	0.173476	-0.047160	-0.340623
9747	0.172426	-0.022850	-0.282381
9748	0.151569	-0.013759	-0.231786
9749	0.159599	-0.144664	-0.195457
9750	0.157532	-0.066530	-0.135649
9751	0.113497	-0.131257	-0.118505
9752	0.069269	-0.086222	-0.074152
9753	0.062340	-0.073340	-0.081338
9754	0.037575	-0.100212	-0.109065
9755	0.018704	-0.015994	-0.119310
9756	0.018412	-0.001352	-0.122860
9757	-0.016373	-0.037948	-0.113197
9758	-0.079481	0.224391	-0.162378
9759	-0.113901	0.116145	-0.208631
9760	-0.154385	0.038662	-0.217909
9761	-0.219231	-0.058754	-0.248018
9762	-0.257606	0.058214	-0.275073
9763	-0.280500	0.025399	-0.301191
9764	-0.288352	-0.044982	-0.284063
9765	-0.308494	-0.112551	-0.287737
9766	-0.325495	0.060267	-0.272433
9767	-0.320460	0.087534	-0.283448
9768	-0.300738	0.101197	-0.255988
9769	-0.323812	0.029672	-0.255948
9770	-0.347237	0.080832	-0.255901
9771	-0.349685	0.063903	-0.255908
9772	-0.317788	0.010568	-0.181670
9773	-0.302839	0.071754	-0.126867
9774	-0.273836	0.121261	-0.038439
9775	-0.256230	0.049315	0.006497
9776	-0.251356	-0.020420	0.033391
9777	-0.229740	-0.023688	0.054854
9778	-0.229331	0.031038	0.094412
9779	-0.253542	0.128463	0.100929
9780	-0.240412	-0.089816	0.091576
9781	-0.253629	0.004242	0.096298
9782	-0.290260	0.025504	0.077059
9783	-0.328778	-0.026154	0.065580
9784	-0.369022	0.048374	0.033313
9785	-0.417659	-0.017246	0.002162
9786	-0.407767	-0.191925	-0.002941
9787	-0.410946	-0.050649	-0.030447
9788	-0.431932	-0.090964	-0.032175
9789	-0.425392	0.025916	-0.046863
9790	-0.416317	0.045978	-0.070208
9791	-0.412798	-0.063596	-0.076842
9792	-0.411213	0.015899	-0.080440
9793	-0.399563	0.027166	-0.086893
9794	-0.376145	0.112997	-0.086754
9795	-0.374290	-0.041379	-0.075302
9796	-0.335625	-0.075323	-0.049004
9797	-0.311486	-0.094545	-0.026999
9798	-0.278498	-0.010764	-0.009173
9799	-0.260392	-0.103311	0.032554
9800	-0.252159	-0.062241	0.069760
9801	-0.238172	-0.054797	0.086679
9802	-0.210682	-0.113075	0.108166
9803	-0.253912	-0.053223	0.112880
9804	-0.278272	-0.047027	0.111215
9805	-0.283729	-0.030602	0.061539
9806	-0.296407	-0.006552	0.028481
9807	-0.312104	-0.098388	0.001404
9808	-0.300772	-0.070774	-0.001856
9809	-0.293772	-0.014198	-0.007077
9810	-0.262388	0.040403	0.000065
9811	-0.237238	-0.141929	0.005280
9812	-0.215281	-0.073526	0.017368
9813	-0.188831	-0.014101	0.009656
9814	-0.147288	-0.035584	0.033910
9815	-0.166776	0.173461	0.030916
9816	-0.195395	0.055417	0.029430
9817	-0.216413	0.157615	0.052790
9818	-0.233109	0.114116	0.052088
9819	-0.211085	0.063717	0.054906
9820	-0.197797	0.099442	0.052973
9821	-0.221172	0.107926	0.081116
9822	-0.227018	0.056652	0.102367
9823	-0.194830	-0.028920	0.120818
9824	-0.205491	0.079078	0.114599
9825	-0.244518	0.016512	0.103996
9826	-0.281761	0.075658	0.075289
9827	-0.293167	0.021486	0.069717
9828	-0.293428	0.082099	0.052305
9829	-0.305902	0.135966	0.042438
9830	-0.288552	0.093483	0.047117
9831	-0.269020	0.093541	0.070516
9832	-0.257286	0.147151	0.066471
9833	-0.279739	0.162930	0.094967
9834	-0.290025	0.085897	0.113300
9835	-0.295850	0.022121	0.151700
9836	-0.317391	0.094235	0.173204
9837	-0.306803	0.030654	0.194449
9838	-0.254090	0.014693	0.231384
9839	-0.190854	0.057611	0.264507
9840	-0.090096	-0.006586	0.274730
9841	-0.038909	0.039257	0.271385
9842	0.035624	0.036961	0.270243
9843	0.094261	-0.096768	0.272576
9844	0.125517	-0.012998	0.250900
9845	0.148231	-0.080884	0.263424
9846	0.197480	-0.108220	0.284612
9847	0.265577	-0.116904	0.288831
9848	0.290720	-0.032103	0.314821
9849	0.274677	-0.184345	0.339000
9850	0.284942	-0.177982	0.308148
9851	0.273717	-0.117870	0.290419
9852	0.233174	-0.079058	0.252177
9853	0.197585	0.023275	0.248789
9854	0.161778	-0.078416	0.200554
9855	0.117250	-0.066881	0.173815
9856	0.047354	-0.047371	0.160547
9857	-0.038732	0.022005	0.146638
9858	-0.104165	-0.133525	0.172372
9859	-0.196611	-0.143936	0.188109
9860	-0.324448	-0.069875	0.163590
9861	-0.453483	-0.116604	0.117118
9862	-0.547704	-0.025942	0.123332
9863	-0.622933	-0.064395	0.140529
9864	-0.651930	-0.056149	0.142907
9865	-0.617578	0.008068	0.121622
9866	-0.659725	-0.158948	0.145887
9867	-0.661829	-0.037272	0.178475
9868	-0.644456	-0.077001	0.194883
9869	-0.649121	-0.099444	0.190948
9870	-0.709650	-0.103135	0.212544
9871	-0.726292	-0.033790	0.198025
9872	-0.701012	0.038840	0.255005
9873	-0.707316	0.091939	0.280169
9874	-0.690301	0.048927	0.292755
9875	-0.633833	0.079730	0.257493
9876	-0.604324	0.124370	0.243799
9877	-0.603083	0.107036	0.211273
9878	-0.597532	0.048552	0.189470
9879	-0.604094	0.074577	0.135277
9880	-0.627633	0.110938	0.087820
9881	-0.650546	0.054250	0.065444
9882	-0.643554	0.017117	0.050285
9883	-0.657997	0.145156	0.019234
9884	-0.657545	0.157618	0.015502
9885	-0.651235	0.070444	-0.033124
9886	-0.610849	0.031928	-0.055006
9887	-0.569666	-0.001995	-0.107489
9888	-0.525010	0.201673	-0.112476
9889	-0.452610	0.056399	-0.103622
9890	-0.404997	0.198347	-0.065431
9891	-0.384070	0.123819	-0.085033
9892	-0.310289	0.025275	-0.104475
9893	-0.210543	0.049229	-0.114201
9894	-0.165146	-0.031477	-0.079480
9895	-0.122891	0.030954	-0.074093
9896	-0.074371	0.128657	-0.066732
9897	-0.047422	-0.018946	-0.012750
9898	-0.000953	0.031350	0.011362
9899	0.086947	0.237392	0.030449
9900	0.100256	0.020066	0.039899
9901	0.074537	0.175694	-0.008436
9902	0.060145	0.042830	0.006297
9903	-0.002672	0.073825	-0.059569
9904	-0.052028	-0.011016	-0.064540
9905	-0.111416	-0.147668	-0.067870
9906	-0.198186	-0.114577	-0.061891
9907	-0.332509	-0.148710	-0.019466
9908	-0.411987	-0.274336	0.008792
9909	-0.437615	-0.219580	0.012713
9910	-0.507814	-0.173391	0.033493
9911	-0.577077	0.024324	0.058571
9912	-0.593581	-0.172209	0.035665
9913	-0.580806	-0.231569	0.048631
9914	-0.592035	0.029857	0.009603
9915	-0.613991	0.083318	0.003270
9916	-0.573733	-0.032372	0.008730
9917	-0.516110	-0.040119	0.047643
9918	-0.516045	-0.263469	0.090546
9919	-0.486451	0.054449	0.093964
9920	-0.379729	-0.239919	0.117589
9921	-0.290193	-0.326675	0.107144
9922	-0.222579	-0.007287	0.048135
9923	-0.155295	-0.192766	0.037875
9924	-0.118294	0.059438	0.032254
9925	-0.175203	-0.111922	0.026130
9926	-0.238306	-0.037614	0.029453
9927	-0.265261	0.121261	0.024575
9928	-0.371550	-0.009702	0.020388
9929	-0.490222	0.010749	-0.018864
9930	-0.584500	0.032030	-0.062284
9931	-0.684339	-0.103947	-0.097951
9932	-0.779076	-0.055869	-0.067395
9933	-0.878698	-0.152340	-0.032463
9934	-0.926191	-0.072311	-0.008311
9935	-0.961100	0.076847	-0.003737
9936	-0.996538	-0.270771	0.001046
9937	-1.017459	0.145643	-0.025113
9938	-1.025663	0.047378	-0.022705
9939	-0.977982	-0.138544	-0.061735
9940	-0.900327	0.133001	-0.049161
9941	-0.796218	-0.022835	-0.041813
9942	-0.711381	0.087360	0.018883
9943	-0.556342	0.155331	0.023337
9944	-0.376242	-0.375685	0.030380
9945	-0.180741	0.193226	-0.002428
9946	-0.039878	-0.053604	-0.000198
9947	0.116097	0.065731	-0.034397
9948	0.262485	-0.057561	-0.054887
9949	0.367748	0.021864	-0.066451
9950	0.558599	0.378243	-0.038083
9951	0.690003	0.061741	-0.077722
9952	0.695919	0.244380	-0.045382
9953	0.692682	0.202405	-0.071053
9954	0.693971	0.282647	-0.039105
9955	0.699619	0.398183	-0.108377
9956	0.625294	0.073759	-0.041329
9957	0.561815	0.337097	-0.052473
9958	0.504688	0.340994	-0.057745
9959	0.419818	-0.058104	-0.025356
9960	0.297356	0.318600	-0.088531
9961	0.137736	0.295078	-0.092653
9962	-0.009301	0.407513	-0.128127
9963	-0.124393	0.349508	-0.124920
9964	-0.270380	-0.005579	-0.145995
9965	-0.346528	0.214805	-0.174852
9966	-0.451378	0.494299	-0.160593
9967	-0.506504	0.128260	-0.161774
9968	-0.492363	0.067276	-0.120383
9969	-0.457784	-0.014743	-0.127492
9970	-0.521886	-0.039740	-0.132184
9971	-0.523385	0.289090	-0.123864
9972	-0.534706	-0.211496	-0.182405
9973	-0.569206	-0.056666	-0.193865
9974	-0.571709	-0.286262	-0.211983
9975	-0.627425	-0.062688	-0.102504
9976	-0.721757	-0.118558	-0.098688
9977	-0.882182	-0.350062	-0.052185
9978	-0.962311	-0.550272	-0.124438
9979	-1.101254	-0.216117	-0.108403
9980	-1.129505	-0.387307	-0.005970
9981	-1.268027	-0.068136	0.053719
9982	-1.385645	-0.449658	-0.051450
9983	-1.495125	-0.358808	-0.049620
9984	-1.585339	-0.113329	-0.033161
9985	-1.742410	-0.277710	0.009220
9986	-1.799975	-0.430532	-0.132777
9987	-1.846078	-0.296187	-0.021059
9988	-1.871391	-0.320543	-0.016154
9989	-1.929446	-0.044347	-0.077365
9990	-1.914338	-0.260675	-0.118123
9991	-1.879966	-0.405133	-0.028352
9992	-1.694820	-0.122130	0.099367
9993	-1.578103	-0.022487	0.129425
9994	-1.582805	0.051515	0.215406
9995	-1.332606	-0.196254	0.069134
9996	-1.188735	-0.250209	0.145251
9997	-0.971283	-0.303937	0.418479
9998	-0.989555	0.028217	0.811483
9999	-0.481519	0.081017	0.566597
