0	1.000000	1.000000	1.000000
1	0.851719	0.361887	0.835207
2	0.745964	0.187408	0.748195
3	0.664960	0.124478	0.675730
4	0.593978	0.089042	0.617137
5	0.532372	0.050938	0.565521
6	0.479292	0.033104	0.522630
7	0.427331	0.035259	0.480478
8	0.381290	0.025292	0.445476
9	0.342384	0.015173	0.411999
10	0.307484	0.018805	0.379065
11	0.276692	0.029195	0.347491
12	0.251256	0.019737	0.315194
13	0.225731	0.016381	0.289631
14	0.199046	0.004075	0.265027
15	0.180855	0.006340	0.237701
16	0.162914	0.004517	0.217781
17	0.143745	-0.000755	0.202360
18	0.129293	-0.017068	0.191073
19	0.116920	-0.004759	0.180565
20	0.103708	0.009205	0.170757
21	0.091910	0.000402	0.160498
22	0.080766	-0.001956	0.149886
23	0.068831	-0.006124	0.136428
24	0.060764	0.003086	0.121326
25	0.054391	-0.008059	0.107246
26	0.054296	0.000013	0.098366
27	0.050523	0.004790	0.087896
28	0.049922	-0.002388	0.079672
29	0.047928	0.003092	0.074560
30	0.044400	0.011133	0.065705
31	0.042752	-0.005983	0.057227
32	0.037488	-0.012321	0.052577
33	0.031146	0.007693	0.048350
34	0.026393	-0.013837	0.044001
35	0.023149	0.002526	0.039283
36	0.018588	0.012245	0.033593
37	0.012544	0.017977	0.031050
38	0.010403	0.014766	0.025691
39	0.004470	0.011863	0.020902
40	0.000155	0.006755	0.021832
41	-0.002373	0.006391	0.022215
42	-0.004008	0.003102	0.022906
43	-0.012716	0.007404	0.020496
44	-0.023056	0.009807	0.018844
45	-0.027954	0.003489	0.015317
46	-0.028392	0.022336	0.009053
47	-0.029594	0.014742	0.001411
48	-0.028892	0.013854	0.001105
49	-0.029416	0.012765	-0.001276
50	-0.026760	0.009316	-0.004372
51	-0.022299	0.022859	-0.007216
52	-0.024920	0.019745	-0.010289
53	-0.027110	0.022706	-0.012650
54	-0.022790	0.017104	-0.015105
55	-0.020306	-0.004428	-0.018777
56	-0.017381	0.000509	-0.023374
57	-0.016604	-0.010912	-0.024105
58	-0.015185	-0.001355	-0.024240
59	-0.015687	-0.001408	-0.020918
60	-0.020158	0.012360	-0.019840
61	-0.019591	0.018571	-0.016719
62	-0.018490	0.016055	-0.018214
63	-0.018294	0.011706	-0.020525
64	-0.014074	0.007565	-0.021803
65	-0.005895	-0.000232	-0.022712
66	0.001450	0.002883	-0.022356
67	0.009216	0.004313	-0.022682
68	0.014915	0.012920	-0.024155
69	0.016735	0.009333	-0.027032
70	0.020998	0.004420	-0.023740
71	0.022634	-0.000882	-0.019986
72	0.026001	-0.006778	-0.019233
73	0.026827	-0.014020	-0.020046
74	0.025741	-0.011722	-0.013653
75	0.026162	-0.012002	-0.014397
76	0.025792	-0.005312	-0.012456
77	0.028643	-0.012312	-0.004945
78	0.029392	-0.023668	0.000957
79	0.028971	-0.019828	0.006837
80	0.026976	-0.010454	0.012429
81	0.026379	-0.004705	0.009832
82	0.022018	0.007134	0.007027
83	0.019373	-0.000394	0.008225
84	0.013141	-0.008348	0.005401
85	0.008940	0.000049	0.008148
86	0.001101	0.011413	0.010836
87	-0.007287	0.011018	0.015086
88	-0.012952	0.010738	0.014856
89	-0.014900	-0.007267	0.018856
90	-0.013521	0.000021	0.019608
91	-0.014052	0.000239	0.018551
92	-0.018975	0.000065	0.019450
93	-0.021688	-0.004856	0.017364
94	-0.024484	-0.003417	0.016550
95	-0.028739	0.004145	0.017124
96	-0.032645	0.013828	0.018380
97	-0.036198	-0.000822	0.015064
98	-0.038614	0.018300	0.014918
99	-0.042370	0.013077	0.013821
100	-0.041410	0.011382	0.009611
101	-0.038829	0.022270	0.010461
102	-0.037278	0.007350	0.010343
103	-0.038475	-0.003945	0.011928
104	-0.034892	0.008904	0.013094
105	-0.034102	0.006164	0.014796
106	-0.033298	0.009569	0.015380
107	-0.029785	0.013461	0.016355
108	-0.028074	0.013392	0.013757
109	-0.028405	0.013388	0.012701
110	-0.027371	0.019331	0.014387
111	-0.025884	0.005752	0.016771
112	-0.024459	0.002727	0.023418
113	-0.023677	-0.007284	0.027484
114	-0.026056	-0.019534	0.025559
115	-0.026789	-0.005747	0.022331
116	-0.032669	-0.007242	0.023148
117	-0.038848	-0.018329	0.019503
118	-0.042496	-0.009452	0.018643
119	-0.040151	-0.011320	0.013111
120	-0.038233	-0.000991	0.012825
121	-0.037156	0.017151	0.014926
122	-0.033229	0.018504	0.016803
123	-0.029319	0.019264	0.014298
124	-0.026177	0.007105	0.014958
125	-0.026778	0.001695	0.009623
126	-0.022431	-0.007763	0.008108
127	-0.020586	-0.004088	0.006174
128	-0.022687	0.007231	0.001869
129	-0.024219	-0.005072	-0.002291
130	-0.026907	-0.003269	-0.005527
131	-0.026062	0.004246	-0.007697
132	-0.019477	-0.009999	0.000307
133	-0.014073	-0.011705	-0.001209
134	-0.008647	-0.005029	-0.000524
135	-0.004346	-0.006985	0.001951
136	-0.000775	0.002998	0.004690
137	0.002510	0.009712	0.008099
138	0.004110	-0.005937	0.011568
139	0.005836	0.000149	0.013317
140	0.007811	0.004944	0.019565
141	0.006572	0.005754	0.024526
142	0.006752	-0.004777	0.029384
143	0.003462	-0.007363	0.032609
144	0.003587	-0.004900	0.034797
145	0.000257	-0.026746	0.037475
146	-0.004710	-0.025510	0.039067
147	-0.010098	-0.003855	0.043719
148	-0.013901	-0.000558	0.045363
149	-0.016257	-0.009468	0.048825
150	-0.020830	-0.004845	0.053222
151	-0.026645	-0.000397	0.051824
152	-0.030379	0.004326	0.053284
153	-0.032824	-0.002534	0.051161
154	-0.037974	-0.000324	0.050507
155	-0.038378	-0.010224	0.049337
156	-0.041319	-0.011230	0.051897
157	-0.041314	-0.006990	0.054864
158	-0.042844	-0.012548	0.051655
159	-0.042692	0.002816	0.047549
160	-0.040962	-0.009330	0.042493
161	-0.043217	-0.007344	0.038512
162	-0.045554	-0.004589	0.032363
163	-0.047504	-0.014369	0.031041
164	-0.046794	-0.017514	0.030267
165	-0.050050	-0.013044	0.027812
166	-0.050132	-0.013247	0.025770
167	-0.054295	0.004691	0.023730
168	-0.058027	0.001259	0.022207
169	-0.064489	0.006434	0.025071
170	-0.064495	0.024660	0.025752
171	-0.068199	0.022148	0.024071
172	-0.065842	0.019704	0.022674
173	-0.063485	0.013874	0.022519
174	-0.061183	0.017676	0.020510
175	-0.057630	0.008253	0.023620
176	-0.056094	0.011467	0.023190
177	-0.052822	0.000738	0.021934
178	-0.045027	0.020779	0.015388
179	-0.039117	0.009540	0.013591
180	-0.035510	0.007506	0.010635
181	-0.029361	0.004014	0.006983
182	-0.024439	-0.004372	0.009425
183	-0.021270	-0.003228	0.008529
184	-0.018902	-0.003712	0.010366
185	-0.016151	-0.003416	0.010243
186	-0.012291	-0.002789	0.006983
187	-0.009913	0.006826	-0.000276
188	-0.008738	-0.002002	-0.005343
189	-0.009338	-0.004274	-0.009281
190	-0.008311	0.000865	-0.011732
191	-0.008640	-0.008166	-0.012366
192	-0.007268	-0.005941	-0.013363
193	-0.004348	-0.001497	-0.015381
194	-0.000614	-0.014974	-0.018289
195	0.003705	-0.015609	-0.021550
196	0.008203	0.003626	-0.028031
197	0.013172	-0.004251	-0.034187
198	0.015823	0.002356	-0.033590
199	0.012432	-0.003498	-0.036572
200	0.014814	-0.004173	-0.038817
201	0.018643	-0.008681	-0.036650
202	0.020379	-0.011020	-0.034893
203	0.024819	0.000761	-0.034624
204	0.026735	0.004933	-0.038336
205	0.031713	0.009625	-0.037190
206	0.034012	0.011051	-0.028302
207	0.035614	0.021029	-0.028915
208	0.034255	0.019126	-0.029157
209	0.036524	0.012623	-0.029822
210	0.040959	0.010192	-0.030671
211	0.042212	0.005068	-0.032027
212	0.041074	-0.002572	-0.030315
213	0.046172	-0.005447	-0.030741
214	0.053620	-0.007183	-0.032820
215	0.059300	-0.003532	-0.030451
216	0.063626	0.015018	-0.027899
217	0.064256	0.001487	-0.028278
218	0.064575	0.013335	-0.030324
219	0.065040	0.010826	-0.029076
220	0.063641	0.012368	-0.032222
221	0.066875	-0.000265	-0.037429
222	0.064698	-0.007516	-0.036947
223	0.061769	-0.005745	-0.036058
224	0.061357	-0.010890	-0.034427
225	0.060889	0.006122	-0.037306
226	0.057824	0.001914	-0.039719
227	0.052311	0.002065	-0.041046
228	0.050538	-0.004627	-0.038187
229	0.046207	-0.013145	-0.042754
230	0.046344	-0.011559	-0.043916
231	0.045236	-0.003428	-0.043985
232	0.043528	-0.000553	-0.047040
233	0.038770	0.015780	-0.050437
234	0.034658	-0.008280	-0.049428
235	0.032014	-0.013181	-0.048612
236	0.025978	-0.036594	-0.044133
237	0.020461	-0.016720	-0.041055
238	0.018164	-0.009616	-0.039288
239	0.015482	-0.013128	-0.033174
240	0.014110	0.009300	-0.025646
241	0.016993	-0.008588	-0.022165
242	0.021285	-0.020596	-0.025484
243	0.022318	-0.004234	-0.024984
244	0.025948	0.000944	-0.018240
245	0.023345	-0.009362	-0.016303
246	0.025900	-0.010271	-0.017417
247	0.030095	-0.000468	-0.016472
248	0.031495	-0.002599	-0.014837
249	0.031468	0.000183	-0.015138
250	0.030236	-0.001809	-0.017145
251	0.028572	0.018884	-0.018684
252	0.027885	0.018190	-0.022716
253	0.022348	0.014221	-0.027702
254	0.019353	0.015748	-0.030644
255	0.018435	-0.003164	-0.035059
256	0.020755	-0.008272	-0.031107
257	0.016795	0.007312	-0.028607
258	0.007568	0.021833	-0.028243
259	0.003717	0.004902	-0.026985
260	-0.001913	-0.003662	-0.024327
261	-0.006574	-0.006572	-0.024615
262	-0.010434	-0.015987	-0.025627
263	-0.009974	-0.011852	-0.022596
264	-0.017594	-0.013379	-0.016778
265	-0.026711	-0.017889	-0.005995
266	-0.034015	-0.012167	0.001467
267	-0.042478	-0.005902	0.004506
268	-0.051421	0.010912	0.004221
269	-0.057098	-0.001668	0.009529
270	-0.058270	-0.003976	0.017140
271	-0.058906	-0.002940	0.015703
272	-0.057420	-0.002588	0.019252
273	-0.055219	0.012863	0.018701
274	-0.055734	0.014033	0.021306
275	-0.054810	0.004815	0.023182
276	-0.058224	-0.005888	0.024738
277	-0.059557	0.004412	0.021259
278	-0.058893	-0.006700	0.024359
279	-0.053780	-0.001965	0.026324
280	-0.045582	-0.002531	0.031253
281	-0.042606	-0.006287	0.035057
282	-0.042678	-0.008431	0.031813
283	-0.040806	-0.017634	0.032360
284	-0.040463	-0.019929	0.030106
285	-0.038785	-0.009629	0.027962
286	-0.041097	-0.011246	0.027058
287	-0.042815	0.000924	0.026643
288	-0.045844	0.006983	0.023942
289	-0.042659	-0.005144	0.021809
290	-0.040562	-0.004693	0.022115
291	-0.035595	-0.005715	0.023728
292	-0.028137	-0.013843	0.029018
293	-0.022340	-0.011803	0.032705
294	-0.017225	0.001282	0.031859
295	-0.013452	0.006882	0.030277
296	-0.010050	0.015243	0.032669
297	-0.003100	0.012386	0.030416
298	0.002692	0.017841	0.030941
299	0.005032	0.010716	0.032581
300	0.006859	0.011764	0.029129
301	0.008207	0.002162	0.024726
302	0.006517	0.005069	0.027094
303	0.008978	0.007295	0.025626
304	0.012020	-0.006176	0.029778
305	0.015751	-0.001613	0.034827
306	0.019493	-0.013268	0.038406
307	0.026167	-0.023863	0.039890
308	0.030533	-0.023808	0.042494
309	0.034606	-0.012084	0.039619
310	0.041817	-0.014048	0.036864
311	0.043041	-0.013376	0.038720
312	0.038365	-0.001341	0.039570
313	0.032324	-0.017660	0.035850
314	0.025106	-0.004226	0.037624
315	0.022833	-0.007219	0.035621
316	0.020534	-0.005304	0.032989
317	0.018179	-0.009597	0.033739
318	0.016907	-0.020191	0.033795
319	0.014541	-0.024385	0.033233
320	0.009704	-0.010835	0.034667
321	0.010966	-0.016544	0.031871
322	0.005940	-0.006993	0.026126
323	0.005547	0.003582	0.026009
324	0.003778	0.011237	0.023103
325	0.002808	0.026600	0.024358
326	0.003626	0.023891	0.025931
327	0.007355	0.011479	0.025649
328	0.014657	0.006111	0.026312
329	0.018105	0.013770	0.021548
330	0.021312	0.001171	0.023003
331	0.025644	0.003852	0.018036
332	0.033514	0.002541	0.011633
333	0.038837	0.012629	0.008880
334	0.044660	0.000558	0.007828
335	0.048611	-0.016726	0.009623
336	0.048193	-0.010619	0.007343
337	0.051253	-0.011969	0.010261
338	0.052711	-0.010572	0.011022
339	0.046618	-0.010729	0.012707
340	0.040910	-0.004045	0.012655
341	0.035426	-0.012417	0.009530
342	0.031183	0.006341	0.007574
343	0.029664	-0.000197	0.011166
344	0.025921	-0.003185	0.016794
345	0.025078	-0.003494	0.021768
346	0.024121	-0.007619	0.027450
347	0.024064	0.002200	0.027655
348	0.022915	0.004445	0.029465
349	0.020049	0.002112	0.032457
350	0.015895	0.010117	0.026758
351	0.012292	-0.003176	0.030112
352	0.007952	-0.010623	0.034643
353	0.007053	-0.004826	0.039481
354	0.004773	-0.003954	0.037299
355	0.003276	0.007589	0.044937
356	0.001912	0.004216	0.046739
357	0.004189	-0.012184	0.048266
358	0.009624	-0.008640	0.048620
359	0.011324	-0.009768	0.041890
360	0.013639	-0.011967	0.040916
361	0.020665	0.007134	0.037550
362	0.023426	-0.008027	0.036545
363	0.023024	-0.002755	0.030054
364	0.026620	-0.014745	0.023779
365	0.029266	-0.003817	0.022964
366	0.031561	-0.001133	0.019867
367	0.032995	-0.005431	0.018329
368	0.030027	-0.000306	0.012504
369	0.026282	0.000050	0.009230
370	0.020845	-0.001002	0.003591
371	0.015714	-0.006802	-0.004340
372	0.011554	-0.012846	-0.004121
373	0.007898	-0.014201	-0.008507
374	0.010320	-0.006264	-0.011864
375	0.009793	-0.003227	-0.017293
376	0.003607	-0.018735	-0.015906
377	-0.002687	-0.011522	-0.015750
378	-0.005951	-0.001194	-0.013286
379	-0.014994	-0.000262	-0.011938
380	-0.021192	0.001520	-0.015742
381	-0.025130	0.002130	-0.017524
382	-0.026884	-0.020197	-0.018465
383	-0.029498	-0.005009	-0.016431
384	-0.030478	-0.008419	-0.018846
385	-0.035521	0.000641	-0.022078
386	-0.037983	-0.002393	-0.021737
387	-0.038078	-0.008151	-0.018871
388	-0.035930	0.004577	-0.017857
389	-0.032978	-0.009555	-0.018003
390	-0.029610	0.000126	-0.015599
391	-0.028106	0.010139	-0.013249
392	-0.024583	-0.000735	-0.009478
393	-0.025220	-0.000170	-0.008450
394	-0.019739	-0.000523	-0.007490
395	-0.016563	0.005498	-0.007003
396	-0.014034	0.003299	-0.008745
397	-0.014347	0.019334	-0.008729
398	-0.015972	0.004734	-0.007210
399	-0.015934	0.003250	-0.007581
400	-0.013116	-0.001203	-0.003827
401	-0.011379	0.010735	0.002739
402	-0.013125	-0.004552	0.002659
403	-0.012292	-0.006313	0.006272
404	-0.008137	-0.011613	0.006527
405	-0.008708	-0.013006	0.005778
406	-0.008743	-0.011061	0.006511
407	-0.006874	-0.010504	0.002272
408	-0.001469	-0.008931	0.004323
409	0.005533	-0.010705	0.003461
410	0.008933	-0.007950	0.005187
411	0.013206	0.003020	0.005464
412	0.016044	-0.009106	0.000524
413	0.016757	-0.008593	-0.002122
414	0.017474	-0.005166	-0.004392
415	0.010846	-0.012603	-0.004010
416	0.007619	-0.002407	0.000039
417	0.006319	-0.022650	0.001931
418	0.011366	-0.019723	0.003148
419	0.011412	-0.007079	-0.000358
420	0.007731	-0.006172	0.004146
421	0.007793	-0.005797	0.007028
422	0.005164	-0.004166	0.011357
423	0.004248	0.003880	0.013752
424	0.004018	-0.007814	0.017410
425	0.001386	-0.012221	0.019123
426	-0.003870	0.003815	0.020050
427	-0.003597	0.002725	0.023068
428	-0.001511	0.000900	0.024354
429	-0.001537	-0.006476	0.024274
430	-0.001099	0.007368	0.027434
431	-0.006370	-0.002813	0.027290
432	-0.004426	-0.008732	0.031741
433	-0.003506	0.002928	0.033446
434	-0.006400	-0.007579	0.033995
435	-0.011896	-0.004071	0.033932
436	-0.009419	0.016130	0.033727
437	-0.007128	0.009376	0.031953
438	-0.001236	0.001069	0.025195
439	0.003029	-0.000070	0.017564
440	0.009167	-0.001587	0.010609
441	0.009593	-0.001771	0.010946
442	0.009702	0.001260	0.011109
443	0.006637	-0.011799	0.007968
444	0.005700	0.004157	0.008539
445	0.005549	-0.000559	0.005318
446	0.005652	0.008692	0.001890
447	0.008587	0.016123	-0.003184
448	0.008110	0.001850	-0.006541
449	0.014799	-0.003753	-0.010709
450	0.018901	-0.011566	-0.009928
451	0.021383	-0.005802	-0.007760
452	0.021738	0.000876	-0.012614
453	0.025683	0.001704	-0.014208
454	0.029191	-0.002406	-0.017881
455	0.030110	0.003453	-0.017255
456	0.029993	0.006644	-0.021157
457	0.028080	-0.000539	-0.026501
458	0.030967	-0.015431	-0.030362
459	0.034635	0.001539	-0.030297
460	0.037293	-0.012157	-0.031844
461	0.035684	-0.019426	-0.030401
462	0.032366	-0.038312	-0.027332
463	0.027850	-0.027023	-0.027847
464	0.028419	-0.010312	-0.031616
465	0.025020	-0.001526	-0.031728
466	0.022960	-0.002784	-0.029457
467	0.022226	-0.009175	-0.024497
468	0.019892	-0.010399	-0.024120
469	0.016924	-0.026770	-0.024324
470	0.016976	-0.008159	-0.020042
471	0.015045	-0.010327	-0.019885
472	0.009627	0.011230	-0.017658
473	0.001353	0.015018	-0.015161
474	-0.008974	0.007032	-0.013313
475	-0.018191	0.007073	-0.010821
476	-0.025028	0.003673	-0.007281
477	-0.034268	0.014356	-0.004970
478	-0.039155	-0.002877	-0.004970
479	-0.040786	-0.007368	-0.002255
480	-0.040920	-0.018805	0.000909
481	-0.034409	-0.022837	-0.001180
482	-0.035045	-0.022894	-0.008179
483	-0.030819	-0.007144	-0.011554
484	-0.028489	0.011279	-0.011007
485	-0.027663	0.003187	-0.013365
486	-0.025960	0.003396	-0.013061
487	-0.025486	-0.005966	-0.015982
488	-0.026425	-0.015627	-0.021699
489	-0.021320	-0.001914	-0.022325
490	-0.016526	0.022787	-0.021074
491	-0.015235	0.022166	-0.026157
492	-0.016095	-0.001448	-0.032282
493	-0.018870	0.002257	-0.038017
494	-0.019952	0.001376	-0.043559
495	-0.019707	-0.010523	-0.042859
496	-0.020000	-0.004441	-0.042640
497	-0.021959	-0.012764	-0.043776
498	-0.025228	-0.025675	-0.041703
499	-0.026224	-0.029022	-0.038921
500	-0.029966	-0.017410	-0.038868
501	-0.031662	-0.008691	-0.040561
502	-0.032885	-0.008823	-0.040068
503	-0.031829	0.000730	-0.042456
504	-0.036299	-0.000495	-0.041605
505	-0.033427	0.001678	-0.036527
506	-0.033922	0.008786	-0.037220
507	-0.034321	0.000225	-0.038424
508	-0.036413	-0.009104	-0.039280
509	-0.039637	-0.005295	-0.035570
510	-0.040877	-0.023433	-0.035553
511	-0.037058	-0.020729	-0.034385
512	-0.034184	-0.005794	-0.033122
513	-0.031552	0.000204	-0.029627
514	-0.028849	-0.005441	-0.027356
515	-0.022654	-0.013103	-0.021604
516	-0.023255	-0.007263	-0.017811
517	-0.022254	0.005553	-0.018708
518	-0.021364	0.004288	-0.019714
519	-0.018156	0.005807	-0.023492
520	-0.019749	0.005355	-0.022390
521	-0.017819	0.006243	-0.022560
522	-0.010370	0.004552	-0.018409
523	-0.009368	0.001613	-0.019331
524	-0.008975	0.000645	-0.017535
525	-0.003825	-0.014435	-0.022098
526	-0.002019	-0.003403	-0.024060
527	-0.002366	-0.002471	-0.021377
528	-0.003175	0.003852	-0.020161
529	-0.005912	-0.012050	-0.018950
530	-0.005438	-0.008990	-0.017151
531	-0.003588	-0.009779	-0.021040
532	0.002226	-0.013607	-0.017285
533	0.007972	-0.025612	-0.016455
534	0.014855	-0.029589	-0.019147
535	0.018892	-0.033036	-0.018709
536	0.020332	-0.015759	-0.019835
537	0.024564	-0.008228	-0.018880
538	0.027256	0.001367	-0.020080
539	0.032345	0.005483	-0.022211
540	0.039317	0.015210	-0.018633
541	0.043681	0.005436	-0.019155
542	0.048314	-0.001478	-0.014778
543	0.048615	-0.008901	-0.016632
544	0.048244	-0.007319	-0.016748
545	0.045305	-0.010665	-0.013837
546	0.045150	-0.026451	-0.012805
547	0.045082	-0.009469	-0.009591
548	0.044397	-0.011698	-0.010423
549	0.042868	-0.001681	-0.012478
550	0.041458	-0.001768	-0.012924
551	0.039944	-0.002281	-0.012264
552	0.035465	-0.002223	-0.017389
553	0.032988	-0.000934	-0.017457
554	0.035810	-0.001416	-0.016388
555	0.033398	0.004026	-0.014422
556	0.031518	0.004587	-0.014164
557	0.028284	0.012269	-0.011964
558	0.027514	0.001813	-0.008382
559	0.026058	-0.010677	-0.011423
560	0.024827	-0.012355	-0.013525
561	0.022303	-0.013524	-0.014053
562	0.020967	-0.016299	-0.012083
563	0.019566	0.005857	-0.007429
564	0.023614	0.002282	-0.001704
565	0.025950	0.002307	0.003706
566	0.026996	-0.008479	0.007360
567	0.027665	-0.015095	0.008360
568	0.029993	0.005420	0.008873
569	0.030732	-0.001777	0.008000
570	0.030504	0.011107	0.004219
571	0.027197	0.012909	0.008141
572	0.024479	-0.009542	0.009168
573	0.018750	-0.010444	0.009357
574	0.013768	-0.018878	0.007800
575	0.009725	-0.023349	0.011773
576	0.007009	-0.020906	0.012026
577	-0.000021	-0.014692	0.017236
578	-0.006368	-0.016316	0.013601
579	-0.012173	-0.017074	0.013851
580	-0.014444	-0.006398	0.012980
581	-0.013550	-0.004567	0.013997
582	-0.008511	-0.004181	0.013920
583	-0.010689	0.003512	0.016134
584	-0.013022	0.027283	0.021926
585	-0.017662	0.012293	0.031315
586	-0.021286	-0.009179	0.032903
587	-0.022379	-0.001766	0.038405
588	-0.027645	-0.008859	0.035579
589	-0.027270	-0.006414	0.035609
590	-0.026370	-0.010795	0.034617
591	-0.022202	0.005980	0.034476
592	-0.021203	-0.000530	0.033746
593	-0.016877	0.008842	0.034911
594	-0.018687	0.012029	0.033685
595	-0.016152	0.007917	0.034675
596	-0.012745	0.011619	0.031550
597	-0.006870	0.004209	0.030067
598	0.001144	0.000645	0.025160
599	0.007145	0.002970	0.021407
600	0.008323	0.007844	0.015131
601	0.004871	0.005953	0.011476
602	0.004199	0.007241	0.007286
603	0.000764	0.010792	0.004377
604	0.002825	0.000702	0.003641
605	0.006162	-0.009041	0.001877
606	0.004006	0.012408	0.002507
607	0.002366	0.001617	0.003880
608	0.004586	0.003522	0.004214
609	0.003363	-0.005290	0.006105
610	0.005697	-0.010529	0.006956
611	0.000247	-0.009830	0.009455
612	-0.007091	-0.010876	0.008032
613	-0.012843	-0.001964	0.001189
614	-0.013279	0.001683	0.004013
615	-0.016301	0.013043	0.005633
616	-0.021036	0.006562	0.007940
617	-0.023914	0.000036	0.013187
618	-0.028360	-0.003554	0.020697
619	-0.030211	0.012895	0.028455
620	-0.038818	-0.001558	0.030874
621	-0.044947	-0.004384	0.033817
622	-0.047987	-0.001167	0.034497
623	-0.054406	0.019447	0.038188
624	-0.058061	0.045188	0.041477
625	-0.061316	0.024899	0.045456
626	-0.058412	0.024721	0.048701
627	-0.058858	0.026637	0.055814
628	-0.059105	-0.006895	0.056621
629	-0.058045	-0.008754	0.054519
630	-0.053470	-0.002548	0.051855
631	-0.047972	-0.003059	0.043791
632	-0.042489	-0.006356	0.041303
633	-0.042720	-0.012558	0.041345
634	-0.043715	-0.004916	0.040603
635	-0.044678	-0.000785	0.039138
636	-0.044633	-0.015890	0.036471
637	-0.041372	-0.000528	0.037569
638	-0.034812	-0.002584	0.030949
639	-0.029613	-0.002890	0.029159
640	-0.019827	-0.012309	0.028547
641	-0.013312	-0.009766	0.024446
642	-0.014088	-0.016898	0.024068
643	-0.013658	-0.017254	0.021698
644	-0.012050	-0.005044	0.020372
645	-0.007849	-0.012335	0.018764
646	-0.003018	-0.003061	0.014492
647	0.001274	-0.018625	0.010117
648	0.000526	-0.005717	0.003487
649	-0.001515	0.006847	-0.002265
650	-0.006551	0.012110	-0.005158
651	-0.012569	0.025472	-0.009148
652	-0.019044	0.031379	-0.012600
653	-0.018124	0.032117	-0.011952
654	-0.017786	0.016872	-0.013614
655	-0.016834	0.000125	-0.021329
656	-0.014943	0.008081	-0.026286
657	-0.017395	0.002645	-0.029486
658	-0.015340	-0.000487	-0.031786
659	-0.015018	-0.009266	-0.029718
660	-0.014877	0.004475	-0.025123
661	-0.019593	-0.003337	-0.022589
662	-0.020663	-0.002657	-0.020194
663	-0.024732	0.007162	-0.019334
664	-0.027432	0.014478	-0.017293
665	-0.023975	0.005668	-0.013734
666	-0.015300	0.000129	-0.013383
667	-0.007038	0.007317	-0.014524
668	0.002470	0.001893	-0.013496
669	0.006159	-0.003224	-0.010776
670	0.011662	0.007049	-0.011981
671	0.020359	0.008016	-0.011712
672	0.027979	-0.012665	-0.006306
673	0.036458	0.008566	-0.007869
674	0.039714	0.004769	-0.003649
675	0.041925	-0.000770	-0.000703
676	0.046842	0.010393	-0.001889
677	0.050098	0.013246	-0.000203
678	0.050399	0.019861	-0.000808
679	0.052007	0.027642	-0.001305
680	0.057255	0.032835	-0.004962
681	0.059260	0.014518	-0.003061
682	0.059553	-0.008148	-0.001500
683	0.056152	0.001180	-0.000507
684	0.052520	0.005155	0.001647
685	0.052783	0.004885	-0.001009
686	0.053321	0.010671	0.002798
687	0.051172	-0.004580	0.003772
688	0.053547	-0.006793	0.000776
689	0.057168	-0.003818	-0.001540
690	0.057871	-0.003917	-0.002993
691	0.061113	0.007521	-0.004602
692	0.062120	0.010799	-0.002747
693	0.064613	0.004913	-0.001582
694	0.068273	-0.006539	-0.005620
695	0.071270	0.006248	-0.009588
696	0.073441	-0.003378	-0.010058
697	0.074434	-0.002402	-0.005436
698	0.074319	-0.006727	-0.002210
699	0.076245	0.003533	-0.001407
700	0.079257	0.014126	0.003941
701	0.087052	0.004998	0.009389
702	0.090101	-0.007265	0.012644
703	0.090593	-0.005700	0.014497
704	0.085844	-0.005384	0.020989
705	0.079319	-0.015864	0.021111
706	0.073158	-0.028972	0.023503
707	0.068724	0.003446	0.027782
708	0.058897	0.001064	0.024914
709	0.053562	0.005676	0.022869
710	0.054426	0.010256	0.021718
711	0.051749	0.000064	0.019865
712	0.053380	-0.001183	0.020666
713	0.051543	-0.006245	0.018850
714	0.044485	-0.005093	0.019548
715	0.041349	-0.014078	0.018098
716	0.036079	-0.005543	0.018907
717	0.031436	0.002993	0.019739
718	0.030484	-0.016618	0.018467
719	0.029493	-0.003486	0.017227
720	0.026997	-0.010254	0.017586
721	0.023511	-0.014699	0.020910
722	0.024387	0.000439	0.019240
723	0.023691	0.002998	0.021594
724	0.023795	0.015612	0.020402
725	0.018415	0.014432	0.018623
726	0.014038	0.004955	0.016045
727	0.009239	0.012371	0.012579
728	0.001292	0.011502	0.010729
729	-0.004616	-0.013331	0.005683
730	-0.011695	-0.009926	0.000160
731	-0.014230	0.003120	-0.008882
732	-0.016308	-0.016146	-0.011675
733	-0.018128	0.009314	-0.015700
734	-0.020739	0.010284	-0.018605
735	-0.021224	-0.001974	-0.022051
736	-0.022538	0.007976	-0.026224
737	-0.022708	-0.008352	-0.030702
738	-0.023177	-0.001509	-0.037484
739	-0.023103	0.005910	-0.037739
740	-0.025917	-0.001869	-0.034833
741	-0.024251	-0.006278	-0.029775
742	-0.024531	-0.015489	-0.032944
743	-0.019769	-0.007603	-0.030954
744	-0.011287	0.012650	-0.031308
745	-0.008317	-0.000987	-0.032067
746	-0.007467	0.013884	-0.025120
747	-0.005923	0.016805	-0.022734
748	-0.004634	0.000902	-0.018169
749	-0.001455	0.000666	-0.016753
750	0.002770	0.004477	-0.018592
751	0.004625	-0.005914	-0.017276
752	0.005003	-0.018128	-0.016024
753	0.005403	-0.003273	-0.014390
754	0.002532	-0.000074	-0.014037
755	-0.002355	0.003095	-0.012603
756	-0.004895	0.006895	-0.010421
757	-0.007372	0.011546	-0.003534
758	-0.007859	-0.007159	-0.006674
759	-0.002715	-0.011882	-0.002862
760	-0.005808	-0.015479	-0.001976
761	-0.003887	0.016932	-0.001173
762	-0.006064	0.009515	0.001619
763	-0.003419	0.005599	0.003824
764	-0.000720	0.005972	0.009017
765	0.003152	0.005578	0.011875
766	0.004844	0.008380	0.016320
767	0.000124	0.013940	0.017935
768	-0.003378	0.012770	0.018732
769	-0.001474	0.019099	0.019741
770	-0.000706	0.015744	0.016176
771	0.001018	0.008993	0.018338
772	0.008577	0.011662	0.015384
773	0.014914	0.024310	0.018112
774	0.025646	0.021824	0.018164
775	0.035531	0.011701	0.009777
776	0.044468	0.018419	0.005440
777	0.051977	0.016596	0.005032
778	0.062780	0.018542	0.010116
779	0.070126	0.020325	0.013292
780	0.072174	0.021416	0.011179
781	0.075274	0.014887	0.011714
782	0.075565	0.016870	0.010461
783	0.072163	0.007528	0.009237
784	0.066557	0.008124	0.017064
785	0.067418	-0.001384	0.021022
786	0.064217	0.006088	0.017570
787	0.062689	0.001498	0.014281
788	0.062875	-0.003058	0.007580
789	0.058502	0.010344	0.002081
790	0.057855	-0.000896	-0.000040
791	0.056099	-0.010183	-0.004638
792	0.057150	-0.011536	-0.002100
793	0.057596	0.001315	-0.003129
794	0.052138	0.013177	-0.004851
795	0.046774	0.007355	-0.006993
796	0.041583	0.014843	-0.007273
797	0.036982	0.013919	-0.007930
798	0.032464	0.000991	-0.012984
799	0.027203	0.009902	-0.016996
800	0.025552	0.011534	-0.016257
801	0.020037	0.023215	-0.016476
802	0.014671	0.008563	-0.018431
803	0.009088	-0.006079	-0.024033
804	0.004038	-0.005425	-0.028814
805	0.003095	-0.001729	-0.032690
806	0.001629	-0.009200	-0.030177
807	-0.000089	-0.009390	-0.032595
808	-0.001921	-0.000158	-0.030963
809	-0.010795	-0.001352	-0.029801
810	-0.011594	-0.005321	-0.028272
811	-0.016545	0.000493	-0.031960
812	-0.024475	-0.017752	-0.031388
813	-0.028800	-0.020556	-0.033604
814	-0.028452	-0.000215	-0.037834
815	-0.027578	0.009933	-0.042204
816	-0.026226	0.008753	-0.049185
817	-0.025532	0.017559	-0.053064
818	-0.027942	0.000513	-0.053135
819	-0.031810	-0.006626	-0.049291
820	-0.030461	-0.001033	-0.048209
821	-0.033581	-0.000864	-0.042964
822	-0.032262	0.008066	-0.041389
823	-0.033964	0.016417	-0.042354
824	-0.036535	0.014229	-0.045224
825	-0.039594	0.016363	-0.041930
826	-0.039780	0.001613	-0.041575
827	-0.040703	-0.000051	-0.044439
828	-0.040457	-0.011481	-0.046820
829	-0.039918	0.005442	-0.042937
830	-0.043862	-0.006594	-0.043098
831	-0.046957	0.023015	-0.049521
832	-0.051678	0.002069	-0.052947
833	-0.054159	0.002373	-0.057577
834	-0.055781	0.003848	-0.059915
835	-0.057636	0.030082	-0.059466
836	-0.058127	0.008108	-0.055586
837	-0.063909	0.004372	-0.052562
838	-0.069295	0.004456	-0.043981
839	-0.078759	-0.005495	-0.035378
840	-0.087105	0.003038	-0.035358
841	-0.094827	-0.003350	-0.031076
842	-0.099942	0.004642	-0.024815
843	-0.102524	-0.010486	-0.023568
844	-0.104830	-0.000498	-0.021805
845	-0.102614	-0.005701	-0.024022
846	-0.096966	-0.005370	-0.027907
847	-0.095762	-0.013426	-0.027714
848	-0.092147	-0.007740	-0.031295
849	-0.087321	-0.000280	-0.031355
850	-0.084281	-0.003981	-0.029142
851	-0.074986	0.011752	-0.025157
852	-0.066659	0.014995	-0.023994
853	-0.063805	0.007013	-0.022792
854	-0.058765	0.011195	-0.023964
855	-0.055506	0.006348	-0.025457
856	-0.049408	0.004783	-0.025120
857	-0.046484	0.006768	-0.026098
858	-0.041009	0.007445	-0.025138
859	-0.041952	-0.005133	-0.024792
860	-0.044156	-0.014304	-0.022711
861	-0.042704	-0.013522	-0.018479
862	-0.042612	-0.020450	-0.017040
863	-0.041157	-0.015476	-0.020693
864	-0.044249	-0.012463	-0.024737
865	-0.046359	-0.012950	-0.029053
866	-0.047496	-0.018219	-0.038738
867	-0.045602	-0.005789	-0.040387
868	-0.047501	-0.011954	-0.042071
869	-0.045051	-0.004705	-0.038767
870	-0.047214	-0.008799	-0.035665
871	-0.051820	-0.001428	-0.033379
872	-0.056179	-0.006853	-0.035115
873	-0.055631	-0.006491	-0.030496
874	-0.057931	0.001515	-0.032360
875	-0.059746	0.002470	-0.029028
876	-0.064380	-0.001755	-0.031585
877	-0.067549	0.000451	-0.028312
878	-0.067533	0.022002	-0.028972
879	-0.062941	0.018104	-0.024364
880	-0.059453	0.001106	-0.019569
881	-0.051519	0.006581	-0.014942
882	-0.047794	0.017900	-0.011904
883	-0.043172	0.012477	-0.006893
884	-0.036737	0.004694	-0.006308
885	-0.031097	0.021616	-0.001041
886	-0.029496	0.027390	-0.000261
887	-0.022189	0.026785	0.004622
888	-0.014848	0.016879	0.003076
889	-0.006503	0.004828	0.005068
890	-0.004408	-0.007686	0.006537
891	-0.005943	-0.003642	0.012953
892	-0.008435	-0.006395	0.011350
893	-0.006001	-0.000556	0.013440
894	-0.000947	0.008607	0.009008
895	0.000361	0.006143	0.010643
896	-0.003502	0.016041	0.011168
897	-0.006833	0.029431	0.010767
898	-0.007394	0.024466	0.008614
899	-0.006594	-0.004106	0.005310
900	-0.003432	0.000142	0.001994
901	0.006222	0.015528	-0.002225
902	0.007950	0.008998	-0.000521
903	0.013196	0.012955	0.001378
904	0.013417	0.028881	-0.002385
905	0.011800	0.033107	-0.008500
906	0.010018	0.020235	-0.013923
907	0.007118	0.013249	-0.012055
908	0.001499	0.013217	-0.016398
909	0.000562	0.013219	-0.018213
910	-0.000980	0.008869	-0.013893
911	-0.006699	0.003255	-0.016431
912	-0.015194	0.010450	-0.020101
913	-0.020945	-0.027578	-0.021220
914	-0.025299	-0.012383	-0.018845
915	-0.025911	-0.029844	-0.021825
916	-0.025674	-0.029515	-0.023182
917	-0.027042	-0.008083	-0.025914
918	-0.032846	-0.018050	-0.026331
919	-0.034343	-0.024739	-0.029656
920	-0.033950	-0.008825	-0.023921
921	-0.029711	0.002110	-0.023813
922	-0.025681	-0.000945	-0.022031
923	-0.027452	0.003079	-0.020647
924	-0.035034	0.002307	-0.017237
925	-0.035628	0.001581	-0.017406
926	-0.029988	0.005890	-0.009163
927	-0.028242	-0.001792	-0.004021
928	-0.028444	-0.005340	-0.001206
929	-0.025707	0.003894	0.000241
930	-0.022879	-0.008831	0.001959
931	-0.020773	-0.014880	0.001848
932	-0.019086	-0.001957	0.008480
933	-0.016010	-0.003020	0.014401
934	-0.017356	-0.019926	0.019728
935	-0.019855	-0.022901	0.023429
936	-0.020622	-0.023718	0.026984
937	-0.020853	-0.013382	0.025349
938	-0.019758	-0.010697	0.026609
939	-0.016124	-0.011285	0.025654
940	-0.010818	-0.011341	0.027191
941	-0.007642	-0.020778	0.030653
942	-0.003065	-0.023618	0.034424
943	-0.003245	-0.031179	0.034422
944	-0.001332	-0.022360	0.031283
945	0.001707	-0.027073	0.024724
946	0.003346	-0.033178	0.023965
947	0.004191	-0.033164	0.024788
948	0.003734	-0.024552	0.022700
949	0.001225	-0.004173	0.021125
950	-0.001461	0.008464	0.023052
951	0.001997	-0.003774	0.023808
952	0.001858	-0.016782	0.027254
953	0.001131	-0.015676	0.030113
954	-0.000999	-0.008074	0.029281
955	-0.005610	-0.003327	0.024728
956	-0.007304	-0.004299	0.021311
957	-0.006620	-0.005698	0.018815
958	-0.011515	-0.006883	0.019898
959	-0.013218	-0.028595	0.016506
960	-0.014504	-0.025704	0.012587
961	-0.015247	-0.021841	0.010733
962	-0.017418	-0.017862	0.012380
963	-0.020235	-0.016903	0.013744
964	-0.027704	-0.013079	0.013993
965	-0.030739	0.002257	0.011155
966	-0.028881	-0.012532	0.006361
967	-0.026768	-0.013463	0.007138
968	-0.026107	0.008842	0.006516
969	-0.024027	-0.011206	0.005869
970	-0.024419	-0.016243	0.006550
971	-0.024997	-0.016673	0.004359
972	-0.027569	-0.008819	0.001006
973	-0.029493	-0.028458	-0.003157
974	-0.032366	-0.021163	-0.004132
975	-0.034987	-0.018318	-0.007630
976	-0.033837	-0.000900	-0.014112
977	-0.035997	0.009329	-0.019425
978	-0.034930	-0.000758	-0.030758
979	-0.029413	-0.007213	-0.035091
980	-0.023746	-0.009671	-0.038138
981	-0.019202	-0.007475	-0.041737
982	-0.017933	0.003362	-0.045351
983	-0.017060	0.002892	-0.051061
984	-0.019592	0.014574	-0.056650
985	-0.022466	-0.002487	-0.058704
986	-0.023754	-0.007039	-0.057860
987	-0.026493	-0.000830	-0.058393
988	-0.028799	0.003661	-0.057744
989	-0.028628	0.001016	-0.060851
990	-0.026264	0.013328	-0.060698
991	-0.021786	0.014702	-0.065794
992	-0.019244	0.025285	-0.066243
993	-0.016212	0.025011	-0.067945
994	-0.009006	0.017252	-0.067880
995	0.001133	0.009323	-0.063268
996	0.003258	0.006668	-0.062349
997	0.006030	0.009418	-0.063389
998	0.011286	-0.001039	-0.062316
999	0.014174	-0.002408	-0.061919
1000	0.019544	0.002822	-0.064221
1001	0.021326	0.017937	-0.066543
1002	0.026919	0.015829	-0.068362
1003	0.034142	-0.003068	-0.073094
1004	0.041208	-0.009173	-0.074256
1005	0.042848	0.003703	-0.076618
1006	0.047355	-0.020970	-0.072738
1007	0.055403	-0.000190	-0.066515
1008	0.062762	-0.018320	-0.065199
1009	0.068672	-0.000502	-0.063760
1010	0.074078	-0.015618	-0.065981
1011	0.077114	-0.008804	-0.067501
1012	0.072792	-0.004500	-0.060574
1013	0.065945	-0.005008	-0.056388
1014	0.062791	-0.007660	-0.049638
1015	0.054853	-0.004648	-0.040968
1016	0.052224	-0.006861	-0.035590
1017	0.047638	-0.010868	-0.034613
1018	0.049213	-0.018814	-0.034343
1019	0.050299	-0.018009	-0.031287
1020	0.052599	-0.024577	-0.027575
1021	0.051959	-0.001240	-0.021832
1022	0.049174	0.007763	-0.022088
1023	0.050185	-0.004951	-0.022179
1024	0.052640	0.003138	-0.017508
1025	0.050954	0.000881	-0.011400
1026	0.049563	0.014585	-0.005347
1027	0.046403	0.007375	0.003749
1028	0.041477	-0.000606	0.009231
1029	0.038805	0.001807	0.017383
1030	0.037787	-0.005131	0.025022
1031	0.032776	-0.014444	0.028949
1032	0.030670	-0.024109	0.035677
1033	0.028312	-0.022473	0.040494
1034	0.026005	-0.024408	0.044283
1035	0.023794	-0.022400	0.047286
1036	0.019577	-0.019340	0.047760
1037	0.017916	-0.018892	0.051742
1038	0.019098	-0.018089	0.057062
1039	0.019596	-0.007459	0.054148
1040	0.014800	0.013648	0.052863
1041	0.014965	0.024710	0.053926
1042	0.017603	0.011970	0.056659
1043	0.012301	0.009626	0.054610
1044	0.014232	-0.007527	0.054685
1045	0.016550	0.011942	0.050728
1046	0.012939	0.003826	0.049629
1047	0.012077	0.006148	0.047837
1048	0.006679	0.019052	0.041379
1049	0.003714	0.017423	0.040163
1050	0.000913	0.004612	0.030743
1051	-0.001258	0.013968	0.025885
1052	-0.001260	0.012878	0.019937
1053	-0.003969	0.018944	0.020946
1054	-0.000593	0.005819	0.023823
1055	0.002350	-0.002205	0.024034
1056	0.004988	-0.002020	0.023689
1057	0.006265	0.002171	0.025157
1058	0.009280	0.005749	0.018411
1059	0.013399	0.005264	0.019032
1060	0.011230	0.016776	0.022469
1061	0.014931	0.018065	0.018388
1062	0.018805	0.000255	0.018659
1063	0.019730	0.004693	0.017688
1064	0.019559	0.000629	0.020398
1065	0.022610	-0.020835	0.023331
1066	0.024870	-0.021318	0.028543
1067	0.028637	-0.017658	0.033307
1068	0.031412	-0.031870	0.030800
1069	0.032013	-0.022421	0.025630
1070	0.032564	-0.020162	0.031319
1071	0.031857	-0.013390	0.032615
1072	0.029493	-0.014869	0.029521
1073	0.026162	-0.000726	0.026599
1074	0.024446	-0.007149	0.027159
1075	0.019763	-0.016640	0.022662
1076	0.016987	0.001404	0.026516
1077	0.014272	0.014774	0.029131
1078	0.006700	0.010018	0.030624
1079	0.001273	0.020247	0.031925
1080	-0.000752	0.001103	0.030257
1081	-0.003839	-0.012686	0.025240
1082	-0.007899	-0.013793	0.018771
1083	-0.008552	0.003436	0.013365
1084	-0.008887	0.010753	0.008115
1085	-0.005404	0.003521	0.004262
1086	-0.000236	-0.010297	0.006134
1087	0.003313	0.005113	0.004307
1088	0.008191	-0.003181	-0.001647
1089	0.012552	0.019981	-0.002330
1090	0.018062	0.010198	-0.003094
1091	0.021142	0.015405	-0.005847
1092	0.023661	0.017386	-0.008184
1093	0.023505	0.013019	-0.007090
1094	0.023167	0.004900	-0.006577
1095	0.023325	-0.008944	-0.007338
1096	0.020371	0.002373	-0.006126
1097	0.017370	-0.001216	-0.009502
1098	0.019378	-0.014369	-0.014068
1099	0.020716	-0.006375	-0.015663
1100	0.025554	0.002504	-0.014325
1101	0.026880	-0.014507	-0.016087
1102	0.027125	-0.019674	-0.018284
1103	0.023368	-0.008223	-0.021167
1104	0.020805	0.006230	-0.021173
1105	0.019082	0.010801	-0.020095
1106	0.018072	0.006465	-0.017217
1107	0.020168	0.016836	-0.019738
1108	0.019435	0.006459	-0.018842
1109	0.018716	-0.003967	-0.017257
1110	0.015090	0.007559	-0.018721
1111	0.012373	0.009843	-0.021603
1112	0.013271	0.013197	-0.025035
1113	0.012729	-0.009330	-0.024710
1114	0.010568	-0.011334	-0.025320
1115	0.011868	-0.009896	-0.029980
1116	0.010485	-0.021008	-0.031815
1117	0.007025	-0.022401	-0.030065
1118	0.004267	-0.019309	-0.026687
1119	0.001789	-0.019117	-0.021863
1120	-0.008957	-0.003294	-0.019302
1121	-0.012187	-0.000886	-0.018883
1122	-0.017660	-0.002329	-0.018768
1123	-0.019822	0.002608	-0.025794
1124	-0.020726	-0.012690	-0.027268
1125	-0.021836	-0.006448	-0.032063
1126	-0.024081	0.003184	-0.031739
1127	-0.023980	0.008680	-0.031688
1128	-0.028030	0.001979	-0.032584
1129	-0.034002	-0.011223	-0.033600
1130	-0.033871	0.001800	-0.032720
1131	-0.028031	0.004417	-0.035416
1132	-0.029340	0.012328	-0.038248
1133	-0.028788	0.020833	-0.038145
1134	-0.026396	0.004983	-0.037037
1135	-0.023351	-0.002999	-0.043642
1136	-0.014815	0.002250	-0.052827
1137	-0.012362	0.008154	-0.053970
1138	-0.014248	-0.009203	-0.055523
1139	-0.015653	-0.000588	-0.060641
1140	-0.009520	-0.007370	-0.065753
1141	-0.003169	-0.003487	-0.072497
1142	0.002876	-0.003982	-0.076879
1143	0.008163	-0.000460	-0.078977
1144	0.008545	-0.009547	-0.083720
1145	0.005233	-0.012099	-0.087090
1146	0.008712	-0.017261	-0.099139
1147	0.014301	-0.008004	-0.097977
1148	0.013518	-0.007342	-0.095956
1149	0.008886	0.001002	-0.095643
1150	0.007804	0.010615	-0.095771
1151	0.009480	0.000236	-0.091915
1152	0.015838	0.015409	-0.084755
1153	0.014603	0.005642	-0.085924
1154	0.012128	-0.004699	-0.083055
1155	0.004768	-0.000566	-0.079676
1156	0.002495	-0.008069	-0.074439
1157	0.000364	-0.019542	-0.069646
1158	-0.000820	-0.002404	-0.067167
1159	-0.002353	-0.010012	-0.067674
1160	-0.008533	-0.013972	-0.070044
1161	-0.010497	-0.008134	-0.074228
1162	-0.012919	-0.006105	-0.075791
1163	-0.013292	0.000129	-0.077370
1164	-0.010383	0.001716	-0.079175
1165	-0.006901	-0.006094	-0.079075
1166	-0.005122	-0.012549	-0.079861
1167	-0.002696	-0.012378	-0.075391
1168	-0.006552	-0.001459	-0.075907
1169	-0.011135	-0.004110	-0.077800
1170	-0.017794	-0.020584	-0.071980
1171	-0.022471	-0.027342	-0.072365
1172	-0.028091	-0.028114	-0.068239
1173	-0.028653	-0.015483	-0.068314
1174	-0.030828	0.003555	-0.060926
1175	-0.029039	-0.005440	-0.061469
1176	-0.034545	0.007287	-0.057791
1177	-0.038814	0.011111	-0.053797
1178	-0.038817	-0.006177	-0.052583
1179	-0.039411	-0.014665	-0.050554
1180	-0.043681	0.014015	-0.050604
1181	-0.047869	0.014733	-0.050182
1182	-0.041986	0.002370	-0.051217
1183	-0.034362	0.010125	-0.049407
1184	-0.030757	-0.002024	-0.047501
1185	-0.027042	-0.015758	-0.048708
1186	-0.024267	-0.033875	-0.051210
1187	-0.027245	-0.029178	-0.050357
1188	-0.023674	-0.028789	-0.052165
1189	-0.023529	-0.016228	-0.047204
1190	-0.024653	-0.000260	-0.044374
1191	-0.021560	-0.005606	-0.043016
1192	-0.017307	0.005312	-0.042505
1193	-0.016125	0.001424	-0.041239
1194	-0.009676	-0.001028	-0.040817
1195	-0.005901	-0.006042	-0.040626
1196	-0.003503	-0.014866	-0.035193
1197	-0.002622	-0.010402	-0.035061
1198	-0.003690	-0.008678	-0.033836
1199	-0.005396	-0.024627	-0.030648
1200	-0.010404	0.005461	-0.029644
1201	-0.011268	0.008770	-0.030185
1202	-0.009307	-0.008878	-0.025750
1203	-0.007156	-0.002725	-0.023110
1204	-0.003739	-0.006224	-0.024045
1205	-0.001768	-0.004620	-0.020798
1206	-0.004918	-0.016892	-0.023374
1207	-0.008498	-0.017631	-0.020012
1208	-0.010787	-0.000594	-0.020682
1209	-0.013755	0.002983	-0.018802
1210	-0.015707	-0.011136	-0.018012
1211	-0.023316	-0.007286	-0.019140
1212	-0.025776	-0.014038	-0.017784
1213	-0.024327	-0.000069	-0.012566
1214	-0.016249	-0.006416	-0.010017
1215	-0.012275	-0.008259	-0.007505
1216	-0.010303	0.011246	-0.002222
1217	-0.007605	0.001113	-0.002784
1218	-0.007887	-0.000267	-0.000977
1219	-0.001016	-0.007458	0.002488
1220	0.003772	0.000377	0.004491
1221	0.007730	0.013430	0.007022
1222	0.008527	0.008231	0.008804
1223	0.008448	0.013435	0.004922
1224	0.011475	0.003201	-0.005685
1225	0.023659	-0.009092	-0.008030
1226	0.030896	-0.002695	-0.008573
1227	0.036131	0.006378	-0.010573
1228	0.039406	0.005694	-0.007583
1229	0.045814	-0.007103	-0.004089
1230	0.048521	0.001522	0.001619
1231	0.046663	-0.009195	0.001086
1232	0.043624	-0.015629	0.003158
1233	0.045122	-0.011034	0.003968
1234	0.040731	-0.004908	0.009028
1235	0.041572	-0.006782	0.005949
1236	0.042763	0.008426	0.003812
1237	0.043580	0.007287	0.002650
1238	0.045320	0.008459	-0.000167
1239	0.041378	0.009748	-0.001026
1240	0.038325	0.012347	-0.004490
1241	0.035164	0.013135	-0.007598
1242	0.035113	-0.008836	-0.013048
1243	0.034610	-0.008702	-0.013235
1244	0.037073	0.006483	-0.010044
1245	0.035096	-0.002434	-0.011416
1246	0.033682	-0.006583	-0.007072
1247	0.030489	-0.010599	-0.004436
1248	0.027388	0.000491	0.000724
1249	0.024810	0.009172	-0.001450
1250	0.021240	-0.009240	-0.003558
1251	0.015781	0.007445	-0.004468
1252	0.011937	0.003748	-0.003943
1253	0.010271	0.008044	-0.006154
1254	0.008468	0.020489	-0.004975
1255	0.011130	-0.001001	-0.005575
1256	0.012135	0.008823	-0.005717
1257	0.012255	0.006920	-0.006555
1258	0.011402	0.001060	-0.008531
1259	0.013143	0.006934	-0.012754
1260	0.013721	0.007564	-0.009225
1261	0.014820	0.000241	-0.010678
1262	0.012566	0.005421	-0.009504
1263	0.009855	-0.002958	-0.009391
1264	0.007486	0.010514	-0.004885
1265	0.003351	0.002083	0.003191
1266	0.003726	-0.006327	0.004268
1267	0.003591	-0.003055	0.003283
1268	-0.004386	-0.008463	0.001638
1269	-0.010829	-0.006891	-0.000827
1270	-0.016969	0.004201	-0.002784
1271	-0.021610	-0.008017	-0.001233
1272	-0.026878	-0.023195	0.000122
1273	-0.030225	0.011168	0.001519
1274	-0.033058	0.008225	0.002780
1275	-0.033702	0.018013	-0.001395
1276	-0.032189	0.022258	-0.002840
1277	-0.031833	0.005671	-0.003534
1278	-0.033187	0.010191	-0.008386
1279	-0.035411	0.008379	-0.010047
1280	-0.037221	0.019035	-0.013936
1281	-0.035988	-0.001812	-0.023830
1282	-0.039050	0.001369	-0.031985
1283	-0.044150	-0.008644	-0.034144
1284	-0.045751	0.010515	-0.041958
1285	-0.042633	0.005545	-0.045896
1286	-0.037478	-0.001618	-0.047069
1287	-0.031088	-0.007224	-0.050746
1288	-0.024666	0.005760	-0.054949
1289	-0.016906	0.024012	-0.056672
1290	-0.012248	0.011712	-0.059381
1291	-0.003688	0.001231	-0.059537
1292	-0.001176	-0.001178	-0.057490
1293	0.005576	-0.014325	-0.055473
1294	0.010024	-0.017579	-0.053829
1295	0.010415	-0.016845	-0.045462
1296	0.014396	-0.023685	-0.041946
1297	0.017632	-0.014030	-0.037941
1298	0.020335	-0.008019	-0.038289
1299	0.022588	-0.004212	-0.037900
1300	0.022652	-0.006354	-0.044535
1301	0.020417	-0.008036	-0.045130
1302	0.018046	-0.010920	-0.045357
1303	0.016483	-0.009214	-0.048862
1304	0.016449	0.001886	-0.048632
1305	0.023902	-0.010503	-0.048481
1306	0.023989	-0.022404	-0.045516
1307	0.023004	-0.023047	-0.040260
1308	0.023804	-0.018987	-0.032221
1309	0.024227	-0.035293	-0.027264
1310	0.026310	-0.024093	-0.025737
1311	0.028431	-0.011489	-0.014538
1312	0.028140	-0.019656	-0.008663
1313	0.025752	-0.023899	-0.004802
1314	0.026475	-0.024898	0.001972
1315	0.025713	-0.008849	0.007106
1316	0.022278	-0.017032	0.011772
1317	0.022318	-0.014471	0.014920
1318	0.020715	-0.007107	0.018871
1319	0.017742	-0.020593	0.026783
1320	0.015953	-0.023938	0.030774
1321	0.012667	-0.024013	0.034006
1322	0.010550	-0.007576	0.029725
1323	0.007380	-0.016253	0.031546
1324	0.001717	0.000339	0.033673
1325	0.005548	-0.002632	0.035133
1326	0.005342	-0.009075	0.034526
1327	0.008687	-0.014494	0.039183
1328	0.012605	-0.014238	0.044781
1329	0.012678	-0.009921	0.044522
1330	0.009562	-0.007657	0.043124
1331	0.005738	0.004470	0.041506
1332	0.006165	-0.014483	0.040368
1333	0.005254	-0.023340	0.038538
1334	0.005694	-0.000295	0.037073
1335	0.002754	-0.006748	0.039237
1336	0.001158	-0.012726	0.035166
1337	0.000640	-0.007626	0.036311
1338	-0.003367	-0.010237	0.031393
1339	-0.003863	-0.002653	0.031521
1340	-0.002297	-0.012492	0.033420
1341	-0.003230	0.010936	0.034746
1342	-0.005868	0.015780	0.037442
1343	-0.007064	0.020992	0.035080
1344	-0.008492	0.012000	0.033943
1345	-0.007954	0.004874	0.025452
1346	-0.010495	-0.000959	0.019453
1347	-0.014403	-0.008019	0.016935
1348	-0.014353	-0.003960	0.013069
1349	-0.013287	0.000451	0.015457
1350	-0.012220	0.013686	0.014437
1351	-0.006667	0.017586	0.015689
1352	-0.004866	0.007898	0.016127
1353	-0.008686	-0.003483	0.015052
1354	-0.010870	-0.019929	0.013858
1355	-0.013914	-0.022254	0.006699
1356	-0.008217	-0.027797	0.000836
1357	-0.001562	-0.027942	-0.003471
1358	-0.001583	0.002037	0.001220
1359	-0.003225	-0.010680	0.001144
1360	-0.002184	-0.013328	0.001102
1361	0.000421	-0.002102	0.000387
1362	0.007868	-0.006741	0.000278
1363	0.014931	-0.002180	-0.001642
1364	0.020334	-0.015360	-0.005093
1365	0.028470	-0.016018	-0.003960
1366	0.026111	-0.020178	-0.001103
1367	0.028976	-0.024035	-0.001753
1368	0.036916	-0.001235	-0.000915
1369	0.040292	-0.004466	0.000557
1370	0.041051	-0.002553	0.003824
1371	0.039043	0.014135	0.008006
1372	0.037032	0.002005	0.012225
1373	0.028894	0.000530	0.016262
1374	0.016786	0.000588	0.016025
1375	0.011654	0.011644	0.013932
1376	0.000406	0.005204	0.012169
1377	-0.009789	0.016642	0.010557
1378	-0.015179	0.003056	0.017263
1379	-0.018959	-0.007358	0.019989
1380	-0.016209	0.010885	0.021052
1381	-0.022247	0.006032	0.021141
1382	-0.024371	0.007352	0.025316
1383	-0.022092	-0.000022	0.026818
1384	-0.019027	-0.002186	0.026811
1385	-0.021810	0.009389	0.029376
1386	-0.024053	-0.017520	0.030930
1387	-0.030301	0.012543	0.030027
1388	-0.034555	0.023991	0.029019
1389	-0.036295	0.002336	0.033979
1390	-0.033083	-0.010298	0.039622
1391	-0.026886	0.002425	0.039871
1392	-0.022138	-0.009463	0.037027
1393	-0.014232	-0.005232	0.037799
1394	-0.011095	-0.023004	0.040005
1395	-0.009518	-0.000533	0.034543
1396	-0.012427	0.004193	0.034567
1397	-0.013976	-0.011007	0.034234
1398	-0.012662	-0.003504	0.035564
1399	-0.012108	-0.003571	0.037054
1400	-0.011429	-0.022921	0.036775
1401	-0.013539	-0.006628	0.034309
1402	-0.015879	-0.006798	0.033070
1403	-0.014172	-0.004350	0.029720
1404	-0.013329	-0.008382	0.029697
1405	-0.015881	0.006764	0.026082
1406	-0.012777	0.006441	0.020565
1407	-0.016164	0.009004	0.020909
1408	-0.017616	-0.006298	0.022032
1409	-0.019887	-0.011388	0.025666
1410	-0.018646	-0.000423	0.018193
1411	-0.017771	-0.008852	0.017825
1412	-0.012454	-0.018223	0.021071
1413	-0.008779	-0.016121	0.025944
1414	-0.013036	-0.006307	0.024545
1415	-0.012962	-0.007837	0.026695
1416	-0.007614	0.003155	0.024524
1417	-0.001213	-0.003955	0.023577
1418	-0.003852	0.004869	0.024299
1419	-0.003536	-0.003609	0.031812
1420	-0.002191	0.009892	0.037489
1421	-0.002384	0.000957	0.043496
1422	-0.001147	-0.010775	0.042799
1423	0.000392	0.010187	0.043728
1424	-0.002445	0.019321	0.047088
1425	0.000075	0.008718	0.050456
1426	-0.002271	0.018499	0.056092
1427	-0.004330	0.008670	0.063561
1428	-0.006688	0.011334	0.067578
1429	-0.008914	0.008059	0.071531
1430	-0.011320	-0.004393	0.073328
1431	-0.018515	0.000227	0.073483
1432	-0.020328	0.000482	0.074567
1433	-0.021414	-0.011960	0.076383
1434	-0.024950	-0.005498	0.071636
1435	-0.026724	0.014225	0.068243
1436	-0.028767	-0.017432	0.064290
1437	-0.025507	-0.004681	0.065814
1438	-0.022747	0.003190	0.063585
1439	-0.019478	-0.019749	0.062765
1440	-0.015541	-0.009082	0.063030
1441	-0.013598	0.007520	0.059973
1442	-0.014918	-0.007259	0.058786
1443	-0.015309	-0.008297	0.054666
1444	-0.017247	-0.026346	0.057551
1445	-0.018749	-0.022130	0.053506
1446	-0.016772	-0.035339	0.049847
1447	-0.013060	-0.020433	0.043999
1448	-0.008607	-0.007216	0.045323
1449	-0.004449	0.000544	0.045344
1450	-0.002508	-0.011260	0.044355
1451	0.002483	-0.015107	0.038251
1452	0.003141	-0.000493	0.033055
1453	0.010619	-0.001465	0.025487
1454	0.014809	0.002677	0.021908
1455	0.015654	-0.011064	0.017067
1456	0.013651	0.000129	0.012475
1457	0.008950	-0.001508	0.006949
1458	0.004238	-0.004493	0.000044
1459	0.005288	-0.009669	-0.000090
1460	0.002158	-0.009728	-0.002590
1461	-0.000670	-0.007449	-0.003218
1462	-0.002186	-0.018299	-0.002015
1463	-0.000130	-0.017049	-0.002306
1464	-0.003499	-0.011662	-0.003001
1465	-0.003336	-0.010790	-0.004605
1466	-0.003813	-0.016184	-0.002192
1467	-0.007249	0.001687	0.004965
1468	-0.008038	0.012130	0.010444
1469	-0.008617	-0.001712	0.015284
1470	-0.007851	-0.006358	0.022260
1471	-0.007803	-0.010799	0.026700
1472	-0.011134	-0.017687	0.031086
1473	-0.011349	-0.008455	0.034750
1474	-0.012388	0.015640	0.038260
1475	-0.009058	0.001332	0.037769
1476	-0.006408	-0.011713	0.038253
1477	-0.004276	-0.014902	0.034306
1478	-0.005280	-0.005976	0.032777
1479	-0.008287	-0.010671	0.031323
1480	-0.006612	-0.002052	0.029525
1481	-0.004227	0.017137	0.027671
1482	0.001009	0.003739	0.024129
1483	0.002687	-0.005930	0.017658
1484	0.007819	-0.017631	0.012111
1485	0.014857	-0.016653	0.005613
1486	0.014967	-0.022799	-0.001600
1487	0.015597	-0.011045	-0.009774
1488	0.016564	-0.002796	-0.011788
1489	0.018815	0.006067	-0.011371
1490	0.019016	0.007127	-0.011668
1491	0.022719	-0.000885	-0.011815
1492	0.024860	0.000593	-0.013519
1493	0.020953	0.010614	-0.021427
1494	0.018519	0.010033	-0.029180
1495	0.016461	0.014615	-0.030777
1496	0.014747	-0.004784	-0.031507
1497	0.009565	-0.008655	-0.032308
1498	0.007107	-0.003825	-0.032083
1499	0.009827	-0.023640	-0.033035
1500	0.008975	-0.020580	-0.034084
1501	0.011189	-0.016592	-0.031778
1502	0.012577	-0.020054	-0.034301
1503	0.013008	-0.010743	-0.035911
1504	0.012457	-0.005710	-0.033995
1505	0.014512	-0.000923	-0.036796
1506	0.016926	0.007767	-0.041530
1507	0.021359	0.000639	-0.048452
1508	0.026692	-0.003892	-0.054375
1509	0.028775	-0.006991	-0.062632
1510	0.030063	-0.010559	-0.060076
1511	0.033041	-0.002658	-0.055765
1512	0.030565	0.003529	-0.049588
1513	0.027944	-0.005821	-0.043461
1514	0.019262	-0.004985	-0.040099
1515	0.012591	-0.007127	-0.043241
1516	0.005445	-0.002035	-0.042754
1517	0.001750	-0.001955	-0.043958
1518	0.002657	-0.010864	-0.041970
1519	-0.001601	-0.006591	-0.036908
1520	-0.005009	0.003983	-0.032825
1521	-0.007385	0.012947	-0.032619
1522	-0.009949	0.013776	-0.030147
1523	-0.009534	0.003115	-0.029741
1524	-0.013083	0.007124	-0.027780
1525	-0.017161	0.005216	-0.021222
1526	-0.016980	0.000553	-0.021922
1527	-0.016602	0.008158	-0.022899
1528	-0.017440	0.007901	-0.024725
1529	-0.018183	0.017435	-0.031347
1530	-0.014040	0.030323	-0.029568
1531	-0.015674	0.035599	-0.030715
1532	-0.019510	0.009437	-0.033162
1533	-0.021984	0.005764	-0.041266
1534	-0.028090	0.002302	-0.037941
1535	-0.029044	-0.006949	-0.038910
1536	-0.026209	-0.011430	-0.037411
1537	-0.022108	-0.023877	-0.033078
1538	-0.020157	-0.016241	-0.034724
1539	-0.018522	-0.015280	-0.035697
1540	-0.013681	-0.029923	-0.032606
1541	-0.006982	-0.007368	-0.029024
1542	-0.003432	0.002187	-0.026784
1543	-0.000262	0.003947	-0.023702
1544	-0.000353	0.009514	-0.017573
1545	-0.001561	0.012429	-0.015805
1546	-0.003372	0.007418	-0.013349
1547	-0.002992	0.008203	-0.011977
1548	-0.006269	0.005914	-0.013756
1549	-0.008907	0.011776	-0.016155
1550	-0.006918	0.003769	-0.016809
1551	-0.006866	-0.013932	-0.013138
1552	-0.001216	-0.011934	-0.012949
1553	0.005503	-0.001560	-0.007994
1554	0.010179	-0.008723	-0.009028
1555	0.011603	0.006151	-0.010312
1556	0.018909	0.023462	-0.009769
1557	0.026054	0.028816	-0.012813
1558	0.027427	0.023428	-0.013672
1559	0.028032	0.007291	-0.014629
1560	0.026769	-0.015844	-0.016301
1561	0.028499	-0.012377	-0.012219
1562	0.028135	0.000806	-0.008722
1563	0.031484	-0.002455	-0.009076
1564	0.032857	-0.006329	-0.003766
1565	0.031546	-0.010274	-0.006761
1566	0.031137	-0.000864	-0.006480
1567	0.028326	-0.004505	-0.005844
1568	0.025441	0.002857	-0.007567
1569	0.023401	0.012311	-0.005788
1570	0.021814	0.009077	-0.010327
1571	0.020550	0.011188	-0.009584
1572	0.019531	0.002208	-0.005407
1573	0.011800	0.011221	-0.005457
1574	0.006483	0.008304	-0.004441
1575	0.003016	0.013424	-0.006847
1576	0.002112	0.005116	-0.009280
1577	0.001699	0.016614	-0.007371
1578	0.004290	0.024694	-0.009177
1579	0.009825	0.047151	-0.007228
1580	0.011647	0.041090	-0.002522
1581	0.010889	0.030867	-0.003694
1582	0.009576	0.036256	-0.001720
1583	0.010001	0.032536	-0.001845
1584	0.008544	0.023210	-0.000114
1585	0.003328	0.017393	0.004521
1586	-0.000538	-0.009798	0.006534
1587	-0.004728	-0.017527	0.006297
1588	-0.006700	0.001011	0.004372
1589	-0.005101	0.002625	0.001955
1590	-0.004138	0.001426	0.000820
1591	-0.000441	-0.006863	0.005837
1592	0.006682	-0.002152	0.010598
1593	0.008194	-0.015437	0.015749
1594	0.009290	-0.020497	0.017134
1595	0.015218	-0.003193	0.022570
1596	0.017534	0.006614	0.020929
1597	0.020979	-0.007774	0.021353
1598	0.021349	-0.003359	0.025635
1599	0.025428	0.002054	0.027539
1600	0.029958	0.021657	0.027030
1601	0.036815	0.025430	0.023374
1602	0.040778	0.010548	0.024542
1603	0.040071	0.015678	0.027490
1604	0.038290	0.022267	0.034131
1605	0.037490	0.018959	0.038765
1606	0.032714	-0.001145	0.044592
1607	0.033695	-0.006744	0.049237
1608	0.031861	-0.013795	0.052095
1609	0.027477	-0.012078	0.052586
1610	0.021962	-0.017351	0.050509
1611	0.019786	0.003522	0.050229
1612	0.018144	0.002808	0.040576
1613	0.016592	0.001791	0.038325
1614	0.012774	-0.003046	0.033785
1615	0.004111	0.006784	0.030998
1616	-0.001607	0.013095	0.021083
1617	-0.007162	0.023404	0.016483
1618	-0.014501	0.013458	0.012824
1619	-0.018934	-0.008090	0.004355
1620	-0.026633	-0.014348	-0.004516
1621	-0.028009	-0.003152	-0.012067
1622	-0.030475	-0.013927	-0.017838
1623	-0.031937	-0.014119	-0.018568
1624	-0.035714	-0.007293	-0.015146
1625	-0.036551	-0.007658	-0.019237
1626	-0.028722	0.004145	-0.014817
1627	-0.026391	0.001715	-0.008798
1628	-0.024682	0.025930	-0.001841
1629	-0.025597	0.027872	-0.001151
1630	-0.030969	-0.006426	-0.001252
1631	-0.032250	-0.017498	0.002728
1632	-0.033760	-0.003518	0.010577
1633	-0.028813	-0.026875	0.016611
1634	-0.019578	-0.015917	0.019240
1635	-0.008120	-0.016825	0.022068
1636	-0.005789	0.016572	0.031127
1637	0.004076	-0.000147	0.034901
1638	0.011604	-0.018373	0.036220
1639	0.015009	0.008767	0.038731
1640	0.021770	0.002331	0.041644
1641	0.029330	0.000272	0.047066
1642	0.033781	0.011523	0.048878
1643	0.038440	0.006142	0.053334
1644	0.038132	0.008151	0.060058
1645	0.036490	0.004867	0.065580
1646	0.035532	0.008543	0.065422
1647	0.034940	0.008264	0.064006
1648	0.032801	0.019941	0.068230
1649	0.030495	0.018726	0.067035
1650	0.026531	0.020898	0.072535
1651	0.028128	0.011001	0.079811
1652	0.024501	0.007248	0.084393
1653	0.023251	0.016645	0.086421
1654	0.021610	0.001998	0.096385
1655	0.014222	0.000918	0.103838
1656	0.008053	0.007657	0.110518
1657	0.002860	0.006778	0.116132
1658	0.003593	0.009313	0.117159
1659	0.002641	-0.001193	0.115941
1660	0.002070	-0.006596	0.118676
1661	0.000147	-0.007033	0.122690
1662	0.001076	0.000472	0.125172
1663	0.002484	0.008929	0.125287
1664	0.006456	0.013255	0.126850
1665	0.010421	0.002011	0.128102
1666	0.016442	0.004222	0.126063
1667	0.024842	0.022008	0.126821
1668	0.026158	0.018568	0.123911
1669	0.032990	0.004471	0.124388
1670	0.034238	-0.003550	0.120542
1671	0.033584	-0.003249	0.115470
1672	0.032158	0.006058	0.108424
1673	0.032461	0.012069	0.100480
1674	0.028242	0.002747	0.094151
1675	0.028818	0.004740	0.084814
1676	0.022896	-0.007799	0.082953
1677	0.018256	0.009912	0.078891
1678	0.018627	0.001188	0.070652
1679	0.018450	0.007341	0.068941
1680	0.023863	0.024124	0.067405
1681	0.025944	0.015352	0.070590
1682	0.025822	0.009730	0.068061
1683	0.023447	0.009936	0.064232
1684	0.022131	0.003617	0.060091
1685	0.028173	-0.004034	0.053985
1686	0.032709	-0.001017	0.044160
1687	0.030028	0.002132	0.040258
1688	0.024611	-0.004614	0.039487
1689	0.021642	-0.021841	0.033972
1690	0.015059	-0.012273	0.031434
1691	0.013379	-0.003053	0.026407
1692	0.009211	-0.010771	0.021627
1693	0.006697	-0.006194	0.017334
1694	0.005577	-0.018991	0.018461
1695	0.003953	-0.013746	0.022054
1696	0.003939	-0.013635	0.020947
1697	0.000454	-0.031394	0.018999
1698	-0.006261	-0.013699	0.017717
1699	-0.010062	-0.011210	0.018371
1700	-0.008982	0.005180	0.022053
1701	-0.007675	0.015019	0.017246
1702	-0.008305	0.016383	0.018282
1703	-0.002360	0.021667	0.012846
1704	0.002758	0.010050	0.015873
1705	0.009450	0.014682	0.010845
1706	0.012847	0.011305	0.010335
1707	0.012224	0.005571	0.010133
1708	0.012904	-0.015009	0.005969
1709	0.016268	-0.018764	0.000989
1710	0.017451	-0.003405	-0.001716
1711	0.017071	0.008702	0.003068
1712	0.016874	0.003261	0.003777
1713	0.012761	0.007385	0.007352
1714	0.007034	0.018139	0.012715
1715	0.004304	0.004990	0.014031
1716	0.005025	0.006420	0.011532
1717	0.007964	0.000285	0.013498
1718	0.013143	-0.013062	0.016039
1719	0.012108	-0.023366	0.019387
1720	0.010064	-0.008014	0.025919
1721	0.009031	-0.002821	0.032833
1722	0.008266	-0.002745	0.035330
1723	0.012903	-0.009138	0.039288
1724	0.014439	-0.006016	0.042635
1725	0.012953	-0.008201	0.040205
1726	0.010806	0.002636	0.035356
1727	0.012755	-0.007663	0.028043
1728	0.014526	-0.001658	0.024633
1729	0.017180	0.004727	0.021866
1730	0.014218	-0.006726	0.015090
1731	0.014291	-0.004955	0.010541
1732	0.015185	-0.005080	0.005524
1733	0.019839	-0.004246	0.000649
1734	0.024227	-0.009527	-0.004479
1735	0.027457	-0.000908	-0.006995
1736	0.031756	-0.022970	-0.006766
1737	0.033859	-0.006971	-0.006819
1738	0.032257	0.006202	-0.007549
1739	0.032509	-0.001074	-0.002991
1740	0.030320	0.008249	0.001387
1741	0.030032	-0.000025	0.006211
1742	0.025589	-0.005451	0.009402
1743	0.022518	0.004143	0.011276
1744	0.019927	0.006399	0.017812
1745	0.015351	-0.004747	0.022374
1746	0.015109	0.001364	0.025733
1747	0.013895	0.008020	0.029813
1748	0.016588	0.004190	0.037262
1749	0.015221	0.010189	0.043384
1750	0.011994	-0.000855	0.047665
1751	0.008733	0.000731	0.045608
1752	0.001543	0.008469	0.045564
1753	-0.010431	0.004864	0.045575
1754	-0.020130	0.007958	0.046586
1755	-0.027332	0.008097	0.049458
1756	-0.030353	-0.002608	0.053869
1757	-0.029184	0.000654	0.052705
1758	-0.027294	-0.004202	0.048701
1759	-0.023805	0.000067	0.044150
1760	-0.015043	0.004846	0.036163
1761	-0.005714	0.005116	0.030727
1762	0.006445	0.013459	0.024130
1763	0.012556	0.020200	0.017276
1764	0.015856	0.012693	0.011812
1765	0.016676	0.005496	0.004157
1766	0.016309	0.002250	-0.003181
1767	0.014870	0.000716	-0.004987
1768	0.013838	0.001884	-0.009177
1769	0.017747	-0.015676	-0.013106
1770	0.018116	-0.017497	-0.016336
1771	0.018855	-0.029678	-0.021680
1772	0.013244	-0.038231	-0.023169
1773	0.005361	-0.025356	-0.028892
1774	0.005815	-0.000100	-0.036309
1775	0.009798	-0.006362	-0.045445
1776	0.008225	-0.004025	-0.053104
1777	0.007418	-0.018207	-0.060220
1778	0.005262	-0.015921	-0.064397
1779	0.001408	-0.004106	-0.073429
1780	-0.000782	-0.021576	-0.078929
1781	0.001245	-0.016744	-0.083600
1782	0.000797	-0.018899	-0.083418
1783	0.003612	-0.003682	-0.084686
1784	0.007161	0.003041	-0.086769
1785	0.009283	0.014312	-0.088452
1786	0.007742	0.017696	-0.092140
1787	0.001706	0.013732	-0.092569
1788	-0.005418	0.009688	-0.094285
1789	-0.009632	0.000087	-0.097412
1790	-0.010801	0.000648	-0.103698
1791	-0.013386	0.001504	-0.104772
1792	-0.013346	-0.000057	-0.101006
1793	-0.008944	-0.010205	-0.094982
1794	-0.005581	-0.016457	-0.090969
1795	-0.004363	-0.020062	-0.083519
1796	-0.001778	-0.008607	-0.087137
1797	-0.000084	-0.005167	-0.079708
1798	0.001831	0.007237	-0.082282
1799	0.000709	-0.001917	-0.084137
1800	0.003646	-0.021161	-0.086398
1801	0.009352	-0.003934	-0.088788
1802	0.019126	-0.008510	-0.090785
1803	0.027928	0.010636	-0.092164
1804	0.027689	0.016179	-0.092113
1805	0.024974	0.007930	-0.094109
1806	0.020571	0.028520	-0.093457
1807	0.017403	0.028390	-0.087208
1808	0.013302	0.005793	-0.090230
1809	0.010107	0.000060	-0.088963
1810	0.005657	-0.004567	-0.087060
1811	0.001036	0.000668	-0.088343
1812	0.000564	-0.015161	-0.090974
1813	0.004058	-0.026018	-0.089893
1814	0.003255	-0.015234	-0.091273
1815	0.001353	-0.003190	-0.091675
1816	0.000462	0.002278	-0.087408
1817	0.000164	0.006065	-0.084776
1818	0.006011	-0.003791	-0.079970
1819	0.011765	-0.000699	-0.070987
1820	0.013875	-0.006866	-0.064958
1821	0.016662	-0.006703	-0.058297
1822	0.020101	0.003515	-0.053322
1823	0.024987	0.009718	-0.048366
1824	0.031988	-0.009388	-0.038074
1825	0.033056	-0.036663	-0.034163
1826	0.030150	-0.021319	-0.025806
1827	0.028906	-0.026586	-0.018967
1828	0.025627	-0.022196	-0.016365
1829	0.024249	-0.018192	-0.008849
1830	0.024650	0.001233	-0.004447
1831	0.026998	-0.001443	-0.001789
1832	0.029828	0.002643	-0.001347
1833	0.033604	-0.008333	0.004753
1834	0.034385	-0.002957	0.007967
1835	0.038202	-0.011258	0.009192
1836	0.038177	0.001843	0.012040
1837	0.040454	-0.012348	0.015357
1838	0.042092	-0.009938	0.021538
1839	0.043398	-0.029492	0.029318
1840	0.041131	-0.027838	0.029638
1841	0.034298	-0.028107	0.030014
1842	0.032183	-0.023613	0.033500
1843	0.030555	-0.021859	0.037340
1844	0.031929	-0.006595	0.042870
1845	0.028265	-0.014571	0.042637
1846	0.021130	-0.008226	0.045003
1847	0.012444	-0.005279	0.041775
1848	0.006562	0.002220	0.040490
1849	0.000893	-0.013915	0.046272
1850	-0.005400	-0.004118	0.047962
1851	-0.011124	0.002945	0.050091
1852	-0.013651	0.002996	0.052469
1853	-0.015495	0.003547	0.057050
1854	-0.015881	0.028070	0.054302
1855	-0.019863	0.024028	0.054354
1856	-0.025849	0.003007	0.055947
1857	-0.032209	0.002272	0.051234
1858	-0.036590	-0.006373	0.053513
1859	-0.039654	-0.016687	0.055076
1860	-0.040822	0.005064	0.054053
1861	-0.043316	0.016740	0.049460
1862	-0.045114	0.013359	0.042585
1863	-0.043425	0.000928	0.041931
1864	-0.043481	-0.007716	0.041068
1865	-0.045499	-0.006653	0.038394
1866	-0.049241	-0.020811	0.031843
1867	-0.050641	-0.016661	0.029483
1868	-0.049645	-0.012218	0.027435
1869	-0.047185	-0.009515	0.024756
1870	-0.039616	-0.004566	0.022144
1871	-0.035755	-0.004294	0.025809
1872	-0.028216	-0.000976	0.031774
1873	-0.020439	0.015197	0.036526
1874	-0.011587	0.009510	0.044686
1875	-0.001144	0.004071	0.042365
1876	0.007982	0.003487	0.043823
1877	0.012449	0.004140	0.042321
1878	0.014025	0.016735	0.041443
1879	0.013904	0.015567	0.039954
1880	0.012444	0.004221	0.040294
1881	0.014843	0.016050	0.038166
1882	0.017501	0.008125	0.034491
1883	0.016779	0.013303	0.033822
1884	0.016622	0.024479	0.033039
1885	0.018574	0.004413	0.032495
1886	0.020714	0.009415	0.029620
1887	0.023527	0.014267	0.025591
1888	0.021055	0.000981	0.018180
1889	0.018664	-0.003136	0.015939
1890	0.020713	0.007317	0.012684
1891	0.022493	0.003931	0.008173
1892	0.019950	0.010941	0.008355
1893	0.017271	0.007499	0.005717
1894	0.010547	0.012426	0.002606
1895	0.007100	-0.001634	-0.004681
1896	0.005607	-0.008422	-0.009129
1897	0.000811	-0.016335	-0.016599
1898	-0.005726	-0.015331	-0.019523
1899	-0.011508	0.000209	-0.021010
1900	-0.018099	0.014393	-0.018672
1901	-0.017564	0.009383	-0.023656
1902	-0.015052	0.004836	-0.025721
1903	-0.010596	0.008283	-0.032846
1904	-0.005453	0.012352	-0.040394
1905	-0.003583	0.009991	-0.045794
1906	-0.003456	-0.000926	-0.043102
1907	-0.005080	0.013050	-0.043822
1908	-0.001347	0.017980	-0.048296
1909	0.002205	0.005224	-0.053524
1910	0.006681	-0.000887	-0.054466
1911	0.011030	0.002538	-0.058046
1912	0.014085	0.011354	-0.061103
1913	0.012761	0.020937	-0.060048
1914	0.011238	0.014764	-0.057813
1915	0.017291	0.011335	-0.057736
1916	0.015016	0.012360	-0.055500
1917	0.013245	-0.000394	-0.054588
1918	0.008239	0.004738	-0.053507
1919	0.004045	0.004322	-0.051623
1920	0.002495	-0.003369	-0.048561
1921	-0.000047	0.001148	-0.045705
1922	0.000425	0.002666	-0.039602
1923	-0.004051	0.011029	-0.038322
1924	-0.006882	0.031124	-0.041270
1925	-0.010474	0.026459	-0.041068
1926	-0.012661	0.015062	-0.045425
1927	-0.014277	0.009829	-0.050313
1928	-0.012370	0.012828	-0.052631
1929	-0.008034	-0.000913	-0.052796
1930	-0.009145	-0.013578	-0.050935
1931	-0.011055	-0.009949	-0.051408
1932	-0.012271	0.008333	-0.058398
1933	-0.013438	0.003120	-0.061807
1934	-0.016680	-0.002303	-0.062492
1935	-0.017480	0.005888	-0.057394
1936	-0.022253	0.018923	-0.055629
1937	-0.024341	0.016358	-0.055120
1938	-0.024346	0.026380	-0.055177
1939	-0.024412	0.014287	-0.051548
1940	-0.027112	0.014312	-0.047039
1941	-0.024195	-0.002352	-0.044540
1942	-0.021928	-0.003946	-0.042383
1943	-0.020377	-0.009711	-0.040704
1944	-0.015598	0.007909	-0.037134
1945	-0.011167	0.020840	-0.036069
1946	-0.009751	0.010943	-0.031523
1947	-0.006826	0.006372	-0.026782
1948	-0.008248	-0.014638	-0.023420
1949	-0.008300	-0.017011	-0.024849
1950	-0.010846	-0.018236	-0.025041
1951	-0.010652	-0.024231	-0.021025
1952	-0.013236	-0.014816	-0.020383
1953	-0.011671	-0.005248	-0.019698
1954	-0.009552	-0.007231	-0.017523
1955	-0.012084	-0.021917	-0.012793
1956	-0.018998	-0.023748	-0.008784
1957	-0.023293	-0.009357	-0.007680
1958	-0.025676	-0.001637	-0.011080
1959	-0.029914	0.010428	-0.015355
1960	-0.028519	-0.005445	-0.021302
1961	-0.030444	-0.000257	-0.021525
1962	-0.025467	-0.008083	-0.018371
1963	-0.028504	-0.009943	-0.015880
1964	-0.027537	-0.009308	-0.008489
1965	-0.027167	0.006143	-0.009617
1966	-0.027684	0.005396	-0.009318
1967	-0.028593	-0.003783	-0.005120
1968	-0.023457	0.005524	-0.004743
1969	-0.024663	0.012265	0.000634
1970	-0.022485	0.009642	0.007817
1971	-0.014402	-0.006880	0.009490
1972	-0.009265	0.009017	0.007375
1973	-0.002517	0.005861	0.010854
1974	0.001229	0.005798	0.009864
1975	0.003441	0.029486	0.009956
1976	0.004151	0.001374	0.011252
1977	0.008977	0.015906	0.013053
1978	0.011205	0.008372	0.013998
1979	0.010833	0.006290	0.014481
1980	0.012965	-0.013784	0.020104
1981	0.015427	0.001536	0.031602
1982	0.014978	0.002227	0.031652
1983	0.013324	0.011866	0.032139
1984	0.010957	0.010104	0.030371
1985	0.008516	0.003129	0.031021
1986	-0.000112	0.004875	0.028737
1987	-0.008217	-0.001050	0.026338
1988	-0.016305	-0.009473	0.029023
1989	-0.026410	-0.012245	0.033131
1990	-0.031295	0.004230	0.038314
1991	-0.036413	0.005455	0.040357
1992	-0.038992	0.011471	0.042714
1993	-0.040082	-0.004674	0.044104
1994	-0.040875	-0.003520	0.044982
1995	-0.040801	0.011280	0.047961
1996	-0.039315	-0.004687	0.048583
1997	-0.036948	0.002714	0.048471
1998	-0.035428	0.005955	0.042143
1999	-0.033818	-0.004097	0.043643
2000	-0.033277	-0.013996	0.044224
2001	-0.025512	-0.005315	0.047597
2002	-0.015641	-0.009703	0.049084
2003	-0.009593	-0.011902	0.048797
2004	-0.004976	-0.009996	0.049600
2005	-0.003976	0.001837	0.050224
2006	-0.003992	0.002398	0.049192
2007	-0.004100	0.000976	0.047009
2008	-0.003014	0.000566	0.044932
2009	-0.000323	-0.011341	0.048829
2010	0.002272	-0.030358	0.046234
2011	0.004540	-0.018211	0.043968
2012	0.005942	-0.012568	0.039791
2013	0.008726	-0.017920	0.039136
2014	0.012592	-0.008805	0.038549
2015	0.015405	-0.013256	0.040614
2016	0.017675	-0.010436	0.042407
2017	0.017909	0.010049	0.051593
2018	0.017738	-0.007852	0.056594
2019	0.017489	0.000880	0.059956
2020	0.016164	-0.008024	0.060278
2021	0.013531	0.000272	0.060759
2022	0.009244	0.017258	0.064200
2023	0.005745	0.005734	0.063371
2024	0.003940	-0.006454	0.065705
2025	0.004643	-0.004610	0.071289
2026	0.001122	-0.013633	0.074574
2027	-0.004218	-0.021229	0.076022
2028	-0.006891	-0.011417	0.078592
2029	-0.008025	0.010045	0.083055
2030	-0.008030	-0.004061	0.087780
2031	-0.008725	-0.003884	0.090288
2032	-0.006075	-0.011803	0.092421
2033	-0.004826	-0.003514	0.093595
2034	-0.005998	0.019460	0.097829
2035	-0.002843	0.010862	0.101745
2036	-0.002392	0.022611	0.101795
2037	0.001134	0.030386	0.098478
2038	0.008779	0.030018	0.092930
2039	0.012938	0.019778	0.086803
2040	0.016776	0.005062	0.080574
2041	0.021295	0.005909	0.078329
2042	0.023463	-0.011826	0.074797
2043	0.027283	-0.010029	0.069269
2044	0.027852	-0.008722	0.067223
2045	0.027062	-0.007264	0.061948
2046	0.028318	-0.004419	0.059681
2047	0.025092	-0.008824	0.054517
2048	0.022402	-0.007829	0.047641
2049	0.023601	-0.016831	0.042480
2050	0.023094	-0.009421	0.037287
2051	0.021285	0.012215	0.025274
2052	0.024030	0.030529	0.019635
2053	0.030094	0.021516	0.010031
2054	0.032750	0.023147	0.004781
2055	0.034277	0.015301	-0.004483
2056	0.036760	0.002126	-0.010782
2057	0.040487	0.005056	-0.011831
2058	0.041590	0.014538	-0.008366
2059	0.050211	0.013275	-0.009575
2060	0.051621	0.000560	-0.003409
2061	0.053788	0.006106	-0.000155
2062	0.050991	0.009306	0.000608
2063	0.047476	-0.003395	0.005208
2064	0.043974	-0.005276	0.005917
2065	0.044820	-0.002376	0.006786
2066	0.038558	-0.009632	0.013566
2067	0.034798	-0.010948	0.015783
2068	0.033637	-0.010093	0.024128
2069	0.035067	-0.006311	0.027322
2070	0.036528	-0.008150	0.025965
2071	0.036145	-0.006587	0.027931
2072	0.034275	0.014468	0.028542
2073	0.035826	0.024865	0.024855
2074	0.036464	0.030524	0.020539
2075	0.037947	0.035638	0.017612
2076	0.037945	0.032630	0.012521
2077	0.036148	0.010222	0.010518
2078	0.036529	0.010998	0.001923
2079	0.036480	0.005194	-0.004547
2080	0.037654	0.002532	-0.004361
2081	0.041173	0.003350	-0.009840
2082	0.038974	-0.002387	-0.011835
2083	0.039521	-0.022792	-0.011778
2084	0.041770	-0.004908	-0.017276
2085	0.042248	0.002351	-0.021099
2086	0.043215	-0.009125	-0.023400
2087	0.043637	-0.006513	-0.021958
2088	0.042089	0.004309	-0.023557
2089	0.037377	0.003890	-0.022393
2090	0.031790	-0.005423	-0.020303
2091	0.030155	0.006545	-0.017150
2092	0.031606	-0.014949	-0.017540
2093	0.035409	-0.010974	-0.017235
2094	0.043552	0.000717	-0.013317
2095	0.047194	-0.001543	-0.013127
2096	0.048639	-0.008649	-0.013280
2097	0.049468	-0.000477	-0.011564
2098	0.053200	-0.010145	-0.013316
2099	0.050578	-0.011124	-0.013879
2100	0.046565	-0.009800	-0.014680
2101	0.039711	-0.015502	-0.012443
2102	0.034282	-0.002364	-0.010968
2103	0.024605	-0.017276	-0.006716
2104	0.020644	-0.010306	-0.005866
2105	0.018871	-0.001040	-0.005621
2106	0.019332	-0.020303	0.000128
2107	0.021566	-0.015848	0.003161
2108	0.022990	-0.025213	0.012502
2109	0.024373	-0.013514	0.018784
2110	0.021777	-0.021127	0.015273
2111	0.020419	-0.008224	0.012898
2112	0.019039	-0.010775	0.009255
2113	0.021161	0.003721	0.010843
2114	0.021994	-0.001800	0.010430
2115	0.020086	0.012313	0.008782
2116	0.013666	-0.010015	0.008249
2117	0.010348	-0.007370	0.010012
2118	0.010362	0.001558	0.009110
2119	0.008556	0.001750	0.011215
2120	0.002109	0.009030	0.012248
2121	-0.004519	0.005982	0.015921
2122	-0.010971	-0.009526	0.016410
2123	-0.013902	-0.013842	0.012529
2124	-0.012919	-0.020874	0.014588
2125	-0.014817	-0.018870	0.017493
2126	-0.019640	0.005390	0.014982
2127	-0.024822	0.023995	0.016469
2128	-0.028288	0.017931	0.015879
2129	-0.028161	0.017938	0.012102
2130	-0.025362	0.022726	0.010964
2131	-0.026489	0.012896	0.011506
2132	-0.025828	0.026775	0.008985
2133	-0.025660	0.017465	0.007124
2134	-0.019833	0.010122	0.003581
2135	-0.018099	-0.008742	-0.004108
2136	-0.015416	-0.008482	-0.012915
2137	-0.012782	-0.023733	-0.011030
2138	-0.010734	-0.011356	-0.009104
2139	-0.003774	-0.016404	-0.010481
2140	-0.000040	0.005363	-0.011347
2141	0.001512	-0.010651	-0.015254
2142	0.005386	0.008047	-0.022429
2143	0.009126	-0.007094	-0.020220
2144	0.014610	-0.005231	-0.020405
2145	0.022801	0.004160	-0.020084
2146	0.025651	-0.006916	-0.016802
2147	0.026910	-0.011013	-0.014390
2148	0.024504	-0.000066	-0.013122
2149	0.022830	-0.008484	-0.007714
2150	0.026270	-0.006019	-0.002539
2151	0.027092	-0.006662	0.002145
2152	0.031916	0.003673	0.000252
2153	0.030405	0.014526	0.003156
2154	0.030910	0.007057	0.008427
2155	0.033140	-0.003344	0.007752
2156	0.038017	-0.004638	0.012700
2157	0.039351	0.001490	0.016743
2158	0.037037	-0.001100	0.019644
2159	0.035626	-0.007050	0.021940
2160	0.033064	-0.002314	0.018087
2161	0.034250	-0.011048	0.013538
2162	0.034114	-0.010787	0.014632
2163	0.035996	-0.003245	0.015163
2164	0.033753	-0.002988	0.010246
2165	0.033904	-0.000202	0.003439
2166	0.031542	0.004760	0.008716
2167	0.032141	-0.012701	0.010920
2168	0.031394	-0.028261	0.009256
2169	0.033202	-0.032142	0.005457
2170	0.033275	-0.015119	0.010461
2171	0.036722	0.003636	0.005959
2172	0.039270	-0.003737	0.010744
2173	0.037097	0.011429	0.012937
2174	0.031123	-0.003120	0.012813
2175	0.035491	-0.015010	0.012070
2176	0.040906	0.014019	0.014032
2177	0.036671	0.021144	0.009175
2178	0.031355	0.007351	0.007934
2179	0.019259	0.011787	0.008360
2180	0.007949	0.017100	0.006934
2181	0.001897	0.021656	0.008265
2182	-0.006497	0.020862	0.008938
2183	-0.013170	0.002836	0.011040
2184	-0.019075	0.013841	0.016690
2185	-0.019125	0.026192	0.014034
2186	-0.018718	0.012411	0.015224
2187	-0.018286	0.011116	0.013084
2188	-0.015684	0.017711	0.009810
2189	-0.015207	0.008832	0.006363
2190	-0.013599	0.024364	0.008417
2191	-0.014533	0.004666	0.015228
2192	-0.016507	-0.006868	0.018645
2193	-0.014496	0.007037	0.019152
2194	-0.008616	0.011914	0.016307
2195	-0.008372	-0.005987	0.014732
2196	-0.010429	0.011096	0.012304
2197	-0.010574	0.005678	0.009877
2198	-0.006648	0.002893	0.016305
2199	-0.004035	-0.000982	0.019028
2200	-0.003835	0.011861	0.020743
2201	-0.003664	0.009446	0.020636
2202	0.001860	0.004424	0.018855
2203	0.008476	0.014163	0.016957
2204	0.012373	0.024006	0.018484
2205	0.013816	0.007890	0.019487
2206	0.011460	0.012831	0.010113
2207	0.008987	0.016185	0.002667
2208	0.011537	-0.001360	-0.001576
2209	0.016172	0.000342	-0.003993
2210	0.014294	-0.003894	-0.005233
2211	0.009413	0.003813	0.001834
2212	0.009786	-0.003525	0.002634
2213	0.006332	0.000798	0.002470
2214	0.004352	-0.010420	-0.000780
2215	0.005105	-0.019720	-0.004420
2216	0.002979	-0.014184	-0.008444
2217	-0.001445	-0.019453	-0.008764
2218	-0.002522	-0.012682	-0.008568
2219	-0.003305	-0.009529	-0.013380
2220	-0.002478	-0.003443	-0.011775
2221	-0.004711	-0.019164	-0.012115
2222	-0.008188	-0.012752	-0.006643
2223	-0.007162	0.002807	-0.006779
2224	-0.006272	0.002314	-0.008969
2225	-0.008804	0.000885	-0.009774
2226	-0.012961	-0.004784	-0.017758
2227	-0.017712	-0.030250	-0.020847
2228	-0.018377	-0.024120	-0.023045
2229	-0.016956	-0.025405	-0.015796
2230	-0.016150	-0.016728	-0.014018
2231	-0.009798	-0.004269	-0.015391
2232	-0.003526	0.005415	-0.018105
2233	0.001734	0.017620	-0.017543
2234	0.004180	0.018116	-0.014779
2235	0.004760	0.014585	-0.008447
2236	0.003935	-0.012966	-0.005169
2237	0.001420	-0.003182	0.002270
2238	-0.000049	0.011407	0.006536
2239	-0.000266	-0.002135	0.009473
2240	0.002147	0.006400	0.014456
2241	0.001243	0.015317	0.018616
2242	0.002086	0.019266	0.016906
2243	0.009563	0.007693	0.016066
2244	0.007962	0.012184	0.013787
2245	0.004522	-0.007041	0.015030
2246	0.004768	-0.011909	0.015228
2247	0.008699	0.002428	0.019395
2248	0.012395	0.012180	0.021627
2249	0.019635	0.000476	0.023057
2250	0.027026	0.021344	0.019698
2251	0.035590	0.021094	0.021835
2252	0.041578	0.034941	0.021710
2253	0.045150	0.026562	0.021418
2254	0.048266	0.026174	0.016934
2255	0.051218	0.029758	0.010966
2256	0.052532	0.026877	0.002380
2257	0.057821	0.013865	-0.004431
2258	0.056023	-0.000076	-0.011023
2259	0.057818	-0.011265	-0.012609
2260	0.049428	-0.016999	-0.016304
2261	0.042610	-0.002216	-0.014650
2262	0.035621	0.002323	-0.009652
2263	0.036094	-0.001649	-0.009360
2264	0.034446	0.002656	-0.009563
2265	0.031125	0.005118	-0.011172
2266	0.030681	0.004521	-0.012083
2267	0.032249	0.004060	-0.022229
2268	0.032648	0.009570	-0.033582
2269	0.029708	0.022352	-0.034375
2270	0.024377	0.015224	-0.033002
2271	0.026690	0.026026	-0.034613
2272	0.024696	0.018226	-0.031138
2273	0.021954	0.009827	-0.027271
2274	0.020139	-0.002993	-0.021017
2275	0.017845	-0.001121	-0.013362
2276	0.017746	-0.005684	-0.009603
2277	0.019606	0.007558	-0.005336
2278	0.020007	0.008328	-0.002436
2279	0.021007	-0.002907	-0.003009
2280	0.018427	-0.001390	-0.004641
2281	0.019754	0.004578	-0.006066
2282	0.023543	-0.007524	-0.003512
2283	0.030688	-0.010395	-0.003644
2284	0.034259	-0.009692	-0.003840
2285	0.039784	-0.008074	0.001138
2286	0.044691	-0.010502	0.004048
2287	0.048179	0.000364	0.007016
2288	0.043759	-0.005948	0.005406
2289	0.042828	0.003025	0.008250
2290	0.042487	0.004006	0.015046
2291	0.048936	-0.002680	0.020474
2292	0.044948	0.012762	0.024053
2293	0.044100	-0.000022	0.022241
2294	0.046283	-0.015644	0.021384
2295	0.041453	-0.015045	0.014482
2296	0.033742	-0.006694	0.010699
2297	0.029287	0.003642	0.009083
2298	0.021587	-0.003457	0.006844
2299	0.020303	0.003827	0.002810
2300	0.016478	0.001501	0.001665
2301	0.017869	0.007155	0.006978
2302	0.016792	0.008409	0.007360
2303	0.014859	0.012376	0.007577
2304	0.011278	0.003498	0.008381
2305	0.009433	0.007122	0.013869
2306	0.008300	0.015781	0.016077
2307	0.001083	0.024105	0.018130
2308	-0.005348	0.017932	0.021582
2309	-0.006127	0.018900	0.030803
2310	-0.010782	0.018489	0.033414
2311	-0.015935	0.001413	0.036162
2312	-0.021737	0.021737	0.034975
2313	-0.021049	0.021027	0.036222
2314	-0.023066	0.028397	0.039435
2315	-0.026632	0.021756	0.042275
2316	-0.028136	0.003958	0.044282
2317	-0.031815	0.010601	0.039209
2318	-0.037442	0.007761	0.036092
2319	-0.037949	0.003735	0.037643
2320	-0.038218	-0.001798	0.035090
2321	-0.042113	-0.029984	0.033329
2322	-0.045397	-0.021435	0.033293
2323	-0.046774	-0.005953	0.035609
2324	-0.049756	-0.001057	0.029501
2325	-0.052546	0.007880	0.028694
2326	-0.054738	0.024597	0.029806
2327	-0.060466	0.021380	0.022805
2328	-0.062854	0.029968	0.020632
2329	-0.057775	0.024073	0.019536
2330	-0.053920	0.014651	0.020713
2331	-0.050439	0.009007	0.019117
2332	-0.047615	0.009286	0.020302
2333	-0.042987	-0.017580	0.019236
2334	-0.038885	-0.022527	0.021559
2335	-0.032175	-0.025450	0.019788
2336	-0.026571	-0.014201	0.019301
2337	-0.023826	-0.009376	0.014005
2338	-0.021615	0.000041	0.005001
2339	-0.019626	0.020276	0.002045
2340	-0.017406	0.000020	0.002445
2341	-0.014297	-0.009893	0.009571
2342	-0.011607	0.001398	0.009632
2343	-0.010154	0.003170	0.013215
2344	-0.001156	0.004966	0.012161
2345	0.002838	0.007835	0.012792
2346	0.002973	-0.001638	0.012980
2347	0.003236	0.006932	0.011114
2348	-0.002022	0.009812	0.004150
2349	-0.006132	0.008403	0.001651
2350	-0.008948	0.012512	0.006869
2351	-0.007389	0.012205	0.010267
2352	-0.010366	0.009489	0.012225
2353	-0.012558	0.001168	0.011283
2354	-0.012573	-0.010519	0.011262
2355	-0.014861	-0.011099	0.012414
2356	-0.021044	0.001099	0.008826
2357	-0.019758	0.005477	0.007694
2358	-0.019215	0.013555	0.005450
2359	-0.024109	0.008805	0.002177
2360	-0.025203	0.016661	0.000475
2361	-0.021605	0.006064	-0.000599
2362	-0.014957	0.005532	-0.003525
2363	-0.015020	0.016501	-0.005878
2364	-0.015778	0.010955	-0.001302
2365	-0.014839	0.003056	0.001590
2366	-0.013200	0.005615	0.000902
2367	-0.008963	0.011115	-0.002151
2368	-0.006035	-0.001221	-0.001761
2369	-0.002491	0.000154	-0.003258
2370	-0.000196	-0.007209	-0.006044
2371	0.003605	-0.005323	-0.008715
2372	0.005593	0.004707	-0.009133
2373	0.007348	0.011505	-0.010923
2374	0.006517	0.013234	-0.015970
2375	0.005929	0.011425	-0.022018
2376	0.008983	0.008172	-0.024800
2377	0.011076	-0.005964	-0.026230
2378	0.011624	0.002781	-0.027226
2379	0.014331	-0.001427	-0.028653
2380	0.014973	0.009201	-0.027957
2381	0.017420	0.013579	-0.026691
2382	0.018644	0.015487	-0.026527
2383	0.014481	-0.002736	-0.028303
2384	0.007292	-0.002624	-0.027179
2385	0.002103	-0.004131	-0.029247
2386	0.004552	-0.006418	-0.021322
2387	0.004532	-0.010731	-0.021270
2388	0.001976	0.005293	-0.017372
2389	0.004670	0.004406	-0.016150
2390	0.007358	0.017959	-0.015889
2391	0.007357	0.038205	-0.008374
2392	0.012658	0.035118	-0.004849
2393	0.021491	0.036629	-0.002939
2394	0.026948	0.028022	-0.002145
2395	0.027767	0.004471	-0.004023
2396	0.025545	-0.002726	-0.007651
2397	0.023422	0.000596	-0.011088
2398	0.023430	0.000447	-0.013743
2399	0.021668	0.010909	-0.018049
2400	0.016366	0.024687	-0.026440
2401	0.010449	0.013018	-0.033900
2402	0.007193	0.016605	-0.036560
2403	0.004329	0.006735	-0.040983
2404	0.004890	0.008278	-0.049492
2405	0.003755	0.005643	-0.050410
2406	-0.000882	0.005839	-0.050552
2407	-0.001243	0.001619	-0.050712
2408	0.001092	0.011139	-0.053283
2409	-0.001280	0.014237	-0.057608
2410	-0.003206	0.010567	-0.061107
2411	-0.007767	-0.003954	-0.061037
2412	-0.011729	0.012223	-0.068022
2413	-0.005108	0.008680	-0.069466
2414	-0.003805	0.024059	-0.064114
2415	-0.004403	0.000861	-0.064324
2416	-0.006823	-0.002014	-0.057735
2417	-0.005038	0.007096	-0.053725
2418	-0.002735	0.007546	-0.053497
2419	0.003837	-0.003324	-0.049958
2420	0.008207	0.006849	-0.051578
2421	0.010506	0.017157	-0.048350
2422	0.013207	0.027793	-0.051252
2423	0.019418	0.029047	-0.048032
2424	0.027230	0.025499	-0.040071
2425	0.031415	0.034902	-0.038882
2426	0.028767	0.027976	-0.039691
2427	0.030896	0.026040	-0.037474
2428	0.033040	0.033839	-0.035071
2429	0.034852	0.024417	-0.033583
2430	0.037248	0.032758	-0.033217
2431	0.033524	0.034968	-0.038495
2432	0.033252	0.027735	-0.040409
2433	0.029657	0.019349	-0.044622
2434	0.029060	0.026436	-0.040417
2435	0.033018	0.021569	-0.041227
2436	0.032636	0.036230	-0.039074
2437	0.032281	0.017323	-0.034857
2438	0.028052	0.018492	-0.032284
2439	0.028476	0.014051	-0.032263
2440	0.025462	0.017145	-0.036928
2441	0.028356	0.011884	-0.034691
2442	0.023572	0.014025	-0.035811
2443	0.016057	0.003882	-0.035452
2444	0.014571	0.005752	-0.042709
2445	0.015378	-0.007535	-0.040580
2446	0.012995	-0.001827	-0.037211
2447	0.009752	0.017597	-0.029135
2448	0.005653	0.022357	-0.024703
2449	0.000004	0.021617	-0.014516
2450	-0.000391	0.028029	-0.006913
2451	-0.002156	0.019228	0.001858
2452	-0.002025	0.005728	0.001400
2453	-0.002502	-0.000205	0.000112
2454	-0.003286	-0.006831	-0.000300
2455	-0.005813	-0.017766	-0.000483
2456	-0.004653	-0.008112	-0.002014
2457	-0.001389	-0.012235	0.000706
2458	0.002995	-0.001948	0.006681
2459	0.006087	-0.000231	0.007456
2460	0.004134	0.002671	0.009322
2461	0.001405	-0.015680	0.010330
2462	0.002956	-0.013699	0.010400
2463	0.006387	-0.006139	0.008807
2464	0.009273	-0.015080	0.012128
2465	0.013495	-0.016316	0.013942
2466	0.013777	-0.011840	0.017819
2467	0.010089	0.002221	0.019224
2468	0.010292	0.003982	0.025262
2469	0.010959	0.002208	0.032095
2470	0.009683	0.003398	0.039217
2471	0.008047	-0.002534	0.045428
2472	0.006301	-0.012566	0.048221
2473	0.003977	-0.008884	0.050569
2474	0.005622	-0.002629	0.047246
2475	0.006204	0.015863	0.039025
2476	-0.000715	0.021672	0.035868
2477	-0.006308	0.028510	0.031677
2478	-0.015068	0.025194	0.025988
2479	-0.017214	0.022350	0.021033
2480	-0.020985	0.024355	0.011801
2481	-0.029841	0.042821	0.003601
2482	-0.035016	0.043677	-0.006420
2483	-0.038566	0.042277	-0.015887
2484	-0.035453	0.041229	-0.021053
2485	-0.033983	0.021845	-0.032559
2486	-0.032263	0.014040	-0.040931
2487	-0.025866	0.012608	-0.046139
2488	-0.026688	0.015674	-0.044233
2489	-0.025433	0.016914	-0.048131
2490	-0.027962	0.018841	-0.055745
2491	-0.034772	0.004496	-0.057521
2492	-0.033230	0.006186	-0.062476
2493	-0.034171	0.001118	-0.061661
2494	-0.037298	0.003000	-0.058905
2495	-0.035752	0.003975	-0.053338
2496	-0.030505	0.014866	-0.051409
2497	-0.025802	0.004153	-0.043764
2498	-0.023976	0.004882	-0.035745
2499	-0.020593	0.004999	-0.029389
2500	-0.018518	0.000334	-0.028492
2501	-0.015650	-0.010124	-0.027374
2502	-0.011592	-0.014900	-0.025658
2503	-0.006345	-0.008672	-0.027242
2504	-0.001021	-0.016655	-0.030290
2505	0.005617	-0.012011	-0.029684
2506	0.006327	-0.001369	-0.027346
2507	0.004972	-0.001662	-0.029220
2508	0.002372	-0.002427	-0.029208
2509	0.000387	0.000495	-0.030320
2510	0.002221	0.022985	-0.024979
2511	-0.000820	0.009998	-0.024979
2512	-0.005409	0.011060	-0.022476
2513	-0.004904	0.003554	-0.020547
2514	-0.001496	0.010076	-0.020000
2515	0.005702	-0.007504	-0.022756
2516	0.010213	0.000623	-0.025671
2517	0.010967	-0.007265	-0.030760
2518	0.005846	-0.009438	-0.035117
2519	0.001903	-0.013605	-0.035126
2520	-0.002935	-0.032362	-0.036883
2521	-0.008091	-0.012477	-0.036661
2522	-0.002678	-0.001799	-0.043673
2523	-0.003353	-0.002686	-0.048603
2524	-0.006134	-0.002160	-0.055678
2525	-0.007366	0.008745	-0.057238
2526	-0.006831	0.012956	-0.059201
2527	-0.005647	0.014934	-0.062791
2528	-0.004126	0.013239	-0.063465
2529	-0.003408	0.012463	-0.070807
2530	-0.003472	0.014545	-0.075761
2531	-0.000018	0.019146	-0.078201
2532	0.001497	0.016822	-0.083090
2533	-0.004418	0.014570	-0.084548
2534	-0.002840	0.010431	-0.084246
2535	-0.005894	0.008939	-0.086105
2536	-0.004014	-0.001573	-0.092112
2537	-0.008173	0.003930	-0.093073
2538	-0.013540	0.013273	-0.085840
2539	-0.019621	0.004307	-0.083241
2540	-0.025516	-0.005772	-0.086169
2541	-0.028485	-0.006130	-0.084743
2542	-0.025961	-0.010698	-0.076894
2543	-0.015813	0.001984	-0.073737
2544	-0.011965	-0.007955	-0.077299
2545	-0.011034	-0.001902	-0.072309
2546	-0.009166	0.012591	-0.062214
2547	-0.004073	-0.000729	-0.057043
2548	0.001306	-0.013539	-0.050583
2549	0.004312	-0.018435	-0.039977
2550	0.007374	-0.019310	-0.027605
2551	0.014097	-0.005998	-0.023051
2552	0.019965	-0.015455	-0.018455
2553	0.020871	-0.017198	-0.016215
2554	0.025594	-0.018711	-0.016674
2555	0.026761	-0.016328	-0.019421
2556	0.021958	-0.022459	-0.014336
2557	0.017155	-0.009649	-0.013534
2558	0.009955	-0.003888	-0.014287
2559	0.004885	0.012493	-0.020585
2560	0.002798	-0.004193	-0.025024
2561	-0.000917	-0.000523	-0.031527
2562	-0.000182	0.001828	-0.035100
2563	0.001412	-0.001256	-0.041056
2564	0.004176	-0.004828	-0.049611
2565	0.001249	-0.003357	-0.052930
2566	0.002994	-0.010991	-0.056883
2567	0.004991	-0.000215	-0.056259
2568	0.006104	0.006974	-0.057221
2569	0.004440	0.004637	-0.060932
2570	0.003950	0.023306	-0.060057
2571	0.001175	0.009276	-0.060124
2572	0.001004	0.018901	-0.058311
2573	-0.004595	0.005663	-0.062732
2574	-0.007013	0.012851	-0.067042
2575	-0.007801	0.000942	-0.065330
2576	-0.013480	0.000242	-0.069764
2577	-0.012713	0.014594	-0.075241
2578	-0.012628	0.028173	-0.074994
2579	-0.012909	0.019258	-0.075304
2580	-0.011267	0.004397	-0.075280
2581	-0.012502	0.000186	-0.074811
2582	-0.012839	-0.004403	-0.076352
2583	-0.012688	-0.015441	-0.080215
2584	-0.013149	-0.016435	-0.083633
2585	-0.012724	-0.001726	-0.085156
2586	-0.006655	-0.012450	-0.088360
2587	-0.000757	-0.009376	-0.089969
2588	0.001084	0.001939	-0.090568
2589	0.003883	-0.007973	-0.089544
2590	0.010141	-0.005644	-0.085127
2591	0.007168	0.006110	-0.082030
2592	0.008181	0.004593	-0.076509
2593	0.006064	-0.007055	-0.071524
2594	0.006084	-0.021980	-0.064966
2595	0.004869	-0.029312	-0.056347
2596	0.002890	-0.026073	-0.054342
2597	0.000886	-0.016359	-0.056157
2598	0.001701	-0.005577	-0.052812
2599	-0.001592	0.011109	-0.039118
2600	0.002525	-0.007231	-0.028750
2601	0.004579	0.002987	-0.020500
2602	0.001287	-0.015371	-0.018697
2603	-0.000075	-0.020800	-0.020490
2604	-0.002522	-0.008557	-0.020368
2605	-0.008406	0.000891	-0.020014
2606	-0.012925	-0.005004	-0.022381
2607	-0.012190	0.000811	-0.023946
2608	-0.009576	0.011391	-0.020409
2609	-0.008255	0.008987	-0.018389
2610	-0.006216	-0.002766	-0.019747
2611	-0.003256	0.004421	-0.021871
2612	0.000297	0.002905	-0.017677
2613	0.007334	-0.003088	-0.019097
2614	0.011395	-0.012900	-0.015586
2615	0.013962	-0.010369	-0.019243
2616	0.015376	0.001658	-0.022245
2617	0.018598	0.008703	-0.021176
2618	0.024707	0.018205	-0.019896
2619	0.029751	0.014947	-0.020688
2620	0.033248	0.008681	-0.020705
2621	0.037126	0.004402	-0.024174
2622	0.039401	-0.004974	-0.026607
2623	0.043529	0.003776	-0.026866
2624	0.045165	0.000979	-0.035354
2625	0.043720	0.000502	-0.042003
2626	0.044276	-0.006064	-0.045202
2627	0.043314	-0.014523	-0.051913
2628	0.038606	-0.013958	-0.051924
2629	0.031957	-0.008855	-0.050176
2630	0.022181	-0.011391	-0.049193
2631	0.015739	-0.004092	-0.050309
2632	0.016622	0.015403	-0.054093
2633	0.016927	0.012882	-0.053564
2634	0.019074	0.002106	-0.053270
2635	0.019204	-0.007863	-0.054393
2636	0.016504	-0.011419	-0.051759
2637	0.015878	0.006305	-0.050883
2638	0.017112	-0.001334	-0.051691
2639	0.016576	0.009684	-0.049200
2640	0.013264	0.014845	-0.046330
2641	0.011235	0.010400	-0.047383
2642	0.012579	0.002189	-0.047889
2643	0.011086	0.008309	-0.051886
2644	0.014320	-0.006150	-0.051736
2645	0.013951	-0.007195	-0.054975
2646	0.008712	-0.005401	-0.053263
2647	0.001649	-0.006402	-0.051130
2648	-0.000128	-0.002827	-0.052357
2649	-0.001707	0.005512	-0.049535
2650	-0.003022	-0.011230	-0.049528
2651	-0.000079	-0.009347	-0.052561
2652	0.001452	-0.009276	-0.052735
2653	0.002885	0.002087	-0.056729
2654	0.009195	-0.004087	-0.054574
2655	0.013583	-0.012050	-0.054563
2656	0.017635	0.000558	-0.055501
2657	0.015846	0.005168	-0.057714
2658	0.015333	0.006516	-0.055209
2659	0.014695	-0.010458	-0.053183
2660	0.008863	0.000130	-0.053772
2661	0.003322	0.019452	-0.055197
2662	0.000855	0.013576	-0.053860
2663	-0.001149	-0.002239	-0.052718
2664	-0.004366	-0.002087	-0.053318
2665	-0.000059	0.003285	-0.054720
2666	-0.006411	-0.004918	-0.055276
2667	-0.008317	-0.011791	-0.059021
2668	-0.011059	-0.002130	-0.064217
2669	-0.013814	-0.001201	-0.064366
2670	-0.012088	-0.003875	-0.062363
2671	-0.009359	0.001277	-0.058040
2672	-0.004341	0.008579	-0.060149
2673	-0.005041	0.000267	-0.065400
2674	-0.012052	0.002286	-0.062033
2675	-0.015518	-0.007301	-0.059293
2676	-0.021984	0.004630	-0.057963
2677	-0.028355	0.003701	-0.054130
2678	-0.029291	0.009364	-0.051884
2679	-0.035636	0.006546	-0.048320
2680	-0.034453	0.002143	-0.045643
2681	-0.035782	-0.015665	-0.040926
2682	-0.040321	-0.026050	-0.034609
2683	-0.041676	-0.031532	-0.028807
2684	-0.039183	-0.017432	-0.025238
2685	-0.039802	-0.009944	-0.021288
2686	-0.042696	-0.024160	-0.016780
2687	-0.041166	-0.025992	-0.017742
2688	-0.036301	-0.016468	-0.019859
2689	-0.032425	0.006523	-0.020714
2690	-0.023423	0.008987	-0.017177
2691	-0.015446	0.013735	-0.018941
2692	-0.011522	0.010004	-0.014635
2693	-0.010011	0.006632	-0.019689
2694	-0.010564	0.008377	-0.017597
2695	-0.016226	0.015381	-0.017598
2696	-0.016986	0.003740	-0.016441
2697	-0.012613	0.011746	-0.018258
2698	-0.014984	-0.010974	-0.018044
2699	-0.017769	-0.005261	-0.019050
2700	-0.019393	0.008182	-0.015367
2701	-0.018738	-0.007334	-0.015506
2702	-0.017227	0.016238	-0.019213
2703	-0.011604	0.025649	-0.019355
2704	-0.007683	0.021306	-0.021904
2705	-0.001606	0.007824	-0.030967
2706	0.005404	-0.004572	-0.036359
2707	0.011801	-0.002164	-0.039724
2708	0.020164	0.015952	-0.035950
2709	0.023923	0.019207	-0.032304
2710	0.026032	-0.001747	-0.031492
2711	0.027238	-0.009212	-0.031048
2712	0.025655	-0.008899	-0.034251
2713	0.024363	-0.016289	-0.031921
2714	0.022777	-0.014421	-0.028094
2715	0.018115	-0.006899	-0.022010
2716	0.019385	-0.011240	-0.019245
2717	0.018492	-0.015747	-0.018681
2718	0.011047	-0.007069	-0.023787
2719	0.003076	-0.001339	-0.029604
2720	-0.003457	-0.017314	-0.032258
2721	-0.011505	0.002222	-0.034821
2722	-0.018911	-0.007242	-0.032660
2723	-0.024378	-0.007574	-0.038195
2724	-0.032652	-0.020027	-0.038102
2725	-0.035715	-0.002984	-0.038194
2726	-0.040614	-0.004699	-0.042668
2727	-0.043047	-0.009889	-0.043527
2728	-0.043413	-0.010022	-0.047918
2729	-0.043103	0.022246	-0.045754
2730	-0.043819	0.003528	-0.049304
2731	-0.043261	0.002214	-0.052800
2732	-0.036279	-0.009426	-0.055408
2733	-0.035943	-0.010930	-0.059254
2734	-0.036060	-0.022860	-0.063182
2735	-0.037059	-0.019728	-0.063488
2736	-0.039812	-0.013040	-0.061223
2737	-0.038751	-0.014801	-0.056845
2738	-0.036710	-0.013918	-0.058289
2739	-0.035801	-0.004536	-0.060730
2740	-0.036143	-0.022754	-0.059319
2741	-0.038011	-0.012619	-0.053589
2742	-0.037393	-0.010026	-0.049103
2743	-0.037420	-0.018953	-0.044238
2744	-0.037142	-0.007250	-0.038972
2745	-0.032738	-0.012339	-0.037852
2746	-0.033675	-0.013946	-0.034224
2747	-0.031421	-0.002028	-0.032321
2748	-0.029843	0.004325	-0.031839
2749	-0.029506	-0.002260	-0.030530
2750	-0.025144	-0.006625	-0.033434
2751	-0.024154	-0.009568	-0.029832
2752	-0.023313	-0.003063	-0.029593
2753	-0.022726	-0.004645	-0.027776
2754	-0.023668	0.000306	-0.027355
2755	-0.023788	0.019192	-0.023356
2756	-0.024219	0.006478	-0.021781
2757	-0.027090	-0.003170	-0.021494
2758	-0.028603	0.007191	-0.020255
2759	-0.029727	0.015635	-0.020610
2760	-0.029160	0.001870	-0.024511
2761	-0.031521	0.013036	-0.025603
2762	-0.030301	0.008557	-0.026293
2763	-0.029374	0.009030	-0.019492
2764	-0.025965	-0.003186	-0.013318
2765	-0.020614	-0.006885	-0.011795
2766	-0.013286	-0.015760	-0.007390
2767	-0.014555	-0.015429	-0.004281
2768	-0.015677	-0.018640	-0.005904
2769	-0.020332	0.002107	0.000532
2770	-0.021294	-0.004301	0.003365
2771	-0.021183	0.007806	0.003538
2772	-0.019442	0.017270	0.001384
2773	-0.017358	0.014516	0.003989
2774	-0.012548	-0.002519	0.006657
2775	-0.007694	-0.008875	0.007299
2776	-0.003391	-0.012755	0.008779
2777	-0.002631	-0.000211	0.009136
2778	0.005753	-0.000636	0.013237
2779	0.010366	-0.003398	0.008034
2780	0.016508	0.002331	0.002694
2781	0.022587	-0.019600	-0.001293
2782	0.031321	-0.016387	-0.010917
2783	0.036556	-0.010829	-0.017782
2784	0.044502	0.003019	-0.022144
2785	0.060892	0.003681	-0.019894
2786	0.071822	-0.002492	-0.017755
2787	0.076641	-0.005424	-0.011561
2788	0.079986	-0.023859	-0.008933
2789	0.077599	-0.015853	-0.005817
2790	0.076272	0.007884	0.001091
2791	0.071068	0.006892	0.011308
2792	0.064040	0.013071	0.011296
2793	0.058073	0.027892	0.020619
2794	0.053732	0.021808	0.030622
2795	0.050669	0.015641	0.040122
2796	0.047583	0.018122	0.047042
2797	0.046222	0.011532	0.050409
2798	0.046378	0.017704	0.048908
2799	0.042361	-0.001850	0.051884
2800	0.035758	0.005323	0.052411
2801	0.029454	0.014548	0.050286
2802	0.025081	0.008024	0.047512
2803	0.016182	0.022298	0.049097
2804	0.012356	0.029010	0.041132
2805	0.013858	0.025661	0.031940
2806	0.009704	0.016063	0.030869
2807	0.004476	0.009818	0.033407
2808	-0.001004	0.003931	0.034706
2809	-0.004444	0.004573	0.035070
2810	-0.006877	0.000267	0.037426
2811	-0.009783	0.000509	0.038902
2812	-0.010078	-0.013335	0.040250
2813	-0.012789	-0.004051	0.034303
2814	-0.014099	-0.014784	0.030875
2815	-0.019743	-0.009977	0.028172
2816	-0.016939	-0.001718	0.028980
2817	-0.015044	-0.009908	0.027926
2818	-0.010670	-0.004009	0.025479
2819	-0.010002	0.001193	0.029567
2820	-0.015016	-0.008419	0.031273
2821	-0.016372	0.005388	0.028610
2822	-0.013324	0.003756	0.026646
2823	-0.013177	0.003489	0.018815
2824	-0.016144	-0.007681	0.016003
2825	-0.019840	-0.008360	0.011421
2826	-0.023865	-0.025473	0.009679
2827	-0.029066	-0.035653	0.005041
2828	-0.033640	-0.012701	0.002818
2829	-0.033988	-0.012503	-0.000573
2830	-0.035847	0.004506	-0.005322
2831	-0.030805	0.007359	-0.009287
2832	-0.026530	0.018607	-0.013217
2833	-0.017308	0.017302	-0.015239
2834	-0.011586	-0.010690	-0.018362
2835	-0.000430	-0.002969	-0.023829
2836	0.008194	-0.007752	-0.030253
2837	0.014926	-0.011723	-0.037159
2838	0.021939	-0.010109	-0.034820
2839	0.026508	0.006191	-0.032688
2840	0.031836	-0.008180	-0.032980
2841	0.041337	-0.004625	-0.035287
2842	0.044168	-0.025134	-0.034281
2843	0.047029	-0.025135	-0.034933
2844	0.048713	-0.013721	-0.034904
2845	0.048270	0.006834	-0.029763
2846	0.051556	0.007880	-0.034809
2847	0.053047	-0.010706	-0.038640
2848	0.054862	0.006930	-0.040763
2849	0.056774	-0.021627	-0.042223
2850	0.057424	-0.017245	-0.047906
2851	0.053143	-0.011441	-0.050960
2852	0.057519	-0.029424	-0.057601
2853	0.059600	-0.031560	-0.057546
2854	0.065293	-0.028939	-0.057540
2855	0.067583	-0.004845	-0.054323
2856	0.068903	0.019883	-0.051430
2857	0.071098	0.007250	-0.043871
2858	0.072673	0.004234	-0.036434
2859	0.069440	0.007749	-0.033700
2860	0.063124	-0.017474	-0.032760
2861	0.057323	-0.017242	-0.032965
2862	0.050586	-0.029284	-0.036698
2863	0.047437	-0.027054	-0.035965
2864	0.044325	-0.007740	-0.032641
2865	0.036052	0.001231	-0.031591
2866	0.030297	-0.006272	-0.029157
2867	0.029351	-0.014217	-0.022668
2868	0.024679	-0.023478	-0.016244
2869	0.024602	-0.002206	-0.017611
2870	0.026116	-0.004806	-0.017347
2871	0.026348	-0.005692	-0.018222
2872	0.022879	0.005454	-0.016220
2873	0.014556	-0.001288	-0.012569
2874	0.007678	-0.013626	-0.009122
2875	0.001864	0.011119	-0.012494
2876	-0.003708	-0.005058	-0.012350
2877	-0.006011	0.001618	-0.016734
2878	-0.011040	-0.018641	-0.017020
2879	-0.018047	-0.030890	-0.018440
2880	-0.028386	-0.014986	-0.021803
2881	-0.034786	-0.013978	-0.029390
2882	-0.043627	-0.018378	-0.036257
2883	-0.043325	-0.013759	-0.041347
2884	-0.042004	-0.007612	-0.047659
2885	-0.047234	-0.014972	-0.054758
2886	-0.047818	-0.006793	-0.060396
2887	-0.049169	-0.013671	-0.065008
2888	-0.052069	-0.008206	-0.063358
2889	-0.051027	-0.009281	-0.063367
2890	-0.049081	-0.004998	-0.067530
2891	-0.049599	-0.005340	-0.067026
2892	-0.048686	-0.015051	-0.068793
2893	-0.047703	-0.013348	-0.056968
2894	-0.045593	-0.011823	-0.057695
2895	-0.045933	0.001019	-0.054256
2896	-0.045878	0.008571	-0.055292
2897	-0.039839	0.001241	-0.051888
2898	-0.032665	-0.015789	-0.046226
2899	-0.035099	0.003910	-0.040272
2900	-0.034750	0.005731	-0.036793
2901	-0.034027	0.012046	-0.034527
2902	-0.032085	0.005428	-0.032817
2903	-0.027909	-0.010375	-0.028011
2904	-0.020520	-0.012439	-0.020865
2905	-0.011626	-0.014550	-0.010555
2906	-0.006412	-0.013506	-0.002039
2907	-0.007641	-0.010063	0.004209
2908	-0.004336	-0.011544	0.004683
2909	-0.006874	-0.010357	0.011028
2910	-0.010261	-0.012038	0.019503
2911	-0.013622	-0.000669	0.022690
2912	-0.015939	-0.005513	0.018938
2913	-0.018091	-0.016892	0.026275
2914	-0.021974	-0.013012	0.028755
2915	-0.022296	-0.014461	0.034273
2916	-0.027509	-0.005846	0.046104
2917	-0.029821	-0.009358	0.046462
2918	-0.033931	-0.021220	0.043612
2919	-0.036670	-0.014472	0.046977
2920	-0.038552	-0.023766	0.045683
2921	-0.043565	-0.009293	0.044091
2922	-0.044862	-0.015264	0.044499
2923	-0.048937	-0.024945	0.045375
2924	-0.044223	-0.007750	0.040281
2925	-0.039606	-0.003806	0.037582
2926	-0.034017	0.008592	0.036237
2927	-0.033740	0.013141	0.041314
2928	-0.031597	0.012530	0.036418
2929	-0.030347	0.003189	0.034909
2930	-0.032347	0.005424	0.029433
2931	-0.032170	-0.008781	0.026338
2932	-0.032566	-0.001382	0.024017
2933	-0.034353	-0.000906	0.019693
2934	-0.031683	-0.011164	0.019371
2935	-0.026544	-0.008809	0.013743
2936	-0.019838	-0.026845	0.006208
2937	-0.018144	-0.002709	0.006919
2938	-0.014566	-0.022370	0.001576
2939	-0.018630	-0.008041	0.002944
2940	-0.019848	0.000552	0.005039
2941	-0.024799	-0.017590	0.004745
2942	-0.028034	-0.006016	-0.004758
2943	-0.028584	-0.010475	-0.006548
2944	-0.022884	0.005146	-0.010098
2945	-0.019982	-0.004943	-0.013827
2946	-0.016071	0.007696	-0.015312
2947	-0.015922	0.015160	-0.018046
2948	-0.012245	0.009488	-0.024924
2949	-0.008978	0.004718	-0.029136
2950	-0.014301	0.008302	-0.031142
2951	-0.017560	0.002995	-0.033193
2952	-0.020207	-0.017908	-0.030623
2953	-0.023071	-0.027879	-0.030675
2954	-0.017552	-0.029469	-0.030238
2955	-0.012817	-0.027575	-0.031372
2956	-0.007618	-0.020472	-0.029686
2957	-0.009677	-0.006312	-0.026589
2958	-0.012242	-0.006736	-0.025212
2959	-0.010322	-0.003987	-0.018526
2960	-0.008931	-0.008929	-0.017756
2961	-0.006508	-0.011114	-0.019414
2962	-0.002367	0.009323	-0.016963
2963	0.002331	0.015323	-0.019599
2964	0.009499	0.010449	-0.018602
2965	0.011376	0.002925	-0.012436
2966	0.010522	0.018370	-0.012839
2967	0.012922	0.018846	-0.014163
2968	0.011070	0.012146	-0.012562
2969	0.011766	0.015365	-0.012138
2970	0.008607	0.012352	-0.011903
2971	0.008329	0.008282	-0.011577
2972	0.002373	0.020234	-0.010136
2973	0.000238	0.023672	-0.009745
2974	-0.004012	0.006791	-0.011454
2975	-0.008240	0.005471	-0.013192
2976	-0.002590	0.011817	-0.012694
2977	0.000962	0.002067	-0.010749
2978	-0.001436	0.004746	-0.012176
2979	-0.000794	0.011053	-0.009001
2980	0.000473	0.011668	-0.012155
2981	0.002218	-0.002834	-0.012117
2982	0.004465	0.008458	-0.013898
2983	0.006126	-0.006267	-0.008576
2984	0.004145	0.006522	-0.008043
2985	0.006332	0.004319	-0.007971
2986	0.008402	0.002899	-0.001147
2987	0.009528	0.021381	-0.001518
2988	0.011593	-0.000669	-0.000887
2989	0.009797	-0.019267	0.000025
2990	0.009299	-0.006271	-0.008383
2991	0.014069	-0.010116	-0.011764
2992	0.022784	-0.025915	-0.013122
2993	0.024129	-0.023549	-0.012668
2994	0.025783	-0.018511	-0.013246
2995	0.029286	-0.027276	-0.015794
2996	0.031605	-0.029032	-0.017461
2997	0.031129	-0.019122	-0.018927
2998	0.031853	-0.004528	-0.022216
2999	0.031966	-0.002184	-0.029811
3000	0.029230	-0.008822	-0.033607
3001	0.031999	-0.022474	-0.031831
3002	0.029803	-0.011037	-0.030627
3003	0.031294	-0.031509	-0.030948
3004	0.034043	-0.024236	-0.031231
3005	0.035819	-0.019348	-0.033030
3006	0.030181	-0.012136	-0.035981
3007	0.027748	-0.002235	-0.035495
3008	0.019059	-0.009349	-0.041960
3009	0.013562	-0.018296	-0.045326
3010	0.009028	-0.021912	-0.049730
3011	0.001970	-0.010669	-0.052266
3012	-0.003929	0.009076	-0.054126
3013	-0.010255	0.003391	-0.055253
3014	-0.017994	0.007960	-0.056856
3015	-0.025946	-0.006240	-0.053188
3016	-0.031895	-0.005645	-0.051118
3017	-0.041245	0.012049	-0.049048
3018	-0.051175	0.005865	-0.042740
3019	-0.056935	0.006858	-0.044956
3020	-0.065161	0.002845	-0.050419
3021	-0.069885	-0.010044	-0.053347
3022	-0.066693	-0.012465	-0.054955
3023	-0.068472	0.006366	-0.053019
3024	-0.070393	0.015325	-0.054343
3025	-0.075549	0.001696	-0.061366
3026	-0.077924	-0.011193	-0.059987
3027	-0.077000	0.008859	-0.066668
3028	-0.072334	0.001332	-0.074161
3029	-0.066210	-0.003209	-0.078855
3030	-0.062361	0.005408	-0.080579
3031	-0.056838	0.022643	-0.084937
3032	-0.049699	0.008894	-0.081696
3033	-0.046351	0.003226	-0.080388
3034	-0.039573	0.002299	-0.074606
3035	-0.035614	0.009814	-0.064942
3036	-0.037666	0.006746	-0.054692
3037	-0.034998	0.008367	-0.046530
3038	-0.026551	-0.005848	-0.043455
3039	-0.012890	-0.017332	-0.040116
3040	-0.005258	-0.020447	-0.041861
3041	-0.005979	-0.021376	-0.039644
3042	-0.004161	-0.020670	-0.031760
3043	-0.007811	-0.030050	-0.019728
3044	-0.007150	-0.018771	-0.015133
3045	-0.003868	-0.003608	-0.011827
3046	0.003107	-0.006414	-0.011957
3047	0.000116	-0.018062	-0.007247
3048	-0.004691	-0.009648	0.004047
3049	-0.011929	0.004709	0.008530
3050	-0.014990	0.001363	0.009963
3051	-0.014691	0.011462	0.009491
3052	-0.022852	0.014583	0.006384
3053	-0.032859	-0.002309	0.006993
3054	-0.037123	-0.014689	0.006880
3055	-0.045338	0.001622	0.009087
3056	-0.045455	-0.029240	0.011588
3057	-0.050558	-0.020979	0.018597
3058	-0.054341	-0.020948	0.017746
3059	-0.053735	-0.012346	0.014939
3060	-0.047334	-0.020297	0.013504
3061	-0.040302	-0.027619	0.014052
3062	-0.033826	-0.029183	0.013552
3063	-0.030804	-0.012526	0.016645
3064	-0.027314	0.000942	0.019417
3065	-0.022511	0.012769	0.018279
3066	-0.016909	0.001918	0.023873
3067	-0.011386	-0.002924	0.027023
3068	-0.004613	0.015530	0.028531
3069	0.003075	0.006317	0.030823
3070	0.011699	-0.000634	0.031739
3071	0.014697	-0.000606	0.029010
3072	0.020433	0.007426	0.029791
3073	0.021747	0.018920	0.029543
3074	0.023339	0.014208	0.033723
3075	0.028529	0.018220	0.036811
3076	0.029433	0.009539	0.044373
3077	0.031155	0.006609	0.047266
3078	0.030469	0.013499	0.054987
3079	0.030799	0.009919	0.055762
3080	0.025828	-0.012632	0.057715
3081	0.025648	-0.001009	0.060493
3082	0.025010	-0.006860	0.063912
3083	0.021704	-0.009814	0.072388
3084	0.018733	-0.010355	0.079682
3085	0.020689	0.007952	0.087777
3086	0.018459	0.014922	0.091375
3087	0.013467	0.008998	0.096437
3088	0.009449	0.000369	0.095421
3089	0.005002	-0.015262	0.094907
3090	-0.003433	-0.019145	0.094363
3091	-0.005189	-0.004111	0.092180
3092	-0.008508	-0.002569	0.088209
3093	-0.012025	-0.015402	0.078564
3094	-0.016403	-0.000037	0.067242
3095	-0.019824	0.012014	0.058452
3096	-0.020349	0.020997	0.051166
3097	-0.016991	0.016693	0.043059
3098	-0.017129	0.031290	0.042948
3099	-0.018510	0.023145	0.045413
3100	-0.020936	0.018201	0.049281
3101	-0.021594	0.026097	0.051627
3102	-0.019960	0.030047	0.051230
3103	-0.019654	0.012900	0.050410
3104	-0.019873	0.009593	0.053793
3105	-0.018659	0.020632	0.053765
3106	-0.015939	0.023963	0.047360
3107	-0.013126	0.006111	0.046620
3108	-0.012880	0.007173	0.042945
3109	-0.014512	0.011914	0.042271
3110	-0.010778	0.014396	0.037470
3111	-0.007420	-0.006175	0.036093
3112	-0.003436	0.002466	0.030832
3113	-0.000054	0.009294	0.023130
3114	0.003783	0.006646	0.020749
3115	0.005182	0.016678	0.017708
3116	0.006667	0.007253	0.011535
3117	0.008267	0.003814	0.002455
3118	0.010126	0.001601	0.001040
3119	0.005494	0.004045	-0.001019
3120	0.007198	-0.012273	-0.004593
3121	0.007497	-0.021719	-0.002223
3122	0.003460	-0.016348	-0.008349
3123	-0.001299	-0.036107	-0.009206
3124	-0.008870	-0.041167	-0.009920
3125	-0.014174	-0.026582	-0.003678
3126	-0.013522	0.004987	-0.006159
3127	-0.017340	0.020473	-0.013146
3128	-0.021551	-0.000334	-0.012503
3129	-0.023258	0.001021	-0.013034
3130	-0.027214	0.013502	-0.016682
3131	-0.029381	0.000964	-0.016061
3132	-0.030363	-0.013864	-0.019230
3133	-0.030002	0.010035	-0.021891
3134	-0.033025	0.001131	-0.022644
3135	-0.036186	0.004833	-0.025008
3136	-0.033848	0.000877	-0.021024
3137	-0.035999	0.016992	-0.021877
3138	-0.042182	0.001071	-0.016555
3139	-0.043572	-0.012764	-0.017995
3140	-0.045127	-0.008479	-0.017009
3141	-0.050178	-0.002581	-0.019345
3142	-0.049362	-0.008032	-0.018928
3143	-0.049255	-0.014254	-0.017232
3144	-0.051414	-0.018657	-0.015021
3145	-0.056273	0.000460	-0.014086
3146	-0.057351	-0.003066	-0.008403
3147	-0.060821	-0.003316	-0.003487
3148	-0.061476	-0.002004	-0.001461
3149	-0.063366	0.006034	-0.000087
3150	-0.057164	0.002124	-0.002990
3151	-0.052465	0.002030	-0.002615
3152	-0.044465	0.000895	0.000034
3153	-0.033669	0.007802	-0.000899
3154	-0.026304	-0.006223	-0.002884
3155	-0.019762	0.007862	-0.000316
3156	-0.012582	0.022778	-0.004692
3157	-0.008338	0.014260	-0.003262
3158	-0.004018	0.021754	-0.008200
3159	0.006041	0.023580	-0.007890
3160	0.016041	0.009635	-0.015778
3161	0.018824	0.010474	-0.026625
3162	0.023080	0.003485	-0.024409
3163	0.022592	0.005203	-0.027000
3164	0.025957	0.000921	-0.029071
3165	0.024494	-0.007472	-0.024843
3166	0.021999	0.003774	-0.026419
3167	0.016427	0.016196	-0.029546
3168	0.011673	0.008372	-0.032110
3169	0.010461	0.003473	-0.041968
3170	0.015813	0.004956	-0.044810
3171	0.018398	-0.008560	-0.047078
3172	0.016853	0.008701	-0.050286
3173	0.012465	0.020060	-0.050063
3174	0.008815	0.015293	-0.051988
3175	0.006355	0.012696	-0.051069
3176	0.008605	-0.012905	-0.049140
3177	0.008796	-0.016142	-0.050260
3178	0.009496	-0.004942	-0.053896
3179	0.015289	-0.008364	-0.053123
3180	0.015563	0.003593	-0.053219
3181	0.015381	0.015718	-0.054741
3182	0.019139	0.016517	-0.056656
3183	0.020644	0.012138	-0.065364
3184	0.018657	0.016253	-0.066317
3185	0.015037	0.025005	-0.062576
3186	0.016306	0.014058	-0.057103
3187	0.019527	-0.022202	-0.050615
3188	0.021128	0.005230	-0.044400
3189	0.022246	0.001219	-0.042204
3190	0.020619	-0.014169	-0.045621
3191	0.019639	0.002070	-0.041495
3192	0.021367	0.008542	-0.035815
3193	0.025315	0.006272	-0.033093
3194	0.021831	0.019199	-0.031260
3195	0.019711	0.017864	-0.029690
3196	0.017166	0.026233	-0.031501
3197	0.014234	0.023185	-0.029400
3198	0.015754	0.020714	-0.029541
3199	0.017558	0.017732	-0.027671
3200	0.020365	-0.000541	-0.025341
3201	0.022809	-0.006397	-0.023939
3202	0.024829	0.002446	-0.022781
3203	0.024972	0.006122	-0.021128
3204	0.028648	-0.002993	-0.027823
3205	0.034205	0.006574	-0.032093
3206	0.033336	0.021552	-0.034219
3207	0.032245	0.004844	-0.038320
3208	0.033339	-0.012576	-0.041405
3209	0.033355	0.000353	-0.049649
3210	0.031682	-0.020900	-0.052916
3211	0.032677	-0.004091	-0.056178
3212	0.031171	-0.012218	-0.058585
3213	0.028035	-0.008930	-0.061321
3214	0.024474	-0.010882	-0.059776
3215	0.023642	0.016297	-0.056985
3216	0.022336	0.019523	-0.050536
3217	0.022666	0.012163	-0.045911
3218	0.027717	-0.000909	-0.048805
3219	0.031786	0.009987	-0.049270
3220	0.034456	-0.003740	-0.048882
3221	0.031667	-0.001177	-0.050883
3222	0.030931	0.015848	-0.049875
3223	0.031857	0.012890	-0.044688
3224	0.029622	0.000512	-0.037518
3225	0.026476	0.019370	-0.023858
3226	0.027368	0.003933	-0.020991
3227	0.018772	0.011711	-0.014917
3228	0.014925	-0.008772	-0.017479
3229	0.006701	-0.012058	-0.013839
3230	0.004504	-0.001354	-0.021269
3231	0.003237	-0.003190	-0.024333
3232	-0.000883	0.006441	-0.027596
3233	-0.007339	0.016792	-0.027512
3234	-0.014150	0.003921	-0.024169
3235	-0.009974	0.018116	-0.024942
3236	-0.005979	0.010489	-0.024796
3237	-0.000226	0.015000	-0.021322
3238	0.003925	-0.003537	-0.020007
3239	0.005918	-0.003107	-0.018866
3240	0.009068	-0.009359	-0.021405
3241	0.012925	-0.007740	-0.021228
3242	0.019549	0.007804	-0.015300
3243	0.025005	0.002041	-0.010062
3244	0.033996	0.017408	-0.010636
3245	0.038430	0.025678	-0.007923
3246	0.043414	0.022907	-0.000675
3247	0.048049	0.012684	0.006841
3248	0.049288	0.005565	0.008150
3249	0.048391	0.010764	0.008048
3250	0.045825	0.001302	0.002201
3251	0.045118	-0.009343	0.005574
3252	0.043300	-0.011501	-0.001254
3253	0.036451	-0.006335	-0.001750
3254	0.033599	-0.013505	0.004291
3255	0.030033	-0.013129	0.004407
3256	0.027615	-0.019719	0.002668
3257	0.018087	0.005018	-0.000936
3258	0.011387	-0.002931	-0.004508
3259	0.010926	0.008198	-0.006371
3260	0.011967	-0.001480	-0.007750
3261	0.010441	0.003547	-0.004077
3262	0.009063	-0.001308	0.001586
3263	0.008236	-0.010947	0.008817
3264	0.004904	-0.017341	0.012375
3265	0.001719	-0.020422	0.013582
3266	-0.001932	-0.020256	0.016077
3267	-0.004592	0.001212	0.017313
3268	-0.012443	0.010682	0.020224
3269	-0.022570	-0.003132	0.023474
3270	-0.021692	0.001797	0.017769
3271	-0.023204	0.008013	0.017245
3272	-0.019804	-0.000031	0.018709
3273	-0.016325	0.004660	0.017764
3274	-0.014397	0.001541	0.015738
3275	-0.010291	0.002416	0.014349
3276	-0.007735	0.015252	0.013738
3277	-0.003200	0.008409	0.011153
3278	-0.000508	-0.002321	0.007281
3279	-0.002719	0.004065	0.008601
3280	-0.000363	-0.002595	0.007943
3281	-0.004882	-0.011238	0.007030
3282	-0.007232	0.003301	0.004619
3283	-0.016117	0.001903	0.006937
3284	-0.026924	-0.004208	0.006615
3285	-0.031739	0.003773	0.004145
3286	-0.029325	-0.000796	0.001851
3287	-0.029761	0.006233	-0.005345
3288	-0.025055	-0.005253	-0.008865
3289	-0.024237	-0.002104	-0.008412
3290	-0.022337	-0.001399	-0.013967
3291	-0.023263	-0.021816	-0.016798
3292	-0.019203	-0.006900	-0.019435
3293	-0.016618	-0.002129	-0.015072
3294	-0.014724	0.002328	-0.015127
3295	-0.014324	0.021326	-0.017374
3296	-0.015379	0.023867	-0.019984
3297	-0.015624	0.025434	-0.025843
3298	-0.012667	0.017690	-0.027307
3299	-0.010816	0.006220	-0.032098
3300	-0.011510	0.012226	-0.031110
3301	-0.012096	0.003278	-0.034055
3302	-0.008479	-0.009281	-0.035788
3303	-0.006898	0.008242	-0.032424
3304	-0.002641	0.002028	-0.039864
3305	-0.006417	0.008995	-0.039937
3306	-0.012484	0.013831	-0.035589
3307	-0.011198	0.042390	-0.036766
3308	-0.013281	0.033031	-0.035386
3309	-0.017963	0.024045	-0.030528
3310	-0.018153	0.022176	-0.029621
3311	-0.022649	0.029772	-0.026071
3312	-0.020864	0.014009	-0.020107
3313	-0.017575	0.010990	-0.018661
3314	-0.009983	0.006136	-0.017069
3315	-0.006569	0.013883	-0.015479
3316	-0.001410	0.019096	-0.013600
3317	0.000941	0.010957	-0.010845
3318	-0.001558	0.041566	-0.009497
3319	-0.002376	0.034493	-0.007046
3320	0.004504	0.021079	-0.002172
3321	0.008164	0.009350	0.002646
3322	0.005949	0.004582	0.005623
3323	0.007676	0.023062	0.011959
3324	0.011600	0.001513	0.015819
3325	0.018310	0.003252	0.014844
3326	0.026184	0.007192	0.010236
3327	0.032644	0.007705	0.010482
3328	0.038568	0.002433	0.013763
3329	0.042743	0.006236	0.018410
3330	0.047610	-0.012287	0.019698
3331	0.053212	-0.006883	0.018989
3332	0.051418	0.005841	0.021333
3333	0.051719	-0.003150	0.015448
3334	0.045702	0.001099	0.019593
3335	0.037504	-0.005959	0.023291
3336	0.033187	-0.010572	0.024669
3337	0.031562	-0.004555	0.020075
3338	0.029968	-0.005596	0.019878
3339	0.034206	-0.010592	0.012099
3340	0.041315	0.003000	0.011605
3341	0.045284	0.026915	0.018064
3342	0.048886	0.016114	0.014415
3343	0.051139	0.011207	0.013238
3344	0.051834	0.009121	0.019358
3345	0.052774	0.023102	0.011303
3346	0.053325	0.018715	0.009133
3347	0.047718	-0.001720	0.001240
3348	0.039312	-0.003010	0.000523
3349	0.030301	-0.019192	0.005222
3350	0.020162	-0.013167	0.008498
3351	0.009511	-0.022461	0.014441
3352	0.004581	-0.016840	0.017044
3353	-0.001274	-0.010003	0.011942
3354	-0.005441	0.000333	0.012862
3355	-0.004150	-0.009468	0.015441
3356	-0.006761	0.012885	0.016681
3357	-0.005582	-0.012783	0.024022
3358	-0.005185	-0.012709	0.018411
3359	-0.003540	-0.010805	0.021810
3360	-0.003751	-0.016078	0.024170
3361	-0.001156	-0.014783	0.028118
3362	-0.005706	-0.019808	0.025217
3363	-0.009935	0.017242	0.031522
3364	-0.016195	-0.003606	0.032594
3365	-0.020519	-0.002209	0.034818
3366	-0.025339	0.015409	0.034284
3367	-0.026791	0.001058	0.031737
3368	-0.028264	-0.011001	0.028527
3369	-0.038274	-0.020872	0.027428
3370	-0.041091	-0.010717	0.022735
3371	-0.042593	-0.011264	0.018239
3372	-0.041485	-0.013512	0.011131
3373	-0.041097	-0.010738	0.007271
3374	-0.033892	-0.005402	0.002875
3375	-0.030587	-0.005796	0.003728
3376	-0.029392	-0.006650	-0.003889
3377	-0.024736	0.005620	-0.006083
3378	-0.022106	-0.007625	-0.008422
3379	-0.023732	-0.015379	-0.007166
3380	-0.023426	-0.011425	-0.006309
3381	-0.024319	-0.003443	-0.007225
3382	-0.021351	-0.007710	-0.010559
3383	-0.020673	-0.015157	-0.007466
3384	-0.021470	-0.005466	-0.007567
3385	-0.014588	-0.011670	-0.002819
3386	-0.009102	-0.004904	-0.005474
3387	-0.004333	-0.002610	0.001585
3388	0.000391	0.001039	0.005705
3389	-0.001556	-0.009229	0.004051
3390	-0.000699	-0.020117	0.002050
3391	-0.007347	-0.021156	-0.001087
3392	-0.017785	-0.019678	-0.002679
3393	-0.019014	-0.005545	-0.003578
3394	-0.016902	-0.019617	-0.003866
3395	-0.014886	-0.014555	-0.006554
3396	-0.015180	-0.007803	-0.006097
3397	-0.007680	-0.010830	-0.014610
3398	0.003988	-0.016919	-0.022690
3399	0.007873	-0.008104	-0.026055
3400	0.017398	-0.015541	-0.028934
3401	0.022341	-0.002187	-0.024965
3402	0.022801	0.007447	-0.024503
3403	0.027967	0.012447	-0.023486
3404	0.031507	0.011917	-0.017566
3405	0.036752	0.015618	-0.019083
3406	0.045774	0.009469	-0.018722
3407	0.045164	0.017918	-0.022395
3408	0.041580	-0.000735	-0.020855
3409	0.036111	-0.011953	-0.027883
3410	0.034811	-0.004031	-0.029493
3411	0.031752	-0.014167	-0.022206
3412	0.030051	0.011113	-0.021330
3413	0.027329	0.008459	-0.018346
3414	0.023108	0.009395	-0.018839
3415	0.016286	0.023595	-0.014819
3416	0.012501	0.023529	-0.018530
3417	0.010580	0.015575	-0.019320
3418	0.008394	0.016237	-0.017296
3419	0.008594	0.009607	-0.021900
3420	0.003730	-0.003661	-0.019603
3421	-0.003382	-0.010329	-0.022085
3422	-0.010875	-0.017240	-0.023748
3423	-0.015788	-0.012734	-0.025388
3424	-0.017125	-0.002987	-0.023785
3425	-0.017526	-0.026966	-0.022177
3426	-0.012354	-0.035970	-0.019755
3427	-0.012340	-0.027177	-0.017783
3428	-0.010878	-0.025291	-0.017807
3429	-0.009429	-0.029263	-0.016358
3430	-0.011257	-0.014860	-0.011324
3431	-0.014204	-0.017598	-0.007417
3432	-0.015290	-0.015415	-0.006835
3433	-0.018975	0.007217	-0.001748
3434	-0.021965	0.000406	-0.003811
3435	-0.022218	-0.007956	0.003252
3436	-0.025037	-0.016482	0.009227
3437	-0.025506	-0.029960	0.009754
3438	-0.024653	-0.034680	0.016744
3439	-0.020535	-0.008339	0.019198
3440	-0.020542	0.008956	0.026590
3441	-0.013281	0.002284	0.028086
3442	-0.015690	-0.000753	0.021769
3443	-0.018532	-0.006891	0.019889
3444	-0.018523	-0.039610	0.016347
3445	-0.016210	-0.040672	0.013517
3446	-0.020100	-0.029169	0.016923
3447	-0.023090	-0.023159	0.010922
3448	-0.022199	-0.011298	0.008818
3449	-0.018572	0.005833	0.005677
3450	-0.019535	0.003787	-0.003145
3451	-0.025511	0.009517	-0.008935
3452	-0.026422	0.008015	-0.012736
3453	-0.023440	0.019079	-0.017327
3454	-0.020707	0.020650	-0.019281
3455	-0.015542	0.015277	-0.026276
3456	-0.011376	0.007640	-0.030250
3457	-0.012745	0.012403	-0.032943
3458	-0.018024	0.020978	-0.034236
3459	-0.025881	0.013996	-0.037649
3460	-0.029813	0.020822	-0.040123
3461	-0.029903	0.007018	-0.037866
3462	-0.029978	0.014516	-0.035761
3463	-0.033384	0.024652	-0.035317
3464	-0.036322	0.014553	-0.037887
3465	-0.035317	0.013325	-0.040361
3466	-0.035493	-0.001372	-0.040535
3467	-0.027798	-0.018779	-0.040808
3468	-0.017395	-0.021172	-0.041114
3469	-0.010793	0.000006	-0.045736
3470	-0.001316	0.000791	-0.044801
3471	0.003192	0.005385	-0.049556
3472	0.011131	0.002668	-0.055723
3473	0.015235	0.000641	-0.059439
3474	0.019492	-0.014846	-0.060195
3475	0.016888	-0.019748	-0.068449
3476	0.020096	-0.014429	-0.071438
3477	0.018817	-0.021681	-0.069521
3478	0.021139	-0.006833	-0.066592
3479	0.025123	0.010862	-0.067363
3480	0.031420	-0.000489	-0.071687
3481	0.038681	0.006882	-0.070666
3482	0.042711	0.015472	-0.062723
3483	0.041236	-0.007467	-0.058756
3484	0.039450	-0.002460	-0.052441
3485	0.042440	-0.008420	-0.043135
3486	0.044159	-0.018309	-0.041173
3487	0.050097	-0.004181	-0.034464
3488	0.054235	-0.006102	-0.029904
3489	0.059132	0.001566	-0.026863
3490	0.060562	0.001187	-0.025557
3491	0.060325	-0.005055	-0.018374
3492	0.052051	0.003998	-0.012586
3493	0.043399	0.020521	-0.010951
3494	0.040522	-0.001136	-0.003606
3495	0.038195	0.009104	0.004285
3496	0.039886	0.014590	0.003129
3497	0.041210	0.012270	0.005624
3498	0.046779	0.014378	0.006794
3499	0.044850	0.005819	0.006812
3500	0.042010	0.003134	0.012571
3501	0.039484	-0.007272	0.017636
3502	0.035019	-0.005094	0.016627
3503	0.031733	-0.005342	0.019569
3504	0.031533	-0.011003	0.020471
3505	0.026025	-0.006030	0.021316
3506	0.014303	-0.006592	0.019890
3507	0.006833	0.005373	0.018817
3508	0.005533	0.015812	0.023997
3509	0.001106	0.000342	0.028247
3510	-0.000183	-0.008406	0.032482
3511	-0.001904	-0.000012	0.032396
3512	-0.001930	-0.009250	0.029229
3513	-0.004711	-0.014310	0.029091
3514	-0.007009	0.002315	0.027940
3515	-0.009491	-0.002019	0.028633
3516	-0.015154	-0.014025	0.027811
3517	-0.009627	-0.014920	0.026872
3518	-0.007567	-0.011886	0.020360
3519	-0.008236	0.001843	0.017959
3520	-0.009398	-0.001329	0.019792
3521	-0.009166	0.001128	0.024681
3522	-0.006661	-0.000575	0.026704
3523	-0.005534	0.012141	0.029285
3524	-0.001783	0.015890	0.028018
3525	-0.001835	0.019934	0.020021
3526	-0.002261	0.002112	0.017638
3527	0.000301	0.007086	0.017331
3528	-0.004537	0.018972	0.026176
3529	-0.002887	0.007040	0.027885
3530	0.001481	-0.011998	0.029528
3531	-0.003514	-0.002743	0.028977
3532	-0.009166	-0.006176	0.029586
3533	-0.012143	-0.015526	0.029216
3534	-0.011076	-0.009855	0.032384
3535	-0.010954	0.005099	0.031526
3536	-0.009071	-0.017976	0.029032
3537	-0.010648	-0.001313	0.030601
3538	-0.010106	-0.008256	0.023563
3539	-0.007339	-0.010029	0.023381
3540	-0.004388	0.006014	0.022250
3541	-0.003721	0.030811	0.024085
3542	-0.005290	0.022366	0.024625
3543	-0.004695	0.017431	0.029621
3544	-0.005976	0.011284	0.029778
3545	-0.003952	-0.000655	0.027743
3546	0.006275	-0.005069	0.023894
3547	0.013849	0.005009	0.021669
3548	0.018901	-0.002439	0.019832
3549	0.021699	-0.005817	0.012340
3550	0.021989	0.006713	0.006351
3551	0.020722	0.017435	0.001735
3552	0.018495	0.000333	0.005739
3553	0.014931	-0.008922	0.010991
3554	0.016778	0.014218	0.015682
3555	0.021466	-0.002148	0.017115
3556	0.026655	-0.002914	0.021280
3557	0.035182	-0.018575	0.024916
3558	0.034639	0.008095	0.025504
3559	0.032431	-0.001690	0.021009
3560	0.037427	-0.010346	0.012020
3561	0.044413	-0.012149	0.008022
3562	0.042538	-0.018357	0.004693
3563	0.040671	-0.014564	0.003291
3564	0.038116	-0.001367	0.001102
3565	0.034475	-0.012066	-0.000782
3566	0.034014	-0.007132	-0.008249
3567	0.033488	0.004773	-0.008606
3568	0.035430	-0.003330	-0.009811
3569	0.038058	-0.008428	-0.013164
3570	0.037829	-0.003417	-0.018281
3571	0.037156	-0.013734	-0.022590
3572	0.042753	-0.006390	-0.024714
3573	0.047928	0.002081	-0.027561
3574	0.046705	-0.000145	-0.030940
3575	0.050216	0.012429	-0.032063
3576	0.050509	-0.012614	-0.022461
3577	0.053036	-0.015219	-0.018996
3578	0.051875	-0.021596	-0.015657
3579	0.045818	-0.026127	-0.014122
3580	0.040227	-0.040470	-0.009353
3581	0.039450	-0.008844	-0.000514
3582	0.039579	0.004128	0.006280
3583	0.039550	0.003913	0.008155
3584	0.038687	-0.010825	0.013519
3585	0.031028	-0.001842	0.016704
3586	0.018563	0.031808	0.016782
3587	0.011104	0.030369	0.019890
3588	0.011275	0.009800	0.023111
3589	0.005418	0.011569	0.023533
3590	-0.000013	0.011593	0.022321
3591	-0.004179	0.023904	0.016689
3592	-0.013674	-0.001401	0.008561
3593	-0.017714	-0.012043	0.002056
3594	-0.018994	0.001684	-0.002425
3595	-0.020234	0.001136	-0.007407
3596	-0.015407	-0.005038	-0.018564
3597	-0.014681	-0.012739	-0.024265
3598	-0.012349	-0.021254	-0.024572
3599	-0.013399	-0.027364	-0.020380
3600	-0.014998	-0.015991	-0.021425
3601	-0.018430	-0.005394	-0.022610
3602	-0.017565	-0.001804	-0.015719
3603	-0.018077	-0.002576	-0.014493
3604	-0.013825	-0.018838	-0.016392
3605	-0.015726	-0.020571	-0.020657
3606	-0.016317	-0.010289	-0.025577
3607	-0.017550	-0.023048	-0.023681
3608	-0.014728	-0.007480	-0.027778
3609	-0.017830	-0.010225	-0.032193
3610	-0.023385	-0.013961	-0.035359
3611	-0.021672	-0.004146	-0.038028
3612	-0.023298	-0.010098	-0.036230
3613	-0.025831	-0.026353	-0.036086
3614	-0.023612	0.005237	-0.040435
3615	-0.019105	-0.008878	-0.046080
3616	-0.014814	0.000613	-0.047277
3617	-0.014138	-0.009799	-0.045968
3618	-0.013484	-0.008440	-0.045125
3619	-0.013282	-0.022671	-0.043519
3620	-0.011988	-0.009187	-0.041946
3621	-0.010662	0.002621	-0.034855
3622	-0.008012	0.001566	-0.036489
3623	-0.006434	0.009771	-0.037200
3624	-0.004517	0.006197	-0.037719
3625	-0.007708	-0.005764	-0.038999
3626	-0.009622	-0.021000	-0.041657
3627	-0.010248	-0.015457	-0.039014
3628	-0.016084	-0.012872	-0.038268
3629	-0.017567	-0.011096	-0.032289
3630	-0.020356	-0.015612	-0.024442
3631	-0.022723	-0.020373	-0.023137
3632	-0.027563	-0.021051	-0.015980
3633	-0.024615	0.004949	-0.007275
3634	-0.025620	-0.008592	-0.003341
3635	-0.029000	-0.023072	-0.003329
3636	-0.027467	-0.012896	-0.001183
3637	-0.021743	-0.023078	0.002569
3638	-0.012469	-0.021116	0.010606
3639	-0.007227	-0.012897	0.013248
3640	-0.001638	-0.011962	0.014420
3641	0.004249	-0.023095	0.011002
3642	0.012466	-0.032560	0.013463
3643	0.012884	-0.036521	0.011587
3644	0.018602	-0.037486	0.012568
3645	0.022818	-0.033214	0.015808
3646	0.024451	-0.037357	0.018459
3647	0.027715	-0.031486	0.017476
3648	0.025384	-0.022078	0.015665
3649	0.028311	-0.008766	0.013628
3650	0.032398	-0.007421	0.007978
3651	0.035562	-0.012063	0.007258
3652	0.040428	-0.003282	0.001502
3653	0.042454	-0.009872	-0.003398
3654	0.044620	-0.003994	-0.014452
3655	0.043113	-0.010271	-0.023038
3656	0.040881	-0.004360	-0.029141
3657	0.036314	0.008721	-0.037400
3658	0.031786	0.024696	-0.039426
3659	0.024317	0.014438	-0.042923
3660	0.020752	0.009363	-0.045951
3661	0.014293	0.025110	-0.045040
3662	0.009180	0.004843	-0.048957
3663	0.004557	0.002369	-0.050909
3664	-0.004268	-0.002408	-0.053129
3665	-0.005254	0.010740	-0.055806
3666	-0.009584	0.017857	-0.055211
3667	-0.010542	-0.002425	-0.051964
3668	-0.015007	0.005123	-0.046634
3669	-0.017322	0.011458	-0.042036
3670	-0.012624	0.025518	-0.037014
3671	-0.010931	0.009247	-0.035399
3672	-0.007072	-0.002429	-0.030062
3673	-0.006077	-0.004032	-0.026094
3674	-0.010729	0.008953	-0.023224
3675	-0.016982	0.003630	-0.019114
3676	-0.021245	-0.006129	-0.013186
3677	-0.020030	-0.032973	-0.006348
3678	-0.015119	-0.011877	-0.000042
3679	-0.009422	-0.009856	0.005593
3680	-0.007554	-0.026682	0.011142
3681	-0.007996	-0.024339	0.012635
3682	-0.003041	-0.029705	0.015043
3683	0.003920	-0.023848	0.015015
3684	0.009932	-0.019998	0.018743
3685	0.012679	-0.005093	0.021135
3686	0.017869	0.010941	0.025981
3687	0.023439	0.010858	0.030698
3688	0.024250	-0.001464	0.028191
3689	0.028746	-0.017113	0.028975
3690	0.029201	-0.005271	0.041099
3691	0.032058	-0.002219	0.042780
3692	0.030272	-0.015770	0.041069
3693	0.025297	-0.023012	0.041218
3694	0.024703	-0.015319	0.042859
3695	0.022749	-0.015865	0.052855
3696	0.018933	-0.029120	0.056446
3697	0.015202	0.000036	0.062640
3698	0.015997	0.002079	0.062506
3699	0.021872	0.006136	0.064173
3700	0.026823	0.003717	0.062183
3701	0.025094	0.019294	0.066244
3702	0.024982	0.004931	0.063365
3703	0.021279	-0.001842	0.062677
3704	0.017029	-0.013508	0.063255
3705	0.009278	-0.010276	0.061054
3706	0.004843	-0.010573	0.065830
3707	0.005365	-0.008952	0.063120
3708	0.008763	-0.015482	0.058052
3709	0.006499	-0.009877	0.055480
3710	0.011656	0.004408	0.060123
3711	0.019843	0.016056	0.059506
3712	0.024982	0.005004	0.054823
3713	0.025865	-0.003531	0.057117
3714	0.032248	-0.007566	0.052439
3715	0.033437	-0.007595	0.046364
3716	0.029787	-0.017566	0.039252
3717	0.023836	-0.021913	0.038338
3718	0.017492	-0.041029	0.041160
3719	0.012969	-0.019502	0.048256
3720	0.009325	-0.023147	0.047016
3721	0.003493	-0.004313	0.048891
3722	-0.000012	-0.000508	0.048327
3723	-0.005352	-0.004140	0.050786
3724	-0.016600	0.001501	0.049824
3725	-0.023390	-0.028943	0.049967
3726	-0.027827	-0.017536	0.049605
3727	-0.033902	-0.004453	0.046263
3728	-0.040488	-0.011354	0.048483
3729	-0.041555	-0.012272	0.044965
3730	-0.041843	0.011821	0.043605
3731	-0.042433	-0.000237	0.038973
3732	-0.042449	0.001049	0.043153
3733	-0.038795	-0.019263	0.042156
3734	-0.039340	-0.019115	0.041489
3735	-0.037455	0.002938	0.042469
3736	-0.036349	-0.004103	0.043496
3737	-0.037971	-0.008727	0.042014
3738	-0.042294	-0.002012	0.043071
3739	-0.046966	-0.006445	0.044527
3740	-0.048230	-0.022503	0.041754
3741	-0.047330	-0.020505	0.034303
3742	-0.046393	-0.031691	0.034946
3743	-0.047739	-0.006236	0.038711
3744	-0.051903	0.002999	0.036784
3745	-0.050192	-0.020315	0.035341
3746	-0.047236	-0.017316	0.031615
3747	-0.048080	-0.031898	0.025425
3748	-0.045792	-0.041570	0.019507
3749	-0.050458	-0.033234	0.022692
3750	-0.050862	-0.044057	0.019089
3751	-0.050193	-0.014154	0.013158
3752	-0.041198	-0.008213	0.014800
3753	-0.033310	-0.023811	0.016380
3754	-0.034015	-0.014361	0.014849
3755	-0.032816	-0.003355	0.014662
3756	-0.025972	-0.013884	0.012096
3757	-0.019949	0.004444	0.011030
3758	-0.016305	-0.014202	0.007610
3759	-0.010709	-0.018216	0.006880
3760	-0.011267	-0.009325	0.009489
3761	-0.005870	-0.008696	0.011042
3762	-0.000543	-0.010506	0.013261
3763	-0.000589	-0.012073	0.008823
3764	0.004451	-0.011581	0.006718
3765	0.007981	-0.006429	0.004423
3766	0.005637	0.003966	0.006400
3767	0.003337	0.008492	0.004339
3768	-0.002611	0.026995	-0.001182
3769	-0.006130	0.002034	-0.004582
3770	-0.014138	-0.001681	-0.003737
3771	-0.017255	-0.012863	-0.001009
3772	-0.019614	-0.016703	-0.000814
3773	-0.019915	-0.015787	-0.001350
3774	-0.020124	-0.007390	-0.002296
3775	-0.024019	-0.010861	-0.003777
3776	-0.027468	-0.007686	-0.007124
3777	-0.026535	-0.005609	-0.015259
3778	-0.018965	-0.003048	-0.017421
3779	-0.014277	0.019262	-0.021276
3780	-0.000307	0.028608	-0.018751
3781	0.005272	0.038748	-0.020269
3782	0.008466	0.034166	-0.017814
3783	0.011118	0.029848	-0.017456
3784	0.016974	0.019662	-0.014249
3785	0.020427	0.004925	-0.006361
3786	0.022012	0.013472	0.003928
3787	0.025899	0.005395	0.006811
3788	0.030433	0.008406	0.007079
3789	0.028672	0.000020	0.016560
3790	0.032148	-0.009167	0.024669
3791	0.039265	0.000094	0.032400
3792	0.045040	-0.005202	0.038316
3793	0.047596	-0.003483	0.042634
3794	0.047006	-0.010450	0.045597
3795	0.042223	0.003902	0.048673
3796	0.041533	0.005266	0.055480
3797	0.040636	0.015900	0.055884
3798	0.040716	0.026301	0.052381
3799	0.044013	0.028099	0.044122
3800	0.041100	0.011635	0.035211
3801	0.034471	0.017236	0.028603
3802	0.029297	-0.003232	0.028538
3803	0.024993	-0.010620	0.025769
3804	0.022211	-0.009679	0.019748
3805	0.014785	-0.009286	0.018351
3806	0.009086	-0.002660	0.013935
3807	0.004203	-0.003142	0.009966
3808	-0.000251	-0.007433	0.014845
3809	0.001552	-0.012384	0.015078
3810	0.001162	-0.014084	0.010323
3811	-0.000015	-0.005313	0.007402
3812	0.002657	0.005955	0.005296
3813	0.002740	0.003919	0.000920
3814	-0.001729	-0.001533	0.004192
3815	0.000955	-0.004739	0.005091
3816	-0.000034	-0.007804	0.007447
3817	-0.003337	-0.022479	0.005156
3818	-0.014139	-0.015412	0.008318
3819	-0.017492	-0.013585	0.007506
3820	-0.016326	-0.004682	0.007553
3821	-0.013448	-0.006484	0.004604
3822	-0.018604	0.022534	0.009245
3823	-0.015610	0.023746	0.008356
3824	-0.012786	0.014697	0.007991
3825	-0.011230	-0.002618	0.003546
3826	-0.009913	0.002070	0.001688
3827	-0.009987	-0.010279	0.003429
3828	-0.016105	-0.013595	0.012660
3829	-0.019536	-0.001490	0.011546
3830	-0.022824	-0.017975	0.011987
3831	-0.024999	-0.016406	0.010593
3832	-0.026292	-0.012326	0.004030
3833	-0.024170	-0.018154	0.005149
3834	-0.025929	-0.004934	0.001324
3835	-0.029225	-0.004099	0.007429
3836	-0.030805	-0.023016	0.007871
3837	-0.035723	-0.005583	0.005626
3838	-0.033938	0.000618	0.001743
3839	-0.032421	-0.001510	-0.000426
3840	-0.029215	0.007800	-0.002668
3841	-0.027806	-0.002762	-0.003728
3842	-0.022528	0.017462	-0.004219
3843	-0.024720	0.032615	-0.000842
3844	-0.021395	0.010722	0.004842
3845	-0.021191	0.004306	0.013284
3846	-0.020228	-0.003313	0.017742
3847	-0.012645	-0.007491	0.022456
3848	-0.008755	0.010646	0.025781
3849	-0.007455	0.012092	0.030582
3850	-0.002474	0.009048	0.028587
3851	-0.004118	0.019606	0.031854
3852	-0.001046	0.015829	0.020951
3853	-0.001691	0.013383	0.018208
3854	-0.000368	0.016049	0.022162
3855	0.003528	0.009639	0.019404
3856	0.006496	0.020901	0.020587
3857	0.016867	0.013440	0.022909
3858	0.025624	0.010281	0.020926
3859	0.031260	0.023232	0.018087
3860	0.031346	0.020826	0.016703
3861	0.028161	0.002488	0.013217
3862	0.030993	0.000504	0.012605
3863	0.029284	-0.024107	0.012471
3864	0.030936	-0.023412	0.011911
3865	0.030862	-0.006656	0.008761
3866	0.036089	0.003844	0.012131
3867	0.035027	0.008135	0.015113
3868	0.038354	-0.005772	0.024679
3869	0.034947	-0.001078	0.033383
3870	0.029853	-0.013171	0.045342
3871	0.024775	-0.005548	0.043704
3872	0.014625	-0.009289	0.046566
3873	0.006765	0.009768	0.047899
3874	0.000644	0.012704	0.050516
3875	-0.006144	-0.017222	0.053437
3876	-0.010927	0.002970	0.056813
3877	-0.008781	0.018401	0.056781
3878	-0.006491	-0.010677	0.060550
3879	-0.007673	-0.009379	0.059170
3880	-0.006040	0.013288	0.063770
3881	-0.007562	0.032315	0.066943
3882	-0.005335	0.013717	0.069164
3883	-0.003837	0.002676	0.066014
3884	-0.000457	0.007240	0.064002
3885	0.003641	-0.008044	0.064972
3886	0.010648	-0.010996	0.067358
3887	0.010692	-0.009964	0.072121
3888	0.016393	-0.007118	0.073161
3889	0.023055	0.000071	0.079301
3890	0.028451	-0.012981	0.075891
3891	0.030972	-0.008360	0.072186
3892	0.037897	-0.009637	0.071048
3893	0.042147	-0.025029	0.069748
3894	0.043990	-0.015462	0.060835
3895	0.044684	-0.011123	0.049336
3896	0.043074	-0.019985	0.050363
3897	0.043495	-0.006590	0.043991
3898	0.043084	0.008672	0.041662
3899	0.042803	-0.003627	0.043332
3900	0.042964	-0.019599	0.039281
3901	0.044538	-0.011453	0.035425
3902	0.040536	0.008193	0.031412
3903	0.037601	0.001253	0.030044
3904	0.032143	-0.005206	0.024642
3905	0.037861	-0.005542	0.019920
3906	0.035493	0.008905	0.017782
3907	0.034335	0.006506	0.019044
3908	0.036473	0.004731	0.024959
3909	0.035896	-0.009742	0.027841
3910	0.029348	-0.006080	0.033805
3911	0.020709	-0.009714	0.034600
3912	0.017227	-0.000427	0.038705
3913	0.009646	0.000428	0.034304
3914	0.007397	0.007318	0.034435
3915	0.002061	0.005023	0.028728
3916	-0.004235	0.010095	0.024320
3917	-0.005877	0.003374	0.023975
3918	-0.008543	-0.012770	0.019848
3919	-0.015304	-0.002425	0.015851
3920	-0.018352	-0.016131	0.010531
3921	-0.026408	-0.025778	0.010720
3922	-0.033810	-0.011352	0.000723
3923	-0.038231	-0.016517	-0.005665
3924	-0.040619	-0.013686	-0.015564
3925	-0.044244	-0.019433	-0.017362
3926	-0.045078	-0.013044	-0.015805
3927	-0.042708	-0.008232	-0.018924
3928	-0.035646	0.007602	-0.022197
3929	-0.030486	-0.006987	-0.015728
3930	-0.029029	-0.001336	-0.014455
3931	-0.027782	-0.002894	-0.011358
3932	-0.021231	-0.027446	-0.013894
3933	-0.019702	-0.021388	-0.014232
3934	-0.014577	-0.027584	-0.014529
3935	-0.005653	-0.004759	-0.021217
3936	0.002214	-0.002383	-0.023577
3937	0.006744	-0.003894	-0.024850
3938	0.010378	-0.004645	-0.019862
3939	0.011269	-0.020097	-0.019322
3940	0.013558	-0.015458	-0.013525
3941	0.010115	-0.026134	-0.010945
3942	0.005165	0.008121	-0.007552
3943	0.004941	-0.013665	-0.004122
3944	0.007863	-0.011649	0.002169
3945	0.011157	-0.020092	0.001947
3946	0.014715	-0.011462	0.011904
3947	0.018682	-0.010031	0.024292
3948	0.017569	-0.007366	0.033505
3949	0.017966	0.011706	0.034414
3950	0.025224	0.012275	0.039042
3951	0.023756	-0.004970	0.041873
3952	0.026403	0.006721	0.045875
3953	0.023853	0.017079	0.045768
3954	0.023147	0.017128	0.045830
3955	0.015645	0.026471	0.050310
3956	0.008912	0.002098	0.044570
3957	0.005168	0.001041	0.035170
3958	0.005189	-0.002438	0.027384
3959	0.004754	-0.002958	0.023388
3960	-0.002132	0.003267	0.020982
3961	-0.008389	0.007217	0.016339
3962	-0.017703	0.001623	0.020549
3963	-0.024955	0.002411	0.018743
3964	-0.028747	0.014749	0.013539
3965	-0.034416	0.006238	0.010455
3966	-0.037275	0.008693	0.007804
3967	-0.047630	0.016840	0.002764
3968	-0.054102	0.022355	-0.004299
3969	-0.059334	0.015350	-0.007288
3970	-0.056607	0.027603	-0.008188
3971	-0.054498	0.003645	-0.009781
3972	-0.046967	0.006613	-0.010361
3973	-0.043349	0.005578	-0.006583
3974	-0.044039	0.008897	-0.011342
3975	-0.048643	0.011143	-0.010388
3976	-0.054381	-0.004517	-0.013468
3977	-0.060341	-0.000155	-0.013539
3978	-0.066128	0.007620	-0.010773
3979	-0.071415	0.000258	-0.010120
3980	-0.071473	-0.001144	-0.014894
3981	-0.073952	0.005491	-0.014041
3982	-0.072317	0.008834	-0.011859
3983	-0.073416	0.005941	-0.015029
3984	-0.077149	0.017981	-0.016784
3985	-0.076346	0.019863	-0.018247
3986	-0.076771	0.006257	-0.015234
3987	-0.071385	0.025709	-0.011659
3988	-0.067310	0.028220	-0.005619
3989	-0.064929	0.016742	-0.003099
3990	-0.063529	0.028980	0.001519
3991	-0.060250	0.030678	0.006311
3992	-0.058707	0.021360	0.006724
3993	-0.056831	0.011748	0.008657
3994	-0.055474	0.014356	0.017675
3995	-0.045610	0.007796	0.021891
3996	-0.036531	0.024626	0.033152
3997	-0.029168	0.008923	0.041596
3998	-0.028080	0.026819	0.044345
3999	-0.024055	0.031958	0.049943
4000	-0.015149	0.023851	0.054337
4001	-0.008164	0.037432	0.051329
4002	-0.007182	0.019465	0.050871
4003	-0.002171	0.020906	0.056308
4004	0.000198	0.012502	0.060925
4005	0.006820	0.001977	0.063860
4006	0.008294	-0.016293	0.060922
4007	0.008898	-0.005979	0.059389
4008	0.014806	0.000355	0.053341
4009	0.018246	0.005196	0.050750
4010	0.015725	0.000497	0.046276
4011	0.015472	0.032809	0.039583
4012	0.013674	0.014318	0.035465
4013	0.013427	0.002773	0.033707
4014	0.010052	0.014245	0.026130
4015	0.012117	0.007259	0.023003
4016	0.017115	-0.002050	0.020868
4017	0.020331	-0.011679	0.018403
4018	0.022261	-0.017364	0.011778
4019	0.027665	0.000010	0.007652
4020	0.025147	0.014811	0.003784
4021	0.024057	0.003009	-0.002256
4022	0.026568	-0.005059	-0.006296
4023	0.024818	-0.006733	-0.003487
4024	0.020283	-0.001245	-0.001249
4025	0.011850	-0.024447	0.000056
4026	0.006734	0.013037	-0.000628
4027	0.008626	-0.013431	0.005777
4028	0.006445	-0.024132	0.006653
4029	0.008995	-0.016982	0.011355
4030	0.012446	-0.011021	0.010749
4031	0.012745	0.006231	0.008781
4032	0.013998	-0.010036	0.014282
4033	0.014523	-0.000791	0.017982
4034	0.015857	0.017099	0.024326
4035	0.009645	-0.000535	0.024324
4036	0.013593	-0.004169	0.026476
4037	0.021721	-0.006318	0.022595
4038	0.025788	-0.017770	0.024419
4039	0.027949	-0.012153	0.018812
4040	0.030615	-0.007152	0.013522
4041	0.026936	0.002876	0.012657
4042	0.028523	0.006816	0.006117
4043	0.031434	-0.014701	0.003330
4044	0.029040	-0.015940	-0.006592
4045	0.026728	-0.017512	-0.005651
4046	0.025508	0.005585	-0.012762
4047	0.019437	0.006358	-0.016903
4048	0.013312	-0.017446	-0.015678
4049	0.007687	-0.009112	-0.013089
4050	-0.002215	-0.002876	-0.009895
4051	-0.009371	0.009390	-0.013053
4052	-0.017058	0.007102	-0.013136
4053	-0.024478	0.019476	-0.012685
4054	-0.030634	0.034320	-0.018106
4055	-0.037185	0.032217	-0.019725
4056	-0.042510	0.026961	-0.023737
4057	-0.049346	0.028756	-0.030214
4058	-0.054925	0.017555	-0.032436
4059	-0.062023	0.010148	-0.040717
4060	-0.067087	0.013983	-0.049065
4061	-0.069262	0.005119	-0.054926
4062	-0.064660	0.011697	-0.061394
4063	-0.058018	0.034714	-0.066286
4064	-0.054713	0.042492	-0.065605
4065	-0.054529	0.035186	-0.065150
4066	-0.051803	0.025850	-0.069232
4067	-0.052485	0.019377	-0.065102
4068	-0.054363	-0.002397	-0.066902
4069	-0.055196	0.004515	-0.060749
4070	-0.054917	0.010822	-0.063681
4071	-0.050055	0.006285	-0.065663
4072	-0.038987	0.024970	-0.065792
4073	-0.026597	0.018276	-0.064209
4074	-0.019533	-0.007720	-0.060078
4075	-0.011696	-0.025804	-0.057869
4076	-0.003925	-0.000769	-0.052225
4077	-0.000078	0.022127	-0.047024
4078	0.007026	0.003569	-0.037275
4079	0.012912	0.007109	-0.028905
4080	0.025242	0.018547	-0.030208
4081	0.032717	0.010480	-0.034102
4082	0.036760	0.007937	-0.038256
4083	0.033836	-0.017836	-0.031775
4084	0.029507	0.015824	-0.025787
4085	0.026547	0.007220	-0.017505
4086	0.024787	-0.009794	-0.005809
4087	0.021137	-0.009358	-0.004250
4088	0.020330	-0.008943	-0.003758
4089	0.021142	-0.006906	-0.003940
4090	0.024192	0.017410	-0.000898
4091	0.023505	0.029588	0.000043
4092	0.021858	0.049881	0.002403
4093	0.016661	0.048957	0.008246
4094	0.019950	0.048109	0.015153
4095	0.026752	0.043830	0.016858
4096	0.029238	0.038814	0.012524
4097	0.032962	0.030563	0.002745
4098	0.033824	0.023272	0.006904
4099	0.037184	0.012524	0.006787
4100	0.044422	0.012662	0.004957
4101	0.050728	0.009392	0.004662
4102	0.054926	0.021882	0.004959
4103	0.054687	-0.001099	0.013811
4104	0.052574	-0.009779	0.017080
4105	0.051930	0.010735	0.019198
4106	0.052387	0.017831	0.023104
4107	0.051539	0.000814	0.031549
4108	0.052253	-0.009782	0.035123
4109	0.054288	0.001830	0.040777
4110	0.057607	-0.000154	0.043647
4111	0.060537	-0.002460	0.046237
4112	0.061848	0.012380	0.056383
4113	0.060606	0.025973	0.066941
4114	0.057349	0.023803	0.081110
4115	0.051974	0.011216	0.092794
4116	0.048735	0.006678	0.101091
4117	0.046548	-0.006974	0.101743
4118	0.046031	-0.001480	0.106141
4119	0.042397	-0.019449	0.106688
4120	0.038252	-0.012897	0.109212
4121	0.035615	-0.026160	0.109831
4122	0.030684	0.003987	0.104736
4123	0.029536	0.003632	0.098998
4124	0.019095	0.016428	0.092894
4125	0.008393	-0.005313	0.085815
4126	0.002059	-0.000362	0.073310
4127	0.005645	-0.008812	0.064666
4128	0.002940	-0.004646	0.059438
4129	0.003239	-0.007662	0.055270
4130	0.009841	-0.008532	0.051696
4131	0.017463	-0.006479	0.047412
4132	0.020976	-0.001444	0.039552
4133	0.028547	-0.006658	0.034554
4134	0.030544	-0.004031	0.031002
4135	0.027309	-0.004039	0.035136
4136	0.029528	-0.029894	0.038252
4137	0.031889	-0.028930	0.039046
4138	0.037783	-0.016564	0.041758
4139	0.042391	0.005447	0.043838
4140	0.044102	-0.002420	0.043162
4141	0.047440	-0.012059	0.040198
4142	0.040940	0.000722	0.043124
4143	0.040595	0.010386	0.048309
4144	0.042749	-0.016828	0.051829
4145	0.041950	0.004325	0.052034
4146	0.039916	0.014914	0.046281
4147	0.039475	0.003444	0.047618
4148	0.037739	0.001307	0.050214
4149	0.040773	0.012870	0.052459
4150	0.041162	0.027620	0.056802
4151	0.039656	0.037886	0.052133
4152	0.036497	0.012544	0.051791
4153	0.040043	0.016313	0.054248
4154	0.041498	0.020296	0.054800
4155	0.043410	0.011843	0.052286
4156	0.043233	0.009359	0.049911
4157	0.046317	0.004827	0.049031
4158	0.045068	0.007735	0.042240
4159	0.045336	-0.000013	0.035671
4160	0.041414	0.003503	0.027698
4161	0.040520	0.002066	0.025208
4162	0.040339	0.017233	0.024525
4163	0.040630	0.004951	0.027562
4164	0.036030	-0.012929	0.021704
4165	0.040413	-0.003180	0.023795
4166	0.038798	-0.000693	0.024450
4167	0.034817	-0.009910	0.017816
4168	0.029447	0.001885	0.013578
4169	0.027418	-0.015490	0.009464
4170	0.028097	-0.016413	0.005030
4171	0.028184	-0.017583	0.000050
4172	0.026356	-0.024818	-0.002597
4173	0.029693	-0.022435	-0.007298
4174	0.029995	-0.000581	-0.003217
4175	0.030369	0.006312	0.006420
4176	0.029050	-0.008219	0.010386
4177	0.028888	-0.003896	0.007623
4178	0.022886	-0.004068	0.004698
4179	0.019776	0.008008	0.009159
4180	0.014123	-0.000776	0.008321
4181	0.008041	-0.000900	0.010644
4182	0.003500	0.008045	0.011291
4183	0.007373	-0.004225	0.012714
4184	0.006077	-0.049898	0.012848
4185	0.004482	-0.030540	0.013048
4186	0.001167	-0.009460	0.014535
4187	-0.002612	0.003411	0.012176
4188	-0.007828	0.002042	0.020958
4189	-0.008912	-0.003368	0.020002
4190	-0.010128	0.021147	0.028286
4191	-0.013759	0.017466	0.027409
4192	-0.016635	0.004122	0.030739
4193	-0.016469	0.016958	0.032140
4194	-0.019389	0.009998	0.030832
4195	-0.022714	-0.003579	0.029029
4196	-0.026905	-0.004998	0.028710
4197	-0.025863	0.012653	0.031643
4198	-0.014112	0.005546	0.034353
4199	-0.012116	0.000546	0.034259
4200	-0.014734	-0.008504	0.035293
4201	-0.014349	0.015617	0.031205
4202	-0.013675	0.007057	0.030449
4203	-0.011099	-0.007971	0.027131
4204	-0.011052	0.003317	0.022803
4205	-0.010557	-0.020761	0.021926
4206	-0.011439	-0.011800	0.028914
4207	-0.010540	-0.006728	0.032858
4208	-0.010247	-0.012178	0.038072
4209	-0.013169	-0.024211	0.037735
4210	-0.019592	-0.009137	0.041321
4211	-0.021931	-0.030896	0.036973
4212	-0.023863	-0.007802	0.038266
4213	-0.024076	-0.008701	0.033443
4214	-0.024766	-0.005285	0.033699
4215	-0.021188	0.004451	0.028835
4216	-0.020075	0.004497	0.032314
4217	-0.018338	0.026452	0.032941
4218	-0.021833	-0.000498	0.038132
4219	-0.026516	-0.005203	0.047425
4220	-0.027560	0.001907	0.052189
4221	-0.018497	0.014570	0.055989
4222	-0.012502	0.009036	0.061645
4223	-0.010446	0.001895	0.067286
4224	-0.008102	0.008108	0.066535
4225	-0.001297	0.015336	0.068316
4226	0.007206	0.011821	0.070790
4227	0.014402	0.022283	0.074727
4228	0.017897	0.015094	0.079700
4229	0.019319	0.005861	0.078093
4230	0.016193	-0.000156	0.078243
4231	0.013851	-0.011245	0.076588
4232	0.006932	-0.023776	0.071205
4233	0.004974	-0.034180	0.071223
4234	0.009795	-0.013533	0.068327
4235	0.016258	-0.016455	0.066564
4236	0.018648	-0.003724	0.066872
4237	0.022678	-0.014842	0.061739
4238	0.025645	-0.010753	0.058764
4239	0.025251	-0.003485	0.053008
4240	0.027007	-0.005295	0.055069
4241	0.030089	0.016200	0.059787
4242	0.030302	0.024721	0.064727
4243	0.030832	0.010264	0.062352
4244	0.029262	0.008988	0.058187
4245	0.026559	0.011203	0.050496
4246	0.022600	0.007299	0.043730
4247	0.014628	-0.001692	0.039292
4248	0.010984	-0.011759	0.032666
4249	0.013528	-0.009292	0.027077
4250	0.008478	-0.002322	0.018941
4251	0.004525	-0.002636	0.007519
4252	0.007076	0.009999	-0.000867
4253	0.012896	0.005081	-0.013821
4254	0.022039	0.016798	-0.014198
4255	0.031970	0.006544	-0.019246
4256	0.037134	-0.011123	-0.015821
4257	0.036085	-0.026126	-0.011139
4258	0.037147	-0.016642	-0.007740
4259	0.040964	-0.019831	-0.008785
4260	0.042774	-0.005138	-0.010390
4261	0.043863	-0.023015	-0.012843
4262	0.041349	-0.009073	-0.011136
4263	0.045516	-0.027321	-0.011713
4264	0.050483	-0.010707	-0.009426
4265	0.047945	-0.019389	-0.010155
4266	0.046378	-0.013496	-0.010177
4267	0.048708	-0.017395	-0.008031
4268	0.045610	-0.002071	-0.003052
4269	0.043092	-0.000818	0.003562
4270	0.044995	-0.008853	0.011626
4271	0.043029	0.004343	0.018618
4272	0.041979	0.005120	0.013524
4273	0.041954	0.003551	0.007309
4274	0.034488	0.018143	-0.005076
4275	0.032274	0.013615	-0.013136
4276	0.028770	0.002761	-0.013042
4277	0.023585	-0.016008	-0.018762
4278	0.017980	0.001814	-0.024229
4279	0.009727	-0.012548	-0.030829
4280	0.004924	-0.017630	-0.036903
4281	-0.000406	-0.025199	-0.035884
4282	-0.003619	-0.033977	-0.037463
4283	-0.007525	-0.042231	-0.037577
4284	-0.010120	-0.009970	-0.040514
4285	-0.015315	0.006722	-0.045104
4286	-0.022269	-0.008939	-0.046711
4287	-0.019598	-0.008176	-0.047877
4288	-0.023653	0.020559	-0.049793
4289	-0.021150	0.018173	-0.048609
4290	-0.022286	0.015392	-0.048119
4291	-0.026141	0.018777	-0.045492
4292	-0.028335	0.016099	-0.042136
4293	-0.030945	0.025474	-0.036381
4294	-0.029466	0.011134	-0.036578
4295	-0.026655	0.014249	-0.031791
4296	-0.019227	0.003662	-0.036989
4297	-0.015416	-0.000071	-0.036453
4298	-0.008569	0.019195	-0.037761
4299	0.001683	0.010499	-0.031743
4300	0.009971	0.022368	-0.029588
4301	0.012553	0.006699	-0.025541
4302	0.006834	-0.004949	-0.024382
4303	-0.000801	-0.003342	-0.024277
4304	-0.007311	-0.015599	-0.025132
4305	-0.015368	-0.021737	-0.020283
4306	-0.018378	-0.018959	-0.024956
4307	-0.019418	-0.009990	-0.025661
4308	-0.026783	0.008166	-0.015905
4309	-0.033341	0.011761	-0.013517
4310	-0.033846	0.005086	-0.012457
4311	-0.029077	0.000169	-0.018357
4312	-0.027322	0.006386	-0.024560
4313	-0.030259	0.001927	-0.023402
4314	-0.033521	-0.000129	-0.025283
4315	-0.038739	-0.021213	-0.024237
4316	-0.038214	-0.012291	-0.028311
4317	-0.041951	-0.007798	-0.029139
4318	-0.043648	-0.027755	-0.031055
4319	-0.042788	-0.014091	-0.029216
4320	-0.044050	-0.005132	-0.017563
4321	-0.048441	0.007751	-0.014394
4322	-0.048614	-0.001272	-0.013187
4323	-0.050417	-0.001272	-0.006755
4324	-0.048793	0.003355	0.000512
4325	-0.051187	0.012998	0.004488
4326	-0.050041	-0.001236	0.004347
4327	-0.048606	-0.002830	0.002563
4328	-0.043358	0.007022	-0.000455
4329	-0.041529	-0.001019	-0.010566
4330	-0.039891	0.004266	-0.013629
4331	-0.036940	0.001970	-0.011436
4332	-0.032217	-0.012242	-0.014845
4333	-0.034377	-0.003397	-0.018122
4334	-0.033155	-0.004679	-0.018091
4335	-0.033663	0.000720	-0.018322
4336	-0.036099	0.013067	-0.022623
4337	-0.035590	0.021685	-0.019932
4338	-0.035802	0.034941	-0.018649
4339	-0.032642	0.006010	-0.026962
4340	-0.029664	0.018815	-0.029967
4341	-0.027956	-0.006089	-0.029710
4342	-0.030498	-0.012526	-0.023648
4343	-0.029453	-0.005521	-0.014011
4344	-0.024363	-0.004452	-0.004567
4345	-0.017309	0.009155	-0.002619
4346	-0.012326	0.016318	0.000872
4347	-0.006688	0.006295	0.003029
4348	-0.002583	0.010965	0.002313
4349	0.003023	0.026837	0.012764
4350	0.010761	0.028434	0.014658
4351	0.013473	0.021951	0.015136
4352	0.017546	0.017542	0.008264
4353	0.017507	0.012804	0.010349
4354	0.018335	0.008600	0.013287
4355	0.015785	0.004892	0.018055
4356	0.018548	-0.000031	0.018928
4357	0.022920	-0.027417	0.015468
4358	0.023720	-0.025075	0.012208
4359	0.023056	-0.003830	0.012044
4360	0.018929	0.009894	0.011441
4361	0.017707	0.011363	0.005307
4362	0.019768	-0.006982	0.000645
4363	0.020307	0.007965	-0.006652
4364	0.016256	0.009767	-0.012027
4365	0.009951	0.028483	-0.014780
4366	0.003748	0.028995	-0.023986
4367	0.000917	0.029608	-0.028286
4368	-0.002882	0.009395	-0.035293
4369	-0.009624	0.003042	-0.036640
4370	-0.015825	-0.001319	-0.037715
4371	-0.018837	-0.019120	-0.041272
4372	-0.026293	-0.016840	-0.042979
4373	-0.026658	-0.029775	-0.039682
4374	-0.025214	-0.027990	-0.044137
4375	-0.021103	-0.005316	-0.045515
4376	-0.024510	-0.010134	-0.049621
4377	-0.019680	-0.022392	-0.055344
4378	-0.013365	-0.014438	-0.060047
4379	-0.006781	-0.010834	-0.062855
4380	-0.003796	-0.000515	-0.062017
4381	-0.001902	-0.006037	-0.058067
4382	-0.003102	0.001985	-0.053335
4383	0.000027	0.001886	-0.045209
4384	0.006240	0.002974	-0.034112
4385	0.007542	-0.023463	-0.026972
4386	0.002480	0.018125	-0.019015
4387	0.001036	0.014935	-0.011942
4388	-0.000012	-0.009532	-0.014401
4389	-0.004656	0.013326	-0.014922
4390	-0.006356	0.018466	-0.023074
4391	-0.007529	0.002152	-0.023123
4392	-0.009349	-0.012461	-0.028148
4393	-0.009458	-0.006632	-0.037463
4394	-0.009974	0.002901	-0.040256
4395	-0.014867	0.002512	-0.043574
4396	-0.012960	0.011056	-0.046405
4397	-0.012869	0.013307	-0.042964
4398	-0.019854	0.005206	-0.041886
4399	-0.021992	-0.014969	-0.039754
4400	-0.027460	0.000558	-0.042541
4401	-0.027136	0.004437	-0.046318
4402	-0.032458	-0.003955	-0.047018
4403	-0.036686	-0.004430	-0.043488
4404	-0.041723	-0.008167	-0.044273
4405	-0.047790	-0.014029	-0.044577
4406	-0.053886	-0.015362	-0.038354
4407	-0.059211	-0.001605	-0.039771
4408	-0.062633	-0.005216	-0.041889
4409	-0.065493	-0.011164	-0.044936
4410	-0.067455	-0.002831	-0.051785
4411	-0.067947	-0.005290	-0.052468
4412	-0.069719	-0.022158	-0.055969
4413	-0.067698	-0.030798	-0.055059
4414	-0.060284	-0.028052	-0.046912
4415	-0.061817	-0.025347	-0.036823
4416	-0.069881	-0.029921	-0.029518
4417	-0.076908	-0.019931	-0.026441
4418	-0.076764	-0.025413	-0.029365
4419	-0.073258	0.003932	-0.028796
4420	-0.072568	0.001706	-0.024497
4421	-0.077465	0.017111	-0.019586
4422	-0.081188	0.038312	-0.019481
4423	-0.082611	0.019949	-0.017250
4424	-0.082007	-0.009813	-0.017641
4425	-0.076287	-0.004748	-0.013196
4426	-0.070796	-0.007657	-0.010723
4427	-0.068839	-0.001567	-0.007425
4428	-0.067888	-0.015980	-0.005386
4429	-0.065660	-0.014739	-0.002519
4430	-0.060461	-0.003352	-0.003310
4431	-0.052434	-0.013063	0.000673
4432	-0.039356	-0.006591	0.005921
4433	-0.028957	-0.008959	0.008452
4434	-0.023962	-0.014778	0.005008
4435	-0.022618	0.003905	0.006093
4436	-0.018982	-0.006830	0.004168
4437	-0.012329	0.011247	0.000271
4438	-0.008785	0.000149	-0.001891
4439	-0.003961	0.010833	-0.000678
4440	0.003035	0.012216	0.002660
4441	0.004634	-0.001153	0.008384
4442	0.009175	-0.005806	0.009017
4443	0.004341	0.001646	0.009815
4444	0.001845	0.000465	0.012390
4445	0.004131	0.007935	0.012214
4446	0.005380	0.017630	0.011648
4447	0.011018	0.027037	0.012845
4448	0.012201	0.018433	0.009990
4449	0.009320	-0.005378	0.003189
4450	0.009478	0.009880	-0.001337
4451	0.012268	0.009838	-0.002758
4452	0.012538	0.006094	-0.006432
4453	0.013162	-0.008490	-0.009988
4454	0.008674	0.000870	-0.014755
4455	0.011084	0.017451	-0.016316
4456	0.009599	0.025429	-0.017372
4457	0.009040	0.001924	-0.015201
4458	0.011237	-0.007916	-0.016782
4459	0.012835	-0.007086	-0.015767
4460	0.013343	0.006595	-0.011429
4461	0.011838	0.001567	-0.007638
4462	0.006980	-0.000391	-0.006630
4463	0.001223	-0.015393	-0.000008
4464	0.003383	-0.017606	0.001458
4465	0.003827	-0.008902	0.003950
4466	0.001178	-0.017351	0.010911
4467	0.004275	-0.034260	0.012974
4468	0.012392	-0.008927	0.017243
4469	0.015075	-0.028706	0.020439
4470	0.018672	-0.027283	0.025109
4471	0.019597	-0.013358	0.028566
4472	0.018076	-0.004384	0.032759
4473	0.015690	0.009243	0.040935
4474	0.013363	0.023550	0.046440
4475	0.010977	0.025329	0.053598
4476	0.011243	0.032293	0.058572
4477	0.009171	0.022325	0.070152
4478	0.007553	0.015966	0.075907
4479	0.007480	-0.000721	0.079661
4480	0.003614	-0.003603	0.074312
4481	-0.003388	-0.006935	0.073412
4482	-0.009657	-0.017187	0.070775
4483	-0.015031	-0.022217	0.069708
4484	-0.016622	-0.025651	0.071750
4485	-0.023916	-0.011455	0.072937
4486	-0.026616	-0.026412	0.066787
4487	-0.028120	-0.008166	0.064522
4488	-0.030825	0.001902	0.055920
4489	-0.031827	0.001889	0.052260
4490	-0.030357	-0.007854	0.048990
4491	-0.029994	-0.004074	0.041911
4492	-0.023553	-0.000533	0.036258
4493	-0.024295	0.013231	0.036578
4494	-0.017542	0.005759	0.030748
4495	-0.012261	0.006320	0.025879
4496	-0.003911	0.008516	0.025206
4497	0.000859	0.005639	0.023890
4498	0.009354	0.000039	0.022423
4499	0.011885	0.019514	0.025280
4500	0.021811	0.016191	0.022213
4501	0.029836	0.012569	0.015593
4502	0.029876	0.007151	0.013937
4503	0.032191	0.026953	0.013360
4504	0.036455	0.024708	0.011338
4505	0.042044	0.008425	0.009691
4506	0.046416	0.030492	0.006679
4507	0.052182	0.033784	0.006515
4508	0.059710	0.023626	0.006430
4509	0.062673	0.020818	0.003610
4510	0.064408	0.007006	0.002629
4511	0.064357	0.027881	0.003353
4512	0.063771	0.023704	0.007792
4513	0.059554	0.020984	0.006381
4514	0.055059	0.019211	0.014651
4515	0.052038	0.000347	0.022806
4516	0.048833	-0.011773	0.025489
4517	0.039748	-0.014924	0.021921
4518	0.030525	-0.008118	0.027949
4519	0.021060	-0.000317	0.035101
4520	0.005029	-0.004892	0.041969
4521	-0.005124	0.009086	0.045997
4522	-0.007971	0.000532	0.048310
4523	-0.016344	0.028508	0.049601
4524	-0.022124	0.027433	0.046293
4525	-0.026507	0.006909	0.039021
4526	-0.027311	-0.011065	0.034488
4527	-0.025222	-0.025338	0.029359
4528	-0.025594	-0.026608	0.031168
4529	-0.022131	-0.033530	0.029245
4530	-0.016336	-0.027748	0.025680
4531	-0.016453	-0.047878	0.023823
4532	-0.024052	-0.025267	0.023703
4533	-0.029020	-0.018238	0.026372
4534	-0.029083	-0.029724	0.027284
4535	-0.026657	-0.016235	0.023376
4536	-0.028281	-0.005611	0.025498
4537	-0.025898	-0.000560	0.033977
4538	-0.025437	-0.010691	0.038955
4539	-0.024720	0.003455	0.047878
4540	-0.022533	0.021274	0.055278
4541	-0.017770	0.003952	0.063974
4542	-0.017366	0.012743	0.065442
4543	-0.018053	0.008899	0.065098
4544	-0.026803	0.025821	0.064024
4545	-0.025852	0.021835	0.063230
4546	-0.024235	0.008271	0.059543
4547	-0.025531	0.009043	0.054933
4548	-0.027573	0.018535	0.055829
4549	-0.033496	-0.002334	0.056927
4550	-0.031450	-0.006528	0.051043
4551	-0.028266	0.000959	0.048242
4552	-0.031550	0.024361	0.040609
4553	-0.040309	0.012617	0.036158
4554	-0.051718	0.002542	0.029639
4555	-0.058147	0.001864	0.034100
4556	-0.057142	0.008031	0.031470
4557	-0.057570	0.015389	0.028822
4558	-0.059147	0.002607	0.021564
4559	-0.050581	0.009015	0.017165
4560	-0.044639	0.013808	0.007054
4561	-0.040223	0.012500	0.006138
4562	-0.039241	0.010442	-0.001893
4563	-0.030737	0.008081	-0.002656
4564	-0.024806	0.008273	0.000009
4565	-0.018430	-0.010662	-0.000602
4566	-0.014741	-0.010921	-0.000387
4567	-0.015134	0.011413	-0.003166
4568	-0.016364	0.017453	0.004123
4569	-0.014869	-0.001123	0.008638
4570	-0.015932	-0.000154	0.009192
4571	-0.014209	-0.014814	0.016689
4572	-0.005654	-0.020282	0.015793
4573	0.003359	-0.019324	0.015007
4574	0.004197	-0.005299	0.015817
4575	0.007490	-0.006812	0.016898
4576	0.011707	0.006084	0.014997
4577	0.016169	-0.004250	0.012273
4578	0.014892	-0.006156	0.002981
4579	0.017549	0.008766	-0.006493
4580	0.022104	0.007395	-0.004559
4581	0.031923	0.014964	-0.005531
4582	0.037529	0.004392	-0.000905
4583	0.039537	0.019322	0.004421
4584	0.040351	0.016544	0.007413
4585	0.040711	0.015279	0.008080
4586	0.037430	0.035437	0.005204
4587	0.043230	0.036637	-0.007198
4588	0.050068	-0.002820	-0.006697
4589	0.053362	-0.010361	-0.006055
4590	0.049869	0.021798	-0.002263
4591	0.052198	0.007964	-0.003813
4592	0.054656	0.001268	0.004127
4593	0.058889	0.003265	-0.001003
4594	0.056018	0.020797	-0.003471
4595	0.053792	0.018005	-0.009120
4596	0.047824	0.025907	-0.006932
4597	0.041678	0.004012	-0.007750
4598	0.038916	0.020093	-0.007316
4599	0.031802	0.003039	-0.007597
4600	0.024845	0.000888	-0.004285
4601	0.016871	-0.001368	-0.002123
4602	0.013831	0.005443	-0.006369
4603	0.011746	-0.010624	-0.011253
4604	0.012728	-0.016031	-0.023153
4605	0.013918	-0.018044	-0.036763
4606	0.011832	-0.024580	-0.049954
4607	0.015943	0.012058	-0.060672
4608	0.021849	0.004085	-0.071854
4609	0.020587	-0.005846	-0.082833
4610	0.017133	0.007785	-0.090223
4611	0.010724	0.004050	-0.094478
4612	0.002891	0.009232	-0.105254
4613	0.000149	-0.006077	-0.114331
4614	-0.001768	-0.010601	-0.112663
4615	-0.008613	0.022238	-0.115878
4616	-0.010460	0.016701	-0.111106
4617	-0.018137	0.020451	-0.105723
4618	-0.031019	-0.001793	-0.106507
4619	-0.036417	-0.009674	-0.105874
4620	-0.040799	-0.007826	-0.104627
4621	-0.044377	-0.009305	-0.097931
4622	-0.049383	-0.010988	-0.095260
4623	-0.051533	0.020388	-0.086833
4624	-0.058517	0.012984	-0.079866
4625	-0.066188	-0.008902	-0.069079
4626	-0.072716	0.016435	-0.067113
4627	-0.077411	-0.001343	-0.065295
4628	-0.078975	-0.005441	-0.061631
4629	-0.078670	-0.020636	-0.059727
4630	-0.077264	0.005112	-0.052443
4631	-0.075892	-0.005918	-0.046566
4632	-0.072196	-0.015434	-0.046421
4633	-0.066505	-0.017558	-0.032748
4634	-0.067258	0.005055	-0.018487
4635	-0.073165	-0.002671	-0.010008
4636	-0.071466	-0.024336	-0.008919
4637	-0.076100	-0.005296	-0.005918
4638	-0.074602	-0.008511	-0.008608
4639	-0.074448	-0.005234	-0.006991
4640	-0.067398	0.014482	-0.007962
4641	-0.065393	0.002427	-0.006692
4642	-0.060453	-0.008282	-0.012542
4643	-0.055804	-0.002309	-0.015544
4644	-0.050161	-0.010514	-0.021142
4645	-0.042782	-0.020670	-0.024418
4646	-0.038930	-0.022135	-0.031446
4647	-0.038184	-0.011130	-0.031674
4648	-0.040414	-0.013920	-0.033471
4649	-0.037477	-0.005314	-0.033977
4650	-0.035216	0.007513	-0.036216
4651	-0.042187	-0.010675	-0.042197
4652	-0.042117	-0.013832	-0.044795
4653	-0.041479	-0.013980	-0.045528
4654	-0.039802	0.011785	-0.039480
4655	-0.038123	0.005239	-0.032909
4656	-0.039829	-0.014611	-0.025268
4657	-0.046023	-0.019624	-0.024257
4658	-0.047365	-0.020869	-0.020719
4659	-0.054298	-0.036404	-0.019035
4660	-0.060106	-0.036668	-0.011743
4661	-0.064999	-0.014028	-0.003498
4662	-0.065310	-0.021357	0.001299
4663	-0.059881	0.009161	0.009408
4664	-0.054627	-0.001016	0.010186
4665	-0.049388	-0.008382	0.016857
4666	-0.048009	-0.001196	0.014974
4667	-0.045621	-0.016311	0.016686
4668	-0.043701	-0.016290	0.012658
4669	-0.039235	0.002291	0.017010
4670	-0.030108	0.007393	0.014765
4671	-0.023290	0.005193	0.018978
4672	-0.013637	-0.015949	0.020307
4673	-0.001141	0.002385	0.015518
4674	0.008990	0.038911	0.004570
4675	0.011532	0.043947	0.002806
4676	0.011763	0.040933	-0.000201
4677	0.017954	0.048014	0.001278
4678	0.016853	0.040336	0.001758
4679	0.014131	0.018792	0.001572
4680	0.002033	0.014745	-0.002533
4681	-0.003420	0.022635	-0.004733
4682	-0.002742	0.007721	-0.007552
4683	-0.004212	0.022575	-0.007401
4684	-0.004352	0.021005	-0.010926
4685	-0.002593	0.030002	-0.011994
4686	-0.000624	0.031168	-0.008584
4687	-0.001597	0.036662	-0.007037
4688	0.003343	0.023510	-0.009373
4689	0.002978	0.015591	-0.009674
4690	-0.003815	0.020306	-0.012084
4691	-0.007017	0.026058	-0.015958
4692	-0.006360	0.004676	-0.023872
4693	-0.003568	0.007907	-0.027162
4694	0.004004	0.020830	-0.031675
4695	0.011175	0.028516	-0.037344
4696	0.014343	0.012792	-0.038879
4697	0.011970	-0.000890	-0.040156
4698	0.015555	0.015817	-0.038432
4699	0.017317	-0.008461	-0.033253
4700	0.020323	-0.003563	-0.030038
4701	0.015288	-0.016103	-0.028475
4702	0.004990	-0.013629	-0.027230
4703	-0.003517	-0.010240	-0.029600
4704	-0.013196	-0.019545	-0.036568
4705	-0.012701	-0.024292	-0.035486
4706	-0.015209	-0.003601	-0.032880
4707	-0.017443	-0.008408	-0.030835
4708	-0.015796	0.010131	-0.034370
4709	-0.012328	0.010073	-0.040974
4710	-0.009371	0.005772	-0.040231
4711	-0.008747	0.007568	-0.037514
4712	-0.003565	-0.009719	-0.035525
4713	0.004124	0.000106	-0.033068
4714	0.006796	0.007886	-0.032737
4715	0.005140	-0.002657	-0.036720
4716	-0.002542	0.005647	-0.036880
4717	-0.004189	-0.003341	-0.037315
4718	-0.005448	-0.006405	-0.034780
4719	-0.000628	-0.005023	-0.034296
4720	0.000992	-0.019460	-0.033552
4721	-0.002851	-0.016933	-0.034426
4722	-0.008400	-0.009731	-0.032035
4723	-0.013723	-0.001370	-0.034576
4724	-0.009222	-0.018877	-0.039134
4725	-0.008821	-0.005823	-0.042006
4726	-0.003296	-0.006576	-0.036915
4727	0.001601	0.002061	-0.041908
4728	0.003315	0.000669	-0.048899
4729	0.009296	-0.020156	-0.053225
4730	0.010863	0.003500	-0.061514
4731	0.020188	0.020181	-0.066272
4732	0.023421	0.027984	-0.067212
4733	0.021565	0.019994	-0.068383
4734	0.017342	0.020390	-0.072010
4735	0.008928	0.010180	-0.079757
4736	-0.000596	0.017616	-0.086210
4737	-0.004079	0.022111	-0.090019
4738	-0.009584	0.028261	-0.091751
4739	-0.015772	0.011168	-0.088262
4740	-0.013199	-0.004895	-0.087866
4741	-0.019143	0.002838	-0.093486
4742	-0.018900	0.002653	-0.090174
4743	-0.014671	0.006075	-0.081380
4744	-0.013981	0.015058	-0.075231
4745	-0.018143	-0.000806	-0.077010
4746	-0.020185	0.020403	-0.075785
4747	-0.017871	0.020622	-0.065884
4748	-0.019518	0.036524	-0.067000
4749	-0.024037	0.026168	-0.065196
4750	-0.027782	0.023440	-0.057483
4751	-0.029463	0.039826	-0.050790
4752	-0.028837	0.015259	-0.044086
4753	-0.031843	0.000338	-0.039790
4754	-0.038234	-0.009490	-0.040272
4755	-0.036341	0.001804	-0.039160
4756	-0.036723	-0.009872	-0.038197
4757	-0.033106	-0.019168	-0.027432
4758	-0.032671	-0.004121	-0.026624
4759	-0.030466	-0.015340	-0.018810
4760	-0.028769	-0.015460	-0.009826
4761	-0.031078	-0.004585	-0.002835
4762	-0.029530	0.001308	-0.002378
4763	-0.023503	0.017569	-0.003408
4764	-0.020824	0.032056	-0.003988
4765	-0.014369	0.048949	-0.004938
4766	-0.008154	0.038902	-0.004005
4767	-0.003212	0.026188	-0.005129
4768	0.004584	0.013476	-0.005664
4769	0.003872	0.010782	-0.007047
4770	0.003813	0.037705	-0.008377
4771	0.006181	0.019121	-0.004792
4772	0.005220	0.009014	-0.008500
4773	0.004599	-0.009866	-0.012720
4774	0.000079	-0.000338	-0.012873
4775	-0.005327	0.014940	-0.015410
4776	-0.011208	0.015777	-0.014104
4777	-0.016987	0.033761	-0.016549
4778	-0.017863	0.031036	-0.018190
4779	-0.016207	0.025900	-0.022050
4780	-0.014174	0.006449	-0.023012
4781	-0.011873	0.012937	-0.020447
4782	-0.011850	0.026158	-0.021451
4783	-0.009819	0.011028	-0.018038
4784	-0.011999	0.003836	-0.019890
4785	-0.009334	0.007052	-0.018922
4786	-0.000808	0.004428	-0.018394
4787	0.004080	-0.004459	-0.014644
4788	0.009208	0.002381	-0.017903
4789	0.011948	0.002708	-0.016518
4790	0.015516	0.019022	-0.018162
4791	0.012201	0.035652	-0.014424
4792	0.007288	0.029481	-0.013322
4793	0.003937	0.025277	-0.009073
4794	0.007796	0.016744	-0.015921
4795	0.011428	-0.005326	-0.018372
4796	0.015968	-0.031564	-0.022347
4797	0.024132	-0.021025	-0.025490
4798	0.031507	-0.013208	-0.023766
4799	0.042256	-0.015207	-0.025039
4800	0.047948	-0.003291	-0.019475
4801	0.058016	0.004779	-0.021351
4802	0.064380	-0.013633	-0.025570
4803	0.073918	-0.006804	-0.028275
4804	0.072861	-0.009777	-0.026856
4805	0.070328	-0.009092	-0.023590
4806	0.074728	-0.004202	-0.021687
4807	0.073993	-0.018813	-0.020122
4808	0.077270	-0.025841	-0.019008
4809	0.081208	-0.033376	-0.010694
4810	0.090366	-0.008480	-0.005840
4811	0.100077	-0.005480	-0.009633
4812	0.107402	-0.005446	-0.006280
4813	0.108865	-0.000023	-0.003109
4814	0.108469	-0.005332	-0.001339
4815	0.108730	-0.024578	0.002695
4816	0.107021	-0.024360	0.004083
4817	0.109617	-0.025166	0.007784
4818	0.105076	-0.026547	0.009713
4819	0.100235	-0.038743	0.012623
4820	0.089911	-0.008981	0.014157
4821	0.085730	-0.013359	0.016657
4822	0.080712	-0.006959	0.013161
4823	0.077879	0.010218	0.009597
4824	0.072490	0.006043	0.011096
4825	0.069412	-0.000255	0.011033
4826	0.061881	0.001024	0.007939
4827	0.053389	0.003295	0.000771
4828	0.039863	0.002002	-0.000330
4829	0.027228	-0.011727	0.000485
4830	0.018143	0.012448	0.002605
4831	0.015276	0.032530	0.001549
4832	0.007243	0.011511	0.000572
4833	0.002069	0.001893	0.004053
4834	0.000536	0.008167	0.004508
4835	0.000294	0.011891	0.008481
4836	-0.000768	0.010692	0.010907
4837	0.000601	0.008538	0.011908
4838	0.003282	0.024077	0.015985
4839	0.011889	0.027299	0.022669
4840	0.017111	0.040292	0.027137
4841	0.018628	0.020602	0.026992
4842	0.014852	0.037089	0.029942
4843	0.017552	0.017173	0.035950
4844	0.017084	0.013226	0.035022
4845	0.019626	0.005405	0.033416
4846	0.024761	0.014966	0.028856
4847	0.036137	0.008222	0.032429
4848	0.041410	0.001108	0.030814
4849	0.038050	0.003320	0.034268
4850	0.032198	0.018630	0.033282
4851	0.030719	0.016875	0.030393
4852	0.027767	0.016293	0.026435
4853	0.023858	0.001502	0.026734
4854	0.022806	-0.022762	0.018938
4855	0.017182	-0.010849	0.011972
4856	0.015631	0.006185	0.008409
4857	0.016001	0.004277	0.005393
4858	0.017865	0.001058	0.000285
4859	0.017542	0.005534	-0.008261
4860	0.015549	-0.018609	-0.007311
4861	0.009489	0.016751	-0.008174
4862	0.001087	0.007170	-0.004801
4863	-0.005709	-0.005895	-0.003736
4864	-0.009329	-0.020369	-0.006667
4865	-0.015767	-0.005769	-0.008098
4866	-0.018035	0.005512	-0.013006
4867	-0.020192	0.008661	-0.014335
4868	-0.016625	0.019828	-0.021352
4869	-0.013327	0.027318	-0.031618
4870	-0.016503	0.025025	-0.036945
4871	-0.013915	0.022896	-0.040005
4872	-0.013648	0.034906	-0.044792
4873	-0.011183	0.029249	-0.050923
4874	-0.008714	0.035465	-0.059867
4875	-0.008531	0.043443	-0.062632
4876	-0.017206	0.026376	-0.058490
4877	-0.022042	0.015866	-0.057437
4878	-0.017981	0.022279	-0.065895
4879	-0.016743	0.012844	-0.067026
4880	-0.013875	0.005844	-0.071970
4881	-0.017677	-0.004518	-0.075897
4882	-0.017937	0.011245	-0.079606
4883	-0.019853	-0.005699	-0.084609
4884	-0.021982	0.016200	-0.085356
4885	-0.021461	0.017283	-0.086190
4886	-0.020991	0.032549	-0.079577
4887	-0.017015	0.034407	-0.078349
4888	-0.008934	0.031566	-0.073194
4889	0.000252	0.016652	-0.075796
4890	0.003203	0.000184	-0.080502
4891	0.003138	0.005793	-0.086926
4892	0.011944	0.000462	-0.089160
4893	0.018351	-0.001905	-0.088217
4894	0.025167	0.002712	-0.093051
4895	0.026491	-0.007445	-0.092465
4896	0.034238	-0.003398	-0.086613
4897	0.044199	-0.009730	-0.082167
4898	0.051475	0.000442	-0.076593
4899	0.059894	0.004005	-0.066260
4900	0.066759	-0.003335	-0.058965
4901	0.064852	-0.004050	-0.056086
4902	0.053222	0.005399	-0.050736
4903	0.043144	0.006795	-0.050587
4904	0.036002	0.013683	-0.049197
4905	0.028737	0.001372	-0.048181
4906	0.026182	-0.004979	-0.041636
4907	0.016576	0.018870	-0.033901
4908	0.012706	0.016649	-0.023307
4909	0.015109	-0.006395	-0.012906
4910	0.012990	-0.022444	-0.009084
4911	0.017700	-0.017307	-0.003157
4912	0.016204	0.017176	-0.004057
4913	0.013804	0.015925	-0.001019
4914	0.008755	-0.006351	-0.000976
4915	0.003220	-0.008622	0.000075
4916	-0.004755	-0.006580	0.005351
4917	-0.008853	-0.014941	0.002939
4918	-0.009423	-0.005188	-0.001634
4919	-0.011971	0.007319	-0.005667
4920	-0.018181	-0.005689	-0.008004
4921	-0.015190	-0.027408	-0.014809
4922	-0.022298	-0.008213	-0.012313
4923	-0.032766	0.022176	-0.012984
4924	-0.034194	0.000529	-0.017003
4925	-0.037616	0.004849	-0.014422
4926	-0.034166	-0.013550	-0.014285
4927	-0.026358	-0.003676	-0.013476
4928	-0.019956	-0.001908	-0.009402
4929	-0.013969	-0.000374	0.001142
4930	-0.004164	-0.009133	0.004612
4931	-0.002541	-0.008991	0.005768
4932	-0.010283	0.010554	-0.001573
4933	-0.016555	-0.011588	-0.016599
4934	-0.019410	-0.013512	-0.019562
4935	-0.024405	-0.003454	-0.023449
4936	-0.025234	0.008099	-0.019097
4937	-0.022548	0.019706	-0.020725
4938	-0.023195	0.018536	-0.021854
4939	-0.020086	0.000812	-0.020261
4940	-0.013668	0.003214	-0.016840
4941	-0.009953	-0.011483	-0.010628
4942	-0.007249	-0.013114	-0.003587
4943	-0.008390	-0.011545	-0.001492
4944	-0.011316	-0.013841	-0.003179
4945	-0.010267	0.001847	-0.001777
4946	-0.016745	0.006921	-0.000252
4947	-0.019771	0.017021	0.010748
4948	-0.020930	0.022011	0.013946
4949	-0.026979	0.050219	0.019706
4950	-0.030944	0.025759	0.024020
4951	-0.035886	0.025236	0.021898
4952	-0.036649	0.003884	0.019812
4953	-0.043319	-0.005820	0.018984
4954	-0.047854	-0.028463	0.017989
4955	-0.050256	0.009076	0.017463
4956	-0.049430	-0.009894	0.019265
4957	-0.045933	0.003085	0.023342
4958	-0.040978	-0.002287	0.021162
4959	-0.036668	0.003700	0.029042
4960	-0.034883	-0.006237	0.030051
4961	-0.033609	-0.008409	0.027397
4962	-0.040502	-0.009542	0.026154
4963	-0.043541	0.007644	0.031530
4964	-0.044761	0.007947	0.031812
4965	-0.048197	0.001979	0.036192
4966	-0.047837	0.011286	0.038985
4967	-0.042369	-0.000173	0.043436
4968	-0.042096	0.003061	0.045445
4969	-0.041007	-0.007155	0.049942
4970	-0.039932	-0.008108	0.053234
4971	-0.040665	-0.008662	0.052509
4972	-0.047091	-0.020083	0.052729
4973	-0.047847	-0.012280	0.053977
4974	-0.056854	-0.000619	0.059522
4975	-0.064929	0.010714	0.063769
4976	-0.066195	0.012664	0.061816
4977	-0.071081	0.010172	0.062020
4978	-0.079527	-0.001445	0.057349
4979	-0.077727	0.008004	0.054352
4980	-0.077976	0.010400	0.044443
4981	-0.074702	0.004581	0.031746
4982	-0.070141	-0.009676	0.023176
4983	-0.064207	-0.006476	0.020537
4984	-0.059776	-0.008895	0.015432
4985	-0.053918	0.001901	0.005311
4986	-0.052210	0.000695	0.002710
4987	-0.052262	0.009121	-0.001009
4988	-0.050532	-0.000837	-0.005992
4989	-0.048975	-0.000522	-0.013554
4990	-0.043593	-0.012040	-0.020295
4991	-0.038459	0.012216	-0.025869
4992	-0.029446	-0.005852	-0.021162
4993	-0.027887	-0.014652	-0.019267
4994	-0.023177	-0.041005	-0.016513
4995	-0.022473	-0.041259	-0.020004
4996	-0.024193	-0.031997	-0.020468
4997	-0.027789	-0.040860	-0.020872
4998	-0.035430	-0.023169	-0.019674
4999	-0.034365	-0.018054	-0.021531
5000	-0.031789	-0.003502	-0.026662
5001	-0.032821	-0.005668	-0.020527
5002	-0.030729	-0.011652	-0.020107
5003	-0.026039	0.000902	-0.021305
5004	-0.025416	-0.013950	-0.023351
5005	-0.026642	-0.015846	-0.029532
5006	-0.026583	-0.030002	-0.036427
5007	-0.022684	-0.017725	-0.037219
5008	-0.018878	-0.012771	-0.042812
5009	-0.016686	0.009021	-0.048604
5010	-0.015022	0.013493	-0.052943
5011	-0.007374	0.019812	-0.058248
5012	-0.001608	0.008160	-0.055187
5013	0.000844	0.012611	-0.057741
5014	-0.000185	0.002093	-0.062202
5015	-0.009795	-0.010894	-0.066665
5016	-0.015547	-0.009270	-0.072850
5017	-0.015637	-0.008919	-0.076345
5018	-0.019925	-0.001453	-0.073328
5019	-0.015769	0.017976	-0.068130
5020	-0.013416	0.014716	-0.059002
5021	-0.011777	0.002440	-0.050033
5022	-0.006393	-0.002974	-0.045562
5023	-0.006832	-0.012402	-0.042157
5024	-0.006628	-0.033191	-0.040204
5025	-0.001374	-0.039502	-0.039386
5026	-0.006739	-0.046968	-0.034784
5027	-0.008897	-0.023872	-0.029629
5028	-0.006643	-0.007827	-0.027918
5029	-0.009454	-0.019542	-0.027751
5030	-0.011699	-0.031698	-0.025634
5031	-0.014966	-0.028076	-0.017856
5032	-0.016222	-0.020789	-0.013417
5033	-0.017323	-0.033503	-0.012378
5034	-0.019677	-0.014973	-0.018466
5035	-0.025300	0.001875	-0.022803
5036	-0.032341	0.010216	-0.023541
5037	-0.027731	-0.020469	-0.031278
5038	-0.023585	-0.010675	-0.033846
5039	-0.026244	0.010200	-0.039239
5040	-0.029320	-0.000529	-0.048660
5041	-0.021820	0.001054	-0.053837
5042	-0.009045	-0.015311	-0.059830
5043	0.000086	-0.020470	-0.063310
5044	0.009331	-0.004127	-0.058366
5045	0.014858	0.011689	-0.055734
5046	0.020370	0.013677	-0.047016
5047	0.023269	0.002721	-0.042089
5048	0.025655	-0.006395	-0.035113
5049	0.023313	-0.005269	-0.032727
5050	0.022687	-0.015815	-0.025175
5051	0.021584	0.002813	-0.018487
5052	0.020176	-0.016565	-0.010941
5053	0.019643	-0.001160	-0.006184
5054	0.017681	-0.001024	-0.006587
5055	0.008720	-0.016052	-0.012196
5056	-0.000498	-0.010809	-0.003507
5057	-0.002917	-0.006579	-0.004449
5058	-0.008615	-0.021502	-0.003440
5059	-0.010934	-0.016953	0.000782
5060	-0.009930	-0.002885	-0.005096
5061	-0.004416	0.007800	0.000722
5062	-0.005476	-0.015625	-0.002271
5063	0.000633	-0.003838	-0.000277
5064	0.004048	0.000367	-0.006430
5065	0.002537	-0.007997	-0.003111
5066	0.001831	-0.020553	-0.000190
5067	-0.007272	-0.016175	-0.001229
5068	-0.018829	-0.017813	-0.000269
5069	-0.026960	-0.015589	0.005814
5070	-0.032978	-0.021080	0.011104
5071	-0.039953	-0.002253	0.017273
5072	-0.041917	-0.002282	0.023409
5073	-0.040354	-0.010998	0.025503
5074	-0.035209	-0.004072	0.016448
5075	-0.031998	-0.013914	0.007193
5076	-0.028664	0.003413	-0.005964
5077	-0.027077	-0.011041	-0.007744
5078	-0.027026	-0.024558	-0.009722
5079	-0.025047	-0.021366	-0.006326
5080	-0.025004	-0.000923	-0.003796
5081	-0.029101	0.000440	0.001349
5082	-0.035510	-0.006131	0.004351
5083	-0.038385	-0.037890	0.011185
5084	-0.043897	-0.033404	0.009973
5085	-0.051322	-0.012774	0.013819
5086	-0.055193	-0.016776	0.014225
5087	-0.060868	-0.007874	0.013829
5088	-0.065254	-0.019099	0.012809
5089	-0.075778	0.005474	0.007419
5090	-0.079218	0.011212	0.003548
5091	-0.083894	0.005952	0.001152
5092	-0.080610	0.004191	0.000707
5093	-0.081666	-0.017666	0.001671
5094	-0.080216	-0.003633	-0.005988
5095	-0.070647	0.000214	-0.005111
5096	-0.065828	0.006701	-0.016080
5097	-0.062069	0.001821	-0.021412
5098	-0.061102	0.000889	-0.028509
5099	-0.051747	-0.000409	-0.025721
5100	-0.042565	-0.000228	-0.026202
5101	-0.036123	-0.008068	-0.020211
5102	-0.035712	-0.006965	-0.021672
5103	-0.033407	0.009237	-0.018707
5104	-0.029847	0.010867	-0.023166
5105	-0.024651	-0.003176	-0.014249
5106	-0.015754	-0.010100	-0.005278
5107	-0.006785	0.010988	0.001432
5108	-0.002664	-0.004229	0.003109
5109	0.004186	-0.008799	0.014365
5110	0.012522	0.002089	0.026998
5111	0.016242	-0.002184	0.030647
5112	0.016262	-0.022669	0.036572
5113	0.012926	-0.007608	0.041202
5114	0.009979	-0.030903	0.051443
5115	0.015382	-0.021357	0.059088
5116	0.014091	-0.010471	0.063174
5117	0.007330	-0.002178	0.060388
5118	0.000851	0.006163	0.057863
5119	-0.005712	0.008655	0.060287
5120	-0.006811	0.028844	0.058348
5121	-0.007812	0.010102	0.060554
5122	-0.006868	0.032001	0.062108
5123	-0.005298	0.026962	0.063700
5124	0.000523	0.012374	0.068283
5125	0.004420	0.008177	0.061109
5126	0.009466	0.009091	0.053841
5127	0.015687	-0.005677	0.043467
5128	0.018065	-0.015944	0.037607
5129	0.019983	-0.020494	0.030712
5130	0.021974	-0.011051	0.030576
5131	0.017385	-0.015640	0.022354
5132	0.014385	-0.029997	0.023620
5133	0.006061	-0.018348	0.021930
5134	0.009209	-0.033705	0.017199
5135	0.006116	-0.023740	0.011511
5136	0.006114	-0.035223	0.005151
5137	0.006342	-0.005324	-0.001524
5138	0.010308	0.000809	0.000908
5139	0.010472	-0.005967	0.002489
5140	0.010066	-0.005572	0.002432
5141	0.018161	-0.011740	0.001339
5142	0.018369	-0.000474	-0.000020
5143	0.021639	0.002121	0.004216
5144	0.027117	-0.013288	0.007117
5145	0.032994	-0.001733	0.011354
5146	0.035812	0.005506	0.010967
5147	0.043362	-0.000274	0.015622
5148	0.046966	-0.002211	0.022637
5149	0.056721	-0.015707	0.028381
5150	0.055526	-0.012282	0.037938
5151	0.048668	-0.005271	0.048165
5152	0.046717	-0.003174	0.056889
5153	0.047007	-0.022320	0.051232
5154	0.040605	-0.009133	0.048992
5155	0.047749	0.014244	0.044734
5156	0.056229	-0.002710	0.043480
5157	0.061891	-0.009953	0.036272
5158	0.068067	-0.004595	0.042280
5159	0.070048	-0.017216	0.035261
5160	0.073795	-0.009402	0.035539
5161	0.073293	-0.003189	0.035074
5162	0.067169	0.004165	0.029237
5163	0.063350	0.005598	0.028317
5164	0.064425	-0.000168	0.027121
5165	0.060871	-0.000447	0.029199
5166	0.051989	-0.018656	0.025458
5167	0.047681	-0.010508	0.024402
5168	0.043921	-0.039192	0.026005
5169	0.043066	-0.028654	0.023359
5170	0.047290	-0.000957	0.024853
5171	0.043939	0.015756	0.021505
5172	0.032143	0.011477	0.021887
5173	0.021286	-0.013332	0.015763
5174	0.017647	-0.009593	0.013139
5175	0.014129	-0.006905	0.010302
5176	0.013079	-0.012566	0.011006
5177	0.021295	-0.018496	0.008575
5178	0.020185	-0.007778	0.002232
5179	0.017761	-0.016085	0.000240
5180	0.021822	-0.012941	0.001054
5181	0.023468	-0.003254	0.007036
5182	0.023429	-0.010002	0.008803
5183	0.020780	-0.015256	0.007540
5184	0.018301	0.000167	0.019286
5185	0.016841	-0.006563	0.030617
5186	0.015307	0.011278	0.037927
5187	0.001996	0.021437	0.042882
5188	-0.008597	0.013836	0.054507
5189	-0.015935	0.011799	0.058016
5190	-0.015305	0.008627	0.061018
5191	-0.010488	0.008570	0.066181
5192	-0.012865	0.040268	0.069496
5193	-0.017460	0.024922	0.070586
5194	-0.024797	0.031010	0.077632
5195	-0.025578	0.010956	0.086101
5196	-0.030672	-0.004101	0.086377
5197	-0.031312	0.009314	0.083380
5198	-0.031023	0.019069	0.083836
5199	-0.030551	-0.004069	0.080631
5200	-0.033647	0.000631	0.075382
5201	-0.029875	0.020210	0.072308
5202	-0.036089	0.015352	0.063046
5203	-0.031342	0.029783	0.052953
5204	-0.032094	0.033876	0.045097
5205	-0.035387	0.024522	0.038238
5206	-0.034953	0.003997	0.034761
5207	-0.029698	-0.003583	0.025046
5208	-0.029666	-0.015669	0.023518
5209	-0.029541	-0.027035	0.026711
5210	-0.023708	-0.026420	0.033539
5211	-0.020913	0.008087	0.031450
5212	-0.022036	-0.007606	0.040004
5213	-0.025537	-0.004538	0.036107
5214	-0.031959	-0.004590	0.029155
5215	-0.035137	-0.009723	0.028184
5216	-0.041196	-0.015883	0.023088
5217	-0.042666	0.001123	0.025075
5218	-0.044132	0.002621	0.028004
5219	-0.039258	-0.005193	0.025576
5220	-0.037572	-0.003850	0.015904
5221	-0.029708	-0.005929	0.005636
5222	-0.019532	0.010353	0.002241
5223	-0.012819	0.024384	0.002119
5224	-0.009676	0.021283	-0.002158
5225	0.001641	0.012829	0.003477
5226	0.003440	0.003835	0.001065
5227	0.002326	0.004034	0.002762
5228	-0.001771	0.016234	0.006190
5229	-0.011981	-0.011364	0.006989
5230	-0.018033	-0.003815	0.006068
5231	-0.014630	0.026043	0.003767
5232	-0.006837	0.010214	-0.003870
5233	-0.004135	-0.011011	-0.009086
5234	-0.002914	-0.001081	-0.012113
5235	0.001300	-0.000797	-0.008718
5236	0.002271	-0.000747	-0.005996
5237	0.005963	-0.010544	-0.001864
5238	0.006982	0.004206	0.005446
5239	0.016777	0.011265	0.014024
5240	0.019994	0.009719	0.015729
5241	0.023611	0.005303	0.019519
5242	0.035283	0.007892	0.026924
5243	0.038235	-0.004743	0.027669
5244	0.038038	0.008842	0.030532
5245	0.042269	0.008445	0.033386
5246	0.044299	0.005743	0.034790
5247	0.043855	0.025321	0.027946
5248	0.044582	0.019056	0.021937
5249	0.046377	0.010057	0.014808
5250	0.041749	0.008799	0.011304
5251	0.033780	-0.033815	0.005471
5252	0.031991	-0.011700	-0.000733
5253	0.030066	0.015635	-0.002030
5254	0.024969	0.011750	-0.009400
5255	0.024383	-0.014139	-0.016438
5256	0.017422	-0.030159	-0.020031
5257	0.018105	-0.021465	-0.021275
5258	0.021030	-0.007188	-0.016679
5259	0.021831	-0.020259	-0.006772
5260	0.019688	-0.014327	-0.004945
5261	0.019840	-0.006642	-0.001930
5262	0.017268	-0.033648	0.007035
5263	0.018293	-0.030401	0.009780
5264	0.020603	-0.015505	0.015246
5265	0.016753	-0.013492	0.012311
5266	0.012708	-0.019066	0.020372
5267	0.004382	-0.004847	0.024444
5268	-0.001691	-0.006040	0.034213
5269	-0.012974	0.004928	0.036340
5270	-0.017927	-0.000357	0.037504
5271	-0.020305	-0.009292	0.043349
5272	-0.020303	0.004036	0.042600
5273	-0.026221	-0.009402	0.040719
5274	-0.030098	-0.011149	0.039118
5275	-0.031610	-0.001028	0.039784
5276	-0.031378	-0.004436	0.033948
5277	-0.032198	-0.000993	0.033590
5278	-0.036133	-0.008114	0.028927
5279	-0.033492	-0.007150	0.022046
5280	-0.024447	-0.015617	0.023008
5281	-0.026931	-0.029539	0.017496
5282	-0.024407	-0.009617	0.015472
5283	-0.026932	-0.020521	0.012710
5284	-0.030786	-0.033343	0.013823
5285	-0.028068	-0.012518	0.017049
5286	-0.028874	-0.003426	0.017227
5287	-0.027453	-0.001662	0.017437
5288	-0.031236	-0.007852	0.012663
5289	-0.030311	0.000195	0.014900
5290	-0.026341	0.004158	0.017350
5291	-0.019473	0.009138	0.013802
5292	-0.019058	-0.003945	0.012518
5293	-0.018981	0.028468	0.008149
5294	-0.021382	0.003106	-0.001550
5295	-0.029359	-0.010768	-0.006879
5296	-0.035094	0.015499	-0.005377
5297	-0.042981	0.005665	0.002867
5298	-0.045271	0.009826	0.010061
5299	-0.046985	-0.010203	0.015319
5300	-0.044557	-0.022446	0.022882
5301	-0.036323	0.004027	0.026337
5302	-0.031381	0.006886	0.027772
5303	-0.024814	0.004211	0.027897
5304	-0.019450	-0.010475	0.028570
5305	-0.008887	0.001918	0.034955
5306	-0.002732	-0.000608	0.035144
5307	-0.000091	0.011927	0.035806
5308	0.003476	0.001891	0.037240
5309	0.006376	0.009031	0.041736
5310	0.007770	0.011759	0.042535
5311	0.016976	-0.005031	0.039751
5312	0.014920	0.001271	0.040338
5313	0.006899	0.007050	0.039621
5314	-0.004663	0.014913	0.039451
5315	-0.011495	0.009454	0.031313
5316	-0.013610	-0.019524	0.022144
5317	-0.013680	-0.029793	0.018676
5318	-0.014539	-0.033124	0.015892
5319	-0.022026	-0.037024	0.006508
5320	-0.025547	-0.020515	-0.002947
5321	-0.035550	-0.040200	-0.006608
5322	-0.038466	-0.033953	-0.011614
5323	-0.042054	-0.027655	-0.011391
5324	-0.047712	-0.017445	-0.012723
5325	-0.044404	-0.012473	-0.017585
5326	-0.041172	0.000038	-0.019192
5327	-0.038616	-0.013022	-0.021060
5328	-0.043470	-0.012268	-0.030293
5329	-0.046612	0.010715	-0.034929
5330	-0.048131	0.009790	-0.040426
5331	-0.048274	0.014605	-0.045900
5332	-0.047411	-0.000137	-0.054246
5333	-0.049998	0.019465	-0.058311
5334	-0.046192	0.036518	-0.062908
5335	-0.043680	0.033274	-0.069647
5336	-0.039905	0.022235	-0.076834
5337	-0.036740	0.018605	-0.080735
5338	-0.034329	0.023379	-0.081339
5339	-0.036642	0.007458	-0.087031
5340	-0.034436	0.030849	-0.085438
5341	-0.024629	0.037318	-0.084128
5342	-0.020987	0.023239	-0.083102
5343	-0.018156	0.021756	-0.084655
5344	-0.019463	-0.006793	-0.087631
5345	-0.011892	-0.027786	-0.091516
5346	-0.008067	-0.032832	-0.093991
5347	-0.008557	-0.017788	-0.093853
5348	-0.008848	-0.004359	-0.094832
5349	-0.014344	-0.001229	-0.094689
5350	-0.019120	-0.003271	-0.094991
5351	-0.025831	0.010789	-0.091113
5352	-0.025337	0.000908	-0.088613
5353	-0.021977	-0.013767	-0.091324
5354	-0.020559	0.007632	-0.093540
5355	-0.025298	-0.010807	-0.092616
5356	-0.024403	-0.020229	-0.093278
5357	-0.019633	-0.011353	-0.094597
5358	-0.013965	-0.004084	-0.083303
5359	0.001397	-0.011896	-0.080671
5360	0.011446	-0.011016	-0.078207
5361	0.019896	0.006204	-0.073735
5362	0.025862	0.025022	-0.067270
5363	0.028097	0.016575	-0.061025
5364	0.032187	0.004230	-0.056537
5365	0.037963	-0.008840	-0.056189
5366	0.044511	-0.021723	-0.047098
5367	0.044271	-0.026396	-0.045871
5368	0.043855	-0.009780	-0.044847
5369	0.049639	-0.016105	-0.037035
5370	0.050923	-0.004884	-0.029947
5371	0.050231	0.009337	-0.022928
5372	0.048890	0.016179	-0.027463
5373	0.054103	0.004102	-0.024759
5374	0.060660	0.008078	-0.030179
5375	0.056341	0.007852	-0.031371
5376	0.047909	0.018033	-0.026632
5377	0.037664	0.021205	-0.020592
5378	0.029688	0.041643	-0.019850
5379	0.024358	0.025370	-0.013472
5380	0.020850	0.026997	-0.006522
5381	0.020436	0.036583	-0.007841
5382	0.016348	0.015206	-0.001695
5383	0.011596	-0.008722	-0.002974
5384	0.008049	-0.004986	-0.000759
5385	0.011917	-0.011734	-0.000952
5386	0.012414	-0.030857	-0.001877
5387	0.014974	-0.034691	0.001867
5388	0.018023	-0.027184	0.004390
5389	0.016929	-0.019069	0.001567
5390	0.015233	-0.020805	0.010093
5391	0.015265	0.006907	0.016635
5392	0.007520	0.005840	0.018516
5393	0.001200	-0.000016	0.020700
5394	-0.001519	-0.003877	0.019363
5395	-0.001619	0.019184	0.019142
5396	-0.009522	0.017342	0.014489
5397	-0.022115	0.042609	0.011255
5398	-0.032211	0.018305	0.003835
5399	-0.035368	0.008918	-0.002298
5400	-0.035601	0.006306	-0.007560
5401	-0.033270	0.001691	-0.013335
5402	-0.032537	0.012131	-0.017083
5403	-0.029281	0.008481	-0.018054
5404	-0.024650	-0.001104	-0.019271
5405	-0.025716	0.007077	-0.022711
5406	-0.027569	-0.010506	-0.029416
5407	-0.021686	-0.010381	-0.036215
5408	-0.015179	-0.008663	-0.043447
5409	-0.009762	-0.000741	-0.045608
5410	-0.008862	0.011250	-0.037007
5411	-0.008452	-0.012423	-0.034504
5412	-0.002365	-0.008577	-0.034001
5413	0.005603	-0.028872	-0.028998
5414	0.017165	-0.016624	-0.018925
5415	0.025264	0.008374	-0.013209
5416	0.027361	0.007884	-0.007645
5417	0.026258	-0.003655	0.002623
5418	0.025880	0.004868	0.004653
5419	0.026984	-0.003794	0.003326
5420	0.037185	-0.007486	0.004751
5421	0.038797	-0.016633	0.007372
5422	0.048018	0.006099	0.000675
5423	0.050466	0.016472	-0.005256
5424	0.044862	0.013442	-0.007820
5425	0.041696	0.001470	-0.010003
5426	0.038874	0.006948	-0.003710
5427	0.032753	0.025870	-0.007676
5428	0.025405	-0.001189	-0.004197
5429	0.016844	0.006005	-0.003128
5430	0.005929	-0.004367	-0.001848
5431	-0.000993	-0.014686	-0.001601
5432	-0.005120	-0.004161	-0.001323
5433	-0.008511	-0.013060	-0.007699
5434	-0.015439	-0.019544	-0.007198
5435	-0.017155	-0.030815	-0.003740
5436	-0.022065	-0.032782	-0.000413
5437	-0.028639	-0.032710	0.002490
5438	-0.027723	-0.009802	0.003601
5439	-0.025017	-0.010744	-0.003067
5440	-0.018523	-0.023260	0.002860
5441	-0.006696	-0.022224	0.005703
5442	0.004984	-0.016616	0.003763
5443	0.013472	-0.018162	0.000867
5444	0.017198	-0.002974	-0.000381
5445	0.021209	0.003939	-0.008360
5446	0.028140	0.002247	-0.004128
5447	0.027341	-0.007988	-0.009191
5448	0.026173	-0.011406	-0.018015
5449	0.022975	-0.019226	-0.019203
5450	0.026350	0.009942	-0.018160
5451	0.026384	-0.021969	-0.019013
5452	0.030825	-0.012823	-0.021097
5453	0.034087	-0.012676	-0.016932
5454	0.030687	-0.026572	-0.008470
5455	0.030263	-0.004957	-0.004739
5456	0.027786	-0.000633	0.002427
5457	0.031274	0.016959	0.006556
5458	0.037284	-0.003723	0.010711
5459	0.043434	-0.016375	0.020270
5460	0.044010	-0.026416	0.021643
5461	0.038784	-0.004720	0.020396
5462	0.040803	-0.025672	0.026603
5463	0.043717	-0.009939	0.034387
5464	0.046436	-0.007250	0.041002
5465	0.050326	-0.002235	0.045618
5466	0.049291	-0.019255	0.041760
5467	0.043618	-0.019922	0.040026
5468	0.043473	-0.021756	0.045749
5469	0.043948	-0.011224	0.044269
5470	0.051686	-0.015916	0.039919
5471	0.052784	0.001892	0.035844
5472	0.053529	0.017449	0.036183
5473	0.052027	-0.016119	0.034586
5474	0.055210	-0.023304	0.033361
5475	0.059795	-0.026901	0.037595
5476	0.061342	-0.025581	0.041847
5477	0.065189	0.001117	0.042330
5478	0.067058	-0.038410	0.050231
5479	0.074129	-0.033455	0.056608
5480	0.075639	-0.040487	0.050302
5481	0.077949	-0.015749	0.046439
5482	0.073077	-0.007184	0.041301
5483	0.070649	-0.016563	0.040588
5484	0.068544	-0.006187	0.040070
5485	0.063149	0.003685	0.038806
5486	0.055643	-0.009192	0.036614
5487	0.054624	-0.017246	0.038935
5488	0.048410	-0.017538	0.035248
5489	0.041259	-0.016154	0.026175
5490	0.035524	-0.016440	0.020886
5491	0.030916	-0.011198	0.017447
5492	0.042914	-0.011760	0.008914
5493	0.051582	-0.008365	0.009621
5494	0.058763	0.007344	0.012787
5495	0.065658	0.008531	0.012967
5496	0.072784	0.019598	0.007657
5497	0.074762	0.003212	0.003976
5498	0.082584	0.018608	-0.000269
5499	0.084039	0.010373	-0.007222
5500	0.085024	0.020613	-0.013271
5501	0.080054	0.053764	-0.027876
5502	0.083465	0.031093	-0.042788
5503	0.085220	0.016950	-0.046538
5504	0.087636	0.023317	-0.051893
5505	0.086943	0.020255	-0.060276
5506	0.089618	0.018192	-0.063462
5507	0.081937	0.006442	-0.057060
5508	0.077374	0.021424	-0.053834
5509	0.072009	0.015013	-0.050083
5510	0.063700	0.008981	-0.050352
5511	0.059008	0.007678	-0.049542
5512	0.047589	0.003733	-0.044171
5513	0.036945	-0.006328	-0.046088
5514	0.032295	-0.011733	-0.037643
5515	0.030792	-0.010627	-0.040302
5516	0.024850	0.006244	-0.030809
5517	0.017558	0.000397	-0.024348
5518	0.010411	0.016973	-0.020954
5519	0.007210	0.008596	-0.018819
5520	0.000184	0.006829	-0.015347
5521	-0.005013	0.004672	-0.010540
5522	-0.006205	-0.012396	-0.010835
5523	-0.010612	-0.008227	-0.009128
5524	-0.012851	-0.021100	-0.007721
5525	-0.019870	0.001309	-0.002937
5526	-0.023863	-0.003425	-0.001543
5527	-0.022545	-0.006931	0.001596
5528	-0.023472	0.006792	0.007260
5529	-0.022306	0.018861	0.008262
5530	-0.021212	0.013567	0.006821
5531	-0.015230	0.009506	0.003045
5532	-0.018062	0.007306	0.001645
5533	-0.012498	0.012760	0.000849
5534	-0.011079	-0.001721	0.007930
5535	-0.003715	-0.005180	0.008604
5536	-0.002334	-0.004296	0.013460
5537	0.002477	-0.025970	0.020024
5538	0.001734	-0.011120	0.020225
5539	-0.000043	-0.012693	0.038115
5540	-0.010220	0.011496	0.051014
5541	-0.016329	-0.002225	0.061433
5542	-0.018425	-0.002124	0.067273
5543	-0.021432	-0.004411	0.074146
5544	-0.027581	0.016437	0.072735
5545	-0.033416	0.044624	0.073452
5546	-0.035633	0.011899	0.079071
5547	-0.043798	0.031699	0.085468
5548	-0.048147	0.029396	0.089779
5549	-0.048991	0.046347	0.098698
5550	-0.047909	0.027355	0.098155
5551	-0.047034	0.026500	0.091889
5552	-0.047140	0.011085	0.084823
5553	-0.042745	0.008031	0.090982
5554	-0.047213	0.011859	0.094686
5555	-0.044576	0.005361	0.097349
5556	-0.047581	-0.023042	0.092642
5557	-0.046234	-0.016229	0.102352
5558	-0.049505	0.007192	0.116218
5559	-0.046228	0.010824	0.125011
5560	-0.039839	0.019117	0.128137
5561	-0.031752	0.003502	0.137253
5562	-0.023427	0.003632	0.143133
5563	-0.020288	-0.004004	0.145166
5564	-0.016024	0.019988	0.143147
5565	-0.016065	-0.001797	0.140600
5566	-0.009216	0.023332	0.138502
5567	0.000819	0.025407	0.135766
5568	-0.002442	0.009022	0.142423
5569	-0.005541	0.001673	0.148183
5570	-0.011199	-0.012333	0.155390
5571	-0.016580	-0.000052	0.157178
5572	-0.023266	0.002087	0.154639
5573	-0.029693	0.011918	0.150848
5574	-0.033154	-0.003152	0.144834
5575	-0.028322	0.003198	0.141814
5576	-0.020446	-0.001273	0.134918
5577	-0.022747	0.001270	0.130157
5578	-0.024687	0.036751	0.119011
5579	-0.025119	0.001843	0.113824
5580	-0.029698	-0.007141	0.109422
5581	-0.037937	-0.007474	0.107637
5582	-0.043074	0.000830	0.102372
5583	-0.039672	-0.003955	0.095815
5584	-0.038228	0.019208	0.088370
5585	-0.042228	0.022700	0.082693
5586	-0.046917	0.036860	0.078454
5587	-0.043970	0.024630	0.069052
5588	-0.051258	0.016510	0.062924
5589	-0.048274	0.003450	0.063643
5590	-0.041083	0.005722	0.057213
5591	-0.035344	0.007380	0.061167
5592	-0.026122	0.026318	0.063718
5593	-0.014688	0.053701	0.068058
5594	-0.007093	0.035567	0.070913
5595	0.004551	0.026846	0.067034
5596	0.008191	0.027615	0.062767
5597	0.009374	0.029412	0.065701
5598	0.013637	0.026574	0.072960
5599	0.016748	0.033993	0.076044
5600	0.023415	0.025166	0.074096
5601	0.031801	0.002643	0.075436
5602	0.033916	-0.000912	0.079930
5603	0.031946	0.028155	0.083026
5604	0.028719	0.015410	0.088324
5605	0.020734	0.015284	0.094202
5606	0.012255	0.016825	0.099646
5607	0.006409	-0.007542	0.095079
5608	-0.000948	0.004064	0.091672
5609	-0.004614	0.000242	0.089796
5610	-0.005098	-0.019076	0.087848
5611	-0.002418	0.016129	0.087944
5612	-0.001013	0.015316	0.081992
5613	-0.003539	0.011590	0.083395
5614	-0.002600	0.004080	0.082593
5615	-0.001002	0.011514	0.077869
5616	0.008383	0.007741	0.080319
5617	0.020100	-0.027490	0.078981
5618	0.034382	-0.035089	0.076484
5619	0.037409	-0.000192	0.077254
5620	0.034658	-0.004052	0.078798
5621	0.035154	-0.038724	0.076831
5622	0.030855	-0.021051	0.079225
5623	0.025573	-0.006576	0.078155
5624	0.018800	0.007660	0.067781
5625	0.013377	0.005873	0.055491
5626	0.011126	0.021634	0.045904
5627	0.000574	0.015242	0.034728
5628	-0.004176	0.005442	0.029243
5629	-0.008875	0.005451	0.031364
5630	-0.016154	0.006146	0.032337
5631	-0.021044	0.006067	0.029543
5632	-0.020182	-0.017529	0.033205
5633	-0.023734	-0.025222	0.032438
5634	-0.024411	-0.026474	0.027326
5635	-0.025468	0.021702	0.028142
5636	-0.030860	0.012808	0.031221
5637	-0.033867	0.018526	0.026031
5638	-0.041553	0.011972	0.031174
5639	-0.042637	0.026095	0.031741
5640	-0.043910	0.015359	0.033418
5641	-0.035900	0.014757	0.039673
5642	-0.031619	-0.005076	0.042460
5643	-0.031770	0.013671	0.042104
5644	-0.028015	0.004320	0.040625
5645	-0.033770	0.022927	0.035762
5646	-0.038176	0.005748	0.020531
5647	-0.042574	0.002969	0.014205
5648	-0.044501	0.005973	0.004960
5649	-0.048910	0.003437	0.007014
5650	-0.053748	-0.019576	0.005215
5651	-0.061125	-0.024336	0.002492
5652	-0.067274	-0.019747	0.000705
5653	-0.074330	-0.026689	-0.000784
5654	-0.079655	-0.028008	-0.000303
5655	-0.088605	0.000786	-0.003605
5656	-0.100698	-0.011903	-0.009477
5657	-0.104809	-0.031690	-0.004810
5658	-0.104963	-0.040413	-0.005719
5659	-0.101005	-0.028699	-0.015550
5660	-0.101207	-0.009081	-0.007882
5661	-0.102241	-0.016121	-0.003590
5662	-0.100656	-0.017570	0.003654
5663	-0.093403	-0.003114	0.006491
5664	-0.086716	-0.004985	0.004800
5665	-0.080697	-0.007903	0.002656
5666	-0.073771	-0.004485	0.003656
5667	-0.065850	-0.006068	0.009812
5668	-0.057347	0.000751	0.008895
5669	-0.049410	0.014349	0.007052
5670	-0.042505	0.002357	0.009527
5671	-0.034537	0.014636	0.013443
5672	-0.023825	-0.007371	0.011108
5673	-0.018562	0.012829	0.010087
5674	-0.008133	0.016292	0.007204
5675	0.003419	0.024869	0.002575
5676	0.010097	0.024803	0.003579
5677	0.007165	-0.010198	0.005239
5678	-0.000328	-0.003145	0.011426
5679	-0.005123	-0.017591	0.016411
5680	-0.006343	0.003836	0.027671
5681	-0.005585	0.000259	0.029473
5682	-0.007786	-0.013585	0.031975
5683	-0.004928	-0.013454	0.030288
5684	-0.000180	-0.004504	0.026937
5685	0.002322	-0.008199	0.022241
5686	-0.001736	-0.020872	0.027025
5687	-0.008849	-0.029888	0.022751
5688	-0.012525	-0.025430	0.017966
5689	-0.012578	-0.036842	0.013031
5690	-0.012456	-0.027118	0.013325
5691	-0.009597	0.002486	0.006854
5692	-0.009027	-0.025867	-0.000261
5693	-0.006738	-0.045141	-0.003025
5694	-0.004038	-0.036545	-0.006421
5695	-0.006011	-0.015814	-0.015102
5696	-0.006887	-0.014514	-0.013397
5697	-0.009721	-0.008660	-0.021396
5698	-0.014470	-0.028622	-0.020232
5699	-0.014410	-0.035269	-0.026162
5700	-0.017504	-0.035368	-0.025789
5701	-0.019132	-0.029935	-0.033545
5702	-0.013632	-0.029686	-0.037888
5703	-0.009788	-0.017939	-0.036941
5704	-0.010223	0.010461	-0.041988
5705	-0.008262	0.009632	-0.046577
5706	-0.005579	-0.006859	-0.052302
5707	-0.003007	-0.008585	-0.052331
5708	-0.003538	-0.013482	-0.056329
5709	-0.003457	-0.025496	-0.057768
5710	-0.010527	-0.028480	-0.058446
5711	-0.017148	-0.019748	-0.063501
5712	-0.017600	-0.011718	-0.066224
5713	-0.017455	0.002595	-0.064243
5714	-0.021192	0.002942	-0.063449
5715	-0.021221	-0.006335	-0.065025
5716	-0.020704	-0.001732	-0.065181
5717	-0.019874	-0.000564	-0.069639
5718	-0.024347	-0.019356	-0.071522
5719	-0.020325	-0.003827	-0.068435
5720	-0.018201	-0.011469	-0.061979
5721	-0.016921	0.005594	-0.058841
5722	-0.020643	0.000723	-0.054185
5723	-0.016229	-0.007074	-0.055512
5724	-0.019229	-0.007625	-0.050204
5725	-0.020434	-0.002337	-0.045247
5726	-0.023094	-0.005657	-0.045855
5727	-0.026805	0.022870	-0.039358
5728	-0.032711	0.016077	-0.032988
5729	-0.034046	0.038089	-0.039916
5730	-0.032841	0.004362	-0.037387
5731	-0.031297	0.018363	-0.030634
5732	-0.031247	0.027293	-0.026975
5733	-0.031235	0.015813	-0.026262
5734	-0.031173	0.031209	-0.015947
5735	-0.027595	0.020507	-0.002082
5736	-0.024326	0.003171	-0.001692
5737	-0.030552	0.013272	0.003828
5738	-0.040551	0.001824	0.008535
5739	-0.046126	0.001800	0.012042
5740	-0.046243	0.000679	0.024763
5741	-0.050640	0.001284	0.030156
5742	-0.051472	0.004259	0.033560
5743	-0.054857	0.010053	0.043383
5744	-0.051162	0.014772	0.042705
5745	-0.045600	0.028353	0.051437
5746	-0.047197	-0.004548	0.056065
5747	-0.041451	-0.001325	0.057192
5748	-0.034143	0.009560	0.070594
5749	-0.031043	0.021913	0.081940
5750	-0.023206	0.015932	0.081750
5751	-0.014572	0.018568	0.084184
5752	-0.010739	0.033616	0.084063
5753	-0.011165	0.011200	0.084068
5754	-0.005573	0.021284	0.079914
5755	-0.000603	-0.010498	0.073964
5756	0.004124	-0.024218	0.069929
5757	0.009338	-0.027433	0.067653
5758	0.004302	-0.001174	0.057431
5759	-0.006104	-0.021324	0.052938
5760	-0.015079	-0.011257	0.044178
5761	-0.018480	-0.004791	0.044225
5762	-0.021937	-0.003504	0.035155
5763	-0.027528	0.008603	0.027272
5764	-0.031944	-0.005804	0.015969
5765	-0.035927	-0.000719	0.004966
5766	-0.039394	0.037253	-0.004072
5767	-0.034134	0.038801	-0.003763
5768	-0.040177	0.024570	-0.003668
5769	-0.043995	0.010199	-0.005644
5770	-0.047732	0.019984	-0.004673
5771	-0.054618	0.019876	-0.004325
5772	-0.060905	0.017338	-0.002451
5773	-0.053909	0.012468	0.000516
5774	-0.050571	0.002655	0.000854
5775	-0.044773	0.015657	0.003727
5776	-0.039133	0.036266	0.005297
5777	-0.034359	0.005843	0.010691
5778	-0.025146	-0.008656	0.003200
5779	-0.010398	-0.003099	-0.001616
5780	-0.001872	-0.001344	-0.013061
5781	0.016614	0.001467	-0.018745
5782	0.030449	-0.012337	-0.021957
5783	0.042346	-0.008499	-0.021163
5784	0.044611	-0.009283	-0.019496
5785	0.050753	-0.009599	-0.020350
5786	0.052225	0.004023	-0.013190
5787	0.049493	-0.001406	-0.015725
5788	0.046943	-0.010694	-0.016407
5789	0.041941	0.012280	-0.015098
5790	0.037886	0.023924	-0.018564
5791	0.028769	0.023554	-0.016343
5792	0.018038	-0.000620	-0.015894
5793	0.001560	0.000002	-0.004077
5794	-0.006473	-0.013066	-0.003363
5795	-0.019107	-0.007322	-0.006905
5796	-0.027902	0.006805	-0.013161
5797	-0.031471	0.018669	-0.022936
5798	-0.027479	0.015384	-0.025179
5799	-0.025399	0.005978	-0.024265
5800	-0.025569	-0.008178	-0.031372
5801	-0.027875	-0.005970	-0.033654
5802	-0.023298	-0.020235	-0.036840
5803	-0.013581	-0.024839	-0.041542
5804	-0.003042	0.000936	-0.042103
5805	0.006742	0.011509	-0.039157
5806	0.014619	0.000556	-0.041458
5807	0.024210	0.005907	-0.044141
5808	0.034347	-0.006473	-0.049105
5809	0.040211	-0.015083	-0.057990
5810	0.049028	-0.009123	-0.064754
5811	0.046256	-0.029316	-0.070718
5812	0.050538	-0.028814	-0.068886
5813	0.050847	-0.037252	-0.071657
5814	0.049451	-0.024953	-0.066135
5815	0.045750	0.001940	-0.061490
5816	0.042034	-0.003564	-0.060234
5817	0.045680	0.005723	-0.053676
5818	0.045912	-0.003859	-0.053375
5819	0.037772	0.000843	-0.051820
5820	0.029896	-0.003525	-0.047286
5821	0.026082	-0.004354	-0.045607
5822	0.022020	-0.021510	-0.049030
5823	0.019777	-0.022176	-0.047292
5824	0.021627	0.002925	-0.046636
5825	0.026262	0.002841	-0.049670
5826	0.035636	-0.015384	-0.050067
5827	0.044545	0.006944	-0.050717
5828	0.048099	0.012054	-0.050647
5829	0.047213	-0.011809	-0.048581
5830	0.050084	-0.032635	-0.046016
5831	0.051068	-0.023456	-0.050652
5832	0.051654	-0.044536	-0.055803
5833	0.048188	-0.023541	-0.047559
5834	0.041481	-0.028004	-0.040695
5835	0.038048	-0.020807	-0.032192
5836	0.035042	-0.020241	-0.027738
5837	0.031787	-0.022982	-0.019239
5838	0.022198	-0.024805	-0.015565
5839	0.021566	-0.004567	-0.004743
5840	0.025767	-0.009076	0.001563
5841	0.033171	-0.011528	-0.007836
5842	0.045615	-0.008298	0.002048
5843	0.048809	0.000074	0.000829
5844	0.052777	-0.004760	0.005016
5845	0.049417	0.009348	0.008662
5846	0.044204	0.019314	0.016967
5847	0.038925	-0.000655	0.024849
5848	0.035903	-0.007702	0.027941
5849	0.033833	-0.005639	0.025622
5850	0.033317	0.005796	0.026288
5851	0.026493	0.016320	0.029924
5852	0.023177	0.019055	0.032991
5853	0.014254	0.025709	0.035572
5854	0.015724	0.045561	0.042504
5855	0.015306	0.045267	0.046520
5856	0.016176	0.060185	0.065098
5857	0.014734	0.042499	0.081315
5858	0.012868	0.021426	0.089032
5859	0.021977	0.010575	0.089415
5860	0.022735	-0.011122	0.093271
5861	0.018808	-0.025003	0.087143
5862	0.019836	0.008228	0.099916
5863	0.023888	0.017531	0.115435
5864	0.021922	0.023692	0.120656
5865	0.021356	-0.004265	0.130229
5866	0.018623	-0.013718	0.135402
5867	0.019211	-0.029162	0.139435
5868	0.009601	-0.036460	0.139500
5869	0.006648	-0.032296	0.142585
5870	0.007113	-0.010833	0.139321
5871	0.011492	0.021899	0.133898
5872	0.014115	0.011510	0.129840
5873	0.013924	-0.013057	0.126076
5874	0.015134	-0.005246	0.126145
5875	0.010527	0.000045	0.116266
5876	0.007307	0.007511	0.108909
5877	0.000455	0.005558	0.112899
5878	0.001189	-0.009372	0.118506
5879	0.000136	-0.038540	0.120770
5880	0.009468	-0.040322	0.118696
5881	0.014425	-0.023075	0.119648
5882	0.019088	-0.031901	0.116388
5883	0.015775	-0.017613	0.115016
5884	0.014307	-0.023481	0.110917
5885	0.014082	-0.008788	0.114603
5886	0.012645	-0.013858	0.116113
5887	0.006465	-0.021272	0.120910
5888	0.002880	0.006528	0.128007
5889	0.003955	0.004752	0.129052
5890	0.005174	-0.021804	0.129426
5891	0.003450	0.010374	0.130349
5892	0.001556	-0.006404	0.134416
5893	-0.002009	-0.011981	0.130720
5894	-0.005662	-0.004447	0.129229
5895	-0.008433	-0.017960	0.129629
5896	-0.013660	-0.004417	0.127313
5897	-0.018618	0.014642	0.132226
5898	-0.020323	0.012247	0.134771
5899	-0.028214	0.017056	0.132929
5900	-0.036916	-0.003182	0.131410
5901	-0.036709	-0.005276	0.132183
5902	-0.034295	-0.000690	0.129458
5903	-0.028109	0.000896	0.121151
5904	-0.024479	-0.015483	0.118560
5905	-0.027696	-0.023547	0.109061
5906	-0.033786	-0.035161	0.100551
5907	-0.035630	-0.033467	0.090821
5908	-0.024506	-0.011882	0.084181
5909	-0.011651	-0.013766	0.082512
5910	-0.009385	-0.021153	0.078871
5911	-0.007650	-0.003069	0.079687
5912	-0.005473	-0.014703	0.079192
5913	-0.002903	-0.005102	0.075383
5914	-0.002647	0.013177	0.068899
5915	-0.000193	0.010605	0.058404
5916	-0.000865	0.002783	0.048896
5917	0.000496	0.034585	0.042334
5918	0.003418	0.022175	0.034371
5919	-0.000953	-0.001705	0.032598
5920	-0.004564	0.009373	0.027782
5921	-0.003070	-0.003343	0.018340
5922	-0.003069	-0.024439	0.009606
5923	-0.008879	-0.001841	0.014681
5924	-0.010894	0.007877	0.010540
5925	-0.013561	0.032961	0.009281
5926	-0.018385	0.006221	0.005237
5927	-0.017652	0.006259	0.006588
5928	-0.017619	0.010918	-0.000710
5929	-0.015291	-0.003768	-0.008998
5930	-0.014469	-0.018006	-0.016249
5931	-0.009144	-0.009968	-0.022016
5932	-0.004159	-0.006275	-0.025664
5933	-0.001143	-0.013068	-0.031142
5934	0.000756	-0.013318	-0.026794
5935	0.001312	-0.024844	-0.029241
5936	0.003832	-0.024828	-0.030177
5937	0.003480	0.004102	-0.032297
5938	0.006609	0.001557	-0.036498
5939	0.004702	0.017122	-0.044486
5940	-0.001671	-0.001572	-0.047994
5941	-0.009251	0.012187	-0.049493
5942	-0.019673	0.013586	-0.048546
5943	-0.030288	-0.011432	-0.042549
5944	-0.037262	-0.004510	-0.041655
5945	-0.037173	-0.001256	-0.036090
5946	-0.034818	-0.003444	-0.035334
5947	-0.032778	0.000897	-0.035986
5948	-0.032388	0.005743	-0.036777
5949	-0.028089	0.005559	-0.027984
5950	-0.023529	-0.007424	-0.023897
5951	-0.019333	0.003353	-0.021355
5952	-0.018023	-0.005700	-0.018857
5953	-0.021351	-0.017944	-0.013378
5954	-0.021156	-0.007401	-0.010014
5955	-0.022565	-0.000512	-0.012064
5956	-0.027863	-0.010244	-0.013474
5957	-0.038406	-0.025757	-0.012135
5958	-0.046610	-0.005197	0.003079
5959	-0.046683	-0.007645	0.011651
5960	-0.048351	-0.011896	0.018638
5961	-0.051702	-0.012009	0.017776
5962	-0.055280	-0.014565	0.024896
5963	-0.059207	-0.024738	0.028054
5964	-0.056723	0.005993	0.032741
5965	-0.048840	-0.000610	0.031505
5966	-0.051099	0.002857	0.038956
5967	-0.048132	0.003402	0.031123
5968	-0.048177	0.012506	0.030464
5969	-0.046777	0.001011	0.031011
5970	-0.046888	-0.003906	0.027339
5971	-0.043602	0.030530	0.022967
5972	-0.051368	0.036803	0.024316
5973	-0.058874	0.006381	0.024301
5974	-0.067570	0.030398	0.028760
5975	-0.072228	0.018745	0.031096
5976	-0.069476	0.028601	0.034467
5977	-0.073603	0.053128	0.038817
5978	-0.068914	0.058486	0.044394
5979	-0.073034	0.044125	0.043067
5980	-0.082539	0.029855	0.049249
5981	-0.085630	0.016115	0.049128
5982	-0.088909	0.005668	0.049161
5983	-0.089391	0.014257	0.054856
5984	-0.088480	-0.014242	0.058495
5985	-0.085108	0.009990	0.058989
5986	-0.074389	0.004361	0.059782
5987	-0.072546	0.000557	0.058021
5988	-0.076170	-0.007475	0.051350
5989	-0.078402	0.001778	0.048288
5990	-0.080838	-0.020034	0.047394
5991	-0.081372	-0.017669	0.055565
5992	-0.080070	-0.001689	0.063353
5993	-0.076904	-0.001063	0.064249
5994	-0.081828	0.000882	0.069482
5995	-0.093734	-0.003341	0.072196
5996	-0.098026	-0.001953	0.085039
5997	-0.099762	-0.018192	0.091327
5998	-0.100110	-0.018509	0.094416
5999	-0.097162	-0.005471	0.088988
6000	-0.095970	-0.000154	0.085687
6001	-0.093496	0.004959	0.086700
6002	-0.097540	0.002734	0.076600
6003	-0.096928	-0.003492	0.064488
6004	-0.087567	-0.007823	0.058199
6005	-0.075457	-0.008229	0.060119
6006	-0.066675	-0.023892	0.055813
6007	-0.065129	-0.023258	0.050202
6008	-0.066698	-0.024539	0.045419
6009	-0.067763	-0.015502	0.045090
6010	-0.074850	-0.032124	0.048062
6011	-0.073926	-0.035778	0.037820
6012	-0.077329	-0.022652	0.034606
6013	-0.080397	-0.020500	0.032824
6014	-0.073737	-0.016342	0.034875
6015	-0.069966	-0.016569	0.045731
6016	-0.066688	-0.005157	0.042008
6017	-0.060528	-0.011426	0.035968
6018	-0.060198	0.000750	0.029069
6019	-0.065333	-0.016534	0.029859
6020	-0.064161	-0.030151	0.033485
6021	-0.068494	-0.023285	0.031762
6022	-0.074051	0.016279	0.014567
6023	-0.071037	0.025087	0.017436
6024	-0.068447	0.025895	0.014360
6025	-0.073518	0.004379	0.007661
6026	-0.077171	0.021592	0.010232
6027	-0.075521	0.012620	0.012551
6028	-0.073319	0.018730	0.012771
6029	-0.068211	0.030436	0.015852
6030	-0.062812	0.021887	0.016855
6031	-0.056108	0.020171	0.021657
6032	-0.052212	0.007643	0.017735
6033	-0.047564	0.005347	0.022223
6034	-0.050676	-0.001495	0.022531
6035	-0.048128	0.011004	0.023331
6036	-0.040710	0.005991	0.025867
6037	-0.033429	-0.004566	0.034652
6038	-0.034108	-0.006841	0.038111
6039	-0.029856	0.000105	0.041232
6040	-0.027044	-0.024560	0.046756
6041	-0.023408	-0.014081	0.049504
6042	-0.015121	-0.009582	0.058348
6043	-0.019018	-0.019569	0.058927
6044	-0.018955	-0.011762	0.057329
6045	-0.021536	-0.007981	0.051741
6046	-0.018463	-0.001758	0.043289
6047	-0.015778	-0.001070	0.039766
6048	-0.006217	0.020898	0.034237
6049	-0.001706	0.007757	0.031201
6050	-0.005449	0.008678	0.025630
6051	-0.005474	0.001650	0.018385
6052	-0.001120	0.003862	0.012045
6053	0.007138	-0.002707	0.008172
6054	0.012340	-0.011919	0.001691
6055	0.008724	-0.023409	-0.001487
6056	0.005097	-0.034243	-0.009195
6057	0.003362	-0.037397	-0.024174
6058	0.004322	-0.024153	-0.027665
6059	0.006307	-0.013743	-0.028853
6060	0.007939	-0.044733	-0.029454
6061	0.010898	-0.028349	-0.031980
6062	0.017235	-0.015127	-0.040718
6063	0.022667	-0.025134	-0.039634
6064	0.028346	-0.027483	-0.045278
6065	0.030379	-0.044171	-0.046447
6066	0.034359	-0.025782	-0.045541
6067	0.038846	-0.022504	-0.049413
6068	0.044152	-0.002338	-0.053141
6069	0.045416	0.008073	-0.055990
6070	0.047247	-0.015818	-0.066432
6071	0.041741	-0.028177	-0.064522
6072	0.041308	-0.008002	-0.067685
6073	0.035194	-0.034071	-0.064723
6074	0.031837	-0.031864	-0.061711
6075	0.026953	0.016043	-0.060689
6076	0.026120	0.016238	-0.064272
6077	0.026307	-0.002590	-0.065755
6078	0.017771	0.003039	-0.075340
6079	0.005431	-0.006535	-0.077752
6080	-0.000679	0.000456	-0.075757
6081	-0.004443	0.009550	-0.069961
6082	-0.003157	0.018697	-0.071324
6083	0.002327	0.000656	-0.065170
6084	0.011628	-0.028423	-0.051301
6085	0.016596	-0.018954	-0.048328
6086	0.016122	-0.040626	-0.031213
6087	0.007959	-0.033392	-0.019167
6088	0.001360	-0.042662	-0.016982
6089	-0.004147	-0.013243	-0.025428
6090	-0.005199	0.002201	-0.021383
6091	-0.007907	0.016612	-0.021240
6092	-0.014421	0.035410	-0.018661
6093	-0.021751	-0.005433	-0.015549
6094	-0.029694	-0.017386	-0.018249
6095	-0.037645	-0.012161	-0.015930
6096	-0.049746	-0.013099	-0.004124
6097	-0.055042	-0.015345	0.003176
6098	-0.056686	-0.000333	0.003142
6099	-0.057667	-0.001695	-0.003385
6100	-0.059908	-0.011701	-0.007321
6101	-0.065557	-0.015615	-0.016885
6102	-0.069292	-0.009394	-0.022047
6103	-0.075633	-0.028478	-0.024168
6104	-0.077031	-0.005943	-0.019693
6105	-0.079357	-0.016778	-0.016573
6106	-0.076016	-0.033398	-0.015597
6107	-0.073619	-0.026489	-0.016296
6108	-0.073047	-0.011816	-0.019342
6109	-0.072101	-0.006701	-0.020563
6110	-0.071940	-0.007016	-0.022600
6111	-0.069517	-0.024652	-0.029848
6112	-0.059826	-0.017433	-0.029629
6113	-0.038035	0.004420	-0.026561
6114	-0.024348	0.009865	-0.023445
6115	-0.008909	0.028570	-0.024112
6116	-0.003617	-0.004708	-0.023066
6117	0.002407	-0.014676	-0.029450
6118	0.011590	0.013790	-0.021997
6119	0.020200	-0.017541	-0.021072
6120	0.023881	-0.020864	-0.022444
6121	0.016373	-0.018240	-0.018490
6122	0.015063	-0.020517	-0.008754
6123	0.014826	-0.000726	-0.006414
6124	0.014332	0.032228	-0.005956
6125	0.016521	0.030520	-0.007101
6126	0.023420	0.010974	-0.006906
6127	0.022761	0.006705	-0.002750
6128	0.015492	0.007647	0.002357
6129	-0.000377	0.008147	0.006446
6130	-0.009879	0.013725	0.010891
6131	-0.016237	0.019641	0.017080
6132	-0.029336	0.014867	0.021683
6133	-0.032198	-0.018799	0.028384
6134	-0.042709	-0.038091	0.024923
6135	-0.039829	-0.015249	0.021623
6136	-0.040777	-0.010477	0.022845
6137	-0.035948	-0.016375	0.023303
6138	-0.030368	-0.012872	0.027761
6139	-0.025075	0.002242	0.033699
6140	-0.017005	-0.006859	0.043555
6141	-0.010897	-0.014833	0.049710
6142	-0.005818	-0.006251	0.060298
6143	0.000176	0.010635	0.065314
6144	0.003775	-0.016109	0.073556
6145	0.010212	-0.005633	0.067804
6146	0.016048	0.001076	0.065733
6147	0.021171	-0.023650	0.070170
6148	0.020732	0.000764	0.079962
6149	0.019483	0.022719	0.079225
6150	0.016199	0.016450	0.083489
6151	0.015142	0.028139	0.092073
6152	0.016227	0.035397	0.092533
6153	0.017548	0.040302	0.099694
6154	0.014600	0.013498	0.102394
6155	0.010816	-0.007810	0.094634
6156	0.012008	-0.007973	0.097062
6157	0.011208	0.005102	0.101827
6158	0.009022	-0.009085	0.103098
6159	0.018688	-0.022139	0.099591
6160	0.022731	-0.018426	0.104857
6161	0.026134	-0.018876	0.108642
6162	0.021706	-0.010698	0.107700
6163	0.018229	-0.030234	0.103191
6164	0.017803	-0.002115	0.097998
6165	0.016440	-0.000771	0.090816
6166	0.018953	0.007912	0.089598
6167	0.015275	-0.003367	0.088680
6168	0.013366	-0.003981	0.083817
6169	0.019990	-0.001844	0.076854
6170	0.016830	-0.034615	0.067204
6171	0.013437	-0.020208	0.063540
6172	0.007574	-0.005017	0.059901
6173	0.003728	-0.016954	0.066187
6174	0.007524	-0.008686	0.060482
6175	0.008776	-0.046749	0.053445
6176	0.006753	-0.011283	0.052752
6177	0.007762	-0.015523	0.050964
6178	0.008807	-0.023729	0.047112
6179	0.008566	-0.006972	0.052495
6180	0.011787	-0.013787	0.059364
6181	0.020753	0.022811	0.068601
6182	0.028425	0.006562	0.069819
6183	0.032930	-0.009112	0.079420
6184	0.034367	0.021924	0.086638
6185	0.035167	-0.002216	0.095450
6186	0.040201	-0.003650	0.100074
6187	0.040510	0.001483	0.102860
6188	0.046881	0.017315	0.103202
6189	0.049483	-0.018402	0.106024
6190	0.050121	-0.020280	0.108335
6191	0.045301	-0.004820	0.104606
6192	0.050728	-0.002072	0.100532
6193	0.053041	-0.018434	0.092696
6194	0.060211	-0.008223	0.089971
6195	0.065091	-0.011228	0.091064
6196	0.071105	0.025813	0.081301
6197	0.070120	0.014271	0.078799
6198	0.064440	0.014862	0.068754
6199	0.061438	0.024605	0.072014
6200	0.054687	0.011547	0.070120
6201	0.049792	-0.010440	0.061969
6202	0.042172	-0.004890	0.062839
6203	0.036006	0.009474	0.062018
6204	0.033369	-0.016083	0.058907
6205	0.026499	0.000824	0.055728
6206	0.021217	-0.018197	0.048245
6207	0.012755	-0.005054	0.047634
6208	0.009886	-0.015528	0.048038
6209	0.008294	-0.007303	0.054564
6210	0.004075	-0.020093	0.049679
6211	0.007204	-0.003724	0.053900
6212	0.002114	0.019886	0.046755
6213	-0.015538	0.022816	0.044942
6214	-0.023462	0.000836	0.039446
6215	-0.022315	-0.014329	0.026272
6216	-0.017037	0.013338	0.022453
6217	-0.012556	0.015292	0.011434
6218	-0.004907	0.003193	0.014451
6219	-0.005108	0.026556	0.007679
6220	-0.010998	0.014352	0.009153
6221	-0.013131	-0.030118	0.002637
6222	-0.013979	-0.010971	-0.002358
6223	-0.016348	-0.018926	0.000193
6224	-0.019394	-0.010712	-0.002692
6225	-0.017714	0.001504	0.001948
6226	-0.013332	0.003109	-0.000977
6227	-0.007053	-0.019766	-0.002583
6228	-0.002562	-0.024426	-0.002171
6229	-0.004236	-0.023628	-0.004068
6230	-0.006236	-0.027229	-0.003732
6231	-0.003691	-0.015431	-0.005368
6232	-0.003663	-0.020409	0.002164
6233	-0.005526	-0.021939	0.008044
6234	-0.004928	-0.008631	0.015762
6235	-0.005021	0.006887	0.016366
6236	-0.003611	0.003313	0.001262
6237	-0.001220	0.030488	0.000955
6238	-0.002062	0.002912	0.000205
6239	-0.004576	-0.003099	0.008231
6240	-0.003324	0.003379	0.023836
6241	-0.001485	-0.009584	0.025819
6242	0.005335	0.000247	0.022331
6243	0.004651	-0.004724	0.024608
6244	-0.005927	0.009383	0.030165
6245	-0.013259	0.015207	0.034992
6246	-0.012938	0.026488	0.033531
6247	-0.011453	0.017827	0.031808
6248	-0.007791	0.004315	0.031844
6249	-0.006495	0.006468	0.033208
6250	-0.004243	-0.009918	0.030614
6251	-0.002270	0.014455	0.036618
6252	-0.001316	0.027713	0.042621
6253	0.004702	0.034831	0.043281
6254	0.000697	0.033134	0.039499
6255	-0.002474	0.020568	0.029758
6256	-0.007685	0.020645	0.023963
6257	-0.005136	0.016636	0.024959
6258	0.000724	0.018647	0.018520
6259	-0.000793	-0.004194	0.014986
6260	-0.005896	-0.035540	0.011512
6261	-0.018663	-0.029256	0.013747
6262	-0.020630	-0.001677	0.008342
6263	-0.020476	0.006441	0.005203
6264	-0.023963	0.011567	-0.006364
6265	-0.021776	-0.012730	-0.011547
6266	-0.022994	0.014269	-0.013720
6267	-0.019592	0.010679	-0.016509
6268	-0.012011	0.000448	-0.022998
6269	-0.000241	-0.017607	-0.020341
6270	0.009585	-0.001438	-0.021851
6271	0.018048	-0.011667	-0.019807
6272	0.025695	-0.000410	-0.017002
6273	0.029476	-0.001854	-0.013478
6274	0.036326	0.012047	-0.010329
6275	0.037811	0.022418	-0.002624
6276	0.032625	0.016128	-0.004882
6277	0.030334	0.000277	-0.005787
6278	0.031775	-0.029864	0.001376
6279	0.031511	0.002276	0.002652
6280	0.026210	0.006479	0.008061
6281	0.022360	-0.026829	0.005284
6282	0.011554	0.002357	0.007864
6283	-0.002412	-0.023619	-0.007591
6284	-0.001936	-0.038350	-0.013840
6285	-0.009389	-0.019754	-0.019451
6286	-0.005995	-0.024934	-0.032519
6287	-0.008788	-0.026059	-0.041990
6288	-0.014009	-0.024939	-0.045944
6289	-0.015609	-0.020418	-0.043293
6290	-0.012798	0.001416	-0.037766
6291	-0.010826	0.016714	-0.031102
6292	-0.016714	0.022181	-0.032380
6293	-0.016512	0.007746	-0.030249
6294	-0.019918	0.020143	-0.025640
6295	-0.025773	0.017793	-0.020088
6296	-0.027362	-0.005975	-0.013471
6297	-0.030924	0.010021	-0.009514
6298	-0.029187	0.029782	0.003503
6299	-0.029802	0.015387	0.014911
6300	-0.036192	0.036341	0.022507
6301	-0.036991	0.003681	0.027878
6302	-0.040983	0.013819	0.022695
6303	-0.036143	0.006775	0.022761
6304	-0.037640	0.004346	0.019480
6305	-0.031315	0.021050	0.024903
6306	-0.032531	0.009696	0.033308
6307	-0.033381	0.010783	0.045252
6308	-0.039131	-0.015668	0.051319
6309	-0.035721	-0.041234	0.050890
6310	-0.021793	-0.020371	0.044985
6311	-0.012891	-0.031426	0.039397
6312	-0.006664	-0.005378	0.041060
6313	0.002397	-0.024867	0.043474
6314	0.012036	-0.038971	0.043690
6315	0.009999	-0.033340	0.052373
6316	0.015237	-0.036049	0.051608
6317	0.003182	-0.045370	0.061319
6318	-0.017576	-0.036673	0.064995
6319	-0.032950	-0.021772	0.068651
6320	-0.043315	-0.015258	0.070099
6321	-0.045812	-0.048882	0.069074
6322	-0.043014	-0.027240	0.059575
6323	-0.045563	-0.015799	0.047496
6324	-0.050254	0.001421	0.042333
6325	-0.055301	0.003771	0.041506
6326	-0.049140	0.013108	0.038396
6327	-0.049253	0.030747	0.037772
6328	-0.049302	0.030075	0.038120
6329	-0.049553	0.013442	0.036879
6330	-0.054111	0.013446	0.031489
6331	-0.052779	0.025632	0.030570
6332	-0.053098	0.025576	0.027060
6333	-0.047650	-0.002983	0.025827
6334	-0.047038	0.002987	0.019581
6335	-0.049962	0.019955	0.017422
6336	-0.051141	0.030969	0.013734
6337	-0.052852	-0.015140	0.015624
6338	-0.060320	-0.014456	0.016127
6339	-0.059522	-0.019924	0.021999
6340	-0.060576	-0.011108	0.024128
6341	-0.068606	-0.027326	0.020329
6342	-0.073238	-0.016490	0.026924
6343	-0.067266	0.012090	0.033188
6344	-0.064916	0.001298	0.039116
6345	-0.064889	-0.006269	0.038301
6346	-0.067387	-0.008061	0.046945
6347	-0.071562	0.007682	0.048295
6348	-0.072702	0.022690	0.041771
6349	-0.069268	0.018830	0.036876
6350	-0.069223	0.014264	0.035028
6351	-0.075910	-0.011730	0.027208
6352	-0.072044	-0.015797	0.018537
6353	-0.072583	0.002956	0.013803
6354	-0.072086	0.026426	0.006978
6355	-0.067438	0.037549	0.010530
6356	-0.065723	0.032788	0.006431
6357	-0.072767	-0.010011	0.007810
6358	-0.084154	-0.009209	0.010547
6359	-0.083883	0.008847	0.011667
6360	-0.091877	0.026446	0.007596
6361	-0.096132	0.005997	0.007404
6362	-0.100107	0.016004	0.005052
6363	-0.112618	-0.023840	0.000486
6364	-0.122913	-0.007431	-0.000993
6365	-0.124904	-0.006548	-0.001846
6366	-0.128893	-0.021986	-0.009747
6367	-0.133026	-0.005177	0.003794
6368	-0.138117	-0.000139	0.011553
6369	-0.132901	0.013537	0.005542
6370	-0.124817	-0.008277	0.012950
6371	-0.124313	-0.026859	0.001253
6372	-0.128973	-0.024670	-0.001609
6373	-0.128758	-0.017462	-0.007908
6374	-0.121529	-0.017855	-0.022453
6375	-0.111842	-0.001414	-0.039767
6376	-0.108536	-0.012807	-0.051217
6377	-0.108192	-0.011471	-0.060083
6378	-0.109966	0.004752	-0.059943
6379	-0.105067	-0.003335	-0.053486
6380	-0.098390	-0.004454	-0.043438
6381	-0.086543	0.000799	-0.043520
6382	-0.073474	-0.021575	-0.046137
6383	-0.067226	-0.007618	-0.054430
6384	-0.058215	0.001471	-0.051299
6385	-0.045835	-0.016598	-0.060161
6386	-0.042690	0.000693	-0.063620
6387	-0.042384	-0.001126	-0.062666
6388	-0.047914	-0.015526	-0.066745
6389	-0.048815	0.008938	-0.068974
6390	-0.050393	0.014254	-0.067554
6391	-0.051060	0.002655	-0.070950
6392	-0.053731	0.032402	-0.067363
6393	-0.049699	0.029818	-0.073902
6394	-0.045130	0.034508	-0.085362
6395	-0.039620	0.001779	-0.086690
6396	-0.031205	0.034468	-0.092576
6397	-0.024952	0.038591	-0.092025
6398	-0.018688	0.045536	-0.092798
6399	-0.015437	0.020865	-0.095044
6400	-0.010375	0.016350	-0.095395
6401	-0.005889	0.025311	-0.084954
6402	-0.008201	0.035765	-0.078019
6403	-0.004507	-0.000490	-0.072336
6404	0.003868	0.012353	-0.073855
6405	0.015687	0.044943	-0.075989
6406	0.019547	0.033090	-0.076984
6407	0.018625	0.021774	-0.074746
6408	0.016316	0.012517	-0.069460
6409	0.009282	-0.004015	-0.067623
6410	0.012960	-0.010379	-0.064647
6411	0.016834	-0.014267	-0.060323
6412	0.015914	-0.021324	-0.056187
6413	0.017979	-0.004575	-0.058693
6414	0.018881	0.006300	-0.040412
6415	0.020128	0.019252	-0.041161
6416	0.027780	0.026826	-0.038264
6417	0.037324	0.016902	-0.034006
6418	0.043848	0.025203	-0.035049
6419	0.038619	0.026501	-0.036476
6420	0.034344	0.028613	-0.028179
6421	0.017626	0.031640	-0.017750
6422	0.011586	0.014314	-0.010235
6423	0.000783	0.018192	-0.007177
6424	-0.001720	0.024025	0.004883
6425	-0.001459	0.008746	0.007541
6426	0.001613	0.001806	0.015073
6427	-0.008549	0.027357	0.024039
6428	-0.015289	0.023478	0.035102
6429	-0.022725	0.029301	0.044195
6430	-0.024185	0.025196	0.047226
6431	-0.031290	0.013891	0.052729
6432	-0.024891	-0.001590	0.054114
6433	-0.023502	-0.022375	0.060411
6434	-0.031679	-0.012167	0.057935
6435	-0.040629	-0.008550	0.048667
6436	-0.042681	-0.023209	0.039647
6437	-0.039742	-0.023643	0.027875
6438	-0.037763	0.004998	0.020122
6439	-0.042178	-0.012306	0.014392
6440	-0.050135	0.007612	0.004751
6441	-0.056293	0.036674	0.003545
6442	-0.064631	0.041700	0.011110
6443	-0.074743	0.013636	0.008694
6444	-0.082122	0.029829	0.014474
6445	-0.093437	0.016133	0.013454
6446	-0.088505	0.023857	0.008425
6447	-0.088180	0.022109	0.001639
6448	-0.082706	0.015571	-0.003539
6449	-0.080205	0.007331	-0.014543
6450	-0.068500	0.007149	-0.015768
6451	-0.059782	0.010029	-0.015943
6452	-0.038110	0.001061	-0.015611
6453	-0.028102	-0.004111	-0.017862
6454	-0.017751	0.018859	-0.024944
6455	-0.013476	-0.002773	-0.022245
6456	-0.003887	0.024392	-0.021842
6457	0.005996	0.006847	-0.023369
6458	0.014401	-0.014305	-0.023892
6459	0.022313	0.002024	-0.021152
6460	0.027754	0.017843	-0.016393
6461	0.029962	0.013244	-0.014635
6462	0.023634	0.009747	-0.017371
6463	0.024867	-0.010889	-0.017500
6464	0.023691	-0.010403	-0.014586
6465	0.012904	0.011002	-0.008651
6466	0.003045	0.003115	-0.002545
6467	-0.004173	0.000978	-0.003648
6468	-0.000158	0.040512	-0.004304
6469	-0.001951	0.035926	-0.005708
6470	-0.010678	0.005396	-0.009869
6471	-0.010383	0.003468	-0.006036
6472	-0.006861	0.025849	-0.005025
6473	-0.009950	0.009366	-0.016612
6474	-0.010579	0.012769	-0.018501
6475	-0.001801	0.003032	-0.022339
6476	0.002879	0.008966	-0.025256
6477	0.007264	0.011067	-0.024589
6478	0.017015	0.035531	-0.025981
6479	0.019799	0.026217	-0.022478
6480	0.025995	0.016142	-0.016973
6481	0.039679	0.009185	-0.019469
6482	0.045578	0.016438	-0.021318
6483	0.039226	-0.001748	-0.018096
6484	0.044767	0.010063	-0.018772
6485	0.050484	0.003332	-0.023052
6486	0.055085	0.003642	-0.032202
6487	0.052956	-0.015164	-0.036668
6488	0.060358	-0.008863	-0.048785
6489	0.065121	0.001196	-0.047467
6490	0.076609	0.005402	-0.050799
6491	0.078608	-0.005149	-0.046088
6492	0.081059	0.001359	-0.038448
6493	0.081900	0.046715	-0.036617
6494	0.079709	0.025125	-0.030118
6495	0.071562	0.009178	-0.036463
6496	0.065434	0.027680	-0.031202
6497	0.057873	0.017969	-0.030605
6498	0.051233	0.030377	-0.028567
6499	0.039689	0.015709	-0.027197
6500	0.034932	0.011503	-0.017642
6501	0.037912	0.019495	-0.006553
6502	0.035326	0.017410	-0.014257
6503	0.030388	-0.005254	-0.012321
6504	0.025990	0.009795	-0.006137
6505	0.020194	0.014163	-0.000736
6506	0.015520	0.013701	0.009882
6507	0.009539	0.031339	0.015319
6508	0.002864	0.023696	0.018726
6509	0.007423	0.000098	0.030183
6510	0.006338	-0.016668	0.040152
6511	-0.002217	0.002284	0.043125
6512	-0.007100	0.013378	0.051960
6513	-0.010533	0.002769	0.061853
6514	-0.011454	0.023863	0.069915
6515	-0.017672	0.028724	0.071161
6516	-0.015301	0.003569	0.077894
6517	-0.019691	0.009370	0.079436
6518	-0.016676	-0.013918	0.082355
6519	-0.012709	-0.006065	0.090849
6520	-0.004401	0.009451	0.104699
6521	-0.004500	-0.015446	0.104032
6522	-0.003368	0.006638	0.106246
6523	-0.004912	0.011493	0.109516
6524	-0.009942	-0.009535	0.107569
6525	-0.012310	-0.016638	0.103697
6526	-0.003926	-0.002476	0.097237
6527	0.010038	-0.007953	0.087277
6528	0.015446	0.021172	0.073599
6529	0.016260	0.013444	0.062862
6530	0.017591	0.028306	0.061143
6531	0.027597	0.007613	0.050512
6532	0.038427	0.045435	0.043232
6533	0.052889	0.045586	0.039251
6534	0.057525	0.040073	0.030572
6535	0.060603	0.017616	0.030545
6536	0.063043	0.016519	0.028719
6537	0.067604	0.007070	0.027380
6538	0.065461	0.009097	0.025308
6539	0.059621	-0.003294	0.026147
6540	0.055522	-0.010565	0.027170
6541	0.041240	0.013049	0.031504
6542	0.036470	0.031483	0.025590
6543	0.033341	0.016342	0.021501
6544	0.032718	-0.012263	0.019757
6545	0.026661	-0.003842	0.022899
6546	0.023532	-0.018182	0.028181
6547	0.017164	-0.009162	0.029255
6548	0.016559	-0.003487	0.019044
6549	0.018165	-0.001804	0.019326
6550	0.021867	0.006427	0.012641
6551	0.020167	-0.000415	0.012164
6552	0.021133	0.025903	0.013255
6553	0.021553	0.025708	0.010820
6554	0.023840	0.016950	0.019221
6555	0.021523	0.022040	0.027345
6556	0.016891	0.010016	0.024244
6557	0.015475	-0.011572	0.029182
6558	0.014564	-0.026647	0.034617
6559	0.010873	-0.021997	0.029641
6560	0.005664	-0.011238	0.035832
6561	-0.003399	-0.011950	0.030023
6562	-0.008415	0.002380	0.023720
6563	-0.010874	-0.010720	0.024184
6564	-0.008511	-0.015345	0.029201
6565	-0.004197	0.006052	0.035831
6566	-0.000068	0.023112	0.038729
6567	-0.000800	-0.000017	0.046472
6568	-0.003587	0.026521	0.039731
6569	-0.003091	0.037617	0.041746
6570	0.000472	0.001073	0.038203
6571	0.005019	0.018971	0.047064
6572	0.002690	-0.006315	0.048271
6573	-0.002826	0.015028	0.053113
6574	-0.010062	0.011549	0.053846
6575	-0.009009	0.018298	0.048191
6576	-0.012764	0.030432	0.044429
6577	-0.019101	0.003858	0.047562
6578	-0.017489	-0.002508	0.058007
6579	-0.020728	-0.003128	0.059318
6580	-0.031486	-0.004769	0.055381
6581	-0.038550	-0.004790	0.051996
6582	-0.047127	-0.008808	0.038143
6583	-0.049168	-0.020182	0.042333
6584	-0.054366	-0.035233	0.046661
6585	-0.052453	-0.000856	0.048875
6586	-0.057686	-0.005699	0.053717
6587	-0.056056	0.016975	0.054236
6588	-0.055469	0.014898	0.051877
6589	-0.057348	0.014100	0.040426
6590	-0.054460	-0.001889	0.044084
6591	-0.054476	-0.008331	0.045800
6592	-0.056154	0.005758	0.046458
6593	-0.058330	0.009184	0.046625
6594	-0.059090	0.019867	0.029181
6595	-0.066316	0.007707	0.020639
6596	-0.068035	-0.003904	0.013514
6597	-0.067248	0.003389	0.007680
6598	-0.068231	0.034396	0.005320
6599	-0.070199	0.024731	-0.000849
6600	-0.067413	0.026481	-0.004030
6601	-0.062735	0.011211	-0.008806
6602	-0.068402	0.036520	-0.013916
6603	-0.068597	0.015218	-0.020732
6604	-0.062600	-0.027048	-0.026380
6605	-0.046835	-0.044458	-0.037214
6606	-0.035532	-0.036436	-0.034756
6607	-0.022368	-0.014084	-0.038861
6608	-0.008042	-0.018979	-0.045609
6609	0.003152	-0.022281	-0.053601
6610	0.013925	-0.037257	-0.053926
6611	0.027389	-0.038933	-0.054148
6612	0.029611	-0.033995	-0.050322
6613	0.023599	-0.027495	-0.036642
6614	0.015802	-0.017388	-0.035167
6615	0.007003	0.007413	-0.038340
6616	0.001848	0.034012	-0.042383
6617	-0.001516	-0.011811	-0.039070
6618	0.004537	0.026104	-0.037947
6619	-0.000577	0.010260	-0.031831
6620	0.001052	-0.005740	-0.019605
6621	-0.001091	0.006393	-0.010751
6622	-0.005251	0.015583	-0.017892
6623	-0.003765	0.005807	-0.024231
6624	0.000975	0.005997	-0.022091
6625	0.001766	0.007342	-0.021570
6626	-0.006443	-0.004828	-0.023112
6627	-0.016206	0.028990	-0.019179
6628	-0.022388	0.010873	-0.021748
6629	-0.028234	-0.003265	-0.028527
6630	-0.031477	-0.007944	-0.031403
6631	-0.037455	-0.006332	-0.030513
6632	-0.044183	0.005298	-0.033930
6633	-0.052811	0.007071	-0.035267
6634	-0.057298	-0.009318	-0.032650
6635	-0.059361	0.019300	-0.029703
6636	-0.057945	0.035680	-0.022382
6637	-0.055386	0.039151	-0.023851
6638	-0.054243	0.034715	-0.027417
6639	-0.049421	0.036082	-0.039553
6640	-0.040532	0.016885	-0.041627
6641	-0.028825	0.011219	-0.046208
6642	-0.022827	0.003319	-0.049188
6643	-0.021511	-0.002055	-0.055584
6644	-0.021190	-0.010487	-0.059289
6645	-0.017333	0.025179	-0.071887
6646	-0.010525	0.008484	-0.070251
6647	-0.007619	-0.006891	-0.083327
6648	-0.001928	0.010428	-0.093652
6649	0.000537	0.001224	-0.101251
6650	0.016208	-0.019485	-0.105299
6651	0.024470	-0.008012	-0.107989
6652	0.036940	0.016248	-0.107174
6653	0.037834	0.026576	-0.106734
6654	0.040798	0.004426	-0.111068
6655	0.044661	0.023031	-0.116955
6656	0.042552	0.023614	-0.118351
6657	0.039224	-0.022413	-0.122422
6658	0.041711	-0.034404	-0.119242
6659	0.030952	-0.012992	-0.116373
6660	0.029104	-0.006275	-0.115913
6661	0.020632	-0.018384	-0.117565
6662	0.025416	-0.010050	-0.114148
6663	0.022714	-0.000624	-0.106953
6664	0.017458	0.006588	-0.097185
6665	0.017364	-0.003958	-0.091683
6666	0.017137	-0.013678	-0.083454
6667	0.018566	-0.002060	-0.083348
6668	0.017363	-0.000732	-0.080317
6669	0.007809	0.003636	-0.082494
6670	0.005976	0.005021	-0.074241
6671	0.009616	0.007391	-0.074933
6672	0.010464	0.029929	-0.074872
6673	0.009794	0.023068	-0.075203
6674	0.006613	0.019899	-0.081656
6675	0.010690	0.019725	-0.084744
6676	0.010485	-0.007839	-0.086219
6677	0.016501	-0.014109	-0.087439
6678	0.023051	0.031288	-0.082867
6679	0.035549	0.007803	-0.084433
6680	0.040143	-0.008025	-0.091125
6681	0.044202	0.013336	-0.087941
6682	0.054931	0.015136	-0.090468
6683	0.061122	-0.016751	-0.090498
6684	0.062277	-0.004460	-0.089684
6685	0.059864	0.033996	-0.090652
6686	0.057535	-0.007196	-0.089134
6687	0.049256	-0.014145	-0.086180
6688	0.054233	0.004932	-0.083784
6689	0.058351	-0.014537	-0.075207
6690	0.056220	-0.009383	-0.070024
6691	0.052605	-0.001316	-0.070493
6692	0.054214	0.015399	-0.065280
6693	0.056414	0.033989	-0.061453
6694	0.055370	0.005298	-0.059846
6695	0.050253	-0.007136	-0.046596
6696	0.040485	-0.026453	-0.039026
6697	0.035586	-0.010784	-0.037856
6698	0.025397	-0.015551	-0.042258
6699	0.016043	-0.021680	-0.037973
6700	0.012250	-0.035486	-0.042745
6701	0.004279	-0.023490	-0.042949
6702	0.005755	0.016791	-0.038408
6703	0.002749	0.027327	-0.035298
6704	-0.002440	0.018104	-0.041806
6705	-0.006480	0.001689	-0.041491
6706	-0.009178	-0.008693	-0.040581
6707	-0.011317	-0.017922	-0.026872
6708	-0.009435	-0.010198	-0.018452
6709	-0.008110	-0.011055	-0.015812
6710	-0.007117	-0.021480	-0.014953
6711	-0.000818	-0.030375	-0.014402
6712	0.002881	-0.008101	-0.013727
6713	0.007844	-0.003167	-0.012541
6714	0.014459	-0.036831	-0.010338
6715	0.014514	-0.035071	-0.006614
6716	0.016607	-0.014142	0.002488
6717	0.032229	-0.014107	0.006390
6718	0.042195	-0.018217	0.001759
6719	0.048816	-0.025678	0.000173
6720	0.045000	-0.024248	-0.004362
6721	0.045259	0.008636	-0.009706
6722	0.034161	0.000673	-0.016251
6723	0.025459	0.019762	-0.017375
6724	0.026554	-0.018921	-0.022249
6725	0.020057	-0.001644	-0.022775
6726	0.012266	0.015882	-0.020989
6727	0.007387	-0.006854	-0.023915
6728	0.010943	-0.001707	-0.031633
6729	0.013749	-0.005721	-0.030756
6730	0.028330	0.002844	-0.034954
6731	0.043225	-0.008796	-0.036481
6732	0.045401	-0.037967	-0.040154
6733	0.056011	-0.013324	-0.044411
6734	0.070049	0.000974	-0.063500
6735	0.067570	-0.028957	-0.067645
6736	0.062993	-0.001271	-0.073078
6737	0.057138	-0.039062	-0.072721
6738	0.050066	-0.001285	-0.071479
6739	0.048213	0.003249	-0.071844
6740	0.052366	-0.000062	-0.074819
6741	0.054151	-0.004245	-0.078294
6742	0.053673	0.008457	-0.078543
6743	0.064217	0.010263	-0.078293
6744	0.068825	-0.014667	-0.078585
6745	0.073430	0.008367	-0.090504
6746	0.067607	0.032704	-0.102669
6747	0.054937	0.025721	-0.109779
6748	0.050615	0.016208	-0.117471
6749	0.040660	0.043938	-0.112911
6750	0.040858	0.044497	-0.111551
6751	0.043756	0.005119	-0.114729
6752	0.043301	0.017847	-0.115204
6753	0.046629	0.016417	-0.115925
6754	0.050536	-0.001186	-0.129733
6755	0.059171	0.017520	-0.138689
6756	0.058654	0.019610	-0.141901
6757	0.059588	-0.007773	-0.141755
6758	0.054916	0.017426	-0.140164
6759	0.055321	0.041477	-0.143685
6760	0.059163	0.054883	-0.145879
6761	0.061191	0.041076	-0.147071
6762	0.057404	0.010086	-0.151094
6763	0.044884	0.016321	-0.155971
6764	0.036646	-0.004665	-0.154585
6765	0.037318	-0.001278	-0.159606
6766	0.029445	0.017844	-0.166466
6767	0.020172	0.036522	-0.165776
6768	0.004232	0.024566	-0.165662
6769	-0.005767	0.014010	-0.166734
6770	-0.017673	0.017209	-0.157521
6771	-0.023828	0.018330	-0.161065
6772	-0.032856	0.017991	-0.172872
6773	-0.035263	-0.002805	-0.177440
6774	-0.042191	0.002914	-0.172677
6775	-0.049874	0.011386	-0.165294
6776	-0.058001	0.012918	-0.155606
6777	-0.068233	-0.021774	-0.153040
6778	-0.080026	-0.036241	-0.154405
6779	-0.084888	-0.026425	-0.154461
6780	-0.097175	-0.001569	-0.156716
6781	-0.101675	-0.026913	-0.159920
6782	-0.105146	-0.030484	-0.159822
6783	-0.099107	-0.033237	-0.158195
6784	-0.087684	-0.027642	-0.147320
6785	-0.075947	-0.019322	-0.148318
6786	-0.062817	-0.022887	-0.140536
6787	-0.056163	-0.008148	-0.134025
6788	-0.054128	0.002001	-0.125511
6789	-0.052496	-0.004917	-0.116902
6790	-0.050558	-0.009170	-0.105559
6791	-0.053377	0.005295	-0.098087
6792	-0.049036	0.018847	-0.088067
6793	-0.044761	0.000639	-0.079016
6794	-0.038651	0.005224	-0.058609
6795	-0.042042	-0.013571	-0.047925
6796	-0.052958	0.009153	-0.039580
6797	-0.055887	-0.014605	-0.028379
6798	-0.063583	-0.017118	-0.022035
6799	-0.066928	-0.011829	-0.014413
6800	-0.076683	-0.009304	-0.009917
6801	-0.093606	-0.028733	-0.014553
6802	-0.101169	-0.008674	-0.010725
6803	-0.102560	0.021215	-0.004051
6804	-0.109342	0.016192	0.003396
6805	-0.116179	0.013777	0.011091
6806	-0.126531	0.048324	0.016029
6807	-0.131615	0.018805	0.024624
6808	-0.135141	0.011558	0.032574
6809	-0.133560	-0.012170	0.035100
6810	-0.138802	-0.050837	0.041940
6811	-0.144541	-0.039479	0.040290
6812	-0.137788	-0.049658	0.043782
6813	-0.138042	-0.020457	0.034884
6814	-0.137274	-0.008589	0.032155
6815	-0.133072	0.006594	0.028543
6816	-0.130172	0.000651	0.025315
6817	-0.132729	-0.001915	0.013658
6818	-0.127887	0.011096	0.009359
6819	-0.126180	0.000609	0.016151
6820	-0.120097	0.018766	0.017530
6821	-0.114494	0.022700	0.017370
6822	-0.105932	-0.008482	0.022756
6823	-0.102031	0.005447	0.034504
6824	-0.098719	0.001796	0.033951
6825	-0.090551	-0.013680	0.031908
6826	-0.078845	0.000851	0.022090
6827	-0.066432	-0.002921	0.019908
6828	-0.051013	-0.001130	0.019757
6829	-0.040502	0.021474	0.013750
6830	-0.038806	-0.000056	0.009107
6831	-0.042626	-0.005917	0.003549
6832	-0.049415	-0.005775	-0.003911
6833	-0.055993	-0.008156	-0.008562
6834	-0.061081	-0.013820	-0.006988
6835	-0.063850	-0.035487	-0.010074
6836	-0.070623	-0.036705	-0.019397
6837	-0.075714	-0.005207	-0.019679
6838	-0.076963	-0.028158	-0.026150
6839	-0.077538	-0.020730	-0.021660
6840	-0.078574	-0.003315	-0.024458
6841	-0.076193	-0.035617	-0.023730
6842	-0.062421	-0.022866	-0.026423
6843	-0.052416	0.000010	-0.023525
6844	-0.035683	-0.001751	-0.023772
6845	-0.024521	-0.001965	-0.013461
6846	-0.010551	-0.004495	-0.009752
6847	-0.005179	0.001179	-0.007943
6848	-0.003206	0.014715	-0.005776
6849	0.000802	0.034458	0.000553
6850	0.007204	0.024176	0.002606
6851	0.006230	0.019472	0.000710
6852	0.007443	0.013396	-0.001895
6853	-0.000862	0.019847	0.006050
6854	-0.002233	0.020110	0.011091
6855	0.003125	0.007084	0.009298
6856	0.011153	-0.004202	0.005113
6857	0.011599	0.012440	0.003478
6858	0.004356	-0.003058	0.006474
6859	-0.003655	0.014637	0.000256
6860	-0.002475	0.014681	-0.004368
6861	-0.009463	-0.008026	-0.011346
6862	-0.007359	-0.030173	-0.016561
6863	-0.001554	-0.012793	-0.018897
6864	0.007743	0.001138	-0.026437
6865	0.016512	0.027179	-0.023314
6866	0.025494	0.015807	-0.021229
6867	0.037033	0.024491	-0.026754
6868	0.044774	0.019838	-0.032311
6869	0.048019	0.040766	-0.038778
6870	0.048647	0.051851	-0.036095
6871	0.060200	0.026275	-0.033081
6872	0.067184	0.021285	-0.017224
6873	0.073562	-0.014366	-0.012352
6874	0.080070	-0.002127	-0.018498
6875	0.089262	0.013983	-0.020201
6876	0.095891	0.018574	-0.018256
6877	0.100627	0.001173	-0.011549
6878	0.102370	-0.016890	-0.006648
6879	0.096480	0.008155	-0.004625
6880	0.094125	0.002918	-0.002032
6881	0.094704	0.012330	0.002058
6882	0.097755	0.015010	0.005304
6883	0.084292	0.007991	0.014401
6884	0.077266	-0.014656	0.017830
6885	0.068762	-0.017556	0.017360
6886	0.064030	0.016738	0.007203
6887	0.054300	0.006480	0.007895
6888	0.048540	0.012100	0.001649
6889	0.041980	-0.006009	-0.008992
6890	0.038262	-0.011452	-0.010180
6891	0.026291	0.018663	-0.021417
6892	0.031453	0.017126	-0.017345
6893	0.035992	0.032476	-0.012638
6894	0.039167	0.010127	-0.010956
6895	0.040629	-0.002887	-0.013791
6896	0.040114	-0.003054	-0.011946
6897	0.048566	0.011657	-0.012926
6898	0.059457	0.016828	-0.009148
6899	0.065419	0.017253	-0.011052
6900	0.067716	0.016276	-0.006179
6901	0.076328	0.016683	-0.003013
6902	0.077961	-0.010536	0.001728
6903	0.080914	-0.003081	-0.005347
6904	0.092603	0.014794	-0.010818
6905	0.098368	-0.007312	-0.012466
6906	0.102151	-0.028386	-0.012689
6907	0.097968	-0.030575	-0.009059
6908	0.096889	-0.017417	-0.011838
6909	0.096480	-0.017965	-0.021701
6910	0.091654	-0.021715	-0.032397
6911	0.085620	-0.012876	-0.048012
6912	0.082007	0.000634	-0.049919
6913	0.075165	-0.043188	-0.050933
6914	0.059732	-0.041711	-0.055447
6915	0.053263	-0.009409	-0.059155
6916	0.042035	-0.001931	-0.059265
6917	0.035342	-0.022699	-0.065020
6918	0.038226	0.001508	-0.065987
6919	0.038005	0.028460	-0.066487
6920	0.033145	0.016217	-0.069966
6921	0.038065	0.022806	-0.069758
6922	0.041219	0.005344	-0.065457
6923	0.044772	0.002815	-0.062369
6924	0.041163	0.021979	-0.053835
6925	0.035917	0.024061	-0.048177
6926	0.025083	0.022805	-0.041974
6927	0.023368	0.043999	-0.041063
6928	0.027363	0.025042	-0.046151
6929	0.025466	0.018061	-0.055520
6930	0.027858	0.017002	-0.060352
6931	0.033547	0.010773	-0.066337
6932	0.032797	0.000388	-0.068377
6933	0.033692	-0.024852	-0.061246
6934	0.032946	-0.046974	-0.060990
6935	0.038594	-0.025768	-0.060674
6936	0.037880	-0.036243	-0.053611
6937	0.035075	-0.036987	-0.051891
6938	0.038866	-0.034022	-0.050392
6939	0.044826	-0.013069	-0.046260
6940	0.051279	-0.042713	-0.047251
6941	0.057791	-0.040647	-0.040593
6942	0.059530	-0.028151	-0.033879
6943	0.066140	-0.022596	-0.029906
6944	0.069165	-0.022549	-0.015575
6945	0.081753	-0.032523	-0.012896
6946	0.092005	0.000026	0.002279
6947	0.103601	-0.032947	0.013310
6948	0.102232	-0.015163	0.021946
6949	0.101527	0.016826	0.023871
6950	0.100563	-0.002853	0.026289
6951	0.104875	-0.005924	0.025724
6952	0.112144	-0.006286	0.022655
6953	0.110332	0.012559	0.021208
6954	0.108463	0.028470	0.020621
6955	0.112072	0.040111	0.021255
6956	0.103343	0.047564	0.024393
6957	0.096872	0.002806	0.028810
6958	0.097584	0.000671	0.021870
6959	0.103696	0.009070	0.025576
6960	0.108737	0.014686	0.023301
6961	0.107494	0.019775	0.023839
6962	0.105440	-0.006589	0.025430
6963	0.102969	0.008146	0.023162
6964	0.098094	-0.017220	0.023014
6965	0.092386	-0.017132	0.014970
6966	0.079450	-0.014156	0.018295
6967	0.068173	-0.002795	0.018583
6968	0.049959	0.017609	0.027332
6969	0.051972	-0.004193	0.039120
6970	0.050560	-0.008444	0.038350
6971	0.048886	-0.021172	0.038028
6972	0.040799	-0.022541	0.041054
6973	0.036279	-0.022950	0.034956
6974	0.040885	-0.008562	0.037506
6975	0.044483	-0.006952	0.029504
6976	0.048951	-0.010333	0.025733
6977	0.044116	-0.000579	0.025267
6978	0.044835	0.005522	0.010032
6979	0.046200	0.023365	0.004752
6980	0.044785	0.025954	-0.002219
6981	0.039372	0.015642	-0.015373
6982	0.030574	-0.025549	-0.013996
6983	0.031052	0.012536	-0.016143
6984	0.029038	0.007625	-0.019496
6985	0.023758	-0.026756	-0.030275
6986	0.029643	-0.020218	-0.039852
6987	0.042562	-0.012585	-0.039168
6988	0.046244	-0.006649	-0.040786
6989	0.044723	0.002162	-0.039156
6990	0.037095	0.006277	-0.047801
6991	0.026308	0.000356	-0.040264
6992	0.019220	0.004182	-0.037850
6993	0.015465	0.021560	-0.034037
6994	0.011338	-0.022457	-0.027562
6995	0.001852	-0.036105	-0.019720
6996	-0.004796	-0.042576	-0.017760
6997	-0.016725	-0.019096	-0.015379
6998	-0.033275	0.005177	-0.020218
6999	-0.042720	0.018328	-0.021986
7000	-0.047696	0.005060	-0.025605
7001	-0.048567	-0.006579	-0.022384
7002	-0.047564	0.007946	-0.030758
7003	-0.044080	0.006222	-0.032053
7004	-0.042601	0.030968	-0.040571
7005	-0.036244	0.001589	-0.034358
7006	-0.030209	-0.016027	-0.036935
7007	-0.028587	0.030870	-0.038503
7008	-0.024611	0.016321	-0.046617
7009	-0.022080	0.017155	-0.055947
7010	-0.018275	0.016860	-0.057898
7011	-0.014343	-0.000200	-0.068438
7012	-0.005819	0.019081	-0.074135
7013	-0.012050	0.046207	-0.076764
7014	-0.017896	0.036885	-0.078094
7015	-0.011160	0.018832	-0.076213
7016	-0.002100	0.018219	-0.081997
7017	0.004712	0.004767	-0.087850
7018	0.002649	-0.002558	-0.088061
7019	-0.000726	-0.008295	-0.082261
7020	-0.008340	0.013230	-0.067208
7021	-0.016450	-0.006881	-0.053046
7022	-0.029665	-0.013439	-0.039390
7023	-0.037419	-0.001214	-0.024667
7024	-0.037821	0.006046	-0.014230
7025	-0.044085	0.013790	-0.006021
7026	-0.048770	0.005221	-0.000486
7027	-0.054711	0.014977	-0.001515
7028	-0.047459	0.021745	-0.000290
7029	-0.046190	0.007458	-0.004241
7030	-0.041484	-0.004775	-0.010556
7031	-0.039159	0.009898	-0.010721
7032	-0.043009	0.013265	-0.020832
7033	-0.057262	0.004038	-0.026682
7034	-0.061624	-0.006458	-0.033036
7035	-0.066945	-0.039350	-0.036550
7036	-0.079652	-0.029491	-0.034828
7037	-0.090532	-0.022904	-0.033388
7038	-0.094812	-0.018444	-0.034435
7039	-0.101261	0.005398	-0.037840
7040	-0.107333	-0.000292	-0.036776
7041	-0.112223	-0.001444	-0.039600
7042	-0.117256	-0.012687	-0.034848
7043	-0.122416	-0.002455	-0.033338
7044	-0.130029	-0.001645	-0.035197
7045	-0.129146	0.011880	-0.041634
7046	-0.125183	0.018593	-0.048188
7047	-0.123275	-0.008281	-0.047835
7048	-0.128286	-0.018263	-0.047315
7049	-0.131608	-0.020157	-0.054198
7050	-0.136355	-0.017250	-0.055796
7051	-0.136695	-0.007567	-0.058138
7052	-0.137637	-0.028446	-0.062995
7053	-0.141304	-0.018086	-0.066991
7054	-0.142861	-0.015135	-0.061322
7055	-0.145949	0.000107	-0.070832
7056	-0.144219	0.012033	-0.071588
7057	-0.139458	0.004380	-0.071582
7058	-0.141169	0.006408	-0.070415
7059	-0.142286	0.022726	-0.077032
7060	-0.142128	0.000205	-0.085671
7061	-0.143486	-0.027367	-0.084423
7062	-0.144358	-0.019477	-0.077811
7063	-0.140481	-0.018990	-0.075159
7064	-0.133288	0.004193	-0.073340
7065	-0.125970	0.025353	-0.066464
7066	-0.119353	0.031214	-0.067641
7067	-0.115691	0.004299	-0.060656
7068	-0.112991	-0.000941	-0.053394
7069	-0.111326	0.000092	-0.042225
7070	-0.112647	-0.001727	-0.038329
7071	-0.110884	0.013823	-0.029947
7072	-0.102472	0.011755	-0.015963
7073	-0.101218	0.008230	-0.006067
7074	-0.090860	0.009593	0.000240
7075	-0.084430	0.041604	0.003087
7076	-0.072013	0.052319	0.010091
7077	-0.062259	0.026258	-0.000215
7078	-0.050995	0.021365	0.001867
7079	-0.036302	0.027672	0.004148
7080	-0.031521	-0.000379	0.004630
7081	-0.032470	0.014615	0.000984
7082	-0.028045	0.043471	-0.005354
7083	-0.028317	0.023781	0.000557
7084	-0.026359	-0.017867	0.009710
7085	-0.016980	-0.005297	0.013292
7086	-0.012810	-0.010547	0.026078
7087	-0.009214	-0.011641	0.029620
7088	-0.004320	-0.006727	0.038668
7089	-0.008569	0.013375	0.035750
7090	-0.010261	0.037423	0.043742
7091	-0.005832	0.017287	0.044999
7092	-0.000219	0.019273	0.041760
7093	-0.001825	0.036295	0.040046
7094	0.003817	0.021406	0.045846
7095	0.005765	0.005956	0.052845
7096	0.010393	-0.007089	0.050732
7097	0.010392	0.008404	0.047747
7098	0.005654	0.009846	0.041878
7099	-0.006340	0.013605	0.045028
7100	-0.015406	0.017816	0.035934
7101	-0.029372	0.029188	0.031792
7102	-0.038047	0.038833	0.031929
7103	-0.043872	0.017610	0.021981
7104	-0.052944	-0.015989	0.013901
7105	-0.054497	-0.012913	0.006307
7106	-0.053022	-0.034419	-0.007789
7107	-0.062024	-0.009852	-0.011306
7108	-0.070247	0.002962	-0.019280
7109	-0.072138	0.020018	-0.025018
7110	-0.077902	0.010760	-0.035084
7111	-0.080234	0.001524	-0.033165
7112	-0.078667	-0.020319	-0.027652
7113	-0.068692	-0.005672	-0.022333
7114	-0.069634	0.007515	-0.020761
7115	-0.071209	0.009749	-0.023190
7116	-0.072776	-0.014528	-0.019275
7117	-0.074876	0.003269	-0.012344
7118	-0.065204	0.006720	-0.007154
7119	-0.058400	-0.006238	-0.000743
7120	-0.055652	0.005179	-0.000693
7121	-0.052414	0.015166	0.012791
7122	-0.051531	0.018396	0.021786
7123	-0.047891	0.024746	0.023946
7124	-0.051628	0.018758	0.020964
7125	-0.048472	0.025548	0.020323
7126	-0.048784	0.024607	0.021940
7127	-0.051490	0.012877	0.021040
7128	-0.049124	0.010680	0.024928
7129	-0.043333	0.034234	0.026248
7130	-0.028052	0.042089	0.034574
7131	-0.022766	0.000900	0.051155
7132	-0.020925	0.003811	0.060487
7133	-0.018006	-0.004729	0.063415
7134	-0.019445	-0.028138	0.069972
7135	-0.022733	-0.040613	0.062632
7136	-0.026726	-0.016169	0.064441
7137	-0.030728	0.004589	0.067063
7138	-0.035567	0.015386	0.061417
7139	-0.043160	0.043212	0.064815
7140	-0.051243	0.019245	0.064984
7141	-0.052056	0.031417	0.069996
7142	-0.055783	0.023660	0.072796
7143	-0.057617	0.007229	0.073376
7144	-0.051311	0.004601	0.068777
7145	-0.039802	0.018587	0.061603
7146	-0.041764	0.001547	0.048696
7147	-0.043091	-0.015839	0.040016
7148	-0.041006	-0.024331	0.030039
7149	-0.042280	0.029424	0.021435
7150	-0.037670	0.006772	0.019357
7151	-0.028302	0.027743	0.013765
7152	-0.022640	0.015947	0.017113
7153	-0.021294	0.015845	0.020877
7154	-0.017356	0.000035	0.027440
7155	-0.021230	0.007412	0.034458
7156	-0.021678	-0.002643	0.030109
7157	-0.019930	0.012045	0.028256
7158	-0.022147	0.013799	0.021359
7159	-0.017195	0.024526	0.011971
7160	-0.016498	0.014820	0.008739
7161	-0.015618	0.005201	0.006381
7162	-0.015339	-0.009169	0.001533
7163	-0.023194	0.013219	0.000172
7164	-0.023102	0.034286	0.003066
7165	-0.020977	0.043022	-0.001464
7166	-0.029560	0.012717	-0.003010
7167	-0.031024	0.028554	-0.004787
7168	-0.037281	0.051144	-0.008528
7169	-0.032231	0.055203	-0.018888
7170	-0.041230	0.037636	-0.023295
7171	-0.056868	0.017088	-0.030765
7172	-0.053285	0.009294	-0.037593
7173	-0.063580	-0.001116	-0.040029
7174	-0.071908	0.015734	-0.042732
7175	-0.072508	0.027230	-0.038004
7176	-0.072692	0.043166	-0.034786
7177	-0.077277	0.021454	-0.027972
7178	-0.075090	0.020371	-0.024600
7179	-0.069127	0.024577	-0.023860
7180	-0.059141	0.009242	-0.026139
7181	-0.051705	0.022923	-0.026265
7182	-0.043932	0.006059	-0.022855
7183	-0.033024	0.010684	-0.033640
7184	-0.019219	0.012280	-0.037760
7185	-0.003317	0.033534	-0.031114
7186	-0.004630	0.019854	-0.019528
7187	-0.009535	0.028484	-0.014587
7188	-0.013044	0.010901	-0.008192
7189	-0.009116	-0.006580	-0.004853
7190	-0.004655	-0.023460	-0.002594
7191	-0.006910	-0.018559	0.002187
7192	-0.005539	0.012940	0.014256
7193	-0.012658	0.000854	0.022111
7194	-0.013928	-0.007982	0.027205
7195	-0.013968	0.012002	0.032791
7196	-0.025804	0.012607	0.027003
7197	-0.031307	0.013556	0.037049
7198	-0.030887	0.028530	0.044325
7199	-0.033449	0.025285	0.057458
7200	-0.032493	0.054316	0.067587
7201	-0.029951	0.035292	0.077452
7202	-0.027549	0.030367	0.086849
7203	-0.027876	0.029426	0.080064
7204	-0.015331	-0.009436	0.072634
7205	-0.001251	-0.032403	0.077366
7206	0.013513	-0.025550	0.083454
7207	0.024676	-0.015830	0.086480
7208	0.036083	-0.039778	0.096470
7209	0.042108	-0.036921	0.091055
7210	0.048765	-0.029344	0.093643
7211	0.045345	-0.034993	0.095363
7212	0.035806	-0.019474	0.098941
7213	0.035333	-0.039662	0.098817
7214	0.028066	-0.022949	0.097300
7215	0.030649	-0.036361	0.100863
7216	0.039164	-0.036444	0.102883
7217	0.037173	0.002189	0.102044
7218	0.030854	0.010057	0.099793
7219	0.031123	0.015463	0.093426
7220	0.036499	0.008916	0.101339
7221	0.037232	0.009985	0.106421
7222	0.038005	0.024120	0.109816
7223	0.037260	-0.015302	0.118333
7224	0.033663	0.024406	0.121239
7225	0.028852	0.011919	0.116215
7226	0.026998	0.000171	0.117688
7227	0.022074	0.006653	0.123537
7228	0.015812	0.015960	0.123429
7229	0.016196	0.012251	0.126748
7230	0.009525	0.015764	0.125054
7231	0.009027	0.021232	0.124888
7232	0.009631	0.010434	0.131946
7233	0.007439	0.004227	0.128894
7234	0.004663	-0.025928	0.126949
7235	0.004641	-0.013215	0.128901
7236	0.009755	-0.004522	0.119889
7237	0.017728	-0.003652	0.118692
7238	0.028583	-0.036561	0.115211
7239	0.033710	-0.020877	0.111105
7240	0.038931	-0.017093	0.110303
7241	0.030617	-0.038107	0.110531
7242	0.028870	-0.007787	0.114787
7243	0.028040	-0.035854	0.119889
7244	0.023561	-0.010336	0.129202
7245	0.019442	-0.019372	0.129618
7246	0.011853	0.000235	0.127206
7247	0.008142	0.009292	0.123270
7248	-0.005892	0.022049	0.111638
7249	-0.013863	0.025891	0.103743
7250	-0.015084	0.007984	0.101772
7251	-0.012281	0.046658	0.093087
7252	-0.012904	0.035053	0.083839
7253	-0.013348	0.018298	0.088763
7254	-0.009266	-0.023047	0.085184
7255	-0.003400	-0.019792	0.079763
7256	0.004832	-0.011407	0.066280
7257	0.000899	-0.026265	0.051295
7258	-0.002484	-0.001294	0.042523
7259	-0.011856	-0.014324	0.029321
7260	-0.007516	0.011530	0.029191
7261	-0.014415	0.018130	0.031997
7262	-0.023826	0.019670	0.025451
7263	-0.034844	0.002622	0.031069
7264	-0.044255	0.013513	0.033119
7265	-0.047952	0.042335	0.045539
7266	-0.047300	0.054143	0.042569
7267	-0.050318	0.029314	0.042665
7268	-0.048772	0.009709	0.035141
7269	-0.055461	0.003925	0.031327
7270	-0.067117	0.009195	0.028543
7271	-0.076915	-0.009548	0.030843
7272	-0.088101	0.049955	0.034046
7273	-0.084488	0.054861	0.038885
7274	-0.091485	0.012241	0.034074
7275	-0.097155	0.046604	0.028904
7276	-0.093465	0.058885	0.031393
7277	-0.095123	0.029994	0.033737
7278	-0.099525	0.011425	0.036410
7279	-0.098963	0.004639	0.041523
7280	-0.096535	-0.010011	0.041428
7281	-0.089959	-0.014712	0.047908
7282	-0.079528	-0.021209	0.052025
7283	-0.075798	0.004752	0.041249
7284	-0.069447	-0.006202	0.034865
7285	-0.067120	-0.026680	0.032516
7286	-0.061868	-0.004960	0.040725
7287	-0.069289	-0.013008	0.033006
7288	-0.070530	0.011279	0.038694
7289	-0.063347	-0.003391	0.042438
7290	-0.060024	-0.040664	0.048532
7291	-0.062515	-0.020084	0.051111
7292	-0.061270	0.007881	0.047539
7293	-0.060443	0.022311	0.048335
7294	-0.061832	-0.000434	0.055304
7295	-0.055134	-0.001661	0.055480
7296	-0.044834	0.028755	0.045043
7297	-0.030213	0.022356	0.046921
7298	-0.016608	0.031503	0.043319
7299	-0.001946	0.038714	0.047942
7300	-0.003424	-0.004741	0.044737
7301	0.002299	-0.009350	0.033432
7302	0.012048	-0.003431	0.029927
7303	0.014192	-0.008929	0.027645
7304	0.020845	0.003553	0.019034
7305	0.026070	0.026676	0.019756
7306	0.020888	0.011107	0.026568
7307	0.014640	0.035957	0.034281
7308	0.001481	0.037150	0.041042
7309	-0.009821	0.018677	0.045984
7310	-0.015219	-0.004312	0.048588
7311	-0.009915	-0.009199	0.049319
7312	-0.012379	-0.005308	0.054010
7313	-0.010078	-0.006342	0.062484
7314	-0.009076	-0.005595	0.071510
7315	-0.010614	0.011696	0.072064
7316	-0.010642	0.037500	0.076405
7317	-0.010245	0.041838	0.079499
7318	-0.007822	0.038585	0.086777
7319	-0.008259	0.072699	0.083938
7320	-0.002745	0.038150	0.088979
7321	0.000813	0.007555	0.088042
7322	-0.000719	0.018388	0.082158
7323	-0.007435	0.014305	0.075522
7324	-0.012691	-0.013206	0.075106
7325	-0.016656	-0.036827	0.076587
7326	-0.017182	-0.009380	0.074273
7327	-0.006678	-0.004918	0.067949
7328	-0.006844	-0.008926	0.067687
7329	-0.009750	0.009001	0.057895
7330	-0.016701	-0.003828	0.048438
7331	-0.021484	-0.010872	0.037246
7332	-0.023480	-0.014035	0.030784
7333	-0.016362	0.007686	0.022551
7334	-0.016902	0.000854	0.023484
7335	-0.010064	0.006830	0.028338
7336	-0.013140	-0.015907	0.027259
7337	-0.014959	-0.007317	0.025534
7338	-0.011751	-0.025356	0.026756
7339	-0.010733	-0.018427	0.031009
7340	-0.012306	-0.003136	0.028756
7341	-0.011780	-0.027787	0.022970
7342	-0.010026	-0.035717	0.026928
7343	-0.014070	-0.043768	0.022540
7344	-0.013313	-0.058007	0.018880
7345	-0.004682	-0.017940	0.016339
7346	-0.009008	0.020064	0.004343
7347	-0.009723	-0.001300	-0.004090
7348	-0.011707	-0.006613	-0.010512
7349	-0.021824	-0.006824	-0.014729
7350	-0.030428	-0.019767	-0.019251
7351	-0.038727	-0.013525	-0.033276
7352	-0.049089	0.001153	-0.043046
7353	-0.051410	-0.015559	-0.061895
7354	-0.057016	-0.014402	-0.072624
7355	-0.054553	0.001179	-0.086431
7356	-0.051297	-0.011041	-0.095144
7357	-0.051272	-0.002082	-0.104351
7358	-0.042533	0.009380	-0.109947
7359	-0.042487	-0.001210	-0.117051
7360	-0.045506	-0.025537	-0.126949
7361	-0.042660	-0.028572	-0.128905
7362	-0.036845	-0.032220	-0.125669
7363	-0.032779	-0.019609	-0.125815
7364	-0.032484	-0.026297	-0.129333
7365	-0.033587	-0.007519	-0.128129
7366	-0.039555	0.004144	-0.133047
7367	-0.038584	0.013243	-0.127393
7368	-0.042701	-0.003327	-0.130866
7369	-0.036643	0.028934	-0.136457
7370	-0.031730	0.033591	-0.125459
7371	-0.036664	0.040616	-0.116863
7372	-0.044929	0.031162	-0.103900
7373	-0.056380	0.011664	-0.104358
7374	-0.063822	0.021808	-0.105380
7375	-0.068719	-0.020865	-0.113277
7376	-0.070625	0.032196	-0.116842
7377	-0.066359	0.023824	-0.104023
7378	-0.066273	0.002005	-0.097738
7379	-0.055551	0.013086	-0.087371
7380	-0.051725	0.006427	-0.083526
7381	-0.051770	-0.017263	-0.078672
7382	-0.050595	-0.008985	-0.076074
7383	-0.048676	0.013946	-0.080097
7384	-0.047070	0.011157	-0.079989
7385	-0.046661	0.002792	-0.080401
7386	-0.036871	-0.032999	-0.076370
7387	-0.032191	-0.029045	-0.067437
7388	-0.032425	-0.012660	-0.057681
7389	-0.025984	0.020049	-0.064960
7390	-0.027910	0.000451	-0.071756
7391	-0.030754	-0.025165	-0.078554
7392	-0.035359	-0.037954	-0.075172
7393	-0.042311	-0.042301	-0.068576
7394	-0.054031	-0.040406	-0.063303
7395	-0.059269	-0.030206	-0.064722
7396	-0.063978	-0.038916	-0.071501
7397	-0.066875	-0.041679	-0.072345
7398	-0.075383	-0.002264	-0.071902
7399	-0.077862	0.005603	-0.065412
7400	-0.077822	0.004250	-0.059662
7401	-0.079509	-0.017891	-0.049637
7402	-0.077716	-0.002076	-0.043087
7403	-0.077086	-0.007181	-0.041303
7404	-0.076580	-0.027440	-0.035816
7405	-0.071459	0.001235	-0.035980
7406	-0.070436	0.002421	-0.039238
7407	-0.068737	0.006059	-0.038822
7408	-0.070935	-0.012307	-0.028968
7409	-0.067484	0.022409	-0.027586
7410	-0.068378	0.010116	-0.021701
7411	-0.061435	-0.006233	-0.017836
7412	-0.056813	0.000717	-0.013265
7413	-0.047886	-0.013292	0.002469
7414	-0.037079	-0.013949	0.007083
7415	-0.027960	-0.007386	0.007262
7416	-0.015836	0.001316	0.007221
7417	-0.005666	-0.008198	0.006678
7418	0.004137	-0.012266	0.003318
7419	0.011180	0.007243	0.002074
7420	0.019805	-0.002966	-0.012499
7421	0.028533	-0.024695	-0.020053
7422	0.025995	-0.019364	-0.028451
7423	0.026165	-0.028423	-0.034136
7424	0.031177	-0.042181	-0.037790
7425	0.032080	-0.006811	-0.050299
7426	0.041445	0.004467	-0.061150
7427	0.043450	0.002125	-0.068297
7428	0.042529	-0.004081	-0.083024
7429	0.042748	0.017510	-0.077683
7430	0.040803	-0.005732	-0.069679
7431	0.041373	-0.030869	-0.074811
7432	0.050189	-0.007340	-0.077975
7433	0.053801	0.017265	-0.068988
7434	0.055678	-0.004123	-0.066441
7435	0.063851	0.023330	-0.053632
7436	0.070162	0.005004	-0.044371
7437	0.077721	-0.007366	-0.037029
7438	0.081318	0.027269	-0.023994
7439	0.079156	0.029317	-0.013336
7440	0.079392	0.037459	-0.013684
7441	0.080857	0.013199	-0.023657
7442	0.071888	0.013639	-0.021701
7443	0.069183	0.011032	-0.021353
7444	0.069743	-0.014527	-0.029501
7445	0.075158	-0.018907	-0.034852
7446	0.074865	-0.012142	-0.035741
7447	0.076277	-0.007034	-0.034802
7448	0.077218	-0.019032	-0.027897
7449	0.063378	-0.020908	-0.019134
7450	0.058950	-0.014572	-0.016434
7451	0.047561	-0.035870	-0.017920
7452	0.047023	-0.023852	-0.015965
7453	0.046132	-0.016485	-0.023963
7454	0.051559	-0.007511	-0.030173
7455	0.045761	-0.028878	-0.036625
7456	0.042212	-0.013384	-0.027019
7457	0.040754	-0.012930	-0.018793
7458	0.041870	-0.022983	-0.020554
7459	0.033885	-0.023649	-0.017730
7460	0.041430	-0.025537	-0.021470
7461	0.049954	-0.007029	-0.025852
7462	0.056435	-0.004486	-0.034954
7463	0.059859	-0.021934	-0.034763
7464	0.055445	-0.041962	-0.028234
7465	0.044579	-0.033525	-0.025411
7466	0.034382	-0.037244	-0.022896
7467	0.027330	0.027354	-0.020986
7468	0.016943	0.044280	-0.015232
7469	0.005300	0.056031	-0.012120
7470	0.001413	0.055362	-0.021828
7471	0.001084	0.046912	-0.015711
7472	-0.007305	0.042901	-0.006153
7473	-0.014716	0.020071	0.001683
7474	-0.016219	0.006049	0.013467
7475	-0.018767	-0.011552	0.025999
7476	-0.019144	-0.011278	0.024490
7477	-0.016878	-0.018586	0.024217
7478	-0.016529	-0.024643	0.023001
7479	-0.012894	-0.006811	0.026149
7480	-0.006206	-0.016467	0.022930
7481	-0.008131	-0.032653	0.028961
7482	-0.007114	-0.011947	0.034146
7483	-0.014412	0.000104	0.034191
7484	-0.023120	-0.032697	0.034422
7485	-0.030332	-0.032308	0.034844
7486	-0.030465	-0.014617	0.026850
7487	-0.027016	-0.006612	0.027410
7488	-0.025305	-0.030843	0.028208
7489	-0.028634	-0.000334	0.030186
7490	-0.025167	0.006468	0.033341
7491	-0.027153	0.023175	0.043844
7492	-0.029823	0.010814	0.038627
7493	-0.029910	0.007292	0.036823
7494	-0.031236	-0.012733	0.032438
7495	-0.029756	0.020640	0.029453
7496	-0.022887	0.037889	0.029468
7497	-0.023365	0.017113	0.038892
7498	-0.028519	0.023540	0.043442
7499	-0.023713	0.022933	0.055573
7500	-0.023650	0.015753	0.069487
7501	-0.029571	0.012082	0.074427
7502	-0.027640	-0.003515	0.071070
7503	-0.034611	-0.002487	0.058998
7504	-0.033311	-0.017250	0.058122
7505	-0.034861	-0.028343	0.060130
7506	-0.035333	-0.027492	0.054415
7507	-0.033668	-0.023872	0.049734
7508	-0.039302	-0.048457	0.052574
7509	-0.041278	-0.035206	0.060007
7510	-0.045042	-0.024265	0.064003
7511	-0.041448	-0.036738	0.063218
7512	-0.043416	-0.018447	0.063674
7513	-0.039287	-0.013992	0.056896
7514	-0.032154	-0.057385	0.044549
7515	-0.025017	-0.065698	0.030550
7516	-0.014823	-0.034519	0.022262
7517	-0.003283	-0.022321	0.020941
7518	-0.000471	0.001557	0.023992
7519	-0.000189	0.004749	0.022394
7520	0.005499	0.020547	0.027788
7521	0.001606	0.008292	0.026913
7522	-0.002974	0.009929	0.029623
7523	0.000006	0.044287	0.035429
7524	0.000848	0.039874	0.037376
7525	-0.002273	0.021005	0.040272
7526	-0.002267	0.021574	0.035579
7527	0.001013	0.024193	0.033143
7528	0.002131	0.018606	0.025670
7529	0.003405	0.026565	0.030159
7530	-0.000973	0.061281	0.024534
7531	0.002664	0.032409	0.021634
7532	0.000494	-0.023484	0.019602
7533	-0.006187	-0.003177	0.014402
7534	-0.007860	-0.012400	0.016565
7535	-0.023908	0.000421	0.011521
7536	-0.030237	0.005720	0.002210
7537	-0.039006	0.018403	-0.009949
7538	-0.038298	-0.009160	-0.023665
7539	-0.041575	0.015912	-0.030564
7540	-0.043115	0.000498	-0.036044
7541	-0.048489	-0.026546	-0.040467
7542	-0.052282	0.001001	-0.035022
7543	-0.055288	0.006107	-0.030239
7544	-0.049064	0.009189	-0.028593
7545	-0.039212	0.023806	-0.033809
7546	-0.029437	0.024673	-0.022435
7547	-0.014330	-0.000321	-0.020043
7548	-0.002658	-0.008242	-0.023512
7549	0.001563	0.000104	-0.029937
7550	0.003301	-0.002278	-0.030174
7551	0.003665	-0.019696	-0.024534
7552	0.012486	-0.011543	-0.018443
7553	0.021958	-0.008272	-0.014490
7554	0.023202	0.005143	-0.011944
7555	0.022539	-0.011999	-0.010995
7556	0.027540	0.007191	-0.012130
7557	0.027587	-0.013538	-0.007047
7558	0.025202	-0.053944	-0.000080
7559	0.025369	-0.018637	-0.001845
7560	0.023285	0.035521	0.004352
7561	0.015971	0.026035	0.016470
7562	0.010869	-0.013136	0.025620
7563	0.004066	-0.044445	0.034802
7564	-0.002856	-0.059041	0.045886
7565	-0.015149	-0.041182	0.045262
7566	-0.021830	-0.056243	0.042661
7567	-0.033896	-0.054746	0.045431
7568	-0.036743	-0.045587	0.046232
7569	-0.037733	-0.025829	0.051361
7570	-0.043846	-0.026302	0.048630
7571	-0.053280	0.000095	0.048704
7572	-0.060029	0.033171	0.051127
7573	-0.067145	0.022593	0.056135
7574	-0.079496	-0.016019	0.049060
7575	-0.086329	-0.024960	0.031963
7576	-0.079995	-0.020270	0.026657
7577	-0.070270	-0.031370	0.021195
7578	-0.065716	-0.003080	0.017376
7579	-0.056705	0.000890	0.017660
7580	-0.055488	0.010140	0.025165
7581	-0.054359	0.012646	0.026774
7582	-0.065475	0.013528	0.025650
7583	-0.066083	-0.007752	0.024527
7584	-0.067023	-0.011958	0.032293
7585	-0.061661	-0.018922	0.038874
7586	-0.067771	-0.020538	0.053604
7587	-0.075329	-0.006840	0.067947
7588	-0.080838	-0.016456	0.081229
7589	-0.078292	-0.029967	0.088720
7590	-0.081784	-0.049807	0.095890
7591	-0.087004	-0.054706	0.098215
7592	-0.090471	0.006682	0.101768
7593	-0.095153	-0.040244	0.102518
7594	-0.095133	-0.021205	0.101537
7595	-0.103141	-0.014909	0.096163
7596	-0.101634	-0.032697	0.092037
7597	-0.098556	-0.018195	0.083205
7598	-0.098702	0.003115	0.083280
7599	-0.088161	0.021155	0.084858
7600	-0.074869	-0.009507	0.089427
7601	-0.067902	-0.018530	0.089748
7602	-0.054476	-0.023651	0.090094
7603	-0.043172	-0.036759	0.099109
7604	-0.027006	-0.050859	0.097559
7605	-0.015127	-0.024137	0.092871
7606	-0.016387	-0.035218	0.101738
7607	-0.024746	0.008798	0.095005
7608	-0.038417	-0.006913	0.097257
7609	-0.046396	0.006499	0.100362
7610	-0.057880	-0.000951	0.099881
7611	-0.052380	-0.005195	0.106394
7612	-0.047718	-0.039278	0.108231
7613	-0.046846	-0.022555	0.106616
7614	-0.049112	0.008110	0.106732
7615	-0.051547	-0.015029	0.099848
7616	-0.062264	-0.004862	0.096773
7617	-0.075075	-0.021114	0.099396
7618	-0.069257	-0.031837	0.104168
7619	-0.057642	-0.018464	0.099948
7620	-0.042390	-0.010404	0.095197
7621	-0.028871	0.043115	0.084971
7622	-0.018552	0.039882	0.086746
7623	-0.013883	0.039410	0.092823
7624	-0.011085	0.009364	0.092130
7625	-0.005876	0.000815	0.098907
7626	-0.004283	-0.033251	0.094800
7627	-0.007319	-0.025181	0.097604
7628	-0.008729	0.021290	0.104646
7629	-0.013108	0.013917	0.109261
7630	-0.018791	0.010048	0.103764
7631	-0.020788	-0.013062	0.110689
7632	-0.020735	-0.003700	0.115249
7633	-0.018261	0.002256	0.133941
7634	-0.009340	0.003709	0.149478
7635	-0.002528	0.028863	0.156298
7636	0.001264	-0.004162	0.154826
7637	0.003386	0.001737	0.155657
7638	0.007161	0.015433	0.155909
7639	0.003361	-0.002323	0.145485
7640	0.002478	0.008249	0.133131
7641	-0.001410	-0.024670	0.124408
7642	0.010980	-0.022346	0.121958
7643	0.023366	-0.018826	0.112580
7644	0.034646	-0.017056	0.121306
7645	0.045287	-0.023428	0.109531
7646	0.060629	-0.021499	0.102417
7647	0.072086	-0.041687	0.088478
7648	0.079970	-0.012332	0.084733
7649	0.080802	-0.004908	0.085252
7650	0.087246	0.005568	0.082917
7651	0.098270	0.005318	0.082637
7652	0.099650	-0.004407	0.081158
7653	0.092880	-0.015578	0.083326
7654	0.083660	-0.021970	0.080752
7655	0.091298	-0.025187	0.068564
7656	0.103919	-0.055665	0.059579
7657	0.113218	-0.021547	0.058595
7658	0.113011	-0.008141	0.057702
7659	0.105976	-0.004029	0.057701
7660	0.108558	0.021845	0.062067
7661	0.105529	-0.006050	0.058254
7662	0.106618	0.001343	0.043165
7663	0.109803	-0.013015	0.032122
7664	0.104527	-0.061226	0.031205
7665	0.103711	-0.027319	0.019657
7666	0.112822	0.005695	0.022787
7667	0.115349	0.003070	0.028195
7668	0.107799	-0.003064	0.026249
7669	0.096429	-0.006136	0.019730
7670	0.099530	0.022536	0.013106
7671	0.096036	0.018526	0.002233
7672	0.086389	0.049068	0.000112
7673	0.084217	0.007605	0.010207
7674	0.095168	0.019106	0.009423
7675	0.101067	0.004706	-0.002336
7676	0.096368	-0.016216	-0.001844
7677	0.101559	0.020511	-0.003109
7678	0.116988	0.024818	-0.001784
7679	0.128643	-0.005193	0.009621
7680	0.128854	0.003371	0.015442
7681	0.129136	0.032152	0.006936
7682	0.122703	0.039462	0.000116
7683	0.110214	0.020426	-0.007139
7684	0.110082	-0.020736	-0.012811
7685	0.106436	-0.053994	-0.020997
7686	0.100110	-0.050726	-0.031358
7687	0.102522	-0.033287	-0.034878
7688	0.088159	-0.015173	-0.038027
7689	0.086383	-0.036014	-0.050931
7690	0.085397	-0.016630	-0.055696
7691	0.079895	-0.044134	-0.059685
7692	0.075258	-0.033940	-0.068556
7693	0.076129	0.010921	-0.074346
7694	0.076837	0.024931	-0.066959
7695	0.071273	0.017835	-0.069933
7696	0.076860	0.020236	-0.079428
7697	0.076628	-0.004635	-0.076949
7698	0.071005	-0.027862	-0.067803
7699	0.066331	-0.054980	-0.064370
7700	0.062421	-0.005861	-0.064693
7701	0.054293	-0.008035	-0.057670
7702	0.057143	-0.013970	-0.053160
7703	0.050239	-0.006838	-0.052070
7704	0.054598	-0.018315	-0.056560
7705	0.055077	0.008873	-0.049243
7706	0.061210	-0.027773	-0.051984
7707	0.052227	-0.011776	-0.051140
7708	0.039751	-0.006234	-0.053481
7709	0.043008	0.010427	-0.055425
7710	0.051773	-0.013138	-0.059962
7711	0.066856	-0.030866	-0.060018
7712	0.075719	-0.038657	-0.063654
7713	0.084463	-0.061022	-0.070008
7714	0.087728	-0.020314	-0.078450
7715	0.085806	-0.016755	-0.086506
7716	0.088665	-0.034703	-0.085751
7717	0.099060	-0.035596	-0.090797
7718	0.097418	-0.029414	-0.095642
7719	0.098818	-0.040895	-0.091986
7720	0.100797	0.013122	-0.092859
7721	0.095507	-0.008993	-0.089122
7722	0.085223	-0.036437	-0.083570
7723	0.078311	-0.052301	-0.072358
7724	0.080994	-0.048628	-0.069298
7725	0.083170	-0.023179	-0.068767
7726	0.082143	-0.007792	-0.062908
7727	0.089431	-0.059911	-0.067378
7728	0.098433	-0.043440	-0.062075
7729	0.092418	-0.006232	-0.058925
7730	0.094214	0.018125	-0.051473
7731	0.091574	-0.001746	-0.050131
7732	0.094540	0.029941	-0.040087
7733	0.091072	0.043795	-0.038497
7734	0.094993	0.007721	-0.044050
7735	0.095208	0.009348	-0.044196
7736	0.083130	0.028143	-0.048419
7737	0.081685	-0.000492	-0.051283
7738	0.071244	-0.001756	-0.047542
7739	0.061099	-0.022710	-0.053760
7740	0.043926	-0.016831	-0.046026
7741	0.033213	0.007499	-0.037123
7742	0.026725	0.039550	-0.030913
7743	0.011802	0.019337	-0.025584
7744	-0.002206	-0.008223	-0.016915
7745	-0.000582	-0.014051	-0.009221
7746	-0.008498	-0.029547	-0.012997
7747	-0.017832	-0.042399	-0.020598
7748	-0.022328	-0.002235	-0.010850
7749	-0.028135	0.036092	-0.005638
7750	-0.025201	0.038102	0.006918
7751	-0.019577	-0.001092	0.013135
7752	-0.006856	0.013965	0.011655
7753	0.004394	0.029155	0.006727
7754	0.014234	0.019875	0.000711
7755	0.028961	-0.001281	-0.005509
7756	0.043290	0.022424	-0.002639
7757	0.052950	0.034499	0.003002
7758	0.053113	0.021128	-0.001042
7759	0.051757	-0.017370	-0.003023
7760	0.053024	0.004737	0.005825
7761	0.056521	-0.020731	0.004260
7762	0.055614	-0.028137	-0.005200
7763	0.055322	0.000351	-0.012243
7764	0.056795	0.013940	-0.016791
7765	0.058394	-0.027601	-0.018487
7766	0.057660	-0.033371	-0.018357
7767	0.050324	-0.056170	-0.034295
7768	0.038110	-0.010137	-0.045316
7769	0.028062	-0.002419	-0.045584
7770	0.016691	-0.000588	-0.038180
7771	0.020991	0.016861	-0.037786
7772	0.022074	-0.001863	-0.037315
7773	0.018483	-0.016254	-0.035782
7774	0.007173	-0.057419	-0.029535
7775	0.006615	-0.037055	-0.029334
7776	0.004529	-0.028480	-0.034726
7777	-0.006751	-0.018480	-0.032650
7778	-0.010051	0.001288	-0.038830
7779	-0.012166	0.025864	-0.033237
7780	-0.014697	0.019210	-0.022936
7781	-0.014783	0.015065	-0.019015
7782	-0.010652	0.041763	-0.020379
7783	-0.000085	0.036214	-0.012879
7784	0.000671	0.019900	-0.013252
7785	0.001412	0.005337	-0.019015
7786	0.008682	-0.000983	-0.011284
7787	0.015291	-0.022461	-0.003241
7788	0.027629	-0.011615	0.005936
7789	0.034962	0.002395	0.001397
7790	0.036511	0.005360	0.008723
7791	0.033535	-0.007813	0.008411
7792	0.022894	0.017190	0.014699
7793	0.014741	0.010917	0.034324
7794	0.026744	-0.019186	0.040379
7795	0.033516	-0.040969	0.047297
7796	0.028087	-0.024008	0.047028
7797	0.023284	-0.016413	0.046135
7798	0.022820	-0.009990	0.043532
7799	0.019035	-0.028414	0.044399
7800	0.018668	-0.004172	0.046058
7801	0.011679	-0.005542	0.048652
7802	0.004390	0.025835	0.041334
7803	0.000087	0.051759	0.046422
7804	0.002169	0.030335	0.051259
7805	-0.011037	0.019874	0.054121
7806	-0.023591	0.022985	0.045445
7807	-0.031908	-0.020786	0.027694
7808	-0.045171	-0.009133	0.020843
7809	-0.044278	-0.004289	0.021090
7810	-0.040653	0.000822	0.018542
7811	-0.043821	-0.008394	0.024614
7812	-0.045508	0.043452	0.030888
7813	-0.049361	0.022388	0.030317
7814	-0.056078	-0.027946	0.028326
7815	-0.068675	-0.026537	0.030868
7816	-0.072422	-0.013800	0.028360
7817	-0.085091	-0.030771	0.036717
7818	-0.098522	-0.027481	0.038938
7819	-0.099936	0.005155	0.038065
7820	-0.103133	0.002453	0.043341
7821	-0.105599	0.006734	0.046394
7822	-0.115082	0.011646	0.045261
7823	-0.117369	-0.010299	0.044026
7824	-0.117000	0.018361	0.043440
7825	-0.107065	0.015580	0.040073
7826	-0.104788	-0.000229	0.026841
7827	-0.103150	-0.017535	0.018663
7828	-0.105664	-0.039755	0.011843
7829	-0.107338	-0.006456	0.008867
7830	-0.108531	0.017894	0.000818
7831	-0.110408	0.015810	-0.001520
7832	-0.099674	0.005905	-0.006266
7833	-0.097073	0.015846	-0.012887
7834	-0.099765	-0.025002	-0.010284
7835	-0.098531	-0.021783	0.000478
7836	-0.094843	0.002119	0.011650
7837	-0.086990	0.014216	0.010429
7838	-0.075359	0.002640	0.007864
7839	-0.066459	0.006718	0.004611
7840	-0.069477	0.018366	0.005748
7841	-0.072608	0.020660	-0.001150
7842	-0.065696	0.019794	-0.010305
7843	-0.069071	0.020338	-0.005888
7844	-0.060197	0.024259	-0.004656
7845	-0.049233	0.020424	-0.002222
7846	-0.047738	0.007739	0.002357
7847	-0.051510	-0.029581	0.005559
7848	-0.051899	0.009364	0.012412
7849	-0.049259	0.014613	0.018860
7850	-0.038360	-0.010406	0.021000
7851	-0.032482	-0.009959	0.026065
7852	-0.034821	-0.004465	0.046661
7853	-0.031360	0.018192	0.054444
7854	-0.023303	0.013097	0.067834
7855	-0.011718	-0.000776	0.068747
7856	-0.013014	0.010727	0.071908
7857	-0.004481	-0.004598	0.085603
7858	-0.002274	0.013967	0.093896
7859	-0.009710	0.013439	0.096805
7860	-0.011290	0.004561	0.093092
7861	-0.006485	-0.002382	0.075922
7862	-0.007548	0.000402	0.070323
7863	-0.000479	0.003360	0.049263
7864	0.000686	-0.008085	0.047828
7865	-0.006554	0.017321	0.048182
7866	-0.004360	0.027399	0.044795
7867	-0.012011	0.034592	0.038978
7868	-0.024433	0.029416	0.038208
7869	-0.027486	0.007699	0.038472
7870	-0.035565	-0.006421	0.036420
7871	-0.049790	-0.030473	0.036829
7872	-0.065830	-0.009616	0.033733
7873	-0.071133	-0.013277	0.032381
7874	-0.078148	-0.030706	0.020698
7875	-0.077936	0.003964	0.013328
7876	-0.079834	0.002315	0.002289
7877	-0.075955	0.031837	-0.011969
7878	-0.085917	0.008042	-0.009734
7879	-0.094162	0.037866	-0.011722
7880	-0.102237	0.039255	0.000368
7881	-0.100659	0.035730	0.012882
7882	-0.099843	0.025427	0.015612
7883	-0.108002	0.027343	0.020144
7884	-0.102846	0.011836	0.020282
7885	-0.099240	0.013587	0.026740
7886	-0.089193	0.003924	0.028161
7887	-0.079971	-0.012993	0.032739
7888	-0.070078	0.006104	0.041230
7889	-0.065528	-0.001962	0.050327
7890	-0.060024	-0.025601	0.055434
7891	-0.058992	0.003656	0.063464
7892	-0.051616	0.007692	0.078112
7893	-0.048472	-0.001338	0.074984
7894	-0.046022	-0.021216	0.084171
7895	-0.047972	-0.014754	0.080928
7896	-0.041712	0.005823	0.076223
7897	-0.028971	-0.004604	0.063973
7898	-0.008117	0.005489	0.065972
7899	0.004837	-0.011288	0.065843
7900	0.016600	0.038167	0.067235
7901	0.031391	0.012419	0.065397
7902	0.040301	-0.003528	0.068692
7903	0.044033	0.008447	0.070517
7904	0.048210	0.006860	0.079814
7905	0.047235	-0.001894	0.090723
7906	0.039227	-0.005773	0.100010
7907	0.039539	-0.031497	0.110593
7908	0.036816	-0.027616	0.119716
7909	0.045671	-0.026661	0.128551
7910	0.052726	0.003190	0.130593
7911	0.057580	-0.015020	0.131771
7912	0.060034	0.012062	0.118184
7913	0.058880	0.009855	0.112344
7914	0.053272	-0.016126	0.118180
7915	0.052433	-0.021938	0.123930
7916	0.056803	0.005287	0.127844
7917	0.057899	0.001807	0.124952
7918	0.057010	-0.007852	0.122352
7919	0.049835	0.013611	0.122715
7920	0.048100	0.004861	0.118663
7921	0.039314	0.038933	0.099744
7922	0.038588	0.008476	0.090111
7923	0.043246	-0.011543	0.075180
7924	0.037529	-0.015794	0.061869
7925	0.032266	0.020183	0.056477
7926	0.027516	0.037200	0.054947
7927	0.019250	0.038583	0.050221
7928	0.024709	0.030816	0.043250
7929	0.026575	0.012562	0.044036
7930	0.018251	0.004378	0.040729
7931	0.016159	0.014681	0.033096
7932	0.007007	0.014707	0.025105
7933	0.005124	0.021421	0.024319
7934	0.004361	0.004392	0.029851
7935	0.012042	-0.041648	0.032974
7936	0.017087	-0.033499	0.043744
7937	0.020850	-0.024223	0.042700
7938	0.030539	-0.019961	0.035794
7939	0.035305	0.015942	0.042785
7940	0.043530	-0.010673	0.034905
7941	0.052016	-0.025571	0.037276
7942	0.056162	0.007668	0.040124
7943	0.059003	-0.009683	0.040420
7944	0.071432	-0.011380	0.034750
7945	0.078741	-0.026239	0.047752
7946	0.090355	-0.021048	0.055033
7947	0.094157	-0.003448	0.050785
7948	0.092486	-0.028522	0.048726
7949	0.093546	-0.009169	0.052722
7950	0.098967	-0.031843	0.035861
7951	0.099603	-0.023496	0.039055
7952	0.100187	-0.011607	0.036392
7953	0.098314	0.025607	0.034495
7954	0.081893	0.032198	0.033575
7955	0.069756	0.003718	0.034087
7956	0.070828	0.012603	0.035630
7957	0.076650	0.022889	0.021881
7958	0.070735	-0.013754	0.013363
7959	0.075963	-0.039408	0.015926
7960	0.078716	-0.005361	0.019926
7961	0.077621	0.011321	0.028983
7962	0.078249	-0.011921	0.027568
7963	0.082927	0.005752	0.042556
7964	0.071004	-0.041196	0.055140
7965	0.058960	-0.060112	0.057992
7966	0.050167	-0.058024	0.058329
7967	0.047322	-0.029257	0.059435
7968	0.032703	-0.011983	0.062054
7969	0.035349	0.015096	0.061214
7970	0.039786	0.008793	0.055808
7971	0.046562	0.005269	0.052270
7972	0.040009	0.027462	0.062507
7973	0.041500	0.031455	0.061962
7974	0.044265	0.000202	0.063357
7975	0.048258	0.020734	0.063728
7976	0.055161	0.025229	0.063434
7977	0.060489	0.039446	0.047668
7978	0.066301	0.004307	0.047336
7979	0.076460	-0.005790	0.054479
7980	0.084555	-0.004444	0.051961
7981	0.089124	-0.006927	0.049658
7982	0.097882	0.045717	0.050582
7983	0.106687	0.040497	0.044988
7984	0.107972	0.015000	0.059393
7985	0.106539	0.011250	0.071944
7986	0.109526	0.016283	0.091622
7987	0.110824	0.010522	0.099860
7988	0.101221	-0.009864	0.105513
7989	0.099473	-0.007404	0.105838
7990	0.088698	-0.023350	0.114153
7991	0.072481	-0.006744	0.117734
7992	0.050820	-0.021107	0.115257
7993	0.033151	0.013446	0.118695
7994	0.022584	-0.025809	0.123959
7995	0.005749	-0.014829	0.116853
7996	0.001294	0.010625	0.125207
7997	0.001394	0.018299	0.138771
7998	0.007740	0.037413	0.137447
7999	0.011873	0.019577	0.131036
8000	0.007571	0.050882	0.128158
8001	-0.000835	0.022627	0.116609
8002	-0.011312	0.000017	0.104745
8003	-0.024951	0.037966	0.085531
8004	-0.038412	0.033724	0.083601
8005	-0.050785	0.029420	0.086146
8006	-0.067519	0.013729	0.097720
8007	-0.079684	0.011481	0.098315
8008	-0.084595	0.022594	0.085899
8009	-0.081933	0.034929	0.077854
8010	-0.076622	0.020320	0.068571
8011	-0.067335	0.007232	0.057493
8012	-0.061049	0.003656	0.060318
8013	-0.053819	-0.010017	0.060419
8014	-0.035185	0.018000	0.051962
8015	-0.018155	0.006196	0.047165
8016	-0.010830	-0.004453	0.044361
8017	0.008147	-0.017571	0.029345
8018	0.021938	-0.001242	0.023405
8019	0.032228	-0.016988	0.009328
8020	0.036754	0.009492	0.000873
8021	0.043676	-0.009946	-0.007529
8022	0.048671	-0.011473	-0.017238
8023	0.050565	-0.016178	-0.033820
8024	0.047273	-0.038154	-0.046088
8025	0.043544	-0.035956	-0.048896
8026	0.028527	-0.025134	-0.045351
8027	0.018324	0.002816	-0.039324
8028	0.002806	-0.007901	-0.032179
8029	-0.006637	0.023330	-0.022977
8030	0.001066	0.007694	-0.021522
8031	-0.007134	0.030658	-0.019736
8032	-0.013738	0.010597	-0.012328
8033	-0.035470	0.020464	-0.009464
8034	-0.037707	0.010431	-0.008322
8035	-0.042807	0.016298	-0.006497
8036	-0.047965	0.045711	-0.008835
8037	-0.057466	0.020802	-0.007335
8038	-0.059615	0.009171	0.002067
8039	-0.061947	-0.032944	0.002725
8040	-0.067827	0.015086	0.016852
8041	-0.072234	0.018187	0.023491
8042	-0.068072	0.023645	0.029355
8043	-0.074902	0.027335	0.016561
8044	-0.095271	0.023167	0.010939
8045	-0.093552	0.016394	-0.012329
8046	-0.084898	0.009766	-0.025425
8047	-0.082531	0.010973	-0.045977
8048	-0.082759	-0.025870	-0.061436
8049	-0.082312	0.006632	-0.078243
8050	-0.078264	0.014721	-0.088055
8051	-0.069573	0.021638	-0.103323
8052	-0.066617	0.035075	-0.114173
8053	-0.066019	0.046333	-0.126803
8054	-0.067757	0.001945	-0.130746
8055	-0.064501	0.011956	-0.127269
8056	-0.062021	-0.012665	-0.131550
8057	-0.071620	0.009391	-0.137145
8058	-0.078411	-0.020122	-0.132434
8059	-0.082807	0.001226	-0.131417
8060	-0.080210	-0.004273	-0.116316
8061	-0.073777	-0.021112	-0.109549
8062	-0.073602	-0.012863	-0.095701
8063	-0.081511	0.001112	-0.086409
8064	-0.080552	-0.023822	-0.072859
8065	-0.087117	-0.021778	-0.060672
8066	-0.094361	-0.025273	-0.046101
8067	-0.096894	-0.001199	-0.040708
8068	-0.098148	-0.007280	-0.030277
8069	-0.109741	-0.029732	-0.027908
8070	-0.110067	-0.028923	-0.032350
8071	-0.109566	-0.017007	-0.026770
8072	-0.111181	-0.025624	-0.032194
8073	-0.097509	0.006684	-0.036168
8074	-0.092858	0.006022	-0.028424
8075	-0.088794	-0.011487	-0.029791
8076	-0.080400	0.008552	-0.043251
8077	-0.077706	0.015010	-0.045587
8078	-0.078693	-0.013141	-0.051729
8079	-0.079648	-0.017569	-0.057128
8080	-0.076215	0.010648	-0.069668
8081	-0.072537	0.043080	-0.073768
8082	-0.073617	0.028641	-0.078447
8083	-0.073336	0.036089	-0.090699
8084	-0.068329	0.038774	-0.101089
8085	-0.061397	0.010969	-0.103086
8086	-0.051975	0.024261	-0.090231
8087	-0.051122	-0.004378	-0.088457
8088	-0.045890	0.030245	-0.081877
8089	-0.035453	0.016959	-0.085947
8090	-0.036343	0.010679	-0.097583
8091	-0.027877	0.030524	-0.096889
8092	-0.014364	0.031236	-0.105245
8093	-0.001640	0.055083	-0.116978
8094	0.019008	0.011621	-0.128510
8095	0.034955	-0.015634	-0.135489
8096	0.043389	0.020743	-0.142500
8097	0.045470	0.037641	-0.142830
8098	0.053596	0.061176	-0.144478
8099	0.064265	-0.003304	-0.149231
8100	0.064310	-0.007616	-0.157551
8101	0.072117	-0.038354	-0.160883
8102	0.074910	-0.038962	-0.161624
8103	0.073348	-0.008338	-0.152034
8104	0.073775	0.043634	-0.144461
8105	0.071516	0.048852	-0.135123
8106	0.074692	0.022037	-0.127348
8107	0.076867	0.011134	-0.118189
8108	0.073592	0.025233	-0.103792
8109	0.068556	0.038544	-0.086078
8110	0.063951	0.048152	-0.077877
8111	0.067921	0.029744	-0.061112
8112	0.072886	-0.006698	-0.047711
8113	0.082055	0.000112	-0.049537
8114	0.091365	-0.008993	-0.049402
8115	0.088781	-0.030363	-0.059011
8116	0.078557	-0.016958	-0.066555
8117	0.071167	-0.026086	-0.059792
8118	0.062533	-0.000996	-0.037922
8119	0.058518	0.002414	-0.020780
8120	0.052553	-0.016362	-0.011885
8121	0.047448	0.005795	-0.008530
8122	0.038544	0.004570	-0.000818
8123	0.046915	0.012072	-0.010244
8124	0.046939	-0.004715	-0.007110
8125	0.046716	-0.005963	-0.017101
8126	0.049670	0.004819	-0.024854
8127	0.050765	-0.013029	-0.022525
8128	0.052659	0.001206	-0.019355
8129	0.050069	0.015751	-0.012997
8130	0.045393	0.014410	-0.027538
8131	0.048062	0.010531	-0.035956
8132	0.043094	-0.022914	-0.034536
8133	0.037842	0.008215	-0.040868
8134	0.030599	0.005669	-0.045617
8135	0.021947	0.003245	-0.043771
8136	0.012071	0.007517	-0.045239
8137	0.010709	0.031084	-0.056311
8138	0.012034	0.011868	-0.058999
8139	0.014156	-0.033672	-0.054079
8140	0.013911	-0.050032	-0.043546
8141	0.010868	0.000691	-0.041293
8142	0.010557	0.007200	-0.047417
8143	0.018859	0.008819	-0.052605
8144	0.015046	0.001395	-0.060511
8145	0.014463	0.011163	-0.064403
8146	0.023254	0.007864	-0.069433
8147	0.039302	-0.001020	-0.073236
8148	0.046073	0.005451	-0.071519
8149	0.059271	0.035438	-0.062701
8150	0.065255	0.057877	-0.060796
8151	0.073090	0.005748	-0.048806
8152	0.068146	0.020589	-0.046211
8153	0.067162	0.026004	-0.036246
8154	0.069120	0.045730	-0.015109
8155	0.077183	0.029503	-0.000975
8156	0.081793	0.043869	0.008239
8157	0.078626	0.014354	0.015486
8158	0.071300	-0.015953	0.026772
8159	0.070062	-0.000206	0.032187
8160	0.065555	-0.023065	0.023418
8161	0.066309	-0.026444	0.030924
8162	0.069923	-0.025459	0.040415
8163	0.075628	-0.040815	0.041379
8164	0.071365	0.000787	0.052003
8165	0.062942	0.017993	0.063451
8166	0.050057	0.022333	0.059643
8167	0.037886	0.012071	0.047990
8168	0.028955	0.008464	0.046430
8169	0.010250	0.022805	0.053913
8170	-0.002695	0.017883	0.061193
8171	-0.007456	0.024504	0.056359
8172	-0.004744	0.046549	0.061331
8173	-0.014072	0.034783	0.070459
8174	-0.020844	0.001177	0.078722
8175	-0.026885	-0.018445	0.075828
8176	-0.036455	0.021078	0.068558
8177	-0.037186	0.038837	0.068548
8178	-0.040895	0.033602	0.076774
8179	-0.047472	0.063171	0.073968
8180	-0.040093	0.025823	0.079494
8181	-0.035558	0.026692	0.083184
8182	-0.043594	0.034389	0.083592
8183	-0.050446	0.019507	0.078231
8184	-0.054895	0.014232	0.077764
8185	-0.056379	0.001261	0.074148
8186	-0.068196	0.013222	0.074018
8187	-0.073568	-0.012313	0.084595
8188	-0.077147	-0.053957	0.090289
8189	-0.077336	-0.033636	0.088527
8190	-0.084786	-0.002264	0.087926
8191	-0.095974	-0.008740	0.089604
8192	-0.106502	-0.053531	0.082946
8193	-0.113951	-0.061547	0.082471
8194	-0.113564	-0.017432	0.074399
8195	-0.110146	-0.062184	0.069616
8196	-0.102954	-0.046336	0.069804
8197	-0.108333	-0.048679	0.068748
8198	-0.112494	-0.041910	0.060749
8199	-0.094504	-0.063874	0.049736
8200	-0.080859	-0.036895	0.045158
8201	-0.073105	-0.024645	0.045248
8202	-0.062915	-0.007164	0.042713
8203	-0.054765	-0.002623	0.040427
8204	-0.052300	-0.008663	0.031253
8205	-0.047733	0.005453	0.014345
8206	-0.039855	-0.005676	0.014300
8207	-0.025486	0.008323	0.002711
8208	-0.008147	0.025296	-0.011445
8209	0.002622	0.024331	-0.021187
8210	-0.001876	0.016568	-0.030592
8211	-0.006392	0.026640	-0.036464
8212	-0.005621	0.027769	-0.047215
8213	-0.001838	0.024211	-0.051617
8214	0.000666	0.012923	-0.053056
8215	0.003135	0.024296	-0.045268
8216	-0.001195	0.054377	-0.046953
8217	-0.004449	0.013482	-0.046640
8218	-0.006111	0.009562	-0.048692
8219	-0.010160	-0.011206	-0.049132
8220	-0.005279	0.004367	-0.049579
8221	-0.007960	-0.019675	-0.042299
8222	-0.013092	-0.019608	-0.035610
8223	-0.028839	0.005370	-0.027339
8224	-0.032881	-0.011834	-0.026472
8225	-0.031481	-0.041186	-0.029927
8226	-0.036525	-0.016783	-0.047428
8227	-0.037708	-0.026178	-0.057258
8228	-0.034041	-0.019650	-0.065265
8229	-0.035399	-0.018204	-0.076311
8230	-0.040886	-0.036908	-0.085842
8231	-0.035100	-0.050417	-0.081518
8232	-0.038400	-0.061130	-0.081772
8233	-0.036785	-0.024889	-0.081058
8234	-0.035429	-0.024699	-0.075977
8235	-0.024390	-0.022242	-0.066688
8236	-0.006424	-0.041403	-0.061654
8237	0.003656	-0.043467	-0.053220
8238	0.011396	-0.030269	-0.056177
8239	0.011996	-0.088344	-0.056556
8240	0.012249	-0.037681	-0.067465
8241	0.004055	-0.047912	-0.065687
8242	0.000751	-0.074503	-0.073789
8243	-0.002859	-0.031477	-0.064662
8244	-0.014731	-0.038282	-0.061289
8245	-0.026722	0.003512	-0.058707
8246	-0.032169	-0.021620	-0.069067
8247	-0.049661	-0.026039	-0.089581
8248	-0.071171	-0.035070	-0.102611
8249	-0.075881	-0.059838	-0.109302
8250	-0.086983	-0.055058	-0.106373
8251	-0.095211	-0.014541	-0.117804
8252	-0.099371	-0.000469	-0.115717
8253	-0.103865	-0.019999	-0.121522
8254	-0.113492	-0.022559	-0.124206
8255	-0.113626	-0.016095	-0.134658
8256	-0.118521	-0.009580	-0.138832
8257	-0.115644	-0.018632	-0.143733
8258	-0.112931	-0.033544	-0.155478
8259	-0.123512	0.012615	-0.154378
8260	-0.122731	0.007688	-0.151103
8261	-0.118886	-0.037092	-0.143579
8262	-0.114239	-0.005582	-0.146206
8263	-0.118900	0.016751	-0.141827
8264	-0.133947	0.017954	-0.141901
8265	-0.139122	-0.019894	-0.153739
8266	-0.151460	-0.021985	-0.150937
8267	-0.143607	-0.028663	-0.143217
8268	-0.154571	-0.016857	-0.135071
8269	-0.169354	-0.048409	-0.135459
8270	-0.179476	-0.042323	-0.128743
8271	-0.170222	-0.027550	-0.127216
8272	-0.160326	-0.017386	-0.120995
8273	-0.157239	-0.033848	-0.134435
8274	-0.140831	-0.047029	-0.131749
8275	-0.130061	-0.009263	-0.129312
8276	-0.115900	0.001604	-0.131294
8277	-0.106082	0.019041	-0.122088
8278	-0.090173	0.001114	-0.113992
8279	-0.080709	-0.001865	-0.098172
8280	-0.073710	0.022870	-0.096860
8281	-0.058764	0.012601	-0.095351
8282	-0.050661	-0.035004	-0.105237
8283	-0.050673	-0.020560	-0.110772
8284	-0.031056	-0.024568	-0.115993
8285	-0.014453	-0.010281	-0.125871
8286	-0.007876	0.001412	-0.123395
8287	0.008032	0.014824	-0.128282
8288	0.011074	0.022038	-0.128886
8289	0.010310	0.035139	-0.133579
8290	0.000856	0.011525	-0.120408
8291	-0.003777	0.019776	-0.114933
8292	-0.004845	0.006640	-0.113850
8293	-0.012759	-0.035712	-0.119545
8294	-0.024700	-0.015715	-0.118507
8295	-0.024966	0.008358	-0.120812
8296	-0.022761	0.044521	-0.133056
8297	-0.012666	0.033579	-0.137197
8298	-0.004094	0.043097	-0.128339
8299	-0.002500	0.039935	-0.129803
8300	-0.006837	0.006913	-0.134680
8301	-0.005892	0.036325	-0.130843
8302	-0.002012	0.020606	-0.141861
8303	0.011489	0.013923	-0.141327
8304	0.024149	-0.000024	-0.142061
8305	0.018340	-0.027082	-0.151639
8306	0.015356	-0.022787	-0.151267
8307	0.013761	-0.027564	-0.152034
8308	0.008794	-0.043381	-0.148236
8309	0.008076	-0.022572	-0.136977
8310	-0.002306	-0.043894	-0.126300
8311	-0.017234	-0.034259	-0.127285
8312	-0.018842	-0.073744	-0.122641
8313	-0.011594	-0.071425	-0.128844
8314	-0.013574	-0.048923	-0.122858
8315	-0.012215	-0.098988	-0.117592
8316	0.005237	-0.068917	-0.124950
8317	0.018334	-0.042276	-0.119566
8318	0.023094	-0.040179	-0.135150
8319	0.030298	-0.028015	-0.141852
8320	0.031886	-0.045051	-0.133001
8321	0.043206	-0.015513	-0.127944
8322	0.052762	0.003751	-0.127605
8323	0.059658	-0.027842	-0.138075
8324	0.060260	0.017614	-0.127686
8325	0.076974	-0.002693	-0.132935
8326	0.083190	0.007242	-0.125463
8327	0.081979	-0.009415	-0.117602
8328	0.094433	-0.000739	-0.104878
8329	0.091675	-0.008046	-0.107847
8330	0.089248	-0.025713	-0.103108
8331	0.089070	-0.006768	-0.110217
8332	0.074718	-0.013406	-0.118566
8333	0.060638	0.017542	-0.125496
8334	0.051886	0.017806	-0.119717
8335	0.047063	-0.015424	-0.112297
8336	0.032050	-0.006456	-0.101284
8337	0.020044	-0.002959	-0.094336
8338	0.015120	0.012515	-0.087641
8339	0.012755	0.029988	-0.088092
8340	0.023262	0.010106	-0.084568
8341	0.029092	0.042243	-0.085593
8342	0.033296	0.026838	-0.074893
8343	0.031443	0.013690	-0.070485
8344	0.035628	0.015924	-0.048647
8345	0.031341	0.029639	-0.045572
8346	0.031473	0.006341	-0.040731
8347	0.041734	0.041303	-0.027897
8348	0.049972	0.036821	-0.023794
8349	0.044113	0.033179	-0.020736
8350	0.045817	0.005708	-0.019874
8351	0.052099	0.015677	-0.022266
8352	0.050805	0.013647	-0.018008
8353	0.053775	0.002996	-0.017665
8354	0.054994	0.032889	-0.026585
8355	0.063472	0.022382	-0.036925
8356	0.079581	-0.006210	-0.043511
8357	0.090790	-0.009545	-0.046116
8358	0.098144	-0.040621	-0.056207
8359	0.106492	-0.022451	-0.062293
8360	0.113609	0.033291	-0.077268
8361	0.105265	0.065253	-0.088364
8362	0.089296	0.040167	-0.096663
8363	0.083804	-0.020838	-0.102124
8364	0.072938	0.007353	-0.111412
8365	0.066238	0.016217	-0.114861
8366	0.052372	0.027949	-0.113515
8367	0.040633	0.009338	-0.118865
8368	0.024883	0.010226	-0.129699
8369	0.013733	-0.009642	-0.122531
8370	-0.002849	-0.011553	-0.121120
8371	-0.008062	-0.022735	-0.115826
8372	-0.009967	-0.007989	-0.111858
8373	-0.015892	-0.046889	-0.108180
8374	-0.019070	-0.042945	-0.117553
8375	-0.020377	-0.038931	-0.131003
8376	-0.023634	-0.024253	-0.147461
8377	-0.030577	-0.015607	-0.148492
8378	-0.030479	-0.020815	-0.143898
8379	-0.030044	-0.024998	-0.156338
8380	-0.036001	-0.000650	-0.166740
8381	-0.036820	0.000337	-0.183012
8382	-0.040744	0.011223	-0.188346
8383	-0.040696	-0.017749	-0.198081
8384	-0.035097	0.004310	-0.210638
8385	-0.033033	0.019608	-0.202627
8386	-0.022815	0.028026	-0.201379
8387	-0.005923	0.019231	-0.201784
8388	0.002058	0.015271	-0.196900
8389	0.017973	0.008665	-0.196530
8390	0.030512	0.006591	-0.191565
8391	0.032849	-0.035582	-0.188482
8392	0.042347	-0.054725	-0.175216
8393	0.038538	-0.054210	-0.168353
8394	0.034975	-0.046026	-0.162789
8395	0.026942	-0.024888	-0.164332
8396	0.022322	0.004324	-0.163763
8397	0.026016	0.014413	-0.152572
8398	0.026909	0.016346	-0.154592
8399	0.049031	0.065826	-0.163487
8400	0.057149	0.072158	-0.170235
8401	0.065923	0.044786	-0.181586
8402	0.061723	0.000535	-0.181384
8403	0.057509	0.029308	-0.187313
8404	0.052803	0.020636	-0.178938
8405	0.043221	0.059941	-0.180260
8406	0.036604	0.048336	-0.180083
8407	0.028308	0.064515	-0.178885
8408	0.025187	0.029323	-0.169853
8409	0.016188	0.053445	-0.162206
8410	0.013121	0.008058	-0.157502
8411	0.012021	-0.049555	-0.161223
8412	0.018375	-0.071748	-0.159264
8413	0.016092	-0.073969	-0.165907
8414	0.020189	-0.093618	-0.160551
8415	0.003623	-0.102951	-0.148798
8416	-0.001827	-0.072854	-0.139782
8417	-0.007005	-0.021396	-0.133313
8418	-0.013875	-0.027324	-0.125193
8419	-0.015643	-0.028474	-0.112919
8420	-0.019825	-0.085863	-0.095602
8421	-0.014739	-0.022949	-0.087020
8422	-0.014209	0.035891	-0.080858
8423	-0.017038	0.018615	-0.062941
8424	-0.016332	0.024903	-0.057437
8425	0.001884	0.000742	-0.054202
8426	0.010452	-0.013350	-0.043510
8427	0.014993	0.049630	-0.030958
8428	0.010398	0.065192	-0.029362
8429	0.012977	0.081638	-0.022629
8430	0.023874	0.062715	-0.023522
8431	0.028397	0.001301	-0.019240
8432	0.027007	0.002056	-0.023818
8433	0.023657	0.036495	-0.014866
8434	0.020574	0.023416	-0.003088
8435	0.022765	-0.011987	0.008584
8436	0.023405	-0.011343	0.017372
8437	0.016956	-0.023662	0.019902
8438	0.008619	-0.014186	0.028591
8439	0.003229	-0.050410	0.038155
8440	-0.003362	-0.014640	0.032245
8441	0.002766	-0.027459	0.021964
8442	0.002907	-0.034642	0.009454
8443	0.007611	-0.032183	0.003348
8444	0.005835	-0.028351	0.003695
8445	0.003153	-0.063709	0.004017
8446	0.010771	-0.047737	-0.007608
8447	0.019364	-0.046225	-0.005598
8448	0.030573	-0.026509	-0.009110
8449	0.029230	-0.023259	-0.021662
8450	0.027378	-0.005604	-0.028660
8451	0.031028	0.004067	-0.034852
8452	0.025377	0.001661	-0.037318
8453	0.017628	-0.032044	-0.042795
8454	0.019126	-0.062914	-0.050754
8455	0.020531	-0.055649	-0.065195
8456	0.030220	-0.030924	-0.064849
8457	0.054393	-0.040968	-0.068950
8458	0.061992	-0.022109	-0.065360
8459	0.067782	0.001968	-0.082515
8460	0.068265	0.007351	-0.084223
8461	0.065475	0.023429	-0.091441
8462	0.062422	-0.026523	-0.095881
8463	0.066920	0.017187	-0.092788
8464	0.071714	-0.038439	-0.083861
8465	0.073614	-0.036260	-0.079234
8466	0.070703	0.025774	-0.072302
8467	0.070375	0.033282	-0.084006
8468	0.071153	0.037136	-0.090094
8469	0.071790	0.018499	-0.100415
8470	0.081211	0.041714	-0.085440
8471	0.083734	0.021466	-0.088952
8472	0.080354	-0.012355	-0.088879
8473	0.077129	0.029098	-0.087250
8474	0.071044	-0.011990	-0.078786
8475	0.062532	-0.020351	-0.076258
8476	0.054647	0.008122	-0.068823
8477	0.044917	-0.044576	-0.066175
8478	0.033362	-0.036294	-0.073946
8479	0.020659	-0.047496	-0.076872
8480	0.011028	-0.025771	-0.064697
8481	0.013622	-0.018151	-0.070898
8482	0.015425	-0.023191	-0.079099
8483	0.021044	-0.028382	-0.086372
8484	0.020900	-0.057002	-0.081926
8485	0.018348	-0.066849	-0.083705
8486	0.014679	-0.054526	-0.080707
8487	0.016945	-0.061583	-0.090278
8488	0.013020	-0.034482	-0.102358
8489	0.016117	0.011077	-0.107942
8490	0.014217	-0.029980	-0.112056
8491	0.009903	-0.012258	-0.116888
8492	0.000889	-0.008023	-0.110655
8493	-0.017416	-0.015162	-0.090914
8494	-0.041117	-0.013967	-0.073049
8495	-0.052030	-0.027910	-0.065701
8496	-0.072055	0.005939	-0.061055
8497	-0.088013	0.017091	-0.061134
8498	-0.088958	-0.022039	-0.060746
8499	-0.089674	-0.008601	-0.048260
8500	-0.090596	0.009002	-0.040636
8501	-0.081090	-0.028074	-0.035314
8502	-0.069679	-0.013242	-0.021698
8503	-0.070397	-0.046395	-0.017659
8504	-0.060321	-0.032479	-0.012095
8505	-0.047479	-0.035499	-0.014752
8506	-0.044295	-0.002045	-0.008313
8507	-0.053303	-0.030696	-0.005473
8508	-0.063752	-0.034315	-0.012010
8509	-0.070543	0.014213	-0.017751
8510	-0.075743	-0.000375	-0.015882
8511	-0.086026	0.017485	-0.014485
8512	-0.094146	0.017871	-0.012139
8513	-0.090404	-0.006629	-0.004054
8514	-0.092793	0.008405	0.000346
8515	-0.090434	0.008679	0.012418
8516	-0.087265	-0.032045	0.016444
8517	-0.079000	0.013630	0.012953
8518	-0.074987	-0.002528	0.024971
8519	-0.074874	0.063464	0.023390
8520	-0.074554	0.020688	0.025965
8521	-0.067347	-0.005243	0.034951
8522	-0.051030	0.011844	0.033751
8523	-0.032945	-0.020410	0.020958
8524	-0.024197	-0.029918	0.011886
8525	-0.030027	0.004983	0.008615
8526	-0.026360	0.026461	0.014811
8527	-0.019082	-0.025049	0.021666
8528	-0.015008	-0.022600	0.030852
8529	-0.024426	0.018975	0.035678
8530	-0.031098	-0.001218	0.050035
8531	-0.025445	0.023092	0.050747
8532	-0.022499	0.053165	0.046342
8533	-0.018297	0.004225	0.027936
8534	-0.007200	0.003111	0.010117
8535	0.010894	0.008838	0.006184
8536	0.020912	0.032822	0.018209
8537	0.027952	0.016854	0.015366
8538	0.040627	-0.005134	0.008531
8539	0.044210	0.002369	0.003706
8540	0.050125	0.022905	-0.002831
8541	0.057830	-0.032779	0.003320
8542	0.071303	-0.023462	0.004782
8543	0.072582	-0.062259	0.007817
8544	0.060635	-0.065381	0.022208
8545	0.056148	-0.030535	0.037850
8546	0.066052	-0.022268	0.057495
8547	0.071056	-0.018441	0.065932
8548	0.065514	-0.023919	0.073806
8549	0.044496	-0.026211	0.080528
8550	0.026334	0.002895	0.098445
8551	0.013407	-0.012674	0.114690
8552	0.007481	0.009911	0.125313
8553	-0.003076	0.000878	0.128113
8554	-0.010793	-0.039800	0.119842
8555	-0.022917	-0.038590	0.121082
8556	-0.033686	0.039413	0.113196
8557	-0.040895	0.059041	0.108050
8558	-0.050818	0.028172	0.100642
8559	-0.055752	0.033467	0.103988
8560	-0.066700	0.001814	0.110576
8561	-0.079255	-0.031933	0.114310
8562	-0.095193	-0.012782	0.120465
8563	-0.109243	-0.001649	0.118694
8564	-0.115312	-0.037849	0.121997
8565	-0.123348	-0.016542	0.114877
8566	-0.132794	0.024874	0.106713
8567	-0.144865	-0.010235	0.104623
8568	-0.157337	-0.001075	0.104967
8569	-0.160698	-0.004309	0.102938
8570	-0.171659	-0.000908	0.086144
8571	-0.181468	0.007632	0.089538
8572	-0.175174	0.019015	0.088609
8573	-0.171300	0.029515	0.084428
8574	-0.182347	0.021764	0.073897
8575	-0.184056	0.030817	0.063722
8576	-0.190913	0.040857	0.054265
8577	-0.206586	0.035773	0.041384
8578	-0.209714	0.038453	0.036477
8579	-0.214426	0.020809	0.028572
8580	-0.215871	0.019156	0.039253
8581	-0.217434	-0.015035	0.046870
8582	-0.221270	-0.004693	0.046036
8583	-0.214452	-0.020780	0.044925
8584	-0.212013	-0.055565	0.037140
8585	-0.206155	-0.033900	0.026368
8586	-0.205939	-0.049164	0.021328
8587	-0.212612	-0.023261	0.024295
8588	-0.204505	0.021920	0.026366
8589	-0.190499	-0.031037	0.025383
8590	-0.181399	-0.020455	0.021947
8591	-0.170923	-0.030047	0.021554
8592	-0.159262	0.004399	0.027686
8593	-0.156672	-0.023828	0.033140
8594	-0.151456	-0.014849	0.038596
8595	-0.154950	-0.022870	0.035545
8596	-0.145317	-0.057409	0.029805
8597	-0.137061	-0.029126	0.020535
8598	-0.142924	-0.018132	0.018309
8599	-0.138538	0.013138	0.005036
8600	-0.136580	0.031009	-0.006246
8601	-0.134348	0.010767	-0.016292
8602	-0.125589	-0.006059	-0.028371
8603	-0.114510	-0.037469	-0.038965
8604	-0.094432	-0.016743	-0.056181
8605	-0.072332	0.022526	-0.060306
8606	-0.057336	0.037751	-0.066087
8607	-0.053240	0.051345	-0.084055
8608	-0.046821	0.024925	-0.092347
8609	-0.044040	0.030828	-0.083360
8610	-0.041522	0.009437	-0.082781
8611	-0.032744	0.018232	-0.105022
8612	-0.029036	0.027827	-0.112886
8613	-0.014216	0.018111	-0.125899
8614	-0.007584	0.007784	-0.139663
8615	-0.001290	-0.036073	-0.147399
8616	-0.010306	-0.028547	-0.154772
8617	-0.010712	-0.035780	-0.159072
8618	-0.011413	-0.061342	-0.165401
8619	-0.006402	-0.072019	-0.165431
8620	0.005227	-0.014120	-0.164625
8621	0.022318	-0.026000	-0.169512
8622	0.034733	-0.032631	-0.181328
8623	0.053256	-0.006725	-0.183752
8624	0.069072	-0.009303	-0.195447
8625	0.064634	-0.037039	-0.206734
8626	0.054606	-0.048272	-0.212557
8627	0.051477	0.009758	-0.233186
8628	0.045251	-0.002346	-0.244637
8629	0.042916	-0.010422	-0.247625
8630	0.041506	-0.014800	-0.252841
8631	0.039979	-0.031904	-0.263087
8632	0.042304	-0.054878	-0.263094
8633	0.039514	-0.032835	-0.252182
8634	0.023471	-0.036473	-0.246435
8635	0.013385	-0.035805	-0.245563
8636	0.018067	-0.008391	-0.246163
8637	0.016147	0.035016	-0.233019
8638	0.000103	0.011042	-0.228423
8639	-0.020790	0.026313	-0.214230
8640	-0.031626	0.007072	-0.216516
8641	-0.049868	-0.011018	-0.206224
8642	-0.065660	-0.005632	-0.197388
8643	-0.078524	0.011199	-0.180795
8644	-0.091987	0.053111	-0.182529
8645	-0.088408	0.006540	-0.189712
8646	-0.068737	0.043632	-0.191777
8647	-0.057015	0.021717	-0.195635
8648	-0.051416	0.017860	-0.193832
8649	-0.039640	0.008770	-0.186450
8650	-0.029406	0.065559	-0.170550
8651	-0.020219	0.031179	-0.166208
8652	-0.012591	0.008586	-0.145511
8653	-0.003061	-0.006021	-0.117682
8654	-0.004395	0.020400	-0.098680
8655	0.001435	0.013835	-0.082482
8656	-0.000928	0.042725	-0.071070
8657	-0.000971	0.033167	-0.058364
8658	0.000379	0.000858	-0.039046
8659	-0.006876	0.008041	-0.019251
8660	-0.006488	0.009404	-0.012867
8661	0.001789	0.013627	-0.016077
8662	0.000772	0.011244	-0.012710
8663	-0.001441	-0.022416	-0.002525
8664	-0.001894	-0.062130	0.000342
8665	-0.002858	-0.041436	0.002596
8666	0.008684	-0.014787	0.002592
8667	0.028397	0.005046	0.006941
8668	0.054183	-0.012554	0.032372
8669	0.067264	-0.016241	0.045686
8670	0.078705	-0.043526	0.055293
8671	0.090627	-0.033611	0.064946
8672	0.091998	-0.051267	0.072356
8673	0.097806	-0.075202	0.083653
8674	0.101782	-0.005716	0.099844
8675	0.099324	0.008727	0.097077
8676	0.091623	0.021155	0.103473
8677	0.088554	0.015918	0.114339
8678	0.084656	-0.007039	0.129599
8679	0.094411	0.006089	0.131052
8680	0.085520	0.050786	0.129758
8681	0.087955	0.058787	0.111586
8682	0.091129	0.032697	0.110632
8683	0.092687	-0.025391	0.090453
8684	0.093228	-0.038079	0.082191
8685	0.094400	-0.007700	0.069187
8686	0.094195	0.023601	0.065959
8687	0.105593	0.027283	0.053375
8688	0.122975	0.014360	0.041300
8689	0.129070	0.010453	0.031559
8690	0.152128	-0.004950	0.032112
8691	0.169796	-0.032296	0.039831
8692	0.175446	0.030293	0.036960
8693	0.169211	0.031375	0.037725
8694	0.166802	0.032093	0.034032
8695	0.171028	-0.000230	0.027812
8696	0.177449	0.027961	0.029888
8697	0.182902	-0.001964	0.026460
8698	0.186953	0.051676	0.025957
8699	0.180930	0.046677	0.013860
8700	0.175772	0.063556	0.014001
8701	0.165624	0.029900	0.010430
8702	0.154390	-0.012407	0.011510
8703	0.147386	0.009749	0.005470
8704	0.151043	0.029703	0.006193
8705	0.148627	-0.021395	0.006605
8706	0.143761	-0.024126	0.003564
8707	0.122065	-0.001478	0.011917
8708	0.106586	-0.032327	0.013512
8709	0.101201	-0.050672	0.006379
8710	0.083819	-0.009552	0.001222
8711	0.063614	-0.030405	-0.011301
8712	0.037700	-0.031316	-0.011317
8713	0.025810	-0.038853	-0.030188
8714	0.022199	-0.049118	-0.030298
8715	0.021781	-0.033508	-0.045955
8716	0.024782	-0.042183	-0.044413
8717	0.034556	-0.037326	-0.050449
8718	0.034657	0.001243	-0.053379
8719	0.024199	0.007978	-0.068892
8720	0.033992	-0.004915	-0.066574
8721	0.054954	0.018012	-0.058591
8722	0.056275	0.003698	-0.051871
8723	0.058554	-0.023103	-0.027721
8724	0.055348	-0.008813	-0.031259
8725	0.066220	-0.018067	-0.035926
8726	0.070758	-0.043701	-0.041491
8727	0.070245	-0.030046	-0.054360
8728	0.079483	-0.020253	-0.065937
8729	0.076265	0.034943	-0.085787
8730	0.067403	0.046482	-0.089662
8731	0.065726	0.040717	-0.086209
8732	0.082002	0.007605	-0.091286
8733	0.082710	0.016712	-0.090525
8734	0.071503	-0.005512	-0.094989
8735	0.065350	-0.024853	-0.104167
8736	0.067025	-0.019574	-0.099909
8737	0.075470	-0.031577	-0.109835
8738	0.074195	-0.047398	-0.111906
8739	0.077035	-0.050731	-0.105162
8740	0.074752	0.004453	-0.105041
8741	0.067060	0.001669	-0.113115
8742	0.053361	0.036731	-0.110346
8743	0.027947	0.035814	-0.113204
8744	0.017513	0.033974	-0.110245
8745	0.008085	-0.014135	-0.106377
8746	0.005852	0.024977	-0.089293
8747	0.000365	0.051208	-0.073850
8748	0.002183	0.037919	-0.077047
8749	0.007995	0.049069	-0.083416
8750	0.002978	0.080312	-0.078933
8751	0.007432	0.039399	-0.074187
8752	0.010498	0.024582	-0.068756
8753	0.016115	0.017104	-0.057854
8754	0.022942	0.036809	-0.063891
8755	0.030502	0.011184	-0.064564
8756	0.033352	0.044027	-0.063129
8757	0.039443	0.036840	-0.057374
8758	0.041565	0.009820	-0.049069
8759	0.047564	-0.034412	-0.065955
8760	0.037472	-0.001450	-0.081367
8761	0.034096	0.015371	-0.091804
8762	0.039489	0.018972	-0.106475
8763	0.044524	-0.007377	-0.114940
8764	0.049574	-0.044943	-0.115475
8765	0.054459	-0.020087	-0.113164
8766	0.039345	-0.009356	-0.116835
8767	0.042843	-0.014709	-0.129977
8768	0.052297	-0.029960	-0.148581
8769	0.045660	-0.027344	-0.165461
8770	0.040764	-0.015022	-0.176939
8771	0.038334	-0.019436	-0.179285
8772	0.044363	0.029479	-0.187833
8773	0.041133	0.071645	-0.192086
8774	0.032353	0.009545	-0.185491
8775	0.032138	0.016432	-0.186145
8776	0.023483	0.024506	-0.184916
8777	0.018046	0.018490	-0.198359
8778	-0.000942	0.031863	-0.195723
8779	-0.010403	0.024708	-0.200066
8780	-0.016764	0.024475	-0.214330
8781	-0.021947	0.023983	-0.231615
8782	-0.034181	0.053015	-0.252084
8783	-0.030846	0.088698	-0.247835
8784	-0.032836	0.005964	-0.244020
8785	-0.032665	0.002251	-0.236418
8786	-0.022760	0.000055	-0.247664
8787	-0.014276	0.006492	-0.244423
8788	-0.026093	-0.008084	-0.245991
8789	-0.051290	0.032994	-0.246046
8790	-0.072273	0.008920	-0.236443
8791	-0.087867	-0.009448	-0.226718
8792	-0.101539	-0.021263	-0.211231
8793	-0.101656	0.009431	-0.208946
8794	-0.092735	0.015547	-0.200650
8795	-0.079496	-0.014570	-0.196395
8796	-0.065291	-0.003196	-0.192307
8797	-0.062039	-0.034275	-0.191250
8798	-0.064489	-0.006756	-0.177143
8799	-0.050094	-0.031847	-0.175243
8800	-0.052199	-0.027018	-0.173574
8801	-0.060119	-0.020560	-0.165509
8802	-0.062308	-0.029617	-0.177145
8803	-0.057044	0.003738	-0.182649
8804	-0.052755	0.015588	-0.209338
8805	-0.053640	0.006189	-0.214291
8806	-0.056432	-0.026153	-0.210704
8807	-0.059110	-0.009131	-0.204630
8808	-0.057501	0.045152	-0.204218
8809	-0.057496	0.005470	-0.202348
8810	-0.064491	-0.002319	-0.187014
8811	-0.064560	0.014303	-0.183529
8812	-0.085724	-0.046313	-0.184625
8813	-0.100956	0.007870	-0.195012
8814	-0.114308	0.003733	-0.203011
8815	-0.108897	-0.014760	-0.194020
8816	-0.120057	-0.004935	-0.177676
8817	-0.130624	-0.010913	-0.180429
8818	-0.125466	0.030408	-0.175140
8819	-0.118936	0.038685	-0.148913
8820	-0.114151	0.064504	-0.134568
8821	-0.109224	0.077273	-0.118279
8822	-0.101007	0.098073	-0.112606
8823	-0.098703	0.039541	-0.107841
8824	-0.106131	0.046020	-0.093959
8825	-0.107633	0.073414	-0.072207
8826	-0.104507	0.085357	-0.054596
8827	-0.087605	0.042592	-0.052088
8828	-0.093684	0.038180	-0.030911
8829	-0.078753	0.040416	-0.020988
8830	-0.059899	0.051843	-0.013750
8831	-0.052468	0.043253	-0.012093
8832	-0.050520	0.024386	0.004886
8833	-0.049418	0.038329	0.011194
8834	-0.053454	0.016853	0.020679
8835	-0.061889	0.023167	0.017335
8836	-0.065797	-0.004783	0.009650
8837	-0.074720	-0.034318	0.011786
8838	-0.076559	-0.019946	0.019632
8839	-0.076690	-0.017571	0.032402
8840	-0.073659	-0.033378	0.045651
8841	-0.075140	-0.020477	0.057895
8842	-0.071520	-0.018989	0.076800
8843	-0.065024	0.000532	0.080307
8844	-0.064549	0.034767	0.088875
8845	-0.053973	0.046368	0.096842
8846	-0.032877	-0.002080	0.101962
8847	-0.026402	-0.020224	0.098295
8848	-0.025843	-0.050774	0.103420
8849	-0.014118	-0.013635	0.108546
8850	0.000759	0.019221	0.121883
8851	0.015878	0.011288	0.113438
8852	0.026575	0.007399	0.111558
8853	0.046869	-0.016376	0.112238
8854	0.050930	0.017424	0.095838
8855	0.047026	0.042021	0.080075
8856	0.031272	0.046390	0.068291
8857	0.026360	0.033396	0.050267
8858	0.023075	-0.000545	0.031233
8859	0.003335	0.005889	0.025098
8860	-0.018087	0.020410	0.010105
8861	-0.023223	0.023997	0.011028
8862	-0.037050	0.023201	0.001105
8863	-0.045362	-0.000263	-0.005383
8864	-0.062199	0.086638	-0.010576
8865	-0.064183	0.036247	-0.029543
8866	-0.066853	0.030224	-0.027334
8867	-0.067493	0.022530	-0.034576
8868	-0.065679	0.028931	-0.042719
8869	-0.062779	-0.009870	-0.044766
8870	-0.047263	-0.051216	-0.054158
8871	-0.050919	0.000543	-0.056925
8872	-0.057777	0.016493	-0.058326
8873	-0.075854	-0.037594	-0.067661
8874	-0.085043	-0.039219	-0.071747
8875	-0.090243	-0.015376	-0.068363
8876	-0.089559	0.015309	-0.069197
8877	-0.091031	0.065636	-0.056337
8878	-0.091977	0.030291	-0.055483
8879	-0.095005	0.027738	-0.060355
8880	-0.089047	-0.016559	-0.053071
8881	-0.085072	-0.000260	-0.044154
8882	-0.078999	0.042234	-0.038973
8883	-0.062755	0.054698	-0.023268
8884	-0.044037	0.045609	-0.032877
8885	-0.038410	0.029806	-0.033763
8886	-0.039231	0.004820	-0.038311
8887	-0.044174	0.029474	-0.024604
8888	-0.040314	0.096531	-0.043380
8889	-0.034376	0.061567	-0.034481
8890	-0.030827	0.048560	-0.026463
8891	-0.022864	0.033643	-0.029394
8892	-0.028846	0.021686	-0.024509
8893	-0.037532	0.048890	-0.020682
8894	-0.047575	0.044437	-0.017301
8895	-0.053548	-0.001419	-0.016998
8896	-0.037520	-0.002865	-0.019965
8897	-0.024871	0.028988	-0.012666
8898	-0.018784	-0.029251	-0.003228
8899	-0.015810	-0.026781	-0.004494
8900	-0.005145	-0.041532	-0.020606
8901	0.012172	-0.012111	-0.036708
8902	0.011052	-0.008428	-0.054170
8903	0.020555	0.021225	-0.061326
8904	0.032542	0.022878	-0.065963
8905	0.028306	0.023401	-0.061236
8906	0.025296	-0.028858	-0.056669
8907	0.030770	-0.015052	-0.044682
8908	0.028836	-0.015355	-0.027603
8909	0.042576	-0.044716	-0.028159
8910	0.029903	-0.034006	-0.040931
8911	0.027285	-0.041621	-0.047860
8912	0.026140	0.014267	-0.051286
8913	0.022594	-0.030100	-0.053013
8914	0.023594	-0.002337	-0.046207
8915	0.020055	0.012141	-0.046295
8916	0.018591	0.033566	-0.049679
8917	0.009365	0.032992	-0.047600
8918	-0.009440	0.029350	-0.052768
8919	-0.026650	0.046876	-0.062320
8920	-0.030868	0.072503	-0.077830
8921	-0.032438	0.019503	-0.084181
8922	-0.031084	0.006462	-0.092120
8923	-0.034454	0.053315	-0.091756
8924	-0.050708	0.041074	-0.079586
8925	-0.047838	0.059163	-0.067887
8926	-0.053497	0.052463	-0.062226
8927	-0.052677	0.039551	-0.060018
8928	-0.059378	0.051155	-0.060059
8929	-0.059100	-0.010874	-0.062017
8930	-0.046347	-0.025114	-0.059952
8931	-0.037279	-0.015409	-0.065798
8932	-0.041048	0.006393	-0.082887
8933	-0.041607	0.051232	-0.080455
8934	-0.050873	0.017569	-0.080732
8935	-0.068528	-0.005169	-0.079925
8936	-0.072023	-0.008603	-0.071918
8937	-0.080758	0.009054	-0.069927
8938	-0.087131	0.004252	-0.068029
8939	-0.096749	-0.018337	-0.078029
8940	-0.082193	-0.005183	-0.098553
8941	-0.076671	-0.027233	-0.099007
8942	-0.071804	-0.046378	-0.094129
8943	-0.063999	-0.035894	-0.077335
8944	-0.061050	0.007283	-0.079649
8945	-0.070617	0.083238	-0.079575
8946	-0.085626	0.059878	-0.089417
8947	-0.080416	0.039274	-0.089317
8948	-0.081190	0.031248	-0.079617
8949	-0.079084	0.054141	-0.065456
8950	-0.083175	0.065830	-0.055263
8951	-0.080112	0.041430	-0.062849
8952	-0.096567	-0.006867	-0.077773
8953	-0.103238	0.058800	-0.091166
8954	-0.114195	-0.016236	-0.094205
8955	-0.112601	-0.006053	-0.100412
8956	-0.097505	0.017140	-0.117623
8957	-0.091247	0.036156	-0.135840
8958	-0.090578	0.036273	-0.134856
8959	-0.084173	0.016519	-0.138570
8960	-0.072417	-0.005794	-0.137559
8961	-0.062277	-0.011437	-0.134824
8962	-0.036282	-0.020216	-0.128290
8963	-0.022895	0.012993	-0.115729
8964	-0.005296	-0.015444	-0.102176
8965	0.013151	-0.038296	-0.110212
8966	0.031307	-0.038661	-0.116918
8967	0.041780	-0.079664	-0.124474
8968	0.067245	-0.051873	-0.134973
8969	0.089879	-0.055030	-0.133703
8970	0.108323	-0.017084	-0.123857
8971	0.117226	-0.045622	-0.119884
8972	0.122364	-0.017957	-0.109785
8973	0.107533	-0.059781	-0.101729
8974	0.108883	-0.029403	-0.094803
8975	0.091676	-0.039071	-0.109964
8976	0.068949	-0.093727	-0.115561
8977	0.045367	-0.050340	-0.103765
8978	0.040972	-0.033848	-0.100462
8979	0.037328	0.022508	-0.096362
8980	0.034814	-0.021226	-0.089063
8981	0.035176	-0.042238	-0.079080
8982	0.042972	-0.060274	-0.062362
8983	0.046120	-0.021677	-0.053349
8984	0.046283	0.007569	-0.061095
8985	0.051842	0.001060	-0.059350
8986	0.055013	-0.064106	-0.065577
8987	0.066183	-0.045651	-0.078473
8988	0.064580	-0.064432	-0.087587
8989	0.066076	-0.018691	-0.114197
8990	0.062104	-0.012658	-0.131069
8991	0.059248	0.016286	-0.140264
8992	0.049335	0.012624	-0.145057
8993	0.042617	-0.025451	-0.150361
8994	0.047502	0.005115	-0.155045
8995	0.052153	-0.028493	-0.160273
8996	0.041210	-0.029757	-0.133780
8997	0.040136	-0.011261	-0.130653
8998	0.058367	0.005868	-0.121792
8999	0.051030	0.032123	-0.112145
9000	0.034277	0.056646	-0.113673
9001	0.031883	0.069894	-0.089455
9002	0.046677	0.044691	-0.061001
9003	0.056910	0.017622	-0.043807
9004	0.063515	-0.016919	-0.028375
9005	0.072013	-0.010574	-0.025251
9006	0.074108	0.014411	-0.020549
9007	0.080714	-0.010257	-0.028023
9008	0.092507	-0.004659	-0.032646
9009	0.097719	0.006343	-0.023568
9010	0.102143	-0.010040	-0.025890
9011	0.111771	0.005518	-0.019680
9012	0.109097	0.035179	-0.019016
9013	0.104932	0.073368	-0.023681
9014	0.086168	0.058300	-0.029312
9015	0.070696	0.004416	-0.015164
9016	0.077516	-0.012671	0.001103
9017	0.078066	0.000940	0.017484
9018	0.086569	0.004157	0.032438
9019	0.092255	-0.046589	0.038444
9020	0.089291	-0.015316	0.029126
9021	0.087170	0.024682	0.016590
9022	0.072007	-0.016133	0.011691
9023	0.064773	-0.010862	-0.003093
9024	0.083355	-0.006086	0.001794
9025	0.100917	0.006205	0.000710
9026	0.101489	-0.000458	-0.002902
9027	0.105517	0.013565	-0.020216
9028	0.107580	-0.022465	-0.015595
9029	0.117257	-0.023017	-0.029418
9030	0.129441	0.004700	-0.029060
9031	0.121733	0.038236	-0.031744
9032	0.125461	0.001064	-0.024803
9033	0.136051	0.015589	-0.040037
9034	0.130929	-0.018866	-0.045132
9035	0.111859	-0.027064	-0.042165
9036	0.109250	0.051446	-0.045229
9037	0.106891	0.018217	-0.056722
9038	0.102180	-0.023533	-0.067447
9039	0.093918	-0.025319	-0.065701
9040	0.112806	-0.021084	-0.059919
9041	0.121696	-0.016793	-0.049615
9042	0.130357	0.001466	-0.055260
9043	0.147339	-0.021586	-0.062590
9044	0.153322	-0.047027	-0.062248
9045	0.160470	-0.021956	-0.072238
9046	0.165636	-0.014979	-0.064697
9047	0.157561	-0.007464	-0.050399
9048	0.156479	0.042670	-0.053598
9049	0.143707	0.048883	-0.056230
9050	0.120856	0.019146	-0.041478
9051	0.091001	0.068596	-0.025520
9052	0.078528	0.076123	-0.019552
9053	0.065734	0.105918	-0.013519
9054	0.044617	0.060642	-0.016565
9055	0.021787	0.017557	-0.028492
9056	0.004430	0.023079	-0.028540
9057	-0.000887	-0.014694	-0.019361
9058	-0.020102	0.021205	-0.024199
9059	-0.034106	0.032411	-0.029246
9060	-0.041736	0.019982	-0.030176
9061	-0.041287	0.003227	-0.024973
9062	-0.038216	0.029810	-0.003430
9063	-0.046065	0.001584	0.009199
9064	-0.049344	0.029173	0.023415
9065	-0.031752	-0.006212	0.027500
9066	-0.038096	-0.024112	0.038221
9067	-0.056365	-0.061556	0.045105
9068	-0.058938	-0.037990	0.049878
9069	-0.049165	-0.025715	0.074404
9070	-0.032232	-0.034982	0.103558
9071	-0.033408	-0.047581	0.122811
9072	-0.017985	-0.032850	0.143363
9073	-0.010458	0.011860	0.151428
9074	0.003194	0.010894	0.154705
9075	0.031589	0.049984	0.133387
9076	0.053522	0.027433	0.121661
9077	0.079416	0.032014	0.104233
9078	0.087377	0.026040	0.098521
9079	0.090181	0.039451	0.080689
9080	0.090005	-0.016899	0.068017
9081	0.081855	-0.000558	0.051878
9082	0.072665	0.056404	0.034341
9083	0.071815	0.049457	0.028372
9084	0.067327	-0.000661	0.030452
9085	0.065123	0.023921	0.033642
9086	0.056853	0.009874	0.022578
9087	0.056792	-0.032663	0.013180
9088	0.050587	-0.019387	0.008438
9089	0.048996	-0.037783	-0.002043
9090	0.041275	-0.003702	-0.018668
9091	0.046802	0.030358	-0.025013
9092	0.037897	0.032892	-0.026079
9093	0.027986	0.019012	-0.038193
9094	0.028064	0.018484	-0.037826
9095	0.042138	0.033410	-0.041567
9096	0.051953	-0.013614	-0.041614
9097	0.059684	0.005994	-0.063362
9098	0.071355	0.044927	-0.067421
9099	0.075354	0.010049	-0.084059
9100	0.086748	-0.036222	-0.097231
9101	0.089698	0.007792	-0.089862
9102	0.095156	0.059478	-0.092922
9103	0.118246	0.048414	-0.098261
9104	0.139223	0.077897	-0.104636
9105	0.142288	0.068018	-0.109180
9106	0.151289	-0.004832	-0.104870
9107	0.162517	0.036060	-0.115252
9108	0.153785	0.031755	-0.115372
9109	0.144039	0.025301	-0.121470
9110	0.144230	0.002349	-0.122861
9111	0.148965	0.010588	-0.147570
9112	0.142101	0.081104	-0.165662
9113	0.126168	0.046397	-0.180340
9114	0.138171	0.012379	-0.183011
9115	0.144823	0.016914	-0.182629
9116	0.141262	0.043396	-0.177905
9117	0.133246	-0.036797	-0.185103
9118	0.121253	-0.036282	-0.179307
9119	0.101635	-0.011833	-0.162811
9120	0.081805	0.035858	-0.151135
9121	0.065096	0.055093	-0.152988
9122	0.051503	-0.010661	-0.149065
9123	0.058981	-0.039026	-0.140085
9124	0.061936	-0.029034	-0.130667
9125	0.051084	-0.034873	-0.126759
9126	0.061945	-0.035461	-0.126303
9127	0.071857	-0.023833	-0.135426
9128	0.077845	-0.012773	-0.138785
9129	0.081098	-0.022976	-0.126852
9130	0.094442	0.042547	-0.113689
9131	0.094042	-0.010854	-0.104829
9132	0.090578	-0.039959	-0.098844
9133	0.081564	-0.010441	-0.091372
9134	0.068825	-0.004879	-0.074688
9135	0.032084	-0.012841	-0.064255
9136	0.011079	-0.023026	-0.042918
9137	-0.012799	-0.033931	-0.028630
9138	-0.024603	-0.030022	-0.006073
9139	-0.043930	-0.046078	0.019797
9140	-0.054180	-0.001843	0.047434
9141	-0.061241	0.025548	0.043106
9142	-0.061682	-0.029992	0.041002
9143	-0.075859	-0.006902	0.026750
9144	-0.079426	0.042571	0.019905
9145	-0.072414	0.001138	0.022268
9146	-0.059013	-0.019428	0.029951
9147	-0.047154	-0.075292	0.025372
9148	-0.053010	-0.098724	0.033659
9149	-0.060640	-0.083869	0.053555
9150	-0.050068	-0.061251	0.066019
9151	-0.036105	-0.049680	0.066018
9152	-0.032545	-0.014480	0.051471
9153	-0.030719	0.007889	0.044612
9154	-0.032707	-0.072822	0.048689
9155	-0.028918	-0.037858	0.060268
9156	-0.035081	-0.053159	0.084974
9157	-0.025703	-0.084129	0.098765
9158	-0.014586	-0.055544	0.110662
9159	-0.015356	-0.044024	0.125732
9160	-0.023326	-0.036635	0.132759
9161	-0.023545	-0.003696	0.129710
9162	-0.030206	-0.006305	0.114145
9163	-0.044516	0.035324	0.115917
9164	-0.063115	0.025053	0.114228
9165	-0.055588	0.006308	0.117697
9166	-0.060877	-0.014441	0.111267
9167	-0.079288	-0.011199	0.121508
9168	-0.070323	-0.024394	0.125102
9169	-0.064323	-0.011011	0.124983
9170	-0.059969	0.023445	0.114509
9171	-0.060082	0.008501	0.103384
9172	-0.060578	0.001979	0.099025
9173	-0.061687	0.060255	0.103691
9174	-0.071727	0.038534	0.112234
9175	-0.069932	-0.005681	0.116373
9176	-0.086420	0.035814	0.117358
9177	-0.088855	0.053604	0.119967
9178	-0.099212	0.075667	0.135442
9179	-0.120899	0.014031	0.139783
9180	-0.134043	0.025261	0.141402
9181	-0.134851	0.049719	0.143050
9182	-0.136727	0.082923	0.127136
9183	-0.140162	0.098507	0.109985
9184	-0.149730	0.121259	0.090872
9185	-0.155726	0.024147	0.077770
9186	-0.160687	-0.001774	0.090644
9187	-0.154075	-0.018161	0.089851
9188	-0.128965	0.000247	0.095797
9189	-0.103960	0.022649	0.097163
9190	-0.085569	0.052367	0.090158
9191	-0.061017	-0.021593	0.105273
9192	-0.053943	-0.036286	0.110276
9193	-0.037220	-0.015850	0.117928
9194	-0.026329	-0.008918	0.129350
9195	-0.023320	-0.000860	0.142701
9196	-0.023570	0.018029	0.142547
9197	-0.039946	0.060303	0.160172
9198	-0.058479	0.029075	0.164532
9199	-0.079957	-0.008148	0.184099
9200	-0.101247	-0.027070	0.201576
9201	-0.128633	0.066245	0.222004
9202	-0.148801	0.016300	0.225259
9203	-0.178648	0.060330	0.210675
9204	-0.175236	0.073699	0.202476
9205	-0.180760	0.059213	0.190328
9206	-0.182040	0.048096	0.194402
9207	-0.179034	0.020219	0.197469
9208	-0.174287	0.015388	0.205533
9209	-0.167702	0.016363	0.204745
9210	-0.158483	-0.001681	0.200076
9211	-0.146197	-0.062637	0.204385
9212	-0.132376	-0.062203	0.184077
9213	-0.129445	-0.027518	0.181578
9214	-0.120773	-0.019152	0.172687
9215	-0.120489	-0.035222	0.150317
9216	-0.133097	0.021809	0.141069
9217	-0.144388	0.017172	0.128682
9218	-0.135451	-0.036638	0.114750
9219	-0.121737	0.009411	0.122360
9220	-0.114326	0.019109	0.120427
9221	-0.128840	0.009872	0.127404
9222	-0.122730	-0.012566	0.145350
9223	-0.133476	-0.018957	0.163927
9224	-0.142470	-0.008527	0.163642
9225	-0.152743	-0.020149	0.184787
9226	-0.143373	0.037633	0.190240
9227	-0.129901	0.054499	0.204264
9228	-0.127185	-0.018213	0.214153
9229	-0.121121	-0.019143	0.231727
9230	-0.108465	0.017232	0.245418
9231	-0.120087	0.083361	0.267725
9232	-0.131013	0.042955	0.271149
9233	-0.136295	-0.006017	0.286056
9234	-0.139165	-0.050556	0.295697
9235	-0.123066	-0.048132	0.304399
9236	-0.115752	0.003801	0.305349
9237	-0.095256	-0.029465	0.295159
9238	-0.071848	-0.017140	0.283726
9239	-0.059537	-0.011526	0.264941
9240	-0.042895	-0.008795	0.242566
9241	-0.027480	-0.063412	0.229265
9242	-0.029894	-0.079303	0.249642
9243	-0.022406	-0.062593	0.260758
9244	-0.010224	-0.057818	0.264549
9245	-0.005141	-0.022815	0.258412
9246	-0.005041	-0.098783	0.253980
9247	-0.025430	-0.082637	0.250919
9248	-0.035244	-0.126516	0.242050
9249	-0.044805	-0.121779	0.227228
9250	-0.047276	-0.057387	0.200241
9251	-0.062320	-0.000451	0.173949
9252	-0.091969	0.029383	0.171129
9253	-0.103362	0.018231	0.162237
9254	-0.120841	-0.047757	0.144682
9255	-0.122616	-0.019404	0.125905
9256	-0.142415	0.029376	0.104458
9257	-0.151721	0.060747	0.085848
9258	-0.150822	0.050503	0.083003
9259	-0.140811	0.039274	0.076198
9260	-0.131365	0.002769	0.070235
9261	-0.115704	0.038718	0.073523
9262	-0.091102	0.017231	0.093890
9263	-0.084731	0.043486	0.102418
9264	-0.080654	0.052389	0.116363
9265	-0.063553	0.053123	0.131038
9266	-0.051574	0.030093	0.126939
9267	-0.040312	0.017583	0.139874
9268	-0.046533	0.012705	0.136151
9269	-0.059225	0.027535	0.154664
9270	-0.068222	-0.042073	0.146946
9271	-0.082747	-0.028289	0.146465
9272	-0.101076	0.020709	0.129451
9273	-0.121565	0.068112	0.137132
9274	-0.125684	0.047420	0.129885
9275	-0.122496	0.017352	0.107784
9276	-0.135438	0.001987	0.087492
9277	-0.145187	-0.022261	0.071875
9278	-0.149390	0.010378	0.071811
9279	-0.123233	0.013048	0.068767
9280	-0.118001	0.019120	0.075254
9281	-0.133827	-0.014933	0.074472
9282	-0.140707	-0.085520	0.072637
9283	-0.141702	-0.064494	0.062514
9284	-0.147672	-0.040930	0.046909
9285	-0.160044	-0.050951	0.053406
9286	-0.150858	-0.048568	0.043399
9287	-0.147977	-0.055549	0.056794
9288	-0.162928	-0.010972	0.060304
9289	-0.168187	0.022701	0.057956
9290	-0.151507	0.003495	0.060408
9291	-0.127421	-0.017881	0.068758
9292	-0.099378	-0.007145	0.077302
9293	-0.077563	0.000899	0.070764
9294	-0.080515	0.064521	0.076275
9295	-0.079528	0.025780	0.076733
9296	-0.089573	-0.014683	0.088504
9297	-0.089161	0.007872	0.086916
9298	-0.091550	-0.000561	0.091724
9299	-0.104449	-0.041605	0.096792
9300	-0.104663	-0.038231	0.098470
9301	-0.114153	-0.004147	0.093487
9302	-0.120456	-0.063018	0.085275
9303	-0.121091	-0.027465	0.074236
9304	-0.106600	0.000650	0.055321
9305	-0.081708	0.023050	0.052009
9306	-0.064629	0.012090	0.033561
9307	-0.048062	-0.009795	0.052583
9308	-0.005877	-0.064276	0.066544
9309	0.035051	-0.008969	0.080359
9310	0.049042	-0.043936	0.082224
9311	0.056907	-0.026268	0.072606
9312	0.060446	-0.013377	0.066030
9313	0.048454	0.033198	0.081434
9314	0.060797	-0.022902	0.095663
9315	0.081202	-0.031209	0.119799
9316	0.096763	-0.018421	0.132448
9317	0.127053	0.022834	0.145260
9318	0.127061	0.016990	0.130744
9319	0.115019	-0.026566	0.117762
9320	0.107869	-0.064639	0.110395
9321	0.120261	-0.071253	0.116640
9322	0.124370	-0.067587	0.126715
9323	0.116188	-0.021200	0.128296
9324	0.099315	0.025614	0.137511
9325	0.090275	0.023713	0.151162
9326	0.079359	-0.009804	0.142908
9327	0.074337	0.016029	0.146067
9328	0.069827	-0.032848	0.137008
9329	0.063045	0.003107	0.144899
9330	0.059386	0.021346	0.147300
9331	0.068181	-0.037184	0.133505
9332	0.085342	-0.051854	0.127361
9333	0.093489	-0.043080	0.127144
9334	0.098845	-0.008725	0.118607
9335	0.093404	0.053932	0.118389
9336	0.099401	0.013225	0.109179
9337	0.098301	0.014134	0.093673
9338	0.081267	0.013158	0.082100
9339	0.072192	-0.004820	0.063616
9340	0.079586	-0.058801	0.058183
9341	0.084960	-0.089203	0.034559
9342	0.079356	-0.034133	0.010473
9343	0.074149	-0.065600	-0.020896
9344	0.086057	-0.063229	-0.035710
9345	0.080268	-0.035187	-0.044775
9346	0.066677	0.012210	-0.046864
9347	0.055824	-0.021700	-0.064713
9348	0.055656	0.040876	-0.080105
9349	0.044983	0.106229	-0.067208
9350	0.054147	0.083765	-0.068980
9351	0.068877	0.036433	-0.054137
9352	0.083785	-0.008558	-0.048835
9353	0.103218	-0.006450	-0.048128
9354	0.122958	0.058777	-0.041687
9355	0.151235	0.077283	-0.016611
9356	0.168375	0.061042	-0.002891
9357	0.168766	0.070739	-0.000640
9358	0.159622	0.074691	0.009115
9359	0.143443	0.052734	0.004267
9360	0.129767	0.018625	0.005451
9361	0.119992	-0.027545	0.002014
9362	0.117883	-0.008582	-0.008855
9363	0.110719	-0.020011	-0.015525
9364	0.093274	-0.004734	-0.034787
9365	0.063665	-0.017602	-0.045451
9366	0.033162	-0.034949	-0.053461
9367	0.017322	0.020203	-0.071276
9368	0.019895	0.051959	-0.079759
9369	0.027294	0.016471	-0.097590
9370	0.031467	0.001230	-0.107166
9371	0.026572	0.013922	-0.117026
9372	0.030924	-0.060031	-0.121632
9373	0.043025	-0.020353	-0.132809
9374	0.062403	-0.022321	-0.128482
9375	0.078976	-0.035593	-0.115946
9376	0.086212	-0.071812	-0.098301
9377	0.098946	0.028107	-0.080469
9378	0.101051	0.052201	-0.056832
9379	0.109457	-0.003483	-0.036652
9380	0.117675	-0.021967	-0.019242
9381	0.093087	0.026298	-0.013253
9382	0.093440	0.002143	-0.013796
9383	0.077390	0.006593	0.005498
9384	0.062759	0.044882	0.040802
9385	0.049028	0.011620	0.067514
9386	0.036450	0.048230	0.097601
9387	0.044246	0.071645	0.105176
9388	0.033301	0.083740	0.110985
9389	0.008584	0.030988	0.141684
9390	-0.001931	-0.030899	0.154785
9391	0.002980	0.001568	0.171052
9392	0.017324	0.062589	0.181330
9393	0.035143	0.049758	0.186893
9394	0.054595	0.023279	0.199088
9395	0.061996	-0.000560	0.188540
9396	0.052929	-0.030102	0.192682
9397	0.050727	0.009677	0.201314
9398	0.060934	0.004544	0.209565
9399	0.076660	-0.039789	0.203801
9400	0.064936	-0.060556	0.215104
9401	0.057289	-0.031792	0.195129
9402	0.045501	-0.054158	0.168569
9403	0.041511	-0.003951	0.144534
9404	0.036700	-0.032531	0.149979
9405	0.035546	-0.078789	0.130513
9406	0.041581	0.011986	0.144100
9407	0.053030	0.066210	0.148689
9408	0.066026	0.000666	0.159850
9409	0.070953	-0.031380	0.149282
9410	0.080483	0.014989	0.175830
9411	0.085028	-0.007714	0.172489
9412	0.080765	-0.043241	0.185804
9413	0.065835	-0.073697	0.180148
9414	0.049231	-0.065932	0.171537
9415	0.040055	-0.070524	0.163580
9416	0.012208	-0.055238	0.166453
9417	-0.006045	-0.064778	0.169046
9418	-0.008223	-0.107790	0.166326
9419	0.000665	-0.147549	0.179229
9420	-0.004703	-0.101052	0.182454
9421	0.011415	-0.030280	0.202297
9422	0.035742	-0.059167	0.190952
9423	0.040660	-0.017793	0.185280
9424	0.043199	-0.021983	0.168147
9425	0.048402	-0.015550	0.156667
9426	0.065755	0.022686	0.166719
9427	0.083872	0.042613	0.161216
9428	0.090553	0.002698	0.162278
9429	0.097426	0.062888	0.148448
9430	0.083822	0.043536	0.139403
9431	0.070995	0.032611	0.136356
9432	0.062983	0.047031	0.115858
9433	0.043107	0.062769	0.097579
9434	0.034383	0.043479	0.099130
9435	0.019532	0.061049	0.086905
9436	0.013614	0.076252	0.047346
9437	0.024097	0.099913	0.040971
9438	0.027575	0.106647	0.033247
9439	0.017580	0.059552	0.020765
9440	0.026184	0.081825	0.022611
9441	0.036639	-0.000655	0.017957
9442	0.036334	-0.056598	0.002700
9443	0.025239	-0.011060	-0.003714
9444	0.038776	-0.000588	0.012088
9445	0.055907	0.037877	0.041473
9446	0.065662	0.077454	0.055010
9447	0.061224	0.016915	0.074463
9448	0.048535	0.035832	0.099988
9449	0.040196	0.086931	0.112680
9450	0.021655	0.020906	0.112913
9451	0.016240	-0.018460	0.119009
9452	0.014873	-0.033814	0.119051
9453	0.015464	-0.010760	0.124397
9454	-0.000149	0.000672	0.128759
9455	-0.014755	-0.000654	0.104989
9456	-0.029854	0.041096	0.082812
9457	-0.035034	0.044763	0.069862
9458	-0.045618	0.095584	0.040594
9459	-0.053434	0.028809	0.005629
9460	-0.078247	0.004704	0.009538
9461	-0.099435	0.000095	-0.009051
9462	-0.127117	-0.046640	-0.031059
9463	-0.167553	0.007791	-0.046324
9464	-0.180727	0.008442	-0.048832
9465	-0.168640	-0.019916	-0.056805
9466	-0.175032	-0.060800	-0.073402
9467	-0.185720	-0.090715	-0.055336
9468	-0.171249	-0.032403	-0.061834
9469	-0.158069	0.005231	-0.071574
9470	-0.149117	0.016265	-0.086298
9471	-0.138172	-0.022991	-0.080654
9472	-0.134103	0.009127	-0.094851
9473	-0.120205	0.018785	-0.107821
9474	-0.117358	-0.011898	-0.130609
9475	-0.120775	-0.009954	-0.139510
9476	-0.110977	-0.070842	-0.137769
9477	-0.113720	-0.051223	-0.138717
9478	-0.119148	-0.018852	-0.122770
9479	-0.126633	-0.021357	-0.116815
9480	-0.139951	-0.013920	-0.088087
9481	-0.156483	-0.046582	-0.077361
9482	-0.167293	-0.044159	-0.059801
9483	-0.191561	0.060230	-0.050021
9484	-0.200088	0.043230	-0.044934
9485	-0.218254	0.001953	-0.038881
9486	-0.240592	0.023918	-0.023417
9487	-0.271914	0.023997	-0.014716
9488	-0.284186	-0.004460	-0.015013
9489	-0.254653	-0.023865	-0.012866
9490	-0.231874	-0.046493	-0.039147
9491	-0.215236	-0.037441	-0.081138
9492	-0.195789	-0.053650	-0.099040
9493	-0.168322	-0.034407	-0.120734
9494	-0.153078	-0.076922	-0.112957
9495	-0.144935	-0.011119	-0.144256
9496	-0.129966	-0.006907	-0.167311
9497	-0.103154	0.006256	-0.180698
9498	-0.083027	-0.031265	-0.186521
9499	-0.067447	-0.003211	-0.177690
9500	-0.067980	-0.032091	-0.169959
9501	-0.059887	-0.060327	-0.154816
9502	-0.062830	-0.030929	-0.122200
9503	-0.071689	-0.050712	-0.101436
9504	-0.079334	-0.073941	-0.080246
9505	-0.081001	-0.072643	-0.053588
9506	-0.082699	-0.010616	-0.043109
9507	-0.073115	-0.038340	-0.025921
9508	-0.058661	0.015446	0.000663
9509	-0.048275	0.025976	-0.000790
9510	-0.036891	-0.025101	0.023357
9511	-0.019982	-0.052431	0.014186
9512	-0.019559	-0.027979	0.029506
9513	-0.043546	-0.022006	0.032583
9514	-0.038924	0.007485	0.044814
9515	-0.028135	-0.009034	0.057800
9516	-0.024702	0.029703	0.075914
9517	-0.038223	0.043115	0.088837
9518	-0.044465	-0.009985	0.099354
9519	-0.046350	0.050945	0.086223
9520	-0.072783	0.036241	0.099991
9521	-0.098974	0.033620	0.096974
9522	-0.097236	0.024181	0.093880
9523	-0.113075	0.051621	0.084912
9524	-0.122141	-0.020584	0.078833
9525	-0.111595	0.072189	0.060409
9526	-0.091085	0.080742	0.057176
9527	-0.074494	0.076489	0.066320
9528	-0.088444	0.057019	0.056733
9529	-0.116998	0.106834	0.039096
9530	-0.130982	0.083423	0.034275
9531	-0.125927	-0.023635	0.047082
9532	-0.132203	-0.019489	0.047162
9533	-0.123621	-0.057304	0.060146
9534	-0.110061	0.009256	0.055351
9535	-0.107187	-0.016830	0.065284
9536	-0.090440	-0.028665	0.074338
9537	-0.074157	-0.036509	0.126183
9538	-0.071703	0.007465	0.151759
9539	-0.070250	0.015668	0.167632
9540	-0.069587	-0.014803	0.199610
9541	-0.046935	0.093450	0.203039
9542	-0.011653	0.077098	0.220673
9543	-0.001995	0.001060	0.237463
9544	-0.003399	-0.023796	0.245257
9545	-0.019342	0.009020	0.224438
9546	-0.036046	-0.052078	0.209774
9547	-0.037209	0.041613	0.231510
9548	-0.046430	0.087685	0.238869
9549	-0.055184	0.033640	0.240717
9550	-0.063650	-0.041947	0.243360
9551	-0.071161	0.014825	0.243785
9552	-0.086729	0.050687	0.239253
9553	-0.075447	0.024507	0.247639
9554	-0.083732	-0.000194	0.254685
9555	-0.071040	0.048580	0.246913
9556	-0.055046	0.064577	0.229883
9557	-0.046465	0.054143	0.214255
9558	-0.031185	0.043138	0.203071
9559	-0.016752	0.069941	0.186475
9560	0.004724	0.088496	0.166193
9561	-0.001194	0.085249	0.152884
9562	0.002335	0.086378	0.137686
9563	-0.001920	0.023503	0.122361
9564	-0.005888	0.054351	0.118676
9565	-0.020598	0.021573	0.081165
9566	-0.024896	0.019418	0.068278
9567	-0.008992	0.033530	0.070637
9568	0.003584	-0.002697	0.053094
9569	0.009850	-0.046925	0.048662
9570	-0.005292	-0.116092	0.045060
9571	0.014212	-0.021477	0.032951
9572	0.046910	-0.046664	0.023316
9573	0.065781	-0.044598	0.046715
9574	0.076132	-0.014522	0.056949
9575	0.079844	-0.049833	0.035588
9576	0.076770	-0.025882	0.019464
9577	0.081559	-0.022605	0.006089
9578	0.103657	0.002930	-0.012504
9579	0.119469	-0.042630	-0.033949
9580	0.129156	-0.093006	-0.062975
9581	0.123922	-0.057052	-0.063987
9582	0.127443	-0.065248	-0.088800
9583	0.141864	-0.015393	-0.108840
9584	0.161798	-0.071154	-0.127479
9585	0.159113	-0.074185	-0.141746
9586	0.142180	-0.032311	-0.147347
9587	0.124563	-0.011616	-0.138572
9588	0.121444	-0.007411	-0.157378
9589	0.119730	-0.054161	-0.167227
9590	0.084428	-0.072161	-0.161995
9591	0.041711	-0.022728	-0.144048
9592	0.010260	-0.087240	-0.109790
9593	-0.008301	-0.044193	-0.105868
9594	-0.018824	-0.007994	-0.111016
9595	-0.055903	-0.033512	-0.102449
9596	-0.072899	-0.013324	-0.078126
9597	-0.071164	-0.008696	-0.067627
9598	-0.067863	0.046809	-0.076571
9599	-0.092753	0.043403	-0.088168
9600	-0.105071	0.065546	-0.084414
9601	-0.091864	0.034076	-0.073248
9602	-0.078838	0.010240	-0.072513
9603	-0.082137	-0.081100	-0.070242
9604	-0.073525	-0.051490	-0.072518
9605	-0.055184	-0.006029	-0.068452
9606	-0.050292	0.011178	-0.069759
9607	-0.076675	-0.007699	-0.056361
9608	-0.095848	0.027454	-0.014637
9609	-0.109037	0.010846	-0.002209
9610	-0.121236	-0.005848	0.038630
9611	-0.124767	0.047442	0.049274
9612	-0.112763	0.023747	0.039789
9613	-0.099344	0.018266	0.041847
9614	-0.087821	0.065592	0.045430
9615	-0.095062	0.054506	0.068798
9616	-0.099516	0.013138	0.067324
9617	-0.111187	0.030837	0.046978
9618	-0.116717	-0.005206	0.053635
9619	-0.116241	0.044534	0.061903
9620	-0.129982	0.062756	0.034393
9621	-0.143720	0.071934	0.018525
9622	-0.157894	-0.004524	0.012141
9623	-0.165855	0.035111	0.000157
9624	-0.158553	0.072734	0.013187
9625	-0.156498	0.053163	-0.003651
9626	-0.155711	0.068170	-0.011172
9627	-0.165590	0.055315	-0.019919
9628	-0.168808	0.007074	-0.007461
9629	-0.163731	-0.014187	0.031618
9630	-0.179755	-0.050905	0.071885
9631	-0.170002	-0.069827	0.069069
9632	-0.167646	-0.060971	0.069761
9633	-0.173608	-0.055557	0.053144
9634	-0.198043	-0.004853	0.069056
9635	-0.189737	0.014011	0.076254
9636	-0.176497	-0.032824	0.108126
9637	-0.164087	-0.024467	0.105637
9638	-0.143885	-0.087793	0.104454
9639	-0.134941	-0.048254	0.059248
9640	-0.134086	-0.051442	0.045568
9641	-0.141064	-0.065637	0.023496
9642	-0.138400	-0.056209	0.022626
9643	-0.144102	-0.086616	0.002815
9644	-0.158806	-0.014888	-0.020400
9645	-0.177338	0.003457	-0.034019
9646	-0.213173	-0.026954	-0.074498
9647	-0.242856	0.001672	-0.113147
9648	-0.246070	0.028814	-0.145105
9649	-0.245345	0.106538	-0.162546
9650	-0.225119	0.160781	-0.169603
9651	-0.196615	0.085442	-0.166302
9652	-0.166952	0.043636	-0.205399
9653	-0.136403	0.039943	-0.177486
9654	-0.121231	0.084025	-0.191633
9655	-0.107568	0.012600	-0.173238
9656	-0.082905	-0.013724	-0.143063
9657	-0.031544	-0.035259	-0.132503
9658	0.012298	0.001933	-0.130977
9659	0.028299	0.084867	-0.126645
9660	0.012922	0.143280	-0.103555
9661	-0.004889	0.075614	-0.102659
9662	-0.025562	-0.047608	-0.122697
9663	-0.056286	-0.059207	-0.111046
9664	-0.079608	-0.020300	-0.074757
9665	-0.112400	-0.030098	-0.079284
9666	-0.129199	-0.019214	-0.072809
9667	-0.156815	0.025136	-0.079394
9668	-0.154427	-0.052775	-0.094172
9669	-0.155024	-0.000294	-0.084344
9670	-0.172198	0.001639	-0.059893
9671	-0.161766	-0.049809	-0.034021
9672	-0.148506	-0.016370	-0.017106
9673	-0.159827	0.063558	0.012075
9674	-0.175282	0.105812	0.012624
9675	-0.185666	0.001316	0.018198
9676	-0.182481	-0.022395	0.006067
9677	-0.193729	-0.062649	0.010842
9678	-0.214144	-0.081529	0.005494
9679	-0.211159	-0.079914	0.024128
9680	-0.215243	-0.110221	0.012595
9681	-0.238075	-0.142660	-0.016084
9682	-0.251307	-0.072670	-0.042789
9683	-0.245692	-0.012394	-0.030782
9684	-0.226817	0.009001	-0.050227
9685	-0.235960	-0.010810	-0.041294
9686	-0.223611	-0.020439	-0.048532
9687	-0.213368	0.021449	-0.036146
9688	-0.204654	0.067340	-0.040770
9689	-0.196151	0.119454	-0.036704
9690	-0.166921	0.034302	-0.022872
9691	-0.139471	-0.064627	-0.001985
9692	-0.075182	-0.053839	-0.015631
9693	-0.048187	-0.008539	-0.014091
9694	-0.032016	0.009742	-0.022063
9695	-0.004047	0.041807	-0.018856
9696	0.016226	-0.014274	-0.009192
9697	0.041142	0.063209	0.038881
9698	0.041933	0.016328	0.041874
9699	0.057109	-0.025360	0.036858
9700	0.047088	0.023630	0.027164
9701	0.049369	0.070756	0.025173
9702	0.042586	0.049731	0.044538
9703	0.057669	0.038238	0.041473
9704	0.048097	-0.045708	0.041446
9705	0.035544	-0.029210	0.040284
9706	0.012336	0.055230	0.075317
9707	-0.027607	0.007841	0.077935
9708	-0.043660	-0.040828	0.094288
9709	-0.043358	0.020721	0.087272
9710	-0.049320	-0.041971	0.088621
9711	-0.040791	-0.036078	0.088858
9712	-0.042772	0.069796	0.112044
9713	-0.050490	0.057796	0.109233
9714	-0.040189	-0.019946	0.107013
9715	-0.026548	0.087159	0.125117
9716	0.035674	0.075642	0.146029
9717	0.074202	0.028346	0.156886
9718	0.089805	-0.037953	0.147238
9719	0.094682	-0.128510	0.110360
9720	0.117341	-0.088304	0.071368
9721	0.134912	0.014108	0.054937
9722	0.134599	0.086678	0.028034
9723	0.121383	0.063617	0.017084
9724	0.109713	-0.041122	0.002332
9725	0.113569	-0.021456	-0.008424
9726	0.104132	0.099192	-0.034170
9727	0.074051	0.182799	-0.053356
9728	0.066616	0.127214	-0.070895
9729	0.045060	0.059636	-0.080521
9730	0.011886	0.027053	-0.120553
9731	-0.014212	-0.058018	-0.120880
9732	-0.028473	-0.018611	-0.153906
9733	-0.043248	0.024949	-0.163870
9734	-0.056935	0.017363	-0.169919
9735	-0.067595	0.070694	-0.194810
9736	-0.046803	0.008192	-0.196076
9737	0.001984	0.003482	-0.200982
9738	0.049569	-0.036659	-0.194681
9739	0.108547	-0.003972	-0.212394
9740	0.165580	0.041149	-0.209823
9741	0.219725	-0.064300	-0.270310
9742	0.261841	-0.035731	-0.287933
9743	0.284841	-0.049246	-0.313143
9744	0.274030	-0.100006	-0.287051
9745	0.276022	0.049534	-0.287569
9746	0.298710	0.000534	-0.256826
9747	0.299212	-0.066606	-0.258130
9748	0.285846	-0.050567	-0.237830
9749	0.267782	-0.039164	-0.222707
9750	0.257267	-0.095319	-0.176404
9751	0.241797	-0.092097	-0.131218
9752	0.230606	-0.045983	-0.104904
9753	0.221598	-0.090219	-0.095535
9754	0.214169	-0.078951	-0.126030
9755	0.233351	-0.007380	-0.131428
9756	0.265629	-0.088349	-0.112954
9757	0.311923	-0.050913	-0.125434
9758	0.362998	0.016682	-0.117932
9759	0.402806	0.106218	-0.104574
9760	0.446833	0.032740	-0.122500
9761	0.477117	-0.090323	-0.134063
9762	0.501864	-0.112512	-0.155096
9763	0.536026	-0.064112	-0.155013
9764	0.560989	-0.061917	-0.143846
9765	0.572425	0.059261	-0.116786
9766	0.560420	-0.023194	-0.075290
9767	0.539808	-0.101180	-0.057796
9768	0.522889	-0.085019	-0.045866
9769	0.497864	-0.052314	-0.021399
9770	0.457488	-0.029363	-0.012243
9771	0.425789	0.013196	-0.019071
9772	0.433837	-0.031992	-0.004786
9773	0.414308	-0.090605	0.001428
9774	0.390494	-0.008969	0.038836
9775	0.358603	0.012838	0.020205
9776	0.358039	-0.000032	0.030229
9777	0.341131	-0.000176	0.031779
9778	0.323037	0.051592	0.037738
9779	0.305685	0.171853	0.017922
9780	0.287373	0.138198	0.025304
9781	0.287027	-0.002060	0.014103
9782	0.285120	0.056314	0.043260
9783	0.309148	0.088779	0.054937
9784	0.338452	0.019527	0.067299
9785	0.348523	0.050163	0.119984
9786	0.358504	0.039827	0.154681
9787	0.339618	-0.024085	0.182499
9788	0.314430	-0.031008	0.237233
9789	0.303563	0.009470	0.263556
9790	0.295108	0.057164	0.279106
9791	0.279044	0.070295	0.332989
9792	0.236875	0.053879	0.350542
9793	0.209240	0.135895	0.403303
9794	0.218886	0.123971	0.421145
9795	0.223271	0.121757	0.432900
9796	0.206017	0.078832	0.406602
9797	0.205892	-0.033728	0.364192
9798	0.223487	-0.064336	0.286337
9799	0.231881	0.012084	0.235921
9800	0.222969	0.081487	0.188980
9801	0.238105	0.096330	0.183657
9802	0.250117	-0.083359	0.104483
9803	0.262322	-0.012877	0.074149
9804	0.254104	0.025588	0.053457
9805	0.250639	0.080058	0.042437
9806	0.252537	0.035922	-0.000304
9807	0.270942	-0.007557	-0.019507
9808	0.241630	-0.029383	-0.067979
9809	0.216249	-0.127292	-0.113228
9810	0.199262	-0.111638	-0.132754
9811	0.159880	-0.151297	-0.115451
9812	0.131227	-0.130565	-0.120682
9813	0.094773	-0.122083	-0.126853
9814	0.052075	-0.027037	-0.145591
9815	0.008125	0.045485	-0.159600
9816	0.010509	-0.024642	-0.186443
9817	-0.031156	-0.208758	-0.244689
9818	-0.045577	-0.070477	-0.295483
9819	-0.054004	-0.045265	-0.332349
9820	-0.086116	0.053952	-0.348876
9821	-0.116028	0.026908	-0.369380
9822	-0.163218	-0.140332	-0.362567
9823	-0.226526	-0.105998	-0.386729
9824	-0.246908	-0.054218	-0.446428
9825	-0.271630	0.115321	-0.456792
9826	-0.298394	0.041438	-0.452565
9827	-0.334831	-0.080649	-0.435529
9828	-0.334503	0.011942	-0.397405
9829	-0.312098	0.132199	-0.390234
9830	-0.320456	0.135449	-0.377311
9831	-0.293822	0.041043	-0.351677
9832	-0.294751	-0.047636	-0.339905
9833	-0.307229	-0.007205	-0.323309
9834	-0.326549	-0.017842	-0.313846
9835	-0.354813	0.135825	-0.295924
9836	-0.365024	0.117293	-0.310007
9837	-0.369181	-0.028364	-0.299606
9838	-0.391685	-0.044376	-0.266786
9839	-0.412528	-0.122341	-0.274657
9840	-0.404707	-0.005699	-0.330182
9841	-0.418153	-0.018817	-0.316718
9842	-0.434221	-0.005453	-0.291771
9843	-0.384577	0.087933	-0.291736
9844	-0.379263	0.023806	-0.307047
9845	-0.374195	0.003314	-0.320382
9846	-0.391743	-0.104592	-0.360881
9847	-0.393790	-0.028250	-0.350360
9848	-0.396536	-0.007818	-0.303531
9849	-0.405203	-0.025741	-0.256117
9850	-0.386082	-0.002825	-0.293586
9851	-0.365152	-0.043176	-0.316502
9852	-0.327152	-0.147025	-0.320249
9853	-0.337758	-0.089499	-0.288321
9854	-0.303116	0.043043	-0.277214
9855	-0.280791	0.025040	-0.272104
9856	-0.272796	0.009488	-0.271195
9857	-0.271870	0.026773	-0.250225
9858	-0.252595	0.036766	-0.202378
9859	-0.263833	-0.093251	-0.161830
9860	-0.272730	-0.048599	-0.098133
9861	-0.280349	0.001672	-0.094954
9862	-0.262820	-0.000327	-0.074926
9863	-0.238787	0.009351	-0.051748
9864	-0.253289	0.025931	-0.020430
9865	-0.287653	0.021415	-0.003000
9866	-0.304276	0.016102	0.077152
9867	-0.348144	0.035294	0.105929
9868	-0.391053	0.096815	0.133743
9869	-0.383781	-0.032823	0.141001
9870	-0.393159	-0.010539	0.153221
9871	-0.385590	-0.036503	0.217625
9872	-0.383603	-0.059007	0.263943
9873	-0.339283	0.020557	0.246413
9874	-0.323105	0.056685	0.217242
9875	-0.306212	-0.010654	0.241209
9876	-0.292531	-0.071532	0.236364
9877	-0.294122	0.044147	0.263977
9878	-0.267998	0.059985	0.250701
9879	-0.256431	-0.007210	0.283661
9880	-0.260929	-0.022389	0.276309
9881	-0.284493	-0.018690	0.315117
9882	-0.273075	-0.071327	0.325868
9883	-0.259764	0.041911	0.316587
9884	-0.253634	0.095790	0.305695
9885	-0.202801	0.020389	0.309949
9886	-0.196733	0.019674	0.330997
9887	-0.212200	-0.028346	0.337012
9888	-0.191532	-0.010298	0.297223
9889	-0.191943	-0.026388	0.268502
9890	-0.215147	0.027759	0.270018
9891	-0.205092	-0.093949	0.252590
9892	-0.222320	0.051553	0.217394
9893	-0.261045	0.048361	0.159310
9894	-0.274298	-0.050411	0.097082
9895	-0.240789	-0.139035	0.013514
9896	-0.256616	-0.053483	0.021095
9897	-0.265694	0.060036	0.014337
9898	-0.248507	0.098409	0.026341
9899	-0.184628	0.140346	-0.032145
9900	-0.119938	0.062720	-0.018112
9901	-0.088231	-0.043293	-0.052180
9902	-0.038655	-0.134772	-0.034743
9903	-0.019626	0.024444	-0.067380
9904	0.016050	0.135860	-0.063286
9905	0.059646	0.028122	-0.120812
9906	0.072572	0.003741	-0.126561
9907	0.045673	0.061123	-0.116593
9908	0.037964	-0.001466	-0.120451
9909	0.022808	-0.019617	-0.133110
9910	0.016670	-0.009945	-0.178540
9911	0.026791	0.019061	-0.182459
9912	-0.014773	0.000367	-0.214405
9913	-0.109667	0.007595	-0.239990
9914	-0.115956	0.024379	-0.232935
9915	-0.147743	-0.028257	-0.158390
9916	-0.171303	0.084703	-0.178271
9917	-0.155032	-0.061210	-0.199214
9918	-0.119216	-0.047995	-0.283621
9919	-0.125571	0.089940	-0.319536
9920	-0.114763	0.079987	-0.346432
9921	-0.034628	0.092612	-0.337001
9922	0.019487	-0.078391	-0.373053
9923	0.070998	0.052896	-0.414204
9924	0.074864	0.037174	-0.431688
9925	0.104118	0.041090	-0.452050
9926	0.114459	0.072506	-0.440332
9927	0.078146	0.130821	-0.469994
9928	0.060465	0.042428	-0.515062
9929	0.029115	0.052704	-0.549819
9930	-0.004365	0.091534	-0.546709
9931	0.030109	-0.012061	-0.608733
9932	0.021220	-0.151992	-0.640412
9933	0.010215	-0.011323	-0.670893
9934	-0.005914	0.068607	-0.585491
9935	-0.008414	-0.057984	-0.510391
9936	-0.029526	-0.021110	-0.437645
9937	-0.050779	-0.261624	-0.439940
9938	-0.095936	-0.252711	-0.449814
9939	-0.119678	-0.196532	-0.490818
9940	-0.081017	-0.088727	-0.481381
9941	-0.098008	0.004090	-0.437621
9942	-0.069417	-0.142609	-0.467340
9943	0.006478	-0.228826	-0.475383
9944	0.033819	-0.138782	-0.488955
9945	0.023459	-0.074291	-0.404839
9946	0.099043	-0.101760	-0.454768
9947	0.163605	-0.043018	-0.474269
9948	0.146575	-0.092438	-0.500453
9949	0.128679	-0.042141	-0.408030
9950	0.095064	-0.088889	-0.446311
9951	0.059009	-0.063373	-0.331595
9952	0.050701	-0.144568	-0.254678
9953	0.005435	0.191545	-0.187154
9954	-0.040819	0.274816	-0.147868
9955	-0.060949	0.007146	-0.066739
9956	-0.071092	-0.111104	-0.126735
9957	-0.079291	-0.125629	-0.159861
9958	-0.043785	0.015770	-0.113210
9959	-0.021125	0.148625	-0.069325
9960	0.001661	0.051470	-0.078316
9961	0.016638	-0.038884	-0.100464
9962	0.019621	-0.106646	-0.108535
9963	0.053143	0.017835	-0.116438
9964	0.025929	0.165634	-0.082066
9965	0.013557	0.283478	-0.096770
9966	0.081391	0.238517	-0.125004
9967	0.080243	-0.171073	-0.175274
9968	0.021326	-0.160048	-0.064513
9969	0.075187	0.221134	-0.148575
9970	0.079541	0.213887	-0.095138
9971	0.025832	0.211857	-0.105501
9972	0.058717	-0.181681	0.007395
9973	0.108529	0.119838	0.071912
9974	0.001783	0.108283	0.177890
9975	-0.030128	0.215354	0.091585
9976	0.025642	0.208460	0.062188
9977	-0.026857	0.346765	0.022347
9978	-0.064293	0.144214	0.181508
9979	-0.101735	-0.013631	0.181922
9980	-0.193976	0.120532	0.144936
9981	-0.242511	-0.202218	0.134737
9982	-0.255030	-0.095201	0.185381
9983	-0.311865	0.220879	0.171345
9984	-0.294281	0.381683	0.093238
9985	-0.324980	0.220634	0.088461
9986	-0.383121	-0.031979	-0.044571
9987	-0.309629	-0.160097	0.044135
9988	-0.174380	-0.163541	0.047810
9989	-0.110735	0.374623	0.205961
9990	0.004027	0.086240	0.215851
9991	0.075173	0.050075	0.426501
9992	0.135598	-0.427755	0.617613
9993	0.254584	-0.436398	0.921381
9994	0.239150	0.206871	0.895915
9995	0.277667	0.909046	1.073118
9996	0.232862	0.698112	0.883297
9997	0.155950	-0.218988	1.072390
9998	0.096883	-0.754498	0.889866
9999	-0.023025	-0.313974	1.203106
