0	1.000000	1.000000	1.000000
1	0.846869	0.339829	0.849862
2	0.740858	0.196104	0.774365
3	0.656024	0.124535	0.703956
4	0.585166	0.070750	0.647315
5	0.524311	0.047833	0.596352
6	0.468687	0.028505	0.546465
7	0.420480	0.005957	0.502925
8	0.382123	0.001432	0.461473
9	0.349340	0.001802	0.424141
10	0.320457	0.013281	0.393503
11	0.295057	0.022575	0.362825
12	0.270289	0.008216	0.336563
13	0.254265	0.003900	0.314002
14	0.241175	-0.000909	0.290726
15	0.224272	-0.011207	0.271646
16	0.211347	-0.006687	0.251181
17	0.203226	-0.001185	0.236602
18	0.195266	-0.003173	0.220971
19	0.186649	-0.001613	0.208073
20	0.173699	0.001018	0.200677
21	0.160513	0.010009	0.190035
22	0.150948	0.009520	0.180948
23	0.143322	0.000205	0.175664
24	0.133569	0.011891	0.169314
25	0.127180	0.002180	0.159208
26	0.120023	-0.009514	0.149593
27	0.113342	-0.011305	0.139577
28	0.111608	-0.005438	0.128528
29	0.106526	-0.006583	0.116256
30	0.102800	-0.019864	0.106780
31	0.103202	0.000025	0.099396
32	0.101565	0.009854	0.093048
33	0.095720	0.010560	0.090962
34	0.094430	0.012360	0.082714
35	0.091785	0.018110	0.078526
36	0.093345	0.015771	0.076878
37	0.097244	-0.000050	0.075302
38	0.100496	0.011893	0.070748
39	0.100372	0.022372	0.071444
40	0.096628	0.024646	0.068847
41	0.090396	0.022972	0.066277
42	0.086615	0.009303	0.064159
43	0.080318	0.020400	0.064148
44	0.076760	0.002261	0.066268
45	0.074653	0.001656	0.061976
46	0.067527	-0.007957	0.054031
47	0.059767	0.006832	0.052514
48	0.054229	0.006773	0.046785
49	0.052340	0.002764	0.039387
50	0.052454	0.003633	0.036663
51	0.049942	0.002490	0.031979
52	0.047923	0.000261	0.032176
53	0.048708	0.000697	0.029463
54	0.050134	-0.005683	0.024489
55	0.049730	-0.015341	0.023603
56	0.043499	0.006755	0.021279
57	0.040608	0.003710	0.021674
58	0.037826	0.005976	0.020066
59	0.035783	0.013979	0.020376
60	0.036939	0.013548	0.018597
61	0.035691	0.004084	0.014284
62	0.036071	0.000934	0.012850
63	0.038141	0.002485	0.010920
64	0.037231	0.009770	0.009827
65	0.039199	0.004198	0.006482
66	0.041721	0.000791	0.005498
67	0.037064	0.007940	0.007002
68	0.031663	0.006547	0.008791
69	0.027361	-0.002212	0.008039
70	0.025369	0.005978	0.012829
71	0.031930	-0.008154	0.018450
72	0.033926	-0.004116	0.019132
73	0.035336	-0.018851	0.020601
74	0.034661	-0.017154	0.022586
75	0.033343	-0.005325	0.027457
76	0.029176	-0.016536	0.033329
77	0.025171	-0.000852	0.040383
78	0.021033	-0.009601	0.044803
79	0.013194	-0.015060	0.047999
80	0.009468	-0.012526	0.052915
81	0.009632	-0.008145	0.053844
82	0.006205	-0.008505	0.050802
83	0.000719	-0.006454	0.050152
84	0.000158	-0.010539	0.052913
85	0.002635	-0.014879	0.052793
86	0.000877	-0.002566	0.056669
87	-0.002703	-0.015987	0.060279
88	-0.002207	-0.007783	0.063850
89	0.000326	-0.009112	0.064677
90	0.000443	-0.010968	0.062520
91	0.003241	0.001065	0.059963
92	0.000036	0.017864	0.056108
93	-0.003940	0.004151	0.052828
94	-0.003589	0.017131	0.049372
95	-0.003090	0.007758	0.043572
96	-0.003036	0.001034	0.038640
97	-0.000256	-0.016478	0.031803
98	0.003975	-0.013178	0.026723
99	0.000388	-0.003603	0.025070
100	-0.004381	-0.001591	0.020668
101	-0.008749	0.016980	0.016308
102	-0.006197	0.001130	0.013481
103	-0.008462	-0.007081	0.011470
104	-0.010029	-0.004801	0.011009
105	-0.008973	-0.008605	0.009287
106	-0.013943	-0.011934	0.009392
107	-0.012184	-0.012876	0.008844
108	-0.016394	-0.007776	0.006643
109	-0.022271	-0.011635	0.006822
110	-0.025980	-0.013764	0.005709
111	-0.027873	0.001792	0.007070
112	-0.029582	-0.002507	0.005435
113	-0.032536	-0.014061	0.002634
114	-0.032887	-0.016522	0.000504
115	-0.025938	-0.012302	0.000364
116	-0.025029	-0.007574	0.003397
117	-0.025355	-0.005587	0.006839
118	-0.026204	0.007963	0.006738
119	-0.033150	0.015167	0.005269
120	-0.031157	0.024493	0.007508
121	-0.027670	0.021829	0.009552
122	-0.025043	0.020450	0.010437
123	-0.021769	0.024372	0.014537
124	-0.020381	0.026540	0.020245
125	-0.017758	0.011557	0.026324
126	-0.013496	0.013636	0.032328
127	-0.009654	0.004196	0.034867
128	-0.007912	0.000046	0.035077
129	-0.004744	0.009925	0.034339
130	-0.006874	0.003438	0.036395
131	-0.008021	-0.003862	0.031078
132	-0.011952	-0.000298	0.027504
133	-0.012351	-0.017197	0.024099
134	-0.010181	-0.007791	0.025608
135	-0.006365	-0.002136	0.028525
136	0.000564	-0.028491	0.027327
137	0.005332	-0.015124	0.026758
138	0.002339	-0.017591	0.021985
139	0.004253	-0.009638	0.019176
140	0.003693	0.003527	0.010914
141	-0.000854	0.002825	0.010008
142	-0.006267	0.006287	0.005534
143	-0.010354	0.023402	-0.004050
144	-0.011109	0.033701	-0.010832
145	-0.011930	0.006085	-0.017380
146	-0.020096	0.012605	-0.022986
147	-0.026458	0.014509	-0.028838
148	-0.030848	0.004886	-0.033768
149	-0.035535	-0.017166	-0.034881
150	-0.037109	-0.017636	-0.038585
151	-0.034270	0.000369	-0.036713
152	-0.028464	0.000331	-0.039786
153	-0.025395	-0.011273	-0.043048
154	-0.025750	-0.025681	-0.042725
155	-0.023949	-0.026040	-0.045890
156	-0.017641	-0.018565	-0.045072
157	-0.011310	-0.009862	-0.042618
158	-0.009717	-0.007419	-0.039724
159	-0.005491	0.010554	-0.031302
160	-0.001362	0.011777	-0.033378
161	0.000886	0.014901	-0.028608
162	0.004140	0.011476	-0.027366
163	0.007273	0.005028	-0.028182
164	0.009158	0.023999	-0.023941
165	0.010362	0.010775	-0.020333
166	0.014020	0.001698	-0.014833
167	0.018030	-0.005121	-0.012762
168	0.019105	-0.001310	-0.013130
169	0.018970	0.008898	-0.008979
170	0.020711	0.002161	-0.007093
171	0.023317	0.011756	-0.004735
172	0.019502	0.008197	-0.003004
173	0.019677	0.002599	-0.008262
174	0.016323	0.024238	-0.010631
175	0.015415	0.011815	-0.014059
176	0.016762	0.013973	-0.016216
177	0.014310	0.005725	-0.014954
178	0.010515	-0.000632	-0.020560
179	0.003513	0.000413	-0.023726
180	-0.001309	-0.014328	-0.025388
181	-0.003371	-0.014475	-0.025941
182	-0.002486	-0.002672	-0.025509
183	-0.005509	-0.004321	-0.026877
184	-0.008419	0.002998	-0.029453
185	-0.012294	0.005347	-0.028407
186	-0.017245	0.025001	-0.024422
187	-0.020730	0.005171	-0.023066
188	-0.025289	0.004660	-0.021080
189	-0.028592	0.000802	-0.017510
190	-0.028670	-0.002481	-0.018140
191	-0.025783	-0.003380	-0.019810
192	-0.021239	-0.017018	-0.020005
193	-0.019672	-0.019514	-0.018765
194	-0.020139	-0.009308	-0.014672
195	-0.019598	-0.014193	-0.011836
196	-0.017930	-0.016841	-0.008917
197	-0.012449	-0.016595	-0.007738
198	-0.008333	-0.019633	-0.008765
199	-0.004059	-0.010412	-0.008933
200	-0.005610	-0.001629	-0.011672
201	-0.001097	0.000562	-0.011343
202	0.006495	-0.004630	-0.010334
203	0.010172	-0.006514	-0.010710
204	0.014885	-0.007845	-0.004661
205	0.018764	-0.016391	-0.001465
206	0.024551	-0.003915	0.001381
207	0.024092	0.007931	0.001553
208	0.017774	0.000730	0.004522
209	0.012867	0.003573	0.008316
210	0.014184	0.007987	0.009919
211	0.020455	0.009654	0.012920
212	0.024037	0.005831	0.013398
213	0.026401	0.021783	0.015065
214	0.027248	0.008035	0.017265
215	0.032493	0.008319	0.017436
216	0.032951	0.006516	0.020683
217	0.031708	0.000965	0.026954
218	0.030621	0.010254	0.030588
219	0.027542	-0.005616	0.038277
220	0.026340	-0.001067	0.038629
221	0.024283	-0.015783	0.036126
222	0.020132	-0.008669	0.034518
223	0.013928	-0.006936	0.034754
224	0.010339	-0.016131	0.029310
225	0.009127	-0.003752	0.026661
226	0.008380	-0.009012	0.026018
227	0.008001	-0.004939	0.024271
228	0.008887	0.003511	0.026647
229	0.011166	0.007879	0.029274
230	0.017886	0.010694	0.029946
231	0.022933	0.008011	0.033402
232	0.028305	-0.012022	0.034801
233	0.032695	-0.002444	0.034804
234	0.036556	-0.008538	0.034506
235	0.037530	-0.006372	0.035277
236	0.038973	0.003462	0.038568
237	0.040523	0.014418	0.044002
238	0.043433	-0.006183	0.044037
239	0.046072	0.002707	0.042252
240	0.041929	0.007680	0.040265
241	0.043823	0.004568	0.040462
242	0.045743	0.002398	0.039489
243	0.049858	-0.006262	0.038953
244	0.052340	-0.000882	0.036815
245	0.052025	0.002189	0.034325
246	0.050707	0.000747	0.038746
247	0.045806	-0.011804	0.041667
248	0.045514	-0.007890	0.042710
249	0.044579	-0.012400	0.043887
250	0.043726	0.000545	0.039154
251	0.040981	0.009648	0.035005
252	0.035907	0.007612	0.024899
253	0.033248	0.015048	0.020308
254	0.028888	0.014905	0.016811
255	0.027406	0.010933	0.014006
256	0.025399	0.017999	0.009736
257	0.025249	-0.015058	0.002244
258	0.022001	-0.008851	0.000603
259	0.021271	-0.004398	-0.002605
260	0.021103	0.007755	-0.006059
261	0.018684	-0.007481	-0.009893
262	0.019830	-0.004708	-0.011229
263	0.016875	0.012769	-0.017287
264	0.012476	0.005706	-0.022072
265	0.008636	0.017464	-0.026502
266	0.007308	0.022682	-0.031640
267	0.001654	0.024589	-0.036038
268	-0.001083	0.010435	-0.037804
269	-0.005049	0.021388	-0.038439
270	-0.007736	0.009924	-0.038747
271	-0.008400	0.007968	-0.041800
272	-0.007888	0.008325	-0.044163
273	-0.005839	0.017335	-0.045411
274	-0.007522	0.005199	-0.044076
275	-0.011689	0.005693	-0.042953
276	-0.015272	0.000581	-0.042698
277	-0.016776	0.003571	-0.044819
278	-0.016937	0.009404	-0.047680
279	-0.017579	0.003956	-0.051095
280	-0.018659	0.005333	-0.055806
281	-0.017136	-0.017258	-0.051283
282	-0.015040	-0.009134	-0.045552
283	-0.011391	-0.005762	-0.041423
284	-0.007784	-0.010723	-0.034826
285	-0.009856	-0.017370	-0.036274
286	-0.010513	-0.020444	-0.032345
287	-0.007006	-0.005212	-0.030799
288	-0.007739	0.013090	-0.025532
289	-0.010301	-0.002852	-0.022487
290	-0.015491	0.004647	-0.022851
291	-0.017737	0.003305	-0.020939
292	-0.021604	-0.000629	-0.021034
293	-0.025625	0.008076	-0.021900
294	-0.030066	0.012075	-0.021657
295	-0.032530	0.002508	-0.020419
296	-0.031822	-0.001496	-0.014163
297	-0.032906	-0.005778	-0.006724
298	-0.036711	0.005311	0.001733
299	-0.037950	0.006246	0.007558
300	-0.036005	0.007793	0.013260
301	-0.032570	0.022085	0.018712
302	-0.028018	0.022410	0.022292
303	-0.023149	0.022270	0.029969
304	-0.017427	0.036466	0.033186
305	-0.013638	0.027632	0.036497
306	-0.008570	0.015097	0.037742
307	-0.003533	0.016575	0.039531
308	0.001156	0.008168	0.037961
309	0.003443	0.007746	0.040672
310	0.004768	-0.004273	0.040941
311	0.005690	0.014523	0.042067
312	0.009843	0.019655	0.040024
313	0.007265	0.028654	0.038738
314	0.006725	0.018804	0.038602
315	0.004223	0.008550	0.041539
316	0.003099	0.019257	0.040774
317	0.002557	0.015487	0.040638
318	0.004046	0.021155	0.037996
319	0.002462	0.013001	0.040853
320	-0.002914	0.001818	0.042723
321	-0.008753	-0.002784	0.045697
322	-0.014548	-0.002966	0.048510
323	-0.017383	-0.002306	0.048102
324	-0.017528	-0.006480	0.049205
325	-0.015339	-0.009319	0.047812
326	-0.008925	-0.000550	0.049623
327	-0.000641	0.009712	0.044240
328	0.003507	-0.003768	0.041563
329	0.003381	0.002858	0.037302
330	0.003539	-0.002849	0.036963
331	0.005577	0.011559	0.033814
332	0.008866	0.002048	0.026638
333	0.013513	-0.018572	0.027890
334	0.013197	-0.019317	0.025438
335	0.013559	-0.014924	0.022267
336	0.010953	0.008656	0.024546
337	0.016167	-0.016297	0.023562
338	0.019386	-0.003902	0.020515
339	0.021626	-0.018822	0.021572
340	0.024208	-0.007438	0.020111
341	0.022431	-0.008095	0.020825
342	0.023528	-0.006397	0.023145
343	0.028119	0.013356	0.027298
344	0.033176	-0.000726	0.028185
345	0.038446	0.011016	0.029525
346	0.046007	0.009227	0.029838
347	0.050071	0.009656	0.029037
348	0.049882	0.024289	0.029405
349	0.040696	0.013247	0.033578
350	0.039646	0.000713	0.036335
351	0.038905	0.000686	0.037602
352	0.030482	0.013494	0.035470
353	0.028358	0.000692	0.037615
354	0.027980	-0.012269	0.041386
355	0.026163	-0.007063	0.041442
356	0.024987	0.014160	0.041516
357	0.022687	0.015311	0.042149
358	0.024518	0.016783	0.043290
359	0.027424	0.010696	0.043318
360	0.024357	0.011037	0.037414
361	0.018981	0.013518	0.035701
362	0.014677	0.013172	0.036709
363	0.013395	-0.002773	0.035441
364	0.014298	-0.007339	0.036590
365	0.013129	-0.015903	0.036402
366	0.012585	-0.018344	0.041515
367	0.014259	-0.022439	0.044020
368	0.013406	-0.014868	0.048227
369	0.012318	-0.020674	0.047973
370	0.009154	-0.006609	0.047516
371	0.002872	0.004753	0.048635
372	-0.003139	0.001096	0.047424
373	-0.004396	-0.014511	0.046573
374	-0.007538	0.007759	0.046455
375	-0.010215	0.005303	0.047054
376	-0.011585	-0.000873	0.048842
377	-0.010492	0.000987	0.047909
378	-0.009328	0.008889	0.046159
379	-0.010613	0.015458	0.043750
380	-0.011690	0.007267	0.042236
381	-0.010460	-0.001068	0.039871
382	-0.009144	0.001744	0.042758
383	-0.008013	-0.001958	0.043923
384	-0.007415	0.005699	0.040907
385	-0.005144	0.013906	0.035401
386	-0.006296	0.010027	0.032465
387	-0.003341	0.013616	0.025334
388	-0.001225	0.005133	0.012955
389	-0.000288	-0.001624	0.004362
390	0.000224	-0.006115	-0.002984
391	0.000708	0.004066	-0.009365
392	0.001684	-0.002363	-0.007881
393	0.001459	-0.012631	-0.010126
394	0.000235	-0.000098	-0.009637
395	0.002185	0.003983	-0.010606
396	0.005657	0.001494	-0.010620
397	0.004324	-0.000040	-0.014453
398	0.004722	-0.007086	-0.016755
399	0.006279	0.004596	-0.018089
400	0.004494	0.020625	-0.020218
401	0.006209	0.013352	-0.019030
402	0.002411	0.003243	-0.019017
403	-0.003313	0.002981	-0.022297
404	-0.007954	-0.012042	-0.025302
405	-0.010616	0.001624	-0.025089
406	-0.017031	-0.001794	-0.021242
407	-0.022102	-0.005874	-0.019289
408	-0.025406	-0.014764	-0.017209
409	-0.028353	-0.020217	-0.013025
410	-0.026278	-0.006049	-0.004583
411	-0.029740	0.001969	0.000003
412	-0.033546	0.015663	0.001249
413	-0.037068	0.010850	0.005276
414	-0.037038	0.006844	0.009977
415	-0.038783	-0.001194	0.008531
416	-0.035520	-0.018325	0.008676
417	-0.031151	-0.025449	0.006495
418	-0.027198	-0.023067	0.001674
419	-0.025786	-0.015279	-0.000694
420	-0.025271	-0.018039	-0.005672
421	-0.021595	-0.027392	-0.007455
422	-0.015003	-0.028642	-0.014465
423	-0.008559	-0.021682	-0.016720
424	-0.006610	-0.008944	-0.019852
425	-0.005841	-0.017867	-0.017652
426	-0.005029	-0.010188	-0.014425
427	-0.008220	-0.013444	-0.010137
428	-0.013569	0.007629	-0.007217
429	-0.018409	0.002754	-0.004334
430	-0.020164	0.000579	0.003160
431	-0.019636	0.004032	0.006126
432	-0.017353	0.005930	0.009525
433	-0.013988	-0.006671	0.012293
434	-0.010611	-0.012713	0.009001
435	-0.007412	-0.002472	0.010254
436	-0.006580	0.004793	0.006740
437	-0.009424	0.001518	0.005013
438	-0.012179	0.002955	0.005578
439	-0.011273	-0.001467	0.008562
440	-0.011565	-0.004401	0.012725
441	-0.010340	-0.009708	0.007924
442	-0.006424	-0.020927	0.007014
443	-0.002620	-0.012731	0.004930
444	0.002346	-0.012576	0.002014
445	0.003678	-0.015957	0.004824
446	0.003293	-0.003919	0.007838
447	0.005476	-0.003553	0.008559
448	0.007248	0.000838	0.015035
449	0.004745	0.002047	0.011297
450	0.004609	-0.003747	0.009343
451	0.004582	0.012082	0.003947
452	0.003129	0.009113	0.001809
453	0.003399	-0.004493	-0.002125
454	0.002021	-0.002466	-0.003974
455	-0.001222	-0.015654	-0.008039
456	0.001187	-0.015290	-0.012093
457	-0.001820	-0.011555	-0.012486
458	-0.004728	-0.021544	-0.009462
459	-0.009905	0.002828	-0.006548
460	-0.010053	0.008754	-0.008772
461	-0.004748	-0.003013	-0.009601
462	-0.005624	0.008071	-0.011231
463	-0.008025	0.001769	-0.012221
464	-0.008719	-0.003281	-0.012906
465	-0.008041	-0.015485	-0.013643
466	-0.011330	-0.022365	-0.009837
467	-0.018908	-0.018102	-0.009411
468	-0.025418	-0.019590	-0.008965
469	-0.030854	0.002898	-0.007794
470	-0.034607	-0.011278	-0.005829
471	-0.037191	-0.010730	-0.006990
472	-0.040690	0.013126	-0.012169
473	-0.043089	0.005872	-0.015388
474	-0.046852	-0.001064	-0.013591
475	-0.050717	-0.000331	-0.017121
476	-0.046417	0.004725	-0.020987
477	-0.044077	-0.002673	-0.027347
478	-0.041318	0.010458	-0.031992
479	-0.040862	0.005699	-0.033905
480	-0.037995	-0.000971	-0.037906
481	-0.034376	-0.015868	-0.040174
482	-0.030252	-0.006624	-0.043510
483	-0.024695	-0.007936	-0.042210
484	-0.017942	-0.002442	-0.042013
485	-0.006825	-0.003794	-0.040443
486	-0.002975	-0.000199	-0.039048
487	-0.000557	0.004842	-0.032290
488	-0.000964	0.014180	-0.028005
489	0.002090	0.010723	-0.022236
490	0.004063	0.005456	-0.018978
491	0.004691	0.006825	-0.013842
492	0.003285	-0.026709	-0.009626
493	-0.001020	-0.013527	-0.010749
494	-0.003249	-0.012931	-0.008156
495	-0.006207	0.012720	-0.005897
496	-0.008442	0.001009	-0.004903
497	-0.009517	0.001976	-0.007054
498	-0.008505	0.001641	-0.005209
499	-0.007818	-0.012323	-0.003355
500	-0.006894	-0.010055	-0.001567
501	-0.007398	-0.003698	0.001428
502	-0.010707	-0.000464	0.000968
503	-0.010764	0.006337	-0.002196
504	-0.012347	0.006184	-0.012503
505	-0.018869	0.015771	-0.013122
506	-0.026296	0.006890	-0.016799
507	-0.029360	0.006472	-0.018978
508	-0.032302	0.002814	-0.021077
509	-0.033846	-0.020911	-0.026945
510	-0.033366	-0.003795	-0.026550
511	-0.033510	-0.011749	-0.025216
512	-0.034917	-0.004710	-0.028957
513	-0.040586	-0.026856	-0.029304
514	-0.045071	-0.021487	-0.028370
515	-0.048096	-0.021418	-0.028306
516	-0.041887	-0.011851	-0.024234
517	-0.042453	0.002213	-0.023337
518	-0.042816	0.003503	-0.022386
519	-0.041952	0.003727	-0.022159
520	-0.038659	0.017813	-0.018902
521	-0.031613	0.037387	-0.017300
522	-0.025164	0.020101	-0.014985
523	-0.023849	0.025133	-0.016757
524	-0.022980	0.019121	-0.015287
525	-0.019248	0.017496	-0.014507
526	-0.012833	0.016038	-0.012881
527	-0.011310	0.021228	-0.017313
528	-0.012453	0.011988	-0.019098
529	-0.011587	0.029163	-0.018661
530	-0.006495	0.029562	-0.017215
531	-0.002603	0.038080	-0.013149
532	-0.001271	0.030978	-0.010641
533	0.000516	0.004264	-0.009423
534	-0.001347	0.008531	-0.006161
535	-0.000991	0.002482	-0.003061
536	-0.005497	0.006305	0.001758
537	-0.006111	0.012651	0.006949
538	-0.006494	-0.012459	0.017262
539	-0.003158	-0.017054	0.022458
540	-0.001190	-0.024261	0.026038
541	-0.000693	-0.020234	0.030379
542	-0.002245	-0.019457	0.032870
543	-0.004654	0.005230	0.035024
544	-0.008985	0.013187	0.037708
545	-0.015052	0.001160	0.036434
546	-0.016908	0.007273	0.033770
547	-0.021718	0.011295	0.034981
548	-0.028625	0.012820	0.034331
549	-0.033325	0.001379	0.034247
550	-0.034835	0.001145	0.027543
551	-0.039126	-0.001291	0.022897
552	-0.038230	0.001292	0.023104
553	-0.036949	-0.001258	0.022812
554	-0.033884	-0.009719	0.020404
555	-0.032119	-0.009542	0.018463
556	-0.030604	-0.008700	0.017439
557	-0.028050	0.003184	0.013739
558	-0.023500	-0.003596	0.010037
559	-0.017584	-0.002002	0.008931
560	-0.012555	-0.000247	0.002979
561	-0.009714	0.009165	0.004104
562	-0.010436	0.004077	-0.000485
563	-0.009147	0.017547	-0.007303
564	-0.010306	0.027124	-0.012338
565	-0.011302	0.023023	-0.013659
566	-0.008437	0.019622	-0.010705
567	-0.009678	0.003443	-0.012100
568	-0.010118	0.001501	-0.011041
569	-0.011106	-0.007451	-0.012263
570	-0.014070	0.012678	-0.017584
571	-0.018375	0.012000	-0.020423
572	-0.021174	0.009867	-0.017648
573	-0.024070	0.006134	-0.019736
574	-0.023826	0.003923	-0.018759
575	-0.023518	-0.000470	-0.016376
576	-0.021642	-0.000928	-0.009084
577	-0.022850	-0.002609	-0.007029
578	-0.025202	0.011726	-0.002833
579	-0.025771	0.010951	0.000337
580	-0.023750	0.014145	0.003117
581	-0.024830	0.023367	0.009647
582	-0.027487	0.011459	0.010229
583	-0.029674	0.010768	0.007176
584	-0.033583	0.005467	0.004784
585	-0.029786	-0.008202	0.006358
586	-0.028562	-0.019058	0.003741
587	-0.028537	-0.014002	0.001356
588	-0.027890	-0.003029	-0.004253
589	-0.029331	0.011600	-0.004674
590	-0.030858	0.015752	-0.007679
591	-0.027300	0.008694	-0.003733
592	-0.024251	-0.006046	-0.007937
593	-0.020731	-0.011952	-0.011050
594	-0.017898	0.012753	-0.010715
595	-0.018702	-0.007103	-0.014215
596	-0.019266	-0.011401	-0.013398
597	-0.013797	-0.025222	-0.014860
598	-0.010761	-0.025476	-0.021568
599	-0.011416	-0.017214	-0.022269
600	-0.011764	-0.011657	-0.022038
601	-0.010799	0.000253	-0.016559
602	-0.005762	-0.004177	-0.016072
603	0.000243	0.002479	-0.013621
604	0.000388	0.000430	-0.008973
605	0.002434	-0.001165	-0.008558
606	0.006799	-0.008800	-0.010883
607	0.006671	-0.007266	-0.013759
608	0.010782	-0.028650	-0.020286
609	0.009066	-0.023780	-0.023984
610	0.007532	-0.040117	-0.033054
611	0.003032	-0.020355	-0.041361
612	-0.002658	-0.010507	-0.046538
613	-0.004275	-0.007118	-0.050597
614	-0.001551	0.012255	-0.052011
615	0.002183	0.007213	-0.054422
616	0.005847	0.002001	-0.052228
617	0.010098	0.008663	-0.055692
618	0.012006	-0.011913	-0.052280
619	0.015646	0.002110	-0.050761
620	0.017641	0.010356	-0.049522
621	0.018055	0.012518	-0.052280
622	0.014846	0.004292	-0.051887
623	0.010832	0.010880	-0.049407
624	0.011531	-0.006663	-0.044977
625	0.008786	0.013788	-0.038905
626	0.003306	0.011045	-0.032078
627	0.002066	0.003053	-0.028842
628	-0.001590	0.010041	-0.024397
629	-0.004179	-0.006695	-0.022761
630	-0.006428	-0.001804	-0.021924
631	-0.008275	0.004111	-0.022176
632	-0.011144	-0.007295	-0.021579
633	-0.013174	-0.019960	-0.022967
634	-0.011825	-0.020961	-0.027058
635	-0.016002	-0.005215	-0.031673
636	-0.015134	0.005066	-0.036369
637	-0.016126	0.010664	-0.039533
638	-0.010733	0.001524	-0.043910
639	-0.010503	0.004001	-0.051578
640	-0.011649	0.008736	-0.057769
641	-0.011679	-0.003819	-0.058071
642	-0.010835	-0.000096	-0.059413
643	-0.007272	-0.000905	-0.064045
644	-0.002351	-0.017251	-0.064600
645	-0.000962	-0.006420	-0.063832
646	0.000059	-0.009073	-0.060632
647	0.002644	0.009955	-0.061007
648	0.007908	-0.024236	-0.058989
649	0.005867	-0.003560	-0.058963
650	0.003602	0.011313	-0.060831
651	0.004014	-0.003317	-0.058145
652	0.007491	0.004015	-0.056850
653	0.010296	-0.005415	-0.055627
654	0.012749	-0.014312	-0.057541
655	0.016561	-0.021495	-0.056090
656	0.016561	-0.017862	-0.052525
657	0.018313	-0.005365	-0.046794
658	0.023841	-0.006396	-0.042783
659	0.027052	0.008291	-0.034226
660	0.027359	0.013127	-0.026089
661	0.030190	0.012121	-0.020119
662	0.034301	0.006031	-0.016124
663	0.034956	0.004430	-0.016574
664	0.034812	0.010223	-0.016418
665	0.034141	-0.000912	-0.010232
666	0.033059	0.000717	-0.007924
667	0.032207	-0.005462	-0.006808
668	0.028383	-0.024552	0.000638
669	0.026014	-0.010027	0.004617
670	0.022868	-0.014508	0.011918
671	0.023294	-0.005587	0.013670
672	0.020863	0.004433	0.015846
673	0.012330	-0.002084	0.017105
674	0.007366	0.004637	0.021025
675	0.003079	0.006223	0.026354
676	0.003169	0.008086	0.026861
677	0.000688	0.007433	0.031365
678	0.000672	0.000591	0.031631
679	0.002895	0.008319	0.030793
680	0.004536	-0.007623	0.032635
681	0.004404	-0.003348	0.033913
682	0.010522	-0.011170	0.038332
683	0.014485	-0.017870	0.043007
684	0.015358	-0.007588	0.043821
685	0.017353	-0.017925	0.048362
686	0.017983	-0.036245	0.049122
687	0.017857	-0.018532	0.050635
688	0.017261	-0.007206	0.053546
689	0.018761	-0.012304	0.053552
690	0.017983	0.003569	0.055704
691	0.017895	-0.002507	0.055287
692	0.015122	0.000742	0.052915
693	0.013504	-0.006878	0.055076
694	0.017290	-0.008821	0.056252
695	0.022764	-0.003633	0.058187
696	0.025905	-0.002270	0.059456
697	0.029489	0.001941	0.057782
698	0.032282	0.005091	0.053518
699	0.035172	0.003643	0.051173
700	0.034690	-0.004938	0.049650
701	0.031236	-0.003966	0.047368
702	0.029262	-0.006653	0.045995
703	0.028555	0.010520	0.046494
704	0.028860	0.014922	0.045190
705	0.029835	0.008381	0.045039
706	0.029581	0.018147	0.045091
707	0.027620	0.022073	0.051832
708	0.029673	0.010723	0.054568
709	0.032187	0.005782	0.053250
710	0.033265	0.010555	0.052253
711	0.031265	-0.001997	0.051840
712	0.029207	-0.003353	0.056420
713	0.025964	0.019601	0.053775
714	0.019756	0.016693	0.049182
715	0.016308	0.015111	0.045691
716	0.014147	0.032938	0.040031
717	0.017050	0.022682	0.038897
718	0.016209	0.018248	0.037061
719	0.015904	-0.007041	0.031158
720	0.010533	-0.006540	0.030851
721	0.007835	-0.006928	0.026762
722	0.003229	0.005279	0.026026
723	-0.000775	0.007386	0.020996
724	-0.000747	-0.010931	0.014492
725	-0.002987	-0.010085	0.009474
726	-0.002547	-0.015100	0.008345
727	-0.005971	-0.013568	0.005836
728	-0.007406	-0.007780	0.004991
729	-0.006543	-0.014706	0.006807
730	-0.007485	-0.007945	0.009322
731	-0.008526	-0.001580	0.007808
732	-0.003630	0.013953	0.009397
733	-0.001501	-0.001218	0.010481
734	-0.004320	0.004862	0.011136
735	-0.005227	0.005560	0.017551
736	-0.004008	0.015168	0.016238
737	-0.000252	0.007371	0.017467
738	-0.001056	0.005910	0.016962
739	-0.000687	0.012764	0.017404
740	0.004041	0.005302	0.015823
741	0.004472	0.019044	0.010343
742	0.000236	0.004973	0.008557
743	-0.002508	0.001623	0.004656
744	-0.003035	0.005513	0.001301
745	-0.003934	0.002453	0.000669
746	-0.005431	0.001939	-0.002011
747	-0.009151	0.014275	-0.001514
748	-0.014311	0.007389	0.002582
749	-0.017010	0.019937	0.004180
750	-0.023275	0.019570	0.007911
751	-0.029718	0.022980	0.008018
752	-0.035859	0.012063	0.011382
753	-0.038730	0.016027	0.017254
754	-0.038158	0.005932	0.020589
755	-0.041438	-0.000009	0.028134
756	-0.043680	0.018493	0.030514
757	-0.045003	0.027318	0.038482
758	-0.041914	0.027533	0.036375
759	-0.044136	0.022577	0.039523
760	-0.043565	0.024762	0.040132
761	-0.044902	0.002930	0.037975
762	-0.046584	-0.008162	0.037940
763	-0.046172	0.001943	0.039638
764	-0.045915	0.002062	0.043774
765	-0.049861	0.008382	0.042143
766	-0.056365	0.004090	0.037422
767	-0.062298	0.012146	0.036020
768	-0.063584	0.008829	0.032072
769	-0.059323	-0.007739	0.027228
770	-0.055267	-0.011549	0.026812
771	-0.051684	0.000961	0.027160
772	-0.045741	-0.007214	0.022815
773	-0.035702	-0.005193	0.023571
774	-0.026703	-0.020101	0.020797
775	-0.025438	-0.013087	0.020274
776	-0.020718	-0.002715	0.018012
777	-0.012508	-0.005102	0.014012
778	-0.005673	0.002440	0.010192
779	0.001257	0.001731	0.004562
780	0.005987	0.012099	0.001684
781	0.008920	0.011341	-0.002981
782	0.014503	-0.002271	-0.005664
783	0.019302	-0.010819	-0.004225
784	0.025355	0.000735	-0.003910
785	0.027071	-0.010597	0.001357
786	0.032918	-0.024546	0.004870
787	0.035867	-0.011791	0.007699
788	0.041715	-0.014425	0.010455
789	0.042337	-0.015963	0.010422
790	0.043004	-0.013544	0.008874
791	0.038063	-0.006425	0.007901
792	0.035574	0.006972	0.008964
793	0.028311	0.000635	0.008544
794	0.024076	0.006770	0.008571
795	0.019574	0.010662	0.013367
796	0.016753	0.026565	0.013887
797	0.011881	0.024291	0.014223
798	0.015701	0.008678	0.019568
799	0.013037	0.010502	0.022785
800	0.013610	0.011695	0.019539
801	0.017124	0.013430	0.018806
802	0.016484	0.025507	0.016744
803	0.018922	0.010408	0.018017
804	0.016264	-0.002718	0.012032
805	0.011602	-0.031454	0.007227
806	0.012115	-0.028427	0.001633
807	0.007461	-0.027034	0.000278
808	0.008352	-0.017389	0.000097
809	0.009481	-0.011905	-0.003307
810	0.009010	-0.008217	-0.004074
811	0.010591	-0.000451	-0.008094
812	0.018309	0.000420	-0.007551
813	0.015095	-0.003582	-0.007954
814	0.010486	0.004389	-0.004976
815	0.007426	-0.003741	-0.004212
816	0.004725	0.013062	-0.002780
817	-0.001280	0.007952	-0.000928
818	-0.005792	-0.005565	-0.001731
819	-0.012197	-0.007949	-0.002586
820	-0.016570	0.002600	-0.006571
821	-0.014263	0.008525	-0.014243
822	-0.016416	0.005563	-0.013068
823	-0.024178	0.016790	-0.016848
824	-0.028088	0.012990	-0.021388
825	-0.033613	0.006558	-0.021603
826	-0.035871	-0.007472	-0.026857
827	-0.043949	-0.007018	-0.033985
828	-0.045629	-0.002076	-0.034952
829	-0.046074	-0.007591	-0.041588
830	-0.042891	-0.015482	-0.044604
831	-0.037874	0.013229	-0.045321
832	-0.033255	0.005314	-0.047974
833	-0.034450	0.010010	-0.049044
834	-0.036238	0.027082	-0.047588
835	-0.031482	0.034179	-0.049759
836	-0.030036	0.020768	-0.049761
837	-0.029302	0.021431	-0.050481
838	-0.032910	-0.001136	-0.048880
839	-0.029548	0.022278	-0.050051
840	-0.024664	0.007605	-0.049914
841	-0.026552	-0.004241	-0.048234
842	-0.024909	-0.010795	-0.041856
843	-0.021910	-0.004776	-0.038246
844	-0.025068	-0.005260	-0.031626
845	-0.030147	-0.006784	-0.027500
846	-0.032659	-0.011269	-0.025376
847	-0.030244	-0.000561	-0.023721
848	-0.022953	0.002262	-0.020489
849	-0.017673	-0.018208	-0.020424
850	-0.015294	0.002702	-0.021232
851	-0.010007	-0.007439	-0.019500
852	-0.008405	-0.028042	-0.017485
853	-0.005097	-0.004628	-0.013369
854	-0.004808	-0.011226	-0.012380
855	-0.003265	-0.018813	-0.011698
856	-0.000616	-0.019037	-0.008192
857	0.003546	-0.021956	-0.009423
858	0.007820	-0.025834	-0.005645
859	0.007350	-0.010439	-0.003950
860	0.005846	-0.004890	-0.001617
861	0.006557	-0.000852	-0.000687
862	0.006200	0.000029	-0.002968
863	0.005406	0.006370	-0.002788
864	0.004960	-0.000235	-0.002346
865	0.005695	-0.006631	-0.005135
866	0.007987	-0.007170	-0.009311
867	0.007855	-0.017328	-0.012000
868	0.011436	-0.006833	-0.012999
869	0.009773	-0.012527	-0.016330
870	0.007702	-0.002342	-0.020881
871	0.006483	0.000434	-0.027281
872	0.007108	0.008338	-0.033605
873	0.002808	0.006141	-0.037878
874	-0.001251	0.009134	-0.035857
875	-0.003638	0.001069	-0.039633
876	-0.003281	0.011605	-0.040131
877	0.000422	0.019170	-0.041668
878	0.003050	0.019082	-0.043440
879	0.004520	0.022017	-0.039170
880	0.006370	0.010429	-0.039308
881	0.011462	0.000557	-0.036371
882	0.012470	0.015711	-0.038428
883	0.019861	0.020532	-0.038223
884	0.020079	0.025205	-0.036008
885	0.016428	0.007690	-0.033986
886	0.014432	-0.012709	-0.042237
887	0.013569	0.005959	-0.041983
888	0.008504	-0.004445	-0.044684
889	0.002348	0.006608	-0.043163
890	-0.002254	-0.004168	-0.044299
891	-0.004700	-0.010243	-0.042729
892	-0.008855	0.004125	-0.042831
893	-0.015983	0.006666	-0.046658
894	-0.022282	-0.009603	-0.045825
895	-0.027589	0.001374	-0.050014
896	-0.033073	-0.008726	-0.049033
897	-0.039791	-0.012157	-0.046804
898	-0.042715	-0.013663	-0.042499
899	-0.043889	-0.015985	-0.039264
900	-0.040135	0.002714	-0.037180
901	-0.041169	-0.007340	-0.035366
902	-0.045018	0.009353	-0.029160
903	-0.042510	-0.004357	-0.026683
904	-0.048808	0.007186	-0.018938
905	-0.045560	0.019553	-0.018147
906	-0.043355	0.015583	-0.016654
907	-0.038131	0.027334	-0.013480
908	-0.034151	0.015797	-0.009763
909	-0.029534	0.023005	-0.008143
910	-0.023894	0.017227	-0.011610
911	-0.018119	0.016081	-0.010138
912	-0.011102	0.012386	-0.004260
913	-0.008046	0.017156	-0.001547
914	-0.001493	-0.006505	0.002421
915	0.000939	0.007069	0.008232
916	0.001051	0.003600	0.013904
917	0.000030	0.010379	0.014949
918	-0.003448	-0.000480	0.014586
919	-0.003780	0.002124	0.014955
920	-0.006320	0.005000	0.017417
921	-0.006350	0.010288	0.014774
922	-0.007241	-0.005670	0.012956
923	-0.013706	-0.009558	0.010360
924	-0.014103	-0.011139	0.011455
925	-0.015393	-0.015338	0.004854
926	-0.017124	-0.009016	0.000612
927	-0.014726	-0.011666	-0.002233
928	-0.013370	-0.018456	-0.006087
929	-0.012067	-0.016850	-0.007577
930	-0.011934	-0.003975	-0.003561
931	-0.011544	0.012336	-0.000790
932	-0.009787	0.010060	-0.001706
933	-0.010167	-0.009143	-0.002589
934	-0.007506	-0.012787	-0.006536
935	-0.008603	-0.034277	-0.010215
936	-0.006340	-0.021572	-0.012414
937	-0.000685	-0.024964	-0.009525
938	0.002008	-0.022077	-0.008901
939	0.003402	-0.007332	-0.007389
940	0.005041	0.003749	-0.005343
941	0.004588	-0.002921	-0.004842
942	0.008842	-0.000360	-0.006255
943	0.012466	0.010919	-0.000211
944	0.014341	0.005838	0.001089
945	0.025982	0.002199	0.003647
946	0.031577	-0.003360	0.005054
947	0.039461	-0.004668	0.006711
948	0.044436	-0.013429	0.008550
949	0.042151	-0.012249	0.009657
950	0.038210	-0.017681	0.010112
951	0.032292	-0.024550	0.006652
952	0.022501	-0.013603	0.009197
953	0.009788	-0.022416	0.012264
954	-0.002512	-0.025966	0.012747
955	-0.004254	-0.023418	0.010492
956	-0.007982	-0.018037	0.005765
957	-0.006105	-0.003654	0.002592
958	-0.000442	0.007865	0.002333
959	-0.003130	-0.002012	0.002051
960	-0.007955	-0.006774	-0.000141
961	-0.011094	-0.005193	-0.003024
962	-0.014675	0.001196	-0.005664
963	-0.018799	0.008972	-0.003928
964	-0.022430	0.018592	-0.006494
965	-0.025430	0.011968	-0.008353
966	-0.025011	0.008921	-0.008396
967	-0.028636	0.005575	-0.006559
968	-0.035866	-0.010393	-0.007696
969	-0.037052	0.002628	-0.005443
970	-0.036727	-0.003448	-0.005898
971	-0.036408	0.006124	-0.006074
972	-0.038312	-0.004059	-0.008657
973	-0.037244	0.004672	-0.009921
974	-0.035581	-0.009259	-0.010041
975	-0.039209	-0.008578	-0.008559
976	-0.040894	-0.001469	-0.011876
977	-0.039104	-0.004491	-0.011085
978	-0.042019	0.002737	-0.013766
979	-0.042038	0.000774	-0.015559
980	-0.040969	0.003381	-0.014744
981	-0.040075	0.008351	-0.016879
982	-0.035606	0.032376	-0.014112
983	-0.028872	0.023251	-0.007688
984	-0.021425	0.009835	-0.003786
985	-0.017741	0.010670	-0.000656
986	-0.016138	-0.010212	0.002740
987	-0.013613	-0.023920	0.005885
988	-0.009100	-0.009795	0.008843
989	-0.006901	-0.007809	0.011117
990	-0.003313	-0.018449	0.012827
991	-0.003990	-0.011141	0.020250
992	-0.004930	0.003470	0.026916
993	-0.005608	0.006864	0.028226
994	-0.003742	0.007332	0.032424
995	-0.005390	-0.005283	0.031673
996	-0.009110	-0.004731	0.036093
997	-0.012237	-0.005895	0.037893
998	-0.011243	-0.002581	0.034372
999	-0.011766	-0.002014	0.034124
1000	-0.015196	-0.001514	0.032330
1001	-0.013815	-0.002924	0.028718
1002	-0.011180	0.006718	0.029592
1003	-0.007738	0.010374	0.027737
1004	-0.008043	0.006894	0.027426
1005	-0.007964	0.012613	0.019743
1006	-0.004019	0.010551	0.017626
1007	-0.000893	0.022204	0.015397
1008	0.005263	0.033389	0.011842
1009	0.008481	0.016328	0.007253
1010	0.011113	0.021831	0.003957
1011	0.011909	0.011627	0.001431
1012	0.010514	-0.000316	-0.002711
1013	0.011006	-0.006097	-0.003030
1014	0.015852	0.004896	-0.001345
1015	0.016865	-0.002430	-0.001984
1016	0.018502	0.010205	-0.004475
1017	0.019720	0.000255	-0.005472
1018	0.020804	-0.014751	-0.003603
1019	0.023193	-0.004056	0.000016
1020	0.023041	-0.007107	0.002081
1021	0.017494	-0.024840	0.003142
1022	0.012839	-0.020290	-0.003830
1023	0.015160	-0.017879	-0.010071
1024	0.014175	-0.009620	-0.013640
1025	0.013389	0.006810	-0.016605
1026	0.016275	0.016631	-0.016559
1027	0.016068	0.020847	-0.017538
1028	0.020648	0.003271	-0.022329
1029	0.023567	0.004234	-0.024055
1030	0.019278	-0.006979	-0.025880
1031	0.016186	-0.007836	-0.026646
1032	0.008596	0.010578	-0.022816
1033	0.002428	-0.009010	-0.021216
1034	-0.004872	0.000877	-0.020786
1035	-0.010724	-0.009473	-0.018598
1036	-0.009226	0.001937	-0.017235
1037	-0.007068	0.005484	-0.015896
1038	-0.008299	0.008194	-0.016204
1039	-0.003057	-0.002125	-0.007772
1040	-0.002245	-0.014954	-0.002835
1041	-0.005194	0.000206	0.003170
1042	-0.002921	0.000721	0.010842
1043	0.000598	-0.014003	0.018679
1044	-0.000177	-0.011383	0.027947
1045	0.001438	-0.021342	0.033516
1046	0.008772	-0.029363	0.038177
1047	0.009772	-0.031827	0.044380
1048	0.011089	-0.012325	0.046308
1049	0.009126	-0.027683	0.046477
1050	0.008060	-0.005346	0.048177
1051	0.005799	-0.000873	0.046388
1052	0.001026	0.008569	0.047231
1053	-0.003709	0.000062	0.046492
1054	-0.003200	0.013449	0.047489
1055	-0.001787	0.001430	0.046576
1056	-0.001164	-0.001944	0.045760
1057	-0.002248	-0.011608	0.042593
1058	-0.007249	-0.005304	0.043806
1059	-0.012295	0.003595	0.040841
1060	-0.015415	0.014410	0.037870
1061	-0.017135	0.000364	0.037600
1062	-0.017119	-0.009570	0.040414
1063	-0.018604	-0.002072	0.044228
1064	-0.018820	0.003560	0.045599
1065	-0.021897	0.001795	0.046631
1066	-0.030166	0.012210	0.046487
1067	-0.037972	0.005654	0.044926
1068	-0.042982	0.005720	0.043730
1069	-0.043398	-0.000728	0.041235
1070	-0.045518	-0.003575	0.040024
1071	-0.047665	0.010243	0.038679
1072	-0.046760	0.001905	0.035975
1073	-0.051449	0.000154	0.039670
1074	-0.054277	0.004132	0.042164
1075	-0.056342	-0.007573	0.044800
1076	-0.058168	-0.006661	0.046038
1077	-0.060066	-0.015258	0.044123
1078	-0.058859	-0.015237	0.045985
1079	-0.055344	-0.022342	0.050087
1080	-0.051313	-0.029072	0.050126
1081	-0.045147	-0.014708	0.051018
1082	-0.037417	-0.025571	0.046392
1083	-0.027657	-0.000369	0.045382
1084	-0.025917	0.004621	0.045232
1085	-0.021825	0.003144	0.044173
1086	-0.018858	0.004767	0.045254
1087	-0.019111	0.021763	0.046160
1088	-0.020033	0.010359	0.042148
1089	-0.019474	-0.000549	0.038429
1090	-0.021025	0.013476	0.039005
1091	-0.025456	0.004486	0.039460
1092	-0.025951	-0.006655	0.036068
1093	-0.029526	0.005071	0.035070
1094	-0.032674	0.000636	0.034647
1095	-0.037882	0.004516	0.030400
1096	-0.040995	-0.008168	0.026363
1097	-0.038493	-0.011112	0.018082
1098	-0.039136	-0.008141	0.018276
1099	-0.036504	-0.006205	0.017650
1100	-0.030643	0.009900	0.020892
1101	-0.027280	0.003929	0.021416
1102	-0.026345	0.017027	0.021848
1103	-0.026151	0.007585	0.022566
1104	-0.026130	0.010925	0.019331
1105	-0.026366	0.003345	0.013969
1106	-0.024784	-0.012136	0.009226
1107	-0.025510	-0.014014	0.004481
1108	-0.026077	-0.010011	0.002738
1109	-0.028391	-0.009432	-0.001894
1110	-0.031804	0.001197	-0.004533
1111	-0.030795	0.003802	-0.005054
1112	-0.030616	0.003299	-0.005334
1113	-0.035221	-0.004724	-0.005385
1114	-0.036511	-0.004055	-0.006364
1115	-0.035407	0.004682	-0.007015
1116	-0.035486	-0.003101	-0.006971
1117	-0.029993	-0.012200	-0.003401
1118	-0.022822	-0.005587	-0.000911
1119	-0.020727	0.003273	0.002238
1120	-0.019584	0.006491	0.006547
1121	-0.015888	-0.007267	0.009658
1122	-0.012252	-0.001009	0.012439
1123	-0.007661	0.011959	0.011429
1124	-0.004097	0.009512	0.016483
1125	-0.001874	0.009285	0.014432
1126	-0.001844	0.017453	0.014969
1127	0.005444	0.019081	0.012114
1128	0.007752	0.025363	0.011957
1129	0.012080	0.019432	0.013871
1130	0.012833	0.013489	0.009562
1131	0.011801	0.013284	0.008720
1132	0.013714	0.009450	0.004347
1133	0.018500	0.038032	0.001949
1134	0.015519	0.012433	0.002347
1135	0.017110	0.006693	0.004484
1136	0.014194	-0.008973	0.006366
1137	0.009076	-0.003458	0.005915
1138	0.009224	0.006334	0.009413
1139	0.007417	-0.003366	0.008968
1140	0.006149	-0.007678	0.012204
1141	0.000923	-0.013394	0.010885
1142	-0.003911	-0.015990	0.008616
1143	-0.002670	-0.021632	0.005193
1144	-0.005899	-0.009394	0.005259
1145	-0.008324	-0.012785	0.000790
1146	-0.007308	-0.001821	-0.002406
1147	-0.007906	0.009890	-0.006545
1148	-0.009331	0.000112	-0.008567
1149	-0.006477	-0.011975	-0.011720
1150	-0.012412	-0.007787	-0.016616
1151	-0.012911	-0.004545	-0.027537
1152	-0.015727	-0.008358	-0.032947
1153	-0.020633	-0.028067	-0.035838
1154	-0.020720	-0.009376	-0.036180
1155	-0.019144	-0.017263	-0.039691
1156	-0.016829	-0.013587	-0.042501
1157	-0.017710	-0.023974	-0.043118
1158	-0.021337	-0.024406	-0.040203
1159	-0.024627	-0.031945	-0.041717
1160	-0.024378	-0.013520	-0.044002
1161	-0.023977	-0.018055	-0.040510
1162	-0.026901	-0.008819	-0.038481
1163	-0.029341	-0.007413	-0.033508
1164	-0.030629	-0.018071	-0.029061
1165	-0.035452	-0.014172	-0.025859
1166	-0.034407	-0.007558	-0.018392
1167	-0.042081	0.020793	-0.012527
1168	-0.044886	0.007099	-0.007634
1169	-0.047636	-0.013258	-0.000656
1170	-0.050620	-0.023329	0.008468
1171	-0.049505	-0.001121	0.016063
1172	-0.045332	0.001374	0.022471
1173	-0.038693	-0.015008	0.026155
1174	-0.033436	-0.030573	0.024911
1175	-0.026459	-0.016256	0.023939
1176	-0.022295	-0.019827	0.014726
1177	-0.019622	-0.029687	0.012486
1178	-0.017117	-0.011911	0.007456
1179	-0.012456	-0.007746	0.004689
1180	-0.012611	0.004467	0.000148
1181	-0.015020	-0.007777	0.000392
1182	-0.016809	-0.008935	-0.005173
1183	-0.013244	-0.010494	-0.005212
1184	-0.013140	-0.000562	-0.005048
1185	-0.015165	-0.013480	-0.004672
1186	-0.014975	-0.006829	-0.006949
1187	-0.014546	-0.003210	-0.008959
1188	-0.015745	-0.002413	-0.014256
1189	-0.015150	-0.007755	-0.019515
1190	-0.013356	0.001356	-0.021358
1191	-0.015695	-0.018963	-0.022492
1192	-0.019601	-0.001927	-0.022691
1193	-0.025393	-0.007149	-0.025206
1194	-0.031096	0.002791	-0.025660
1195	-0.035907	0.015619	-0.027841
1196	-0.040325	0.017456	-0.025724
1197	-0.042768	-0.001432	-0.028931
1198	-0.049741	-0.007663	-0.028149
1199	-0.051630	-0.011305	-0.025066
1200	-0.054053	-0.009818	-0.022676
1201	-0.057179	-0.012253	-0.021809
1202	-0.058457	-0.030702	-0.025733
1203	-0.059349	-0.018179	-0.024695
1204	-0.058583	-0.025804	-0.022693
1205	-0.061147	-0.032957	-0.019893
1206	-0.060626	-0.007025	-0.017168
1207	-0.060963	-0.000670	-0.015130
1208	-0.060428	-0.007893	-0.011465
1209	-0.059478	-0.000523	-0.007370
1210	-0.056952	0.002708	-0.011305
1211	-0.056487	0.002166	-0.008715
1212	-0.055843	-0.001018	-0.006554
1213	-0.055700	-0.008393	-0.001601
1214	-0.051105	-0.019511	0.007306
1215	-0.048780	-0.014616	0.010720
1216	-0.050059	-0.006289	0.016726
1217	-0.050935	-0.010133	0.023869
1218	-0.047257	-0.011546	0.029151
1219	-0.047079	-0.014458	0.033594
1220	-0.047338	-0.016052	0.035166
1221	-0.041955	-0.026441	0.033874
1222	-0.035019	-0.030701	0.033766
1223	-0.029779	-0.021293	0.029205
1224	-0.020005	-0.016233	0.033368
1225	-0.013507	-0.011014	0.033182
1226	-0.005530	-0.017027	0.030092
1227	-0.003144	0.002142	0.026809
1228	-0.003354	0.001680	0.027862
1229	0.001147	-0.010428	0.030610
1230	0.009562	-0.010340	0.027019
1231	0.011863	-0.008618	0.022772
1232	0.012885	-0.014018	0.017833
1233	0.011244	-0.017297	0.014591
1234	0.009440	-0.010566	0.009868
1235	0.008443	0.010669	0.006811
1236	0.004298	-0.002019	0.006021
1237	0.000486	-0.006180	0.006315
1238	-0.000828	-0.002413	0.006782
1239	0.001243	-0.005156	0.001153
1240	0.000489	0.001966	-0.004117
1241	-0.004860	-0.017965	-0.010416
1242	-0.005585	-0.004378	-0.017046
1243	-0.008096	-0.007244	-0.022637
1244	-0.002563	0.000999	-0.028905
1245	0.004505	0.001995	-0.035011
1246	0.005662	-0.004167	-0.042211
1247	0.005378	-0.013442	-0.049221
1248	0.005214	-0.023743	-0.054619
1249	0.009985	-0.020539	-0.053052
1250	0.015374	-0.023374	-0.050646
1251	0.018753	-0.012895	-0.047969
1252	0.022400	-0.000545	-0.049209
1253	0.028135	-0.000702	-0.045931
1254	0.032234	0.002027	-0.045796
1255	0.033651	-0.000310	-0.045717
1256	0.036515	-0.006806	-0.044098
1257	0.035386	0.006845	-0.043721
1258	0.032134	0.005274	-0.043748
1259	0.030066	-0.001451	-0.046410
1260	0.028554	-0.017487	-0.042963
1261	0.026024	-0.004828	-0.039521
1262	0.024537	-0.005575	-0.039044
1263	0.029519	0.013617	-0.037365
1264	0.032825	0.011716	-0.033547
1265	0.034426	0.000716	-0.031273
1266	0.034618	0.004132	-0.030495
1267	0.037648	0.006001	-0.028609
1268	0.034745	-0.010987	-0.030834
1269	0.039228	-0.000780	-0.032856
1270	0.039375	0.003564	-0.036448
1271	0.037820	0.010990	-0.037807
1272	0.035719	-0.006861	-0.043094
1273	0.038001	0.003113	-0.040196
1274	0.039010	0.011600	-0.038080
1275	0.041988	0.019212	-0.030476
1276	0.049002	0.017989	-0.024109
1277	0.054710	0.020684	-0.020126
1278	0.054915	0.023271	-0.017061
1279	0.052767	0.024887	-0.017256
1280	0.050964	0.029186	-0.015709
1281	0.047705	0.025768	-0.016842
1282	0.048726	0.026599	-0.017335
1283	0.042770	0.014704	-0.011238
1284	0.043071	0.017542	-0.014870
1285	0.044854	0.003518	-0.017567
1286	0.040239	0.004496	-0.017326
1287	0.034787	-0.000610	-0.019378
1288	0.031478	-0.004506	-0.011160
1289	0.032931	0.000982	-0.008235
1290	0.038155	-0.010781	-0.000011
1291	0.040558	-0.002371	0.001824
1292	0.039103	0.003580	0.006611
1293	0.034981	0.006836	0.008800
1294	0.031295	-0.001692	0.013723
1295	0.029950	0.004837	0.020235
1296	0.025485	0.012808	0.025695
1297	0.022835	0.013884	0.031133
1298	0.016728	0.028205	0.032280
1299	0.013926	0.009380	0.029769
1300	0.009428	-0.007288	0.029907
1301	0.008739	-0.001564	0.034119
1302	0.009662	0.006249	0.037231
1303	0.014514	-0.010293	0.039894
1304	0.016479	-0.015546	0.039098
1305	0.016791	-0.000085	0.039010
1306	0.016760	0.009829	0.037137
1307	0.016345	0.015340	0.039785
1308	0.016202	-0.005473	0.040564
1309	0.014457	-0.008120	0.040551
1310	0.014866	-0.010959	0.036644
1311	0.016641	-0.022291	0.032307
1312	0.022265	-0.000562	0.028847
1313	0.027037	0.000948	0.028545
1314	0.031648	-0.012910	0.021604
1315	0.037111	-0.022375	0.019920
1316	0.038657	-0.009409	0.015765
1317	0.041383	0.001501	0.009308
1318	0.047599	-0.004611	0.004836
1319	0.047876	0.006307	0.000084
1320	0.049287	-0.013019	-0.007186
1321	0.045392	-0.018300	-0.016816
1322	0.045067	-0.014054	-0.023657
1323	0.038834	-0.003441	-0.029292
1324	0.037553	0.001670	-0.034021
1325	0.035710	-0.007441	-0.032403
1326	0.035080	-0.011965	-0.030471
1327	0.027085	-0.009285	-0.035193
1328	0.025737	-0.004012	-0.041302
1329	0.023590	-0.010747	-0.040048
1330	0.021509	0.002798	-0.035399
1331	0.019468	-0.005171	-0.034160
1332	0.020284	-0.012283	-0.035341
1333	0.022969	-0.021342	-0.032219
1334	0.024948	0.002428	-0.030769
1335	0.026940	-0.009854	-0.028041
1336	0.028913	-0.017549	-0.024366
1337	0.033552	0.000555	-0.023132
1338	0.038329	-0.002648	-0.018100
1339	0.040191	-0.017041	-0.013439
1340	0.042619	-0.015433	-0.014889
1341	0.041433	0.007881	-0.016612
1342	0.046405	-0.013640	-0.016945
1343	0.051447	0.003060	-0.017485
1344	0.056108	-0.002642	-0.014018
1345	0.056221	-0.011458	-0.015295
1346	0.053048	-0.006342	-0.013705
1347	0.055535	-0.022807	-0.012031
1348	0.055737	-0.001654	-0.015185
1349	0.054530	-0.006763	-0.013467
1350	0.056459	-0.011663	-0.007823
1351	0.059792	-0.021062	-0.004773
1352	0.059962	-0.017093	-0.003453
1353	0.055685	-0.000353	-0.001986
1354	0.052335	0.008232	0.004212
1355	0.047819	0.006831	0.001521
1356	0.046500	0.011972	-0.000928
1357	0.043592	0.010167	0.000249
1358	0.042692	0.010375	-0.000047
1359	0.038333	0.001589	0.002427
1360	0.031335	-0.005914	0.005013
1361	0.027226	-0.016139	0.006964
1362	0.023467	-0.027814	0.004054
1363	0.016091	-0.011146	0.006448
1364	0.008869	-0.018820	0.003566
1365	0.005599	-0.009987	0.002855
1366	0.005434	-0.014239	0.008114
1367	0.007977	-0.007999	0.007063
1368	0.008047	0.006147	0.008769
1369	0.008326	0.008331	0.008642
1370	0.013135	0.001804	0.011840
1371	0.016040	0.004963	0.008546
1372	0.012289	0.007092	0.006040
1373	0.011641	0.006129	0.003354
1374	0.013233	0.001856	0.003689
1375	0.013817	-0.000577	0.004811
1376	0.009551	-0.008012	-0.000437
1377	0.005882	-0.008993	-0.002322
1378	-0.001464	0.000237	-0.000141
1379	-0.004880	-0.008927	-0.000584
1380	-0.009152	-0.001643	0.001013
1381	-0.005287	-0.002481	-0.001581
1382	-0.002666	-0.003221	-0.006398
1383	-0.004562	-0.001710	-0.007745
1384	0.000403	-0.015725	-0.008974
1385	0.000675	-0.003514	-0.014007
1386	0.002253	-0.009161	-0.012910
1387	0.001752	-0.006976	-0.013110
1388	0.008027	-0.011232	-0.015068
1389	0.010768	-0.020893	-0.014209
1390	0.013191	-0.014058	-0.011130
1391	0.011630	-0.002994	-0.014960
1392	0.018781	0.001559	-0.017111
1393	0.027434	-0.011505	-0.023078
1394	0.034998	-0.014286	-0.027516
1395	0.037554	-0.002448	-0.030830
1396	0.037855	0.008515	-0.036426
1397	0.036311	-0.002388	-0.041190
1398	0.034305	0.005327	-0.044631
1399	0.029994	-0.002703	-0.046244
1400	0.029004	-0.008021	-0.047270
1401	0.028552	-0.018600	-0.047306
1402	0.022731	-0.005114	-0.045574
1403	0.020334	0.011367	-0.043829
1404	0.017461	-0.002555	-0.048114
1405	0.015991	-0.008658	-0.043876
1406	0.011237	0.001146	-0.042422
1407	0.009218	-0.008089	-0.039938
1408	0.005028	-0.004357	-0.043481
1409	0.003844	-0.018638	-0.044453
1410	0.002789	-0.016295	-0.049536
1411	0.008538	-0.016606	-0.050618
1412	0.012971	-0.020448	-0.053653
1413	0.011925	-0.001019	-0.052646
1414	0.007971	-0.007492	-0.051617
1415	0.001109	-0.000362	-0.047609
1416	-0.002552	0.019715	-0.048896
1417	-0.007568	0.027181	-0.047561
1418	-0.013559	0.003139	-0.049892
1419	-0.015105	0.003368	-0.047410
1420	-0.015016	0.011278	-0.044522
1421	-0.020803	0.020293	-0.049313
1422	-0.025869	0.001435	-0.046309
1423	-0.032378	-0.000624	-0.045023
1424	-0.039260	-0.004183	-0.041725
1425	-0.049975	0.002829	-0.037236
1426	-0.053914	0.020025	-0.029326
1427	-0.055096	0.027677	-0.023448
1428	-0.051314	0.024921	-0.019439
1429	-0.044802	0.029001	-0.017102
1430	-0.037722	0.015539	-0.014128
1431	-0.034523	0.013126	-0.011534
1432	-0.029096	-0.016613	-0.006788
1433	-0.028984	-0.022325	-0.002865
1434	-0.027430	-0.027573	-0.003405
1435	-0.025698	-0.008904	-0.004187
1436	-0.019071	-0.015540	-0.006354
1437	-0.009644	-0.006487	-0.002706
1438	-0.003934	0.009232	-0.003020
1439	-0.003478	-0.013675	0.000225
1440	-0.004124	-0.004540	0.001772
1441	-0.003353	-0.002187	0.002404
1442	0.001077	0.004935	0.011204
1443	0.003655	-0.005319	0.014854
1444	0.000685	0.004184	0.014475
1445	-0.002706	-0.004041	0.021396
1446	-0.003198	0.002763	0.034145
1447	-0.000148	-0.006242	0.041913
1448	0.002863	0.010058	0.044763
1449	0.004622	0.003089	0.046594
1450	0.009135	-0.003116	0.046037
1451	0.011559	0.000102	0.040084
1452	0.012045	-0.005276	0.033345
1453	0.010616	-0.010733	0.028262
1454	0.007075	-0.005522	0.024428
1455	0.005973	-0.004551	0.023139
1456	0.003523	0.003750	0.020095
1457	0.003364	0.005090	0.020826
1458	-0.000257	-0.011426	0.013719
1459	-0.002776	-0.002355	0.017566
1460	-0.005625	0.003641	0.017191
1461	-0.013418	0.001953	0.018494
1462	-0.020026	-0.002088	0.011461
1463	-0.024532	0.009834	0.007274
1464	-0.033087	-0.001631	0.004413
1465	-0.039132	0.003758	0.001438
1466	-0.038323	0.002447	-0.002327
1467	-0.037208	0.006484	-0.003671
1468	-0.030916	-0.002290	-0.007721
1469	-0.025072	-0.014846	-0.011783
1470	-0.022329	0.000483	-0.016580
1471	-0.020949	-0.007523	-0.022867
1472	-0.022955	-0.003935	-0.026855
1473	-0.015697	0.005397	-0.029312
1474	-0.009385	-0.005854	-0.032149
1475	-0.003117	-0.007780	-0.035231
1476	0.000163	-0.004225	-0.037983
1477	0.005561	-0.009153	-0.036412
1478	0.013014	-0.014279	-0.036407
1479	0.017637	-0.031839	-0.036321
1480	0.019416	-0.030242	-0.034841
1481	0.020367	-0.013716	-0.039907
1482	0.020374	-0.029915	-0.044266
1483	0.016881	-0.007833	-0.044630
1484	0.014151	-0.019336	-0.047726
1485	0.008203	-0.027469	-0.045512
1486	0.004198	-0.010185	-0.043950
1487	0.000423	-0.006504	-0.039993
1488	-0.004774	0.002053	-0.038836
1489	-0.006568	0.010856	-0.038736
1490	-0.011117	-0.002392	-0.036098
1491	-0.011182	0.017696	-0.040197
1492	-0.013006	0.000313	-0.037500
1493	-0.013045	-0.014988	-0.035918
1494	-0.018726	0.000581	-0.034423
1495	-0.019041	-0.011591	-0.035703
1496	-0.016140	-0.011613	-0.034947
1497	-0.014216	-0.014390	-0.033526
1498	-0.010437	0.001757	-0.033713
1499	-0.004344	0.000131	-0.031652
1500	-0.004943	-0.005166	-0.028820
1501	-0.003138	-0.002841	-0.028329
1502	-0.001056	-0.022256	-0.026194
1503	0.000671	-0.002846	-0.022312
1504	0.003099	0.002745	-0.022991
1505	0.003112	0.005237	-0.021878
1506	0.004115	-0.018658	-0.022948
1507	0.006658	-0.020058	-0.026746
1508	0.013396	-0.013614	-0.027876
1509	0.018882	0.000173	-0.032634
1510	0.028122	-0.007238	-0.032497
1511	0.029966	-0.003350	-0.028375
1512	0.026113	0.003931	-0.023112
1513	0.022682	-0.003060	-0.016875
1514	0.018229	0.012912	-0.017725
1515	0.023253	0.010167	-0.010230
1516	0.027293	0.003629	-0.007016
1517	0.030229	-0.027422	-0.005588
1518	0.037035	-0.038624	-0.006923
1519	0.042132	-0.032798	-0.005561
1520	0.048935	-0.016078	-0.001461
1521	0.050186	-0.022135	0.003054
1522	0.049290	-0.009425	0.005706
1523	0.049006	-0.011933	0.007757
1524	0.051472	0.000332	0.011050
1525	0.049604	-0.002554	0.011326
1526	0.049326	0.009479	0.016238
1527	0.052815	0.025654	0.019342
1528	0.053688	0.013991	0.019235
1529	0.049671	0.009816	0.017909
1530	0.047716	0.004132	0.020759
1531	0.044003	-0.001945	0.019474
1532	0.042333	0.011915	0.021950
1533	0.037701	0.000578	0.023364
1534	0.038947	-0.000382	0.026182
1535	0.037701	-0.003899	0.037125
1536	0.033797	-0.004909	0.037766
1537	0.035892	-0.004129	0.042573
1538	0.031418	0.011195	0.045523
1539	0.029725	-0.005596	0.052333
1540	0.026070	0.002488	0.056827
1541	0.025543	0.004179	0.058908
1542	0.024001	0.006859	0.057231
1543	0.016291	-0.006593	0.058297
1544	0.009178	0.003707	0.059157
1545	0.006962	0.003283	0.060700
1546	0.004499	-0.002696	0.058759
1547	0.007371	0.014173	0.058701
1548	0.007712	0.010832	0.058275
1549	0.008752	0.012208	0.060014
1550	0.007519	0.001087	0.063151
1551	0.007136	0.016778	0.061759
1552	0.008123	0.021592	0.063191
1553	0.007886	0.018831	0.063294
1554	0.007888	-0.004006	0.062840
1555	0.005218	0.003154	0.061757
1556	0.005821	0.015423	0.063371
1557	0.004228	-0.003868	0.062272
1558	0.000766	-0.017563	0.064105
1559	0.001525	-0.008446	0.059808
1560	-0.000928	-0.014653	0.056531
1561	-0.001578	-0.009550	0.051983
1562	-0.002884	-0.008521	0.047243
1563	0.001413	-0.010777	0.042196
1564	0.007429	-0.010226	0.039663
1565	0.015857	-0.044483	0.038648
1566	0.022244	-0.039671	0.033951
1567	0.025605	-0.032435	0.035997
1568	0.033376	-0.027408	0.033918
1569	0.041970	-0.022940	0.031583
1570	0.043640	-0.025451	0.029144
1571	0.046362	-0.010355	0.023971
1572	0.049063	0.000781	0.020465
1573	0.051323	-0.009131	0.016213
1574	0.052074	-0.008482	0.012708
1575	0.046498	-0.004317	0.016539
1576	0.043556	-0.017756	0.013207
1577	0.044047	-0.021124	0.013013
1578	0.043322	-0.009692	0.007823
1579	0.043472	0.004302	0.007295
1580	0.045305	0.001397	0.007066
1581	0.049525	0.009720	0.006992
1582	0.047979	0.007622	0.006621
1583	0.049987	-0.002205	0.010120
1584	0.047919	0.008051	0.009541
1585	0.050634	0.012579	0.005207
1586	0.052685	0.018244	0.006025
1587	0.048593	0.008123	0.007147
1588	0.047372	0.018067	0.011175
1589	0.049571	0.029633	0.014783
1590	0.048693	0.030433	0.016532
1591	0.053327	0.029406	0.018319
1592	0.052045	0.016788	0.021712
1593	0.055186	0.002463	0.025576
1594	0.050807	0.013655	0.031289
1595	0.049944	0.017816	0.031926
1596	0.050836	0.011467	0.030544
1597	0.049694	0.011510	0.035737
1598	0.046007	-0.009195	0.035110
1599	0.043507	0.000313	0.032161
1600	0.047374	-0.015994	0.031257
1601	0.048855	-0.021336	0.035155
1602	0.050025	-0.000511	0.030974
1603	0.052937	0.007319	0.031258
1604	0.055155	-0.009807	0.031222
1605	0.057860	-0.003730	0.030583
1606	0.059131	-0.011133	0.025527
1607	0.058076	0.004403	0.021979
1608	0.056422	-0.012076	0.016352
1609	0.056015	0.001482	0.013421
1610	0.051155	0.008855	0.010916
1611	0.048774	-0.018264	0.010460
1612	0.047957	-0.017947	0.011827
1613	0.042092	-0.011316	0.007812
1614	0.037960	-0.013722	0.006124
1615	0.031273	-0.001557	0.002929
1616	0.025667	-0.015065	0.005992
1617	0.021858	-0.007928	0.005498
1618	0.022756	-0.000214	0.006542
1619	0.026561	0.000304	0.010861
1620	0.028046	0.011509	0.015816
1621	0.018956	-0.001993	0.014395
1622	0.019045	-0.002349	0.013539
1623	0.014775	0.007709	0.010235
1624	0.011565	0.015981	0.009168
1625	0.012619	0.006691	0.011366
1626	0.005717	-0.001224	0.009804
1627	0.006740	-0.007067	0.008779
1628	0.005156	-0.012361	0.011385
1629	0.002587	0.006886	0.007564
1630	0.000744	0.008246	0.007154
1631	0.000177	0.024803	0.012550
1632	0.001176	0.021279	0.011916
1633	0.000913	0.005044	0.010634
1634	0.002489	-0.005623	0.011439
1635	-0.000474	-0.006142	0.013534
1636	-0.005223	-0.002534	0.016997
1637	-0.002959	-0.006381	0.014823
1638	0.000487	-0.005067	0.013267
1639	0.002932	-0.011501	0.013238
1640	0.002407	-0.027257	0.011228
1641	-0.000354	-0.017900	0.007983
1642	-0.004377	0.003832	0.005897
1643	-0.004958	0.014370	0.002403
1644	-0.000133	-0.004385	0.000114
1645	0.006621	0.005082	0.006042
1646	0.010674	0.017744	0.006273
1647	0.018941	0.022914	0.004134
1648	0.016505	0.031366	0.003964
1649	0.014653	0.031649	0.003012
1650	0.013888	0.016868	-0.002203
1651	0.013747	0.010648	-0.000622
1652	0.017324	-0.000346	0.003744
1653	0.013242	0.001630	0.005673
1654	0.016986	0.022473	0.008887
1655	0.020292	0.019520	0.015767
1656	0.018552	0.027874	0.023168
1657	0.018281	0.024811	0.027373
1658	0.019549	0.008812	0.028927
1659	0.017693	-0.013683	0.033210
1660	0.017594	-0.006521	0.037685
1661	0.020033	-0.008659	0.037171
1662	0.016988	-0.008014	0.039443
1663	0.012750	-0.007824	0.039842
1664	0.010675	-0.006907	0.040572
1665	0.013788	-0.006301	0.045631
1666	0.015167	0.022743	0.051586
1667	0.014027	0.002978	0.053674
1668	0.012306	0.012463	0.052742
1669	0.012762	0.001285	0.047869
1670	0.014338	0.001789	0.044937
1671	0.014316	-0.009135	0.041137
1672	0.017864	-0.008192	0.039735
1673	0.019110	-0.011995	0.032369
1674	0.020074	-0.013980	0.024505
1675	0.023874	-0.005277	0.024856
1676	0.022946	0.005529	0.020167
1677	0.024043	-0.005522	0.014321
1678	0.024129	-0.019546	0.011600
1679	0.021732	0.005697	0.008359
1680	0.016129	0.002487	0.008741
1681	0.008762	-0.009447	0.007322
1682	0.000074	-0.012064	0.003907
1683	-0.005759	-0.005852	0.001438
1684	-0.008235	-0.006727	0.002381
1685	-0.013430	-0.000133	0.005247
1686	-0.013421	0.007146	0.003017
1687	-0.013750	0.003219	0.001204
1688	-0.016032	-0.001619	0.000869
1689	-0.011472	0.000996	-0.000138
1690	-0.009478	0.010688	-0.000565
1691	-0.008028	0.003178	-0.003943
1692	-0.008960	-0.011536	-0.008523
1693	-0.011208	-0.016092	-0.011612
1694	-0.010634	-0.003189	-0.018809
1695	-0.013155	0.003748	-0.024704
1696	-0.014975	0.012009	-0.030254
1697	-0.017998	0.007932	-0.037638
1698	-0.016107	0.006568	-0.043727
1699	-0.016448	0.013671	-0.050991
1700	-0.014174	-0.003353	-0.055747
1701	-0.014649	0.023708	-0.061006
1702	-0.019835	0.010021	-0.065116
1703	-0.020047	0.005691	-0.071872
1704	-0.023426	0.021444	-0.071243
1705	-0.027136	0.004734	-0.070037
1706	-0.034085	0.002045	-0.069395
1707	-0.036078	-0.001410	-0.064518
1708	-0.039332	-0.011692	-0.068024
1709	-0.038460	-0.009428	-0.064380
1710	-0.038723	-0.015243	-0.062288
1711	-0.040460	0.004636	-0.057364
1712	-0.045272	-0.002957	-0.053237
1713	-0.048806	0.015046	-0.053833
1714	-0.053322	0.013817	-0.047828
1715	-0.051011	0.012119	-0.043691
1716	-0.044869	0.012610	-0.034109
1717	-0.040028	0.017212	-0.029546
1718	-0.039491	0.012469	-0.030576
1719	-0.039298	0.010244	-0.026715
1720	-0.034612	-0.012515	-0.023770
1721	-0.035387	-0.022696	-0.025650
1722	-0.034241	-0.019397	-0.024734
1723	-0.033780	-0.024234	-0.023762
1724	-0.034452	-0.007833	-0.022705
1725	-0.035175	-0.014929	-0.023789
1726	-0.033662	-0.003823	-0.014991
1727	-0.035129	-0.003093	-0.012144
1728	-0.038921	-0.001800	-0.011241
1729	-0.036638	0.008341	-0.009574
1730	-0.036906	0.004502	-0.007538
1731	-0.040047	0.000193	-0.006522
1732	-0.039710	-0.005052	-0.004527
1733	-0.041108	-0.004568	-0.002321
1734	-0.039299	0.002056	0.002695
1735	-0.035686	-0.004598	0.003963
1736	-0.026112	-0.009449	0.011233
1737	-0.024256	-0.014898	0.014791
1738	-0.021480	-0.016158	0.012759
1739	-0.020117	-0.004621	0.013409
1740	-0.016155	0.000796	0.019400
1741	-0.017309	-0.013689	0.020336
1742	-0.013919	0.005323	0.020991
1743	-0.011699	-0.017265	0.023652
1744	-0.009162	-0.011778	0.025687
1745	-0.010469	-0.004754	0.026320
1746	-0.010239	-0.012437	0.031720
1747	-0.004720	-0.012008	0.032266
1748	-0.002994	0.001141	0.035307
1749	0.000374	-0.004271	0.038882
1750	-0.002584	-0.002287	0.041245
1751	-0.004477	-0.017662	0.043235
1752	-0.005500	-0.007637	0.046100
1753	-0.009630	-0.001083	0.044719
1754	-0.009417	0.020080	0.039944
1755	-0.007672	0.015323	0.035696
1756	-0.014957	0.005669	0.038662
1757	-0.016425	0.004527	0.036972
1758	-0.018279	0.001647	0.037946
1759	-0.016658	0.001439	0.033574
1760	-0.016997	0.023778	0.031017
1761	-0.019782	0.014221	0.029848
1762	-0.022617	0.003408	0.026662
1763	-0.020136	0.000411	0.024597
1764	-0.018240	-0.000496	0.021072
1765	-0.016581	0.004895	0.019867
1766	-0.021172	0.008571	0.017520
1767	-0.020340	0.004141	0.016053
1768	-0.015312	0.003625	0.013241
1769	-0.012626	-0.008018	0.008586
1770	-0.009929	-0.019190	0.009481
1771	-0.007116	-0.004165	0.007126
1772	-0.006944	-0.015023	0.003723
1773	-0.014833	-0.010662	0.001238
1774	-0.022550	-0.006465	0.000607
1775	-0.025881	-0.008070	0.000179
1776	-0.027336	-0.008754	0.002360
1777	-0.028435	-0.007370	-0.001172
1778	-0.029313	-0.006814	-0.000742
1779	-0.028385	-0.009576	-0.004725
1780	-0.022987	-0.020676	-0.011363
1781	-0.022422	-0.005582	-0.013092
1782	-0.014604	0.000167	-0.015483
1783	-0.006684	0.007509	-0.019201
1784	-0.000840	0.009421	-0.024103
1785	0.004408	0.006796	-0.026450
1786	0.008130	0.000467	-0.025597
1787	0.015513	-0.000316	-0.028662
1788	0.019368	-0.002654	-0.031377
1789	0.024377	-0.005729	-0.032834
1790	0.032397	-0.003621	-0.033130
1791	0.037862	0.000873	-0.031339
1792	0.036905	0.003759	-0.032263
1793	0.034852	-0.001712	-0.033769
1794	0.033009	0.001546	-0.032064
1795	0.032017	0.011770	-0.038351
1796	0.033800	0.007156	-0.036781
1797	0.034732	0.001206	-0.037039
1798	0.037449	-0.008521	-0.039380
1799	0.040539	0.006922	-0.036309
1800	0.041046	-0.004457	-0.031211
1801	0.045435	-0.004667	-0.025542
1802	0.047335	-0.013098	-0.022133
1803	0.048418	-0.008935	-0.017945
1804	0.046981	-0.000422	-0.014685
1805	0.044044	0.001300	-0.007736
1806	0.043943	0.002417	-0.003967
1807	0.045399	0.008622	0.001058
1808	0.042019	0.010028	0.000248
1809	0.035289	0.008595	0.005213
1810	0.032816	0.000106	0.002865
1811	0.034225	-0.013467	0.002835
1812	0.029707	-0.025791	-0.000121
1813	0.025785	-0.032266	-0.003276
1814	0.026524	-0.034197	-0.004339
1815	0.029818	-0.028332	-0.007436
1816	0.031416	-0.012257	-0.011750
1817	0.029658	0.011006	-0.017820
1818	0.027262	0.021181	-0.020527
1819	0.022613	0.016782	-0.023494
1820	0.018043	0.004099	-0.028138
1821	0.011128	-0.007658	-0.030474
1822	0.005650	-0.018131	-0.032961
1823	0.002375	-0.007774	-0.032996
1824	-0.003339	-0.015022	-0.038907
1825	-0.007815	-0.005889	-0.041713
1826	-0.010278	-0.005100	-0.040985
1827	-0.008495	-0.003375	-0.041879
1828	-0.008403	0.003392	-0.040805
1829	-0.002909	0.009133	-0.042645
1830	0.005526	-0.003626	-0.038710
1831	0.012675	-0.001426	-0.035426
1832	0.013496	0.007123	-0.026785
1833	0.010227	-0.009949	-0.019160
1834	0.006356	-0.009901	-0.015451
1835	0.003643	-0.015155	-0.007044
1836	0.006320	0.001574	0.000008
1837	0.007219	-0.007586	0.005799
1838	0.006662	-0.012648	0.014201
1839	0.003818	0.015928	0.017626
1840	0.001713	0.022780	0.021613
1841	-0.003881	0.001176	0.024667
1842	-0.007029	0.009825	0.029183
1843	-0.013201	0.012358	0.030625
1844	-0.021316	0.005903	0.030599
1845	-0.029590	0.002450	0.027467
1846	-0.029994	0.003434	0.024609
1847	-0.029992	0.009573	0.024014
1848	-0.030668	-0.016266	0.017339
1849	-0.031669	-0.003938	0.013556
1850	-0.032445	0.000286	0.009853
1851	-0.032830	0.003841	0.008100
1852	-0.037604	-0.001676	0.007498
1853	-0.037770	-0.002510	0.004615
1854	-0.036673	0.009149	0.005535
1855	-0.038100	0.007522	0.005036
1856	-0.036970	-0.005825	0.005546
1857	-0.032276	-0.006852	0.008317
1858	-0.027492	0.004483	0.010366
1859	-0.027488	0.009335	0.010065
1860	-0.029560	0.014021	0.014336
1861	-0.035255	0.004362	0.015159
1862	-0.039593	0.000517	0.018122
1863	-0.045825	0.008429	0.014233
1864	-0.053017	-0.008266	0.012817
1865	-0.056355	-0.017956	0.012740
1866	-0.060107	-0.017261	0.011832
1867	-0.059180	-0.012826	0.014822
1868	-0.058500	-0.008181	0.013066
1869	-0.059805	-0.016520	0.012990
1870	-0.060963	0.000368	0.007200
1871	-0.060141	-0.007334	0.005621
1872	-0.057069	-0.016813	0.003881
1873	-0.051024	-0.005474	0.006223
1874	-0.043739	-0.018300	0.012938
1875	-0.040553	-0.024990	0.015634
1876	-0.037771	-0.000784	0.021329
1877	-0.035234	-0.007344	0.023471
1878	-0.034693	0.008665	0.030347
1879	-0.038890	-0.020830	0.038587
1880	-0.040693	-0.025851	0.038639
1881	-0.041419	-0.035368	0.040383
1882	-0.037701	-0.006358	0.039263
1883	-0.034098	0.003932	0.032797
1884	-0.032569	0.003362	0.030265
1885	-0.029150	-0.001062	0.029432
1886	-0.028073	0.001907	0.031138
1887	-0.025954	-0.003842	0.029300
1888	-0.025150	-0.004511	0.029425
1889	-0.028771	0.003233	0.029628
1890	-0.033395	-0.005856	0.029243
1891	-0.035626	-0.007184	0.029509
1892	-0.032603	-0.013398	0.022512
1893	-0.029046	-0.017448	0.021979
1894	-0.023986	-0.020441	0.023887
1895	-0.018309	-0.009834	0.032211
1896	-0.017748	-0.011383	0.030504
1897	-0.016337	0.001148	0.026394
1898	-0.020760	0.009092	0.022539
1899	-0.024049	-0.004660	0.020873
1900	-0.030290	0.003140	0.018919
1901	-0.032179	0.015721	0.019957
1902	-0.029703	-0.012393	0.018155
1903	-0.029699	-0.006978	0.016689
1904	-0.027835	-0.009665	0.016138
1905	-0.024532	-0.026868	0.019202
1906	-0.021140	-0.011419	0.027772
1907	-0.020442	-0.010469	0.030804
1908	-0.022105	-0.008687	0.032969
1909	-0.020714	-0.015294	0.032646
1910	-0.020707	0.001802	0.027899
1911	-0.012363	-0.005037	0.023131
1912	-0.009157	-0.006428	0.022682
1913	-0.008089	-0.003773	0.019954
1914	-0.006265	-0.012490	0.016906
1915	0.000984	-0.020286	0.014082
1916	0.007020	-0.011795	0.014904
1917	0.005138	-0.018698	0.012132
1918	0.003139	-0.016613	0.013301
1919	0.003405	-0.013552	0.015818
1920	0.003216	-0.006612	0.016139
1921	0.009756	0.003025	0.016819
1922	0.011642	-0.002732	0.018616
1923	0.013473	0.008055	0.019555
1924	0.015508	0.013752	0.019238
1925	0.014202	-0.012858	0.020141
1926	0.007726	-0.019070	0.019363
1927	0.001433	-0.013339	0.016555
1928	0.000564	-0.012911	0.016716
1929	0.003817	-0.013695	0.017534
1930	0.005220	-0.009462	0.011706
1931	0.010123	0.002260	0.007249
1932	0.014310	0.005408	0.004448
1933	0.017796	0.010036	0.005119
1934	0.018796	0.014217	0.010130
1935	0.027372	0.014647	0.011670
1936	0.028905	-0.010721	0.011566
1937	0.030594	-0.010119	0.010766
1938	0.030584	-0.012737	0.009283
1939	0.033806	-0.019467	0.010303
1940	0.034870	-0.023609	0.009261
1941	0.034743	-0.031309	0.007451
1942	0.034034	-0.012073	0.004802
1943	0.032639	0.016551	0.002453
1944	0.032273	-0.009794	-0.004700
1945	0.027509	-0.010798	-0.006348
1946	0.021955	-0.015323	-0.011414
1947	0.019851	-0.006842	-0.015415
1948	0.015669	0.003437	-0.015376
1949	0.011739	0.003833	-0.016658
1950	0.005162	-0.004424	-0.020689
1951	0.000351	-0.020778	-0.022031
1952	-0.006974	-0.022398	-0.030667
1953	-0.011899	-0.018552	-0.033044
1954	-0.010870	-0.023562	-0.036851
1955	-0.006583	-0.001642	-0.039567
1956	0.003886	-0.004146	-0.039270
1957	0.009012	-0.015979	-0.040234
1958	0.017086	-0.004331	-0.036929
1959	0.023004	0.002998	-0.039888
1960	0.030128	-0.004223	-0.039828
1961	0.037417	-0.007297	-0.045262
1962	0.045450	-0.000019	-0.042218
1963	0.047153	0.003820	-0.038522
1964	0.052138	0.007977	-0.025373
1965	0.057035	0.007334	-0.017064
1966	0.065056	0.013183	-0.005891
1967	0.073256	0.009787	0.005300
1968	0.074115	0.024327	0.011382
1969	0.075193	0.007352	0.017642
1970	0.075664	0.011143	0.018618
1971	0.072878	-0.007473	0.021628
1972	0.070799	-0.004927	0.020709
1973	0.071440	-0.010095	0.018059
1974	0.071685	-0.005654	0.010793
1975	0.074681	-0.016507	0.007055
1976	0.080274	-0.021520	-0.002771
1977	0.085013	-0.001747	-0.003391
1978	0.084615	-0.009249	-0.004545
1979	0.077647	-0.009737	-0.000298
1980	0.068848	-0.016366	-0.000437
1981	0.065118	-0.008225	0.002895
1982	0.056943	-0.017146	0.005250
1983	0.047435	-0.019828	0.005919
1984	0.040083	-0.006467	0.007328
1985	0.032556	-0.019394	0.014480
1986	0.027794	-0.037998	0.019975
1987	0.023802	0.001772	0.026952
1988	0.016703	0.015526	0.029098
1989	0.009042	-0.011694	0.034178
1990	0.005329	0.008148	0.035023
1991	0.000508	0.010120	0.035936
1992	0.002490	0.002727	0.038103
1993	0.003274	0.007734	0.039703
1994	0.011072	0.015445	0.033911
1995	0.019187	0.001449	0.035447
1996	0.026712	0.005267	0.035359
1997	0.033102	-0.009969	0.030991
1998	0.039395	-0.007494	0.024246
1999	0.038225	-0.005617	0.020502
2000	0.037485	0.006949	0.014553
2001	0.033103	0.003140	0.010667
2002	0.032493	0.008042	0.006986
2003	0.031762	-0.001878	0.011217
2004	0.032347	-0.006357	0.008429
2005	0.031633	-0.007352	0.003449
2006	0.029840	-0.015557	0.001759
2007	0.031240	-0.003648	-0.005722
2008	0.032300	0.003491	-0.006775
2009	0.032247	-0.002471	-0.011635
2010	0.034663	-0.002621	-0.014426
2011	0.033481	-0.012126	-0.021192
2012	0.035498	-0.010356	-0.025393
2013	0.040528	-0.026746	-0.030423
2014	0.038422	-0.016438	-0.028946
2015	0.038408	0.016863	-0.029718
2016	0.032968	-0.002518	-0.030191
2017	0.029304	0.005496	-0.030496
2018	0.024204	-0.003727	-0.031176
2019	0.023606	-0.020799	-0.034718
2020	0.019698	0.015609	-0.039481
2021	0.015574	0.005613	-0.042144
2022	0.012702	0.015013	-0.044379
2023	0.009913	-0.000680	-0.044164
2024	0.011654	-0.021115	-0.045240
2025	0.009781	-0.002181	-0.044474
2026	0.008035	-0.010607	-0.047379
2027	0.011061	0.007239	-0.046330
2028	0.012362	0.020763	-0.046544
2029	0.010995	0.007673	-0.047718
2030	0.011519	0.008448	-0.049223
2031	0.008912	0.004610	-0.044359
2032	0.009684	0.011685	-0.039447
2033	0.009290	0.014894	-0.035187
2034	0.014177	0.013927	-0.033139
2035	0.014721	0.010669	-0.030860
2036	0.020290	0.004533	-0.031165
2037	0.022042	-0.006855	-0.025950
2038	0.021737	-0.006786	-0.023544
2039	0.019308	-0.017353	-0.017361
2040	0.018799	-0.024111	-0.013145
2041	0.014515	-0.015769	-0.008759
2042	0.019587	-0.013961	-0.003258
2043	0.023409	-0.023996	-0.000289
2044	0.028767	-0.009099	0.005801
2045	0.034271	-0.005574	0.008646
2046	0.035258	-0.003832	0.008944
2047	0.037802	0.008348	0.006621
2048	0.041234	0.015801	0.004628
2049	0.037685	0.013213	0.003048
2050	0.037808	0.012574	0.003663
2051	0.038458	0.002554	0.006863
2052	0.038337	-0.011248	0.009205
2053	0.039753	-0.022216	0.006550
2054	0.042348	-0.010791	0.002330
2055	0.049713	-0.015483	-0.000436
2056	0.053721	-0.004558	-0.004442
2057	0.057534	0.004673	-0.009606
2058	0.058648	0.017476	-0.013004
2059	0.062136	0.001731	-0.012938
2060	0.057642	-0.003687	-0.015145
2061	0.054192	0.005342	-0.014039
2062	0.049634	0.000578	-0.011176
2063	0.047646	-0.003936	-0.014832
2064	0.043994	-0.008321	-0.015122
2065	0.038527	-0.035134	-0.015456
2066	0.032705	-0.026569	-0.012813
2067	0.029187	-0.013439	-0.008755
2068	0.027769	-0.017570	-0.010531
2069	0.026832	0.001087	-0.011091
2070	0.026561	-0.004261	-0.007938
2071	0.021968	-0.010049	-0.008288
2072	0.015758	-0.006980	-0.005320
2073	0.012868	-0.009535	-0.003763
2074	0.001021	-0.018208	-0.001125
2075	-0.008663	-0.007015	-0.000220
2076	-0.016581	0.000609	0.000160
2077	-0.026258	0.000543	0.002113
2078	-0.035727	-0.000317	0.002809
2079	-0.046820	0.000386	0.000809
2080	-0.052575	-0.000169	-0.001782
2081	-0.060211	-0.019143	-0.004974
2082	-0.063617	-0.020604	-0.009729
2083	-0.068261	-0.026366	-0.011545
2084	-0.074931	-0.031739	-0.010449
2085	-0.083094	-0.003988	-0.011631
2086	-0.089012	-0.010193	-0.016509
2087	-0.094219	-0.006697	-0.023400
2088	-0.092269	-0.015749	-0.022581
2089	-0.093498	-0.005284	-0.022542
2090	-0.093915	0.003634	-0.023444
2091	-0.091962	-0.007830	-0.023056
2092	-0.085377	0.010599	-0.023748
2093	-0.074230	0.008222	-0.026717
2094	-0.070845	-0.003389	-0.026909
2095	-0.069264	-0.006170	-0.029326
2096	-0.067513	0.013367	-0.029270
2097	-0.064703	-0.000401	-0.028146
2098	-0.065188	-0.000952	-0.026170
2099	-0.063107	0.003907	-0.023751
2100	-0.062484	0.001116	-0.028369
2101	-0.061428	-0.010957	-0.027712
2102	-0.056876	-0.000210	-0.028160
2103	-0.055903	-0.008838	-0.032241
2104	-0.056670	0.001365	-0.040077
2105	-0.055962	-0.012254	-0.040744
2106	-0.056424	-0.011389	-0.040160
2107	-0.053225	-0.000602	-0.040903
2108	-0.051117	0.020862	-0.036301
2109	-0.043354	0.020252	-0.032238
2110	-0.040249	0.022559	-0.034021
2111	-0.030876	0.007277	-0.030847
2112	-0.025284	0.006965	-0.034886
2113	-0.018274	-0.014751	-0.042605
2114	-0.015647	0.002981	-0.043580
2115	-0.016165	-0.022461	-0.041143
2116	-0.017195	0.001129	-0.040759
2117	-0.016237	0.007023	-0.041637
2118	-0.016474	0.007800	-0.036794
2119	-0.017049	0.025820	-0.036775
2120	-0.021455	0.014595	-0.034145
2121	-0.022290	0.000475	-0.024659
2122	-0.020984	-0.011139	-0.015788
2123	-0.018634	-0.030948	-0.009887
2124	-0.019152	-0.021068	-0.005966
2125	-0.016379	-0.012201	0.000584
2126	-0.013017	-0.001661	0.004325
2127	-0.013488	-0.012101	0.007232
2128	-0.016297	-0.002643	0.006068
2129	-0.017017	-0.010041	0.005812
2130	-0.013636	-0.021639	0.011040
2131	-0.012117	-0.025654	0.013254
2132	-0.009811	-0.032254	0.015630
2133	-0.007193	-0.015461	0.022985
2134	-0.001201	-0.016285	0.023631
2135	-0.000421	-0.015778	0.024260
2136	-0.002242	-0.001408	0.027563
2137	0.000461	-0.020503	0.030587
2138	0.002888	-0.010684	0.032864
2139	0.001671	-0.008876	0.029063
2140	-0.002046	-0.018346	0.025667
2141	-0.007423	-0.004977	0.020957
2142	-0.013020	-0.009593	0.021685
2143	-0.021126	-0.011665	0.025256
2144	-0.024901	-0.004047	0.027923
2145	-0.026302	-0.005057	0.025067
2146	-0.028266	-0.017560	0.021847
2147	-0.026996	-0.003074	0.014969
2148	-0.024582	-0.008459	0.011507
2149	-0.023324	-0.011600	0.010574
2150	-0.020929	-0.013525	0.003434
2151	-0.020932	0.003015	-0.003182
2152	-0.025196	0.028355	-0.005424
2153	-0.035257	0.003480	-0.010291
2154	-0.037453	0.000835	-0.009090
2155	-0.041194	0.003737	-0.006108
2156	-0.045905	0.005904	-0.002669
2157	-0.049509	0.014797	0.001757
2158	-0.050008	0.006340	0.004328
2159	-0.048771	0.000179	0.011345
2160	-0.047278	-0.007818	0.011985
2161	-0.042315	-0.008224	0.012775
2162	-0.033825	0.004098	0.013229
2163	-0.025387	0.016941	0.011039
2164	-0.023403	0.014498	0.008650
2165	-0.020252	0.004269	0.002927
2166	-0.021119	0.023818	0.002952
2167	-0.024243	0.021878	-0.001732
2168	-0.025607	0.010497	-0.003574
2169	-0.022850	-0.004660	-0.003264
2170	-0.021109	-0.009371	-0.011978
2171	-0.020888	-0.022173	-0.017699
2172	-0.023351	0.001810	-0.026054
2173	-0.023627	0.004010	-0.026969
2174	-0.019291	0.018140	-0.029464
2175	-0.019609	-0.001950	-0.035685
2176	-0.020192	0.012989	-0.035196
2177	-0.020894	-0.003124	-0.037224
2178	-0.022305	0.006139	-0.040021
2179	-0.021960	-0.000297	-0.042533
2180	-0.018394	-0.006669	-0.049556
2181	-0.018121	-0.007775	-0.050022
2182	-0.017152	-0.010543	-0.047533
2183	-0.018927	0.004528	-0.042303
2184	-0.019192	-0.000916	-0.038773
2185	-0.018264	-0.003671	-0.033167
2186	-0.016417	-0.002851	-0.029035
2187	-0.015402	0.007048	-0.027193
2188	-0.013039	0.011174	-0.025432
2189	-0.012920	0.028712	-0.028492
2190	-0.014296	0.002258	-0.033778
2191	-0.019268	0.002115	-0.034762
2192	-0.023853	0.010621	-0.038591
2193	-0.026591	0.019541	-0.045069
2194	-0.028446	0.013481	-0.050125
2195	-0.027722	-0.001360	-0.053059
2196	-0.030008	-0.003934	-0.053457
2197	-0.027056	-0.000264	-0.051988
2198	-0.022230	0.006144	-0.053965
2199	-0.016019	-0.001778	-0.058001
2200	-0.008726	-0.013073	-0.058229
2201	-0.000062	-0.015857	-0.057908
2202	0.002492	-0.009923	-0.055176
2203	0.007640	-0.015443	-0.055929
2204	0.008030	-0.005950	-0.057288
2205	0.011196	-0.004374	-0.053545
2206	0.011044	0.007639	-0.049401
2207	0.014159	-0.002344	-0.049563
2208	0.013243	0.002595	-0.042315
2209	0.008591	-0.000762	-0.034575
2210	0.002371	0.001771	-0.028023
2211	-0.006375	0.007455	-0.021497
2212	-0.010813	-0.007468	-0.012717
2213	-0.016330	-0.004842	-0.004560
2214	-0.019337	0.000412	0.005091
2215	-0.022433	-0.000218	0.017048
2216	-0.024500	0.001178	0.022521
2217	-0.027870	-0.017137	0.026487
2218	-0.028860	0.000006	0.029517
2219	-0.030693	0.000394	0.032403
2220	-0.031621	0.004036	0.035520
2221	-0.032616	0.007195	0.040034
2222	-0.035547	0.016025	0.041139
2223	-0.037177	0.023479	0.042906
2224	-0.042272	0.010157	0.044374
2225	-0.039501	-0.000103	0.043723
2226	-0.044753	-0.010529	0.044858
2227	-0.044567	0.001536	0.042429
2228	-0.042814	0.006528	0.042471
2229	-0.033089	-0.008604	0.043096
2230	-0.031870	0.001615	0.038367
2231	-0.035206	-0.006143	0.035174
2232	-0.029147	-0.001561	0.034690
2233	-0.026872	0.010872	0.036109
2234	-0.029872	-0.007501	0.038314
2235	-0.033960	-0.016877	0.039806
2236	-0.034200	-0.020519	0.040433
2237	-0.035836	0.014903	0.041150
2238	-0.035388	0.013710	0.040262
2239	-0.035489	0.007866	0.037244
2240	-0.035435	0.002980	0.038197
2241	-0.031381	-0.005331	0.036012
2242	-0.032534	-0.007571	0.044151
2243	-0.036206	-0.017984	0.038901
2244	-0.044258	-0.017387	0.039321
2245	-0.048495	-0.019077	0.039523
2246	-0.055538	-0.004767	0.037997
2247	-0.062027	0.002437	0.034714
2248	-0.068537	0.012276	0.034182
2249	-0.074049	0.015023	0.034651
2250	-0.072277	0.007987	0.036171
2251	-0.068656	0.004102	0.038068
2252	-0.062482	-0.003881	0.039385
2253	-0.059744	-0.024568	0.038294
2254	-0.054527	-0.006472	0.035810
2255	-0.053983	-0.003509	0.036113
2256	-0.052582	0.003992	0.035364
2257	-0.058177	0.003954	0.040379
2258	-0.062358	0.015884	0.044461
2259	-0.064945	0.012675	0.041863
2260	-0.067461	0.009321	0.037744
2261	-0.065689	0.004133	0.033781
2262	-0.065000	0.023898	0.027661
2263	-0.059580	0.022128	0.026420
2264	-0.054735	0.019908	0.024958
2265	-0.050608	0.017391	0.022919
2266	-0.049802	0.019884	0.015943
2267	-0.048254	0.016684	0.010663
2268	-0.042342	0.019058	0.009525
2269	-0.032912	0.016845	0.004714
2270	-0.021701	0.015519	0.005574
2271	-0.016610	0.020240	0.009843
2272	-0.012928	-0.005780	0.014378
2273	-0.007121	0.006507	0.017191
2274	-0.010025	-0.007594	0.021032
2275	-0.007218	-0.015767	0.020318
2276	-0.004896	-0.027359	0.020656
2277	-0.005636	-0.024236	0.017108
2278	-0.005803	-0.014843	0.016501
2279	-0.000804	0.002323	0.014698
2280	0.007314	-0.000676	0.012697
2281	0.008525	0.009250	0.013196
2282	0.010309	0.014870	0.013269
2283	0.011565	0.009828	0.013021
2284	0.015005	0.007642	0.016614
2285	0.018462	0.012671	0.021742
2286	0.014854	0.007207	0.027491
2287	0.012266	-0.007496	0.030669
2288	0.010459	-0.002227	0.032151
2289	0.010231	-0.007275	0.034295
2290	0.017545	0.003481	0.039132
2291	0.026105	0.015223	0.041591
2292	0.030721	0.006463	0.052160
2293	0.036847	-0.011153	0.054866
2294	0.041966	0.010043	0.062507
2295	0.044410	0.009613	0.069613
2296	0.049601	0.011645	0.069504
2297	0.045408	0.006902	0.067388
2298	0.041957	0.007575	0.062275
2299	0.036952	-0.004363	0.059530
2300	0.032004	-0.001522	0.054878
2301	0.027961	-0.009803	0.053048
2302	0.024866	-0.022943	0.054994
2303	0.020695	-0.010989	0.052794
2304	0.021174	-0.016419	0.050099
2305	0.018432	-0.002706	0.053899
2306	0.017714	0.006156	0.056586
2307	0.017975	0.027090	0.065052
2308	0.022283	0.020117	0.067136
2309	0.024845	0.014185	0.068446
2310	0.029775	0.011800	0.067684
2311	0.025173	0.020369	0.068901
2312	0.022571	0.012194	0.069034
2313	0.024166	0.015862	0.068582
2314	0.026137	-0.000020	0.062874
2315	0.024212	0.007587	0.064710
2316	0.021636	-0.005505	0.059048
2317	0.022120	-0.005620	0.054412
2318	0.020381	-0.003791	0.052406
2319	0.017873	-0.005281	0.051268
2320	0.017607	-0.001547	0.051134
2321	0.021931	-0.004631	0.054375
2322	0.021695	0.000392	0.054582
2323	0.019733	-0.007416	0.054927
2324	0.016860	0.002001	0.046239
2325	0.017523	0.004924	0.039493
2326	0.018815	0.007112	0.029311
2327	0.023857	0.010796	0.030262
2328	0.024053	-0.000657	0.026751
2329	0.021256	0.005063	0.023934
2330	0.017250	0.019761	0.019366
2331	0.013130	0.003404	0.014012
2332	0.013775	0.005628	0.011091
2333	0.010841	0.004555	0.012795
2334	0.009584	-0.009494	0.008601
2335	0.006025	-0.000561	0.010553
2336	0.004515	0.011915	0.011997
2337	0.002316	0.013653	0.009491
2338	0.003660	0.002350	0.007069
2339	0.005019	0.010989	0.001136
2340	0.007477	0.014001	-0.000658
2341	0.015872	-0.000913	-0.002548
2342	0.018153	-0.009524	-0.004441
2343	0.023360	-0.001882	-0.000790
2344	0.023391	0.005736	-0.000977
2345	0.022316	0.013050	-0.000534
2346	0.021933	0.004361	-0.000467
2347	0.022847	0.014300	-0.004447
2348	0.022332	0.019856	-0.007841
2349	0.020782	0.039121	-0.010311
2350	0.020176	0.016870	-0.013026
2351	0.018616	0.002372	-0.017059
2352	0.017340	-0.023740	-0.017715
2353	0.018193	-0.016910	-0.014896
2354	0.020241	-0.030326	-0.012629
2355	0.018921	-0.024666	-0.012794
2356	0.015055	-0.023198	-0.014294
2357	0.014489	-0.015048	-0.013814
2358	0.022535	0.000699	-0.015408
2359	0.027823	0.004733	-0.016292
2360	0.032099	0.012078	-0.017753
2361	0.032005	0.023096	-0.016952
2362	0.031972	0.023211	-0.018762
2363	0.032825	0.011811	-0.016941
2364	0.032699	0.010298	-0.017700
2365	0.031102	0.011366	-0.016258
2366	0.032666	0.002266	-0.017555
2367	0.034905	0.019943	-0.021245
2368	0.032612	0.018925	-0.021872
2369	0.035125	0.012548	-0.027664
2370	0.033586	0.014408	-0.027054
2371	0.034915	0.014174	-0.027859
2372	0.032985	0.012482	-0.028022
2373	0.032817	0.030673	-0.028635
2374	0.030885	0.020447	-0.026116
2375	0.028698	0.034687	-0.021111
2376	0.023603	0.023227	-0.020337
2377	0.021834	0.002164	-0.021019
2378	0.024615	0.006253	-0.020101
2379	0.021861	0.007122	-0.016985
2380	0.017246	0.011721	-0.010916
2381	0.014636	0.011576	-0.001068
2382	0.016522	0.002120	0.004169
2383	0.013413	0.008175	0.006992
2384	0.006983	0.011862	0.008777
2385	0.006983	-0.002237	0.012549
2386	0.000765	-0.008896	0.013041
2387	0.002023	-0.011166	0.012474
2388	0.002703	-0.003301	0.006792
2389	0.002940	0.000099	0.003728
2390	0.008423	0.011521	-0.004224
2391	0.010311	-0.004190	-0.006718
2392	0.012570	0.000351	-0.008934
2393	0.015235	-0.003755	-0.010721
2394	0.019502	-0.004614	-0.014911
2395	0.018757	-0.019113	-0.013893
2396	0.021206	-0.005352	-0.010404
2397	0.014083	-0.011720	-0.009936
2398	0.014924	-0.014137	-0.003353
2399	0.013217	0.000881	-0.002508
2400	0.013064	-0.008180	-0.003447
2401	0.017303	-0.003590	-0.006899
2402	0.022306	-0.003995	-0.006514
2403	0.019698	0.005949	-0.012280
2404	0.016864	-0.013193	-0.014822
2405	0.018561	0.004048	-0.021141
2406	0.021744	0.009534	-0.023012
2407	0.022345	0.025388	-0.025324
2408	0.023007	0.034856	-0.027191
2409	0.020740	0.046416	-0.027376
2410	0.012793	0.030102	-0.029178
2411	0.011494	0.022863	-0.031684
2412	0.006226	0.022105	-0.036604
2413	0.007574	0.011684	-0.042711
2414	0.006529	0.009515	-0.041341
2415	0.007713	0.004185	-0.042770
2416	0.006201	-0.021320	-0.042084
2417	-0.001291	-0.013751	-0.036198
2418	0.000658	-0.002672	-0.039321
2419	-0.002148	0.009117	-0.037145
2420	-0.002136	0.002946	-0.038716
2421	-0.001299	0.005967	-0.041611
2422	-0.003498	-0.008499	-0.040177
2423	-0.004907	0.006529	-0.040005
2424	-0.008102	0.002069	-0.040981
2425	-0.010694	0.014678	-0.042482
2426	-0.013391	0.005763	-0.043644
2427	-0.020231	0.000902	-0.048766
2428	-0.024625	0.009414	-0.043693
2429	-0.027971	0.011337	-0.044472
2430	-0.026567	0.005496	-0.049512
2431	-0.027991	-0.003007	-0.049072
2432	-0.027184	-0.000730	-0.043587
2433	-0.028040	0.004506	-0.040286
2434	-0.031046	0.019592	-0.032630
2435	-0.033138	0.015689	-0.029117
2436	-0.032678	-0.006281	-0.028458
2437	-0.025922	-0.009670	-0.026900
2438	-0.022278	-0.023211	-0.026641
2439	-0.022052	-0.017526	-0.022428
2440	-0.019783	-0.003945	-0.025451
2441	-0.021469	-0.006006	-0.020594
2442	-0.022609	-0.023186	-0.018357
2443	-0.020719	-0.033468	-0.016388
2444	-0.014121	-0.021048	-0.013900
2445	-0.011308	-0.011108	-0.010509
2446	-0.004064	-0.002294	-0.011161
2447	0.001496	-0.003687	-0.008502
2448	0.007505	-0.004236	-0.006543
2449	0.012908	-0.021113	-0.010782
2450	0.014718	-0.016680	-0.012241
2451	0.016431	-0.019489	-0.011691
2452	0.011792	-0.007673	-0.010131
2453	0.010368	0.000705	-0.010744
2454	0.005931	-0.001420	-0.007371
2455	0.002355	-0.005681	-0.008457
2456	0.002455	0.013897	-0.005070
2457	0.001956	0.028591	-0.003515
2458	0.001430	0.020636	-0.000397
2459	0.003106	0.026703	0.001341
2460	0.002576	0.021792	0.003027
2461	0.001648	0.005135	0.002826
2462	0.003152	-0.001424	-0.001335
2463	0.003181	0.010521	-0.004468
2464	0.000757	0.010631	-0.010606
2465	0.000471	0.020498	-0.015195
2466	0.003297	0.000611	-0.019260
2467	0.001587	0.007214	-0.023465
2468	0.001170	0.019376	-0.027501
2469	-0.001528	0.016002	-0.028331
2470	-0.004594	0.027976	-0.030226
2471	-0.012219	0.014204	-0.030217
2472	-0.023554	0.005959	-0.036648
2473	-0.032068	-0.002600	-0.034838
2474	-0.038836	0.003966	-0.029865
2475	-0.037765	-0.030341	-0.030968
2476	-0.034246	-0.007568	-0.033237
2477	-0.028600	-0.004732	-0.039311
2478	-0.025874	-0.016206	-0.042887
2479	-0.025459	0.004618	-0.045617
2480	-0.025250	-0.008503	-0.046081
2481	-0.021776	-0.016589	-0.046973
2482	-0.019728	-0.018693	-0.047036
2483	-0.016593	-0.014691	-0.047630
2484	-0.015892	-0.020977	-0.045595
2485	-0.015208	-0.000093	-0.047378
2486	-0.017797	-0.001063	-0.050207
2487	-0.018472	-0.000826	-0.058359
2488	-0.022898	-0.017361	-0.062978
2489	-0.031975	-0.003151	-0.065828
2490	-0.037857	-0.000309	-0.066904
2491	-0.042127	0.008616	-0.069910
2492	-0.041299	0.001804	-0.070408
2493	-0.043997	0.001965	-0.069142
2494	-0.045954	-0.003745	-0.072467
2495	-0.047506	0.002346	-0.077387
2496	-0.047647	0.007336	-0.082287
2497	-0.047729	0.023246	-0.083112
2498	-0.046755	0.000722	-0.084338
2499	-0.049448	-0.005197	-0.084493
2500	-0.050954	0.002304	-0.082083
2501	-0.049984	0.007682	-0.077285
2502	-0.048812	0.006774	-0.073759
2503	-0.050338	0.001571	-0.071880
2504	-0.052325	0.005940	-0.062741
2505	-0.049890	0.017146	-0.053568
2506	-0.048631	-0.014519	-0.046096
2507	-0.055967	-0.002283	-0.033421
2508	-0.057862	-0.009757	-0.026197
2509	-0.055855	-0.013223	-0.014597
2510	-0.059792	0.004997	-0.007147
2511	-0.060071	0.016798	0.000639
2512	-0.061079	0.009885	0.006167
2513	-0.061477	0.004540	0.011969
2514	-0.064822	0.020352	0.013974
2515	-0.064726	0.015714	0.017392
2516	-0.061013	-0.014884	0.018983
2517	-0.058980	-0.012746	0.018910
2518	-0.055911	-0.001116	0.021456
2519	-0.054332	0.008487	0.027752
2520	-0.055180	-0.000629	0.029221
2521	-0.053217	-0.004062	0.029485
2522	-0.052281	-0.001985	0.029222
2523	-0.054397	-0.005558	0.026081
2524	-0.056091	0.008210	0.024752
2525	-0.056968	-0.004394	0.025640
2526	-0.056954	-0.002724	0.023913
2527	-0.060367	-0.019764	0.023013
2528	-0.059545	-0.013470	0.019026
2529	-0.053853	-0.011617	0.015229
2530	-0.048224	-0.006674	0.009795
2531	-0.045645	-0.001652	0.001119
2532	-0.047607	-0.005885	0.002229
2533	-0.047405	0.011118	0.001220
2534	-0.051398	0.000826	-0.000869
2535	-0.046292	0.013385	-0.002326
2536	-0.044250	0.038315	-0.006291
2537	-0.039962	0.017099	-0.014173
2538	-0.031347	0.014300	-0.016137
2539	-0.028281	-0.003221	-0.017847
2540	-0.026235	-0.009563	-0.019104
2541	-0.023715	0.000219	-0.020677
2542	-0.028718	0.003508	-0.018416
2543	-0.035205	-0.003938	-0.018457
2544	-0.037637	0.002551	-0.013419
2545	-0.037742	-0.008793	-0.015276
2546	-0.040857	0.005822	-0.014032
2547	-0.039329	-0.010468	-0.016452
2548	-0.037023	0.003613	-0.018031
2549	-0.045254	0.015713	-0.020075
2550	-0.052363	0.002552	-0.019599
2551	-0.058836	-0.001170	-0.019922
2552	-0.064787	0.009422	-0.024499
2553	-0.071026	0.014451	-0.026258
2554	-0.073206	0.000687	-0.032560
2555	-0.074616	0.013768	-0.035578
2556	-0.076290	-0.005586	-0.039350
2557	-0.074541	-0.000576	-0.044854
2558	-0.072640	-0.001712	-0.048334
2559	-0.067523	0.012141	-0.052560
2560	-0.066080	-0.005862	-0.058876
2561	-0.065775	0.005700	-0.066238
2562	-0.069282	-0.005999	-0.073236
2563	-0.073403	0.006863	-0.077135
2564	-0.074315	0.022918	-0.080954
2565	-0.076903	-0.007237	-0.083645
2566	-0.075165	-0.008119	-0.083311
2567	-0.073300	0.002196	-0.084012
2568	-0.068120	0.017996	-0.082481
2569	-0.062647	0.007843	-0.074364
2570	-0.057810	-0.000142	-0.070752
2571	-0.053361	-0.006781	-0.061558
2572	-0.049792	-0.001402	-0.058796
2573	-0.044989	-0.016910	-0.056524
2574	-0.041781	-0.005699	-0.054475
2575	-0.031892	-0.009748	-0.051713
2576	-0.025883	-0.005424	-0.048735
2577	-0.015468	-0.001242	-0.048653
2578	-0.014794	0.003399	-0.047086
2579	-0.010905	0.016029	-0.043187
2580	-0.009449	0.023799	-0.036448
2581	-0.008058	0.017534	-0.040366
2582	-0.008194	0.022082	-0.042319
2583	-0.004941	-0.002967	-0.042991
2584	-0.000280	-0.003247	-0.039371
2585	0.000447	0.008694	-0.035986
2586	-0.002023	0.011786	-0.033568
2587	-0.001675	0.005613	-0.031323
2588	-0.004177	0.035895	-0.031695
2589	-0.005632	0.015628	-0.024680
2590	-0.011699	0.002851	-0.015550
2591	-0.019214	0.000293	-0.005874
2592	-0.022130	-0.009173	0.001500
2593	-0.021409	0.015553	0.011011
2594	-0.020850	0.011907	0.021375
2595	-0.017579	0.020766	0.028265
2596	-0.015440	0.027012	0.035537
2597	-0.011503	0.014615	0.042301
2598	-0.008634	0.033205	0.047065
2599	-0.005045	0.037691	0.054506
2600	-0.001562	0.018474	0.059531
2601	0.001461	0.011837	0.062389
2602	0.005276	-0.008924	0.062981
2603	0.011977	-0.020028	0.064576
2604	0.016965	-0.019046	0.072517
2605	0.016272	-0.005583	0.078072
2606	0.014791	-0.019054	0.083338
2607	0.013824	-0.013029	0.081696
2608	0.009858	-0.015095	0.079648
2609	0.007193	0.002538	0.073214
2610	0.003276	0.000092	0.069947
2611	0.001642	0.016608	0.076012
2612	-0.001466	0.004232	0.074281
2613	-0.003484	-0.010119	0.073091
2614	-0.005815	0.011491	0.078107
2615	-0.006160	0.012071	0.075950
2616	-0.010857	0.008064	0.080011
2617	-0.016897	-0.001154	0.076768
2618	-0.026141	-0.007968	0.076714
2619	-0.030081	-0.000695	0.083346
2620	-0.027506	-0.005824	0.078781
2621	-0.019658	-0.000880	0.076818
2622	-0.016518	0.006177	0.073578
2623	-0.011685	-0.000233	0.072231
2624	-0.012882	-0.004934	0.068542
2625	-0.016190	-0.010034	0.065819
2626	-0.018279	-0.017291	0.064909
2627	-0.020944	0.005269	0.064408
2628	-0.021328	-0.005755	0.067110
2629	-0.019835	-0.005629	0.066225
2630	-0.021453	-0.009878	0.065064
2631	-0.018252	-0.003161	0.061333
2632	-0.013957	-0.017902	0.057674
2633	-0.011773	-0.010529	0.051001
2634	-0.008689	-0.001525	0.049786
2635	-0.006166	0.008092	0.050086
2636	-0.001498	0.006033	0.048717
2637	0.001272	0.018093	0.042700
2638	0.000490	0.007897	0.041065
2639	0.005533	0.007117	0.035631
2640	0.003044	-0.006501	0.029848
2641	-0.002410	0.005208	0.031543
2642	-0.002973	-0.000943	0.028563
2643	-0.006488	0.001457	0.027044
2644	-0.011862	-0.013883	0.026118
2645	-0.019354	-0.010636	0.025389
2646	-0.023408	-0.016445	0.025559
2647	-0.028689	-0.019603	0.021541
2648	-0.032942	-0.013858	0.021620
2649	-0.038534	-0.000288	0.024884
2650	-0.035338	0.004500	0.025586
2651	-0.027808	0.010927	0.026436
2652	-0.024375	-0.003711	0.027558
2653	-0.023220	0.021760	0.027469
2654	-0.021529	0.015477	0.027014
2655	-0.012864	0.012565	0.028965
2656	-0.009894	0.004574	0.030850
2657	-0.009268	-0.001167	0.030728
2658	-0.008590	0.003503	0.026903
2659	-0.008246	-0.010826	0.027458
2660	-0.009608	0.002982	0.028630
2661	-0.008639	0.009763	0.026311
2662	-0.007389	0.018626	0.022362
2663	-0.008356	0.013606	0.022702
2664	-0.011205	-0.006157	0.021734
2665	-0.013105	0.020742	0.023634
2666	-0.010727	0.013535	0.020224
2667	-0.010608	0.014048	0.017639
2668	-0.005914	0.023302	0.013431
2669	-0.005431	0.009569	0.012867
2670	-0.009346	0.002039	0.014216
2671	-0.015131	0.008830	0.010594
2672	-0.019691	-0.006002	0.004174
2673	-0.022611	0.001082	0.001786
2674	-0.020799	0.019202	0.005445
2675	-0.019544	0.023633	0.006557
2676	-0.016234	0.004337	0.000089
2677	-0.017552	-0.006906	-0.000539
2678	-0.022604	0.006395	0.002647
2679	-0.026383	0.012409	0.001427
2680	-0.028381	0.026544	-0.001064
2681	-0.027325	0.016150	-0.010646
2682	-0.028553	0.007572	-0.016354
2683	-0.027743	0.010252	-0.022306
2684	-0.030722	0.008744	-0.030389
2685	-0.030694	-0.006691	-0.036539
2686	-0.023050	-0.006000	-0.041565
2687	-0.018111	-0.001929	-0.046995
2688	-0.018410	0.019771	-0.051818
2689	-0.014065	0.006829	-0.057274
2690	-0.010986	-0.009980	-0.063731
2691	-0.010923	-0.006182	-0.073203
2692	-0.008703	0.001154	-0.082298
2693	-0.010089	-0.003809	-0.084326
2694	-0.009754	-0.004269	-0.090010
2695	-0.005138	-0.009362	-0.097265
2696	-0.003235	-0.009147	-0.100910
2697	0.002167	0.001610	-0.101355
2698	0.003505	0.007250	-0.101472
2699	0.008404	0.006728	-0.100333
2700	0.009343	0.006692	-0.097752
2701	0.007020	0.001024	-0.096601
2702	0.005348	0.004167	-0.099583
2703	0.000378	-0.005714	-0.095091
2704	-0.012754	-0.026905	-0.092175
2705	-0.017578	-0.023133	-0.083315
2706	-0.018080	-0.026246	-0.079293
2707	-0.017601	-0.007266	-0.072409
2708	-0.014714	-0.009651	-0.072432
2709	-0.010941	0.003977	-0.076552
2710	0.001508	0.008768	-0.075315
2711	0.001927	0.003754	-0.077362
2712	0.002768	-0.014064	-0.079629
2713	0.001360	-0.006965	-0.078594
2714	0.004424	-0.019794	-0.082469
2715	0.003737	-0.005524	-0.083027
2716	0.004683	-0.001582	-0.079840
2717	0.012581	-0.011955	-0.075691
2718	0.016237	-0.015556	-0.074239
2719	0.016778	-0.009941	-0.074513
2720	0.019907	-0.009463	-0.066156
2721	0.021077	-0.000713	-0.059441
2722	0.021396	0.009718	-0.049962
2723	0.016905	0.019125	-0.043844
2724	0.014369	0.002919	-0.038141
2725	0.007519	-0.007785	-0.032170
2726	0.004592	-0.010421	-0.028093
2727	0.001141	-0.004509	-0.022494
2728	0.000220	0.002048	-0.024590
2729	0.001591	0.002973	-0.024034
2730	0.008171	-0.001439	-0.019771
2731	0.014266	-0.001270	-0.019358
2732	0.020766	0.014480	-0.016137
2733	0.022858	0.007509	-0.016349
2734	0.023343	-0.003354	-0.014503
2735	0.020026	0.003295	-0.014018
2736	0.016540	0.003400	-0.013742
2737	0.016820	-0.000187	-0.009855
2738	0.017456	-0.003513	-0.010908
2739	0.015578	0.014479	-0.006753
2740	0.018124	0.004318	-0.001384
2741	0.019678	-0.005651	0.004775
2742	0.020939	-0.021595	0.010696
2743	0.013279	-0.010618	0.012854
2744	0.008404	-0.003650	0.018812
2745	0.009133	0.007038	0.019768
2746	0.011546	0.010138	0.019958
2747	0.011040	0.011781	0.017081
2748	0.008481	0.000399	0.015274
2749	0.008764	-0.006969	0.010181
2750	0.009433	0.002624	0.011249
2751	0.010255	0.007733	0.005791
2752	0.014037	0.002663	0.004887
2753	0.019209	-0.001842	0.008961
2754	0.019848	-0.008738	0.011173
2755	0.023993	-0.015213	0.010833
2756	0.025222	-0.008723	0.014285
2757	0.025050	-0.018800	0.015763
2758	0.020624	0.001132	0.017751
2759	0.023378	0.008183	0.022019
2760	0.027592	0.006068	0.030766
2761	0.030282	0.014132	0.033146
2762	0.037858	0.006849	0.033490
2763	0.040251	0.015723	0.036509
2764	0.040100	0.002716	0.037461
2765	0.044055	-0.011290	0.045253
2766	0.048868	0.010209	0.048464
2767	0.043523	0.004120	0.050899
2768	0.043155	-0.003826	0.047979
2769	0.038014	0.014015	0.043779
2770	0.033422	0.018895	0.042171
2771	0.032524	0.018787	0.036539
2772	0.034561	0.003656	0.027900
2773	0.038156	0.001009	0.022883
2774	0.041000	0.003444	0.016651
2775	0.042426	-0.013726	0.010556
2776	0.042372	-0.010809	0.004849
2777	0.040870	-0.004940	0.000109
2778	0.040073	-0.016688	-0.003496
2779	0.038954	0.001837	-0.011601
2780	0.039824	0.012978	-0.010874
2781	0.041529	0.001069	-0.010396
2782	0.041225	0.000795	-0.011816
2783	0.042497	0.014001	-0.018816
2784	0.042668	0.012870	-0.020780
2785	0.038686	0.031929	-0.021916
2786	0.035156	0.026390	-0.025360
2787	0.029319	0.034403	-0.031621
2788	0.025821	0.008544	-0.040688
2789	0.014064	0.012598	-0.043837
2790	0.006569	0.011211	-0.047160
2791	0.000971	0.005214	-0.048100
2792	-0.006602	-0.009016	-0.050672
2793	-0.009499	-0.000593	-0.047587
2794	-0.011739	0.000427	-0.046477
2795	-0.009345	0.006356	-0.044388
2796	-0.008631	0.010360	-0.042021
2797	-0.004311	0.019280	-0.042356
2798	0.001488	0.017080	-0.052217
2799	0.004326	-0.000359	-0.063624
2800	0.004533	-0.005355	-0.068245
2801	0.004691	0.013006	-0.072386
2802	0.000392	0.014382	-0.077169
2803	-0.004885	-0.004905	-0.081316
2804	-0.004356	-0.002215	-0.086123
2805	-0.001080	0.015976	-0.087014
2806	0.004061	-0.003297	-0.085666
2807	0.010084	-0.015235	-0.084771
2808	0.013654	0.004534	-0.083371
2809	0.013918	0.007935	-0.080673
2810	0.014833	0.001251	-0.074341
2811	0.013256	-0.017812	-0.070789
2812	0.008882	-0.006273	-0.064207
2813	0.013959	0.009474	-0.062450
2814	0.012174	-0.005838	-0.064416
2815	0.008527	0.001471	-0.057305
2816	0.009183	0.001496	-0.062227
2817	0.009927	-0.001185	-0.061058
2818	0.015008	0.002952	-0.064263
2819	0.018628	-0.002189	-0.065341
2820	0.020177	-0.026508	-0.057823
2821	0.015730	-0.000776	-0.058639
2822	0.017452	-0.011646	-0.060832
2823	0.014485	0.001671	-0.063985
2824	0.017733	-0.005371	-0.059885
2825	0.021684	0.004387	-0.061394
2826	0.030881	0.015165	-0.062629
2827	0.033653	0.019840	-0.055399
2828	0.039833	0.002645	-0.055207
2829	0.041425	0.005149	-0.053237
2830	0.042364	-0.013768	-0.052334
2831	0.037776	-0.011209	-0.049242
2832	0.033468	-0.009407	-0.043389
2833	0.027559	-0.019286	-0.037031
2834	0.017070	-0.030020	-0.029895
2835	0.006264	-0.018253	-0.025453
2836	-0.002998	-0.022778	-0.023727
2837	-0.009545	-0.016404	-0.025053
2838	-0.009386	-0.029685	-0.023170
2839	-0.008477	-0.016254	-0.022143
2840	-0.013047	-0.013296	-0.024475
2841	-0.015743	-0.005835	-0.027553
2842	-0.021210	0.003140	-0.029934
2843	-0.023521	0.002459	-0.035490
2844	-0.022717	0.019493	-0.034584
2845	-0.020671	0.006088	-0.035657
2846	-0.017578	-0.001918	-0.040886
2847	-0.012509	0.000283	-0.041319
2848	-0.015339	-0.009557	-0.042830
2849	-0.010399	-0.005609	-0.042687
2850	-0.004550	-0.001421	-0.045366
2851	-0.002624	0.005816	-0.044600
2852	-0.002190	-0.009580	-0.045106
2853	-0.001199	-0.003865	-0.044334
2854	0.001347	-0.003990	-0.041860
2855	0.002892	0.003724	-0.039187
2856	0.002484	-0.014652	-0.039103
2857	0.004126	-0.009610	-0.037872
2858	0.009566	-0.007407	-0.038934
2859	0.013385	0.002246	-0.036246
2860	0.017048	0.010474	-0.032850
2861	0.015387	-0.004834	-0.032595
2862	0.011871	0.003453	-0.031360
2863	0.009585	-0.000850	-0.037737
2864	0.000673	0.006443	-0.041467
2865	-0.000888	0.013853	-0.041365
2866	0.003646	0.004222	-0.045837
2867	0.009857	-0.013374	-0.052934
2868	0.010606	-0.006566	-0.056372
2869	0.012388	-0.006154	-0.061368
2870	0.019712	-0.001927	-0.064856
2871	0.028591	0.001530	-0.068622
2872	0.030165	0.013111	-0.068501
2873	0.034327	0.014904	-0.070163
2874	0.033944	-0.007657	-0.065528
2875	0.029221	-0.006144	-0.062599
2876	0.025095	-0.012810	-0.055861
2877	0.024507	-0.007572	-0.052303
2878	0.019761	-0.015926	-0.048855
2879	0.017997	-0.006363	-0.054581
2880	0.014129	-0.018948	-0.058978
2881	0.015725	-0.009949	-0.057895
2882	0.018263	-0.010665	-0.058024
2883	0.015307	0.004343	-0.055518
2884	0.012260	0.000209	-0.050229
2885	0.013737	0.022103	-0.050017
2886	0.012514	0.028943	-0.048565
2887	0.006323	0.009757	-0.049588
2888	0.003311	-0.002627	-0.049687
2889	0.002602	0.002006	-0.043012
2890	0.001072	-0.006651	-0.042005
2891	0.001721	0.003215	-0.043563
2892	0.000883	0.010990	-0.040505
2893	0.004547	0.003195	-0.039710
2894	0.005815	-0.000184	-0.034574
2895	0.009960	-0.002532	-0.031191
2896	0.013511	0.008500	-0.026686
2897	0.014079	0.008796	-0.025503
2898	0.016715	0.012555	-0.024986
2899	0.018234	0.002679	-0.023602
2900	0.017839	-0.025213	-0.023008
2901	0.019579	-0.021102	-0.018574
2902	0.019041	-0.026395	-0.015952
2903	0.019120	-0.038769	-0.016037
2904	0.018785	-0.005527	-0.020952
2905	0.017316	0.005885	-0.024864
2906	0.013663	-0.008060	-0.027737
2907	0.012369	-0.001848	-0.032974
2908	0.009938	-0.009338	-0.035372
2909	0.004673	0.009866	-0.037036
2910	0.004416	0.010570	-0.040286
2911	0.007363	0.015407	-0.047037
2912	0.012199	0.002352	-0.050850
2913	0.021306	0.011043	-0.054680
2914	0.028762	-0.009693	-0.057029
2915	0.039924	0.004513	-0.059253
2916	0.046286	-0.010793	-0.061150
2917	0.051102	-0.008764	-0.064698
2918	0.052857	-0.025106	-0.062044
2919	0.054358	-0.012439	-0.060054
2920	0.050507	0.004100	-0.056765
2921	0.050731	-0.012828	-0.051542
2922	0.045467	-0.007956	-0.046011
2923	0.049664	-0.010653	-0.041379
2924	0.054494	-0.006779	-0.039477
2925	0.059185	0.002403	-0.037545
2926	0.059226	0.001918	-0.036543
2927	0.060076	0.013446	-0.039719
2928	0.067801	0.012050	-0.042543
2929	0.069436	0.028578	-0.044924
2930	0.068604	0.027798	-0.052176
2931	0.071097	0.013427	-0.052686
2932	0.068195	0.010428	-0.056298
2933	0.069373	-0.003498	-0.049763
2934	0.066800	-0.011484	-0.049127
2935	0.065134	-0.028463	-0.047551
2936	0.062451	-0.030338	-0.046789
2937	0.056475	-0.008129	-0.038973
2938	0.049799	0.003377	-0.041575
2939	0.044986	0.011197	-0.038366
2940	0.041941	0.008264	-0.032983
2941	0.038896	0.017671	-0.028965
2942	0.035950	-0.011662	-0.028433
2943	0.032594	-0.003278	-0.026349
2944	0.032642	0.002508	-0.026931
2945	0.028536	0.008650	-0.030515
2946	0.029205	0.006345	-0.033197
2947	0.030016	-0.005601	-0.034746
2948	0.037986	-0.007743	-0.032871
2949	0.043473	-0.007195	-0.033403
2950	0.050006	-0.004431	-0.035541
2951	0.057385	0.004517	-0.038246
2952	0.060336	-0.008156	-0.037573
2953	0.060691	-0.005323	-0.038441
2954	0.054783	0.004089	-0.035417
2955	0.048338	0.009406	-0.030368
2956	0.039328	0.026109	-0.025493
2957	0.030075	0.009009	-0.020182
2958	0.028000	0.012599	-0.014561
2959	0.027393	-0.001966	-0.012426
2960	0.026977	-0.008045	-0.008947
2961	0.020487	-0.005055	-0.000664
2962	0.014499	0.006985	0.008449
2963	0.004506	-0.004565	0.016086
2964	-0.003895	0.010233	0.021609
2965	-0.009329	0.006466	0.028800
2966	-0.014460	-0.000249	0.032391
2967	-0.013614	-0.000196	0.036876
2968	-0.012013	-0.009797	0.034880
2969	-0.011477	-0.000024	0.033963
2970	-0.007456	-0.019845	0.032194
2971	-0.013545	-0.013466	0.033149
2972	-0.019054	0.016246	0.034518
2973	-0.025362	0.021437	0.035890
2974	-0.027322	0.011213	0.031903
2975	-0.032640	-0.001504	0.030091
2976	-0.032138	-0.001990	0.029579
2977	-0.035394	-0.002018	0.027338
2978	-0.034080	0.002226	0.025365
2979	-0.022002	0.011769	0.022315
2980	-0.017115	0.028218	0.019696
2981	-0.009080	0.017743	0.021168
2982	0.000362	0.008835	0.031118
2983	0.010291	0.001656	0.031841
2984	0.017128	0.004284	0.034338
2985	0.014069	0.004963	0.036102
2986	0.009747	0.007250	0.037996
2987	0.012873	0.006380	0.034469
2988	0.006140	-0.000244	0.029476
2989	0.004496	-0.007388	0.025698
2990	0.000278	-0.008472	0.023026
2991	-0.009187	-0.008528	0.018178
2992	-0.014875	0.002486	0.012979
2993	-0.018416	-0.010211	0.005730
2994	-0.019495	-0.004683	-0.001417
2995	-0.025509	-0.010369	-0.010454
2996	-0.027459	-0.019390	-0.020217
2997	-0.025297	0.005895	-0.029395
2998	-0.023519	-0.010589	-0.039225
2999	-0.027476	0.008084	-0.045380
3000	-0.034162	-0.001754	-0.044618
3001	-0.038674	0.006628	-0.044596
3002	-0.033683	-0.001638	-0.044378
3003	-0.030851	0.002358	-0.045111
3004	-0.029522	-0.002281	-0.047376
3005	-0.023045	0.006360	-0.050308
3006	-0.020359	0.005561	-0.047664
3007	-0.021386	0.029761	-0.046393
3008	-0.020879	0.009833	-0.047253
3009	-0.023339	0.005641	-0.047749
3010	-0.024516	0.019543	-0.046286
3011	-0.027663	0.001696	-0.048183
3012	-0.029731	-0.019642	-0.045729
3013	-0.026983	-0.020249	-0.045432
3014	-0.025161	-0.003069	-0.042030
3015	-0.025757	-0.002911	-0.041240
3016	-0.027526	0.007082	-0.046369
3017	-0.029775	0.006583	-0.047994
3018	-0.031305	0.003564	-0.050687
3019	-0.033806	-0.006288	-0.049029
3020	-0.035612	0.000733	-0.052007
3021	-0.030131	-0.001512	-0.053468
3022	-0.027405	-0.000368	-0.057160
3023	-0.024877	-0.001601	-0.058315
3024	-0.027692	0.007927	-0.061025
3025	-0.028300	0.017266	-0.062331
3026	-0.026523	0.018313	-0.061434
3027	-0.028166	0.014406	-0.061833
3028	-0.028365	0.019173	-0.062889
3029	-0.026673	0.033213	-0.055410
3030	-0.029488	0.026739	-0.054655
3031	-0.031837	0.016779	-0.051460
3032	-0.033845	0.004117	-0.051841
3033	-0.027452	0.014992	-0.054212
3034	-0.026407	-0.000516	-0.058415
3035	-0.024647	0.000047	-0.057279
3036	-0.030414	0.011680	-0.058605
3037	-0.033672	-0.005989	-0.058981
3038	-0.032939	-0.008642	-0.064325
3039	-0.033540	-0.002160	-0.068675
3040	-0.028391	-0.008364	-0.071762
3041	-0.027515	-0.007456	-0.073243
3042	-0.023843	0.015118	-0.070208
3043	-0.021264	0.000574	-0.065188
3044	-0.012869	-0.015471	-0.066515
3045	-0.013534	0.014955	-0.064807
3046	-0.013472	0.019735	-0.064895
3047	-0.017431	0.013129	-0.065439
3048	-0.017177	0.011044	-0.066436
3049	-0.020131	0.015188	-0.066959
3050	-0.019981	0.019086	-0.066287
3051	-0.021297	0.015869	-0.061573
3052	-0.027319	0.012311	-0.057718
3053	-0.029599	0.012408	-0.057557
3054	-0.026875	0.019065	-0.057493
3055	-0.028590	0.003038	-0.056216
3056	-0.030570	-0.002260	-0.053685
3057	-0.025845	0.007729	-0.057798
3058	-0.025085	0.012244	-0.055522
3059	-0.019881	-0.001746	-0.054439
3060	-0.013304	0.005675	-0.054934
3061	-0.009924	0.008736	-0.049104
3062	-0.007865	0.010349	-0.046780
3063	-0.009794	0.020468	-0.046925
3064	-0.007865	-0.005293	-0.045853
3065	-0.002343	-0.004662	-0.044808
3066	-0.000426	0.011888	-0.039186
3067	0.006621	0.002400	-0.031450
3068	0.016051	0.014404	-0.025703
3069	0.019270	0.004546	-0.024832
3070	0.017969	-0.013106	-0.019929
3071	0.019868	-0.012332	-0.016492
3072	0.021031	-0.003356	-0.014151
3073	0.024313	-0.004927	-0.016208
3074	0.019203	0.000535	-0.014466
3075	0.008118	-0.008713	-0.014653
3076	-0.002392	0.000606	-0.014365
3077	-0.008103	-0.004247	-0.019740
3078	-0.009858	-0.003050	-0.025033
3079	-0.006844	-0.011077	-0.033157
3080	-0.003455	-0.012952	-0.032999
3081	0.001735	0.006964	-0.038628
3082	0.005260	0.003283	-0.036145
3083	0.007334	0.030208	-0.037601
3084	0.015702	0.022509	-0.044189
3085	0.024449	0.026311	-0.049707
3086	0.026906	0.001612	-0.052944
3087	0.034450	-0.004936	-0.053561
3088	0.035652	-0.008637	-0.051173
3089	0.029849	-0.025252	-0.051432
3090	0.025968	-0.015588	-0.048229
3091	0.027336	-0.016231	-0.047313
3092	0.024540	-0.010605	-0.048461
3093	0.016391	0.010089	-0.037400
3094	0.008894	-0.009470	-0.027080
3095	0.001033	-0.014654	-0.019134
3096	-0.000263	0.000536	-0.008678
3097	0.003383	-0.005737	-0.002888
3098	0.003142	0.009665	0.002388
3099	0.005165	0.013735	0.006772
3100	0.002955	0.008070	0.012139
3101	0.003722	0.018029	0.010103
3102	-0.001368	0.020651	0.005799
3103	-0.002410	0.028465	0.004485
3104	-0.000837	0.023434	-0.000817
3105	0.001327	0.026111	-0.000342
3106	0.008250	0.027616	0.003255
3107	0.015331	-0.000272	0.008392
3108	0.015693	-0.003744	0.008183
3109	0.016034	0.007158	0.010566
3110	0.022042	0.020092	0.014227
3111	0.025041	-0.002907	0.014679
3112	0.028847	0.004968	0.010360
3113	0.031438	-0.014916	0.008293
3114	0.023054	-0.007390	0.006461
3115	0.018784	-0.006788	0.002249
3116	0.019822	0.019465	-0.000378
3117	0.019238	0.019517	-0.003651
3118	0.013877	0.015328	-0.002871
3119	0.015885	-0.000477	-0.001533
3120	0.018013	0.002714	-0.004074
3121	0.018024	-0.005317	-0.007096
3122	0.016756	0.008266	-0.012456
3123	0.018391	0.001250	-0.018085
3124	0.014552	0.008490	-0.021470
3125	0.010329	0.010124	-0.029477
3126	0.004413	0.000715	-0.037366
3127	-0.002352	0.005329	-0.041963
3128	-0.006906	0.019567	-0.049102
3129	-0.011365	0.005530	-0.056403
3130	-0.008951	0.002962	-0.059057
3131	-0.008522	0.000651	-0.059591
3132	-0.006349	0.000603	-0.058872
3133	-0.003932	-0.000814	-0.057920
3134	-0.007772	-0.004457	-0.058677
3135	-0.008567	-0.004085	-0.053409
3136	-0.010670	-0.014572	-0.049819
3137	-0.011984	-0.008188	-0.046971
3138	-0.016204	-0.016988	-0.045067
3139	-0.017927	-0.007156	-0.040722
3140	-0.018161	0.012123	-0.040356
3141	-0.014771	0.011648	-0.043145
3142	-0.013591	0.007509	-0.047188
3143	-0.013119	-0.002171	-0.047316
3144	-0.013739	0.001813	-0.045668
3145	-0.011915	0.018384	-0.043238
3146	-0.005859	0.011728	-0.043364
3147	-0.004349	0.004179	-0.049963
3148	-0.001100	-0.012440	-0.051269
3149	-0.003384	-0.025552	-0.049317
3150	-0.000462	-0.024892	-0.049920
3151	0.001756	-0.024487	-0.049899
3152	0.004280	-0.017235	-0.045352
3153	0.010525	-0.011624	-0.038964
3154	0.011214	-0.030129	-0.033068
3155	0.013976	-0.011013	-0.027691
3156	0.013155	-0.009253	-0.026981
3157	0.011574	-0.003158	-0.024051
3158	0.011183	0.006497	-0.017255
3159	0.016264	0.001992	-0.014736
3160	0.013815	-0.002718	-0.014285
3161	0.006249	0.008895	-0.019043
3162	0.002240	0.017364	-0.020731
3163	0.002849	0.002623	-0.021757
3164	0.002185	0.010348	-0.024379
3165	0.000388	0.000248	-0.027284
3166	0.002505	-0.003251	-0.024436
3167	-0.005766	0.003992	-0.028800
3168	-0.010347	-0.012247	-0.036226
3169	-0.015322	0.001729	-0.039030
3170	-0.018429	-0.003484	-0.041047
3171	-0.023503	0.023402	-0.042791
3172	-0.024100	0.005463	-0.041141
3173	-0.029389	-0.004064	-0.040455
3174	-0.031456	0.009077	-0.031862
3175	-0.034243	0.009140	-0.025547
3176	-0.032977	0.007484	-0.019595
3177	-0.034248	0.015206	-0.017766
3178	-0.029646	0.005137	-0.015838
3179	-0.028049	-0.021833	-0.013290
3180	-0.035376	-0.003353	-0.012076
3181	-0.042705	-0.019227	-0.011186
3182	-0.046926	-0.015957	-0.015073
3183	-0.048548	-0.008191	-0.017716
3184	-0.045598	-0.010155	-0.018305
3185	-0.034810	-0.014020	-0.022540
3186	-0.026147	0.001216	-0.023383
3187	-0.024947	-0.012574	-0.022646
3188	-0.020932	-0.007860	-0.019104
3189	-0.015289	-0.010606	-0.018361
3190	-0.012274	-0.012066	-0.019149
3191	-0.002280	-0.021061	-0.017195
3192	0.000399	-0.009716	-0.010422
3193	-0.001945	-0.005875	-0.004756
3194	-0.004110	-0.006090	-0.002390
3195	-0.010393	0.011519	0.003458
3196	-0.009834	-0.017465	0.010035
3197	-0.011858	-0.014497	0.012363
3198	-0.022885	-0.008723	0.016431
3199	-0.027832	0.009095	0.016601
3200	-0.024308	0.010708	0.014360
3201	-0.024367	0.003630	0.014149
3202	-0.018566	0.008384	0.017046
3203	-0.016499	0.000717	0.016405
3204	-0.017623	0.015163	0.017132
3205	-0.020245	0.018888	0.015156
3206	-0.023995	-0.004521	0.013639
3207	-0.031879	-0.004998	0.012749
3208	-0.031340	-0.004022	0.010043
3209	-0.032858	-0.010006	0.011293
3210	-0.039992	0.007165	0.013034
3211	-0.045670	0.007927	0.013369
3212	-0.052116	0.022850	0.013076
3213	-0.057136	0.013102	0.012535
3214	-0.061314	0.012237	0.007782
3215	-0.065515	-0.007400	0.007499
3216	-0.070137	-0.001024	-0.000120
3217	-0.072816	-0.004667	-0.007174
3218	-0.075292	-0.000198	-0.007758
3219	-0.074297	-0.002516	-0.015225
3220	-0.066811	-0.012558	-0.018658
3221	-0.058903	0.001236	-0.021048
3222	-0.058637	0.005103	-0.023551
3223	-0.063316	0.008614	-0.022554
3224	-0.063090	0.009452	-0.023800
3225	-0.062783	0.002046	-0.028323
3226	-0.060111	0.003985	-0.031079
3227	-0.053870	0.016682	-0.041226
3228	-0.045042	0.037851	-0.047737
3229	-0.045269	0.018227	-0.048338
3230	-0.043168	0.013264	-0.051816
3231	-0.040038	0.023037	-0.054200
3232	-0.038694	0.008523	-0.060288
3233	-0.038544	0.005678	-0.063904
3234	-0.036080	0.003863	-0.068090
3235	-0.038429	-0.010383	-0.061014
3236	-0.036764	0.007815	-0.063866
3237	-0.037235	-0.008942	-0.064310
3238	-0.040040	0.003701	-0.068209
3239	-0.036998	-0.009836	-0.070152
3240	-0.033717	0.002501	-0.074335
3241	-0.033508	-0.005711	-0.079967
3242	-0.030400	0.010742	-0.081203
3243	-0.032383	-0.008099	-0.086286
3244	-0.033595	0.009311	-0.089371
3245	-0.037430	0.023401	-0.087063
3246	-0.035565	0.015265	-0.085759
3247	-0.037834	0.012980	-0.083535
3248	-0.038271	0.004426	-0.085329
3249	-0.034974	-0.008337	-0.084791
3250	-0.030905	0.003011	-0.084987
3251	-0.023683	0.010287	-0.090687
3252	-0.017829	0.019257	-0.092313
3253	-0.010329	0.021703	-0.096369
3254	-0.007355	0.021922	-0.096095
3255	-0.009684	0.006838	-0.091310
3256	-0.014778	0.022059	-0.094266
3257	-0.016311	0.020996	-0.099710
3258	-0.012584	0.029942	-0.107879
3259	-0.009654	0.003120	-0.107327
3260	-0.005705	-0.000212	-0.102147
3261	-0.000312	-0.017099	-0.095281
3262	0.002838	-0.026408	-0.089937
3263	0.007620	-0.036032	-0.085002
3264	0.009652	-0.017433	-0.085580
3265	0.011281	-0.014277	-0.075653
3266	0.017245	-0.015789	-0.071959
3267	0.021843	-0.005419	-0.069589
3268	0.026881	0.006747	-0.065983
3269	0.031370	0.016775	-0.062144
3270	0.033264	0.004993	-0.049933
3271	0.034755	-0.012420	-0.050034
3272	0.033929	-0.013743	-0.046224
3273	0.034502	-0.017305	-0.042639
3274	0.037935	-0.000852	-0.041246
3275	0.034829	0.006365	-0.035918
3276	0.030498	0.014658	-0.027469
3277	0.026341	0.008828	-0.021539
3278	0.023637	-0.010043	-0.015184
3279	0.024968	-0.013128	-0.011658
3280	0.021915	-0.002706	-0.005146
3281	0.016643	-0.002434	0.000633
3282	0.006573	-0.003291	0.007656
3283	0.007195	-0.005160	0.013827
3284	0.011775	-0.014241	0.017562
3285	0.015443	0.009834	0.021244
3286	0.025170	0.014085	0.028817
3287	0.032876	0.022986	0.033280
3288	0.036979	0.020257	0.035137
3289	0.039737	0.022360	0.040215
3290	0.039615	0.023130	0.039442
3291	0.036240	0.031694	0.040914
3292	0.038000	0.017353	0.041532
3293	0.035877	0.028401	0.042429
3294	0.033576	-0.000331	0.042108
3295	0.025580	-0.024688	0.038925
3296	0.017891	0.006533	0.036018
3297	0.014665	-0.005011	0.036130
3298	0.014046	-0.004803	0.036946
3299	0.018767	-0.002347	0.036029
3300	0.017057	-0.009627	0.031209
3301	0.017977	-0.027569	0.028601
3302	0.017367	-0.031636	0.032854
3303	0.015546	-0.015774	0.034188
3304	0.011035	-0.011643	0.040315
3305	0.015209	-0.005545	0.042023
3306	0.021114	0.006459	0.049150
3307	0.030734	-0.011122	0.061893
3308	0.040077	-0.009058	0.069459
3309	0.046602	-0.003713	0.076599
3310	0.053037	-0.012079	0.085117
3311	0.055270	-0.015075	0.092472
3312	0.054264	0.003728	0.095986
3313	0.053050	0.003581	0.096444
3314	0.052238	0.014927	0.093059
3315	0.055289	0.005285	0.095002
3316	0.064341	0.003975	0.092606
3317	0.069554	0.002528	0.090894
3318	0.073058	0.014054	0.085359
3319	0.074348	0.004722	0.080493
3320	0.070187	0.029318	0.069477
3321	0.067254	0.024986	0.066281
3322	0.066695	0.012089	0.059848
3323	0.064705	0.031840	0.057956
3324	0.062106	0.030535	0.051438
3325	0.061720	0.011245	0.045231
3326	0.056773	0.001873	0.042995
3327	0.054960	-0.005400	0.042919
3328	0.051824	0.001333	0.041098
3329	0.048616	-0.003151	0.042626
3330	0.047825	0.003308	0.042892
3331	0.041434	-0.012623	0.043178
3332	0.033296	-0.020021	0.042714
3333	0.031559	0.012124	0.043260
3334	0.022088	0.020735	0.044047
3335	0.019603	0.027028	0.046849
3336	0.015817	0.012684	0.047600
3337	0.015990	0.022393	0.050012
3338	0.017758	-0.004011	0.050394
3339	0.016800	0.008764	0.050776
3340	0.014209	-0.020303	0.048428
3341	0.018351	-0.015596	0.048051
3342	0.015409	-0.028764	0.049551
3343	0.010103	-0.027500	0.046386
3344	0.009737	-0.002897	0.042685
3345	0.005628	0.000899	0.037230
3346	0.000108	-0.000114	0.030966
3347	-0.006239	-0.010954	0.029001
3348	-0.006040	-0.001959	0.025391
3349	-0.006231	-0.006591	0.022312
3350	-0.008860	0.000753	0.025187
3351	-0.006401	0.022950	0.022901
3352	-0.005296	0.022541	0.019811
3353	-0.003230	0.017074	0.016796
3354	-0.006724	-0.003578	0.021762
3355	-0.011931	-0.011228	0.026771
3356	-0.010307	0.001577	0.028604
3357	-0.009390	-0.005987	0.025766
3358	-0.006097	-0.002401	0.028500
3359	-0.007280	0.003512	0.031340
3360	-0.005579	-0.017743	0.026854
3361	0.000692	-0.022279	0.024282
3362	0.004227	-0.018465	0.020678
3363	0.005454	-0.017837	0.013412
3364	0.002028	-0.020913	0.007254
3365	0.002022	-0.004103	0.008739
3366	0.000608	-0.006726	0.004813
3367	0.001045	-0.020269	0.003533
3368	0.003008	-0.025182	0.003958
3369	0.006322	-0.011124	0.004598
3370	0.004870	0.002311	0.003256
3371	-0.000238	0.010549	0.004859
3372	-0.002943	0.012221	0.011342
3373	-0.006843	0.016831	0.010898
3374	-0.008816	0.033563	0.013881
3375	-0.013162	0.019574	0.014175
3376	-0.015312	0.011338	0.013997
3377	-0.017898	0.007586	0.012919
3378	-0.022800	0.002285	0.011994
3379	-0.023030	-0.004189	0.007617
3380	-0.022796	-0.010589	0.003766
3381	-0.021800	0.003604	0.003095
3382	-0.025005	-0.010931	0.007956
3383	-0.028408	-0.022317	0.011639
3384	-0.022647	-0.008756	0.008162
3385	-0.019057	0.006184	0.005721
3386	-0.022700	-0.012889	0.004408
3387	-0.028079	0.003615	0.002686
3388	-0.030855	0.000576	-0.000617
3389	-0.037190	-0.000369	-0.000948
3390	-0.043905	-0.007009	-0.008220
3391	-0.048025	0.010163	-0.011744
3392	-0.050277	0.015619	-0.013362
3393	-0.048736	-0.001205	-0.016796
3394	-0.049250	-0.007404	-0.020233
3395	-0.049939	0.005713	-0.018829
3396	-0.048410	-0.006539	-0.017485
3397	-0.046170	-0.005937	-0.012028
3398	-0.046355	-0.001366	-0.006192
3399	-0.044874	0.004185	-0.007716
3400	-0.051671	-0.009590	-0.006209
3401	-0.058523	-0.002857	-0.001209
3402	-0.066515	0.010823	0.002781
3403	-0.080297	-0.006702	0.005042
3404	-0.085279	0.003497	0.002682
3405	-0.086265	-0.004812	-0.002052
3406	-0.093396	-0.001107	0.001953
3407	-0.092256	-0.001431	0.000963
3408	-0.091410	0.003531	-0.001354
3409	-0.088064	0.004621	-0.001343
3410	-0.083557	0.020319	-0.005804
3411	-0.085620	0.004237	-0.006928
3412	-0.088734	0.013012	-0.002844
3413	-0.085793	0.003213	0.001836
3414	-0.078335	0.013850	0.011100
3415	-0.068900	-0.004312	0.009509
3416	-0.061957	0.006037	0.014100
3417	-0.060874	0.013067	0.015794
3418	-0.059883	0.013864	0.014059
3419	-0.056953	0.000930	0.020224
3420	-0.058050	-0.005445	0.016873
3421	-0.062346	-0.000341	0.022107
3422	-0.068799	0.001552	0.023543
3423	-0.075273	-0.010424	0.024957
3424	-0.071753	-0.026291	0.031498
3425	-0.073374	-0.021577	0.030799
3426	-0.074909	-0.028588	0.030886
3427	-0.074089	-0.020201	0.038294
3428	-0.077626	-0.009261	0.045061
3429	-0.074766	-0.002524	0.047016
3430	-0.076208	0.011791	0.047707
3431	-0.075587	0.004830	0.047061
3432	-0.069474	-0.010743	0.043781
3433	-0.063833	0.003920	0.045472
3434	-0.060178	-0.006998	0.045092
3435	-0.058204	-0.017350	0.043764
3436	-0.055015	-0.027762	0.043928
3437	-0.058364	-0.043537	0.045168
3438	-0.056817	-0.023356	0.045320
3439	-0.054397	-0.037621	0.048537
3440	-0.054134	-0.022553	0.051276
3441	-0.056786	-0.013394	0.053008
3442	-0.057356	-0.003640	0.060755
3443	-0.051868	-0.005252	0.059409
3444	-0.047804	0.011013	0.057801
3445	-0.042830	0.006634	0.052223
3446	-0.042773	0.022714	0.050992
3447	-0.037083	0.006054	0.046953
3448	-0.038979	0.010461	0.046204
3449	-0.039417	0.005569	0.040700
3450	-0.037553	0.001151	0.035342
3451	-0.033869	0.007400	0.034429
3452	-0.033911	0.004321	0.030420
3453	-0.033760	0.013308	0.028932
3454	-0.036986	0.004438	0.028285
3455	-0.035865	-0.020013	0.026772
3456	-0.031829	-0.040948	0.025499
3457	-0.029114	-0.006460	0.022261
3458	-0.025844	-0.004804	0.015616
3459	-0.020304	-0.010763	0.014295
3460	-0.014024	-0.020016	0.011718
3461	-0.016376	-0.015404	0.011736
3462	-0.016275	-0.009518	0.010663
3463	-0.014594	0.006767	0.012801
3464	-0.013316	0.007077	0.015353
3465	-0.014123	0.012666	0.018687
3466	-0.009611	0.002583	0.019799
3467	-0.012197	0.006170	0.017654
3468	-0.016142	-0.002808	0.013720
3469	-0.020246	-0.006880	0.012135
3470	-0.015695	-0.021045	0.004640
3471	-0.015496	-0.039025	-0.000456
3472	-0.020380	-0.037756	-0.000352
3473	-0.027559	-0.031367	-0.001660
3474	-0.025354	-0.026868	-0.003218
3475	-0.024742	-0.017294	-0.004922
3476	-0.019611	-0.000852	-0.006113
3477	-0.016308	-0.012218	-0.003516
3478	-0.016386	-0.004896	0.001199
3479	-0.016533	-0.012255	0.006913
3480	-0.019136	-0.025939	0.008785
3481	-0.017623	-0.009664	0.012552
3482	-0.014973	0.012898	0.011616
3483	-0.012122	-0.001281	0.008768
3484	-0.010505	-0.019958	0.007034
3485	-0.009853	-0.000400	0.005309
3486	-0.009848	-0.019383	0.001088
3487	-0.006284	-0.018945	-0.007113
3488	-0.005532	-0.017503	-0.016869
3489	-0.006432	-0.015309	-0.020502
3490	-0.006894	0.010940	-0.021133
3491	-0.006374	-0.004495	-0.024474
3492	-0.007235	-0.009580	-0.022073
3493	-0.006715	-0.000333	-0.013857
3494	-0.006753	0.005983	-0.010610
3495	-0.006755	0.008903	-0.008572
3496	-0.008592	-0.002574	-0.007436
3497	-0.016047	-0.020595	-0.007975
3498	-0.017951	-0.024799	-0.006479
3499	-0.021349	-0.033813	-0.002744
3500	-0.030142	-0.003106	-0.000305
3501	-0.040138	-0.004985	0.002896
3502	-0.051414	-0.005123	0.005143
3503	-0.059615	-0.005609	0.010804
3504	-0.061556	0.006253	0.013712
3505	-0.061660	0.004707	0.014962
3506	-0.057928	-0.003404	0.017806
3507	-0.057389	-0.007385	0.014726
3508	-0.057195	-0.008527	0.015916
3509	-0.054104	-0.023106	0.020620
3510	-0.057556	-0.030907	0.028144
3511	-0.059982	-0.007878	0.030045
3512	-0.062579	0.005689	0.034734
3513	-0.064023	0.017592	0.037196
3514	-0.065260	-0.001729	0.031467
3515	-0.065844	0.003080	0.027766
3516	-0.067817	0.007834	0.028689
3517	-0.075412	-0.005063	0.030181
3518	-0.079482	-0.025975	0.032988
3519	-0.087068	-0.023191	0.033096
3520	-0.083836	-0.006151	0.038618
3521	-0.083239	-0.002539	0.041170
3522	-0.077299	0.012357	0.045236
3523	-0.078641	-0.000034	0.051291
3524	-0.075631	0.004603	0.056016
3525	-0.078577	0.003845	0.062033
3526	-0.074520	-0.019356	0.074073
3527	-0.077799	-0.030813	0.082793
3528	-0.082604	-0.036353	0.090134
3529	-0.080256	-0.025549	0.091941
3530	-0.076209	-0.023739	0.093813
3531	-0.067370	-0.020474	0.097775
3532	-0.058475	-0.020274	0.096232
3533	-0.052990	-0.008694	0.094359
3534	-0.044809	0.006108	0.090728
3535	-0.038009	0.016195	0.092810
3536	-0.029545	0.014946	0.089896
3537	-0.023339	0.018417	0.088966
3538	-0.022732	-0.012066	0.088847
3539	-0.024543	-0.017573	0.087944
3540	-0.026142	-0.013674	0.084281
3541	-0.028984	-0.013630	0.083220
3542	-0.030107	-0.011518	0.077349
3543	-0.033294	0.008789	0.069984
3544	-0.032098	0.014714	0.064941
3545	-0.026668	0.015787	0.060371
3546	-0.023843	0.030421	0.055293
3547	-0.016953	0.030149	0.049010
3548	-0.003889	0.003560	0.047271
3549	0.008215	-0.011411	0.047109
3550	0.013975	-0.006786	0.043885
3551	0.018083	-0.017604	0.046919
3552	0.020105	0.008892	0.045811
3553	0.024365	0.002073	0.044544
3554	0.030669	-0.000686	0.046548
3555	0.033913	0.013076	0.043512
3556	0.027194	0.028848	0.035964
3557	0.017956	0.012818	0.032517
3558	0.018171	0.012785	0.024518
3559	0.010788	0.003111	0.024284
3560	0.003160	0.007282	0.019825
3561	-0.004030	-0.016527	0.018772
3562	-0.008050	-0.001899	0.018242
3563	-0.012668	0.006553	0.016594
3564	-0.015570	0.010845	0.016983
3565	-0.017269	0.008902	0.011123
3566	-0.015924	-0.019640	0.002864
3567	-0.002785	-0.019264	-0.004800
3568	0.005065	-0.027087	-0.002690
3569	0.010079	-0.011483	0.002534
3570	0.011762	-0.009720	0.004413
3571	0.018958	-0.006356	0.003573
3572	0.023533	0.006138	0.007979
3573	0.024758	0.011436	0.007636
3574	0.027113	0.003628	0.010187
3575	0.025542	-0.018446	0.010401
3576	0.027290	0.010419	0.007281
3577	0.025752	-0.002874	-0.000569
3578	0.026082	0.000690	-0.003815
3579	0.029927	-0.008440	-0.004511
3580	0.031742	-0.001902	-0.006740
3581	0.039432	0.015352	-0.006729
3582	0.046985	0.001216	-0.010184
3583	0.052801	-0.014020	-0.004259
3584	0.060485	-0.012712	-0.001567
3585	0.063340	-0.009385	0.004710
3586	0.066625	0.001997	0.008484
3587	0.071169	0.006723	0.007113
3588	0.072757	0.014976	0.012350
3589	0.074011	0.020909	0.019733
3590	0.073802	0.022266	0.031170
3591	0.074401	0.018763	0.037996
3592	0.076665	0.028629	0.045530
3593	0.073482	0.021582	0.046306
3594	0.071169	0.001328	0.046555
3595	0.071245	-0.002486	0.049041
3596	0.069235	-0.012375	0.052223
3597	0.066868	-0.003509	0.051117
3598	0.068841	-0.018946	0.050012
3599	0.071587	-0.008804	0.044849
3600	0.070773	0.010823	0.039515
3601	0.067385	-0.014810	0.038722
3602	0.063853	-0.005888	0.035086
3603	0.066748	-0.017284	0.030883
3604	0.064157	-0.011684	0.025817
3605	0.059700	-0.006481	0.024817
3606	0.057449	-0.013891	0.022641
3607	0.053147	0.009887	0.021377
3608	0.045695	0.006281	0.021803
3609	0.034756	0.014215	0.024737
3610	0.029334	-0.000999	0.023493
3611	0.024160	-0.006173	0.022519
3612	0.022107	-0.013353	0.021545
3613	0.027977	0.004966	0.017020
3614	0.029993	0.010024	0.021270
3615	0.025460	-0.000738	0.021529
3616	0.025303	0.006483	0.020597
3617	0.032773	-0.004392	0.015261
3618	0.034614	-0.000899	0.014545
3619	0.037411	0.004721	0.013579
3620	0.042099	0.013292	0.016018
3621	0.041962	-0.029556	0.014903
3622	0.043426	-0.003177	0.013591
3623	0.043594	-0.019340	0.012537
3624	0.044269	0.004435	0.011831
3625	0.042059	0.006781	0.007243
3626	0.037997	-0.007123	0.006937
3627	0.039071	-0.006085	0.003107
3628	0.035226	-0.005459	0.002247
3629	0.031735	-0.004049	-0.002128
3630	0.028463	0.001229	-0.005568
3631	0.032743	-0.014916	-0.004904
3632	0.035576	-0.020710	-0.000137
3633	0.032487	-0.019012	-0.000962
3634	0.025049	-0.024451	0.001746
3635	0.021539	-0.005853	0.001588
3636	0.020432	0.004598	0.002704
3637	0.021384	0.004814	0.001421
3638	0.024400	0.003322	0.003920
3639	0.027927	-0.001550	-0.001947
3640	0.027157	-0.005646	-0.007521
3641	0.028838	-0.013719	-0.008617
3642	0.033895	-0.016166	-0.008972
3643	0.033458	-0.012720	-0.013033
3644	0.032836	-0.011336	-0.014177
3645	0.033876	-0.018618	-0.013133
3646	0.028606	-0.018729	-0.013750
3647	0.027687	0.011557	-0.015276
3648	0.028235	0.000651	-0.012978
3649	0.026501	-0.015011	-0.012177
3650	0.023544	-0.011515	-0.012798
3651	0.013863	-0.005986	-0.013444
3652	0.005563	0.007526	-0.014442
3653	0.001036	-0.000910	-0.017126
3654	-0.008703	-0.001013	-0.023617
3655	-0.020178	0.005936	-0.027595
3656	-0.027592	-0.005503	-0.024880
3657	-0.031982	0.002659	-0.023422
3658	-0.035939	-0.014491	-0.018388
3659	-0.037852	-0.018425	-0.014223
3660	-0.040299	-0.007207	-0.011588
3661	-0.037962	-0.015188	-0.005678
3662	-0.036171	-0.019957	-0.001696
3663	-0.034055	0.000549	0.002615
3664	-0.032254	0.019888	0.005186
3665	-0.029339	0.010664	0.008771
3666	-0.026922	0.016986	0.006876
3667	-0.025562	0.010854	0.005127
3668	-0.028602	0.002665	0.002397
3669	-0.033380	0.007055	0.001003
3670	-0.037238	-0.023707	0.005040
3671	-0.035972	-0.005082	0.008215
3672	-0.039269	-0.008384	0.011380
3673	-0.044454	-0.013593	0.013669
3674	-0.051002	-0.024993	0.021482
3675	-0.054959	-0.014632	0.031066
3676	-0.054511	-0.011902	0.039963
3677	-0.051728	-0.002551	0.051223
3678	-0.050048	-0.019235	0.054818
3679	-0.050162	-0.020671	0.060511
3680	-0.051261	-0.018334	0.060410
3681	-0.050391	-0.002790	0.064261
3682	-0.047457	0.002052	0.068715
3683	-0.050180	0.010219	0.070763
3684	-0.045484	-0.012073	0.069384
3685	-0.042168	-0.003774	0.072496
3686	-0.038981	-0.002599	0.067982
3687	-0.037380	0.000261	0.064204
3688	-0.035408	0.027314	0.063607
3689	-0.035122	0.015379	0.061595
3690	-0.035851	0.012696	0.060726
3691	-0.034371	0.009432	0.058954
3692	-0.035654	0.010946	0.058642
3693	-0.034785	-0.001780	0.060325
3694	-0.031589	0.000060	0.058879
3695	-0.031717	0.000506	0.056105
3696	-0.033411	-0.002154	0.055404
3697	-0.036420	-0.004920	0.059816
3698	-0.038788	-0.002358	0.062908
3699	-0.038881	0.017021	0.063624
3700	-0.035392	0.000222	0.068151
3701	-0.035227	-0.012797	0.070068
3702	-0.028734	0.012092	0.068202
3703	-0.027745	0.022191	0.066647
3704	-0.029148	0.022516	0.073222
3705	-0.025290	0.028135	0.072402
3706	-0.026134	0.018391	0.067818
3707	-0.020891	0.011384	0.061747
3708	-0.019627	0.001268	0.056357
3709	-0.016673	-0.007289	0.053611
3710	-0.020621	-0.001453	0.047025
3711	-0.017174	0.007069	0.043340
3712	-0.016410	-0.011974	0.043314
3713	-0.016124	-0.012088	0.046026
3714	-0.017084	-0.010870	0.048230
3715	-0.016014	-0.004731	0.053447
3716	-0.011597	0.010818	0.048703
3717	-0.013381	0.011089	0.052342
3718	-0.013837	-0.000641	0.056460
3719	-0.013597	0.006039	0.064232
3720	-0.013473	-0.002547	0.065916
3721	-0.018536	0.017040	0.065266
3722	-0.016017	0.002079	0.067291
3723	-0.015519	-0.001561	0.072669
3724	-0.015872	0.010655	0.079833
3725	-0.012972	-0.006757	0.087989
3726	-0.009698	-0.000326	0.091721
3727	-0.009139	-0.004703	0.095334
3728	-0.006861	0.003157	0.095418
3729	-0.005001	0.000241	0.098379
3730	-0.006776	0.007153	0.096258
3731	-0.003094	0.006995	0.094358
3732	0.006630	-0.001220	0.092507
3733	0.008982	-0.003376	0.086904
3734	0.007670	-0.017375	0.086442
3735	0.000680	-0.011868	0.081750
3736	-0.003032	0.002777	0.082568
3737	-0.007491	-0.011485	0.085543
3738	-0.007238	-0.021300	0.080520
3739	-0.009865	-0.027075	0.074221
3740	-0.014475	-0.024705	0.076662
3741	-0.018339	-0.033355	0.082121
3742	-0.016924	-0.008835	0.082692
3743	-0.015909	-0.009413	0.080634
3744	-0.020749	-0.022076	0.077105
3745	-0.027561	-0.004359	0.068596
3746	-0.031430	-0.009027	0.053406
3747	-0.030983	0.013092	0.041135
3748	-0.029350	0.028024	0.031965
3749	-0.030966	0.024669	0.028579
3750	-0.032736	-0.002241	0.025381
3751	-0.038215	-0.010121	0.022928
3752	-0.035615	0.018950	0.022062
3753	-0.036381	0.020239	0.018194
3754	-0.033455	-0.008763	0.015847
3755	-0.031773	0.002123	0.014855
3756	-0.026870	0.001537	0.009976
3757	-0.023819	0.002895	0.007829
3758	-0.025381	0.009553	0.005145
3759	-0.025253	0.032298	0.007318
3760	-0.024526	0.032511	0.004042
3761	-0.023509	0.020516	0.013071
3762	-0.027239	0.015049	0.008556
3763	-0.029221	-0.003589	0.007784
3764	-0.027099	-0.012623	0.008758
3765	-0.028667	0.003163	0.012000
3766	-0.021722	0.017788	0.008679
3767	-0.018846	-0.003803	0.006505
3768	-0.017316	0.005113	0.008112
3769	-0.013615	-0.000050	0.005039
3770	-0.008603	-0.003470	0.005351
3771	-0.002495	-0.022069	0.008542
3772	0.002365	-0.012491	0.006512
3773	0.002383	-0.024128	0.004350
3774	-0.000428	-0.019802	-0.000471
3775	-0.007119	0.001739	-0.007928
3776	-0.014832	0.003487	-0.008134
3777	-0.023223	-0.002190	-0.004748
3778	-0.031459	0.008065	-0.001566
3779	-0.036485	-0.009964	-0.000229
3780	-0.042483	-0.009159	-0.003340
3781	-0.056629	-0.008485	0.000625
3782	-0.060855	0.010371	-0.002292
3783	-0.067245	0.016863	-0.000795
3784	-0.066102	0.017661	0.000683
3785	-0.069112	-0.007884	0.006046
3786	-0.069837	-0.000974	0.007973
3787	-0.069867	-0.001808	0.003830
3788	-0.070504	0.002456	-0.002581
3789	-0.067042	0.013146	-0.006267
3790	-0.065890	-0.011002	-0.010378
3791	-0.057575	-0.023732	-0.016298
3792	-0.051420	-0.032892	-0.021612
3793	-0.045887	-0.019293	-0.029656
3794	-0.043930	0.002049	-0.033307
3795	-0.035691	0.015346	-0.040931
3796	-0.031854	0.008435	-0.043812
3797	-0.027134	-0.004976	-0.048723
3798	-0.024230	0.001676	-0.052429
3799	-0.020096	-0.005547	-0.053586
3800	-0.015683	0.005233	-0.054809
3801	-0.007404	0.003385	-0.054844
3802	-0.003244	-0.007246	-0.055280
3803	-0.002002	0.011161	-0.052953
3804	-0.007957	0.006130	-0.050489
3805	-0.012845	-0.003061	-0.049342
3806	-0.014487	0.016000	-0.046772
3807	-0.019115	0.008362	-0.043608
3808	-0.017556	-0.000549	-0.042284
3809	-0.014662	0.007437	-0.035057
3810	-0.010914	0.004778	-0.031440
3811	-0.007707	0.003336	-0.034198
3812	-0.011599	-0.009188	-0.038141
3813	-0.014650	-0.003131	-0.038291
3814	-0.013136	-0.021805	-0.039694
3815	-0.014032	-0.012421	-0.037296
3816	-0.013341	-0.025553	-0.040464
3817	-0.005646	-0.002518	-0.043309
3818	0.000475	-0.014441	-0.043895
3819	-0.000959	-0.005931	-0.049302
3820	0.000705	-0.012515	-0.049618
3821	0.000825	-0.002725	-0.051828
3822	-0.002197	-0.003693	-0.046329
3823	-0.006368	-0.006066	-0.047381
3824	-0.002725	0.002163	-0.045629
3825	0.000869	0.000937	-0.046462
3826	-0.000585	-0.007617	-0.045015
3827	0.001427	-0.019902	-0.044518
3828	0.003701	-0.027987	-0.038134
3829	0.007251	-0.005395	-0.027461
3830	0.014479	-0.032046	-0.026700
3831	0.009401	-0.011008	-0.018115
3832	0.005208	-0.019136	-0.020978
3833	-0.001829	-0.002944	-0.022291
3834	-0.005304	0.000877	-0.022786
3835	-0.006463	0.000341	-0.022696
3836	-0.010802	-0.023814	-0.028296
3837	-0.015564	-0.019652	-0.039858
3838	-0.020232	0.004017	-0.052299
3839	-0.019840	-0.003647	-0.058519
3840	-0.017736	-0.004662	-0.064021
3841	-0.017438	-0.007705	-0.068399
3842	-0.016043	-0.009367	-0.072420
3843	-0.016023	-0.005489	-0.076447
3844	-0.013839	-0.005979	-0.077813
3845	-0.002821	-0.011958	-0.079060
3846	-0.003348	-0.011172	-0.076613
3847	-0.004864	-0.013755	-0.071875
3848	-0.007151	0.005569	-0.063159
3849	-0.006511	0.005044	-0.056503
3850	-0.007565	0.005774	-0.063583
3851	-0.012600	0.018994	-0.065489
3852	-0.018840	-0.000473	-0.067856
3853	-0.022350	0.021127	-0.068129
3854	-0.025582	0.017829	-0.061567
3855	-0.022723	0.010475	-0.060890
3856	-0.024894	0.020070	-0.062133
3857	-0.031175	0.016677	-0.063710
3858	-0.034521	0.015241	-0.065319
3859	-0.033366	0.011338	-0.063123
3860	-0.036068	0.007602	-0.058369
3861	-0.036354	0.009946	-0.048575
3862	-0.035135	0.006755	-0.045261
3863	-0.030183	-0.001095	-0.043693
3864	-0.029938	0.007566	-0.045625
3865	-0.029869	-0.000582	-0.050190
3866	-0.031488	-0.021361	-0.052857
3867	-0.035607	-0.000527	-0.053941
3868	-0.039955	-0.000455	-0.059968
3869	-0.045660	0.017758	-0.064375
3870	-0.045781	0.019242	-0.064301
3871	-0.048046	-0.001313	-0.065315
3872	-0.048347	-0.013000	-0.063152
3873	-0.046207	-0.024977	-0.065830
3874	-0.050464	-0.017995	-0.060577
3875	-0.052216	-0.022455	-0.058815
3876	-0.048694	-0.009152	-0.053469
3877	-0.048631	0.002996	-0.045739
3878	-0.054443	0.018338	-0.036801
3879	-0.059457	0.020220	-0.033441
3880	-0.059122	0.033922	-0.031905
3881	-0.059498	0.030154	-0.028609
3882	-0.059008	0.016248	-0.031674
3883	-0.060790	0.004658	-0.030955
3884	-0.061352	-0.011417	-0.030735
3885	-0.063747	-0.004111	-0.029805
3886	-0.062196	-0.010488	-0.026869
3887	-0.064049	0.013499	-0.022762
3888	-0.072540	0.020109	-0.017299
3889	-0.072029	0.012358	-0.014357
3890	-0.071074	0.008280	-0.014596
3891	-0.067579	0.002570	-0.012262
3892	-0.064246	-0.001716	-0.014546
3893	-0.065170	0.020433	-0.017272
3894	-0.063691	0.005148	-0.016382
3895	-0.053079	0.003110	-0.015651
3896	-0.042348	-0.001871	-0.011972
3897	-0.030769	-0.003300	-0.017740
3898	-0.021438	-0.007680	-0.024411
3899	-0.012803	-0.009606	-0.032162
3900	-0.006164	-0.010127	-0.033353
3901	-0.001556	-0.019992	-0.043479
3902	0.002703	-0.014880	-0.050311
3903	0.005702	0.004473	-0.048786
3904	-0.002977	-0.006612	-0.048085
3905	-0.005157	-0.001182	-0.048610
3906	-0.009194	0.003196	-0.042129
3907	-0.021195	-0.014398	-0.040211
3908	-0.029197	-0.021841	-0.031285
3909	-0.032657	-0.021194	-0.027281
3910	-0.033366	-0.024067	-0.021560
3911	-0.037348	-0.016509	-0.010981
3912	-0.042804	0.003045	-0.004350
3913	-0.041975	-0.000851	0.002367
3914	-0.048611	0.003700	0.004041
3915	-0.051879	-0.003324	-0.000329
3916	-0.048534	0.014561	-0.004096
3917	-0.046451	0.017017	-0.008253
3918	-0.045778	0.012531	-0.013171
3919	-0.041976	0.005011	-0.013966
3920	-0.046018	0.005272	-0.017376
3921	-0.043156	-0.000711	-0.026838
3922	-0.039018	-0.006828	-0.035805
3923	-0.040350	-0.008123	-0.043248
3924	-0.039532	-0.010677	-0.048292
3925	-0.038521	-0.011716	-0.052396
3926	-0.037370	-0.005027	-0.058222
3927	-0.035271	0.006916	-0.060735
3928	-0.037525	0.013203	-0.068766
3929	-0.030799	0.012511	-0.073500
3930	-0.025002	0.006299	-0.074088
3931	-0.014819	-0.004555	-0.070968
3932	-0.001982	-0.018714	-0.065137
3933	0.006119	-0.006308	-0.060277
3934	0.008076	0.016518	-0.058747
3935	0.011046	0.023527	-0.050365
3936	0.013619	0.013201	-0.051336
3937	0.012868	0.013994	-0.048451
3938	0.010004	0.011829	-0.044017
3939	0.010374	0.019441	-0.038122
3940	0.012358	0.008042	-0.037443
3941	0.018497	-0.003718	-0.030056
3942	0.021023	-0.022742	-0.029501
3943	0.025793	-0.014409	-0.025521
3944	0.025682	-0.002762	-0.025143
3945	0.030362	-0.003948	-0.017783
3946	0.030137	0.006196	-0.019433
3947	0.032702	0.011718	-0.022567
3948	0.037465	0.014168	-0.022250
3949	0.038681	0.031329	-0.022093
3950	0.046991	0.013340	-0.018089
3951	0.044576	0.024872	-0.012648
3952	0.047114	0.015614	-0.002445
3953	0.050385	0.007233	0.003602
3954	0.059103	0.008298	0.005923
3955	0.065268	0.013500	0.009304
3956	0.065317	0.011835	0.010800
3957	0.061747	-0.000909	0.011801
3958	0.055680	-0.012336	0.018461
3959	0.050669	-0.000973	0.023725
3960	0.043750	-0.001080	0.025515
3961	0.039290	-0.009628	0.028002
3962	0.032921	-0.015398	0.022986
3963	0.031964	-0.003881	0.027038
3964	0.030078	-0.012915	0.026913
3965	0.028525	0.001797	0.034971
3966	0.027907	-0.030404	0.040620
3967	0.032611	-0.026903	0.042244
3968	0.032147	-0.015399	0.051392
3969	0.029775	-0.017192	0.053671
3970	0.027489	0.007670	0.056586
3971	0.029089	-0.009110	0.053543
3972	0.032235	0.009737	0.056755
3973	0.035250	0.012957	0.058859
3974	0.041148	0.009519	0.063193
3975	0.045440	0.016557	0.071559
3976	0.047865	-0.005195	0.070045
3977	0.051973	-0.002965	0.069270
3978	0.056299	-0.007622	0.071929
3979	0.061153	-0.016923	0.071454
3980	0.061275	0.006325	0.071569
3981	0.056935	0.003467	0.066398
3982	0.055313	-0.000460	0.061484
3983	0.048064	0.006159	0.059279
3984	0.042735	0.010065	0.058511
3985	0.039737	-0.001438	0.058389
3986	0.039666	0.007923	0.053914
3987	0.043943	-0.001011	0.051427
3988	0.052140	0.000869	0.045942
3989	0.054993	-0.003487	0.044248
3990	0.060472	0.000242	0.041947
3991	0.064092	0.005676	0.034987
3992	0.069255	-0.001758	0.030132
3993	0.072256	0.002131	0.023380
3994	0.071962	0.011283	0.016530
3995	0.071327	0.004199	0.017200
3996	0.068011	0.002795	0.012343
3997	0.055450	0.006841	0.008143
3998	0.050732	0.018738	0.008871
3999	0.046957	-0.006543	0.010563
4000	0.043389	-0.019127	0.015547
4001	0.039596	-0.033334	0.017020
4002	0.038085	-0.035440	0.017312
4003	0.036668	-0.021812	0.019480
4004	0.037359	-0.014739	0.019320
4005	0.038867	-0.006923	0.016289
4006	0.038905	-0.016784	0.014927
4007	0.042785	-0.032107	0.010067
4008	0.040997	0.004370	0.003127
4009	0.039652	0.004883	0.001495
4010	0.038816	0.008582	-0.001647
4011	0.035177	0.016055	-0.005965
4012	0.032415	0.025152	-0.012060
4013	0.033906	0.013017	-0.013164
4014	0.028991	0.021656	-0.020877
4015	0.031596	0.030529	-0.024852
4016	0.033676	0.028314	-0.034152
4017	0.031782	0.011711	-0.040226
4018	0.034285	0.008900	-0.038672
4019	0.027963	0.002155	-0.037410
4020	0.022341	-0.005032	-0.032807
4021	0.016976	0.007287	-0.033580
4022	0.007710	-0.000829	-0.030286
4023	0.002193	-0.006325	-0.024404
4024	0.003162	0.018634	-0.020865
4025	0.009844	0.037268	-0.016897
4026	0.013911	0.013713	-0.015901
4027	0.015530	0.003191	-0.014513
4028	0.021892	-0.011902	-0.013671
4029	0.025631	-0.017587	-0.017102
4030	0.033568	-0.012684	-0.019148
4031	0.036846	-0.018459	-0.016674
4032	0.045793	-0.027865	-0.017999
4033	0.048684	-0.022754	-0.016112
4034	0.051049	-0.009853	-0.014069
4035	0.044080	-0.009783	-0.017482
4036	0.039235	-0.015327	-0.016664
4037	0.033731	-0.005618	-0.016106
4038	0.027018	-0.008784	-0.011635
4039	0.024601	-0.007668	-0.008588
4040	0.024846	-0.004971	-0.002857
4041	0.017300	-0.000861	-0.003739
4042	0.012670	-0.003783	-0.000775
4043	0.013050	-0.012149	0.006561
4044	0.018740	-0.007333	0.006532
4045	0.020953	-0.015636	0.008650
4046	0.022404	-0.013662	0.007844
4047	0.014674	-0.012506	0.009371
4048	0.015862	-0.004978	0.013268
4049	0.011887	0.016529	0.015520
4050	0.012555	0.001130	0.015690
4051	0.005791	0.000578	0.016258
4052	0.003235	-0.005194	0.013828
4053	0.006894	-0.010170	0.013221
4054	0.003508	-0.013893	0.010885
4055	-0.001424	-0.012234	0.009706
4056	-0.001136	-0.007137	0.009175
4057	0.000968	-0.008130	0.012856
4058	0.001055	-0.012745	0.009435
4059	-0.005115	-0.019769	0.010974
4060	-0.010543	-0.021961	0.017474
4061	-0.011780	-0.019029	0.016942
4062	-0.008892	-0.022596	0.026694
4063	-0.005793	-0.005630	0.032311
4064	-0.006583	-0.003085	0.034056
4065	-0.004240	-0.003476	0.036856
4066	-0.009079	0.016214	0.030795
4067	-0.014704	0.024881	0.027451
4068	-0.013783	0.002396	0.027355
4069	-0.017658	0.013234	0.021451
4070	-0.015402	-0.010037	0.016446
4071	-0.012542	0.005142	0.013982
4072	-0.008489	-0.013555	0.014038
4073	-0.008298	-0.002710	0.013064
4074	-0.005377	-0.017049	0.007215
4075	-0.008933	0.005247	0.001580
4076	-0.006765	0.011655	-0.000784
4077	-0.004328	0.023247	0.003605
4078	-0.005049	0.002672	0.001188
4079	-0.007044	0.025584	0.001538
4080	-0.006122	0.005258	0.002587
4081	-0.003592	-0.009863	0.001198
4082	-0.005332	-0.025730	0.004243
4083	0.000741	-0.013199	0.000638
4084	0.005073	0.010550	0.000587
4085	0.010545	-0.011143	-0.001765
4086	0.012041	-0.009517	-0.005493
4087	0.018311	-0.002487	-0.009092
4088	0.016301	0.029072	-0.019504
4089	0.016890	0.015077	-0.022697
4090	0.023186	-0.002745	-0.029213
4091	0.023927	-0.004218	-0.028544
4092	0.022147	0.007383	-0.031306
4093	0.019208	-0.002424	-0.029219
4094	0.011142	-0.004119	-0.023884
4095	0.006874	0.009371	-0.023192
4096	0.001927	-0.009410	-0.021824
4097	0.003250	-0.001321	-0.018560
4098	0.005840	-0.025090	-0.013943
4099	0.002200	-0.024729	-0.017030
4100	0.003145	-0.024838	-0.017816
4101	0.002199	-0.007883	-0.022275
4102	0.004403	-0.016388	-0.019659
4103	0.009106	-0.021373	-0.014779
4104	0.016077	0.012334	-0.011472
4105	0.021209	0.009458	-0.011578
4106	0.022883	0.005851	-0.011760
4107	0.021706	-0.002267	-0.003677
4108	0.023517	0.000565	-0.004164
4109	0.022667	0.002366	0.001037
4110	0.020769	0.010212	0.002876
4111	0.018115	-0.007312	0.002690
4112	0.013358	-0.007261	0.003267
4113	0.003867	-0.007111	0.003396
4114	-0.000112	0.010522	0.006293
4115	-0.005895	0.011994	0.008941
4116	-0.013335	0.023276	0.012778
4117	-0.018254	0.037490	0.013867
4118	-0.024719	0.012695	0.010965
4119	-0.031005	0.008590	0.007609
4120	-0.039018	0.008005	0.002650
4121	-0.040316	-0.002480	-0.001126
4122	-0.045550	-0.007805	-0.004069
4123	-0.044064	-0.003960	-0.012557
4124	-0.044179	0.013079	-0.013486
4125	-0.042815	0.021095	-0.013388
4126	-0.041362	0.015824	-0.016058
4127	-0.036664	0.011899	-0.013297
4128	-0.032875	0.011228	-0.016756
4129	-0.033632	-0.000840	-0.018039
4130	-0.027891	-0.001024	-0.016061
4131	-0.024189	-0.001018	-0.012597
4132	-0.025445	-0.007100	-0.012475
4133	-0.026486	-0.024565	-0.010133
4134	-0.028178	-0.003022	-0.009944
4135	-0.032943	-0.007889	-0.007009
4136	-0.037153	0.020901	-0.003726
4137	-0.039277	0.009175	0.001238
4138	-0.044313	0.012520	0.000534
4139	-0.057075	-0.006392	0.006868
4140	-0.061715	-0.003087	0.014090
4141	-0.064249	0.001152	0.015171
4142	-0.061376	-0.013593	0.013938
4143	-0.055787	0.003469	0.015568
4144	-0.058429	0.000592	0.008149
4145	-0.061876	-0.008987	0.006170
4146	-0.064599	-0.020656	0.004871
4147	-0.061437	-0.009478	0.002029
4148	-0.056279	-0.014698	-0.002545
4149	-0.053656	-0.016040	-0.008750
4150	-0.053459	-0.015732	-0.011653
4151	-0.056304	0.013258	-0.009995
4152	-0.060544	0.000341	-0.008346
4153	-0.059651	0.008784	-0.009104
4154	-0.061361	0.020289	-0.000973
4155	-0.062509	0.023865	0.002197
4156	-0.056336	0.014424	0.000884
4157	-0.051534	0.020827	-0.000154
4158	-0.041024	0.009111	-0.001517
4159	-0.038359	0.012136	-0.001867
4160	-0.029700	0.005589	0.001042
4161	-0.024941	-0.010041	0.002973
4162	-0.014954	-0.002707	0.002656
4163	-0.009004	-0.009908	-0.002857
4164	-0.008070	-0.004047	-0.001088
4165	-0.005596	0.012297	-0.002016
4166	-0.005062	0.016389	-0.001440
4167	-0.002974	0.016891	-0.005759
4168	0.003119	-0.012548	-0.012246
4169	0.006268	-0.014719	-0.013918
4170	0.015285	-0.010396	-0.014046
4171	0.017885	-0.004044	-0.015301
4172	0.016934	0.001066	-0.019811
4173	0.019974	-0.015941	-0.023399
4174	0.023807	-0.000547	-0.029905
4175	0.024598	-0.000004	-0.032097
4176	0.029821	-0.009226	-0.037195
4177	0.032468	-0.023783	-0.037003
4178	0.036624	-0.024384	-0.035028
4179	0.035037	-0.017579	-0.038222
4180	0.036647	-0.020704	-0.037569
4181	0.031527	-0.004861	-0.037534
4182	0.023367	-0.033128	-0.044125
4183	0.014359	-0.011263	-0.042315
4184	0.010362	-0.024901	-0.042817
4185	0.007510	-0.013037	-0.039671
4186	0.002466	-0.017543	-0.038177
4187	-0.004302	-0.002921	-0.033588
4188	-0.009799	-0.008601	-0.032479
4189	-0.015156	0.003249	-0.032601
4190	-0.019584	0.009387	-0.031394
4191	-0.023405	0.007124	-0.030959
4192	-0.021837	-0.010212	-0.026169
4193	-0.018417	-0.000792	-0.017840
4194	-0.016930	0.014242	-0.016812
4195	-0.015818	0.001507	-0.016111
4196	-0.017267	0.015244	-0.017944
4197	-0.016659	0.002099	-0.018346
4198	-0.012755	0.017035	-0.013100
4199	-0.009467	0.002761	-0.011658
4200	-0.006307	0.020888	-0.001972
4201	-0.003943	0.002322	0.005425
4202	-0.003257	-0.003107	0.014280
4203	0.000635	-0.012939	0.018979
4204	-0.004360	-0.020729	0.019663
4205	-0.001874	-0.018165	0.012348
4206	-0.001841	-0.017920	0.006943
4207	-0.008083	-0.005050	0.001887
4208	-0.005128	0.003032	-0.000708
4209	-0.000836	-0.002460	-0.005632
4210	0.002010	0.001981	-0.005468
4211	-0.000751	0.006189	-0.007955
4212	-0.005634	-0.004860	-0.020797
4213	-0.007532	0.006324	-0.027629
4214	-0.011920	0.015511	-0.028828
4215	-0.019017	0.006981	-0.032025
4216	-0.015885	-0.000132	-0.033323
4217	-0.012260	-0.020635	-0.034325
4218	-0.009259	0.008009	-0.038604
4219	-0.006146	-0.004577	-0.039321
4220	-0.006151	-0.002161	-0.036925
4221	-0.007959	0.005779	-0.038743
4222	-0.003313	-0.009237	-0.038841
4223	-0.006430	-0.017857	-0.033815
4224	-0.008725	-0.007047	-0.025812
4225	-0.007917	0.015322	-0.026107
4226	-0.014032	0.011202	-0.024507
4227	-0.015351	0.027547	-0.021875
4228	-0.011055	0.025010	-0.018304
4229	-0.008010	0.009844	-0.012854
4230	0.000890	0.015131	-0.011328
4231	0.009061	0.013260	-0.003549
4232	0.011990	-0.006432	0.001377
4233	0.013565	-0.013943	-0.003408
4234	0.017647	-0.002566	-0.004396
4235	0.026053	0.000336	-0.000534
4236	0.032884	0.010483	0.000467
4237	0.041117	0.020396	-0.004943
4238	0.037037	0.005014	-0.006218
4239	0.038954	0.007240	-0.006272
4240	0.042604	-0.001845	-0.008503
4241	0.046557	-0.002295	-0.010505
4242	0.049560	-0.008812	-0.002469
4243	0.049290	0.004373	0.003429
4244	0.049470	-0.010303	0.007215
4245	0.059172	-0.011830	0.007608
4246	0.061130	-0.005410	0.008181
4247	0.065486	-0.001124	0.007696
4248	0.070973	0.011135	0.002216
4249	0.076354	0.009701	-0.001762
4250	0.081877	0.046103	-0.004434
4251	0.082385	0.013525	-0.010456
4252	0.084850	0.022680	-0.015938
4253	0.086338	0.021503	-0.019484
4254	0.080189	0.032521	-0.024257
4255	0.075342	0.014121	-0.023899
4256	0.069712	-0.005936	-0.024656
4257	0.062637	-0.008697	-0.019743
4258	0.063671	-0.011948	-0.018033
4259	0.062640	-0.020475	-0.014572
4260	0.063237	-0.018882	-0.007047
4261	0.063207	-0.006513	-0.003866
4262	0.062330	-0.022409	0.003125
4263	0.066769	-0.004624	0.003924
4264	0.074323	-0.004461	0.007456
4265	0.082066	-0.002417	0.012319
4266	0.092762	-0.023343	0.020090
4267	0.096412	-0.032641	0.026741
4268	0.102870	-0.031639	0.027915
4269	0.113422	-0.028844	0.026980
4270	0.116212	-0.026400	0.025667
4271	0.116021	-0.031991	0.025681
4272	0.111186	-0.019513	0.021690
4273	0.110963	-0.019037	0.017621
4274	0.108388	-0.019849	0.020356
4275	0.106853	-0.004728	0.023387
4276	0.106218	-0.009720	0.025891
4277	0.102569	-0.012940	0.026866
4278	0.101207	-0.000699	0.022958
4279	0.096336	-0.003277	0.028351
4280	0.089107	-0.003703	0.029117
4281	0.079881	-0.008400	0.036661
4282	0.077070	0.012250	0.037215
4283	0.077165	0.003181	0.037086
4284	0.077604	0.003769	0.033466
4285	0.076560	0.038145	0.024174
4286	0.074689	0.038224	0.018209
4287	0.074259	0.009455	0.011272
4288	0.078919	0.009406	0.007129
4289	0.080383	-0.006974	-0.002162
4290	0.082870	-0.005873	-0.004536
4291	0.082212	0.020975	-0.004242
4292	0.080592	0.019810	-0.007160
4293	0.076024	0.023444	-0.008256
4294	0.073555	0.034202	-0.010260
4295	0.073742	0.013924	-0.014241
4296	0.074416	0.025947	-0.019718
4297	0.072840	0.021249	-0.020995
4298	0.069185	0.009259	-0.029771
4299	0.068484	0.014611	-0.041483
4300	0.065967	0.001393	-0.050994
4301	0.066625	-0.004887	-0.059421
4302	0.070394	0.004017	-0.057768
4303	0.071495	-0.015234	-0.064383
4304	0.061161	0.006094	-0.064791
4305	0.054280	-0.008031	-0.064100
4306	0.045511	0.000636	-0.072779
4307	0.042212	0.010769	-0.079295
4308	0.040440	0.009541	-0.078608
4309	0.037164	0.007575	-0.069023
4310	0.028917	0.002466	-0.062352
4311	0.021228	-0.009482	-0.059668
4312	0.009661	0.009006	-0.061775
4313	0.001536	0.010177	-0.064649
4314	-0.005898	0.006876	-0.065175
4315	-0.011048	0.012722	-0.067995
4316	-0.016468	0.008561	-0.068278
4317	-0.017150	0.027689	-0.065213
4318	-0.020346	0.028942	-0.063073
4319	-0.024375	0.008921	-0.063752
4320	-0.023286	-0.013619	-0.060836
4321	-0.021764	-0.021509	-0.058729
4322	-0.017173	-0.008621	-0.059973
4323	-0.010964	0.000010	-0.057332
4324	-0.001658	-0.025663	-0.057168
4325	0.006995	-0.013222	-0.057230
4326	0.012281	-0.006033	-0.056265
4327	0.019323	-0.001711	-0.053933
4328	0.025757	0.001594	-0.051362
4329	0.029920	0.017317	-0.053371
4330	0.034307	0.006879	-0.052537
4331	0.036693	0.020251	-0.051384
4332	0.041962	0.010726	-0.051698
4333	0.042226	-0.000804	-0.056730
4334	0.050069	-0.009598	-0.063590
4335	0.054203	-0.008403	-0.064950
4336	0.060043	0.002650	-0.068184
4337	0.064569	0.007277	-0.070027
4338	0.064482	0.003245	-0.069098
4339	0.068000	-0.003847	-0.072552
4340	0.074377	0.013251	-0.078388
4341	0.075963	0.025895	-0.083482
4342	0.074580	0.022986	-0.090047
4343	0.069850	0.012996	-0.099777
4344	0.065181	-0.007228	-0.105080
4345	0.061981	-0.022225	-0.104070
4346	0.054317	-0.014652	-0.103797
4347	0.052570	-0.001152	-0.102084
4348	0.050309	-0.024624	-0.099627
4349	0.042074	-0.016859	-0.093208
4350	0.034521	-0.010480	-0.088114
4351	0.028551	-0.015225	-0.080067
4352	0.026909	-0.030387	-0.072841
4353	0.023837	-0.038834	-0.065739
4354	0.016214	-0.008778	-0.060858
4355	0.012941	-0.016723	-0.059252
4356	0.009519	-0.007043	-0.058627
4357	0.005743	-0.002315	-0.055305
4358	0.003897	-0.009130	-0.057126
4359	-0.000028	0.001438	-0.055324
4360	-0.008538	0.007659	-0.056760
4361	-0.018098	-0.001994	-0.058418
4362	-0.016945	-0.031262	-0.055101
4363	-0.017287	-0.040685	-0.059527
4364	-0.016285	-0.031536	-0.057098
4365	-0.013623	-0.011678	-0.055737
4366	-0.011610	-0.024197	-0.054090
4367	-0.009022	-0.005618	-0.056026
4368	-0.014543	-0.006006	-0.056289
4369	-0.012368	-0.015657	-0.058532
4370	-0.006889	-0.016488	-0.055316
4371	-0.005715	-0.010223	-0.050851
4372	-0.001279	-0.002690	-0.049073
4373	-0.003435	-0.002054	-0.047719
4374	-0.007988	0.007306	-0.046844
4375	-0.010922	0.022875	-0.044145
4376	-0.009414	0.016752	-0.041582
4377	0.000330	0.028869	-0.039729
4378	0.000246	0.034231	-0.043002
4379	0.005653	0.024201	-0.040928
4380	0.011236	0.027974	-0.039370
4381	0.014779	0.007156	-0.035424
4382	0.011442	0.008839	-0.031928
4383	0.002746	0.019956	-0.033781
4384	-0.001289	0.006238	-0.037142
4385	-0.012132	0.008837	-0.032051
4386	-0.016488	-0.021044	-0.028029
4387	-0.019716	-0.000133	-0.024211
4388	-0.022010	-0.012926	-0.019763
4389	-0.023560	-0.003766	-0.016131
4390	-0.017175	-0.021256	-0.008277
4391	-0.007487	-0.032325	-0.004985
4392	-0.002841	-0.033551	-0.008652
4393	0.000937	-0.038250	-0.011409
4394	0.007447	-0.026348	-0.008289
4395	0.001939	-0.022548	-0.007571
4396	-0.004521	-0.006865	-0.010028
4397	-0.007287	-0.012618	-0.005495
4398	-0.009452	-0.008991	-0.005215
4399	-0.008844	0.011667	-0.008348
4400	-0.008932	0.012332	-0.015792
4401	-0.007783	-0.004659	-0.011075
4402	-0.009525	-0.011806	-0.010044
4403	-0.007397	-0.000734	-0.008461
4404	-0.011128	-0.013379	-0.009647
4405	-0.012837	0.001508	-0.007072
4406	-0.013677	-0.005360	-0.006851
4407	-0.017746	0.007378	-0.003916
4408	-0.016433	0.018223	-0.002523
4409	-0.011833	0.021587	0.001452
4410	-0.005688	0.011741	0.006195
4411	-0.002296	0.004248	0.007632
4412	-0.002234	-0.003452	0.006600
4413	-0.004933	-0.024331	0.009009
4414	-0.008459	-0.007621	0.009146
4415	-0.000796	0.004715	0.013384
4416	0.000539	0.011895	0.015107
4417	0.001904	0.008820	0.017396
4418	0.004402	-0.003598	0.015018
4419	0.006105	-0.011912	0.012970
4420	0.003660	0.006531	0.015819
4421	0.005523	0.003207	0.015288
4422	0.009749	0.025536	0.009081
4423	0.016378	0.012587	0.004666
4424	0.022530	0.024916	-0.000898
4425	0.028484	0.009749	-0.008519
4426	0.036597	0.016741	-0.010475
4427	0.041858	-0.002530	-0.009208
4428	0.041736	0.019480	-0.015467
4429	0.037388	0.005105	-0.017301
4430	0.038980	-0.015027	-0.016549
4431	0.041289	-0.008682	-0.013747
4432	0.051180	-0.010363	-0.011635
4433	0.054719	-0.017769	-0.006105
4434	0.054584	-0.000347	-0.006132
4435	0.057556	-0.003280	-0.005514
4436	0.062064	-0.003766	-0.004772
4437	0.056923	0.000294	-0.008754
4438	0.052360	-0.013718	-0.005928
4439	0.044866	0.003749	-0.008195
4440	0.036763	0.002372	0.000038
4441	0.040240	-0.011656	-0.003059
4442	0.047580	-0.012500	0.001654
4443	0.055534	-0.032717	0.010850
4444	0.060204	-0.030906	0.009640
4445	0.061660	-0.039515	0.008635
4446	0.060463	-0.019194	0.010772
4447	0.052150	-0.013832	0.009665
4448	0.045205	-0.009629	0.014420
4449	0.043107	0.002254	0.018111
4450	0.039813	-0.008240	0.019607
4451	0.035475	-0.016493	0.024680
4452	0.031885	-0.010470	0.022609
4453	0.029187	0.005239	0.030031
4454	0.027881	0.007354	0.031570
4455	0.024542	0.000838	0.039230
4456	0.021786	0.023071	0.038542
4457	0.016206	0.010178	0.038294
4458	0.009366	0.013637	0.035140
4459	0.004073	0.000508	0.036876
4460	0.006573	0.023902	0.032641
4461	0.005325	0.000579	0.037960
4462	0.007078	0.011727	0.031498
4463	0.008396	0.012093	0.030268
4464	0.014557	0.009531	0.028543
4465	0.022161	0.005035	0.022863
4466	0.026605	0.017464	0.022111
4467	0.031271	0.017919	0.018862
4468	0.029749	0.024874	0.014979
4469	0.026919	0.017555	0.013167
4470	0.022630	0.004306	0.008054
4471	0.019932	-0.000209	0.011105
4472	0.019152	-0.012263	0.012262
4473	0.019524	-0.000841	0.008244
4474	0.015998	0.004752	0.010135
4475	0.011793	0.011675	0.008101
4476	0.004909	-0.006926	0.008895
4477	-0.004969	-0.004082	0.006443
4478	-0.011971	-0.001458	0.004877
4479	-0.015143	0.003503	0.009561
4480	-0.015561	-0.010503	0.012487
4481	-0.014606	-0.008536	0.013520
4482	-0.012881	-0.022619	0.017063
4483	-0.009450	0.000305	0.016501
4484	-0.005757	-0.004808	0.022813
4485	-0.001936	-0.002092	0.026286
4486	-0.003340	-0.003030	0.029137
4487	-0.006830	-0.013090	0.034487
4488	-0.007127	-0.015049	0.034604
4489	-0.005746	-0.029989	0.032395
4490	-0.007464	-0.051679	0.033006
4491	-0.007068	-0.024847	0.037108
4492	-0.004599	-0.005407	0.044368
4493	-0.001565	-0.010257	0.047195
4494	-0.003326	-0.007099	0.051093
4495	-0.010011	0.000554	0.049781
4496	-0.013570	-0.010316	0.053170
4497	-0.006246	-0.016346	0.055055
4498	-0.003813	0.015212	0.055971
4499	-0.001634	0.010515	0.057850
4500	0.004213	0.024657	0.066503
4501	0.005923	0.031230	0.072157
4502	0.006135	0.029867	0.069310
4503	0.005637	0.030403	0.064498
4504	0.007341	0.020771	0.060793
4505	0.009607	0.030494	0.053926
4506	0.014264	0.009545	0.053726
4507	0.019901	-0.003103	0.051274
4508	0.022271	0.006253	0.052705
4509	0.021583	0.015753	0.050910
4510	0.019680	-0.004593	0.051549
4511	0.016861	-0.005171	0.052387
4512	0.009750	0.002880	0.059091
4513	0.001624	-0.021819	0.067424
4514	0.004952	-0.004828	0.071885
4515	0.006164	0.008193	0.071799
4516	0.012158	-0.000692	0.077052
4517	0.022800	0.009935	0.079650
4518	0.027513	0.017307	0.082604
4519	0.030099	0.044387	0.084322
4520	0.025857	0.037036	0.082583
4521	0.024074	0.004133	0.080861
4522	0.018420	-0.014546	0.078294
4523	0.009427	-0.028380	0.082029
4524	0.011244	-0.030993	0.080852
4525	0.005983	-0.015457	0.075633
4526	0.002401	-0.013690	0.073487
4527	-0.004380	0.001891	0.070505
4528	-0.009153	0.000472	0.067030
4529	-0.017798	0.013217	0.066265
4530	-0.020435	-0.000617	0.059219
4531	-0.024172	0.002791	0.054651
4532	-0.028598	0.002402	0.049315
4533	-0.027762	-0.016711	0.042156
4534	-0.028648	-0.020978	0.035987
4535	-0.033273	-0.006885	0.032710
4536	-0.046389	-0.013672	0.029157
4537	-0.049474	-0.009391	0.024767
4538	-0.053902	-0.014204	0.025568
4539	-0.057052	-0.010331	0.022854
4540	-0.057778	0.000558	0.018230
4541	-0.063531	0.004381	0.023181
4542	-0.071781	-0.015516	0.024915
4543	-0.075628	-0.008806	0.027175
4544	-0.075784	-0.016355	0.031250
4545	-0.073762	-0.008805	0.031548
4546	-0.071029	-0.024690	0.037362
4547	-0.069560	-0.018615	0.041670
4548	-0.060711	-0.023347	0.046217
4549	-0.054494	-0.016077	0.042438
4550	-0.049197	-0.029092	0.037765
4551	-0.049516	0.017978	0.037789
4552	-0.055431	0.019958	0.038623
4553	-0.050155	-0.006398	0.037815
4554	-0.050052	0.015236	0.027976
4555	-0.051157	-0.002772	0.023019
4556	-0.046288	0.013137	0.021553
4557	-0.047178	-0.001736	0.019224
4558	-0.047476	-0.000193	0.008825
4559	-0.051201	-0.018025	0.006069
4560	-0.053099	-0.025024	-0.003173
4561	-0.051860	-0.006570	-0.012551
4562	-0.049141	-0.011903	-0.020529
4563	-0.047549	-0.013501	-0.029094
4564	-0.042100	-0.008344	-0.035544
4565	-0.036359	-0.000687	-0.041810
4566	-0.040971	0.007112	-0.049393
4567	-0.045657	0.002807	-0.055121
4568	-0.048244	0.010817	-0.051318
4569	-0.050336	0.011025	-0.054378
4570	-0.047878	-0.008511	-0.057637
4571	-0.046755	-0.024049	-0.058389
4572	-0.044139	-0.009445	-0.053448
4573	-0.045546	-0.004195	-0.053420
4574	-0.043990	-0.005841	-0.049097
4575	-0.036317	0.014105	-0.045128
4576	-0.034217	0.018545	-0.043685
4577	-0.032989	0.023766	-0.046258
4578	-0.023449	0.014497	-0.046611
4579	-0.016668	0.012663	-0.038994
4580	-0.017265	-0.012040	-0.039775
4581	-0.022679	-0.002160	-0.034061
4582	-0.026493	0.011298	-0.037819
4583	-0.024213	-0.000757	-0.031262
4584	-0.027070	0.001734	-0.031388
4585	-0.028799	-0.016103	-0.029797
4586	-0.033361	0.012180	-0.030673
4587	-0.036527	-0.000400	-0.028427
4588	-0.035338	-0.013804	-0.032441
4589	-0.036792	-0.020961	-0.037483
4590	-0.025748	-0.025191	-0.047136
4591	-0.015840	-0.024030	-0.048743
4592	-0.009371	-0.012011	-0.059147
4593	-0.005882	-0.014224	-0.059954
4594	-0.005574	-0.020261	-0.058148
4595	-0.002527	-0.011155	-0.058779
4596	0.001602	0.008924	-0.057072
4597	0.003247	0.009224	-0.061159
4598	0.012359	0.013488	-0.068016
4599	0.016353	0.012686	-0.069711
4600	0.016052	0.005533	-0.071498
4601	0.020751	0.010120	-0.069551
4602	0.018006	0.017793	-0.067956
4603	0.016915	0.004637	-0.068837
4604	0.013266	-0.019571	-0.068244
4605	0.006242	-0.008985	-0.068159
4606	0.002512	0.001807	-0.074830
4607	-0.001110	-0.009226	-0.076689
4608	0.000021	-0.010558	-0.082384
4609	0.006517	0.003387	-0.083104
4610	0.003743	0.013478	-0.088367
4611	0.003181	0.022534	-0.094937
4612	0.008086	0.020618	-0.096362
4613	0.011051	0.023972	-0.096330
4614	0.016788	0.000249	-0.097630
4615	0.019601	0.015955	-0.096257
4616	0.018446	0.003777	-0.093461
4617	0.018284	0.009512	-0.094554
4618	0.015532	0.002121	-0.088041
4619	0.017788	0.016136	-0.090459
4620	0.013585	0.002759	-0.084832
4621	0.014663	0.020309	-0.080062
4622	0.017464	0.008717	-0.078025
4623	0.020423	-0.003063	-0.078737
4624	0.021044	-0.017752	-0.078998
4625	0.018885	-0.001251	-0.077618
4626	0.020449	0.005339	-0.071977
4627	0.017987	-0.000393	-0.072830
4628	0.020164	-0.009200	-0.069534
4629	0.018362	-0.005821	-0.069736
4630	0.017031	0.013309	-0.067860
4631	0.017108	0.027440	-0.068865
4632	0.012648	0.023640	-0.072056
4633	0.012836	0.011752	-0.069499
4634	0.016561	0.013365	-0.066524
4635	0.025237	0.007907	-0.058439
4636	0.032036	0.007140	-0.049399
4637	0.033353	0.019292	-0.051415
4638	0.038949	0.003261	-0.042892
4639	0.040847	0.011421	-0.037407
4640	0.040946	0.004213	-0.032855
4641	0.036316	0.017348	-0.023640
4642	0.033311	-0.002380	-0.013429
4643	0.033684	0.001720	-0.004598
4644	0.030083	0.017455	0.001636
4645	0.030434	0.042809	0.008177
4646	0.028147	0.034889	0.016186
4647	0.029403	0.028021	0.016640
4648	0.029159	0.017719	0.021590
4649	0.030110	0.003912	0.023521
4650	0.032643	0.006003	0.026825
4651	0.031167	-0.028284	0.025883
4652	0.026121	-0.009626	0.027749
4653	0.028898	-0.015562	0.027750
4654	0.036431	-0.011186	0.025894
4655	0.032832	-0.002895	0.024885
4656	0.031924	0.003080	0.022726
4657	0.031457	0.022702	0.021466
4658	0.026288	0.015245	0.012232
4659	0.027598	-0.004759	0.012376
4660	0.029489	-0.005977	0.011080
4661	0.029430	-0.013741	0.007412
4662	0.020192	-0.004785	0.009024
4663	0.020555	-0.006874	0.012658
4664	0.023213	-0.036915	0.013095
4665	0.019957	-0.011248	0.013643
4666	0.018614	-0.044190	0.011738
4667	0.014446	-0.029041	0.010088
4668	0.012609	-0.007298	0.015421
4669	0.010210	-0.011815	0.014638
4670	0.010012	-0.009525	0.015563
4671	0.011093	0.008584	0.019796
4672	0.009506	-0.006487	0.019360
4673	0.007461	-0.001233	0.014856
4674	0.005177	0.009013	0.011856
4675	0.005504	0.019013	0.014375
4676	0.005280	0.041855	0.008484
4677	0.002640	0.022453	0.008800
4678	0.005766	0.034130	0.003938
4679	0.008307	0.036385	-0.000556
4680	0.006026	0.032813	-0.000483
4681	0.006887	0.021337	-0.001363
4682	0.008410	0.005675	-0.006079
4683	0.003435	0.002483	-0.012739
4684	0.006393	-0.004748	-0.024656
4685	0.009583	-0.009485	-0.024384
4686	0.009928	0.007432	-0.029515
4687	0.013753	0.001670	-0.035457
4688	0.020772	0.007954	-0.042088
4689	0.029072	0.001730	-0.046691
4690	0.031633	-0.012694	-0.048251
4691	0.030315	0.009062	-0.054258
4692	0.032526	-0.010263	-0.054219
4693	0.035165	0.009333	-0.054774
4694	0.030440	0.010455	-0.054279
4695	0.028123	0.005939	-0.052254
4696	0.032855	0.002837	-0.052583
4697	0.028153	0.020236	-0.051971
4698	0.028014	-0.000434	-0.044488
4699	0.023944	-0.011233	-0.049621
4700	0.021260	-0.000257	-0.054813
4701	0.024262	-0.002362	-0.060427
4702	0.021695	-0.003561	-0.059027
4703	0.017740	0.023704	-0.059991
4704	0.018246	0.016658	-0.059670
4705	0.013228	0.004071	-0.064930
4706	0.017573	-0.008775	-0.074693
4707	0.017741	-0.018824	-0.078447
4708	0.020891	-0.003831	-0.077117
4709	0.024019	-0.010476	-0.075840
4710	0.028155	-0.001613	-0.069020
4711	0.033630	0.008121	-0.067180
4712	0.040858	-0.000707	-0.063160
4713	0.051056	-0.002056	-0.062043
4714	0.051043	0.003904	-0.059326
4715	0.048105	0.011088	-0.056296
4716	0.041876	0.017736	-0.053424
4717	0.038694	-0.007394	-0.052411
4718	0.031507	0.017213	-0.049006
4719	0.028271	0.012831	-0.043070
4720	0.024750	-0.014053	-0.043411
4721	0.029241	-0.004885	-0.043286
4722	0.030018	-0.004906	-0.041122
4723	0.029688	-0.022025	-0.041026
4724	0.028620	-0.010827	-0.041667
4725	0.026381	0.009131	-0.043406
4726	0.017233	-0.000281	-0.046437
4727	0.013887	0.001396	-0.048954
4728	0.014958	0.029249	-0.047126
4729	0.018514	0.030700	-0.042520
4730	0.021137	0.027153	-0.036325
4731	0.027586	0.019566	-0.029550
4732	0.033141	0.000182	-0.023376
4733	0.036785	0.002216	-0.014477
4734	0.036923	-0.008825	-0.001404
4735	0.037447	-0.007451	0.002104
4736	0.038779	-0.005031	0.003344
4737	0.038384	-0.008707	0.006755
4738	0.040743	-0.010130	0.003910
4739	0.039344	-0.002269	0.004305
4740	0.032825	0.000300	0.006072
4741	0.021693	0.021167	0.005281
4742	0.013421	0.016481	0.008129
4743	0.004703	0.000770	0.010960
4744	-0.000951	0.001578	0.020705
4745	-0.002817	0.004350	0.025024
4746	-0.004088	0.005738	0.029897
4747	-0.009170	0.018250	0.027623
4748	-0.011851	0.019641	0.025457
4749	-0.015676	-0.009769	0.023767
4750	-0.016066	-0.013775	0.029007
4751	-0.017282	0.009265	0.028031
4752	-0.015561	0.018287	0.029957
4753	-0.016719	0.011426	0.028231
4754	-0.015639	-0.000154	0.020927
4755	-0.016783	0.014266	0.020360
4756	-0.016468	0.006119	0.019524
4757	-0.010406	-0.000165	0.021355
4758	-0.008170	-0.004836	0.016601
4759	-0.009381	-0.005216	0.012371
4760	-0.006485	0.002860	0.011659
4761	-0.003418	0.015842	0.011654
4762	0.003899	0.008991	0.011992
4763	0.004864	0.002132	0.017646
4764	0.007203	0.022022	0.021182
4765	0.004700	0.008705	0.019590
4766	0.002588	0.000237	0.018564
4767	-0.000271	0.002241	0.019174
4768	0.000371	-0.005589	0.025333
4769	0.002027	0.001337	0.026616
4770	-0.002675	0.002990	0.025488
4771	-0.003089	0.015069	0.020039
4772	-0.008488	0.011192	0.017814
4773	-0.012532	-0.024445	0.013771
4774	-0.016038	0.011070	0.002913
4775	-0.018662	-0.008404	-0.001495
4776	-0.014632	-0.024394	-0.003240
4777	-0.016402	-0.007215	-0.007946
4778	-0.018875	-0.020110	-0.012937
4779	-0.020956	-0.009800	-0.013459
4780	-0.022955	0.008839	-0.013799
4781	-0.027089	0.000438	-0.017292
4782	-0.028014	0.022573	-0.017502
4783	-0.035630	0.001048	-0.027639
4784	-0.042422	-0.015985	-0.036741
4785	-0.043880	0.006007	-0.039759
4786	-0.044535	-0.012170	-0.054129
4787	-0.050242	-0.004502	-0.059787
4788	-0.051206	0.006032	-0.065050
4789	-0.045035	-0.008543	-0.068892
4790	-0.031399	-0.003237	-0.073413
4791	-0.027496	-0.000499	-0.076447
4792	-0.032391	-0.010454	-0.081117
4793	-0.034933	-0.013426	-0.082518
4794	-0.038014	-0.010893	-0.086340
4795	-0.045222	-0.008571	-0.092291
4796	-0.054684	-0.021164	-0.097847
4797	-0.061537	-0.019000	-0.098512
4798	-0.065634	-0.008126	-0.096842
4799	-0.070103	-0.033150	-0.102010
4800	-0.078079	-0.020269	-0.104837
4801	-0.085295	-0.013875	-0.106234
4802	-0.085989	0.001230	-0.104982
4803	-0.083063	-0.012897	-0.106819
4804	-0.087452	-0.008726	-0.103449
4805	-0.088685	-0.009590	-0.099980
4806	-0.089628	-0.013062	-0.103098
4807	-0.093507	-0.004710	-0.101269
4808	-0.092294	0.010970	-0.093806
4809	-0.092852	0.012343	-0.096637
4810	-0.088925	0.003470	-0.095303
4811	-0.079598	0.012807	-0.092835
4812	-0.078358	-0.004377	-0.084294
4813	-0.072627	-0.001374	-0.081240
4814	-0.069237	0.007167	-0.075594
4815	-0.073984	0.009135	-0.068927
4816	-0.070730	0.011752	-0.060964
4817	-0.070531	0.027341	-0.053087
4818	-0.065953	0.026512	-0.052128
4819	-0.064226	0.048671	-0.048409
4820	-0.059363	0.030312	-0.046956
4821	-0.057460	0.011059	-0.044195
4822	-0.062048	0.017046	-0.042007
4823	-0.067856	0.019309	-0.038722
4824	-0.063352	-0.018386	-0.031380
4825	-0.062241	-0.020191	-0.035609
4826	-0.061445	-0.005440	-0.034395
4827	-0.058121	0.014035	-0.037701
4828	-0.050357	0.022676	-0.036953
4829	-0.041404	0.021067	-0.032197
4830	-0.035908	0.021804	-0.030239
4831	-0.038625	0.025982	-0.027487
4832	-0.033442	0.034412	-0.027171
4833	-0.029220	0.005422	-0.026101
4834	-0.024299	0.009558	-0.021346
4835	-0.025260	0.013759	-0.019050
4836	-0.026542	0.023735	-0.015527
4837	-0.023611	0.037344	-0.019363
4838	-0.025855	0.026097	-0.025221
4839	-0.021632	0.037518	-0.028107
4840	-0.011952	0.019138	-0.031186
4841	-0.011616	0.014696	-0.035203
4842	-0.013008	0.013037	-0.034304
4843	-0.010644	0.004444	-0.030123
4844	-0.004085	0.003715	-0.027209
4845	-0.001505	-0.010624	-0.023216
4846	-0.004353	-0.003906	-0.022918
4847	-0.002427	0.025583	-0.019491
4848	-0.001272	0.019447	-0.018272
4849	0.000535	0.023693	-0.016402
4850	0.003477	0.021216	-0.016389
4851	0.005185	0.031020	-0.004351
4852	0.010623	0.029243	0.001716
4853	0.007752	0.005777	0.003124
4854	-0.001462	0.025241	0.002109
4855	-0.008391	0.011785	-0.000880
4856	-0.005210	0.020074	-0.001982
4857	-0.002537	0.010350	0.003774
4858	-0.001607	0.007643	0.006959
4859	-0.003596	0.023376	0.007378
4860	-0.002657	0.042672	0.005446
4861	0.000793	0.030741	0.003660
4862	0.003422	0.040351	0.001497
4863	-0.001377	0.025771	0.001933
4864	0.002199	0.007639	0.003078
4865	0.001902	0.017109	0.005033
4866	0.011696	0.011299	0.004231
4867	0.018367	0.024306	0.001763
4868	0.019133	0.026653	-0.003549
4869	0.023975	0.021578	-0.002720
4870	0.028063	0.029709	-0.005216
4871	0.033669	0.031348	-0.005800
4872	0.037582	0.029932	-0.002572
4873	0.033544	0.031234	-0.007815
4874	0.036872	0.011809	-0.003405
4875	0.043278	0.025831	-0.004991
4876	0.046356	0.006882	-0.005550
4877	0.048211	0.016558	-0.015954
4878	0.040190	-0.000299	-0.019212
4879	0.045132	0.030224	-0.022912
4880	0.048347	0.043739	-0.021309
4881	0.048131	0.042037	-0.022314
4882	0.043567	0.004688	-0.020911
4883	0.043522	-0.008364	-0.025556
4884	0.045247	-0.013290	-0.030600
4885	0.043194	0.013119	-0.031983
4886	0.046227	0.007381	-0.026399
4887	0.047758	0.005525	-0.020979
4888	0.052349	0.013102	-0.013689
4889	0.055411	-0.007377	-0.012151
4890	0.055502	-0.010445	-0.008794
4891	0.057611	-0.017117	-0.003937
4892	0.060247	-0.010705	-0.001283
4893	0.061519	0.008953	-0.004259
4894	0.062602	0.005315	-0.002907
4895	0.065071	-0.003300	-0.009849
4896	0.063811	-0.008678	-0.014980
4897	0.066236	-0.010976	-0.024000
4898	0.068620	-0.016410	-0.022596
4899	0.067560	-0.012262	-0.022029
4900	0.064472	-0.008056	-0.020890
4901	0.058944	-0.022667	-0.018309
4902	0.058012	-0.038316	-0.009272
4903	0.051851	-0.012859	-0.007434
4904	0.043211	-0.010082	-0.007674
4905	0.034841	-0.012738	-0.005583
4906	0.029625	0.008162	-0.004234
4907	0.027010	-0.002447	0.000029
4908	0.030321	0.020613	0.004000
4909	0.030381	-0.000523	0.005424
4910	0.031166	0.004944	0.012333
4911	0.033094	0.005177	0.014604
4912	0.030531	0.002142	0.018194
4913	0.028482	-0.007591	0.018464
4914	0.021629	-0.002605	0.020132
4915	0.019285	0.009273	0.020425
4916	0.015503	-0.001855	0.016787
4917	0.014434	-0.000585	0.008590
4918	0.018522	-0.010777	0.005276
4919	0.018192	-0.014125	-0.003675
4920	0.019309	-0.001965	-0.013765
4921	0.018122	-0.021833	-0.024968
4922	0.016071	-0.017983	-0.027897
4923	0.017882	-0.016577	-0.033605
4924	0.018355	-0.034609	-0.038474
4925	0.025338	-0.028476	-0.042725
4926	0.034363	-0.013895	-0.049568
4927	0.049668	-0.006785	-0.049479
4928	0.057558	-0.006103	-0.054334
4929	0.060123	0.020727	-0.057294
4930	0.059682	0.007203	-0.056605
4931	0.056563	0.010598	-0.060689
4932	0.050799	0.015840	-0.059602
4933	0.045567	-0.004759	-0.059178
4934	0.038752	-0.002617	-0.060970
4935	0.034880	-0.032093	-0.060191
4936	0.029067	-0.042717	-0.060502
4937	0.024577	-0.022097	-0.065807
4938	0.021435	-0.007826	-0.066448
4939	0.021209	-0.011482	-0.066220
4940	0.016207	0.000217	-0.060704
4941	0.018158	0.010185	-0.057171
4942	0.017400	0.003225	-0.048970
4943	0.013745	0.012701	-0.046253
4944	0.015033	-0.005792	-0.047123
4945	0.014048	-0.003670	-0.047626
4946	0.012729	0.001438	-0.048963
4947	0.015431	-0.002325	-0.056324
4948	0.015573	0.013019	-0.067886
4949	0.021224	-0.009999	-0.069860
4950	0.028831	-0.016869	-0.068538
4951	0.036990	0.003124	-0.064500
4952	0.041558	0.004859	-0.061029
4953	0.042883	0.010941	-0.051063
4954	0.043543	0.037207	-0.043244
4955	0.045677	0.038344	-0.040664
4956	0.047927	0.023058	-0.034572
4957	0.045848	0.021632	-0.031408
4958	0.041142	0.027115	-0.023375
4959	0.033771	0.036504	-0.017674
4960	0.024028	0.021147	-0.016560
4961	0.014410	0.016677	-0.016797
4962	0.006860	0.027752	-0.011271
4963	0.006938	0.020921	-0.011044
4964	0.009321	-0.005526	-0.014472
4965	0.005777	-0.008214	-0.019417
4966	0.004344	-0.018909	-0.018883
4967	0.002486	-0.006306	-0.020436
4968	0.004701	0.007505	-0.023470
4969	-0.002572	-0.012303	-0.020363
4970	-0.005916	-0.006842	-0.020134
4971	-0.016541	0.010459	-0.014335
4972	-0.020097	0.001657	-0.015489
4973	-0.023885	0.009310	-0.018490
4974	-0.028445	-0.001818	-0.019816
4975	-0.025252	-0.018656	-0.019272
4976	-0.024482	-0.008126	-0.019278
4977	-0.030344	-0.014072	-0.012443
4978	-0.032531	-0.002363	-0.006935
4979	-0.027892	0.000621	0.003693
4980	-0.032762	0.003213	0.004764
4981	-0.035019	0.017172	0.010228
4982	-0.033726	0.013690	0.008713
4983	-0.030967	0.003942	0.011854
4984	-0.021819	-0.003609	0.007271
4985	-0.019033	-0.012719	0.005257
4986	-0.010753	-0.012926	0.013925
4987	-0.006327	0.003893	0.015427
4988	-0.001416	0.002335	0.015941
4989	0.002605	0.020935	0.012402
4990	-0.003142	0.016383	0.013301
4991	-0.003771	0.017741	0.006867
4992	-0.004567	0.008060	0.002022
4993	-0.005710	0.011343	-0.003381
4994	-0.012372	0.033163	-0.010698
4995	-0.018142	0.031408	-0.014461
4996	-0.020790	-0.007121	-0.020460
4997	-0.026381	0.009751	-0.027391
4998	-0.035594	0.011701	-0.024773
4999	-0.048968	0.011726	-0.030265
5000	-0.059545	0.016180	-0.031537
5001	-0.059836	0.030471	-0.026269
5002	-0.063972	0.016166	-0.016907
5003	-0.064130	0.003582	-0.011925
5004	-0.061490	0.012444	-0.012982
5005	-0.058174	0.007957	-0.016138
5006	-0.053403	0.012339	-0.018441
5007	-0.059028	0.011648	-0.024214
5008	-0.054283	-0.012371	-0.026463
5009	-0.057281	-0.013881	-0.031650
5010	-0.050721	0.000285	-0.033592
5011	-0.050346	0.010944	-0.038301
5012	-0.057664	-0.014610	-0.040341
5013	-0.065453	-0.012887	-0.048810
5014	-0.071073	-0.016811	-0.049269
5015	-0.073873	-0.009281	-0.055710
5016	-0.075860	0.009077	-0.052504
5017	-0.080839	0.005521	-0.047511
5018	-0.080976	0.000704	-0.042118
5019	-0.077490	0.010228	-0.044308
5020	-0.081201	0.008666	-0.046700
5021	-0.087324	-0.009305	-0.047667
5022	-0.089714	-0.007001	-0.045151
5023	-0.084325	0.010998	-0.040868
5024	-0.074144	0.004564	-0.039086
5025	-0.068927	0.009667	-0.046637
5026	-0.069350	-0.008041	-0.047216
5027	-0.063982	-0.009692	-0.049020
5028	-0.066765	-0.015033	-0.052450
5029	-0.069911	0.000686	-0.052478
5030	-0.082548	-0.000139	-0.054650
5031	-0.085945	0.002576	-0.049362
5032	-0.088659	-0.008207	-0.048372
5033	-0.088566	-0.012751	-0.050755
5034	-0.090004	-0.016720	-0.044177
5035	-0.082125	0.004904	-0.043306
5036	-0.082448	-0.007123	-0.045203
5037	-0.088255	-0.001070	-0.053992
5038	-0.090047	-0.003085	-0.065221
5039	-0.090048	-0.011133	-0.067297
5040	-0.092068	-0.019769	-0.065493
5041	-0.089482	-0.004634	-0.070796
5042	-0.078626	-0.010265	-0.072892
5043	-0.072235	-0.022009	-0.074261
5044	-0.068753	-0.015108	-0.066697
5045	-0.063412	-0.024372	-0.058629
5046	-0.057518	-0.011080	-0.054485
5047	-0.051108	0.003925	-0.043786
5048	-0.041168	0.005367	-0.036390
5049	-0.034806	0.021460	-0.027936
5050	-0.035114	0.012548	-0.022015
5051	-0.033031	0.010557	-0.014904
5052	-0.024111	-0.018002	-0.011332
5053	-0.017933	0.008712	0.000942
5054	-0.016952	0.008531	0.007669
5055	-0.018206	0.006851	0.016885
5056	-0.011668	0.009756	0.019707
5057	-0.009609	-0.000187	0.027029
5058	-0.008942	0.006900	0.026925
5059	-0.004861	0.006709	0.032190
5060	-0.007100	-0.000550	0.035564
5061	-0.003554	0.006786	0.042115
5062	-0.001061	-0.006495	0.042229
5063	-0.000134	0.001637	0.044202
5064	0.007305	0.032073	0.043631
5065	0.014436	0.024426	0.043410
5066	0.014589	-0.007327	0.042242
5067	0.016010	0.000188	0.051668
5068	0.010085	0.003428	0.055855
5069	0.008420	-0.018711	0.062936
5070	0.015246	-0.021154	0.066934
5071	0.018918	-0.020531	0.062197
5072	0.025407	-0.009998	0.054067
5073	0.032943	-0.003795	0.054364
5074	0.040381	0.003283	0.054786
5075	0.046128	0.025261	0.048710
5076	0.053182	0.023615	0.041999
5077	0.062262	0.037702	0.042368
5078	0.068005	0.022370	0.046202
5079	0.073597	-0.005256	0.047960
5080	0.079339	-0.017332	0.052060
5081	0.083932	0.004161	0.051807
5082	0.092380	0.009102	0.051009
5083	0.091715	0.008770	0.046057
5084	0.083810	0.008309	0.043220
5085	0.078763	0.005951	0.044035
5086	0.077570	0.012022	0.036212
5087	0.075369	-0.022970	0.035676
5088	0.073912	-0.008589	0.036746
5089	0.071433	-0.024217	0.037827
5090	0.071622	-0.038089	0.029882
5091	0.071863	-0.033305	0.030043
5092	0.072040	-0.027781	0.027143
5093	0.068230	-0.011459	0.019725
5094	0.063763	-0.013066	0.017868
5095	0.059858	-0.013470	0.013873
5096	0.054271	0.003882	0.003251
5097	0.046452	0.001581	-0.001086
5098	0.036418	0.001704	-0.006416
5099	0.028648	-0.004295	-0.013121
5100	0.028808	0.002830	-0.019598
5101	0.030035	-0.024412	-0.031633
5102	0.027473	-0.030906	-0.038299
5103	0.019269	-0.015219	-0.038606
5104	0.019218	-0.037076	-0.033372
5105	0.021197	-0.012232	-0.033155
5106	0.019328	0.009741	-0.037622
5107	0.016812	0.007740	-0.038668
5108	0.017906	0.008892	-0.044407
5109	0.022090	0.011470	-0.044256
5110	0.022903	-0.008545	-0.046774
5111	0.024299	-0.018551	-0.048704
5112	0.023066	-0.016969	-0.041085
5113	0.029758	-0.003385	-0.037729
5114	0.037966	0.009809	-0.040456
5115	0.044169	0.009650	-0.041139
5116	0.049983	0.007019	-0.044018
5117	0.058140	0.007033	-0.040019
5118	0.066695	0.017590	-0.035907
5119	0.067390	0.029279	-0.038159
5120	0.070983	0.021138	-0.039705
5121	0.070745	0.017440	-0.044447
5122	0.064547	-0.000336	-0.052799
5123	0.060881	0.008485	-0.056025
5124	0.054886	0.010257	-0.055337
5125	0.052783	0.025518	-0.056567
5126	0.047710	0.014195	-0.059985
5127	0.047473	-0.003260	-0.060643
5128	0.045352	-0.012455	-0.058963
5129	0.038366	-0.001981	-0.062522
5130	0.031372	0.011563	-0.059058
5131	0.027914	0.011559	-0.057952
5132	0.026732	0.024626	-0.059426
5133	0.023162	0.032629	-0.060912
5134	0.016402	0.024557	-0.065359
5135	0.013052	0.010867	-0.069266
5136	0.014490	0.015795	-0.074248
5137	0.013432	0.013626	-0.074000
5138	0.008416	0.018588	-0.070505
5139	-0.003728	0.008034	-0.068288
5140	-0.005344	0.021388	-0.067596
5141	-0.004298	0.014748	-0.061283
5142	-0.011317	0.009162	-0.055544
5143	-0.008389	0.012103	-0.056181
5144	-0.012483	0.024923	-0.049626
5145	-0.008449	0.039387	-0.046328
5146	-0.005546	0.044305	-0.046188
5147	-0.007268	0.023495	-0.042692
5148	-0.006528	0.004217	-0.041759
5149	-0.008223	-0.003635	-0.042989
5150	-0.008801	-0.013280	-0.042532
5151	-0.007769	-0.013634	-0.039254
5152	-0.007159	-0.000891	-0.043756
5153	-0.002173	-0.020247	-0.051228
5154	-0.000113	0.005861	-0.057562
5155	-0.000694	-0.010357	-0.060162
5156	0.003460	0.004753	-0.057882
5157	-0.000110	-0.003706	-0.054088
5158	-0.007263	-0.002392	-0.053225
5159	-0.013803	-0.009166	-0.054534
5160	-0.017335	-0.002276	-0.054818
5161	-0.016650	-0.019685	-0.052053
5162	-0.021118	0.012191	-0.051999
5163	-0.026466	0.001711	-0.051262
5164	-0.023383	-0.020054	-0.046806
5165	-0.024565	0.000198	-0.046357
5166	-0.028666	0.017549	-0.053218
5167	-0.019455	0.020594	-0.056940
5168	-0.011853	0.002372	-0.059972
5169	-0.001619	-0.001248	-0.059630
5170	0.000380	0.010868	-0.064958
5171	0.003098	-0.014634	-0.063727
5172	0.003949	-0.005631	-0.069384
5173	0.007210	0.003636	-0.068050
5174	0.001036	-0.036958	-0.067436
5175	-0.007791	-0.017181	-0.070907
5176	-0.016534	0.020501	-0.068742
5177	-0.022783	0.021472	-0.069456
5178	-0.024177	0.004721	-0.067498
5179	-0.024511	0.006019	-0.067009
5180	-0.018540	0.018807	-0.059951
5181	-0.018106	0.020716	-0.055537
5182	-0.017972	0.004793	-0.053427
5183	-0.010294	-0.022167	-0.046133
5184	-0.007220	-0.034025	-0.039591
5185	0.000507	-0.031296	-0.030311
5186	0.008609	-0.008753	-0.026882
5187	0.018463	-0.001918	-0.024165
5188	0.019908	0.000476	-0.015157
5189	0.018100	0.005562	-0.010675
5190	0.016769	0.008386	-0.000980
5191	0.016348	0.019493	0.004785
5192	0.013108	0.024581	0.006418
5193	0.007987	0.011067	0.004560
5194	-0.004272	0.014186	0.006942
5195	-0.012391	-0.001923	0.008310
5196	-0.020968	0.000419	0.012897
5197	-0.025688	0.013593	0.019787
5198	-0.024487	0.019804	0.029814
5199	-0.025412	0.015999	0.036497
5200	-0.028249	-0.011038	0.040123
5201	-0.031497	0.015897	0.050009
5202	-0.032092	0.021794	0.048836
5203	-0.030927	0.016385	0.054455
5204	-0.029726	0.009875	0.054586
5205	-0.030092	0.003146	0.053137
5206	-0.028595	0.003754	0.057964
5207	-0.028306	0.010076	0.052344
5208	-0.026048	0.013269	0.053499
5209	-0.020821	0.005772	0.055419
5210	-0.012398	0.019067	0.054885
5211	-0.006811	0.006176	0.050306
5212	0.004867	0.000834	0.042216
5213	0.012729	-0.002202	0.037242
5214	0.018324	-0.015560	0.033866
5215	0.020726	-0.013441	0.033511
5216	0.032849	-0.020699	0.031494
5217	0.033627	0.004470	0.030086
5218	0.036108	0.008101	0.035630
5219	0.033970	0.001349	0.041450
5220	0.029434	0.001389	0.045942
5221	0.024791	0.009906	0.051117
5222	0.023739	0.020542	0.048220
5223	0.028574	0.003204	0.047070
5224	0.033157	0.026961	0.039868
5225	0.033257	0.027618	0.037326
5226	0.020038	0.038746	0.032090
5227	0.012000	-0.004668	0.028195
5228	0.006289	0.013807	0.026859
5229	0.010798	0.005739	0.026587
5230	0.019913	-0.001105	0.029315
5231	0.025790	0.011251	0.029071
5232	0.029523	-0.011156	0.021798
5233	0.040468	-0.005860	0.016021
5234	0.054359	-0.012525	0.013727
5235	0.059713	-0.007708	0.015243
5236	0.066941	-0.006356	0.011594
5237	0.066255	-0.031780	0.001728
5238	0.062170	-0.013728	-0.006749
5239	0.060179	-0.018193	-0.008802
5240	0.054922	-0.025273	-0.008922
5241	0.044274	-0.003718	-0.004900
5242	0.034570	-0.001853	-0.001397
5243	0.030605	-0.013731	0.000625
5244	0.022428	0.001943	0.006037
5245	0.020858	-0.022543	0.008662
5246	0.015487	0.000161	0.012439
5247	0.014674	-0.001956	0.009753
5248	0.010679	0.001821	0.005587
5249	0.003605	-0.001832	0.007212
5250	-0.003555	0.022235	0.008623
5251	-0.013596	0.014443	0.010438
5252	-0.021055	0.011784	0.005475
5253	-0.025813	0.004737	0.000619
5254	-0.025128	0.005089	0.002493
5255	-0.027845	0.013459	0.008750
5256	-0.029526	0.036522	0.016263
5257	-0.031083	0.030802	0.018362
5258	-0.029044	0.024785	0.021608
5259	-0.027211	0.020407	0.019518
5260	-0.033307	0.026214	0.013040
5261	-0.031394	0.016617	0.010042
5262	-0.031221	0.036536	0.005650
5263	-0.034463	0.021654	0.005896
5264	-0.034997	0.017571	0.013572
5265	-0.037334	0.016225	0.010659
5266	-0.043402	0.006624	0.011619
5267	-0.041662	0.023702	0.015324
5268	-0.032594	0.001357	0.023365
5269	-0.031479	0.004642	0.030768
5270	-0.033036	-0.022707	0.033653
5271	-0.030916	-0.026955	0.042095
5272	-0.031225	-0.037191	0.040524
5273	-0.031267	-0.032536	0.038930
5274	-0.028186	-0.030179	0.041971
5275	-0.028574	-0.038679	0.042578
5276	-0.030076	-0.041337	0.051991
5277	-0.025395	-0.036532	0.063576
5278	-0.023444	-0.006493	0.073564
5279	-0.020169	-0.014377	0.085807
5280	-0.018013	-0.010190	0.086876
5281	-0.019690	-0.010234	0.093246
5282	-0.019712	0.013059	0.100406
5283	-0.017702	-0.016119	0.102890
5284	-0.013904	0.004768	0.105573
5285	-0.005847	0.016717	0.098114
5286	-0.004773	0.011769	0.100270
5287	-0.002718	0.008251	0.096303
5288	-0.000878	0.029845	0.091521
5289	0.005970	0.013601	0.082149
5290	0.001671	0.013824	0.074925
5291	0.002844	0.023720	0.066358
5292	0.003359	0.013248	0.056032
5293	0.008416	0.004933	0.045622
5294	0.014280	0.008826	0.039606
5295	0.020515	-0.003485	0.032262
5296	0.022096	-0.002927	0.027700
5297	0.031622	-0.000257	0.017238
5298	0.041694	0.004740	0.009568
5299	0.041077	0.014637	-0.002427
5300	0.032902	0.004666	-0.009558
5301	0.025036	-0.002283	-0.009272
5302	0.015619	-0.012557	-0.007875
5303	0.012282	-0.029781	-0.011347
5304	0.007769	-0.016975	-0.016998
5305	0.002537	-0.017940	-0.021111
5306	0.002036	-0.004652	-0.023004
5307	0.003687	-0.002659	-0.026682
5308	0.005988	-0.004740	-0.034964
5309	0.004292	0.005418	-0.035505
5310	0.002285	-0.002168	-0.039547
5311	0.004810	0.004741	-0.043372
5312	-0.003446	0.007570	-0.049316
5313	-0.007868	-0.008795	-0.056825
5314	-0.008427	0.001134	-0.057536
5315	-0.015153	-0.007778	-0.064643
5316	-0.021415	0.006708	-0.067577
5317	-0.025339	-0.010450	-0.080698
5318	-0.031133	-0.001219	-0.087651
5319	-0.029993	0.003392	-0.089041
5320	-0.026125	0.024438	-0.092281
5321	-0.032316	0.027067	-0.092816
5322	-0.032262	0.000903	-0.086340
5323	-0.030447	0.007594	-0.080872
5324	-0.028754	0.015002	-0.079859
5325	-0.027523	0.011329	-0.079479
5326	-0.032281	-0.003155	-0.078542
5327	-0.042793	-0.015854	-0.082779
5328	-0.051741	-0.011410	-0.085187
5329	-0.058142	0.012282	-0.084256
5330	-0.067193	-0.007055	-0.094780
5331	-0.080377	0.003861	-0.095444
5332	-0.094086	0.008827	-0.097037
5333	-0.102822	0.012309	-0.097972
5334	-0.108539	-0.003455	-0.099706
5335	-0.114183	-0.014474	-0.095559
5336	-0.119081	0.006626	-0.092031
5337	-0.117833	0.005050	-0.084160
5338	-0.113047	0.006463	-0.079717
5339	-0.103761	0.004771	-0.075092
5340	-0.099337	0.024563	-0.070647
5341	-0.098165	0.021222	-0.064365
5342	-0.094258	0.043469	-0.055242
5343	-0.086478	0.011333	-0.054008
5344	-0.091335	0.014626	-0.057475
5345	-0.094433	0.021154	-0.058674
5346	-0.099006	0.015642	-0.056161
5347	-0.104557	0.021406	-0.054675
5348	-0.107645	-0.000123	-0.047093
5349	-0.110733	0.005229	-0.051662
5350	-0.113795	-0.001728	-0.046501
5351	-0.115326	0.009328	-0.043609
5352	-0.107627	0.005936	-0.043732
5353	-0.106683	0.007653	-0.047922
5354	-0.107862	0.027926	-0.045120
5355	-0.102447	0.014217	-0.044490
5356	-0.097849	-0.000358	-0.041115
5357	-0.091069	-0.025785	-0.038857
5358	-0.095219	-0.046399	-0.031671
5359	-0.098499	-0.029885	-0.032319
5360	-0.097935	-0.034300	-0.023049
5361	-0.095442	-0.016086	-0.014902
5362	-0.095229	-0.009362	-0.008862
5363	-0.094154	-0.015625	-0.007905
5364	-0.092220	-0.036003	-0.001331
5365	-0.090007	-0.000329	0.004655
5366	-0.089008	0.000651	0.005377
5367	-0.090631	0.013390	0.008022
5368	-0.088896	0.004419	0.007686
5369	-0.094921	-0.016372	0.004804
5370	-0.102193	-0.032355	0.011388
5371	-0.106444	-0.034518	0.011461
5372	-0.110080	-0.009393	0.019369
5373	-0.109457	0.006230	0.024407
5374	-0.103355	-0.012108	0.025981
5375	-0.094908	0.009773	0.028074
5376	-0.088626	0.006336	0.023628
5377	-0.080148	-0.001922	0.015624
5378	-0.075826	0.018287	0.016715
5379	-0.071968	0.015237	0.012890
5380	-0.063325	0.025239	0.012952
5381	-0.061266	0.024269	0.018588
5382	-0.057773	0.020552	0.021399
5383	-0.048615	0.030341	0.012909
5384	-0.042873	0.014362	0.007192
5385	-0.037598	0.036002	0.001878
5386	-0.032477	0.044744	0.000028
5387	-0.030538	0.024257	-0.007262
5388	-0.025107	0.007438	-0.008478
5389	-0.028720	0.017176	-0.006159
5390	-0.031877	0.025265	-0.005496
5391	-0.027790	0.034977	0.000644
5392	-0.026658	0.022541	0.000311
5393	-0.027262	0.021154	0.000154
5394	-0.031890	0.003184	0.001932
5395	-0.034373	-0.003937	0.005253
5396	-0.039415	0.004271	-0.000985
5397	-0.044361	0.030434	-0.000631
5398	-0.051580	0.020752	-0.000683
5399	-0.057683	0.021540	0.001563
5400	-0.058252	0.000874	0.003186
5401	-0.053183	0.004322	0.004962
5402	-0.049148	0.015327	0.001960
5403	-0.054160	0.007371	0.001494
5404	-0.057760	0.002039	0.001739
5405	-0.057942	-0.002353	0.001331
5406	-0.061748	0.008532	0.000897
5407	-0.061483	0.002796	0.004526
5408	-0.065736	0.005826	0.005831
5409	-0.062059	0.001211	0.010325
5410	-0.061800	0.012967	0.013386
5411	-0.059618	0.004357	0.016305
5412	-0.060585	0.013527	0.017652
5413	-0.061250	0.013768	0.017797
5414	-0.064604	0.014802	0.015225
5415	-0.070497	0.003666	0.016526
5416	-0.075480	-0.013290	0.017394
5417	-0.079646	0.000137	0.023487
5418	-0.074328	0.001133	0.019084
5419	-0.066070	-0.012959	0.020857
5420	-0.061036	-0.010699	0.023297
5421	-0.061816	-0.006288	0.027319
5422	-0.063232	-0.022267	0.026373
5423	-0.066861	-0.040819	0.027048
5424	-0.066747	-0.017268	0.023033
5425	-0.063558	-0.007214	0.019281
5426	-0.062010	-0.005788	0.018497
5427	-0.060699	-0.015349	0.019122
5428	-0.052881	-0.022396	0.017241
5429	-0.041409	-0.009350	0.017256
5430	-0.032216	-0.006857	0.020656
5431	-0.020764	0.005439	0.026415
5432	-0.007704	0.037227	0.031715
5433	0.005335	0.010597	0.033667
5434	0.012309	0.006511	0.036722
5435	0.013754	0.007806	0.035962
5436	0.010719	0.010867	0.030548
5437	0.011225	0.011088	0.026461
5438	0.006597	0.010699	0.028568
5439	0.004918	-0.018315	0.026789
5440	0.003869	-0.002484	0.031073
5441	0.005490	0.036768	0.030393
5442	0.006619	0.042654	0.031183
5443	0.006155	0.047170	0.034614
5444	0.002222	0.036120	0.035691
5445	-0.000740	0.017575	0.041697
5446	-0.005668	0.012421	0.046637
5447	-0.010701	-0.001808	0.054494
5448	-0.010324	-0.014986	0.057091
5449	-0.009860	-0.008162	0.060743
5450	-0.011345	0.001353	0.061742
5451	-0.013881	0.008374	0.064523
5452	-0.016085	-0.032553	0.067178
5453	-0.019836	-0.015840	0.069785
5454	-0.028924	-0.008011	0.072509
5455	-0.029062	-0.015443	0.067116
5456	-0.034122	0.002506	0.064183
5457	-0.038787	-0.023063	0.055457
5458	-0.040323	-0.001319	0.042757
5459	-0.044091	0.011618	0.030902
5460	-0.042626	0.018974	0.025752
5461	-0.045315	0.021619	0.024861
5462	-0.038594	0.008471	0.012671
5463	-0.039903	0.001817	0.008330
5464	-0.036944	-0.017101	0.002388
5465	-0.040458	-0.010397	-0.003869
5466	-0.039158	-0.002446	-0.010809
5467	-0.040644	-0.006830	-0.014063
5468	-0.043652	0.006089	-0.015268
5469	-0.039118	-0.002479	-0.012578
5470	-0.036580	0.011321	-0.013654
5471	-0.036381	0.003761	-0.008015
5472	-0.033362	-0.002652	-0.012022
5473	-0.024916	-0.000811	-0.012921
5474	-0.014626	-0.002360	-0.014560
5475	-0.000084	0.013756	-0.015171
5476	0.004098	-0.000401	-0.010820
5477	0.000353	0.018512	-0.010848
5478	0.002201	0.016027	-0.009912
5479	-0.002414	0.019485	-0.007918
5480	0.001613	0.022371	-0.003241
5481	0.001493	0.010225	0.009645
5482	0.005780	0.022369	0.011060
5483	0.004311	-0.001574	0.013644
5484	-0.004479	0.012145	0.011482
5485	-0.009935	0.022669	0.008419
5486	-0.012413	-0.005857	0.005806
5487	-0.013584	-0.020654	0.006682
5488	-0.020383	-0.011040	0.005501
5489	-0.035640	-0.021946	0.002518
5490	-0.040153	-0.030943	0.009236
5491	-0.044762	-0.005599	0.009345
5492	-0.045498	0.010174	0.010704
5493	-0.043588	-0.005427	0.013275
5494	-0.042396	0.002770	0.013077
5495	-0.035765	0.010283	0.016411
5496	-0.027322	-0.017682	0.014122
5497	-0.017747	-0.007376	0.015041
5498	-0.011725	-0.008754	0.012183
5499	-0.007604	-0.013809	0.018515
5500	0.004224	0.009887	0.024370
5501	0.004582	0.003166	0.028280
5502	0.009035	0.008995	0.032787
5503	0.004234	-0.005306	0.033791
5504	0.003782	-0.003709	0.032888
5505	0.005473	-0.003519	0.039091
5506	0.014295	0.002351	0.039375
5507	0.019557	0.020129	0.042754
5508	0.024968	0.021349	0.047747
5509	0.035342	0.015220	0.049179
5510	0.043303	0.037606	0.048640
5511	0.050826	0.050267	0.051726
5512	0.055517	0.051037	0.050883
5513	0.058863	0.032355	0.053324
5514	0.071877	0.011548	0.052110
5515	0.082787	-0.001908	0.054984
5516	0.089230	-0.012046	0.048308
5517	0.094037	-0.023868	0.045717
5518	0.102658	0.002888	0.045861
5519	0.109262	0.002211	0.049620
5520	0.109032	0.013857	0.052680
5521	0.104861	0.017384	0.049602
5522	0.096287	0.003573	0.046823
5523	0.089911	0.003088	0.042011
5524	0.088076	0.007487	0.033344
5525	0.082598	0.010636	0.022233
5526	0.072641	0.005824	0.015811
5527	0.061082	-0.023441	0.008623
5528	0.060641	-0.022333	0.003895
5529	0.060990	-0.038080	0.002087
5530	0.061043	-0.026206	0.004907
5531	0.062485	-0.022958	0.003061
5532	0.052398	-0.000357	0.007763
5533	0.041110	-0.001336	0.013132
5534	0.023831	-0.001246	0.015704
5535	0.016473	0.009638	0.016646
5536	0.012892	0.029136	0.012088
5537	0.012221	0.037475	0.010340
5538	0.013317	0.023995	0.007548
5539	0.008030	0.013216	0.013548
5540	0.001361	0.006795	0.017321
5541	-0.007696	-0.015250	0.012445
5542	-0.021415	0.007667	0.014907
5543	-0.024418	0.022250	0.014519
5544	-0.022339	0.032047	0.017331
5545	-0.022061	0.037649	0.020263
5546	-0.019164	0.030456	0.020851
5547	-0.016503	0.020571	0.025679
5548	-0.004262	0.012036	0.028307
5549	-0.000875	0.004964	0.024093
5550	0.013501	0.014330	0.025145
5551	0.016574	0.009355	0.031208
5552	0.015087	0.017438	0.037165
5553	0.018605	0.028838	0.041211
5554	0.023944	0.026122	0.046055
5555	0.025627	0.011846	0.048489
5556	0.033819	-0.028401	0.054374
5557	0.041089	-0.023591	0.063169
5558	0.043709	-0.009128	0.063611
5559	0.048014	-0.014210	0.068330
5560	0.051150	-0.012385	0.074012
5561	0.050960	0.009342	0.076788
5562	0.052063	-0.002046	0.080587
5563	0.052279	-0.010192	0.084063
5564	0.052741	-0.017329	0.084548
5565	0.046826	0.001424	0.089891
5566	0.049249	0.004695	0.088973
5567	0.047559	0.010550	0.095774
5568	0.041878	0.016851	0.098473
5569	0.038730	0.016890	0.092377
5570	0.041630	0.000196	0.095946
5571	0.040518	0.014124	0.102637
5572	0.039660	0.028453	0.109883
5573	0.041202	0.015343	0.114093
5574	0.042710	0.012269	0.112214
5575	0.034873	0.012117	0.116465
5576	0.026668	0.026888	0.112927
5577	0.019099	0.012410	0.111271
5578	0.018319	-0.004842	0.112485
5579	0.022591	0.025098	0.111043
5580	0.023562	0.019017	0.112713
5581	0.030224	0.009107	0.116095
5582	0.033744	-0.002856	0.117290
5583	0.031976	0.005050	0.120235
5584	0.033419	0.016466	0.121218
5585	0.034952	0.037656	0.116456
5586	0.032948	0.017259	0.114916
5587	0.031408	0.016121	0.112776
5588	0.026238	0.000118	0.108556
5589	0.020609	-0.009511	0.104580
5590	0.014219	-0.026778	0.102292
5591	0.010153	-0.021779	0.095028
5592	0.011162	-0.010599	0.096110
5593	0.008493	0.011493	0.093152
5594	0.002046	0.008409	0.087102
5595	0.001826	0.021279	0.083873
5596	0.005245	0.004791	0.078371
5597	0.011609	-0.007724	0.071162
5598	0.020266	-0.005830	0.071044
5599	0.022140	-0.020355	0.071612
5600	0.021637	-0.001352	0.069012
5601	0.023303	0.008919	0.078641
5602	0.023177	0.026172	0.081457
5603	0.026270	0.037563	0.087247
5604	0.034541	0.014764	0.095188
5605	0.034618	-0.003423	0.099042
5606	0.041909	0.012299	0.103291
5607	0.045318	-0.016582	0.111795
5608	0.048142	-0.018865	0.112499
5609	0.048896	-0.013966	0.111430
5610	0.052314	-0.033120	0.112089
5611	0.055734	-0.050398	0.119318
5612	0.062906	-0.014453	0.123221
5613	0.064803	-0.021307	0.125646
5614	0.057356	0.013055	0.122208
5615	0.054490	0.017410	0.121694
5616	0.055195	0.000088	0.112910
5617	0.050694	0.016402	0.110597
5618	0.044132	0.022903	0.109377
5619	0.041525	0.023162	0.099333
5620	0.034188	0.025146	0.103447
5621	0.032722	0.018087	0.101271
5622	0.031412	0.000701	0.097874
5623	0.031407	-0.021386	0.091032
5624	0.025629	-0.005994	0.079049
5625	0.021090	-0.004133	0.075323
5626	0.024772	-0.010960	0.068247
5627	0.030684	-0.017362	0.067939
5628	0.025348	-0.019960	0.071104
5629	0.027232	-0.009513	0.071652
5630	0.027923	-0.003563	0.069872
5631	0.025710	-0.013822	0.067806
5632	0.020547	-0.013788	0.066638
5633	0.020117	-0.030417	0.055153
5634	0.023562	-0.027027	0.047137
5635	0.027137	-0.007728	0.048676
5636	0.023405	0.015418	0.042561
5637	0.021007	-0.008746	0.046109
5638	0.016087	-0.013442	0.046082
5639	0.023917	0.013570	0.046910
5640	0.027797	0.026413	0.051847
5641	0.041520	0.045353	0.050418
5642	0.049011	0.054557	0.048012
5643	0.043941	0.033243	0.043557
5644	0.047500	0.029710	0.040819
5645	0.052899	0.037090	0.030518
5646	0.062052	0.009372	0.021935
5647	0.071001	0.004582	0.020651
5648	0.077919	0.004718	0.020592
5649	0.076560	-0.010762	0.019723
5650	0.075976	-0.021061	0.020155
5651	0.083898	-0.028024	0.022724
5652	0.085038	-0.011377	0.021248
5653	0.083589	-0.017698	0.016774
5654	0.086296	-0.008251	0.012183
5655	0.093701	0.002986	0.006620
5656	0.089739	0.027016	0.003393
5657	0.086987	0.014928	0.002458
5658	0.088479	-0.000148	-0.002962
5659	0.088146	0.007742	-0.007319
5660	0.080025	-0.004515	-0.007978
5661	0.079047	-0.012427	-0.004721
5662	0.070779	-0.020403	-0.001089
5663	0.061259	-0.004884	-0.000407
5664	0.052406	-0.010380	0.000382
5665	0.045173	-0.012673	0.005736
5666	0.030851	-0.008936	0.006948
5667	0.023628	0.008011	0.009750
5668	0.019806	0.007080	0.007983
5669	0.010193	0.006578	0.006276
5670	0.002504	0.004327	0.010003
5671	-0.004181	-0.025804	0.016429
5672	-0.004318	-0.013399	0.019372
5673	-0.005342	0.001424	0.021724
5674	-0.012433	0.005200	0.017237
5675	-0.025740	-0.028200	0.016604
5676	-0.026431	-0.012377	0.006711
5677	-0.028141	-0.013660	0.000691
5678	-0.031019	-0.003608	-0.006490
5679	-0.034716	-0.005562	-0.017388
5680	-0.033111	-0.023608	-0.017993
5681	-0.031085	-0.005728	-0.023248
5682	-0.024581	-0.029343	-0.024005
5683	-0.019912	-0.013456	-0.033333
5684	-0.008055	-0.001027	-0.033232
5685	-0.002263	-0.001849	-0.032325
5686	-0.003606	-0.032758	-0.037340
5687	-0.008667	-0.007534	-0.038872
5688	-0.017108	0.002181	-0.046551
5689	-0.025978	-0.014080	-0.045882
5690	-0.023132	0.000638	-0.051396
5691	-0.024798	-0.015657	-0.047131
5692	-0.025054	-0.018074	-0.047886
5693	-0.029471	-0.028385	-0.049412
5694	-0.026699	-0.023656	-0.047565
5695	-0.019675	-0.006591	-0.046369
5696	-0.013549	0.012600	-0.044108
5697	-0.005794	0.006022	-0.049092
5698	-0.011379	0.034553	-0.045390
5699	-0.002469	0.035852	-0.044355
5700	0.000443	-0.002829	-0.046077
5701	0.007514	0.019667	-0.045355
5702	0.004079	0.015518	-0.051177
5703	0.004545	-0.004000	-0.063987
5704	-0.003803	0.000725	-0.067227
5705	-0.009039	-0.022998	-0.072575
5706	-0.015097	-0.036002	-0.073413
5707	-0.011387	-0.001791	-0.078068
5708	-0.009867	0.010278	-0.072943
5709	-0.011900	0.000700	-0.064895
5710	-0.010736	0.023649	-0.053967
5711	-0.008071	0.018703	-0.052605
5712	-0.004621	0.017217	-0.047492
5713	-0.006464	0.024449	-0.047603
5714	-0.006415	0.017091	-0.040215
5715	-0.002517	0.024032	-0.035702
5716	-0.002648	0.005356	-0.022175
5717	-0.008289	-0.012282	-0.020300
5718	-0.009360	-0.020729	-0.009984
5719	-0.013068	0.006312	-0.001874
5720	-0.019054	-0.004677	0.004717
5721	-0.013538	0.008388	0.010433
5722	-0.013165	0.002487	0.016646
5723	-0.007700	0.000390	0.019481
5724	0.002820	0.005806	0.025092
5725	-0.002164	-0.030621	0.030816
5726	-0.014410	-0.016133	0.035972
5727	-0.025958	-0.014525	0.032504
5728	-0.034543	-0.022700	0.040050
5729	-0.030649	-0.010565	0.041000
5730	-0.023951	-0.018508	0.043499
5731	-0.020496	-0.025282	0.040986
5732	-0.016228	-0.010151	0.035689
5733	-0.012245	-0.001441	0.027047
5734	-0.010586	-0.002026	0.019120
5735	-0.005503	0.001933	0.015236
5736	0.003284	0.003421	0.014882
5737	0.010055	-0.012092	0.017111
5738	0.013162	0.003399	0.019712
5739	0.025152	0.012097	0.015107
5740	0.028840	-0.000352	0.015917
5741	0.035550	-0.015674	0.010164
5742	0.031485	-0.028803	0.004179
5743	0.031768	-0.010693	0.009234
5744	0.030637	-0.013962	0.007852
5745	0.028589	0.022773	0.002549
5746	0.025078	0.027669	0.002177
5747	0.023066	0.013033	-0.002135
5748	0.019470	0.012581	-0.002391
5749	0.013987	0.015020	-0.002308
5750	0.011653	0.006993	0.003493
5751	0.004885	0.001700	0.005760
5752	0.011399	0.003766	0.009810
5753	0.012785	0.002042	0.006754
5754	0.008912	-0.004271	0.009091
5755	0.005147	0.009345	0.011278
5756	0.008197	-0.014841	0.011042
5757	0.014558	-0.021103	0.018148
5758	0.014900	-0.019067	0.017901
5759	0.019416	-0.023364	0.017564
5760	0.020385	0.009124	0.016905
5761	0.020357	-0.020309	0.010253
5762	0.024144	-0.001645	0.008594
5763	0.025297	0.016142	0.000842
5764	0.024849	0.006770	0.002943
5765	0.029389	0.016352	-0.004311
5766	0.035142	0.004383	-0.004483
5767	0.039039	0.016217	-0.005782
5768	0.046039	-0.003743	-0.001934
5769	0.048140	-0.012027	-0.002975
5770	0.055453	-0.005800	-0.004128
5771	0.056902	0.000901	-0.003861
5772	0.053125	0.002319	-0.009138
5773	0.047003	0.000612	-0.010050
5774	0.046634	0.022536	-0.004648
5775	0.047923	-0.012037	0.002335
5776	0.047425	-0.005070	0.005574
5777	0.042802	-0.001505	0.014588
5778	0.047007	-0.022446	0.015245
5779	0.053037	0.018793	0.017585
5780	0.057951	0.034966	0.010831
5781	0.054618	0.034476	0.008148
5782	0.052948	0.043764	0.000047
5783	0.048356	0.050033	-0.005865
5784	0.050681	0.027419	-0.006205
5785	0.048225	0.023774	-0.011035
5786	0.039233	0.005567	-0.019524
5787	0.040482	-0.005543	-0.024564
5788	0.036343	0.023688	-0.029532
5789	0.037943	0.004872	-0.027936
5790	0.036666	0.013859	-0.023978
5791	0.029273	0.011480	-0.022343
5792	0.023180	0.007223	-0.025985
5793	0.021547	-0.013098	-0.032538
5794	0.011803	-0.006940	-0.031330
5795	0.001424	-0.035141	-0.030911
5796	-0.015062	-0.032004	-0.024880
5797	-0.025093	-0.040168	-0.017290
5798	-0.034588	-0.023229	-0.016761
5799	-0.036811	-0.017468	-0.005784
5800	-0.038411	-0.028209	0.002027
5801	-0.033045	-0.021606	0.005300
5802	-0.030613	-0.021520	0.015831
5803	-0.028023	-0.000890	0.024376
5804	-0.029189	-0.016374	0.032643
5805	-0.025709	-0.002477	0.036699
5806	-0.031010	-0.033902	0.043816
5807	-0.025413	-0.035947	0.042675
5808	-0.020201	-0.038414	0.041477
5809	-0.017718	-0.032452	0.037789
5810	-0.016145	-0.031401	0.035515
5811	-0.010067	0.001162	0.032746
5812	-0.009075	0.012926	0.033829
5813	-0.014748	0.025505	0.029224
5814	-0.013287	-0.005124	0.030337
5815	-0.018588	0.004918	0.027967
5816	-0.023338	0.007210	0.028662
5817	-0.023253	-0.003574	0.030257
5818	-0.021683	-0.002304	0.033532
5819	-0.027076	-0.010714	0.034638
5820	-0.034157	-0.010438	0.036090
5821	-0.035837	0.009651	0.042521
5822	-0.033750	0.016464	0.053369
5823	-0.034701	-0.009453	0.056818
5824	-0.040579	-0.023875	0.062042
5825	-0.040725	-0.009019	0.065541
5826	-0.036579	-0.025954	0.074851
5827	-0.030683	0.003534	0.077980
5828	-0.022857	-0.014816	0.072386
5829	-0.019365	0.000344	0.071023
5830	-0.016593	0.001242	0.070414
5831	-0.015192	0.007875	0.064767
5832	-0.016344	0.019057	0.064755
5833	-0.022896	0.006672	0.066686
5834	-0.031099	-0.000151	0.069783
5835	-0.034849	-0.014889	0.071850
5836	-0.034820	-0.009985	0.072861
5837	-0.028975	0.005874	0.074631
5838	-0.030688	0.026930	0.064514
5839	-0.035471	0.012453	0.065513
5840	-0.036322	-0.002487	0.064556
5841	-0.038602	-0.014833	0.064148
5842	-0.043015	0.013746	0.061861
5843	-0.048910	0.014046	0.054710
5844	-0.052783	0.011963	0.045148
5845	-0.054020	0.006492	0.036427
5846	-0.056183	0.000443	0.023453
5847	-0.050297	-0.017781	0.012028
5848	-0.053641	-0.017390	-0.000824
5849	-0.055644	0.004094	-0.005931
5850	-0.057027	0.011833	-0.008116
5851	-0.057196	0.006792	-0.013456
5852	-0.051504	0.004150	-0.016453
5853	-0.046409	-0.000955	-0.022499
5854	-0.039208	0.018685	-0.019926
5855	-0.032659	0.022914	-0.024035
5856	-0.036497	0.020261	-0.022515
5857	-0.040327	0.022020	-0.027138
5858	-0.039564	0.014606	-0.019975
5859	-0.040629	-0.000552	-0.012149
5860	-0.037014	-0.034181	-0.008891
5861	-0.036529	-0.027582	-0.010852
5862	-0.034275	-0.037698	-0.010665
5863	-0.024208	-0.006213	-0.002918
5864	-0.011965	-0.014552	-0.004733
5865	0.001245	-0.014224	-0.001528
5866	0.005817	-0.001315	0.006636
5867	0.011749	0.001151	0.012999
5868	0.025776	0.005797	0.009289
5869	0.035292	0.003020	-0.003247
5870	0.039103	0.032788	-0.011452
5871	0.037770	0.038985	-0.022359
5872	0.037636	0.032184	-0.036761
5873	0.038884	0.030869	-0.045106
5874	0.044360	0.012976	-0.057387
5875	0.057281	0.017203	-0.063825
5876	0.064482	0.026479	-0.066360
5877	0.065423	0.001809	-0.059766
5878	0.061727	0.023028	-0.056744
5879	0.061058	-0.003240	-0.054876
5880	0.058403	-0.013578	-0.047881
5881	0.054207	0.005607	-0.045088
5882	0.055117	0.004061	-0.045572
5883	0.055126	0.008369	-0.044278
5884	0.048882	0.007116	-0.041040
5885	0.045428	0.009584	-0.046990
5886	0.041162	0.010292	-0.048184
5887	0.032299	-0.001338	-0.048512
5888	0.022907	0.008834	-0.054584
5889	0.019182	-0.000090	-0.063247
5890	0.011327	-0.010266	-0.075469
5891	0.007532	-0.008721	-0.075933
5892	0.003531	0.013022	-0.077993
5893	-0.001780	0.016361	-0.078214
5894	-0.005736	0.010055	-0.077328
5895	-0.008038	0.002212	-0.078618
5896	-0.006936	-0.010383	-0.087908
5897	-0.005456	-0.016716	-0.091746
5898	-0.000979	-0.030366	-0.091153
5899	0.003335	-0.025542	-0.091324
5900	0.009975	-0.032906	-0.096054
5901	0.014888	-0.030512	-0.094710
5902	0.015384	-0.024971	-0.089457
5903	0.024567	0.011783	-0.074429
5904	0.032247	0.011954	-0.063716
5905	0.035291	0.015989	-0.061090
5906	0.034494	-0.006712	-0.053172
5907	0.034931	-0.012507	-0.049923
5908	0.033488	-0.004226	-0.050661
5909	0.029739	-0.010330	-0.044857
5910	0.028964	0.001306	-0.036271
5911	0.027858	0.015527	-0.029180
5912	0.023583	0.015395	-0.028747
5913	0.022533	0.000902	-0.029013
5914	0.030536	0.021269	-0.020914
5915	0.031059	0.022441	-0.017074
5916	0.030391	0.004088	-0.007040
5917	0.037525	-0.006021	-0.005081
5918	0.040478	-0.002744	0.002488
5919	0.034005	0.003702	0.002927
5920	0.026233	-0.003069	0.004806
5921	0.019385	0.010869	0.008712
5922	0.009898	0.003021	0.015999
5923	0.006954	0.031908	0.020626
5924	-0.003361	0.007111	0.016636
5925	-0.003341	0.032144	0.014104
5926	-0.002172	0.009758	0.009598
5927	-0.005751	-0.005270	0.007231
5928	0.000390	-0.013325	0.006480
5929	0.006614	-0.008114	0.012567
5930	0.014878	-0.020655	0.016380
5931	0.027029	-0.000893	0.019063
5932	0.030518	0.011475	0.022557
5933	0.032365	-0.008653	0.028244
5934	0.033134	0.000812	0.033815
5935	0.035837	0.009176	0.035731
5936	0.037735	-0.003627	0.037038
5937	0.033921	-0.003887	0.036639
5938	0.028651	0.001967	0.043035
5939	0.030210	0.023713	0.046049
5940	0.029989	0.024597	0.050122
5941	0.033817	0.019318	0.046113
5942	0.036957	-0.007007	0.042709
5943	0.039214	-0.016354	0.041908
5944	0.044447	-0.023962	0.031538
5945	0.052294	-0.031789	0.027804
5946	0.059358	-0.023282	0.030157
5947	0.064383	-0.017619	0.027897
5948	0.068500	-0.019052	0.034336
5949	0.067345	-0.019165	0.033257
5950	0.065818	-0.026575	0.024748
5951	0.068480	-0.032812	0.031846
5952	0.066681	-0.043565	0.029416
5953	0.062267	-0.047255	0.025571
5954	0.058474	-0.013138	0.018021
5955	0.047897	-0.019404	0.019111
5956	0.042417	0.001922	0.018378
5957	0.042138	0.006287	0.019665
5958	0.038864	0.015589	0.017914
5959	0.040348	-0.004294	0.020544
5960	0.039436	0.004528	0.015909
5961	0.042539	0.018616	0.015753
5962	0.042800	0.002812	0.011799
5963	0.042605	0.008013	0.015432
5964	0.039365	0.023813	0.011743
5965	0.043442	0.028512	0.008971
5966	0.043372	0.011486	0.015000
5967	0.053001	0.025925	0.012289
5968	0.056103	0.034813	0.012426
5969	0.064473	0.026816	0.013219
5970	0.064555	0.021182	0.013789
5971	0.056915	0.006196	0.020309
5972	0.052432	0.024216	0.027888
5973	0.052380	0.017425	0.032960
5974	0.054734	0.031161	0.032658
5975	0.047837	0.017567	0.031082
5976	0.034774	-0.006689	0.033878
5977	0.022299	-0.001672	0.040902
5978	0.002848	-0.007357	0.043515
5979	-0.016811	0.000666	0.040191
5980	-0.024543	0.004462	0.038476
5981	-0.030445	0.013010	0.034152
5982	-0.037638	0.011999	0.031195
5983	-0.047423	0.000251	0.031799
5984	-0.052277	-0.006029	0.027414
5985	-0.054542	-0.006254	0.023268
5986	-0.052337	-0.002662	0.026600
5987	-0.052529	-0.007372	0.026188
5988	-0.051808	-0.004278	0.026443
5989	-0.052205	0.009912	0.028381
5990	-0.051305	0.009558	0.025789
5991	-0.049567	-0.012071	0.019556
5992	-0.041305	-0.003508	0.018343
5993	-0.042118	-0.012740	0.023068
5994	-0.037796	-0.024308	0.033667
5995	-0.038528	-0.042526	0.033925
5996	-0.031731	-0.035396	0.036769
5997	-0.030247	-0.008463	0.035088
5998	-0.029789	0.004441	0.042586
5999	-0.025134	0.023539	0.040053
6000	-0.023805	0.001888	0.037510
6001	-0.021823	0.003286	0.032734
6002	-0.014487	0.001612	0.030758
6003	-0.014397	0.011148	0.027693
6004	-0.006534	-0.000155	0.023828
6005	0.003031	0.015964	0.023874
6006	0.004038	0.015363	0.016450
6007	0.012633	-0.000193	0.013406
6008	0.013886	0.008101	0.004778
6009	0.021852	-0.005567	0.004105
6010	0.023563	-0.017232	-0.001723
6011	0.022551	-0.040182	0.002850
6012	0.021275	-0.014138	-0.000106
6013	0.020888	-0.001450	0.001292
6014	0.020709	0.019883	-0.004820
6015	0.016958	0.016678	-0.006891
6016	0.008879	0.007998	-0.004783
6017	0.003027	-0.008405	-0.008508
6018	-0.001302	0.006249	-0.003684
6019	-0.003663	-0.000840	-0.002028
6020	-0.007006	-0.014385	0.001003
6021	-0.012869	-0.022344	0.002475
6022	-0.009952	-0.017912	0.007478
6023	-0.013397	-0.017858	0.000733
6024	-0.013960	-0.001886	-0.005570
6025	-0.018240	0.006227	-0.007509
6026	-0.030814	0.041935	-0.010906
6027	-0.036080	0.040420	-0.009577
6028	-0.031110	0.032738	-0.009306
6029	-0.026746	0.008061	-0.014410
6030	-0.021389	0.027105	-0.014656
6031	-0.016503	0.021323	-0.015141
6032	-0.012131	0.025616	-0.017611
6033	-0.004278	0.019039	-0.009495
6034	0.004376	-0.011318	-0.009532
6035	0.019625	-0.019023	-0.009129
6036	0.028314	-0.038422	0.000143
6037	0.031836	-0.045099	0.007672
6038	0.042030	-0.036498	0.015343
6039	0.050946	-0.013977	0.017906
6040	0.057820	-0.023925	0.025578
6041	0.058392	-0.019560	0.029784
6042	0.051096	-0.018570	0.038469
6043	0.047630	0.008275	0.044076
6044	0.036205	0.010657	0.051520
6045	0.024651	0.010617	0.058425
6046	0.019557	0.004878	0.064195
6047	0.022808	0.024757	0.064697
6048	0.022730	0.014271	0.070363
6049	0.024596	0.044030	0.074432
6050	0.025702	0.016802	0.079188
6051	0.028662	-0.010199	0.079127
6052	0.032314	0.006999	0.082836
6053	0.034240	-0.003944	0.082776
6054	0.025538	-0.001299	0.077196
6055	0.024550	0.017274	0.074620
6056	0.023568	0.010810	0.065749
6057	0.012937	0.025591	0.063470
6058	0.002175	0.005310	0.054791
6059	-0.007008	0.015066	0.044867
6060	-0.010464	0.003750	0.038902
6061	-0.015123	-0.003531	0.032322
6062	-0.020407	-0.024511	0.033144
6063	-0.026076	-0.014639	0.029961
6064	-0.034647	-0.026213	0.026956
6065	-0.043107	-0.007434	0.022999
6066	-0.032198	-0.030220	0.014296
6067	-0.017487	-0.014689	-0.004416
6068	-0.008386	-0.063659	-0.014147
6069	0.003224	-0.039863	-0.024147
6070	0.011048	-0.030234	-0.032322
6071	0.023402	-0.037884	-0.034044
6072	0.032585	0.004033	-0.028870
6073	0.037046	0.014305	-0.023038
6074	0.037698	-0.009081	-0.015675
6075	0.042040	-0.007894	-0.005615
6076	0.040053	0.000598	0.002009
6077	0.040714	-0.004483	0.013404
6078	0.039219	0.010802	0.019877
6079	0.035579	-0.012233	0.021245
6080	0.032717	-0.020720	0.024924
6081	0.030031	-0.010318	0.036024
6082	0.027936	0.026049	0.042708
6083	0.030677	0.041133	0.048632
6084	0.030351	0.021449	0.048266
6085	0.032605	-0.002294	0.043654
6086	0.032968	-0.004331	0.036140
6087	0.036393	-0.010108	0.031874
6088	0.042000	0.011830	0.034059
6089	0.041713	0.015368	0.029875
6090	0.049215	0.020981	0.028614
6091	0.052386	0.027329	0.021849
6092	0.053521	0.004614	0.012220
6093	0.056358	0.015896	-0.000284
6094	0.055997	0.020226	-0.002932
6095	0.050653	0.008693	-0.005943
6096	0.053892	0.047025	-0.004565
6097	0.059068	0.037773	-0.005845
6098	0.057898	0.019675	-0.004983
6099	0.055582	0.011321	0.001636
6100	0.052719	0.016397	0.004851
6101	0.057627	0.016671	0.012360
6102	0.062403	0.008291	0.015773
6103	0.065382	0.001481	0.016270
6104	0.064823	-0.000185	0.018305
6105	0.070079	0.004976	0.019332
6106	0.072917	-0.007593	0.023124
6107	0.080865	-0.002208	0.027471
6108	0.079262	0.007140	0.031066
6109	0.078636	0.002178	0.031186
6110	0.076781	0.000724	0.028021
6111	0.070634	-0.007559	0.026804
6112	0.066059	-0.023504	0.028534
6113	0.063492	-0.001382	0.022375
6114	0.057390	-0.011331	0.019413
6115	0.050685	-0.019612	0.014310
6116	0.041529	-0.018402	0.004691
6117	0.041468	-0.010004	-0.003136
6118	0.036063	-0.008835	-0.004847
6119	0.036817	0.000613	-0.012500
6120	0.035910	-0.007396	-0.020722
6121	0.031629	-0.001051	-0.022037
6122	0.025873	-0.004029	-0.023909
6123	0.011523	-0.001161	-0.026381
6124	0.007982	0.031627	-0.024368
6125	0.008688	0.034792	-0.022194
6126	0.008812	0.003586	-0.023074
6127	0.009755	0.008235	-0.025427
6128	0.002474	0.007725	-0.022185
6129	-0.005868	0.008483	-0.021527
6130	-0.008510	-0.005839	-0.022457
6131	-0.014185	0.014829	-0.020951
6132	-0.020128	0.016918	-0.018442
6133	-0.026707	0.030064	-0.020098
6134	-0.025469	0.021014	-0.022057
6135	-0.022708	0.004024	-0.023214
6136	-0.024962	-0.010774	-0.021007
6137	-0.026359	0.007957	-0.022134
6138	-0.015286	0.005880	-0.027632
6139	-0.000793	0.001088	-0.028074
6140	-0.000021	-0.005664	-0.029512
6141	0.003235	0.001641	-0.030622
6142	0.008691	-0.004029	-0.024088
6143	0.015384	0.006219	-0.022498
6144	0.024929	0.000821	-0.024165
6145	0.031707	0.016062	-0.031101
6146	0.041423	0.040144	-0.037923
6147	0.048158	0.008527	-0.046870
6148	0.041822	0.026271	-0.050574
6149	0.034989	0.042504	-0.053943
6150	0.028967	0.035616	-0.060032
6151	0.018901	0.037570	-0.059358
6152	0.008952	0.003622	-0.058273
6153	0.002816	0.004208	-0.061268
6154	-0.006195	-0.007396	-0.063554
6155	-0.002874	-0.030620	-0.063604
6156	-0.008655	-0.024447	-0.062839
6157	-0.012069	-0.016270	-0.065151
6158	-0.009594	-0.001375	-0.064739
6159	-0.009934	0.008562	-0.060023
6160	-0.016232	-0.002774	-0.064259
6161	-0.019397	0.006634	-0.062646
6162	-0.018046	0.006345	-0.062968
6163	-0.023222	0.004125	-0.056780
6164	-0.019263	-0.006885	-0.053397
6165	-0.014399	-0.015802	-0.056155
6166	-0.012442	-0.005540	-0.056283
6167	-0.009770	-0.000513	-0.053939
6168	-0.007661	0.014861	-0.048176
6169	-0.000982	0.010972	-0.044853
6170	0.002463	0.006697	-0.042997
6171	0.011931	0.010654	-0.037231
6172	0.025360	0.004883	-0.031686
6173	0.029882	0.010575	-0.032446
6174	0.033985	0.018103	-0.040365
6175	0.036268	-0.008259	-0.041304
6176	0.044514	-0.029116	-0.042823
6177	0.044851	-0.015873	-0.041231
6178	0.043653	0.001843	-0.040679
6179	0.040933	-0.010213	-0.042894
6180	0.043524	-0.037610	-0.045786
6181	0.046910	-0.007657	-0.041527
6182	0.047046	-0.020637	-0.040731
6183	0.048158	-0.003315	-0.023432
6184	0.048738	-0.017598	-0.013083
6185	0.042013	0.004341	-0.004918
6186	0.033581	-0.000687	0.002736
6187	0.023440	-0.006498	0.010389
6188	0.009940	-0.003603	0.013933
6189	-0.002675	-0.029464	0.020486
6190	-0.012359	-0.013224	0.025686
6191	-0.015713	-0.010978	0.023973
6192	-0.009536	0.001766	0.025008
6193	-0.012859	-0.007580	0.022368
6194	-0.016393	-0.030559	0.018370
6195	-0.007692	-0.029361	0.016999
6196	-0.005391	-0.022018	0.010130
6197	-0.005727	-0.012275	0.005497
6198	-0.006282	-0.011600	0.002264
6199	-0.011372	-0.018261	-0.001367
6200	-0.006845	0.018800	0.000145
6201	-0.004640	0.001264	-0.008847
6202	-0.004390	0.000569	-0.020286
6203	-0.001667	-0.024073	-0.025403
6204	0.003838	-0.021729	-0.031261
6205	0.003143	-0.036711	-0.037116
6206	0.008904	-0.045558	-0.038435
6207	0.013844	-0.039358	-0.036957
6208	0.016084	-0.028604	-0.035092
6209	0.015685	-0.008326	-0.028868
6210	0.016902	-0.025355	-0.018675
6211	0.016019	-0.034669	-0.015414
6212	0.014950	-0.046653	-0.024098
6213	0.014348	-0.029926	-0.024997
6214	0.012879	0.003784	-0.022590
6215	0.005959	0.002081	-0.023409
6216	-0.002174	-0.007230	-0.021982
6217	-0.001647	0.015855	-0.014948
6218	0.005405	0.001601	-0.014393
6219	0.012636	0.005007	-0.011086
6220	0.018181	-0.016981	-0.012589
6221	0.017011	-0.018210	-0.017222
6222	0.017189	-0.024302	-0.026609
6223	0.023218	-0.032718	-0.033182
6224	0.023553	-0.013577	-0.033381
6225	0.021975	-0.020480	-0.032852
6226	0.028187	-0.021849	-0.036474
6227	0.030199	-0.022871	-0.036431
6228	0.029687	-0.006822	-0.046217
6229	0.024530	0.009753	-0.049998
6230	0.018928	-0.010108	-0.056116
6231	0.023220	0.012890	-0.055040
6232	0.028877	-0.010793	-0.050450
6233	0.036586	-0.000706	-0.044411
6234	0.039761	0.008516	-0.043591
6235	0.045238	-0.013547	-0.047292
6236	0.046714	-0.032505	-0.044174
6237	0.052963	-0.033121	-0.049006
6238	0.057218	-0.018999	-0.051561
6239	0.052872	-0.019772	-0.050307
6240	0.055493	-0.010752	-0.050707
6241	0.055409	-0.019121	-0.055399
6242	0.053413	-0.007284	-0.052352
6243	0.056080	0.004370	-0.049104
6244	0.058781	0.004005	-0.042798
6245	0.062568	0.006808	-0.037586
6246	0.065609	-0.009804	-0.037588
6247	0.065215	-0.026077	-0.033943
6248	0.062882	-0.023736	-0.023289
6249	0.066181	-0.039111	-0.019776
6250	0.071564	-0.034431	-0.009707
6251	0.071721	-0.018281	-0.007566
6252	0.062028	-0.001648	0.004255
6253	0.061866	-0.014316	0.006935
6254	0.064467	-0.022434	0.012476
6255	0.061612	-0.017708	0.012465
6256	0.057133	-0.007951	0.004742
6257	0.052083	-0.008079	0.003432
6258	0.051182	0.007546	-0.002105
6259	0.043077	-0.011116	-0.008251
6260	0.038504	0.012320	-0.006680
6261	0.029787	0.004070	-0.005661
6262	0.021711	-0.000239	-0.000085
6263	0.023090	0.031183	0.001550
6264	0.024153	0.018822	0.003507
6265	0.025944	0.006939	0.008868
6266	0.022608	-0.003406	0.012073
6267	0.017851	0.012309	0.011645
6268	0.017028	0.013270	0.019498
6269	0.027476	0.009770	0.023647
6270	0.035698	-0.004925	0.032081
6271	0.046403	-0.006812	0.033873
6272	0.050813	0.003395	0.041812
6273	0.056539	-0.008803	0.043563
6274	0.053316	-0.015290	0.043111
6275	0.050944	-0.000466	0.042694
6276	0.050689	-0.004421	0.058538
6277	0.049093	0.013967	0.067403
6278	0.048263	0.012283	0.075516
6279	0.054336	-0.001400	0.080422
6280	0.040672	-0.003743	0.081139
6281	0.027877	0.014350	0.089183
6282	0.023974	0.001157	0.091097
6283	0.021848	0.026012	0.084445
6284	0.023844	0.001067	0.079702
6285	0.019647	0.006515	0.074594
6286	0.017900	-0.001875	0.065238
6287	0.018103	-0.025068	0.057512
6288	0.022972	-0.023266	0.050036
6289	0.020861	-0.016602	0.046787
6290	0.015139	-0.005022	0.038773
6291	0.011891	0.004497	0.041384
6292	0.007995	0.016290	0.032261
6293	0.004159	0.018413	0.029042
6294	-0.000425	0.007765	0.032689
6295	-0.000432	0.010965	0.035543
6296	-0.004295	0.024331	0.039219
6297	-0.004106	0.004789	0.036721
6298	-0.002264	-0.000659	0.038757
6299	-0.000477	0.015711	0.037672
6300	0.006201	0.001141	0.035498
6301	0.020765	-0.017523	0.035584
6302	0.035187	-0.003719	0.034214
6303	0.047252	0.004246	0.031587
6304	0.056465	-0.005823	0.026555
6305	0.069197	-0.024204	0.032054
6306	0.074069	0.000096	0.029284
6307	0.068783	-0.025118	0.025577
6308	0.067051	-0.006088	0.022122
6309	0.068057	-0.021587	0.022338
6310	0.065096	-0.009315	0.022125
6311	0.056763	-0.006152	0.026722
6312	0.054646	0.012693	0.029701
6313	0.052943	0.012207	0.035166
6314	0.051991	0.007455	0.035731
6315	0.048521	-0.002017	0.034768
6316	0.046507	0.010408	0.034200
6317	0.043035	0.021545	0.033529
6318	0.042456	0.001812	0.030154
6319	0.034492	-0.005607	0.031051
6320	0.028511	-0.000491	0.038739
6321	0.030521	-0.012127	0.036830
6322	0.029921	-0.016370	0.037874
6323	0.029319	0.007300	0.033955
6324	0.026391	0.003596	0.030473
6325	0.022635	0.003804	0.034458
6326	0.018291	0.003360	0.030313
6327	0.014658	0.003184	0.027208
6328	0.014848	-0.011730	0.028174
6329	0.011915	-0.034228	0.026226
6330	0.010143	-0.021395	0.019511
6331	0.006315	-0.035016	0.021451
6332	-0.003282	-0.009614	0.022647
6333	-0.009628	0.002552	0.017651
6334	-0.017914	-0.002015	0.019876
6335	-0.025469	0.009577	0.024118
6336	-0.029089	-0.007847	0.024450
6337	-0.028520	-0.000823	0.026670
6338	-0.020557	0.015720	0.027664
6339	-0.018897	0.001326	0.024344
6340	-0.010230	-0.004668	0.015824
6341	-0.004328	-0.023587	0.009249
6342	0.000940	-0.017369	0.007312
6343	0.008064	0.025008	-0.002216
6344	0.006284	0.021375	-0.007878
6345	0.006181	0.008752	-0.012259
6346	0.010656	-0.003278	-0.018202
6347	0.021447	-0.017612	-0.019432
6348	0.029638	0.005660	-0.022229
6349	0.031729	-0.000758	-0.022062
6350	0.035285	-0.019269	-0.021950
6351	0.039836	-0.019697	-0.022453
6352	0.026178	-0.000080	-0.020024
6353	0.020038	-0.021533	-0.017325
6354	0.011126	-0.008629	-0.019413
6355	0.005041	-0.013011	-0.015644
6356	0.006058	-0.023192	-0.011058
6357	0.007732	-0.005483	-0.003379
6358	0.008973	0.021536	-0.003175
6359	0.013238	0.026221	-0.011383
6360	0.019470	0.013691	-0.011812
6361	0.023700	0.037529	-0.011567
6362	0.019950	0.024663	-0.008989
6363	0.015527	0.007419	-0.007997
6364	0.009393	-0.008221	-0.009292
6365	0.006796	-0.030835	-0.007586
6366	0.004231	-0.020830	-0.008564
6367	0.006308	-0.048723	-0.010684
6368	0.016977	-0.045957	-0.012957
6369	0.015992	-0.042778	-0.009431
6370	0.016239	-0.050358	0.000398
6371	0.017386	-0.031565	-0.000393
6372	0.006717	-0.023463	0.000515
6373	-0.004370	-0.010897	-0.001548
6374	-0.014281	0.007791	-0.012403
6375	-0.026229	0.001038	-0.013317
6376	-0.029411	0.012993	-0.024951
6377	-0.029458	0.011632	-0.032769
6378	-0.027346	-0.024171	-0.041242
6379	-0.024568	-0.002498	-0.043658
6380	-0.020865	-0.008331	-0.047315
6381	-0.014712	-0.021680	-0.047964
6382	-0.009961	0.001352	-0.042075
6383	-0.007982	0.020664	-0.042593
6384	-0.010310	0.014158	-0.038817
6385	-0.008207	0.007556	-0.037695
6386	-0.006725	-0.000004	-0.035068
6387	-0.004662	0.013313	-0.032901
6388	-0.005744	-0.015913	-0.034139
6389	-0.010600	-0.021655	-0.030282
6390	-0.018053	-0.017307	-0.026229
6391	-0.027768	-0.019044	-0.024798
6392	-0.037726	-0.030383	-0.018417
6393	-0.040535	-0.008417	-0.015003
6394	-0.040525	-0.016084	-0.014774
6395	-0.044564	0.001754	-0.020743
6396	-0.043196	-0.012991	-0.023866
6397	-0.039653	-0.004688	-0.030991
6398	-0.037638	0.001479	-0.036138
6399	-0.030845	0.004094	-0.041681
6400	-0.032309	-0.006556	-0.044739
6401	-0.030708	-0.005486	-0.047496
6402	-0.024986	-0.009330	-0.048735
6403	-0.021303	0.001324	-0.050031
6404	-0.018136	-0.000239	-0.046176
6405	-0.018390	0.004144	-0.040196
6406	-0.018155	-0.007416	-0.025434
6407	-0.020278	-0.011850	-0.022250
6408	-0.013674	-0.005826	-0.021028
6409	-0.012260	-0.010663	-0.016462
6410	-0.005872	-0.018831	-0.016874
6411	0.002125	-0.001479	-0.015941
6412	0.006644	-0.004869	-0.016466
6413	0.010051	-0.002557	-0.012130
6414	0.012003	-0.000846	-0.010163
6415	0.007992	-0.020552	-0.005735
6416	-0.000299	0.001055	-0.010758
6417	-0.005127	-0.007206	-0.002751
6418	-0.005306	0.009180	-0.002514
6419	-0.005913	0.007685	0.002871
6420	-0.011141	0.004565	0.006409
6421	-0.005372	-0.024602	0.011868
6422	-0.002279	-0.025785	0.008670
6423	0.004471	-0.009935	0.009198
6424	0.009614	0.005126	0.006727
6425	0.012045	-0.002016	0.006564
6426	0.013290	-0.001308	0.009708
6427	0.011016	-0.022805	0.005649
6428	0.014731	-0.031408	0.011227
6429	0.021141	-0.024896	0.009409
6430	0.030459	-0.019294	0.016637
6431	0.041219	-0.023100	0.006883
6432	0.053187	-0.038683	-0.001282
6433	0.064547	-0.041360	-0.015592
6434	0.070200	-0.044960	-0.030184
6435	0.075304	-0.038465	-0.037496
6436	0.075976	-0.021251	-0.045559
6437	0.077711	-0.006284	-0.049089
6438	0.076715	-0.025517	-0.051812
6439	0.080660	-0.032083	-0.061770
6440	0.089172	-0.029410	-0.069328
6441	0.086210	-0.019827	-0.075422
6442	0.088683	-0.009425	-0.082779
6443	0.093283	0.009614	-0.087402
6444	0.091399	0.012443	-0.097161
6445	0.094653	-0.005624	-0.102801
6446	0.098894	0.002263	-0.107099
6447	0.102903	-0.040711	-0.108050
6448	0.106932	-0.030771	-0.100165
6449	0.121354	-0.006958	-0.099025
6450	0.131018	0.001097	-0.098825
6451	0.135378	0.017421	-0.094389
6452	0.131466	0.040338	-0.091464
6453	0.134288	0.021578	-0.091814
6454	0.128193	0.025486	-0.091982
6455	0.130010	0.003048	-0.094025
6456	0.121121	0.002837	-0.097559
6457	0.123608	0.003905	-0.093056
6458	0.121054	-0.010877	-0.089798
6459	0.116820	-0.014402	-0.081653
6460	0.109033	-0.014940	-0.077616
6461	0.105201	-0.011940	-0.073693
6462	0.108358	0.001686	-0.075632
6463	0.110362	-0.002647	-0.071181
6464	0.118275	0.002955	-0.068813
6465	0.124795	-0.006346	-0.070567
6466	0.126769	-0.042831	-0.070420
6467	0.122172	-0.037270	-0.074030
6468	0.114073	-0.023656	-0.076634
6469	0.112048	-0.022203	-0.075695
6470	0.109143	-0.007650	-0.076454
6471	0.109687	-0.029621	-0.078083
6472	0.115391	-0.034868	-0.082455
6473	0.108158	-0.036733	-0.080648
6474	0.101014	-0.003492	-0.084821
6475	0.090316	0.041666	-0.088211
6476	0.080595	0.019439	-0.102940
6477	0.064134	0.003403	-0.106772
6478	0.051614	0.005278	-0.114184
6479	0.042137	-0.009193	-0.117550
6480	0.031681	-0.010760	-0.123319
6481	0.028401	-0.012130	-0.121725
6482	0.022522	-0.014097	-0.122703
6483	0.016627	-0.010336	-0.117724
6484	0.013719	0.016603	-0.108917
6485	0.015738	0.036674	-0.097769
6486	0.017296	0.024465	-0.093340
6487	0.013298	0.015807	-0.095488
6488	0.013949	-0.005085	-0.090409
6489	0.011628	0.018674	-0.091963
6490	0.009274	-0.012943	-0.083893
6491	0.001116	-0.023737	-0.073430
6492	-0.007283	-0.011883	-0.068890
6493	-0.011941	-0.008941	-0.065449
6494	-0.006021	-0.007996	-0.060837
6495	-0.002077	0.023470	-0.059742
6496	-0.003894	0.013883	-0.043389
6497	-0.009589	-0.001697	-0.032315
6498	-0.010226	0.001924	-0.024044
6499	-0.009699	0.011897	-0.024630
6500	-0.008451	-0.013581	-0.019001
6501	-0.011958	-0.003986	-0.013501
6502	-0.011449	0.002558	-0.012274
6503	-0.000207	-0.010820	-0.014233
6504	0.010829	0.004446	-0.013895
6505	0.012481	0.011192	-0.016454
6506	0.011235	0.000285	-0.017499
6507	0.016845	-0.017276	-0.019420
6508	0.019412	-0.001020	-0.017615
6509	0.025471	0.002743	-0.018089
6510	0.013187	-0.023365	-0.009879
6511	0.010578	-0.026461	-0.005016
6512	0.009777	-0.018405	-0.001977
6513	0.016406	-0.020782	-0.001271
6514	0.018035	-0.031582	0.005524
6515	0.009387	-0.020080	0.005577
6516	0.008647	-0.030898	0.007801
6517	0.006137	-0.011579	0.015989
6518	0.001821	-0.025802	0.013030
6519	-0.002220	0.026185	0.018315
6520	0.000423	0.021209	0.015091
6521	0.000857	0.013673	0.015006
6522	0.003738	0.011181	0.014527
6523	0.004249	0.011455	0.014653
6524	0.006309	0.012380	0.017262
6525	0.008493	-0.004584	0.014413
6526	0.007148	0.002056	0.011356
6527	0.010801	0.001751	0.000325
6528	0.013017	-0.002452	-0.007061
6529	0.011561	0.006264	-0.019647
6530	0.009341	0.042913	-0.033406
6531	0.009284	0.006518	-0.040214
6532	0.011417	0.002410	-0.050533
6533	0.006862	0.007580	-0.067949
6534	0.012010	0.032321	-0.070224
6535	0.014847	0.035930	-0.070270
6536	0.009490	0.045804	-0.065858
6537	0.010826	0.008109	-0.059567
6538	0.016935	0.000368	-0.057085
6539	0.016734	-0.008130	-0.049271
6540	0.020212	-0.023613	-0.051445
6541	0.013502	-0.027184	-0.051356
6542	0.013708	-0.025606	-0.051496
6543	0.006193	-0.028691	-0.056362
6544	0.004638	-0.007052	-0.056736
6545	-0.003919	0.034536	-0.062114
6546	-0.010771	0.032592	-0.066938
6547	-0.014418	0.031373	-0.063513
6548	-0.009101	0.021603	-0.070411
6549	-0.004704	0.018631	-0.082430
6550	-0.005191	-0.001457	-0.090047
6551	-0.006874	-0.000310	-0.091500
6552	-0.004132	-0.018388	-0.089132
6553	-0.002472	-0.033455	-0.089910
6554	-0.003758	-0.046317	-0.084265
6555	-0.004255	-0.035191	-0.086281
6556	-0.008587	-0.020087	-0.084522
6557	-0.005390	-0.026438	-0.083848
6558	-0.003821	-0.035816	-0.088214
6559	-0.002966	-0.057973	-0.092173
6560	-0.003896	-0.043049	-0.098586
6561	0.003952	-0.014796	-0.098708
6562	0.011729	-0.006313	-0.098669
6563	0.015202	-0.001614	-0.102364
6564	0.018158	0.004198	-0.101383
6565	0.019721	0.009876	-0.098981
6566	0.031365	0.006972	-0.094834
6567	0.038000	-0.012135	-0.089879
6568	0.040823	-0.013138	-0.097168
6569	0.042723	-0.026172	-0.089964
6570	0.046477	-0.018006	-0.092801
6571	0.050960	0.000625	-0.087888
6572	0.053624	-0.009418	-0.082275
6573	0.056399	0.000156	-0.080904
6574	0.062193	0.010896	-0.074018
6575	0.063990	-0.001165	-0.072707
6576	0.060751	0.005932	-0.068519
6577	0.058678	0.003559	-0.065344
6578	0.046426	0.004786	-0.059499
6579	0.042013	0.025074	-0.057566
6580	0.035058	0.025118	-0.049451
6581	0.022083	0.002356	-0.047103
6582	0.009980	-0.004779	-0.042661
6583	-0.006485	-0.006087	-0.046899
6584	-0.018841	-0.003700	-0.042809
6585	-0.034652	0.007785	-0.046440
6586	-0.048094	0.007125	-0.048641
6587	-0.052225	-0.000157	-0.045702
6588	-0.062286	0.008077	-0.046934
6589	-0.068572	0.003074	-0.039703
6590	-0.073628	0.000698	-0.040624
6591	-0.074798	-0.010325	-0.045518
6592	-0.079005	-0.015028	-0.048640
6593	-0.074675	-0.033579	-0.054880
6594	-0.073473	-0.016215	-0.053845
6595	-0.073286	-0.025793	-0.054136
6596	-0.067696	-0.020824	-0.058507
6597	-0.059552	-0.001849	-0.060962
6598	-0.060788	-0.001285	-0.058853
6599	-0.055959	-0.007269	-0.055787
6600	-0.054834	0.002052	-0.052079
6601	-0.053341	-0.028150	-0.057855
6602	-0.055409	-0.032688	-0.054592
6603	-0.059705	-0.039162	-0.055389
6604	-0.058007	-0.017272	-0.061281
6605	-0.058749	0.000045	-0.068309
6606	-0.055220	-0.003980	-0.070003
6607	-0.053286	-0.004051	-0.076063
6608	-0.054533	0.010532	-0.083886
6609	-0.054027	0.029437	-0.085910
6610	-0.052012	0.018761	-0.090053
6611	-0.046249	0.010576	-0.089861
6612	-0.047956	-0.015002	-0.090893
6613	-0.043715	0.006237	-0.104137
6614	-0.039912	0.024718	-0.106696
6615	-0.036655	0.011008	-0.109375
6616	-0.030392	0.000178	-0.111356
6617	-0.031336	0.015593	-0.107611
6618	-0.041171	0.006549	-0.095912
6619	-0.040034	0.027523	-0.078417
6620	-0.045045	0.005934	-0.067033
6621	-0.044637	0.027890	-0.053627
6622	-0.047319	0.045908	-0.046028
6623	-0.049333	0.004473	-0.031693
6624	-0.042579	0.016244	-0.017874
6625	-0.039777	0.010035	0.000353
6626	-0.040504	0.004257	0.014732
6627	-0.038546	0.022869	0.021724
6628	-0.039869	0.028928	0.032998
6629	-0.031270	-0.003940	0.039597
6630	-0.025829	0.000077	0.054052
6631	-0.020652	-0.026792	0.067607
6632	-0.015808	-0.070004	0.068663
6633	-0.015246	-0.050923	0.066750
6634	-0.027942	-0.047830	0.067719
6635	-0.021716	-0.038787	0.066654
6636	-0.021562	-0.030048	0.059062
6637	-0.026396	-0.026423	0.048988
6638	-0.028393	0.016980	0.047956
6639	-0.033053	0.027051	0.044723
6640	-0.042405	0.000329	0.041652
6641	-0.047993	0.023002	0.032254
6642	-0.043879	-0.005667	0.025658
6643	-0.034283	0.011315	0.020795
6644	-0.028014	-0.013730	0.019787
6645	-0.026785	0.009714	0.023676
6646	-0.025625	0.012654	0.023640
6647	-0.019623	0.017027	0.025335
6648	-0.017691	0.015277	0.028771
6649	-0.011734	-0.007955	0.026349
6650	-0.012025	-0.013692	0.025333
6651	-0.011457	-0.019234	0.024124
6652	-0.016662	-0.005027	0.028656
6653	-0.016774	0.018342	0.031691
6654	-0.020673	-0.020215	0.038011
6655	-0.016245	-0.004990	0.042622
6656	-0.014076	0.002073	0.050133
6657	-0.014285	-0.022092	0.055140
6658	-0.019280	-0.015168	0.067278
6659	-0.026884	-0.008158	0.074518
6660	-0.032359	-0.022062	0.081110
6661	-0.036803	0.000972	0.080716
6662	-0.040264	0.014565	0.078672
6663	-0.044195	0.002774	0.078659
6664	-0.047380	0.006968	0.078529
6665	-0.042099	0.005642	0.065705
6666	-0.035139	0.018657	0.061238
6667	-0.035425	0.008498	0.055520
6668	-0.025044	0.018839	0.065179
6669	-0.021897	-0.007342	0.064432
6670	-0.019553	-0.010071	0.055993
6671	-0.010419	-0.009755	0.051312
6672	-0.015112	0.022510	0.033506
6673	-0.007880	0.021551	0.028275
6674	-0.009994	0.029953	0.022412
6675	-0.015563	0.009291	0.021209
6676	-0.022206	0.003688	0.016739
6677	-0.028443	-0.005768	0.017181
6678	-0.028875	0.007351	0.019312
6679	-0.030068	0.029888	0.020912
6680	-0.033181	0.003527	0.017811
6681	-0.037958	0.020085	0.010940
6682	-0.041318	-0.005407	0.000846
6683	-0.043109	-0.005872	-0.005427
6684	-0.034743	-0.002315	-0.012175
6685	-0.024525	0.001436	-0.019212
6686	-0.018761	-0.013140	-0.018739
6687	-0.003055	-0.020516	-0.027870
6688	0.005796	-0.016981	-0.028520
6689	0.009803	-0.009533	-0.037350
6690	0.006668	-0.002455	-0.041834
6691	0.000242	-0.014237	-0.044869
6692	-0.003097	-0.025093	-0.051356
6693	-0.009566	-0.010493	-0.042876
6694	-0.009984	-0.015993	-0.050039
6695	-0.009436	0.001066	-0.052677
6696	-0.009491	-0.022048	-0.061413
6697	-0.009513	-0.008025	-0.069408
6698	-0.012224	-0.014881	-0.061095
6699	-0.015530	-0.020447	-0.068549
6700	-0.025313	-0.030312	-0.072287
6701	-0.029506	-0.057994	-0.067702
6702	-0.028765	-0.055743	-0.060885
6703	-0.037533	-0.032995	-0.051524
6704	-0.041531	-0.014078	-0.052673
6705	-0.041774	-0.013836	-0.046101
6706	-0.029623	-0.040100	-0.038050
6707	-0.026203	-0.036923	-0.030546
6708	-0.019612	-0.036325	-0.019938
6709	-0.018037	-0.028787	-0.011475
6710	-0.017742	-0.025202	0.001312
6711	-0.015404	-0.042201	0.006765
6712	-0.021841	-0.037440	0.012637
6713	-0.023322	-0.016573	0.012787
6714	-0.024412	-0.015758	0.022480
6715	-0.025232	0.009902	0.023999
6716	-0.024543	-0.014094	0.035878
6717	-0.027305	-0.017986	0.034555
6718	-0.032524	-0.002454	0.030864
6719	-0.044060	-0.026057	0.031329
6720	-0.055187	-0.010197	0.038199
6721	-0.070152	-0.018378	0.039497
6722	-0.076471	-0.003149	0.034348
6723	-0.077031	-0.014623	0.035427
6724	-0.072630	-0.011454	0.041197
6725	-0.076932	-0.019730	0.049792
6726	-0.076799	-0.038028	0.056487
6727	-0.072804	-0.056499	0.056593
6728	-0.072453	-0.044380	0.058180
6729	-0.071562	-0.043153	0.049720
6730	-0.070629	-0.046024	0.043549
6731	-0.074376	-0.043842	0.040323
6732	-0.076678	-0.029587	0.034868
6733	-0.082747	-0.025469	0.030874
6734	-0.088927	-0.006909	0.022680
6735	-0.089318	0.004495	0.018226
6736	-0.084753	-0.015183	0.018526
6737	-0.082199	-0.019941	0.019722
6738	-0.086534	0.003400	0.029204
6739	-0.086151	0.002073	0.041187
6740	-0.074398	0.009067	0.046236
6741	-0.072526	-0.028137	0.053381
6742	-0.064331	-0.032260	0.055473
6743	-0.067839	-0.037845	0.056415
6744	-0.057973	-0.047494	0.051540
6745	-0.052199	-0.045264	0.053718
6746	-0.046818	-0.024841	0.060382
6747	-0.037176	-0.017620	0.065482
6748	-0.037082	0.004490	0.068971
6749	-0.033270	0.017050	0.072430
6750	-0.026904	0.008045	0.080181
6751	-0.024125	0.004656	0.084080
6752	-0.019151	-0.019266	0.080545
6753	-0.012485	-0.028128	0.076856
6754	-0.010022	-0.020192	0.074332
6755	-0.007287	-0.014434	0.064471
6756	-0.006103	-0.001100	0.057894
6757	-0.002950	-0.017697	0.044750
6758	-0.000827	-0.037470	0.031523
6759	-0.003448	-0.007273	0.018407
6760	-0.001346	-0.030522	0.006853
6761	0.003831	-0.034326	-0.002021
6762	0.001633	-0.015992	-0.015694
6763	0.003282	0.005006	-0.027056
6764	0.002142	0.001271	-0.040870
6765	-0.007014	0.028926	-0.046590
6766	-0.015379	0.023175	-0.052896
6767	-0.028254	0.012555	-0.062016
6768	-0.034865	-0.014539	-0.060492
6769	-0.036400	-0.010009	-0.067448
6770	-0.039966	-0.037029	-0.067014
6771	-0.039830	-0.030386	-0.066929
6772	-0.037797	0.002089	-0.066793
6773	-0.023699	-0.017103	-0.068342
6774	-0.023241	-0.011285	-0.074083
6775	-0.019969	0.013487	-0.076260
6776	-0.015966	-0.016862	-0.075926
6777	-0.011764	-0.023621	-0.079211
6778	-0.011596	-0.031359	-0.083622
6779	-0.012978	-0.037287	-0.087770
6780	-0.008231	-0.028226	-0.091579
6781	-0.009641	-0.029114	-0.099846
6782	-0.004929	-0.020415	-0.098166
6783	-0.002832	-0.019038	-0.098833
6784	0.006582	-0.052044	-0.093915
6785	0.010585	-0.034628	-0.080995
6786	0.017814	-0.019283	-0.066064
6787	0.019778	-0.017049	-0.047562
6788	0.023964	-0.004355	-0.041715
6789	0.018113	0.012693	-0.031831
6790	0.017722	0.004434	-0.023211
6791	0.018064	-0.015922	-0.022842
6792	0.015473	-0.025596	-0.019987
6793	0.015132	-0.036056	-0.015281
6794	0.013957	-0.016889	-0.004118
6795	0.019852	-0.021775	0.004269
6796	0.016351	-0.006963	0.014636
6797	0.012826	0.000775	0.026297
6798	0.011587	-0.020513	0.024856
6799	0.018242	0.016545	0.032763
6800	0.024363	0.021154	0.033383
6801	0.037834	0.018388	0.039725
6802	0.040044	0.001076	0.043551
6803	0.047041	0.018506	0.047794
6804	0.046527	0.026603	0.048398
6805	0.043800	0.025774	0.039584
6806	0.038695	-0.006404	0.032495
6807	0.028824	0.007809	0.029782
6808	0.019996	-0.003550	0.021745
6809	0.010439	0.005543	0.018342
6810	-0.000457	0.014641	0.015778
6811	-0.014117	0.012679	0.013103
6812	-0.022087	0.015544	0.011295
6813	-0.020955	0.017051	0.010709
6814	-0.017271	0.016829	0.008593
6815	-0.010262	0.017515	0.003000
6816	-0.002921	0.029460	0.003371
6817	0.004641	-0.020974	-0.008248
6818	0.015612	-0.019033	-0.011383
6819	0.018441	-0.020492	-0.015147
6820	0.017252	-0.017882	-0.014434
6821	0.016553	-0.016323	-0.022328
6822	0.012430	-0.017739	-0.023773
6823	0.014010	-0.016705	-0.023085
6824	0.016936	-0.000974	-0.026234
6825	0.011636	-0.030951	-0.019418
6826	0.019881	-0.021459	-0.025179
6827	0.012639	-0.011217	-0.024663
6828	0.005686	0.014907	-0.031117
6829	0.002231	-0.004829	-0.022467
6830	-0.000595	-0.000285	-0.015216
6831	-0.001699	-0.015679	-0.006917
6832	-0.001312	-0.026659	-0.008368
6833	0.000473	-0.023933	-0.012420
6834	0.005119	-0.007864	-0.015845
6835	0.009768	0.002930	-0.015727
6836	0.001560	0.023771	-0.012312
6837	-0.004304	0.016266	0.000073
6838	-0.010095	0.016972	0.005519
6839	-0.017581	0.029413	0.009112
6840	-0.023742	0.024749	0.014732
6841	-0.029264	0.032411	0.017044
6842	-0.032589	0.013747	0.015986
6843	-0.037203	0.020277	0.007438
6844	-0.036306	-0.001832	0.008518
6845	-0.028959	0.014670	0.004276
6846	-0.022711	0.015142	0.004598
6847	-0.018557	-0.007473	-0.003745
6848	-0.016219	-0.002406	-0.012096
6849	-0.019842	0.007121	-0.017056
6850	-0.020613	0.010865	-0.023689
6851	-0.022390	0.009658	-0.029825
6852	-0.029702	0.008440	-0.036510
6853	-0.037432	-0.005481	-0.038756
6854	-0.045269	-0.018259	-0.047510
6855	-0.054426	-0.017948	-0.049333
6856	-0.058232	-0.018811	-0.055212
6857	-0.061096	0.004012	-0.052162
6858	-0.060196	-0.031669	-0.045050
6859	-0.058489	-0.010972	-0.037522
6860	-0.065089	0.007906	-0.036574
6861	-0.073426	0.005363	-0.028946
6862	-0.078900	-0.014491	-0.017889
6863	-0.075028	-0.003364	-0.008317
6864	-0.075536	0.032699	-0.001023
6865	-0.078377	0.007826	-0.002037
6866	-0.088401	-0.002159	-0.000920
6867	-0.092221	-0.003931	0.015815
6868	-0.091331	-0.004847	0.029105
6869	-0.096373	-0.001085	0.038690
6870	-0.097287	-0.021968	0.044215
6871	-0.095895	-0.028721	0.045218
6872	-0.089278	-0.036543	0.051781
6873	-0.076402	-0.002623	0.054566
6874	-0.071291	0.015769	0.058047
6875	-0.061887	0.015744	0.054567
6876	-0.049795	0.027345	0.056817
6877	-0.046629	0.039207	0.056473
6878	-0.039430	0.044260	0.062799
6879	-0.032253	0.013426	0.063454
6880	-0.027652	0.017933	0.065341
6881	-0.021549	0.025343	0.075364
6882	-0.019769	0.004251	0.072537
6883	-0.016594	0.002860	0.070296
6884	-0.008913	-0.000838	0.067275
6885	-0.008894	0.001390	0.058113
6886	-0.001622	0.007771	0.055024
6887	0.001532	0.006406	0.056598
6888	0.013207	0.020495	0.049521
6889	0.020426	0.006429	0.044564
6890	0.031982	0.000022	0.041520
6891	0.041660	-0.020872	0.038763
6892	0.046978	-0.020472	0.032407
6893	0.047701	0.005414	0.030777
6894	0.044976	0.018778	0.029630
6895	0.044757	-0.000299	0.037390
6896	0.042964	0.005005	0.043444
6897	0.037212	0.003783	0.049154
6898	0.030786	-0.000208	0.049509
6899	0.034164	-0.010629	0.050406
6900	0.044093	-0.033992	0.049676
6901	0.042564	-0.025891	0.052325
6902	0.033992	-0.007036	0.052804
6903	0.036392	-0.019098	0.050599
6904	0.036678	-0.010783	0.048648
6905	0.044736	-0.000091	0.039461
6906	0.049847	-0.005704	0.043071
6907	0.044846	0.033046	0.039219
6908	0.055857	0.042790	0.041045
6909	0.063102	0.038110	0.036823
6910	0.060590	0.048809	0.041017
6911	0.069818	0.054780	0.035117
6912	0.076037	0.010939	0.034424
6913	0.073569	0.032693	0.039483
6914	0.068958	0.017841	0.038616
6915	0.068395	-0.002415	0.029247
6916	0.066503	0.022457	0.015980
6917	0.072899	0.013566	0.011493
6918	0.078664	0.025304	-0.005581
6919	0.080384	0.014184	-0.020164
6920	0.083942	0.017692	-0.021895
6921	0.078545	0.035491	-0.027732
6922	0.079242	0.038537	-0.025686
6923	0.075611	0.052909	-0.024389
6924	0.068925	0.007693	-0.024942
6925	0.061407	-0.003101	-0.024827
6926	0.045389	0.035327	-0.026486
6927	0.028874	0.033708	-0.022137
6928	0.020870	0.040588	-0.021255
6929	0.015043	0.020788	-0.020579
6930	0.012144	0.036065	-0.016232
6931	0.009837	0.019057	-0.012062
6932	0.007034	-0.005477	-0.016554
6933	0.003939	0.006672	-0.018401
6934	-0.000487	-0.013934	-0.028781
6935	-0.010972	0.003877	-0.035234
6936	-0.017923	-0.011200	-0.037970
6937	-0.027411	-0.008993	-0.042205
6938	-0.042034	-0.012226	-0.048871
6939	-0.049586	0.004764	-0.048227
6940	-0.064456	-0.013197	-0.046684
6941	-0.073741	-0.003383	-0.053641
6942	-0.085960	0.017431	-0.053703
6943	-0.090850	0.002050	-0.056049
6944	-0.084102	-0.026433	-0.057903
6945	-0.079915	-0.034024	-0.053050
6946	-0.081837	-0.020882	-0.048237
6947	-0.082837	-0.034158	-0.050690
6948	-0.089588	-0.010476	-0.048440
6949	-0.089454	-0.010614	-0.053819
6950	-0.079252	-0.011679	-0.057299
6951	-0.076285	-0.007387	-0.064812
6952	-0.073219	-0.017871	-0.074830
6953	-0.061754	-0.037644	-0.081338
6954	-0.050297	-0.036161	-0.078958
6955	-0.031814	-0.041509	-0.074735
6956	-0.016466	-0.055340	-0.072886
6957	-0.005836	-0.044609	-0.066318
6958	0.000578	-0.028562	-0.059489
6959	0.009006	-0.013021	-0.050499
6960	0.020318	-0.005753	-0.042315
6961	0.029560	0.004633	-0.034838
6962	0.036580	0.015538	-0.024999
6963	0.049237	-0.006788	-0.025836
6964	0.054177	0.006901	-0.023126
6965	0.056881	0.018325	-0.020511
6966	0.059441	0.030094	-0.009728
6967	0.062043	0.007249	-0.000298
6968	0.067284	0.016789	0.011566
6969	0.074365	-0.010767	0.014948
6970	0.079100	-0.004912	0.021807
6971	0.080289	0.034539	0.021272
6972	0.075686	0.009204	0.025322
6973	0.063506	0.017828	0.027577
6974	0.054224	0.026378	0.036700
6975	0.050698	0.010841	0.042679
6976	0.050100	0.003834	0.045611
6977	0.039363	0.039001	0.046919
6978	0.022397	0.008730	0.037719
6979	0.007681	0.013210	0.035999
6980	-0.005272	0.025655	0.034954
6981	-0.016641	0.008182	0.029971
6982	-0.033003	0.014881	0.028526
6983	-0.038839	-0.009670	0.015952
6984	-0.045824	-0.012109	0.015069
6985	-0.051450	0.028218	0.008773
6986	-0.049401	0.008317	0.009084
6987	-0.049724	0.005186	0.009170
6988	-0.044092	0.033385	0.005804
6989	-0.050960	0.018629	0.007219
6990	-0.044441	0.024789	0.008743
6991	-0.044757	0.005069	0.013568
6992	-0.042620	-0.010365	0.017469
6993	-0.033696	-0.003388	0.020196
6994	-0.024052	-0.026430	0.022216
6995	-0.019493	-0.003903	0.023038
6996	-0.019274	0.015226	0.022964
6997	-0.015585	0.023442	0.034255
6998	-0.004992	0.029055	0.040647
6999	-0.009336	0.006277	0.044698
7000	-0.010478	-0.018393	0.049966
7001	-0.011644	-0.022874	0.053748
7002	-0.010799	-0.018773	0.064356
7003	-0.007537	-0.016284	0.074418
7004	0.003006	-0.019709	0.082980
7005	0.006252	-0.024656	0.087640
7006	0.008867	-0.054944	0.093231
7007	0.006024	-0.056714	0.102974
7008	0.005689	-0.034402	0.109821
7009	0.005802	-0.015365	0.113961
7010	0.000586	0.000349	0.112444
7011	-0.000436	-0.047226	0.106843
7012	-0.008263	-0.052854	0.105790
7013	-0.010889	-0.068853	0.115545
7014	-0.013300	-0.041649	0.110683
7015	0.001532	-0.025895	0.108735
7016	0.009467	-0.002641	0.104766
7017	0.009750	0.008791	0.110806
7018	0.015228	-0.035373	0.106082
7019	0.021434	-0.007319	0.098321
7020	0.021406	-0.002256	0.095160
7021	0.031155	-0.004619	0.094784
7022	0.028014	0.016048	0.091696
7023	0.036153	-0.020592	0.083858
7024	0.036714	0.000892	0.079557
7025	0.035662	0.006905	0.078537
7026	0.032014	-0.000072	0.076857
7027	0.034836	0.004238	0.082541
7028	0.028672	0.001096	0.086271
7029	0.035721	-0.024163	0.084064
7030	0.047307	-0.014918	0.082819
7031	0.045510	-0.029784	0.085218
7032	0.053622	-0.050630	0.089994
7033	0.065746	-0.048604	0.092540
7034	0.073171	-0.021208	0.093422
7035	0.090271	-0.026944	0.105048
7036	0.095815	0.002110	0.110269
7037	0.098667	-0.000914	0.112871
7038	0.102595	0.008455	0.116985
7039	0.112567	0.005229	0.114602
7040	0.119579	0.025766	0.121509
7041	0.125109	0.043777	0.118890
7042	0.126065	0.026087	0.127032
7043	0.123039	-0.001886	0.121956
7044	0.116189	-0.020658	0.119124
7045	0.098114	-0.009314	0.116490
7046	0.097427	0.002039	0.117266
7047	0.096617	-0.016225	0.108901
7048	0.096290	-0.010702	0.111236
7049	0.099727	-0.017844	0.111588
7050	0.097948	-0.000957	0.118422
7051	0.096774	0.004267	0.122973
7052	0.095328	0.025899	0.130602
7053	0.096908	0.014520	0.127277
7054	0.091349	-0.020614	0.128067
7055	0.089795	0.004998	0.125732
7056	0.092718	0.007817	0.121029
7057	0.092562	0.017181	0.123859
7058	0.091490	0.017443	0.115416
7059	0.097917	0.021376	0.118658
7060	0.101369	0.002587	0.109312
7061	0.106873	-0.041675	0.101611
7062	0.105108	-0.027470	0.098728
7063	0.095904	-0.030287	0.094226
7064	0.086734	-0.043092	0.089415
7065	0.074572	-0.014285	0.084532
7066	0.065370	-0.032268	0.078511
7067	0.056324	-0.013659	0.073972
7068	0.038612	-0.022923	0.065494
7069	0.024188	-0.027637	0.059548
7070	0.007245	-0.010072	0.053645
7071	-0.004290	-0.027018	0.048995
7072	-0.019989	-0.029803	0.044138
7073	-0.042812	0.017501	0.031333
7074	-0.059214	0.021317	0.024210
7075	-0.062575	0.000536	0.021375
7076	-0.070117	-0.008388	0.016679
7077	-0.069803	-0.009463	0.016840
7078	-0.071598	-0.038486	0.017496
7079	-0.068020	0.000711	0.019232
7080	-0.075492	0.004422	0.016280
7081	-0.077345	0.005565	0.002048
7082	-0.082112	-0.008890	-0.007644
7083	-0.082238	-0.015826	-0.022459
7084	-0.079643	-0.015441	-0.026503
7085	-0.070993	-0.019432	-0.026413
7086	-0.062640	-0.017699	-0.028793
7087	-0.054316	0.016129	-0.019824
7088	-0.045179	-0.037272	-0.017333
7089	-0.029369	-0.011743	-0.016858
7090	-0.021218	0.018602	-0.021826
7091	-0.009776	0.014528	-0.022302
7092	0.005447	0.045421	-0.021013
7093	0.007454	0.070214	-0.021815
7094	0.014879	0.044895	-0.024073
7095	0.018464	0.032870	-0.018607
7096	0.017964	0.036136	-0.016748
7097	0.020563	0.037529	-0.012785
7098	0.019162	0.034669	-0.002711
7099	0.007254	0.037213	0.005304
7100	0.008903	0.032578	0.015359
7101	0.014360	0.031656	0.026332
7102	0.022569	0.028361	0.037887
7103	0.024796	0.028822	0.046451
7104	0.027695	0.037722	0.055338
7105	0.033348	0.013675	0.051810
7106	0.028007	0.001190	0.056569
7107	0.029568	0.002014	0.055289
7108	0.035797	0.017025	0.055423
7109	0.032999	0.031033	0.053054
7110	0.027586	0.020612	0.058803
7111	0.024629	-0.000105	0.054075
7112	0.029290	-0.003787	0.051049
7113	0.025988	0.011127	0.046649
7114	0.021956	0.006663	0.042519
7115	0.021113	0.019183	0.047271
7116	0.018150	-0.019118	0.051396
7117	0.016612	0.004506	0.052020
7118	0.010895	-0.019107	0.063689
7119	0.012242	-0.042919	0.061372
7120	0.012851	-0.000502	0.058220
7121	0.016253	-0.033285	0.063185
7122	0.016213	-0.016563	0.064738
7123	0.005835	-0.020381	0.069262
7124	-0.011029	-0.015851	0.065151
7125	-0.021290	-0.012102	0.070369
7126	-0.026598	-0.003377	0.075441
7127	-0.030263	-0.009541	0.085205
7128	-0.035077	-0.010999	0.091210
7129	-0.036509	0.008203	0.097880
7130	-0.035671	-0.004920	0.102464
7131	-0.023780	-0.018565	0.112375
7132	-0.017396	-0.026127	0.113856
7133	-0.009793	-0.016589	0.128504
7134	-0.001660	0.002313	0.133185
7135	-0.003571	0.012566	0.128105
7136	0.001093	-0.007912	0.119603
7137	0.008287	0.005366	0.117744
7138	0.007392	-0.024898	0.115093
7139	-0.004834	-0.001675	0.106493
7140	-0.011042	-0.008250	0.089351
7141	-0.010196	0.008837	0.077824
7142	-0.015613	-0.001624	0.065920
7143	-0.025656	-0.006239	0.061163
7144	-0.035642	-0.006055	0.061648
7145	-0.043934	0.032690	0.058111
7146	-0.052471	0.014831	0.063119
7147	-0.060376	0.022153	0.058686
7148	-0.071734	0.031729	0.054222
7149	-0.083348	-0.004306	0.045307
7150	-0.085238	0.016469	0.043082
7151	-0.081900	0.036126	0.040828
7152	-0.070039	0.009572	0.029799
7153	-0.061653	0.014429	0.023786
7154	-0.050242	0.014169	0.014411
7155	-0.041240	-0.000094	0.014020
7156	-0.032364	0.028116	0.020215
7157	-0.033748	0.015407	0.022992
7158	-0.031203	-0.014547	0.013856
7159	-0.026703	-0.018392	0.013106
7160	-0.018752	-0.022133	0.012533
7161	-0.018990	-0.009698	0.013730
7162	-0.019116	-0.007289	0.007618
7163	-0.016221	-0.011810	0.004896
7164	-0.019088	-0.023319	0.005671
7165	-0.012207	-0.008736	0.013422
7166	-0.005550	-0.020204	0.013669
7167	-0.005100	0.022408	0.010517
7168	-0.004399	0.000307	0.010643
7169	0.000153	0.012815	0.016055
7170	0.005877	0.008663	0.023593
7171	0.011881	-0.007284	0.026769
7172	0.013393	-0.003238	0.034193
7173	0.014762	-0.022231	0.038305
7174	0.018879	-0.000580	0.049068
7175	0.022040	-0.018215	0.050788
7176	0.023625	-0.022482	0.052628
7177	0.024341	-0.030211	0.050063
7178	0.025555	-0.019073	0.047319
7179	0.024776	-0.024534	0.051982
7180	0.021813	-0.009378	0.051260
7181	0.011526	-0.014668	0.046633
7182	0.010102	-0.007149	0.031019
7183	0.017076	-0.017864	0.031918
7184	0.023692	-0.023313	0.020350
7185	0.021905	-0.007883	0.017618
7186	0.019145	-0.024582	0.010882
7187	0.012739	-0.013704	0.014543
7188	0.008519	-0.008165	0.017657
7189	0.008525	-0.008394	0.016588
7190	0.006722	0.001344	0.011385
7191	0.012891	0.019296	0.005569
7192	0.019701	0.009968	0.002536
7193	0.030210	0.016563	-0.001520
7194	0.034425	-0.003512	-0.006197
7195	0.030696	0.010596	-0.012494
7196	0.039597	-0.005924	-0.011798
7197	0.042858	-0.024382	-0.008886
7198	0.052121	-0.017123	-0.011276
7199	0.051929	-0.018259	-0.015213
7200	0.050048	-0.008324	-0.019522
7201	0.041491	0.017708	-0.016893
7202	0.035778	-0.002555	-0.015653
7203	0.031433	-0.017291	-0.008075
7204	0.024656	-0.013943	-0.003756
7205	0.016152	-0.012886	0.004921
7206	0.007633	-0.016397	0.004717
7207	-0.003241	-0.035600	0.009966
7208	-0.011137	-0.010411	0.008402
7209	-0.019417	-0.013472	0.007240
7210	-0.020287	0.017380	0.006683
7211	-0.016292	0.036173	0.001119
7212	-0.024137	0.025847	0.007102
7213	-0.026386	-0.009837	0.010168
7214	-0.030619	-0.016351	0.015122
7215	-0.026391	-0.011068	0.018712
7216	-0.023836	0.018403	0.022860
7217	-0.018635	-0.002451	0.037780
7218	-0.014438	-0.012239	0.048627
7219	-0.001615	-0.001664	0.053038
7220	0.012854	0.031543	0.050471
7221	0.018608	0.028505	0.053414
7222	0.029813	0.024180	0.052650
7223	0.033680	0.017551	0.049186
7224	0.045523	0.040358	0.049756
7225	0.047579	0.042015	0.045623
7226	0.050925	0.021183	0.043355
7227	0.053660	0.040662	0.041513
7228	0.039202	0.013848	0.042093
7229	0.041082	0.027029	0.033033
7230	0.041602	-0.003691	0.033558
7231	0.037415	-0.034810	0.032830
7232	0.027704	-0.037529	0.038650
7233	0.017813	-0.022214	0.032071
7234	0.016486	-0.024491	0.031400
7235	0.016886	-0.026804	0.023120
7236	0.016132	0.012141	0.025923
7237	0.013989	0.031055	0.025565
7238	0.008345	0.005053	0.023324
7239	0.007017	0.029923	0.020838
7240	0.013072	0.027941	0.020382
7241	0.019542	0.011362	0.012225
7242	0.020092	0.012982	0.009241
7243	0.025266	-0.000629	0.002683
7244	0.016349	0.040783	-0.006315
7245	0.014494	0.016497	-0.002439
7246	0.011462	-0.004952	0.005022
7247	-0.006081	0.002039	0.010132
7248	-0.013596	-0.012004	0.018286
7249	-0.011925	0.000992	0.027359
7250	-0.011521	-0.004415	0.040536
7251	-0.011488	-0.007525	0.047560
7252	-0.015782	-0.010152	0.051390
7253	-0.019055	0.007589	0.058724
7254	-0.024157	-0.002687	0.060392
7255	-0.033560	-0.009606	0.064032
7256	-0.038677	-0.002984	0.074223
7257	-0.040523	-0.023152	0.081722
7258	-0.040662	-0.019600	0.081487
7259	-0.037784	0.006139	0.073743
7260	-0.041704	-0.004574	0.072937
7261	-0.041256	-0.007822	0.077460
7262	-0.050257	0.000584	0.074123
7263	-0.058427	-0.022953	0.067174
7264	-0.064175	-0.011487	0.062983
7265	-0.063072	-0.000359	0.057997
7266	-0.062977	0.018837	0.049048
7267	-0.059345	0.020266	0.043115
7268	-0.052596	0.017345	0.040822
7269	-0.054851	0.038988	0.044881
7270	-0.062471	0.038027	0.046474
7271	-0.064772	0.037883	0.039463
7272	-0.075905	0.044345	0.036320
7273	-0.080075	0.023586	0.040102
7274	-0.077993	0.014519	0.044972
7275	-0.082900	0.013737	0.045295
7276	-0.080206	-0.016687	0.052343
7277	-0.069004	-0.041131	0.061628
7278	-0.065698	-0.015097	0.065993
7279	-0.064825	-0.004050	0.066317
7280	-0.057834	-0.014460	0.064541
7281	-0.045381	-0.011649	0.058881
7282	-0.033213	-0.024124	0.055348
7283	-0.024272	0.013355	0.060024
7284	-0.011834	0.014369	0.058870
7285	-0.003382	0.016309	0.049026
7286	0.004375	-0.008831	0.044423
7287	0.011357	0.000931	0.043393
7288	0.010697	0.013102	0.034128
7289	0.014455	-0.019269	0.033883
7290	0.022088	-0.011574	0.032642
7291	0.024868	-0.018236	0.035927
7292	0.025483	-0.023476	0.037340
7293	0.026294	-0.008646	0.031443
7294	0.021370	-0.016858	0.035835
7295	0.022820	0.001991	0.035650
7296	0.023757	-0.020819	0.039151
7297	0.021636	-0.010135	0.044164
7298	0.021709	0.008214	0.043565
7299	0.018966	0.005331	0.041021
7300	0.015562	-0.004486	0.044840
7301	0.009052	-0.032326	0.037027
7302	0.007607	0.001052	0.037736
7303	0.004115	-0.019029	0.035173
7304	0.001559	-0.009383	0.022460
7305	0.000377	-0.010749	0.016744
7306	0.010031	-0.026484	0.010565
7307	0.018123	-0.037624	0.009986
7308	0.016987	-0.032608	0.007266
7309	0.008932	-0.030348	0.015489
7310	0.005395	-0.044995	0.016641
7311	0.006337	-0.011265	0.017007
7312	0.001814	-0.005467	0.012746
7313	-0.006830	0.000067	0.019279
7314	-0.018950	0.013146	0.018564
7315	-0.010436	0.027486	0.017838
7316	-0.007552	-0.003033	0.021677
7317	0.001838	-0.038190	0.026947
7318	0.003634	-0.029683	0.026776
7319	0.010088	-0.018832	0.028014
7320	0.008176	-0.030960	0.029544
7321	0.009693	0.000219	0.030597
7322	0.013561	-0.032885	0.029249
7323	0.012862	-0.028913	0.029609
7324	0.003648	-0.017233	0.024132
7325	-0.000593	-0.028860	0.023465
7326	-0.005018	-0.003717	0.033030
7327	-0.003251	-0.012819	0.040455
7328	-0.017281	-0.004050	0.035513
7329	-0.030362	0.008522	0.040841
7330	-0.037288	-0.006574	0.040923
7331	-0.044115	-0.013144	0.033712
7332	-0.043858	-0.019954	0.027309
7333	-0.038311	-0.008984	0.027166
7334	-0.032976	-0.027207	0.027030
7335	-0.028419	-0.023166	0.025888
7336	-0.028256	-0.024265	0.010211
7337	-0.031785	0.032269	0.005503
7338	-0.031019	0.012787	0.006741
7339	-0.035428	0.014184	0.007963
7340	-0.037722	0.035131	0.008979
7341	-0.038783	0.002400	0.017091
7342	-0.038972	-0.001268	0.023272
7343	-0.042796	-0.000596	0.019119
7344	-0.041897	-0.012622	0.014151
7345	-0.041880	-0.017377	0.012459
7346	-0.039571	0.000991	0.014550
7347	-0.038137	-0.007128	0.013078
7348	-0.032037	-0.006952	0.010468
7349	-0.020200	-0.023021	0.002477
7350	-0.002929	-0.034887	-0.005652
7351	0.014743	-0.038858	-0.011135
7352	0.027797	-0.025721	-0.007365
7353	0.037787	-0.018484	-0.001935
7354	0.035699	-0.005539	0.002511
7355	0.034756	-0.027635	0.004361
7356	0.041423	-0.014943	0.008207
7357	0.045767	-0.009285	0.013044
7358	0.042699	-0.020590	0.013282
7359	0.031453	0.007908	0.005800
7360	0.026312	0.010037	0.007649
7361	0.032012	0.002253	0.005725
7362	0.038635	0.009847	0.002942
7363	0.041419	-0.015171	0.004462
7364	0.041617	0.008553	0.001774
7365	0.033574	-0.006472	-0.009346
7366	0.030275	-0.003283	-0.016552
7367	0.026572	-0.003046	-0.027159
7368	0.021108	-0.001968	-0.028557
7369	0.018500	0.017339	-0.023846
7370	0.021646	0.019317	-0.026481
7371	0.027268	0.026589	-0.027379
7372	0.026380	-0.018491	-0.026679
7373	0.019664	-0.030174	-0.022089
7374	0.016217	-0.029288	-0.020888
7375	0.012328	-0.016830	-0.012751
7376	0.009385	0.011786	-0.008663
7377	0.007017	0.021830	-0.004415
7378	-0.006422	0.008444	-0.004417
7379	-0.017552	0.007969	0.000663
7380	-0.024150	0.010225	0.000169
7381	-0.028146	-0.008220	0.004477
7382	-0.037751	0.033059	0.008130
7383	-0.052056	0.023081	0.012696
7384	-0.058658	0.022277	0.015351
7385	-0.056096	0.038462	0.016053
7386	-0.051863	0.042714	0.013651
7387	-0.054087	0.018136	0.015695
7388	-0.040704	0.006865	0.017151
7389	-0.033320	-0.009670	0.018442
7390	-0.027361	-0.005504	0.020404
7391	-0.022674	0.023776	0.017363
7392	-0.023746	0.008764	0.011130
7393	-0.028429	0.014009	0.010101
7394	-0.027798	0.011096	0.010068
7395	-0.025060	0.054289	0.005429
7396	-0.029399	0.030481	0.003596
7397	-0.022484	0.031840	-0.008765
7398	-0.021904	0.027145	-0.011310
7399	-0.020019	0.002640	-0.020836
7400	-0.020584	0.040688	-0.031106
7401	-0.026825	0.028156	-0.042626
7402	-0.025063	0.041097	-0.048239
7403	-0.025081	0.037661	-0.048345
7404	-0.030841	0.026361	-0.061328
7405	-0.029019	0.033355	-0.063197
7406	-0.023986	0.045330	-0.066651
7407	-0.025206	0.030339	-0.067496
7408	-0.033995	0.038702	-0.067252
7409	-0.039620	0.020963	-0.069240
7410	-0.040223	0.011598	-0.071739
7411	-0.034215	-0.007655	-0.069748
7412	-0.023877	0.004119	-0.071982
7413	-0.021715	0.008019	-0.063513
7414	-0.013277	0.006827	-0.057391
7415	-0.012028	-0.000910	-0.046998
7416	-0.009175	0.002471	-0.027116
7417	-0.011323	0.019776	-0.028006
7418	-0.020312	0.004570	-0.020931
7419	-0.025763	0.007711	-0.017138
7420	-0.031905	-0.013454	0.000341
7421	-0.036378	-0.011499	0.010428
7422	-0.031940	-0.004562	0.022709
7423	-0.030584	0.012908	0.028399
7424	-0.034677	-0.001359	0.028914
7425	-0.041100	0.030231	0.034557
7426	-0.045317	0.019725	0.036235
7427	-0.048033	0.007322	0.041980
7428	-0.051803	0.021496	0.040366
7429	-0.060306	0.003773	0.031388
7430	-0.071029	0.031986	0.015004
7431	-0.067690	0.025988	0.005926
7432	-0.066706	0.017736	0.000430
7433	-0.059776	-0.036592	-0.005210
7434	-0.056493	0.000007	-0.003821
7435	-0.052464	0.001008	-0.012982
7436	-0.058674	-0.024678	-0.019793
7437	-0.059266	-0.009124	-0.025242
7438	-0.057406	-0.001608	-0.020050
7439	-0.051688	0.025811	-0.021955
7440	-0.057869	0.012254	-0.018619
7441	-0.054379	0.026866	-0.018877
7442	-0.045887	0.004760	-0.024298
7443	-0.041566	0.005046	-0.031057
7444	-0.040876	0.001414	-0.031742
7445	-0.036743	0.015903	-0.028943
7446	-0.045592	-0.009252	-0.028525
7447	-0.043729	-0.022793	-0.033184
7448	-0.037905	-0.031263	-0.038424
7449	-0.027351	-0.033720	-0.042394
7450	-0.016960	-0.004639	-0.041053
7451	-0.014072	-0.011803	-0.038887
7452	-0.007361	-0.004832	-0.050735
7453	-0.003729	0.018724	-0.050870
7454	0.002629	0.007717	-0.061942
7455	0.001258	0.015211	-0.063334
7456	0.003183	0.022959	-0.065558
7457	-0.001983	-0.014293	-0.072278
7458	-0.005943	0.020486	-0.071574
7459	-0.007023	0.022705	-0.069545
7460	-0.014306	0.005762	-0.061690
7461	-0.013508	0.004564	-0.058057
7462	-0.015090	0.015506	-0.055499
7463	-0.022032	0.020202	-0.050015
7464	-0.031637	0.013489	-0.042433
7465	-0.036016	-0.001398	-0.034452
7466	-0.035718	0.009025	-0.031862
7467	-0.029554	-0.005141	-0.036725
7468	-0.028003	-0.002060	-0.032772
7469	-0.024223	0.006251	-0.030794
7470	-0.026078	-0.006459	-0.035309
7471	-0.022925	-0.005579	-0.035419
7472	-0.019047	-0.026004	-0.036456
7473	-0.016475	-0.001528	-0.042368
7474	-0.018416	-0.018948	-0.050919
7475	-0.023720	-0.021363	-0.060626
7476	-0.024682	-0.000710	-0.068689
7477	-0.020630	-0.000107	-0.071787
7478	-0.015661	0.010453	-0.078992
7479	-0.012653	0.006282	-0.079136
7480	-0.020305	-0.000832	-0.078738
7481	-0.028905	0.022709	-0.079908
7482	-0.037039	-0.004902	-0.083115
7483	-0.038105	0.002305	-0.080790
7484	-0.043360	-0.003429	-0.077620
7485	-0.049884	-0.020316	-0.082788
7486	-0.043382	-0.038165	-0.078553
7487	-0.033437	-0.016446	-0.073643
7488	-0.024196	-0.016580	-0.062321
7489	-0.008750	-0.024709	-0.058114
7490	0.000117	-0.031476	-0.058203
7491	0.001414	-0.020744	-0.062752
7492	0.001496	-0.000640	-0.057859
7493	0.011982	-0.007469	-0.062357
7494	0.023314	-0.026853	-0.059414
7495	0.032992	-0.014151	-0.065444
7496	0.035492	-0.026443	-0.058362
7497	0.045059	-0.022345	-0.060026
7498	0.052315	0.006457	-0.059028
7499	0.052073	0.015996	-0.057388
7500	0.051213	0.017394	-0.059234
7501	0.044564	-0.002648	-0.062257
7502	0.046213	-0.002222	-0.061941
7503	0.046003	0.015162	-0.061485
7504	0.048932	-0.011791	-0.060442
7505	0.038195	0.006363	-0.049280
7506	0.025120	0.013165	-0.046107
7507	0.013341	-0.009500	-0.042019
7508	0.007398	-0.037271	-0.038772
7509	0.006185	-0.002311	-0.039173
7510	0.008094	-0.025651	-0.035300
7511	0.006719	-0.011146	-0.027026
7512	0.003030	0.021930	-0.023196
7513	0.001250	0.003559	-0.018638
7514	0.005010	0.004131	-0.019713
7515	0.009566	0.018834	-0.009788
7516	0.016298	0.034259	-0.009454
7517	0.011388	0.027149	-0.015911
7518	0.001321	0.013414	-0.019168
7519	-0.015428	0.007981	-0.022760
7520	-0.027461	0.014025	-0.021614
7521	-0.039596	0.015425	-0.022521
7522	-0.044811	0.045688	-0.023122
7523	-0.044455	0.002837	-0.015631
7524	-0.043790	0.017764	-0.013327
7525	-0.043040	0.003357	-0.013135
7526	-0.037663	0.014012	-0.008963
7527	-0.023575	0.037544	-0.009202
7528	-0.009710	-0.002262	-0.005628
7529	0.002423	-0.012746	-0.003621
7530	0.017346	0.007062	0.000251
7531	0.025190	-0.028866	0.007260
7532	0.035724	-0.030004	0.009763
7533	0.042193	-0.046607	0.014163
7534	0.044247	-0.032071	0.007286
7535	0.039816	-0.068035	-0.002656
7536	0.041293	-0.061001	-0.012533
7537	0.042024	-0.046362	-0.011387
7538	0.047737	-0.032787	-0.004333
7539	0.053730	-0.035264	-0.002446
7540	0.058373	-0.018661	0.004989
7541	0.055642	-0.007462	0.014001
7542	0.062401	-0.027210	0.016799
7543	0.069023	-0.012303	0.022887
7544	0.075856	-0.004292	0.028415
7545	0.072727	-0.007299	0.023700
7546	0.060778	-0.006276	0.031391
7547	0.049932	-0.012088	0.033696
7548	0.047009	0.018497	0.027859
7549	0.031855	0.000168	0.031675
7550	0.029684	-0.018034	0.023583
7551	0.029822	-0.000894	0.019625
7552	0.026676	-0.018940	0.011063
7553	0.030369	-0.000604	0.004030
7554	0.037416	0.012681	0.000035
7555	0.039745	0.001510	-0.016263
7556	0.048651	-0.007140	-0.026445
7557	0.057050	-0.026214	-0.038110
7558	0.063658	-0.004043	-0.030392
7559	0.070452	-0.023724	-0.029114
7560	0.069291	-0.034249	-0.025956
7561	0.074417	-0.003662	-0.024493
7562	0.087612	-0.023766	-0.021537
7563	0.092645	-0.028402	-0.020622
7564	0.103460	-0.050801	-0.002644
7565	0.109931	-0.020075	0.004898
7566	0.115063	-0.046710	0.012762
7567	0.112668	-0.010673	0.009836
7568	0.113192	0.013403	-0.000328
7569	0.103183	0.027261	-0.007021
7570	0.095263	0.034489	-0.010940
7571	0.080524	0.035066	-0.009771
7572	0.069870	0.009510	-0.020815
7573	0.062822	0.027294	-0.019898
7574	0.055849	0.001098	-0.026861
7575	0.052100	-0.008077	-0.026646
7576	0.049353	-0.039186	-0.028489
7577	0.043774	-0.024332	-0.025140
7578	0.050098	-0.031951	-0.022574
7579	0.064142	-0.034261	-0.029830
7580	0.070322	-0.037798	-0.043643
7581	0.070191	-0.058454	-0.052165
7582	0.071058	-0.023967	-0.051889
7583	0.076672	-0.032884	-0.049622
7584	0.076357	-0.032726	-0.045051
7585	0.075896	-0.014604	-0.037621
7586	0.068054	-0.018818	-0.027750
7587	0.068181	-0.006245	-0.018584
7588	0.062498	-0.006907	-0.007066
7589	0.060334	0.010851	0.000372
7590	0.054005	0.001637	0.013187
7591	0.044675	0.009915	0.018529
7592	0.033103	-0.009260	0.020787
7593	0.027046	-0.022271	0.019139
7594	0.031568	-0.033420	0.019856
7595	0.035672	-0.058825	0.020283
7596	0.038319	-0.055948	0.021486
7597	0.038068	-0.058282	0.020568
7598	0.041661	-0.057790	0.018345
7599	0.039176	-0.024434	0.028412
7600	0.027046	-0.005860	0.036912
7601	0.016530	-0.042148	0.049079
7602	0.015133	-0.008575	0.062115
7603	0.010415	-0.005358	0.074248
7604	0.001034	0.018715	0.081867
7605	-0.010083	0.005920	0.083260
7606	-0.011446	0.013238	0.085257
7607	-0.006240	-0.010992	0.085720
7608	-0.004269	0.013685	0.081395
7609	-0.005075	0.005197	0.072351
7610	-0.010072	0.049136	0.065898
7611	-0.022959	0.042907	0.058847
7612	-0.030733	-0.001473	0.048546
7613	-0.030488	0.015049	0.037458
7614	-0.035217	-0.017119	0.034794
7615	-0.036971	-0.033492	0.025685
7616	-0.043369	-0.026748	0.021802
7617	-0.048008	-0.009523	0.022246
7618	-0.044111	-0.007682	0.022807
7619	-0.038083	-0.005315	0.021020
7620	-0.037599	0.016389	0.016206
7621	-0.029757	0.013791	0.007972
7622	-0.035093	0.027008	0.003184
7623	-0.028543	0.037639	-0.000005
7624	-0.010882	0.050823	0.003922
7625	-0.005008	0.069819	-0.000677
7626	-0.009412	0.044540	-0.004183
7627	-0.002159	0.044629	-0.008926
7628	-0.003109	0.010672	-0.013942
7629	-0.014937	0.033179	-0.017424
7630	-0.021058	0.043700	-0.022066
7631	-0.032210	0.031480	-0.021269
7632	-0.036169	0.038879	-0.013839
7633	-0.044310	-0.003680	-0.008386
7634	-0.045537	-0.024108	-0.004851
7635	-0.047561	-0.002795	0.001743
7636	-0.045461	0.024964	0.001997
7637	-0.047501	0.027309	0.008309
7638	-0.039067	0.040979	0.008465
7639	-0.039820	0.038849	0.016416
7640	-0.046504	0.025716	0.024906
7641	-0.035715	0.025929	0.025322
7642	-0.028931	0.022756	0.031533
7643	-0.028142	0.014474	0.029860
7644	-0.026406	0.014875	0.038666
7645	-0.025425	0.029268	0.045916
7646	-0.027022	0.023826	0.050482
7647	-0.031602	-0.000826	0.054306
7648	-0.046771	-0.018598	0.045276
7649	-0.059805	-0.015564	0.039647
7650	-0.064662	-0.012594	0.031604
7651	-0.069758	0.009228	0.030086
7652	-0.059558	0.009764	0.029065
7653	-0.057940	0.003627	0.026644
7654	-0.051663	-0.020305	0.017682
7655	-0.045930	-0.006123	0.008128
7656	-0.046951	-0.002046	0.001823
7657	-0.042911	0.023560	0.014976
7658	-0.032225	0.005131	0.020651
7659	-0.025893	-0.003443	0.023998
7660	-0.021467	0.019751	0.027210
7661	-0.014205	0.016037	0.011258
7662	-0.023015	0.019758	0.000934
7663	-0.024720	0.025114	0.003645
7664	-0.025359	0.032468	0.002444
7665	-0.028809	0.000981	0.006053
7666	-0.037145	0.004283	0.009754
7667	-0.052637	-0.014026	0.008617
7668	-0.068030	-0.003453	0.009625
7669	-0.064518	0.008991	0.005743
7670	-0.074316	0.002044	0.007846
7671	-0.087192	-0.002149	0.008657
7672	-0.105777	0.018556	0.011297
7673	-0.122325	0.011119	0.004363
7674	-0.125241	0.019194	-0.010503
7675	-0.127217	0.057844	-0.018043
7676	-0.124576	0.022121	-0.023907
7677	-0.127296	0.033311	-0.020662
7678	-0.130881	0.048442	-0.020171
7679	-0.139670	0.016189	-0.018803
7680	-0.135597	0.042191	-0.019981
7681	-0.133766	0.054837	-0.023539
7682	-0.125759	0.015516	-0.024477
7683	-0.114469	-0.005980	-0.021517
7684	-0.113895	-0.035049	-0.019277
7685	-0.112604	-0.041060	-0.021194
7686	-0.112285	-0.025729	-0.022265
7687	-0.109266	-0.036727	-0.027190
7688	-0.111137	-0.022967	-0.030960
7689	-0.100354	-0.035431	-0.035119
7690	-0.101616	-0.037123	-0.036214
7691	-0.103780	-0.023660	-0.044755
7692	-0.113902	-0.008692	-0.051571
7693	-0.120970	0.006629	-0.050165
7694	-0.122616	0.015026	-0.052370
7695	-0.117782	0.018069	-0.056186
7696	-0.110114	0.036110	-0.051899
7697	-0.108383	-0.004392	-0.039722
7698	-0.109044	0.013168	-0.032558
7699	-0.106044	0.015593	-0.032665
7700	-0.092258	-0.004644	-0.034895
7701	-0.082436	-0.011586	-0.028774
7702	-0.078366	-0.011278	-0.022092
7703	-0.079592	-0.029091	-0.008234
7704	-0.078787	0.001626	-0.010736
7705	-0.070978	-0.000372	-0.007385
7706	-0.065111	-0.040543	-0.003717
7707	-0.062799	-0.025020	-0.004792
7708	-0.060737	-0.038415	-0.006544
7709	-0.051489	-0.026388	0.001504
7710	-0.046459	-0.000132	0.017499
7711	-0.041000	-0.019996	0.023665
7712	-0.044569	0.017784	0.030992
7713	-0.052064	0.052177	0.042971
7714	-0.062236	0.033853	0.042166
7715	-0.057915	0.011466	0.037948
7716	-0.051221	-0.000889	0.043130
7717	-0.047339	-0.004995	0.043243
7718	-0.039968	0.018590	0.049037
7719	-0.041131	-0.022201	0.059222
7720	-0.053243	-0.009985	0.066086
7721	-0.055289	-0.019088	0.067301
7722	-0.055149	0.001482	0.065327
7723	-0.063444	0.015460	0.078179
7724	-0.063319	0.002171	0.088411
7725	-0.069313	-0.018990	0.094146
7726	-0.075773	0.010018	0.097945
7727	-0.078705	0.003361	0.102696
7728	-0.087216	0.017098	0.099652
7729	-0.095985	0.034265	0.102860
7730	-0.100346	0.012780	0.101831
7731	-0.109038	0.046652	0.105442
7732	-0.112264	0.054866	0.106664
7733	-0.124800	0.055763	0.099851
7734	-0.132712	0.049298	0.087624
7735	-0.135618	0.038355	0.082513
7736	-0.144129	-0.004536	0.073571
7737	-0.158671	0.002803	0.072353
7738	-0.170667	-0.019341	0.066600
7739	-0.179650	0.023282	0.060733
7740	-0.179680	-0.016777	0.059709
7741	-0.179194	-0.022339	0.059269
7742	-0.179354	-0.012051	0.065678
7743	-0.179850	0.028224	0.064922
7744	-0.183525	0.050782	0.067286
7745	-0.185731	0.031913	0.065843
7746	-0.180717	0.016611	0.054633
7747	-0.172526	0.011596	0.058166
7748	-0.167416	0.010657	0.057351
7749	-0.161242	-0.001106	0.057683
7750	-0.150693	-0.011807	0.046411
7751	-0.136252	-0.000635	0.020945
7752	-0.127422	0.000622	0.002435
7753	-0.119333	-0.004108	-0.007995
7754	-0.111631	0.001041	-0.019960
7755	-0.111402	0.018075	-0.032159
7756	-0.118133	0.049178	-0.032217
7757	-0.120381	0.051189	-0.036506
7758	-0.113345	0.038502	-0.046401
7759	-0.105116	0.027897	-0.060187
7760	-0.102729	0.019337	-0.065948
7761	-0.102174	0.041090	-0.064853
7762	-0.109022	-0.011236	-0.064637
7763	-0.126549	-0.008503	-0.059829
7764	-0.142499	-0.004464	-0.052957
7765	-0.151005	-0.015317	-0.045238
7766	-0.156019	0.019673	-0.041289
7767	-0.157725	0.020918	-0.038463
7768	-0.163674	-0.002575	-0.033254
7769	-0.168352	-0.010454	-0.030302
7770	-0.173125	-0.005538	-0.016991
7771	-0.168649	0.001120	-0.007720
7772	-0.161555	0.013840	-0.004944
7773	-0.153939	0.017164	-0.007357
7774	-0.156521	0.038379	0.003025
7775	-0.158476	0.018033	0.000506
7776	-0.154401	0.030535	-0.004140
7777	-0.148193	0.024688	-0.003924
7778	-0.144282	-0.020372	-0.005001
7779	-0.133154	-0.044930	-0.014465
7780	-0.119366	-0.030757	-0.028213
7781	-0.108627	0.002085	-0.040590
7782	-0.098487	0.018849	-0.058192
7783	-0.087281	0.015930	-0.064279
7784	-0.077681	0.035438	-0.064510
7785	-0.062101	0.019034	-0.077284
7786	-0.050780	0.023354	-0.091629
7787	-0.037252	0.024742	-0.096184
7788	-0.031555	-0.007610	-0.098706
7789	-0.022695	-0.004018	-0.087254
7790	-0.020671	-0.006258	-0.078227
7791	-0.023530	0.008065	-0.071765
7792	-0.021581	0.005044	-0.056064
7793	-0.025693	0.018293	-0.038924
7794	-0.038870	0.005556	-0.019992
7795	-0.043717	-0.011345	-0.017017
7796	-0.045011	-0.021372	-0.010988
7797	-0.054050	-0.004412	-0.009927
7798	-0.058108	0.002739	-0.002571
7799	-0.058287	0.047009	0.015160
7800	-0.048440	0.033559	0.022873
7801	-0.044352	0.047889	0.030484
7802	-0.046431	0.008966	0.022541
7803	-0.037796	0.036180	0.016184
7804	-0.022419	0.024182	0.011240
7805	-0.014894	0.026074	0.009133
7806	-0.015188	0.019261	0.009470
7807	-0.013303	0.046429	0.007802
7808	-0.016669	0.049544	0.013786
7809	-0.015087	0.060091	0.021237
7810	-0.017366	0.046718	0.022324
7811	-0.019836	0.004326	0.023791
7812	-0.021483	0.020879	0.021873
7813	-0.023980	-0.026522	0.012833
7814	-0.030364	-0.023024	0.015562
7815	-0.045922	-0.014227	0.012245
7816	-0.051090	-0.011135	0.014561
7817	-0.049024	-0.009759	0.018581
7818	-0.043461	-0.029358	0.019940
7819	-0.031896	-0.009174	0.018730
7820	-0.026377	-0.035932	0.012981
7821	-0.019627	0.001211	0.019967
7822	-0.014015	-0.003062	0.036862
7823	-0.007193	-0.044347	0.040920
7824	0.005247	0.002246	0.049951
7825	0.011661	-0.022439	0.050852
7826	0.019462	-0.019955	0.050549
7827	0.031595	-0.008732	0.051898
7828	0.036959	-0.024300	0.047047
7829	0.037222	-0.067079	0.048638
7830	0.038610	-0.071052	0.053633
7831	0.029164	-0.047326	0.057673
7832	0.014270	-0.021760	0.051154
7833	0.011812	0.002338	0.049536
7834	0.018345	-0.071200	0.050989
7835	0.018381	-0.061807	0.054723
7836	0.017494	-0.014364	0.061941
7837	0.018418	-0.008487	0.068683
7838	0.022613	-0.008247	0.069163
7839	0.021866	-0.012548	0.070564
7840	0.017403	-0.013006	0.064769
7841	0.021644	-0.016544	0.071710
7842	0.031536	-0.027980	0.072177
7843	0.033268	0.006784	0.062815
7844	0.034641	0.025648	0.062610
7845	0.035665	-0.005891	0.063931
7846	0.035620	-0.034260	0.056926
7847	0.042821	-0.000200	0.057171
7848	0.034566	-0.002419	0.059229
7849	0.037055	0.013758	0.064735
7850	0.032531	0.027117	0.069034
7851	0.035177	-0.006322	0.079100
7852	0.025601	0.002852	0.092305
7853	0.023622	0.014187	0.091119
7854	0.022746	-0.008113	0.100754
7855	0.015759	0.010631	0.109975
7856	0.024568	-0.049483	0.112044
7857	0.023131	-0.023782	0.111286
7858	0.028068	-0.018746	0.110528
7859	0.012373	-0.022833	0.116397
7860	0.001142	-0.019979	0.102203
7861	-0.017126	-0.013878	0.094023
7862	-0.024885	-0.005517	0.091054
7863	-0.021598	-0.035068	0.088835
7864	-0.029922	0.016951	0.087925
7865	-0.044170	0.032692	0.086241
7866	-0.048592	0.032463	0.085717
7867	-0.062525	0.012664	0.080306
7868	-0.079456	0.001551	0.070969
7869	-0.093208	0.012563	0.068203
7870	-0.094584	0.016485	0.059084
7871	-0.100639	0.004374	0.039960
7872	-0.105847	0.024252	0.030697
7873	-0.103821	0.029665	0.024491
7874	-0.097789	0.017934	0.028937
7875	-0.088478	0.013620	0.022639
7876	-0.090031	-0.003285	0.020672
7877	-0.076111	-0.021465	0.019366
7878	-0.063839	-0.033170	0.021446
7879	-0.060986	-0.011030	0.015344
7880	-0.055919	-0.017109	0.015899
7881	-0.052803	0.009293	0.010153
7882	-0.048107	0.009683	0.015144
7883	-0.037344	0.026619	0.023875
7884	-0.025409	0.014374	0.016938
7885	-0.018409	0.004814	0.026343
7886	-0.016084	0.002375	0.032735
7887	-0.010668	0.008458	0.036505
7888	-0.006474	0.001588	0.043083
7889	0.004160	0.001294	0.045342
7890	-0.004981	0.019088	0.042325
7891	-0.000794	0.057471	0.037217
7892	0.016913	0.022910	0.030320
7893	0.032339	0.019263	0.017824
7894	0.046326	-0.000508	0.014635
7895	0.053374	-0.015510	0.017352
7896	0.051351	-0.004970	0.003823
7897	0.045428	-0.026806	-0.006453
7898	0.042923	-0.025073	-0.015339
7899	0.037092	-0.013289	-0.023410
7900	0.030769	0.007626	-0.027568
7901	0.036891	0.011982	-0.028067
7902	0.048362	0.018421	-0.034809
7903	0.051734	0.035541	-0.052259
7904	0.048136	0.046013	-0.064023
7905	0.033642	0.030700	-0.072429
7906	0.026178	0.009467	-0.072064
7907	0.015524	0.008752	-0.061665
7908	0.012298	0.010734	-0.054533
7909	0.016999	-0.008161	-0.051229
7910	0.023893	-0.012922	-0.050088
7911	0.020573	-0.027979	-0.059240
7912	0.022952	-0.000156	-0.063843
7913	0.024785	0.015209	-0.073928
7914	0.019132	0.028839	-0.074121
7915	0.017259	0.037843	-0.083085
7916	0.014773	0.029158	-0.089224
7917	0.011424	0.030507	-0.087798
7918	0.002196	0.002778	-0.095518
7919	-0.000102	0.009502	-0.100621
7920	0.002602	-0.008787	-0.105372
7921	0.001950	0.021767	-0.110083
7922	-0.009652	0.017424	-0.114611
7923	-0.009039	0.031522	-0.124396
7924	0.001775	-0.001788	-0.122627
7925	0.009051	-0.007807	-0.114818
7926	0.019006	0.005242	-0.107685
7927	0.025019	0.023494	-0.099877
7928	0.027212	0.021150	-0.089699
7929	0.030788	0.019646	-0.077253
7930	0.031081	0.010121	-0.072644
7931	0.031962	0.009272	-0.068745
7932	0.040476	0.050227	-0.065185
7933	0.045931	0.044138	-0.052443
7934	0.048268	0.034804	-0.039094
7935	0.047160	0.032533	-0.040454
7936	0.035778	0.012964	-0.031301
7937	0.018237	0.002298	-0.032925
7938	0.002676	-0.004819	-0.034685
7939	-0.019780	-0.001852	-0.034889
7940	-0.029729	0.008799	-0.032832
7941	-0.047020	0.013263	-0.038330
7942	-0.052409	0.014195	-0.039060
7943	-0.057022	0.016051	-0.031661
7944	-0.056641	-0.011118	-0.024014
7945	-0.060251	0.008158	-0.016285
7946	-0.056857	0.016912	-0.017153
7947	-0.055752	0.055529	-0.012869
7948	-0.051877	0.023362	-0.013806
7949	-0.041054	0.024060	-0.020814
7950	-0.043856	0.026997	-0.024603
7951	-0.041222	0.030035	-0.024153
7952	-0.047091	0.041159	-0.024893
7953	-0.056385	0.011466	-0.028461
7954	-0.050902	-0.009832	-0.022499
7955	-0.046526	-0.007219	-0.025595
7956	-0.050671	0.018934	-0.013727
7957	-0.052932	0.032306	-0.007842
7958	-0.044680	-0.008027	-0.002386
7959	-0.040309	-0.029278	0.001173
7960	-0.038467	0.004952	0.011493
7961	-0.035954	0.006187	0.022507
7962	-0.031336	0.004096	0.033775
7963	-0.015964	0.014302	0.043720
7964	-0.001262	-0.010799	0.046936
7965	0.007223	0.000747	0.064156
7966	0.009175	-0.010931	0.072996
7967	0.007770	-0.007569	0.079402
7968	0.004266	0.039083	0.078931
7969	0.001558	0.011727	0.093462
7970	-0.006736	-0.013322	0.103889
7971	-0.010076	-0.031533	0.114943
7972	-0.015948	-0.035156	0.130227
7973	-0.016123	0.006018	0.128667
7974	-0.019877	0.023559	0.132664
7975	-0.011805	0.002053	0.137294
7976	-0.017470	0.026091	0.140406
7977	-0.016149	-0.024507	0.138707
7978	-0.010968	-0.020240	0.133089
7979	-0.019909	-0.011282	0.130588
7980	-0.018210	-0.026710	0.129396
7981	-0.026666	-0.030603	0.128772
7982	-0.028395	-0.007841	0.117837
7983	-0.039840	-0.006801	0.108608
7984	-0.050973	0.025264	0.098566
7985	-0.058900	0.024271	0.085957
7986	-0.062765	0.011843	0.074356
7987	-0.071445	0.033789	0.066481
7988	-0.083441	-0.008645	0.056236
7989	-0.090818	0.003936	0.046574
7990	-0.089794	0.007050	0.042816
7991	-0.082540	-0.003948	0.028537
7992	-0.075649	0.001042	0.015176
7993	-0.075209	-0.040160	0.002772
7994	-0.063179	-0.023860	-0.000698
7995	-0.053421	-0.013086	-0.002935
7996	-0.052858	0.002025	-0.007639
7997	-0.053312	-0.005432	-0.017937
7998	-0.045936	-0.018897	-0.029730
7999	-0.039464	-0.045637	-0.049658
8000	-0.032474	-0.007843	-0.052514
8001	-0.023365	-0.043548	-0.055238
8002	-0.027199	-0.027686	-0.061115
8003	-0.018422	-0.018885	-0.059253
8004	-0.020470	0.014396	-0.069695
8005	-0.019703	-0.002438	-0.072257
8006	-0.022526	0.026853	-0.083436
8007	-0.024914	0.004027	-0.087909
8008	-0.013039	-0.014973	-0.092144
8009	0.006845	0.010411	-0.099621
8010	0.000931	0.014704	-0.094792
8011	-0.006695	-0.003105	-0.099588
8012	-0.012929	-0.010949	-0.099845
8013	-0.024519	-0.007388	-0.090197
8014	-0.031771	-0.009055	-0.087325
8015	-0.044895	-0.043226	-0.079536
8016	-0.048216	-0.015646	-0.073857
8017	-0.045247	-0.041902	-0.053173
8018	-0.042878	-0.034172	-0.034284
8019	-0.034584	-0.071095	-0.025291
8020	-0.028857	-0.042537	-0.016144
8021	-0.027537	0.008686	0.003479
8022	-0.016121	0.016589	0.012420
8023	-0.004509	0.029561	0.025504
8024	-0.003604	0.006401	0.026135
8025	-0.010279	-0.015843	0.031061
8026	-0.011460	-0.017844	0.035333
8027	-0.022889	0.006835	0.038106
8028	-0.034529	0.017549	0.033231
8029	-0.033516	0.004327	0.022259
8030	-0.027911	0.010516	0.011497
8031	-0.026391	0.004114	0.004240
8032	-0.025078	0.002531	0.000671
8033	-0.017410	-0.011520	0.000114
8034	-0.012666	-0.033436	-0.011273
8035	-0.008774	-0.016350	-0.026163
8036	0.000552	-0.021234	-0.030279
8037	0.010508	-0.020412	-0.032155
8038	0.019142	-0.028325	-0.038495
8039	0.028747	-0.004009	-0.047238
8040	0.043937	-0.009588	-0.043837
8041	0.058558	-0.000040	-0.029450
8042	0.064779	0.003348	-0.020549
8043	0.077094	0.005354	-0.018032
8044	0.089994	0.019405	-0.028499
8045	0.092798	-0.010445	-0.021837
8046	0.099787	-0.019728	-0.016462
8047	0.093715	-0.016221	-0.005553
8048	0.091337	-0.018923	-0.010517
8049	0.089222	0.006417	0.009870
8050	0.100017	-0.021625	0.021569
8051	0.094021	0.010380	0.028384
8052	0.083589	0.003877	0.033705
8053	0.075332	-0.000800	0.047727
8054	0.071335	0.004492	0.060257
8055	0.084247	0.013791	0.067525
8056	0.083751	0.013411	0.058239
8057	0.080819	-0.016297	0.047608
8058	0.073110	-0.049291	0.039685
8059	0.065320	0.000671	0.037378
8060	0.067396	0.002073	0.029444
8061	0.065287	-0.012760	0.017522
8062	0.064861	-0.030901	-0.000313
8063	0.060381	-0.043263	-0.012719
8064	0.056397	-0.008462	-0.014624
8065	0.047889	-0.002700	-0.020200
8066	0.051604	-0.026958	-0.028923
8067	0.043771	-0.029243	-0.041103
8068	0.027830	-0.009998	-0.040143
8069	0.038646	-0.008517	-0.044383
8070	0.039106	-0.010440	-0.055649
8071	0.032120	-0.024919	-0.060649
8072	0.021374	-0.010537	-0.064355
8073	0.011240	-0.001918	-0.056108
8074	0.007841	0.022938	-0.060052
8075	0.007941	0.022798	-0.062190
8076	0.004209	-0.024494	-0.065183
8077	0.007703	0.023961	-0.061678
8078	-0.002848	0.034790	-0.059076
8079	0.002120	0.024223	-0.054636
8080	0.003947	0.062088	-0.054813
8081	0.001973	0.052902	-0.057066
8082	-0.009236	0.053805	-0.046773
8083	0.006844	0.020903	-0.042258
8084	0.009467	0.039030	-0.037220
8085	0.023514	-0.020208	-0.027604
8086	0.025950	-0.021145	-0.020329
8087	0.025483	0.017355	-0.013144
8088	0.027902	0.023290	-0.019585
8089	0.027871	0.007438	-0.018934
8090	0.029234	-0.001748	-0.015950
8091	0.027000	0.046194	-0.011439
8092	0.025547	0.040693	-0.006711
8093	0.026629	0.022192	-0.005294
8094	0.029167	-0.009339	-0.009227
8095	0.034941	0.015344	-0.012824
8096	0.025324	-0.041589	-0.010357
8097	0.012869	-0.014049	-0.014738
8098	0.009420	-0.003439	-0.013645
8099	0.006751	-0.006790	-0.014986
8100	0.005799	0.007865	-0.013545
8101	0.004673	-0.009362	-0.018548
8102	-0.011103	-0.021525	-0.022665
8103	-0.014704	0.007805	-0.027018
8104	-0.027169	-0.007544	-0.029655
8105	-0.022259	-0.000997	-0.032715
8106	-0.016259	0.041390	-0.022533
8107	-0.007863	0.031920	-0.034573
8108	-0.000334	0.034068	-0.039220
8109	-0.006272	0.051243	-0.053089
8110	-0.003574	0.038440	-0.069703
8111	0.004657	0.042078	-0.074155
8112	0.007229	0.024024	-0.079713
8113	-0.000338	0.043184	-0.084427
8114	-0.003829	0.030864	-0.082473
8115	-0.008265	0.035499	-0.089089
8116	-0.010326	0.033776	-0.090429
8117	-0.009597	-0.000070	-0.085898
8118	-0.011822	0.022566	-0.086545
8119	-0.018493	0.005905	-0.089278
8120	-0.031741	0.023589	-0.083937
8121	-0.034012	0.018611	-0.083348
8122	-0.036679	0.036807	-0.074624
8123	-0.038938	-0.025038	-0.076919
8124	-0.051690	-0.016473	-0.080089
8125	-0.058904	0.008146	-0.070123
8126	-0.066808	0.007422	-0.068267
8127	-0.072100	0.052134	-0.062581
8128	-0.076698	0.040817	-0.050706
8129	-0.074099	0.041930	-0.042044
8130	-0.078870	0.023597	-0.035140
8131	-0.071432	0.059377	-0.031054
8132	-0.065143	0.030014	-0.024873
8133	-0.054856	0.026037	-0.028049
8134	-0.057254	0.032111	-0.031695
8135	-0.056349	0.025090	-0.039347
8136	-0.052508	-0.007838	-0.028845
8137	-0.050773	-0.019735	-0.024463
8138	-0.047262	-0.028957	-0.030166
8139	-0.034347	-0.013887	-0.034816
8140	-0.032858	-0.050521	-0.039129
8141	-0.038661	-0.021568	-0.044644
8142	-0.041327	-0.001654	-0.048157
8143	-0.036674	0.005351	-0.050436
8144	-0.034664	0.006042	-0.051408
8145	-0.030531	0.008405	-0.051854
8146	-0.025157	0.018722	-0.055395
8147	-0.018166	0.014397	-0.052371
8148	0.001968	0.009620	-0.054842
8149	0.004029	-0.024792	-0.050650
8150	0.014267	-0.009564	-0.048160
8151	0.026344	-0.011343	-0.047060
8152	0.036203	0.015664	-0.049147
8153	0.036595	0.062031	-0.043890
8154	0.036200	0.039543	-0.047211
8155	0.031071	0.048115	-0.047393
8156	0.013143	0.034924	-0.046590
8157	0.002204	0.011081	-0.036559
8158	-0.016840	0.002918	-0.032301
8159	-0.030378	0.013865	-0.035030
8160	-0.043126	0.012316	-0.034271
8161	-0.035824	0.030372	-0.040183
8162	-0.036650	0.019019	-0.046981
8163	-0.048461	0.021744	-0.046412
8164	-0.057002	-0.000375	-0.045032
8165	-0.057609	-0.009171	-0.057988
8166	-0.062361	-0.001346	-0.067846
8167	-0.055178	0.016830	-0.071689
8168	-0.045683	-0.002417	-0.079233
8169	-0.036403	0.013947	-0.096708
8170	-0.023124	0.012635	-0.108755
8171	-0.013787	-0.010332	-0.095935
8172	-0.000865	0.002882	-0.082363
8173	0.007143	-0.002223	-0.070892
8174	0.019619	0.017087	-0.066725
8175	0.019290	-0.000454	-0.063121
8176	0.022334	0.005323	-0.055637
8177	0.020264	-0.015340	-0.045504
8178	0.013523	-0.016131	-0.040150
8179	-0.007556	0.003816	-0.026274
8180	-0.032386	0.017888	-0.008356
8181	-0.044840	0.042861	-0.003005
8182	-0.055977	0.022884	-0.001502
8183	-0.071550	0.057352	0.001130
8184	-0.082564	0.040121	0.008719
8185	-0.091231	0.032757	0.019632
8186	-0.113541	0.037883	0.023998
8187	-0.120379	0.035664	0.017616
8188	-0.129200	0.052144	0.018586
8189	-0.130110	0.049097	0.021284
8190	-0.133655	0.037127	0.024185
8191	-0.139135	0.025951	0.027450
8192	-0.145814	0.018049	0.032613
8193	-0.146733	0.012309	0.043875
8194	-0.147320	0.046763	0.045659
8195	-0.138539	0.035408	0.041948
8196	-0.134441	0.014412	0.038977
8197	-0.128962	-0.021805	0.041198
8198	-0.127065	-0.000295	0.048345
8199	-0.128639	0.005715	0.042176
8200	-0.121933	0.024237	0.053627
8201	-0.106103	0.051740	0.064216
8202	-0.089682	0.039638	0.058942
8203	-0.072206	0.053129	0.067110
8204	-0.068365	0.043267	0.060152
8205	-0.066779	0.014467	0.052486
8206	-0.060198	0.026908	0.057208
8207	-0.061012	0.022862	0.048567
8208	-0.063652	0.035024	0.059916
8209	-0.072151	-0.018734	0.065012
8210	-0.074385	-0.014490	0.070054
8211	-0.081010	-0.012843	0.075832
8212	-0.073061	0.020529	0.074485
8213	-0.070514	-0.027625	0.081291
8214	-0.066349	-0.022522	0.069717
8215	-0.067585	-0.014513	0.059363
8216	-0.066654	-0.002623	0.052558
8217	-0.074813	-0.007838	0.052859
8218	-0.075601	-0.028033	0.056056
8219	-0.073748	-0.032017	0.057795
8220	-0.067439	-0.022464	0.058828
8221	-0.058206	0.016502	0.054711
8222	-0.054768	0.021615	0.050001
8223	-0.048794	0.024687	0.051009
8224	-0.046306	0.022555	0.067449
8225	-0.058454	0.033755	0.067594
8226	-0.057275	0.042797	0.072983
8227	-0.052321	0.039408	0.080337
8228	-0.045363	0.034007	0.079207
8229	-0.043635	0.034639	0.077392
8230	-0.050030	0.021706	0.058904
8231	-0.068576	0.051921	0.055084
8232	-0.076199	0.017073	0.048868
8233	-0.084379	-0.013812	0.058489
8234	-0.088225	0.014729	0.054724
8235	-0.069174	0.023812	0.044900
8236	-0.055543	0.010957	0.049867
8237	-0.042756	0.011270	0.050768
8238	-0.035611	0.003787	0.051892
8239	-0.017970	0.048613	0.049921
8240	-0.000612	0.019500	0.048454
8241	0.013643	-0.001107	0.051150
8242	0.024651	-0.016387	0.052853
8243	0.033721	-0.014031	0.057795
8244	0.048754	-0.011715	0.071427
8245	0.049198	-0.017155	0.073079
8246	0.054877	-0.012447	0.063382
8247	0.049196	0.005705	0.049559
8248	0.054867	0.022261	0.038574
8249	0.048366	-0.006528	0.031182
8250	0.045178	-0.018303	0.019898
8251	0.045915	0.023042	0.015635
8252	0.053789	0.000176	0.001687
8253	0.065274	0.046728	-0.000974
8254	0.066240	-0.019009	-0.008068
8255	0.069684	0.006121	-0.021315
8256	0.068892	-0.004498	-0.029419
8257	0.059273	-0.040204	-0.045597
8258	0.044921	-0.031706	-0.054610
8259	0.025938	-0.023064	-0.062420
8260	0.010724	-0.010926	-0.065662
8261	0.005568	-0.028420	-0.065628
8262	0.004578	-0.024587	-0.070373
8263	0.002409	-0.008503	-0.067802
8264	-0.011921	0.006202	-0.061992
8265	-0.019644	0.019618	-0.057064
8266	-0.025499	0.005828	-0.050843
8267	-0.032442	-0.000971	-0.040105
8268	-0.035153	0.030926	-0.032604
8269	-0.037656	-0.001045	-0.023812
8270	-0.042002	-0.014305	-0.009832
8271	-0.039470	0.018879	0.005667
8272	-0.035743	-0.001608	0.011131
8273	-0.026477	-0.047315	0.019104
8274	-0.020793	-0.030342	0.016225
8275	-0.013955	-0.014587	0.011012
8276	-0.000916	0.008450	0.007169
8277	0.015996	0.022534	0.007168
8278	0.034353	0.007390	0.016140
8279	0.038646	0.024932	0.012470
8280	0.044522	0.014127	0.000748
8281	0.052511	0.011224	-0.005886
8282	0.057776	0.008315	-0.018495
8283	0.049796	-0.003350	-0.033190
8284	0.042953	-0.011428	-0.038595
8285	0.042873	-0.011798	-0.050341
8286	0.033282	-0.066288	-0.053606
8287	0.016952	-0.031871	-0.047684
8288	0.004898	-0.042336	-0.047773
8289	0.002683	-0.034334	-0.049691
8290	-0.001163	-0.027514	-0.052189
8291	-0.001717	-0.019623	-0.044086
8292	-0.000950	-0.040462	-0.040159
8293	-0.000404	-0.030629	-0.043647
8294	-0.002144	-0.003597	-0.040340
8295	0.000758	0.001738	-0.039305
8296	0.002695	-0.010796	-0.031253
8297	-0.001995	-0.004121	-0.026715
8298	-0.000450	0.003985	-0.035292
8299	-0.001770	-0.042706	-0.032496
8300	-0.004844	-0.026852	-0.025595
8301	-0.017460	0.003150	-0.025226
8302	-0.030000	0.000701	-0.018899
8303	-0.038921	-0.022396	-0.029752
8304	-0.039416	-0.005485	-0.037810
8305	-0.040217	-0.045260	-0.042978
8306	-0.037399	-0.043186	-0.054960
8307	-0.047104	-0.010237	-0.072067
8308	-0.052015	-0.043413	-0.083102
8309	-0.062164	-0.024331	-0.090017
8310	-0.061762	-0.017597	-0.090484
8311	-0.071369	-0.041327	-0.096704
8312	-0.077546	-0.033500	-0.112208
8313	-0.069742	-0.039746	-0.113205
8314	-0.065235	-0.031172	-0.107973
8315	-0.067264	-0.022001	-0.094633
8316	-0.056020	-0.013399	-0.091679
8317	-0.057036	-0.004859	-0.086415
8318	-0.054658	-0.027972	-0.080770
8319	-0.050198	-0.019895	-0.076909
8320	-0.047574	-0.061643	-0.080403
8321	-0.044256	-0.019460	-0.081344
8322	-0.051633	-0.016680	-0.085224
8323	-0.054622	-0.017101	-0.069624
8324	-0.058963	-0.005404	-0.055492
8325	-0.064178	-0.032888	-0.044554
8326	-0.056254	-0.034997	-0.030920
8327	-0.043477	0.023381	-0.026256
8328	-0.023786	-0.002127	-0.011344
8329	-0.011494	0.000318	-0.008677
8330	-0.009172	0.000353	0.002741
8331	-0.007595	-0.009393	0.000497
8332	-0.012749	-0.026676	-0.002858
8333	-0.022360	-0.009034	-0.000410
8334	-0.025956	0.010978	-0.005785
8335	-0.035632	-0.009537	-0.014372
8336	-0.040352	-0.007129	-0.025755
8337	-0.037363	-0.017138	-0.039155
8338	-0.040414	0.022083	-0.045186
8339	-0.049834	0.013282	-0.044975
8340	-0.055456	-0.000703	-0.032288
8341	-0.062373	-0.008209	-0.043178
8342	-0.056863	-0.008567	-0.041097
8343	-0.040494	0.018364	-0.039225
8344	-0.026613	-0.002740	-0.037177
8345	-0.013434	0.032174	-0.031692
8346	0.005991	0.006884	-0.037287
8347	0.023127	0.045256	-0.032269
8348	0.036966	0.040496	-0.027021
8349	0.041212	-0.022414	-0.027661
8350	0.037588	-0.006340	-0.033659
8351	0.045766	0.014035	-0.039171
8352	0.039967	0.008760	-0.039319
8353	0.027775	0.056107	-0.041443
8354	0.019710	0.037232	-0.024968
8355	0.009682	0.020790	-0.021964
8356	-0.000119	-0.024603	-0.023754
8357	-0.002659	-0.033329	-0.022523
8358	-0.004770	-0.011020	-0.026579
8359	-0.007352	-0.016045	-0.021411
8360	0.008266	-0.039734	-0.023708
8361	0.000612	-0.038419	-0.023126
8362	-0.005602	-0.039309	-0.027875
8363	-0.005654	-0.053291	-0.035316
8364	-0.014791	-0.004453	-0.041823
8365	-0.018027	-0.043683	-0.053579
8366	-0.024103	-0.023537	-0.053108
8367	-0.024177	-0.036588	-0.063757
8368	-0.016260	-0.024263	-0.074034
8369	-0.009864	0.006832	-0.090048
8370	-0.013464	0.048771	-0.099687
8371	-0.018638	0.050238	-0.115903
8372	-0.028673	0.062602	-0.117276
8373	-0.040296	0.049204	-0.115051
8374	-0.043723	0.012037	-0.110030
8375	-0.059182	0.021727	-0.093624
8376	-0.062809	0.010923	-0.086788
8377	-0.066459	-0.045365	-0.071592
8378	-0.056993	-0.027326	-0.062745
8379	-0.049147	-0.031343	-0.050264
8380	-0.034278	-0.028208	-0.027836
8381	-0.025208	-0.009168	-0.014162
8382	-0.013664	-0.012675	-0.012769
8383	-0.003717	-0.001910	-0.002101
8384	-0.004878	0.009392	0.005541
8385	0.000685	0.036974	0.007760
8386	0.005887	0.064437	0.006630
8387	-0.004396	0.055965	0.003075
8388	-0.002608	0.041908	0.005407
8389	-0.002691	0.047260	-0.008288
8390	0.000234	0.039190	-0.013116
8391	-0.008255	0.062826	-0.024612
8392	-0.021104	0.058452	-0.025153
8393	-0.028226	0.019805	-0.027868
8394	-0.033986	-0.023984	-0.028127
8395	-0.037372	0.006164	-0.021402
8396	-0.040214	0.026794	-0.011356
8397	-0.039143	0.007473	-0.004303
8398	-0.033786	0.036321	-0.006407
8399	-0.028941	0.024992	-0.015243
8400	-0.023956	0.032360	-0.021270
8401	-0.018908	0.051061	-0.033217
8402	-0.024710	0.065491	-0.036387
8403	-0.031931	0.012260	-0.039931
8404	-0.041218	0.012547	-0.033580
8405	-0.048603	0.017866	-0.026438
8406	-0.060552	0.021984	-0.033449
8407	-0.058441	0.020839	-0.040462
8408	-0.062325	0.039157	-0.049924
8409	-0.074702	-0.012239	-0.046832
8410	-0.066018	0.019031	-0.054937
8411	-0.058621	-0.017734	-0.075700
8412	-0.059696	-0.006875	-0.092871
8413	-0.061718	-0.025058	-0.107234
8414	-0.058699	-0.030955	-0.122810
8415	-0.047579	-0.043456	-0.138008
8416	-0.038239	0.012337	-0.151779
8417	-0.031517	-0.028644	-0.160311
8418	-0.022837	-0.043902	-0.173778
8419	-0.023507	-0.044282	-0.183558
8420	-0.014501	0.008101	-0.191495
8421	-0.005198	-0.008992	-0.201124
8422	-0.008951	0.010873	-0.214404
8423	-0.000647	0.021749	-0.221106
8424	0.006508	0.003430	-0.238134
8425	0.011743	0.016550	-0.246605
8426	0.020170	-0.010701	-0.246669
8427	0.024110	0.014098	-0.243014
8428	0.029055	0.001560	-0.239367
8429	0.038923	0.001685	-0.233156
8430	0.035946	0.015632	-0.227697
8431	0.026272	-0.012439	-0.232481
8432	0.010898	-0.031979	-0.230945
8433	0.008164	0.019103	-0.226657
8434	0.009727	0.045158	-0.220438
8435	0.006555	-0.000591	-0.204703
8436	0.002029	0.004003	-0.188794
8437	-0.018605	0.011456	-0.182356
8438	-0.023467	0.003480	-0.171644
8439	-0.017436	0.039696	-0.167674
8440	-0.009525	0.013954	-0.167162
8441	-0.009885	0.020018	-0.164586
8442	-0.005174	0.002312	-0.162545
8443	0.007161	-0.027638	-0.165327
8444	0.005973	0.023619	-0.174588
8445	0.009514	0.030674	-0.190419
8446	0.010913	0.008362	-0.191089
8447	-0.000341	0.004387	-0.197581
8448	-0.013106	-0.003658	-0.199943
8449	-0.024323	-0.011030	-0.210827
8450	-0.037492	-0.031751	-0.217559
8451	-0.048659	-0.009929	-0.222984
8452	-0.049804	-0.005475	-0.236203
8453	-0.046469	0.015462	-0.231013
8454	-0.045336	0.061878	-0.244397
8455	-0.049767	0.022949	-0.247513
8456	-0.040564	0.011164	-0.248202
8457	-0.028420	0.022053	-0.244592
8458	-0.036727	0.051708	-0.242737
8459	-0.035827	0.029875	-0.238791
8460	-0.037240	0.027662	-0.232652
8461	-0.039610	-0.002091	-0.220068
8462	-0.035798	0.016846	-0.211602
8463	-0.041955	0.037551	-0.207880
8464	-0.046088	0.055831	-0.197435
8465	-0.045321	0.045309	-0.196787
8466	-0.054581	0.068558	-0.196684
8467	-0.050387	0.020019	-0.197379
8468	-0.064350	0.013988	-0.189006
8469	-0.078003	0.025277	-0.191678
8470	-0.086767	0.034737	-0.191328
8471	-0.065507	0.013840	-0.184881
8472	-0.055611	0.020087	-0.181634
8473	-0.050184	0.027159	-0.183460
8474	-0.037157	0.018830	-0.179537
8475	-0.026063	0.004086	-0.180139
8476	-0.022509	0.007337	-0.186351
8477	-0.025555	0.001052	-0.193490
8478	-0.027900	0.016410	-0.205541
8479	-0.028580	0.002651	-0.209426
8480	-0.026968	-0.015882	-0.210047
8481	-0.026715	-0.028125	-0.206600
8482	-0.030789	0.019045	-0.194637
8483	-0.042132	0.015240	-0.193739
8484	-0.053906	0.012776	-0.189401
8485	-0.048943	-0.012780	-0.196328
8486	-0.049355	-0.027074	-0.192689
8487	-0.046839	-0.021891	-0.198183
8488	-0.047200	-0.020615	-0.197887
8489	-0.038517	-0.014208	-0.208114
8490	-0.016963	0.023881	-0.219875
8491	-0.014500	0.002545	-0.216453
8492	-0.008893	-0.005954	-0.216493
8493	-0.011865	-0.003420	-0.219711
8494	-0.014627	-0.030258	-0.231122
8495	-0.018020	0.014273	-0.228193
8496	-0.020930	-0.030494	-0.213303
8497	-0.024689	-0.041613	-0.200124
8498	-0.017703	-0.027272	-0.202058
8499	-0.010269	-0.009143	-0.221766
8500	-0.010124	0.043742	-0.225808
8501	-0.007658	0.013533	-0.217434
8502	-0.002957	0.025163	-0.220950
8503	-0.005617	0.019238	-0.229957
8504	-0.005716	0.040848	-0.236341
8505	0.004026	0.028777	-0.227443
8506	0.008054	0.032932	-0.225417
8507	0.006662	0.039431	-0.221126
8508	0.008779	0.005094	-0.216514
8509	0.012389	0.024165	-0.223666
8510	0.016654	0.038927	-0.225090
8511	0.015736	0.081392	-0.228725
8512	0.029758	0.045194	-0.219417
8513	0.029321	0.074264	-0.206049
8514	0.025667	0.067690	-0.183982
8515	0.027080	0.039333	-0.172826
8516	0.023230	0.053981	-0.151506
8517	0.019811	0.079034	-0.136165
8518	0.013283	0.045774	-0.118054
8519	0.020586	0.038080	-0.104110
8520	0.015940	0.003763	-0.095884
8521	0.007997	0.005551	-0.089178
8522	0.006314	0.020005	-0.077875
8523	-0.004758	0.004039	-0.085973
8524	-0.013002	0.016662	-0.082368
8525	-0.012911	0.017999	-0.069120
8526	-0.030047	0.017875	-0.062467
8527	-0.040065	0.002925	-0.062937
8528	-0.047115	0.025773	-0.068973
8529	-0.058454	0.028717	-0.058784
8530	-0.051732	0.014748	-0.066695
8531	-0.043842	0.033819	-0.071075
8532	-0.042573	0.029656	-0.076142
8533	-0.035303	0.015564	-0.067576
8534	-0.036077	0.034378	-0.057654
8535	-0.027808	0.014358	-0.065182
8536	-0.031652	-0.010964	-0.059359
8537	-0.027347	0.010371	-0.063692
8538	-0.022689	-0.039512	-0.062782
8539	-0.022504	-0.022069	-0.061767
8540	-0.015717	-0.020751	-0.064319
8541	-0.004963	0.001968	-0.064526
8542	-0.008786	-0.002342	-0.067655
8543	-0.009861	0.005288	-0.073611
8544	-0.008951	-0.021168	-0.069621
8545	-0.010030	-0.034894	-0.084667
8546	-0.010411	0.009055	-0.085000
8547	-0.011286	0.005981	-0.081136
8548	-0.022947	-0.047857	-0.085702
8549	-0.026418	-0.011014	-0.092758
8550	-0.031847	-0.010244	-0.099513
8551	-0.033895	-0.024178	-0.094642
8552	-0.043526	-0.029678	-0.085405
8553	-0.057745	-0.000960	-0.071146
8554	-0.065613	0.007650	-0.067430
8555	-0.066086	-0.030394	-0.053335
8556	-0.069227	-0.002136	-0.048698
8557	-0.070092	-0.009674	-0.026133
8558	-0.078598	0.026790	-0.020226
8559	-0.075660	-0.011097	-0.002671
8560	-0.062883	-0.005401	0.020846
8561	-0.057568	-0.026364	0.021327
8562	-0.041505	-0.055339	0.036353
8563	-0.033469	-0.023069	0.051238
8564	-0.017084	-0.003493	0.055736
8565	-0.023298	0.005018	0.061538
8566	-0.018128	0.010389	0.069835
8567	-0.019949	0.021063	0.076442
8568	-0.016130	0.012048	0.064360
8569	-0.005789	-0.033831	0.058915
8570	-0.000940	-0.024241	0.046232
8571	0.008144	-0.031674	0.030667
8572	0.021371	-0.048676	0.014898
8573	0.030538	-0.000062	-0.007704
8574	0.038331	0.004314	-0.021632
8575	0.044675	0.002913	-0.022260
8576	0.047234	-0.008162	-0.034360
8577	0.055376	-0.009393	-0.025197
8578	0.049634	-0.045866	-0.037614
8579	0.048153	-0.025962	-0.038150
8580	0.037396	-0.022241	-0.040754
8581	0.028404	-0.024723	-0.037580
8582	0.016917	-0.025413	-0.051597
8583	0.020882	-0.047705	-0.060502
8584	0.013759	-0.009175	-0.072786
8585	0.006466	-0.003428	-0.072669
8586	0.002888	0.001940	-0.067638
8587	0.002073	0.012848	-0.070106
8588	-0.001355	-0.016603	-0.063576
8589	-0.010353	-0.044527	-0.065585
8590	-0.022525	-0.017456	-0.055124
8591	-0.038237	-0.021210	-0.060754
8592	-0.047414	-0.033101	-0.049205
8593	-0.060230	-0.038219	-0.051483
8594	-0.060925	-0.034053	-0.040155
8595	-0.064061	-0.039174	-0.019838
8596	-0.063790	-0.007886	-0.014950
8597	-0.057771	0.013709	-0.006317
8598	-0.064666	0.033865	-0.001102
8599	-0.068373	0.003989	0.010547
8600	-0.074834	-0.023594	0.009935
8601	-0.068865	0.016908	0.010502
8602	-0.069384	-0.043682	0.012808
8603	-0.072563	-0.013118	0.011564
8604	-0.074209	-0.095744	0.008074
8605	-0.079204	-0.057101	-0.011941
8606	-0.090265	-0.029062	-0.024680
8607	-0.100944	-0.016603	-0.027317
8608	-0.118697	-0.022574	-0.042989
8609	-0.136475	-0.014339	-0.057535
8610	-0.147881	-0.065557	-0.075626
8611	-0.141158	-0.007364	-0.091965
8612	-0.150009	-0.016159	-0.092202
8613	-0.151496	-0.026594	-0.097812
8614	-0.153086	-0.045225	-0.097049
8615	-0.161326	-0.040762	-0.100096
8616	-0.156029	-0.048790	-0.105819
8617	-0.161476	0.003147	-0.112630
8618	-0.160866	0.049279	-0.122697
8619	-0.162678	0.014770	-0.123174
8620	-0.162442	0.005473	-0.126900
8621	-0.157231	-0.010377	-0.119401
8622	-0.147925	0.000282	-0.108931
8623	-0.160876	0.010367	-0.095868
8624	-0.168802	-0.003789	-0.077694
8625	-0.181396	0.019159	-0.069049
8626	-0.196440	-0.005422	-0.064562
8627	-0.193968	0.009377	-0.051138
8628	-0.199219	0.039796	-0.031469
8629	-0.208399	0.025846	-0.017231
8630	-0.207787	0.047771	-0.013580
8631	-0.199154	0.025541	-0.020913
8632	-0.191375	0.049030	-0.020812
8633	-0.177316	-0.010444	-0.014335
8634	-0.171093	0.017954	-0.013737
8635	-0.141535	0.030793	-0.021051
8636	-0.116894	-0.004120	-0.032240
8637	-0.097974	-0.016889	-0.033500
8638	-0.089152	-0.022125	-0.037051
8639	-0.086073	0.069053	-0.027915
8640	-0.080895	0.016147	-0.012846
8641	-0.073494	0.062771	-0.008383
8642	-0.065527	0.068209	-0.004624
8643	-0.058887	0.067490	0.013936
8644	-0.058606	0.077373	0.027442
8645	-0.060267	0.061106	0.050636
8646	-0.053299	0.088958	0.070199
8647	-0.050026	0.028225	0.098963
8648	-0.057086	0.031975	0.101643
8649	-0.054812	0.051323	0.113960
8650	-0.061185	0.059629	0.120668
8651	-0.067242	0.022414	0.118829
8652	-0.076998	0.060232	0.117845
8653	-0.091303	0.059669	0.117383
8654	-0.095779	0.038589	0.115794
8655	-0.107767	0.036960	0.097041
8656	-0.112416	0.032221	0.091486
8657	-0.123592	0.021418	0.081295
8658	-0.126167	0.037812	0.069140
8659	-0.136734	-0.005984	0.057639
8660	-0.139556	-0.038596	0.041645
8661	-0.139383	-0.037815	0.023360
8662	-0.139132	-0.057858	0.002051
8663	-0.138926	0.021076	-0.014950
8664	-0.127669	-0.019521	-0.019712
8665	-0.135284	-0.025557	-0.031215
8666	-0.127917	-0.013831	-0.038221
8667	-0.108675	-0.027665	-0.046972
8668	-0.105872	-0.013942	-0.053607
8669	-0.086909	-0.039377	-0.049100
8670	-0.080553	-0.010143	-0.053564
8671	-0.082066	-0.005210	-0.059394
8672	-0.064916	0.001394	-0.061492
8673	-0.048377	0.030174	-0.055011
8674	-0.042217	-0.005153	-0.059878
8675	-0.040154	0.019864	-0.072222
8676	-0.048966	0.008889	-0.084139
8677	-0.039442	0.003087	-0.088765
8678	-0.032107	0.037003	-0.078714
8679	-0.019268	-0.005445	-0.074818
8680	-0.012337	-0.019372	-0.084097
8681	-0.011852	-0.000878	-0.082903
8682	-0.017736	-0.014526	-0.085639
8683	-0.024977	0.027270	-0.073712
8684	-0.021316	0.016444	-0.058438
8685	-0.030552	0.013798	-0.059970
8686	-0.028581	0.060432	-0.062997
8687	-0.030265	0.025967	-0.053753
8688	-0.026359	0.044652	-0.053513
8689	-0.014785	0.042008	-0.057631
8690	-0.014432	0.021601	-0.054743
8691	-0.008373	-0.056124	-0.056738
8692	-0.005136	-0.016883	-0.062625
8693	0.005138	-0.008967	-0.058243
8694	0.018495	0.011160	-0.068714
8695	0.026427	-0.002011	-0.070604
8696	0.033376	0.031433	-0.061279
8697	0.030749	0.015779	-0.062039
8698	0.022880	0.021358	-0.057239
8699	0.014094	0.007827	-0.057039
8700	0.011325	-0.013012	-0.055305
8701	0.006584	-0.003923	-0.056074
8702	-0.006671	0.000575	-0.049157
8703	-0.012242	-0.008355	-0.048591
8704	-0.007891	0.009812	-0.050064
8705	-0.000534	-0.002307	-0.046646
8706	0.013030	0.016596	-0.051165
8707	0.034285	0.014441	-0.035408
8708	0.045138	0.016362	-0.021989
8709	0.060945	0.016714	-0.018752
8710	0.063258	0.026877	-0.011236
8711	0.070394	0.022318	0.014100
8712	0.064922	0.035295	0.018630
8713	0.054168	0.017787	0.029927
8714	0.052933	0.038585	0.030581
8715	0.042355	0.005689	0.035101
8716	0.031546	0.079519	0.029066
8717	0.013089	0.024460	0.020594
8718	-0.005488	0.024133	0.021612
8719	-0.021181	0.021803	0.021530
8720	-0.034967	0.011697	0.028115
8721	-0.047242	-0.071861	0.021419
8722	-0.043138	-0.044229	0.017838
8723	-0.053276	-0.018916	0.017772
8724	-0.050420	-0.098147	0.018772
8725	-0.060406	-0.030885	0.005985
8726	-0.066278	-0.072051	-0.010637
8727	-0.069882	-0.058430	-0.014577
8728	-0.066962	-0.023006	-0.021884
8729	-0.069643	-0.009708	-0.020391
8730	-0.082555	-0.026861	-0.029336
8731	-0.096144	-0.027159	-0.036652
8732	-0.100110	0.017185	-0.042541
8733	-0.108846	0.006101	-0.047530
8734	-0.115743	-0.015194	-0.051726
8735	-0.116839	-0.018577	-0.059513
8736	-0.112517	-0.029289	-0.062565
8737	-0.105199	0.007793	-0.060991
8738	-0.091625	0.004750	-0.064719
8739	-0.067703	-0.042392	-0.063201
8740	-0.049722	-0.038509	-0.053108
8741	-0.027946	-0.027233	-0.057071
8742	-0.010943	-0.005808	-0.054680
8743	0.002759	-0.013385	-0.055683
8744	0.007144	0.005209	-0.055248
8745	0.013434	-0.029260	-0.058081
8746	0.024328	-0.009339	-0.069241
8747	0.019235	-0.011650	-0.088941
8748	0.004157	0.007012	-0.105309
8749	0.000449	0.014071	-0.116939
8750	-0.009123	0.018073	-0.136258
8751	-0.021931	-0.017689	-0.150562
8752	-0.040388	0.008020	-0.161686
8753	-0.044058	0.056807	-0.162825
8754	-0.054164	0.008063	-0.161124
8755	-0.061629	0.046059	-0.157977
8756	-0.069047	0.015560	-0.169249
8757	-0.093005	0.013030	-0.172639
8758	-0.111258	0.013694	-0.165237
8759	-0.104714	0.035424	-0.162787
8760	-0.106755	0.033245	-0.158799
8761	-0.095794	-0.011570	-0.154188
8762	-0.103460	0.001134	-0.141392
8763	-0.101382	0.006467	-0.101955
8764	-0.100507	0.008715	-0.076611
8765	-0.098270	0.031058	-0.057935
8766	-0.092976	0.029507	-0.037767
8767	-0.078161	0.026667	-0.029038
8768	-0.073110	0.011762	-0.020782
8769	-0.058779	0.022417	-0.020686
8770	-0.048918	0.019199	-0.010533
8771	-0.048102	0.034825	-0.009348
8772	-0.052429	0.024099	-0.001218
8773	-0.060897	0.000775	-0.001396
8774	-0.075488	-0.005071	-0.003288
8775	-0.085674	-0.032812	-0.002356
8776	-0.102867	0.060231	-0.001597
8777	-0.104448	0.009239	0.005722
8778	-0.097473	-0.012059	0.015722
8779	-0.090285	-0.056058	0.020583
8780	-0.085629	-0.029606	0.029674
8781	-0.079057	-0.026362	0.031901
8782	-0.066818	-0.019379	0.057724
8783	-0.055149	-0.002721	0.064957
8784	-0.041980	-0.024069	0.076205
8785	-0.026417	-0.020345	0.075045
8786	-0.020091	0.032863	0.084294
8787	-0.016398	0.009322	0.090204
8788	-0.023161	-0.001048	0.098048
8789	-0.041231	-0.023541	0.121335
8790	-0.053118	-0.031081	0.125957
8791	-0.071078	-0.004021	0.142906
8792	-0.090401	-0.043075	0.139925
8793	-0.102025	0.007913	0.144187
8794	-0.113678	-0.004924	0.143332
8795	-0.116300	-0.037841	0.140104
8796	-0.122396	0.013681	0.134082
8797	-0.136661	0.076619	0.126052
8798	-0.145449	0.062677	0.115528
8799	-0.156682	0.026176	0.108174
8800	-0.161421	0.049225	0.088924
8801	-0.158966	0.010112	0.076006
8802	-0.161471	0.039249	0.066163
8803	-0.161413	0.048946	0.053078
8804	-0.151060	-0.007978	0.050626
8805	-0.149964	-0.010436	0.051245
8806	-0.138043	-0.034723	0.057037
8807	-0.141263	-0.023512	0.053182
8808	-0.129074	0.000221	0.056039
8809	-0.120285	-0.038472	0.042678
8810	-0.120158	0.005634	0.034515
8811	-0.110591	-0.001193	0.029797
8812	-0.109728	0.021617	0.017406
8813	-0.091858	0.017780	0.016225
8814	-0.086209	-0.024997	0.005459
8815	-0.077931	-0.046554	0.013879
8816	-0.072511	-0.037306	0.004254
8817	-0.062127	-0.066263	-0.008060
8818	-0.057523	-0.066433	-0.010771
8819	-0.054865	0.003745	-0.015859
8820	-0.049493	-0.005624	-0.036163
8821	-0.053993	-0.026124	-0.046285
8822	-0.040683	-0.048146	-0.039371
8823	-0.042852	-0.047719	-0.044269
8824	-0.042316	-0.016133	-0.045347
8825	-0.047323	-0.027425	-0.046687
8826	-0.050304	-0.018874	-0.041107
8827	-0.043861	-0.006326	-0.054218
8828	-0.049731	0.001279	-0.062770
8829	-0.055349	0.035349	-0.054644
8830	-0.042075	0.031949	-0.056270
8831	-0.027746	0.048851	-0.049948
8832	-0.022213	0.025393	-0.044688
8833	-0.015107	0.039891	-0.037106
8834	-0.003432	0.007932	-0.048197
8835	0.006500	0.004103	-0.047055
8836	0.012416	0.003097	-0.052976
8837	0.014216	-0.023030	-0.056262
8838	0.016608	-0.000323	-0.058919
8839	0.006873	-0.036326	-0.051275
8840	0.002030	-0.018708	-0.053675
8841	-0.000924	-0.003632	-0.036543
8842	-0.001046	-0.035723	-0.037395
8843	0.008434	-0.038761	-0.039174
8844	0.019471	0.021597	-0.046080
8845	0.015618	-0.007106	-0.052072
8846	0.008995	-0.000148	-0.045074
8847	0.013120	-0.030517	-0.055331
8848	0.018000	-0.022700	-0.064815
8849	0.034227	-0.035929	-0.062654
8850	0.048973	-0.084969	-0.054538
8851	0.064110	-0.075477	-0.055579
8852	0.068383	-0.066803	-0.063549
8853	0.057507	-0.062391	-0.066459
8854	0.053887	-0.028312	-0.074252
8855	0.053684	-0.059114	-0.079881
8856	0.052346	-0.059606	-0.082840
8857	0.039305	0.012041	-0.090521
8858	0.036448	0.025592	-0.113298
8859	0.040214	0.031790	-0.114755
8860	0.036902	0.014574	-0.120928
8861	0.042009	0.026550	-0.121736
8862	0.044173	0.020508	-0.127276
8863	0.041190	-0.044910	-0.131698
8864	0.034088	-0.050609	-0.120302
8865	0.028582	-0.031555	-0.114740
8866	0.033880	-0.033364	-0.105195
8867	0.041915	-0.042494	-0.100507
8868	0.039214	0.033465	-0.100107
8869	0.043920	0.006816	-0.083955
8870	0.040938	0.018632	-0.073635
8871	0.035517	0.019144	-0.058073
8872	0.046115	0.003494	-0.044702
8873	0.057942	-0.018345	-0.033560
8874	0.051255	-0.009799	-0.013996
8875	0.047622	0.014914	0.011907
8876	0.062287	0.030780	0.037922
8877	0.062763	0.016008	0.059810
8878	0.073117	0.056201	0.076851
8879	0.067458	0.020387	0.094152
8880	0.053664	-0.010882	0.104154
8881	0.058420	-0.019014	0.108823
8882	0.059179	-0.007099	0.097136
8883	0.055930	-0.037198	0.097734
8884	0.046970	-0.031893	0.094543
8885	0.036513	-0.011757	0.095105
8886	0.047938	-0.004666	0.094874
8887	0.066543	-0.017842	0.074740
8888	0.070750	0.008896	0.062821
8889	0.076883	-0.015751	0.062283
8890	0.099197	0.006644	0.060682
8891	0.112382	0.027491	0.056933
8892	0.132864	0.024251	0.059622
8893	0.137918	0.013119	0.068185
8894	0.137868	-0.007593	0.072753
8895	0.141216	0.000409	0.075595
8896	0.134973	0.034021	0.076856
8897	0.131169	0.048351	0.093167
8898	0.122967	0.056549	0.098877
8899	0.112242	0.002224	0.099436
8900	0.101068	-0.001251	0.082307
8901	0.101964	-0.007476	0.085848
8902	0.096797	0.008018	0.093327
8903	0.089017	-0.007081	0.096971
8904	0.083673	-0.035367	0.091873
8905	0.068961	0.010673	0.093738
8906	0.081809	0.007748	0.091724
8907	0.084349	0.016383	0.083683
8908	0.084482	0.028710	0.070240
8909	0.097159	-0.020356	0.068235
8910	0.087942	-0.017194	0.081184
8911	0.101317	0.042999	0.090063
8912	0.100643	-0.004999	0.095195
8913	0.100710	0.020435	0.083002
8914	0.088028	-0.004681	0.082632
8915	0.095004	0.008344	0.080838
8916	0.083804	0.010655	0.079935
8917	0.063754	0.024377	0.080745
8918	0.052736	0.029325	0.074479
8919	0.036703	0.036640	0.066031
8920	0.036892	0.033799	0.053505
8921	0.035682	0.027567	0.053066
8922	0.041503	0.042142	0.056333
8923	0.056166	0.092449	0.048436
8924	0.059697	0.025110	0.041381
8925	0.070736	0.021155	0.027314
8926	0.082842	0.033454	0.010250
8927	0.091138	-0.002842	-0.007970
8928	0.087974	0.038004	-0.004448
8929	0.072853	0.109024	-0.009256
8930	0.068522	0.030662	-0.005777
8931	0.059071	0.010751	-0.013375
8932	0.057622	0.084044	-0.017108
8933	0.051209	0.010629	-0.001942
8934	0.046904	-0.022234	0.003375
8935	0.047804	-0.018047	0.014960
8936	0.029689	-0.059171	0.029677
8937	0.029514	-0.010458	0.033236
8938	0.038001	0.002587	0.027913
8939	0.042575	-0.006516	0.034809
8940	0.053143	-0.051068	0.046887
8941	0.061501	-0.016492	0.060709
8942	0.064344	-0.043802	0.066820
8943	0.078695	-0.000013	0.084381
8944	0.072684	0.006883	0.079313
8945	0.088914	0.014739	0.080123
8946	0.088919	0.037151	0.087970
8947	0.072070	0.051411	0.089353
8948	0.069002	0.019283	0.097254
8949	0.058520	0.028003	0.099917
8950	0.052109	0.022443	0.098912
8951	0.045395	0.036172	0.089002
8952	0.040770	0.020034	0.071817
8953	0.053071	0.036541	0.068328
8954	0.059653	0.076756	0.070874
8955	0.036818	0.070563	0.071385
8956	0.031418	0.036925	0.076642
8957	0.036740	-0.001715	0.067816
8958	0.044581	-0.017273	0.050798
8959	0.048955	-0.007615	0.037650
8960	0.064026	-0.025670	0.027928
8961	0.068757	0.002686	0.029671
8962	0.084750	-0.046114	0.026998
8963	0.083714	-0.078440	0.033873
8964	0.098274	-0.036218	0.032684
8965	0.102885	-0.034873	0.036094
8966	0.095166	-0.007154	0.043738
8967	0.108463	-0.035371	0.056474
8968	0.116616	-0.016213	0.055151
8969	0.113802	-0.027664	0.049262
8970	0.105534	-0.039725	0.037102
8971	0.103793	-0.045441	0.031537
8972	0.112221	-0.059142	0.026145
8973	0.108687	-0.033273	0.045939
8974	0.099096	-0.043785	0.053533
8975	0.090882	0.005926	0.054000
8976	0.072729	-0.023941	0.048634
8977	0.061363	-0.034216	0.051363
8978	0.051638	0.000176	0.038275
8979	0.031611	0.019337	0.033126
8980	0.029865	-0.019251	0.027647
8981	0.036035	-0.047748	0.023568
8982	0.046638	-0.020741	0.017350
8983	0.059022	-0.024876	0.025458
8984	0.086275	-0.030350	0.032930
8985	0.101411	0.004185	0.036303
8986	0.109955	0.034147	0.037222
8987	0.101829	0.023231	0.024736
8988	0.095174	0.060174	0.023973
8989	0.071802	0.036640	0.010449
8990	0.054857	0.040102	0.006971
8991	0.039967	0.023030	-0.004033
8992	0.014115	0.045714	-0.007445
8993	-0.009818	0.051060	-0.020768
8994	-0.034883	0.037368	-0.040175
8995	-0.039762	0.032665	-0.038304
8996	-0.049459	0.013736	-0.038134
8997	-0.054449	0.049705	-0.054011
8998	-0.069738	0.071380	-0.053926
8999	-0.082264	-0.001149	-0.053753
9000	-0.084176	0.004378	-0.048081
9001	-0.099803	-0.067195	-0.034805
9002	-0.111169	-0.071148	-0.042141
9003	-0.099014	-0.052107	-0.047032
9004	-0.090913	-0.061255	-0.041675
9005	-0.084368	-0.013901	-0.026613
9006	-0.074062	-0.044659	-0.028383
9007	-0.066494	-0.074649	-0.025771
9008	-0.069020	-0.090795	-0.009343
9009	-0.072778	-0.118691	-0.009094
9010	-0.077984	-0.074851	0.008746
9011	-0.073623	-0.030879	0.023721
9012	-0.079681	-0.040735	0.045852
9013	-0.073128	-0.011282	0.061541
9014	-0.066794	-0.002217	0.066122
9015	-0.058009	0.029527	0.061224
9016	-0.046447	0.005069	0.054527
9017	-0.028911	0.001239	0.064794
9018	-0.013007	-0.011983	0.060864
9019	-0.012682	-0.021789	0.046083
9020	0.000041	-0.017277	0.042253
9021	0.005165	-0.042375	0.046660
9022	0.009702	-0.100234	0.045401
9023	0.007304	-0.097227	0.052404
9024	0.012828	-0.063255	0.046966
9025	0.015935	-0.054026	0.062246
9026	0.031411	-0.077662	0.061974
9027	0.045176	-0.046696	0.068517
9028	0.048621	-0.013234	0.088955
9029	0.043836	-0.039416	0.105482
9030	0.020663	0.024707	0.107897
9031	0.007499	-0.006581	0.112975
9032	0.010550	0.021752	0.136521
9033	0.008913	0.034435	0.144589
9034	0.019346	0.003396	0.156305
9035	0.030955	0.039687	0.167273
9036	0.040701	0.019708	0.177052
9037	0.062686	0.102202	0.172876
9038	0.086948	0.076066	0.167475
9039	0.088073	0.025613	0.165598
9040	0.109924	0.007461	0.152912
9041	0.103720	0.000431	0.149144
9042	0.105032	0.005964	0.141045
9043	0.087729	-0.040381	0.130429
9044	0.063513	-0.000022	0.120265
9045	0.039800	-0.008219	0.110137
9046	0.014063	-0.063175	0.097711
9047	-0.003386	-0.001534	0.091907
9048	-0.022863	0.039996	0.071355
9049	-0.024713	-0.000231	0.058585
9050	-0.017209	0.039611	0.045237
9051	-0.019669	-0.024988	0.037840
9052	-0.034644	-0.017414	0.045586
9053	-0.025451	-0.043587	0.055713
9054	-0.013140	-0.042421	0.061524
9055	-0.012610	-0.090591	0.071972
9056	-0.018421	-0.057914	0.073384
9057	-0.005420	-0.062159	0.072266
9058	0.006509	-0.020494	0.067830
9059	0.015814	-0.016213	0.050435
9060	0.012907	0.009909	0.036643
9061	0.014757	-0.037217	0.035427
9062	0.008758	-0.016498	0.027492
9063	0.005364	-0.039772	0.023210
9064	0.004292	-0.049325	-0.003258
9065	0.005501	-0.047001	-0.016874
9066	-0.002711	-0.045888	-0.022467
9067	-0.016798	-0.034154	-0.034956
9068	-0.019071	0.038563	-0.042864
9069	-0.014191	0.028709	-0.045136
9070	-0.023751	0.031843	-0.037753
9071	-0.041145	-0.016515	-0.044840
9072	-0.037452	-0.012403	-0.041213
9073	-0.043876	-0.027381	-0.033887
9074	-0.043884	-0.004883	-0.032965
9075	-0.044390	0.004301	-0.020813
9076	-0.053576	-0.025699	-0.020607
9077	-0.051725	0.019632	-0.015371
9078	-0.045420	-0.001315	-0.014882
9079	-0.029162	0.055570	-0.012199
9080	-0.013229	0.030966	-0.008910
9081	-0.001442	-0.012457	-0.013010
9082	0.009967	-0.033461	-0.008177
9083	0.015500	-0.054134	-0.002617
9084	0.007293	-0.062710	-0.002246
9085	-0.013151	0.012009	-0.006517
9086	-0.024297	-0.020870	-0.022498
9087	-0.035537	0.056124	-0.016671
9088	-0.037536	0.038922	-0.006820
9089	-0.026451	0.028431	-0.006967
9090	-0.031786	0.045767	-0.008855
9091	-0.018591	0.043467	0.000612
9092	-0.017320	-0.021154	0.022997
9093	-0.002233	-0.022233	0.037488
9094	0.004627	-0.006002	0.042515
9095	0.011916	-0.021939	0.042668
9096	0.018705	-0.009807	0.039781
9097	0.031151	0.018790	0.057846
9098	0.058224	0.011532	0.062637
9099	0.066321	0.033938	0.077976
9100	0.062289	0.006653	0.080151
9101	0.054410	0.029813	0.070199
9102	0.048536	0.046901	0.060511
9103	0.044549	-0.010642	0.057919
9104	0.039144	0.044907	0.053683
9105	0.035667	-0.028037	0.055185
9106	0.033954	-0.031841	0.047378
9107	0.028809	0.030970	0.026537
9108	0.027164	0.046465	0.017066
9109	0.025661	0.006055	-0.006727
9110	0.019594	0.019922	-0.015371
9111	0.027000	0.001546	-0.040794
9112	0.034225	0.048767	-0.041363
9113	0.034770	0.009972	-0.036913
9114	0.028701	0.033294	-0.041351
9115	0.008887	0.005710	-0.034087
9116	-0.012293	-0.039193	-0.022856
9117	-0.028574	-0.064739	-0.022596
9118	-0.062948	0.002208	-0.016047
9119	-0.082596	-0.031654	-0.015365
9120	-0.099448	-0.062997	-0.017429
9121	-0.118254	-0.047177	-0.022818
9122	-0.134962	-0.045086	-0.024436
9123	-0.141274	-0.015021	-0.026796
9124	-0.151736	0.014335	-0.025000
9125	-0.148685	0.023679	-0.010814
9126	-0.152343	-0.000137	-0.004656
9127	-0.164027	-0.036905	0.000420
9128	-0.153661	-0.045107	-0.001424
9129	-0.135673	-0.004694	-0.005182
9130	-0.134076	-0.007436	0.001309
9131	-0.134258	-0.021990	0.008320
9132	-0.125055	-0.025593	0.017014
9133	-0.118763	-0.053278	0.024037
9134	-0.087848	-0.042459	0.022836
9135	-0.070925	0.020768	0.016389
9136	-0.067057	0.000160	0.013962
9137	-0.065324	-0.009020	0.002578
9138	-0.057282	-0.043712	0.015118
9139	-0.041466	-0.007928	0.021898
9140	-0.026359	-0.033936	0.033549
9141	-0.025492	-0.026965	0.047914
9142	-0.010832	0.020631	0.052176
9143	0.000908	0.033875	0.078790
9144	0.006043	0.053542	0.085877
9145	0.013795	0.073849	0.098621
9146	0.009806	0.056523	0.120056
9147	-0.001897	0.040017	0.134209
9148	-0.019147	0.036297	0.160972
9149	-0.043338	0.015275	0.179125
9150	-0.082737	0.065512	0.196866
9151	-0.102161	0.058358	0.199282
9152	-0.097819	0.017105	0.212794
9153	-0.103722	0.008883	0.224106
9154	-0.101417	0.060157	0.225501
9155	-0.086374	0.038879	0.218159
9156	-0.066672	0.028515	0.202079
9157	-0.051358	0.051066	0.198055
9158	-0.055749	0.053296	0.192720
9159	-0.054360	0.002834	0.191655
9160	-0.058100	0.033754	0.188570
9161	-0.052537	0.048293	0.178082
9162	-0.027423	0.008339	0.159814
9163	-0.024100	-0.015214	0.141585
9164	-0.020431	-0.042123	0.134202
9165	-0.011995	-0.029509	0.130306
9166	0.009620	-0.033649	0.117247
9167	0.008596	-0.018060	0.119094
9168	0.018910	-0.030201	0.111827
9169	0.025357	-0.028632	0.113135
9170	0.033856	-0.029594	0.106667
9171	0.051563	-0.028248	0.117317
9172	0.032383	-0.025037	0.126531
9173	0.031414	-0.070320	0.130060
9174	0.021977	-0.013126	0.136906
9175	0.015780	-0.035667	0.136407
9176	0.018919	-0.007743	0.144675
9177	0.035321	0.031197	0.150335
9178	0.033610	-0.004542	0.163152
9179	0.054376	0.028741	0.161111
9180	0.055874	-0.036286	0.165190
9181	0.061902	-0.032295	0.169410
9182	0.076393	-0.007857	0.167242
9183	0.079080	-0.040874	0.173933
9184	0.111523	-0.013716	0.190744
9185	0.112390	0.021079	0.197882
9186	0.112772	-0.008607	0.213763
9187	0.108960	0.001039	0.212203
9188	0.109887	-0.031301	0.208509
9189	0.110525	-0.005269	0.205923
9190	0.106486	0.008719	0.211197
9191	0.095327	-0.006403	0.226773
9192	0.060673	0.021862	0.233120
9193	0.041771	0.025460	0.230677
9194	0.035605	-0.009811	0.235494
9195	0.025519	0.029910	0.245805
9196	0.034607	-0.020127	0.251207
9197	0.032109	-0.014503	0.238716
9198	0.041659	-0.045090	0.234204
9199	0.048338	-0.072692	0.228787
9200	0.043914	-0.013879	0.218127
9201	0.059964	0.018986	0.213517
9202	0.077591	0.037423	0.205567
9203	0.100678	0.049375	0.212202
9204	0.117479	0.045889	0.215300
9205	0.124877	0.013125	0.203480
9206	0.150206	0.020385	0.173549
9207	0.148001	0.041095	0.132579
9208	0.113552	0.044490	0.106315
9209	0.097948	0.047056	0.090579
9210	0.089522	0.043764	0.065803
9211	0.074871	-0.002614	0.040212
9212	0.045823	0.020951	0.022051
9213	0.032134	0.017227	-0.002782
9214	0.013142	0.058818	-0.018113
9215	0.004692	-0.008594	-0.028502
9216	0.021225	0.019999	-0.040268
9217	0.034350	-0.011743	-0.056299
9218	0.043489	0.054232	-0.053681
9219	0.057725	0.063140	-0.045144
9220	0.067456	0.016742	-0.051304
9221	0.067936	0.002635	-0.050927
9222	0.076913	0.017405	-0.042496
9223	0.080520	0.002599	-0.047497
9224	0.082241	0.073067	-0.050838
9225	0.067580	0.012488	-0.060383
9226	0.067903	0.033033	-0.076115
9227	0.071455	0.042368	-0.095426
9228	0.095708	0.026982	-0.102223
9229	0.105395	0.020647	-0.125787
9230	0.131490	-0.024096	-0.151180
9231	0.128939	0.035265	-0.164104
9232	0.128187	0.050006	-0.169633
9233	0.127214	0.086269	-0.162372
9234	0.123304	0.064604	-0.152329
9235	0.116785	0.031584	-0.150623
9236	0.117805	0.014778	-0.142299
9237	0.105953	0.024714	-0.149435
9238	0.104921	0.000155	-0.149711
9239	0.113044	0.024470	-0.148447
9240	0.121293	-0.011661	-0.141127
9241	0.130906	-0.045257	-0.129975
9242	0.117164	-0.052822	-0.126617
9243	0.108597	-0.074302	-0.124974
9244	0.092819	-0.028844	-0.124042
9245	0.062591	-0.060544	-0.107412
9246	0.060340	-0.060394	-0.095094
9247	0.047312	-0.043064	-0.084347
9248	0.031560	0.018463	-0.049432
9249	0.022716	0.053319	-0.050728
9250	0.009855	0.051813	-0.053260
9251	0.001138	-0.015162	-0.052411
9252	-0.016231	-0.035833	-0.042108
9253	-0.028779	-0.028075	-0.027456
9254	-0.033762	-0.023980	0.008509
9255	-0.037775	-0.016732	0.031807
9256	-0.046569	0.002127	0.057970
9257	-0.054105	0.006955	0.075687
9258	-0.060127	0.012792	0.110740
9259	-0.049614	0.030824	0.135255
9260	-0.064841	0.075521	0.164301
9261	-0.061695	0.022960	0.184578
9262	-0.055374	-0.014166	0.177016
9263	-0.050463	-0.006940	0.170706
9264	-0.048156	0.018499	0.170945
9265	-0.055941	-0.065451	0.166086
9266	-0.059755	0.026361	0.177726
9267	-0.078889	0.015410	0.188586
9268	-0.092320	0.000418	0.169024
9269	-0.101676	0.054948	0.161323
9270	-0.103088	0.036962	0.151219
9271	-0.098294	0.065641	0.152945
9272	-0.100205	0.044098	0.164219
9273	-0.111143	0.006785	0.164291
9274	-0.117745	0.056963	0.165791
9275	-0.114663	0.003467	0.165487
9276	-0.118739	0.000354	0.166869
9277	-0.134592	0.034673	0.149106
9278	-0.132434	0.014687	0.149638
9279	-0.115434	0.013495	0.153545
9280	-0.118641	0.049165	0.160880
9281	-0.111857	0.019420	0.163811
9282	-0.114920	-0.030168	0.164632
9283	-0.121346	-0.055059	0.157926
9284	-0.129753	-0.032782	0.162173
9285	-0.131476	-0.031993	0.156188
9286	-0.114270	-0.064557	0.146054
9287	-0.126878	-0.045856	0.147023
9288	-0.128486	-0.039620	0.130305
9289	-0.127105	-0.027848	0.141926
9290	-0.144338	0.006092	0.133424
9291	-0.154314	0.001820	0.122652
9292	-0.159124	-0.066476	0.114058
9293	-0.168613	-0.012887	0.107355
9294	-0.168588	-0.055240	0.106366
9295	-0.170176	0.035960	0.090831
9296	-0.162738	0.026885	0.071625
9297	-0.163577	-0.015910	0.048015
9298	-0.180423	0.001755	0.041702
9299	-0.187259	-0.015305	0.036456
9300	-0.175314	-0.032044	0.036014
9301	-0.149366	-0.035667	0.029496
9302	-0.131386	-0.048379	0.027398
9303	-0.128669	-0.023153	0.026965
9304	-0.125522	-0.061176	0.023119
9305	-0.140315	-0.035602	0.018524
9306	-0.167699	-0.040662	0.010470
9307	-0.191855	-0.010052	0.009787
9308	-0.196245	-0.039997	0.011080
9309	-0.220126	-0.030296	0.020361
9310	-0.212732	-0.056859	0.011943
9311	-0.204660	-0.083975	0.005507
9312	-0.199812	-0.038066	0.016308
9313	-0.172202	-0.022892	0.004350
9314	-0.160667	0.041460	-0.014190
9315	-0.144403	0.034676	-0.023562
9316	-0.133732	0.023508	-0.023866
9317	-0.120408	0.001997	-0.020171
9318	-0.105097	-0.004762	-0.017193
9319	-0.102047	-0.052411	-0.018389
9320	-0.122597	-0.024553	0.002903
9321	-0.128760	-0.056340	0.001612
9322	-0.148412	-0.085729	0.020744
9323	-0.151759	-0.041627	0.022667
9324	-0.139331	-0.049918	0.036598
9325	-0.129970	-0.083785	0.058151
9326	-0.135853	-0.073347	0.075462
9327	-0.115632	-0.052810	0.083210
9328	-0.104371	-0.044193	0.091166
9329	-0.097879	-0.056313	0.100366
9330	-0.079470	-0.011556	0.113671
9331	-0.066833	-0.015977	0.123980
9332	-0.079267	-0.063726	0.128814
9333	-0.104177	-0.069300	0.132326
9334	-0.125726	-0.013428	0.135385
9335	-0.128856	0.007081	0.137308
9336	-0.143709	0.017616	0.146902
9337	-0.161423	0.038571	0.139410
9338	-0.168133	-0.014500	0.134452
9339	-0.165705	-0.049443	0.123411
9340	-0.160257	-0.059414	0.119522
9341	-0.137776	0.033022	0.104146
9342	-0.139643	-0.042579	0.102193
9343	-0.142576	-0.043942	0.102846
9344	-0.128784	-0.008450	0.133978
9345	-0.102723	-0.049514	0.143112
9346	-0.059226	-0.032300	0.159874
9347	-0.033570	0.047275	0.190265
9348	-0.020651	0.071050	0.194612
9349	-0.033850	0.020772	0.217694
9350	-0.032296	-0.040665	0.215732
9351	-0.021923	-0.056675	0.227046
9352	-0.011004	-0.037717	0.232248
9353	-0.003058	-0.062362	0.236695
9354	0.004427	-0.038942	0.228366
9355	0.009360	-0.018988	0.219689
9356	-0.004640	-0.034058	0.202253
9357	0.000098	-0.045828	0.183579
9358	0.009535	0.015263	0.176100
9359	0.026250	0.032131	0.157464
9360	0.024987	-0.030462	0.143480
9361	0.051233	-0.007725	0.147329
9362	0.075725	0.019332	0.139584
9363	0.102985	0.015319	0.113798
9364	0.124825	-0.051793	0.097241
9365	0.123700	0.000975	0.065403
9366	0.126516	-0.017259	0.055915
9367	0.148970	-0.056011	0.057121
9368	0.166050	0.005063	0.039681
9369	0.153351	0.021312	0.034780
9370	0.153986	0.038946	0.016765
9371	0.126915	-0.009512	0.008429
9372	0.115391	-0.007205	-0.004441
9373	0.119612	-0.039555	-0.011499
9374	0.128359	-0.089713	-0.029448
9375	0.129554	-0.071594	-0.027997
9376	0.143899	-0.023827	-0.013016
9377	0.163410	-0.036400	-0.000011
9378	0.190705	-0.021794	0.006632
9379	0.188416	0.015998	0.010389
9380	0.192254	0.041452	0.035217
9381	0.199705	0.033583	0.051394
9382	0.186543	-0.024989	0.074475
9383	0.207959	-0.047408	0.071672
9384	0.214400	-0.024440	0.072757
9385	0.214261	-0.082935	0.082068
9386	0.223989	-0.108509	0.087508
9387	0.218167	-0.040537	0.106334
9388	0.233655	-0.025014	0.119126
9389	0.227917	0.003134	0.141642
9390	0.226302	0.080077	0.138188
9391	0.215631	0.037069	0.155525
9392	0.200180	0.063208	0.167574
9393	0.182774	-0.018261	0.184674
9394	0.143755	0.010119	0.190017
9395	0.111817	0.030450	0.190512
9396	0.092094	-0.024702	0.195292
9397	0.059065	0.036022	0.187996
9398	0.048925	0.092211	0.182757
9399	0.053853	-0.007694	0.169420
9400	0.047936	0.064173	0.171011
9401	0.064397	0.013700	0.152716
9402	0.068145	-0.049110	0.141592
9403	0.077387	-0.089117	0.108204
9404	0.074352	-0.066771	0.092431
9405	0.091780	0.000888	0.076429
9406	0.096945	0.008340	0.061719
9407	0.102824	-0.062324	0.024029
9408	0.103520	-0.064651	0.008893
9409	0.117178	-0.049677	-0.008977
9410	0.123095	-0.082896	-0.030098
9411	0.118815	-0.083019	-0.037263
9412	0.138152	-0.084059	-0.053215
9413	0.129634	-0.062725	-0.056782
9414	0.093990	-0.064408	-0.046031
9415	0.095220	-0.000947	-0.059752
9416	0.096437	0.006148	-0.051623
9417	0.108202	-0.011060	-0.048155
9418	0.115140	-0.035868	-0.059478
9419	0.132765	-0.003828	-0.061493
9420	0.129747	-0.070105	-0.041320
9421	0.144873	-0.075406	-0.038683
9422	0.152906	-0.044414	-0.026203
9423	0.166948	0.036136	-0.028361
9424	0.178652	0.008001	-0.022290
9425	0.175411	0.013264	-0.012559
9426	0.171967	-0.005965	-0.028930
9427	0.157215	-0.018375	-0.046652
9428	0.167281	-0.047790	-0.056892
9429	0.164273	-0.015348	-0.051027
9430	0.176747	-0.039468	-0.050317
9431	0.159962	-0.033180	-0.053423
9432	0.166815	0.018701	-0.061750
9433	0.167656	-0.024233	-0.048038
9434	0.166455	-0.040518	-0.034969
9435	0.149328	-0.020684	-0.017003
9436	0.128517	-0.059884	-0.001705
9437	0.132222	-0.067190	0.009051
9438	0.129555	-0.048595	0.046672
9439	0.142749	-0.023777	0.056745
9440	0.121753	0.051011	0.072762
9441	0.103302	-0.012627	0.084375
9442	0.087720	-0.017426	0.116361
9443	0.070287	-0.002922	0.124908
9444	0.030601	-0.103330	0.156448
9445	-0.005398	-0.055015	0.155917
9446	-0.016031	-0.009234	0.168358
9447	-0.025946	0.018852	0.168659
9448	-0.039856	0.094506	0.175134
9449	-0.044572	0.082251	0.192070
9450	-0.037719	0.024547	0.205210
9451	-0.051725	0.024704	0.202680
9452	-0.039380	0.006773	0.198692
9453	-0.023145	-0.020385	0.195656
9454	-0.006911	-0.010017	0.180671
9455	-0.000240	0.019002	0.182682
9456	-0.017628	0.050069	0.176212
9457	-0.030889	0.064447	0.188434
9458	-0.036266	0.026723	0.177036
9459	-0.052391	0.030587	0.179327
9460	-0.065890	0.041191	0.174642
9461	-0.069352	-0.011259	0.159883
9462	-0.087855	-0.001399	0.154118
9463	-0.111256	0.002114	0.153827
9464	-0.131561	0.016426	0.166270
9465	-0.151537	-0.035511	0.147606
9466	-0.178428	0.010432	0.158238
9467	-0.187880	-0.017733	0.152404
9468	-0.183112	-0.063954	0.168600
9469	-0.176476	-0.022127	0.161289
9470	-0.187581	0.023472	0.153683
9471	-0.189081	-0.043113	0.161977
9472	-0.164909	0.058774	0.160710
9473	-0.152785	0.078366	0.138323
9474	-0.139333	0.041583	0.115882
9475	-0.098014	0.070008	0.129532
9476	-0.097829	0.036531	0.128889
9477	-0.097468	0.017697	0.122071
9478	-0.093731	0.006438	0.098763
9479	-0.093938	-0.006995	0.089458
9480	-0.089346	0.022936	0.080002
9481	-0.076537	0.035346	0.062216
9482	-0.087622	0.069172	0.033837
9483	-0.088660	0.085352	0.017043
9484	-0.098524	0.062499	0.013664
9485	-0.078260	0.066064	-0.016172
9486	-0.077440	0.009286	-0.028033
9487	-0.081815	0.054814	-0.039248
9488	-0.083416	0.061132	-0.039683
9489	-0.077090	0.064380	-0.048043
9490	-0.050746	-0.011738	-0.045046
9491	-0.050237	-0.037641	-0.068273
9492	-0.038645	-0.065729	-0.060873
9493	-0.016655	-0.021775	-0.050319
9494	-0.005800	-0.045640	-0.051615
9495	0.000985	-0.092313	-0.040680
9496	0.013321	-0.026817	-0.043710
9497	0.013309	-0.055986	-0.034447
9498	-0.016806	-0.029642	-0.029009
9499	-0.043496	-0.034825	-0.015297
9500	-0.050105	-0.047176	0.003913
9501	-0.055753	-0.035683	0.020142
9502	-0.070782	0.043387	0.054223
9503	-0.057865	0.059550	0.090569
9504	-0.058324	0.123364	0.114187
9505	-0.074884	0.097895	0.122498
9506	-0.075782	0.081709	0.134685
9507	-0.070591	0.043759	0.145650
9508	-0.073966	-0.054646	0.161774
9509	-0.068219	0.023846	0.162266
9510	-0.061090	0.031408	0.172209
9511	-0.092974	-0.001175	0.163546
9512	-0.072983	0.011017	0.167881
9513	-0.061825	-0.009619	0.169507
9514	-0.022241	-0.009592	0.176157
9515	0.003104	-0.047188	0.176025
9516	-0.002180	-0.007381	0.178388
9517	0.016914	-0.036143	0.170636
9518	0.028688	0.004510	0.178953
9519	0.043141	0.054967	0.178785
9520	0.030836	0.052137	0.187935
9521	0.010470	0.054788	0.200041
9522	0.006163	0.036719	0.218775
9523	0.023211	-0.000160	0.224975
9524	0.012126	-0.076213	0.219659
9525	0.015441	-0.100799	0.204268
9526	0.021134	0.028533	0.197308
9527	0.030272	0.010766	0.196142
9528	0.040394	0.005618	0.206108
9529	0.056709	-0.016407	0.224940
9530	0.087348	-0.018462	0.238605
9531	0.085711	-0.023739	0.252773
9532	0.082275	-0.002024	0.268699
9533	0.084495	-0.014624	0.280052
9534	0.083809	0.012172	0.292324
9535	0.080612	-0.007610	0.293086
9536	0.079337	0.051636	0.312409
9537	0.067594	0.060957	0.308469
9538	0.054750	0.037309	0.310518
9539	0.033004	0.015482	0.294251
9540	0.030719	-0.016640	0.289868
9541	0.003832	0.031997	0.251425
9542	-0.031329	-0.035081	0.245192
9543	-0.017771	-0.012953	0.225956
9544	0.006156	-0.018076	0.202599
9545	0.024074	-0.062295	0.165640
9546	0.035621	-0.086461	0.149672
9547	0.054155	-0.083178	0.141770
9548	0.058799	-0.024408	0.116362
9549	0.049310	0.033381	0.092283
9550	0.071275	0.004260	0.079702
9551	0.073169	0.050767	0.060365
9552	0.061903	0.012861	0.044114
9553	0.043799	-0.045593	0.032481
9554	0.062467	0.008276	0.014657
9555	0.052561	-0.092363	0.009511
9556	0.066799	-0.077171	-0.014865
9557	0.088015	-0.072013	-0.032094
9558	0.113266	-0.028755	-0.042422
9559	0.141285	0.020844	-0.037922
9560	0.181593	0.144548	-0.060362
9561	0.219631	0.034952	-0.078858
9562	0.242831	-0.011517	-0.085684
9563	0.255138	0.018878	-0.078989
9564	0.252694	-0.049618	-0.072819
9565	0.248890	0.014820	-0.088266
9566	0.255572	0.023087	-0.098501
9567	0.260858	-0.044640	-0.094646
9568	0.253539	0.023667	-0.087424
9569	0.239640	0.009214	-0.103717
9570	0.230486	0.070458	-0.100826
9571	0.198801	-0.007354	-0.098484
9572	0.188520	-0.007848	-0.095746
9573	0.195266	-0.023814	-0.095710
9574	0.202851	-0.008904	-0.087280
9575	0.202834	0.040108	-0.081577
9576	0.215820	0.006225	-0.102646
9577	0.229458	-0.017872	-0.109971
9578	0.225555	-0.026095	-0.104546
9579	0.208432	-0.051052	-0.090760
9580	0.194648	-0.008471	-0.086623
9581	0.184957	0.060132	-0.081827
9582	0.160016	0.063542	-0.077761
9583	0.146928	-0.008261	-0.063691
9584	0.128001	-0.049689	-0.056017
9585	0.091795	-0.066954	-0.062600
9586	0.055103	-0.062760	-0.054698
9587	0.035912	-0.050453	-0.050372
9588	0.038418	-0.083687	-0.032418
9589	0.057038	-0.066928	-0.033966
9590	0.090063	-0.119042	-0.030663
9591	0.104721	-0.022354	-0.023110
9592	0.121380	0.037782	0.013462
9593	0.104019	0.025367	0.023228
9594	0.117669	0.060105	0.034438
9595	0.134198	0.033879	0.022122
9596	0.131336	0.054089	0.025356
9597	0.130796	-0.042490	0.028312
9598	0.127486	-0.018615	0.022303
9599	0.116634	0.071812	0.053797
9600	0.092041	-0.003834	0.044773
9601	0.088255	0.007569	0.037473
9602	0.073565	-0.036797	0.026677
9603	0.061186	-0.002805	0.010668
9604	0.019767	-0.052311	0.004654
9605	0.013244	-0.014620	0.010013
9606	-0.013673	-0.010844	-0.002353
9607	-0.058016	-0.054324	0.005990
9608	-0.087008	-0.020414	0.016554
9609	-0.106045	0.012208	0.004779
9610	-0.109736	-0.007632	0.008449
9611	-0.134184	0.034432	0.029793
9612	-0.158255	-0.038762	0.040091
9613	-0.182040	-0.025923	0.025496
9614	-0.153567	0.016241	0.016634
9615	-0.131423	-0.011671	-0.005419
9616	-0.127500	0.074090	-0.003270
9617	-0.120978	0.049774	0.000743
9618	-0.129423	0.006158	-0.008141
9619	-0.111395	0.008330	-0.022048
9620	-0.078834	-0.021346	-0.024941
9621	-0.059023	-0.070750	-0.029625
9622	-0.067326	-0.035760	-0.041183
9623	-0.074114	-0.067063	-0.033536
9624	-0.092318	-0.042576	-0.029053
9625	-0.106316	0.002014	-0.034509
9626	-0.159813	0.012553	-0.022257
9627	-0.206992	0.021541	-0.040608
9628	-0.250890	0.081397	-0.026966
9629	-0.275601	-0.036910	-0.029178
9630	-0.276873	-0.039865	-0.028538
9631	-0.266380	-0.034640	-0.019437
9632	-0.257425	-0.071194	-0.002391
9633	-0.255975	0.022270	-0.009365
9634	-0.233579	-0.018757	-0.025567
9635	-0.207390	-0.044018	-0.031797
9636	-0.185043	0.026056	-0.032188
9637	-0.174598	0.063266	-0.037106
9638	-0.157938	-0.001924	-0.024716
9639	-0.187625	0.041809	-0.030106
9640	-0.215091	0.033480	-0.033414
9641	-0.223632	0.023458	-0.034476
9642	-0.244474	0.054108	-0.045117
9643	-0.273815	0.004297	-0.033607
9644	-0.307207	0.000807	-0.028058
9645	-0.352150	0.079934	-0.025447
9646	-0.372621	0.012024	-0.038472
9647	-0.400650	-0.032572	-0.054372
9648	-0.406299	0.046447	-0.062433
9649	-0.425081	-0.043555	-0.059086
9650	-0.439976	-0.005440	-0.051071
9651	-0.442887	0.036587	-0.052337
9652	-0.430754	-0.042403	-0.058359
9653	-0.447226	0.005864	-0.079243
9654	-0.446503	-0.014890	-0.076726
9655	-0.444457	-0.020904	-0.091995
9656	-0.450704	-0.041078	-0.102014
9657	-0.468381	-0.102234	-0.128146
9658	-0.474345	0.015744	-0.148611
9659	-0.479148	0.021456	-0.183378
9660	-0.489154	-0.009640	-0.189650
9661	-0.502168	0.042886	-0.198687
9662	-0.515553	0.111176	-0.191524
9663	-0.500173	-0.013319	-0.190665
9664	-0.492106	-0.011708	-0.182655
9665	-0.507272	-0.021061	-0.189355
9666	-0.515414	-0.118897	-0.183571
9667	-0.502528	-0.080840	-0.190469
9668	-0.510732	-0.173418	-0.190204
9669	-0.543531	-0.075735	-0.176789
9670	-0.553909	0.027967	-0.171401
9671	-0.571726	0.059767	-0.189454
9672	-0.587771	0.060903	-0.174930
9673	-0.606983	0.044877	-0.173768
9674	-0.586182	-0.038853	-0.167634
9675	-0.582743	0.023433	-0.145549
9676	-0.616544	0.022298	-0.133541
9677	-0.614083	-0.036576	-0.131193
9678	-0.586021	0.027868	-0.123578
9679	-0.578948	0.005008	-0.129482
9680	-0.556701	0.012990	-0.119618
9681	-0.526808	-0.039687	-0.119104
9682	-0.529950	-0.000800	-0.123006
9683	-0.523610	-0.007815	-0.118204
9684	-0.514159	-0.066070	-0.129301
9685	-0.460016	-0.113864	-0.110950
9686	-0.444216	0.008666	-0.090922
9687	-0.449799	-0.036998	-0.073832
9688	-0.458344	-0.005605	-0.049921
9689	-0.438201	0.030721	-0.037150
9690	-0.431783	0.000457	-0.013602
9691	-0.402793	0.078539	0.034134
9692	-0.373031	0.056681	0.062810
9693	-0.384047	0.060395	0.085042
9694	-0.383992	0.047041	0.105518
9695	-0.387084	0.053496	0.130500
9696	-0.350753	0.140220	0.134376
9697	-0.306056	0.064924	0.145881
9698	-0.273993	0.008280	0.155406
9699	-0.254911	-0.061068	0.180936
9700	-0.246529	-0.026536	0.215573
9701	-0.254308	-0.013642	0.225926
9702	-0.216951	-0.031083	0.238300
9703	-0.202411	0.057823	0.253282
9704	-0.214598	0.063813	0.270002
9705	-0.217323	0.036526	0.304738
9706	-0.206747	-0.061697	0.331648
9707	-0.211357	0.011598	0.335065
9708	-0.214008	-0.037866	0.334276
9709	-0.241864	0.029351	0.335239
9710	-0.273975	0.062093	0.337940
9711	-0.288313	-0.035546	0.337009
9712	-0.271664	0.026412	0.353649
9713	-0.263502	-0.011163	0.383423
9714	-0.258595	-0.075574	0.397566
9715	-0.288048	-0.052667	0.398396
9716	-0.261503	-0.105839	0.397337
9717	-0.226831	-0.054917	0.401598
9718	-0.167249	0.061778	0.377834
9719	-0.141278	-0.030184	0.367916
9720	-0.121930	0.027564	0.337149
9721	-0.082135	0.009174	0.331261
9722	-0.040641	0.048051	0.317693
9723	-0.030033	0.037255	0.299559
9724	-0.010870	-0.061050	0.273354
9725	-0.002302	0.043013	0.258769
9726	-0.000898	0.035503	0.240437
9727	-0.001378	-0.030653	0.208941
9728	0.027820	0.031811	0.180576
9729	0.043541	0.041926	0.145624
9730	0.037207	-0.055823	0.134845
9731	0.009867	-0.046094	0.106475
9732	-0.018661	-0.002312	0.086697
9733	-0.036277	-0.024860	0.067584
9734	-0.028665	0.055221	0.044385
9735	-0.039341	-0.013853	0.023641
9736	-0.022337	-0.000657	-0.004011
9737	-0.026737	-0.042306	-0.030393
9738	-0.041186	-0.046434	-0.027021
9739	-0.049998	0.026193	-0.022876
9740	-0.049876	0.046103	-0.052399
9741	-0.046139	-0.009482	-0.063938
9742	-0.054143	0.044199	-0.094153
9743	-0.007456	0.034439	-0.100048
9744	0.000398	0.072549	-0.125886
9745	0.009796	0.064389	-0.138226
9746	0.023389	0.096756	-0.157602
9747	0.036101	-0.038291	-0.163181
9748	0.042954	-0.147750	-0.179171
9749	0.047119	-0.072690	-0.183770
9750	0.072996	0.015815	-0.154454
9751	0.106976	-0.005118	-0.152587
9752	0.104725	-0.034320	-0.157726
9753	0.084276	-0.053995	-0.159020
9754	0.046677	0.010441	-0.143550
9755	0.010712	0.009989	-0.126854
9756	0.006562	0.002171	-0.114027
9757	-0.000282	0.036788	-0.130159
9758	0.013518	-0.018752	-0.113119
9759	0.026101	-0.061329	-0.106565
9760	0.036349	-0.054374	-0.093885
9761	0.060187	-0.023995	-0.074780
9762	0.087183	-0.130590	-0.028655
9763	0.134850	0.020141	0.013102
9764	0.143135	0.006777	0.034097
9765	0.176848	0.073999	0.068734
9766	0.199471	0.126745	0.092515
9767	0.209557	0.109052	0.109755
9768	0.219617	0.109544	0.121882
9769	0.215221	-0.017780	0.153926
9770	0.194374	-0.061341	0.181637
9771	0.168213	0.026330	0.200016
9772	0.188151	-0.019908	0.197001
9773	0.183964	-0.086663	0.208112
9774	0.158938	0.011410	0.232313
9775	0.141401	0.069116	0.274805
9776	0.128343	0.084845	0.292166
9777	0.119989	0.065529	0.315630
9778	0.120399	-0.043805	0.344685
9779	0.126372	-0.106215	0.385851
9780	0.131007	-0.059951	0.418493
9781	0.140400	-0.073278	0.440741
9782	0.143013	0.001899	0.450858
9783	0.146361	-0.018125	0.460698
9784	0.119626	-0.047377	0.460028
9785	0.117022	0.184874	0.445133
9786	0.089739	0.105800	0.419982
9787	0.063931	0.040748	0.407450
9788	0.051776	0.096566	0.393093
9789	0.056943	-0.074526	0.377708
9790	0.054729	-0.093535	0.369847
9791	0.062587	0.068067	0.364434
9792	0.040234	0.009219	0.377868
9793	0.027943	0.025428	0.371928
9794	0.032964	-0.031487	0.374940
9795	0.050983	-0.079890	0.388691
9796	0.040907	0.028155	0.381710
9797	0.046488	0.096850	0.353799
9798	0.044823	0.035326	0.320510
9799	0.038307	0.014015	0.296066
9800	0.024150	-0.033581	0.277535
9801	0.058252	0.044578	0.257925
9802	0.044664	0.063641	0.270530
9803	0.040425	0.067078	0.266514
9804	0.070126	0.132599	0.265336
9805	0.092146	0.018075	0.265849
9806	0.093976	0.078825	0.263318
9807	0.126960	0.130505	0.247908
9808	0.163354	0.072086	0.233066
9809	0.196973	0.002439	0.227641
9810	0.182202	-0.004826	0.236972
9811	0.179176	-0.146379	0.193647
9812	0.165752	-0.045528	0.200042
9813	0.135253	-0.040818	0.188836
9814	0.140123	0.016067	0.189850
9815	0.127872	0.109363	0.174427
9816	0.114692	0.085224	0.134348
9817	0.110691	0.036140	0.141061
9818	0.097052	0.104780	0.153839
9819	0.098133	-0.001991	0.145737
9820	0.117927	-0.050210	0.157634
9821	0.167506	0.024034	0.151243
9822	0.197486	0.098970	0.162121
9823	0.275146	-0.008029	0.168396
9824	0.334237	-0.040182	0.171520
9825	0.362827	0.062747	0.189026
9826	0.400508	-0.011638	0.228997
9827	0.430148	0.066407	0.272595
9828	0.461488	0.099205	0.311200
9829	0.455415	-0.009756	0.311922
9830	0.426099	0.072984	0.345025
9831	0.378900	0.125567	0.341218
9832	0.299881	0.139114	0.385143
9833	0.248853	0.060927	0.389616
9834	0.248391	0.036398	0.431765
9835	0.237432	0.043773	0.454920
9836	0.209185	-0.012021	0.466540
9837	0.210368	-0.043580	0.456763
9838	0.198848	0.051689	0.460062
9839	0.210236	0.046716	0.466936
9840	0.237158	-0.062510	0.478566
9841	0.256917	-0.104495	0.498834
9842	0.263979	-0.104078	0.498518
9843	0.290183	-0.204176	0.498591
9844	0.286544	-0.045779	0.506823
9845	0.294050	-0.147609	0.536047
9846	0.274182	-0.030507	0.577123
9847	0.276992	0.107048	0.583165
9848	0.265312	0.031821	0.605123
9849	0.243422	0.204003	0.629266
9850	0.225367	0.097587	0.628349
9851	0.226529	0.021342	0.636513
9852	0.201182	0.124264	0.671812
9853	0.209460	0.146242	0.653397
9854	0.211386	0.033564	0.666302
9855	0.232549	-0.060330	0.657515
9856	0.249670	0.040850	0.685066
9857	0.248332	0.029930	0.698078
9858	0.245751	-0.061029	0.693098
9859	0.258681	0.041396	0.664380
9860	0.267358	-0.064018	0.624239
9861	0.295976	-0.018445	0.615067
9862	0.279473	-0.011023	0.612190
9863	0.309538	0.092030	0.611629
9864	0.347697	0.176019	0.588189
9865	0.386563	-0.087230	0.580859
9866	0.409167	0.040765	0.566103
9867	0.448982	-0.056923	0.556853
9868	0.486887	-0.104027	0.539792
9869	0.538626	0.033371	0.544590
9870	0.574727	0.016600	0.518695
9871	0.570387	0.028309	0.488871
9872	0.546044	-0.152640	0.501860
9873	0.573947	0.104028	0.508261
9874	0.538468	-0.035233	0.516016
9875	0.455916	-0.044751	0.524804
9876	0.385508	0.072414	0.531974
9877	0.378355	-0.221738	0.550099
9878	0.362279	0.028736	0.568748
9879	0.368806	0.021008	0.594071
9880	0.371917	-0.025901	0.622386
9881	0.369705	0.174941	0.618579
9882	0.371798	-0.047448	0.648599
9883	0.379535	0.008679	0.673373
9884	0.397528	0.112425	0.675557
9885	0.435333	0.142289	0.695844
9886	0.462674	0.063043	0.699458
9887	0.466320	0.009808	0.703933
9888	0.457915	-0.048254	0.690497
9889	0.456714	-0.042742	0.684267
9890	0.459319	0.050875	0.673301
9891	0.392231	-0.028112	0.668804
9892	0.368013	-0.032083	0.670925
9893	0.377145	-0.055275	0.675927
9894	0.379832	-0.007375	0.661469
9895	0.379824	0.057991	0.654496
9896	0.403595	-0.009021	0.666597
9897	0.412240	0.064705	0.648719
9898	0.409053	0.155656	0.588272
9899	0.432773	0.005830	0.538328
9900	0.470710	0.169704	0.493256
9901	0.479424	-0.083526	0.476526
9902	0.472845	0.006823	0.438393
9903	0.500269	-0.110807	0.434090
9904	0.485825	-0.173149	0.424177
9905	0.484894	-0.159780	0.416089
9906	0.486607	0.005565	0.379864
9907	0.441457	0.106575	0.351371
9908	0.429200	0.100015	0.343922
9909	0.464337	0.178656	0.338394
9910	0.493758	0.077786	0.299040
9911	0.541083	0.010174	0.288472
9912	0.574717	0.003424	0.267298
9913	0.545860	-0.116039	0.289521
9914	0.502873	-0.042544	0.294056
9915	0.495682	0.001766	0.283541
9916	0.476644	0.074593	0.282905
9917	0.438800	0.167253	0.273212
9918	0.372788	0.099322	0.260761
9919	0.362830	0.254602	0.244294
9920	0.327394	0.104619	0.231486
9921	0.275159	0.068652	0.259092
9922	0.233297	-0.209215	0.285507
9923	0.241699	-0.138531	0.301515
9924	0.231871	-0.151279	0.303842
9925	0.261013	-0.169965	0.344815
9926	0.289320	0.015272	0.365848
9927	0.279327	-0.032215	0.381579
9928	0.322089	0.055372	0.340162
9929	0.357020	0.083272	0.288314
9930	0.316337	-0.089138	0.277926
9931	0.282997	0.218274	0.295133
9932	0.245181	-0.028619	0.315363
9933	0.218484	-0.118802	0.323470
9934	0.160604	-0.012920	0.325653
9935	0.144480	-0.108803	0.378577
9936	0.094106	-0.065245	0.419498
9937	0.000900	0.129547	0.450253
9938	-0.050165	0.054725	0.469591
9939	-0.065814	0.045713	0.469983
9940	-0.116742	0.112142	0.463068
9941	-0.074087	0.223358	0.500736
9942	-0.012560	0.166372	0.543509
9943	0.018795	0.292458	0.582663
9944	0.043631	0.125931	0.642364
9945	0.056968	0.056420	0.714973
9946	0.072511	-0.305893	0.766630
9947	0.030666	-0.027578	0.851542
9948	0.022997	0.130701	0.950693
9949	0.058267	-0.002318	1.050815
9950	0.020870	-0.071116	1.082760
9951	0.007611	-0.110006	1.141902
9952	-0.014765	-0.056504	1.256304
9953	-0.035349	-0.012465	1.327505
9954	-0.040790	0.217933	1.376359
9955	0.052707	-0.037871	1.393370
9956	0.076984	-0.218525	1.431243
9957	0.100612	-0.129135	1.417667
9958	0.127861	-0.052478	1.447514
9959	0.190964	0.056533	1.478905
9960	0.177696	0.091492	1.425867
9961	0.236380	0.120440	1.398815
9962	0.303758	0.232385	1.382188
9963	0.313626	0.011306	1.384065
9964	0.345276	0.178267	1.393068
9965	0.415485	-0.111246	1.406597
9966	0.419142	0.171383	1.434686
9967	0.421871	-0.071642	1.462883
9968	0.384905	-0.000088	1.459073
9969	0.410034	0.191157	1.513540
9970	0.426324	0.043646	1.509355
9971	0.540510	0.040706	1.478398
9972	0.621800	-0.149840	1.433233
9973	0.620504	-0.124973	1.391768
9974	0.528751	0.140498	1.338566
9975	0.533106	0.126976	1.297171
9976	0.508424	0.133492	1.303394
9977	0.479124	-0.376164	1.216272
9978	0.441532	-0.391808	1.141284
9979	0.477323	-0.096177	1.057210
9980	0.447676	-0.383271	0.982534
9981	0.376173	-0.049141	0.861888
9982	0.404038	-0.175406	0.775090
9983	0.331736	0.037321	0.694157
9984	0.351447	0.187530	0.612711
9985	0.534139	0.323125	0.541015
9986	0.531208	0.329926	0.448722
9987	0.485660	0.509262	0.372156
9988	0.442498	0.208286	0.222361
9989	0.457620	0.147802	0.087698
9990	0.430420	-0.131776	-0.001813
9991	0.444169	0.165391	-0.169628
9992	0.418191	-0.017664	-0.377402
9993	0.268271	0.458212	-0.511279
9994	0.157693	-0.012767	-0.729324
9995	0.142432	0.209692	-0.766866
9996	-0.130750	-0.473499	-0.800096
9997	-0.298314	0.140643	-0.796462
9998	-0.242982	-0.818057	-0.583530
9999	-0.629758	-0.714529	-0.764358
