1	0.836516	0.000287	-0.001640
2	0.830633	0.001036	-0.001013
3	0.830343	0.000817	0.001736
4	0.829572	0.000795	0.001688
5	0.834105	-0.000104	-0.000289
6	0.832176	0.001539	0.001399
7	0.832851	0.002234	0.002074
8	0.825424	0.000619	0.003424
9	0.835359	-0.000935	0.004003
10	0.832079	0.002437	0.002942
11	0.835552	-0.000344	0.003086
12	0.833526	-0.002552	-0.000675
13	0.833912	-0.003146	-0.007620
14	0.831404	-0.000182	-0.007523
15	0.834008	0.000430	-0.006269
16	0.826678	-0.000720	-0.007137
17	0.828029	-0.000298	-0.009066
18	0.820698	-0.000029	-0.004389
19	0.828318	0.000500	-0.006221
20	0.825231	0.000193	-0.001929
21	0.827450	0.002272	-0.000434
22	0.833140	0.000871	-0.000289
23	0.834684	0.000634	0.002701
24	0.836323	0.000095	0.001784
25	0.845872	0.000988	0.002797
26	0.837384	0.001715	0.006221
27	0.837191	-0.000170	0.002845
28	0.836709	0.001693	0.003424
29	0.830922	-0.001199	0.007764
30	0.826485	0.000015	0.005691
31	0.830536	0.001636	0.006028
32	0.830150	-0.000130	0.007764
33	0.829282	-0.000401	0.007861
34	0.834008	0.000104	0.006318
35	0.830247	0.000418	0.005401
36	0.829186	-0.001187	0.006607
37	0.827643	-0.001384	0.004967
38	0.826485	0.000227	0.006510
39	0.825521	-0.003037	0.004244
40	0.824942	-0.000275	0.007861
41	0.823592	-0.000907	0.005064
42	0.816262	0.000735	0.005546
43	0.820891	-0.001310	0.002315
44	0.822145	0.000158	0.002845
45	0.819444	-0.001093	0.000820
46	0.818673	-0.001217	0.004196
47	0.823013	0.000696	0.004389
48	0.835648	-0.000744	0.005257
49	0.835262	-0.000419	-0.000193
50	0.837770	-0.001504	0.004147
51	0.828414	0.001515	0.000868
52	0.826292	-0.001098	0.003038
53	0.829668	-0.003560	0.000868
54	0.827932	0.000296	-0.000145
55	0.827739	0.000676	0.004967
56	0.823110	0.000698	0.001399
57	0.830536	-0.000180	-0.001640
58	0.827064	-0.000464	-0.003328
59	0.823592	-0.000936	-0.003424
60	0.823206	-0.000564	-0.004485
61	0.825424	-0.001750	-0.004871
62	0.829090	0.000940	-0.001447
63	0.840085	0.000827	-0.000627
64	0.833912	0.000848	0.000386
65	0.833816	-0.001798	-0.001591
66	0.833526	0.000570	-0.002797
67	0.828607	-0.000053	-0.004099
68	0.831115	0.000682	-0.001543
69	0.828511	0.001181	-0.002459
70	0.825810	0.001231	0.002122
71	0.824653	0.001110	-0.001061
72	0.825714	0.000059	-0.001399
73	0.825231	0.000666	-0.000916
74	0.833044	0.001641	-0.002942
75	0.828993	-0.000512	-0.005449
76	0.833140	0.002336	-0.007427
77	0.837674	0.001377	-0.006848
78	0.834298	0.000890	-0.006318
79	0.832562	-0.000723	-0.006607
80	0.827160	0.001021	-0.013021
81	0.831404	-0.000312	-0.016252
82	0.832658	0.000096	-0.014275
83	0.832755	0.001667	-0.010802
84	0.833719	-0.002337	-0.010513
85	0.838059	-0.001572	-0.012153
86	0.835938	-0.001293	-0.009934
87	0.840181	-0.002519	-0.011381
88	0.839603	-0.002872	-0.008922
89	0.838831	0.000772	-0.005401
90	0.847994	-0.001917	-0.001495
91	0.849344	-0.000733	-0.003713
92	0.846836	-0.000751	-0.004871
93	0.843364	-0.000041	-0.006028
94	0.840374	-0.001488	-0.008005
95	0.842014	-0.000510	-0.010417
96	0.831694	0.000530	-0.003906
97	0.834394	-0.000459	-0.003328
98	0.844136	0.000055	-0.002749
99	0.846161	-0.001828	-0.001061
100	0.840278	-0.001691	-0.003038
101	0.833044	-0.001799	-0.004340
102	0.829282	-0.000894	-0.001013
103	0.833430	-0.001035	-0.002604
104	0.831597	0.001214	-0.000193
105	0.830922	-0.001319	-0.007378
106	0.835938	0.001505	-0.002508
107	0.833816	-0.000546	-0.004340
108	0.830440	0.000050	-0.004003
109	0.832176	0.000905	-0.005015
110	0.830440	0.001441	-0.007861
111	0.830633	0.000699	-0.013600
112	0.831887	0.000696	-0.014902
113	0.833912	0.001606	-0.005208
114	0.831211	0.001524	-0.008488
115	0.831501	0.001263	-0.004051
116	0.836902	-0.001221	-0.005980
117	0.835359	-0.000721	-0.005160
118	0.839410	-0.002732	-0.006028
119	0.841339	0.000248	-0.006559
120	0.832658	0.000429	-0.007957
121	0.834684	0.001822	-0.008632
122	0.840374	-0.001160	-0.008391
123	0.837384	-0.001441	-0.009742
124	0.838349	0.000470	-0.007475
125	0.838059	0.000392	-0.009983
126	0.836323	-0.003267	-0.009549
127	0.841725	-0.003886	-0.008729
128	0.841821	-0.002118	-0.010031
129	0.842978	-0.001738	-0.009307
130	0.845390	-0.001290	-0.007234
131	0.836998	-0.000434	-0.005546
132	0.837577	0.000442	-0.002797
133	0.834973	-0.000116	-0.003231
134	0.835745	-0.001038	-0.003569
135	0.829765	-0.000794	-0.005064
136	0.830343	-0.001044	-0.001977
137	0.828221	-0.000730	-0.006318
138	0.833237	-0.001950	-0.002604
139	0.829861	0.000521	-0.004389
140	0.836034	0.000916	-0.002508
141	0.836323	0.000365	-0.000530
142	0.835069	0.000478	-0.002652
143	0.841242	0.001724	-0.001495
144	0.838445	0.002730	-0.000675
145	0.840953	0.000123	-0.000675
146	0.839410	-0.000138	0.001543
147	0.837674	0.000882	-0.000386
148	0.837095	0.001552	-0.001350
149	0.835359	0.001246	-0.001543
150	0.825617	0.000956	-0.000627
151	0.831983	0.002053	0.004726
152	0.835069	0.001212	0.003231
153	0.831115	-0.000569	0.000965
154	0.834008	0.000306	0.003135
155	0.828897	-0.001514	-0.000434
156	0.834780	0.001354	0.000820
157	0.826003	0.001679	0.001447
158	0.825810	-0.001704	-0.000241
159	0.821373	-0.001528	0.003617
160	0.826389	0.002533	0.001977
161	0.821277	0.001532	0.000338
162	0.824460	0.001469	0.001399
163	0.827450	-0.001117	0.000193
164	0.832369	0.000205	-0.002218
165	0.826389	0.001335	-0.004099
166	0.826003	0.000524	-0.009115
167	0.822338	0.000053	-0.004919
168	0.823688	0.000216	-0.010995
169	0.825714	-0.000844	-0.013069
170	0.820120	-0.000335	-0.006655
171	0.818962	0.000654	-0.002652
172	0.820409	0.000374	-0.005835
173	0.820602	0.001776	-0.005305
174	0.823785	-0.000999	-0.006221
175	0.823206	-0.000455	-0.002411
176	0.830150	-0.001949	-0.004630
177	0.832369	-0.000882	-0.004244
178	0.826100	0.001238	-0.003328
179	0.828993	-0.001048	-0.003713
180	0.832851	-0.002630	0.001784
181	0.833719	-0.002624	0.000000
182	0.828221	-0.001388	0.001206
183	0.833237	-0.000168	-0.002267
184	0.826485	0.000807	0.003424
185	0.826871	-0.001201	0.002459
186	0.829282	-0.000702	0.001977
187	0.831019	-0.001077	-0.001543
188	0.824556	-0.000700	0.004581
189	0.823013	0.000737	-0.002074
190	0.826968	0.000152	0.002845
191	0.823688	-0.000525	-0.001688
192	0.825039	0.000223	0.002025
193	0.823013	0.001247	-0.001254
194	0.817708	0.001184	-0.001399
195	0.823013	-0.001145	0.001833
196	0.824846	-0.001165	0.002411
197	0.825231	0.001032	-0.000048
198	0.824363	-0.000575	0.003810
199	0.824171	-0.000194	0.005064
200	0.828221	-0.001749	0.003135
201	0.827739	-0.002016	0.000145
202	0.824460	-0.001168	0.000482
203	0.829186	-0.001059	-0.002990
204	0.834298	0.001430	-0.004340
205	0.834780	0.000683	-0.007716
206	0.837867	-0.002193	-0.008150
207	0.840278	-0.000729	-0.006076
208	0.848283	-0.001294	-0.010995
209	0.851370	-0.003329	-0.010851
210	0.848090	-0.003641	-0.007909
211	0.841628	-0.002661	-0.008005
212	0.840278	-0.003224	-0.006125
213	0.843654	-0.002830	-0.007330
214	0.833816	-0.002362	-0.009597
215	0.838542	-0.000296	-0.004533
216	0.835359	0.001541	-0.004147
217	0.837770	0.002623	-0.003424
218	0.839120	0.000928	0.000048
219	0.835455	0.000756	-0.004051
220	0.839506	0.001023	0.000386
221	0.841049	0.001792	0.002990
222	0.839699	0.002674	0.004485
223	0.840664	0.002506	0.001350
224	0.843557	-0.000917	-0.000386
225	0.838831	0.002200	0.001543
226	0.837770	0.000580	-0.000579
227	0.844907	-0.000475	-0.005498
228	0.842400	-0.001867	-0.005449
229	0.837095	0.001534	-0.003858
230	0.832369	-0.000895	-0.000675
231	0.831790	0.000337	0.002025
232	0.832272	-0.001995	0.004292
233	0.840374	0.001016	0.007475
234	0.841725	-0.000223	0.006559
235	0.838542	0.001206	0.008488
236	0.841532	0.002114	0.005015
237	0.843268	0.002359	0.001977
238	0.844907	0.003621	-0.000627
239	0.844907	0.003344	-0.001640
240	0.845100	0.002637	-0.000434
241	0.838927	0.003158	-0.000868
242	0.835359	0.000194	-0.004244
243	0.838349	-0.001473	-0.003376
244	0.833623	0.000830	-0.004967
245	0.830633	-0.001439	-0.005401
246	0.829379	-0.001676	-0.001977
247	0.826775	-0.000978	-0.003038
248	0.829572	-0.001486	-0.003183
249	0.825135	-0.000993	-0.002411
250	0.819830	-0.001535	-0.000868
251	0.824363	0.000478	0.000048
252	0.818480	-0.000410	-0.001833
253	0.824460	-0.000455	-0.000482
254	0.823881	-0.000392	-0.000096
255	0.830150	-0.001762	-0.000096
256	0.832176	-0.001793	0.004147
257	0.837674	-0.003340	0.002218
258	0.833237	-0.001461	0.001350
259	0.834587	-0.000080	-0.001399
260	0.838156	0.000344	-0.000048
261	0.835262	0.001560	-0.000627
262	0.832851	-0.002471	-0.004919
263	0.830922	0.001099	-0.000096
264	0.828800	0.002496	0.001833
265	0.833237	0.001248	0.003810
266	0.831887	0.000624	0.005787
267	0.834780	-0.000083	0.006076
268	0.831887	-0.000396	0.003231
269	0.829572	0.002448	0.002363
270	0.832079	0.000392	-0.000820
271	0.830247	0.000378	0.002074
272	0.838349	-0.000250	-0.000482
273	0.833140	-0.000389	0.000916
274	0.831501	0.000772	0.000193
275	0.836420	0.000950	-0.000965
276	0.836130	0.000797	-0.000723
277	0.838542	-0.000304	0.003424
278	0.834394	-0.002480	-0.000482
279	0.830247	-0.000439	-0.001591
280	0.836709	0.000315	0.001495
281	0.834008	-0.001505	0.001881
282	0.833430	0.000750	-0.001254
283	0.829379	-0.000114	-0.001302
284	0.828125	-0.000833	0.000386
285	0.823302	-0.001257	0.001591
286	0.824171	0.000734	0.003038
287	0.819059	0.001268	0.000868
288	0.820698	0.002992	0.003424
289	0.818383	0.000507	0.002363
290	0.822820	-0.000498	0.000579
291	0.822049	0.000094	0.003617
292	0.825521	-0.000499	0.001013
293	0.829668	-0.000458	0.000482
294	0.824556	0.000350	-0.001495
295	0.831115	-0.002337	-0.000627
296	0.831308	-0.001823	-0.001688
297	0.835069	-0.000447	0.000482
298	0.831694	-0.001757	-0.003713
299	0.823592	-0.000621	-0.005932
300	0.824942	-0.000981	-0.004967
301	0.821566	0.000452	-0.004726
302	0.818962	0.000586	-0.003617
303	0.817901	-0.001259	-0.008343
304	0.827932	0.000030	-0.004292
305	0.830729	0.000924	-0.001350
306	0.826100	0.000498	0.002218
307	0.820505	0.000402	-0.000530
308	0.823688	-0.001026	-0.003617
309	0.823302	-0.001542	-0.000916
310	0.826678	0.000498	-0.003279
311	0.825135	-0.000929	0.000096
312	0.823399	-0.000125	-0.001350
313	0.825424	0.000018	-0.000241
314	0.826775	-0.000129	-0.003810
315	0.822531	0.000086	-0.001399
316	0.823399	0.000205	-0.004533
317	0.825714	0.001065	-0.005015
318	0.825135	0.002279	-0.004967
319	0.823302	-0.001149	-0.002267
320	0.824749	-0.000666	-0.003328
321	0.827546	0.000764	-0.000916
322	0.829765	0.000344	-0.000723
323	0.831115	0.001080	-0.000627
324	0.831501	-0.000452	-0.005305
325	0.832465	0.000979	-0.004051
326	0.833816	-0.001628	-0.006173
327	0.836613	-0.000134	-0.005932
328	0.832272	-0.000629	-0.005401
329	0.830826	-0.000660	-0.003858
330	0.825714	0.000761	-0.000868
331	0.825907	0.001079	-0.003086
332	0.822531	0.003520	0.001061
333	0.825328	0.001635	0.000820
334	0.827160	-0.000053	0.000338
335	0.833623	-0.001826	0.004099
336	0.835166	0.000670	0.001784
337	0.829861	0.001255	-0.004003
338	0.829668	-0.000293	-0.004678
339	0.829958	-0.000449	-0.004437
340	0.827160	-0.001213	-0.002701
341	0.827643	-0.000983	-0.001688
342	0.827836	-0.002452	0.001543
343	0.832369	-0.001050	0.003520
344	0.830729	0.001715	0.003376
345	0.827739	0.000995	0.005208
346	0.824846	-0.001634	0.010031
347	0.826003	-0.000707	0.010079
348	0.827739	-0.000586	0.007764
349	0.820988	-0.000940	0.005883
350	0.820409	-0.000937	0.007041
351	0.818287	0.001142	0.007186
352	0.815008	0.000520	0.007378
353	0.817612	-0.000367	0.006703
354	0.820891	-0.000971	0.007957
355	0.823881	-0.001293	0.006173
356	0.825617	0.000261	0.008439
357	0.826100	0.000431	0.009693
358	0.820795	0.001802	0.011188
359	0.817130	0.000494	0.009163
360	0.818480	-0.000782	0.012924
361	0.816165	0.000168	0.007089
362	0.822242	-0.001394	0.005257
363	0.824460	0.000328	0.005064
364	0.818191	-0.001287	0.001640
365	0.818191	-0.000507	-0.001013
366	0.816744	0.000105	0.000868
367	0.822242	0.001061	0.003954
368	0.819252	0.001245	0.006173
369	0.824171	0.000434	0.004003
370	0.822724	0.001529	0.001399
371	0.823110	0.000843	0.004919
372	0.822820	-0.001261	0.007427
373	0.824074	-0.000769	0.005112
374	0.820602	0.001076	0.004389
375	0.823302	0.000681	0.005980
376	0.822338	0.001919	0.004340
377	0.819348	0.002146	0.006655
378	0.815201	0.000811	0.003617
379	0.820988	0.001743	0.003231
380	0.821373	-0.001334	0.004678
381	0.817323	-0.000422	0.003231
382	0.823881	-0.000136	0.003135
383	0.816647	0.000115	0.004678
384	0.815490	-0.000853	0.006414
385	0.820698	0.000172	0.003135
386	0.819444	-0.000721	0.004581
387	0.813368	0.000635	0.004630
388	0.814333	0.000546	0.006848
389	0.823399	0.000833	0.007234
390	0.828704	-0.000079	0.006125
391	0.831501	-0.000689	0.007813
392	0.830922	0.002191	0.005449
393	0.832851	0.000394	0.006510
394	0.824653	-0.001837	0.007427
395	0.823785	-0.001946	0.008150
396	0.815683	0.002171	0.005835
397	0.819734	-0.001190	0.002604
398	0.824171	-0.000349	0.002459
399	0.823495	0.000073	0.005015
400	0.813079	0.001350	0.003183
401	0.814622	0.002027	0.001013
402	0.811053	-0.000564	-0.000627
403	0.813465	0.000430	0.002749
404	0.810667	-0.000276	0.001302
405	0.809414	0.000225	-0.003665
406	0.806809	0.000618	-0.004196
407	0.813465	-0.000094	-0.001206
408	0.816551	-0.000037	-0.003713
409	0.818576	-0.001752	0.002556
410	0.822049	0.000272	0.003086
411	0.822627	0.000191	0.002604
412	0.823978	0.000561	0.001591
413	0.828029	-0.002251	-0.001784
414	0.825424	0.000454	-0.000723
415	0.827257	0.002169	0.001254
416	0.832755	-0.002541	0.000000
417	0.828800	-0.001310	-0.004340
418	0.832369	-0.000435	-0.004003
419	0.830343	-0.000973	-0.002797
420	0.835455	0.003337	-0.001254
421	0.831501	0.001302	0.001302
422	0.830826	-0.001195	0.004196
423	0.823495	0.000217	0.003424
424	0.823592	0.001260	0.002604
425	0.819541	-0.000947	-0.001784
426	0.815201	0.001056	0.000482
427	0.813465	-0.000892	-0.001977
428	0.815683	0.001184	-0.005594
429	0.821856	-0.000349	-0.006752
430	0.829186	0.000671	-0.011092
431	0.828029	0.001071	-0.006414
432	0.832465	-0.000595	-0.009742
433	0.830826	0.000350	-0.011719
434	0.832658	-0.002740	-0.011092
435	0.823013	0.000615	-0.008681
436	0.822242	0.001120	-0.008150
437	0.822338	-0.000079	-0.005449
438	0.820795	0.002467	-0.007427
439	0.825328	0.001514	-0.002218
440	0.827064	0.003826	-0.004147
441	0.830247	0.002027	-0.004581
442	0.832465	0.001631	-0.012153
443	0.833816	0.000236	-0.013262
444	0.838542	-0.000152	-0.011815
445	0.837770	0.000834	-0.008873
446	0.836516	0.000685	-0.009018
447	0.838252	0.000751	-0.004678
448	0.835841	-0.000932	-0.007620
449	0.832562	0.000455	-0.005980
450	0.838638	-0.002378	-0.005498
451	0.835938	-0.001456	-0.004726
452	0.840953	0.000113	-0.005883
453	0.841725	-0.001559	-0.005112
454	0.838349	-0.000152	-0.008102
455	0.847029	0.000885	-0.004871
456	0.845390	0.002554	-0.004919
457	0.846836	0.000920	-0.001302
458	0.844232	-0.000274	0.006318
459	0.844618	0.001583	0.003858
460	0.848476	0.002000	0.006462
461	0.847897	0.001748	0.005064
462	0.844811	0.001593	0.005401
463	0.844715	0.002286	0.000000
464	0.839120	-0.000183	0.000675
465	0.838349	-0.002321	0.000434
466	0.835552	-0.001493	-0.002701
467	0.840471	-0.000121	-0.003520
468	0.838156	0.000184	0.000434
469	0.829861	0.000792	0.000048
470	0.829475	0.001025	-0.004051
471	0.831887	0.000877	-0.004774
472	0.831983	0.001070	-0.005883
473	0.834587	-0.001989	-0.007378
474	0.830054	-0.000494	-0.012105
475	0.824653	-0.000676	-0.011863
476	0.826678	-0.001160	-0.010176
477	0.826292	-0.000549	-0.005208
478	0.827257	-0.000873	-0.008295
479	0.831211	0.000277	-0.005932
480	0.832755	-0.000258	-0.005739
481	0.834298	0.002745	-0.000675
482	0.830633	0.001771	0.005642
483	0.822145	0.002617	0.002122
484	0.824267	0.001688	0.000482
485	0.827353	-0.000303	0.000530
486	0.830440	0.002652	-0.002894
487	0.832272	0.001347	-0.002990
488	0.837867	0.000531	-0.004581
489	0.848187	0.000639	-0.007137
490	0.850502	0.002436	-0.007378
491	0.846354	0.000365	-0.007523
492	0.844522	0.001620	-0.009693
493	0.844232	0.000150	-0.007041
494	0.842014	-0.000620	-0.007620
495	0.837095	0.000226	-0.005642
496	0.838542	-0.000147	-0.003858
497	0.831501	-0.001222	-0.000820
498	0.830343	-0.000685	-0.003472
499	0.823785	0.001297	-0.000386
500	0.827353	-0.000112	0.000145
501	0.833237	-0.000008	-0.002990
502	0.832658	0.000841	-0.001688
503	0.830633	0.002452	0.000868
504	0.829958	0.001053	-0.001109
505	0.830054	-0.000509	0.004099
506	0.826389	0.001648	-0.000145
507	0.832465	-0.000227	0.001399
508	0.829861	0.001196	0.005015
509	0.825039	0.000154	0.004630
510	0.823881	-0.000875	-0.000096
511	0.822434	-0.001387	0.000386
512	0.823881	-0.000395	-0.000241
513	0.821277	-0.001020	-0.000434
514	0.824267	0.000179	0.004919
515	0.824749	0.000617	0.011574
516	0.825617	0.001379	0.005305
517	0.832562	-0.000685	-0.001206
518	0.834780	-0.000142	-0.002218
519	0.830054	0.001314	-0.001784
520	0.827353	-0.000100	0.001302
521	0.823495	0.000187	-0.003038
522	0.819830	0.000728	-0.001350
523	0.816454	-0.000435	0.000482
524	0.816454	0.000218	0.005015
525	0.819734	-0.001736	0.003906
526	0.822049	-0.000025	0.004099
527	0.821663	-0.000878	0.000000
528	0.827353	0.000240	0.003665
529	0.819059	0.000834	0.000772
530	0.826196	0.000287	-0.000579
531	0.832658	-0.002059	0.000048
532	0.834491	-0.000351	0.004147
533	0.836227	0.000486	0.003086
534	0.840567	-0.001066	0.002797
535	0.840374	-0.001521	-0.000482
536	0.831404	-0.000029	0.001206
537	0.834780	-0.000844	-0.003520
538	0.829186	-0.000241	-0.001977
539	0.829475	-0.001226	-0.002122
540	0.827450	-0.000084	-0.004340
541	0.826003	0.000925	-0.000096
542	0.832465	0.000217	-0.001495
543	0.837384	-0.000333	-0.000338
544	0.830440	0.000130	-0.002797
545	0.828125	0.002624	-0.002170
546	0.836034	0.001970	-0.004196
547	0.831694	0.000049	-0.000241
548	0.830922	0.000602	-0.002845
549	0.835938	0.000025	-0.000338
550	0.835648	0.001203	-0.000048
551	0.832176	0.001714	-0.001736
552	0.831694	0.002825	-0.003135
553	0.832658	-0.000637	0.000916
554	0.827450	0.000435	-0.005112
555	0.840085	-0.000091	-0.005498
556	0.836323	-0.002056	-0.003472
557	0.828607	0.000354	-0.003086
558	0.820409	-0.000035	-0.003665
559	0.823495	-0.000972	-0.003231
560	0.826775	-0.000070	-0.005449
561	0.817419	0.001736	-0.000627
562	0.817612	0.000737	-0.004003
563	0.815779	-0.000144	-0.003328
564	0.817998	0.001004	-0.002025
565	0.820216	0.000215	-0.003279
566	0.825135	-0.001335	-0.000820
567	0.838735	-0.002490	-0.003954
568	0.832851	-0.000967	-0.007137
569	0.834008	-0.001279	-0.004147
570	0.834491	-0.000010	-0.002894
571	0.832176	-0.000659	-0.005787
572	0.830440	0.000009	-0.005691
573	0.830247	-0.002304	-0.002894
574	0.830826	-0.000071	-0.007523
575	0.831404	-0.000620	-0.005498
576	0.819252	0.000363	-0.005449
577	0.821952	0.000682	-0.003954
578	0.824363	-0.000961	-0.003762
579	0.824171	-0.001468	-0.005498
580	0.821663	0.000067	-0.003038
581	0.823978	-0.000379	-0.001784
582	0.826871	-0.000206	-0.001495
583	0.828414	-0.001043	-0.000145
584	0.828607	-0.001604	-0.001302
585	0.831694	-0.001251	-0.004051
586	0.831694	-0.000477	-0.000627
587	0.835745	0.002056	-0.001833
588	0.835069	-0.003366	0.005112
589	0.830247	-0.001222	0.001447
590	0.831887	-0.000106	0.003954
591	0.828511	0.001671	0.005208
592	0.832176	-0.000012	0.005498
593	0.830729	-0.000165	0.010176
594	0.831308	-0.001223	0.010561
595	0.826968	-0.000601	0.008295
596	0.819348	0.001313	0.007620
597	0.823688	0.000899	0.008102
598	0.827160	0.000623	0.004003
599	0.825617	0.001563	0.002411
600	0.832465	-0.000049	0.002315
601	0.830922	-0.000792	0.004051
602	0.826968	0.002942	0.006510
603	0.829475	-0.000740	0.005980
604	0.832658	0.000372	0.005305
605	0.834491	-0.001170	0.006510
606	0.839024	-0.000494	0.003617
607	0.832948	0.000037	0.005112
608	0.832465	-0.000712	0.007186
609	0.829765	-0.003328	0.001109
610	0.827836	-0.002733	0.002556
611	0.831790	-0.000523	0.003665
612	0.824556	-0.000728	0.004340
613	0.826871	-0.000057	0.001591
614	0.826582	-0.000780	-0.000723
615	0.824074	-0.001076	-0.000289
616	0.820409	0.001032	0.003279
617	0.814815	-0.000183	0.001399
618	0.815683	-0.000160	-0.003424
619	0.819637	0.001315	0.000482
620	0.823688	0.000345	0.002074
621	0.821277	0.000070	0.004292
622	0.826678	0.002186	0.004292
623	0.826871	0.000672	0.007523
624	0.829958	-0.001642	0.001061
625	0.831019	0.000163	0.000289
626	0.834298	0.000024	0.000482
627	0.832465	0.001677	0.003713
628	0.834684	-0.002676	0.009163
629	0.831887	-0.000004	0.006462
630	0.831501	0.000398	0.003954
631	0.827257	-0.000005	0.004678
632	0.828607	-0.000073	0.006221
633	0.827257	-0.000864	0.005449
634	0.834201	-0.000879	0.000096
635	0.832272	-0.001523	0.000000
636	0.826968	0.001372	-0.000193
637	0.826775	0.000878	0.001302
638	0.822820	-0.000357	0.002363
639	0.827160	-0.002565	0.001591
640	0.826100	0.000131	0.005835
641	0.824267	-0.000999	0.006221
642	0.824942	-0.000283	0.006655
643	0.826100	0.000120	0.009645
644	0.824749	-0.000441	0.006848
645	0.825039	0.001775	0.006993
646	0.830150	-0.000788	-0.000048
647	0.833526	-0.002483	0.001206
648	0.834105	-0.003193	0.000627
649	0.826292	0.000895	-0.001254
650	0.831887	0.000332	-0.001206
651	0.833237	0.002368	-0.009018
652	0.838927	-0.000570	-0.008873
653	0.836806	0.001820	-0.012056
654	0.840664	0.000231	-0.011188
655	0.844232	-0.000279	-0.006125
656	0.839506	-0.000361	-0.004630
657	0.840181	-0.001315	-0.005401
658	0.836227	-0.000311	0.000820
659	0.832079	-0.001745	-0.000916
660	0.832369	-0.001286	0.001109
661	0.827064	-0.000641	-0.000772
662	0.829572	-0.000824	0.001447
663	0.826196	-0.001498	-0.001495
664	0.829090	0.001385	0.001109
665	0.831115	0.000770	-0.000048
666	0.830729	0.000650	-0.000579
667	0.826485	-0.000121	-0.003810
668	0.823110	0.000822	-0.001254
669	0.828029	-0.000067	-0.007186
670	0.831019	0.000953	-0.006221
671	0.828029	-0.001581	-0.002652
672	0.829861	0.000053	-0.000579
673	0.830633	-0.000017	-0.002604
674	0.834973	0.000932	-0.000723
675	0.832562	0.001650	-0.003762
676	0.830922	-0.003946	-0.000434
677	0.832465	-0.002769	0.003617
678	0.831597	-0.001364	0.005932
679	0.828414	-0.001229	-0.000916
680	0.830536	-0.000407	-0.001784
681	0.832176	0.000434	0.002170
682	0.827450	-0.001507	0.005498
683	0.831404	-0.000796	0.003472
684	0.831115	0.002252	-0.002122
685	0.833912	0.000027	-0.001157
686	0.828993	-0.000273	0.000096
687	0.830633	-0.000846	-0.001640
688	0.834201	0.000724	-0.002363
689	0.832079	0.000050	-0.002942
690	0.825907	-0.000878	-0.004003
691	0.822049	-0.001184	0.003520
692	0.826100	0.002284	0.005401
693	0.826292	0.000197	0.004967
694	0.831308	-0.000309	0.007764
695	0.829186	-0.000892	0.005642
696	0.830440	0.001385	0.006173
697	0.827353	-0.001842	0.004244
698	0.827546	0.001418	-0.002845
699	0.833044	0.002473	0.000289
700	0.831790	0.002099	-0.004003
701	0.828800	0.003016	0.000386
702	0.827064	-0.000045	0.001688
703	0.829090	-0.000848	0.000868
704	0.831308	0.000109	-0.001013
705	0.838059	0.000574	0.001447
706	0.834973	0.000342	0.002894
707	0.835841	0.001409	0.005449
708	0.835841	0.000691	0.007089
709	0.836516	0.001352	0.004581
710	0.838542	0.001416	0.002267
711	0.832272	0.001131	0.000289
712	0.833333	-0.000137	0.004437
713	0.830054	-0.001306	-0.001254
714	0.831501	0.000690	-0.001399
715	0.833333	0.000200	-0.002025
716	0.826968	0.000743	-0.000096
717	0.830247	0.002237	-0.001157
718	0.828607	0.003111	0.000820
719	0.827353	0.000837	0.000965
720	0.827932	0.001999	-0.002363
721	0.830247	0.001464	0.002267
722	0.826485	0.000282	0.000048
723	0.828511	-0.000375	0.000096
724	0.829765	0.000625	0.001302
725	0.826871	-0.000717	-0.003279
726	0.826678	0.000405	-0.003038
727	0.823110	-0.000156	-0.005449
728	0.822627	0.000334	-0.004678
729	0.828414	0.000399	-0.005112
730	0.829861	0.000633	-0.001977
731	0.825810	0.001104	-0.001495
732	0.830054	-0.001095	-0.005739
733	0.831983	0.001439	-0.002894
734	0.834973	0.001110	-0.000096
735	0.836516	0.000684	0.000916
736	0.833526	-0.000770	-0.003328
737	0.834394	-0.001708	-0.002797
738	0.830826	0.000300	-0.000145
739	0.830922	0.000186	0.001061
740	0.837963	0.001858	-0.001013
741	0.841917	0.000674	-0.001833
742	0.838638	0.000393	0.000482
743	0.846258	0.003246	0.000096
744	0.841339	-0.000367	-0.003520
745	0.842014	-0.000207	-0.004967
746	0.837867	-0.001301	-0.008922
747	0.834105	-0.001933	-0.004485
748	0.837191	0.001508	-0.004340
749	0.836516	0.003289	-0.007282
750	0.833333	-0.000068	-0.001495
751	0.831211	-0.001111	-0.001929
752	0.835262	0.002086	-0.004437
753	0.827836	0.000049	-0.008681
754	0.834298	0.000151	-0.003665
755	0.828800	-0.000571	-0.006993
756	0.830150	0.001878	-0.009066
757	0.833526	0.001578	-0.001833
758	0.830440	0.000730	-0.001013
759	0.829475	0.002927	-0.000434
760	0.826100	0.000283	-0.003328
761	0.828125	0.001018	-0.004051
762	0.829861	-0.002298	-0.003472
763	0.832658	0.000620	-0.004630
764	0.831308	-0.000469	-0.003665
765	0.832465	-0.001023	-0.004774
766	0.831115	-0.001278	-0.007378
767	0.834877	0.000371	-0.007330
768	0.832465	0.001560	-0.005691
769	0.835359	-0.004157	-0.003906
770	0.825810	-0.004104	-0.006559
771	0.826485	-0.001425	-0.010031
772	0.825424	-0.001864	-0.002556
773	0.831983	0.002897	-0.002267
774	0.831983	0.000727	0.000723
775	0.833044	-0.001239	0.001591
776	0.822820	-0.000774	0.002459
777	0.828221	0.000533	0.003038
778	0.824267	0.000998	0.001929
779	0.826292	0.000766	-0.003038
780	0.829379	-0.000707	-0.002411
781	0.833333	-0.000824	-0.002556
782	0.831501	0.001076	-0.001206
783	0.825424	-0.002641	-0.003183
784	0.828800	0.002355	-0.006269
785	0.827932	0.000841	-0.003328
786	0.831790	0.001854	-0.000241
787	0.827546	0.002105	-0.000627
788	0.827739	0.000278	-0.005208
789	0.831597	0.000974	-0.007668
790	0.832562	0.000559	-0.007282
791	0.829282	0.000076	-0.004196
792	0.823881	-0.000463	-0.006944
793	0.826582	-0.002021	-0.008922
794	0.819541	-0.002531	-0.005835
795	0.820988	0.001392	-0.002894
796	0.826968	0.001108	-0.003810
797	0.822627	0.001258	-0.001784
798	0.810764	0.000957	0.000965
799	0.815297	0.000501	-0.003086
800	0.817515	-0.000548	-0.006269
801	0.815972	0.000215	-0.005932
802	0.823978	-0.002093	-0.004967
803	0.822242	-0.000362	-0.004292
804	0.821373	-0.001768	0.000096
805	0.819927	-0.002930	-0.002267
806	0.822820	-0.000907	-0.002845
807	0.824846	-0.002880	-0.003906
808	0.826485	-0.001581	-0.003713
809	0.826485	0.000566	-0.003038
810	0.830633	-0.000540	-0.001591
811	0.827546	0.000683	-0.002122
812	0.826389	-0.000396	0.000145
813	0.825521	-0.001549	-0.001061
814	0.831404	-0.001423	-0.004871
815	0.834394	-0.001752	-0.004147
816	0.832272	-0.000013	-0.007813
817	0.833044	0.002568	-0.001591
818	0.832851	0.001455	0.001302
819	0.833044	-0.000913	0.006173
820	0.828029	-0.000446	0.003328
821	0.830343	0.000477	0.003472
822	0.826678	-0.001664	0.003665
823	0.830826	-0.000428	0.001543
824	0.827643	-0.001537	-0.002556
825	0.827450	0.000496	0.001302
826	0.829572	-0.001296	-0.001447
827	0.828897	-0.000477	-0.004196
828	0.831115	-0.001865	-0.002508
829	0.831501	-0.001531	-0.001977
830	0.831501	0.000441	0.000145
831	0.827064	0.001842	-0.005208
832	0.825424	0.001542	0.001157
833	0.825135	-0.000585	0.002508
834	0.824074	-0.000263	0.005835
835	0.822242	0.000881	0.001688
836	0.822434	0.000436	0.002845
837	0.826292	-0.000520	0.007957
838	0.825039	-0.000673	0.006318
839	0.829765	0.002852	0.002459
840	0.827353	0.000311	-0.000145
841	0.830247	0.000300	-0.001061
842	0.828125	-0.000111	-0.003328
843	0.829958	-0.000032	-0.001640
844	0.837288	0.002299	0.001061
845	0.837963	0.000994	-0.002604
846	0.836902	0.000723	-0.004389
847	0.832562	-0.000845	-0.006125
848	0.832851	-0.001192	-0.005932
849	0.838735	0.001426	-0.006076
850	0.842110	-0.001787	-0.007234
851	0.836613	-0.001528	-0.004871
852	0.834684	-0.000749	-0.003038
853	0.835552	0.000123	-0.002604
854	0.835069	-0.000302	-0.001447
855	0.837577	-0.000738	0.002459
856	0.834105	0.000036	0.000916
857	0.828511	-0.000813	0.002025
858	0.827739	0.000699	0.004292
859	0.829668	-0.002972	0.005835
860	0.825714	-0.001006	0.005642
861	0.821470	-0.001894	0.003906
862	0.827932	-0.002019	0.001399
863	0.825039	-0.000625	0.003038
864	0.830440	-0.003584	0.004244
865	0.831983	-0.002270	0.002459
866	0.833237	0.000616	0.004485
867	0.828607	-0.000993	0.004292
868	0.829861	-0.000769	0.000482
869	0.824556	-0.001587	-0.002508
870	0.817323	0.000442	0.000338
871	0.822820	-0.000026	0.001640
872	0.820698	0.000790	0.000820
873	0.829282	0.001327	-0.002508
874	0.823785	0.000896	-0.001495
875	0.821663	-0.001230	-0.002652
876	0.822145	0.000693	-0.000386
877	0.824653	-0.000600	-0.003231
878	0.820409	-0.000337	-0.003569
879	0.818480	-0.000136	-0.005883
880	0.821373	0.000796	-0.010176
881	0.826775	0.000545	-0.010658
882	0.823110	-0.001451	-0.006607
883	0.824846	-0.000453	-0.006125
884	0.830729	0.002809	-0.008005
885	0.823785	0.001094	-0.005691
886	0.833430	-0.000380	-0.006076
887	0.836034	-0.000618	-0.006125
888	0.832562	-0.001682	-0.003279
889	0.831211	-0.001366	-0.005112
890	0.835455	0.001093	-0.002315
891	0.834587	0.001793	-0.004196
892	0.836420	0.000472	-0.005787
893	0.835841	0.000623	-0.007861
894	0.826485	-0.000990	-0.005642
895	0.826775	-0.000377	-0.003183
896	0.830922	0.003597	-0.001495
897	0.830826	0.001564	0.000434
898	0.833430	0.001829	-0.002411
899	0.830150	0.000621	-0.002749
900	0.833719	0.002281	0.001833
901	0.831597	0.000605	0.001929
902	0.833816	-0.000776	0.002701
903	0.831597	-0.001459	0.001254
904	0.824556	-0.001019	0.001736
905	0.834008	0.001063	0.000530
906	0.834780	0.000598	0.001833
907	0.842400	0.000665	-0.002749
908	0.837191	0.001744	-0.002459
909	0.839892	-0.000493	-0.002170
910	0.842496	0.002642	-0.001784
911	0.844522	0.002718	-0.008005
912	0.849441	0.006281	-0.010031
913	0.853202	-0.000216	-0.005449
914	0.853877	0.004900	-0.009259
915	0.851273	0.003802	-0.007282
916	0.841532	0.004703	-0.005305
917	0.845679	0.001399	-0.005932
918	0.843075	0.003176	-0.009066
919	0.844039	0.001958	-0.007282
920	0.843461	0.000339	-0.004871
921	0.838252	-0.001573	-0.004678
922	0.830826	0.000133	-0.003424
923	0.833623	0.001380	-0.004389
924	0.835166	0.002436	-0.004774
925	0.834298	0.001565	-0.007813
926	0.831887	0.001281	-0.006318
927	0.828704	0.000594	-0.002797
928	0.828511	-0.000226	-0.002459
929	0.828993	0.000440	-0.004147
930	0.829572	0.001607	-0.005112
931	0.826775	0.001169	-0.004581
932	0.826100	0.001121	-0.003520
933	0.825907	-0.000872	-0.003424
934	0.825231	-0.000187	0.003038
935	0.822820	-0.000146	0.005160
936	0.824074	0.000366	0.003183
937	0.820216	-0.001781	0.002604
938	0.824363	0.000166	-0.000820
939	0.827160	-0.001835	-0.000820
940	0.832369	-0.000131	0.002604
941	0.834780	0.000169	0.000338
942	0.834877	-0.000080	0.003858
943	0.828221	0.000055	-0.000579
944	0.832272	0.000867	-0.001399
945	0.835359	0.000430	-0.000820
946	0.835938	0.001871	-0.000916
947	0.838252	0.001692	0.001206
948	0.828897	0.000220	0.003858
949	0.829958	-0.000909	0.005401
950	0.825231	-0.000309	0.004630
951	0.828511	0.000123	0.007330
952	0.831404	0.000735	0.005449
953	0.832465	0.001136	0.006944
954	0.834780	0.000256	0.006510
955	0.837577	0.000265	0.003762
956	0.831404	0.001243	0.002701
957	0.835262	0.000200	0.004244
958	0.839892	-0.001999	0.003954
959	0.841725	0.003102	0.001784
960	0.845293	-0.002050	0.005642
961	0.846451	-0.001873	0.003810
962	0.849826	-0.000088	0.004196
963	0.843557	-0.004832	0.001784
964	0.841242	-0.000706	0.004437
965	0.840181	0.001002	0.006076
966	0.840760	0.001477	0.006269
967	0.847319	0.002295	0.006366
968	0.845872	0.000391	0.009452
969	0.842496	-0.003131	0.008488
970	0.840085	0.002681	0.012876
971	0.844136	0.001167	0.008681
972	0.845004	0.002093	0.010368
973	0.841628	0.001212	0.008970
974	0.839603	0.000184	0.011381
975	0.841049	-0.001444	0.011236
976	0.838349	-0.000973	0.013407
977	0.840953	-0.002497	0.014516
978	0.842400	-0.000219	0.015818
979	0.836902	0.002511	0.014468
980	0.843943	0.000695	0.014178
981	0.839506	-0.001016	0.009597
982	0.846258	-0.002042	0.010513
983	0.841049	-0.000575	0.014323
984	0.844329	-0.000096	0.011478
985	0.834587	-0.003041	0.011863
986	0.830247	-0.001750	0.007716
987	0.830440	-0.000101	0.008295
988	0.832369	0.000015	0.006655
989	0.830343	0.000371	0.006655
990	0.830922	0.000246	0.010706
991	0.836516	0.001498	0.000772
992	0.832272	0.003160	-0.000096
993	0.834008	0.001272	-0.004099
994	0.837481	0.002726	-0.001591
995	0.837191	-0.000023	-0.000096
996	0.834684	0.002562	0.002170
997	0.832272	0.001174	0.001254
998	0.833237	0.000779	-0.000820
999	0.833526	-0.000276	0.001109
1000	0.836420	0.000574	-0.000723
1001	0.834105	0.001643	-0.002894
1002	0.829379	-0.000997	0.003086
1003	0.824171	-0.000025	0.001688
1004	0.822434	-0.001256	-0.004196
1005	0.817323	-0.000276	-0.006028
1006	0.815972	-0.001777	-0.005787
1007	0.816937	0.000251	-0.003858
1008	0.815008	-0.000659	-0.004630
1009	0.809896	0.000474	-0.005739
1010	0.814429	0.001375	-0.005932
1011	0.823399	0.000309	-0.004630
1012	0.823206	0.001567	-0.006318
1013	0.816744	0.001221	-0.006607
1014	0.820120	0.000900	-0.002122
1015	0.826775	0.001270	-0.003569
1016	0.823978	0.000683	-0.004774
1017	0.821759	0.001569	-0.007089
1018	0.816937	-0.000747	-0.005932
1019	0.818191	-0.000338	-0.006993
1020	0.830826	0.000834	-0.005739
1021	0.836420	0.001466	-0.006028
1022	0.832851	-0.001312	-0.005691
1023	0.830536	0.000429	-0.005883
1024	0.825714	-0.000971	-0.007475
1025	0.829475	0.000621	-0.001109
1026	0.828221	-0.001510	-0.000723
1027	0.829475	0.001927	0.001495
1028	0.825714	0.000083	0.004581
1029	0.829668	0.001693	0.004485
1030	0.836806	0.000486	0.000627
1031	0.839313	-0.000290	0.001206
1032	0.835455	0.000672	0.000386
1033	0.833719	0.000930	0.002556
1034	0.834587	0.000218	0.006221
1035	0.835938	-0.000125	0.002652
1036	0.837577	-0.000222	0.003713
1037	0.832562	-0.000323	0.000627
1038	0.828511	0.000199	0.000289
1039	0.835069	-0.001843	0.001109
1040	0.834298	0.000634	0.002170
1041	0.833237	0.001569	0.004919
1042	0.831211	0.000630	0.001543
1043	0.831115	0.000701	0.001881
1044	0.835648	0.000905	0.001061
1045	0.828704	-0.000151	0.004871
1046	0.836227	-0.000594	0.004051
1047	0.834394	0.000340	0.002894
1048	0.831308	0.000834	0.000482
1049	0.830247	0.001827	-0.000096
1050	0.829668	0.002563	-0.001013
1051	0.826100	0.001705	-0.003376
1052	0.826389	0.001738	-0.000723
1053	0.824942	0.001190	-0.004485
1054	0.828800	0.000802	-0.000386
1055	0.831211	-0.000347	-0.000916
1056	0.834201	-0.002178	-0.002363
1057	0.839603	0.000913	0.001399
1058	0.833912	-0.000648	0.002845
1059	0.836323	0.000355	0.000386
1060	0.836806	0.000718	0.002459
1061	0.833237	0.000655	0.001447
1062	0.834973	0.001277	0.005498
1063	0.833623	-0.000846	0.004437
1064	0.835552	-0.000266	0.002797
1065	0.835648	0.001228	0.003086
1066	0.831983	-0.000325	0.002122
1067	0.827546	0.000820	-0.002315
1068	0.827932	0.000126	-0.001013
1069	0.830922	0.002266	-0.002170
1070	0.826871	-0.001919	-0.005015
1071	0.822917	0.000014	-0.001881
1072	0.829765	0.000845	-0.002025
1073	0.830440	-0.000698	0.003279
1074	0.833140	-0.000346	0.005498
1075	0.829475	0.000121	0.006028
1076	0.837288	0.000194	0.004003
1077	0.837963	0.001703	0.005739
1078	0.839217	-0.000458	0.004099
1079	0.839024	-0.002191	0.002652
1080	0.846065	-0.002893	0.000868
1081	0.841146	-0.002015	0.002749
1082	0.837770	-0.002729	0.002894
1083	0.836613	-0.002390	0.004533
1084	0.842400	-0.000266	0.002025
1085	0.840567	0.001180	0.004099
1086	0.846451	-0.003024	0.003569
1087	0.844232	-0.001291	0.005980
1088	0.840953	0.001871	0.009018
1089	0.841917	-0.000500	0.006993
1090	0.840471	0.000305	0.003328
1091	0.838156	0.000042	0.003279
1092	0.835648	-0.000943	0.003617
1093	0.833237	-0.002188	0.003617
1094	0.835455	-0.000605	0.004244
1095	0.837867	0.001738	0.002363
1096	0.836323	0.000148	0.008247
1097	0.829090	-0.001127	0.005691
1098	0.820023	-0.001347	0.004726
1099	0.825039	0.000890	0.000048
1100	0.828318	-0.002321	0.003569
1101	0.823013	-0.000689	-0.000627
1102	0.828221	-0.001576	-0.001833
1103	0.828125	0.000771	-0.003328
1104	0.834394	0.001052	-0.002894
1105	0.832658	-0.001356	0.000772
1106	0.827064	0.000601	0.001061
1107	0.826582	0.000077	0.000627
1108	0.827739	0.000519	0.001495
1109	0.825039	-0.001316	0.003810
1110	0.821856	-0.000958	-0.000338
1111	0.833623	0.000664	-0.000338
1112	0.833623	0.000363	0.000096
1113	0.833719	0.001590	-0.002315
1114	0.836613	0.001612	-0.000675
1115	0.832272	0.001117	-0.000145
1116	0.842882	0.001815	0.000772
1117	0.841049	0.000536	-0.000530
1118	0.834877	-0.000090	-0.001254
1119	0.830247	-0.000324	-0.003279
1120	0.837577	-0.000357	-0.003279
1121	0.835841	0.001453	-0.002411
1122	0.836034	0.000444	0.001399
1123	0.833237	0.001070	-0.002942
1124	0.838927	0.001678	0.002459
1125	0.839217	0.002715	0.003279
1126	0.838831	0.001587	-0.000868
1127	0.840181	0.001703	-0.001640
1128	0.841628	0.002153	-0.000868
1129	0.843075	0.002909	0.002556
1130	0.843268	0.002901	-0.003183
1131	0.836516	0.002086	-0.002074
1132	0.835166	0.002701	-0.001640
1133	0.826775	0.000334	-0.000096
1134	0.826871	0.000731	-0.007861
1135	0.833333	0.001442	-0.008247
1136	0.836902	0.000754	-0.006125
1137	0.840856	0.000483	-0.008777
1138	0.839120	0.000161	-0.003231
1139	0.828607	0.001136	-0.001543
1140	0.830440	-0.001266	-0.002749
1141	0.832272	-0.000580	0.002652
1142	0.839024	0.000702	0.000579
1143	0.837191	-0.000436	-0.003086
1144	0.841146	0.000348	-0.001543
1145	0.831887	-0.001497	-0.001784
1146	0.840856	0.000270	0.000627
1147	0.845872	-0.001073	-0.000386
1148	0.848380	-0.000853	-0.005305
1149	0.845872	-0.000425	-0.003279
1150	0.841628	-0.000135	-0.004967
1151	0.832755	-0.000254	-0.008150
1152	0.836420	-0.000038	-0.011863
1153	0.839603	0.001079	-0.009163
1154	0.838349	-0.000158	-0.008247
1155	0.836130	0.000652	-0.009597
1156	0.836420	-0.000017	-0.010851
1157	0.830054	0.000859	-0.006414
1158	0.826100	0.001461	-0.005112
1159	0.834684	0.000450	0.003135
1160	0.836034	-0.001101	0.003617
1161	0.835262	-0.001423	-0.002604
1162	0.833140	0.000571	-0.002411
1163	0.829090	-0.000395	-0.004581
1164	0.832851	0.001722	-0.001109
1165	0.830536	0.000695	-0.005257
1166	0.832369	0.001836	-0.003472
1167	0.831790	0.000167	0.000579
1168	0.830536	-0.000189	-0.000820
1169	0.827353	-0.000030	-0.002604
1170	0.828607	0.001795	0.000965
1171	0.821373	-0.000224	-0.003038
1172	0.820891	0.001026	-0.000048
1173	0.826678	-0.000596	-0.000048
1174	0.838542	0.003685	0.000241
1175	0.831211	-0.000681	0.001157
1176	0.832465	-0.000259	0.006462
1177	0.829572	0.001213	0.004340
1178	0.828800	0.001291	0.006318
1179	0.826582	0.000826	0.002170
1180	0.824460	0.000190	-0.001688
1181	0.829090	-0.000626	-0.001302
1182	0.830729	0.001273	0.002990
1183	0.836034	0.000250	0.000434
1184	0.835648	0.001070	0.004244
1185	0.834394	-0.002173	0.008198
1186	0.842303	-0.002162	0.001929
1187	0.837867	-0.001499	0.002267
1188	0.838445	-0.001889	-0.003520
1189	0.837384	0.001843	-0.003810
1190	0.840856	-0.000684	0.002508
1191	0.834877	-0.000915	0.003858
1192	0.833912	0.000661	0.002894
1193	0.833044	-0.003485	-0.001254
1194	0.834298	-0.001132	-0.001254
1195	0.834201	-0.003422	0.001302
1196	0.837191	-0.000249	-0.000723
1197	0.836709	-0.001285	-0.000820
1198	0.843654	0.002344	0.001881
1199	0.845872	0.002071	0.006800
1200	0.835745	0.001586	0.002122
1201	0.836998	0.001188	0.000000
1202	0.833044	-0.000426	0.002315
1203	0.835359	0.001613	0.007861
1204	0.838542	0.001455	0.004437
1205	0.836613	-0.000361	0.006125
1206	0.836516	0.000137	0.002556
1207	0.829958	0.000120	0.000772
1208	0.832562	0.000137	-0.003810
1209	0.831308	-0.001583	-0.002845
1210	0.834491	-0.001089	-0.001013
1211	0.841242	0.000011	0.001736
1212	0.842207	0.001015	0.004871
1213	0.838927	-0.002488	0.005883
1214	0.837481	-0.002195	0.002508
1215	0.836998	-0.000654	0.002459
1216	0.833719	0.000232	0.003038
1217	0.840664	-0.000188	0.004823
1218	0.835262	-0.000401	0.010272
1219	0.835938	0.000466	0.007957
1220	0.832948	0.001001	0.006318
1221	0.834491	-0.000092	0.006510
1222	0.834973	0.001561	0.008488
1223	0.836420	-0.000240	0.001977
1224	0.837384	0.001036	0.000772
1225	0.834298	0.001224	-0.000868
1226	0.842978	-0.001002	-0.001784
1227	0.836130	0.001514	0.000916
1228	0.836420	0.000209	0.000434
1229	0.831597	-0.000421	0.003086
1230	0.829282	-0.001115	0.000386
1231	0.831308	-0.000881	-0.003617
1232	0.828125	-0.001386	0.002459
1233	0.833719	-0.000244	0.003472
1234	0.839313	-0.002183	0.003472
1235	0.834201	-0.000550	0.002990
1236	0.840760	0.002268	0.003038
1237	0.837963	0.001230	0.001302
1238	0.836709	0.001647	0.003328
1239	0.834008	-0.000700	-0.001206
1240	0.828414	0.000944	-0.002508
1241	0.832658	0.001480	-0.001929
1242	0.831983	0.000539	-0.003231
1243	0.834298	-0.000857	-0.005787
1244	0.841532	-0.001011	-0.007475
1245	0.838927	-0.002855	-0.006752
1246	0.836420	0.000051	-0.007234
1247	0.830922	-0.000100	-0.005112
1248	0.833333	-0.000256	-0.005208
1249	0.832658	0.000413	-0.004244
1250	0.826389	0.000417	-0.006173
1251	0.826968	0.000671	-0.006462
1252	0.825328	-0.000927	-0.003713
1253	0.823302	-0.001021	-0.004533
1254	0.827353	0.000839	-0.003954
1255	0.824363	0.001277	-0.000096
1256	0.829668	0.000312	-0.002170
1257	0.829861	0.001242	-0.004823
1258	0.821663	-0.001350	-0.005883
1259	0.826003	-0.000903	-0.004726
1260	0.824074	0.001605	-0.002990
1261	0.831790	-0.001298	-0.002170
1262	0.826582	-0.001980	-0.001013
1263	0.827450	-0.000008	0.001013
1264	0.823110	0.000415	0.002459
1265	0.827739	0.000380	0.001399
1266	0.827160	0.001366	0.002894
1267	0.834105	0.000378	0.000289
1268	0.833430	0.000316	0.001302
1269	0.833237	0.001012	0.002459
1270	0.832562	0.001986	0.002459
1271	0.831887	0.001707	0.001109
1272	0.832948	-0.000165	0.001399
1273	0.830343	-0.000414	0.000145
1274	0.834587	-0.001646	-0.000675
1275	0.831115	-0.000988	0.005064
1276	0.836227	-0.003844	0.005498
1277	0.831404	-0.001443	0.009934
1278	0.830826	-0.001495	0.012394
1279	0.830150	0.000805	0.013551
1280	0.825328	-0.000817	0.010610
1281	0.824942	-0.001710	0.008343
1282	0.824749	-0.000546	0.006800
1283	0.829572	0.000532	0.005546
1284	0.830440	-0.001692	0.004340
1285	0.832755	-0.000218	0.008150
1286	0.824556	-0.000039	0.007620
1287	0.832658	-0.002263	0.013117
1288	0.834105	-0.001371	0.006848
1289	0.826871	-0.000417	0.006125
1290	0.823399	-0.000034	0.004292
1291	0.834008	0.000824	0.001399
1292	0.832079	-0.000401	0.001833
1293	0.830343	0.001947	-0.000096
1294	0.827546	-0.001146	0.000048
1295	0.826678	0.000560	0.000193
1296	0.826196	0.002497	-0.001013
1297	0.819734	0.000581	-0.001977
1298	0.822531	0.001292	-0.005401
1299	0.832079	-0.000597	-0.005064
1300	0.831887	-0.000029	-0.007523
1301	0.839506	0.000152	-0.007427
1302	0.836902	-0.001725	-0.003183
1303	0.835938	-0.001400	-0.004726
1304	0.833140	-0.001738	-0.004485
1305	0.834973	-0.003099	-0.004437
1306	0.828029	-0.000566	-0.008295
1307	0.826968	0.001348	-0.010031
1308	0.832272	0.000681	-0.007716
1309	0.832176	0.000571	-0.005594
1310	0.834491	-0.000068	-0.004099
1311	0.833044	0.001469	-0.005401
1312	0.833333	0.000259	-0.005787
1313	0.838542	0.002785	-0.006462
1314	0.835841	0.000387	-0.004919
1315	0.834973	-0.000543	-0.001736
1316	0.832851	-0.001358	-0.004003
1317	0.826871	-0.000083	-0.000965
1318	0.820023	0.001571	-0.001640
1319	0.817901	0.000459	0.002652
1320	0.821277	0.000028	0.003954
1321	0.822820	-0.001404	0.002411
1322	0.827257	0.000969	0.002122
1323	0.829861	-0.000287	0.004292
1324	0.826196	-0.000582	0.001736
1325	0.828511	-0.001167	-0.003713
1326	0.825810	-0.000111	0.000096
1327	0.826485	-0.000854	0.000723
1328	0.830536	-0.000373	-0.000241
1329	0.835262	0.000032	-0.000868
1330	0.833044	0.001571	0.000096
1331	0.830150	-0.001247	-0.003279
1332	0.833237	0.001219	-0.002508
1333	0.833816	-0.000520	-0.004581
1334	0.834008	0.002169	-0.001157
1335	0.828318	0.000958	-0.002942
1336	0.830536	-0.000096	0.002556
1337	0.830440	-0.002085	-0.000193
1338	0.836130	0.001079	-0.005064
1339	0.834973	-0.001481	-0.004581
1340	0.840085	-0.001128	-0.004630
1341	0.840953	-0.000676	0.001881
1342	0.840664	0.000872	0.001688
1343	0.844618	0.000005	0.001977
1344	0.842978	-0.000428	0.004244
1345	0.841628	-0.001763	0.003424
1346	0.843846	-0.000425	0.005160
1347	0.839603	0.000948	0.007668
1348	0.834973	0.001297	0.009018
1349	0.837288	-0.003001	0.004919
1350	0.837963	-0.002034	0.004099
1351	0.839892	0.000901	0.003665
1352	0.839603	0.001480	0.004774
1353	0.842110	-0.001739	-0.000530
1354	0.838831	0.001125	0.002604
1355	0.838735	-0.001028	0.008295
1356	0.841049	0.001824	0.002797
1357	0.842303	0.001849	0.008922
1358	0.839313	-0.000757	0.007861
1359	0.837577	-0.002060	0.003665
1360	0.831694	0.000764	0.001881
1361	0.828993	0.000785	-0.002652
1362	0.835166	0.001366	-0.001640
1363	0.829186	0.000936	-0.000048
1364	0.828414	-0.000538	0.003713
1365	0.831887	-0.000112	0.000096
1366	0.829861	0.001528	-0.001784
1367	0.841532	-0.000237	0.001977
1368	0.838638	0.000379	0.003810
1369	0.833140	0.001218	0.001929
1370	0.837191	-0.000369	0.002411
1371	0.843268	-0.001043	0.006269
1372	0.843364	-0.001840	0.001543
1373	0.845100	-0.000880	0.003376
1374	0.834684	0.000318	0.003665
1375	0.834780	-0.000902	0.003424
1376	0.840181	-0.000494	-0.002074
1377	0.842014	-0.000330	0.002411
1378	0.839217	0.000784	-0.001302
1379	0.839796	-0.000199	0.002267
1380	0.837384	-0.000178	0.000868
1381	0.833430	0.000068	0.002025
1382	0.839796	-0.000380	0.003858
1383	0.838542	-0.001925	0.004051
1384	0.833719	-0.001604	-0.000338
1385	0.835938	0.001281	0.000048
1386	0.832562	-0.001039	-0.000530
1387	0.828993	-0.000032	0.001302
1388	0.833237	0.002036	0.001206
1389	0.832948	0.000627	-0.000482
1390	0.833237	0.000618	-0.000482
1391	0.828318	-0.000898	-0.000965
1392	0.832369	0.000291	-0.000820
1393	0.832272	-0.001595	-0.002556
1394	0.832851	0.000208	0.000482
1395	0.835552	-0.000275	0.001350
1396	0.835166	0.000812	0.003328
1397	0.832658	0.001456	0.003906
1398	0.826871	0.000308	0.003472
1399	0.822338	0.000304	0.001302
1400	0.829861	0.001208	0.004292
1401	0.827546	0.001047	0.004823
1402	0.822049	0.000042	0.001013
1403	0.822338	-0.000984	0.002459
1404	0.824074	0.000028	-0.000579
1405	0.832755	0.000881	0.001447
1406	0.835841	-0.002363	0.001784
1407	0.829958	-0.000788	-0.000289
1408	0.833912	-0.000885	-0.002701
1409	0.833140	-0.000647	-0.000579
1410	0.836420	-0.000590	-0.004967
1411	0.836420	-0.000134	-0.005739
1412	0.836227	0.001073	-0.005257
1413	0.837384	0.000371	-0.003665
1414	0.840374	0.003277	-0.005064
1415	0.841917	0.001488	0.000241
1416	0.835841	0.000013	-0.004919
1417	0.839120	-0.000670	-0.004147
1418	0.838831	-0.000513	-0.005932
1419	0.835069	-0.001345	-0.010272
1420	0.835552	-0.000912	-0.008343
1421	0.839988	-0.000029	-0.009693
1422	0.841821	0.000704	-0.007475
1423	0.838735	0.000777	-0.003520
1424	0.839892	0.003193	-0.001543
1425	0.836998	-0.000377	0.002556
1426	0.834491	0.000049	0.004437
1427	0.831115	-0.000208	-0.000772
1428	0.833816	0.000393	0.001302
1429	0.834491	-0.000204	0.000723
1430	0.832948	-0.000741	0.002170
1431	0.831404	-0.000398	0.003569
1432	0.831019	-0.000260	0.006173
1433	0.834008	-0.000961	0.006076
1434	0.833430	-0.001733	0.004196
1435	0.831115	-0.002455	0.003713
1436	0.828414	-0.002571	0.006318
1437	0.828221	-0.002111	0.002411
1438	0.831887	0.001163	0.002701
1439	0.829282	0.003103	0.006221
1440	0.826389	0.000421	0.001736
1441	0.826485	0.003595	0.001688
1442	0.822338	0.000005	0.000386
1443	0.825135	0.001090	-0.002122
1444	0.823978	0.000756	0.000096
1445	0.826968	0.002320	-0.000579
1446	0.827932	0.001245	0.000096
1447	0.823399	0.001691	0.002122
1448	0.821759	0.000380	-0.000627
1449	0.815394	-0.000638	-0.002218
1450	0.819059	-0.000034	-0.003520
1451	0.820988	0.001131	-0.006173
1452	0.820023	0.001049	-0.003906
1453	0.823592	-0.001737	-0.003617
1454	0.827160	-0.001641	-0.006028
1455	0.826100	-0.002338	-0.009163
1456	0.821663	-0.000656	-0.007186
1457	0.819444	-0.001324	-0.006752
1458	0.823302	-0.001384	-0.002749
1459	0.821759	-0.000789	-0.001929
1460	0.821856	-0.000639	0.000627
1461	0.815394	-0.000928	-0.001061
1462	0.817998	0.000899	-0.002218
1463	0.822049	0.001321	-0.002701
1464	0.822434	0.003006	-0.009404
1465	0.824267	0.000954	-0.008681
1466	0.830247	0.000417	-0.007620
1467	0.826775	0.000104	-0.010610
1468	0.832176	0.000530	-0.010224
1469	0.832369	0.001330	-0.013310
1470	0.827643	0.001390	-0.010899
1471	0.823785	0.000264	-0.009597
1472	0.831790	0.000360	-0.005015
1473	0.829475	-0.001421	-0.004967
1474	0.833140	0.001717	-0.006318
1475	0.830922	-0.000384	-0.005642
1476	0.832948	0.000992	-0.003424
1477	0.828704	0.001878	-0.005305
1478	0.824267	-0.000012	-0.005835
1479	0.822242	0.001555	-0.006655
1480	0.828029	-0.000163	-0.004774
1481	0.828125	-0.000455	-0.001784
1482	0.828897	-0.001897	-0.002459
1483	0.827353	-0.001200	0.000965
1484	0.826100	-0.000109	-0.000289
1485	0.826485	0.000213	-0.002218
1486	0.831211	0.000872	-0.007137
1487	0.826485	0.001826	-0.008729
1488	0.826775	-0.000126	-0.006752
1489	0.827353	0.000480	-0.006462
1490	0.831597	0.001465	-0.004196
1491	0.826100	0.001222	-0.003520
1492	0.825907	0.000579	-0.006076
1493	0.823978	0.000690	-0.008970
1494	0.828800	0.000053	-0.007764
1495	0.825521	0.000368	-0.009693
1496	0.821566	-0.001020	-0.009018
1497	0.826292	-0.002085	-0.010224
1498	0.831308	0.001328	-0.009693
1499	0.822820	-0.000740	-0.013937
1500	0.826678	-0.000010	-0.014468
1501	0.833430	-0.001277	-0.013069
1502	0.829668	-0.001272	-0.013503
1503	0.824653	-0.001116	-0.009693
1504	0.828414	-0.000695	-0.009115
1505	0.821470	-0.000236	-0.010947
1506	0.824749	-0.000296	-0.011092
1507	0.826485	-0.002172	-0.006800
1508	0.821856	0.000101	-0.009211
1509	0.826485	0.000413	-0.014178
1510	0.827546	0.001941	-0.012442
1511	0.820891	-0.001936	-0.010754
1512	0.815972	0.000054	-0.006414
1513	0.818383	0.000752	-0.008873
1514	0.810378	0.001589	-0.005498
1515	0.819734	0.001082	-0.010610
1516	0.825328	0.002869	-0.008536
1517	0.829282	0.000595	-0.007620
1518	0.826100	0.000317	-0.013455
1519	0.830150	-0.000903	-0.010320
1520	0.828800	0.000546	-0.011285
1521	0.828897	0.001626	-0.005932
1522	0.829958	-0.000712	-0.002749
1523	0.824363	0.001913	0.001061
1524	0.820120	-0.001548	-0.001736
1525	0.814140	0.000158	-0.005449
1526	0.816937	0.000691	-0.001495
1527	0.822531	0.000545	0.000193
1528	0.824556	-0.000339	-0.001254
1529	0.825039	-0.001054	-0.004196
1530	0.828704	-0.000676	-0.002363
1531	0.830729	0.001069	0.002459
1532	0.829765	0.000175	0.007089
1533	0.835648	-0.000933	0.006655
1534	0.830054	-0.001874	0.005401
1535	0.834491	0.001240	0.002363
1536	0.846547	0.000164	0.001447
1537	0.844232	-0.000640	-0.000434
1538	0.844715	-0.000800	0.002942
1539	0.842014	0.000909	-0.000241
1540	0.841917	-0.000368	0.000434
1541	0.837191	-0.000082	-0.001013
1542	0.837481	-0.001223	-0.001399
1543	0.841146	-0.000859	0.002749
1544	0.841049	-0.000631	0.002701
1545	0.844039	0.001754	0.003569
1546	0.841628	0.001323	0.001399
1547	0.842303	-0.000350	0.005208
1548	0.840181	0.001577	0.004581
1549	0.836902	0.001571	0.005546
1550	0.831404	0.001901	-0.001254
1551	0.832658	0.000182	-0.001157
1552	0.835938	0.001363	-0.000675
1553	0.842110	-0.001753	-0.002267
1554	0.852141	-0.002737	-0.005546
1555	0.849537	-0.002402	-0.005498
1556	0.839506	0.000513	-0.004823
1557	0.839988	0.001521	0.003617
1558	0.839892	0.000812	0.003231
1559	0.846933	0.001487	0.005015
1560	0.840856	-0.002477	0.001881
1561	0.838445	-0.001888	0.002604
1562	0.837770	-0.001156	0.005257
1563	0.840664	-0.000563	0.005932
1564	0.837577	-0.001087	0.002122
1565	0.839313	0.000205	0.001688
1566	0.838831	0.001835	0.001061
1567	0.846258	0.003195	-0.000675
1568	0.844715	0.000157	0.001591
1569	0.849441	-0.000366	0.000916
1570	0.846644	-0.000275	-0.001495
1571	0.847512	-0.000473	0.001399
1572	0.848090	-0.003338	0.002845
1573	0.841049	-0.000376	0.002074
1574	0.837481	-0.003276	0.002074
1575	0.836130	0.000266	-0.001929
1576	0.838638	-0.002015	0.000482
1577	0.839892	-0.002209	0.003424
1578	0.833719	-0.001204	0.002701
1579	0.838156	-0.000728	-0.000675
1580	0.835648	-0.000960	-0.000241
1581	0.832272	0.001446	0.001543
1582	0.826003	-0.000823	0.001302
1583	0.829958	0.000852	0.002652
1584	0.831115	0.001913	-0.002363
1585	0.828993	-0.000422	-0.002556
1586	0.824363	-0.000109	-0.003954
1587	0.827353	0.001666	-0.000772
1588	0.828800	-0.000138	-0.000820
1589	0.831887	-0.000160	-0.000675
1590	0.833237	0.000970	-0.001206
1591	0.831308	0.000820	-0.001206
1592	0.837577	0.000406	0.004485
1593	0.837095	-0.000431	0.001350
1594	0.831597	0.000870	-0.000965
1595	0.824846	-0.001743	-0.002170
1596	0.822531	0.000820	0.000820
1597	0.823688	-0.003352	0.001061
1598	0.822338	-0.000648	0.003810
1599	0.828607	-0.001249	-0.000386
1600	0.825714	-0.001154	0.002652
1601	0.821663	-0.001411	0.004003
1602	0.829958	0.000250	0.007716
1603	0.834684	-0.000886	0.008247
1604	0.832176	-0.001413	0.006703
1605	0.834008	-0.000110	0.005594
1606	0.833333	-0.000980	0.006269
1607	0.830729	0.000116	0.005015
1608	0.835552	-0.000373	0.009452
1609	0.838735	-0.001246	0.003472
1610	0.836130	0.001109	0.002652
1611	0.836516	0.003157	0.002025
1612	0.839120	-0.001480	0.002025
1613	0.841049	0.000185	0.005883
1614	0.838059	0.001204	0.003665
1615	0.836323	0.001656	0.002411
1616	0.832272	-0.000040	0.001736
1617	0.834587	-0.001490	0.004244
1618	0.834877	0.001022	0.004581
1619	0.833719	-0.001187	0.001350
1620	0.830922	0.001394	0.000579
1621	0.828993	-0.002651	-0.003520
1622	0.840567	0.001162	-0.006125
1623	0.839796	0.000099	-0.004292
1624	0.838735	-0.000309	-0.001929
1625	0.835166	-0.001193	-0.004630
1626	0.832755	0.000427	0.000434
1627	0.836034	0.000296	-0.000723
1628	0.836323	0.000299	-0.003665
1629	0.838156	-0.003261	-0.001881
1630	0.839988	-0.001544	-0.004437
1631	0.838059	-0.001815	-0.006655
1632	0.840085	-0.000391	-0.004774
1633	0.842207	-0.004418	-0.001447
1634	0.843461	-0.003912	0.000338
1635	0.846740	-0.003217	0.003135
1636	0.842014	-0.001299	0.002315
1637	0.838349	-0.000078	0.001543
1638	0.834201	-0.000931	-0.001109
1639	0.829379	-0.001364	-0.002170
1640	0.831019	0.000322	-0.000241
1641	0.823785	-0.001183	-0.000965
1642	0.823302	-0.000026	-0.000530
1643	0.823399	-0.002069	0.000289
1644	0.821952	-0.000389	-0.000241
1645	0.819348	-0.001836	0.001350
1646	0.821566	0.000315	-0.000482
1647	0.824653	-0.000163	-0.004244
1648	0.825424	-0.000079	-0.007137
1649	0.821759	0.000513	-0.003762
1650	0.828125	-0.000010	-0.001833
1651	0.822145	-0.001133	-0.001929
1652	0.824846	-0.000756	-0.001833
1653	0.817612	-0.000187	-0.008054
1654	0.813079	0.000450	-0.002942
1655	0.819059	0.001370	-0.006462
1656	0.827257	-0.000244	-0.004003
1657	0.830633	0.000360	-0.003231
1658	0.827160	0.000474	-0.002749
1659	0.828800	-0.000015	-0.006510
1660	0.819541	0.000344	-0.001977
1661	0.821084	-0.001443	-0.004871
1662	0.818576	-0.000641	-0.003617
1663	0.822145	-0.000063	-0.006173
1664	0.818191	0.000780	-0.004437
1665	0.822917	-0.000170	-0.000675
1666	0.821373	-0.000873	-0.003086
1667	0.819734	0.001806	-0.002749
1668	0.820602	0.000792	-0.003713
1669	0.821952	0.000114	-0.004726
1670	0.818191	-0.000545	-0.001157
1671	0.824846	-0.000811	0.002604
1672	0.814043	0.001031	-0.001109
1673	0.817901	-0.000161	0.003376
1674	0.819348	0.000797	-0.002652
1675	0.820120	-0.000248	-0.001350
1676	0.820313	-0.000816	-0.003472
1677	0.820698	-0.000254	-0.004630
1678	0.821470	-0.000616	-0.004823
1679	0.824749	-0.000024	-0.006800
1680	0.821952	-0.000559	-0.004292
1681	0.823881	-0.000273	-0.006559
1682	0.820505	0.000416	-0.009259
1683	0.817998	0.000163	-0.004774
1684	0.822338	0.000004	-0.007330
1685	0.826100	-0.001116	-0.006076
1686	0.826003	0.000201	-0.001688
1687	0.823399	0.000968	-0.004919
1688	0.825810	0.000897	-0.003279
1689	0.824556	0.000042	-0.001061
1690	0.823399	-0.000159	0.000965
1691	0.830826	0.000633	-0.000965
1692	0.833719	0.001516	0.000482
1693	0.835069	-0.000092	-0.000241
1694	0.825521	-0.001345	0.001013
1695	0.824074	0.000246	0.003279
1696	0.828221	0.000053	0.002074
1697	0.828800	0.000266	0.003665
1698	0.824267	0.001190	0.002025
1699	0.825424	0.001337	0.007378
1700	0.827450	0.000595	0.004292
1701	0.833333	-0.000323	0.004099
1702	0.833044	0.000540	0.004726
1703	0.832851	0.001528	0.008054
1704	0.834201	-0.000746	0.004967
1705	0.826968	0.001055	0.006944
1706	0.829090	0.000251	0.004437
1707	0.827257	0.002863	0.005305
1708	0.835262	0.000895	0.003279
1709	0.832562	-0.001421	0.003762
1710	0.834877	0.000195	0.003086
1711	0.831790	0.002012	0.000579
1712	0.837481	0.002080	0.004485
1713	0.832465	-0.000223	0.004196
1714	0.834780	-0.002565	0.004967
1715	0.830440	-0.000974	0.006076
1716	0.822049	0.001532	0.006993
1717	0.825617	0.000304	0.006028
1718	0.824653	0.000928	0.005498
1719	0.830054	-0.001966	0.002701
1720	0.829765	0.000915	0.003038
1721	0.827064	-0.000815	0.000916
1722	0.827257	-0.000774	0.004244
1723	0.834298	0.002658	0.002074
1724	0.828221	0.002185	0.002556
1725	0.833912	0.001054	0.003424
1726	0.834201	0.000479	0.003472
1727	0.831115	-0.001272	0.010465
1728	0.829765	0.001089	0.005932
1729	0.828800	-0.000091	0.004871
1730	0.822145	0.000006	0.003424
1731	0.817323	0.000716	0.001640
1732	0.817805	0.001682	-0.004051
1733	0.821856	0.001557	0.003183
1734	0.820120	0.000132	-0.001109
1735	0.826775	-0.000348	-0.000386
1736	0.831887	0.002043	-0.000434
1737	0.832465	0.001915	-0.000386
1738	0.834394	0.001915	0.000675
1739	0.837095	0.000296	-0.002894
1740	0.834684	-0.000893	-0.004340
1741	0.836806	-0.001144	-0.002604
1742	0.835069	-0.000086	0.001399
1743	0.832658	0.000063	0.001833
1744	0.834008	-0.002121	0.001688
1745	0.834877	0.002385	-0.000193
1746	0.826389	0.000243	0.002942
1747	0.826871	0.000238	0.004774
1748	0.825714	0.002182	0.000193
1749	0.826292	0.000012	-0.004196
1750	0.827160	-0.000370	-0.001833
1751	0.826582	-0.001888	0.000289
1752	0.830343	0.001098	0.001399
1753	0.825810	0.000931	-0.004003
1754	0.826485	0.000098	-0.006028
1755	0.824074	0.000224	-0.004533
1756	0.826389	0.001009	-0.006269
1757	0.826100	-0.001998	-0.003954
1758	0.825617	-0.001823	-0.000627
1759	0.824267	0.002056	-0.000241
1760	0.821663	0.000793	0.001447
1761	0.818287	0.001392	0.003424
1762	0.830054	0.000517	0.001206
1763	0.827064	0.001435	0.002267
1764	0.824846	0.000401	-0.001447
1765	0.818094	0.000811	0.001061
1766	0.822724	0.000527	0.006318
1767	0.824653	-0.002713	0.004485
1768	0.825617	-0.002229	0.002170
1769	0.825231	-0.002305	0.002459
1770	0.818480	-0.000703	-0.001688
1771	0.820313	-0.000215	-0.002701
1772	0.821759	-0.000598	-0.007764
1773	0.820505	-0.000336	-0.002749
1774	0.822917	0.000240	-0.003231
1775	0.825810	0.000453	-0.001157
1776	0.821663	0.000634	0.000048
1777	0.824749	0.001477	0.000530
1778	0.828125	0.001787	0.000145
1779	0.824942	0.001795	0.000193
1780	0.824653	0.001667	0.004099
1781	0.827160	0.000263	0.000579
1782	0.826003	0.000368	0.000000
1783	0.832176	-0.000581	-0.001254
1784	0.831790	-0.001349	0.003038
1785	0.826292	0.001246	-0.001350
1786	0.822434	-0.001599	-0.000820
1787	0.824363	-0.001645	-0.005208
1788	0.823013	-0.002527	-0.002170
1789	0.827546	0.000027	-0.002894
1790	0.825424	-0.000606	-0.005015
1791	0.818769	-0.001421	-0.003328
1792	0.828607	-0.000722	-0.005401
1793	0.825231	0.001932	-0.008777
1794	0.826196	-0.000405	-0.006800
1795	0.825714	0.000343	-0.009066
1796	0.825617	0.000041	-0.010851
1797	0.825424	-0.000009	-0.001736
1798	0.816744	-0.001267	0.000772
1799	0.821084	0.000060	0.005305
1800	0.822917	-0.000636	0.004823
1801	0.825039	0.000615	0.000241
1802	0.822724	-0.000395	0.000772
1803	0.821084	0.000331	0.007378
1804	0.819927	0.000032	0.003665
1805	0.824363	0.000682	0.003617
1806	0.828704	0.003274	0.000434
1807	0.828993	0.000584	-0.000868
1808	0.825714	0.000152	0.002652
1809	0.829379	0.000549	0.002701
1810	0.832079	0.001068	0.006076
1811	0.823688	0.000276	0.004147
1812	0.823110	-0.000628	0.000048
1813	0.824942	-0.001103	-0.001591
1814	0.830633	-0.001179	-0.002990
1815	0.826582	-0.001689	-0.001495
1816	0.828318	-0.001205	-0.002267
1817	0.832272	0.000543	-0.006028
1818	0.834877	-0.001450	0.001206
1819	0.835938	0.000771	-0.002170
1820	0.839024	0.000801	-0.002701
1821	0.836806	0.003459	-0.001157
1822	0.835455	0.000667	0.000916
1823	0.834973	0.001869	-0.000289
1824	0.830922	0.001970	-0.005208
1825	0.832272	0.002299	-0.006221
1826	0.833526	0.002420	-0.004147
1827	0.831308	0.001365	-0.008488
1828	0.823881	-0.001238	-0.005401
1829	0.827932	-0.000423	-0.003183
1830	0.822627	-0.001492	-0.002797
1831	0.813272	-0.001841	0.001929
1832	0.810475	-0.001249	0.001206
1833	0.813175	-0.000162	0.001736
1834	0.819348	-0.000875	0.005015
1835	0.825039	0.000916	0.002701
1836	0.826196	0.000376	0.005305
1837	0.827064	-0.000132	0.000482
1838	0.827932	-0.000372	-0.002074
1839	0.832562	0.000167	-0.002797
1840	0.822917	-0.000206	-0.000482
1841	0.823785	-0.000818	-0.004244
1842	0.821952	-0.001388	-0.001109
1843	0.827546	-0.001248	0.000241
1844	0.827932	-0.001433	-0.004967
1845	0.824749	-0.001100	-0.003762
1846	0.826775	-0.000838	-0.000916
1847	0.824363	0.002312	0.001688
1848	0.832176	-0.000112	0.003183
1849	0.833816	-0.000673	0.001833
1850	0.834780	-0.002307	0.004437
1851	0.840664	-0.002453	0.008343
1852	0.842882	0.002420	0.007475
1853	0.835745	0.002786	0.006510
1854	0.835262	0.001079	0.005401
1855	0.841242	0.002456	0.006800
1856	0.840085	-0.000659	0.002749
1857	0.841628	0.001105	-0.002990
1858	0.843943	0.001874	-0.002074
1859	0.833430	0.002089	-0.002074
1860	0.836998	0.002830	-0.000965
1861	0.836130	-0.000886	0.003665
1862	0.834973	0.000687	0.000145
1863	0.841532	-0.000389	-0.003858
1864	0.840278	-0.002741	-0.005883
1865	0.832369	-0.001479	-0.007764
1866	0.837095	-0.000659	-0.006559
1867	0.835841	-0.001306	-0.007716
1868	0.838831	0.001139	-0.011767
1869	0.839120	-0.000030	-0.011333
1870	0.827836	-0.000276	-0.012249
1871	0.831887	0.002676	-0.008873
1872	0.831404	0.002501	-0.004485
1873	0.833237	-0.001261	-0.010079
1874	0.831694	-0.001822	-0.005883
1875	0.833044	-0.002768	-0.000193
1876	0.832562	-0.001267	-0.002652
1877	0.839506	-0.002569	0.001591
1878	0.836998	-0.001310	0.003038
1879	0.838445	0.000179	-0.000241
1880	0.837095	0.001149	0.000338
1881	0.829379	-0.000909	0.001061
1882	0.827353	0.000055	0.003858
1883	0.835069	-0.001806	0.003665
1884	0.839120	-0.000603	0.005787
1885	0.839410	-0.001031	0.004630
1886	0.835938	-0.000917	0.006655
1887	0.836130	-0.001945	0.007089
1888	0.840856	-0.002523	0.004871
1889	0.848380	-0.001332	0.003569
1890	0.845968	-0.002765	0.000868
1891	0.844715	-0.002317	0.000820
1892	0.851563	-0.001702	0.003086
1893	0.849344	-0.002979	0.004196
1894	0.853202	-0.004647	0.009549
1895	0.854070	-0.002554	0.003424
1896	0.849441	-0.002900	0.003231
1897	0.843846	-0.000083	0.005642
1898	0.847029	0.000174	0.007475
1899	0.852816	0.001670	0.004244
1900	0.848187	0.002739	0.004437
1901	0.839120	0.002842	0.004244
1902	0.841435	-0.001207	0.005064
1903	0.836420	-0.000217	0.006703
1904	0.840953	-0.000962	0.006559
1905	0.838542	0.000496	0.001157
1906	0.833912	-0.001576	0.000723
1907	0.834491	-0.001753	-0.001881
1908	0.834877	0.000649	-0.005015
1909	0.833623	0.002188	-0.002170
1910	0.835745	0.000135	-0.005546
1911	0.835069	-0.000120	-0.005691
1912	0.832369	0.001789	0.000723
1913	0.827450	0.000358	-0.006269
1914	0.828318	0.002348	-0.002942
1915	0.837481	0.001638	-0.001495
1916	0.829765	0.000549	-0.002411
1917	0.829861	0.000876	-0.004630
1918	0.827160	0.000127	-0.004774
1919	0.832079	0.000721	-0.008198
1920	0.827643	0.000881	-0.008488
1921	0.833526	0.000128	-0.008873
1922	0.831115	-0.000254	-0.011333
1923	0.835359	0.000249	-0.008873
1924	0.832079	-0.001935	-0.007716
1925	0.833816	-0.001508	-0.005112
1926	0.833719	-0.000229	-0.004533
1927	0.829765	-0.000337	-0.004967
1928	0.830343	-0.002161	-0.005787
1929	0.824074	0.001105	-0.005064
1930	0.826003	-0.000227	-0.008777
1931	0.831694	-0.001650	-0.005932
1932	0.829861	-0.000431	-0.008439
1933	0.833719	-0.000167	-0.008295
1934	0.834684	0.000493	-0.006848
1935	0.836709	-0.000415	-0.008102
1936	0.837481	-0.003828	-0.005160
1937	0.838252	-0.002336	-0.008632
1938	0.835262	-0.002825	-0.008391
1939	0.834973	-0.000751	-0.004630
1940	0.832176	-0.000667	-0.003665
1941	0.829475	0.000301	-0.001109
1942	0.834105	-0.000580	-0.003520
1943	0.832272	0.000017	-0.002990
1944	0.833816	-0.000326	0.002894
1945	0.835166	-0.001451	-0.001254
1946	0.838542	-0.001064	-0.001061
1947	0.838927	-0.000598	0.001399
1948	0.832948	0.000982	-0.000386
1949	0.837770	0.002221	-0.000627
1950	0.837384	0.000329	0.006269
1951	0.837674	-0.000288	0.007282
1952	0.832176	-0.001545	0.003376
1953	0.828897	-0.000492	-0.002990
1954	0.829090	-0.000470	0.002797
1955	0.823013	0.001769	-0.000868
1956	0.828704	0.001688	0.002894
1957	0.823978	0.000907	0.002267
1958	0.820409	0.000211	0.004051
1959	0.826775	0.000383	0.004340
1960	0.821470	0.000784	0.005932
1961	0.821373	0.001885	0.004244
1962	0.821856	0.001834	0.007282
1963	0.824653	0.001703	0.005691
1964	0.831983	-0.000603	0.006462
1965	0.839313	0.001366	0.004147
1966	0.837288	-0.000121	0.005642
1967	0.836227	-0.000028	0.002170
1968	0.835552	0.002020	0.000916
1969	0.830826	0.002495	0.003472
1970	0.835069	0.000926	0.003665
1971	0.834298	0.002915	0.002459
1972	0.837770	0.002622	0.000241
1973	0.836227	0.000538	-0.001013
1974	0.839603	-0.000634	-0.001591
1975	0.843075	-0.001543	-0.000868
1976	0.837288	-0.002310	0.000579
1977	0.839313	-0.001664	0.000289
1978	0.841146	-0.002226	-0.000530
1979	0.841242	0.001430	-0.000965
1980	0.848090	-0.002465	0.001013
1981	0.844522	0.000403	-0.000723
1982	0.838349	0.001294	0.002749
1983	0.842496	-0.000458	-0.001977
1984	0.841628	-0.002424	-0.001447
1985	0.839024	-0.000139	-0.003424
1986	0.842689	0.000059	-0.002942
1987	0.838252	0.000270	-0.003906
1988	0.834201	-0.001653	-0.001833
1989	0.837095	-0.002802	-0.004823
1990	0.835938	-0.000879	-0.004823
1991	0.840567	0.000065	-0.003038
1992	0.831983	0.000914	-0.003328
1993	0.837095	-0.000436	-0.000675
1994	0.837095	0.000342	-0.002170
1995	0.833623	-0.000871	0.001543
1996	0.839410	-0.001330	0.003135
1997	0.833237	0.000578	0.002411
1998	0.828704	-0.001638	0.003472
1999	0.833237	0.000485	0.007041
2000	0.834008	0.000400	0.008102
2001	0.833526	-0.001740	0.007137
2002	0.828607	-0.000200	0.006752
2003	0.825617	-0.001391	0.009356
2004	0.825328	0.000261	0.008922
2005	0.821759	0.000767	0.005160
2006	0.822724	-0.001106	0.001302
2007	0.816551	0.000411	0.002990
2008	0.816551	-0.000531	0.001543
2009	0.821952	-0.000487	-0.000916
2010	0.824267	-0.000808	-0.000916
2011	0.820120	0.000645	-0.001784
2012	0.827739	-0.000895	0.000868
2013	0.829572	-0.000106	0.001929
2014	0.833237	0.001869	-0.003713
2015	0.837191	0.001353	-0.002025
2016	0.828993	-0.001077	-0.002652
2017	0.833044	-0.000505	-0.000096
2018	0.834684	-0.000646	0.000723
2019	0.838542	-0.003919	-0.000723
2020	0.838349	-0.001416	0.002170
2021	0.826100	0.000154	-0.004726
2022	0.827739	-0.001596	-0.002459
2023	0.827643	-0.000477	-0.002170
2024	0.832465	-0.002430	-0.002267
2025	0.833333	0.000142	-0.002315
2026	0.836709	0.001030	-0.000096
2027	0.836998	0.000472	0.001254
2028	0.835938	0.000657	0.002845
2029	0.836709	0.001127	-0.001254
2030	0.828993	-0.001904	0.003328
2031	0.828414	-0.001255	0.002267
2032	0.823881	0.000323	0.002556
2033	0.821373	0.000494	0.002170
2034	0.829186	-0.000332	-0.002122
2035	0.834973	0.000992	-0.003135
2036	0.830343	-0.000702	-0.004389
2037	0.832176	0.000428	-0.003617
2038	0.841628	-0.001593	-0.002363
2039	0.838059	-0.001214	-0.002459
2040	0.839024	-0.000775	-0.002990
2041	0.837288	0.000967	0.000289
2042	0.840471	-0.001783	-0.000241
2043	0.839892	0.000970	-0.001591
2044	0.834491	0.001290	-0.002074
2045	0.829572	0.000991	-0.002652
2046	0.833816	0.000547	-0.001157
2047	0.840181	-0.001537	-0.000145
2048	0.837191	0.001398	0.000096
2049	0.847029	0.002777	0.000723
2050	0.842882	0.000199	-0.002942
2051	0.842689	0.000275	-0.000096
2052	0.843075	-0.001278	-0.000579
2053	0.840856	-0.001455	0.001157
2054	0.835069	-0.002011	0.002218
2055	0.831308	-0.001139	0.003810
2056	0.829572	-0.001801	0.002604
2057	0.830922	-0.001500	-0.002556
2058	0.833237	0.001007	-0.004099
2059	0.831597	0.000119	-0.002315
2060	0.832948	0.000719	-0.001736
2061	0.835262	0.002228	-0.004485
2062	0.845100	0.002885	-0.003520
2063	0.845004	0.002831	-0.000145
2064	0.840278	-0.000017	0.002459
2065	0.838445	-0.000882	-0.003279
2066	0.844039	-0.000934	-0.003762
2067	0.841532	0.001282	-0.000482
2068	0.843654	-0.000033	0.000530
2069	0.839120	0.001541	0.001157
2070	0.838349	0.000415	0.002459
2071	0.841146	0.001288	-0.001591
2072	0.844618	0.002425	-0.000530
2073	0.844136	-0.001228	-0.001833
2074	0.835552	0.001166	-0.000289
2075	0.830247	0.000837	-0.000048
2076	0.829282	0.002063	-0.001399
2077	0.841146	0.000090	-0.002459
2078	0.841339	0.002831	-0.000048
2079	0.836323	0.000088	0.001302
2080	0.839603	0.000812	-0.003617
2081	0.841146	0.003512	-0.000627
2082	0.836613	0.003926	0.002170
2083	0.836998	0.003416	0.002267
2084	0.826678	0.002195	0.002122
2085	0.835069	-0.000597	0.000772
2086	0.831790	0.000676	0.001495
2087	0.829861	0.000405	-0.000675
2088	0.831308	0.000746	-0.006269
2089	0.828897	-0.001725	-0.005449
2090	0.828029	-0.002105	-0.005208
2091	0.829282	0.000135	-0.000193
2092	0.832948	0.000901	0.001013
2093	0.837481	-0.002144	0.000000
2094	0.838252	-0.002300	0.000820
2095	0.841532	-0.003020	-0.001350
2096	0.842496	-0.002241	-0.003183
2097	0.841435	-0.002359	-0.002942
2098	0.833140	-0.000208	-0.006703
2099	0.824942	-0.002439	-0.007041
2100	0.820313	-0.000565	-0.002411
2101	0.823206	0.000723	-0.003328
2102	0.821373	0.000551	-0.004389
2103	0.822145	-0.000026	-0.003569
2104	0.823688	-0.000909	-0.001495
2105	0.823399	0.000301	-0.001254
2106	0.828704	-0.000950	-0.000772
2107	0.826485	0.000697	0.002942
2108	0.824749	-0.000101	0.003665
2109	0.821566	0.002675	0.003569
2110	0.821952	0.000858	0.004726
2111	0.827353	0.002917	0.003086
2112	0.819348	0.001908	0.006028
2113	0.817708	0.000477	0.002267
2114	0.817033	0.000519	0.000482
2115	0.824749	0.001096	0.002652
2116	0.827739	0.000239	0.002074
2117	0.831211	-0.001116	0.001833
2118	0.830247	0.000153	0.001206
2119	0.830729	0.000889	0.004967
2120	0.833623	0.003871	0.009259
2121	0.831115	0.001960	0.011526
2122	0.823302	0.001170	0.010224
2123	0.825810	-0.000080	0.009018
2124	0.833140	-0.000633	0.007089
2125	0.831597	0.000691	0.009163
2126	0.836902	0.001136	0.008584
2127	0.828125	0.000153	0.009259
2128	0.826871	-0.001697	0.013841
2129	0.826968	0.000971	0.007282
2130	0.829765	0.000054	0.005015
2131	0.834491	0.001188	0.009163
2132	0.830536	0.002113	0.009886
2133	0.829282	0.000466	0.014612
2134	0.825328	0.001484	0.006510
2135	0.826871	0.000959	0.002459
2136	0.830150	0.000466	0.004196
2137	0.828897	-0.000032	0.004389
2138	0.835359	-0.001370	0.006752
2139	0.833623	-0.000217	-0.000675
2140	0.829668	0.001292	0.000434
2141	0.831790	0.001232	-0.000289
2142	0.826968	-0.002408	-0.002508
2143	0.819734	-0.000977	-0.003520
2144	0.822917	-0.001104	-0.004292
2145	0.820698	-0.002990	-0.003665
2146	0.818191	0.001212	-0.003520
2147	0.819252	-0.001982	-0.004244
2148	0.816937	-0.001562	-0.002170
2149	0.819155	-0.000469	-0.004678
2150	0.817805	0.000456	-0.002315
2151	0.822338	0.001153	-0.004919
2152	0.822820	0.000153	0.001688
2153	0.824846	0.000433	0.001881
2154	0.834587	-0.000263	0.002990
2155	0.832948	-0.000320	0.006028
2156	0.833912	-0.000436	0.006993
2157	0.828897	0.000435	0.003472
2158	0.829861	-0.002212	0.005932
2159	0.827064	-0.000873	0.002122
2160	0.831308	0.000818	0.004196
2161	0.831115	0.001267	0.003135
2162	0.829090	0.000411	0.004147
2163	0.835938	0.001473	0.004292
2164	0.829861	-0.000361	0.005449
2165	0.831115	-0.000052	0.003569
2166	0.835069	0.000208	0.004581
2167	0.832272	0.001034	0.003086
2168	0.829958	0.001824	0.006462
2169	0.831211	0.000120	0.001929
2170	0.829475	0.001082	0.001929
2171	0.829475	-0.001046	0.005498
2172	0.826968	-0.000499	0.004485
2173	0.824074	0.002295	0.003569
2174	0.826389	-0.001020	0.004967
2175	0.830054	-0.000316	0.000482
2176	0.826968	0.000334	0.003328
2177	0.825039	-0.000304	0.006752
2178	0.820505	0.000286	0.007089
2179	0.822820	0.000161	0.006125
2180	0.827353	-0.000020	0.001977
2181	0.822434	-0.000685	0.001977
2182	0.825135	0.001091	0.001640
2183	0.827546	-0.001548	0.000482
2184	0.829861	-0.000346	0.003617
2185	0.829861	-0.001197	0.005160
2186	0.827546	0.000301	0.005064
2187	0.831211	-0.000983	0.002218
2188	0.832176	-0.000224	0.004196
2189	0.830150	-0.001567	0.001929
2190	0.831983	-0.000800	0.001157
2191	0.836516	-0.001584	0.002556
2192	0.835166	-0.000043	0.004823
2193	0.834008	-0.000525	0.000241
2194	0.830729	-0.000376	0.003472
2195	0.827064	0.000929	0.004437
2196	0.828993	0.001652	0.004871
2197	0.824653	0.000111	0.001688
2198	0.827643	0.002287	-0.001784
2199	0.832369	0.002788	0.007475
2200	0.832369	0.002876	0.006221
2201	0.834008	0.001003	0.002749
2202	0.824267	-0.001206	0.004003
2203	0.820216	0.000192	0.000289
2204	0.827064	0.000131	0.001254
2205	0.827643	-0.000473	0.000289
2206	0.830440	-0.000448	-0.001302
2207	0.829861	0.000506	-0.001784
2208	0.823110	0.000487	-0.001109
2209	0.826196	0.000783	0.000000
2210	0.829282	0.000803	0.000096
2211	0.832851	-0.000135	-0.000579
2212	0.829090	0.001863	-0.002845
2213	0.827739	0.000525	0.000338
2214	0.823881	0.000094	0.000965
2215	0.828318	0.001241	0.002604
2216	0.827836	0.000890	0.002315
2217	0.839410	-0.000824	0.004389
2218	0.836709	-0.001221	0.008054
2219	0.831887	0.000408	0.007089
2220	0.831983	-0.000574	0.013696
2221	0.825135	-0.000991	0.010947
2222	0.831019	-0.000239	0.008825
2223	0.822627	0.001333	0.006800
2224	0.827450	0.000957	0.006848
2225	0.830150	0.001342	0.008102
2226	0.831983	-0.000339	0.008584
2227	0.824653	-0.001205	0.009693
2228	0.823881	0.000820	0.006559
2229	0.820698	0.001157	0.009211
2230	0.826292	-0.000445	0.011719
2231	0.824556	-0.001907	0.009645
2232	0.823592	0.001195	0.014226
2233	0.818962	-0.002015	0.010513
2234	0.819541	-0.000469	0.007620
2235	0.818673	-0.000495	0.010802
2236	0.821759	-0.001182	0.004485
2237	0.826968	0.000548	0.008584
2238	0.823592	-0.000719	0.009307
2239	0.824171	-0.000106	0.005498
2240	0.819830	-0.001133	0.007716
2241	0.825231	0.001440	0.003954
2242	0.823013	0.000593	0.001013
2243	0.825135	0.000093	0.000096
2244	0.823206	-0.001475	0.001399
2245	0.821759	0.000401	0.003713
2246	0.818576	-0.000430	0.004485
2247	0.825135	-0.000277	0.008536
2248	0.827353	-0.000639	0.008054
2249	0.825328	-0.000529	0.009838
2250	0.820988	-0.000593	0.009404
2251	0.823399	-0.000235	0.007282
2252	0.825907	-0.000710	0.005642
2253	0.826003	-0.002610	0.009066
2254	0.830633	-0.000308	0.008198
2255	0.834394	-0.000072	0.011044
2256	0.835648	-0.001180	0.009549
2257	0.838831	0.004068	0.010127
2258	0.839796	-0.000752	0.013214
2259	0.840181	-0.003669	0.011188
2260	0.840567	-0.001976	0.008488
2261	0.835069	-0.002052	0.015046
2262	0.831694	0.000748	0.013792
2263	0.830054	0.000437	0.009500
2264	0.836130	-0.000931	0.008005
2265	0.837770	-0.000322	0.011333
2266	0.841049	-0.002669	0.011140
2267	0.838059	0.002753	0.007186
2268	0.832658	-0.001667	0.005015
2269	0.832851	0.001281	0.005498
2270	0.832176	0.002601	0.007186
2271	0.838735	-0.000168	0.008777
2272	0.839120	0.000456	0.007861
2273	0.834491	0.001371	0.010513
2274	0.833816	0.000166	0.008922
2275	0.834201	0.000490	0.010127
2276	0.828897	0.000308	0.008729
2277	0.830729	0.000099	0.007716
2278	0.839796	-0.002398	0.010176
2279	0.833816	-0.000253	0.008632
2280	0.833044	0.000388	0.010706
2281	0.833623	0.000294	0.009452
2282	0.833623	-0.002717	0.007137
2283	0.831790	-0.001603	0.006703
2284	0.833333	-0.002194	0.006462
2285	0.830826	0.002893	0.005594
2286	0.829861	0.003709	0.004292
2287	0.828704	0.001855	0.004726
2288	0.825328	0.002058	0.003279
2289	0.826389	0.002302	0.001206
2290	0.830343	-0.000675	0.002556
2291	0.832851	0.002686	-0.000627
2292	0.832369	0.001394	0.002459
2293	0.834008	0.001605	-0.000193
2294	0.837481	0.000686	0.001254
2295	0.838059	0.000786	0.002990
2296	0.837963	0.000507	0.001833
2297	0.837867	0.000210	-0.000820
2298	0.837288	-0.000103	-0.002652
2299	0.835552	-0.001493	-0.004871
2300	0.840278	0.000159	-0.007234
2301	0.845583	0.002619	-0.001157
2302	0.845197	0.000166	0.000482
2303	0.840664	-0.001114	0.000627
2304	0.834587	0.000170	-0.002749
2305	0.838059	-0.000697	-0.004099
2306	0.841242	0.000221	-0.002652
2307	0.838542	0.000329	-0.000675
2308	0.838445	-0.000934	-0.000723
2309	0.838542	-0.000072	-0.005208
2310	0.831694	-0.000094	-0.009452
2311	0.831211	-0.000129	-0.006800
2312	0.829861	0.001385	-0.008054
2313	0.834201	-0.001355	-0.003231
2314	0.826389	-0.000742	-0.004630
2315	0.832755	-0.001209	-0.005208
2316	0.826485	-0.000504	-0.007813
2317	0.830729	-0.001883	-0.004051
2318	0.834008	0.001887	-0.005739
2319	0.828414	-0.000704	-0.003954
2320	0.836998	-0.001512	0.000675
2321	0.833526	-0.003777	-0.000096
2322	0.826582	-0.003469	0.001109
2323	0.831790	-0.001188	0.000772
2324	0.832079	0.001637	0.000145
2325	0.839120	-0.001816	-0.000145
2326	0.837963	0.001711	-0.001784
2327	0.837481	0.000330	-0.001881
2328	0.837481	0.000166	-0.005353
2329	0.836420	0.000951	-0.005449
2330	0.836323	0.000588	-0.006510
2331	0.833816	0.001174	-0.007137
2332	0.835455	0.000188	-0.010079
2333	0.834008	0.000100	-0.009115
2334	0.832465	-0.000090	-0.011044
2335	0.831694	0.000289	-0.011381
2336	0.831597	-0.002311	-0.007620
2337	0.824267	-0.001832	-0.010610
2338	0.823206	-0.001590	-0.007378
2339	0.824653	-0.002251	-0.006221
2340	0.819444	-0.001999	-0.002459
2341	0.823399	-0.001612	-0.003906
2342	0.825328	-0.001824	-0.004581
2343	0.830150	0.000472	-0.003858
2344	0.830536	0.000694	-0.003520
2345	0.831019	-0.002054	-0.003665
2346	0.828221	-0.001928	-0.001543
2347	0.828511	0.002210	-0.003569
2348	0.831308	0.000431	-0.002025
2349	0.832079	-0.000425	-0.003086
2350	0.835359	0.001491	0.000627
2351	0.829668	-0.002027	0.001929
2352	0.834201	0.000013	0.000916
2353	0.832948	0.001751	0.001929
2354	0.837288	-0.001234	0.005787
2355	0.836806	-0.001253	0.002508
2356	0.835455	0.001355	0.003328
2357	0.834587	0.000238	0.002315
2358	0.829090	0.001854	0.003086
2359	0.834201	0.001399	0.002990
2360	0.833912	0.000770	0.000482
2361	0.831983	-0.000746	0.000579
2362	0.831790	0.000023	0.002604
2363	0.833430	-0.002142	-0.000530
2364	0.836034	-0.000422	-0.001495
2365	0.837384	0.000852	-0.008102
2366	0.835841	0.000042	-0.005208
2367	0.834008	0.004287	-0.007571
2368	0.829572	0.003906	-0.005739
2369	0.828318	0.001668	-0.006125
2370	0.831211	0.000155	-0.009307
2371	0.833333	0.003093	-0.008054
2372	0.837481	0.002895	-0.008005
2373	0.826678	0.000294	-0.012008
2374	0.833623	0.001487	-0.007475
2375	0.828221	-0.001028	-0.007861
2376	0.825328	0.000248	-0.009790
2377	0.825617	-0.000112	-0.009115
2378	0.826582	-0.001465	-0.010706
2379	0.826292	-0.000762	-0.007330
2380	0.823495	-0.000882	-0.004871
2381	0.823688	0.000031	-0.005305
2382	0.822820	-0.001561	-0.006510
2383	0.822627	-0.000918	-0.004919
2384	0.824749	-0.000969	-0.000482
2385	0.829765	-0.000725	0.000145
2386	0.830054	-0.001592	-0.003665
2387	0.827064	-0.000634	-0.000627
2388	0.826196	-0.000826	-0.003183
2389	0.828897	-0.001754	-0.006125
2390	0.825617	-0.000706	-0.001688
2391	0.817323	-0.001041	-0.000772
2392	0.824846	0.000262	-0.004630
2393	0.825328	-0.000420	-0.003472
2394	0.831308	0.000069	-0.004340
2395	0.831694	0.000022	0.000675
2396	0.831019	0.000122	-0.000434
2397	0.836806	0.000551	0.001254
2398	0.837674	0.000419	0.005305
2399	0.833816	0.000097	0.004678
2400	0.835455	0.000829	0.006462
2401	0.833044	-0.000710	0.007427
2402	0.834008	-0.001934	0.006703
2403	0.840567	-0.004437	0.004774
2404	0.837674	-0.001909	0.007282
2405	0.833623	-0.000898	0.009404
2406	0.824846	-0.002674	0.010272
2407	0.826582	-0.000715	0.006462
2408	0.826582	-0.000143	0.003231
2409	0.827932	0.001585	0.005932
2410	0.829861	-0.001720	0.005932
2411	0.834684	-0.001608	0.004823
2412	0.832465	-0.000862	0.004726
2413	0.838542	-0.000974	0.004099
2414	0.832948	-0.000432	0.004871
2415	0.827257	0.001611	0.002749
2416	0.822434	-0.000632	0.008681
2417	0.827836	-0.000344	0.005546
2418	0.824267	0.000560	0.004003
2419	0.827257	0.001758	0.004244
2420	0.830440	0.001055	0.002363
2421	0.841146	-0.000438	0.003810
2422	0.841628	-0.001997	-0.002315
2423	0.838349	0.001081	-0.000386
2424	0.836034	-0.000257	-0.003086
2425	0.835745	0.001719	-0.003231
2426	0.837481	-0.000897	-0.003472
2427	0.842593	0.000719	-0.000434
2428	0.842014	0.000390	-0.002797
2429	0.838445	0.003207	-0.005112
2430	0.837674	0.000423	-0.005015
2431	0.839217	0.000648	-0.002990
2432	0.832465	0.000059	0.002749
2433	0.834105	-0.001587	0.000289
2434	0.827932	-0.001616	0.002604
2435	0.827932	-0.000764	0.000193
2436	0.823881	0.001034	0.002701
2437	0.824556	0.001021	0.003520
2438	0.827257	-0.000643	0.005015
2439	0.828800	0.000459	-0.000048
2440	0.832562	-0.001642	-0.000482
2441	0.839603	-0.001766	0.002459
2442	0.838927	-0.001911	0.001977
2443	0.839313	0.000375	0.002652
2444	0.835069	-0.000884	-0.000627
2445	0.836420	-0.001497	-0.007282
2446	0.833623	0.000606	-0.003086
2447	0.831790	-0.000784	0.000048
2448	0.830343	-0.001022	-0.002411
2449	0.826485	-0.001580	-0.006559
2450	0.827160	-0.001766	-0.007089
2451	0.825231	-0.000215	-0.005449
2452	0.828221	-0.000412	-0.004581
2453	0.827353	0.000824	-0.002604
2454	0.826968	-0.000001	-0.004630
2455	0.828414	0.001644	-0.000772
2456	0.833430	-0.001348	-0.001495
2457	0.831597	0.000112	-0.001206
2458	0.833719	0.000402	-0.006366
2459	0.830247	-0.000475	0.000965
2460	0.824171	-0.001092	-0.001061
2461	0.828221	-0.000683	-0.000338
2462	0.829379	0.001240	0.001399
2463	0.832948	-0.002110	0.000096
2464	0.835262	-0.001784	-0.002556
2465	0.831983	0.001750	0.002845
2466	0.833430	0.001009	0.003328
2467	0.829958	-0.000825	0.003858
2468	0.828511	-0.000979	0.004533
2469	0.831887	-0.000887	0.005064
2470	0.833237	0.000823	0.007282
2471	0.832079	0.000039	0.004244
2472	0.834201	-0.000804	0.004437
2473	0.831983	0.001430	0.005257
2474	0.828029	0.001351	0.003086
2475	0.826582	-0.000501	0.003279
2476	0.836516	0.000135	0.001640
2477	0.829861	-0.001502	0.000289
2478	0.828800	-0.001241	0.001833
2479	0.822820	-0.000835	0.001350
2480	0.823302	0.000153	-0.003569
2481	0.826871	-0.001834	-0.003810
2482	0.827257	-0.001026	-0.002411
2483	0.833333	0.000287	-0.003135
2484	0.835552	0.001313	-0.001061
2485	0.832176	-0.000120	0.000338
2486	0.836613	-0.000500	0.000048
2487	0.831019	0.000078	-0.003954
2488	0.833912	0.000501	-0.003183
2489	0.837963	0.001883	-0.005546
2490	0.829861	-0.000374	-0.004823
2491	0.836034	0.002015	-0.003183
2492	0.835069	0.003137	-0.002315
2493	0.827836	0.001973	0.004051
2494	0.828607	-0.000099	0.005160
2495	0.831115	-0.000725	0.005305
2496	0.830633	-0.000521	0.003183
2497	0.828125	-0.000574	0.004581
2498	0.824749	-0.000375	0.007137
2499	0.825907	0.000940	0.006269
2500	0.827643	0.000797	0.007861
2501	0.821566	0.001096	0.006173
2502	0.824749	-0.000384	0.003713
2503	0.822049	-0.000532	0.006318
2504	0.829090	0.002806	0.003376
2505	0.827739	-0.000344	0.006944
2506	0.828414	0.000551	0.008150
2507	0.832176	0.000287	0.004919
2508	0.828414	0.001182	0.001688
2509	0.833430	0.000873	0.007330
2510	0.833044	0.000443	0.005160
2511	0.830247	0.001073	0.005353
2512	0.830440	-0.000206	0.003328
2513	0.821181	-0.000169	0.007909
2514	0.830729	-0.000297	0.006318
2515	0.825907	-0.000257	0.003713
2516	0.826196	0.000156	0.008922
2517	0.821952	-0.000134	0.009163
2518	0.826100	0.001445	0.006896
2519	0.830826	0.000515	0.011912
2520	0.821856	0.000824	0.011574
2521	0.827353	0.002470	0.011285
2522	0.824074	-0.000707	0.008247
2523	0.826292	-0.000411	0.010127
2524	0.820602	-0.000746	0.009838
2525	0.820891	-0.001543	0.006848
2526	0.815779	0.000365	0.007330
2527	0.815104	0.000153	0.007523
2528	0.821856	-0.000750	0.006414
2529	0.831597	-0.000342	0.001543
2530	0.830150	0.002035	0.001399
2531	0.835745	0.001006	0.004292
2532	0.833623	0.001870	0.005787
2533	0.843268	-0.000291	0.003328
2534	0.842593	-0.000258	0.002942
2535	0.841821	0.000694	0.001254
2536	0.842785	-0.000987	0.001784
2537	0.837095	0.000524	0.005691
2538	0.835166	-0.000446	0.004051
2539	0.832079	0.000799	0.006221
2540	0.831983	0.001517	0.005739
2541	0.833333	0.001309	0.007764
2542	0.831597	0.001117	0.004099
2543	0.834394	0.000883	0.002556
2544	0.833623	-0.001080	0.002556
2545	0.831597	0.000498	-0.000916
2546	0.832369	0.000794	0.002652
2547	0.828125	0.000884	0.001109
2548	0.829765	0.000814	0.004147
2549	0.829186	0.000700	0.004726
2550	0.832079	-0.001812	0.003424
2551	0.829668	0.000357	0.000820
2552	0.833333	-0.002138	-0.000965
2553	0.830536	0.000272	0.002267
2554	0.838638	0.002323	-0.001013
2555	0.842400	0.002838	0.002701
2556	0.841339	0.002816	-0.002701
2557	0.838927	0.003864	-0.000241
2558	0.837384	-0.001609	0.002170
2559	0.840181	-0.001617	0.001206
2560	0.843557	-0.000866	0.000145
2561	0.846836	-0.000831	0.001206
2562	0.848862	0.001381	-0.000241
2563	0.840953	0.001203	-0.001736
2564	0.839120	0.001284	-0.003472
2565	0.837867	-0.000118	-0.001784
2566	0.841242	-0.001192	-0.004774
2567	0.835938	-0.001642	-0.002218
2568	0.841339	-0.001169	-0.005449
2569	0.839024	0.000637	-0.004437
2570	0.840664	0.002443	-0.005787
2571	0.843943	0.000682	-0.005064
2572	0.842303	0.003208	-0.000965
2573	0.845968	0.002877	-0.005257
2574	0.838927	0.000187	-0.007089
2575	0.839796	0.000057	-0.005883
2576	0.840278	-0.001429	-0.005594
2577	0.834684	-0.000868	-0.003858
2578	0.837577	0.000155	-0.004871
2579	0.835166	-0.004607	-0.001013
2580	0.837288	-0.000758	0.002652
2581	0.835455	0.001187	0.002701
2582	0.831115	-0.001910	0.002074
2583	0.829282	-0.001730	-0.000675
2584	0.825521	-0.003161	-0.000965
2585	0.825424	0.001669	0.002508
2586	0.822434	0.000405	0.000193
2587	0.824653	0.000780	-0.002508
2588	0.827353	-0.000494	0.002508
2589	0.828897	-0.000066	-0.001157
2590	0.827064	0.000225	-0.003424
2591	0.825714	0.001149	-0.001399
2592	0.824556	0.001039	-0.002652
2593	0.826968	0.000598	-0.003279
2594	0.830150	0.000037	-0.001977
2595	0.823206	0.000657	-0.006173
2596	0.819927	-0.000248	-0.006848
2597	0.825135	-0.000060	-0.009066
2598	0.827739	-0.000280	-0.007523
2599	0.823110	0.001213	-0.003858
2600	0.823399	-0.000200	-0.004099
2601	0.823110	-0.001969	-0.007089
2602	0.823785	-0.001566	-0.004919
2603	0.815683	-0.000387	-0.006510
2604	0.813175	0.000195	-0.004196
2605	0.814429	0.000674	-0.004774
2606	0.817419	-0.001740	0.001929
2607	0.816937	-0.001932	0.004823
2608	0.816647	-0.000158	0.007427
2609	0.822531	-0.000151	0.007234
2610	0.826292	-0.000062	0.003376
2611	0.831983	-0.000284	0.003665
2612	0.837481	0.001773	0.003038
2613	0.840471	-0.000275	0.007041
2614	0.835359	-0.001706	0.002604
2615	0.832465	-0.000072	0.003376
2616	0.838445	-0.001962	0.008536
2617	0.836709	0.001410	0.010561
2618	0.835455	0.001376	0.004678
2619	0.835745	0.002248	0.008632
2620	0.833237	-0.000752	0.008343
2621	0.837770	-0.000558	0.009500
2622	0.839120	-0.000180	0.009790
2623	0.839796	0.002355	0.005064
2624	0.837095	0.000401	0.009018
2625	0.836709	-0.000426	0.011044
2626	0.835648	0.001447	0.015287
2627	0.838349	0.000889	0.016831
2628	0.843461	0.000189	0.010658
2629	0.838542	0.000945	0.009886
2630	0.831308	0.000902	0.006944
2631	0.832369	0.001327	0.006944
2632	0.834684	-0.000065	0.006703
2633	0.835166	-0.000955	0.009066
2634	0.838831	0.001096	0.008970
2635	0.837867	-0.001047	0.011912
2636	0.843750	0.000607	0.015866
2637	0.844618	0.003220	0.008150
2638	0.841917	0.000212	0.009500
2639	0.847319	-0.000271	0.009549
2640	0.840856	0.000324	0.008391
2641	0.841146	-0.002377	0.005015
2642	0.842400	-0.000750	0.002604
2643	0.838638	-0.000973	0.003376
2644	0.837288	0.001220	0.004485
2645	0.834008	0.001721	0.003954
2646	0.835359	-0.001123	0.003617
2647	0.839217	-0.000012	0.006221
2648	0.835359	0.000864	0.000579
2649	0.835262	-0.002277	0.002315
2650	0.839699	-0.001707	0.002749
2651	0.836613	-0.001719	0.001350
2652	0.844136	-0.001575	0.002074
2653	0.845679	-0.002207	-0.002508
2654	0.844425	-0.001025	-0.002218
2655	0.848862	-0.000848	-0.001881
2656	0.853492	-0.001105	0.000482
2657	0.847897	0.004881	-0.000241
2658	0.844522	-0.001538	-0.001881
2659	0.846836	-0.000508	0.004533
2660	0.845390	-0.002961	0.001302
2661	0.842978	-0.004253	-0.001350
2662	0.842110	-0.001934	-0.001061
2663	0.844522	0.000849	-0.001736
2664	0.844522	0.001297	-0.001013
2665	0.841146	0.002548	-0.006366
2666	0.836902	-0.000507	-0.006510
2667	0.838059	-0.001862	-0.003183
2668	0.837963	0.001008	-0.006414
2669	0.838059	0.000613	-0.004630
2670	0.836902	-0.001601	-0.006462
2671	0.838542	-0.003469	-0.002749
2672	0.834684	-0.000956	-0.001977
2673	0.835166	-0.001784	0.001495
2674	0.840953	-0.000248	-0.000482
2675	0.844907	0.000256	-0.001736
2676	0.848669	0.000302	0.000482
2677	0.843557	0.000717	0.000241
2678	0.846740	-0.001421	0.001254
2679	0.846451	0.000727	0.001784
2680	0.841821	0.002429	0.002990
2681	0.845968	0.000507	0.000000
2682	0.836130	0.002897	0.004292
2683	0.834008	0.003163	0.001447
2684	0.830536	-0.001327	0.004244
2685	0.832176	0.001160	0.003183
2686	0.832851	0.002387	0.006510
2687	0.832079	-0.002113	0.005498
2688	0.835841	0.000305	0.002363
2689	0.835262	0.002985	0.004003
2690	0.830440	-0.000682	0.003906
2691	0.829475	-0.002411	0.000772
2692	0.821084	-0.000366	-0.000530
2693	0.812596	0.000689	-0.003183
2694	0.820505	0.000654	0.000386
2695	0.825328	0.001102	0.006269
2696	0.819830	-0.000903	0.006076
2697	0.826292	0.000847	0.008150
2698	0.827450	-0.001030	0.004919
2699	0.831694	-0.001386	0.001350
2700	0.828511	0.000589	0.000289
2701	0.831694	0.000219	-0.000482
2702	0.826389	-0.000276	-0.003713
2703	0.825714	-0.000843	-0.001929
2704	0.827257	0.000016	-0.004774
2705	0.826968	-0.002036	-0.004871
2706	0.826196	0.000017	-0.004196
2707	0.826775	0.000083	-0.007716
2708	0.829475	0.001121	-0.012683
2709	0.831694	0.001566	-0.012973
2710	0.831983	-0.000394	-0.007427
2711	0.838927	-0.000395	-0.006607
2712	0.834587	0.000912	-0.008054
2713	0.836998	0.001423	-0.005932
2714	0.833623	-0.000968	-0.001302
2715	0.832369	-0.000159	-0.003520
2716	0.829958	0.000426	-0.001833
2717	0.835938	-0.000079	0.000145
2718	0.832079	-0.000146	-0.000530
2719	0.826485	0.000820	-0.001254
2720	0.829668	0.000330	-0.003906
2721	0.829090	-0.000060	-0.004147
2722	0.830536	-0.000070	-0.007378
2723	0.832755	-0.000512	-0.007571
2724	0.837095	0.001254	-0.003520
2725	0.843364	0.002367	-0.003135
2726	0.841435	0.000383	-0.001688
2727	0.846354	0.000066	-0.000145
2728	0.839506	-0.002746	-0.004485
2729	0.839410	-0.001929	-0.000916
2730	0.843654	-0.003351	0.001881
2731	0.840664	0.000584	-0.001109
2732	0.840181	0.000015	-0.002411
2733	0.834008	-0.001088	-0.001543
2734	0.834201	0.001640	-0.002894
2735	0.833140	0.000251	0.000916
2736	0.826100	-0.001415	-0.002411
2737	0.829572	0.001101	0.001495
2738	0.830247	0.001095	0.002122
2739	0.834973	-0.000128	0.000048
2740	0.832851	0.000789	-0.003183
2741	0.832176	-0.000671	-0.003906
2742	0.831308	0.000020	-0.001833
2743	0.837481	0.001504	-0.009452
2744	0.837481	0.000209	-0.010031
2745	0.841725	-0.002255	-0.007089
2746	0.841628	-0.000767	-0.005787
2747	0.842110	0.001152	-0.003665
2748	0.836613	0.001921	-0.001206
2749	0.826871	0.000030	-0.002363
2750	0.829765	0.000464	-0.004630
2751	0.828704	0.000359	0.000530
2752	0.824267	0.000572	0.002315
2753	0.831501	-0.002022	-0.000048
2754	0.837867	-0.001720	-0.002749
2755	0.831597	-0.001391	-0.001157
2756	0.831983	-0.000040	-0.003569
2757	0.832562	0.000114	-0.000820
2758	0.833816	0.002212	-0.003520
2759	0.836323	0.001175	-0.004099
2760	0.834394	0.001812	-0.002894
2761	0.832176	-0.000273	-0.003038
2762	0.829958	0.000910	-0.004340
2763	0.835166	-0.000687	-0.003665
2764	0.834201	0.000172	-0.003520
2765	0.833430	0.000663	-0.004823
2766	0.830054	-0.000135	-0.005353
2767	0.833333	-0.000925	-0.001784
2768	0.829572	-0.001779	0.000965
2769	0.827160	-0.000435	-0.003183
2770	0.827160	-0.001290	0.000820
2771	0.822531	-0.000728	0.001013
2772	0.831404	0.002770	-0.000820
2773	0.828414	0.000027	-0.003086
2774	0.827450	0.001172	-0.003665
2775	0.828318	-0.001191	-0.003954
2776	0.831887	-0.000210	-0.000145
2777	0.832465	0.000266	0.004823
2778	0.833719	0.001038	0.001640
2779	0.837963	-0.000796	0.003472
2780	0.843075	-0.001279	0.005883
2781	0.843461	-0.002788	0.002170
2782	0.845968	-0.001082	0.001495
2783	0.841628	-0.001824	0.000868
2784	0.840085	-0.003319	0.007909
2785	0.834780	-0.000919	0.006028
2786	0.839217	-0.000247	0.006752
2787	0.841628	-0.001997	0.006752
2788	0.838831	-0.000026	0.003520
2789	0.832851	0.000389	0.002701
2790	0.826775	0.002103	0.004340
2791	0.827160	0.000789	-0.000579
2792	0.831211	-0.001008	0.001447
2793	0.833623	-0.002311	-0.002267
2794	0.829861	-0.001593	0.000000
2795	0.826003	0.000108	0.005305
2796	0.823399	0.000725	0.003231
2797	0.826389	-0.000732	0.003231
2798	0.827643	0.000635	0.003231
2799	0.828414	0.000430	0.000965
2800	0.829186	-0.000428	0.002074
2801	0.829186	0.000098	-0.002267
2802	0.825328	0.000807	-0.002267
2803	0.828318	-0.000731	-0.005691
2804	0.830440	-0.000640	-0.004678
2805	0.839603	0.000386	-0.003520
2806	0.834008	0.000675	0.000338
2807	0.828993	0.001010	0.002556
2808	0.830633	-0.000689	0.000530
2809	0.832176	0.001132	0.003569
2810	0.831887	-0.001439	0.004389
2811	0.833912	0.003130	0.004147
2812	0.831694	0.000165	0.005449
2813	0.835938	-0.000284	0.006462
2814	0.828511	0.000299	0.006993
2815	0.830536	-0.000975	0.003713
2816	0.833816	-0.000586	0.002990
2817	0.828029	0.001438	0.006655
2818	0.823592	-0.000775	0.006993
2819	0.829475	-0.000977	0.004292
2820	0.831404	-0.000455	0.006896
2821	0.829379	-0.002555	0.005449
2822	0.836130	0.000048	0.008198
2823	0.825328	-0.000494	0.007427
2824	0.825617	-0.000033	0.008825
2825	0.828607	0.000608	0.010368
2826	0.828607	-0.001219	0.008005
2827	0.832562	-0.001672	0.005932
2828	0.831790	-0.001545	0.008439
2829	0.831790	-0.000431	0.009452
2830	0.828897	0.001670	0.006655
2831	0.828221	0.002823	0.006221
2832	0.826871	-0.000513	0.002797
2833	0.832369	-0.001009	0.006125
2834	0.824942	0.000584	0.003038
2835	0.826485	-0.000763	0.004292
2836	0.826003	-0.001687	0.001013
2837	0.824363	-0.000286	-0.001591
2838	0.826485	-0.001291	0.004003
2839	0.826003	0.001298	0.000096
2840	0.827739	-0.001259	0.000530
2841	0.826485	-0.002679	-0.000820
2842	0.820795	-0.000065	0.004726
2843	0.819252	-0.000265	0.005642
2844	0.816454	0.000202	0.007378
2845	0.820023	0.001941	0.001736
2846	0.822724	0.000834	0.004630
2847	0.822820	0.001818	0.002652
2848	0.825810	0.001405	0.003376
2849	0.829958	-0.000795	0.000916
2850	0.832176	-0.002103	-0.000338
2851	0.826775	0.000285	-0.004099
2852	0.828029	-0.000224	-0.003858
2853	0.824363	-0.000619	-0.006221
2854	0.828125	0.000606	-0.007378
2855	0.822145	-0.001866	-0.002218
2856	0.826485	0.000700	0.001013
2857	0.824267	0.001852	0.002894
2858	0.827064	-0.000470	0.001543
2859	0.829668	0.001044	0.005594
2860	0.831790	0.000703	0.003954
2861	0.836227	-0.002076	0.000145
2862	0.838542	-0.001442	0.004099
2863	0.837867	0.001558	0.002122
2864	0.835552	0.000840	-0.000579
2865	0.836613	-0.000029	-0.001399
2866	0.834008	-0.001606	-0.000868
2867	0.837384	-0.001675	0.001833
2868	0.830054	0.000210	0.006125
2869	0.830633	0.003617	0.006752
2870	0.832079	0.000236	0.010802
2871	0.837963	-0.000076	0.012973
2872	0.839410	0.002335	0.014419
2873	0.829475	0.002564	0.013889
2874	0.834877	0.001423	0.004919
2875	0.830343	0.000429	0.005305
2876	0.828607	0.000251	-0.000338
2877	0.828897	0.001454	-0.000145
2878	0.830440	-0.001087	-0.000530
2879	0.834394	0.000230	0.001543
2880	0.839988	-0.001287	0.002363
2881	0.845293	-0.000275	0.001881
2882	0.843557	0.001549	0.002604
2883	0.837867	0.004058	0.005064
2884	0.835648	0.002338	0.004678
2885	0.839120	0.002611	-0.002170
2886	0.839988	0.003541	-0.002508
2887	0.836227	0.000912	-0.005112
2888	0.833044	0.000826	-0.007282
2889	0.837288	0.001598	-0.010802
2890	0.833912	-0.000572	-0.010995
2891	0.834394	-0.000709	-0.011815
2892	0.836323	-0.000377	-0.007523
2893	0.828607	-0.000044	-0.011912
2894	0.823881	-0.001220	-0.010320
2895	0.823881	-0.000071	-0.010658
2896	0.830054	0.000918	-0.008488
2897	0.829090	0.000114	-0.011574
2898	0.823495	0.000701	-0.011526
2899	0.828511	-0.001268	-0.009742
2900	0.828607	0.000558	-0.009983
2901	0.828029	-0.000037	-0.012539
2902	0.832176	-0.001059	-0.011622
2903	0.830729	0.000684	-0.011188
2904	0.835069	0.001680	-0.011767
2905	0.828125	0.001000	-0.007186
2906	0.824653	0.001402	-0.006076
2907	0.822820	0.001679	-0.003183
2908	0.825521	0.001918	0.002122
2909	0.818191	-0.000028	0.003231
2910	0.815008	0.000969	0.004581
2911	0.820216	-0.000511	0.002990
2912	0.822724	0.000704	0.004244
2913	0.822820	-0.000540	0.006318
2914	0.822724	0.000747	0.005160
2915	0.821084	0.000908	0.005642
2916	0.820891	0.000046	0.008150
2917	0.819155	0.000528	0.009018
2918	0.811343	-0.000813	0.005353
2919	0.812404	-0.000284	0.001929
2920	0.808931	0.001031	0.003472
2921	0.817419	-0.000811	-0.000723
2922	0.814429	0.001099	-0.001736
2923	0.818576	0.000658	-0.000482
2924	0.820988	0.000554	0.003569
2925	0.816069	0.000954	0.003183
2926	0.817323	-0.000160	0.006993
2927	0.823881	0.001599	0.004244
2928	0.826582	0.001714	0.001929
2929	0.831597	-0.000873	0.004678
2930	0.834394	0.001675	0.001591
2931	0.830536	0.001728	-0.001061
2932	0.828607	0.000975	-0.001447
2933	0.826871	0.001068	0.001977
2934	0.829282	-0.001345	0.000386
2935	0.828318	-0.000266	-0.000338
2936	0.831983	-0.001265	-0.004003
2937	0.830729	0.001048	-0.001977
2938	0.829572	-0.000787	-0.006462
2939	0.830729	0.000891	-0.002797
2940	0.838638	-0.000990	-0.000675
2941	0.835455	0.002361	0.001688
2942	0.832658	0.000315	0.003858
2943	0.828511	0.000543	0.005208
2944	0.824460	-0.000737	0.003713
2945	0.829765	-0.001720	-0.003520
2946	0.830054	-0.000704	-0.000193
2947	0.830922	0.001853	-0.002170
2948	0.822434	-0.000481	-0.001543
2949	0.819252	0.001047	-0.002604
2950	0.818576	-0.003056	-0.000723
2951	0.820409	-0.000662	-0.004292
2952	0.823785	0.001908	-0.001109
2953	0.818962	-0.000170	-0.000338
2954	0.820216	0.001282	-0.000048
2955	0.826968	0.000066	0.004389
2956	0.823206	0.001776	0.000579
2957	0.823110	-0.000748	0.000241
2958	0.827160	0.000283	-0.002990
2959	0.826485	0.002069	0.000289
2960	0.824363	0.000968	-0.000868
2961	0.825521	0.000717	-0.002218
2962	0.826292	-0.002676	0.004292
2963	0.825231	-0.001929	0.003472
2964	0.824171	0.000191	0.002894
2965	0.828511	0.000143	0.003279
2966	0.829861	0.000682	0.001736
2967	0.838927	-0.002290	-0.000434
2968	0.835262	-0.000211	-0.004774
2969	0.835552	-0.000173	-0.005691
2970	0.842207	0.000902	-0.009500
2971	0.839313	-0.000050	-0.008632
2972	0.830826	0.000709	-0.010272
2973	0.831887	0.001737	-0.008825
2974	0.831308	0.000393	-0.010947
2975	0.833719	0.002323	-0.009645
2976	0.832272	0.002714	-0.006655
2977	0.830826	0.002908	-0.005015
2978	0.843654	0.001207	-0.002315
2979	0.839313	0.000228	-0.005305
2980	0.842014	0.000922	-0.004630
2981	0.841146	0.002482	-0.007330
2982	0.832658	-0.003491	-0.006607
2983	0.833719	-0.000790	-0.001881
2984	0.836227	-0.003837	-0.009500
2985	0.828800	-0.000306	-0.008632
2986	0.826100	-0.000477	-0.009645
2987	0.827836	0.001087	-0.010802
2988	0.830729	0.000535	-0.007668
2989	0.832755	0.000540	-0.012394
2990	0.834587	0.000449	-0.011333
2991	0.827353	0.001749	-0.010079
2992	0.830826	-0.001364	-0.009115
2993	0.823495	-0.001240	-0.008970
2994	0.828318	-0.000273	-0.008439
2995	0.826003	-0.000428	-0.007668
2996	0.824074	-0.000649	-0.002459
2997	0.818769	-0.000445	0.001784
2998	0.826678	0.000511	-0.001302
2999	0.822531	0.000696	-0.001736
3000	0.824556	-0.001260	-0.001302
3001	0.827836	-0.000678	0.000000
3002	0.830536	-0.001562	-0.003617
3003	0.830729	-0.000572	-0.003810
3004	0.835938	0.001135	-0.004003
3005	0.835648	0.000808	-0.003713
3006	0.836323	0.000915	-0.003183
3007	0.844618	-0.000950	-0.001688
3008	0.848187	-0.001077	-0.000096
3009	0.850019	-0.002444	-0.001157
3010	0.852623	0.000574	-0.003424
3011	0.847994	-0.002882	0.000193
3012	0.838156	-0.001518	0.000048
3013	0.837867	0.000156	0.002556
3014	0.833044	-0.000464	0.000386
3015	0.837288	0.000564	-0.003328
3016	0.839988	0.000728	-0.004871
3017	0.834877	-0.000618	-0.003279
3018	0.834780	0.000198	-0.003279
3019	0.830633	0.001247	-0.008391
3020	0.830440	-0.000882	-0.002218
3021	0.820891	0.000555	-0.006125
3022	0.821181	-0.000911	-0.005305
3023	0.822338	-0.001521	-0.008777
3024	0.823978	0.000504	-0.007089
3025	0.826389	-0.000017	-0.005787
3026	0.823110	0.001044	-0.002749
3027	0.826582	0.001275	-0.001206
3028	0.817612	0.001126	-0.000675
3029	0.821181	0.001012	-0.006848
3030	0.822724	-0.000829	-0.005835
3031	0.830729	-0.000358	-0.004003
3032	0.829958	0.000992	-0.003713
3033	0.832755	0.000226	-0.001350
3034	0.837577	0.000506	-0.002894
3035	0.836034	0.001245	-0.003376
3036	0.835745	0.000897	-0.002074
3037	0.842400	-0.001445	0.000241
3038	0.840953	-0.001061	-0.002459
3039	0.835359	-0.003619	-0.000820
3040	0.838349	0.000950	-0.003328
3041	0.836323	-0.000189	-0.003906
3042	0.835841	0.000208	-0.000916
3043	0.837481	0.000360	-0.000627
3044	0.843075	0.001456	0.001977
3045	0.840664	0.001611	-0.000772
3046	0.838252	0.002504	-0.000772
3047	0.832465	0.001096	-0.001736
3048	0.835745	0.001726	-0.001157
3049	0.842207	-0.000145	-0.003086
3050	0.844618	0.000277	-0.002459
3051	0.842207	0.003223	-0.004196
3052	0.842400	0.000358	-0.002025
3053	0.842207	0.001857	-0.002797
3054	0.838927	-0.001004	-0.001591
3055	0.835745	0.001689	0.001157
3056	0.831790	0.000950	0.003279
3057	0.830922	0.000521	0.004485
3058	0.828511	0.001657	0.005691
3059	0.826003	0.000001	0.004389
3060	0.829186	-0.000289	0.004774
3061	0.833044	-0.000465	0.007620
3062	0.834973	0.000818	0.009163
3063	0.834877	-0.002802	0.004051
3064	0.834008	-0.002197	0.006800
3065	0.831694	0.000664	0.002508
3066	0.833333	0.000887	0.004147
3067	0.831019	0.002388	0.004774
3068	0.835069	0.002532	0.002267
3069	0.832079	0.003161	0.002459
3070	0.829572	0.001398	0.002797
3071	0.829186	0.000226	-0.003569
3072	0.832369	-0.000433	-0.003038
3073	0.829282	0.002530	-0.001061
3074	0.828704	0.001597	-0.001013
3075	0.832658	0.000975	-0.001495
3076	0.825328	0.001085	-0.003472
3077	0.826968	-0.000065	-0.002363
3078	0.826775	-0.000148	-0.001591
3079	0.826003	0.001095	-0.002652
3080	0.824363	0.000442	0.002652
3081	0.829475	0.001351	0.006366
3082	0.820698	0.001245	0.003762
3083	0.826100	0.003569	-0.000965
3084	0.826196	0.000804	0.000675
3085	0.828511	0.003566	-0.000096
3086	0.832562	0.005761	-0.002749
3087	0.828029	0.003855	-0.001977
3088	0.834973	0.005097	-0.000627
3089	0.836516	0.002735	-0.003569
3090	0.833719	0.003754	-0.000868
3091	0.836998	0.003316	-0.003472
3092	0.830150	-0.000421	-0.004919
3093	0.830536	-0.000607	-0.004823
3094	0.830150	-0.001372	-0.006607
3095	0.832658	-0.002757	-0.002797
3096	0.828125	-0.002020	0.000241
3097	0.823881	0.000455	-0.000338
3098	0.829861	0.000004	-0.000193
3099	0.833430	0.001474	-0.001977
3100	0.836420	0.001850	-0.004726
3101	0.836709	0.000090	-0.004581
3102	0.837577	-0.000043	-0.006559
3103	0.835648	0.002737	-0.004678
3104	0.829282	0.000146	-0.005257
3105	0.827257	0.001151	-0.005401
3106	0.824171	-0.000071	-0.005835
3107	0.822338	0.000476	-0.006559
3108	0.827739	0.000073	-0.005401
3109	0.832755	0.000527	-0.002990
3110	0.830729	-0.000346	-0.004630
3111	0.828029	-0.001286	-0.003617
3112	0.826196	-0.000049	-0.001833
3113	0.830150	-0.001050	-0.001543
3114	0.831597	-0.000795	-0.004147
3115	0.827932	-0.000657	0.000675
3116	0.835841	-0.001292	0.000145
3117	0.836613	-0.000779	0.003520
3118	0.827739	0.002304	-0.000820
3119	0.830150	-0.001291	-0.003472
3120	0.825231	-0.000192	-0.002315
3121	0.825617	-0.001604	0.000723
3122	0.829282	0.000054	-0.000579
3123	0.832369	-0.000581	-0.003954
3124	0.831211	-0.001134	-0.001254
3125	0.835359	-0.000125	-0.002170
3126	0.843846	0.000051	-0.005835
3127	0.838252	-0.002142	-0.004244
3128	0.840567	-0.000853	-0.002845
3129	0.840953	0.000663	-0.002797
3130	0.836034	0.000565	0.000820
3131	0.833430	0.001316	0.004292
3132	0.838831	-0.000334	0.000338
3133	0.835455	-0.001085	0.000965
3134	0.836227	0.001049	-0.002218
3135	0.837095	-0.000113	-0.001784
3136	0.833237	0.001922	-0.001013
3137	0.831694	-0.000907	-0.005546
3138	0.832272	-0.001701	0.002942
3139	0.837770	-0.000843	0.000000
3140	0.841532	0.000344	-0.002122
3141	0.841242	-0.002071	-0.002701
3142	0.843075	-0.003161	-0.003086
3143	0.848669	-0.000063	-0.002074
3144	0.845968	-0.002437	-0.004196
3145	0.842689	-0.001996	-0.004967
3146	0.850502	0.000903	-0.005691
3147	0.850694	-0.001556	-0.006655
3148	0.847222	0.001740	-0.009259
3149	0.846547	0.002845	-0.010320
3150	0.846161	0.002907	-0.007282
3151	0.843461	-0.000250	-0.007282
3152	0.844039	-0.000619	-0.007234
3153	0.839410	-0.001923	-0.007089
3154	0.833526	-0.000388	-0.009549
3155	0.836420	0.000272	-0.010706
3156	0.840567	0.000051	-0.007523
3157	0.834780	0.000809	-0.009356
3158	0.834973	0.000532	-0.006366
3159	0.835841	0.001709	-0.005112
3160	0.833816	0.000418	-0.003858
3161	0.832562	0.000168	-0.003617
3162	0.835552	0.000231	-0.001061
3163	0.825714	-0.000204	0.002074
3164	0.824363	0.002041	0.001977
3165	0.824749	0.000553	-0.003086
3166	0.831115	-0.000991	-0.004147
3167	0.830440	-0.000673	-0.004437
3168	0.830633	0.000641	-0.000530
3169	0.829282	-0.000881	-0.000916
3170	0.826582	-0.001688	-0.002025
3171	0.831115	-0.002024	0.000579
3172	0.830729	-0.000842	0.002894
3173	0.828414	-0.000683	0.002508
3174	0.827257	-0.000628	0.000338
3175	0.828704	0.001101	0.003810
3176	0.826003	0.000894	0.000579
3177	0.825328	0.001281	-0.001591
3178	0.829475	0.002354	-0.001206
3179	0.832176	0.001025	0.001736
3180	0.836323	-0.000259	-0.000820
3181	0.837384	-0.000075	0.001206
3182	0.836420	0.000555	0.004581
3183	0.827836	-0.001390	0.004581
3184	0.825810	0.000042	0.001447
3185	0.825714	0.000379	0.005739
3186	0.831308	-0.000226	0.001157
3187	0.833719	-0.000473	-0.000241
3188	0.830536	-0.000696	0.000530
3189	0.830922	-0.000052	-0.003520
3190	0.834394	0.001466	-0.003135
3191	0.834105	-0.000541	-0.001640
3192	0.826582	0.000519	-0.004581
3193	0.823399	0.000051	-0.002701
3194	0.826871	0.000758	-0.002363
3195	0.828800	-0.002287	-0.004871
3196	0.825424	-0.001206	-0.005546
3197	0.828414	-0.001237	-0.006318
3198	0.828993	0.000194	-0.007813
3199	0.832948	0.001385	-0.007330
3200	0.832755	-0.000212	-0.004389
3201	0.828704	-0.001623	-0.003038
3202	0.825617	-0.000265	-0.008439
3203	0.823013	-0.000628	-0.007186
3204	0.828318	-0.001373	-0.007668
3205	0.826968	-0.000008	-0.004823
3206	0.833044	-0.001040	-0.004292
3207	0.833333	0.002726	-0.004630
3208	0.831597	0.001626	-0.003038
3209	0.829090	-0.000842	-0.001640
3210	0.835069	-0.000605	0.000482
3211	0.832948	0.000064	0.004292
3212	0.829282	-0.000740	0.002894
3213	0.834394	0.001409	0.002411
3214	0.833719	0.003154	0.006993
3215	0.836613	0.002229	0.004533
3216	0.837867	0.000110	0.004485
3217	0.833237	-0.000219	0.009066
3218	0.827643	0.000759	0.007475
3219	0.836613	0.000125	0.006125
3220	0.841146	0.000300	0.008536
3221	0.839313	-0.000400	0.007330
3222	0.839699	-0.001217	0.006703
3223	0.839410	-0.000248	0.003954
3224	0.839313	0.000001	0.005883
3225	0.827739	0.003696	0.005112
3226	0.829668	0.000759	0.002797
3227	0.826100	0.000380	0.004389
3228	0.816937	0.002511	0.005980
3229	0.823399	0.001533	0.001688
3230	0.829186	-0.001381	0.004437
3231	0.830922	0.000322	0.005401
3232	0.828704	0.000669	0.010658
3233	0.832465	-0.000953	0.010127
3234	0.831211	-0.000402	0.008970
3235	0.830729	0.000241	0.011912
3236	0.839506	0.001572	0.010610
3237	0.835359	-0.000060	0.010561
3238	0.840085	-0.000859	0.008922
3239	0.832948	-0.000631	0.005642
3240	0.831308	0.000394	0.006896
3241	0.833237	-0.000432	0.002652
3242	0.838542	-0.000511	0.004099
3243	0.837770	-0.000995	0.008343
3244	0.838735	0.000105	0.009259
3245	0.842593	0.000909	0.009790
3246	0.842978	0.000896	0.011333
3247	0.842207	-0.001526	0.006366
3248	0.841146	-0.000369	0.007813
3249	0.844232	-0.000756	0.006221
3250	0.836227	-0.000882	0.001688
3251	0.838831	-0.000605	0.002363
3252	0.845679	0.000801	0.001543
3253	0.837095	0.000557	0.001254
3254	0.834201	0.001636	0.005739
3255	0.844618	0.000049	0.006800
3256	0.840085	-0.001788	0.012683
3257	0.840760	-0.000627	0.012394
3258	0.840278	-0.000331	0.006318
3259	0.835166	-0.000194	0.004871
3260	0.825231	0.000985	0.006076
3261	0.828800	0.001052	0.004630
3262	0.836034	-0.001160	-0.001109
3263	0.831308	-0.000574	0.000482
3264	0.837191	0.001299	0.000482
3265	0.836998	0.003126	0.001495
3266	0.838927	0.000492	0.001350
3267	0.834973	-0.000056	0.003762
3268	0.838542	-0.000362	0.004051
3269	0.836709	0.001914	0.001736
3270	0.838735	0.002271	0.000241
3271	0.833237	0.000651	0.000627
3272	0.824942	0.001477	0.001591
3273	0.824749	-0.000703	0.000916
3274	0.825521	0.001563	-0.003762
3275	0.822820	0.001094	0.001833
3276	0.823881	-0.000375	0.002845
3277	0.826100	0.000222	0.002556
3278	0.831983	-0.002202	0.006269
3279	0.827546	-0.000454	0.007137
3280	0.833526	0.000011	0.004581
3281	0.837481	0.000583	0.004581
3282	0.837191	0.000647	0.005064
3283	0.837577	-0.000044	0.000530
3284	0.833044	0.000409	0.000193
3285	0.828221	0.000555	-0.001640
3286	0.831790	0.000833	-0.002508
3287	0.828221	-0.001085	0.001350
3288	0.825328	0.001277	0.001157
3289	0.830343	0.001461	0.001447
3290	0.827546	0.000929	0.001157
3291	0.832369	-0.000489	-0.001206
3292	0.830343	-0.001414	0.001447
3293	0.831211	0.001097	0.004774
3294	0.833044	0.000514	0.000289
3295	0.833333	-0.001553	-0.001013
3296	0.832851	-0.001631	-0.000820
3297	0.836806	-0.000170	0.001013
3298	0.835841	0.000198	-0.000965
3299	0.840181	0.002485	0.002508
3300	0.839120	-0.000588	0.001061
3301	0.835648	-0.001786	0.002990
3302	0.833333	0.000897	-0.000096
3303	0.830536	-0.002294	0.002218
3304	0.829572	-0.002017	0.006076
3305	0.829186	-0.001397	0.005835
3306	0.829668	0.000535	0.004630
3307	0.830633	-0.001719	0.008295
3308	0.830343	-0.000526	0.005015
3309	0.832948	-0.001640	0.001254
3310	0.838927	-0.001296	0.000289
3311	0.837095	-0.000271	-0.001736
3312	0.837577	0.000055	-0.001977
3313	0.835262	0.001414	-0.001640
3314	0.832176	0.000340	0.000916
3315	0.831887	0.001073	0.000579
3316	0.834394	-0.000898	-0.002797
3317	0.836130	-0.000660	-0.004292
3318	0.841435	-0.002697	-0.001157
3319	0.842785	0.001797	-0.002749
3320	0.847319	-0.002007	-0.000434
3321	0.849923	-0.003861	-0.001929
3322	0.846065	-0.003017	-0.001254
3323	0.849344	-0.000135	-0.000723
3324	0.843943	0.000633	0.000772
3325	0.844522	0.000321	-0.000675
3326	0.849441	-0.001545	-0.001061
3327	0.839506	-0.001596	-0.000868
3328	0.841146	-0.004130	-0.001302
3329	0.834491	-0.002484	-0.000965
3330	0.832755	-0.000056	-0.005401
3331	0.835359	-0.001254	-0.006028
3332	0.832658	-0.000827	-0.008150
3333	0.829861	-0.002813	-0.006173
3334	0.827064	-0.000411	-0.010610
3335	0.826582	-0.002559	-0.006028
3336	0.826582	-0.000391	-0.006703
3337	0.823302	-0.001343	-0.008054
3338	0.824363	0.000369	-0.004485
3339	0.828704	0.001717	-0.003906
3340	0.829282	0.000095	-0.003665
3341	0.834684	0.002069	-0.006076
3342	0.836130	-0.000685	-0.005787
3343	0.841917	-0.000533	-0.005305
3344	0.843268	0.002329	-0.006076
3345	0.843171	0.000284	-0.008825
3346	0.845968	-0.001075	-0.009693
3347	0.843364	0.000313	-0.009404
3348	0.843075	0.000191	-0.010947
3349	0.849055	0.000132	-0.008005
3350	0.845872	-0.001676	-0.007813
3351	0.841242	-0.001014	-0.009307
3352	0.840181	-0.000308	-0.011526
3353	0.838252	0.000309	-0.012587
3354	0.838445	0.000724	-0.014226
3355	0.839313	-0.000356	-0.014564
3356	0.833237	0.000321	-0.015480
3357	0.830343	-0.000807	-0.017458
3358	0.827160	0.001077	-0.017361
3359	0.831211	-0.002221	-0.014950
3360	0.840856	0.001599	-0.017120
3361	0.842978	0.000495	-0.015384
3362	0.837191	-0.003035	-0.018181
3363	0.831308	-0.000302	-0.013889
3364	0.828221	-0.001845	-0.016204
3365	0.827160	-0.000400	-0.014564
3366	0.828318	0.001521	-0.011429
3367	0.822917	0.000515	-0.008391
3368	0.821277	-0.001068	-0.003328
3369	0.828704	0.000420	-0.005594
3370	0.826485	-0.000534	-0.005305
3371	0.826100	-0.000542	-0.002749
3372	0.820988	0.001014	0.000434
3373	0.828221	0.000695	0.000820
3374	0.831211	-0.002106	-0.005642
3375	0.825135	0.001651	-0.003231
3376	0.821084	0.001621	-0.000723
3377	0.823399	0.000961	0.002894
3378	0.826485	-0.001689	0.000772
3379	0.827064	-0.001746	0.001543
3380	0.836709	-0.003587	0.003328
3381	0.826196	0.001422	0.001206
3382	0.822820	-0.000147	-0.000916
3383	0.821663	-0.000127	-0.002749
3384	0.826100	0.001268	-0.009742
3385	0.829861	-0.000158	-0.007571
3386	0.822820	0.002088	-0.009549
3387	0.825810	0.001159	-0.005401
3388	0.834491	0.002320	-0.003086
3389	0.833526	0.000278	-0.004051
3390	0.829282	0.002319	-0.002025
3391	0.830054	-0.000865	0.003038
3392	0.828318	0.000733	0.002074
3393	0.832755	-0.000117	0.000289
3394	0.826100	0.002019	0.000579
3395	0.822145	0.002586	0.004003
3396	0.821759	0.001441	0.003424
3397	0.819734	0.001364	-0.002652
3398	0.823302	0.000803	-0.005353
3399	0.817708	0.001053	-0.005835
3400	0.823688	-0.000532	-0.007475
3401	0.821759	-0.001909	-0.005112
3402	0.825135	-0.000594	-0.002315
3403	0.819348	-0.002092	0.001206
3404	0.820120	-0.000400	-0.001784
3405	0.820409	-0.000672	-0.002652
3406	0.822724	-0.001372	-0.002315
3407	0.828414	0.000542	-0.001929
3408	0.827932	-0.001148	0.001013
3409	0.826003	0.002154	-0.005883
3410	0.831404	0.001189	-0.005546
3411	0.832658	-0.000332	-0.006655
3412	0.836516	0.001401	-0.005449
3413	0.831308	0.000216	-0.007668
3414	0.832948	0.000834	-0.012683
3415	0.834684	0.000978	-0.008102
3416	0.835648	0.002419	-0.008584
3417	0.831308	0.002853	-0.010706
3418	0.829475	-0.000096	-0.009066
3419	0.824267	0.001623	-0.014612
3420	0.827546	0.002107	-0.012105
3421	0.829765	0.001930	-0.009838
3422	0.835648	0.000050	-0.008729
3423	0.834201	-0.002020	-0.008873
3424	0.839024	-0.002338	-0.006318
3425	0.831019	-0.000804	-0.005932
3426	0.835841	-0.000034	-0.004196
3427	0.835166	-0.001664	-0.007137
3428	0.828993	-0.000854	-0.008777
3429	0.831887	0.000259	-0.011285
3430	0.831790	-0.000705	-0.011767
3431	0.834877	0.000907	-0.009211
3432	0.829958	-0.000583	-0.005015
3433	0.826003	-0.000451	-0.000241
3434	0.824171	0.000557	-0.000530
3435	0.828221	0.000374	-0.003810
3436	0.834684	0.001761	-0.008005
3437	0.841435	-0.000332	-0.006366
3438	0.836227	0.002345	-0.009549
3439	0.836130	-0.000165	-0.010706
3440	0.840181	0.002581	-0.007620
3441	0.834877	0.001293	-0.005546
3442	0.829572	-0.000186	-0.005787
3443	0.833044	0.001589	-0.006993
3444	0.830343	-0.000855	-0.007571
3445	0.835552	0.001917	-0.009452
3446	0.829186	-0.001479	-0.009886
3447	0.834201	0.001269	-0.007475
3448	0.836806	0.003068	-0.003713
3449	0.840181	0.000445	-0.006221
3450	0.841435	-0.003155	-0.002315
3451	0.842496	-0.002281	-0.009307
3452	0.835359	-0.002119	-0.009018
3453	0.838831	-0.000189	-0.009404
3454	0.829572	-0.001558	-0.007282
3455	0.830343	0.001271	-0.007716
3456	0.829572	0.001187	-0.008102
3457	0.825714	0.001088	-0.006366
3458	0.828414	0.000818	-0.006896
3459	0.826100	0.002296	-0.000048
3460	0.820505	0.001136	-0.001399
3461	0.828414	0.001790	-0.001881
3462	0.826389	0.001849	-0.002652
3463	0.823399	0.000241	-0.000965
3464	0.821566	-0.000033	0.001206
3465	0.819830	-0.001076	-0.002556
3466	0.820891	0.000768	-0.000627
3467	0.823302	0.002148	-0.004244
3468	0.816647	0.001659	0.000338
3469	0.818576	0.000152	0.000965
3470	0.822917	-0.000740	0.002170
3471	0.818866	0.000136	0.007427
3472	0.819348	0.000236	0.006993
3473	0.818383	-0.000877	0.007813
3474	0.819155	-0.001532	0.007234
3475	0.820313	-0.000758	0.007861
3476	0.820313	0.000816	0.008295
3477	0.818191	-0.000389	0.008439
3478	0.819444	0.002051	0.009066
3479	0.823881	0.000905	0.007571
3480	0.829379	0.000186	0.003328
3481	0.832658	-0.000832	0.004292
3482	0.828993	-0.001991	0.002797
3483	0.825521	-0.001231	0.001495
3484	0.822820	-0.000657	-0.000530
3485	0.826678	-0.000175	0.003038
3486	0.822917	0.000715	0.000772
3487	0.822434	0.000430	0.001350
3488	0.824846	0.000018	-0.000145
3489	0.818480	-0.001817	-0.004244
3490	0.820409	0.000089	-0.003954
3491	0.831211	0.000675	-0.004340
3492	0.822145	0.000205	-0.006752
3493	0.821952	0.000326	-0.005449
3494	0.822627	0.000705	-0.003810
3495	0.821084	-0.000245	-0.000916
3496	0.821470	-0.000705	-0.003183
3497	0.819348	0.000007	-0.002556
3498	0.822724	-0.000554	-0.005305
3499	0.824363	0.000468	-0.004437
3500	0.830922	-0.000053	-0.006221
3501	0.820988	0.000790	-0.003086
3502	0.829765	0.001138	-0.002845
3503	0.830150	0.000940	0.002025
3504	0.833526	-0.000306	-0.001399
3505	0.827064	-0.001150	-0.005787
3506	0.828125	0.000802	-0.002845
3507	0.821663	-0.000955	-0.003328
3508	0.824363	0.001173	-0.006607
3509	0.823013	-0.000213	-0.003038
3510	0.822049	0.001982	-0.005353
3511	0.824942	0.001104	-0.005642
3512	0.819830	-0.000195	-0.002218
3513	0.828029	0.000442	-0.000241
3514	0.824363	0.000034	-0.001157
3515	0.823399	-0.000154	-0.002556
3516	0.827643	0.000973	-0.004051
3517	0.827643	0.000295	-0.003858
3518	0.826678	-0.000581	-0.003858
3519	0.826678	-0.001254	-0.002990
3520	0.827353	-0.002276	-0.003376
3521	0.823302	-0.000856	-0.003810
3522	0.814718	-0.000440	-0.001013
3523	0.816454	0.000237	-0.000627
3524	0.814429	-0.001680	-0.004292
3525	0.820795	0.000054	-0.002508
3526	0.818866	0.000155	0.000386
3527	0.817130	0.000148	0.001302
3528	0.820023	-0.000813	0.000916
3529	0.828414	0.002013	0.002459
3530	0.827257	-0.000232	-0.004630
3531	0.825714	0.001016	-0.008102
3532	0.825135	-0.001519	-0.005160
3533	0.815201	-0.001296	-0.005835
3534	0.822338	-0.000083	-0.004099
3535	0.823495	0.000809	-0.007330
3536	0.825328	-0.001541	-0.005932
3537	0.831597	0.000829	-0.008825
3538	0.830826	-0.001000	-0.006414
3539	0.831115	-0.000960	-0.005739
3540	0.823399	0.000535	-0.006655
3541	0.821084	0.001202	-0.007716
3542	0.823881	0.000007	-0.000579
3543	0.826582	0.000845	-0.003472
3544	0.825907	-0.000671	-0.002267
3545	0.826582	0.000780	-0.003328
3546	0.823013	0.000811	-0.005691
3547	0.829475	0.001038	-0.001543
3548	0.833623	0.001561	-0.004051
3549	0.833912	0.001403	-0.001591
3550	0.834491	0.000971	-0.002797
3551	0.835552	-0.001938	0.002508
3552	0.834105	0.000939	0.001157
3553	0.836323	-0.000710	0.001013
3554	0.838927	0.000993	-0.001447
3555	0.841339	0.000539	-0.004244
3556	0.833526	-0.000331	-0.001447
3557	0.833526	0.001474	-0.004292
3558	0.828897	0.001254	0.002170
3559	0.823110	-0.001636	-0.003231
3560	0.827257	-0.001105	-0.001591
3561	0.827643	0.000379	0.001399
3562	0.830922	0.000125	-0.003376
3563	0.827450	0.001785	-0.004485
3564	0.830150	-0.000374	-0.004099
3565	0.832176	-0.000301	-0.003858
3566	0.829572	0.000454	0.001833
3567	0.830826	-0.001211	0.002604
3568	0.833526	0.000302	0.007620
3569	0.836998	0.001319	0.003665
3570	0.832562	0.000673	0.006173
3571	0.839892	-0.001907	0.011960
3572	0.845100	-0.002691	0.013551
3573	0.842110	-0.003189	0.006944
3574	0.841917	0.001174	0.005835
3575	0.837481	0.003363	0.006414
3576	0.838831	0.001892	0.002170
3577	0.835841	-0.001625	0.003762
3578	0.834394	0.001051	0.006414
3579	0.832176	0.003097	0.006703
3580	0.836420	0.000669	0.006655
3581	0.835359	0.000288	0.006510
3582	0.835938	-0.002425	0.004581
3583	0.831019	0.001719	0.001013
3584	0.829475	0.000230	0.002652
3585	0.826871	0.001156	-0.000096
3586	0.823881	0.001111	0.001977
3587	0.821952	0.000853	-0.003231
3588	0.822820	-0.000714	-0.004340
3589	0.822724	0.002192	-0.005353
3590	0.822338	0.002422	-0.004823
3591	0.820409	0.002907	-0.003762
3592	0.817419	0.000175	-0.004726
3593	0.821759	0.000508	0.000723
3594	0.824653	-0.000161	0.001061
3595	0.822627	-0.001195	0.002218
3596	0.831790	0.002577	0.002170
3597	0.825231	0.002065	0.007861
3598	0.824749	0.000665	0.005064
3599	0.823592	-0.002296	0.003472
3600	0.822724	0.000659	0.005401
3601	0.824846	0.001484	0.007668
3602	0.828221	0.000856	0.003810
3603	0.829186	0.000614	0.003038
3604	0.825617	-0.000599	0.003810
3605	0.826871	-0.000167	-0.002990
3606	0.823399	0.002616	-0.002025
3607	0.828511	0.001621	0.001109
3608	0.832562	-0.001475	0.002652
3609	0.829186	0.000264	0.009500
3610	0.830826	0.000479	0.010079
3611	0.828897	0.000053	0.009163
3612	0.827353	-0.000816	0.008777
3613	0.824749	-0.000623	0.010272
3614	0.831983	-0.000174	0.009645
3615	0.829379	-0.000711	0.003569
3616	0.827257	-0.001405	0.009500
3617	0.828029	-0.001325	0.008536
3618	0.820409	-0.001165	0.006703
3619	0.823302	0.000561	0.007137
3620	0.828511	0.000667	0.006993
3621	0.828221	0.001581	0.005305
3622	0.827353	0.001272	0.011188
3623	0.824942	-0.000387	0.014082
3624	0.825907	-0.001262	0.011815
3625	0.835552	0.003125	0.007571
3626	0.837095	0.000489	0.006510
3627	0.834877	-0.001004	0.002315
3628	0.831115	-0.000740	0.002894
3629	0.832369	-0.000170	0.001736
3630	0.837963	-0.000189	0.002363
3631	0.839217	-0.002638	0.002701
3632	0.837384	-0.001060	0.003858
3633	0.838156	0.000031	0.007571
3634	0.833623	0.002408	0.005015
3635	0.833237	0.000018	0.003762
3636	0.832948	-0.001044	0.006510
3637	0.830343	-0.001150	0.003954
3638	0.824846	0.000701	0.004437
3639	0.829572	-0.000694	0.007620
3640	0.832272	0.000572	0.004726
3641	0.830440	0.001766	0.005160
3642	0.836998	-0.001133	0.005498
3643	0.828125	-0.000257	0.004292
3644	0.826968	0.000209	0.001784
3645	0.826871	-0.001365	0.005353
3646	0.824460	0.000381	0.002652
3647	0.822917	-0.001537	0.006173
3648	0.824942	0.000243	0.005401
3649	0.820216	0.002360	0.010802
3650	0.829958	-0.000296	0.008632
3651	0.828125	0.000667	0.006173
3652	0.828221	0.000350	0.006028
3653	0.825039	0.003244	0.001447
3654	0.824749	0.000395	-0.000289
3655	0.826871	-0.000594	-0.000193
3656	0.836709	-0.000321	-0.001157
3657	0.836034	-0.000896	-0.001061
3658	0.833912	-0.001979	0.001447
3659	0.828800	0.000522	-0.000193
3660	0.823592	0.002236	0.004099
3661	0.822724	0.000157	0.003038
3662	0.822242	0.001379	0.001254
3663	0.821856	-0.000052	0.009404
3664	0.819830	0.001249	0.010513
3665	0.823785	-0.000987	0.011236
3666	0.824171	-0.001981	0.013744
3667	0.822627	-0.001452	0.011960
3668	0.820505	-0.002422	0.007909
3669	0.823206	0.000716	0.009211
3670	0.819927	0.001986	0.010079
3671	0.825424	0.001044	0.011671
3672	0.826292	0.001639	0.008488
3673	0.827257	0.000059	0.002170
3674	0.836227	0.003259	0.001061
3675	0.835166	0.000521	0.001977
3676	0.836902	0.003727	0.003665
3677	0.838349	-0.001253	0.001736
3678	0.843750	0.000024	0.002267
3679	0.844522	0.002176	0.002845
3680	0.844522	0.003084	0.002652
3681	0.844425	0.002025	0.003954
3682	0.842207	0.001288	0.001881
3683	0.849344	-0.000825	-0.000723
3684	0.842978	0.001818	0.003038
3685	0.840181	0.001979	0.003762
3686	0.843557	-0.001360	0.000579
3687	0.842978	-0.000812	0.001350
3688	0.840278	-0.000871	-0.002604
3689	0.832369	0.000936	0.000386
3690	0.832658	-0.002322	-0.001013
3691	0.834394	-0.002384	-0.004726
3692	0.833140	-0.000030	-0.001977
3693	0.831790	-0.000396	0.001061
3694	0.832755	-0.000176	0.000965
3695	0.833237	-0.002690	-0.001495
3696	0.843943	-0.000685	-0.005208
3697	0.839892	-0.000641	-0.005691
3698	0.842207	-0.003035	-0.008150
3699	0.843750	-0.000136	-0.007861
3700	0.845004	0.002227	-0.009549
3701	0.841242	-0.000349	-0.009645
3702	0.840374	0.001540	-0.008391
3703	0.841725	-0.000462	-0.003135
3704	0.840856	-0.002305	-0.008584
3705	0.840664	0.002217	-0.012008
3706	0.842014	0.001863	-0.009597
3707	0.848862	0.001228	-0.008054
3708	0.846933	0.004492	-0.011526
3709	0.844329	0.000343	-0.010995
3710	0.835262	-0.000250	-0.011912
3711	0.836420	0.004167	-0.006993
3712	0.837674	-0.001184	-0.005160
3713	0.838445	0.001488	-0.006607
3714	0.835262	-0.000001	-0.003858
3715	0.832079	0.001541	-0.001061
3716	0.825135	0.000415	-0.001929
3717	0.826775	-0.000317	0.002701
3718	0.820698	0.000721	-0.001206
3719	0.822820	-0.000194	-0.005401
3720	0.826678	-0.001515	-0.007861
3721	0.824653	-0.000949	-0.005015
3722	0.824074	-0.000298	-0.002411
3723	0.827546	-0.000417	-0.002411
3724	0.830729	-0.000839	0.000386
3725	0.836998	-0.000532	-0.001302
3726	0.836227	-0.001154	-0.003424
3727	0.833816	0.001771	-0.002315
3728	0.831404	0.000508	-0.001399
3729	0.831115	-0.000577	-0.001784
3730	0.831308	-0.001910	-0.001784
3731	0.823785	0.000392	-0.003376
3732	0.827353	0.001090	-0.002122
3733	0.831115	-0.001970	-0.000820
3734	0.834684	0.000663	-0.002025
3735	0.828414	-0.000673	-0.002363
3736	0.826775	-0.000329	-0.005257
3737	0.833430	0.002005	-0.002942
3738	0.834201	0.002123	-0.004630
3739	0.835745	0.001319	-0.004099
3740	0.840278	0.000988	-0.002025
3741	0.837481	-0.001042	-0.000193
3742	0.842207	-0.002140	-0.000241
3743	0.845968	-0.000100	-0.000916
3744	0.839603	-0.000746	-0.001591
3745	0.838349	-0.001787	-0.001495
3746	0.837384	-0.000486	-0.004389
3747	0.836130	0.002053	-0.006896
3748	0.831790	0.000085	-0.009452
3749	0.835455	0.002708	-0.005112
3750	0.838349	-0.000306	-0.004485
3751	0.836998	-0.000521	-0.010947
3752	0.835552	0.000054	-0.007475
3753	0.829958	0.001798	-0.007813
3754	0.828221	-0.000432	-0.004774
3755	0.828125	-0.003222	-0.005305
3756	0.831983	-0.000129	-0.005160
3757	0.835455	0.000296	0.000579
3758	0.835938	0.000956	-0.006076
3759	0.834877	0.001100	-0.000868
3760	0.830826	0.001352	0.000289
3761	0.831019	-0.002035	0.003762
3762	0.831983	-0.001496	0.004292
3763	0.835648	0.000574	0.004340
3764	0.834491	0.000141	0.003424
3765	0.831694	0.002855	0.001013
3766	0.827546	0.000587	-0.003424
3767	0.836227	0.000958	-0.004774
3768	0.834201	0.001988	-0.006559
3769	0.835745	0.000091	-0.006462
3770	0.839892	0.000173	-0.004967
3771	0.839506	0.000253	-0.001833
3772	0.845197	-0.001182	-0.004099
3773	0.841435	-0.001928	0.000048
3774	0.840953	-0.001385	-0.002170
3775	0.842400	-0.001373	-0.006607
3776	0.841725	-0.004442	-0.003665
3777	0.835745	0.000750	-0.001929
3778	0.836998	0.001933	0.000820
3779	0.836034	0.001481	-0.001013
3780	0.839796	0.000463	-0.000530
3781	0.852623	0.004079	-0.002025
3782	0.849923	0.002221	-0.003810
3783	0.850984	0.000646	-0.002797
3784	0.845197	0.000804	-0.002170
3785	0.836998	0.001032	-0.001591
3786	0.834491	-0.000032	-0.002845
3787	0.837191	0.001087	-0.002797
3788	0.834684	0.001821	-0.001833
3789	0.830633	0.001453	-0.003665
3790	0.831019	0.001144	-0.000193
3791	0.828125	0.000641	0.003328
3792	0.837770	0.001461	-0.002652
3793	0.840085	0.003124	-0.000241
3794	0.832562	-0.000625	-0.002363
3795	0.829958	0.000439	0.000338
3796	0.829572	-0.000137	-0.001640
3797	0.828221	0.000677	-0.001833
3798	0.829090	-0.000403	-0.003376
3799	0.829958	-0.000423	-0.002990
3800	0.830054	0.000979	-0.000530
3801	0.835359	0.000106	-0.003569
3802	0.833430	-0.001245	-0.003183
3803	0.839410	0.003834	-0.000965
3804	0.832369	0.001746	-0.001206
3805	0.824267	0.001915	0.000000
3806	0.829765	0.000813	-0.001640
3807	0.833526	0.000493	-0.000482
3808	0.832079	-0.000654	0.002411
3809	0.827160	-0.001032	0.001302
3810	0.822145	0.000538	-0.002797
3811	0.826871	0.000278	-0.005401
3812	0.825135	0.000440	-0.004678
3813	0.817612	0.001411	-0.003279
3814	0.819734	-0.000826	-0.004244
3815	0.819348	-0.000597	-0.003520
3816	0.825039	-0.000919	-0.001350
3817	0.821952	0.000098	-0.000434
3818	0.825521	0.000214	0.001254
3819	0.830729	0.000640	0.006076
3820	0.823110	0.001044	0.006993
3821	0.823399	0.001633	0.008343
3822	0.821856	0.001025	0.007716
3823	0.818576	0.001247	0.009211
3824	0.821277	-0.000384	0.008825
3825	0.821566	-0.000944	0.006028
3826	0.814429	0.000731	0.008922
3827	0.813079	0.001165	0.006559
3828	0.817419	0.001079	0.009211
3829	0.816165	-0.000722	0.009211
3830	0.819155	0.001654	0.010465
3831	0.815876	0.000076	0.015191
3832	0.818480	-0.001821	0.012539
3833	0.816840	-0.000407	0.015432
3834	0.811439	0.000391	0.014950
3835	0.812886	-0.000039	0.012924
3836	0.820795	-0.000310	0.009549
3837	0.822242	-0.000658	0.006703
3838	0.824074	-0.001863	0.008825
3839	0.829958	0.000894	0.007620
3840	0.825039	0.000638	0.005449
3841	0.825521	0.000681	0.005064
3842	0.832851	0.001152	0.000723
3843	0.831501	0.000130	0.002074
3844	0.827739	-0.000596	0.003086
3845	0.821470	-0.001416	0.000868
3846	0.825714	0.001111	0.000338
3847	0.819830	0.000241	0.001736
3848	0.820988	0.000565	-0.000048
3849	0.819541	0.000071	-0.003858
3850	0.819252	-0.000146	0.000482
3851	0.827739	0.000768	-0.000772
3852	0.827643	-0.000045	0.000772
3853	0.826003	0.001513	-0.004099
3854	0.822627	0.000658	-0.001833
3855	0.825328	-0.000917	-0.006028
3856	0.826292	0.001938	-0.007620
3857	0.832658	-0.000825	-0.006510
3858	0.834201	-0.000510	-0.005112
3859	0.829958	0.000729	-0.003183
3860	0.826871	-0.001745	-0.001254
3861	0.829186	0.001020	0.001013
3862	0.830729	0.001526	-0.001109
3863	0.829765	0.000489	-0.001495
3864	0.833140	0.000346	-0.002025
3865	0.834684	-0.000262	-0.003086
3866	0.833719	0.000593	-0.003328
3867	0.835938	0.001245	-0.001881
3868	0.831501	0.000061	-0.002749
3869	0.834684	-0.000469	-0.004726
3870	0.839410	-0.000696	-0.006993
3871	0.839410	-0.000435	-0.009404
3872	0.840664	-0.000419	-0.003376
3873	0.835552	-0.002238	-0.004147
3874	0.831404	-0.000602	-0.004196
3875	0.826100	0.001779	-0.004003
3876	0.829475	0.002507	-0.002894
3877	0.833430	-0.000833	0.001447
3878	0.832176	0.002091	-0.000916
3879	0.836902	0.003324	0.001109
3880	0.838445	0.003553	0.000145
3881	0.832755	0.001240	0.004196
3882	0.830633	0.000240	0.001495
3883	0.831019	-0.000182	0.006318
3884	0.821084	0.000880	-0.000820
3885	0.821181	-0.000303	-0.002604
3886	0.819252	0.001215	-0.001061
3887	0.828511	-0.000178	-0.003906
3888	0.830150	-0.001444	0.000868
3889	0.826678	0.001062	-0.001881
3890	0.833140	-0.000441	0.000048
3891	0.826003	0.000336	0.000820
3892	0.825714	0.000277	0.005787
3893	0.832658	0.000302	0.006269
3894	0.834201	0.002045	0.004726
3895	0.826678	-0.000269	0.000000
3896	0.826775	-0.000252	0.001109
3897	0.820891	0.000582	-0.000338
3898	0.823302	0.001820	0.004244
3899	0.826968	0.001152	0.003954
3900	0.830343	-0.001786	0.006269
3901	0.830440	-0.000105	0.003906
3902	0.826485	-0.001170	0.001929
3903	0.827160	-0.000680	0.002942
3904	0.828221	0.000176	0.005208
3905	0.825231	-0.000062	0.006752
3906	0.821952	0.001387	0.010031
3907	0.825810	-0.000826	0.008439
3908	0.827064	-0.000112	0.008343
3909	0.823206	-0.001069	0.007523
3910	0.820313	-0.000738	0.008488
3911	0.817805	-0.000704	0.004726
3912	0.829186	0.001233	0.004919
3913	0.830633	0.000828	0.005208
3914	0.826100	-0.000678	0.005932
3915	0.827546	0.000532	0.007427
3916	0.825521	-0.000312	0.006703
3917	0.828704	0.000983	0.004485
3918	0.828704	0.000696	0.002218
3919	0.830633	-0.000782	0.006559
3920	0.832465	-0.000560	0.003762
3921	0.832562	0.000903	0.004967
3922	0.828125	0.000360	0.003906
3923	0.834587	0.000324	-0.000434
3924	0.828221	0.000137	-0.000868
3925	0.835359	0.000698	-0.000579
3926	0.832948	0.001758	0.002363
3927	0.833912	0.000910	-0.000627
3928	0.829379	0.000609	0.002604
3929	0.826582	0.000011	0.001881
3930	0.830054	0.001637	0.002894
3931	0.825617	-0.000590	0.007330
3932	0.826003	0.000952	0.001302
3933	0.833623	0.001611	0.001157
3934	0.830247	0.000628	-0.004437
3935	0.827546	0.002296	-0.002459
3936	0.823495	0.000475	-0.003906
3937	0.825521	0.002599	-0.002025
3938	0.828125	0.002178	-0.002942
3939	0.831308	0.001767	-0.001929
3940	0.831211	-0.001499	-0.003665
3941	0.826196	0.000667	-0.005401
3942	0.825907	-0.001810	-0.005401
3943	0.829572	-0.001391	-0.007330
3944	0.832176	-0.000549	-0.005835
3945	0.835455	-0.001994	-0.006559
3946	0.836613	-0.000418	-0.003520
3947	0.832658	0.000492	-0.003279
3948	0.831019	0.001022	-0.001736
3949	0.827739	-0.000698	-0.003183
3950	0.826196	0.000855	-0.006269
3951	0.822434	0.001222	-0.003713
3952	0.829475	0.000778	-0.001495
3953	0.826003	-0.000099	0.000579
3954	0.828607	-0.000490	-0.002411
3955	0.821181	0.000311	0.000627
3956	0.821277	-0.000700	-0.002749
3957	0.818576	0.002261	-0.000627
3958	0.817805	-0.000963	0.003906
3959	0.818576	0.000897	0.000530
3960	0.816358	0.002287	-0.000338
3961	0.820120	0.000719	-0.001013
3962	0.830054	0.002524	-0.003038
3963	0.821952	-0.000862	-0.006752
3964	0.827643	0.000455	-0.010754
3965	0.825907	-0.000032	-0.010176
3966	0.825231	-0.000494	-0.008729
3967	0.823881	-0.001645	-0.004051
3968	0.824942	-0.001790	-0.002604
3969	0.828029	0.000274	-0.004340
3970	0.832079	0.000036	-0.001157
3971	0.839024	0.000298	-0.002025
3972	0.843268	0.000894	0.002170
3973	0.836902	0.001774	0.000868
3974	0.839506	-0.000890	0.000386
3975	0.839024	-0.000699	-0.004919
3976	0.843654	-0.002413	-0.005257
3977	0.842593	-0.000591	-0.005305
3978	0.843943	-0.001578	-0.003520
3979	0.842689	-0.001083	-0.002459
3980	0.837288	-0.000964	-0.001640
3981	0.834780	0.000636	-0.003231
3982	0.832851	0.000580	-0.001688
3983	0.836130	0.000742	0.004485
3984	0.833816	-0.000823	0.002701
3985	0.836998	-0.000703	0.002074
3986	0.837963	0.000032	0.003328
3987	0.833140	-0.000193	0.002942
3988	0.828029	0.001778	-0.000289
3989	0.827739	0.000567	-0.002315
3990	0.827160	0.000913	-0.002990
3991	0.829668	-0.000343	-0.007089
3992	0.833237	-0.000535	-0.007089
3993	0.839217	0.000038	-0.004630
3994	0.838445	-0.001245	-0.004581
3995	0.837674	-0.000187	-0.003472
3996	0.831887	0.001277	-0.005691
3997	0.830826	0.000769	-0.012249
3998	0.822531	0.001423	-0.007620
3999	0.828318	0.001005	-0.010995
4000	0.830922	0.000608	-0.010851
4001	0.831694	-0.000304	-0.014034
4002	0.831211	0.000931	-0.014323
4003	0.831887	-0.000903	-0.014178
4004	0.829861	0.000001	-0.008970
4005	0.830247	0.001165	-0.007668
4006	0.830440	0.002058	-0.010079
4007	0.831887	0.001381	-0.007764
4008	0.829765	0.000916	-0.007137
4009	0.833719	0.001825	-0.007089
4010	0.832176	0.000633	-0.006993
4011	0.834105	0.000004	-0.008488
4012	0.837577	-0.000565	-0.007571
4013	0.834105	-0.000446	-0.007716
4014	0.833237	0.000251	-0.005498
4015	0.836902	-0.000193	-0.000048
4016	0.832851	0.000736	-0.000916
4017	0.827353	-0.001000	0.002604
4018	0.824267	-0.002379	0.002459
4019	0.823495	0.000532	0.002749
4020	0.822820	0.001244	0.003520
4021	0.826292	-0.000482	0.005112
4022	0.832272	0.000950	0.004003
4023	0.840278	-0.001424	0.002170
4024	0.842978	0.000060	0.003569
4025	0.838349	-0.000612	0.006173
4026	0.837577	0.000258	0.006269
4027	0.838445	0.001817	0.003086
4028	0.838445	-0.000934	0.001495
4029	0.839313	0.000226	0.003954
4030	0.834587	0.001922	0.002797
4031	0.836709	0.004127	0.003713
4032	0.841725	0.003555	0.000965
4033	0.843171	-0.000851	0.002508
4034	0.847222	-0.002497	-0.001350
4035	0.840181	-0.000849	-0.000868
4036	0.835648	-0.003375	-0.000482
4037	0.841435	-0.000384	0.001688
4038	0.838156	-0.000540	0.001640
4039	0.842400	-0.000065	0.001350
4040	0.842882	-0.000831	0.000145
4041	0.839892	0.000611	0.000530
4042	0.836806	-0.000757	0.001929
4043	0.832272	-0.000034	0.006607
4044	0.834684	0.001659	0.010031
4045	0.839120	0.001062	0.010465
4046	0.840085	-0.001053	0.009066
4047	0.836998	-0.002299	0.006462
4048	0.833140	-0.000077	0.007378
4049	0.833333	-0.000062	0.005160
4050	0.826678	-0.000272	0.003424
4051	0.823592	-0.000366	0.008439
4052	0.820120	0.001204	0.004340
4053	0.828800	-0.000702	0.002411
4054	0.826968	0.000398	0.002459
4055	0.825810	0.000750	0.002652
4056	0.820216	-0.000808	-0.000772
4057	0.826968	-0.000560	0.001929
4058	0.831019	0.000611	0.002363
4059	0.834780	-0.002004	0.002074
4060	0.833044	-0.000060	0.001929
4061	0.836034	0.003887	-0.001591
4062	0.839313	0.000289	-0.001833
4063	0.831597	-0.001371	-0.003231
4064	0.828897	-0.000126	-0.003569
4065	0.828221	-0.001782	-0.002074
4066	0.830633	0.000105	-0.004244
4067	0.836323	-0.000715	-0.003665
4068	0.830536	-0.000392	-0.003135
4069	0.829475	-0.001721	-0.006848
4070	0.822434	-0.001525	0.001206
4071	0.828993	-0.001320	0.000772
4072	0.829090	-0.001698	0.000048
4073	0.828221	0.000748	0.007330
4074	0.828414	0.000529	0.002267
4075	0.836998	-0.001057	0.002701
4076	0.838927	0.002123	0.000000
4077	0.840664	0.002413	0.001157
4078	0.839024	0.001844	0.005064
4079	0.839796	0.000242	-0.001833
4080	0.840953	-0.002342	-0.004099
4081	0.835455	0.000527	-0.001543
4082	0.833237	0.000273	-0.001591
4083	0.834780	0.000657	0.001061
4084	0.827160	-0.001156	-0.002894
4085	0.827836	-0.001031	-0.001688
4086	0.832658	-0.000083	-0.000868
4087	0.829765	0.000418	0.002990
4088	0.829282	-0.000370	0.004871
4089	0.830922	-0.000359	0.007475
4090	0.833140	-0.001824	0.001688
4091	0.831211	0.000267	-0.004051
4092	0.826389	-0.000520	-0.003424
4093	0.825424	0.000503	-0.007620
4094	0.820216	-0.000499	-0.006655
4095	0.821952	0.000001	-0.007813
4096	0.826485	0.000308	-0.003038
4097	0.826292	0.001168	-0.006173
4098	0.831790	-0.000704	-0.003954
4099	0.832272	-0.001146	-0.002267
4100	0.830150	-0.002331	-0.001833
4101	0.830054	-0.002663	-0.004678
4102	0.831983	-0.002607	-0.000965
4103	0.829379	-0.000095	0.001447
4104	0.830150	-0.000634	0.001977
4105	0.827257	0.000627	0.005594
4106	0.826775	-0.000700	0.002604
4107	0.831211	0.001066	0.005980
4108	0.829861	-0.000077	0.001640
4109	0.832948	-0.001218	0.002556
4110	0.829572	-0.000729	-0.001447
4111	0.833430	0.000238	0.000482
4112	0.831887	-0.000806	0.004726
4113	0.832658	0.000275	0.000627
4114	0.833430	0.000693	-0.002749
4115	0.827353	0.001368	-0.000386
4116	0.829765	0.001242	0.006848
4117	0.826582	0.001429	0.003135
4118	0.827739	0.000507	0.005642
4119	0.835552	-0.000453	0.002990
4120	0.834973	-0.001175	0.005498
4121	0.830536	-0.001248	0.010272
4122	0.831404	0.001609	0.007668
4123	0.831211	0.000935	0.004823
4124	0.832562	-0.000797	0.003376
4125	0.829861	-0.001933	0.002894
4126	0.831694	-0.001331	0.004485
4127	0.834105	0.002146	0.001640
4128	0.831308	0.001353	0.001399
4129	0.828029	0.001005	0.004726
4130	0.827450	-0.000430	0.005305
4131	0.819637	-0.000869	0.005498
4132	0.822434	0.000915	0.004389
4133	0.818383	0.001492	0.005353
4134	0.815297	0.000057	0.004630
4135	0.816165	0.000278	0.006125
4136	0.825039	0.001218	0.006848
4137	0.825424	0.000968	0.007186
4138	0.821663	0.000509	0.002459
4139	0.823495	-0.000625	0.003713
4140	0.825521	-0.001047	0.001399
4141	0.822434	-0.002467	-0.001688
4142	0.824074	0.000468	0.002267
4143	0.827739	-0.000051	0.004533
4144	0.829475	0.001446	0.004726
4145	0.831019	0.000781	0.005160
4146	0.824749	-0.000430	0.001881
4147	0.821277	-0.001279	0.001977
4148	0.820409	0.000461	0.001061
4149	0.813368	0.001308	-0.001784
4150	0.813657	0.001483	-0.001736
4151	0.818383	0.001170	-0.003376
4152	0.817612	0.001850	0.004244
4153	0.819541	-0.000796	-0.000434
4154	0.825424	0.001912	0.001399
4155	0.824556	0.001007	0.000096
4156	0.828511	0.002408	0.002122
4157	0.828800	0.000888	-0.000820
4158	0.829572	0.000090	-0.000675
4159	0.826968	0.001010	-0.001977
4160	0.826389	0.001870	-0.002942
4161	0.831115	0.000881	0.003279
4162	0.826871	-0.001174	-0.001109
4163	0.829958	0.001291	-0.001495
4164	0.833044	0.000416	-0.000965
4165	0.829090	0.000796	0.000579
4166	0.836516	0.002227	0.000965
4167	0.835552	0.000837	0.001736
4168	0.837481	-0.000039	-0.001013
4169	0.835455	0.000691	0.000772
4170	0.835069	0.001699	0.000386
4171	0.839313	0.000776	0.002122
4172	0.840856	-0.001047	0.004051
4173	0.843943	-0.001536	0.002894
4174	0.846547	0.000192	0.002749
4175	0.846644	0.001835	0.004726
4176	0.847801	0.000018	0.009259
4177	0.852816	-0.002380	0.010658
4178	0.848476	-0.001626	0.006655
4179	0.838156	0.002443	0.008054
4180	0.842207	0.001639	0.008391
4181	0.842303	0.002082	0.010947
4182	0.839699	0.000472	0.011429
4183	0.846644	-0.000318	0.012490
4184	0.846065	0.000399	0.005498
4185	0.847222	0.001981	0.007571
4186	0.857157	0.004883	0.004051
4187	0.852527	0.001706	0.005112
4188	0.844907	0.001533	-0.000096
4189	0.845197	0.001387	-0.002363
4190	0.846547	0.001055	-0.001157
4191	0.844136	-0.000732	-0.001591
4192	0.840856	0.000767	0.000916
4193	0.838445	0.000614	-0.000482
4194	0.838638	-0.000672	0.000627
4195	0.836902	0.002019	0.001784
4196	0.835262	0.000571	-0.002701
4197	0.834780	0.000959	-0.000193
4198	0.831501	-0.001895	-0.001495
4199	0.834684	-0.001448	0.001447
4200	0.830922	0.001871	-0.000048
4201	0.826582	-0.001316	-0.003135
4202	0.823978	0.000248	-0.001591
4203	0.820216	0.001979	-0.004051
4204	0.822627	0.000027	-0.003569
4205	0.823399	0.000706	-0.006076
4206	0.822820	0.000263	-0.005353
4207	0.815394	0.000520	-0.004823
4208	0.814718	-0.000960	-0.003183
4209	0.817708	-0.000264	-0.004581
4210	0.818866	-0.000245	-0.001399
4211	0.815490	0.001183	-0.007041
4212	0.820698	-0.000307	-0.007523
4213	0.821277	-0.000225	-0.007282
4214	0.826100	0.001158	-0.008681
4215	0.826100	-0.001723	-0.005642
4216	0.825810	-0.000535	-0.003376
4217	0.827546	0.000172	-0.000916
4218	0.826968	-0.000839	0.003762
4219	0.825231	-0.000403	0.006752
4220	0.822917	-0.001467	0.004244
4221	0.822531	-0.000022	0.005787
4222	0.827160	0.001993	0.004437
4223	0.825810	0.000443	0.006173
4224	0.826485	0.000020	0.009983
4225	0.824653	-0.000259	0.003279
4226	0.828029	-0.000467	0.007813
4227	0.830922	0.000877	0.006318
4228	0.839024	-0.000559	0.007861
4229	0.828897	0.000051	0.007186
4230	0.835552	0.000300	0.003183
4231	0.829958	0.001987	-0.000965
4232	0.830922	0.001098	0.004823
4233	0.833816	0.001597	0.006269
4234	0.830633	-0.000271	0.008054
4235	0.831404	0.000631	0.007571
4236	0.826775	0.003124	0.009934
4237	0.820023	0.000930	0.009066
4238	0.824460	0.001120	0.006028
4239	0.826775	-0.001258	0.005883
4240	0.825328	-0.001276	0.001447
4241	0.825328	-0.000225	0.005112
4242	0.825617	0.000173	0.003231
4243	0.827932	0.000065	0.000386
4244	0.821952	0.001068	0.005932
4245	0.823688	0.002014	0.002604
4246	0.825135	0.000113	0.001688
4247	0.826968	0.000325	0.002315
4248	0.829186	0.002577	0.001447
4249	0.819252	0.002069	0.002604
4250	0.826678	-0.000976	-0.002267
4251	0.823495	0.000789	0.001109
4252	0.819059	0.001131	0.002652
4253	0.823688	0.001737	0.003713
4254	0.827064	0.001163	0.004099
4255	0.826678	0.002661	0.000338
4256	0.827257	0.000941	0.000772
4257	0.821856	0.001945	-0.003279
4258	0.835648	0.002128	-0.003183
4259	0.838831	0.000143	0.005305
4260	0.834877	-0.002211	0.004533
4261	0.830343	0.000499	0.003906
4262	0.826678	0.000803	0.002267
4263	0.829282	-0.000770	0.004967
4264	0.832176	-0.000924	0.004389
4265	0.831019	0.002780	0.001302
4266	0.822627	0.002231	0.000048
4267	0.828318	0.001412	0.001881
4268	0.828318	0.001324	-0.000289
4269	0.829861	0.001129	-0.002267
4270	0.831790	0.000807	-0.002170
4271	0.831404	0.002002	-0.002701
4272	0.836613	-0.003158	-0.001013
4273	0.844522	-0.001997	-0.001929
4274	0.841435	0.000318	-0.001543
4275	0.837191	0.000628	0.000627
4276	0.837288	-0.000665	-0.000482
4277	0.843654	-0.001200	0.000868
4278	0.845486	-0.000371	-0.001254
4279	0.838156	-0.002863	-0.002218
4280	0.833912	-0.002317	-0.001977
4281	0.835166	-0.000477	0.000723
4282	0.836323	-0.001351	-0.000145
4283	0.841435	-0.001168	-0.000241
4284	0.839024	-0.002121	-0.000965
4285	0.836420	-0.000950	-0.006752
4286	0.839120	0.000403	-0.004630
4287	0.829861	-0.000307	-0.005401
4288	0.826100	0.000730	-0.001736
4289	0.824749	-0.000741	-0.001929
4290	0.824556	-0.000018	-0.004292
4291	0.829958	-0.000176	-0.002990
4292	0.825907	-0.001530	-0.000530
4293	0.822338	-0.001056	-0.004533
4294	0.813754	-0.001702	-0.002797
4295	0.818866	-0.000880	-0.004051
4296	0.816551	0.000704	-0.007620
4297	0.815683	0.000013	-0.003038
4298	0.822049	0.002686	-0.004823
4299	0.820313	0.000302	-0.001591
4300	0.820891	-0.001422	-0.001447
4301	0.828125	-0.001404	-0.000916
4302	0.831211	0.000319	0.000675
4303	0.825039	-0.001249	-0.000627
4304	0.822049	-0.000077	0.000338
4305	0.824460	0.000188	0.001254
4306	0.827353	0.001082	-0.000096
4307	0.819637	-0.001093	0.001447
4308	0.826389	0.000422	0.002122
4309	0.826389	0.000956	0.002556
4310	0.820891	0.000152	0.001688
4311	0.823688	-0.000132	0.001254
4312	0.820505	-0.001347	0.002459
4313	0.818866	-0.000519	0.000386
4314	0.816165	0.001000	0.000434
4315	0.819252	-0.002124	-0.001399
4316	0.819348	-0.001082	0.000530
4317	0.813465	0.001734	-0.005353
4318	0.816358	-0.000240	-0.008439
4319	0.820313	0.000430	-0.005883
4320	0.826292	0.000895	-0.008970
4321	0.825521	-0.000380	-0.007813
4322	0.816937	0.000625	-0.005787
4323	0.821373	0.000889	-0.004051
4324	0.824749	-0.000195	-0.004389
4325	0.822917	-0.000570	-0.004244
4326	0.823688	-0.000409	-0.007571
4327	0.826196	0.001334	0.000916
4328	0.817130	-0.000495	-0.002459
4329	0.828125	-0.001534	0.003617
4330	0.818383	-0.000506	0.002894
4331	0.819541	0.000150	0.005642
4332	0.821759	0.000236	0.001833
4333	0.818673	-0.000439	0.000530
4334	0.827643	0.002051	0.004533
4335	0.828221	0.000460	0.003810
4336	0.824749	-0.000248	0.001591
4337	0.815876	-0.000436	0.002170
4338	0.818673	-0.000363	0.000772
4339	0.828993	0.000530	-0.000820
4340	0.824653	0.001792	-0.003328
4341	0.821759	0.000478	-0.002025
4342	0.829282	0.001846	-0.001929
4343	0.827450	0.000203	0.000723
4344	0.830633	-0.000814	0.007909
4345	0.829572	-0.000339	0.006944
4346	0.834008	-0.000780	0.005015
4347	0.828993	-0.001003	0.005546
4348	0.825135	-0.000756	0.004099
4349	0.831211	-0.000687	0.004051
4350	0.835455	-0.000433	0.004726
4351	0.835166	0.000775	0.002797
4352	0.833237	-0.001675	0.000434
4353	0.838927	-0.001035	-0.002363
4354	0.842978	0.002049	-0.002411
4355	0.838156	-0.000041	-0.003569
4356	0.839892	0.000891	-0.000289
4357	0.839892	0.000973	-0.000772
4358	0.836902	0.001106	0.003858
4359	0.834587	0.001718	0.002122
4360	0.836420	0.002635	-0.002942
4361	0.829958	0.000705	-0.003472
4362	0.833912	0.000474	-0.002218
4363	0.840278	0.002698	-0.002604
4364	0.846065	-0.001119	-0.006173
4365	0.848380	-0.000366	-0.004967
4366	0.842882	-0.002078	-0.004630
4367	0.836130	0.000102	-0.005787
4368	0.836420	0.001497	-0.000482
4369	0.840085	-0.000117	-0.002025
4370	0.840760	-0.000861	-0.000096
4371	0.835745	-0.000672	-0.002315
4372	0.839603	-0.001308	-0.000530
4373	0.836613	-0.001438	-0.004147
4374	0.832176	-0.003262	-0.000868
4375	0.822917	-0.001527	-0.005401
4376	0.829765	-0.000917	-0.004292
4377	0.831694	-0.003508	-0.001833
4378	0.824942	-0.000478	0.001013
4379	0.827643	-0.001928	0.002025
4380	0.827546	0.000574	0.000675
4381	0.831308	-0.001364	-0.001688
4382	0.830343	-0.000672	0.003183
4383	0.830440	-0.001936	0.001302
4384	0.826003	0.000797	0.005208
4385	0.821566	0.001219	0.000096
4386	0.820698	0.002730	-0.002025
4387	0.822434	0.000872	0.000627
4388	0.831404	0.001101	0.000772
4389	0.826678	-0.000046	-0.000530
4390	0.825135	-0.000364	-0.002074
4391	0.831887	-0.002035	-0.006510
4392	0.831019	-0.001900	-0.007186
4393	0.833044	-0.000359	-0.002556
4394	0.823399	-0.000201	-0.003713
4395	0.834201	0.000146	-0.006655
4396	0.830440	0.001109	-0.005498
4397	0.832176	-0.001685	-0.007523
4398	0.837288	0.000470	-0.010079
4399	0.838831	0.000419	-0.008005
4400	0.843171	0.000528	-0.012394
4401	0.837288	-0.003642	-0.009404
4402	0.839506	-0.001665	-0.006703
4403	0.843557	-0.001614	-0.008247
4404	0.844039	-0.000047	-0.007620
4405	0.842207	0.000803	-0.007813
4406	0.842882	-0.001084	-0.005112
4407	0.837674	0.001585	-0.002990
4408	0.835552	-0.000709	-0.006125
4409	0.838445	0.001696	-0.008681
4410	0.833333	0.001270	-0.005208
4411	0.829572	0.000881	-0.009790
4412	0.832465	0.001610	-0.013262
4413	0.833623	0.001113	-0.013696
4414	0.837095	0.000561	-0.009163
4415	0.838735	0.000910	-0.005498
4416	0.839024	-0.000555	-0.006655
4417	0.842882	0.000623	-0.008247
4418	0.840953	0.000129	-0.008005
4419	0.838059	-0.000721	-0.011333
4420	0.847801	-0.000559	-0.011429
4421	0.839120	-0.001689	-0.008825
4422	0.838927	-0.000941	-0.006703
4423	0.840181	0.000774	-0.011574
4424	0.835938	-0.000926	-0.008922
4425	0.830922	0.000513	-0.007571
4426	0.829765	0.000899	-0.005160
4427	0.829572	-0.000452	0.002942
4428	0.828029	0.000492	0.000579
4429	0.827450	0.000402	-0.005112
4430	0.832562	-0.000169	-0.003906
4431	0.839796	-0.000120	-0.008005
4432	0.833044	0.001646	-0.010513
4433	0.838542	0.000342	-0.007282
4434	0.839410	0.004482	-0.004630
4435	0.833816	0.000862	-0.007668
4436	0.827353	0.003556	-0.007909
4437	0.826775	-0.000453	-0.009645
4438	0.820698	0.000754	-0.007764
4439	0.822049	-0.000039	-0.006366
4440	0.819348	0.000940	-0.006896
4441	0.821181	0.000395	-0.005160
4442	0.821663	-0.000412	-0.003858
4443	0.822338	0.000231	0.000723
4444	0.823881	-0.000248	-0.001399
4445	0.826582	0.001322	0.002411
4446	0.829958	0.000244	-0.001447
4447	0.834973	-0.000430	-0.001302
4448	0.834491	-0.001350	-0.000530
4449	0.834877	-0.001835	0.002845
4450	0.835455	0.000648	0.001881
4451	0.839024	-0.000224	0.002025
4452	0.839796	-0.001682	0.001784
4453	0.836902	-0.000543	-0.000579
4454	0.835166	-0.002271	0.000965
4455	0.832851	-0.001520	0.004003
4456	0.836034	-0.000197	0.001929
4457	0.838156	-0.000577	0.002411
4458	0.834201	0.002225	0.001688
4459	0.834201	-0.000906	0.003328
4460	0.833044	0.000868	0.005691
4461	0.835648	-0.002679	0.004823
4462	0.837288	-0.001500	0.003231
4463	0.843461	-0.001615	0.003713
4464	0.838059	-0.003688	0.007282
4465	0.837384	-0.002033	0.009597
4466	0.834587	-0.001492	0.008054
4467	0.833044	-0.002422	0.006510
4468	0.836130	0.000510	0.010610
4469	0.830826	0.000153	0.008054
4470	0.828029	0.001422	0.010851
4471	0.829090	0.001249	0.012587
4472	0.827064	-0.000309	0.013262
4473	0.828029	0.000167	0.011044
4474	0.821856	0.000100	0.009404
4475	0.819927	0.000491	0.011671
4476	0.821952	0.001382	0.010802
4477	0.823399	0.001115	0.011671
4478	0.827932	-0.000447	0.008391
4479	0.829379	0.001121	0.009886
4480	0.829090	-0.000500	0.012683
4481	0.831501	0.000830	0.008391
4482	0.828029	0.000565	0.005449
4483	0.824267	-0.000381	0.001929
4484	0.822820	-0.000449	0.007041
4485	0.823881	-0.001080	0.003762
4486	0.822917	-0.001471	0.006221
4487	0.828607	0.000242	0.006173
4488	0.832851	-0.000288	0.001640
4489	0.830247	-0.001132	0.002363
4490	0.823881	-0.000791	0.002170
4491	0.820891	0.000447	-0.002025
4492	0.830536	-0.000708	0.002508
4493	0.824267	-0.001620	0.005932
4494	0.828221	-0.000019	0.006028
4495	0.823785	0.000235	0.004147
4496	0.828607	-0.000487	0.002894
4497	0.830247	-0.001654	0.002315
4498	0.834684	0.002570	-0.002604
4499	0.827932	0.000364	0.000579
4500	0.826678	0.000543	0.002942
4501	0.826968	0.000358	-0.002074
4502	0.825424	-0.000255	0.002218
4503	0.833333	0.001582	-0.002315
4504	0.829572	0.001029	-0.003183
4505	0.823206	0.000539	-0.002797
4506	0.827257	-0.000911	0.002845
4507	0.828318	-0.001040	0.001784
4508	0.829282	-0.001074	0.003038
4509	0.838252	0.000381	0.003424
4510	0.836323	-0.000401	0.002315
4511	0.836323	0.000075	0.004051
4512	0.837191	-0.001086	0.002749
4513	0.831308	-0.001157	0.001591
4514	0.832755	-0.002540	0.005353
4515	0.834491	-0.000958	0.005883
4516	0.827353	-0.000024	0.006800
4517	0.829090	0.000121	0.007764
4518	0.825521	-0.000376	0.006752
4519	0.826485	-0.000170	0.007571
4520	0.822917	0.000259	0.002315
4521	0.823399	0.000164	0.002604
4522	0.832369	0.001324	0.003279
4523	0.832272	-0.000336	0.001109
4524	0.829475	0.000644	-0.002218
4525	0.833237	0.002662	-0.002604
4526	0.829186	0.000418	-0.003954
4527	0.829186	-0.000861	-0.002845
4528	0.829379	0.000818	0.001591
4529	0.832272	-0.000394	-0.001109
4530	0.832079	-0.000263	-0.002701
4531	0.825328	-0.001005	0.003424
4532	0.825135	-0.000889	0.000627
4533	0.828993	-0.002750	0.004630
4534	0.829475	-0.001447	0.003858
4535	0.832562	0.000389	0.007523
4536	0.831597	0.000497	0.010706
4537	0.832948	-0.001291	0.006800
4538	0.829090	-0.003156	0.010995
4539	0.836130	-0.001236	0.012056
4540	0.842785	0.001629	0.006028
4541	0.846258	0.000205	0.007378
4542	0.839699	0.001036	0.009066
4543	0.848573	0.001328	0.007764
4544	0.848862	0.001024	0.004340
4545	0.854456	0.002164	0.005835
4546	0.849826	0.002502	0.001929
4547	0.845775	0.001879	0.003424
4548	0.847222	0.000499	0.002170
4549	0.845100	-0.000501	0.002122
4550	0.844715	-0.001852	0.002122
4551	0.842689	-0.001175	0.000868
4552	0.842207	-0.001118	0.000965
4553	0.848187	0.002646	-0.000145
4554	0.845679	0.000136	0.001447
4555	0.850502	-0.000144	0.003183
4556	0.852623	0.000996	0.002942
4557	0.853299	-0.001542	0.001447
4558	0.861015	-0.000807	0.000482
4559	0.855710	0.000409	-0.002556
4560	0.843075	-0.001648	-0.001495
4561	0.842978	0.000245	0.001109
4562	0.834684	0.001202	0.001543
4563	0.839603	0.000114	-0.000193
4564	0.835938	0.000463	-0.002701
4565	0.826196	-0.001658	-0.001543
4566	0.832562	-0.001458	-0.005642
4567	0.834105	-0.001826	-0.004437
4568	0.831404	0.000283	-0.003424
4569	0.828800	0.000818	-0.002363
4570	0.824556	-0.000067	-0.000675
4571	0.831115	-0.000499	0.001254
4572	0.828607	-0.001003	-0.002025
4573	0.826003	-0.000324	-0.001833
4574	0.830150	0.000176	0.003135
4575	0.833044	0.000376	-0.004533
4576	0.837095	-0.000101	-0.000675
4577	0.837095	0.000089	0.001399
4578	0.837674	-0.000038	0.001640
4579	0.837770	-0.000407	-0.001013
4580	0.834780	-0.000055	0.002749
4581	0.828993	0.000521	0.002074
4582	0.826775	-0.000388	0.000145
4583	0.830440	0.000266	0.000772
4584	0.827739	0.000435	0.002074
4585	0.823399	0.002876	0.002459
4586	0.824171	0.001180	0.005064
4587	0.830536	-0.002833	0.006028
4588	0.834973	0.000778	0.002363
4589	0.833430	-0.001897	0.002315
4590	0.839120	-0.000108	0.001109
4591	0.835262	0.000931	0.003086
4592	0.833140	-0.000683	0.001784
4593	0.831501	0.004114	-0.002363
4594	0.824749	0.002471	-0.001061
4595	0.826003	0.000026	-0.000241
4596	0.826775	-0.000938	0.003810
4597	0.822531	0.001646	0.006993
4598	0.825810	-0.000103	0.005015
4599	0.828993	0.001639	0.004437
4600	0.832562	-0.000446	0.003424
4601	0.835455	-0.000748	0.001109
4602	0.837963	-0.002163	0.001736
4603	0.839506	-0.000882	-0.000096
4604	0.835552	-0.000727	-0.003135
4605	0.833816	-0.000950	0.001350
4606	0.840278	-0.001936	0.000193
4607	0.840181	0.001127	0.000145
4608	0.839796	0.000964	0.000530
4609	0.836806	0.000814	0.000868
4610	0.839024	0.002199	0.000965
4611	0.845486	0.000161	-0.001640
4612	0.842014	0.000506	0.000530
4613	0.832851	-0.001101	-0.003328
4614	0.832755	0.001401	-0.006607
4615	0.836130	0.000616	-0.002122
4616	0.833044	0.000079	0.002218
4617	0.834780	-0.000691	0.005112
4618	0.833237	0.000785	0.005208
4619	0.835841	-0.000282	0.007764
4620	0.833526	-0.002664	0.006703
4621	0.828318	0.000344	0.002363
4622	0.822627	-0.000535	0.002749
4623	0.823785	-0.001709	0.001399
4624	0.824749	-0.001444	-0.004533
4625	0.818576	-0.000328	-0.008970
4626	0.822531	-0.000500	-0.009307
4627	0.820795	0.000363	-0.007909
4628	0.822242	0.000499	-0.005449
4629	0.825424	0.001718	-0.006752
4630	0.827739	0.002040	-0.005015
4631	0.828221	0.001298	-0.005932
4632	0.833333	-0.001166	-0.005257
4633	0.837384	-0.001348	-0.009500
4634	0.839410	0.001290	-0.003038
4635	0.836709	-0.000705	0.002315
4636	0.832562	-0.000441	0.002363
4637	0.834008	-0.000304	0.003810
4638	0.832465	0.001668	0.003954
4639	0.834684	-0.000626	0.007571
4640	0.840856	0.000882	0.002990
4641	0.839120	0.000326	0.002074
4642	0.836130	0.001236	0.001206
4643	0.838831	-0.000256	0.005112
4644	0.839024	0.000613	0.001640
4645	0.833816	-0.000955	-0.002074
4646	0.832948	0.003227	0.002459
4647	0.835455	-0.000924	-0.000096
4648	0.834491	-0.000899	0.002652
4649	0.836516	-0.001260	0.002170
4650	0.838831	-0.001723	0.003810
4651	0.836806	-0.004186	0.002556
4652	0.833237	-0.000702	0.005064
4653	0.832465	-0.001351	0.004581
4654	0.829861	0.000346	0.004581
4655	0.834394	-0.001956	0.005305
4656	0.842689	-0.000189	0.007475
4657	0.844522	0.000005	0.001736
4658	0.837384	-0.001506	-0.000530
4659	0.834201	0.002506	0.001640
4660	0.832851	0.000673	-0.004196
4661	0.838059	0.001663	-0.002363
4662	0.835262	0.000680	0.001543
4663	0.834780	0.000340	0.001254
4664	0.832948	0.002597	0.002411
4665	0.827836	0.001452	0.002990
4666	0.832755	-0.001107	0.004967
4667	0.831308	0.001853	0.001447
4668	0.829475	0.001831	0.001688
4669	0.831115	-0.000531	0.003858
4670	0.835938	0.000497	0.007764
4671	0.840664	0.001251	0.004147
4672	0.835552	-0.002431	-0.000241
4673	0.838542	-0.002127	-0.002797
4674	0.841339	0.000432	-0.003183
4675	0.837384	0.001177	-0.002604
4676	0.833140	0.002715	-0.005015
4677	0.829861	0.000960	-0.000241
4678	0.832658	0.000324	0.000193
4679	0.831211	0.000391	0.001784
4680	0.827643	0.001484	0.002604
4681	0.833237	0.000764	0.004630
4682	0.828125	0.000243	0.001206
4683	0.833237	0.001645	-0.000048
4684	0.831597	0.000632	0.001206
4685	0.829668	-0.001545	-0.000482
4686	0.830536	-0.000039	0.000241
4687	0.836130	-0.001912	0.001736
4688	0.833526	-0.000306	0.004340
4689	0.831211	-0.001831	0.001447
4690	0.834394	-0.001382	-0.001109
4691	0.839988	-0.000090	-0.003617
4692	0.845872	-0.000748	-0.004292
4693	0.847994	0.002087	-0.003086
4694	0.849633	0.002783	-0.002170
4695	0.846644	0.002071	-0.004871
4696	0.841725	0.002183	-0.005160
4697	0.839892	0.001078	-0.002074
4698	0.840471	0.000393	-0.003231
4699	0.837095	0.001144	-0.000482
4700	0.835938	0.000319	-0.005594
4701	0.835069	0.000531	-0.002990
4702	0.838349	0.000550	-0.007668
4703	0.835359	0.001579	-0.005401
4704	0.837963	0.001495	-0.002170
4705	0.836613	-0.001180	-0.002363
4706	0.834298	-0.000058	-0.001881
4707	0.823881	0.000722	0.000096
4708	0.831211	0.000618	0.001591
4709	0.829475	0.000674	-0.000916
4710	0.835359	-0.000471	0.001640
4711	0.837770	0.002376	0.006366
4712	0.840181	0.001506	0.001495
4713	0.837191	0.001888	0.005112
4714	0.834877	0.002975	0.006318
4715	0.829282	0.000060	-0.001399
4716	0.827064	-0.001718	0.001784
4717	0.826968	-0.001380	0.004678
4718	0.832658	-0.000882	0.006752
4719	0.828897	-0.000298	0.002797
4720	0.830343	0.000281	0.006655
4721	0.834298	-0.000021	0.005594
4722	0.829958	-0.001238	-0.000868
4723	0.837191	0.000989	0.003954
4724	0.830826	0.001641	0.001206
4725	0.840567	0.002588	0.002652
4726	0.840085	-0.001890	0.004919
4727	0.839603	-0.001596	0.003424
4728	0.840760	-0.002881	0.002411
4729	0.834684	0.000027	0.005208
4730	0.842785	0.001565	0.008198
4731	0.845583	0.000034	0.006800
4732	0.837770	-0.001394	0.013696
4733	0.836902	-0.000864	0.009259
4734	0.840664	-0.000426	0.010561
4735	0.842400	0.000414	0.009549
4736	0.837963	0.001339	0.009645
4737	0.836130	-0.000269	0.010899
4738	0.836709	0.000897	0.007620
4739	0.835745	0.001436	0.008632
4740	0.836323	0.001000	0.006703
4741	0.836613	0.002570	0.005594
4742	0.833816	0.001196	0.009259
4743	0.835262	-0.000315	0.009115
4744	0.841339	-0.001964	0.009645
4745	0.834394	0.001044	0.006221
4746	0.835359	0.001731	0.006896
4747	0.830343	-0.000606	0.005449
4748	0.835262	0.000842	0.003472
4749	0.835359	-0.001091	0.005642
4750	0.833140	0.000517	0.006028
4751	0.836516	-0.001656	0.004871
4752	0.832465	-0.002435	0.000820
4753	0.831019	0.000697	0.000772
4754	0.834105	0.000620	0.002508
4755	0.841242	-0.000914	-0.000627
4756	0.840760	-0.000094	0.001447
4757	0.837095	-0.001176	-0.002556
4758	0.838445	-0.002084	-0.000868
4759	0.839603	-0.001610	-0.002508
4760	0.836998	-0.000703	0.002363
4761	0.828607	0.000543	0.000241
4762	0.829668	0.000462	-0.002459
4763	0.829958	0.000371	-0.000193
4764	0.829379	0.000171	0.002749
4765	0.826871	0.000542	0.001254
4766	0.829765	0.001227	-0.001109
4767	0.829090	0.002550	0.000916
4768	0.827353	0.000942	-0.004340
4769	0.826389	-0.000343	-0.000482
4770	0.822917	-0.001594	-0.003279
4771	0.822917	0.001326	-0.001157
4772	0.830826	0.000275	-0.000482
4773	0.833430	0.000691	-0.002315
4774	0.833623	0.001929	-0.009211
4775	0.833237	-0.000064	-0.005160
4776	0.830922	-0.001225	-0.011381
4777	0.822917	-0.001024	-0.010754
4778	0.820988	-0.001750	-0.013117
4779	0.825424	-0.000933	-0.011526
4780	0.831115	-0.001755	-0.006125
4781	0.826389	-0.000505	-0.007957
4782	0.824846	-0.002112	-0.003858
4783	0.823110	0.001249	-0.003906
4784	0.824556	-0.002416	-0.002218
4785	0.828414	0.000161	-0.004003
4786	0.829475	-0.000653	-0.001640
4787	0.834877	0.000092	-0.001688
4788	0.831404	-0.000567	-0.005932
4789	0.831597	0.000516	-0.007186
4790	0.825714	0.000187	-0.004871
4791	0.827450	-0.000720	-0.006703
4792	0.826871	0.001491	-0.000289
4793	0.827257	-0.000311	0.000048
4794	0.832176	-0.000600	-0.004630
4795	0.833912	-0.001063	-0.005691
4796	0.829668	0.000772	-0.008729
4797	0.830729	-0.000447	-0.010513
4798	0.829668	-0.004248	-0.009452
4799	0.829379	-0.001497	-0.008873
4800	0.831694	-0.002016	-0.009983
4801	0.831983	0.000468	-0.004389
4802	0.832562	0.001618	-0.004437
4803	0.824363	-0.000396	-0.005835
4804	0.828993	-0.000614	-0.006848
4805	0.828607	-0.000631	-0.004533
4806	0.829572	0.000849	-0.003183
4807	0.829475	0.001794	-0.002170
4808	0.829958	-0.001606	-0.005739
4809	0.834780	-0.001848	-0.010320
4810	0.834877	-0.001655	-0.009934
4811	0.834780	0.000525	-0.014226
4812	0.832851	-0.000007	-0.004774
4813	0.833623	0.000194	-0.007571
4814	0.830150	0.000600	-0.006655
4815	0.833140	-0.000083	-0.007137
4816	0.834394	-0.001741	-0.006510
4817	0.833044	-0.002218	-0.008295
4818	0.831887	-0.001437	-0.010079
4819	0.838735	-0.002298	-0.009163
4820	0.840567	-0.000225	-0.005932
4821	0.837867	0.002032	-0.004437
4822	0.829186	0.001074	0.000868
4823	0.828800	-0.000773	-0.000530
4824	0.834394	0.000298	-0.002074
4825	0.835552	-0.000509	0.000338
4826	0.826196	-0.000693	0.001736
4827	0.824171	-0.000914	0.000241
4828	0.831887	0.001153	-0.002508
4829	0.836227	-0.000468	0.002942
4830	0.838156	0.000011	-0.000096
4831	0.834105	-0.001221	-0.000723
4832	0.833526	-0.001493	-0.003665
4833	0.833333	0.001182	0.001977
4834	0.830054	-0.000046	-0.002267
4835	0.828897	0.001301	-0.002363
4836	0.832755	-0.000895	0.001013
4837	0.831887	0.000436	0.005691
4838	0.834298	0.000376	0.003665
4839	0.829572	0.000308	0.006221
4840	0.831887	-0.002034	0.005691
4841	0.832755	0.001277	0.003810
4842	0.834394	-0.000885	0.001206
4843	0.836130	-0.001071	-0.005257
4844	0.839603	-0.000234	-0.004823
4845	0.835166	-0.001426	-0.008825
4846	0.838831	0.001605	-0.010754
4847	0.838252	-0.000767	-0.006462
4848	0.839024	0.001064	-0.001591
4849	0.835745	0.001774	0.002218
4850	0.834684	0.000879	0.003328
4851	0.833816	-0.001272	0.000965
4852	0.832272	0.001274	-0.000627
4853	0.833140	-0.000081	0.000675
4854	0.831790	-0.001613	-0.000289
4855	0.833237	-0.000707	0.004630
4856	0.834201	-0.000028	0.002025
4857	0.834684	-0.000547	0.003038
4858	0.835262	-0.000311	0.005787
4859	0.830922	-0.000185	0.006028
4860	0.830536	-0.000425	0.007571
4861	0.834587	-0.000433	0.009404
4862	0.831211	-0.000095	0.007668
4863	0.828125	0.001534	0.005883
4864	0.830633	0.002092	0.008295
4865	0.835648	0.001487	0.004533
4866	0.830343	0.000760	0.006269
4867	0.833719	-0.001481	0.005401
4868	0.835745	0.001309	0.003520
4869	0.839796	-0.000862	0.001495
4870	0.841532	-0.002355	0.002459
4871	0.845100	-0.001660	0.005160
4872	0.844039	-0.004836	0.004292
4873	0.843461	-0.003536	0.004340
4874	0.836130	-0.001359	0.001977
4875	0.837770	0.000481	0.002604
4876	0.839796	-0.000380	0.003279
4877	0.834587	0.000734	0.002652
4878	0.839024	-0.000665	0.004147
4879	0.838638	0.000641	0.001736
4880	0.848380	0.001021	0.003569
4881	0.840567	0.000235	0.002122
4882	0.841628	0.002965	0.004147
4883	0.839988	0.001107	0.007475
4884	0.839120	0.000773	0.005498
4885	0.838542	-0.000433	0.005594
4886	0.832562	0.002568	0.005015
4887	0.831211	0.000536	0.005064
4888	0.833719	-0.000695	0.005980
4889	0.833430	0.001912	0.006269
4890	0.834008	0.001390	0.007861
4891	0.842014	0.000764	0.007330
4892	0.838638	-0.001512	0.004533
4893	0.842303	-0.002091	0.007330
4894	0.841049	0.001158	0.003520
4895	0.837867	0.002419	0.003135
4896	0.842110	0.001711	0.000579
4897	0.838349	0.002099	-0.001254
4898	0.835745	0.000965	-0.000434
4899	0.837867	0.003480	-0.002845
4900	0.834394	0.003356	-0.003086
4901	0.836227	-0.000702	-0.001784
4902	0.838445	-0.000410	0.000627
4903	0.836709	-0.000461	0.001591
4904	0.830826	-0.000944	0.004437
4905	0.835745	0.001887	0.004099
4906	0.835841	0.001417	0.000530
4907	0.839120	0.001752	0.001688
4908	0.836130	0.000767	0.003376
4909	0.839892	0.000111	0.003231
4910	0.835262	-0.000922	0.000000
4911	0.829668	-0.001783	-0.001688
4912	0.836420	0.000209	-0.001591
4913	0.829282	-0.000342	-0.002363
4914	0.819734	0.000794	-0.000386
4915	0.825424	-0.001233	-0.002942
4916	0.826292	-0.001310	-0.002556
4917	0.830150	-0.000092	-0.003617
4918	0.828414	0.000668	-0.000482
4919	0.827353	0.000512	0.000145
4920	0.828897	-0.000780	0.000579
4921	0.826389	-0.000739	-0.002074
4922	0.823881	-0.000121	-0.002411
4923	0.829572	-0.000623	-0.001736
4924	0.831115	-0.001353	-0.003086
4925	0.831597	0.000382	-0.002508
4926	0.832272	-0.001448	-0.001688
4927	0.827836	-0.003525	0.000530
4928	0.829379	0.001079	-0.001591
4929	0.831308	0.000069	-0.001688
4930	0.828704	0.001325	-0.001447
4931	0.826678	-0.000684	-0.003328
4932	0.822820	0.000556	-0.005160
4933	0.820409	0.001490	-0.003328
4934	0.820505	0.000690	-0.001977
4935	0.818769	-0.000984	-0.004340
4936	0.822531	0.000047	-0.005546
4937	0.822724	-0.000997	-0.006269
4938	0.818191	0.000481	-0.006462
4939	0.819830	-0.000619	-0.006414
4940	0.825231	0.001396	-0.004485
4941	0.823013	-0.001124	-0.003279
4942	0.819637	-0.000544	-0.003810
4943	0.823110	0.000269	-0.007378
4944	0.818287	0.001296	-0.001881
4945	0.819444	-0.001094	-0.001061
4946	0.818769	-0.000209	0.000675
4947	0.815683	0.000058	0.002894
4948	0.818866	-0.000939	-0.002315
4949	0.821663	0.000631	-0.008536
4950	0.824749	-0.001382	-0.007427
4951	0.825907	0.002020	-0.004581
4952	0.831211	-0.000923	-0.008439
4953	0.836420	-0.000379	-0.004292
4954	0.838059	0.000387	-0.004051
4955	0.831887	0.001690	-0.002218
4956	0.825714	0.001560	-0.002556
4957	0.831308	0.000524	-0.000241
4958	0.828607	0.001854	-0.005112
4959	0.824267	-0.001215	-0.002315
4960	0.828221	0.002157	-0.003086
4961	0.825328	0.001162	-0.007137
4962	0.822917	0.000385	-0.009356
4963	0.825135	-0.001081	-0.004051
4964	0.826968	-0.001052	-0.006993
4965	0.827353	-0.001835	-0.006607
4966	0.824653	-0.000973	-0.003617
4967	0.818673	-0.000970	0.000096
4968	0.816358	-0.000456	-0.002797
4969	0.820891	-0.002500	-0.004630
4970	0.813561	0.000058	-0.002652
4971	0.824653	-0.003077	-0.006510
4972	0.819927	-0.000020	-0.005642
4973	0.817033	-0.001761	-0.003135
4974	0.829668	0.003696	-0.008825
4975	0.834491	0.001725	-0.010610
4976	0.834298	0.000480	-0.014082
4977	0.833623	0.001114	-0.009790
4978	0.833816	-0.001357	-0.013889
4979	0.833526	-0.001114	-0.008777
4980	0.835841	-0.000262	-0.007186
4981	0.835552	-0.000525	-0.008536
4982	0.832079	-0.000630	-0.005112
4983	0.831019	0.001007	-0.005015
4984	0.830922	-0.000183	-0.010995
4985	0.836613	-0.000471	-0.003086
4986	0.827160	0.000557	-0.005257
4987	0.821084	0.001747	-0.005932
4988	0.821373	-0.000894	-0.004437
4989	0.826871	-0.000640	-0.004774
4990	0.829668	0.001339	-0.008295
4991	0.827546	0.000116	-0.010079
4992	0.827643	0.000170	-0.008777
4993	0.824749	-0.002407	-0.004340
4994	0.825039	-0.001278	-0.006607
4995	0.829282	0.000470	-0.007282
4996	0.828414	-0.001486	-0.006655
4997	0.826485	-0.000227	-0.010224
4998	0.824460	-0.000977	-0.010465
4999	0.820891	-0.000725	-0.012876
5000	0.820602	0.000533	-0.008247
5001	0.823785	0.000003	-0.004485
5002	0.821952	0.000272	-0.003713
5003	0.826485	-0.001312	-0.002701
5004	0.828318	-0.000641	-0.003665
5005	0.825424	-0.000834	-0.006752
5006	0.826292	-0.000930	-0.005691
5007	0.832465	-0.000914	-0.008198
5008	0.838927	0.001758	-0.009742
5009	0.828800	-0.000234	-0.006896
5010	0.832272	0.000870	-0.002652
5011	0.838059	0.001350	-0.004823
5012	0.838542	0.001575	-0.004196
5013	0.840085	0.002504	-0.010079
5014	0.836709	0.001725	-0.003665
5015	0.838542	0.003337	0.000289
5016	0.840856	0.001425	0.000579
5017	0.850694	-0.002262	-0.002170
5018	0.841725	-0.000961	-0.002942
5019	0.833430	-0.000041	-0.008536
5020	0.830536	0.000290	-0.007523
5021	0.836227	-0.001636	-0.006848
5022	0.837674	0.000524	-0.006607
5023	0.835938	0.002493	-0.007282
5024	0.835166	0.001267	-0.005883
5025	0.840085	0.002668	-0.002942
5026	0.838349	0.003915	-0.002267
5027	0.834201	0.002221	0.002267
5028	0.829475	0.000426	-0.000289
5029	0.831887	0.000854	-0.000530
5030	0.830247	0.000134	-0.000820
5031	0.828800	0.000425	0.001591
5032	0.827643	0.001862	-0.000386
5033	0.829282	0.001462	-0.000820
5034	0.829765	-0.001044	-0.004051
5035	0.828125	-0.000710	-0.003328
5036	0.824460	-0.002371	-0.007089
5037	0.829668	-0.000882	-0.004147
5038	0.825617	-0.001392	0.000193
5039	0.827257	-0.002280	0.000965
5040	0.828897	-0.002429	0.001302
5041	0.821759	-0.000706	0.002652
5042	0.819927	-0.000834	0.003424
5043	0.823302	0.000492	0.006462
5044	0.828607	0.000987	0.004389
5045	0.826292	-0.001082	0.009452
5046	0.824363	-0.000932	0.007813
5047	0.822338	-0.000432	0.008922
5048	0.824074	-0.000266	0.004196
5049	0.826775	0.000660	0.007282
5050	0.823206	0.001763	0.005594
5051	0.825424	-0.000439	0.008054
5052	0.819444	0.001337	0.010754
5053	0.819444	-0.000149	0.009886
5054	0.823302	-0.000152	0.007764
5055	0.832369	-0.000549	0.010899
5056	0.827546	-0.000301	0.012780
5057	0.819252	-0.000146	0.013551
5058	0.817901	0.000468	0.008970
5059	0.816069	0.000249	0.014419
5060	0.813175	0.000341	0.013407
5061	0.819155	0.000225	0.012731
5062	0.821277	0.000295	0.012876
5063	0.823592	-0.001643	0.008970
5064	0.817708	0.000088	0.008054
5065	0.818769	0.001658	0.008198
5066	0.821952	0.000116	0.001157
5067	0.825617	0.000631	0.002074
5068	0.829765	0.000555	0.003520
5069	0.826871	0.000889	0.001206
5070	0.828897	0.000083	-0.000482
5071	0.827353	-0.000400	0.001495
5072	0.828704	0.000741	0.004774
5073	0.831308	-0.000175	0.006510
5074	0.836516	0.001043	0.005064
5075	0.832755	0.000979	0.006366
5076	0.826003	0.001136	0.005980
5077	0.821470	0.001577	0.006510
5078	0.822145	0.001256	0.000820
5079	0.829475	0.001288	0.006800
5080	0.826389	0.001322	0.006800
5081	0.830536	-0.000151	0.006028
5082	0.833044	-0.001704	0.002990
5083	0.829475	0.000352	0.002556
5084	0.829379	0.000036	0.000096
5085	0.838831	0.000396	0.002459
5086	0.840567	-0.000613	0.004533
5087	0.839120	-0.002639	0.006848
5088	0.836613	0.000282	0.007089
5089	0.839603	-0.001919	0.004967
5090	0.836516	0.000087	0.002894
5091	0.832272	0.000966	0.002701
5092	0.830150	-0.000679	0.005305
5093	0.832272	-0.001021	0.004003
5094	0.833719	0.000961	0.004003
5095	0.839217	-0.000612	0.003569
5096	0.841532	0.000945	0.003328
5097	0.840953	0.001267	0.005787
5098	0.835455	0.000718	-0.001543
5099	0.835069	0.000545	-0.002218
5100	0.835166	-0.001270	0.003762
5101	0.829379	0.000606	0.003279
5102	0.835841	0.001631	0.001640
5103	0.838156	-0.000002	0.001833
5104	0.831694	0.002315	0.001109
5105	0.835455	0.000133	0.000772
5106	0.835938	-0.000025	0.004437
5107	0.828029	0.002967	0.003617
5108	0.828993	0.001585	0.002074
5109	0.824556	-0.001536	0.004244
5110	0.832851	-0.001510	0.003810
5111	0.830729	0.000919	0.003762
5112	0.828221	0.001649	-0.002894
5113	0.826485	0.001991	0.001447
5114	0.833719	0.000899	-0.000241
5115	0.830536	0.000851	0.003328
5116	0.829861	-0.000102	0.002459
5117	0.831694	-0.001219	-0.000145
5118	0.838156	-0.000767	-0.000772
5119	0.834877	-0.000484	-0.002652
5120	0.828800	-0.000435	-0.006076
5121	0.825424	-0.001783	-0.003954
5122	0.831790	-0.001292	-0.000530
5123	0.831887	-0.000101	0.002652
5124	0.832465	-0.000884	0.001977
5125	0.832079	0.000755	0.005257
5126	0.838156	0.001190	0.005642
5127	0.838156	0.000909	0.003038
5128	0.839699	0.000512	0.003183
5129	0.837288	0.000733	0.005787
5130	0.833526	0.000993	0.006752
5131	0.835938	0.000784	0.003665
5132	0.830150	-0.000854	0.006028
5133	0.828800	-0.002254	0.001640
5134	0.826292	-0.001731	-0.003906
5135	0.833237	-0.000298	-0.002315
5136	0.829282	-0.000363	-0.000723
5137	0.830536	-0.002790	0.001929
5138	0.835455	0.000076	-0.002797
5139	0.834877	-0.000283	0.000338
5140	0.836902	-0.000810	-0.004823
5141	0.829958	0.001746	-0.004244
5142	0.833140	0.001922	-0.005112
5143	0.835648	0.001240	-0.009790
5144	0.833623	0.001251	-0.005883
5145	0.835262	-0.000302	-0.007427
5146	0.834491	0.001477	-0.005835
5147	0.832272	0.001107	-0.002942
5148	0.836420	0.000975	-0.005594
5149	0.836130	0.000376	-0.004003
5150	0.838252	-0.000125	0.001254
5151	0.838156	-0.001731	0.000193
5152	0.836420	-0.002115	0.003086
5153	0.842303	0.001494	-0.004437
5154	0.847704	-0.000713	-0.008247
5155	0.838542	0.000216	-0.005546
5156	0.835648	-0.001076	-0.003954
5157	0.832755	0.000408	-0.009115
5158	0.831211	0.000094	-0.004244
5159	0.827546	-0.000485	-0.003858
5160	0.824846	-0.001536	-0.004919
5161	0.829379	0.001808	-0.000627
5162	0.830054	0.000533	-0.004003
5163	0.829475	0.000007	-0.004437
5164	0.831790	-0.000352	-0.005449
5165	0.833237	0.002746	-0.007813
5166	0.822531	0.001209	-0.006655
5167	0.827546	-0.000766	-0.006993
5168	0.827353	-0.001074	-0.010320
5169	0.824074	-0.001118	-0.002942
5170	0.827257	-0.001510	-0.000965
5171	0.826196	0.000974	-0.006607
5172	0.827546	0.000077	-0.002845
5173	0.824653	-0.000004	-0.002459
5174	0.829572	0.000354	0.003086
5175	0.830729	0.001392	0.000868
5176	0.827257	0.000725	0.003472
5177	0.824653	-0.001441	0.003376
5178	0.834973	0.001358	0.003520
5179	0.829765	0.001158	0.001833
5180	0.830826	0.002297	0.005883
5181	0.824942	0.001041	0.005305
5182	0.823013	-0.000444	0.006800
5183	0.825424	0.000169	0.004437
5184	0.826292	-0.000418	0.002797
5185	0.823110	0.001205	0.004581
5186	0.825810	0.001397	0.003376
5187	0.828029	0.001824	0.005739
5188	0.827932	0.000072	0.004726
5189	0.823785	-0.001524	0.003665
5190	0.822820	0.000414	0.003424
5191	0.821566	0.001173	0.005160
5192	0.824460	0.001294	0.002218
5193	0.824074	0.000093	0.003231
5194	0.816744	-0.000381	-0.003135
5195	0.819348	0.001778	-0.005498
5196	0.823688	-0.000761	-0.006559
5197	0.823688	0.002387	-0.004437
5198	0.822820	0.000769	-0.004871
5199	0.819059	-0.001039	-0.003086
5200	0.820120	0.000664	-0.001399
5201	0.819830	-0.000678	-0.000386
5202	0.823495	-0.000253	-0.002074
5203	0.822820	0.000658	-0.001543
5204	0.827064	0.001270	0.001157
5205	0.822145	-0.000294	0.002508
5206	0.835455	0.000798	0.002701
5207	0.829572	-0.000224	0.001784
5208	0.823302	0.001691	-0.002749
5209	0.826003	0.001059	-0.003231
5210	0.825231	0.001905	-0.005208
5211	0.818576	0.001786	-0.004871
5212	0.820313	0.001825	-0.005980
5213	0.822338	0.002090	-0.006993
5214	0.827643	0.001179	-0.002267
5215	0.822049	0.000634	-0.011767
5216	0.817901	0.000883	-0.007620
5217	0.817323	0.002070	-0.001736
5218	0.819059	-0.000441	-0.003858
5219	0.816358	-0.000838	-0.000338
5220	0.820602	0.000313	-0.001495
5221	0.824749	-0.000621	-0.004099
5222	0.827836	0.001386	-0.004147
5223	0.828993	-0.000988	-0.004581
5224	0.825810	0.000869	-0.005739
5225	0.828897	0.001406	0.002267
5226	0.826968	0.000172	-0.001109
5227	0.829572	-0.000374	-0.003520
5228	0.826389	-0.001314	-0.002315
5229	0.823302	-0.001305	-0.001736
5230	0.826100	-0.001594	-0.000145
5231	0.828800	0.001649	0.000338
5232	0.829765	-0.000021	0.001977
5233	0.831694	0.000537	0.001109
5234	0.830826	-0.000565	0.000916
5235	0.830440	-0.000602	-0.001109
5236	0.829379	-0.001338	-0.004003
5237	0.832755	-0.000195	0.000048
5238	0.832272	-0.000858	-0.000434
5239	0.837674	0.000511	-0.001495
5240	0.838927	-0.001286	-0.001736
5241	0.836806	-0.001071	0.000482
5242	0.833912	-0.001352	0.000048
5243	0.832079	-0.001244	0.006655
5244	0.828897	-0.002207	0.001833
5245	0.829379	0.001092	-0.000868
5246	0.826582	-0.001814	-0.001495
5247	0.826968	0.000288	0.000386
5248	0.827643	0.000577	-0.001061
5249	0.823110	-0.000279	0.000675
5250	0.825617	0.002289	-0.000675
5251	0.828125	0.000362	0.001206
5252	0.822820	-0.002157	0.004051
5253	0.825907	0.000124	-0.000579
5254	0.824942	0.000736	-0.001784
5255	0.819830	0.000211	-0.000434
5256	0.826968	-0.000909	0.000096
5257	0.828897	0.000046	-0.003520
5258	0.827160	0.000186	-0.004196
5259	0.820698	-0.000575	-0.007957
5260	0.830633	-0.000933	-0.005498
5261	0.827064	0.001385	-0.002122
5262	0.828607	0.000523	-0.004919
5263	0.837384	-0.000130	-0.005257
5264	0.830054	-0.001356	-0.006366
5265	0.835648	-0.000142	-0.008681
5266	0.829186	0.001976	-0.007909
5267	0.832176	-0.000081	-0.008777
5268	0.834587	-0.000344	-0.002990
5269	0.828704	-0.001302	-0.005112
5270	0.831211	-0.000325	-0.005787
5271	0.825521	0.001229	0.000096
5272	0.828800	0.000940	-0.005449
5273	0.827836	-0.000273	-0.007909
5274	0.830247	0.002648	-0.008102
5275	0.828414	-0.000638	-0.003665
5276	0.828318	-0.001770	-0.004533
5277	0.831019	-0.002034	-0.005015
5278	0.828607	-0.001893	-0.001688
5279	0.824171	0.000148	-0.003183
5280	0.826196	0.000210	-0.004630
5281	0.821952	-0.001264	-0.005642
5282	0.820409	0.001373	-0.004196
5283	0.815104	0.000322	-0.006510
5284	0.816647	-0.001277	-0.003038
5285	0.817998	-0.001147	-0.001833
5286	0.814622	-0.000180	-0.004003
5287	0.817419	0.001105	-0.009163
5288	0.817033	-0.000092	-0.003954
5289	0.820795	0.000036	-0.006221
5290	0.820505	0.000634	-0.007186
5291	0.826678	-0.000246	-0.005112
5292	0.825328	0.000813	-0.001157
5293	0.823978	-0.001523	-0.000145
5294	0.825328	-0.000312	-0.000820
5295	0.827353	-0.000225	-0.000289
5296	0.824942	-0.001043	0.001109
5297	0.820313	0.000688	0.001495
5298	0.817033	-0.000743	0.002074
5299	0.811921	0.001355	0.004147
5300	0.813754	0.001048	0.003713
5301	0.810089	-0.000328	0.003086
5302	0.809992	-0.000346	0.002652
5303	0.812789	-0.000155	0.003135
5304	0.817226	-0.000292	0.002749
5305	0.815586	0.000214	0.002122
5306	0.813272	-0.000097	0.001399
5307	0.815586	-0.001295	-0.000772
5308	0.819059	-0.000441	-0.002459
5309	0.816454	0.000739	0.001688
5310	0.820023	0.000201	0.002701
5311	0.828221	-0.001283	0.001833
5312	0.830247	0.001530	-0.000145
5313	0.837963	0.001527	0.001495
5314	0.835648	-0.000335	0.002122
5315	0.834973	0.002302	0.004244
5316	0.832658	0.000342	0.003617
5317	0.832369	0.002701	0.003328
5318	0.838638	0.000987	-0.000916
5319	0.833719	0.000527	0.002363
5320	0.833044	-0.000395	-0.001206
5321	0.824749	-0.000231	-0.000193
5322	0.826003	0.000655	0.001784
5323	0.829379	0.000220	0.001350
5324	0.823013	-0.000122	0.000482
5325	0.827739	0.001506	-0.001929
5326	0.828897	0.001865	-0.002315
5327	0.830343	0.000434	-0.003713
5328	0.830247	0.000338	-0.001109
5329	0.829958	-0.001074	-0.000096
5330	0.829861	0.000737	-0.001061
5331	0.828704	-0.000707	0.000289
5332	0.828221	0.001189	0.002267
5333	0.829765	-0.001346	0.000723
5334	0.833623	-0.000259	0.002508
5335	0.834491	-0.000740	0.002267
5336	0.838542	0.002114	-0.000289
5337	0.838156	0.001225	-0.000482
5338	0.835745	0.001185	0.000772
5339	0.836130	-0.001529	0.003086
5340	0.838927	-0.002825	0.004967
5341	0.839217	-0.004086	0.005353
5342	0.840278	0.001305	0.001157
5343	0.834008	-0.000641	0.003713
5344	0.834105	0.000179	0.002749
5345	0.836323	-0.003833	0.002797
5346	0.834394	-0.000556	0.008198
5347	0.839024	0.000562	0.003231
5348	0.841146	0.001352	0.007378
5349	0.840953	-0.000027	0.005305
5350	0.838831	-0.003557	0.004630
5351	0.837674	0.002510	0.005883
5352	0.834684	0.003371	0.003520
5353	0.833333	0.000948	0.005980
5354	0.828897	-0.000524	0.007523
5355	0.823592	-0.000485	0.008005
5356	0.828221	-0.001657	0.010754
5357	0.829668	0.000043	0.009500
5358	0.833044	0.000597	0.004726
5359	0.832562	0.000424	0.004871
5360	0.832272	0.001223	0.004340
5361	0.833430	-0.001695	0.002363
5362	0.827739	0.001089	0.002025
5363	0.829186	0.000262	0.005691
5364	0.830922	0.000636	0.004967
5365	0.823495	-0.001022	0.002701
5366	0.820120	-0.000128	0.002990
5367	0.824942	0.001138	0.006848
5368	0.822145	-0.000430	0.000627
5369	0.826100	-0.001587	-0.002652
5370	0.826582	-0.000434	-0.000723
5371	0.824846	0.000175	-0.001495
5372	0.827160	0.002330	-0.000820
5373	0.829090	0.000552	-0.001833
5374	0.829861	-0.000455	-0.001157
5375	0.830150	0.000057	0.002749
5376	0.830729	0.000784	0.001495
5377	0.833140	-0.002301	-0.003520
5378	0.832176	-0.002178	-0.005594
5379	0.828607	0.000388	-0.003617
5380	0.825714	0.000468	-0.000338
5381	0.824942	0.000545	-0.006559
5382	0.819734	-0.001132	-0.003810
5383	0.821084	-0.000579	-0.004581
5384	0.825907	-0.001101	-0.001350
5385	0.831597	0.000853	-0.004389
5386	0.831308	0.000744	-0.000193
5387	0.834394	-0.004138	0.004630
5388	0.833816	-0.000298	0.004485
5389	0.835938	0.000564	-0.001543
5390	0.836902	0.000975	-0.000048
5391	0.831597	-0.000905	0.000434
5392	0.827257	-0.001757	0.000627
5393	0.833816	0.001496	0.004630
5394	0.835745	0.001252	0.005064
5395	0.835359	-0.000520	0.001688
5396	0.839699	0.002178	0.002170
5397	0.828511	0.000364	0.000916
5398	0.832176	0.000689	0.004147
5399	0.838542	0.001939	0.005353
5400	0.835455	0.001818	0.005449
5401	0.838156	0.002021	0.005739
5402	0.830633	0.002704	0.004533
5403	0.833912	0.001541	0.003424
5404	0.831983	0.001015	0.004871
5405	0.824556	0.001642	0.005160
5406	0.825521	0.002600	0.009597
5407	0.832851	0.001560	0.004678
5408	0.826485	0.000750	0.007378
5409	0.826871	-0.000832	0.002411
5410	0.830150	0.000410	0.002749
5411	0.831211	0.001184	0.004581
5412	0.826968	-0.000588	0.004196
5413	0.831211	0.001865	0.005932
5414	0.835552	0.000501	0.007137
5415	0.835166	0.000472	0.004774
5416	0.831501	-0.000996	0.003520
5417	0.838542	-0.002378	0.002942
5418	0.836130	0.000198	0.006269
5419	0.837867	-0.001431	0.002411
5420	0.834684	-0.002622	0.004437
5421	0.829186	-0.001237	0.004919
5422	0.826871	-0.000527	0.002025
5423	0.833912	0.001031	0.008198
5424	0.830343	-0.000360	0.006125
5425	0.821952	0.000589	0.000723
5426	0.828993	0.000600	-0.000772
5427	0.831404	0.000976	-0.001833
5428	0.831115	0.000613	0.000868
5429	0.829282	-0.000382	0.001109
5430	0.820602	-0.000770	-0.004147
5431	0.819541	-0.002336	0.001206
5432	0.821663	-0.001771	-0.003086
5433	0.819830	-0.001682	-0.001350
5434	0.824460	-0.000320	0.000338
5435	0.819734	0.000848	-0.000965
5436	0.818769	0.001922	-0.002749
5437	0.825424	0.001352	-0.005401
5438	0.825135	-0.000066	-0.011429
5439	0.826582	0.000033	-0.012780
5440	0.827546	0.000481	-0.006462
5441	0.825039	0.000881	-0.003328
5442	0.819927	-0.000406	-0.004437
5443	0.815972	-0.001047	0.001061
5444	0.815490	0.001266	0.006076
5445	0.815490	-0.000767	0.003279
5446	0.817226	0.000866	0.003376
5447	0.813754	-0.000896	-0.000482
5448	0.816454	-0.000771	-0.003086
5449	0.817515	-0.000328	-0.003424
5450	0.812789	0.000159	-0.001302
5451	0.815008	-0.000437	0.001254
5452	0.817805	0.001164	-0.000723
5453	0.821566	0.000033	-0.004292
5454	0.823399	-0.001670	-0.006462
5455	0.822338	0.000983	-0.005064
5456	0.820216	0.000444	-0.007137
5457	0.821759	0.000094	-0.008247
5458	0.828029	0.000410	-0.007330
5459	0.825135	0.001049	-0.006993
5460	0.824942	0.000255	-0.002170
5461	0.828704	0.002304	-0.002701
5462	0.826485	0.001692	-0.004485
5463	0.824846	0.001082	-0.001833
5464	0.822049	0.000421	0.004003
5465	0.823785	0.001911	0.006366
5466	0.821759	0.000915	0.003135
5467	0.822338	-0.000248	0.002315
5468	0.820023	-0.000735	0.003810
5469	0.820216	-0.000075	0.002604
5470	0.826678	-0.000862	0.002025
5471	0.821952	-0.000406	-0.000530
5472	0.828897	0.000101	-0.004196
5473	0.830054	-0.000949	-0.003183
5474	0.835166	-0.002477	-0.003520
5475	0.827546	0.000610	-0.004533
5476	0.832079	-0.000186	-0.003472
5477	0.830440	0.000808	-0.002267
5478	0.832176	0.001883	-0.007523
5479	0.826582	0.000392	-0.008681
5480	0.836709	-0.000364	-0.012297
5481	0.836806	0.001365	-0.007523
5482	0.830054	0.000786	-0.011236
5483	0.825714	-0.001100	-0.005449
5484	0.828993	-0.000702	-0.000723
5485	0.820602	-0.001091	-0.005257
5486	0.823495	0.000196	-0.005883
5487	0.828511	0.001125	-0.003906
5488	0.828511	0.000920	-0.002025
5489	0.830922	0.001048	-0.002508
5490	0.827836	-0.001194	-0.004340
5491	0.831597	0.000895	-0.004678
5492	0.838156	0.000710	-0.006414
5493	0.836034	-0.000086	-0.003279
5494	0.833140	-0.002389	-0.006752
5495	0.834008	-0.001359	-0.005642
5496	0.833526	0.000818	-0.002990
5497	0.838831	-0.000247	-0.000530
5498	0.840085	-0.002232	-0.000145
5499	0.840085	-0.003081	-0.002797
5500	0.838542	-0.000729	-0.006125
5501	0.834973	0.002717	-0.002556
5502	0.839892	-0.000046	-0.000096
5503	0.836613	0.000358	0.000241
5504	0.835552	0.001400	0.000434
5505	0.831404	0.001308	-0.004051
5506	0.831404	0.002380	0.001157
5507	0.831501	0.000765	-0.001881
5508	0.825135	0.002657	-0.001929
5509	0.820795	0.000969	-0.006318
5510	0.821566	0.000367	-0.003713
5511	0.825521	0.001520	-0.005932
5512	0.823785	-0.000571	-0.006076
5513	0.818769	-0.001289	-0.005208
5514	0.821084	-0.002699	-0.006076
5515	0.820216	-0.000041	-0.003665
5516	0.820505	-0.000734	-0.003858
5517	0.821470	-0.000526	-0.005980
5518	0.817998	0.000021	-0.005932
5519	0.821373	0.001006	-0.005642
5520	0.822531	-0.001580	-0.005064
5521	0.820891	-0.001445	-0.007234
5522	0.820216	-0.001593	-0.006896
5523	0.819637	-0.000474	-0.008102
5524	0.823399	0.000002	-0.009356
5525	0.832562	-0.002238	-0.009356
5526	0.834298	-0.000929	-0.004099
5527	0.836323	-0.000975	-0.006076
5528	0.840953	0.000785	-0.002604
5529	0.833430	-0.000393	-0.004292
5530	0.829475	0.000677	-0.006944
5531	0.833623	0.003954	-0.004823
5532	0.834973	0.001771	-0.007186
5533	0.832465	0.001284	-0.005739
5534	0.837095	0.001040	-0.007957
5535	0.831790	0.000493	-0.005787
5536	0.832658	0.001489	-0.006944
5537	0.833623	-0.000231	-0.005594
5538	0.832948	0.002532	-0.008584
5539	0.831115	0.004908	-0.003183
5540	0.829861	0.001840	-0.002459
5541	0.821759	0.001432	-0.000434
5542	0.828897	-0.000349	0.004774
5543	0.831404	0.000569	0.002074
5544	0.831404	0.000371	0.001206
5545	0.831019	0.001583	0.000000
5546	0.830826	0.001749	0.007668
5547	0.827643	0.001325	0.006800
5548	0.827932	-0.001233	0.004823
5549	0.826582	0.001928	0.001495
5550	0.829958	0.000834	0.002122
5551	0.833816	0.001120	0.001157
5552	0.829475	-0.000749	-0.003328
5553	0.830729	0.001519	-0.002170
5554	0.823785	-0.001999	0.000627
5555	0.827643	0.000149	0.000386
5556	0.833623	-0.001303	-0.001929
5557	0.828993	0.000765	0.001881
5558	0.834394	-0.000251	0.001833
5559	0.837867	-0.001857	-0.001399
5560	0.834491	0.000458	0.000338
5561	0.831115	0.000212	-0.000965
5562	0.831790	-0.000318	0.001640
5563	0.836902	-0.002490	0.002218
5564	0.834201	-0.001853	-0.006896
5565	0.836516	-0.001733	-0.005498
5566	0.832948	0.000309	-0.007427
5567	0.831790	0.000501	-0.003858
5568	0.828897	-0.000573	-0.001929
5569	0.837674	-0.000287	-0.000096
5570	0.831790	0.001228	-0.004244
5571	0.835262	-0.000525	-0.002170
5572	0.834105	0.000601	-0.004726
5573	0.832755	0.001001	-0.002845
5574	0.833430	0.002524	-0.003231
5575	0.832755	0.001118	-0.001543
5576	0.831501	-0.000920	0.000096
5577	0.827064	0.000561	0.001736
5578	0.826196	-0.001063	-0.000675
5579	0.825135	0.000360	0.001640
5580	0.823206	0.002080	0.002170
5581	0.826003	0.000484	-0.003472
5582	0.829186	-0.000630	-0.005112
5583	0.826100	0.001884	-0.002170
5584	0.830922	0.000372	-0.004389
5585	0.826582	-0.000511	-0.010079
5586	0.828414	0.000681	-0.007137
5587	0.834684	-0.000256	-0.007957
5588	0.838638	-0.000550	-0.004678
5589	0.837770	-0.000739	-0.001013
5590	0.839892	-0.001015	-0.001736
5591	0.842882	0.001098	-0.002459
5592	0.840760	-0.000862	0.001784
5593	0.836709	-0.001196	0.002411
5594	0.833719	0.000160	-0.000386
5595	0.829282	-0.001167	0.003810
5596	0.833623	-0.000746	0.002749
5597	0.832079	0.000223	0.002990
5598	0.832755	0.000984	0.003810
5599	0.827450	0.000194	0.003906
5600	0.827064	0.000555	0.002363
5601	0.826871	0.000946	0.001495
5602	0.827353	0.001833	0.003954
5603	0.824171	0.000939	0.003424
5604	0.826485	0.000767	0.007378
5605	0.826678	-0.000420	0.005594
5606	0.823978	-0.000897	-0.000820
5607	0.828607	-0.001636	-0.003328
5608	0.831019	-0.002011	-0.000482
5609	0.827546	-0.001713	0.000193
5610	0.833140	-0.000248	-0.000868
5611	0.834684	-0.000658	0.000096
5612	0.830150	-0.001064	0.001013
5613	0.825907	-0.001744	-0.000723
5614	0.824363	0.000237	0.001591
5615	0.819637	0.001768	-0.001399
5616	0.824556	-0.001444	-0.000916
5617	0.825424	-0.002014	0.001640
5618	0.823495	-0.001039	0.000916
5619	0.827932	-0.001931	-0.000193
5620	0.824556	0.000069	0.000916
5621	0.830247	-0.001337	0.003713
5622	0.834877	-0.000337	0.000675
5623	0.842593	0.001624	0.000241
5624	0.843075	0.001887	-0.001302
5625	0.845872	0.003958	-0.000675
5626	0.846354	0.002629	-0.001109
5627	0.840374	-0.000348	-0.001350
5628	0.845004	0.000056	0.000241
5629	0.840374	0.000689	-0.002701
5630	0.835262	-0.001672	-0.003713
5631	0.838156	-0.000866	-0.000193
5632	0.833044	0.000576	-0.004244
5633	0.831694	-0.000380	-0.004051
5634	0.834587	0.000049	-0.006703
5635	0.829090	0.000425	-0.004919
5636	0.831983	-0.000727	0.000916
5637	0.838156	-0.000219	0.002604
5638	0.834394	0.000755	0.000916
5639	0.837867	-0.000239	0.000338
5640	0.837191	-0.000362	0.002025
5641	0.843654	0.001059	-0.000241
5642	0.837481	-0.000694	0.001350
5643	0.833044	0.001414	-0.002459
5644	0.826968	0.000754	0.002942
5645	0.831694	0.000016	0.001447
5646	0.831115	-0.001029	-0.000434
5647	0.839796	0.001527	0.002459
5648	0.836130	0.001223	0.006366
5649	0.836806	0.001518	0.003858
5650	0.837191	0.002164	0.009066
5651	0.834105	0.002043	0.006655
5652	0.828511	0.001653	0.006462
5653	0.832851	-0.000367	0.003328
5654	0.833333	-0.002364	0.002556
5655	0.833237	0.001194	0.000048
5656	0.837481	0.000002	-0.001013
5657	0.842978	0.001506	0.000145
5658	0.840374	0.002576	0.000386
5659	0.843846	0.002112	0.001206
5660	0.839217	0.002328	0.002604
5661	0.839120	0.002178	0.006752
5662	0.834201	0.001576	0.000193
5663	0.838445	-0.001530	0.001833
5664	0.838059	-0.001820	0.002411
5665	0.836902	0.001421	0.006944
5666	0.836130	0.001281	0.001929
5667	0.840953	-0.000616	0.006607
5668	0.836323	0.000971	0.004292
5669	0.834008	0.000834	0.002363
5670	0.837095	0.001245	0.000675
5671	0.831983	0.001381	0.002701
5672	0.830633	0.000622	0.004051
5673	0.828993	-0.000381	0.002797
5674	0.833623	-0.000066	0.000145
5675	0.832176	-0.000318	-0.000965
5676	0.832465	0.000190	-0.001640
5677	0.833333	0.000720	-0.000916
5678	0.828125	-0.000508	0.001881
5679	0.827353	-0.000977	0.002363
5680	0.831501	-0.002200	0.001640
5681	0.833912	-0.003898	0.003231
5682	0.835166	-0.001558	0.006028
5683	0.834780	-0.000018	0.006607
5684	0.833816	-0.001506	0.009163
5685	0.828414	0.000229	0.008777
5686	0.828318	-0.000679	0.009259
5687	0.822917	-0.000509	0.007089
5688	0.825135	-0.000149	0.005835
5689	0.828704	0.000495	0.005064
5690	0.825039	0.001373	0.005353
5691	0.821952	-0.001549	0.004485
5692	0.828318	0.001466	0.002845
5693	0.831983	0.001507	0.003376
5694	0.831694	0.000118	0.001977
5695	0.826485	0.000567	0.000434
5696	0.824460	-0.000404	0.005498
5697	0.826871	-0.002026	0.003376
5698	0.826196	-0.000054	0.006269
5699	0.827353	-0.000612	0.005208
5700	0.829668	0.001293	0.006703
5701	0.825039	0.000445	0.010079
5702	0.824171	0.000337	0.009115
5703	0.822820	0.000675	0.008102
5704	0.823785	-0.000402	0.007378
5705	0.824460	0.000939	0.008439
5706	0.822820	-0.001055	0.008343
5707	0.830826	-0.000539	0.012780
5708	0.825328	-0.001437	0.013503
5709	0.823206	-0.001833	0.009742
5710	0.826678	-0.000900	0.009983
5711	0.823978	-0.001789	0.007282
5712	0.826582	-0.000193	0.009163
5713	0.824363	-0.000537	0.009115
5714	0.828029	-0.000804	0.007571
5715	0.829572	-0.001017	0.005257
5716	0.832079	-0.000603	0.009163
5717	0.829668	-0.000027	0.006221
5718	0.828800	0.000502	0.011671
5719	0.825039	0.001806	0.008054
5720	0.825231	-0.000868	0.008439
5721	0.825231	0.000155	0.005980
5722	0.828800	0.000589	0.007427
5723	0.836806	-0.001834	0.006559
5724	0.833333	0.000694	0.010561
5725	0.835745	0.000312	0.008825
5726	0.830343	0.002406	0.009790
5727	0.832272	0.000463	0.008488
5728	0.830729	0.002259	0.007378
5729	0.834298	-0.001060	0.007909
5730	0.833526	-0.002194	0.003231
5731	0.831790	0.000083	0.006607
5732	0.828125	-0.001075	0.005498
5733	0.827739	-0.002806	0.006076
5734	0.822049	0.001636	0.005353
5735	0.818673	0.000803	0.003954
5736	0.820216	0.001265	0.003183
5737	0.822145	0.000593	0.000482
5738	0.825328	-0.000786	-0.005112
5739	0.826871	0.000941	-0.004485
5740	0.825328	0.000906	-0.003906
5741	0.832658	0.001923	-0.003665
5742	0.831211	-0.001225	-0.000289
5743	0.831308	0.000277	-0.001495
5744	0.832176	0.001648	-0.005883
5745	0.833333	0.000392	-0.001591
5746	0.836998	-0.000469	-0.005160
5747	0.838542	-0.001396	-0.004919
5748	0.830729	0.000640	-0.005883
5749	0.831790	-0.000597	-0.001784
5750	0.831887	-0.002797	-0.004437
5751	0.838831	-0.001417	-0.004919
5752	0.829379	0.001396	-0.005401
5753	0.830054	0.000991	-0.006366
5754	0.828221	0.001625	-0.007427
5755	0.833044	-0.000450	-0.005787
5756	0.835745	-0.001143	-0.006028
5757	0.841917	-0.000895	-0.008584
5758	0.840278	0.000605	-0.008247
5759	0.837191	0.000966	-0.009211
5760	0.836998	0.000922	-0.005932
5761	0.837095	-0.001074	-0.007041
5762	0.836034	-0.001105	-0.004726
5763	0.834394	-0.001897	-0.004726
5764	0.833719	0.001711	-0.003617
5765	0.828414	-0.000068	-0.005257
5766	0.828704	0.000780	-0.004533
5767	0.838927	0.000643	-0.000289
5768	0.830343	0.001956	-0.001929
5769	0.835262	0.001440	-0.002749
5770	0.837481	0.002219	-0.000145
5771	0.830826	-0.000098	0.000579
5772	0.832176	0.002900	0.003520
5773	0.825039	0.001791	0.004196
5774	0.828607	-0.000495	0.007475
5775	0.827739	-0.002500	0.002652
5776	0.832755	-0.002434	0.001447
5777	0.829668	-0.002031	0.003520
5778	0.831694	-0.001112	0.004389
5779	0.829861	-0.000495	0.001640
5780	0.831404	0.000808	0.005208
5781	0.831115	0.000498	-0.001929
5782	0.834973	-0.001598	-0.001929
5783	0.834587	-0.000325	0.001109
5784	0.838927	-0.003275	0.000868
5785	0.833044	-0.001316	0.002411
5786	0.826968	-0.000433	0.001591
5787	0.825231	-0.001667	0.001495
5788	0.831019	-0.000839	0.003038
5789	0.833237	-0.002060	0.001206
5790	0.836323	-0.000861	-0.001013
5791	0.836516	0.003131	0.000579
5792	0.839796	-0.001384	-0.002122
5793	0.831404	-0.000422	0.001254
5794	0.828704	-0.001354	0.002411
5795	0.831115	-0.002229	0.004823
5796	0.828125	0.000538	0.000193
5797	0.832948	0.000169	-0.000868
5798	0.832948	0.000372	-0.002459
5799	0.829958	0.000779	-0.002942
5800	0.828125	0.000181	-0.008247
5801	0.830150	-0.001672	-0.004196
5802	0.833140	0.000187	-0.004051
5803	0.833623	-0.000732	-0.003520
5804	0.833623	0.000248	-0.003086
5805	0.825039	-0.000498	-0.002556
5806	0.826389	0.001093	-0.008970
5807	0.822145	0.000440	-0.005305
5808	0.826100	-0.000748	-0.006366
5809	0.830633	0.001561	-0.007427
5810	0.833237	-0.000928	-0.015287
5811	0.831694	0.000176	-0.015818
5812	0.830440	-0.000268	-0.010851
5813	0.825424	0.000848	-0.006318
5814	0.825810	-0.000508	-0.009742
5815	0.824460	-0.001848	-0.011863
5816	0.825521	-0.003048	-0.003086
5817	0.830343	-0.001673	-0.003328
5818	0.833719	0.001089	-0.003569
5819	0.830343	-0.000040	-0.006173
5820	0.832272	0.000414	-0.003424
5821	0.834105	0.000240	-0.005305
5822	0.830729	0.001174	-0.004533
5823	0.835359	-0.000550	-0.008873
5824	0.828221	0.000823	-0.006655
5825	0.832658	0.000039	-0.002170
5826	0.831983	-0.000175	-0.002556
5827	0.830440	-0.000572	-0.000675
5828	0.825714	-0.000318	0.003376
5829	0.832562	0.000068	0.003665
5830	0.831308	0.000871	-0.000627
5831	0.839699	0.001344	-0.003954
5832	0.840278	-0.001670	-0.001640
5833	0.829861	-0.000317	-0.000820
5834	0.824653	-0.000304	-0.005160
5835	0.826678	0.001211	-0.005353
5836	0.835648	-0.000555	-0.000820
5837	0.837674	0.000681	-0.003424
5838	0.836420	0.001152	-0.004533
5839	0.837674	0.000505	-0.002508
5840	0.834973	-0.000544	-0.006414
5841	0.837288	-0.000144	-0.002363
5842	0.838831	0.001100	-0.000820
5843	0.834394	0.000454	0.001688
5844	0.835841	0.000739	0.005594
5845	0.831694	0.000609	0.006125
5846	0.828125	-0.000023	0.006559
5847	0.825328	-0.001662	0.008198
5848	0.826292	-0.001027	0.000096
5849	0.819252	0.000783	0.002845
5850	0.820313	-0.000203	0.003617
5851	0.820891	-0.000384	0.000723
5852	0.818480	0.001399	0.001157
5853	0.823592	0.001940	0.000338
5854	0.827643	0.000295	0.004340
5855	0.832272	-0.001426	0.001206
5856	0.832948	-0.000575	0.001495
5857	0.831887	0.000512	0.003665
5858	0.830633	0.000171	0.006800
5859	0.836613	0.000872	0.008681
5860	0.833140	-0.000497	0.010079
5861	0.838831	0.001059	0.009356
5862	0.837963	-0.001590	0.010224
5863	0.835069	0.001014	0.008825
5864	0.834008	0.000185	0.004823
5865	0.833333	0.001711	0.006366
5866	0.824267	0.000380	0.001157
5867	0.821952	0.001403	0.002170
5868	0.821084	0.000364	0.001977
5869	0.817515	-0.000547	0.001881
5870	0.818094	0.000619	0.000772
5871	0.815297	0.001777	-0.000916
5872	0.816262	-0.000096	0.001495
5873	0.819830	-0.001094	-0.003954
5874	0.819444	0.000143	-0.000627
5875	0.818287	-0.000581	-0.005353
5876	0.821373	0.000333	-0.003858
5877	0.821373	0.001318	-0.004581
5878	0.816358	0.000196	0.001784
5879	0.816840	0.000104	-0.000675
5880	0.814622	-0.000532	0.002459
5881	0.810667	-0.000174	0.004726
5882	0.816454	0.000274	0.001977
5883	0.816937	0.000314	0.002411
5884	0.822145	-0.000566	-0.000820
5885	0.820795	-0.000783	-0.002459
5886	0.826582	0.001128	0.000289
5887	0.823302	-0.000339	0.005546
5888	0.828511	-0.001864	0.005642
5889	0.827932	-0.001809	0.003520
5890	0.829186	-0.003701	0.000482
5891	0.825424	0.001186	0.000868
5892	0.821952	0.000148	-0.004437
5893	0.826968	0.000059	-0.000289
5894	0.830922	0.001359	-0.001399
5895	0.825424	0.002104	-0.003472
5896	0.823206	0.002011	-0.004485
5897	0.825424	0.000850	-0.000338
5898	0.836516	0.002963	-0.000193
5899	0.833430	0.000509	-0.002701
5900	0.838252	0.001113	-0.002218
5901	0.834877	0.000233	-0.003183
5902	0.829861	0.002657	-0.002074
5903	0.827353	0.000778	-0.001350
5904	0.826485	0.000420	-0.002074
5905	0.825714	0.001481	-0.005257
5906	0.828704	0.001352	-0.006366
5907	0.828029	0.000460	-0.004678
5908	0.828029	0.000138	-0.002459
5909	0.830343	-0.000593	-0.002604
5910	0.832079	-0.000219	0.001061
5911	0.833140	0.000595	-0.001013
5912	0.832948	0.001960	0.001206
5913	0.833430	0.000182	0.001061
5914	0.831211	-0.000725	-0.000145
5915	0.832755	0.002791	0.001591
5916	0.827836	0.000576	-0.001350
5917	0.827932	0.000793	0.001350
5918	0.829572	-0.000810	0.008439
5919	0.823013	-0.000114	0.006752
5920	0.828993	0.000116	0.006125
5921	0.827353	-0.000583	0.000338
5922	0.829282	0.000659	0.002459
5923	0.831211	-0.000375	-0.000241
5924	0.832176	-0.000552	0.001206
5925	0.828993	0.000339	0.005883
5926	0.827643	-0.000079	0.010320
5927	0.828318	0.000266	0.006944
5928	0.830826	-0.002132	0.002122
5929	0.832369	-0.001450	0.001447
5930	0.834008	0.000502	0.004823
5931	0.833526	0.000284	0.003086
5932	0.831597	0.001349	0.008343
5933	0.837770	0.000821	0.005498
5934	0.837095	0.002217	0.009452
5935	0.829668	0.000864	0.008005
5936	0.828607	-0.001260	0.006848
5937	0.828414	-0.002955	0.008584
5938	0.825039	-0.000871	0.012731
5939	0.837191	0.000675	0.011188
5940	0.832369	-0.001354	0.008198
5941	0.834298	-0.000642	0.001013
5942	0.835938	-0.000035	0.003231
5943	0.837770	0.001529	0.000579
5944	0.835552	0.001857	0.002894
5945	0.835359	0.003023	0.000145
5946	0.830922	0.000461	-0.001302
5947	0.835455	0.001192	0.000627
5948	0.834877	0.001129	0.001399
5949	0.839892	0.000130	-0.002170
5950	0.835262	-0.001944	0.000772
5951	0.837288	-0.002057	0.002508
5952	0.831694	-0.000500	-0.002652
5953	0.826582	0.000883	-0.005015
5954	0.823881	-0.000395	-0.007041
5955	0.826389	0.001237	-0.006559
5956	0.834684	0.000440	-0.006173
5957	0.844039	0.001362	-0.002894
5958	0.844039	0.000524	-0.003858
5959	0.842496	0.002336	-0.004340
5960	0.842303	0.005696	-0.004919
5961	0.843654	0.004556	-0.003135
5962	0.845775	0.001708	0.000096
5963	0.839217	0.003713	-0.002604
5964	0.843268	0.003275	-0.002556
5965	0.848187	0.002482	0.001399
5966	0.839892	-0.000079	0.000193
5967	0.847222	0.001374	0.003713
5968	0.848283	0.003082	0.002894
5969	0.845968	0.001055	0.002411
5970	0.845679	-0.001841	-0.002604
5971	0.844039	0.001473	-0.001061
5972	0.843846	0.001264	-0.003569
5973	0.839313	0.001078	-0.001206
5974	0.834877	-0.004087	-0.000675
5975	0.835262	-0.002526	0.001206
5976	0.846161	-0.002914	0.006028
5977	0.846258	-0.002698	0.003038
5978	0.840856	-0.000714	0.003665
5979	0.842689	0.000841	0.004871
5980	0.846836	-0.001513	0.004533
5981	0.842785	0.002474	0.005642
5982	0.836613	0.002828	0.003231
5983	0.837770	0.001572	0.002604
5984	0.832369	-0.000519	-0.000096
5985	0.826003	-0.001824	0.004244
5986	0.824460	-0.000247	-0.000338
5987	0.831597	0.000137	0.000675
5988	0.833140	0.002026	0.001591
5989	0.832755	0.001578	0.003472
5990	0.827643	0.000305	0.003376
5991	0.827353	0.000525	0.005835
5992	0.827064	-0.000065	0.001881
5993	0.821470	0.001710	0.002267
5994	0.814622	-0.000338	0.003858
5995	0.814718	-0.001685	0.003569
5996	0.815201	-0.001655	0.008681
5997	0.821277	-0.000438	0.009018
5998	0.828221	0.000227	0.009838
5999	0.831019	-0.000007	0.010031
6000	0.836613	0.000452	0.008777
6001	0.833333	0.003572	0.011236
6002	0.834587	0.000811	0.011333
6003	0.835648	-0.000370	0.008729
6004	0.833526	-0.001212	0.007475
6005	0.831887	-0.002712	0.007523
6006	0.838735	-0.000751	0.004774
6007	0.838059	-0.000718	0.004774
6008	0.835648	0.001159	0.007475
6009	0.842978	-0.000139	0.008825
6010	0.836998	-0.000446	0.010127
6011	0.838927	-0.001890	0.007957
6012	0.839603	-0.000602	0.003472
6013	0.837577	0.001395	0.006366
6014	0.835262	-0.000761	0.009163
6015	0.835359	-0.001237	0.009790
6016	0.835552	0.001584	0.008005
6017	0.831887	-0.002271	0.009549
6018	0.834298	-0.002158	0.010658
6019	0.831019	-0.000697	0.004437
6020	0.831308	-0.001415	0.007813
6021	0.830536	0.000868	0.008536
6022	0.826485	0.000341	0.007716
6023	0.834780	0.000103	0.002508
6024	0.836902	-0.001685	0.003038
6025	0.839120	-0.003744	0.004340
6026	0.839506	-0.001487	0.002942
6027	0.838638	-0.000272	0.001736
6028	0.835069	0.000316	0.004196
6029	0.836130	0.000356	-0.000675
6030	0.842689	0.001449	-0.001109
6031	0.844136	0.002057	0.002845
6032	0.840664	0.000760	0.006366
6033	0.837095	-0.000694	0.003906
6034	0.835841	0.001238	0.003810
6035	0.833526	0.000553	-0.000627
6036	0.836998	-0.002253	0.005305
6037	0.834008	0.001059	0.003424
6038	0.826678	-0.000062	0.006559
6039	0.825521	0.000533	0.000338
6040	0.828221	0.000057	0.000579
6041	0.827739	0.001083	0.001206
6042	0.829861	0.000128	0.000338
6043	0.834587	0.001556	0.001495
6044	0.833140	0.000652	0.005305
6045	0.836130	0.000811	0.005257
6046	0.836130	-0.000293	0.005401
6047	0.835069	0.001318	0.002894
6048	0.839506	-0.000011	-0.000675
6049	0.837288	0.001827	0.005932
6050	0.836998	0.000999	0.003472
6051	0.840085	0.003779	0.004051
6052	0.841049	0.000783	0.002845
6053	0.833816	0.000470	0.004581
6054	0.835359	-0.000003	0.000386
6055	0.832176	0.001450	-0.000338
6056	0.826196	0.002649	0.000145
6057	0.827450	0.001945	-0.001591
6058	0.832369	0.002671	-0.001302
6059	0.827257	0.001766	-0.003135
6060	0.819541	0.002376	-0.006944
6061	0.815008	0.001571	-0.005257
6062	0.821373	0.003016	0.000048
6063	0.818191	0.000562	-0.004919
6064	0.824074	-0.000851	-0.007186
6065	0.824749	-0.000350	-0.006462
6066	0.823302	0.001463	-0.003376
6067	0.828993	0.001447	-0.004244
6068	0.835455	0.001277	-0.001977
6069	0.837384	0.001112	-0.006414
6070	0.832465	-0.000175	-0.009163
6071	0.828897	-0.000243	-0.004051
6072	0.831694	-0.001206	-0.004678
6073	0.828414	-0.002243	-0.005305
6074	0.828993	-0.001887	0.001640
6075	0.834877	-0.000221	0.001591
6076	0.835552	0.003554	0.003954
6077	0.835938	0.001460	0.004871
6078	0.836613	-0.000158	0.002267
6079	0.836902	-0.000173	0.001543
6080	0.843075	-0.002168	-0.002411
6081	0.834201	0.001644	-0.002315
6082	0.830826	0.000312	0.000627
6083	0.838156	-0.001329	0.001254
6084	0.833816	-0.002307	0.002218
6085	0.832851	0.000274	0.000820
6086	0.829668	-0.000068	0.003231
6087	0.833140	-0.000517	-0.001399
6088	0.834780	0.001509	-0.000675
6089	0.831211	0.000993	0.001784
6090	0.834684	0.002038	-0.001302
6091	0.836613	0.001163	0.000000
6092	0.833623	0.002920	-0.002894
6093	0.832948	0.000660	0.000241
6094	0.825231	0.000347	-0.002604
6095	0.831211	0.001175	-0.002508
6096	0.828029	0.001748	0.000000
6097	0.828125	0.000840	-0.000530
6098	0.828029	0.002842	-0.000530
6099	0.832562	0.001587	0.003183
6100	0.831404	0.002320	-0.001977
6101	0.833816	0.002668	0.000530
6102	0.832562	0.000673	0.001881
6103	0.831019	-0.000609	0.000434
6104	0.827739	-0.000010	0.001784
6105	0.832851	-0.000310	0.000386
6106	0.828125	0.000326	0.004340
6107	0.830440	0.002639	0.003520
6108	0.833912	-0.000173	0.005449
6109	0.833140	0.001255	0.009645
6110	0.830729	0.000202	0.006414
6111	0.833623	-0.001315	0.006607
6112	0.835841	0.001649	0.003762
6113	0.831887	0.000230	0.002749
6114	0.835841	0.001226	0.005980
6115	0.834587	-0.000047	0.004389
6116	0.831983	-0.000253	0.006221
6117	0.831597	0.001816	0.004581
6118	0.825907	0.001381	0.004774
6119	0.827353	0.000490	0.008295
6120	0.830633	0.001928	0.004919
6121	0.832176	-0.001805	0.004340
6122	0.834780	-0.000176	0.005594
6123	0.832369	0.000493	0.008343
6124	0.837770	-0.000097	0.009549
6125	0.843654	0.001021	0.006993
6126	0.847704	0.000963	0.006221
6127	0.847801	0.000854	0.004871
6128	0.844425	-0.002299	0.003038
6129	0.840760	-0.001595	0.005546
6130	0.841435	-0.001529	0.002170
6131	0.841821	-0.001531	0.001399
6132	0.842400	-0.003466	0.000820
6133	0.843075	0.002617	-0.000482
6134	0.845390	0.003153	0.001977
6135	0.850116	0.000214	0.004244
6136	0.843943	-0.000265	0.000289
6137	0.844618	0.000688	0.002218
6138	0.841821	0.000435	0.005305
6139	0.842496	-0.001846	0.005305
6140	0.837288	-0.000283	0.009597
6141	0.835648	-0.001735	0.008873
6142	0.832369	-0.002166	0.005064
6143	0.830922	-0.002713	0.000434
6144	0.834684	-0.000041	-0.003038
6145	0.830536	-0.001037	-0.005160
6146	0.827643	0.000244	-0.001688
6147	0.827643	0.000779	-0.004196
6148	0.830054	0.001929	-0.002990
6149	0.832079	0.000360	0.000193
6150	0.825231	-0.000936	-0.000675
6151	0.828125	-0.002320	0.002556
6152	0.830633	-0.002088	0.002749
6153	0.833912	0.001422	0.003231
6154	0.823978	0.000161	0.003472
6155	0.831887	-0.000955	0.003954
6156	0.835552	-0.000055	0.001157
6157	0.834684	0.002770	0.003762
6158	0.828993	0.002942	0.002556
6159	0.838349	-0.000148	0.002701
6160	0.834587	0.001495	-0.002025
6161	0.841917	-0.000280	-0.000675
6162	0.837674	-0.002473	-0.000820
6163	0.828800	-0.000757	0.003954
6164	0.832176	0.001583	0.003665
6165	0.832562	0.000157	-0.000675
6166	0.832755	0.001314	0.000627
6167	0.830440	0.000848	0.002652
6168	0.834684	0.000347	0.001881
6169	0.829379	-0.000315	0.001977
6170	0.826678	-0.001095	0.001013
6171	0.824267	-0.000710	-0.003183
6172	0.824267	-0.001104	0.004919
6173	0.834877	-0.001130	0.000579
6174	0.838349	-0.000104	-0.001157
6175	0.830922	0.000340	0.000289
6176	0.837191	0.000103	0.000723
6177	0.830922	0.001482	-0.000241
6178	0.834298	0.000334	-0.003183
6179	0.835166	0.000851	-0.004389
6180	0.838735	0.002008	-0.005305
6181	0.837770	-0.001611	-0.001784
6182	0.833719	0.000457	-0.007764
6183	0.824846	0.000085	-0.008054
6184	0.820023	0.000362	-0.009500
6185	0.822434	-0.001854	-0.008488
6186	0.824267	-0.000456	-0.002604
6187	0.823978	0.001071	-0.005112
6188	0.818094	0.001711	-0.005835
6189	0.816840	-0.000144	-0.010706
6190	0.817708	-0.000000	-0.009549
6191	0.823013	0.000939	-0.005932
6192	0.820698	0.002326	-0.001302
6193	0.817708	0.000366	-0.002363
6194	0.817515	-0.000046	0.001302
6195	0.819444	0.002721	0.001495
6196	0.820988	0.000928	-0.006993
6197	0.825617	-0.000251	-0.005208
6198	0.819444	0.000151	-0.003424
6199	0.816937	0.000175	-0.006076
6200	0.814622	0.001514	-0.004244
6201	0.818480	0.001157	-0.004533
6202	0.820409	0.000723	-0.006414
6203	0.823302	0.000833	-0.007813
6204	0.827450	-0.000167	-0.006752
6205	0.829668	-0.002757	-0.008005
6206	0.832369	-0.001556	-0.006993
6207	0.839506	-0.002115	-0.006800
6208	0.837384	-0.000234	-0.000096
6209	0.838831	-0.000685	-0.000145
6210	0.834877	0.001392	0.001254
6211	0.834008	-0.000798	0.005449
6212	0.839603	0.000080	0.007668
6213	0.842303	-0.000319	0.002894
6214	0.840953	-0.002420	0.001543
6215	0.837770	-0.000265	0.003038
6216	0.835841	0.002056	-0.002170
6217	0.830922	0.001302	0.001591
6218	0.827836	0.001668	0.006848
6219	0.817708	0.000366	0.002170
6220	0.815586	-0.000133	0.001495
6221	0.818576	0.001122	0.004340
6222	0.821373	-0.000182	-0.002122
6223	0.823881	0.000105	-0.006896
6224	0.826389	0.000687	-0.003231
6225	0.830343	0.001307	-0.003183
6226	0.834394	0.000227	0.000145
6227	0.833623	-0.001133	-0.000241
6228	0.835166	0.000988	-0.002990
6229	0.830633	0.000202	-0.000772
6230	0.831019	0.000653	0.000193
6231	0.833816	0.000488	-0.001640
6232	0.822627	0.000246	-0.001254
6233	0.819348	0.000597	0.001399
6234	0.828125	0.001615	-0.002170
6235	0.830633	0.002469	0.000675
6236	0.828318	0.003147	0.002990
6237	0.824556	0.001201	0.004340
6238	0.822242	0.001623	0.001833
6239	0.821952	0.001297	0.001495
6240	0.821181	0.000534	0.001543
6241	0.819444	0.000276	0.002652
6242	0.824942	-0.000653	0.000193
6243	0.827450	0.001269	-0.000386
6244	0.824556	0.001090	-0.001833
6245	0.822434	0.000795	-0.005883
6246	0.822820	-0.000128	-0.005787
6247	0.825617	0.000787	-0.001302
6248	0.829090	0.001743	-0.000434
6249	0.826292	0.002041	0.000000
6250	0.830054	0.000233	0.000579
6251	0.823302	0.001533	0.000627
6252	0.821566	0.000062	0.001399
6253	0.817998	0.001469	0.000723
6254	0.819444	0.000139	-0.002122
6255	0.820891	-0.001345	-0.000868
6256	0.828607	-0.000503	-0.000820
6257	0.830729	-0.002223	0.000000
6258	0.829861	-0.002988	-0.001929
6259	0.822434	-0.000779	-0.001736
6260	0.823785	-0.000428	-0.004196
6261	0.828897	-0.000420	0.000675
6262	0.828221	0.001163	-0.001061
6263	0.828125	-0.000011	-0.003183
6264	0.824171	-0.000598	0.002411
6265	0.828607	-0.002367	0.001977
6266	0.822917	0.000171	0.005739
6267	0.820023	0.000749	0.003086
6268	0.827257	-0.001856	0.001640
6269	0.822145	0.000022	0.005449
6270	0.817805	0.000897	0.009163
6271	0.823978	-0.001015	0.004051
6272	0.824942	-0.000177	0.005835
6273	0.826389	-0.000125	0.002508
6274	0.827739	-0.000764	0.000096
6275	0.828511	0.000447	0.002942
6276	0.835745	-0.000217	0.001206
6277	0.833430	0.002969	-0.000048
6278	0.834973	-0.000665	0.001350
6279	0.836420	-0.000058	0.002074
6280	0.834684	-0.000255	-0.000868
6281	0.836613	0.001733	0.001013
6282	0.840567	0.001088	-0.001302
6283	0.836420	0.001011	-0.002459
6284	0.847512	0.000420	0.000530
6285	0.837095	-0.001933	0.004196
6286	0.838059	0.001356	0.007137
6287	0.835359	-0.002336	0.008247
6288	0.831597	-0.001672	0.008729
6289	0.840181	0.002231	0.009500
6290	0.840953	-0.000645	0.011863
6291	0.837384	0.000154	0.003038
6292	0.836034	-0.002813	0.005932
6293	0.833912	-0.000754	0.007957
6294	0.838156	-0.000379	0.005932
6295	0.838542	-0.000353	0.008922
6296	0.839217	0.000685	0.005208
6297	0.832755	-0.002418	0.004292
6298	0.834298	-0.003161	0.002845
6299	0.835552	-0.001791	0.006703
6300	0.836709	0.000217	0.006993
6301	0.827932	-0.000025	0.008922
6302	0.829572	0.001494	0.011285
6303	0.836709	-0.000182	0.010272
6304	0.829282	0.001881	0.009934
6305	0.833526	0.000359	0.007861
6306	0.833719	0.001770	0.008632
6307	0.836034	0.000982	0.003520
6308	0.843750	0.001468	0.005160
6309	0.842400	0.000286	0.005353
6310	0.837577	0.001041	0.003665
6311	0.839313	0.000629	0.002363
6312	0.838059	0.000088	0.001640
6313	0.835841	0.001165	-0.000096
6314	0.831790	0.000605	-0.001640
6315	0.829379	0.000251	-0.008970
6316	0.837384	0.000870	-0.002459
6317	0.841242	0.001869	-0.001784
6318	0.837481	0.002395	-0.001736
6319	0.843750	0.000515	0.000916
6320	0.837674	0.001506	-0.000482
6321	0.839410	-0.001255	0.002218
6322	0.835552	0.001640	-0.001881
6323	0.832851	0.000597	0.001061
6324	0.826968	0.000681	0.001206
6325	0.824363	0.001640	-0.000434
6326	0.827064	0.000121	0.004147
6327	0.830150	0.000120	0.003810
6328	0.831404	0.000132	0.002218
6329	0.826775	0.000959	0.000868
6330	0.825907	-0.001573	-0.000965
6331	0.823013	-0.001157	-0.000434
6332	0.819252	-0.000098	-0.000048
6333	0.820120	-0.000617	-0.003279
6334	0.826196	-0.001618	-0.003954
6335	0.826678	0.000717	0.000675
6336	0.834684	-0.000109	-0.001350
6337	0.831597	-0.000634	0.000675
6338	0.827546	-0.001293	0.002315
6339	0.825521	-0.001270	-0.003183
6340	0.827546	-0.000351	-0.000579
6341	0.831597	-0.001833	-0.000289
6342	0.825810	-0.000587	-0.002122
6343	0.830440	-0.000460	0.001206
6344	0.837288	0.000514	0.000338
6345	0.829475	-0.001892	0.000627
6346	0.833816	-0.000408	0.006655
6347	0.840664	-0.001734	0.002701
6348	0.844907	-0.000672	0.003231
6349	0.844136	-0.001384	0.005739
6350	0.837963	0.000689	0.004774
6351	0.834105	0.001607	0.005401
6352	0.834587	0.000415	0.007282
6353	0.833044	-0.002673	0.008391
6354	0.829475	0.000861	0.007137
6355	0.838927	-0.002966	0.008729
6356	0.840374	-0.000241	0.006848
6357	0.841435	-0.003001	0.008150
6358	0.841821	-0.000097	0.010417
6359	0.838735	0.000475	0.010706
6360	0.837963	0.001831	0.005498
6361	0.832465	0.001065	0.005546
6362	0.830343	0.000757	0.001013
6363	0.827450	-0.000565	0.002990
6364	0.827353	0.000623	0.006559
6365	0.829186	0.000229	0.006125
6366	0.824749	-0.000399	0.008150
6367	0.829090	-0.002196	0.010368
6368	0.830054	0.001063	0.006414
6369	0.832369	0.001827	0.006028
6370	0.834877	0.000272	0.007427
6371	0.836709	0.000983	0.008970
6372	0.832851	-0.001617	0.001833
6373	0.833430	-0.002804	0.001495
6374	0.831308	0.000286	-0.000675
6375	0.831308	-0.000246	0.000965
6376	0.833333	-0.002693	-0.002025
6377	0.831019	-0.000905	0.005208
6378	0.832079	-0.000287	0.004871
6379	0.825135	0.001031	0.003279
6380	0.826292	-0.001230	0.001784
6381	0.827932	-0.000761	0.005739
6382	0.827836	-0.001685	0.007330
6383	0.822531	-0.001231	0.007089
6384	0.823785	0.001440	0.007523
6385	0.823688	0.000093	0.005112
6386	0.824942	-0.002585	0.002556
6387	0.830922	-0.002262	0.001495
6388	0.826582	-0.001824	0.001784
6389	0.824942	-0.000472	0.001109
6390	0.831501	-0.000784	-0.000193
6391	0.831211	-0.000906	-0.000434
6392	0.828414	0.000316	0.005642
6393	0.831887	-0.000626	0.003954
6394	0.831211	0.000014	0.001833
6395	0.834201	-0.001458	-0.001833
6396	0.835359	-0.000256	-0.003424
6397	0.836323	0.000167	-0.003135
6398	0.834684	0.001076	0.001013
6399	0.832562	-0.000022	-0.000434
6400	0.837577	-0.000461	0.001447
6401	0.837867	-0.001891	-0.002556
6402	0.833719	-0.002091	-0.004147
6403	0.832851	-0.001996	-0.004774
6404	0.832851	-0.001867	-0.002942
6405	0.832851	0.001911	-0.002797
6406	0.832176	-0.002235	-0.005835
6407	0.836323	0.000041	-0.004051
6408	0.835069	-0.001075	-0.003279
6409	0.829668	-0.000058	-0.006076
6410	0.823978	0.001671	0.000772
6411	0.826968	0.000759	0.001109
6412	0.819155	-0.000132	-0.002218
6413	0.826775	-0.000775	-0.003231
6414	0.826100	0.000022	-0.001833
6415	0.829572	0.000050	-0.003183
6416	0.829475	0.001268	-0.001013
6417	0.828221	0.000086	-0.007909
6418	0.834201	0.001159	-0.009597
6419	0.827643	-0.000319	-0.009452
6420	0.830247	0.000524	-0.008247
6421	0.828800	-0.001281	-0.008343
6422	0.835262	0.000519	-0.008777
6423	0.837191	0.001689	-0.008922
6424	0.838156	0.000457	-0.007571
6425	0.841435	-0.000621	-0.011236
6426	0.840374	0.000351	-0.005594
6427	0.833623	-0.000699	-0.007668
6428	0.835841	-0.000169	-0.008488
6429	0.837288	0.002673	-0.007378
6430	0.832658	-0.001027	-0.009693
6431	0.832176	0.000372	-0.010176
6432	0.834105	-0.002161	-0.010610
6433	0.835552	0.001482	-0.008391
6434	0.835745	-0.002483	-0.006559
6435	0.830922	-0.001477	-0.004726
6436	0.831694	-0.001074	-0.001543
6437	0.831887	0.000733	-0.004533
6438	0.826871	0.001683	-0.002170
6439	0.820988	0.000249	-0.000723
6440	0.829958	0.000456	-0.001591
6441	0.828221	0.000171	-0.003617
6442	0.831694	-0.000390	-0.001157
6443	0.826196	-0.002288	-0.002990
6444	0.829765	-0.000994	0.001061
6445	0.834008	-0.001698	-0.000772
6446	0.830536	-0.000824	0.001784
6447	0.833044	0.000513	0.001399
6448	0.833816	-0.000995	0.000338
6449	0.838349	-0.000992	0.002267
6450	0.834973	-0.003738	0.004099
6451	0.827739	-0.002422	0.008584
6452	0.822724	-0.001485	0.006655
6453	0.824363	-0.000595	0.005835
6454	0.826389	0.000683	0.005498
6455	0.827064	-0.000164	0.005835
6456	0.827836	-0.001070	0.000723
6457	0.830922	-0.001165	0.001543
6458	0.828993	0.000888	0.006559
6459	0.830729	0.000990	0.003569
6460	0.834973	0.001853	0.000434
6461	0.835069	0.000594	-0.001881
6462	0.828704	0.001102	-0.002170
6463	0.823688	0.001888	0.002701
6464	0.830536	-0.002021	0.001688
6465	0.824460	0.001344	0.000096
6466	0.823495	-0.000696	0.001109
6467	0.827353	0.000447	-0.003954
6468	0.829475	0.002420	0.001495
6469	0.820120	0.001163	-0.001929
6470	0.826871	-0.000636	-0.001784
6471	0.836227	-0.001014	-0.001013
6472	0.832369	-0.001958	-0.002604
6473	0.829379	0.000582	-0.004389
6474	0.834491	0.001398	-0.005835
6475	0.828511	0.000583	-0.006269
6476	0.830440	-0.000045	-0.003713
6477	0.830922	-0.001822	-0.002652
6478	0.827353	0.000620	-0.002749
6479	0.830729	0.002485	-0.003762
6480	0.832948	-0.000624	0.000338
6481	0.825714	-0.002264	0.001157
6482	0.825039	-0.000541	0.002025
6483	0.824846	-0.000998	0.003617
6484	0.823592	-0.000643	0.005883
6485	0.822627	0.000173	0.004292
6486	0.825135	-0.000280	0.005642
6487	0.827064	0.000996	0.005015
6488	0.831887	-0.000982	0.001447
6489	0.827932	-0.000587	0.005257
6490	0.829282	0.000128	0.007620
6491	0.828511	0.000060	0.005691
6492	0.826196	-0.000698	0.008054
6493	0.827257	0.000305	0.001736
6494	0.831501	-0.000547	0.001736
6495	0.830054	-0.000151	0.006993
6496	0.826871	-0.001122	0.002749
6497	0.826485	-0.001691	0.006318
6498	0.827257	0.000270	0.002122
6499	0.828607	-0.001571	0.000772
6500	0.828414	-0.000382	0.002363
6501	0.825521	-0.003200	0.003472
6502	0.826775	-0.001112	0.006607
6503	0.824267	0.001206	0.007571
6504	0.825810	-0.000224	0.006028
6505	0.835745	0.001419	0.005401
6506	0.835069	0.001693	0.005980
6507	0.835455	-0.000268	0.005305
6508	0.834491	-0.000503	0.006462
6509	0.832079	0.000821	0.004678
6510	0.835552	0.000404	-0.000241
6511	0.836516	-0.001096	0.002556
6512	0.827836	-0.000328	-0.001254
6513	0.823110	0.000818	0.000723
6514	0.825135	-0.000549	-0.000820
6515	0.826100	-0.001708	-0.002122
6516	0.829572	-0.000755	0.002556
6517	0.822531	0.000167	-0.001591
6518	0.824267	-0.000221	-0.003665
6519	0.816647	0.000961	-0.004099
6520	0.821952	0.001523	-0.003038
6521	0.826485	0.001812	0.001833
6522	0.826292	0.001498	-0.005160
6523	0.826968	-0.000416	-0.005642
6524	0.828318	0.000297	-0.004196
6525	0.823206	0.000424	-0.007378
6526	0.837288	0.000922	-0.004051
6527	0.836806	-0.000914	-0.005257
6528	0.832562	-0.001898	-0.006752
6529	0.825328	0.000003	-0.004389
6530	0.829668	-0.001939	-0.006896
6531	0.820409	-0.000578	-0.006462
6532	0.824171	0.001394	-0.004774
6533	0.825521	-0.000962	-0.004147
6534	0.827932	-0.000204	-0.003376
6535	0.822917	-0.000369	-0.007523
6536	0.824460	0.000066	-0.010899
6537	0.820023	0.000144	-0.006944
6538	0.816937	-0.000588	-0.006462
6539	0.820023	-0.001268	-0.005980
6540	0.819734	-0.001789	-0.006800
6541	0.824556	-0.000073	-0.009452
6542	0.824653	-0.001496	-0.010561
6543	0.820891	-0.000448	-0.003810
6544	0.826100	-0.001781	-0.005208
6545	0.827064	-0.000117	-0.005160
6546	0.822724	0.000161	-0.010561
6547	0.821952	0.000770	-0.005015
6548	0.823978	0.003055	-0.006173
6549	0.825231	0.002673	-0.003086
6550	0.826678	0.001870	-0.005160
6551	0.828704	0.002284	-0.001350
6552	0.832272	0.002733	-0.000820
6553	0.829090	0.000981	-0.001929
6554	0.825424	-0.001072	-0.001350
6555	0.822917	0.001589	0.001543
6556	0.829861	0.002623	0.001543
6557	0.824653	0.000667	-0.001591
6558	0.831790	0.001607	0.001254
6559	0.830922	0.002828	0.003858
6560	0.831019	0.002016	0.000916
6561	0.834298	0.000030	-0.001833
6562	0.830054	0.001951	0.002411
6563	0.832369	0.002162	0.004437
6564	0.836227	-0.001199	0.004630
6565	0.839024	0.002654	0.003906
6566	0.841917	0.002006	0.003762
6567	0.841146	0.000869	0.002845
6568	0.837384	0.002301	0.001061
6569	0.840953	0.000771	-0.002170
6570	0.843943	0.001554	0.000916
6571	0.844039	-0.000383	0.001061
6572	0.838735	-0.000142	0.007137
6573	0.836998	0.001211	0.006462
6574	0.832465	0.001753	0.001254
6575	0.835745	-0.000166	0.004389
6576	0.840471	-0.000931	0.004581
6577	0.837674	0.001920	0.003810
6578	0.834008	0.001481	-0.001399
6579	0.830247	0.001232	-0.010513
6580	0.838252	0.000239	-0.008005
6581	0.841242	0.003139	-0.004485
6582	0.837577	0.000400	-0.004823
6583	0.830633	0.000962	-0.007620
6584	0.836034	-0.001006	-0.005064
6585	0.833430	0.000949	-0.001977
6586	0.836613	-0.000432	-0.005932
6587	0.837577	-0.003536	-0.006028
6588	0.838445	-0.002617	-0.002701
6589	0.844039	-0.003651	-0.009018
6590	0.835841	-0.003537	-0.008536
6591	0.835359	0.000129	-0.007378
6592	0.835262	-0.000496	-0.007234
6593	0.833912	-0.003044	-0.005208
6594	0.831211	-0.001330	-0.004147
6595	0.827450	-0.001243	-0.005932
6596	0.826003	-0.000410	-0.004630
6597	0.824171	0.000725	-0.001784
6598	0.823013	0.001289	-0.001399
6599	0.824846	0.001837	0.000530
6600	0.826003	0.000573	-0.001543
6601	0.834587	0.000975	0.000289
6602	0.830826	0.001915	0.000000
6603	0.831211	0.002007	-0.000241
6604	0.834105	0.002217	-0.004871
6605	0.829090	0.000690	0.000916
6606	0.829379	0.000866	0.001157
6607	0.824363	0.001146	0.000675
6608	0.827064	0.000732	-0.000482
6609	0.830633	0.000769	-0.002315
6610	0.832658	-0.001117	-0.003328
6611	0.833333	-0.002169	-0.005064
6612	0.831790	-0.001262	-0.005642
6613	0.833044	-0.001759	-0.006752
6614	0.836998	-0.001652	-0.004823
6615	0.842110	-0.001403	-0.007089
6616	0.840953	-0.001666	-0.006848
6617	0.842593	0.001861	-0.010851
6618	0.841821	0.000432	-0.009838
6619	0.840181	0.000526	-0.008343
6620	0.831983	-0.000756	-0.010802
6621	0.830343	-0.001279	-0.010465
6622	0.826196	0.001652	-0.011719
6623	0.832465	0.002794	-0.008536
6624	0.831597	0.002667	-0.007668
6625	0.829572	0.001943	-0.009693
6626	0.825521	-0.000749	-0.005353
6627	0.836323	0.001119	-0.009838
6628	0.828125	0.001687	-0.007957
6629	0.830536	0.000914	-0.009983
6630	0.824942	0.001076	-0.011092
6631	0.827836	0.000743	-0.009549
6632	0.824653	0.001137	-0.007571
6633	0.827836	-0.001005	-0.003279
6634	0.825328	0.000330	-0.011285
6635	0.823110	0.001171	-0.006848
6636	0.819444	0.001747	0.001929
6637	0.815008	0.000492	0.000145
6638	0.819348	-0.000987	-0.001302
6639	0.823495	-0.001631	-0.004581
6640	0.825907	0.001117	-0.001640
6641	0.821470	-0.000805	-0.008488
6642	0.825907	-0.000630	-0.007620
6643	0.819637	-0.000104	-0.006076
6644	0.814718	-0.000169	-0.003954
6645	0.813079	0.000583	-0.005401
6646	0.813947	0.000776	-0.004147
6647	0.814718	0.001111	-0.001254
6648	0.818480	0.000263	-0.006944
6649	0.818866	-0.001223	-0.006559
6650	0.821759	-0.001439	-0.008825
6651	0.825907	-0.000539	-0.008584
6652	0.823110	-0.000367	-0.000241
6653	0.821663	0.000088	-0.000338
6654	0.825521	-0.000570	-0.002604
6655	0.820313	-0.000161	-0.005883
6656	0.824749	-0.000766	-0.001977
6657	0.817515	-0.000181	-0.002363
6658	0.817323	-0.001273	-0.000145
6659	0.822820	-0.001611	-0.002459
6660	0.820313	0.001328	-0.000289
6661	0.820120	-0.002075	0.000434
6662	0.820891	-0.001404	-0.000193
6663	0.817901	-0.000343	0.001350
6664	0.817708	-0.000030	0.004340
6665	0.814429	-0.000984	0.003906
6666	0.820698	0.000462	0.002845
6667	0.816069	-0.000513	-0.001640
6668	0.818287	0.001153	-0.002411
6669	0.816937	0.000388	0.001495
6670	0.817998	0.000004	0.001543
6671	0.821566	-0.000404	-0.002218
6672	0.827643	-0.000689	-0.000916
6673	0.819252	0.001065	-0.001640
6674	0.826196	0.000011	0.001543
6675	0.823110	-0.000466	0.005739
6676	0.829861	-0.000431	0.008922
6677	0.828125	0.000262	0.004630
6678	0.826196	0.001867	0.001206
6679	0.825714	0.001167	0.003424
6680	0.828125	0.000978	0.004630
6681	0.828704	0.001823	0.000145
6682	0.825424	-0.001167	0.001254
6683	0.828318	0.000099	0.002363
6684	0.832851	-0.000643	0.003713
6685	0.834684	-0.001741	0.004967
6686	0.830826	-0.000224	0.000386
6687	0.839506	0.000157	0.001881
6688	0.831404	-0.001259	0.003183
6689	0.829572	0.002660	0.001833
6690	0.829282	0.001705	-0.000048
6691	0.827450	0.000338	-0.000145
6692	0.826871	-0.002199	-0.001833
6693	0.826389	-0.000458	-0.001206
6694	0.821566	-0.001752	-0.004678
6695	0.825907	-0.002032	-0.002701
6696	0.825810	-0.001695	-0.003183
6697	0.826003	-0.000987	-0.002025
6698	0.825039	0.000511	-0.004533
6699	0.824653	-0.000048	-0.003135
6700	0.831308	-0.000282	0.001206
6701	0.837384	-0.001122	0.004389
6702	0.832851	0.000812	0.002990
6703	0.828704	0.000016	0.003424
6704	0.823592	0.001356	-0.004099
6705	0.823881	0.000885	-0.002315
6706	0.823206	-0.000664	-0.002508
6707	0.818962	-0.000625	0.001881
6708	0.817998	-0.001113	-0.004051
6709	0.816840	-0.000476	-0.001784
6710	0.807485	0.000064	-0.001013
6711	0.812114	-0.000312	0.000048
6712	0.810378	0.000685	0.000965
6713	0.812404	0.000088	-0.002556
6714	0.809992	0.000101	-0.002267
6715	0.819252	0.000030	-0.003086
6716	0.814622	-0.001163	-0.006366
6717	0.816262	0.000637	-0.000338
6718	0.816262	-0.001010	-0.011092
6719	0.815779	0.001873	-0.005787
6720	0.819444	0.000733	-0.002942
6721	0.822242	-0.000315	-0.001399
6722	0.819830	-0.000167	-0.000145
6723	0.821952	0.000157	-0.002797
6724	0.814236	-0.001623	-0.005546
6725	0.824749	-0.001606	-0.001013
6726	0.833526	0.001687	0.002218
6727	0.828897	0.000144	0.002218
6728	0.820988	0.000841	0.005401
6729	0.823592	0.000712	-0.002122
6730	0.819155	0.000083	0.000530
6731	0.814525	-0.000634	0.005594
6732	0.816647	0.000141	0.004967
6733	0.822434	-0.000494	0.001495
6734	0.830536	0.000816	0.000193
6735	0.836420	0.001609	-0.000627
6736	0.826196	0.002038	-0.002556
6737	0.825231	0.003396	-0.003472
6738	0.831019	0.001850	-0.002556
6739	0.832079	-0.000981	-0.001591
6740	0.824171	0.000427	-0.006510
6741	0.821663	0.000444	-0.005691
6742	0.819927	-0.001098	-0.003328
6743	0.815779	0.000330	-0.003231
6744	0.818287	-0.001772	0.000096
6745	0.816454	-0.000132	-0.002170
6746	0.811246	-0.000377	0.000289
6747	0.811439	-0.000743	0.000579
6748	0.813079	-0.000751	-0.001109
6749	0.816840	-0.000292	-0.007282
6750	0.819541	0.000008	-0.001881
6751	0.821084	-0.001265	-0.002508
6752	0.813079	0.000851	-0.005642
6753	0.819541	0.000169	-0.006414
6754	0.821084	0.000233	-0.004967
6755	0.825328	0.000805	-0.002894
6756	0.821373	-0.000854	-0.002411
6757	0.817612	-0.000521	-0.001784
6758	0.823399	0.000653	-0.003954
6759	0.811150	0.000646	0.002652
6760	0.816069	-0.000808	0.001109
6761	0.814333	0.000675	0.000820
6762	0.819252	0.000030	0.006559
6763	0.819927	0.000508	0.006318
6764	0.821759	0.001701	0.000868
6765	0.822531	-0.000171	0.000965
6766	0.823110	-0.000360	-0.002942
6767	0.821856	0.000338	-0.001399
6768	0.827064	0.000987	-0.003038
6769	0.827257	0.000807	-0.001109
6770	0.830150	0.002707	-0.001495
6771	0.830729	0.002016	0.003810
6772	0.830247	0.000977	0.000000
6773	0.838156	-0.002736	0.000627
6774	0.845004	-0.000684	0.003617
6775	0.842785	0.001918	-0.000193
6776	0.840567	0.000855	0.001591
6777	0.833526	-0.000018	-0.002267
6778	0.838831	0.001519	-0.000530
6779	0.833237	-0.000678	0.001977
6780	0.831694	0.001633	0.001061
6781	0.827836	0.000115	0.005449
6782	0.828029	-0.001417	0.007957
6783	0.827932	0.001086	0.005787
6784	0.828897	-0.001491	0.006655
6785	0.825328	-0.000638	0.006510
6786	0.819541	-0.000958	0.003954
6787	0.820602	-0.000947	0.008343
6788	0.820120	0.000211	0.006752
6789	0.819348	-0.001859	0.002749
6790	0.825231	-0.000642	0.000145
6791	0.832948	-0.000950	-0.003906
6792	0.828993	0.000191	0.000241
6793	0.823592	0.000807	-0.002894
6794	0.816840	0.001955	-0.004244
6795	0.816262	0.000267	-0.002749
6796	0.822531	0.001162	-0.000530
6797	0.815104	-0.000176	0.001881
6798	0.827257	0.000143	0.001495
6799	0.830343	0.000838	0.000386
6800	0.826389	0.001267	-0.001061
6801	0.828125	0.002552	0.001302
6802	0.828029	0.002090	0.006993
6803	0.822820	-0.000098	0.004871
6804	0.821373	0.000475	0.003713
6805	0.824460	0.001142	-0.001784
6806	0.824460	0.002240	-0.000048
6807	0.826100	-0.000152	-0.006800
6808	0.819541	-0.000446	-0.002508
6809	0.824460	-0.001886	-0.004533
6810	0.824171	0.000186	-0.000434
6811	0.826968	0.001426	-0.000434
6812	0.823881	-0.000867	-0.003520
6813	0.823881	0.000445	0.001061
6814	0.818094	0.000292	0.002942
6815	0.821759	0.000063	-0.001447
6816	0.824074	0.001192	0.000096
6817	0.821277	0.001009	0.003472
6818	0.828993	-0.000534	0.001736
6819	0.823302	-0.000299	-0.001640
6820	0.828029	-0.002267	-0.000241
6821	0.822145	0.000358	0.001013
6822	0.820409	0.000152	-0.004003
6823	0.823110	-0.000265	-0.001881
6824	0.820120	-0.001062	-0.000916
6825	0.827353	-0.000236	-0.002894
6826	0.822434	-0.001609	-0.004389
6827	0.827353	0.000306	-0.007764
6828	0.831115	0.001055	-0.007041
6829	0.829861	-0.000580	-0.006510
6830	0.832948	0.001614	-0.004485
6831	0.836709	0.002365	-0.003665
6832	0.828704	0.002017	-0.004533
6833	0.830729	-0.001843	-0.006173
6834	0.834105	-0.000746	-0.005112
6835	0.834298	-0.001116	-0.005401
6836	0.828704	0.000477	-0.009500
6837	0.830922	-0.000686	-0.010127
6838	0.831501	0.000392	-0.011044
6839	0.829668	0.000852	-0.009163
6840	0.828221	0.000360	-0.006173
6841	0.827450	0.001723	-0.003713
6842	0.829379	-0.000347	0.000241
6843	0.825231	0.001425	0.000868
6844	0.819927	-0.000284	-0.002845
6845	0.822820	0.001527	-0.008005
6846	0.825231	0.000703	-0.009163
6847	0.829958	0.002684	-0.011429
6848	0.828993	0.001481	-0.010706
6849	0.832562	0.000746	-0.007523
6850	0.833430	0.001891	-0.007041
6851	0.837674	0.001921	-0.006414
6852	0.832755	-0.000353	-0.004003
6853	0.833719	0.001026	-0.002170
6854	0.841146	-0.000688	-0.002604
6855	0.838445	0.000279	-0.005257
6856	0.834973	0.000752	-0.005064
6857	0.836130	0.000682	-0.005449
6858	0.837384	0.000552	-0.004726
6859	0.832465	0.000855	-0.004147
6860	0.829668	0.002280	-0.002894
6861	0.830054	0.001062	-0.004871
6862	0.827739	0.000953	-0.004292
6863	0.832562	-0.001213	0.000289
6864	0.833719	-0.001741	-0.000530
6865	0.831887	-0.000708	-0.003424
6866	0.831694	0.000293	-0.001543
6867	0.828704	-0.001032	0.002556
6868	0.837867	-0.001039	0.000193
6869	0.832176	-0.001933	0.003472
6870	0.838445	-0.000770	0.001206
6871	0.831211	0.000712	0.006848
6872	0.828318	0.001363	0.002411
6873	0.821277	-0.001684	0.005401
6874	0.821277	-0.003266	0.003954
6875	0.824267	-0.001262	0.000048
6876	0.825714	0.000557	0.003086
6877	0.826292	0.001258	0.005883
6878	0.823785	-0.000004	0.002701
6879	0.822917	-0.001105	0.005015
6880	0.826582	-0.001573	0.001399
6881	0.820216	0.000428	0.005883
6882	0.821663	-0.000616	0.008150
6883	0.827836	0.000200	0.001688
6884	0.831597	-0.001167	0.002652
6885	0.835648	-0.001033	0.009163
6886	0.834008	0.000314	0.001929
6887	0.834008	0.001449	0.003038
6888	0.836709	0.000320	0.003713
6889	0.838542	-0.000879	0.002459
6890	0.836420	0.001349	0.005498
6891	0.839410	0.002468	0.003762
6892	0.831404	0.002147	0.006366
6893	0.829572	0.000118	0.009549
6894	0.834491	0.000978	0.008439
6895	0.829861	-0.001355	0.008439
6896	0.841725	-0.000033	0.006655
6897	0.840664	-0.000530	0.012105
6898	0.832658	-0.001977	0.011044
6899	0.835262	0.000026	0.010417
6900	0.826292	-0.000877	0.007427
6901	0.826871	-0.000323	0.010176
6902	0.823110	-0.000050	0.005980
6903	0.819155	0.000511	0.005401
6904	0.819734	0.000098	0.004678
6905	0.819927	0.000230	0.004389
6906	0.816262	0.001860	0.004003
6907	0.823495	0.000720	0.001206
6908	0.827739	0.000880	0.002170
6909	0.827836	-0.000148	0.007813
6910	0.823881	0.002168	0.002845
6911	0.831211	-0.000582	0.004437
6912	0.825039	-0.001248	0.005305
6913	0.827353	-0.000383	0.003810
6914	0.824074	0.002071	0.003328
6915	0.821373	0.000387	0.001543
6916	0.816840	-0.000253	0.003569
6917	0.819252	0.000010	0.003713
6918	0.823013	-0.001076	0.003665
6919	0.829090	-0.000228	0.004196
6920	0.827450	-0.000335	0.008536
6921	0.832658	-0.000670	0.005594
6922	0.830150	-0.000150	0.006462
6923	0.827932	-0.003717	0.008922
6924	0.830922	0.000689	0.004003
6925	0.824846	-0.000559	0.001157
6926	0.825424	-0.002232	0.002508
6927	0.825135	-0.000565	0.007668
6928	0.823881	0.000185	0.005546
6929	0.822338	0.001003	0.004630
6930	0.825135	-0.000647	0.004196
6931	0.827064	-0.000602	0.004244
6932	0.828897	-0.000196	0.003569
6933	0.828511	-0.000893	0.003424
6934	0.831597	0.000125	0.000145
6935	0.833333	-0.000622	-0.001881
6936	0.833623	0.000089	-0.000241
6937	0.835166	-0.000241	0.004003
6938	0.834298	0.000568	0.003954
6939	0.830922	-0.000165	0.001447
6940	0.824363	0.001270	0.006848
6941	0.826582	0.000882	0.002894
6942	0.828318	0.000717	0.002942
6943	0.825907	0.001479	-0.000434
6944	0.827932	0.000257	-0.002363
6945	0.828318	-0.000408	0.001447
6946	0.832658	0.000425	0.002701
6947	0.829186	0.000712	0.002652
6948	0.828029	-0.001260	0.003038
6949	0.829475	-0.000171	0.000820
6950	0.830440	-0.000365	-0.000241
6951	0.831404	-0.000471	0.000096
6952	0.833044	-0.001404	-0.001977
6953	0.839796	-0.000845	-0.000482
6954	0.833430	-0.001659	-0.001061
6955	0.832562	-0.000295	0.000530
6956	0.829765	0.001410	-0.000145
6957	0.828897	-0.002950	0.003617
6958	0.827353	-0.000928	0.001206
6959	0.827546	0.000267	0.001881
6960	0.829765	-0.001554	0.004919
6961	0.834008	0.001216	0.006366
6962	0.831308	-0.000722	-0.000675
6963	0.840760	-0.000662	0.001833
6964	0.833816	0.001078	0.001254
6965	0.832465	0.001691	0.003183
6966	0.828993	0.000910	-0.003328
6967	0.833912	0.000899	0.001013
6968	0.832176	0.001482	0.007234
6969	0.827160	-0.000333	0.005883
6970	0.827932	0.001513	0.006414
6971	0.827932	0.001638	0.006944
6972	0.827353	0.001429	0.005401
6973	0.830826	-0.000983	0.003472
6974	0.834105	-0.001727	0.007475
6975	0.831211	-0.000165	0.008150
6976	0.828029	-0.000712	0.002652
6977	0.835262	-0.000010	0.004437
6978	0.826678	-0.002066	0.003713
6979	0.825617	0.000106	0.005835
6980	0.825521	-0.000724	0.006028
6981	0.821181	0.001248	0.000241
6982	0.824942	-0.000135	-0.003665
6983	0.822242	0.001733	-0.006559
6984	0.824846	-0.000479	-0.006125
6985	0.822917	0.000622	-0.004967
6986	0.832369	-0.001137	-0.007523
6987	0.831404	-0.000716	-0.004823
6988	0.831115	-0.001412	-0.004726
6989	0.824363	-0.000448	-0.003569
6990	0.829475	-0.002092	-0.001061
6991	0.828897	-0.002554	-0.003520
6992	0.825521	0.000394	-0.002218
6993	0.826485	-0.000098	0.001543
6994	0.827064	0.000232	-0.005739
6995	0.831115	-0.000586	-0.000338
6996	0.832369	-0.000012	-0.004389
6997	0.826582	0.000494	0.001447
6998	0.828125	-0.000443	-0.000772
6999	0.823206	-0.002223	-0.000338
7000	0.822724	0.000375	-0.004292
7001	0.831019	-0.001342	-0.006752
7002	0.829379	-0.002286	-0.008150
7003	0.828800	-0.001041	-0.002894
7004	0.822627	-0.000401	-0.003762
7005	0.828800	0.000183	-0.002411
7006	0.834587	0.000629	-0.004196
7007	0.838542	0.001901	-0.003472
7008	0.836709	0.001950	-0.008247
7009	0.836516	0.001240	-0.003086
7010	0.839892	0.001839	-0.005449
7011	0.843943	-0.001716	-0.002508
7012	0.836806	0.000903	-0.000772
7013	0.842014	0.000675	-0.003472
7014	0.833140	0.000723	-0.002363
7015	0.826582	-0.000916	-0.002459
7016	0.831983	-0.000894	-0.004003
7017	0.829572	-0.000241	-0.008825
7018	0.824846	-0.000629	-0.004871
7019	0.827932	-0.000173	-0.004823
7020	0.824653	-0.000206	-0.005064
7021	0.827450	-0.000571	-0.002894
7022	0.822820	-0.000888	-0.001640
7023	0.822531	0.001421	0.001640
7024	0.828993	0.001014	0.003520
7025	0.825424	-0.000875	0.001591
7026	0.829572	-0.000933	0.003424
7027	0.830247	-0.000016	0.001302
7028	0.830054	0.000914	-0.000048
7029	0.834394	0.001381	0.002122
7030	0.829186	0.002152	-0.002170
7031	0.832176	-0.000019	0.002122
7032	0.823110	0.001263	-0.005305
7033	0.820023	-0.001100	-0.006703
7034	0.817033	-0.001349	-0.007668
7035	0.824942	0.000944	-0.008825
7036	0.824749	-0.000961	-0.006173
7037	0.829572	-0.002309	-0.005401
7038	0.822145	-0.000500	-0.005064
7039	0.816840	-0.000260	-0.008439
7040	0.817708	-0.000104	-0.002797
7041	0.825039	-0.001507	-0.004389
7042	0.826968	0.000786	-0.005112
7043	0.827546	0.001350	-0.000627
7044	0.824749	0.000849	-0.002604
7045	0.830826	-0.000775	-0.002652
7046	0.835455	-0.000351	-0.003183
7047	0.838156	-0.002975	-0.000965
7048	0.838445	-0.000365	-0.003954
7049	0.841532	-0.001029	-0.007716
7050	0.843268	0.000771	-0.004919
7051	0.838831	0.000171	-0.011671
7052	0.837674	-0.002029	-0.008391
7053	0.838735	-0.002003	-0.004823
7054	0.841628	-0.001634	-0.002508
7055	0.844715	0.000327	-0.001833
7056	0.845293	-0.004500	-0.003617
7057	0.838927	-0.004363	-0.003617
7058	0.834587	-0.002324	-0.004292
7059	0.828704	-0.000505	-0.004099
7060	0.830054	0.003370	-0.003520
7061	0.826678	-0.000483	-0.004581
7062	0.827353	-0.000540	-0.003135
7063	0.823785	0.001462	-0.001254
7064	0.827064	0.000286	-0.001447
7065	0.829572	0.002114	-0.001061
7066	0.823013	-0.000362	0.000338
7067	0.830054	-0.000288	0.006028
7068	0.833912	0.000059	0.003713
7069	0.832658	0.000953	0.003569
7070	0.833333	0.003016	0.002411
7071	0.835455	0.001896	-0.000289
7072	0.829186	0.000526	-0.000627
7073	0.827257	0.000284	-0.001688
7074	0.830440	-0.001389	0.002025
7075	0.830826	0.000055	-0.003617
7076	0.828029	-0.000032	-0.001591
7077	0.826871	-0.000293	-0.001447
7078	0.828318	-0.000458	-0.006896
7079	0.826678	0.000964	-0.006655
7080	0.824653	-0.000967	-0.002749
7081	0.825039	-0.001161	-0.003472
7082	0.823302	0.001105	-0.000338
7083	0.826389	-0.000119	-0.006173
7084	0.820891	-0.000894	-0.010899
7085	0.825907	0.000485	-0.009790
7086	0.824171	0.001929	-0.010465
7087	0.826196	0.001139	-0.011960
7088	0.826582	-0.000885	-0.006752
7089	0.836227	-0.001690	-0.006414
7090	0.835359	-0.001182	-0.006510
7091	0.842593	-0.000936	-0.001881
7092	0.834394	0.000059	-0.005305
7093	0.832851	-0.001035	-0.006076
7094	0.835552	0.000119	0.000965
7095	0.832272	-0.001067	0.002170
7096	0.834491	0.001485	-0.001061
7097	0.829861	0.001018	-0.004244
7098	0.827932	0.001768	-0.004147
7099	0.828414	-0.001052	-0.005064
7100	0.829090	-0.000216	-0.005932
7101	0.829186	-0.001041	-0.003713
7102	0.825907	-0.001409	-0.004533
7103	0.826582	-0.000713	-0.002122
7104	0.829668	-0.000080	-0.000193
7105	0.827064	0.000170	-0.005112
7106	0.828607	0.000663	-0.002025
7107	0.831983	0.001608	-0.001061
7108	0.833333	0.002283	-0.002459
7109	0.833912	0.001906	-0.002025
7110	0.834684	-0.000616	-0.003472
7111	0.832369	-0.000381	-0.004774
7112	0.837577	0.001258	-0.007041
7113	0.839410	-0.000656	-0.006462
7114	0.836998	-0.000184	-0.006318
7115	0.835166	-0.001683	-0.005642
7116	0.831597	-0.004329	-0.009066
7117	0.838156	-0.000015	-0.010224
7118	0.841917	-0.000565	-0.012780
7119	0.837577	-0.000079	-0.004437
7120	0.836323	-0.000596	-0.004147
7121	0.827836	-0.001120	-0.000434
7122	0.834587	-0.001786	-0.003231
7123	0.827932	-0.000393	-0.004437
7124	0.824846	-0.000308	-0.007668
7125	0.824460	0.000059	-0.002652
7126	0.825907	-0.001208	-0.004871
7127	0.826775	0.000314	-0.000434
7128	0.823110	-0.000556	-0.003279
7129	0.816937	0.000190	-0.004099
7130	0.818673	0.002456	-0.001013
7131	0.817998	0.001379	-0.000530
7132	0.821952	0.000859	-0.004581
7133	0.818962	0.000012	-0.002267
7134	0.817805	0.000544	-0.005932
7135	0.819155	0.000979	-0.000338
7136	0.812211	-0.000184	-0.004437
7137	0.816937	-0.000090	-0.004389
7138	0.820023	0.001025	-0.004533
7139	0.820023	-0.000339	-0.001977
7140	0.818962	0.000246	-0.000965
7141	0.823399	-0.000843	0.002170
7142	0.833044	-0.001279	0.002845
7143	0.831019	0.000204	-0.003135
7144	0.826003	0.000260	-0.000434
7145	0.824074	-0.000210	-0.000434
7146	0.827836	0.000395	-0.002074
7147	0.828029	0.001778	-0.000145
7148	0.830054	-0.000836	-0.004774
7149	0.828029	0.000089	-0.000241
7150	0.831597	-0.000557	-0.000193
7151	0.821856	0.001173	-0.000868
7152	0.824942	0.000037	-0.004967
7153	0.820409	-0.000421	-0.003858
7154	0.825328	0.001094	-0.001254
7155	0.825617	0.000990	-0.004919
7156	0.825424	0.001464	-0.000868
7157	0.830247	0.003953	0.000048
7158	0.824749	0.000269	-0.000145
7159	0.825424	0.004692	0.000916
7160	0.829572	0.001906	-0.000965
7161	0.830054	0.002595	-0.000772
7162	0.834491	-0.001090	0.000000
7163	0.841049	-0.001410	0.000675
7164	0.838059	-0.000829	0.002894
7165	0.837577	-0.000615	0.001157
7166	0.838349	0.000128	0.001784
7167	0.836227	-0.000005	0.000723
7168	0.831115	-0.001720	0.001254
7169	0.823785	-0.000920	-0.000193
7170	0.823592	0.000173	0.002170
7171	0.821566	0.000646	-0.000338
7172	0.823978	0.001132	0.001929
7173	0.829475	-0.000841	-0.004196
7174	0.827450	-0.000244	-0.009549
7175	0.821759	-0.000037	-0.006366
7176	0.827450	0.002264	-0.006944
7177	0.823399	0.001097	-0.008054
7178	0.822338	0.002435	-0.005449
7179	0.822531	0.000557	-0.003279
7180	0.821277	-0.000237	-0.000675
7181	0.825424	0.001555	-0.003424
7182	0.830247	0.000436	-0.000579
7183	0.822917	0.001222	0.002556
7184	0.820891	0.000318	0.000772
7185	0.815104	-0.000259	-0.001157
7186	0.820988	0.000328	0.003086
7187	0.820409	0.000898	0.000627
7188	0.822820	0.000836	0.000338
7189	0.831308	-0.001608	0.004389
7190	0.829475	0.001459	0.003183
7191	0.828993	-0.000414	0.001109
7192	0.823592	0.000465	0.005594
7193	0.821952	0.001362	0.008295
7194	0.821952	-0.001981	0.012539
7195	0.824653	-0.000664	0.007909
7196	0.825424	0.000646	0.005883
7197	0.827064	-0.000488	0.003424
7198	0.828125	-0.001573	0.003906
7199	0.828318	-0.001126	0.004823
7200	0.830633	0.002198	-0.000145
7201	0.829282	0.002565	-0.003906
7202	0.830247	0.001876	-0.003520
7203	0.831019	0.001452	-0.000772
7204	0.836420	-0.000501	-0.002074
7205	0.844329	0.002137	-0.003472
7206	0.838349	-0.000795	0.000868
7207	0.838735	0.001568	-0.000772
7208	0.835938	0.001691	-0.002604
7209	0.834684	0.003761	-0.001447
7210	0.834394	0.002911	-0.002701
7211	0.832948	0.002107	0.000675
7212	0.825714	0.003043	-0.001640
7213	0.832562	0.001000	-0.000723
7214	0.829668	0.000079	-0.001206
7215	0.833140	0.001442	-0.002363
7216	0.833623	-0.002203	-0.002074
7217	0.836709	0.001800	-0.002267
7218	0.836034	0.000870	-0.002122
7219	0.839024	0.003468	-0.002459
7220	0.834684	0.000403	-0.003810
7221	0.837095	0.000551	-0.008681
7222	0.837674	0.003157	-0.006993
7223	0.838059	-0.000935	-0.005980
7224	0.836709	0.001526	-0.007186
7225	0.836034	-0.003309	-0.008825
7226	0.839313	-0.001759	-0.011478
7227	0.841146	-0.002341	-0.006848
7228	0.838638	0.000707	-0.012153
7229	0.837481	0.001192	-0.008873
7230	0.832851	0.001093	-0.007234
7231	0.835455	0.001659	-0.008536
7232	0.835359	0.000848	-0.009645
7233	0.832465	-0.000295	-0.008632
7234	0.831790	0.000970	-0.005883
7235	0.828897	0.002100	-0.003665
7236	0.831887	0.001202	-0.007523
7237	0.834877	-0.000077	-0.002701
7238	0.830633	-0.000366	-0.008102
7239	0.832658	0.000008	-0.008536
7240	0.832079	-0.000355	-0.011526
7241	0.831983	-0.000718	-0.010610
7242	0.834008	-0.000934	-0.009307
7243	0.833044	-0.000110	-0.007186
7244	0.828414	-0.000463	-0.008054
7245	0.830247	-0.000364	-0.010899
7246	0.835938	0.001808	-0.011671
7247	0.837867	0.000455	-0.008584
7248	0.830729	0.000402	-0.009500
7249	0.834780	0.001693	-0.009934
7250	0.826485	-0.000183	-0.005064
7251	0.829282	0.000307	-0.005160
7252	0.829668	-0.000231	-0.007523
7253	0.835552	0.000589	-0.004244
7254	0.837577	0.000335	-0.004437
7255	0.834587	-0.000227	-0.002604
7256	0.831694	-0.000021	-0.006125
7257	0.834780	-0.000384	-0.003376
7258	0.839603	-0.001147	-0.002990
7259	0.836709	-0.001414	-0.002122
7260	0.839506	-0.001252	0.000289
7261	0.841049	-0.001825	0.003328
7262	0.834105	0.001375	0.003424
7263	0.840567	0.000231	0.006076
7264	0.840664	0.000953	0.010754
7265	0.838349	-0.000986	0.009307
7266	0.841532	0.001409	0.002459
7267	0.836998	-0.000512	0.005739
7268	0.838445	-0.001171	0.009018
7269	0.843654	-0.000511	0.009934
7270	0.839988	-0.001120	0.008198
7271	0.838445	-0.001366	0.011574
7272	0.843364	0.000149	0.011478
7273	0.840664	0.001560	0.009693
7274	0.839796	-0.003586	0.010417
7275	0.836034	-0.000452	0.007378
7276	0.840856	0.001209	0.009983
7277	0.849923	0.002032	0.010127
7278	0.851563	0.000910	0.006173
7279	0.848765	0.001626	0.007137
7280	0.843557	0.000813	0.006896
7281	0.836130	-0.000168	0.007186
7282	0.836323	-0.002105	0.007378
7283	0.838445	-0.000363	0.003086
7284	0.838927	-0.003602	-0.000048
7285	0.836420	0.000610	-0.000193
7286	0.835841	0.002274	-0.001206
7287	0.833237	-0.000908	-0.002459
7288	0.828800	0.000369	-0.004678
7289	0.827836	0.001502	0.000627
7290	0.830150	0.001207	-0.001688
7291	0.833140	0.000650	-0.001640
7292	0.831790	-0.001656	-0.006607
7293	0.835552	-0.000370	-0.004244
7294	0.832562	-0.001109	-0.008054
7295	0.832272	-0.001505	-0.001929
7296	0.827546	-0.002484	0.000530
7297	0.831211	0.000040	-0.000096
7298	0.830440	-0.002443	-0.001495
7299	0.837481	-0.001789	-0.001302
7300	0.835552	-0.001146	-0.004919
7301	0.831790	-0.000665	-0.005546
7302	0.827353	0.000465	-0.000772
7303	0.823302	0.000832	-0.002025
7304	0.821373	-0.000105	-0.001254
7305	0.816744	0.001456	0.002363
7306	0.817419	0.000858	0.004726
7307	0.815586	0.000797	-0.000965
7308	0.827257	0.000103	0.005305
7309	0.830536	0.003183	-0.002797
7310	0.830633	0.001377	-0.002749
7311	0.837288	-0.002376	-0.001302
7312	0.834105	0.000775	-0.006848
7313	0.833526	0.000302	-0.006655
7314	0.831404	-0.000710	-0.005739
7315	0.828993	-0.001384	-0.008439
7316	0.834973	-0.001459	-0.010465
7317	0.833912	0.000116	-0.006559
7318	0.830343	-0.000530	-0.005112
7319	0.827450	-0.000423	-0.007668
7320	0.820023	0.000343	-0.002556
7321	0.815104	0.000536	-0.003954
7322	0.818383	-0.002010	-0.008584
7323	0.823592	-0.000479	-0.007571
7324	0.828897	0.001546	-0.006028
7325	0.830247	0.000786	-0.004823
7326	0.828704	0.000786	-0.002411
7327	0.831019	0.000170	-0.001399
7328	0.831211	-0.000596	-0.003520
7329	0.822627	0.000588	-0.008922
7330	0.827064	-0.000681	-0.009404
7331	0.826582	0.001562	-0.008873
7332	0.828993	0.001015	-0.000723
7333	0.828704	-0.000293	0.001543
7334	0.832079	-0.000100	0.001399
7335	0.827546	-0.000786	0.000965
7336	0.833623	0.000882	0.007330
7337	0.836613	0.000035	0.004726
7338	0.832176	0.000286	0.007234
7339	0.830826	0.001178	0.007813
7340	0.828029	0.002096	-0.000145
7341	0.836130	0.000626	0.003472
7342	0.841146	0.000297	0.003328
7343	0.838735	-0.002585	0.006173
7344	0.836227	-0.000370	0.003135
7345	0.835648	-0.000626	0.002459
7346	0.834105	-0.000425	0.001591
7347	0.835938	-0.000877	0.000048
7348	0.833140	-0.000598	-0.000530
7349	0.835359	-0.001820	-0.001929
7350	0.834780	0.000847	-0.005305
7351	0.831887	-0.000014	-0.006607
7352	0.836420	-0.000213	-0.003954
7353	0.837770	0.000784	-0.010899
7354	0.831983	0.000937	-0.006752
7355	0.832465	0.000042	-0.004099
7356	0.832658	-0.000558	-0.003135
7357	0.834587	0.000112	-0.002652
7358	0.836323	-0.002154	-0.002749
7359	0.845004	0.001603	-0.004196
7360	0.843364	-0.002569	-0.001109
7361	0.839313	-0.000120	-0.001399
7362	0.842496	0.000306	0.000772
7363	0.835841	-0.002271	0.001640
7364	0.830633	-0.002212	-0.000627
7365	0.825521	-0.000088	0.000048
7366	0.825328	0.000678	-0.002170
7367	0.827353	0.001700	-0.003617
7368	0.827064	0.000507	-0.006076
7369	0.826292	0.000911	-0.002025
7370	0.827836	0.000590	-0.000482
7371	0.833816	-0.002441	-0.003038
7372	0.836516	0.000491	-0.005642
7373	0.834587	-0.001925	-0.002363
7374	0.827739	-0.000209	-0.000096
7375	0.825810	-0.000943	-0.004774
7376	0.821084	0.000199	-0.003520
7377	0.821856	0.000601	-0.005980
7378	0.820602	0.001501	-0.004389
7379	0.813754	-0.000197	-0.003569
7380	0.818287	0.000411	-0.005064
7381	0.822145	0.001282	-0.006510
7382	0.823592	0.000483	-0.005739
7383	0.823881	0.001351	-0.004389
7384	0.825135	0.001552	-0.000675
7385	0.823110	0.000585	-0.002459
7386	0.824171	0.000325	0.000675
7387	0.821277	0.000095	-0.000289
7388	0.819059	-0.001339	-0.004051
7389	0.822434	-0.000788	-0.006462
7390	0.823399	-0.000462	-0.004244
7391	0.818287	-0.000492	-0.003135
7392	0.817998	-0.000285	-0.001061
7393	0.822820	0.000190	0.001109
7394	0.820698	0.000742	0.002604
7395	0.826003	0.001190	0.000386
7396	0.829861	0.000643	-0.002604
7397	0.828607	-0.001041	-0.003135
7398	0.830440	-0.001525	-0.002267
7399	0.830729	-0.000472	-0.004389
7400	0.828511	0.001010	-0.005498
7401	0.819541	-0.000386	-0.005160
7402	0.823785	-0.000271	-0.004340
7403	0.835069	-0.001381	-0.004485
7404	0.830633	0.000100	-0.001591
7405	0.834587	0.002728	-0.002122
7406	0.838831	-0.000395	0.002411
7407	0.834201	0.001327	0.007089
7408	0.830729	0.003243	0.010031
7409	0.832176	0.001616	0.006125
7410	0.828897	0.000156	0.000627
7411	0.826678	-0.000624	0.003376
7412	0.826871	-0.000571	0.002122
7413	0.830536	0.000746	0.002459
7414	0.832369	-0.000270	0.006125
7415	0.829379	-0.000707	0.006076
7416	0.824267	-0.000798	0.002074
7417	0.826485	-0.000874	0.004051
7418	0.827643	0.001169	0.002990
7419	0.828221	-0.000565	0.002170
7420	0.829765	-0.002271	0.002556
7421	0.829090	-0.001610	0.006125
7422	0.828125	0.000080	0.005208
7423	0.825810	-0.000808	0.003906
7424	0.829958	-0.002606	0.007137
7425	0.829090	0.001120	0.005449
7426	0.827739	-0.001160	0.001640
7427	0.828029	0.000087	0.003328
7428	0.827643	-0.001451	-0.001061
7429	0.823110	0.001698	-0.001109
7430	0.828414	-0.000000	-0.006848
7431	0.823881	0.000977	-0.000530
7432	0.811343	0.000798	0.001640
7433	0.815972	-0.000442	-0.000241
7434	0.818576	0.001221	0.005401
7435	0.813657	0.001067	0.002894
7436	0.814525	0.000024	0.005208
7437	0.820120	0.000708	0.004774
7438	0.821856	0.000430	0.007378
7439	0.821566	-0.001171	0.005932
7440	0.821663	-0.000758	0.007668
7441	0.829668	-0.001804	0.002942
7442	0.830440	-0.001208	0.002604
7443	0.833237	0.000152	0.000868
7444	0.830633	-0.000636	0.004871
7445	0.837770	0.001381	0.005015
7446	0.837191	0.001565	0.004003
7447	0.828511	-0.000840	0.002074
7448	0.829572	-0.001469	-0.004437
7449	0.831019	-0.000164	0.001013
7450	0.830729	0.000652	-0.000723
7451	0.833237	-0.000743	0.002218
7452	0.833526	-0.001539	0.000772
7453	0.831694	-0.001108	0.002990
7454	0.832948	0.000138	0.005449
7455	0.839988	0.001038	0.006944
7456	0.840856	0.001047	0.010561
7457	0.830343	0.000822	0.008825
7458	0.836130	0.001489	0.007571
7459	0.839410	-0.001378	0.004389
7460	0.843943	-0.000280	0.005980
7461	0.846354	-0.000462	0.006703
7462	0.853588	-0.001619	0.005160
7463	0.852913	0.001983	0.002218
7464	0.854070	0.002658	0.002315
7465	0.850212	0.006958	0.002652
7466	0.848380	0.004128	0.005015
7467	0.846451	0.003257	0.003858
7468	0.851659	0.003194	0.005980
7469	0.848958	0.000312	0.009018
7470	0.853202	0.000957	0.007427
7471	0.850502	0.003655	0.009693
7472	0.844907	0.000829	0.005353
7473	0.842207	-0.001867	0.007813
7474	0.844618	-0.002005	0.009693
7475	0.843075	-0.002545	0.004244
7476	0.834973	-0.000391	0.001881
7477	0.837577	-0.000493	0.002990
7478	0.838638	-0.000085	0.004485
7479	0.838349	-0.001698	0.002797
7480	0.841242	-0.000594	0.001977
7481	0.837288	-0.000374	0.001543
7482	0.836613	-0.002025	0.003858
7483	0.837674	-0.001701	-0.001206
7484	0.832369	-0.000571	-0.003810
7485	0.833912	-0.000403	-0.009693
7486	0.836420	-0.000315	-0.007861
7487	0.835648	-0.000493	-0.004389
7488	0.836902	-0.001144	-0.007378
7489	0.833719	-0.001585	-0.009886
7490	0.837191	0.004309	-0.006800
7491	0.837770	0.000525	-0.002363
7492	0.831887	0.000143	-0.005208
7493	0.829958	0.000005	-0.006221
7494	0.839313	0.002313	-0.008970
7495	0.839699	-0.001083	-0.004726
7496	0.843364	0.000437	-0.002363
7497	0.841725	0.004883	-0.002652
7498	0.838735	0.004714	-0.002942
7499	0.840181	0.000872	0.000723
7500	0.834491	0.001524	0.000000
7501	0.828125	-0.000887	0.002459
7502	0.830633	-0.000553	0.004871
7503	0.824653	0.000449	0.003328
7504	0.823206	0.000198	0.002604
7505	0.818480	0.000183	-0.001061
7506	0.820698	-0.000779	0.000482
7507	0.824171	-0.001426	0.007957
7508	0.823206	-0.000183	0.003135
7509	0.828221	0.000098	0.005208
7510	0.827450	0.000490	0.002942
7511	0.832465	-0.000633	0.001881
7512	0.837384	0.001311	0.002218
7513	0.831597	-0.003199	0.004823
7514	0.827643	-0.001112	0.009018
7515	0.829186	-0.000545	0.006028
7516	0.827932	-0.001029	0.010224
7517	0.825231	0.001082	0.008825
7518	0.826003	0.000337	0.012201
7519	0.825810	-0.001615	0.011429
7520	0.833719	-0.001355	0.012539
7521	0.831790	-0.001012	0.010513
7522	0.827836	0.001235	0.006655
7523	0.832851	0.001036	0.003231
7524	0.833526	0.002197	0.005160
7525	0.834973	0.000295	0.005739
7526	0.838831	0.000699	0.005835
7527	0.838059	-0.000674	0.002267
7528	0.836516	-0.001622	0.004147
7529	0.843075	0.001561	0.004437
7530	0.836806	-0.000039	0.007861
7531	0.843075	0.001148	0.005546
7532	0.842689	-0.001887	0.009500
7533	0.837095	0.000347	0.007813
7534	0.834684	-0.001368	0.002363
7535	0.829765	-0.000523	-0.000965
7536	0.830150	-0.001643	-0.002122
7537	0.827160	-0.000522	-0.001977
7538	0.826775	-0.001923	-0.003424
7539	0.827836	-0.000315	-0.005401
7540	0.829475	0.000649	-0.006510
7541	0.834973	0.001624	-0.005305
7542	0.836613	0.000833	-0.008825
7543	0.835262	-0.000160	-0.004967
7544	0.837288	-0.001061	-0.008102
7545	0.835938	0.001023	-0.012008
7546	0.835455	0.002002	-0.007571
7547	0.832272	-0.000407	-0.008681
7548	0.828125	0.000545	-0.005739
7549	0.827932	0.000047	-0.008198
7550	0.831019	0.002239	-0.006993
7551	0.831404	0.001458	-0.001881
7552	0.835262	0.000490	-0.003328
7553	0.834973	-0.000892	0.002218
7554	0.831501	0.000205	-0.001206
7555	0.825714	0.004415	0.000145
7556	0.830922	0.001807	0.000723
7557	0.834973	-0.000748	0.001977
7558	0.838735	-0.000792	0.002170
7559	0.838638	0.000400	0.003086
7560	0.840664	-0.000588	0.006752
7561	0.837095	-0.001539	0.007716
7562	0.832176	-0.000102	0.005980
7563	0.834491	-0.000998	0.001784
7564	0.841435	-0.000194	-0.000386
7565	0.840953	-0.001088	0.003086
7566	0.843075	0.002168	0.004533
7567	0.847608	-0.000342	-0.000723
7568	0.843750	0.002042	-0.004196
7569	0.841339	0.000702	-0.002315
7570	0.834201	0.002356	-0.005112
7571	0.836613	0.000760	0.000675
7572	0.839313	0.000715	-0.006366
7573	0.838542	0.003047	-0.003520
7574	0.839603	0.000357	-0.002122
7575	0.841339	-0.000599	-0.006414
7576	0.842978	-0.000559	-0.002604
7577	0.840374	-0.000122	-0.001977
7578	0.844907	0.001446	0.000965
7579	0.844522	-0.001963	0.000145
7580	0.847126	0.000283	0.000868
7581	0.845100	0.000633	0.005449
7582	0.842978	-0.000457	0.000193
7583	0.841242	0.001550	-0.001736
7584	0.838735	0.001526	0.004003
7585	0.838927	0.000870	0.004581
7586	0.838156	-0.001039	0.005642
7587	0.836227	0.000604	-0.001061
7588	0.834684	0.001315	0.000627
7589	0.829572	0.001387	-0.004581
7590	0.834780	-0.000910	-0.003520
7591	0.835745	-0.002669	-0.001591
7592	0.832755	0.001560	-0.003231
7593	0.834877	-0.000530	-0.000338
7594	0.842593	0.004283	0.002894
7595	0.840278	-0.001935	-0.000096
7596	0.836709	-0.002537	-0.000579
7597	0.833912	-0.001853	-0.001784
7598	0.836998	-0.001160	-0.000772
7599	0.841532	-0.003741	-0.002315
7600	0.838831	-0.001295	-0.004774
7601	0.836516	-0.001928	-0.003424
7602	0.841725	-0.001321	-0.005498
7603	0.842110	0.000407	-0.005594
7604	0.844039	0.001565	-0.004774
7605	0.840567	-0.000177	-0.006173
7606	0.845004	0.001128	-0.005642
7607	0.850116	0.002465	-0.007330
7608	0.846451	0.001612	-0.005112
7609	0.843268	0.001884	-0.006607
7610	0.849923	0.000639	-0.005980
7611	0.845293	-0.000717	-0.005691
7612	0.846740	0.004065	-0.008729
7613	0.845775	0.002440	-0.006318
7614	0.843846	-0.000235	-0.009790
7615	0.846258	-0.000823	-0.007186
7616	0.840760	0.000557	-0.007378
7617	0.839313	-0.000268	-0.006993
7618	0.848765	0.000125	-0.002315
7619	0.844039	0.001912	-0.002315
7620	0.845390	0.002844	0.001881
7621	0.841917	0.003600	-0.001784
7622	0.833333	-0.001781	-0.000434
7623	0.841725	0.001625	0.003279
7624	0.836516	-0.000896	-0.001350
7625	0.837288	-0.000896	0.002652
7626	0.835262	0.001083	0.003858
7627	0.831597	0.002842	0.007571
7628	0.829379	-0.000226	0.007813
7629	0.829186	-0.003415	0.003954
7630	0.830633	-0.001290	0.006800
7631	0.826196	-0.000409	0.005064
7632	0.821566	-0.000957	0.005401
7633	0.813368	-0.001534	0.000723
7634	0.820988	0.001109	-0.002894
7635	0.816454	-0.000038	0.004967
7636	0.814043	-0.001156	0.005208
7637	0.808931	-0.001758	0.004340
7638	0.810764	-0.000058	0.001109
7639	0.817419	0.001839	0.003279
7640	0.822434	-0.000331	0.000482
7641	0.823206	-0.002171	0.001833
7642	0.822049	0.000898	-0.001640
7643	0.816840	-0.000058	0.001447
7644	0.812693	0.000695	0.002459
7645	0.814911	0.001701	0.005305
7646	0.817226	-0.000886	0.006269
7647	0.814622	-0.000367	0.006414
7648	0.820602	-0.000598	0.003183
7649	0.823495	0.000056	-0.000145
7650	0.825135	-0.001586	0.002797
7651	0.821566	0.001143	0.002556
7652	0.818480	-0.001333	0.002074
7653	0.824556	-0.001388	0.001157
7654	0.823110	-0.000431	0.004051
7655	0.829475	0.000665	0.001977
7656	0.835552	0.001879	0.000675
7657	0.837288	0.001808	0.003713
7658	0.829090	0.002529	0.003183
7659	0.828897	-0.000123	0.008825
7660	0.831308	0.000372	0.007137
7661	0.833333	0.001745	0.009066
7662	0.840856	0.003276	0.004726
7663	0.836902	0.000770	0.001591
7664	0.834780	-0.000761	0.003569
7665	0.835552	-0.000720	0.001061
7666	0.833430	-0.000241	0.005353
7667	0.835359	0.000109	0.005064
7668	0.838542	0.000578	0.006655
7669	0.847415	0.001704	0.002701
7670	0.840664	-0.000683	0.004581
7671	0.841628	-0.000370	0.006607
7672	0.841435	0.001152	0.008391
7673	0.840471	0.002140	0.007137
7674	0.838927	0.000343	0.011188
7675	0.835552	0.000518	0.008729
7676	0.827450	-0.001318	0.002652
7677	0.825039	-0.001242	0.004292
7678	0.828125	-0.000347	0.005305
7679	0.832176	-0.001724	0.006993
7680	0.838927	-0.000623	0.004581
7681	0.827257	0.000981	0.002267
7682	0.827353	0.000725	0.004292
7683	0.826871	0.001098	0.001447
7684	0.826968	0.001572	0.000723
7685	0.826871	0.001159	0.003424
7686	0.834780	0.002023	-0.000241
7687	0.834587	-0.001243	0.001688
7688	0.830054	0.001228	0.001157
7689	0.827643	0.002990	-0.003279
7690	0.826968	-0.000274	-0.006655
7691	0.821759	0.000402	-0.009115
7692	0.824846	-0.000845	-0.005739
7693	0.820409	-0.000958	-0.006414
7694	0.820409	-0.000602	-0.006221
7695	0.819059	-0.000495	-0.002604
7696	0.825617	-0.000346	-0.001447
7697	0.816358	-0.000771	0.000723
7698	0.815779	-0.000947	-0.003183
7699	0.809414	0.000844	-0.000820
7700	0.815008	-0.000325	0.002701
7701	0.815201	0.000227	0.008054
7702	0.821566	0.001040	0.006125
7703	0.821856	0.000986	0.009597
7704	0.824267	0.001022	0.012201
7705	0.819348	0.000878	0.005208
7706	0.817033	0.000896	0.005787
7707	0.817998	0.000234	0.002556
7708	0.826100	-0.000763	0.002942
7709	0.828029	0.000833	0.006076
7710	0.832851	0.000061	0.006800
7711	0.829668	-0.000261	0.003617
7712	0.837095	0.000400	0.006655
7713	0.837095	-0.001121	0.002363
7714	0.836902	-0.001151	0.000675
7715	0.830536	-0.001531	0.000434
7716	0.831887	0.000365	0.000723
7717	0.828993	0.000904	0.002025
7718	0.831694	0.001172	0.002652
7719	0.833333	0.000872	0.000965
7720	0.829186	0.000541	0.003231
7721	0.831501	-0.000911	0.001543
7722	0.827353	0.000543	-0.001977
7723	0.829572	-0.000352	0.001543
7724	0.829668	-0.000094	0.000145
7725	0.826871	-0.000187	0.000289
7726	0.829379	0.001197	-0.002315
7727	0.830343	-0.001532	0.002025
7728	0.832851	-0.001040	-0.000241
7729	0.832562	-0.001305	-0.005353
7730	0.828318	-0.000788	-0.005401
7731	0.828800	0.000566	-0.006366
7732	0.831694	0.000532	-0.007764
7733	0.828414	0.000459	-0.004437
7734	0.832658	-0.002184	-0.010272
7735	0.828800	0.003891	-0.004581
7736	0.824942	0.001522	-0.002267
7737	0.826871	0.000621	-0.003376
7738	0.821663	0.000881	-0.001736
7739	0.822338	0.000692	0.001157
7740	0.826003	0.000206	0.000338
7741	0.823592	0.000969	-0.000579
7742	0.819444	0.000610	-0.001061
7743	0.823881	-0.002083	0.000145
7744	0.829958	0.000702	0.005787
7745	0.830343	-0.000133	0.003135
7746	0.826003	-0.000905	0.000772
7747	0.829186	0.000343	-0.000096
7748	0.823785	-0.002125	-0.001399
7749	0.831887	-0.000333	0.002074
7750	0.829861	-0.000488	0.002315
7751	0.829765	-0.001381	0.000868
7752	0.831694	0.000193	-0.001591
7753	0.825714	0.001697	-0.004485
7754	0.827739	-0.000656	-0.003086
7755	0.831404	0.001177	-0.004003
7756	0.832272	-0.000520	-0.002218
7757	0.832562	0.000701	-0.001061
7758	0.838638	0.002049	0.002267
7759	0.841339	0.002460	0.001495
7760	0.834298	0.003290	0.000096
7761	0.839796	0.001687	-0.002749
7762	0.832176	-0.000229	-0.000145
7763	0.829572	-0.002134	-0.001109
7764	0.834877	-0.002589	-0.000965
7765	0.829475	-0.003297	-0.001109
7766	0.831597	-0.000419	0.003231
7767	0.834877	0.000996	-0.000965
7768	0.837384	-0.003371	0.000627
7769	0.831501	-0.001746	-0.004292
7770	0.828704	0.000559	-0.000386
7771	0.828318	-0.000375	-0.008391
7772	0.824846	0.001639	-0.006896
7773	0.827546	0.000989	-0.001206
7774	0.823688	-0.000609	-0.001302
7775	0.814140	-0.000413	0.001784
7776	0.811921	-0.001044	-0.001254
7777	0.817612	-0.000362	-0.003424
7778	0.816840	-0.000239	-0.001543
7779	0.815972	-0.000155	-0.001254
7780	0.813947	0.000040	-0.003279
7781	0.817612	0.000476	-0.004003
7782	0.817708	0.001114	-0.002170
7783	0.821566	-0.001382	0.000868
7784	0.824267	0.000076	-0.002749
7785	0.827546	0.000553	-0.002170
7786	0.826871	-0.001105	-0.006318
7787	0.829090	-0.001005	-0.001399
7788	0.830922	0.000701	-0.003713
7789	0.831983	0.001597	-0.002363
7790	0.825907	-0.000601	0.000579
7791	0.831597	-0.000862	0.007234
7792	0.824846	-0.001193	0.008102
7793	0.820795	-0.001430	0.004919
7794	0.823688	-0.000799	0.007041
7795	0.831019	0.000005	0.005980
7796	0.832272	0.001373	0.003762
7797	0.827353	-0.000704	0.002942
7798	0.827064	0.000090	0.000096
7799	0.832562	0.001141	0.001543
7800	0.828993	0.000551	0.000193
7801	0.828414	0.000270	-0.000868
7802	0.831501	-0.000850	-0.001157
7803	0.830922	-0.000812	-0.000338
7804	0.826968	0.001267	-0.000096
7805	0.825039	-0.001859	0.003183
7806	0.822627	-0.000907	0.003279
7807	0.820409	-0.000794	0.002652
7808	0.815683	0.000908	0.003569
7809	0.815586	-0.000680	0.009066
7810	0.814429	-0.000174	0.007427
7811	0.817130	-0.000669	0.008439
7812	0.817805	0.000895	0.005449
7813	0.820698	-0.000093	0.010802
7814	0.820313	-0.001473	0.006559
7815	0.821470	-0.002155	0.003183
7816	0.822724	-0.000448	0.000241
7817	0.829379	-0.000782	0.001302
7818	0.830247	0.001363	0.002990
7819	0.824363	-0.000492	0.000965
7820	0.824074	-0.000812	0.005064
7821	0.823688	0.000066	0.000675
7822	0.825328	-0.000668	-0.003038
7823	0.833044	-0.000648	-0.002218
7824	0.836613	-0.002171	-0.001977
7825	0.837095	-0.001587	-0.003183
7826	0.837095	-0.001137	-0.004051
7827	0.828607	0.000441	0.000193
7828	0.829186	0.000687	-0.005160
7829	0.830729	-0.001705	-0.005883
7830	0.837577	-0.001096	-0.004437
7831	0.831404	-0.000193	0.001833
7832	0.829861	0.001002	0.006076
7833	0.829668	0.001321	0.007668
7834	0.834105	0.001997	0.001543
7835	0.833430	-0.001263	0.003279
7836	0.833623	0.001090	0.002652
7837	0.835262	0.000502	0.001881
7838	0.835552	0.002833	0.004340
7839	0.833623	-0.000762	0.001640
7840	0.835166	-0.000047	0.001350
7841	0.840085	0.001944	-0.002315
7842	0.835359	-0.002354	0.001157
7843	0.831887	0.002023	-0.001640
7844	0.840664	-0.000389	-0.004581
7845	0.836420	0.001091	-0.003520
7846	0.833526	0.001634	-0.002122
7847	0.830054	-0.000641	0.000820
7848	0.828511	-0.001263	0.005160
7849	0.827932	0.000764	0.003472
7850	0.826003	0.000103	0.005208
7851	0.831501	-0.000193	0.005064
7852	0.823881	0.000402	0.005015
7853	0.818673	0.000394	0.003376
7854	0.819444	0.000297	0.007861
7855	0.824363	0.000929	0.006848
7856	0.821373	0.001449	0.006510
7857	0.828414	0.000861	0.001736
7858	0.828318	0.000720	0.002025
7859	0.823206	0.000827	0.004630
7860	0.827546	-0.001252	0.004196
7861	0.820120	0.001194	0.008632
7862	0.827932	0.000030	0.008391
7863	0.821759	0.000532	0.002170
7864	0.819734	0.000984	0.001784
7865	0.822242	-0.000120	0.000000
7866	0.820313	0.002645	-0.002652
7867	0.825328	-0.000184	-0.004389
7868	0.824846	0.000508	0.001447
7869	0.823302	-0.000408	0.000289
7870	0.823399	-0.000466	-0.002218
7871	0.831019	0.000812	0.002942
7872	0.831694	-0.001798	0.002508
7873	0.836227	-0.001170	0.005064
7874	0.838542	-0.001622	0.005015
7875	0.833912	-0.000721	0.003279
7876	0.834491	0.000122	0.005546
7877	0.833140	0.000783	0.001640
7878	0.831790	-0.001030	0.001013
7879	0.832176	-0.000036	0.000193
7880	0.831308	0.000543	0.002459
7881	0.831790	0.003608	0.002411
7882	0.835166	0.000231	0.002990
7883	0.826485	0.000002	0.001013
7884	0.829090	0.000056	0.002074
7885	0.829572	0.000481	0.002363
7886	0.827160	0.001245	0.004051
7887	0.827643	-0.001450	0.002411
7888	0.823688	0.001152	-0.000482
7889	0.828993	-0.001081	0.002267
7890	0.831308	-0.002625	0.004967
7891	0.834684	-0.003010	0.003376
7892	0.833044	-0.001441	0.004485
7893	0.836323	-0.001219	0.007234
7894	0.834201	0.001445	0.004678
7895	0.834877	0.001612	0.002652
7896	0.832079	0.002001	-0.001929
7897	0.831211	0.001516	-0.000868
7898	0.833912	0.000693	0.002845
7899	0.829861	-0.002066	0.002556
7900	0.824171	-0.000461	0.001013
7901	0.822531	-0.000614	0.001157
7902	0.824749	0.000867	-0.000723
7903	0.827257	0.000461	0.002652
7904	0.828029	-0.000248	-0.004147
7905	0.824846	0.000229	-0.002267
7906	0.820313	-0.000397	0.001784
7907	0.825135	0.001669	-0.003617
7908	0.823495	-0.000439	-0.005353
7909	0.827932	0.000404	-0.004581
7910	0.822338	0.000631	-0.003472
7911	0.825810	-0.000628	-0.001688
7912	0.833140	0.000557	-0.001591
7913	0.831404	0.000283	-0.004630
7914	0.828800	-0.001174	-0.005787
7915	0.830440	-0.001342	-0.009259
7916	0.827257	-0.001007	-0.005546
7917	0.830247	0.000008	-0.009115
7918	0.828318	0.000637	-0.005112
7919	0.823206	0.000902	-0.002942
7920	0.830150	-0.000926	0.000868
7921	0.831887	0.001808	0.003906
7922	0.836420	-0.000434	-0.002604
7923	0.834877	0.000099	-0.002652
7924	0.828221	0.000418	-0.008632
7925	0.826196	-0.000164	-0.005305
7926	0.832948	-0.001332	-0.001543
7927	0.825328	0.000796	-0.001206
7928	0.829475	-0.000958	-0.003376
7929	0.831790	0.000518	0.000434
7930	0.830343	-0.001099	0.000000
7931	0.835262	-0.001185	-0.006221
7932	0.832176	0.000874	-0.007909
7933	0.828704	-0.000924	-0.002701
7934	0.823206	-0.000672	-0.001784
7935	0.823688	0.001517	-0.005112
7936	0.831308	0.002068	-0.001061
7937	0.833333	0.001492	-0.007089
7938	0.831404	-0.000519	-0.003135
7939	0.832272	0.000130	-0.002604
7940	0.829090	-0.000061	-0.001061
7941	0.827353	0.000388	0.002652
7942	0.829090	0.000442	0.001447
7943	0.824653	0.001410	0.004196
7944	0.826871	0.001622	0.006221
7945	0.830922	0.001045	0.005257
7946	0.836998	-0.002412	0.000965
7947	0.836227	-0.000196	0.001302
7948	0.834780	-0.000077	0.002604
7949	0.835359	0.001279	-0.000241
7950	0.834008	-0.000742	-0.000723
7951	0.826292	-0.000305	0.003665
7952	0.827450	0.000329	0.000579
7953	0.826871	0.001144	-0.003328
7954	0.828125	-0.000664	-0.003279
7955	0.830150	0.000780	-0.001929
7956	0.826196	0.001269	-0.003086
7957	0.828607	-0.000148	0.001302
7958	0.828897	0.000690	-0.000579
7959	0.828800	0.001370	-0.004871
7960	0.827836	0.000725	-0.005160
7961	0.827932	0.000041	-0.001543
7962	0.822917	-0.000019	-0.003858
7963	0.820313	0.001189	-0.002749
7964	0.824460	0.002356	-0.002122
7965	0.820988	0.000729	0.000048
7966	0.825617	0.000038	0.001109
7967	0.827546	-0.000435	0.000000
7968	0.822434	0.001071	0.002797
7969	0.820602	0.000352	0.000868
7970	0.817419	0.000666	-0.002797
7971	0.821470	0.001396	-0.005787
7972	0.823785	0.000451	-0.005546
7973	0.820120	-0.001182	-0.005305
7974	0.815201	-0.000256	-0.003183
7975	0.815972	0.000154	-0.006076
7976	0.816069	0.000404	-0.007909
7977	0.818191	0.002252	-0.003520
7978	0.820988	0.002727	-0.004533
7979	0.820120	0.000746	-0.003665
7980	0.826100	0.001583	-0.001206
7981	0.823206	0.000290	-0.004099
7982	0.820795	-0.001351	-0.000096
7983	0.821566	-0.000574	-0.001495
7984	0.817323	0.001513	0.002459
7985	0.817901	-0.000237	-0.000289
7986	0.818094	0.000298	0.002025
7987	0.820698	-0.001238	0.002315
7988	0.819059	0.000730	0.005160
7989	0.814622	-0.000332	0.006752
7990	0.823495	-0.000522	0.003810
7991	0.822049	-0.000484	0.000482
7992	0.823399	-0.001131	-0.000772
7993	0.819927	-0.000067	-0.000145
7994	0.825039	0.000667	0.001061
7995	0.826389	0.000724	0.001109
7996	0.831115	0.001867	0.002170
7997	0.832562	0.000250	0.001302
7998	0.823881	-0.000278	-0.003135
7999	0.826968	-0.001077	0.002074
8000	0.829475	-0.000255	0.000530
8001	0.826003	0.000613	0.002122
8002	0.824074	-0.000622	0.003617
8003	0.828029	-0.001324	0.002508
8004	0.820988	0.000350	0.002074
8005	0.826003	0.000169	0.005932
8006	0.829475	-0.000539	0.003038
8007	0.833816	-0.003502	0.000482
8008	0.833719	-0.000178	0.001399
8009	0.832369	0.000319	0.002170
8010	0.840567	0.000686	-0.002797
8011	0.842207	0.001196	-0.000386
8012	0.841146	0.000915	-0.001640
8013	0.842303	0.001157	-0.001543
8014	0.842207	0.001306	0.000675
8015	0.845775	-0.000294	0.002122
8016	0.851948	-0.001020	-0.000627
8017	0.846065	0.001939	0.002508
8018	0.845775	-0.002333	0.000145
8019	0.849537	-0.000884	0.000530
8020	0.851948	0.000733	-0.001688
8021	0.849633	-0.005008	-0.007378
8022	0.848958	-0.003210	-0.005449
8023	0.848187	-0.001495	-0.008681
8024	0.840085	-0.000057	-0.005208
8025	0.841821	-0.002166	-0.007089
8026	0.840856	0.000630	-0.006848
8027	0.844522	0.000516	-0.010368
8028	0.838831	-0.000953	-0.008584
8029	0.836709	-0.001662	-0.011815
8030	0.837481	-0.001457	-0.009115
8031	0.836323	-0.000582	-0.009259
8032	0.835841	-0.000429	-0.008632
8033	0.836323	0.001058	-0.006318
8034	0.831019	0.001662	-0.004678
8035	0.831404	0.001180	-0.008873
8036	0.823785	-0.002043	-0.008102
8037	0.818769	-0.002463	-0.003858
8038	0.816937	-0.000717	0.002267
8039	0.817033	-0.001280	-0.001833
8040	0.828800	0.001729	-0.000241
8041	0.828414	0.000327	-0.002411
8042	0.830633	-0.000709	-0.003086
8043	0.829668	-0.000782	0.004292
8044	0.830536	-0.001678	0.001543
8045	0.831501	-0.001064	0.002749
8046	0.833816	0.000857	-0.001495
8047	0.834877	-0.000554	0.002170
8048	0.829765	0.000591	0.001881
8049	0.830633	-0.001010	0.000530
8050	0.838542	0.000350	-0.000675
8051	0.836516	-0.001251	0.000916
8052	0.838831	0.000741	0.002604
8053	0.841532	-0.000563	0.001061
8054	0.839313	-0.000372	-0.000530
8055	0.837770	-0.000811	0.000772
8056	0.836130	0.000524	-0.003183
8057	0.834008	-0.000553	0.004196
8058	0.836613	0.000126	-0.000482
8059	0.841821	-0.002461	-0.001977
8060	0.837867	-0.002999	0.001254
8061	0.840181	-0.000274	0.002411
8062	0.835745	-0.000915	0.002604
8063	0.839603	-0.003493	0.003135
8064	0.833430	0.000013	0.000000
8065	0.834973	-0.000738	-0.000145
8066	0.835455	0.000420	-0.002363
8067	0.833237	0.001640	-0.003617
8068	0.837095	0.000128	-0.003376
8069	0.832079	0.000009	-0.008391
8070	0.828125	-0.001172	-0.008054
8071	0.828029	-0.001546	-0.009645
8072	0.825231	0.000146	-0.004581
8073	0.825135	0.000868	-0.002797
8074	0.825521	-0.000578	-0.005257
8075	0.828704	-0.000539	-0.006559
8076	0.830054	-0.001936	-0.007234
8077	0.839410	-0.000202	0.000048
8078	0.839796	0.000591	0.000145
8079	0.844425	0.000425	-0.001688
8080	0.835069	0.000612	0.002652
8081	0.838638	0.002365	0.002218
8082	0.831019	0.002286	0.007041
8083	0.833623	0.002272	0.010706
8084	0.842207	0.000480	0.015095
8085	0.846258	0.000318	0.014034
8086	0.846644	-0.001271	0.013310
8087	0.841821	-0.000769	0.008729
8088	0.835552	0.001819	0.009066
8089	0.841628	-0.000391	0.004437
8090	0.834780	-0.001221	0.008825
8091	0.835455	-0.000281	0.004196
8092	0.835938	0.001577	0.008005
8093	0.836034	-0.001115	0.003810
8094	0.830826	-0.000881	0.001640
8095	0.826292	0.000159	-0.001109
8096	0.829572	-0.000505	-0.002122
8097	0.831501	0.000619	-0.005594
8098	0.838831	-0.000322	-0.002749
8099	0.832562	-0.000384	0.001543
8100	0.837770	0.000079	-0.001157
8101	0.835069	-0.001858	-0.003762
8102	0.839506	-0.000868	-0.001591
8103	0.841242	-0.001000	-0.003906
8104	0.837288	-0.000510	-0.004630
8105	0.840856	0.000782	-0.004147
8106	0.845004	0.002512	-0.002749
8107	0.838156	-0.000452	0.001784
8108	0.835455	-0.000363	0.000772
8109	0.836902	0.000652	-0.008584
8110	0.836420	-0.000293	-0.007330
8111	0.836902	0.000483	-0.008681
8112	0.841242	-0.003023	-0.013069
8113	0.839892	-0.001455	-0.009066
8114	0.839313	0.003224	-0.011044
8115	0.833140	0.004041	-0.008295
8116	0.831501	-0.001426	-0.007716
8117	0.838735	0.002427	-0.006076
8118	0.835166	0.001990	-0.011044
8119	0.836613	0.001861	-0.008439
8120	0.835648	-0.000348	-0.005932
8121	0.840085	-0.003609	-0.002845
8122	0.838252	-0.004282	-0.000482
8123	0.843557	0.002612	-0.004726
8124	0.840181	0.000451	-0.001254
8125	0.847126	0.002049	0.001495
8126	0.850116	0.000766	0.001157
8127	0.849923	0.000273	0.002074
8128	0.848187	0.003543	0.003954
8129	0.846644	0.005489	0.001543
8130	0.849730	0.003013	0.006703
8131	0.846740	-0.001376	0.002218
8132	0.844522	-0.001071	-0.002701
8133	0.841532	0.000370	-0.001591
8134	0.839217	0.003388	0.002122
8135	0.841435	0.003215	0.001109
8136	0.842303	-0.001222	-0.001929
8137	0.842882	-0.000103	-0.001784
8138	0.845775	-0.001169	-0.001254
8139	0.842593	-0.001983	-0.002604
8140	0.839217	-0.002095	0.000048
8141	0.835166	0.000508	-0.000820
8142	0.835069	-0.000914	-0.002749
8143	0.831983	-0.001417	-0.000675
8144	0.832369	-0.001863	0.000096
8145	0.829572	-0.001909	-0.005691
8146	0.828897	0.000380	-0.007186
8147	0.834684	-0.001102	-0.005787
8148	0.840760	-0.000222	-0.002942
8149	0.840567	-0.000396	-0.003424
8150	0.836130	0.000290	-0.003858
8151	0.831308	0.000830	0.002749
8152	0.828897	0.000064	-0.002218
8153	0.829282	0.000523	-0.002267
8154	0.826292	-0.001414	-0.004051
8155	0.828125	-0.001629	-0.001929
8156	0.833719	-0.001427	-0.003713
8157	0.836902	-0.000744	-0.007282
8158	0.833623	0.000096	-0.003762
8159	0.837288	0.000711	0.001784
8160	0.839506	-0.001032	0.002797
8161	0.838927	0.001068	-0.001881
8162	0.839410	0.001887	-0.002267
8163	0.842689	0.003484	-0.008439
8164	0.839024	0.001142	-0.006655
8165	0.841435	0.002824	-0.008488
8166	0.840856	0.001126	-0.007957
8167	0.842785	0.001252	-0.009597
8168	0.838735	0.000637	-0.008632
8169	0.845390	0.000212	-0.003086
8170	0.836806	0.001313	-0.004099
8171	0.834684	0.002267	-0.002942
8172	0.831597	0.001818	-0.000723
8173	0.827450	-0.000373	-0.003328
8174	0.827546	-0.000025	-0.003569
8175	0.826775	0.000112	-0.000530
8176	0.830826	0.001561	0.001736
8177	0.828897	0.003249	0.000289
8178	0.831501	-0.000699	-0.000048
8179	0.829765	0.001873	-0.005160
8180	0.831115	-0.001131	-0.000965
8181	0.836998	-0.001149	-0.003424
8182	0.847897	-0.003706	0.000338
8183	0.849151	0.000584	0.001302
8184	0.848283	0.002984	0.001109
8185	0.841049	0.000153	-0.001206
8186	0.841242	0.000084	0.001736
8187	0.838059	0.000666	0.002459
8188	0.836806	-0.000183	0.002894
8189	0.838349	-0.001848	0.002749
8190	0.838831	-0.000956	0.004003
8191	0.830922	-0.001014	-0.001302
8192	0.833816	-0.000415	-0.003569
8193	0.834491	-0.003282	0.000048
8194	0.834491	-0.002481	0.001929
8195	0.836709	0.002379	0.002459
8196	0.837191	0.000529	0.002267
8197	0.839699	0.000746	0.003665
8198	0.843364	0.001598	0.000338
8199	0.843461	-0.001166	0.001447
8200	0.852334	-0.001287	-0.000530
8201	0.851466	0.002254	-0.003906
8202	0.851177	0.001281	-0.000289
8203	0.847319	-0.000891	0.000048
8204	0.847994	-0.002050	-0.001591
8205	0.850019	-0.001044	-0.003376
8206	0.847222	-0.000047	-0.006028
8207	0.845679	0.000698	-0.004726
8208	0.846451	0.002772	-0.007427
8209	0.849344	0.005130	-0.001784
8210	0.844618	0.003007	-0.006559
8211	0.845583	0.000369	-0.005980
8212	0.842882	0.001432	-0.005112
8213	0.842400	-0.000916	-0.001254
8214	0.834201	-0.000295	-0.001881
8215	0.836034	-0.001094	-0.003520
8216	0.834201	-0.000010	-0.002942
8217	0.832562	0.000601	-0.001302
8218	0.838927	0.002320	-0.004485
8219	0.834587	-0.001771	-0.003810
8220	0.833719	0.000059	-0.000916
8221	0.834105	0.002182	-0.000627
8222	0.830633	0.000835	-0.002267
8223	0.828511	0.001483	-0.004292
8224	0.828897	0.000867	-0.002459
8225	0.826871	0.001970	-0.003038
8226	0.824171	-0.000280	-0.005064
8227	0.829090	0.000875	-0.006896
8228	0.828221	0.000901	-0.003086
8229	0.831790	0.000196	-0.002556
8230	0.824267	-0.000598	-0.002942
8231	0.823978	-0.000949	-0.002170
8232	0.831115	-0.001270	-0.005015
8233	0.830054	-0.000380	-0.005883
8234	0.824267	0.000473	-0.004919
8235	0.824171	0.001256	-0.005498
8236	0.823592	0.001559	-0.004003
8237	0.825328	-0.000662	-0.002267
8238	0.829958	0.000333	-0.001640
8239	0.831404	0.000284	-0.003376
8240	0.830440	0.000216	0.001061
8241	0.827546	-0.000313	0.004196
8242	0.828800	-0.001546	0.008054
8243	0.828800	-0.000929	0.002074
8244	0.827160	-0.000921	-0.004051
8245	0.826389	-0.001226	-0.002025
8246	0.824942	-0.001632	-0.000338
8247	0.820988	0.000695	-0.003810
8248	0.818673	0.000947	-0.001447
8249	0.814815	0.000279	0.002459
8250	0.821952	-0.001180	-0.002315
8251	0.824267	0.000574	-0.003183
8252	0.831404	-0.001738	-0.001350
8253	0.827450	-0.001974	0.001688
8254	0.822434	-0.000073	-0.000482
8255	0.825039	0.000263	0.001784
8256	0.825135	0.000228	0.001977
8257	0.829090	0.000967	0.007282
8258	0.834491	0.001007	0.008054
8259	0.832948	0.002236	0.006366
8260	0.827546	0.001836	0.001929
8261	0.831404	0.001421	0.003858
8262	0.827257	-0.001022	0.003328
8263	0.826196	0.001037	-0.001881
8264	0.833719	0.003127	-0.001495
8265	0.833333	-0.001299	-0.004630
8266	0.836420	-0.001164	-0.006896
8267	0.838735	-0.003593	-0.001495
8268	0.837674	0.000125	-0.003376
8269	0.836902	-0.000176	-0.007620
8270	0.836323	0.000826	-0.005594
8271	0.828511	-0.001741	-0.008536
8272	0.833044	0.000880	-0.008198
8273	0.834008	0.002689	-0.005257
8274	0.836613	0.001487	-0.004581
8275	0.839217	0.001974	-0.004485
8276	0.835359	0.002132	-0.002122
8277	0.834780	0.000494	-0.003954
8278	0.830729	0.000475	-0.004147
8279	0.828125	0.000739	-0.005015
8280	0.823206	-0.000318	0.001447
8281	0.827353	-0.000557	-0.003520
8282	0.832176	-0.002886	-0.000675
8283	0.835455	-0.002042	-0.001350
8284	0.831983	-0.000673	0.000820
8285	0.830150	-0.001647	0.000579
8286	0.827257	0.000191	0.002267
8287	0.827836	0.000777	0.002122
8288	0.832272	-0.001666	0.004244
8289	0.836227	-0.000510	0.001591
8290	0.839410	-0.002142	-0.001350
8291	0.827160	-0.002615	0.002170
8292	0.830633	-0.002109	0.000965
8293	0.824460	-0.001359	-0.000868
8294	0.834587	-0.000597	-0.001013
8295	0.834394	-0.001471	-0.002122
8296	0.831308	0.000611	-0.003424
8297	0.829668	-0.001110	-0.005208
8298	0.833816	0.000955	-0.006318
8299	0.824942	-0.000540	-0.010995
8300	0.823206	-0.001059	-0.009452
8301	0.823399	0.000228	-0.006269
8302	0.820120	0.000316	-0.001157
8303	0.828221	-0.000017	0.001977
8304	0.828221	0.000490	-0.005064
8305	0.826775	0.000201	-0.004919
8306	0.824556	0.000705	-0.000579
8307	0.825135	-0.000945	0.000627
8308	0.823302	-0.000667	0.000820
8309	0.830922	-0.001080	0.006848
8310	0.829861	0.000859	0.004823
8311	0.833237	-0.002176	0.006559
8312	0.832755	-0.000839	0.009211
8313	0.831308	0.001428	0.004099
8314	0.830247	-0.000413	0.002749
8315	0.830440	-0.001606	-0.001543
8316	0.827546	0.001517	0.000579
8317	0.829572	0.002016	-0.002025
8318	0.828125	-0.000219	-0.000820
8319	0.835069	0.000969	-0.003231
8320	0.826292	0.000319	-0.004485
8321	0.824171	0.001159	0.001640
8322	0.823978	0.000499	-0.001254
8323	0.816262	-0.001100	-0.003086
8324	0.823978	0.000328	-0.001157
8325	0.826100	0.001505	0.000675
8326	0.821952	0.001385	0.004485
8327	0.823978	0.000521	0.003279
8328	0.822820	0.000087	0.001302
8329	0.826582	0.000792	0.000965
8330	0.830343	0.000599	0.001833
8331	0.832369	0.000655	-0.000048
8332	0.832272	0.001374	0.000772
8333	0.829186	-0.002806	0.006125
8334	0.833237	-0.001223	0.001543
8335	0.834298	0.001435	0.000048
8336	0.839313	-0.002263	0.001929
8337	0.840856	-0.000779	0.000145
8338	0.833333	-0.001691	-0.000048
8339	0.835262	-0.000908	0.002411
8340	0.828414	-0.001757	-0.003424
8341	0.836998	-0.002750	-0.000145
8342	0.830150	-0.001532	0.000965
8343	0.827739	-0.002404	0.001977
8344	0.824749	0.000147	0.005594
8345	0.823881	-0.001805	0.004340
8346	0.826582	-0.002547	0.008150
8347	0.824267	-0.001949	0.007186
8348	0.827064	0.000958	0.005064
8349	0.823206	0.000014	0.000289
8350	0.820409	0.000757	-0.003810
8351	0.823399	0.000767	0.002025
8352	0.823881	0.002909	-0.000096
8353	0.829668	0.002030	0.000579
8354	0.831019	0.000111	-0.000530
8355	0.827257	-0.001410	0.000916
8356	0.821566	-0.000919	0.006944
8357	0.821277	0.000811	0.008150
8358	0.819927	0.000616	0.007861
8359	0.825907	-0.000251	0.009790
8360	0.829572	0.000321	0.008198
8361	0.832755	-0.000047	0.011622
8362	0.832079	-0.000927	0.006510
8363	0.829475	-0.000282	0.004871
8364	0.825907	-0.000202	0.000386
8365	0.826582	0.002368	0.001833
8366	0.821373	-0.001245	0.001640
8367	0.831694	0.002432	0.004774
8368	0.829572	-0.002336	0.003328
8369	0.832562	-0.000143	0.005932
8370	0.825617	-0.001863	0.003038
8371	0.829090	-0.000602	-0.001688
8372	0.833623	0.000544	0.004003
8373	0.837674	-0.001090	0.003472
8374	0.841821	0.001007	0.002170
8375	0.839892	0.000576	0.004003
8376	0.837288	0.001125	0.005883
8377	0.845197	0.002095	0.001013
8378	0.838831	0.000675	-0.001206
8379	0.837191	0.001998	-0.003328
8380	0.839988	0.003862	-0.004678
8381	0.837288	0.000815	-0.005883
8382	0.838735	-0.000317	-0.004726
8383	0.841532	-0.001786	-0.004244
8384	0.841435	-0.000491	-0.002797
8385	0.837674	-0.003546	-0.004051
8386	0.834008	-0.000597	-0.002218
8387	0.833044	0.001244	0.000579
8388	0.832176	0.001325	-0.000338
8389	0.835455	-0.003165	-0.001302
8390	0.838735	-0.001313	-0.001109
8391	0.835262	0.001485	-0.000916
8392	0.836420	0.000647	0.001736
8393	0.834587	0.001540	0.000241
8394	0.828318	0.001390	0.002894
8395	0.825907	-0.000507	0.007861
8396	0.824171	-0.000082	0.003135
8397	0.827353	-0.000622	0.000096
8398	0.834587	-0.001896	-0.002749
8399	0.833526	-0.000442	-0.002459
8400	0.827064	0.000189	-0.000965
8401	0.827450	0.000069	-0.004051
8402	0.832948	0.000395	-0.001447
8403	0.834877	-0.000504	0.001109
8404	0.838638	0.001851	-0.002315
8405	0.836323	0.002322	-0.005160
8406	0.831211	-0.000029	-0.004533
8407	0.835552	0.000374	-0.003424
8408	0.839410	0.000200	-0.004292
8409	0.834201	0.001310	-0.009356
8410	0.825617	-0.000792	-0.007475
8411	0.825135	0.001084	-0.008536
8412	0.830729	0.000631	-0.006848
8413	0.825810	-0.000724	-0.007813
8414	0.826485	-0.000187	-0.004292
8415	0.825328	0.000603	-0.004389
8416	0.824363	-0.001535	-0.008391
8417	0.829090	-0.001276	-0.008198
8418	0.823785	0.000537	-0.002701
8419	0.824749	0.000443	-0.005594
8420	0.830440	-0.000075	-0.004919
8421	0.831308	-0.000880	-0.002122
8422	0.834491	-0.001125	-0.002990
8423	0.831694	-0.001557	-0.003954
8424	0.830633	-0.000949	-0.005401
8425	0.830150	-0.001389	0.001543
8426	0.830729	-0.002329	-0.002942
8427	0.828704	-0.003145	0.000965
8428	0.829379	-0.001604	-0.002556
8429	0.828607	0.000161	-0.000723
8430	0.829186	0.000223	-0.002363
8431	0.831308	0.000325	0.000965
8432	0.836613	0.002230	0.005064
8433	0.829958	0.000047	0.002990
8434	0.826775	0.000186	0.004726
8435	0.821952	0.000525	0.003762
8436	0.823688	0.000110	0.001784
8437	0.825907	-0.002198	-0.003617
8438	0.829282	-0.000045	-0.000916
8439	0.834877	-0.001185	-0.001254
8440	0.832658	0.000233	-0.001302
8441	0.841821	-0.000250	-0.002652
8442	0.839024	-0.001217	0.000386
8443	0.839120	-0.001402	-0.000965
8444	0.840664	-0.001646	-0.001206
8445	0.845486	-0.004153	-0.001881
8446	0.841435	-0.001649	-0.002074
8447	0.846065	-0.001517	-0.001013
8448	0.844811	-0.002551	-0.000965
8449	0.833237	-0.001169	0.002074
8450	0.834684	0.000617	-0.002556
8451	0.832562	-0.000889	-0.002942
8452	0.837867	-0.000252	-0.003279
8453	0.830343	-0.001339	-0.006028
8454	0.834491	0.002284	-0.002218
8455	0.832658	0.003494	-0.001447
8456	0.837095	0.000382	0.001543
8457	0.831887	-0.000335	0.002363
8458	0.831404	-0.001278	0.004003
8459	0.825424	-0.000227	0.001881
8460	0.824267	0.001756	0.000820
8461	0.829379	0.000020	0.003135
8462	0.822338	-0.000353	0.005932
8463	0.825135	0.002027	0.000772
8464	0.826100	-0.000174	0.002411
8465	0.823785	0.001207	0.004051
8466	0.827353	-0.000622	0.004678
8467	0.824363	0.001115	0.005932
8468	0.826100	0.001379	0.006462
8469	0.823013	0.000602	0.011333
8470	0.821181	0.000224	0.012587
8471	0.831501	-0.001512	0.012105
8472	0.824267	-0.000413	0.006125
8473	0.834973	-0.000619	0.002749
8474	0.828125	-0.002931	0.000868
8475	0.817998	-0.000391	0.006221
8476	0.818191	0.001857	0.006125
8477	0.817130	-0.000433	0.007764
8478	0.821277	-0.001022	0.008343
8479	0.822242	0.000564	0.004678
8480	0.815586	0.000854	0.005980
8481	0.817226	0.000912	0.009693
8482	0.820891	-0.000066	0.011574
8483	0.821084	0.000036	0.013214
8484	0.825424	-0.000213	0.012442
8485	0.823688	0.000122	0.014853
8486	0.825617	0.001375	0.013744
8487	0.823592	0.000423	0.012249
8488	0.823013	0.001269	0.010320
8489	0.820505	0.000663	0.012490
8490	0.825135	0.000472	0.010513
8491	0.823881	-0.002714	0.005160
8492	0.822242	0.000141	0.008584
8493	0.826196	-0.000584	0.004292
8494	0.823785	-0.000169	-0.000338
8495	0.827546	0.000197	-0.000530
8496	0.828125	0.000446	-0.006993
8497	0.825714	-0.000752	-0.004389
8498	0.831790	-0.000856	-0.001447
8499	0.831308	0.000759	-0.002749
8500	0.834394	0.000330	0.000820
8501	0.833044	-0.000975	-0.001206
8502	0.835938	-0.000680	-0.002363
8503	0.836709	-0.000128	0.001447
8504	0.838349	0.001084	-0.002604
8505	0.833816	0.000680	-0.004292
8506	0.826678	-0.001795	-0.003906
8507	0.828029	-0.002770	0.000048
8508	0.824653	-0.001181	-0.000772
8509	0.828221	0.000771	-0.003231
8510	0.825231	-0.001567	0.000000
8511	0.826775	-0.000405	0.001447
8512	0.831211	-0.001236	0.003520
8513	0.830343	-0.000342	0.000193
8514	0.833526	-0.000953	0.002315
8515	0.832176	0.000077	-0.002942
8516	0.830633	-0.000770	-0.004051
8517	0.829958	-0.002304	-0.006366
8518	0.825231	-0.000089	-0.001591
8519	0.834105	0.000691	0.002604
8520	0.828414	-0.002097	-0.001784
8521	0.824556	0.001003	0.000675
8522	0.823302	0.000200	0.002074
8523	0.821759	-0.000226	0.003328
8524	0.826485	0.002589	0.003569
8525	0.828511	-0.000082	-0.001833
8526	0.820698	-0.000625	-0.003424
8527	0.824460	-0.000909	-0.000772
8528	0.823495	-0.000552	0.005353
8529	0.826389	0.000089	0.004919
8530	0.831019	-0.001315	0.002459
8531	0.828800	-0.000504	0.003183
8532	0.824074	-0.000394	-0.000965
8533	0.822917	-0.000976	-0.001495
8534	0.822627	-0.000112	-0.001977
8535	0.825714	-0.001245	-0.003569
8536	0.823206	0.001314	-0.003762
8537	0.821277	0.001407	-0.002652
8538	0.823399	0.001484	-0.003810
8539	0.826100	-0.000705	-0.000096
8540	0.826292	-0.000242	-0.000627
8541	0.822242	-0.000543	0.001929
8542	0.825617	-0.000875	0.002556
8543	0.824267	-0.000873	0.000723
8544	0.822627	-0.001590	0.001013
8545	0.815297	-0.000980	0.002942
8546	0.815972	-0.001046	0.001929
8547	0.818480	-0.000175	-0.000096
8548	0.822049	0.000326	0.004196
8549	0.822338	0.000335	-0.000965
8550	0.826582	-0.001423	0.001640
8551	0.828511	0.001467	0.000579
8552	0.831404	0.000833	0.000772
8553	0.831597	0.000782	0.003183
8554	0.830150	0.000209	0.003328
8555	0.833140	0.000401	0.006366
8556	0.832948	0.001298	0.005112
8557	0.833044	-0.002566	0.000579
8558	0.828704	-0.002343	0.000338
8559	0.828897	-0.000440	-0.001013
8560	0.829379	-0.001542	0.000048
8561	0.828897	0.001761	0.002170
8562	0.831501	-0.001123	-0.001206
8563	0.834684	0.001314	-0.000241
8564	0.831790	0.001174	-0.002556
8565	0.832079	0.002900	-0.002025
8566	0.837191	0.005468	-0.000627
8567	0.836130	0.003389	-0.000048
8568	0.834491	0.001501	-0.001302
8569	0.837963	0.003327	-0.001302
8570	0.831019	0.002329	-0.005208
8571	0.824556	0.000816	-0.002025
8572	0.824363	0.001793	0.001013
8573	0.822724	0.001428	-0.002315
8574	0.828511	-0.000292	0.000434
8575	0.826389	0.001098	0.001833
8576	0.830922	0.002767	0.001833
8577	0.833430	0.002405	0.001109
8578	0.837963	0.001204	0.000627
8579	0.832465	0.001766	-0.003520
8580	0.833044	0.000718	-0.004003
8581	0.830536	-0.000186	-0.001591
8582	0.836130	-0.002051	-0.002459
8583	0.831887	0.000339	0.000723
8584	0.828125	0.002144	0.002025
8585	0.828800	0.002349	-0.005498
8586	0.825907	0.001040	-0.001929
8587	0.823302	0.001136	-0.001254
8588	0.823302	-0.001234	-0.003376
8589	0.823013	0.000076	-0.001929
8590	0.819927	-0.000261	-0.005208
8591	0.821084	0.001077	-0.002942
8592	0.822242	-0.000582	-0.004726
8593	0.824363	-0.000342	-0.008777
8594	0.819155	0.000077	-0.006993
8595	0.819830	-0.000455	-0.001495
8596	0.824749	-0.001137	-0.003569
8597	0.816840	-0.000057	-0.002701
8598	0.821759	-0.000503	-0.001688
8599	0.827450	-0.001861	-0.000965
8600	0.823302	0.001526	-0.002074
8601	0.829282	0.000631	-0.002556
8602	0.827836	0.001466	-0.000434
8603	0.828414	-0.000590	0.000579
8604	0.826775	0.000098	0.000772
8605	0.829379	-0.000948	-0.001688
8606	0.832176	-0.000887	-0.000338
8607	0.829186	-0.000460	-0.001061
8608	0.833623	0.000662	-0.001929
8609	0.831694	-0.002963	-0.002652
8610	0.831501	-0.001112	-0.002942
8611	0.828897	-0.001748	-0.001784
8612	0.832851	0.000649	-0.004871
8613	0.829765	-0.000468	-0.001495
8614	0.827739	0.000736	-0.005353
8615	0.829282	0.000853	-0.002025
8616	0.830150	0.002243	0.000096
8617	0.837867	0.002073	-0.000965
8618	0.831404	0.000990	-0.001688
8619	0.825521	0.000235	-0.005546
8620	0.833044	0.000071	-0.000772
8621	0.832851	0.001661	-0.004389
8622	0.832176	0.002124	-0.003086
8623	0.833912	0.001900	-0.004823
8624	0.836709	0.001489	-0.005691
8625	0.843461	0.000045	-0.007041
8626	0.840856	0.000095	-0.005064
8627	0.831790	-0.000881	-0.003954
8628	0.830826	-0.003314	-0.001109
8629	0.833719	-0.000105	0.002411
8630	0.825617	-0.000132	0.005112
8631	0.827932	0.000327	0.004533
8632	0.824556	0.000651	0.001109
8633	0.819734	0.000758	0.000482
8634	0.825039	0.001477	0.001013
8635	0.827643	0.000386	-0.002797
8636	0.829958	-0.000125	0.001881
8637	0.830440	0.001792	0.000434
8638	0.830536	0.001230	0.000386
8639	0.831887	-0.000163	0.000965
8640	0.831308	0.000745	0.004099
8641	0.836130	0.002298	0.001447
8642	0.833623	0.001999	-0.001302
8643	0.835552	0.000466	-0.001254
8644	0.827739	-0.000436	-0.002122
8645	0.829379	0.000136	-0.004871
8646	0.828511	-0.000618	-0.008102
8647	0.826485	0.001038	-0.006076
8648	0.829958	-0.000030	-0.004099
8649	0.830922	0.001665	-0.002411
8650	0.830536	-0.000314	-0.003569
8651	0.829958	-0.001390	0.000530
8652	0.829958	-0.000634	-0.003810
8653	0.828318	-0.000334	0.000723
8654	0.821759	0.001526	-0.001688
8655	0.819927	0.000726	-0.003520
8656	0.821181	-0.000332	-0.004774
8657	0.830633	0.000262	-0.003810
8658	0.835938	0.001113	-0.000627
8659	0.837191	0.000605	0.002267
8660	0.828318	0.000366	0.005739
8661	0.835841	-0.000988	0.004533
8662	0.832948	0.000392	0.003906
8663	0.823688	0.000538	0.000338
8664	0.819444	0.000165	0.005160
8665	0.829861	-0.000935	0.004389
8666	0.829379	0.002015	0.009066
8667	0.828029	0.001409	0.003183
8668	0.830150	-0.001152	0.001061
8669	0.828800	-0.000046	-0.000723
8670	0.825135	-0.000112	0.000579
8671	0.826292	-0.001629	0.001061
8672	0.823013	-0.001032	0.005112
8673	0.824749	0.002719	0.003086
8674	0.819348	0.000605	0.003038
8675	0.820988	0.000949	0.003328
8676	0.818769	0.000668	0.001109
8677	0.817226	0.000170	0.003906
8678	0.823013	-0.000771	0.002797
8679	0.823110	-0.000173	-0.000482
8680	0.820891	-0.002027	0.004533
8681	0.824460	-0.000335	0.001447
8682	0.825328	-0.001202	0.000241
8683	0.830247	-0.000197	0.000048
8684	0.831211	-0.001125	0.004581
8685	0.830536	0.000096	0.003906
8686	0.825039	-0.000818	0.006366
8687	0.824267	0.000117	0.001833
8688	0.817419	0.000796	0.007620
8689	0.816454	0.000251	0.005980
8690	0.818480	0.002067	0.007089
8691	0.823206	0.000922	0.007716
8692	0.821566	-0.000082	0.007523
8693	0.828414	0.002111	0.007234
8694	0.828800	0.000119	0.004340
8695	0.829668	0.001381	0.005739
8696	0.835938	-0.000605	0.005401
8697	0.835359	0.000245	0.005160
8698	0.834684	0.001232	0.004340
8699	0.831308	0.000311	0.005739
8700	0.832176	0.001099	0.006944
8701	0.835262	0.000534	0.008054
8702	0.822338	0.002128	0.009549
8703	0.825231	0.002580	0.007620
8704	0.823688	0.001963	0.003135
8705	0.826968	0.002143	0.005980
8706	0.828511	0.000555	0.003183
8707	0.828607	0.001128	0.003183
8708	0.824846	0.000953	0.001302
8709	0.818576	0.000593	-0.001784
8710	0.815586	-0.000409	-0.003858
8711	0.825231	0.000553	-0.005015
8712	0.821566	0.000306	-0.001495
8713	0.827353	0.000365	-0.001736
8714	0.822242	-0.001001	-0.002122
8715	0.827257	-0.000424	-0.003569
8716	0.826871	0.000889	-0.004678
8717	0.826582	-0.000605	-0.004871
8718	0.826582	-0.000580	-0.007861
8719	0.829282	-0.000333	-0.006510
8720	0.826196	0.001041	-0.004196
8721	0.821470	0.000302	-0.001302
8722	0.824846	-0.000089	-0.000675
8723	0.817515	-0.001953	0.001591
8724	0.821277	-0.002915	0.002652
8725	0.823785	-0.000570	0.002556
8726	0.820795	0.001079	0.002990
8727	0.820313	0.001329	0.001109
8728	0.821470	-0.000320	0.001881
8729	0.822434	0.000548	0.000530
8730	0.826389	-0.000404	0.002170
8731	0.826389	-0.001886	0.007620
8732	0.825424	0.001912	0.002122
8733	0.826196	0.000708	0.004485
8734	0.825617	-0.000734	0.001157
8735	0.823206	0.002107	0.002025
8736	0.820795	-0.001371	-0.004533
8737	0.816069	-0.000558	-0.001447
8738	0.822627	0.001785	-0.001784
8739	0.828511	0.000278	-0.001688
8740	0.829572	-0.002015	-0.001013
8741	0.834298	-0.001751	-0.004437
8742	0.835938	-0.002080	-0.001302
8743	0.835938	-0.002285	0.002122
8744	0.839217	-0.002376	0.001977
8745	0.834587	-0.002059	-0.001833
8746	0.833623	0.000893	0.000916
8747	0.831115	0.000270	-0.003713
8748	0.835745	-0.000855	-0.001206
8749	0.836227	-0.001707	-0.002025
8750	0.835069	0.000311	-0.003424
8751	0.829186	-0.001578	-0.002122
8752	0.833526	-0.000860	-0.000965
8753	0.834684	0.001037	0.003086
8754	0.839313	-0.001615	0.001399
8755	0.839120	-0.000857	-0.004099
8756	0.830826	0.002839	-0.005739
8757	0.835552	0.002898	-0.005642
8758	0.828704	0.000682	-0.003472
8759	0.831211	0.001290	-0.004967
8760	0.831501	0.000324	-0.004147
8761	0.831404	-0.000311	-0.000868
8762	0.826196	0.001544	-0.003279
8763	0.826678	0.000072	-0.003376
8764	0.827257	-0.000822	-0.001833
8765	0.828800	-0.002129	-0.003810
8766	0.827739	0.000711	0.003328
8767	0.825907	0.001202	-0.001495
8768	0.827739	-0.001719	-0.002122
8769	0.826871	-0.000154	-0.003328
8770	0.829282	0.002184	-0.002797
8771	0.829765	-0.000559	-0.000338
8772	0.830054	0.003095	-0.000723
8773	0.833044	0.001429	-0.001302
8774	0.828125	0.002249	-0.003472
8775	0.835262	0.003128	-0.002894
8776	0.835648	0.001858	0.000627
8777	0.838831	0.001126	-0.003472
8778	0.840181	0.001730	-0.005932
8779	0.839313	0.000261	-0.003376
8780	0.849055	0.000064	-0.006559
8781	0.846740	0.002500	-0.006703
8782	0.844329	0.004285	-0.001061
8783	0.851659	0.005426	-0.001929
8784	0.852045	0.003872	-0.004196
8785	0.853974	0.000004	-0.009211
8786	0.852238	0.002420	-0.008681
8787	0.855324	0.005715	-0.003906
8788	0.851370	0.006045	-0.000965
8789	0.849248	0.004093	0.000965
8790	0.848090	0.005403	0.000579
8791	0.842110	0.004016	-0.002894
8792	0.839506	0.002337	-0.000193
8793	0.839506	0.003163	0.001495
8794	0.844232	0.002510	0.002845
8795	0.847222	0.003051	0.004919
8796	0.839892	0.002534	0.006076
8797	0.839217	0.001271	0.006173
8798	0.837867	-0.001738	0.008777
8799	0.838252	-0.003116	0.004437
8800	0.835069	-0.000970	0.004003
8801	0.838445	0.001459	0.004389
8802	0.832755	0.000521	0.006800
8803	0.831694	-0.000452	0.002797
8804	0.830247	0.002547	0.005015
8805	0.830150	0.000059	-0.001977
8806	0.831790	0.000741	-0.001688
8807	0.832562	0.000722	-0.000965
8808	0.824653	-0.001166	-0.002170
8809	0.821759	-0.000121	0.001061
8810	0.821566	0.000949	-0.002508
8811	0.816744	0.001772	-0.001206
8812	0.816358	0.001048	0.001157
8813	0.815008	0.000873	0.003279
8814	0.813175	-0.000511	-0.003328
8815	0.818480	0.000646	0.001013
8816	0.815394	0.000119	-0.000048
8817	0.817901	0.000338	0.000338
8818	0.822049	-0.000379	0.003858
8819	0.827257	0.000309	0.005257
8820	0.834298	-0.001426	0.010224
8821	0.838156	-0.000329	0.005980
8822	0.836806	-0.000855	0.009500
8823	0.834491	0.003386	0.006896
8824	0.833912	0.001968	0.001977
8825	0.829668	0.003499	0.004099
8826	0.827353	0.001840	-0.000482
8827	0.826389	0.002062	0.003135
8828	0.827546	-0.000229	0.003906
8829	0.834394	-0.000941	0.002797
8830	0.835166	0.001449	0.001736
8831	0.834201	-0.000223	0.000386
8832	0.835648	-0.000919	0.002990
8833	0.835552	-0.001673	0.004292
8834	0.837867	-0.004072	0.007764
8835	0.833912	-0.001227	0.008777
8836	0.840374	-0.003366	0.007716
8837	0.842303	0.000644	0.005112
8838	0.830922	-0.002261	0.006269
8839	0.833140	0.000648	0.002652
8840	0.823206	-0.001282	0.004196
8841	0.828993	-0.000936	0.001302
8842	0.832658	-0.001488	0.004823
8843	0.826582	-0.000866	0.000482
8844	0.821566	-0.001823	-0.001495
8845	0.823110	0.000141	0.002170
8846	0.828221	-0.001573	0.002122
8847	0.831597	0.000590	-0.000965
8848	0.826003	0.000626	0.000338
8849	0.830247	-0.001272	-0.000868
8850	0.833912	-0.001011	0.002604
8851	0.842400	-0.001190	0.005401
8852	0.839796	0.001287	0.003617
8853	0.830343	0.000716	0.005353
8854	0.828414	-0.001126	0.006752
8855	0.827739	0.001974	0.009018
8856	0.831694	0.002857	0.007089
8857	0.828800	0.001979	0.006318
8858	0.830922	0.001678	0.007620
8859	0.836420	0.001804	0.010465
8860	0.839024	-0.000865	0.007668
8861	0.840085	0.001906	0.010320
8862	0.837867	-0.000759	0.009115
8863	0.837288	-0.000130	0.009307
8864	0.834298	-0.001771	0.006655
8865	0.833237	-0.000270	0.004774
8866	0.827546	-0.002146	0.006655
8867	0.822820	-0.000064	0.009934
8868	0.829090	0.001244	0.011188
8869	0.835745	-0.000863	0.002074
8870	0.839988	0.000497	0.002218
8871	0.842207	0.000686	0.002845
8872	0.842303	0.000387	-0.003472
8873	0.838831	0.000260	-0.007186
8874	0.836130	0.000863	-0.007089
8875	0.831308	-0.001621	-0.005160
8876	0.827836	0.000069	-0.005449
8877	0.826100	-0.001677	-0.005112
8878	0.823013	-0.002527	-0.007909
8879	0.820698	-0.000766	-0.007330
8880	0.824942	0.000545	-0.005932
8881	0.826678	0.000764	-0.008632
8882	0.826389	0.000577	-0.012008
8883	0.831404	-0.000392	-0.011526
8884	0.831597	-0.001288	-0.009790
8885	0.833912	0.001963	-0.002556
8886	0.831790	0.000006	-0.002652
8887	0.828414	-0.000270	-0.009404
8888	0.827064	0.002876	-0.007282
8889	0.827932	0.001762	-0.013166
8890	0.823399	0.000536	-0.012008
8891	0.822049	-0.000553	-0.010851
8892	0.825424	-0.001931	-0.017409
8893	0.816551	-0.002103	-0.015866
8894	0.819637	0.000234	-0.017747
8895	0.823785	0.000618	-0.011671
8896	0.819927	0.000596	-0.014130
8897	0.819637	-0.001389	-0.014419
8898	0.822917	-0.000309	-0.008970
8899	0.828800	-0.001078	-0.007957
8900	0.824749	-0.000872	-0.008391
8901	0.827353	-0.000714	-0.008150
8902	0.822049	0.000923	-0.006559
8903	0.829668	0.001238	-0.006462
8904	0.833140	-0.000430	-0.007523
8905	0.837867	0.000927	-0.006269
8906	0.831790	-0.002386	-0.002411
8907	0.828125	0.000408	-0.004099
8908	0.832658	-0.001715	-0.006944
8909	0.832948	-0.000222	-0.000482
8910	0.835069	0.001520	0.001350
8911	0.832948	0.001182	0.000386
8912	0.835455	0.000095	-0.000434
8913	0.830922	-0.001882	0.000096
8914	0.833526	-0.001497	-0.004292
8915	0.835745	-0.000787	-0.003086
8916	0.830536	-0.002218	-0.003424
8917	0.831790	-0.000136	0.000434
8918	0.835262	-0.000115	-0.000627
8919	0.839506	-0.001539	-0.001833
8920	0.837288	-0.000525	-0.000289
8921	0.837288	-0.001962	-0.000916
8922	0.844715	-0.002121	-0.001688
8923	0.844715	-0.000845	-0.000434
8924	0.844715	-0.000544	0.002701
8925	0.848765	-0.002041	-0.000772
8926	0.840856	-0.000530	-0.001929
8927	0.837481	-0.001488	-0.003762
8928	0.837384	-0.002690	0.000386
8929	0.835745	-0.000511	-0.000145
8930	0.831501	0.000538	0.001157
8931	0.828125	0.000236	-0.003279
8932	0.833237	0.001457	-0.001543
8933	0.833044	0.000358	-0.002363
8934	0.835938	-0.000784	-0.004533
8935	0.837577	-0.001475	-0.005787
8936	0.846161	-0.000629	-0.006028
8937	0.841435	-0.001904	-0.007041
8938	0.842496	0.001204	-0.006944
8939	0.839988	0.000545	-0.003424
8940	0.835745	0.000641	-0.007668
8941	0.840374	0.002682	-0.007716
8942	0.839024	0.002642	-0.004292
8943	0.840760	0.002503	-0.008873
8944	0.842978	0.002405	-0.009838
8945	0.832272	0.000796	-0.008873
8946	0.827064	-0.000810	-0.006125
8947	0.835166	0.002071	-0.011188
8948	0.833719	0.000849	-0.010465
8949	0.830536	0.000503	-0.010899
8950	0.827257	0.000647	-0.010176
8951	0.825521	-0.000516	-0.009404
8952	0.823110	-0.001207	-0.008873
8953	0.832176	-0.000151	-0.006752
8954	0.831983	-0.000169	-0.004581
8955	0.829379	-0.002007	0.001061
8956	0.832079	-0.000275	-0.000145
8957	0.831308	-0.000446	-0.001495
8958	0.834201	0.002335	-0.003376
8959	0.836516	0.001084	-0.003520
8960	0.833719	-0.000976	-0.005112
8961	0.829668	-0.000765	-0.003472
8962	0.834394	0.001785	-0.005980
8963	0.827257	0.000338	-0.006414
8964	0.832272	-0.001136	-0.004823
8965	0.833526	-0.000183	-0.003279
8966	0.833816	0.001235	-0.003810
8967	0.837770	0.001711	-0.000241
8968	0.836420	0.000257	-0.001881
8969	0.833044	0.001564	-0.002556
8970	0.831983	-0.000109	0.000145
8971	0.829572	0.000856	-0.003328
8972	0.828221	0.000261	-0.000193
8973	0.833623	0.000714	0.000675
8974	0.830729	0.001163	0.002170
8975	0.830826	0.002492	0.001350
8976	0.829186	-0.000273	0.001495
8977	0.824267	0.000558	0.002218
8978	0.820023	0.000100	0.003038
8979	0.821373	0.001669	0.007427
8980	0.828897	-0.001327	0.006173
8981	0.826485	-0.001495	0.005208
8982	0.824846	0.000086	0.004967
8983	0.818962	0.001302	0.006607
8984	0.819734	0.001319	0.003569
8985	0.820988	0.000150	0.001543
8986	0.818576	0.000153	0.001350
8987	0.832562	-0.000232	0.000096
8988	0.832562	0.001166	0.001736
8989	0.837191	0.001568	0.002845
8990	0.839120	-0.000160	0.000048
8991	0.829765	-0.000391	0.002315
8992	0.824363	0.000628	-0.001688
8993	0.819059	0.000668	0.000530
8994	0.819155	0.000513	0.002170
8995	0.825135	-0.000099	0.006462
8996	0.823785	0.002548	0.004533
8997	0.824556	0.000714	0.003569
8998	0.828897	0.001421	0.005064
8999	0.828800	-0.001210	0.003376
9000	0.826871	0.000475	0.001591
9001	0.825617	0.002304	-0.001109
9002	0.830536	0.001527	0.000868
9003	0.827932	-0.000883	-0.001929
9004	0.829282	0.001097	-0.005546
9005	0.828221	0.000953	-0.001206
9006	0.832176	0.000275	0.001109
9007	0.833140	-0.000818	-0.001640
9008	0.833333	-0.002493	-0.000675
9009	0.830150	-0.001887	0.003231
9010	0.835069	-0.000151	0.001350
9011	0.837867	-0.000327	0.002025
9012	0.836709	-0.001335	0.005932
9013	0.832658	-0.001806	0.005594
9014	0.840567	0.000462	0.004919
9015	0.840760	0.000548	0.005449
9016	0.839699	0.000268	0.004871
9017	0.836420	0.001925	0.004919
9018	0.834105	0.001211	0.000579
9019	0.827643	-0.002221	-0.001640
9020	0.830633	0.000001	0.001061
9021	0.830826	-0.000326	-0.001640
9022	0.831790	-0.001530	0.002267
9023	0.825231	0.000207	-0.001399
9024	0.823881	-0.000654	-0.000096
9025	0.824846	-0.000071	0.001736
9026	0.834877	-0.000346	0.003520
9027	0.834201	-0.000177	-0.000482
9028	0.836034	-0.000177	0.000145
9029	0.836613	0.000236	0.000579
9030	0.837577	-0.000114	0.003762
9031	0.836034	0.001924	0.007571
9032	0.842303	-0.000022	0.005160
9033	0.842496	0.001375	0.006510
9034	0.833623	0.000113	0.007282
9035	0.832755	-0.002055	0.007282
9036	0.841242	-0.001001	0.005160
9037	0.841435	0.000167	0.006944
9038	0.845197	-0.000407	0.006269
9039	0.841435	0.002415	0.006752
9040	0.835648	0.001226	0.008439
9041	0.837095	0.000618	0.002701
9042	0.834105	0.000547	-0.001495
9043	0.839410	0.000379	-0.001157
9044	0.841628	0.000334	-0.004196
9045	0.835841	0.003078	-0.001061
9046	0.833430	0.000347	0.003376
9047	0.834780	0.001963	0.000579
9048	0.834877	0.000135	-0.000868
9049	0.832176	0.002471	-0.003617
9050	0.827932	0.000486	-0.001013
9051	0.821759	0.000228	-0.004678
9052	0.819637	0.002559	-0.004774
9053	0.817515	0.001151	-0.002459
9054	0.811728	0.000145	-0.001013
9055	0.808738	-0.000356	-0.006800
9056	0.817226	0.000157	-0.010320
9057	0.819541	-0.002077	-0.007378
9058	0.822627	0.000529	-0.006752
9059	0.829186	0.000335	-0.006655
9060	0.826775	-0.000747	-0.006944
9061	0.819734	-0.000197	-0.007234
9062	0.815297	0.000747	-0.002122
9063	0.821566	0.000481	-0.001929
9064	0.824556	0.000271	-0.002170
9065	0.823013	0.001003	0.003472
9066	0.824556	0.002331	0.001254
9067	0.823978	0.000761	0.003328
9068	0.828221	-0.001684	0.004147
9069	0.830247	0.000618	0.000675
9070	0.830150	0.000756	-0.000338
9071	0.822242	-0.000482	0.001157
9072	0.831887	0.000786	-0.000916
9073	0.828897	-0.002245	-0.001206
9074	0.829572	-0.000413	0.001591
9075	0.828318	0.000126	0.000289
9076	0.823785	0.000802	-0.002508
9077	0.825424	0.002546	-0.000096
9078	0.824846	0.001501	-0.002845
9079	0.829861	0.001636	-0.003376
9080	0.824460	0.002469	-0.001688
9081	0.835841	0.001583	0.000193
9082	0.833719	0.001844	-0.002025
9083	0.833719	-0.001877	0.001157
9084	0.837288	-0.001242	0.001688
9085	0.835841	-0.000587	0.000627
9086	0.839410	-0.002519	-0.002170
9087	0.845679	-0.000825	0.001833
9088	0.834008	0.002164	0.003954
9089	0.835552	0.001870	0.000675
9090	0.834973	0.000730	0.000579
9091	0.834780	0.000238	-0.001688
9092	0.837191	-0.001433	-0.003183
9093	0.831308	-0.000235	-0.002942
9094	0.826775	-0.002197	-0.004292
9095	0.824653	0.001236	-0.002218
9096	0.823881	0.000508	-0.001254
9097	0.822145	-0.000176	0.000868
9098	0.822531	0.000673	0.003086
9099	0.823206	0.000559	-0.001206
9100	0.828414	-0.002136	-0.001157
9101	0.825810	0.000161	-0.004292
9102	0.827450	0.001935	-0.005257
9103	0.832562	0.001645	-0.005064
9104	0.833526	0.000795	-0.004292
9105	0.833140	0.000016	-0.002459
9106	0.832562	-0.000175	-0.000675
9107	0.835455	0.001245	0.002894
9108	0.837095	-0.001199	-0.003328
9109	0.835069	-0.000249	-0.003376
9110	0.831983	0.001538	-0.001350
9111	0.836227	0.001635	-0.000965
9112	0.833912	0.000387	0.001736
9113	0.826678	-0.000880	0.001302
9114	0.821470	-0.000198	0.001157
9115	0.825039	0.000124	0.000241
9116	0.818480	-0.000789	0.004871
9117	0.816937	0.000069	0.002990
9118	0.818094	0.000699	0.003569
9119	0.826100	0.001962	0.003086
9120	0.828511	-0.000120	0.002074
9121	0.819927	-0.001513	0.004533
9122	0.823302	-0.000639	0.005353
9123	0.825039	0.001891	-0.000145
9124	0.837674	0.002510	0.000916
9125	0.834973	0.002343	0.004630
9126	0.840664	0.000758	0.007137
9127	0.842400	0.005423	0.007378
9128	0.837770	0.000400	0.002845
9129	0.837963	-0.000676	0.001254
9130	0.835262	-0.001228	0.002459
9131	0.832079	-0.000758	0.002411
9132	0.829765	0.000057	0.006944
9133	0.833237	0.000984	0.005449
9134	0.832948	0.001153	0.005401
9135	0.835359	0.000129	0.002701
9136	0.835938	-0.001578	0.007861
9137	0.837095	-0.000807	0.005112
9138	0.838349	0.000599	0.001977
9139	0.836130	0.000735	0.002894
9140	0.837384	0.000867	-0.001495
9141	0.834105	0.000360	0.001206
9142	0.834491	-0.000591	-0.006896
9143	0.837288	-0.001443	-0.001929
9144	0.834298	-0.002211	-0.006848
9145	0.835359	0.000653	-0.001109
9146	0.841049	0.002729	-0.004967
9147	0.841049	-0.000688	-0.004051
9148	0.840760	0.000133	-0.000579
9149	0.837384	0.001268	0.001157
9150	0.833237	-0.000513	0.000916
9151	0.836516	0.000612	0.004099
9152	0.835359	-0.001292	0.001206
9153	0.835745	0.000046	0.001543
9154	0.831597	0.000693	0.004774
9155	0.831404	0.000133	0.000723
9156	0.833623	0.000148	0.001736
9157	0.825907	0.000700	0.002170
9158	0.827257	-0.002100	-0.002701
9159	0.828029	-0.000834	-0.003520
9160	0.831115	0.000383	-0.001302
9161	0.838349	-0.000668	0.000434
9162	0.834973	0.000020	0.002894
9163	0.832851	0.001795	0.005208
9164	0.833140	0.000531	0.001109
9165	0.832369	0.001352	0.003906
9166	0.831501	0.000114	0.004196
9167	0.835745	0.000643	0.000916
9168	0.828318	0.000203	0.004967
9169	0.832562	0.001184	0.005449
9170	0.836806	-0.000402	0.007716
9171	0.833816	0.002197	0.006028
9172	0.831597	0.001972	0.000434
9173	0.834105	0.000030	-0.000579
9174	0.833237	-0.000557	0.000965
9175	0.831404	0.000857	0.001881
9176	0.838445	-0.000945	0.005546
9177	0.833526	-0.001656	0.002894
9178	0.839217	0.001161	0.007716
9179	0.839796	0.000800	0.008247
9180	0.842882	0.000396	0.005594
9181	0.842207	-0.000497	0.006221
9182	0.840471	0.000511	0.004389
9183	0.843171	0.000572	0.000916
9184	0.846354	-0.000580	-0.000530
9185	0.837095	0.000327	0.003183
9186	0.834201	-0.000903	0.006607
9187	0.832079	0.001320	0.005449
9188	0.839410	0.001520	0.006366
9189	0.841049	0.001007	0.002797
9190	0.834587	-0.000141	0.000193
9191	0.832948	-0.000724	0.002894
9192	0.835455	0.001598	-0.002701
9193	0.828221	0.000556	0.003472
9194	0.834008	0.001758	0.002170
9195	0.826003	0.000987	0.004967
9196	0.826968	0.000742	0.004678
9197	0.827257	-0.000019	0.001350
9198	0.817612	-0.001127	0.003713
9199	0.820602	0.000081	-0.000820
9200	0.816551	0.000221	0.001833
9201	0.816551	0.000815	-0.000096
9202	0.819348	-0.000015	-0.001833
9203	0.818191	-0.000305	-0.002990
9204	0.826968	-0.000815	-0.004437
9205	0.831790	-0.000158	-0.001929
9206	0.832562	0.001365	-0.001061
9207	0.832272	-0.001458	-0.003762
9208	0.835841	0.001752	-0.002025
9209	0.836227	0.001333	-0.000675
9210	0.836227	0.000551	-0.000965
9211	0.835359	0.001992	0.001254
9212	0.837674	0.003065	0.002894
9213	0.835938	0.001706	0.004485
9214	0.830054	0.001413	0.002749
9215	0.827353	0.000861	0.002797
9216	0.836902	0.001488	-0.002363
9217	0.836613	0.000088	-0.001833
9218	0.834780	0.000480	-0.000965
9219	0.841628	0.000468	-0.001688
9220	0.836902	-0.001103	-0.003810
9221	0.834587	0.000435	-0.004292
9222	0.832755	0.001446	-0.001254
9223	0.824749	0.001870	-0.003231
9224	0.829668	0.000786	-0.001109
9225	0.835648	0.000774	-0.000386
9226	0.836709	0.002652	-0.000241
9227	0.841821	0.002723	-0.002218
9228	0.833044	0.000419	-0.001929
9229	0.834105	-0.000099	0.001640
9230	0.834780	0.000765	-0.004099
9231	0.834105	0.000868	-0.000145
9232	0.842496	0.001094	-0.000916
9233	0.839603	0.001052	0.001543
9234	0.836323	-0.001848	0.004244
9235	0.830633	-0.000778	0.005015
9236	0.840856	0.000205	0.004389
9237	0.836998	-0.001153	0.008681
9238	0.836613	-0.000411	0.005160
9239	0.836130	-0.002742	0.005883
9240	0.833430	-0.002579	0.006221
9241	0.842110	-0.001233	0.007378
9242	0.839410	-0.000982	0.009115
9243	0.838156	-0.002217	0.003328
9244	0.836516	-0.002389	0.001736
9245	0.837288	-0.001763	0.001254
9246	0.838638	-0.002225	0.002556
9247	0.837674	-0.000860	0.001495
9248	0.837384	-0.000940	-0.000627
9249	0.836516	0.000183	0.000193
9250	0.835166	0.001241	0.001061
9251	0.830729	0.002698	-0.004871
9252	0.833044	0.003565	-0.003713
9253	0.830343	0.002703	-0.001206
9254	0.831983	0.001961	-0.001977
9255	0.828897	0.001790	-0.002797
9256	0.829475	-0.001883	-0.001784
9257	0.823688	-0.000540	-0.003231
9258	0.830247	-0.001266	0.001157
9259	0.825424	0.000722	-0.005112
9260	0.831115	0.000661	-0.006752
9261	0.832658	-0.000270	-0.012153
9262	0.839313	0.001145	-0.005498
9263	0.840471	-0.001011	-0.010272
9264	0.833237	0.001302	-0.011044
9265	0.829765	0.000804	-0.007668
9266	0.834491	0.001339	-0.005883
9267	0.827836	0.001270	-0.001206
9268	0.830633	-0.002025	-0.002556
9269	0.828704	-0.000226	-0.002170
9270	0.833430	0.000942	-0.004340
9271	0.830440	-0.000532	-0.007186
9272	0.828029	0.000300	-0.009790
9273	0.823688	0.000845	-0.011912
9274	0.823495	-0.000426	-0.007957
9275	0.829282	-0.000324	-0.003810
9276	0.827643	-0.000198	-0.007282
9277	0.823206	-0.000666	-0.006559
9278	0.828029	0.000087	-0.002508
9279	0.832755	-0.001917	-0.004196
9280	0.824074	0.000239	-0.005980
9281	0.827546	0.002568	0.000627
9282	0.832948	-0.000131	-0.000241
9283	0.832755	0.003219	-0.000096
9284	0.832272	0.000850	0.000820
9285	0.829958	0.001283	0.001784
9286	0.830150	-0.000510	0.003810
9287	0.826003	0.000218	0.004726
9288	0.826292	0.000480	0.003954
9289	0.825907	0.001135	0.000193
9290	0.827836	0.002794	0.004678
9291	0.831983	0.001459	-0.000916
9292	0.838831	0.002571	0.000434
9293	0.841725	0.002333	-0.000530
9294	0.840953	-0.000641	-0.004630
9295	0.839506	0.000912	-0.000096
9296	0.829282	0.002333	-0.000965
9297	0.822531	0.001503	-0.001109
9298	0.829668	-0.001066	0.001350
9299	0.832562	-0.002085	0.001929
9300	0.830247	-0.001580	-0.001784
9301	0.830536	-0.002056	-0.001061
9302	0.834973	-0.000333	0.001881
9303	0.826485	0.000255	-0.000820
9304	0.817226	-0.000278	0.002797
9305	0.822145	0.001349	-0.000096
9306	0.826485	0.000272	0.000772
9307	0.826968	0.001467	0.002074
9308	0.832176	0.001787	0.003520
9309	0.828414	0.000050	-0.000965
9310	0.829090	0.001058	0.000096
9311	0.822145	0.001618	0.000723
9312	0.822724	-0.001019	-0.000627
9313	0.826389	0.000290	0.002845
9314	0.830536	0.000390	0.006173
9315	0.831115	0.002657	-0.002459
9316	0.835359	-0.000006	-0.001929
9317	0.840856	-0.001005	-0.001977
9318	0.843557	0.002610	0.000434
9319	0.847222	0.001943	0.002845
9320	0.838252	-0.000149	-0.000289
9321	0.836998	-0.000280	0.000338
9322	0.837095	0.001606	0.000338
9323	0.834201	0.001859	-0.001302
9324	0.832079	0.001586	0.002942
9325	0.837481	0.001583	0.003520
9326	0.833526	0.000140	-0.002074
9327	0.828607	-0.001198	-0.001350
9328	0.828125	0.001202	-0.004292
9329	0.829765	0.000754	-0.008005
9330	0.836227	-0.001275	-0.007813
9331	0.838831	-0.000299	-0.003954
9332	0.840567	-0.000535	-0.002218
9333	0.834105	-0.000967	0.000145
9334	0.829379	0.000245	-0.002459
9335	0.832948	0.000097	-0.002411
9336	0.835745	0.001573	-0.004147
9337	0.836516	0.001333	-0.000627
9338	0.835166	-0.000594	-0.002315
9339	0.837481	-0.001413	-0.006752
9340	0.831211	0.000251	-0.005064
9341	0.824460	-0.001231	-0.007716
9342	0.821181	-0.000368	-0.005015
9343	0.826389	-0.000076	-0.007378
9344	0.838542	-0.000559	-0.006076
9345	0.834008	0.002459	-0.004533
9346	0.829572	0.001935	-0.005932
9347	0.826389	0.001389	-0.002170
9348	0.828993	0.001116	0.001591
9349	0.830536	-0.000443	-0.001157
9350	0.831404	0.000302	0.001157
9351	0.828511	0.001413	0.001206
9352	0.827450	-0.000298	0.000386
9353	0.828221	0.000417	-0.000386
9354	0.827450	0.003501	-0.004967
9355	0.830247	0.001500	-0.004774
9356	0.834587	-0.000055	-0.003231
9357	0.831501	-0.002039	-0.001543
9358	0.833430	0.000321	-0.004485
9359	0.836613	0.000813	-0.003954
9360	0.839313	0.001455	-0.006944
9361	0.841435	-0.001115	-0.004389
9362	0.836806	-0.001981	-0.004774
9363	0.840856	0.000671	-0.001254
9364	0.835841	-0.000519	-0.001881
9365	0.829572	0.000971	-0.002942
9366	0.829861	-0.000327	-0.004485
9367	0.828029	0.001611	-0.006366
9368	0.834491	0.002701	-0.008005
9369	0.837770	0.001050	-0.004823
9370	0.836902	-0.000120	-0.009018
9371	0.839988	-0.002494	-0.006944
9372	0.842303	0.002375	-0.003665
9373	0.841049	0.001666	-0.008247
9374	0.837867	0.003141	-0.009115
9375	0.837674	0.001359	-0.007813
9376	0.832562	-0.000454	-0.004630
9377	0.836323	-0.002154	-0.006462
9378	0.837770	-0.002040	-0.007427
9379	0.835455	-0.000934	-0.005691
9380	0.837288	0.000266	-0.006559
9381	0.833912	0.000295	-0.007571
9382	0.837867	-0.000141	-0.007282
9383	0.837481	0.000045	-0.004726
9384	0.837288	-0.003948	-0.003665
9385	0.837577	-0.002587	-0.005594
9386	0.832948	0.000143	-0.007186
9387	0.834008	0.000090	-0.003231
9388	0.836034	-0.000570	-0.004244
9389	0.836323	-0.002043	-0.004774
9390	0.832755	0.000242	-0.009163
9391	0.835455	0.001095	-0.005112
9392	0.842014	0.001898	-0.002459
9393	0.831983	0.000543	-0.006462
9394	0.831404	-0.000417	0.000145
9395	0.831404	0.001419	-0.006993
9396	0.839603	0.002681	-0.005015
9397	0.840760	0.000277	-0.007716
9398	0.836323	0.000691	-0.005883
9399	0.832658	0.000032	-0.007716
9400	0.831790	-0.001443	-0.003617
9401	0.838445	0.001126	-0.003038
9402	0.828993	0.001011	-0.004196
9403	0.827353	0.001479	-0.001833
9404	0.830247	-0.001416	-0.003376
9405	0.829765	-0.000574	-0.001736
9406	0.830729	-0.000433	-0.001447
9407	0.826775	0.000948	-0.003424
9408	0.832369	0.001659	-0.001977
9409	0.835745	0.000421	-0.002025
9410	0.834684	-0.000336	-0.004292
9411	0.830536	-0.001578	-0.005498
9412	0.831115	0.000244	-0.001977
9413	0.832755	0.001775	-0.003376
9414	0.836806	-0.001385	-0.003135
9415	0.834973	-0.000006	-0.001929
9416	0.832465	0.000415	-0.001591
9417	0.831211	0.001081	0.001977
9418	0.829765	-0.000539	-0.000338
9419	0.821759	0.000468	0.003520
9420	0.827450	0.000519	0.001784
9421	0.826100	-0.000758	0.000434
9422	0.827160	0.000087	0.000627
9423	0.826389	-0.001166	0.000579
9424	0.830150	-0.000736	0.003328
9425	0.825328	-0.001084	0.002074
9426	0.832755	0.000712	0.003376
9427	0.831115	-0.001770	0.000096
9428	0.831501	0.000121	-0.000868
9429	0.836902	0.000422	-0.000241
9430	0.830343	0.001176	0.000916
9431	0.831790	0.000278	0.000772
9432	0.827353	0.000492	0.003665
9433	0.823978	-0.000082	0.002845
9434	0.830054	-0.000855	0.002845
9435	0.827643	-0.000069	-0.003520
9436	0.833623	0.001734	-0.000820
9437	0.827643	0.000077	0.000338
9438	0.827546	-0.002331	0.000579
9439	0.821084	-0.000437	0.000386
9440	0.824846	-0.000763	0.001640
9441	0.831115	-0.000460	-0.002604
9442	0.832948	0.000014	-0.002170
9443	0.832465	-0.000421	0.001399
9444	0.836130	-0.003217	-0.001109
9445	0.832658	-0.000559	0.003376
9446	0.832272	0.000441	0.003086
9447	0.832176	0.001115	0.003279
9448	0.833526	-0.000505	-0.000772
9449	0.831115	0.001742	0.001591
9450	0.831115	0.000066	-0.001784
9451	0.828704	0.002199	-0.004533
9452	0.822820	0.001799	-0.005883
9453	0.835166	0.000961	-0.002845
9454	0.835359	0.000427	-0.006028
9455	0.833719	0.000647	-0.005401
9456	0.834684	0.000457	-0.007861
9457	0.826871	0.000011	-0.004678
9458	0.827450	0.000824	-0.002701
9459	0.824074	0.001657	-0.000530
9460	0.826968	-0.001324	0.000193
9461	0.830440	-0.000192	0.006510
9462	0.828511	0.000957	-0.000289
9463	0.829186	0.000286	-0.003279
9464	0.828125	-0.001455	-0.003038
9465	0.818866	0.000816	-0.000579
9466	0.817612	0.000921	0.005305
9467	0.821373	0.000574	0.006703
9468	0.824363	0.002419	0.005305
9469	0.827160	0.001057	0.001206
9470	0.826292	-0.000715	-0.000530
9471	0.826389	-0.001062	0.001302
9472	0.820891	0.000685	0.000675
9473	0.826871	0.000653	0.002894
9474	0.823399	0.000673	-0.002942
9475	0.827257	-0.000484	0.001157
9476	0.824846	0.000387	-0.000868
9477	0.824749	0.000263	-0.005546
9478	0.824074	0.000386	-0.004823
9479	0.826871	-0.001889	-0.002170
9480	0.824460	-0.002138	0.000820
9481	0.826389	-0.000730	-0.001061
9482	0.827643	0.000562	-0.002363
9483	0.826100	-0.000133	-0.001495
9484	0.824653	-0.001850	-0.000482
9485	0.832079	-0.001208	-0.001784
9486	0.827546	-0.001362	-0.003231
9487	0.833333	0.000514	0.000048
9488	0.833237	-0.002035	0.001109
9489	0.836709	-0.001709	-0.001495
9490	0.832851	-0.000149	-0.000820
9491	0.835359	-0.000040	-0.002218
9492	0.832176	-0.000907	-0.000868
9493	0.839988	-0.000711	-0.001929
9494	0.838638	0.000049	-0.003038
9495	0.837481	0.001512	-0.001350
9496	0.837963	-0.002784	-0.004726
9497	0.835841	-0.000378	-0.004340
9498	0.837577	0.001768	-0.002218
9499	0.834008	0.000594	-0.002749
9500	0.836034	0.000648	-0.004051
9501	0.833430	0.001797	-0.002701
9502	0.830054	0.001281	-0.000289
9503	0.834105	0.000926	0.000916
9504	0.840085	-0.001242	-0.001977
9505	0.832079	0.000962	-0.000579
9506	0.828607	0.000967	0.001013
9507	0.830826	0.000585	0.007475
9508	0.824460	-0.000370	0.008391
9509	0.823302	-0.000420	0.002990
9510	0.818094	-0.001873	0.002508
9511	0.818962	-0.000173	0.001157
9512	0.820795	-0.000059	-0.005498
9513	0.818191	-0.000323	-0.004581
9514	0.817805	0.001624	-0.005739
9515	0.822145	0.001371	-0.003231
9516	0.824846	0.002031	-0.009018
9517	0.821470	0.001504	-0.007523
9518	0.827450	0.000313	-0.006269
9519	0.830247	-0.003011	-0.007378
9520	0.831597	-0.000906	-0.005257
9521	0.833430	-0.000571	-0.005498
9522	0.834008	-0.000387	-0.007186
9523	0.831694	0.000641	-0.004051
9524	0.830826	-0.001437	-0.005932
9525	0.828511	0.000080	-0.007764
9526	0.823110	-0.001830	-0.008681
9527	0.822434	0.001134	-0.010706
9528	0.817612	0.000951	-0.007861
9529	0.817708	0.000882	-0.007475
9530	0.818673	0.000910	-0.010176
9531	0.814911	-0.000620	-0.006076
9532	0.813657	0.000227	-0.000868
9533	0.810185	0.000965	-0.002315
9534	0.818673	0.000525	-0.005257
9535	0.823399	-0.001831	-0.004389
9536	0.817998	-0.000595	-0.004147
9537	0.819252	0.000189	-0.003472
9538	0.823399	0.000639	-0.003328
9539	0.824556	-0.001949	-0.001640
9540	0.827546	-0.000530	-0.001206
9541	0.819734	-0.001562	0.000241
9542	0.826582	-0.001458	-0.002459
9543	0.827353	-0.001266	0.003135
9544	0.827160	-0.001294	-0.001254
9545	0.829765	0.001635	0.001929
9546	0.827836	0.001277	-0.001206
9547	0.822724	-0.000669	0.001881
9548	0.827257	-0.001795	0.002749
9549	0.824846	-0.002725	0.003906
9550	0.825617	-0.002396	0.004292
9551	0.823013	-0.001457	0.003858
9552	0.830054	-0.000951	0.002990
9553	0.833333	0.000152	0.003135
9554	0.833430	-0.001547	0.001543
9555	0.836516	-0.001347	0.002604
9556	0.828125	0.000960	-0.000675
9557	0.831790	-0.000535	-0.002990
9558	0.829282	-0.000929	-0.003424
9559	0.827257	0.000236	-0.001254
9560	0.829186	0.000952	-0.003183
9561	0.830826	0.000801	-0.003328
9562	0.819637	-0.001110	-0.003906
9563	0.820120	-0.000363	-0.003665
9564	0.823978	0.002624	-0.002797
9565	0.829379	0.000197	-0.000868
9566	0.837095	0.000287	-0.002749
9567	0.834780	0.001339	-0.000723
9568	0.835455	-0.000171	-0.002267
9569	0.834105	0.001121	-0.000820
9570	0.835166	0.001931	-0.002267
9571	0.835552	-0.000076	-0.005353
9572	0.836420	0.000109	-0.002315
9573	0.834201	-0.000422	-0.000723
9574	0.829765	0.001179	0.001399
9575	0.831790	-0.001154	-0.000530
9576	0.825617	0.001436	-0.002604
9577	0.824749	-0.000411	-0.002652
9578	0.826003	0.000454	-0.001833
9579	0.826871	-0.000746	-0.002797
9580	0.821373	-0.000346	-0.000627
9581	0.824846	-0.000938	-0.002604
9582	0.825617	-0.000006	0.002845
9583	0.829379	0.001652	0.000675
9584	0.831597	0.001106	-0.000193
9585	0.831308	0.000999	0.003617
9586	0.829861	0.000494	0.001977
9587	0.832851	0.001285	-0.002749
9588	0.831597	-0.000149	-0.004003
9589	0.823206	0.000121	-0.000530
9590	0.829572	0.002566	0.001640
9591	0.832948	0.002111	-0.000048
9592	0.835069	-0.000250	0.003713
9593	0.834587	-0.001980	0.004099
9594	0.832562	-0.000203	0.004244
9595	0.835841	-0.000072	0.000145
9596	0.829475	-0.000388	-0.000530
9597	0.827064	-0.002872	-0.004871
9598	0.828607	-0.001918	-0.003183
9599	0.828511	-0.002860	-0.002701
9600	0.834105	-0.000448	-0.001350
9601	0.834973	-0.000472	-0.002508
9602	0.837481	0.000993	-0.005498
9603	0.843750	0.001562	-0.001109
9604	0.837963	-0.000001	0.003328
9605	0.835069	0.002803	-0.000723
9606	0.837095	-0.001190	0.000530
9607	0.838927	-0.002677	0.003810
9608	0.842689	0.000561	-0.000145
9609	0.840471	0.000386	0.002508
9610	0.836902	0.002988	0.000048
9611	0.836323	0.001812	0.001109
9612	0.839120	0.001458	0.001929
9613	0.840856	0.000349	0.002170
9614	0.843461	0.003427	0.002074
9615	0.843075	0.002487	-0.000338
9616	0.837867	0.001044	0.005208
9617	0.831694	-0.001740	0.004003
9618	0.838252	0.003070	0.003183
9619	0.835069	0.002853	0.002074
9620	0.832176	-0.001429	-0.000579
9621	0.832851	0.001977	-0.001833
9622	0.834298	0.002851	0.002315
9623	0.832079	-0.000693	0.005739
9624	0.839217	0.001389	0.003472
9625	0.839410	0.000903	0.000193
9626	0.836709	-0.001722	0.000579
9627	0.839120	-0.003734	0.000096
9628	0.838252	0.000940	-0.000434
9629	0.832465	0.002486	0.005353
9630	0.832658	0.001100	0.000386
9631	0.835166	0.000376	0.000916
9632	0.834394	-0.000034	0.000723
9633	0.831501	0.000482	-0.003038
9634	0.827932	0.001057	-0.004389
9635	0.829379	0.000554	-0.008488
9636	0.832851	0.000483	-0.006848
9637	0.833719	0.001345	-0.004871
9638	0.835262	0.001889	-0.007234
9639	0.833719	0.001584	-0.005401
9640	0.832465	-0.001731	-0.007234
9641	0.824653	-0.000467	-0.005257
9642	0.828800	0.000752	-0.008198
9643	0.833333	0.001224	-0.004581
9644	0.830826	-0.000126	-0.006076
9645	0.829282	-0.000029	-0.005883
9646	0.829379	0.000280	-0.005305
9647	0.827836	0.001544	-0.003762
9648	0.823785	-0.000738	-0.006655
9649	0.824267	-0.000636	-0.010368
9650	0.826968	-0.002182	-0.007571
9651	0.828029	-0.003212	-0.003376
9652	0.832851	-0.001042	-0.003376
9653	0.828125	0.000697	-0.002363
9654	0.820795	-0.001931	0.002411
9655	0.823592	-0.002048	0.002170
9656	0.828414	0.001739	0.004340
9657	0.829282	0.001406	0.006993
9658	0.829379	0.001093	0.009645
9659	0.833719	0.001526	0.005787
9660	0.827257	0.000540	0.006510
9661	0.826678	0.000013	0.009838
9662	0.824749	0.000445	0.005739
9663	0.824942	0.002339	0.005305
9664	0.835745	-0.000227	0.003135
9665	0.830054	-0.000329	0.003713
9666	0.825231	0.002731	0.002315
9667	0.820216	0.001443	0.003328
9668	0.827643	0.000819	0.005015
9669	0.826485	0.001560	-0.000386
9670	0.825135	-0.001649	-0.002218
9671	0.822627	0.000499	-0.000434
9672	0.831694	-0.000137	-0.002170
9673	0.836420	-0.000682	0.001784
9674	0.832948	0.000002	-0.002315
9675	0.835359	-0.000575	0.002508
9676	0.831019	0.000763	-0.000772
9677	0.830922	-0.001206	-0.000096
9678	0.836323	-0.000509	0.000772
9679	0.837770	-0.000110	0.001157
9680	0.842303	0.001318	0.004147
9681	0.841242	0.000060	0.005064
9682	0.839603	0.001195	0.003665
9683	0.836902	-0.000204	0.007041
9684	0.845583	-0.000047	0.007041
9685	0.846547	0.000371	0.008247
9686	0.848283	-0.000084	0.007330
9687	0.841725	-0.001150	0.006221
9688	0.838927	0.000020	0.003183
9689	0.836130	0.001553	0.006269
9690	0.843557	-0.000048	0.004340
9691	0.839217	-0.000887	0.006221
9692	0.837288	0.000975	0.004823
9693	0.828221	-0.000361	0.008681
9694	0.819637	-0.000972	0.003810
9695	0.822338	-0.001569	0.004630
9696	0.823785	-0.003078	0.000820
9697	0.822531	0.000488	-0.001881
9698	0.820409	-0.001218	0.000723
9699	0.821373	0.000846	-0.002508
9700	0.818962	-0.001172	-0.003858
9701	0.820023	-0.000839	-0.003617
9702	0.815779	-0.001178	-0.001447
9703	0.826196	0.000257	-0.001640
9704	0.820891	0.001523	-0.004292
9705	0.828897	-0.000246	-0.004389
9706	0.832465	-0.000355	-0.007620
9707	0.831790	-0.001739	-0.003617
9708	0.826968	-0.000588	-0.004533
9709	0.828414	-0.000908	-0.006414
9710	0.828800	-0.000193	-0.004292
9711	0.827836	0.000081	-0.004871
9712	0.827160	0.001213	-0.001640
9713	0.831019	-0.000817	-0.004003
9714	0.824363	0.000538	-0.004051
9715	0.825714	0.000442	-0.001736
9716	0.825714	0.000975	-0.005739
9717	0.831211	0.000088	-0.009404
9718	0.835745	-0.000986	-0.010658
9719	0.840760	-0.001450	-0.008150
9720	0.844907	-0.000840	-0.008873
9721	0.838542	0.000187	-0.008922
9722	0.837963	-0.000158	-0.008150
9723	0.836613	-0.001530	-0.006366
9724	0.835359	-0.001138	-0.002894
9725	0.837095	-0.001828	-0.002363
9726	0.836130	-0.000512	-0.003038
9727	0.837481	-0.001232	-0.004630
9728	0.836034	-0.001477	-0.001061
9729	0.837191	-0.000648	-0.000338
9730	0.832176	0.000675	-0.002025
9731	0.832755	-0.000885	-0.004871
9732	0.830826	0.000012	-0.002942
9733	0.823785	0.000836	-0.003279
9734	0.825424	-0.000074	-0.007571
9735	0.824556	0.000358	-0.006848
9736	0.823881	0.000952	-0.004533
9737	0.822724	0.002397	-0.004389
9738	0.828414	-0.000747	-0.005883
9739	0.825810	-0.000480	-0.003520
9740	0.818287	0.001098	-0.002508
9741	0.810185	0.000870	-0.001640
9742	0.816744	0.001767	0.000048
9743	0.815104	0.002254	-0.000338
9744	0.817515	0.000194	0.002701
9745	0.826871	0.000298	0.003424
9746	0.831115	0.000374	-0.000193
9747	0.825907	0.000883	0.002122
9748	0.829861	0.001732	0.003183
9749	0.832658	-0.000111	0.006269
9750	0.830729	0.000384	0.004292
9751	0.830826	0.000477	0.001591
9752	0.835166	-0.002100	0.000434
9753	0.837481	0.000974	-0.001833
9754	0.840278	0.002502	-0.000145
9755	0.834008	0.002720	0.000386
9756	0.834008	0.002256	0.000820
9757	0.838831	0.004363	-0.000965
9758	0.839796	0.002068	-0.001254
9759	0.838831	-0.000102	-0.001157
9760	0.839699	0.000891	-0.002459
9761	0.828993	0.000418	-0.002267
9762	0.832369	0.000417	-0.003279
9763	0.838735	-0.002346	0.000965
9764	0.841435	0.001357	-0.001543
9765	0.831983	0.002253	-0.002170
9766	0.839892	-0.000383	-0.001447
9767	0.838252	0.001182	-0.006800
9768	0.833912	-0.000804	-0.008922
9769	0.832272	0.001761	-0.007137
9770	0.832755	0.001496	-0.002267
9771	0.831019	-0.000528	-0.002797
9772	0.825907	0.000278	0.000675
9773	0.828318	0.001473	-0.002894
9774	0.824074	-0.000465	-0.002845
9775	0.826775	0.002189	-0.000868
9776	0.823785	0.002116	-0.001881
9777	0.824460	-0.000782	-0.002749
9778	0.826389	-0.001076	-0.001495
9779	0.824074	-0.000121	-0.003954
9780	0.826582	0.000586	0.003086
9781	0.828897	0.000360	0.003376
9782	0.818673	-0.000561	0.000723
9783	0.813657	-0.001623	0.000868
9784	0.819444	-0.001513	-0.002797
9785	0.820505	0.000256	-0.000820
9786	0.819541	-0.000121	0.002845
9787	0.817033	-0.000463	0.001591
9788	0.820602	-0.000903	0.003376
9789	0.827353	0.000883	-0.000193
9790	0.826389	0.000937	-0.001399
9791	0.828511	-0.000162	-0.000868
9792	0.835648	-0.001230	-0.000386
9793	0.831404	-0.002009	0.001399
9794	0.833237	-0.000893	0.001591
9795	0.834877	0.000333	0.000048
9796	0.832079	0.000898	-0.000386
9797	0.830343	0.001153	-0.005401
9798	0.829475	-0.000666	-0.001736
9799	0.828800	-0.000982	-0.004437
9800	0.824556	0.000236	-0.004774
9801	0.828704	-0.000502	-0.004726
9802	0.829572	0.001761	-0.005883
9803	0.831887	0.001579	-0.005546
9804	0.829958	0.000573	-0.000434
9805	0.831694	-0.002019	0.004726
9806	0.834684	-0.002419	0.003279
9807	0.839603	-0.002288	0.005546
9808	0.834105	-0.001923	0.001350
9809	0.827160	-0.000905	0.003328
9810	0.828704	0.001361	0.005401
9811	0.828704	0.000774	-0.002122
9812	0.831019	0.001003	-0.001543
9813	0.829572	0.002356	-0.001929
9814	0.831211	0.002718	0.000675
9815	0.829090	0.001717	-0.001640
9816	0.830343	-0.000710	-0.005498
9817	0.829475	-0.003550	-0.008970
9818	0.836806	-0.001547	-0.006848
9819	0.838542	-0.002141	-0.008970
9820	0.841146	0.000815	-0.010658
9821	0.842496	0.000923	-0.011285
9822	0.841532	-0.000210	-0.005546
9823	0.838445	0.001088	-0.007764
9824	0.843943	-0.003596	-0.004051
9825	0.836709	0.000829	-0.005449
9826	0.839796	-0.000041	-0.009693
9827	0.838638	-0.000830	-0.007571
9828	0.833237	-0.000387	-0.008247
9829	0.836806	0.000984	-0.007571
9830	0.833430	-0.000049	-0.008488
9831	0.834394	0.001379	-0.008343
9832	0.824171	-0.001178	-0.010176
9833	0.821277	-0.000883	-0.007330
9834	0.828993	0.000868	-0.004244
9835	0.827353	-0.000338	0.001977
9836	0.828993	-0.001817	-0.003762
9837	0.823688	-0.000154	-0.001929
9838	0.828704	-0.001899	0.000965
9839	0.827643	-0.000434	0.000048
9840	0.827160	-0.000455	-0.000627
9841	0.833526	-0.002825	-0.005642
9842	0.828029	-0.000771	-0.002556
9843	0.821952	0.000588	-0.005112
9844	0.830826	-0.002093	-0.002411
9845	0.829958	-0.001908	0.002797
9846	0.826775	-0.002017	0.001543
9847	0.821084	0.000487	0.001881
9848	0.817033	-0.000694	-0.000965
9849	0.814140	0.000571	0.002652
9850	0.818094	-0.001062	0.001109
9851	0.815490	0.000421	0.005787
9852	0.811246	-0.000229	0.001688
9853	0.814333	0.001038	0.005498
9854	0.817515	0.000329	0.000289
9855	0.816358	0.000140	-0.000820
9856	0.823978	0.000241	0.002701
9857	0.817515	0.002098	0.004678
9858	0.816262	0.000035	0.003762
9859	0.819927	0.001487	-0.002652
9860	0.826871	0.000563	-0.005980
9861	0.826871	-0.001604	-0.004871
9862	0.826485	-0.000271	-0.006125
9863	0.825617	0.000467	-0.004581
9864	0.825424	0.000956	-0.009356
9865	0.822145	0.002392	-0.007571
9866	0.830054	0.002036	-0.010031
9867	0.827546	-0.001085	-0.008873
9868	0.835069	-0.000239	-0.008102
9869	0.834105	0.000021	-0.007716
9870	0.836034	0.000157	-0.004871
9871	0.834587	0.000008	-0.004919
9872	0.835648	0.000397	-0.000145
9873	0.830247	-0.000920	-0.004244
9874	0.828511	0.000333	-0.004051
9875	0.825521	-0.000062	-0.003472
9876	0.826968	0.001284	-0.010031
9877	0.825039	-0.002075	-0.011863
9878	0.822145	-0.002441	-0.008729
9879	0.824653	-0.000031	-0.008488
9880	0.824171	-0.000205	-0.003279
9881	0.826292	0.000314	-0.000772
9882	0.835359	0.002687	0.000096
9883	0.835745	0.002694	-0.004389
9884	0.839410	0.002083	-0.001833
9885	0.838059	-0.002675	0.001061
9886	0.839217	-0.000316	-0.000723
9887	0.840760	-0.000718	-0.002218
9888	0.847222	-0.001682	0.006125
9889	0.839506	0.000568	0.002315
9890	0.832851	-0.000919	0.007909
9891	0.828511	-0.000473	0.008681
9892	0.832079	0.000167	0.008922
9893	0.834587	0.000899	0.006559
9894	0.829475	0.000500	0.008729
9895	0.826196	0.000244	0.007861
9896	0.826003	0.000744	0.005980
9897	0.816647	-0.000515	0.006366
9898	0.820409	-0.000070	0.003086
9899	0.825135	-0.000145	0.004533
9900	0.823688	-0.000351	0.005401
9901	0.820988	0.000587	0.002411
9902	0.825328	0.001573	0.003810
9903	0.810957	0.000975	0.002556
9904	0.811150	0.000158	-0.002025
9905	0.819830	0.000383	-0.000530
9906	0.821663	0.000287	0.002170
9907	0.824074	0.000706	0.003617
9908	0.823688	0.001065	0.006752
9909	0.826968	-0.000492	0.003279
9910	0.829668	0.000502	0.004533
9911	0.832948	0.000237	0.002942
9912	0.831597	-0.001614	0.003713
9913	0.823110	0.001303	0.002459
9914	0.817419	-0.000187	0.000530
9915	0.822145	0.001340	-0.002652
9916	0.826196	0.001342	-0.005353
9917	0.825135	0.000423	-0.007378
9918	0.820023	0.001110	-0.005112
9919	0.824556	0.000218	-0.005883
9920	0.827353	-0.000257	-0.006752
9921	0.823206	0.001800	-0.002652
9922	0.829958	0.000934	-0.006993
9923	0.821470	0.000279	-0.000579
9924	0.828221	-0.000246	-0.000772
9925	0.833526	-0.000219	0.002267
9926	0.832465	0.000860	0.002894
9927	0.829379	0.000764	0.006173
9928	0.830150	0.000130	0.006462
9929	0.827836	-0.000252	0.006752
9930	0.829379	-0.000242	0.008488
9931	0.828511	0.001729	0.001206
9932	0.834105	-0.000578	0.001591
9933	0.828221	0.000443	0.008536
9934	0.832755	-0.001375	0.006366
9935	0.831115	-0.002360	0.008343
9936	0.832658	0.001500	0.008150
9937	0.827257	-0.000377	0.006366
9938	0.826871	-0.000528	0.002315
9939	0.826389	-0.000824	0.004919
9940	0.824363	-0.000599	0.002508
9941	0.825521	0.000940	0.002459
9942	0.828318	0.001134	0.004871
9943	0.830054	0.000595	0.005353
9944	0.827257	-0.000199	0.006462
9945	0.826292	-0.000018	0.004485
9946	0.831115	-0.001215	0.000965
9947	0.830440	-0.000436	0.002942
9948	0.825907	-0.000068	-0.001591
9949	0.822531	0.001039	0.003424
9950	0.823592	0.000156	0.003135
9951	0.825231	-0.000713	0.003762
9952	0.821470	-0.000874	0.004871
9953	0.817998	0.000520	0.003135
9954	0.822627	-0.001177	0.007089
9955	0.825810	-0.000540	0.006269
9956	0.827257	-0.001503	0.004823
9957	0.824653	0.000315	0.005015
9958	0.824846	0.001541	0.007620
9959	0.824460	0.001125	0.008681
9960	0.825328	-0.001432	0.004967
9961	0.830729	-0.001153	0.004244
9962	0.825810	0.000062	0.006414
9963	0.823399	0.000048	0.002170
9964	0.829668	-0.000603	0.001784
9965	0.826485	0.000473	-0.000386
9966	0.843171	-0.001154	-0.001688
9967	0.843075	-0.001250	-0.001688
9968	0.838638	-0.001004	-0.005112
9969	0.831597	0.000064	-0.003569
9970	0.836227	0.000101	-0.000530
9971	0.838156	0.000660	-0.002845
9972	0.842014	-0.002723	-0.004774
9973	0.840181	-0.001807	-0.004871
9974	0.844136	-0.001536	-0.004581
9975	0.839603	-0.000939	-0.000868
9976	0.834877	-0.001305	-0.001157
9977	0.833912	-0.001920	0.001109
9978	0.831019	-0.002329	0.000772
9979	0.828607	-0.000732	0.004340
9980	0.831211	-0.001659	0.001447
9981	0.829475	-0.000062	0.001929
9982	0.825810	0.001641	0.005642
9983	0.826485	-0.000077	0.005980
9984	0.824267	-0.000008	0.006318
9985	0.826582	0.000775	0.005208
9986	0.821277	0.000373	0.002267
9987	0.818962	-0.000228	0.001784
9988	0.817805	-0.001221	0.001013
9989	0.816937	0.001108	0.000530
9990	0.824653	0.002018	-0.002701
9991	0.829282	0.000018	0.001543
9992	0.829861	0.000088	-0.001977
9993	0.831983	0.001113	-0.003328
9994	0.836323	-0.001332	-0.000772
9995	0.826582	0.000006	-0.002411
9996	0.828221	-0.001395	-0.000096
9997	0.827643	-0.001753	0.004292
9998	0.830054	-0.000007	0.006173
9999	0.831597	-0.000125	0.004678
10000	0.819252	-0.000515	0.004581
